gene,degree,importance_sum,importance_mean,n_nodes
MAPK3,1016,0.5051224,0.0009943355,2
SRC,632,0.50175714,0.001587839,2
PIK3R1,908,0.423465,0.0009327424,2
PIK3CD,190,0.42268297,0.0022246472,1
RELA,542,0.32981527,0.0012170305,2
CALM3,232,0.31718042,0.001367157,1
UBC,296,0.31037986,0.0010485806,1
PTGS1,73,0.3042915,0.0041683763,1
RAC1,582,0.2918831,0.0010030348,2
HRAS,3176,0.26147443,0.00065862574,8
MAP2K1,336,0.25050455,0.0007455493,1
MAPK14,572,0.24292092,0.0008493738,2
STAT3,618,0.23988938,0.0011645117,3
PIK3CB,470,0.23597121,0.0010041328,2
ITPR1,519,0.2310638,0.0013356289,3
ATP1B1,166,0.23054786,0.0013888426,1
PIK3R2,1100,0.22390896,0.00081421435,4
CALM1,247,0.21739076,0.0008801245,1
JAK2,3738,0.19548893,0.0010982524,21
ADCY1,248,0.19198398,0.0015482579,2
MAPK8,616,0.18664362,0.00060598576,2
ATP1B2,165,0.18559077,0.0011247926,1
PPP2R5D,113,0.18500349,0.001637199,1
TNF,173,0.18317792,0.0010588319,1
PRKACG,187,0.18113466,0.0009686345,1
H2AZ2,63,0.17490143,0.0027762132,1
EGFR,615,0.16956203,0.0008271318,3
ADCY7,318,0.16680448,0.001573627,3
FOS,808,0.16390434,0.0008114076,4
GNAS,264,0.159291,0.0012067499,2
NUP62,89,0.15781198,0.0017731683,1
H2BC3,89,0.15541445,0.0017462297,1
NFKB1,286,0.15486655,0.00054149143,1
PTPN11,1393,0.1540104,0.0007739216,7
BRAF,141,0.15287957,0.0010842523,1
CYCS,396,0.15109193,0.0015261811,4
GNB4,89,0.14937516,0.0016783725,1
NFKBIA,10200,0.14929304,0.0007464651,51
NUP160,184,0.14799367,0.0016086269,2
CCND1,656,0.14524288,0.0008856274,4
PLCG1,233,0.14522883,0.00062329974,1
H2BC6,88,0.14304128,0.0016254691,1
TRAF6,322,0.14225689,0.00088358315,2
FGG,85,0.14010517,0.0016482961,1
H2BC11,264,0.13776201,0.0015654773,3
PPP2CA,153,0.137376,0.00089788233,1
CYP2C8,89,0.13663347,0.0015352075,1
IL1B,590,0.13539396,0.0011474065,5
IFNG,2910,0.13366891,0.00137803,30
ADCY5,114,0.13300437,0.0011667049,1
GSK3B,852,0.13125508,0.000616221,4
RHOA,209,0.12940906,0.00061918213,1
UBE2N,82,0.1292034,0.0015756511,1
CACNA2D2,1290,0.12863599,0.0009971783,10
FGB,158,0.12819552,0.0016227282,2
FRS2,160,0.12805443,0.0016006803,2
FOXO3,192,0.12677094,0.0013205307,2
PTPN6,78,0.12651858,0.0016220331,1
PRKAG2,65,0.12511674,0.0019248729,1
IGF1,243,0.123560525,0.0015254385,3
GNB1,156,0.12110544,0.0007763169,1
H2BC13,88,0.12105377,0.001375611,1
PAK2,98,0.12061869,0.001230803,1
NUP85,93,0.11987698,0.0012889998,1
CCNE1,184,0.119772136,0.001301871,2
CDC42,161,0.119771056,0.0007439196,1
FYN,4752,0.119266465,0.0006776504,27
GRB2,386,0.11753564,0.0003044965,1
RAP1B,70,0.11526346,0.0016466209,1
GNAI2,297,0.11420367,0.0011535725,3
MAPK10,154,0.11346873,0.0007368099,1
ADCY8,1792,0.11235716,0.0010031889,16
PLCB2,234,0.112108834,0.0009581952,2
MAPK1,1044,0.11210426,0.00021475911,2
ROCK2,74,0.11180762,0.0015109138,1
ITGB1,625,0.11151351,0.00089210813,5
ITPR3,784,0.11003881,0.0009824893,7
STAT5A,264,0.110011056,0.00083341706,2
RPA3,75,0.10965277,0.001462037,1
GNAI1,315,0.10909197,0.0010389711,3
CCNH,213,0.10902687,0.0015355898,3
ADCY3,216,0.10832533,0.0010030124,2
MAP2K4,405,0.10792261,0.0007994268,3
PTEN,1044,0.1061612,0.00091518275,9
FAS,158,0.1054382,0.0013346608,2
GGT1,70,0.10535132,0.0015050189,1
KCNJ11,66,0.10455774,0.0015842081,1
MNAT1,67,0.10391917,0.0015510324,1
CDK1,242,0.103421465,0.00085472286,2
TBK1,65,0.103084266,0.0015859118,1
BTRC,96,0.10230661,0.0010656939,1
H2BC4,178,0.10219403,0.0011482475,2
MAP2K3,122,0.10155691,0.0008324337,1
PPP2R1B,119,0.10105471,0.00084919925,1
AKT3,424,0.10008369,0.00047209288,2
DRD1,630,0.099739276,0.0011082143,7
PIK3CG,249,0.09893306,0.0011919646,3
PRKCA,260,0.098788254,0.0003799548,1
PPP3R1,67,0.09800522,0.0014627645,1
GNG4,90,0.097682275,0.0010853586,1
FGF20,1274,0.0964005,0.0010593461,14
CYP4A11,64,0.09625418,0.0015039715,1
POLR2H,80,0.09562686,0.0011953358,1
CYP4F3,118,0.095591255,0.0016201907,2
IFNA13,55,0.09486885,0.0017248882,1
PEDS1,54,0.09451408,0.0017502607,1
VEGFA,300,0.0938135,0.0009381349,3
CYP1A2,136,0.093693465,0.0013778451,2
FOXO1,276,0.09238452,0.0010041795,3
ABCC8,207,0.09230139,0.0013377013,3
CUL1,366,0.09192675,0.000753498,3
PLA2G4A,316,0.091848895,0.0011626442,4
CSK,57,0.09137165,0.0016030114,1
JAG1,58,0.09115704,0.0015716731,1
WNT3A,57,0.09076788,0.001592419,1
IQGAP1,58,0.090017304,0.0015520225,1
DVL3,55,0.08852418,0.0016095305,1
CSNK2B,59,0.08818223,0.0014946142,1
CSNK2A2,165,0.08800542,0.0016000987,3
GRIN2A,721,0.08761895,0.0008506694,7
CCND3,50,0.08695945,0.001739189,1
ERBB2,97,0.08682453,0.00089509826,1
GNG2,312,0.086731486,0.0008339565,3
CYP3A4,100,0.0866521,0.000866521,1
CAMK2D,540,0.086530335,0.00080120674,5
AGTR1,240,0.08639178,0.00071993144,2
ADCY2,119,0.08543175,0.00071791385,1
RHEB,54,0.08460162,0.0015666967,1
FGA,164,0.08431169,0.0010281913,2
SLC8A1,1404,0.08428923,0.0010806312,18
MAP3K7,3680,0.084168695,0.00052605435,23
PPP2R5E,55,0.08397235,0.00152677,1
PTGS2,230,0.08387116,0.00072931446,2
H3C11,71,0.08216428,0.0011572434,1
IFNA2,52,0.08144658,0.0015662804,1
LTA4H,124,0.08111418,0.0013082932,2
SERPINE1,42,0.080982804,0.0019281621,1
PLCB1,178,0.08008889,0.0004499376,1
H3-3A,67,0.07919848,0.0011820669,1
GNAI3,84,0.079128794,0.00094200944,1
CXCL8,184,0.079071224,0.0008594699,2
KAT5,56,0.078968264,0.0014101475,1
YWHAQ,396,0.07852843,0.0011898247,6
IFNA5,51,0.07816352,0.0015326181,1
DLD,2231,0.07804604,0.0008045983,23
KCNH2,171,0.077175476,0.0013539558,3
DERL1,16,0.07711437,0.0048196483,1
TSC1,53,0.07710902,0.0014548871,1
IL2,1368,0.07615355,0.0010020203,18
STAT5B,378,0.07613958,0.00060428237,3
SHC2,54,0.0759165,0.0014058611,1
DYNC1H1,58,0.07584749,0.0013077154,1
GNAO1,46,0.07555116,0.0016424165,1
E2F3,583,0.07544609,0.0014235112,11
RXRA,88,0.075382315,0.00085661723,1
CYP4F8,61,0.07527354,0.0012339925,1
RYR2,154,0.07486114,0.0009722226,2
DUSP6,230,0.07464713,0.0016227637,5
KCNA5,572,0.074340105,0.0014296174,11
CREBBP,340,0.07416557,0.00043626805,2
KCNK1,224,0.073647976,0.0013151425,4
TNNT1,156,0.07304509,0.0014047133,3
PML,46,0.072990604,0.0015867522,1
IL12B,464,0.07254665,0.0012508044,8
TYK2,320,0.07230541,0.0009038176,4
CDKN2A,81,0.07190042,0.0008876595,1
NOS3,78,0.07176231,0.0009200296,1
TUBAL3,27,0.071448006,0.0026462225,1
SCN5A,122,0.071432486,0.0011710244,2
ATP1A4,162,0.07129551,0.00044009573,1
SYK,672,0.07119425,0.00074160675,7
CHEK2,42,0.07100161,0.0016905146,1
CYP1A1,45,0.07096569,0.0015770154,1
JUN,285,0.07057278,0.00024762377,1
SLC22A2,250,0.07054494,0.001410899,5
ACADM,57,0.070301525,0.0012333601,1
GRIN2B,378,0.07030072,0.0011158844,6
FGF9,294,0.070150465,0.00071582105,3
PC,50,0.068948425,0.0013789685,1
PPP2R1A,292,0.0688475,0.00047155822,2
PLG,55,0.06850353,0.0012455187,1
SHC3,54,0.0679677,0.001258661,1
GOT2,240,0.06794985,0.0014156217,5
WNT11,176,0.06751916,0.0015345265,4
IL18,98,0.06712941,0.001369988,2
MYC,177,0.06683555,0.000377602,1
PARP1,52,0.06667022,0.0012821195,1
NME7,32,0.06649266,0.0020778957,1
HCN4,55,0.06642339,0.0012076979,1
SLC7A6,37,0.066319264,0.0017924126,1
GUCY1B1,76,0.06601438,0.0017372204,2
UBE2I,204,0.06588524,0.0009689005,3
YWHAB,190,0.06579436,0.0006925723,2
KITLG,172,0.06578551,0.0015298957,4
TRAF3,66,0.065635175,0.0009944723,1
SMAD2,320,0.06542679,0.00081783487,4
PSMD12,40,0.065338954,0.0016334739,1
SEH1L,1400,0.06526454,0.00093235046,20
GNG12,214,0.06506383,0.0006080732,2
PCSK2,275,0.06494199,0.0011807635,5
CCL4,190,0.064913884,0.00170826,5
ACADSB,120,0.06488336,0.0016220841,3
GTF2F1,53,0.064697914,0.0012207153,1
PRKCB,418,0.06453056,0.00030875867,2
HDAC2,88,0.06444792,0.0007323627,1
RFC5,124,0.06440411,0.0010387759,2
UBE2S,84,0.064276084,0.0015303829,2
TAB2,612,0.06427204,0.000630118,6
AOX1,96,0.064179935,0.0013370819,2
CYP2B6,92,0.06409214,0.0006966537,1
LEF1,69,0.06408283,0.0009287367,1
GAB2,79,0.0640613,0.0008109025,1
LPL,180,0.06362792,0.0017674422,5
IDI1,41,0.06307578,0.0015384337,1
GAD1,41,0.062884144,0.0015337596,1
PRKCQ,1275,0.06284783,0.00073938625,15
NR3C2,220,0.062790416,0.0014270549,5
F2,89,0.06263214,0.00070373196,1
FGF6,316,0.06259713,0.0007923688,4
RPS6KA2,148,0.06216906,0.00084012246,2
CDK9,46,0.06212035,0.0013504423,1
ITGB6,50,0.061394542,0.0024557817,2
OPRM1,462,0.061372474,0.0007970451,6
ACE,47,0.061023943,0.0012983817,1
ACAT2,50,0.06066771,0.0012133542,1
TLR2,106,0.060586482,0.0011431412,2
CAMK2A,240,0.060502604,0.00050418836,2
DDB2,51,0.06047074,0.0011857008,1
PSMA1,33,0.060397875,0.0018302386,1
PSMD7,39,0.06024916,0.0015448503,1
HTR1A,938,0.06021758,0.0008987699,14
SMAD6,50,0.05975361,0.0023901444,2
MEF2A,162,0.05974983,0.0011064784,3
MCEE,35,0.059517253,0.0017004929,1
POLR2E,711,0.059261754,0.0007501488,9
RRM2,57,0.05911288,0.0010370681,1
HRH2,72,0.05910395,0.0016417764,2
TSEN15,4,0.05909093,0.014772733,1
CYP4F2,64,0.058813345,0.0009189585,1
COPB1,33,0.05868127,0.0017782203,1
TAF6,22,0.0585198,0.002659991,1
LMNA,38,0.05820835,0.0015317987,1
CDC16,88,0.058095686,0.0013203565,2
FBXW11,186,0.058060527,0.00093646016,3
BDNF,102,0.058030047,0.001137844,2
ACTB,174,0.057998892,0.00066665397,2
IL6ST,42,0.057963062,0.0013800729,1
BAK1,810,0.057794217,0.0010702632,15
MYLK,80,0.057520024,0.0007190003,1
FURIN,165,0.05746543,0.001044826,3
KCND3,56,0.057441626,0.0010257433,1
GRM1,39,0.057355106,0.0014706438,1
PPARGC1A,318,0.05718322,0.0010789287,6
PPP2R5C,62,0.05678018,0.00091580936,1
CASP10,35,0.056728113,0.0016208033,1
CSNK1A1,90,0.056470975,0.0012549106,2
ESR1,158,0.05627622,0.0007123572,2
SIRT1,46,0.056193754,0.0012216034,1
THBS1,200,0.05608006,0.0011216011,4
BCAR1,520,0.056049433,0.000862299,8
FASLG,4416,0.055839118,0.00060694694,48
NTRK1,92,0.055754833,0.0012120616,2
CACNA1A,86,0.05566727,0.0006472938,1
F13B,32,0.055612206,0.0017378815,1
HMOX1,43,0.055601817,0.0012930655,1
HSD3B2,35,0.055365287,0.0015818654,1
SHH,88,0.055162597,0.0012536955,2
KCNJ5,71,0.055143878,0.0007766743,1
MRE11,51,0.055059474,0.0010795975,1
SOST,10,0.054784834,0.0054784836,1
RAB7A,45,0.054773647,0.0012171922,1
RUNX2,111,0.054750875,0.0014797533,3
ST3GAL3,34,0.054744788,0.0016101408,1
BDKRB2,116,0.054685146,0.0018856947,4
TPTEP2-CSNK1E,41,0.054603573,0.0013317944,1
MAPKAPK2,1701,0.054361958,0.0006711353,21
CFLAR,34,0.054346267,0.0015984196,1
DLL1,196,0.054189622,0.0011059106,4
BUB3,264,0.054146,0.0016407878,8
TP73,32,0.054090664,0.0016903332,1
LAMTOR2,27,0.053929385,0.0019973847,1
XPO1,1798,0.0536201,0.00086484035,29
MMP2,47,0.053561695,0.0011396105,1
HSD3B1,37,0.053461928,0.0014449169,1
SCN9A,9,0.053395,0.0059327777,1
MSMO1,72,0.053345628,0.0014818229,2
ACTN4,27,0.053238314,0.0019717894,1
PTGIR,28,0.05260282,0.0018786722,1
MAPRE1,33,0.0525684,0.0015929817,1
CCKBR,96,0.05255283,0.001642276,3
VAV2,92,0.052458145,0.00057019724,1
VEGFC,238,0.052345034,0.0015395598,7
UGT1A1,44,0.052195776,0.0011862676,1
SDHB,42,0.052110076,0.0012407161,1
LYN,2147,0.052025735,0.0004604047,19
CYP2C9,61,0.05199412,0.0008523626,1
PLA2G4E,34,0.05199222,0.0015291829,1
SCN1A,10,0.051789843,0.0051789843,1
IFNAR1,147,0.05176032,0.0010563331,3
HSPB1,33,0.05170606,0.0015668503,1
AQP3,70,0.051523387,0.0014720969,2
KIAA1549,37,0.051274095,0.0013857863,1
ANGPT4,12,0.0512493,0.004270775,1
RBL1,35,0.051190097,0.0014625742,1
CD3D,45,0.051067524,0.0011348339,1
DOCK1,392,0.051064875,0.0010421403,8
DYNC1I2,216,0.050977685,0.00094403117,4
SERPINA1,50,0.050758325,0.002030333,2
ITGA6,225,0.05074222,0.0011276049,5
CEBPA,87,0.050735723,0.0017495076,3
IL10,870,0.050676655,0.00087373547,15
HMGCR,48,0.050602503,0.0010542189,1
GDA,30,0.050533257,0.0016844419,1
TRIO,136,0.05039238,0.0014821289,4
PSMB1,288,0.05033306,0.0013981406,8
HLA-F,352,0.050330594,0.0015728311,11
SLC2A1,50,0.050300952,0.0010060191,1
OGDH,32,0.05018923,0.0015684135,1
MAT2B,99,0.05010852,0.00151844,3
TUBB1,35,0.05002757,0.0014293592,1
HLA-DRA,1044,0.050016448,0.0008623526,18
PDK1,27,0.049972404,0.0018508298,1
BLM,74,0.04969866,0.001343207,2
RIPK2,300,0.049653344,0.0008275557,5
FGF5,84,0.049587283,0.0005903248,1
ITGAM,210,0.049515057,0.0014147159,6
POLR2D,60,0.0493289,0.00082214834,1
FZD1,168,0.049277943,0.0008799632,3
TCF7L2,330,0.049141783,0.0008934871,6
H4C8,470,0.049098063,0.0005223198,5
EDNRA,30,0.049072303,0.0016357434,1
VAV1,321,0.04886337,0.00045666704,3
PLD1,56,0.04883828,0.00087211217,1
KCNJ3,432,0.048828606,0.0006781751,6
DYNC1I1,123,0.048791993,0.0011900488,3
GLUD1,53,0.04877517,0.0009202862,1
RPL23,27,0.048749406,0.0018055335,1
ARHGEF12,68,0.04866541,0.0014313357,2
EIF2S2,28,0.048196252,0.0017212947,1
YES1,64,0.048189644,0.0007529632,1
HCK,49,0.04794458,0.0009784608,1
KIF2A,81,0.047926385,0.0017750514,3
SMO,66,0.047898598,0.0014514725,2
PPP1R12A,27,0.047698863,0.0017666245,1
MAD2L1,102,0.047555193,0.0013986821,3
EPS15,23,0.04747366,0.0020640723,1
FSHB,62,0.047378533,0.0015283398,2
PDHB,462,0.047087003,0.0011211191,11
VKORC1,30,0.04696077,0.0015653591,1
SLC38A4,43,0.04655785,0.0010827407,1
NDUFA4,168,0.04623195,0.0016511412,6
RAC2,2044,0.04618537,0.0006326763,28
C3AR1,26,0.046128258,0.0017741638,1
PPA1,7,0.046125405,0.0065893433,1
TUBB2B,28,0.046065126,0.0016451831,1
FOSL1,27,0.04602692,0.0017047008,1
MEF2C,81,0.04582535,0.00056574505,1
TAT,58,0.04582216,0.0015800744,2
FGFR3,158,0.045791335,0.0005796372,2
KAT2A,45,0.045780934,0.0010173541,1
MYH9,34,0.045621265,0.001341802,1
CXCR2,33,0.045552507,0.001380379,1
CSF2,385,0.04553183,0.0008278514,7
KIF18A,26,0.045525655,0.0017509868,1
SLC3A1,70,0.045464613,0.0012989889,2
GADD45A,1536,0.04539907,0.00070936047,24
TGFA,312,0.045368083,0.0005816421,4
EDN1,250,0.04528568,0.00090571353,5
HLA-G,231,0.045047164,0.0013650656,7
GSS,30,0.044850066,0.0014950022,1
EHMT2,24,0.044827096,0.0018677957,1
SYNJ1,26,0.044720378,0.0017200145,1
PSEN2,152,0.044686817,0.0011759689,4
FGF4,300,0.044431996,0.00044431994,3
CYP26B1,120,0.04442402,0.0018510008,5
PLA2G4F,35,0.044373296,0.0012678085,1
SCN10A,122,0.044291124,0.00072608405,2
F13A1,175,0.044286888,0.0012653397,5
NOD2,200,0.04426482,0.0011066205,5
CLCNKA,31,0.04419676,0.0014257019,1
INSR,70,0.043962862,0.00062804087,1
CCL3,78,0.04395768,0.0016906802,3
IGF2,128,0.04382036,0.0013693862,4
IGF1R,74,0.043798424,0.0005918706,1
ADCY10,37,0.043775264,0.0011831153,1
ASS1,99,0.043633733,0.0013222344,3
NOS2,1856,0.043588303,0.0007515224,32
ACSL6,87,0.04326351,0.0014918451,3
RIPK1,93,0.043217253,0.00046470165,1
HLA-A,1166,0.043113172,0.0008134561,22
TFRC,120,0.043031458,0.0010757865,3
HSPA1B,34,0.04302374,0.001265404,1
WIPF1,24,0.04295751,0.0017898963,1
RPLP2,27,0.042906508,0.0015891299,1
HSD17B7,38,0.0427165,0.0011241185,1
PRL,182,0.042665303,0.001640973,7
MYH11,23,0.04262656,0.0018533287,1
NCOA1,112,0.042497974,0.0007588924,2
APC,64,0.04248534,0.00066383346,1
NOTCH4,558,0.042470984,0.0013700319,18
FUS,210,0.04233373,0.001007946,5
IL1RAP,60,0.042321943,0.0014107313,2
PDGFB,1900,0.042289592,0.000556442,25
IL5RA,50,0.04224666,0.0016898663,2
B4GALT1,76,0.042120986,0.001108447,2
BCL2,630,0.042076007,0.00033393656,5
TLN1,51,0.042028736,0.0008240929,1
PTGIS,142,0.041974567,0.00059119106,2
HLA-DQB1,1118,0.041936677,0.00097527157,26
CEP290,23,0.041915257,0.0018224025,1
YWHAZ,415,0.041649,0.00050179515,5
KCNJ4,132,0.041574385,0.0006299149,2
COL4A3,36,0.041464373,0.0011517882,1
PTH,46,0.041416567,0.0018007203,2
GNG7,182,0.041406073,0.0004550118,2
YAP1,33,0.041251335,0.0012500405,1
WASL,120,0.041199557,0.00068665936,2
PIK3C3,342,0.041195508,0.0007227282,6
PRKAR1A,262,0.04113199,0.00031398464,2
HMGB1,30,0.040907517,0.001363584,1
KCNQ1,65,0.040867224,0.00062872656,1
INCENP,44,0.040841654,0.0018564388,2
PLA2G6,28,0.040779427,0.0014564081,1
SLC1A5,396,0.04073838,0.0012344964,12
PNMT,22,0.040564343,0.0018438338,1
CYP2S1,52,0.04054834,0.0015595516,2
PMAIP1,224,0.040539123,0.0012668476,7
CDC27,44,0.04048134,0.00092003046,1
MED1,56,0.040416155,0.0014434342,2
IL15,96,0.04040663,0.0016836096,4
NRG3,1012,0.040298715,0.00091587985,23
RBPJ,1485,0.040216457,0.00089369906,33
POM121C,112,0.040154368,0.00071704225,2
FABP5,13,0.040055458,0.003081189,1
GRIN3A,408,0.039918084,0.00058703066,6
BCL10,105,0.039566938,0.001130484,3
IL2RA,1980,0.039542183,0.0007189487,36
HLA-DQA2,1118,0.039487753,0.0009183198,26
PIP5K1B,180,0.039480947,0.0010966931,5
IFNGR1,328,0.039470755,0.00096270134,8
SLC12A3,33,0.039465178,0.0011959145,1
CPS1,324,0.03943007,0.0010952797,9
RPL31,26,0.03942409,0.0015163112,1
C3,165,0.039307784,0.0007146869,3
IL6,284,0.03930046,0.0002767638,2
RPL10L,50,0.039283372,0.001571335,2
CACNA1H,126,0.039280325,0.00062349724,2
AKR1B1,86,0.039233506,0.00091240706,2
TFAP2A,200,0.03923282,0.0015693128,8
CXCR1,128,0.039231203,0.0012259751,4
SYT1,192,0.03922507,0.0016343781,8
HSPA1L,22,0.039182607,0.0017810276,1
FTH1,40,0.03908508,0.001954254,2
FDFT1,82,0.039025124,0.00095183233,2
SH3GL3,22,0.03901431,0.0017733778,1
BRK1,29,0.038893517,0.0013411557,1
DCTN2,33,0.038813904,0.0011761789,1
ADRB2,196,0.038801786,0.0007918732,4
CKB,24,0.03873592,0.0016139966,1
CTDP1,75,0.038647253,0.0015458901,3
PLCG2,210,0.038528934,0.00036694223,2
GCDH,29,0.038526114,0.0013284867,1
IL4,354,0.038443666,0.0006515875,6
PTGDR,168,0.0383855,0.001827881,8
VWF,123,0.038319673,0.0009346262,3
GLI2,104,0.0382996,0.0014730615,4
ANAPC1,88,0.03821739,0.00086857704,2
GRIN1,111,0.038129237,0.00034350663,1
HTR7,26,0.038081106,0.001464658,1
CENPO,21,0.0380658,0.0018126571,1
XDH,294,0.037948776,0.0009035423,7
ARF6,27,0.037941594,0.0014052442,1
CALCA,312,0.037893962,0.001578915,13
PSMD1,38,0.037873287,0.0009966654,1
CYP4F12,44,0.037758365,0.0017162894,2
NR3C1,275,0.03773612,0.0006861113,5
MGST1,84,0.03771968,0.0013471316,3
ATF6B,30,0.037685227,0.0012561742,1
WNT9A,33,0.037623942,0.0011401195,1
CLASP1,37,0.03739522,0.0010106816,1
RXRG,93,0.037373874,0.0012056088,3
SLC1A1,1066,0.0373562,0.00091112684,26
KIT,427,0.03733058,0.0006119767,7
APOB,424,0.037283782,0.0007034676,8
UGT1A10,99,0.037240773,0.0011285084,3
ST3GAL1,372,0.03716493,0.0011988687,12
TAOK1,23,0.03713173,0.0016144231,1
LEP,29,0.03703505,0.0012770707,1
KCNE1,55,0.036956172,0.00067193044,1
CYP11A1,37,0.036948465,0.0009986071,1
MAVS,90,0.03692461,0.0012308202,3
NUP93,79,0.03685792,0.00046655597,1
NGFR,138,0.03677435,0.0007994424,3
BCKDHB,96,0.036749013,0.0011484066,3
ADCY9,214,0.036667053,0.00034268273,2
WNT4,330,0.036607835,0.000665597,6
MCM3,75,0.036606666,0.0014642667,3
IL11,50,0.036568962,0.0014627585,2
RPLP1,26,0.036508113,0.0014041582,1
LMAN1,69,0.036482465,0.0015861942,3
CD14,106,0.03644911,0.0006877191,2
IVD,26,0.03644374,0.0014016823,1
GRB7,104,0.036430813,0.001401185,4
AP1B1,20,0.036418196,0.0018209098,1
EIF3B,15,0.036343627,0.0024229086,1
STEAP3,24,0.03634144,0.0015142267,1
APP,264,0.036320865,0.0008254742,6
CSF1R,57,0.03628937,0.00063665566,1
RMI2,391,0.036225818,0.0015750355,17
PROC,44,0.036168694,0.0016440316,2
SAP18,19,0.03605345,0.00189755,1
FGF10,73,0.03600187,0.0004931763,1
F5,92,0.035975788,0.0007820823,2
DRD2,162,0.035975736,0.0013324347,6
SMURF1,78,0.035855222,0.0009193647,2
DIAPH1,34,0.03571767,0.0010505198,1
CRK,106,0.035712376,0.0003369092,1
NFATC1,67,0.03566879,0.00053237,1
RPL17,26,0.035587393,0.0013687459,1
ABCB11,34,0.03556856,0.0020922683,2
SDHC,1189,0.035555895,0.0008672171,29
MALT1,99,0.03555423,0.0010774009,3
MMP13,42,0.035551675,0.0016929369,2
NDUFB6,19,0.035465814,0.0018666218,1
ACLY,21,0.03544931,0.0016880624,1
FGF2,250,0.035286978,0.00028229583,2
CDH1,420,0.03526731,0.0005038187,6
CD3E,86,0.035073496,0.0008156627,2
TNRC6A,32,0.03504378,0.0010951181,1
MCCC2,27,0.034991924,0.0012959972,1
IL10RB,44,0.03499192,0.0015905419,2
PIP4K2C,56,0.03497623,0.0012491511,2
TNFRSF1A,380,0.034963112,0.00046004093,5
CYP2C18,21,0.034949023,0.0016642392,1
TSHB,31,0.03490511,0.0011259713,1
PELI2,144,0.0348645,0.0014526875,6
UBE2D1,264,0.034765273,0.0005267465,4
SULT1A1,25,0.034749072,0.0013899629,1
PYGL,22,0.034699157,0.0015772344,1
ATP2B1,28,0.034646668,0.001237381,1
SKA2,18,0.03457153,0.0019206405,1
LBP,21,0.034564484,0.0016459278,1
FGFR2,946,0.034560665,0.00040186822,11
TNFSF11,175,0.034543253,0.0013817301,7
HIPK2,22,0.034532703,0.0015696683,1
GTF2H4,50,0.03448716,0.00068974326,1
TCF7L1,112,0.03446501,0.0006154466,2
CREB3L2,129,0.03441298,0.00080030184,3
HSPG2,56,0.034361802,0.0012272072,2
BMP2,78,0.034295995,0.00087938446,2
IL1R1,736,0.034288548,0.00074540323,16
HLA-E,2016,0.034256674,0.0009515743,56
CXCR4,162,0.03416113,0.00063261355,3
CDH2,425,0.034102734,0.0013641093,17
ATP4A,27,0.034102228,0.0012630455,1
DYNC1LI1,45,0.03405809,0.00075684645,1
BLNK,38,0.034058042,0.0017925284,2
PHC1,25,0.034022678,0.0013609071,1
LCP2,30,0.033995543,0.0011331848,1
PDIA6,20,0.033964623,0.0016982311,1
MAD1L1,104,0.033945926,0.0013056125,4
PTK2,298,0.0339219,0.00022766378,2
MAML2,74,0.033895813,0.0009161031,2
ABCC1,37,0.033764698,0.0009125594,1
TPM1,59,0.033724442,0.0005716007,1
EIF3H,112,0.033699818,0.0021062386,7
PDE10A,120,0.033694245,0.0011231415,4
RPS29,240,0.033678226,0.0011226076,8
MAX,28,0.033409517,0.0011931971,1
INPP5D,648,0.03338163,0.0006181784,12
SPP1,188,0.03318722,0.0007061111,4
ANPEP,20,0.033165123,0.0016582562,1
NCSTN,44,0.0329666,0.00074924086,1
TIAM1,102,0.03290869,0.0006452684,2
COPA,33,0.032872353,0.0009961319,1
CD40,1050,0.032826927,0.00093791226,30
PFKFB2,14,0.03277783,0.0023412737,1
NELFE,52,0.03269682,0.00125757,2
CCL2,1377,0.03265298,0.0006402545,27
PGM2,75,0.032578196,0.0013031279,3
MCM6,24,0.032515496,0.0013548123,1
COX6B1,27,0.032322664,0.0011971357,1
ACADL,32,0.032281466,0.0010087958,1
IFNAR2,94,0.032265924,0.000686509,2
IL2RB,396,0.032216933,0.0007322031,9
STK11,210,0.03219904,0.00091997255,6
HLA-DPA1,1161,0.032187395,0.00074854406,27
PDGFC,100,0.03218262,0.001609131,5
ADRA1B,87,0.032165747,0.0011091636,3
UPB1,24,0.03207029,0.0013362621,1
IDH3A,25,0.031954866,0.0012781946,1
TRAF1,60,0.03190727,0.0010635757,2
GHRH,21,0.031902228,0.0015191537,1
CAP1,15,0.031866875,0.0021244583,1
SULT2A1,38,0.031824995,0.0016749997,2
TNIP2,160,0.03178691,0.000993341,5
UBA7,20,0.031774495,0.0015887248,1
ALDH9A1,37,0.03176102,0.00085840595,1
HLA-B,1406,0.031731788,0.00085761596,38
CDK8,174,0.03168908,0.001092727,6
AOC1,180,0.03168844,0.0010562815,6
C1QA,20,0.031661045,0.0015830522,1
ALDH4A1,31,0.031600155,0.0010193598,1
ATP6V0A4,23,0.031555716,0.0013719876,1
JAK1,468,0.0315496,0.00020224102,3
CHRM2,600,0.031524725,0.00042032963,8
CDKN1C,18,0.031505346,0.001750297,1
SELP,32,0.031416684,0.0019635428,2
VAMP3,104,0.031312514,0.0012043274,4
HLA-DQA1,308,0.03125693,0.0007103848,7
KCNE2,162,0.031218546,0.0005781212,3
NCF4,96,0.031213539,0.0009754231,3
TRHR,22,0.031207014,0.0028370013,2
CSF1,124,0.031128574,0.0010041476,4
KLC1,22,0.031116875,0.0014144034,1
CD247,57,0.031008884,0.0005440155,1
LPIN2,18,0.031004608,0.0017224782,1
ARPC2,160,0.030965384,0.0007741346,4
SOCS1,2576,0.030933963,0.0005523922,46
DDX58,38,0.030891797,0.000812942,1
TEK,69,0.030844247,0.0013410542,3
PTK2B,64,0.030791521,0.00048111752,1
ACTN1,840,0.030779127,0.0007328364,20
CAMK2G,216,0.030772064,0.0002849265,2
POLR2B,61,0.030754363,0.0005041699,1
POLR2A,136,0.030744802,0.00045212943,2
NTF3,203,0.030669335,0.0010575633,7
TRAF2,93,0.030638305,0.00032944416,1
PTPRJ,36,0.030619208,0.0017010671,2
VDAC1,140,0.030608987,0.0008745425,4
TXNRD1,26,0.030523183,0.0011739685,1
H2AC1,19,0.030507937,0.0016056809,1
GJA1,324,0.030471232,0.00084642315,9
STX4,21,0.030420844,0.0014486116,1
MEN1,21,0.03039135,0.0014472072,1
FST,20,0.030387897,0.0030387898,2
DNMT3B,38,0.030365147,0.0015981656,2
HDAC3,68,0.03029687,0.0004455422,1
PPP1R1B,30,0.030275125,0.0020183418,2
C1S,17,0.030217161,0.0017774801,1
SLC38A9,40,0.030184,0.0015092001,2
AMPD1,23,0.030156912,0.00131117,1
TNKS,180,0.030094942,0.001504747,9
TCF7,156,0.030080087,0.00057846325,3
ACADS,98,0.029997464,0.00061219314,2
ALK,64,0.029944235,0.00093575736,2
CASP1,54,0.029940829,0.0005544598,1
GMPR,23,0.029904883,0.0013002123,1
KCNJ2,1190,0.029864617,0.0004266374,17
MAP3K2,21,0.029759971,0.0014171415,1
CHST12,10,0.029701233,0.0029701232,1
HLA-DRB1,378,0.029623607,0.00054858526,7
HLA-C,828,0.029622748,0.0008228541,23
MAP2K6,144,0.029550124,0.00020520919,1
ALDH5A1,36,0.029538633,0.0016410352,2
GNA14,42,0.029498475,0.00070234464,1
CDC37,152,0.029478766,0.000775757,4
FANCD2,19,0.029448122,0.0015499011,1
ADAM17,58,0.029445387,0.00050767907,1
MAP4K4,300,0.029427346,0.0014713672,15
HGF,142,0.029415488,0.00041430263,2
CEP192,18,0.029404689,0.0016335938,1
ATP6V0A1,182,0.029380409,0.0011300157,7
ZAP70,96,0.029359115,0.00061164825,2
COL4A1,84,0.02934478,0.00069868524,2
TEAD1,76,0.02933847,0.00154413,4
SDC3,25,0.029303968,0.0011721588,1
CYP2J2,138,0.029264417,0.00042412197,2
GBA,18,0.029259361,0.0016255201,1
GNAT3,23,0.02924311,0.0012714396,1
TALDO1,17,0.029228112,0.0017193006,1
GUCY1A2,152,0.029217865,0.0007688912,4
RUNX1,494,0.029216466,0.00076885434,13
SNAP25,25,0.029154716,0.0011661886,1
COX7C,135,0.029152831,0.0010797345,5
CALCB,126,0.029145429,0.0013878777,6
GHRHR,34,0.029030196,0.0017076586,2
SAA1,19,0.028989967,0.0015257878,1
GLI3,186,0.028966373,0.000934399,6
MAPK11,176,0.028702976,0.00016308509,1
EGR2,110,0.028674548,0.0013033886,5
FZD6,46,0.028644275,0.00062270166,1
KLC3,20,0.02862867,0.0014314335,1
SDC2,80,0.028603245,0.0007150811,2
DMGDH,17,0.028586186,0.0016815404,1
GCK,98,0.02855429,0.00058274064,2
CRADD,17,0.028508281,0.0016769577,1
NRIP1,552,0.02844287,0.0011851196,23
MMP7,19,0.028345646,0.0014918761,1
RAMP1,32,0.028317109,0.0017698193,2
LAMB2,32,0.028239224,0.00088247575,1
XRCC5,25,0.028225958,0.0011290383,1
CDA,72,0.02822403,0.0011760014,3
HAAO,147,0.028167125,0.0013412916,7
DAAM1,114,0.028159149,0.0014820605,6
TFAP2C,153,0.028110836,0.0016535785,9
CES2,17,0.027997958,0.0016469387,1
STAT1,850,0.027944308,0.00016437829,5
NDUFA12,72,0.027900878,0.0015500488,4
CD86,104,0.027883757,0.0005362261,2
SCARB1,24,0.027864508,0.0011610212,1
DSG1,36,0.02783589,0.0015464386,2
RPN2,11,0.027808845,0.0025280768,1
ALDH7A1,150,0.027806612,0.0005561323,3
AGL,17,0.027723687,0.0016308051,1
NPY,175,0.027717292,0.0011086917,7
DHFR,68,0.027702741,0.00081478653,2
GATA4,264,0.027657265,0.0012571485,12
ACTR2,792,0.02762244,0.0006277828,18
CBS,90,0.027582621,0.00061294716,2
KTN1,19,0.027570324,0.0014510697,1
PPBP,20,0.027533786,0.0013766893,1
GPX4,275,0.02751144,0.0011004575,11
GTF2A1,25,0.027508607,0.0011003442,1
DPYS,23,0.027448619,0.0011934182,1
THRA,76,0.027438853,0.0014441501,4
SOCS2,22,0.027419286,0.0012463311,1
FRAT2,17,0.027411245,0.0016124261,1
SMARCB1,18,0.027399339,0.0015221855,1
FLT3,176,0.027377428,0.0006222143,4
CCR6,171,0.027368927,0.0014404699,9
RRM1,41,0.027322048,0.0006663914,1
SLC32A1,38,0.027298793,0.0014367786,2
SOD3,17,0.02729048,0.0016053224,1
TACR1,90,0.027281472,0.0015156374,5
UGT2A1,15,0.027267527,0.0018178351,1
NCOA2,147,0.0272612,0.00055635103,3
CR1,60,0.027217478,0.001360874,3
RPL27,27,0.027207099,0.0010076703,1
EDN3,90,0.027194476,0.0015108043,5
BDKRB1,21,0.027179264,0.0012942506,1
ALOX5,170,0.02717011,0.00031964836,2
SPTB,36,0.027150892,0.0015083828,2
PRKN,54,0.02714614,0.0010054127,2
TIRAP,56,0.027131567,0.00096898456,2
MAN2A2,14,0.027097879,0.0019355628,1
RAB4A,19,0.027049102,0.0014236369,1
LPAR3,17,0.027045008,0.0015908828,1
KCNMB1,15,0.027024323,0.0018016215,1
CACNG3,85,0.02701867,0.0015893334,5
CEP152,16,0.026949925,0.0016843703,1
LPIN3,18,0.026932757,0.0014962642,1
AGPAT1,19,0.026910376,0.0014163356,1
CSF3R,40,0.026908282,0.0013454141,2
CEP250,17,0.026843484,0.0015790286,1
RRAS2,21,0.026806857,0.001276517,1
LDLR,41,0.026795683,0.00065355323,1
CAV1,75,0.026733201,0.00035644267,1
SLC14A2,320,0.026693135,0.0008341605,10
CTSC,32,0.026689218,0.0016680761,2
NT5E,28,0.026683794,0.00095299265,1
HLA-DPB1,516,0.02663328,0.0006193786,12
TH,116,0.026624344,0.0009180808,4
TNFRSF11B,112,0.02661765,0.0016636031,7
WNT2B,40,0.02651199,0.00066279975,1
ACTN2,31,0.02651087,0.00085518934,1
NEDD1,224,0.02645629,0.0016535182,14
NDC80,20,0.026453588,0.0013226795,1
HES5,125,0.026433652,0.0010573461,5
POU2F1,20,0.026392806,0.0013196403,1
RPL5,84,0.026371075,0.000941824,3
CYFIP2,31,0.026305625,0.00084856857,1
GABRG2,136,0.02629758,0.0015469166,8
MTHFR,58,0.026296454,0.00090677425,2
HAL,12,0.0262276,0.0021856334,1
SCTR,17,0.026219817,0.0015423421,1
GRK6,20,0.026217686,0.0013108843,1
IL7R,754,0.02620147,0.00090349896,26
CKAP4,30,0.026164234,0.0017442823,2
EIF3F,30,0.026156042,0.0017437361,2
HSPA6,168,0.026154408,0.001089767,7
NTRK2,390,0.0261428,0.00067032815,10
GBP4,5,0.026134897,0.0052269795,1
ASNS,18,0.026112378,0.0014506876,1
EZH2,70,0.026075942,0.0007450269,2
ACER1,15,0.026059797,0.0017373197,1
TNFAIP3,476,0.02601963,0.0007652832,14
IL17A,152,0.02597501,0.0013671058,8
CBX4,26,0.025960915,0.0009984968,1
MLLT1,6,0.02594331,0.004323885,1
DBH,22,0.025929913,0.0011786324,1
DEPDC1B,42,0.025902104,0.0012334335,2
DCTD,28,0.025854405,0.0018467433,2
GML,7,0.025766276,0.0036808965,1
KL,160,0.025719306,0.00064298266,4
KDR,354,0.025714368,0.00043583673,6
GPR37,13,0.025700744,0.0019769804,1
SMAD3,105,0.025680164,0.000244573,1
SMARCA4,39,0.025608739,0.00065663434,1
ADCYAP1R1,125,0.02552526,0.0010210105,5
THBS3,13,0.025455564,0.0019581204,1
PSMD5,25,0.025451016,0.0010180406,1
NDUFB1,19,0.025444219,0.0013391695,1
TRPC6,92,0.02540867,0.0011047247,4
SMARCA2,162,0.0253274,0.0014070778,9
LDHC,17,0.025236543,0.0014845026,1
PFKP,23,0.025167855,0.0010942545,1
ACKR3,120,0.025137598,0.0016758398,8
SIAH1,17,0.025110835,0.001477108,1
ATP5MC3,152,0.025100207,0.0013210635,8
ARHGEF2,44,0.025090447,0.0011404748,2
WNT3,138,0.02506117,0.00054480805,3
NOTCH1,284,0.025049962,0.00035281637,4
GRIN3B,15,0.025046669,0.0016697779,1
NCOA3,54,0.024998508,0.0009258707,2
GABRA5,45,0.024968727,0.0016645817,3
CHMP4B,18,0.024961121,0.001386729,1
MFN1,15,0.024952382,0.0016634922,1
GRB10,1036,0.02494824,0.0008910085,37
PANK1,19,0.024945518,0.001312922,1
DOCK2,50,0.024926526,0.000997061,2
RLN2,112,0.024923962,0.0015577476,7
TP53,225,0.024917545,0.000110744644,1
LTA,48,0.0248755,0.0010364791,2
MAP3K4,34,0.024859559,0.0014623271,2
INHBB,17,0.02484604,0.0014615317,1
CBL,208,0.024716163,0.00023765542,2
KLB,34,0.024652468,0.0007250726,1
LY96,120,0.024642378,0.00061605946,3
MMP9,897,0.024627736,0.00035692373,13
G6PC2,38,0.024607878,0.0012951514,2
TNPO1,14,0.024577573,0.001755541,1
FGF23,206,0.024571795,0.00023856113,2
NCOR2,65,0.024568267,0.00037797334,1
MC3R,34,0.024515692,0.0014420996,2
GPX7,15,0.024507627,0.0016338418,1
AHR,160,0.024420012,0.0015262507,10
IL7,125,0.024407,0.00097628,5
ALDH1A2,90,0.024397325,0.001355407,5
IL33,75,0.024367148,0.0016244765,5
DHODH,12,0.024353918,0.0020294932,1
FLT1,152,0.024344664,0.00064064906,4
TBP,102,0.024310656,0.00047667953,2
SLC8A3,25,0.024289941,0.0009715977,1
CDC7,168,0.024237324,0.0011541583,8
GTF2H3,50,0.02423306,0.0004846612,1
AQR,11,0.02422767,0.0022025155,1
GSTA5,18,0.024220025,0.0013455569,1
CCR7,256,0.024215158,0.0015134474,16
RASGRF1,248,0.024205344,0.0007808175,8
SERPING1,16,0.024204211,0.0015127632,1
NELFCD,54,0.024171988,0.00089525874,2
ABCB1,42,0.024171228,0.00057550543,1
MADD,17,0.024154332,0.0014208431,1
SPDL1,18,0.02413745,0.0013409695,1
DCN,51,0.024115732,0.0014185724,3
KRAS,891,0.02409546,8.1129496e-05,3
IFIH1,156,0.024094498,0.0009267114,6
ABCA1,66,0.024012974,0.0010914988,3
CALML5,50,0.023987684,0.00047975368,1
VAV3,78,0.02397002,0.00030730793,1
EVL,15,0.023967154,0.0015978103,1
ELOC,49,0.023946408,0.0004887022,1
IQCE,6,0.023941249,0.0039902083,1
XBP1,30,0.023902435,0.0015934957,2
TOP2A,18,0.023891486,0.0013273048,1
PPP3CA,172,0.023883285,0.0002777126,2
THEM4,20,0.023856035,0.0011928017,1
EFNA1,108,0.02384504,0.0013247244,6
NT5C1B-RDH14,26,0.023807056,0.0018313122,2
RAD50,47,0.023805149,0.0005064925,1
DRD4,210,0.02377329,0.0011320615,10
MAPK13,97,0.023766331,0.00024501374,1
LIMK1,114,0.0237619,0.0006253132,3
NAGLU,16,0.023761773,0.0029702217,2
RNF103-CHMP3,19,0.023729792,0.0012489364,1
TRMT112,13,0.023678709,0.0018214391,1
HNMT,13,0.023545753,0.0018112118,1
ARRB1,146,0.023518575,0.00032217227,2
GRIA1,180,0.023513291,0.0005225176,4
NOG,56,0.023493666,0.001678119,4
GABARAPL1,28,0.023458472,0.0016756051,2
ZBTB16,14,0.023453237,0.0016752313,1
CKAP5,32,0.023435988,0.0007323746,1
CAB39,13,0.023431448,0.0018024191,1
RPL38,135,0.02340218,0.00086674746,5
BCR,26,0.023388786,0.0008995687,1
CCN2,15,0.023386033,0.0015590689,1
ATP6V1C1,56,0.023332901,0.0008333179,2
TRPC3,1539,0.023322277,0.000863788,57
SLC22A1,80,0.023281906,0.0011640952,4
CDK5RAP2,16,0.023275908,0.0014547443,1
TNFRSF10A,36,0.02325345,0.0006459292,1
SLC9A1,56,0.023250394,0.00083037117,2
GAL,15,0.023229482,0.0015486322,1
EREG,57,0.023225343,0.00040746215,1
SELE,17,0.023220567,0.0013659158,1
FSHR,286,0.02314483,0.0008901858,11
EIF3E,48,0.02314128,0.00144633,3
SNTB1,357,0.02313973,0.0004537202,7
LIG4,15,0.023123242,0.0015415495,1
RPS6KA4,56,0.02309157,0.0016493978,4
MCM7,27,0.023074493,0.0008546109,1
BSG,18,0.023052562,0.0012806979,1
TMPRSS2,15,0.023039272,0.0015359515,1
GRM3,162,0.023031846,0.001279547,9
ADRB1,78,0.02296875,0.00029447116,1
APOE,123,0.022952864,0.0005598259,3
RASGRF2,30,0.02288027,0.00076267566,1
ECHS1,88,0.022859344,0.00025976528,1
EPN1,28,0.02278398,0.0016274271,2
VANGL1,24,0.022751737,0.00094798906,1
DKK1,72,0.022656508,0.0006293474,2
LRRC7,54,0.022637747,0.0012576525,3
CAPZB,24,0.022636063,0.0009431693,1
ATG5,988,0.022620708,0.00087002723,38
ACOX3,29,0.022619663,0.00077998836,1
BRIP1,52,0.02260139,0.00086928427,2
GSTO2,23,0.022588633,0.0009821145,1
ABAT,59,0.022584848,0.00038279404,1
GRM5,90,0.02258408,0.0007528027,3
NAMPT,144,0.022583127,0.0012546182,8
NUP88,76,0.022456555,0.00029548098,1
TUBG1,72,0.022433974,0.0012463318,4
KCND2,120,0.022425292,0.00037375488,2
NFATC2,126,0.022397626,0.0003555179,2
SLC6A11,36,0.02238633,0.001243685,2
TAC1,32,0.022356713,0.0013972946,2
B4GALT5,165,0.022332665,0.0014888443,11
FARP1,63,0.022302633,0.0024780706,7
ABCG1,15,0.022296304,0.0014864203,1
SSTR3,180,0.02227468,0.0014849788,12
GPX6,102,0.02225686,0.0013092272,6
CYP2R1,140,0.02225148,0.0015893914,10
ARNT,30,0.02224334,0.00074144464,1
CXCL1,58,0.02222413,0.0007663493,2
TNFSF10,108,0.02221358,0.000617044,3
CEP41,18,0.022205582,0.0012336434,1
NGEF,26,0.022178251,0.00085300964,1
VPS37B,39,0.022172043,0.0017055417,3
SPTBN5,18,0.022157453,0.0012309696,1
PSMD3,39,0.022145746,0.00056783966,1
ATP2B2,27,0.022109473,0.0008188694,1
PFKL,37,0.022093449,0.00059712026,1
RFC3,488,0.022029657,0.00036114192,8
UGT2B15,50,0.022005282,0.0008802113,2
EGR4,8,0.021976907,0.0027471134,1
ALMS1,17,0.021945797,0.0012909293,1
DICER1,70,0.021944093,0.0015674352,5
CHRNA3,15,0.021938702,0.0014625802,1
TNFRSF18,22,0.021916043,0.0019923674,2
CTSL,36,0.021898083,0.00060828007,1
TRIB3,92,0.02189222,0.00095183565,4
TMED10,60,0.021890905,0.0014593937,4
EIF4H,10,0.021885248,0.0021885247,1
ATRIP,27,0.021873334,0.0008101235,1
AGO1,35,0.021864176,0.0006246907,1
ITGAX,85,0.021838129,0.0012845958,5
RPS14,165,0.021799251,0.0006605834,5
WNT9B,102,0.02178148,0.00064063177,3
CTBP2,64,0.021761473,0.0013600921,4
RNF111,40,0.021731129,0.0010865565,2
MGST3,23,0.021707118,0.00094378775,1
FABP1,36,0.0216946,0.0012052555,2
GDF7,26,0.021692658,0.001668666,2
SEC61B,14,0.02168519,0.0015489422,1
CTF1,11,0.021658456,0.0019689505,1
KCNIP4,24,0.021605277,0.0054013194,6
TNRC6B,31,0.021596722,0.00069666846,1
RXFP2,17,0.021594016,0.0012702362,1
ACOT7,26,0.021585561,0.0016604278,2
MCM8,22,0.021583036,0.000981047,1
UGT2B28,84,0.021560304,0.0010266812,4
PTGFR,17,0.02155781,0.0012681065,1
HSPA7,15,0.02150865,0.0014339101,1
PTGER4,2781,0.021492401,0.00079601473,103
SH3GL2,136,0.021450652,0.00063090154,4
CNTRL,44,0.02136171,0.0009709868,2
SUCLA2,9,0.021356609,0.0023729566,1
NBEA,66,0.021279318,0.00096724165,3
CHRNB4,16,0.021273345,0.001329584,1
LIPC,224,0.021222493,0.0013264058,14
PREX1,100,0.021222204,0.0008488882,4
SPRED1,39,0.021198263,0.0016306355,3
COP1,14,0.021179225,0.0015128019,1
SCN3B,10,0.0211691,0.00211691,1
PPID,10,0.021164771,0.0021164771,1
OS9,100,0.02116339,0.0010581694,5
GLDC,68,0.021159464,0.0012446744,4
GHSR,13,0.021157656,0.001627512,1
PAK5,34,0.021113427,0.00062098313,1
CBSL,58,0.02104921,0.00072583486,2
IL6R,42,0.021021249,0.0005005059,1
MCCC1,140,0.021004345,0.00075015513,5
CHRM3,774,0.02097519,0.0004877951,18
CACNA1C,206,0.020953342,0.0002034305,2
MYL12A,16,0.020932391,0.0013082745,1
SMARCC1,17,0.020926518,0.0012309717,1
FGF18,170,0.020895757,0.00024583243,2
NRP1,176,0.020839076,0.0009472307,8
DIAPH3,506,0.020838229,0.0009471923,23
POLR3F,14,0.020824576,0.0014874696,1
PKN1,26,0.020816995,0.00080065365,1
GUCA1A,9,0.020815957,0.0023128842,1
IL1RN,36,0.02072469,0.0017270575,3
ELL,24,0.02070774,0.00086282246,1
ACSBG1,18,0.020670626,0.0011483681,1
HDAC4,96,0.020652987,0.00043027056,2
SLC5A8,26,0.020571701,0.0015824386,2
KIF2B,156,0.02056229,0.0007908573,6
PITX2,65,0.020559452,0.0015814963,5
TLR4,984,0.020520326,0.00025024786,12
TLR3,56,0.020497479,0.00073205284,2
VCAN,40,0.020464655,0.0010232327,2
GMFG,3,0.020461544,0.006820515,1
PLXNB1,12,0.020459207,0.0017049339,1
APIP,28,0.02044324,0.0014602315,2
ORAI2,12,0.020440135,0.0017033446,1
COL6A3,23,0.020399194,0.0008869215,1
RCC2,18,0.02039096,0.0011328311,1
IPMK,784,0.020384546,0.0012740341,49
ST6GALNAC2,34,0.020357205,0.0011974827,2
WWP2,15,0.020348635,0.0013565756,1
MYO10,85,0.02033899,0.0011964112,5
CD163,22,0.020313518,0.0018466834,2
SLC25A12,36,0.020302981,0.0011279434,2
ETS1,1617,0.020277338,0.00061446475,49
CNOT2,10,0.020176318,0.0020176317,1
ADHFE1,10,0.020163838,0.0020163837,1
SP3,72,0.020147897,0.0016789915,6
CD28,2703,0.020142956,0.0003949599,53
GSTT2,18,0.020140845,0.0011189359,1
MAN1A2,15,0.02011839,0.0013412259,1
RAB5C,46,0.020100374,0.0008739293,2
SC5D,123,0.020099187,0.0004902241,3
GCH1,60,0.020087143,0.0013391429,4
LIFR,48,0.020072592,0.00083635794,2
IL18R1,114,0.02002637,0.0010540196,6
SDCBP,23,0.01998198,0.00086878176,1
GABRB2,80,0.019943777,0.0012464861,5
ITK,29,0.019929571,0.0006872266,1
SOD2,64,0.019928882,0.00062277756,2
XRCC3,14,0.019907475,0.0014219625,1
TNC,100,0.019857656,0.0007943063,4
UQCR10,36,0.019836934,0.0011020519,2
PLXNA4,42,0.019831507,0.0014165362,3
KCNJ12,34,0.019806886,0.001165111,2
GRM8,102,0.019777967,0.0011634098,6
ACSS3,30,0.01976588,0.0013177254,2
DKK2,190,0.01972113,0.0010379541,10
ARRB2,77,0.019717159,0.000256067,1
MTAP,30,0.019710606,0.0013140404,2
GOT1,540,0.019709978,0.00032849965,9
CHRNA7,64,0.019687694,0.0012304808,4
BCAT2,65,0.019661192,0.0015123993,5
NINL,18,0.019641092,0.0010911718,1
ARHGAP35,40,0.019623365,0.0004905841,1
SGK3,7,0.019615876,0.002802268,1
CYP4F22,32,0.019601788,0.0012251118,2
ITPKA,26,0.019582009,0.0015063083,2
MGLL,22,0.019576589,0.00088984496,1
KIF3B,13,0.019573921,0.0015056862,1
CROT,24,0.019568946,0.0016307455,2
CENPF,168,0.019555029,0.0008147928,7
PPP1R14A,11,0.019508932,0.0017735392,1
MUC1,12,0.019505337,0.0016254447,1
MGAT4C,9,0.019478895,0.0021643217,1
PDE11A,12,0.019469414,0.0016224511,1
ITPK1,30,0.019466093,0.0012977396,2
ASCL1,11,0.019464081,0.0017694619,1
MSRB3,12,0.019406945,0.0016172454,1
PAPSS1,105,0.019399442,0.00092378294,5
MYOD1,16,0.019397235,0.0012123272,1
F2RL1,11,0.019340422,0.0017582201,1
IL4R,252,0.019325726,0.00069020456,9
PLEKHG3,27,0.019294547,0.0021438387,3
NANS,14,0.019266553,0.0013761824,1
LPCAT1,26,0.019249167,0.0014807051,2
PARK7,72,0.019232657,0.0010684809,4
SETD1A,11,0.019201692,0.0017456084,1
RAMP3,30,0.019193638,0.0012795759,2
MTR,43,0.019172665,0.00044587592,1
USP8,42,0.019160803,0.00091241923,2
PLA2G4D,36,0.019155849,0.0005321069,1
QDPR,28,0.019131662,0.0013665473,2
GPR17,13,0.019110426,0.0014700328,1
CASP12,39,0.019080196,0.0014677075,3
ARNTL,78,0.01902356,0.0014633507,6
LAMA2,64,0.019018423,0.0005943257,2
IRF6,22,0.019017026,0.0017288206,2
RRAGC,72,0.019010281,0.000792095,3
STK24,4,0.018961538,0.0047403844,1
CAND1,9,0.01895233,0.0021058144,1
DGKE,14,0.018931132,0.0013522237,1
PTBP1,12,0.018927045,0.0015772538,1
MYLIP,56,0.01891208,0.0013508629,4
ENTPD1,17,0.018903855,0.0011119915,1
MAP1LC3A,13,0.018880146,0.0014523189,1
BMP6,38,0.018870153,0.0009931659,2
AP1G1,17,0.018869817,0.0011099892,1
HK1,41,0.018849753,0.00045975007,1
GLYAT,24,0.018798236,0.0015665197,2
BIN1,10,0.018756704,0.0018756704,1
HTR5A,39,0.018684005,0.0014372313,3
SDC1,296,0.018683298,0.00050495396,8
REL,62,0.018681023,0.00060261367,2
CCL17,26,0.018664327,0.0014357173,2
RNPS1,15,0.018624075,0.001241605,1
POU5F1,30,0.018594306,0.0012396204,2
ERCC2,52,0.018538298,0.00035650574,1
ARHGEF25,30,0.018530041,0.0012353361,2
PPP5C,32,0.018502947,0.0011564342,2
SULT1E1,48,0.018486965,0.0011554353,3
ITGA9,28,0.01847422,0.00065979356,1
SRSF6,28,0.018465696,0.0013189783,2
HSP90B1,28,0.018452562,0.0006590201,1
PLA2G2E,264,0.01844953,0.0007687304,11
MTNR1A,11,0.01844787,0.0016770791,1
NMNAT1,14,0.018440954,0.0013172111,1
TEAD3,15,0.018422395,0.0012281596,1
WNT7B,42,0.018415818,0.00043847185,1
PHGDH,34,0.0184086,0.0010828588,2
TLE3,187,0.018376287,0.001080958,11
ARHGEF28,112,0.01832238,0.0011451488,7
FCGR3A,196,0.018312704,0.0006540251,7
PRKCH,32,0.018303141,0.00057197316,1
ARCN1,93,0.018297425,0.0005902395,3
RPTOR,112,0.018239733,0.00032570952,2
SMARCE1,280,0.018230213,0.00091151055,14
RGS10,26,0.01822352,0.0014018094,2
TNKS2,34,0.018164575,0.0010685043,2
FADS2,20,0.018144693,0.0009072347,1
SPTA1,19,0.01810526,0.00095290836,1
NDRG1,104,0.018074911,0.0013903778,8
IRF5,240,0.01806303,0.001204202,16
MAPK12,110,0.01804782,0.0001640711,1
VPS37C,13,0.018037185,0.0013874758,1
IL1R2,285,0.01803178,0.00094904104,15
RAPGEF4,20,0.017987259,0.00089936296,1
NTRK3,72,0.017947655,0.000997092,4
CCN1,13,0.01788784,0.0013759877,1
NR1D1,12,0.017872393,0.001489366,1
CCL22,33,0.017851157,0.0016228324,3
CACNA2D1,70,0.017837208,0.0012740863,5
GPR83,30,0.01780838,0.0011872253,2
PPARG,366,0.01780046,0.0002918108,6
ARPC5,117,0.017788602,0.000456118,3
RGS12,10,0.017778601,0.0017778601,1
CCL11,448,0.017771536,0.0006346978,16
SEC23A,64,0.017760007,0.0011100004,4
CEP78,17,0.017749507,0.0010440886,1
MTRR,130,0.017727299,0.0013636384,10
CNOT6,10,0.017696178,0.0017696178,1
GSTA3,34,0.0176776,0.0010398587,2
CABIN1,10,0.017653033,0.0017653033,1
CCL3L3,28,0.017641848,0.0012601321,2
DTX1,10,0.017619725,0.0017619726,1
NR2C1,13,0.01761448,0.00135496,1
FBP1,30,0.017611405,0.00058704684,1
PLXNA1,28,0.017577052,0.0012555036,2
EIF4E,210,0.017575476,0.00025107822,3
SLC26A4,8,0.017543575,0.0021929468,1
APOC1,12,0.017505553,0.0014587961,1
PSTPIP1,13,0.017499495,0.001346115,1
DUSP10,48,0.01743469,0.0014528908,4
PI4K2B,26,0.017411415,0.0013393397,2
RUNX3,253,0.01739129,0.000756143,11
GOSR2,28,0.017383892,0.0012417067,2
LAMC2,62,0.017374862,0.0005604794,2
ACO1,30,0.01733904,0.0011559359,2
ITGB4,38,0.017338017,0.0004562636,1
UQCRFS1,144,0.017321527,0.00096230704,8
EIF4G2,12,0.017292533,0.0014410444,1
FUT8,84,0.017290859,0.0014409049,7
PIM1,56,0.01728678,0.0012347699,4
KIF4B,169,0.01725866,0.0013275893,13
TEC,84,0.017225275,0.00061518844,3
SETD7,20,0.01721935,0.0017219349,2
DERA,60,0.017189417,0.0014324513,5
TRIM24,88,0.017187884,0.0007812675,4
SPRY1,11,0.01718387,0.00156217,1
FGD2,24,0.017170774,0.0014308977,2
DAGLB,12,0.017167112,0.0014305926,1
EFNA3,98,0.017132677,0.0012237626,7
PDCD6IP,65,0.0171099,0.0013161462,5
RASGRP1,2080,0.017095255,0.0004273814,52
APLNR,10,0.017044019,0.0017044019,1
NEFL,110,0.017024836,0.0007738562,5
ADRA2C,42,0.017014029,0.00081019185,2
PEX5,11,0.016999334,0.001545394,1
ARHGAP17,26,0.016965415,0.001305032,2
RAD51B,715,0.016964959,0.0013049968,55
HCLS1,11,0.016936397,0.0015396725,1
SMPD3,156,0.016916374,0.0014096978,13
LTBR,154,0.016906997,0.0015369997,14
DPM3,27,0.01690375,0.0018781945,3
ITGAL,306,0.01684698,0.00049549947,9
CLIP1,48,0.016845737,0.0007019057,2
RTF1,20,0.016819093,0.0016819092,2
KIF5A,23,0.01679316,0.0007301374,1
CS,64,0.01678206,0.0005244394,2
KIF6,8,0.016768875,0.0020961093,1
SLC29A2,11,0.016762443,0.0015238584,1
SMYD2,48,0.016760917,0.0013967431,4
EXOC2,456,0.016717846,0.0013931538,38
AREG,54,0.016713902,0.0003095167,1
ACTN3,11,0.016672691,0.0015156992,1
MMP8,11,0.016670626,0.0015155114,1
ATP6V1A,29,0.01666472,0.00057464547,1
FRAT1,26,0.016645039,0.0006401938,1
DHRS3,42,0.01661727,0.0011869478,3
TGOLN2,12,0.016611386,0.0013842821,1
XCL2,33,0.016602756,0.0015093415,3
FCER1G,22,0.016588815,0.000754037,1
DIO3,22,0.016567431,0.0015061301,2
RORA,308,0.016559739,0.00075271545,14
ADRA1D,95,0.016522776,0.00086961983,5
GPHN,22,0.01650291,0.0015002644,2
S100A7,7,0.016467901,0.0023525574,1
SUMO3,23,0.01646309,0.00071578653,1
CXCL12,364,0.016422134,0.0003158103,7
SFRP2,33,0.016409695,0.0014917905,3
TRIM33,33,0.01640045,0.00149095,3
TAB1,106,0.01638762,0.00015460017,1
CYP24A1,168,0.016375491,0.00077978533,8
SGK1,99,0.016362553,0.000495835,3
IL23R,312,0.016360773,0.0013633978,26
IL22,24,0.016316246,0.0013596872,2
IL5,600,0.016308306,0.00032616607,12
NUMB,22,0.01629475,0.0007406704,1
MX1,13,0.01629191,0.0012532239,1
RPA1,86,0.016269112,0.00018917573,1
ERBB3,196,0.016256604,0.00033176746,4
PISD,12,0.016237997,0.0013531664,1
TNFRSF11A,48,0.016218007,0.0010136254,3
PDE8A,11,0.01618168,0.0014710617,1
NCAM1,23,0.016166111,0.0007028744,1
SLC19A1,10,0.016137458,0.0016137458,1
IL15RA,320,0.016128177,0.001008011,20
SLC34A1,11,0.016121635,0.0014656032,1
HIBADH,175,0.016118204,0.00064472813,7
RAMP2,15,0.016081396,0.0010720931,1
CCT8,14,0.016070304,0.0011478789,1
MTMR2,24,0.016046222,0.0013371852,2
GSN,104,0.016039373,0.000616899,4
SCRIB,20,0.016030917,0.00080154586,1
RASAL2,13,0.016027126,0.0012328558,1
NMNAT3,66,0.016019521,0.0014563203,6
PLK1,66,0.016018964,0.00024271158,1
PLXNA2,77,0.016017746,0.0014561588,7
TERF2IP,23,0.016013853,0.0006962545,1
BLK,414,0.0160023,0.0006957522,18
BBS5,8,0.01599521,0.0019994013,1
SV2B,45,0.015991785,0.001776865,5
LIN7A,18,0.015962912,0.0017736568,2
PBX1,252,0.015958147,0.0011398676,18
DGKD,52,0.0159453,0.0012265616,4
TFF3,7,0.015917255,0.0022738934,1
NUP210,162,0.015902702,0.00019632965,2
PTPN12,22,0.015886623,0.0014442385,2
MRAS,25,0.015850388,0.0006340155,1
MBOAT1,77,0.01582719,0.0014388354,7
USP13,9,0.015823435,0.0017581595,1
RIMS1,78,0.015816059,0.0012166199,6
KDELR2,26,0.015813965,0.001216459,2
PTPRC,800,0.015812151,0.0004941297,25
RPE65,50,0.015794158,0.0015794158,5
CYP3A7-CYP3A51P,25,0.015785523,0.00063142093,1
CNGB1,48,0.015783513,0.0009864696,3
CHST11,30,0.015729243,0.0010486161,2
PANK2,18,0.015711555,0.0017457283,2
MICA,36,0.015708083,0.0026180139,6
CHPT1,16,0.01570553,0.0009815956,1
NEIL3,60,0.015684586,0.0013070488,5
UGT2B7,35,0.015665125,0.000447575,1
AAMP,12,0.015661081,0.0013050901,1
LAMC1,40,0.015657686,0.00039144215,1
CHMP4C,18,0.01563013,0.00086834055,1
GPCPD1,32,0.015605366,0.0019506707,4
XCL1,48,0.01560322,0.0013002683,4
EDN2,42,0.01560179,0.0007429423,2
CHSY3,121,0.015580061,0.0014163692,11
GABBR2,27,0.015579824,0.0005770305,1
PCK1,106,0.015571492,0.0002938017,2
RPL30,28,0.015561108,0.0005557538,1
CCKAR,26,0.01555321,0.0011964007,2
SSTR1,13,0.015548287,0.001196022,1
CAMKK2,36,0.015536218,0.0004315616,1
TFAP2B,90,0.015531775,0.0010354517,6
GALC,372,0.015523835,0.0012936529,31
IGF2R,42,0.0155059425,0.0011075673,3
WDR33,42,0.015502644,0.0011073317,3
RAB39A,9,0.015500774,0.0017223082,1
H1-3,9,0.01545007,0.0017166744,1
SLC7A10,36,0.01544876,0.0012873968,3
ZDHHC21,7,0.015422576,0.0022032252,1
CHP2,1,0.015408435,0.015408435,1
CACNG2,18,0.015403363,0.0008557424,1
FARP2,14,0.01538521,0.0010989435,1
TTN,9,0.015380406,0.001708934,1
DROSHA,10,0.01538021,0.001538021,1
PRC1,7,0.015346704,0.0021923862,1
SRGAP1,14,0.015342972,0.0010959266,1
MUC3A,9,0.015338533,0.0017042814,1
OSMR,17,0.01533829,0.00090225233,1
VAMP1,8,0.015328025,0.0019160032,1
PGM1,100,0.015310787,0.00030621572,2
GABRA4,56,0.015269636,0.0010906883,4
ANXA2,22,0.0152267385,0.001384249,2
PPP2R2A,31,0.015221685,0.0004910221,1
CAP2,8,0.015160591,0.0018950739,1
PSAT1,168,0.015146326,0.00072125363,8
CYTH3,14,0.015128421,0.0010806015,1
CTR9,20,0.015124765,0.0015124765,2
WAPL,24,0.015116589,0.0012597158,2
IL10RA,120,0.015110627,0.0007555313,6
UST,60,0.0150873875,0.0015087387,6
PRKCG,122,0.015084912,0.00012364682,1
ARHGEF38,24,0.01508407,0.0018855088,3
RGMA,110,0.01507363,0.001507363,11
PFKFB3,240,0.01502302,0.0010015348,16
SLC29A1,14,0.0150097795,0.0010721271,1
MRPL42,6,0.015001168,0.0025001946,1
EDEM2,7,0.014996912,0.002142416,1
TNRC6C,96,0.014992851,0.0004685266,3
FBXL7,24,0.014986623,0.0012488853,2
AGAP2,22,0.014974929,0.0013613573,2
POLR1F,11,0.014969936,0.0013609033,1
ENAH,48,0.01496514,0.00093532127,3
GABRA6,52,0.014956858,0.0011505275,4
MADCAM1,18,0.0149530955,0.001661455,2
SMUG1,11,0.014937204,0.0013579277,1
KCNK10,180,0.014921702,0.0016579671,20
TTC21B,9,0.014887971,0.001654219,1
MC2R,63,0.014835753,0.00070646434,3
CASP2,31,0.014824631,0.0004782139,1
FERMT2,27,0.014818531,0.0016465035,3
CEBPG,16,0.014813572,0.0018516965,2
FBXL3,12,0.014811829,0.0012343191,1
PER2,8,0.014807109,0.0018508886,1
NMB,8,0.014805094,0.0018506368,1
RALGDS,25,0.014790002,0.0005916001,1
HMGA2,30,0.014777818,0.0014777818,3
SOCS6,70,0.0147755835,0.0010553987,5
IRF8,418,0.014774268,0.0013431152,38
CR2,42,0.014771178,0.0010550842,3
ZNF708,4,0.0147532765,0.0036883191,1
SP100,48,0.0147438375,0.0012286531,4
RHOJ,8,0.014733834,0.0018417293,1
ORC3,48,0.014723841,0.0006134934,2
UBE2Q2,18,0.0147131,0.0016347889,2
TTC8,16,0.014691899,0.0018364873,2
PRDM1,1068,0.01468187,0.0012234892,89
ATG14,26,0.01466717,0.0011282439,2
RPS20,180,0.014644855,0.0004881618,6
PLEKHG4,7,0.014644071,0.00209201,1
VAPA,66,0.014642223,0.0013311111,6
VARS1,8,0.014639686,0.0018299607,1
TACC3,18,0.014602207,0.0016224673,2
NRBF2,50,0.014597541,0.0014597541,5
UCK2,20,0.014596604,0.0014596604,2
RETSAT,10,0.014589127,0.0014589127,1
SPRY2,92,0.01457161,0.00063354825,4
SPEN,10,0.014566172,0.0014566171,1
RGS18,130,0.01455763,0.0011198177,10
SLC7A1,11,0.014545732,0.0013223393,1
PLA2G2A,165,0.014543755,0.00044071992,5
YEATS4,27,0.014542562,0.0016158404,3
SEC24B,17,0.014536215,0.00085507147,1
EXOC5,8,0.01453544,0.00181693,1
PLA2G4C,37,0.014502523,0.00039196006,1
CNDP1,12,0.014469559,0.0012057966,1
PIK3AP1,18,0.014451126,0.00080284034,1
IRAK3,7,0.014425682,0.0020608117,1
DEK,40,0.014411673,0.0014411672,4
SPCS3,54,0.014386967,0.0015985519,6
TERT,28,0.014381502,0.00051362504,1
PLEC,28,0.014329335,0.001023524,2
INPP5A,11,0.014327386,0.0013024897,1
CCL1,224,0.014313328,0.0010223805,16
RNF123,8,0.014279079,0.0017848848,1
BMP7,308,0.014262175,0.00050936337,11
NPR2,10,0.014256513,0.0014256513,1
NEDD4,29,0.014249886,0.0004913754,1
CHRNA5,10,0.014243681,0.0014243681,1
E2F7,54,0.014239657,0.001582184,6
SLC2A12,8,0.014230719,0.0017788399,1
HTR2A,147,0.014227869,0.0006775176,7
LAMA4,24,0.014217151,0.0005923813,1
PAG1,75,0.014175421,0.00094502803,5
IGFBP1,18,0.014173729,0.0007874294,1
GPC5,72,0.014168845,0.00078715803,4
EGR1,141,0.014167528,0.00030143675,3
GNE,14,0.014160236,0.0010114454,1
TNFSF13B,33,0.014159884,0.0012872621,3
GABBR1,175,0.0141521245,0.000566085,7
RALBP1,78,0.014128338,0.00054339756,3
CNTN1,13,0.014124282,0.0010864832,1
CDCA8,19,0.0141181415,0.0007430601,1
GUCY1A1,22,0.014023783,0.00063744467,1
BBS4,9,0.013999581,0.001555509,1
B4GALT6,46,0.013998435,0.00060862757,2
DNAJC7,7,0.013971861,0.0019959803,1
GPD1L,7,0.01395574,0.001993677,1
TCF12,13,0.013955089,0.0010734684,1
SLC6A5,7,0.013951825,0.0019931179,1
DGKH,117,0.013927311,0.0010713316,9
SF3B4,7,0.013927175,0.0019895963,1
CNOT1,11,0.013906452,0.0012642229,1
CD9,84,0.013898638,0.00099276,6
NEO1,10,0.013869842,0.0013869841,1
PDE4D,70,0.013859952,0.00039599862,2
CD3G,58,0.013855569,0.00023888912,1
NDUFV2,76,0.013852087,0.0007290572,4
UTS2,296,0.013838401,0.0017298001,37
WT1,16,0.01382889,0.00086430565,1
ELOVL4,30,0.013810488,0.0013810489,3
ITPR2,396,0.013801364,0.00013940773,4
LHCGR,23,0.013790683,0.0005995949,1
PPP2R2B,20,0.013768755,0.0006884377,1
ELOVL6,60,0.013748601,0.0011457168,5
E2F8,7,0.013745749,0.0019636785,1
APH1B,37,0.013741767,0.0003713991,1
INPP5E,72,0.01372331,0.00076240615,4
ALDH1A1,35,0.013702405,0.00039149728,1
UNC13B,13,0.013677263,0.0010520972,1
COL4A4,38,0.013676465,0.00035990696,1
NDC1,56,0.013674299,0.0002441839,1
PRDM9,27,0.013664645,0.0015182939,3
ARSB,20,0.013661412,0.00068307057,1
BLVRA,16,0.013625884,0.0008516178,1
SMARCD3,84,0.013620963,0.0006486173,4
NTPCR,7,0.013618226,0.0019454609,1
HEY1,90,0.013617841,0.00045392802,3
KIF3A,24,0.013600436,0.0005666848,1
WDR19,9,0.013583975,0.0015093306,1
ARHGAP10,14,0.013583898,0.0009702784,1
RAB3IP,11,0.013573956,0.001233996,1
ANGPT2,15,0.013565674,0.0009043783,1
CDC25B,25,0.013561782,0.0005424713,1
MAN1A1,45,0.013561209,0.0009040805,3
SCN7A,27,0.013552112,0.0015057903,3
CDH6,99,0.013538032,0.0015042258,11
TSHR,150,0.013523318,0.0005409327,6
TLE1,312,0.013502196,0.00056259154,13
FXYD7,10,0.013477284,0.0013477284,1
ARHGAP42,10,0.013470619,0.001347062,1
TNS4,8,0.013454108,0.0016817634,1
PCDH7,80,0.013453353,0.0013453354,8
VNN1,13,0.013452009,0.0010347699,1
MAPK4,17,0.01345169,0.0007912759,1
SNAI1,240,0.013438551,0.0008399094,15
RPL21,130,0.0134300785,0.0005165415,5
TNFRSF10B,41,0.013429987,0.00032756067,1
CPSF6,14,0.01342796,0.00191828,2
M6PR,11,0.013418608,0.0012198734,1
ACOT12,12,0.013409177,0.0011174314,1
MFGE8,30,0.013403746,0.0013403747,3
MAF,187,0.013396666,0.0007880392,11
CBLB,406,0.013378137,0.00046131507,14
GLP1R,21,0.013359206,0.00063615263,1
SLC38A1,36,0.013353306,0.00074185035,2
DHRS9,36,0.013350789,0.0011125659,3
POLR1A,32,0.013342563,0.0008339102,2
PRKG1,34,0.013340237,0.0003923599,1
SCNN1A,210,0.013329203,0.00038083433,6
CREB1,240,0.013313639,5.5473494e-05,1
CTPS1,18,0.013303291,0.00073907175,1
FBXO5,60,0.013274598,0.0008849732,4
TUBGCP3,20,0.0132690305,0.001326903,2
BHMT2,7,0.013260393,0.0018943419,1
ERBB4,624,0.013255575,0.0002549149,12
SLC22A3,26,0.013254739,0.0010195953,2
CRYBA4,7,0.013239402,0.0018913432,1
NTN4,8,0.013239382,0.0016549227,1
GMNN,9,0.013218503,0.0014687226,1
MARCKS,32,0.0132178245,0.0016522281,4
CYLD,72,0.01321769,0.00055073714,3
SLC26A3,504,0.013212506,0.0006291669,24
ABCG8,18,0.013192277,0.0007329043,1
MMAA,8,0.013184978,0.0016481222,1
COL11A2,88,0.013183201,0.0011984728,8
CLEC7A,8,0.013182012,0.0016477515,1
POLD3,104,0.013171686,0.00025330164,2
TNNI3,61,0.01314107,0.00021542737,1
GABRB3,119,0.013137569,0.0007727981,7
FMO3,32,0.013133249,0.0008208281,2
LYPLA1,11,0.013127227,0.0011933843,1
SPP2,48,0.013124477,0.0016405596,6
FOSL2,40,0.013107255,0.0016384069,5
LCK,114,0.013105542,0.0001149609,1
SH3RF1,66,0.013102542,0.00119114,6
CD209,11,0.013098126,0.0011907388,1
HS6ST1,54,0.013095793,0.0014550881,6
FFAR2,10,0.013088899,0.0013088898,1
TAL1,9,0.013054952,0.0014505503,1
SCN2B,36,0.013018671,0.0010848892,3
MBTPS1,42,0.013011453,0.000619593,2
ATP8B1,14,0.0129817,0.0018545287,2
LAMB1,36,0.0129758045,0.000360439,1
ITGB8,110,0.012972156,0.00058964343,5
HHIP,26,0.012970407,0.0009977235,2
UBE2V1,285,0.012966113,0.00022747568,5
POFUT1,7,0.012963097,0.0018518709,1
PARD6G,10,0.012958948,0.0012958947,1
RPL3,884,0.012950336,0.0004980898,34
IL18RAP,132,0.0129407495,0.0010783959,11
PF4,23,0.012908604,0.0005612437,1
TRPM7,9,0.012897231,0.0014330256,1
FNBP1L,20,0.012879968,0.0012879968,2
TUBGCP2,10,0.012878634,0.0012878634,1
GATAD2A,22,0.01287395,0.00058517954,1
GPX3,418,0.012865498,0.0005847954,19
NT5C1A,26,0.0128468145,0.0009882165,2
TUBG2,40,0.012839624,0.0012839624,4
TGFBR3,135,0.012829761,0.001425529,15
RAB2A,11,0.012829663,0.001166333,1
PHF20,10,0.012821661,0.0012821661,1
PDP2,6,0.012807866,0.0021346442,1
ASB4,7,0.012799859,0.0018285513,1
ELOVL7,14,0.012799688,0.0018285267,2
SLC35D1,10,0.012782125,0.0012782125,1
MRPS5,7,0.012778932,0.0018255617,1
MC4R,234,0.012775611,0.00070975616,13
NARS2,16,0.012771784,0.001596473,2
STAB2,16,0.01275294,0.0015941175,2
IFT74,5,0.012743957,0.0025487915,1
ERBIN,58,0.012739407,0.00043928987,2
WDR77,7,0.012727593,0.0018182276,1
ALG10B,162,0.012707333,0.00023532099,3
WWOX,121,0.012705973,0.0011550885,11
SETD2,10,0.012700978,0.0012700978,1
PRKD1,140,0.01268532,0.000634266,7
CYB5A,7,0.012672481,0.0018103544,1
VANGL2,56,0.012672263,0.0009051616,4
SBF2,10,0.012667958,0.0012667958,1
ITGA11,21,0.012644455,0.0006021169,1
SLC6A15,88,0.012642283,0.0015802854,11
MOCS3,6,0.0126231415,0.002103857,1
CLASP2,46,0.012616646,0.0005485498,2
UBE2G1,45,0.012614905,0.0008409936,3
KIF20B,9,0.01261261,0.0014014011,1
RIT1,27,0.012601825,0.0014002029,3
SPRED2,456,0.01257896,0.0010482466,38
CPLX1,22,0.012568094,0.001142554,2
UBAP1,24,0.012559307,0.0010466089,2
UPP2,17,0.012556694,0.0007386291,1
FGF19,183,0.012556092,0.00020583758,3
GUCA1B,14,0.012554375,0.0017934821,2
PAX5,20,0.012510918,0.0012510917,2
NPFFR2,20,0.01249687,0.0012496869,2
PPCDC,8,0.012495808,0.001561976,1
CPN1,7,0.012477518,0.0017825026,1
CETP,84,0.012467221,0.0008905159,6
AGPAT4,24,0.012461523,0.0010384602,2
GNRHR,22,0.012451057,0.0011319143,2
PARVA,36,0.012404909,0.0013783232,4
NR4A3,20,0.012401303,0.0012401303,2
GADD45G,180,0.012393369,0.00034426028,5
FOLH1,7,0.012392834,0.0017704049,1
MAPT,30,0.012389645,0.00041298816,1
XYLT1,84,0.012385432,0.00088467373,6
SV2C,24,0.012384518,0.0015480648,3
LRP2,72,0.012382541,0.0006879189,4
AKAP13,22,0.012372635,0.0005623925,1
GLO1,39,0.012358186,0.00095062965,3
UGGT1,9,0.012356927,0.0013729918,1
WNT2,129,0.012333683,0.00028682986,3
SEPHS2,64,0.012314592,0.001539324,8
COL6A6,19,0.0123098055,0.0006478845,1
SEMA3E,24,0.012309012,0.0015386265,3
IL36G,14,0.012308864,0.0017584092,2
DDX17,7,0.012297133,0.0017567333,1
IL3,141,0.0122926915,0.0002615466,3
ATF3,16,0.012290216,0.0007681385,1
CHST14,10,0.012282741,0.0012282741,1
PAX8,6,0.012275766,0.0020459609,1
SPHK2,28,0.012268333,0.00043815473,1
CORO1A,9,0.012263139,0.001362571,1
SLC4A2,9,0.012255917,0.0013617686,1
COL5A1,14,0.012236832,0.0008740594,1
AMY2A,8,0.012208614,0.0015260767,1
GGA3,8,0.012193942,0.0015242428,1
KLHL11,7,0.01218872,0.0017412456,1
CREM,49,0.012184283,0.0017406119,7
ANK2,42,0.012158138,0.00086843845,3
GLP2R,15,0.012152628,0.0008101752,1
RAB14,19,0.012150706,0.0006395108,1
RLBP1,6,0.012150223,0.0020250373,1
SLC30A1,8,0.012128714,0.0015160892,1
MOCS1,12,0.0121286325,0.002021439,2
TACR3,33,0.01211902,0.0011017291,3
TENT4A,8,0.012116518,0.0015145647,1
NPHS1,6,0.012105258,0.002017543,1
DHCR7,57,0.012095657,0.0006366136,3
SDC4,124,0.012093592,0.0003901159,4
ALDH3A2,59,0.012075833,0.00020467513,1
AGXT2,15,0.012070848,0.0008047232,1
TNXB,26,0.012063641,0.00092797243,2
CRHBP,6,0.01205745,0.002009575,1
KMT2B,10,0.012056023,0.0012056023,1
GOLGA4,8,0.012049523,0.0015061904,1
HIF3A,30,0.012034725,0.0012034726,3
ATP6V1G3,696,0.012026601,0.0005011084,29
NMT1,26,0.012014028,0.00092415593,2
PLB1,68,0.011989234,0.0007052491,4
CBLIF,6,0.011986007,0.0019976678,1
MAG,17,0.011978,0.00070458825,1
DGKQ,26,0.011977385,0.0009213373,2
FOLR2,9,0.011974325,0.0013304806,1
ORAI1,24,0.011972699,0.0004988625,1
CCT5,10,0.011965955,0.0011965955,1
IFNGR2,108,0.011923549,0.00033120965,3
GP1BA,36,0.011889239,0.00066051324,2
RASA1,58,0.011872616,0.00020470026,1
HS3ST1,18,0.011863997,0.0013182219,2
AGA,21,0.011842719,0.001691817,3
MAPKAPK5,48,0.011833473,0.0004930614,2
PRKCI,86,0.011830879,0.00027513673,2
TLL1,40,0.011819925,0.0014774906,5
CHRM5,18,0.01181002,0.0006561122,1
SLC36A1,11,0.011805088,0.0010731899,1
ANXA1,34,0.0117985485,0.0006940323,2
UROC1,7,0.011797532,0.0016853617,1
PDE3B,29,0.011791186,0.00040659265,1
MRPS23,12,0.011786412,0.0019644022,2
DYNLRB1,9,0.011782002,0.0013091112,1
COASY,18,0.011767476,0.0013074973,2
TYRP1,80,0.011761846,0.0014702308,10
HMGCLL1,30,0.011737518,0.0011737519,3
GRIA4,48,0.011718539,0.00048827243,2
BNIP3,18,0.011694862,0.0012994291,2
SLC27A3,14,0.011689737,0.0016699627,2
C7,51,0.011687234,0.0006874844,3
C5,31,0.011681942,0.00037683683,1
RAB3IL1,5,0.01167261,0.002334522,1
PSMB2,33,0.011666313,0.00035352464,1
PTPRB,6,0.011659326,0.001943221,1
C2,18,0.011634444,0.000646358,1
TANK,72,0.011633736,0.00048473896,3
KYNU,56,0.011631863,0.0008308473,4
CDT1,16,0.011623676,0.00072647975,1
GALNT12,16,0.0116208345,0.0014526043,2
SUMF1,18,0.011597583,0.0012886204,2
NLRP4,7,0.011596486,0.0016566409,1
FSTL3,8,0.0115894815,0.0014486852,1
UCN3,5,0.011571276,0.002314255,1
CD36,45,0.011551246,0.00025669436,1
CD2,280,0.011549895,0.0014437368,35
HSPA4L,5,0.011546362,0.0023092725,1
AGT,81,0.011545433,0.00014253621,1
KDM4A,11,0.0115447845,0.0010495259,1
HRH1,14,0.011542689,0.0008244778,1
ZFAND6,6,0.011521284,0.005760642,3
GPLD1,7,0.0115129575,0.0016447082,1
PLRG1,5,0.011511468,0.0023022937,1
HTR4,22,0.011496275,0.00052255794,1
CLDN17,10,0.011495274,0.0011495274,1
RAB32,7,0.011494786,0.0016421123,1
HYAL1,20,0.0114898225,0.0011489822,2
SIKE1,7,0.011488858,0.0016412653,1
SLC5A12,32,0.011470808,0.001433851,4
PABPC1,120,0.011469058,0.0004778774,5
ABCG2,78,0.011465299,0.000440973,3
PTDSS2,60,0.011460974,0.0011460973,6
DLK1,18,0.011459267,0.0012732518,2
MARK3,34,0.011458267,0.0006740157,2
PDHA2,147,0.01145332,0.0005453962,7
CD22,11,0.011448311,0.0010407555,1
DAB2IP,9,0.011387908,0.0012653231,1
RAG2,6,0.011386983,0.0018978305,1
VIPR2,34,0.011384636,0.0006696845,2
AKR1D1,74,0.011375664,0.00030745036,2
CLDN24,6,0.011346273,0.0018910455,1
NET1,15,0.011343941,0.00075626274,1
NSMCE2,5,0.011342335,0.0022684669,1
SLC2A10,14,0.011339141,0.0016198773,2
PTCH1,112,0.011339069,0.00040496673,4
CDON,72,0.011334964,0.00094458036,6
MAP3K9,36,0.011330403,0.00094420026,3
EXOC6,40,0.011322616,0.001415327,5
KDM4C,176,0.011310135,0.0010281941,16
ENG,7,0.0112851355,0.0016121622,1
GPR39,14,0.011284242,0.0008060173,1
MED30,54,0.011281971,0.0018803285,9
TLR10,21,0.011273104,0.0016104433,3
TP63,243,0.011267129,0.00041730108,9
ENPP1,22,0.01126668,0.0005121218,1
PTPN2,612,0.011265397,0.0006258554,34
AUH,50,0.011257933,0.00045031734,2
REST,21,0.011249809,0.0005357052,1
PHKG2,8,0.01123308,0.001404135,1
B4GALNT1,40,0.011221414,0.0014026768,5
PAH,14,0.01121862,0.00080133,1
SLC2A7,7,0.011209209,0.0016013157,1
F3,41,0.011198655,0.00027313794,1
JAK3,77,0.011171144,0.0001450798,1
CCR3,900,0.0111456625,0.0003715221,30
GFRA1,19,0.011140988,0.0005863678,1
RPS6KA1,206,0.011138382,0.00010813964,2
GCNT3,24,0.011137773,0.0013922217,3
MTMR6,8,0.011129549,0.0013911936,1
SEMA3A,32,0.011122101,0.0013902626,4
PPARD,120,0.0111214155,0.00037071388,4
PTPRF,33,0.011109131,0.001009921,3
ME1,44,0.011098299,0.0005044681,2
CYTH1,12,0.011079434,0.0009232862,1
CDC42EP5,126,0.011071286,0.0015816124,18
KIFC1,48,0.011066089,0.0013832612,6
GDI2,8,0.011063362,0.0013829202,1
MGAM,36,0.011056022,0.0006142235,2
ACVR2A,220,0.0110481875,0.0005524094,11
DHCR24,37,0.0110471295,0.00029857107,1
MED16,6,0.011044811,0.0018408019,1
DNAJC6,7,0.011044136,0.0015777338,1
NKD1,96,0.01103581,0.00091965083,8
FCN1,9,0.011031412,0.0012257124,1
CYP3A43,20,0.0110215405,0.000551077,1
MAP2K5,76,0.011020582,0.0002900153,2
SEM1,48,0.011014927,0.00068843295,3
OAS3,16,0.011007019,0.0006879387,1
RBX1,101,0.011006753,0.00010897775,1
SNX5,6,0.01099596,0.0018326599,1
LPIN1,20,0.010994231,0.0005497116,1
PRKCE,201,0.010980683,0.00016389079,3
CLDN23,40,0.010980449,0.0010980449,4
SLC1A2,30,0.010980045,0.00073200307,2
GREB1,14,0.010976173,0.0015680247,2
SLC25A20,16,0.010974001,0.0006858751,1
NCR2,18,0.010968681,0.0018281136,3
CPN2,4,0.010961179,0.0027402947,1
ACOX2,148,0.010959683,0.00029620767,4
GALNT18,48,0.01095786,0.0013697325,6
MLKL,9,0.010954457,0.0012171619,1
ADH7,51,0.010950598,0.0006441528,3
JARID2,119,0.010941261,0.0015630374,17
SLC15A1,15,0.010928154,0.0021856306,3
CDS2,9,0.010926649,0.0012140721,1
ALDOB,30,0.010915874,0.00036386246,1
SLC19A3,21,0.0109112775,0.0015587538,3
GBA3,35,0.010901844,0.0021803689,7
ATP10A,32,0.01089894,0.0013623675,4
MUC4,9,0.010894819,0.0012105354,1
SLC6A9,35,0.010873633,0.0015533762,5
PIK3C2G,22,0.010870157,0.00049409806,1
BDH2,9,0.010861691,0.0012068546,1
ALPL,36,0.010855992,0.00060311065,2
CDH8,189,0.010840933,0.0015487047,27
NLGN1,28,0.010832624,0.0015475177,4
BRD7,7,0.01083006,0.0015471514,1
MAP1B,25,0.0108283,0.00216566,5
IL9,168,0.010819601,0.00051521906,8
FUCA2,18,0.010806969,0.0012007745,2
ZNF25,4,0.0107919965,0.0026979991,1
IQGAP2,48,0.010791489,0.00067446806,3
CHST8,24,0.010779235,0.0013474043,3
FBXL19,7,0.010763897,0.0015376995,1
TOM1,5,0.010759914,0.0021519829,1
B3GNT2,1066,0.010747261,0.0008267124,82
LGMN,8,0.010735471,0.0013419339,1
CTSH,99,0.010728168,0.0011920187,11
ARHGAP45,10,0.010723524,0.0010723524,1
ANGPT1,20,0.010720211,0.00053601054,1
FXYD4,33,0.010717414,0.0009743104,3
PPFIA2,10,0.010688432,0.0010688432,1
ATG12,21,0.010686735,0.0005088921,1
CACNA1B,20,0.010683767,0.00053418835,1
ARHGAP23,12,0.010680974,0.0017801623,2
ALOX5AP,14,0.010680843,0.0007629174,1
AVPR1A,28,0.010671493,0.0007622495,2
HAO2,9,0.01067062,0.0011856244,1
PDE8B,11,0.010661446,0.00096922234,1
IYD,6,0.010660688,0.0017767814,1
PNLIPRP1,15,0.010648414,0.00070989423,1
P4HA2,63,0.010639789,0.0011821988,7
SAMHD1,16,0.010636441,0.0013295552,2
FCGR3B,32,0.010610284,0.00066314277,2
CIITA,90,0.010580502,0.0010580502,9
ST6GAL2,50,0.010572144,0.0010572143,5
PRXL2B,48,0.010568983,0.00022018714,1
RGS1,720,0.010565971,0.0007043981,48
IL36B,6,0.010560049,0.0017600082,1
MCHR2,50,0.010547392,0.0010547392,5
NDUFS4,19,0.010544284,0.0005549623,1
C4BPB,7,0.010529508,0.0015042154,1
TSC2,68,0.010523267,0.00015475393,1
IL1F10,7,0.010518572,0.0015026532,1
CDK6,74,0.010512111,0.00014205555,1
PHLPP1,40,0.010497661,0.0013122077,5
INPP5K,16,0.010496032,0.000656002,1
CDK5R1,38,0.010485519,0.0002759347,1
FBXO32,64,0.010480454,0.0006550284,4
CHMP7,18,0.010479545,0.000582197,1
POU4F2,8,0.010471227,0.0013089033,1
AK3,56,0.0104609765,0.00074721256,4
NOTCH2,32,0.0104530165,0.00032665677,1
THRB,18,0.010450627,0.0005805904,1
SESN1,13,0.010448096,0.0008036997,1
MMP10,9,0.010442997,0.001160333,1
ZNF875,4,0.0104408,0.0026102,1
GAS2,7,0.010409908,0.0014871297,1
UTP15,10,0.010408272,0.0020816545,2
GABPA,8,0.010401813,0.0013002267,1
CYP7B1,24,0.010394013,0.00043308386,1
PKP4,13,0.010391109,0.00079931604,1
ESD,6,0.01038818,0.0017313632,1
ASB18,7,0.010386507,0.0014837867,1
PLK2,45,0.010384181,0.00069227867,3
HPSE,12,0.010383477,0.00086528977,1
KIF17,9,0.010363846,0.0011515385,1
ITPKB,44,0.01035297,0.0009411791,4
FCN2,8,0.010351228,0.0012939034,1
WHAMM,6,0.010339549,0.0017232582,1
CDH3,90,0.010333242,0.001148138,10
SLC2A11,7,0.010331726,0.0014759608,1
DOK5,42,0.0103262765,0.0014751824,6
CA12,3,0.010309596,0.0034365319,1
CHST1,7,0.010308615,0.0014726593,1
HLA-DOA,1247,0.010308403,0.00035546217,43
FNTB,10,0.0103078345,0.0010307834,1
SLC23A2,5,0.01029527,0.002059054,1
NCK2,126,0.01028112,0.00024478856,3
FXYD3,10,0.0102664735,0.0010266474,1
SULT1B1,6,0.010263543,0.0017105904,1
NXT1,18,0.010253035,0.0011392261,2
FERMT3,6,0.010245788,0.0017076313,1
CHL1,18,0.010237977,0.0017063295,3
LCLAT1,10,0.010236422,0.0010236421,1
DEFB1,7,0.0102351885,0.0014621698,1
NDST3,9,0.010235043,0.001137227,1
ITGA2,44,0.010233141,0.00023257137,1
NUBPL,6,0.010231276,0.0017052126,1
EFNB2,11,0.010225975,0.0009296341,1
SGK2,7,0.010223271,0.0014604673,1
DYNC2I1,16,0.010217259,0.0012771573,2
HDAC7,40,0.010217176,0.0002554294,1
AP4B1,6,0.010214505,0.0017024175,1
TFAP2D,21,0.010207806,0.001458258,3
DAB2,32,0.01018682,0.00063667627,2
UGP2,128,0.010181326,0.00031816645,4
NR2F2,30,0.010169124,0.0016948541,5
SLC28A1,10,0.010167662,0.0010167662,1
DEFB112,5,0.01015784,0.002031568,1
RARS1,22,0.010156006,0.0009232732,2
SYT9,14,0.0101453075,0.0014493295,2
CTH,230,0.010142682,0.0002204931,5
FANCI,22,0.0101348115,0.0009213465,2
SEMA6D,112,0.010125289,0.0012656611,14
GRIK2,110,0.010124479,0.001012448,11
IFNL1,10,0.010123738,0.0010123738,1
RGS9,75,0.010122291,0.0004048916,3
PEAK1,6,0.010118869,0.0016864782,1
PIP4K2A,31,0.010115916,0.00032631986,1
SLC36A4,8,0.010111905,0.0012639881,1
CYP2F1,38,0.010108193,0.00053201016,2
CCL19,165,0.01008549,0.000672366,11
BTG1,8,0.010084525,0.0012605656,1
ANO6,42,0.0100843655,0.0016807275,7
ST6GALNAC1,9,0.010083136,0.0011203485,1
FANCF,16,0.010074807,0.0012593509,2
B4GALT4,14,0.010070536,0.00071932405,1
SLC38A3,11,0.0100677125,0.0009152466,1
BRD4,5,0.0100607965,0.0020121592,1
CRNKL1,5,0.0100489305,0.0020097862,1
TAF2,40,0.010033337,0.00050166686,2
RAB11B,13,0.010031875,0.0007716827,1
PFAS,25,0.010023998,0.00040095992,1
MMP24,5,0.010018912,0.0020037824,1
GALNT14,16,0.010005396,0.0012506745,2
SLC16A7,96,0.0100015905,0.0012501988,12
ALDH18A1,32,0.009999953,0.0012499942,4
MYLK4,20,0.009997327,0.0009997326,2
RSPO4,5,0.009988029,0.0019976057,1
IL12RB1,48,0.009978308,0.00041576283,2
SKA1,18,0.009977008,0.00055427826,1
ADSS2,30,0.009969538,0.00033231793,1
KEAP1,208,0.009968728,0.0003834126,8
RPL37,26,0.009951062,0.00038273312,1
COL11A1,70,0.009943937,0.0009943936,7
ARHGEF3,28,0.009936324,0.0007097375,2
DOCK4,39,0.009930125,0.0007638558,3
SGMS2,9,0.009902571,0.0011002857,1
RHOF,8,0.009897175,0.0012371469,1
DLG5,30,0.009885918,0.0009885918,3
KCNA4,5,0.009872359,0.0019744718,1
CDH18,54,0.009868599,0.0016447664,9
KMT5A,72,0.009858083,0.0005476712,4
DNAL4,16,0.009855509,0.0012319386,2
SH2B3,34,0.009827219,0.0005780717,2
CD33,6,0.009827018,0.0016378363,1
SEC16B,24,0.009815785,0.0012269731,3
NEIL2,30,0.009808271,0.0009808271,3
PPM1E,5,0.009790247,0.0019580494,1
TRIM27,45,0.009764594,0.000650973,3
CNEP1R1,12,0.009762831,0.0016271386,2
PIK3R5,82,0.009736808,0.00023748312,2
EFNA4,39,0.009724318,0.0007480245,3
ARID3A,7,0.009721593,0.001388799,1
RSPO3,460,0.009694433,0.0009694433,46
COL5A2,12,0.00969437,0.0008078642,1
VCAM1,627,0.009691266,0.00029367473,19
PEX13,12,0.009686369,0.0008071975,1
CCR4,391,0.009676264,0.000569192,23
PROK1,7,0.00967559,0.0013822272,1
RRAGD,24,0.009665776,0.00040274067,1
TAS2R1,7,0.009658663,0.001379809,1
IL12RB2,480,0.009654536,0.0004827268,24
ST6GALNAC5,16,0.009649163,0.0012061454,2
CNR1,40,0.009647686,0.00048238432,2
PTPRS,6,0.009647373,0.0016078955,1
E2F6,5,0.009639365,0.0019278729,1
MLLT3,90,0.009638692,0.0016064487,15
PLXNC1,18,0.009637438,0.0016062396,3
LEMD2,10,0.009628043,0.00096280425,1
KIR3DL2,18,0.009612343,0.0016020573,3
SULT1C4,6,0.009612096,0.0016020159,1
CAMK1G,5,0.009611477,0.0019222954,1
DOK4,5,0.009601301,0.0019202601,1
RELN,16,0.009600662,0.00060004136,1
WWC1,14,0.009594708,0.0013706725,2
UBE2D2,32,0.009592414,0.00029976293,1
PDE4A,126,0.009586094,0.000684721,9
CHP1,9,0.0095841335,0.0010649037,1
KRT27,4,0.009573767,0.0023934417,1
PRMT6,20,0.009568725,0.0009568725,2
IDUA,11,0.009567126,0.0008697387,1
RGS4,104,0.009560728,0.0007354407,8
IGFBP4,7,0.00955506,0.0013650086,1
DDC,205,0.009550275,0.00023293355,5
ARHGAP33,8,0.009548656,0.001193582,1
ELAVL1,34,0.009548138,0.00056165515,2
TUFM,6,0.009538196,0.0015896993,1
CTDSP1,24,0.009535104,0.0015891842,4
ABO,32,0.009525852,0.0011907315,4
PIK3R6,42,0.009502266,0.00022624442,1
TPST2,7,0.009500913,0.0013572733,1
SLC19A2,9,0.009491098,0.0010545665,1
TRAPPC4,14,0.009482453,0.000677318,1
GSTA4,34,0.009466938,0.0005568787,2
HSD17B12,30,0.009466789,0.0006311193,2
EXT1,44,0.009460166,0.00086001505,4
KCNK2,120,0.0094549125,0.00094549125,12
CXXC4,8,0.009441932,0.0011802415,1
CPSF2,64,0.009435701,0.0005897313,4
EXOC4,9,0.009433845,0.001048205,1
PTCD3,12,0.00941416,0.0015690266,2
WARS1,11,0.009404176,0.0008549251,1
CHST3,10,0.009391642,0.0009391642,1
CALML6,46,0.009389515,0.00020411989,1
SPSB1,7,0.009374961,0.0013392802,1
ACTR5,4,0.009373737,0.0023434341,1
NCEH1,16,0.009372546,0.0011715683,2
SALL4,20,0.009357135,0.0009357135,2
LMO1,25,0.009354172,0.0018708345,5
SLC6A1,32,0.009351366,0.0005844604,2
FA2H,12,0.0093491385,0.0015581897,2
SLC27A2,37,0.009345187,0.00025257262,1
CLEC4E,12,0.009334571,0.0015557618,2
H4C4,94,0.009324405,9.91958e-05,1
SRP9,5,0.009324107,0.0018648214,1
WDPCP,2,0.009315848,0.004657924,1
GNA12,36,0.009313539,0.00025870942,1
ADAMTS3,21,0.009308876,0.0013298393,3
SLC5A9,7,0.009307556,0.0013296509,1
IVL,20,0.009306251,0.0018612501,4
ALDH1L2,6,0.009287367,0.0015478944,1
KMT2A,14,0.009282325,0.00066302327,1
LMX1B,5,0.0092804,0.00185608,1
IL20,40,0.009279164,0.0011598954,5
SEC24D,17,0.009278297,0.0005457822,1
MUC2,13,0.009276141,0.0007135493,1
OR5AK2,3,0.009265596,0.003088532,1
CDH9,60,0.009264495,0.0015440825,10
ADRA2A,63,0.009261779,0.0004410371,3
TAP2,90,0.009256149,0.0006170766,6
FRK,36,0.009255314,0.0010283682,4
MIRLET7I,5,0.009248624,0.0018497247,1
EPHB2,20,0.009246588,0.0004623294,1
PRG3,4,0.009245437,0.0023113592,1
PI3,6,0.0092362575,0.0015393762,1
AP3B1,9,0.009229419,0.0010254909,1
RAB6B,12,0.009224942,0.00076874514,1
SLC39A8,176,0.009213955,0.0008376323,16
IRF4,756,0.009211101,0.0005117278,42
SEC61G,42,0.009208068,0.00065771915,3
TNFSF4,119,0.00920002,0.0013142885,17
RASSF1,12,0.009197383,0.0007664486,1
ADRA1A,152,0.009186545,0.0001208756,2
SLC1A3,112,0.009186371,0.0005741482,7
YKT6,21,0.009185375,0.0004373988,1
SEC24C,17,0.009155965,0.0005385862,1
GRM7,68,0.009153612,0.0005384477,4
KRT32,4,0.009153551,0.0022883879,1
CH25H,56,0.009152187,0.0006537277,4
UTS2B,8,0.009146748,0.0011433435,1
TCF4,20,0.009140483,0.00045702414,1
GPR18,16,0.009135488,0.001141936,2
ATG2B,7,0.009125981,0.0013037116,1
CLDN16,10,0.009125729,0.0009125729,1
PPM1B,35,0.009118731,0.0013026759,5
SORBS1,36,0.00911227,0.0010124744,4
EPS15L1,20,0.009100405,0.00091004046,2
RNF43,6,0.009090561,0.0015150936,1
HTR3B,5,0.009084402,0.0018168803,1
TBC1D4,33,0.009079582,0.0008254165,3
KIF1B,9,0.009058258,0.0010064731,1
TXNL4A,7,0.009049745,0.0012928208,1
THBS2,20,0.009047216,0.00045236078,1
SLC2A9,21,0.009045419,0.0012922027,3
ETV6,60,0.009042622,0.0009042621,6
YAF2,6,0.009042217,0.0015070363,1
RAB19,3,0.009041334,0.0030137778,1
GALNT2,14,0.009039471,0.0006456765,1
KCTD3,25,0.009031502,0.0018063004,5
PRCC,16,0.009030653,0.0011288316,2
CLDN10,30,0.009021775,0.0009021775,3
ACSL3,39,0.009021141,0.0002313113,1
UBE2R2,18,0.009019006,0.0010021117,2
PLEK,273,0.009016152,0.0012880216,39
LCN9,4,0.009015573,0.0022538933,1
AMBRA1,14,0.0090152295,0.00064394495,1
CDH12,30,0.009015171,0.0015025284,5
TARS1,28,0.009010825,0.0012872608,4
GPD2,38,0.008998637,0.00047361245,2
FSTL1,24,0.00898244,0.001122805,3
STK38,8,0.008981154,0.0011226443,1
KRT38,5,0.008979766,0.0017959531,1
GBP2,6,0.008963546,0.0014939243,1
CADM1,184,0.008960128,0.001120016,23
PSMB7,36,0.008953834,0.0002487176,1
KCNK9,135,0.008950617,0.000994513,15
SH2D2A,11,0.008949143,0.00081355846,1
MRPL19,8,0.008948993,0.0011186241,1
SLC22A11,12,0.008945197,0.0014908661,2
ATP8B2,7,0.008936131,0.0012765902,1
TULP4,3,0.008933278,0.0029777593,1
CDC42SE2,5,0.008927901,0.0017855803,1
RCHY1,14,0.008926454,0.00063760387,1
VRK1,9,0.008924883,0.0009916537,1
CD109,14,0.008914748,0.0012735354,2
TRIOBP,4,0.00891066,0.002227665,1
SLC28A3,72,0.008902274,0.0007418562,6
CTSF,5,0.008900825,0.001780165,1
TAS1R2,24,0.00889705,0.0011121313,3
UGT2B10,56,0.008895788,0.00031770673,2
DEFB115,5,0.008894597,0.0017789195,1
RNGTT,64,0.008890657,0.00055566605,4
RHPN2,9,0.008887185,0.000987465,1
AK5,22,0.008879393,0.00080721756,2
NLRP3,99,0.0088700345,0.00026878892,3
IL37,16,0.008866064,0.001108258,2
CYS1,10,0.008865282,0.0017730566,2
BABAM2,17,0.008863998,0.00052141165,1
STX1B,10,0.008848493,0.0008848493,1
MAPKAPK3,48,0.008847795,0.00018432907,1
NDUFS2,21,0.008847407,0.0004213051,1
PLEKHG1,12,0.008844633,0.0014741053,2
TUBGCP5,11,0.008837102,0.0008033729,1
MIA2,8,0.008836212,0.0011045265,1
FPR3,42,0.00883345,0.0006309607,3
KLF4,304,0.008832955,0.00046489236,16
ULBP3,8,0.008832746,0.0022081865,2
CD34,6,0.008822002,0.0014703338,1
CEACAM3,5,0.008818148,0.0017636295,1
POLD1,52,0.008811351,0.00016944905,1
CNTN6,112,0.008810266,0.0011012832,14
CFH,8,0.008810085,0.0011012607,1
LDHB,18,0.008790624,0.00048836804,1
DEFA5,8,0.008789173,0.0010986467,1
AKAP1,6,0.008787474,0.0014645789,1
SLC1A7,11,0.00877824,0.0007980218,1
RHOU,10,0.008777671,0.001755534,2
NAPRT,10,0.008766109,0.0008766109,1
SNAPC3,7,0.008763947,0.0012519924,1
CRP,40,0.008760319,0.00087603193,4
FAR1,20,0.008725895,0.0017451791,4
CDH17,14,0.008719132,0.0012455903,2
MRPS11,7,0.008717623,0.0012453747,1
LRP5,108,0.0087141385,0.0002420594,3
QRFPR,40,0.008703886,0.0010879857,5
ENPP3,13,0.008694635,0.0006688181,1
GLYCTK,19,0.008694283,0.00045759382,1
IL36A,12,0.008693957,0.0014489929,2
CDH5,108,0.0086815795,0.00048230996,6
PPP6R3,39,0.008668363,0.00066679716,3
FKBP5,34,0.008668119,0.00050988933,2
PPIF,143,0.008657207,0.0007870188,13
SEMA7A,6,0.008650339,0.0014417232,1
LEPR,120,0.008649143,0.00043245716,6
COMP,13,0.00864356,0.00066488923,1
PRKD2,10,0.008642943,0.00086429424,1
CXCL6,16,0.008642544,0.000540159,1
CRY2,5,0.008640286,0.0017280572,1
PTPN5,4,0.008630591,0.0021576479,1
MMUT,117,0.00862979,0.00022127666,3
HFE,5,0.008628726,0.0017257452,1
IFT27,8,0.0086269695,0.0010783712,1
DGKB,52,0.008619986,0.0006630758,4
FAH,21,0.008614778,0.0004102275,1
FCGR2B,13,0.008614479,0.0006626522,1
SLC5A11,7,0.00860991,0.0012299871,1
PODXL,45,0.008593589,0.0017187179,9
JUND,30,0.008593566,0.00028645218,1
TNR,30,0.008593491,0.0008593491,3
A1BG,7,0.008588367,0.0012269096,1
MUC15,9,0.008584483,0.0009538314,1
HARS1,10,0.008579774,0.0008579774,1
HTR3E,10,0.008574318,0.0017148637,2
GPC1,130,0.008568672,0.00032956433,5
SHB,60,0.0085642515,0.00085642515,6
RAB23,7,0.008551811,0.0012216873,1
ZNF596,12,0.008547177,0.0021367942,3
SLC7A5,132,0.008541841,0.00019413278,3
PLD2,49,0.008539116,0.00017426767,1
KIR2DL1,12,0.0085352175,0.0014225363,2
DBNL,15,0.008532358,0.0005688239,1
STIM1,16,0.008526771,0.0005329232,1
ARAP2,154,0.008524329,0.0006088806,11
DGKI,13,0.008523085,0.00065562193,1
PHLDA1,20,0.008508045,0.0017016091,4
ITSN2,7,0.008505699,0.0012150999,1
DEFB124,5,0.008504566,0.0017009132,1
MTHFD1L,15,0.008496487,0.0005664324,1
ESRRB,32,0.008484787,0.0010605984,4
CDC5L,5,0.008481344,0.0016962688,1
OAZ1,6,0.008471287,0.0014118812,1
HS3ST4,168,0.008471193,0.0010588991,21
DLC1,24,0.008469293,0.0007057744,2
H6PD,6,0.00846841,0.0014114017,1
CDK2,128,0.008464769,6.613101e-05,1
GGH,11,0.008463948,0.0007694498,1
CDC42BPA,10,0.008461223,0.0008461223,1
MAP3K5,53,0.008457302,0.00015957173,1
ELF2,6,0.008442955,0.0014071591,1
RAB12,70,0.008434644,0.0012049491,10
SLC24A4,20,0.008434364,0.0016868727,4
TJP2,36,0.008422781,0.00046793226,2
SLC26A9,12,0.008420411,0.0014034018,2
UTP20,8,0.008417066,0.0021042665,2
CFB,13,0.008414162,0.0006472432,1
RNF144B,24,0.00838927,0.0013982117,4
SELL,27,0.008378058,0.00093089533,3
EVC2,8,0.008362769,0.0010453461,1
SKI,42,0.008354772,0.00039784628,2
FGFBP3,6,0.0083455555,0.001390926,1
RAP1GAP,11,0.008309223,0.00075538387,1
NRXN1,28,0.008303805,0.0011862579,4
CLCA2,14,0.008300977,0.0011858537,2
TRAPPC11,20,0.008289706,0.0016579413,4
SLC44A1,36,0.008281727,0.00069014396,3
MRPS21,7,0.008274357,0.001182051,1
DDHD1,15,0.008267453,0.0016534906,3
MMP15,21,0.008259333,0.0011799047,3
EEA1,15,0.0082554035,0.0016510807,3
NIPSNAP2,6,0.008250624,0.001375104,1
KAT2B,132,0.008249696,0.0001249954,2
ACTR3C,9,0.008239453,0.00091549475,1
ETNPPL,18,0.008222449,0.0013704082,3
SYDE2,5,0.008222382,0.0016444763,1
CPE,30,0.00822185,0.00164437,6
ARHGEF10L,30,0.008218763,0.00054791756,2
HCAR1,9,0.00820532,0.00091170217,1
IRAG1,12,0.008198899,0.0013664832,2
H3C6,71,0.00819435,0.00011541338,1
SLU7,18,0.008186738,0.00090963754,2
GBP5,5,0.0081818905,0.0016363781,1
HAUS6,16,0.008154607,0.00050966296,1
IWS1,15,0.008142785,0.0016285572,3
AGO2,33,0.008136471,0.00024655974,1
RGS14,39,0.0081342,0.0006257076,3
PTPN22,6,0.008133484,0.0013555806,1
CTSO,25,0.008132825,0.0016265648,5
CD68,5,0.008126168,0.0016252336,1
FOXM1,11,0.00811366,0.00073760544,1
CXCR5,300,0.008107012,0.0005404675,20
BAAT,74,0.008103795,0.0002190215,2
KNG1,90,0.008095523,0.0001799005,2
CXCR6,12,0.0080935545,0.0006744629,1
PINK1,30,0.008086828,0.0005391218,2
EZR,31,0.00808558,0.00026082515,1
NMS,24,0.0080843065,0.0010105383,3
IDI2,11,0.008081459,0.0007346781,1
DRD3,60,0.008076313,0.00040381562,3
TCN2,16,0.008074012,0.0010092515,2
FILIP1,10,0.008073363,0.0016146727,2
MRPL9,7,0.008061524,0.0011516463,1
TUSC3,36,0.008061189,0.0008956877,4
SNRPB2,16,0.008053851,0.0010067314,2
DEFB123,5,0.0080478005,0.0016095601,1
HPGDS,18,0.008039723,0.00044665128,1
WDR11,45,0.008029399,0.00160588,9
UVSSA,12,0.008025495,0.0013375825,2
HLA-DOB,493,0.008024093,0.00027669285,17
TNS3,49,0.0080141025,0.0011448717,7
GDF6,52,0.0079991715,0.00061532087,4
BCL3,5,0.007998653,0.0015997306,1
PTPRR,15,0.00798009,0.0015960179,3
OR8B8,8,0.007979918,0.0019949796,2
ENPP6,6,0.0079797795,0.0013299632,1
SOAT1,33,0.007977235,0.0002417344,1
ITGA1,92,0.00797675,0.0001734076,2
PKD2,10,0.007975092,0.0015950185,2
HIVEP3,5,0.007972036,0.0015944071,1
RORC,12,0.00797026,0.00066418835,1
RCN1,5,0.00796903,0.0015938061,1
MUC21,90,0.00795174,0.00088352663,10
ANG,24,0.007943931,0.0009929914,3
CSNK1G3,45,0.007940156,0.00088223955,5
PRCP,8,0.007937248,0.000992156,1
RYR3,21,0.007934492,0.00037783297,1
PXMP4,3,0.007933517,0.0026445056,1
OR10A2,8,0.007931316,0.001982829,2
SLC2A13,112,0.007926496,0.0011323565,16
OR52M1,3,0.007919261,0.0026397537,1
ANP32A,12,0.00790631,0.0013177183,2
CSF2RB,96,0.007905694,0.00024705293,3
USO1,15,0.007901546,0.0005267697,1
GP6,49,0.007900267,0.0011286095,7
RNLS,78,0.007895371,0.0013158952,13
PLPPR3,6,0.007891582,0.0013152637,1
NDUFAF2,7,0.007860817,0.0011229739,1
SETD6,4,0.007860479,0.0019651197,1
SPARCL1,4,0.007857643,0.0019644108,1
GINS3,14,0.007856405,0.0011223436,2
POLN,5,0.007851075,0.0015702151,1
GJD2,20,0.007839527,0.0015679053,4
CISH,22,0.007838302,0.00035628647,1
HOMER2,10,0.0078332,0.00156664,2
QKI,6,0.007828077,0.0013046796,1
RHOB,124,0.0078089857,0.00025190276,4
POLI,9,0.0078026643,0.0008669627,1
OSBPL5,12,0.007799806,0.0012999678,2
SCN11A,8,0.007782534,0.0009728168,1
GALR1,200,0.007780718,0.0007780718,20
KIF13A,16,0.0077634184,0.0019408546,4
LCE2B,8,0.007761077,0.0019402693,2
ATG7,20,0.0077594365,0.0003879718,1
FAN1,6,0.007757374,0.0012928956,1
EED,145,0.0077501005,0.00026724485,5
QTRT2,3,0.0077498592,0.0025832865,1
H4C5,94,0.0077417474,8.2359016e-05,1
DNM2,48,0.007738378,0.0001612162,1
FRS3,32,0.007737953,0.00024181104,1
FER,18,0.007734296,0.00085936615,2
MTF2,150,0.0077331434,0.0012888573,25
SLC15A4,224,0.007727134,0.0011038763,32
NAT8B,3,0.0077089597,0.0025696533,1
PEX14,24,0.0076999916,0.00064166595,2
RING1,135,0.0076984367,0.0002851273,5
TBPL2,18,0.0076980777,0.0012830129,3
RIC1,7,0.0076935086,0.0010990726,1
PTPRD,65,0.007679374,0.0015358749,13
SLC25A2,24,0.007676704,0.00063972536,2
RUFY1,6,0.007674962,0.0012791603,1
ZNF423,21,0.0076630767,0.0010947253,3
UGT2B4,112,0.0076587508,0.00027352682,4
ATG3,8,0.007658184,0.000957273,1
STX18,7,0.0076578567,0.0010939796,1
STON1,4,0.0076557104,0.0019139276,1
FYB1,12,0.0076442417,0.00063702016,1
SLC11A1,48,0.0076439152,0.000636993,4
ATN1,5,0.007636264,0.0015272528,1
CHST6,42,0.007628947,0.0010898495,6
H2BC5,176,0.0076201474,8.659258e-05,2
SSC5D,3,0.0076093134,0.0025364377,1
CDC42EP1,11,0.007607465,0.00069158775,1
C1GALT1,8,0.0076063504,0.0009507938,1
RPN1,11,0.007598222,0.00069074746,1
CHID1,4,0.00759478,0.001898695,1
MRM1,8,0.0075826356,0.0018956589,2
LRP6,84,0.007575522,0.00018036958,2
PLEKHA6,6,0.0075727967,0.0012621328,1
ZNF189,4,0.0075725303,0.0018931326,1
TSC22D1,8,0.007572189,0.0018930472,2
SIRT5,7,0.0075680567,0.001081151,1
KALRN,25,0.007554996,0.00030219983,1
RAB44,12,0.007552595,0.0012587658,2
ABCB4,9,0.0075477757,0.0008386418,1
LGALS1,6,0.007542786,0.001257131,1
ZNF682,8,0.007540625,0.0018851563,2
MFSD2A,5,0.00753207,0.001506414,1
LMBRD1,5,0.0075276727,0.0015055345,1
ZNF14,15,0.0075269304,0.0015053861,3
FTMT,40,0.007526698,0.00075266976,4
NHEJ1,7,0.0075097713,0.0010728245,1
ACER2,32,0.007506678,0.00093833474,4
TCAP,3,0.007505137,0.0025017124,1
ANK3,30,0.0074969605,0.00049979734,2
MED24,24,0.0074866246,0.0012477709,4
BCL2L14,24,0.007483518,0.0009354398,3
MZT1,99,0.0074796597,0.0008310733,11
IRS2,704,0.007476905,8.496483e-05,8
MTNR1B,44,0.0074628545,0.0006784413,4
CYB5R2,5,0.007461862,0.0014923725,1
OR10G4,3,0.0074493624,0.002483121,1
EPAS1,38,0.0074493363,0.00039207033,2
GDF2,14,0.0074475566,0.0005319683,1
ATP8B4,18,0.00744292,0.0012404866,3
NPY2R,40,0.007438436,0.0007438436,4
UBE3C,10,0.007437964,0.0014875927,2
NTN1,16,0.0074317823,0.0004644864,1
MRC1,11,0.0074315425,0.0006755948,1
SMAD7,156,0.0074255513,0.00019039874,4
SPAM1,7,0.0074254223,0.0010607747,1
FGFBP2,18,0.0074248253,0.0012374708,3
TNN,20,0.007422679,0.00074226793,2
ZWINT,36,0.007419698,0.00041220544,2
USP47,12,0.007416576,0.001854144,3
MUC13,16,0.0074162213,0.00046351383,1
OPA1,4,0.007414561,0.0018536403,1
ZNF627,8,0.007408097,0.0018520242,2
CDK12,30,0.007393986,0.0014787973,6
DNAJA4,3,0.007393809,0.002464603,1
KMO,14,0.0073839733,0.00052742666,1
CARD8,9,0.0073772357,0.00081969285,1
NEDD4L,128,0.0073756888,0.00023049027,4
PTTG1,340,0.0073753325,0.00043384306,20
OTUB1,5,0.007374193,0.0014748386,1
DSCAM,49,0.0073726336,0.0010532334,7
GHR,48,0.007370189,0.00030709122,2
KLK5,3,0.0073675984,0.0024558662,1
TXN,59,0.0073579457,0.00012471095,1
SAR1B,17,0.0073540374,0.00043259043,1
RGS6,64,0.0073443404,0.00045902128,4
FKBPL,10,0.0073386114,0.0014677224,2
C9orf72,12,0.0073356912,0.0018339228,3
PDP1,5,0.0073355883,0.0014671177,1
COL4A2,37,0.007335324,0.00019825199,1
IGFBP3,200,0.00733229,0.0002932916,8
UGT2A2,15,0.007331641,0.0004887761,1
NPSR1,14,0.007328325,0.0005234518,1
CD8A,19,0.0073259627,0.00038557698,1
SLC44A5,18,0.0073256083,0.0008139565,2
CDC42EP3,20,0.0073255096,0.000732551,2
PPA2,14,0.0073148357,0.0010449765,2
WDR46,4,0.0073114196,0.0018278549,1
MRPL3,7,0.0073075965,0.0010439424,1
ERP29,14,0.0073019997,0.00052157143,1
CDH10,6,0.0072953436,0.0012158906,1
PSMB9,189,0.00729316,0.00027011705,7
TNFRSF8,6,0.007292274,0.001215379,1
ENGASE,5,0.0072820587,0.0014564118,1
HHAT,14,0.0072725695,0.0010389385,2
CD2AP,18,0.0072688716,0.00080765237,2
MCOLN3,5,0.0072681,0.00145362,1
ARHGAP25,5,0.0072563104,0.001451262,1
MSH3,8,0.0072540045,0.00090675056,1
TREH,48,0.0072420803,0.0012070134,8
GNLY,4,0.0072404263,0.0018101066,1
CHRNA1,13,0.007228372,0.0005560286,1
RAET1E,4,0.007228226,0.0018070565,1
SLIT3,16,0.0072242063,0.0009030258,2
AQP9,91,0.0072186757,0.0010312394,13
RGS21,185,0.0072125657,0.0014425131,37
CBR4,10,0.0072102216,0.0014420443,2
LIPG,32,0.0072086863,0.0009010858,4
C4BPA,8,0.0071887635,0.00089859543,1
ITGB3,96,0.0071841083,7.483446e-05,1
XCR1,429,0.007177897,0.0005521459,33
ADO,483,0.0071731005,0.0010247286,69
EXO1,28,0.0071491944,0.00025532837,1
OR5L1,3,0.007146733,0.0023822442,1
WLS,9,0.007142385,0.002380795,3
AASS,15,0.007140574,0.00047603826,1
ADGRE1,5,0.007138797,0.0014277594,1
CD2BP2,6,0.0071384963,0.0011897493,1
LOXL1,15,0.007138181,0.0014276361,3
OR56B1,3,0.007138146,0.002379382,1
APOA5,27,0.0071369414,0.0007929935,3
IL1RL2,168,0.007132476,0.0010189252,24
DDAH1,55,0.0071173995,0.00142348,11
MT1X,7,0.0071012033,0.0010144577,1
IL26,12,0.007100168,0.0011833613,2
NMNAT2,78,0.007099235,0.000546095,6
IL17F,30,0.007082069,0.0011803448,5
NCF2,176,0.0070750928,0.00016079756,4
ATIC,112,0.007068717,0.0002524542,4
MYO19,5,0.007065404,0.0014130808,1
HEYL,16,0.007062105,0.00044138156,1
MEX3C,8,0.0070593082,0.0017648271,2
MTERF1,12,0.007058583,0.0017646458,3
SLC35D2,13,0.007047294,0.00054209953,1
OR10A4,4,0.007040219,0.0017600547,1
CEMIP,10,0.0070342356,0.001406847,2
LTF,55,0.007030671,0.0006391519,5
SSR2,24,0.007021876,0.001755469,6
OR4A47,3,0.007010037,0.002336679,1
SQSTM1,45,0.0070051593,0.0001556702,1
IGFBP7,11,0.007005137,0.00063683063,1
PAPSS2,20,0.007003546,0.00035017732,1
ZFHX3,10,0.006999783,0.0013999566,2
PPT1,8,0.006991982,0.00087399775,1
DOCK9,20,0.0069904313,0.0006990431,2
PHIP,6,0.0069897617,0.0011649603,1
USH1C,15,0.0069768955,0.0013953791,3
THRAP3,3,0.006975328,0.0023251094,1
KDM4B,33,0.0069734566,0.00063395064,3
F12,36,0.00697067,0.00019362972,1
CD274,32,0.006968096,0.000871012,4
CD58,63,0.0069643655,0.0009949093,9
RNF20,11,0.006962817,0.0006329834,1
NOD1,39,0.0069619482,0.00017851149,1
SLC39A6,9,0.006958202,0.00077313354,1
NAA35,4,0.006956328,0.001739082,1
DTNBP1,12,0.006945045,0.0017362613,3
AP2A1,56,0.006942456,0.00012397244,1
P4HA3,17,0.0069423667,0.0004083745,1
SGCG,48,0.0069400407,0.0011566734,8
PDPN,3,0.0069365045,0.0023121682,1
GSC,10,0.0069336575,0.0013867315,2
TMEM132A,4,0.0069329063,0.0017332266,1
HMGA1,26,0.006931612,0.00026660046,1
FCHO2,4,0.006925893,0.0017314733,1
OPN4,8,0.0069161104,0.0008645138,1
PDCD1LG2,18,0.006915178,0.0011525297,3
ZIC2,4,0.0069117555,0.0017279389,1
RBCK1,28,0.006911197,0.0004936569,2
OR2B3,8,0.006910989,0.0017277473,2
ARHGAP15,35,0.006904077,0.0009862967,5
STARD3,8,0.0068988507,0.00086235633,1
CLDN8,10,0.006898497,0.0006898497,1
CCL21,140,0.0068877363,0.00049198116,10
FMO1,12,0.0068805553,0.0005733796,1
KSR1,30,0.0068775867,0.0002292529,1
F7,42,0.006870869,0.00016359212,1
CA2,13,0.006869989,0.0005284607,1
NPAS2,35,0.0068567484,0.0009795355,5
VAC14,12,0.006854408,0.0005712007,1
SERPINA5,5,0.0068468344,0.0013693669,1
SLC15A2,5,0.006844882,0.0013689764,1
SULT2B1,13,0.006841024,0.0005262326,1
NBAS,50,0.006838578,0.0013677155,10
SLC10A2,77,0.006836992,0.0009767133,11
PROS1,22,0.006836481,0.00031074914,1
CLEC2B,44,0.0068309917,0.0017077479,11
AEBP2,72,0.0068127355,0.0007569706,8
COL9A1,26,0.006810562,0.0002619447,1
DNAH5,32,0.00680529,0.0017013225,8
OR7A10,4,0.0067988792,0.0016997198,1
ASPG,4,0.0067820745,0.0016955186,1
SYS1,4,0.0067808256,0.0016952064,1
CACNA1G,65,0.0067808023,0.00010432003,1
GREM2,30,0.006780676,0.0013561351,6
ID4,70,0.006772357,0.0006772357,7
OR5M1,3,0.0067723375,0.0022574458,1
ST3GAL6,19,0.0067710024,0.00035636855,1
KLF5,14,0.0067600757,0.0009657251,2
SPRR2G,3,0.0067588766,0.002252959,1
HCRTR1,22,0.006757232,0.0006142938,2
CXCL11,18,0.0067491224,0.00037495125,1
PAX2,35,0.0067445906,0.0009635129,5
PRIM2,30,0.00672624,0.000224208,1
LCE1F,4,0.006724217,0.0016810542,1
S100A7A,5,0.0067236004,0.0013447201,1
SLC16A10,77,0.0067234035,0.0006112185,7
COLEC11,11,0.006717289,0.0006106626,1
DEFB136,5,0.006702094,0.0013404188,1
KAT8,8,0.0066892374,0.0016723094,2
ZFP36L1,450,0.0066867243,0.001114454,75
SRGAP2,18,0.006684661,0.00037137006,1
PRICKLE1,7,0.0066837147,0.0009548164,1
POLG,4,0.0066822935,0.0016705734,1
PSAP,20,0.0066816127,0.00033408063,1
PTPRZ1,32,0.006679188,0.0008348985,4
SPTSSA,20,0.0066786567,0.0013357312,4
NSUN2,4,0.0066752383,0.0016688096,1
OR52N1,6,0.0066700187,0.0022233396,2
EFHD2,10,0.0066661723,0.0013332344,2
CYP2W1,9,0.006661216,0.0007401351,1
GYPA,16,0.0066602565,0.0016650641,4
OR10K2,3,0.0066596773,0.0022198923,1
ZNF689,16,0.006659436,0.001664859,4
FAM20B,14,0.006656868,0.00047549055,1
FIG4,16,0.0066554043,0.00041596277,1
ASAP1,112,0.0066545545,0.00047532533,8
MUC5B,12,0.0066543426,0.00055452855,1
BAG5,4,0.006651864,0.001662966,1
ACSF2,5,0.006649013,0.0013298027,1
ACER3,22,0.006646958,0.0006042689,2
SNRPE,15,0.006645609,0.0004430406,1
GNPAT,14,0.006644608,0.00047461485,1
ENTPD5,32,0.006640366,0.00020751143,1
RNF34,11,0.0066393395,0.0006035763,1
COG3,22,0.0066361916,0.00060329016,2
GALNT3,60,0.0066356435,0.00044237621,4
PPARGC1B,17,0.006635462,0.00039032128,1
ACOT13,4,0.006632083,0.0016580208,1
PRLR,63,0.006631236,0.00031577316,3
PIGK,10,0.0066311746,0.0013262349,2
ARHGAP40,12,0.0066288374,0.0011048063,2
GALM,17,0.006627693,0.0003898643,1
SCN3A,9,0.0066213426,0.0007357047,1
NCL,16,0.0066164425,0.0008270553,2
MARCO,4,0.0066044074,0.0016511019,1
MRPL33,7,0.0066035944,0.0009433706,1
MBL2,476,0.006599154,0.0004713681,34
SYN2,36,0.0065945485,0.0010990914,6
TNFSF18,285,0.0065944674,0.0013188935,57
SKIV2L,8,0.0065942686,0.0008242836,1
GRK5,32,0.006586493,0.0004116558,2
ZNF154,4,0.0065820892,0.0016455223,1
CRTAP,4,0.006580542,0.0016451355,1
DAP3,7,0.0065778936,0.00093969906,1
ACVR1,45,0.00656187,0.00043745802,3
SOCS7,4,0.0065601827,0.0016400457,1
LORICRIN,6,0.006547072,0.0021823575,2
GPAM,350,0.0065463325,0.00018703807,10
UBE2J2,32,0.006541363,0.00040883519,2
OR2AG2,3,0.0065346933,0.002178231,1
DSC2,10,0.0065265996,0.00130532,2
USP15,22,0.006525664,0.00059324224,2
PDHX,444,0.0065246476,0.0005437206,37
DDAH2,4,0.00652459,0.0016311475,1
ST8SIA2,60,0.00651725,0.00043448334,4
IKBKE,53,0.006514436,0.00012291389,1
RXFP1,36,0.0065129967,0.00036183314,2
DLL3,22,0.0065121823,0.00029600828,1
ABI1,33,0.0065012476,0.00019700751,1
ALDH1L1,13,0.0064929943,0.0004994611,1
ASB2,14,0.006489713,0.0009271019,2
LGALS9,65,0.0064890836,0.0012978168,13
ZNF133,4,0.006477374,0.0016193435,1
OR52N2,3,0.006477049,0.0021590164,1
ZFP1,56,0.006476687,0.0016191717,14
RAB25,8,0.006476269,0.0016190673,2
SEPSECS,14,0.0064725205,0.0009246458,2
FCER2,18,0.0064668283,0.00071853644,2
GABRA1,20,0.0064618043,0.0003230902,1
LGR5,10,0.0064470884,0.0012894177,2
ATP13A2,8,0.006446833,0.0016117082,2
NRXN3,40,0.0064416775,0.0012883355,8
TLL2,8,0.006438601,0.0008048251,1
LILRB4,170,0.0064370087,0.0012874017,34
DACT1,24,0.0064364,0.0016091,6
MEPE,12,0.006433004,0.001608251,3
SALL1,55,0.0064248634,0.0012849726,11
PDE7B,18,0.006419709,0.00071330095,2
SLC4A3,24,0.0064148246,0.0016037062,6
CHST10,64,0.006414407,0.00080180087,8
SPON1,10,0.0064069596,0.0012813918,2
MSX2,28,0.0064055556,0.0009150794,4
TIMELESS,28,0.0063952347,0.000913605,4
CXCL13,75,0.0063929795,0.00042619868,5
MIS18BP1,8,0.006387675,0.0015969188,2
THSD7A,24,0.0063873543,0.0015968386,6
ADAMTS16,12,0.0063787564,0.001063126,2
EPHB1,33,0.0063665747,0.0005787795,3
YY1AP1,5,0.0063647917,0.0012729584,1
ECE1,10,0.006355072,0.00063550717,1
NEK6,81,0.0063528656,0.00070587394,9
LAG3,4,0.0063521466,0.0015880367,1
OR2J2,16,0.006350359,0.0015875897,4
CD48,8,0.006347137,0.0015867843,2
MST1,12,0.006343279,0.0005286066,1
SLC15A3,8,0.006341194,0.0015852985,2
GOLGA5,5,0.006335929,0.0012671858,1
PRKAR2A,174,0.006326885,7.272282e-05,2
NUAK1,42,0.006323349,0.0010538915,7
CD5,120,0.0063173925,0.0015793481,30
CATSPERG,3,0.006314736,0.002104912,1
LAT,245,0.006312652,0.00012882963,5
HAO1,8,0.006306399,0.0007882999,1
KCNQ4,9,0.0063057328,0.000700637,1
ARSJ,56,0.0063035567,0.0007879446,7
OR6B2,3,0.0062997565,0.002099919,1
PLEKHG5,15,0.00629967,0.000419978,1
CFHR1,10,0.006298681,0.0012597363,2
HLA-DQB2,288,0.006298548,0.00034991934,16
ZNF773,4,0.00627788,0.00156947,1
SGCD,84,0.0062749456,0.0010458243,14
CHURC1-FNTB,9,0.0062695947,0.0006966216,1
DSE,27,0.00626126,0.0006956956,3
ST6GAL1,72,0.006260149,0.00026083956,3
HDAC10,25,0.0062556495,0.00025022597,1
OR10T2,6,0.0062501687,0.0020833896,2
CD53,6,0.0062428564,0.002080952,2
FBXW7,114,0.0062358845,0.00016410222,3
PREX2,26,0.0062350365,0.0004796182,2
SLC4A7,154,0.006220357,0.0004443112,11
RGS5,52,0.0062177707,0.00047829005,4
CHST2,36,0.0062143737,0.00069048593,4
CD74,90,0.0062118787,0.00062118785,9
SYN3,12,0.006208348,0.0010347246,2
KLK8,4,0.0062046973,0.0015511743,1
NCR3LG1,6,0.0062024733,0.002067491,2
AGPAT5,24,0.006202323,0.0005168602,2
ESPNL,4,0.006199698,0.0015499245,1
GCC1,10,0.006198225,0.0012396451,2
CCRL2,24,0.006194554,0.0007743192,3
EPHB4,13,0.006193748,0.00047644216,1
GBE1,42,0.006189767,0.0004421262,3
MTTP,9,0.0061793514,0.0006865946,1
INTS7,3,0.006168764,0.0020562548,1
UTP25,4,0.0061686314,0.0015421578,1
NMBR,90,0.006165168,0.0006165168,9
GTF2I,30,0.006164271,0.0012328541,6
EPHA4,165,0.006160023,0.00056000217,15
PECAM1,20,0.006159259,0.00030796294,1
CMKLR1,15,0.0061556376,0.0012311275,3
KRR1,12,0.006140905,0.0015352262,3
RAB27A,12,0.006140489,0.00051170745,1
LINGO1,16,0.0061339485,0.00076674356,2
HDAC9,30,0.006127916,0.00020426387,1
CPNE8,8,0.0061226757,0.00076533447,1
CACNA1D,50,0.0061183004,0.00012236601,1
CCNC,21,0.006118221,0.00029134387,1
PANK4,6,0.0061127823,0.001018797,1
RAB3A,48,0.0061044325,0.00025435135,2
OR52J3,3,0.006101003,0.0020336676,1
TRIM46,8,0.006096306,0.0015240764,2
FBP2,15,0.006091757,0.00040611715,1
PIGU,5,0.0060899854,0.001217997,1
DIO2,36,0.0060865334,0.0005072111,3
OR8B4,3,0.006083918,0.0020279726,1
HPR,4,0.006072172,0.001518043,1
SAA4,3,0.0060717305,0.0020239102,1
HACD4,7,0.006062992,0.0008661417,1
COL24A1,12,0.0060578054,0.0010096342,2
GMPS,35,0.0060497294,0.00017284941,1
NUB1,12,0.0060487697,0.0020162566,4
WDR41,3,0.0060437447,0.0020145816,1
ACVR1C,30,0.006034724,0.0006034724,3
TAPBP,11,0.0060290806,0.00054809824,1
GFI1,16,0.00602104,0.00150526,4
FBN1,52,0.0060182996,0.00046294613,4
CRBN,28,0.0060176365,0.0015044091,7
ZNF274,5,0.0060111596,0.001202232,1
TTC5,14,0.006008296,0.000858328,2
AK9,10,0.006006344,0.001201269,2
MYCN,9,0.0059979227,0.0019993077,3
SLC17A1,8,0.0059942817,0.0014985704,2
GLRA3,4,0.0059877895,0.0014969474,1
ARHGAP26,30,0.005987728,0.00039918185,2
ZNF671,4,0.005981604,0.001495401,1
OR11H7,3,0.005979417,0.001993139,1
CCNG1,112,0.00596391,0.00042599358,8
COL19A1,12,0.005963732,0.0009939553,2
AHI1,6,0.005959529,0.0009932548,1
CLCNKB,4,0.0059552095,0.0014888024,1
FAF1,6,0.0059500774,0.0009916796,1
OR52E4,3,0.0059429384,0.0019809795,1
RNF114,32,0.005942155,0.0014855388,8
ST6GALNAC3,72,0.0059403023,0.0003300168,4
HYKK,4,0.0059342007,0.0014835502,1
ABCC11,4,0.0059258617,0.0014814654,1
CXCL5,17,0.00592097,0.00034829235,1
S100A10,3,0.0059109116,0.001970304,1
ELK3,8,0.0059040296,0.0014760074,2
DNMT1,58,0.0058990447,0.00020341533,2
CD46,16,0.005897625,0.0007372031,2
ARHGAP44,7,0.0058923685,0.00084176695,1
NCR1,32,0.0058887918,0.0014721979,8
KIFAP3,13,0.0058883694,0.0004529515,1
TMPRSS6,20,0.0058826976,0.0014706744,5
MRPL28,7,0.0058782287,0.00083974696,1
ST8SIA5,16,0.005877764,0.0007347205,2
SNCA,88,0.0058767386,0.00053424895,8
HUS1,26,0.0058679357,0.00022568983,1
FOXO6,38,0.005867913,0.0003088375,2
BARD1,70,0.0058638435,0.00016753838,2
TRAM1,20,0.0058633974,0.0011726795,4
ZNF713,4,0.0058576935,0.0014644234,1
NPY1R,52,0.005853238,0.00045024906,4
ZNF175,48,0.005852314,0.0014630785,12
LILRA1,25,0.0058419155,0.001168383,5
CWC15,5,0.0058385557,0.0011677111,1
TMEM186,5,0.005837545,0.001167509,1
ANO4,9,0.005832028,0.0019440093,3
ASB13,7,0.00582939,0.00083277,1
MEIS1,3,0.005823153,0.001941051,1
STON1-GTF2A1L,44,0.005822343,0.0014555857,11
STRN,15,0.0058131525,0.0003875435,1
IPPK,12,0.0058014696,0.0004834558,1
NCAPD2,7,0.0057940255,0.00082771794,1
DYRK2,8,0.005791283,0.0007239104,1
NCR3,16,0.0057873037,0.0014468259,4
EVA1A,20,0.00578714,0.001446785,5
SRP68,4,0.0057823593,0.0014455898,1
DSC3,30,0.005766932,0.0019223107,10
RAD23B,56,0.005763711,0.00041169365,4
NDUFAF6,12,0.0057623386,0.00096038973,2
SMC6,5,0.0057601007,0.0011520202,1
OR51B4,3,0.005756966,0.0019189887,1
ISG20,12,0.00575041,0.0014376024,3
GALNT10,24,0.0057495334,0.0007186917,3
IDE,32,0.0057406533,0.00071758166,4
PKP2,56,0.0057390877,0.0008198697,8
POP4,20,0.005734055,0.001146811,4
GPX5,16,0.005729549,0.00035809682,1
SMC2,9,0.005725012,0.00063611247,1
SH3D19,4,0.0057219174,0.0014304793,1
ZNF135,8,0.0057172184,0.0014293046,2
OTOA,3,0.005716049,0.0019053497,1
GGA1,14,0.005715071,0.0008164387,2
GNA15,46,0.005712504,0.00012418487,1
KIF16B,32,0.0057115066,0.0007139383,4
KIF26A,16,0.0057103746,0.0007137968,2
LILRB2,56,0.0057081254,0.0008154465,8
COL21A1,6,0.005706519,0.00095108646,1
SYT11,15,0.0057059065,0.0011411813,3
LCE2A,6,0.0056891004,0.0018963668,2
CTNNA2,14,0.005689008,0.00040635772,1
GALNT1,105,0.0056888815,0.0002708991,5
KCNAB2,7,0.0056876875,0.0008125268,1
ULK1,84,0.005676238,0.00020272279,3
EPHA3,27,0.005672445,0.0006302717,3
MYB,125,0.005661937,0.00022647748,5
ADAM12,9,0.0056588976,0.0006287664,1
H4-16,95,0.0056588305,5.956664e-05,1
PLCH2,18,0.005656435,0.0006284928,2
RGMB,12,0.0056524696,0.00094207824,2
MNDA,3,0.0056496556,0.0018832185,1
FZD10,72,0.00564628,0.00015684112,2
COL26A1,14,0.0056447685,0.0008063955,2
IFNL2,10,0.0056418097,0.0011283619,2
DHX15,12,0.0056355824,0.00093926373,2
SLC24A2,80,0.0056239446,0.0011247889,16
PDE1C,22,0.0056238114,0.0002556278,1
OR5B17,3,0.005618229,0.001872743,1
HNF1A,13,0.0056150174,0.00043192442,1
ZNF706,3,0.0056031477,0.0018677159,1
OR5D14,3,0.0055994964,0.0018664988,1
COL25A1,14,0.005595932,0.0007994188,2
BATF3,5,0.0055942256,0.0011188451,1
SIPA1L1,16,0.0055754343,0.0013938586,4
ABLIM2,12,0.005573702,0.0009289503,2
TFAM,36,0.005571693,0.00046430776,3
THSD4,5,0.00557151,0.0011143021,1
IL34,6,0.0055690333,0.0009281722,1
MCOLN2,5,0.0055602007,0.0011120401,1
ATG10,49,0.0055538523,0.0007934075,7
TPK1,96,0.0055526905,0.0006940863,12
PACS1,7,0.005545973,0.0007922818,1
FCGR2A,899,0.005543089,0.00019114099,31
RNF220,4,0.005537138,0.0013842845,1
SYMPK,15,0.0055306964,0.00036871308,1
DUSP1,44,0.0055303713,0.0002513805,2
BRAP,14,0.005527597,0.00078965677,2
KMT5C,40,0.005521901,0.0011043802,8
IL13,204,0.0055149975,0.0001622058,6
GPR161,7,0.0055142236,0.0007877462,1
ZP3,4,0.005513783,0.0013784458,1
MORF4L1,96,0.005505232,0.001376308,24
OR13J1,3,0.005501451,0.001833817,1
RAB38,45,0.005501169,0.000611241,5
KRT25,20,0.0054823095,0.0013705774,5
PRAG1,25,0.0054816445,0.001096329,5
FH,35,0.005476523,0.00015647209,1
SPSB4,21,0.0054735444,0.0007819349,3
GRIK1,27,0.0054717143,0.00060796825,3
KDM3A,13,0.0054693935,0.0004207226,1
MMP11,5,0.00546725,0.00109345,1
GABRB1,60,0.0054646423,0.0003643095,4
USP12,208,0.005428244,0.001357061,52
CDSN,6,0.0054216525,0.0018072175,2
AEN,3,0.0054211263,0.001807042,1
EXTL2,72,0.0054132277,0.0013533069,18
HPX,3,0.0054081255,0.0018027085,1
CCR1,595,0.005406353,0.0003180208,35
DNM3,22,0.0054031927,0.00024559966,1
ARSA,60,0.0054017603,0.00027008803,3
ICE1,30,0.005401478,0.0018004928,10
INO80,4,0.0053950786,0.0013487696,1
PCK2,26,0.005394893,0.00020749589,1
VDR,114,0.0053927028,0.00014191323,3
PFDN4,24,0.0053923503,0.000898725,4
CRLF1,6,0.0053891786,0.0008981964,1
SLC25A13,11,0.005386203,0.00048965483,1
ARSI,184,0.0053831195,0.00067288993,23
OR6N2,6,0.0053827,0.0017942335,2
MVB12B,26,0.0053826435,0.0004140495,2
OR1F12,6,0.0053811874,0.001793729,2
MLXIP,3,0.0053761313,0.0017920438,1
RPGRIP1L,12,0.0053750444,0.00089584076,2
ZNF668,6,0.005368459,0.0017894864,2
LYZ,7,0.005367101,0.0007667287,1
ZNF568,4,0.0053657857,0.0013414464,1
ARL4C,16,0.0053571854,0.0013392963,4
EDC3,4,0.0053537525,0.0013384381,1
SEC11C,54,0.00535225,0.00059469446,6
HNRNPAB,6,0.005343532,0.002671766,3
SLC6A19,12,0.0053404784,0.00044503986,1
GYPC,21,0.0053348984,0.0017782993,7
NEDD9,12,0.0053342134,0.0013335533,3
CLEC4G,4,0.0053220238,0.0013305059,1
GNPDA1,435,0.005316687,0.0003544458,29
GIPR,16,0.00531053,0.00033190812,1
HPS1,5,0.0053101885,0.0010620377,1
GSTO1,20,0.0053025135,0.00026512568,1
AUTS2,25,0.0052953516,0.0010590703,5
FXN,12,0.0052936464,0.0008822744,2
PTPN7,11,0.0052931397,0.00048119453,1
CFI,8,0.0052817296,0.0006602162,1
ERO1B,4,0.005278769,0.0013196922,1
FGF14,26,0.00527101,0.0004054623,2
MIA3,11,0.0052669924,0.0004788175,1
DR1,6,0.0052627204,0.0017542401,2
TRDN,16,0.0052591665,0.0006573958,2
OR2V2,9,0.0052578314,0.0017526104,3
CCDC59,6,0.005256777,0.0026283886,3
VAT1,3,0.0052540796,0.0017513599,1
STXBP2,6,0.0052532614,0.00087554357,1
PPP1R12C,42,0.0052395505,0.0008732584,7
DNER,9,0.0052366564,0.0005818507,1
MIR30B,2,0.0052335,0.00261675,1
EPHA8,12,0.0052291728,0.0008715288,2
KRT1,7,0.0052273306,0.0007467615,1
CHRAC1,2,0.0052195336,0.0052195336,2
PANK3,14,0.005215836,0.00074511947,2
IL19,63,0.005210188,0.0005789098,7
ZNF771,3,0.0051909676,0.0017303225,1
OR8B3,3,0.005187096,0.001729032,1
SFTPC,3,0.0051860292,0.0017286764,1
TRRAP,19,0.005185429,0.00027291733,1
NR5A2,48,0.005179427,0.00043161894,4
OSBP,5,0.005172251,0.0010344501,1
CYP19A1,33,0.0051635415,0.00015647095,1
MAP3K20,4,0.0051610167,0.0012902542,1
BEST3,6,0.0051598107,0.001719937,2
ESPN,4,0.0051585734,0.0012896433,1
NF2,135,0.0051472546,0.0003431503,9
KCNS3,15,0.005144087,0.0017146958,5
HIKESHI,4,0.0051427744,0.0012856936,1
MLXIPL,11,0.0051409155,0.00046735595,1
OR5AN1,6,0.0051403614,0.0017134538,2
SLC26A1,12,0.0051305857,0.0004275488,1
ADAMTS18,36,0.0051297173,0.0008549529,6
SCIN,12,0.0051283864,0.0008547311,2
GLYATL3,7,0.0051283604,0.0007326229,1
LCE1C,15,0.0051271273,0.0017090425,5
WASF3,150,0.0051253797,0.00020501518,6
DNMT3A,273,0.005122751,0.00024394052,13
ADAMTS1,36,0.005122078,0.0005691198,4
MTMR9,304,0.0051205726,0.0006400716,38
TPRKB,3,0.0051147016,0.0017049005,1
ATG16L1,150,0.005112081,0.0005112081,15
PTPRN2,12,0.0051109362,0.0012777341,3
GAN,21,0.0051097334,0.00072996196,3
SEMA4D,45,0.0051021846,0.0005669094,5
LARGE1,28,0.0051003555,0.0012750889,7
IL20RA,54,0.005099231,0.0005665812,6
DCTPP1,5,0.005087533,0.0010175066,1
NPNT,2,0.0050850846,0.0025425423,1
OR9G4,3,0.005077916,0.0016926387,1
SEMA5A,10,0.005074937,0.0005074937,1
NMU,45,0.005058857,0.0005620952,5
CES5A,5,0.0050502955,0.0010100591,1
AICDA,8,0.0050487313,0.0012621828,2
FGF1,105,0.0050421646,4.8020614e-05,1
ERCC4,144,0.0050398954,0.00031499346,9
OTUB2,4,0.0050389403,0.0012597351,1
PIGP,5,0.00503711,0.001007422,1
RIN2,24,0.005031055,0.0008385091,4
CBX6,14,0.0050308104,0.0003593436,1
GADL1,8,0.005025956,0.0006282445,1
OLA1,4,0.005022426,0.0012556065,1
WIF1,36,0.0050213183,0.00027896214,2
PLPPR4,12,0.0050187274,0.00083645456,2
SYT7,3,0.0050115967,0.0016705323,1
RPL18,26,0.00500419,0.00019246884,1
PPARA,46,0.0050030355,0.00010876164,1
KDSR,16,0.0050008646,0.00031255404,1
EOMES,296,0.0049928194,0.0006241024,37
COPS7B,14,0.004989736,0.0003564097,1
PNPLA3,10,0.004986056,0.0004986056,1
DPYSL4,5,0.004983605,0.000996721,1
PCDH15,140,0.0049834647,0.0012458662,35
ACHE,20,0.0049802666,0.00024901333,1
GCLC,42,0.0049789334,0.000118546035,1
UBE2E1,48,0.0049734125,0.00010361276,1
MOV10L1,4,0.0049644955,0.0012411239,1
SRGAP3,12,0.0049606096,0.00041338414,1
CATSPER3,3,0.004958888,0.0016529626,1
PIWIL1,8,0.0049572736,0.0012393184,2
VMP1,2,0.004957108,0.002478554,1
LRP8,12,0.004956984,0.000413082,1
DAB1,8,0.0049478654,0.0006184832,1
ANO3,30,0.0049474062,0.0016491354,10
PCSK5,99,0.004942196,0.0005491329,11
ITGBL1,15,0.0049402774,0.0009880555,3
APOC3,19,0.004939783,0.00025998856,1
RUNX1T1,24,0.004933016,0.001233254,6
FLRT1,5,0.0049280203,0.000985604,1
SPRR2A,3,0.004926335,0.0016421117,1
HERC4,15,0.0049261656,0.0009852331,3
CPB2,12,0.004925665,0.00041047207,1
TRIM26,24,0.004924398,0.0012310995,6
YBX3,12,0.0049228757,0.0016409586,4
HIPK1,8,0.00491591,0.00061448873,1
HERPUD1,6,0.004915457,0.0016384857,2
ICAM3,44,0.0049135005,0.00044668186,4
VLDLR,56,0.0049125007,0.0003508929,4
ZFPM2,30,0.0049118525,0.0009823706,6
SLCO2A1,5,0.004909164,0.0009818327,1
LRPPRC,12,0.004905753,0.0012264382,3
RET,21,0.0049027638,0.00023346495,1
ARAP3,91,0.0049016364,0.00037704897,7
SPOPL,30,0.0048933118,0.0009786623,6
ADAMTS7,80,0.0048924903,0.0012231226,20
OR8A1,3,0.0048914477,0.0016304826,1
RNF126,8,0.00488863,0.0012221575,2
CYSLTR2,84,0.004887778,0.0001745635,3
UGT3A1,56,0.0048873476,0.0012218369,14
CAPN10,6,0.004883766,0.001627922,2
GRAP2,78,0.0048759086,0.00018753494,3
AZIN2,6,0.0048675127,0.0008112521,1
RNASEL,11,0.0048666946,0.00044242677,1
BST1,119,0.004858767,0.00028580986,7
FBXL20,7,0.004858498,0.0006940711,1
UIMC1,18,0.0048577427,0.00026987458,1
LILRB1,20,0.004849863,0.0009699725,4
CWC22,52,0.004847656,0.001211914,13
MIR181C,3,0.0048452644,0.0016150881,1
PITPNB,12,0.004841401,0.0008069002,2
TRAT1,28,0.0048383945,0.0003455996,2
ASIP,3,0.004836885,0.0016122949,1
OR4C16,3,0.0048364913,0.0016121637,1
UQCC1,2,0.004836048,0.002418024,1
RNF146,12,0.004833949,0.00040282906,1
ZNF212,4,0.0048295557,0.0012073889,1
FGFBP1,16,0.00482949,0.00060368626,2
USP37,4,0.0048246556,0.0012061639,1
ANKH,6,0.004823974,0.0016079913,2
TSN,15,0.004819871,0.0016066236,5
MICB,45,0.004812517,0.0009625035,9
ACTR3B,54,0.00479998,0.0005333311,6
TBC1D1,20,0.0047986107,0.00095972215,4
THOC5,9,0.0047947965,0.00053275516,1
EPB41L2,4,0.004792568,0.001198142,1
HACE1,52,0.004786013,0.0011965033,13
SELENOS,6,0.0047857347,0.00079762243,1
AHCYL1,24,0.0047843703,0.00039869754,2
CAMKMT,16,0.004771578,0.00059644727,2
ABLIM1,7,0.0047707255,0.0006815322,1
IL20RB,54,0.0047654132,0.00052949035,6
NDUFAB1,24,0.004761565,0.00019839854,1
GLRB,8,0.004758719,0.0011896797,2
HTR3A,6,0.004754833,0.00079247216,1
DOCK8,10,0.0047543384,0.00047543383,1
IL17RC,4,0.004753401,0.0011883503,1
MPHOSPH10,5,0.0047522835,0.0009504567,1
TRIM31,68,0.0047522597,0.0011880649,17
C6,17,0.004748354,0.00027931496,1
CAVIN1,121,0.004746321,0.00043148373,11
IL1A,240,0.0047443546,5.9304428e-05,3
OR5V1,20,0.004738872,0.001184718,5
NHLRC2,4,0.0047369595,0.0011842399,1
IL11RA,26,0.0047314325,0.00036395635,2
SERPINB5,6,0.0047291936,0.00078819896,1
MSRA,16,0.00472775,0.0011819375,4
LCE2C,3,0.0047260365,0.0015753455,1
MYO1G,1,0.004724253,0.004724253,1
PLEKHA5,6,0.0047228634,0.0007871439,1
CLINT1,40,0.0047228066,0.0009445614,8
ARHGAP39,19,0.004720057,0.00024842404,1
TRIM10,12,0.0047191125,0.0011797781,3
RNF40,5,0.0047190352,0.00094380707,1
MAN2A1,65,0.0047182655,0.00036294354,5
OR2J1,8,0.004715551,0.0011788878,2
TBCE,3,0.0047137206,0.0015712403,1
AGTPBP1,15,0.0047095018,0.001569834,5
DCUN1D1,6,0.004704244,0.0015680813,2
NLK,30,0.004695119,0.00015650396,1
CPM,6,0.004695066,0.0015650219,2
PRR5,78,0.004694239,0.00018054765,3
PJA2,16,0.004693578,0.0011733945,4
TTC30B,5,0.0046896506,0.00093793013,1
SLC1A4,36,0.004687598,0.00026042212,2
ATP2B4,21,0.0046872846,0.00022320403,1
COQ2,10,0.0046831663,0.00046831663,1
COX10,12,0.004678341,0.00038986176,1
OTUD3,225,0.004677643,0.0005197381,25
ADCYAP1,24,0.0046772803,0.00019488668,1
SERPINB6,21,0.004676612,0.00066808745,3
MYH10,42,0.0046753213,0.00022263435,2
SH2B2,32,0.0046715885,0.00029197428,2
PADI1,3,0.0046684956,0.0015561652,1
PPP6R1,8,0.00466798,0.0005834975,1
ELAC2,14,0.0046600215,0.00066571735,2
SCNN1D,31,0.00465617,0.00015019903,1
OMA1,4,0.004652926,0.0011632316,1
RNF7,14,0.0046495944,0.00033211388,1
GRIP1,11,0.004648293,0.00042257208,1
KRT24,32,0.004643292,0.001160823,8
SPTLC3,24,0.004642133,0.00058026664,3
KIAA0319,8,0.004641707,0.0011604268,2
KLRB1,28,0.004635893,0.0011589732,7
CYB5B,4,0.0046358835,0.0011589709,1
CFTR,36,0.0046333945,0.0001287054,1
SEMA3B,2,0.0046295393,0.0023147697,1
EHD3,28,0.004621274,0.0011553185,7
SGIP1,4,0.0046145506,0.0011536377,1
TRPM8,5,0.0046133194,0.0009226639,1
ZNF703,9,0.0046129813,0.0015376605,3
IP6K3,24,0.0045992373,0.00057490467,3
ANKRD27,4,0.004598439,0.0011496098,1
OR52E6,3,0.0045942636,0.0015314212,1
POLR1D,50,0.0045942212,0.00018376886,2
BRINP1,33,0.0045912345,0.0015304114,11
BEGAIN,3,0.0045908014,0.0015302672,1
HOXA1,57,0.004588148,0.0015293829,19
ARHGAP8,28,0.004578873,0.00016353118,1
SLIT1,11,0.004574487,0.00041586245,1
PROK2,56,0.004568782,0.0005710978,7
LY6G6F,4,0.004564531,0.0011411328,1
KCNJ8,55,0.004564281,8.298693e-05,1
MTMR3,39,0.0045623872,0.00035095288,3
CP,15,0.004560832,0.00030405546,1
BPNT2,10,0.004560745,0.0004560745,1
P3H2,4,0.0045576454,0.0011394114,1
CD83,15,0.0045560976,0.0015186991,5
LTK,4,0.004554419,0.0011386047,1
RSPO2,10,0.0045534866,0.00091069733,2
STRA6,3,0.0045455294,0.0015151765,1
MRPL51,6,0.004544773,0.00075746217,1
KHDRBS2,8,0.0045442656,0.0011360664,2
PLPP1,66,0.0045405664,0.00013759293,2
ZNF678,3,0.0045398865,0.0015132955,1
ABCC9,59,0.0045395126,7.6940894e-05,1
KCNF1,9,0.004536375,0.001512125,3
PADI3,39,0.0045350203,0.0015116736,13
CSTF3,13,0.0045307064,0.00034851587,1
CD82,10,0.004528168,0.0009056337,2
MAP3K14,240,0.0045279656,7.546609e-05,4
TRIT1,4,0.0045262445,0.0011315611,1
OR51E2,6,0.004525824,0.001508608,2
PDS5A,12,0.0045254813,0.00037712345,1
AGMO,12,0.004520688,0.001130172,3
PIP5K1C,43,0.0045193993,0.00010510231,1
COL8A2,7,0.0045187334,0.0006455333,1
COPRS,12,0.0045162532,0.0015054177,4
KCNC2,12,0.004509909,0.0015033031,4
UHRF1BP1L,5,0.004501495,0.000900299,1
NADSYN1,54,0.0045004785,0.00025002658,3
COL1A2,39,0.004497372,0.000115317234,1
SUCLG2,52,0.004493306,0.00017281945,2
KIDINS220,48,0.0044921828,0.00028076142,3
SERPINA4,4,0.004491666,0.0011229165,1
USP20,4,0.0044897264,0.0011224316,1
KLHL2,28,0.0044884877,0.00064121257,4
NPS,84,0.00448544,0.00032038856,6
SETD3,4,0.0044836383,0.0011209096,1
SLAMF7,40,0.00447937,0.0011198425,10
GMDS,13,0.0044734925,0.00034411481,1
F2RL3,20,0.004473148,0.0002236574,1
CCNG2,36,0.0044648983,0.0004960998,4
SLC18A1,90,0.004461855,0.000297457,6
USP3,8,0.004451577,0.0011128943,2
COL28A1,10,0.0044500893,0.00089001784,2
CORIN,5,0.004449069,0.0008898138,1
MED13L,111,0.004448579,0.0014828597,37
CREG1,12,0.00444595,0.0011114875,3
PERP,75,0.0044445843,0.0002963056,5
PCGF5,6,0.004440166,0.0007400277,1
KARS1,11,0.004437758,0.00040343255,1
MGAT5,96,0.0044330778,0.0005541347,12
RPL24,26,0.0044296714,0.00017037198,1
LAIR1,130,0.004424329,0.00088486576,26
JMJD1C,4,0.0044226893,0.0011056723,1
PKP1,24,0.004422374,0.00036853118,2
IRS1,112,0.0044173854,3.944094e-05,1
MBD4,10,0.0044109584,0.00044109585,1
TLR9,36,0.004409221,0.00012247836,1
ACO2,29,0.004408679,0.00015202341,1
PLCD3,17,0.0044058,0.0002591647,1
LCE1D,4,0.0044048643,0.0011012161,1
BASP1,5,0.004402644,0.0008805288,1
FLNB,105,0.0043999963,0.00029333308,7
ANKRD9,3,0.0043907333,0.0014635777,1
STX2,16,0.004382777,0.0010956943,4
WNT5A,325,0.004381121,6.740187e-05,5
REV3L,30,0.004377178,0.0004377178,3
PKHD1,45,0.0043733856,0.0004859317,5
NRG1,220,0.004372692,7.95035e-05,4
ZFP90,64,0.0043720966,0.0010930242,16
AGBL1,24,0.0043719057,0.0014573019,8
OXSM,5,0.004370177,0.0008740354,1
RPP21,228,0.0043688426,0.0010922106,57
MMP16,84,0.004368448,0.00072807464,14
EGLN3,52,0.004366729,0.00033590224,4
HTR3D,10,0.0043620495,0.0008724099,2
TRMT44,6,0.0043617687,0.0014539228,2
RNF182,24,0.0043567345,0.0010891836,6
HS6ST3,27,0.004355235,0.000483915,3
STK38L,2,0.0043549803,0.0021774902,1
ZNF184,16,0.0043464806,0.0010866201,4
TNFSF14,36,0.004339488,0.0004821653,4
HLA-DMA,155,0.0043378146,0.0001399295,5
SLC24A5,12,0.0043354486,0.0010838622,3
HCAR3,9,0.004332022,0.00048133577,1
ABCB8,8,0.0043263515,0.0010815879,2
EPHA5,7,0.004324399,0.0006177713,1
HLCS,9,0.004322281,0.00048025345,1
USP16,4,0.0043199984,0.0010799996,1
ASH1L,6,0.004317494,0.0007195824,1
UBE3A,51,0.004311657,0.00025362687,3
CRISPLD2,15,0.004308176,0.0014360587,5
TRIM6-TRIM34,4,0.004301862,0.0010754655,1
ACAN,36,0.0043010185,0.00035841824,3
MC5R,32,0.0042985985,0.0002686624,2
OR2S2,12,0.0042934264,0.0010733566,3
TLE5,9,0.0042887772,0.0004765308,1
CD1E,3,0.0042882254,0.0014294084,1
VPS53,4,0.0042869295,0.0010717324,1
SLC30A7,30,0.0042868513,0.00042868513,3
ENPEP,20,0.0042838864,0.0010709716,5
MAP3K8,1375,0.004282999,7.7872704e-05,25
ATP9A,6,0.0042771604,0.0014257202,2
CTNNA3,40,0.0042733336,0.00042733335,4
TNK2,6,0.00427181,0.00071196834,1
MBIP,12,0.004271018,0.0010677545,3
PTBP2,6,0.004270498,0.0014234994,2
PRPF4B,24,0.0042699715,0.0014233238,8
MDC1,24,0.0042680087,0.0001778337,1
TIMM21,2,0.00426748,0.00213374,1
JAML,18,0.004264642,0.0007107736,3
FBXO15,70,0.004261346,0.0006087638,10
TYR,57,0.004254677,0.00022393039,3
RCAN1,8,0.0042526377,0.0005315797,1
ADAMTS19,8,0.004251895,0.0010629738,2
SLC22A16,6,0.004249528,0.0007082547,1
KCNK5,20,0.004248208,0.00084964157,4
UVRAG,8,0.0042465227,0.0010616307,2
MYF6,4,0.004232665,0.0010581663,1
HTR1E,70,0.00423217,0.00030229785,5
HSPA4,10,0.0042319624,0.00042319624,1
NUDT7,21,0.00423137,0.00060448144,3
SLC24A3,24,0.0042291014,0.0010572753,6
EEFSEC,8,0.0042263586,0.0010565897,2
TNS1,5,0.0042240466,0.00084480934,1
HIP1R,5,0.0042224885,0.0008444977,1
OR6Y1,9,0.004220104,0.0014067013,3
TNFSF12,8,0.004219909,0.00052748865,1
CHERP,5,0.0042152912,0.0008430582,1
WFS1,30,0.004211878,0.0007019796,5
KCNJ6,22,0.0042118304,0.00019144684,1
SLC35C1,11,0.004209622,0.0003826929,1
ORMDL3,24,0.0042025233,0.001400841,8
C22orf39,2,0.004194385,0.004194385,2
DLG2,21,0.0041940673,0.0001997175,1
ENTPD7,4,0.0041912035,0.0010478009,1
CLEC4C,15,0.004182342,0.00083646836,3
ATG4C,20,0.004181689,0.0010454223,5
UGT1A6,108,0.0041799056,0.0001161085,3
PON1,9,0.0041764057,0.0004640451,1
SYNE2,3,0.004175255,0.0013917517,1
GLRX,14,0.004173049,0.0005961499,2
DDX6,130,0.004172448,0.0008344896,26
SOX6,7,0.004167881,0.0005954116,1
OAS2,17,0.0041656783,0.0002450399,1
SPTBN1,37,0.004162249,0.00011249322,1
FMO2,9,0.0041613434,0.0004623715,1
SLCO3A1,54,0.0041532232,0.0006922039,9
EDIL3,30,0.0041460604,0.0013820201,10
CYB5R3,12,0.0041406797,0.00034505664,1
CNTN5,78,0.0041364664,0.0013788223,26
ORM1,8,0.004136432,0.000517054,1
MUCL1,36,0.004133172,0.00045924133,4
GLG1,12,0.0041329116,0.0010332279,3
FMNL2,9,0.0041322103,0.00045913446,1
ATXN2L,12,0.0041319467,0.0010329867,3
OR11A1,8,0.0041308706,0.0010327176,2
TRPA1,36,0.0041265166,0.0006877528,6
OR13A1,6,0.00412028,0.0013734268,2
BTN3A2,18,0.0041172644,0.0013724215,6
ZNRF3,10,0.0041145897,0.00082291797,2
KLHL25,7,0.0041142977,0.0005877568,1
DCUN1D5,6,0.0041121827,0.0013707276,2
NTNG2,5,0.004108635,0.000821727,1
FBXL4,21,0.0041078576,0.00058683683,3
TRAF3IP2,112,0.004107021,0.0010267552,28
NRG2,47,0.004105538,8.735187e-05,1
PUM2,8,0.0041053817,0.0020526908,4
EFNA5,216,0.004099934,0.0002277741,12
SCNN1B,66,0.0040995735,0.0001242295,2
REG3A,12,0.0040971884,0.0010242971,3
CCR9,15,0.004091825,0.0002727883,1
AGBL2,3,0.004089299,0.0013630997,1
CTDSP2,16,0.0040882365,0.0010220591,4
ZFP36L2,66,0.004075622,0.0013585406,22
SLIT2,198,0.004074873,0.00022638185,11
OR52K2,6,0.0040734517,0.0013578173,2
FBXL17,35,0.004073379,0.00058191124,5
PRSS23,8,0.0040731435,0.0010182859,2
TJP1,116,0.004066085,0.00014020983,4
SPRR2F,3,0.0040630843,0.0013543614,1
NUP35,158,0.00405744,5.136e-05,2
STARD13,32,0.0040566,0.000507075,4
SPTLC2,85,0.0040552565,0.0002385445,5
KRBA1,12,0.004051271,0.0013504237,4
BPIFB4,3,0.0040501067,0.0013500355,1
ATP11A,7,0.0040433905,0.0005776272,1
KIZ,2,0.004034948,0.002017474,1
BCO1,30,0.0040333644,0.00040333645,3
METTL7A,3,0.0040330268,0.0013443423,1
CDH11,180,0.0040303636,0.00044781822,20
RCAN2,4,0.004025765,0.0010064413,1
CWC27,12,0.0040234555,0.0010058639,3
SOCS5,22,0.0040230984,0.0003657362,2
AMOTL1,3,0.0040230425,0.0013410142,1
MRS2,2,0.0040215086,0.0020107543,1
CCK,18,0.0040167496,0.00022315275,1
HYAL4,4,0.0040152515,0.0010038129,1
STOM,80,0.004015053,0.00020075266,4
LRRTM3,3,0.004014205,0.0013380684,1
TET2,12,0.004012195,0.0010030487,3
PARP8,8,0.0040118457,0.0005014807,1
APBA1,9,0.004009523,0.00044550255,1
ZNF563,4,0.0040090275,0.0010022569,1
TRIM3,4,0.00400861,0.0010021525,1
IZUMO3,45,0.004006262,0.0013354208,15
RBM17,198,0.0039958265,0.000665971,33
MYBPC1,3,0.003993639,0.0013312129,1
ZNF804B,15,0.003989116,0.0013297052,5
GALNTL5,6,0.0039825547,0.0006637591,1
SLC16A12,4,0.00398134,0.00199067,2
RNF6,12,0.003979394,0.0006632324,2
ANK1,17,0.0039714216,0.00023361304,1
S1PR5,52,0.003965542,0.00030504173,4
UBA3,12,0.0039653215,0.00033044346,1
SLC26A2,15,0.003958252,0.00026388344,1
FRMD6,6,0.003951716,0.001975858,3
LHX2,48,0.0039466405,0.00065777334,8
ABL2,46,0.003945818,0.00017155732,2
PHACTR2,8,0.003945178,0.0009862945,2
ZNF704,18,0.0039433087,0.0013144362,6
LAMA1,66,0.003936419,0.00011928542,2
ULK3,8,0.0039353203,0.0009838301,2
GRIK3,27,0.003934628,0.00043718086,3
MUC7,10,0.0039341277,0.00039341277,1
GAD2,108,0.003930615,0.0001455783,4
ERRFI1,81,0.0039253384,0.0013084462,27
SLC30A8,80,0.003914331,0.00039143313,8
BUB1,27,0.0039119637,0.00014488754,1
CD80,200,0.0039110566,7.822113e-05,4
DAPP1,33,0.003905657,0.00035505975,3
MDH1,87,0.0039023806,0.00013456485,3
WIPI1,11,0.0039023503,0.00035475913,1
LCE5A,3,0.0039017943,0.0013005981,1
LRP12,36,0.0038986069,0.00064976787,6
OR4C6,6,0.0038907249,0.0012969082,2
PPP1R14C,9,0.003886799,0.0012955996,3
FBXW12,14,0.003885368,0.00055505254,2
RBFOX1,156,0.0038836326,0.0006472721,26
LCE1B,12,0.003879817,0.0012932724,4
TG,4,0.0038779348,0.0009694837,1
RIN3,4,0.003876191,0.0009690478,1
LCE1E,8,0.0038761315,0.0009690329,2
ADAMTS14,7,0.003868614,0.00055265916,1
HS3ST3A1,90,0.0038627353,0.0004291928,10
STAT2,48,0.0038623153,8.04649e-05,1
PFKFB4,12,0.0038614802,0.00032179002,1
PDK4,36,0.0038592245,0.00032160207,3
SIK2,2,0.0038545842,0.0019272921,1
SEMA5B,5,0.0038532356,0.00077064714,1
EYA1,161,0.0038427322,0.00054896175,23
DLGAP4,3,0.003839883,0.001279961,1
KCNG2,9,0.0038358376,0.0012786126,3
GALNTL6,7,0.0038341684,0.00054773834,1
FTO,4,0.003833861,0.0009584653,1
OR6P1,3,0.003830049,0.001276683,1
GPR15,11,0.0038283244,0.00034802948,1
PGLYRP3,3,0.0038277651,0.0012759217,1
OR10W1,3,0.0038110968,0.0012703656,1
RGS17,70,0.0038102497,0.0002721607,5
PF4V1,3,0.003805956,0.001268652,1
ALDOA,48,0.0038039882,7.924975e-05,1
KLF2,21,0.00380263,0.00054323283,3
KCNQ3,22,0.003801735,0.00034561226,2
BPIFA2,3,0.0037978315,0.0012659439,1
HSD17B4,88,0.0037973437,8.630326e-05,2
CALCR,34,0.0037961109,0.00022330065,2
TRIM14,4,0.0037904382,0.00094760954,1
SGF29,6,0.0037851848,0.0012617284,2
LPAR1,46,0.0037756846,0.0001641602,2
PTPN1,225,0.003770002,8.377783e-05,5
CYP27C1,3,0.0037674904,0.0012558302,1
ATP2C1,4,0.0037648901,0.00094122253,1
PLCE1,28,0.0037622335,0.00013436549,1
KIR2DL4,5,0.0037525063,0.0007505013,1
LMO4,3,0.003748988,0.0012496627,1
FAM91A1,12,0.0037475599,0.0006245933,2
SLC10A6,3,0.0037473866,0.0012491288,1
TMBIM1,3,0.003746189,0.0012487296,1
B9D2,23,0.0037449512,0.00016282397,1
OSM,144,0.0037432914,0.00023395571,9
ZFP69B,4,0.003742734,0.0009356835,1
PSG3,2,0.003741521,0.0018707605,1
ADAMTSL1,16,0.0037406492,0.0009351623,4
PDE2A,17,0.0037381207,0.00021988945,1
SDCCAG8,18,0.003724561,0.00020692006,1
KLRF1,87,0.0037234137,0.001241138,29
RTN4RL2,3,0.0037211957,0.0012403986,1
ACP3,4,0.0037183196,0.0009295799,1
NECTIN2,28,0.0037164453,0.00026546037,2
RAB17,3,0.0036993884,0.0012331294,1
LCE4A,6,0.0036943215,0.0012314406,2
MAT1A,44,0.0036937154,0.00016789616,2
AP1M1,20,0.003693419,0.00018467095,1
CBLL1,5,0.0036922102,0.00073844206,1
TAP1,19,0.0036874353,0.00019407555,1
MATN1,21,0.003684699,0.001228233,7
CTNND2,12,0.0036844586,0.0018422293,6
LRRC4C,14,0.0036843738,0.0018421869,7
LPA,6,0.0036828937,0.0006138156,1
CRMP1,5,0.0036799023,0.00073598046,1
FOXK1,28,0.0036782138,0.00091955345,7
DDO,12,0.0036695716,0.00030579764,1
CD84,4,0.003658392,0.000914598,1
SPATA13,9,0.0036554171,0.00040615746,1
NDUFA5,25,0.0036452287,0.00014580914,1
CASP14,15,0.0036350852,0.000727017,3
NDUFS8,19,0.0036347078,0.00019130041,1
CKM,7,0.003630835,0.00051869074,1
CLDN18,30,0.0036287734,0.0003628773,3
KCNV2,18,0.0036286328,0.0012095443,6
ITLN1,30,0.003619992,0.001206664,10
LDLRAD4-AS1,1,0.0036145328,0.0036145328,1
PLEKHG4B,10,0.003613732,0.0007227464,2
ICOS,300,0.0036122308,0.00018061155,15
CST5,15,0.003605279,0.0012017597,5
ACTA2,14,0.0036007476,0.00025719625,1
INTS1,3,0.0035998318,0.001199944,1
CUL9,3,0.003599489,0.0011998297,1
TPD52L1,8,0.0035976754,0.00089941884,2
AGBL3,6,0.0035976511,0.001199217,2
OR10R2,6,0.003595512,0.0011985039,2
OCA2,12,0.0035944446,0.0011981482,4
KCNH5,48,0.0035944118,0.0011981372,16
OR5D13,6,0.0035923168,0.0011974389,2
WDR91,5,0.0035912304,0.0007182461,1
SNAI2,36,0.0035911757,0.00019950976,2
MUC19,72,0.003584321,0.0003982579,8
TRA2B,26,0.0035805327,0.00027542558,2
OPRK1,144,0.0035799788,0.00019888772,8
TRMT61A,3,0.0035777953,0.0011925985,1
UAP1,45,0.0035772591,0.00023848395,3
UBR4,24,0.003571257,0.00044640712,3
TRMT9B,27,0.003570002,0.0011900007,9
LMO2,24,0.0035631505,0.0005938584,4
CENPA,24,0.0035623673,0.00014843197,1
ASIC5,12,0.003561069,0.00089026726,3
PEMT,45,0.0035606052,0.0002373737,3
GALNT13,24,0.0035585195,0.00044481494,3
NPTN,4,0.0035584783,0.0008896196,1
OR2Y1,3,0.0035528268,0.0011842756,1
NCALD,7,0.0035521507,0.0005074501,1
GPR65,28,0.00354373,0.0005062471,4
TMIGD3,14,0.0035410915,0.0002529351,1
MIXL1,4,0.003539631,0.0008849077,1
ZNF215,3,0.00353943,0.00117981,1
ETNK2,11,0.0035357892,0.0003214354,1
MERTK,8,0.0035357215,0.00088393036,2
GLB1,665,0.0035348088,0.00010099453,19
EPM2A,8,0.003532865,0.0008832163,2
EZH1,3,0.0035277,0.0011759,1
SST,80,0.0035265095,8.8162735e-05,2
EVPL,4,0.0035262976,0.0008815744,1
DAAM2,2,0.0035260362,0.0017630181,1
HNF4G,24,0.003524737,0.00058745616,4
CPEB1,3,0.003521208,0.001173736,1
LIMS2,4,0.0035127923,0.0008781981,1
GALNT16,8,0.0035064656,0.0004383082,1
OR5AR1,3,0.0035052882,0.0011684294,1
UGT1A3,76,0.0035047454,9.223014e-05,2
ESAM,4,0.003498778,0.0008746945,1
MKKS,2,0.0034934606,0.0017467303,1
POLR3A,28,0.003492984,0.00024949884,2
OR51V1,3,0.003485779,0.0011619263,1
TXK,21,0.0034817264,0.0004973895,3
NRP2,39,0.00347365,0.00026720387,3
RALGAPA2,6,0.0034724474,0.0011574825,2
NMRK1,6,0.0034704278,0.00057840464,1
RPAP2,12,0.0034655198,0.0011551732,4
WTIP,6,0.0034632245,0.0005772041,1
TRIM72,2,0.003462923,0.0017314615,1
RNF14,6,0.0034628522,0.00057714205,1
SHANK3,44,0.00345978,0.00031452547,4
FGF21,252,0.0034590864,0.0001235388,9
KLK3,17,0.0034586652,0.0002034509,1
MANBA,16,0.0034572904,0.0004321613,2
STXBP4,12,0.0034565418,0.0011521807,4
AGBL4,6,0.0034546547,0.0011515516,2
KNTC1,36,0.003454063,0.0001918924,2
IQCB1,5,0.0034504489,0.0006900898,1
FZR1,31,0.003450067,0.00011129249,1
NOS1,53,0.0034487431,6.507063e-05,1
GM2A,18,0.0034451084,0.00038278982,2
TRIM39,4,0.0034407997,0.0008601999,1
SIGLEC11,3,0.003436494,0.001145498,1
ERP44,3,0.00343621,0.0011454034,1
LSM4,117,0.003430555,0.00038117278,13
SERPINB2,9,0.0034295039,0.000381056,1
ZNF544,4,0.003427868,0.000856967,1
ADORA1,48,0.0034274217,0.00014280924,2
PGM2L1,16,0.003422848,0.000213928,1
RAB3C,6,0.00342213,0.00114071,2
TDGF1,66,0.0034208223,0.0005701371,11
SARS1,20,0.0034205662,0.00017102831,1
ZNF770,6,0.0034185522,0.0011395174,2
CTLA4,888,0.0034155403,0.00014231418,37
ADAMTSL3,4,0.003409388,0.000852347,1
ARC,26,0.0034079868,0.0002621528,2
LCE3D,15,0.0034064665,0.0011354889,5
CDH4,18,0.0034063153,0.00037847948,2
PIGR,10,0.003397518,0.0006795036,2
GPAT3,20,0.003395787,0.0003395787,2
FBF1,4,0.0033952626,0.00084881566,1
FBXO11,16,0.0033923448,0.0004240431,2
SEPTIN8,15,0.003387201,0.0011290672,5
FBXW2,66,0.003384718,0.00030770167,6
MIR129-1,6,0.0033841275,0.0016920638,3
NAP1L1,6,0.0033800919,0.0016900459,3
CHST15,22,0.003369718,0.000306338,2
GALNT11,9,0.003368101,0.00037423347,1
CUL2,450,0.0033657083,0.00018698379,25
KCNN2,72,0.00336323,0.00028026916,6
TRIM56,4,0.003362123,0.00084053073,1
STX11,1,0.0033598687,0.0033598687,1
SND1,32,0.0033505484,0.00041881856,4
TSLP,10,0.00334891,0.000669782,2
NAGK,40,0.003345805,0.00016729024,2
BCL6,40,0.003344576,0.0001672288,2
COL18A1,60,0.003341418,0.00022276118,4
PBX3,24,0.0033401314,0.0011133772,8
PAX7,18,0.0033390794,0.0011130265,6
HLA-DRB5,80,0.0033360114,8.3400286e-05,2
ABCA3,7,0.0033352515,0.00047646448,1
NEURL1B,34,0.0033336603,0.00019609765,2
AP1S3,17,0.00332983,0.00019587236,1
PPFIA4,10,0.0033291273,0.00033291272,1
SLC13A3,7,0.0033253136,0.0004750448,1
CREB5,76,0.0033196437,8.735905e-05,2
ZNF45,4,0.003317087,0.00082927174,1
MYL7,8,0.0033116797,0.00041395996,1
AIF1,8,0.0033080014,0.0016540007,4
ART1,6,0.003303689,0.00055061484,1
TRPM6,10,0.003298212,0.0006596424,2
MSH2,19,0.0032954176,0.00017344304,1
OLFM4,9,0.003293493,0.0010978311,3
LRRK2,230,0.0032932924,0.00032932925,23
RAB31,22,0.0032915585,0.00029923258,2
DET1,10,0.0032913473,0.00065826945,2
SLC2A2,98,0.0032794708,6.692798e-05,2
ADAMTS12,4,0.0032730843,0.0008182711,1
ZNF516,6,0.003272202,0.001090734,2
INHBA,161,0.0032717607,0.00014225046,7
RHOD,9,0.003271268,0.00036347422,1
TNFRSF21,30,0.0032647364,0.00032647362,3
PROX1,10,0.0032647264,0.0016323632,5
PDE7A,20,0.0032637597,0.00032637594,2
PDE6A,34,0.0032588944,0.00019169968,2
TCL1B,3,0.003258017,0.0010860056,1
PDE4C,28,0.0032526413,0.00023233151,2
MYH8,3,0.0032496913,0.0010832305,1
NRROS,4,0.0032473765,0.0016236883,2
LZTFL1,21,0.0032404477,0.0004629211,3
MCU,12,0.0032390358,0.00026991966,1
ARHGAP22,7,0.003233698,0.00046195686,1
DDR2,12,0.0032306567,0.0008076642,3
ELMO1,165,0.0032298535,9.7874356e-05,5
FBXO7,14,0.0032292157,0.00046131652,2
RAB1A,156,0.003228577,0.00012417605,6
PDCL,4,0.0032264744,0.0008066186,1
ATP2A2,80,0.003218454,4.0230676e-05,1
TBX3,96,0.003216622,0.0010722073,32
FPGS,13,0.0032086794,0.0002468215,1
TMOD1,4,0.0032058507,0.0008014627,1
KCNQ5,25,0.0032041124,0.00064082246,5
GABRR3,20,0.0032015243,0.00032015244,2
TACR2,11,0.0032007957,0.00029098144,1
SPRR2B,3,0.0032007576,0.0010669192,1
AP4E1,6,0.0031991627,0.00053319376,1
CPEB4,260,0.0031991366,0.00079978415,65
CASP5,6,0.0031948294,0.0005324716,1
MIR302E,4,0.0031937605,0.0015968803,2
SFRP5,4,0.0031929216,0.0007982304,1
RNF213,9,0.0031920588,0.0003546732,1
ROBO2,99,0.0031907803,0.00029007092,9
UGT8,105,0.0031838801,0.00021225867,7
NUF2,72,0.0031814328,0.00017674628,4
RGS7,96,0.0031798743,0.00019874214,6
LILRA2,70,0.0031796305,0.0006359261,14
LITAF,18,0.0031791013,0.0015895506,9
JAG2,38,0.0031754961,8.356569e-05,1
B3GAT2,36,0.003170604,0.000264217,3
GC,25,0.003170405,0.000634081,5
GCNT4,6,0.0031702206,0.0005283701,1
KCNIP1,6,0.0031641305,0.0010547102,2
NANOGP8,4,0.0031588292,0.0015794146,2
ARHGAP24,8,0.003155658,0.00039445725,1
PADI4,44,0.0031540557,0.0007885139,11
PTPRM,30,0.0031528897,0.0010509633,10
RHOBTB3,14,0.003145533,0.00044936183,2
INPP4B,60,0.003145223,0.00020968152,4
IRX5,20,0.0031407184,0.0015703592,10
DHX37,4,0.0031363035,0.0007840759,1
TNFSF15,204,0.0031320187,0.0005220031,34
ROR2,17,0.003131841,0.00018422595,1
SHBG,1,0.0031312502,0.0031312502,1
SHOC2,13,0.0031295866,0.00024073743,1
GRM6,17,0.003129481,0.00018408713,1
VIP,100,0.0031253211,0.00012501284,4
BTG2,13,0.0031074758,0.0002390366,1
TECRL,35,0.0031014883,0.0006202977,7
ANLN,9,0.0030895257,0.00034328064,1
ARHGAP31,28,0.0030862165,0.00044088808,4
SLC9C2,3,0.0030805345,0.0010268448,1
OAZ3,4,0.0030772632,0.0007693158,1
BBS12,2,0.0030758835,0.0015379417,1
OR12D2,42,0.0030738637,0.0010246212,14
NAV3,12,0.003072654,0.001536327,6
CCND2,52,0.0030681477,5.900284e-05,1
NDUFV3,21,0.0030644573,0.00014592653,1
STAP1,2,0.0030622499,0.0015311249,1
RHCG,4,0.0030594694,0.00076486735,1
TBX20,2,0.0030580242,0.0015290121,1
IFI16,6,0.0030579288,0.0005096548,1
PDE4B,80,0.003056707,0.0001910442,5
GAL3ST2,1,0.003049301,0.003049301,1
SBSPON,4,0.0030491068,0.0007622767,1
ZNF697,3,0.0030482141,0.0010160714,1
CACNA1E,55,0.0030466549,0.00027696864,5
RDH13,45,0.003045846,0.0006091692,9
SLC6A7,33,0.0030451666,0.0002768333,3
NID2,16,0.0030443533,0.0015221767,8
NIPBL,5,0.003041174,0.0006082348,1
SPINK5,9,0.0030409622,0.001013654,3
TRIB1,114,0.0030406148,0.0005067691,19
PTPRA,28,0.0030302107,0.00021644363,2
MTX2,6,0.0030298382,0.0015149191,3
MCPH1,10,0.0030286405,0.0006057281,2
CLEC2D,27,0.0030276186,0.0010092062,9
TMEM30A,3,0.0030219043,0.0010073014,1
MNX1,1,0.0030217979,0.0030217979,1
DEPTOR,30,0.0030196875,0.00030196874,3
UBD,72,0.0030134516,0.0007533629,18
IL4I1,29,0.0030009237,0.000103480124,1
TRIM21,44,0.002998736,0.00027261238,4
GRB14,48,0.0029899685,0.00037374606,6
GAS1,90,0.0029876078,0.0003319564,10
KPNA7,15,0.002987332,0.0005974664,3
SLC25A28,34,0.0029800402,0.0014900201,17
SV2A,9,0.0029780641,0.000330896,1
NT5C3A,42,0.002975561,0.00021254008,3
SLC44A4,9,0.0029749565,0.0003305507,1
ME3,27,0.0029739554,0.0003304395,3
KCNC1,8,0.0029728394,0.00074320985,2
NKX3-1,15,0.002966474,0.0005932948,3
RAB11FIP3,6,0.002965397,0.0004942328,1
STX7,2,0.0029602093,0.0014801046,1
MAFB,14,0.0029585792,0.0014792896,7
PRDM14,12,0.0029527529,0.0009842509,4
TCTN2,6,0.0029467605,0.00049112673,1
FCAMR,2,0.00294515,0.001472575,1
OR2B11,3,0.002944229,0.0009814097,1
SORBS3,2,0.0029435563,0.0014717781,1
OR1M1,3,0.0029433935,0.0009811312,1
NLRC5,8,0.0029426916,0.0007356729,2
CMAS,28,0.0029379176,0.00020985125,2
ZNF420,7,0.0029357004,0.00041938576,1
TAF15,21,0.0029344554,0.00013973597,1
FIBP,2,0.002931951,0.0014659755,1
LYPD4,3,0.0029312565,0.0009770856,1
AK4,33,0.0029240493,0.0002658227,3
SLC5A10,14,0.002920413,0.00041720184,2
EIF2AK2,34,0.0029174683,8.580789e-05,1
DOCK7,30,0.002914952,0.0002914952,3
EIF5A2,10,0.0029132834,0.0005826567,2
EIF4E2,14,0.0029121693,0.00020801209,1
TRAPPC9,30,0.002907063,0.0002907063,3
IGFBP5,18,0.0029043513,0.00032270572,2
TIE1,1,0.002903063,0.002903063,1
COQ6,8,0.002902313,0.0003627891,1
ZNF764,12,0.0028994565,0.00072486413,3
ACOXL,10,0.0028985876,0.0005797175,2
SSTR2,15,0.0028983923,0.00019322615,1
ELAVL2,16,0.002897673,0.00072441826,4
PLA2R1,2,0.0028966167,0.0014483084,1
CACNG8,21,0.0028879498,0.00013752142,1
CARD14,2,0.0028820094,0.0014410047,1
CDH13,49,0.0028764992,0.00041092842,7
CTSB,19,0.002875572,0.0001513459,1
VAPB,17,0.0028742838,0.00016907552,1
OR4X1,3,0.002873511,0.00095783704,1
LAPTM4A,14,0.0028707213,0.0014353606,7
CA6,6,0.0028629813,0.0009543271,2
DHX16,6,0.0028615242,0.00047692072,1
RNF152,20,0.0028447574,0.0005689515,4
UTRN,6,0.0028443777,0.0014221888,3
TTLL8,3,0.0028390589,0.00094635296,1
MIR17HG,1,0.0028327818,0.0028327818,1
RASA2,26,0.0028265312,0.00021742548,2
NECTIN1,10,0.0028231938,0.00028231938,1
ADGRG6,3,0.002814977,0.00093832565,1
CD300LF,3,0.0028137993,0.0009379331,1
CRACR2A,4,0.002813081,0.00070327026,1
MDGA2,6,0.0028102016,0.0009367339,2
TBL1XR1,66,0.002809091,8.512397e-05,2
ETV3,1,0.0028084312,0.0028084312,1
KCNV1,15,0.002804577,0.000934859,5
MAS1L,24,0.0027997512,0.0013998756,12
DNAJC19,2,0.0027976807,0.0013988403,1
DPH5,10,0.0027958797,0.0005591759,2
HPSE2,8,0.0027879071,0.0003484884,1
KPNA3,12,0.002787461,0.00046457682,2
MRPL4,35,0.0027871432,0.0003981633,5
STAT4,30,0.002787046,9.290153e-05,1
PLSCR1,2,0.0027846019,0.0013923009,1
SRSF3,14,0.002782149,0.00019872493,1
CARD11,150,0.0027818622,0.00011127448,6
SLC25A21,4,0.0027800158,0.00069500395,1
EVC,8,0.00277501,0.00034687624,1
TNFRSF9,280,0.002772952,0.000346619,35
CD19,60,0.0027681645,9.227215e-05,2
ZNF302,4,0.0027669948,0.0006917487,1
LRSAM1,5,0.0027660741,0.0005532148,1
ARHGEF16,13,0.00276591,0.0002127623,1
PEX2,8,0.0027647763,0.00034559704,1
PLEKHA1,21,0.0027629696,0.00039470996,3
PCSK9,78,0.0027502356,0.0002115566,6
PAPPA2,2,0.0027333237,0.0013666619,1
PPL,12,0.002731327,0.00045522116,2
SLC25A37,4,0.0027271535,0.0013635767,2
MLN,252,0.002726449,0.00019474636,18
CAPN14,4,0.00272276,0.00136138,2
SMYD1,6,0.0027218186,0.00090727286,2
OR2F2,8,0.0027216743,0.00068041857,2
DNAJB4,1,0.0027172815,0.0027172815,1
PARP2,57,0.0027171418,0.00014300745,3
LRRTM4,21,0.0027118314,0.00090394384,7
NRN1,12,0.002708706,0.0006771765,3
PPP1R3B,4,0.0027029696,0.0013514848,2
KIF1A,96,0.002700692,0.0003375865,12
UBQLN4,8,0.002700071,0.0013500355,4
PLEKHH1,1,0.0026986045,0.0026986045,1
LAIR2,105,0.0026975807,0.00089919363,35
ADGRL2,32,0.0026944801,0.0013472401,16
ABCA4,6,0.0026937928,0.00044896547,1
SGPP2,16,0.0026906496,0.0001681656,1
CCNA1,81,0.0026860754,3.3161425e-05,1
CRTC3,1,0.0026834854,0.0026834854,1
SYNJ2,18,0.002679363,0.00014885349,1
DCTN4,48,0.002679079,0.00016744244,3
IZUMO1R,5,0.0026773913,0.00053547823,1
GABRR1,10,0.0026710813,0.00026710815,1
SARM1,7,0.0026709912,0.00038157016,1
LCE3A,15,0.002670873,0.000890291,5
CX3CR1,98,0.002667743,0.00019055307,7
UBAC1,4,0.002667443,0.0006668607,1
PYGO1,16,0.0026666417,0.00033333022,2
GPNMB,4,0.0026660485,0.0006665121,1
LY6D,3,0.0026642247,0.0008880749,1
HGS,47,0.0026626424,5.6651967e-05,1
ZFP42,18,0.0026625136,0.0013312568,9
DCLRE1B,2,0.0026612896,0.0013306448,1
DSEL,25,0.0026596705,0.0005319341,5
GALNT5,8,0.0026589716,0.00033237145,1
SEC14L1,2,0.0026566344,0.0013283172,1
ETV1,16,0.002656153,0.0013280765,8
MSI2,7,0.0026498518,0.00037855026,1
FBN2,12,0.0026476544,0.0008825515,4
OR6K6,3,0.002641036,0.0008803453,1
KDM5A,3,0.0026394124,0.00087980414,1
TSPAN33,14,0.0026388702,0.0013194351,7
GATB,6,0.0026377477,0.0013188738,3
KCNB1,12,0.002637731,0.0006594327,3
RPH3A,16,0.0026319877,0.0013159938,8
MTDH,6,0.0026272591,0.000875753,2
ST8SIA1,14,0.0026270305,0.00018764504,1
RIPOR2,4,0.002625065,0.00065626623,1
SIRPG,150,0.0026240356,0.00043733924,25
ZIM3,4,0.002623718,0.0006559295,1
TNFRSF13B,10,0.002623268,0.0002623268,1
MOS,72,0.002622721,0.00029141345,8
FGD3,13,0.00262114,0.00020162616,1
TUT7,33,0.002619403,0.0008731344,11
TET3,8,0.0026190681,0.00065476703,2
MSX1,8,0.0026184008,0.0006546002,2
CCN4,4,0.00261589,0.001307945,2
FABP6,14,0.0026096217,0.00018640155,1
ACP6,7,0.0026067097,0.0003723871,1
CLVS2,16,0.0026065065,0.0006516266,4
MYO9B,17,0.0026063703,0.0001533159,1
STEAP4,6,0.0026041204,0.0013020602,3
CGNL1,4,0.0025956556,0.0012978278,2
COL7A1,20,0.0025942605,0.00012971302,1
BCO2,7,0.0025931338,0.0003704477,1
SLC27A6,28,0.0025903513,0.00037005017,4
CALD1,5,0.0025818404,0.0005163681,1
LRFN2,18,0.0025789232,0.00085964106,6
NEURL1,19,0.0025767828,0.00013562015,1
BCAT1,192,0.0025764925,8.051539e-05,6
ABHD17C,15,0.0025692803,0.000513856,3
RASSF5,12,0.0025613927,0.0002134494,1
APC2,22,0.0025580938,0.00011627699,1
PPM1F,5,0.0025572055,0.0005114411,1
OR51L1,3,0.0025512464,0.0008504155,1
UBXN4,1,0.0025495263,0.0025495263,1
NECTIN3,48,0.0025493475,0.00031866843,6
CACNA1I,39,0.0025450678,0.00019577447,3
QPRT,15,0.0025399807,0.00016933205,1
ZNF747,9,0.0025398566,0.00084661884,3
KIRREL3,3,0.0025324982,0.0008441661,1
ARFGAP1,18,0.0025265284,0.0001403627,1
RBBP8,64,0.0025256695,7.892717e-05,2
CACNA1S,72,0.0025232916,7.009144e-05,2
KAZN,9,0.0025198578,0.00083995255,3
ADAMTS5,80,0.002518882,0.0002518882,8
DAPK2,8,0.0025155717,0.00031444646,1
KCNN1,5,0.0025121686,0.00050243374,1
MOGAT1,7,0.0025093763,0.00035848233,1
MYO7A,4,0.002506489,0.00062662223,1
UBE2QL1,1,0.0025056533,0.0025056533,1
GAK,15,0.0025030293,0.00050060585,3
CPEB3,2,0.0025022225,0.0012511113,1
RAP1A,96,0.0025016295,2.605864e-05,1
IP6K1,8,0.002499466,0.00031243326,1
POP1,5,0.0024974882,0.00049949763,1
SLC4A4,32,0.0024974488,0.0003121811,4
ATP5MC2,20,0.0024966118,0.00012483059,1
HOXA2,20,0.0024947016,0.00049894035,4
KCNJ1,12,0.0024852275,0.0004142046,2
TPCN2,14,0.0024826906,0.0003546701,2
TNFRSF10D,17,0.0024825395,0.00014603173,1
GLMN,5,0.002482288,0.0004964576,1
ZNF101,12,0.002480968,0.000620242,3
CALY,1,0.002477599,0.002477599,1
GARRE1,8,0.0024764822,0.00030956027,1
CASTOR1,2,0.002473439,0.002473439,2
LBR,117,0.0024646958,6.319733e-05,3
ALDH2,90,0.0024569202,2.7299113e-05,1
IFT172,7,0.0024545274,0.00035064676,1
MAGOH,15,0.0024543486,0.00016362323,1
CIDEC,3,0.002454009,0.00081800297,1
SLITRK6,20,0.0024535204,0.0006133801,5
APOA4,34,0.0024522918,0.00014425245,2
MGMT,36,0.002445454,0.00040757563,6
BMP5,26,0.002445281,0.00018809855,2
LRRFIP2,2,0.0024349852,0.0012174926,1
DENND2B,4,0.0024333221,0.00060833053,1
PHYKPL,7,0.002433246,0.00034760658,1
HGFAC,4,0.0024213241,0.00060533104,1
PCBD1,28,0.0024171069,0.00034530097,4
CHN2,7,0.002415303,0.00034504329,1
NDST4,27,0.0024144761,0.00026827512,3
RAB26,3,0.0024144682,0.0008048227,1
LALBA,16,0.0024138887,0.0003017361,2
HERC1,5,0.0024134915,0.0004826983,1
MLPH,1,0.0024126621,0.0024126621,1
HNF1B,2,0.0024117762,0.0012058881,1
ATP13A4,3,0.002411198,0.0008037327,1
CFAP298,1,0.002409678,0.002409678,1
ARID5B,12,0.002404168,0.00040069467,2
USP43,4,0.002402091,0.00060052273,1
ZNF767P,9,0.0024004295,0.00080014317,3
LSR,10,0.002398251,0.00023982511,1
RAPGEF5,8,0.0023954047,0.0005988512,2
FBLIM1,3,0.0023951808,0.00079839356,1
KANK1,10,0.0023939018,0.00047878036,2
DPF3,8,0.002386368,0.000596592,2
SLC17A3,6,0.0023848747,0.0007949582,2
FBXO45,8,0.0023775469,0.0011887734,4
ZCCHC7,1,0.002373346,0.002373346,1
AXIN1,71,0.0023704139,3.338611e-05,1
GABRG1,64,0.0023693743,0.00029617178,8
SIGLEC6,63,0.0023679347,0.0007893116,21
ANO7,3,0.0023674404,0.0007891468,1
PMP22,6,0.0023646862,0.00039411438,1
ANO5,6,0.0023636783,0.0007878927,2
GGT5,24,0.0023636648,9.848603e-05,1
EPHB3,30,0.0023620417,0.00023620417,3
ACAP2,2,0.0023619616,0.0011809808,1
DAPK1,66,0.002358395,0.00021439954,6
CRTC1,4,0.0023567039,0.00058917596,1
SLAMF6,16,0.0023553858,0.00058884645,4
CNTNAP1,6,0.0023521471,0.00039202452,1
ETV5,16,0.0023514791,0.0002939349,2
MYH3,3,0.002346452,0.0007821507,1
CTRB1,35,0.002345383,0.0004690766,7
CCR2,506,0.0023439454,0.00010191067,22
HSCB,2,0.0023402558,0.0011701279,1
EN1,8,0.002340059,0.0011700295,4
HRNR,6,0.0023382572,0.00077941903,2
SOSTDC1,6,0.0023372234,0.0007790744,2
SETMAR,4,0.0023371882,0.0011685941,2
OR5K4,6,0.002336029,0.0007786763,2
RUVBL2,8,0.0023348874,0.00029186092,1
ABCB5,12,0.002334693,0.0007782311,4
ASAP2,8,0.002332113,0.00029151412,1
TUB,2,0.0023268643,0.0011634321,1
CSMD3,18,0.0023260927,0.0023260927,18
AFAP1L2,1,0.0023241339,0.0023241339,1
DCK,17,0.0023178565,0.0001363445,1
NUDT5,24,0.002316547,9.6522796e-05,1
ASIC4,1,0.0023107964,0.0023107964,1
IKZF3,8,0.0023077987,0.0011538994,4
ATF6,15,0.0023040716,0.00015360476,1
NLRP10,1,0.0022993905,0.0022993905,1
FAAP20,2,0.0022983605,0.0011491802,1
SDR9C7,3,0.0022978676,0.00076595583,1
NUPR1,4,0.0022928263,0.0011464132,2
SUPT3H,18,0.002292417,0.0003820695,3
MVK,38,0.002289102,6.0239527e-05,1
ESYT1,15,0.0022884395,0.00015256264,1
ACP1,8,0.0022876535,0.0002859567,1
GPR135,2,0.0022864577,0.0022864577,2
SELENBP1,2,0.0022831764,0.0011415882,1
ARID1B,48,0.0022790984,0.00018992487,4
ADI1,7,0.002278467,0.0003254953,1
SLC35B4,12,0.0022766518,0.00037944198,2
VPS52,4,0.0022742716,0.0005685679,1
RBM22,10,0.002269692,0.00045393844,2
OSTF1,30,0.0022691241,0.0007563748,10
ROBO1,45,0.002268695,0.00015124634,3
CPPED1,6,0.0022678266,0.0007559422,2
LOXL4,6,0.0022666317,0.00037777194,1
BRD1,30,0.0022645844,0.00022645843,3
TMPRSS4,2,0.0022625024,0.0011312512,1
LGI2,6,0.0022575636,0.0011287818,3
HYDIN,1,0.0022553385,0.0022553385,1
MFAP3,6,0.002251935,0.00075064495,2
HYLS1,1,0.0022517352,0.0022517352,1
ANTXR2,24,0.002247956,0.00037465937,4
ROBO4,2,0.0022463107,0.0011231554,1
WNT7A,126,0.0022462346,5.3481777e-05,3
PVR,11,0.002244057,0.00020400518,1
SKAP2,92,0.0022436928,0.0005609232,23
FAM83B,42,0.0022401635,0.00032002336,6
TAF4,21,0.0022358135,0.00010646731,1
HAPLN1,8,0.002233328,0.001116664,4
UNC79,3,0.0022268312,0.0007422771,1
ACBD6,5,0.0022233804,0.0004446761,1
KCTD15,25,0.0022138404,0.00044276804,5
CA8,18,0.0022136425,0.0011068212,9
CTRB2,36,0.0022070243,0.0011035121,18
EBI3,7,0.002198626,0.00031408944,1
MPP4,1,0.0021984146,0.0021984146,1
KLRC4,2,0.0021954207,0.0010977103,1
ZNF230,4,0.0021948349,0.0005487087,1
DHH,22,0.0021911457,9.959753e-05,1
USP19,4,0.002188815,0.00054720376,1
MAP1LC3B,14,0.0021880146,0.00015628675,1
ROS1,3,0.0021836946,0.0007278982,1
HBS1L,20,0.0021828748,0.00043657495,4
NLN,6,0.0021822203,0.00036370338,1
CAPG,1,0.0021789707,0.0021789707,1
GDAP1,6,0.0021786895,0.00072622986,2
CLEC12A,3,0.0021762322,0.0007254107,1
HHEX,30,0.00217222,0.0003620367,5
APOBEC1,8,0.002169773,0.00054244325,2
HSD17B13,3,0.0021694433,0.00072314776,1
SFTPD,18,0.002164859,0.00036080988,3
PLIN2,9,0.0021645573,0.00024050637,1
ENSA,6,0.0021591734,0.00035986223,1
USP38,1,0.0021580243,0.0021580243,1
OR2J3,24,0.0021578835,0.0005394709,6
SMOX,66,0.0021533829,0.00019576207,6
HLA-DMB,348,0.00215334,7.4253105e-05,12
IRF2,26,0.0021522562,0.00016555816,2
RNU6-1,6,0.0021513354,0.0010756677,3
ENPP2,36,0.0021502448,0.00035837412,6
PLEKHA7,4,0.0021468075,0.0021468075,4
DPYD,24,0.002146328,8.943034e-05,1
PELI1,28,0.0021421947,7.650695e-05,1
KCNG1,6,0.002141206,0.00071373535,2
DSCC1,14,0.0021406992,0.00030581417,2
HAND1,10,0.002139992,0.00042799843,2
GRIK4,24,0.0021389604,0.00026737005,3
SPARC,34,0.0021354898,0.00012561705,2
UGT3A2,36,0.0021329995,0.00053324987,9
PPP1R3A,8,0.0021285973,0.00053214934,2
SLC4A10,4,0.0021165782,0.00052914454,1
TENT4B,2,0.002115745,0.002115745,2
OR52E8,3,0.002114655,0.000704885,1
ANXA5,49,0.0021127143,0.00030181633,7
EPHA1,9,0.0021091236,0.00023434707,1
SLC9A8,60,0.0021067362,0.00052668405,15
STK19,1,0.0021028821,0.0021028821,1
RARB,105,0.002098057,9.990747e-05,5
HTRA1,3,0.0020972951,0.0006990984,1
HNRNPU,7,0.0020962884,0.00029946977,1
B9D1,6,0.0020873274,0.0003478879,1
PRDM2,20,0.0020840887,0.0010420444,10
UNC5B,60,0.0020814927,0.00017345772,5
OR14J1,24,0.00208045,0.0005201125,6
ADAM19,9,0.0020786796,0.0006928931,3
MYSM1,12,0.0020739264,0.0005184816,3
SOX9,198,0.002072637,9.421077e-05,9
HOXA9,2,0.0020726146,0.0010363073,1
DNAH12,10,0.0020706041,0.00020706041,1
GJA5,3,0.00206578,0.00068859337,1
TGS1,156,0.0020655247,0.00017212705,13
RIIAD1,1,0.002063805,0.002063805,1
APTX,1,0.0020623791,0.0020623791,1
RGS8,20,0.0020621112,0.00020621112,2
DLGAP1,35,0.002060544,0.00041210878,7
GBP3,6,0.002060451,0.00034340852,1
IRF1,377,0.0020588175,7.09937e-05,13
PIBF1,3,0.0020540534,0.00068468443,1
CD38,136,0.0020510599,0.000120650584,8
MECOM,39,0.0020507716,0.00015775167,3
CELA3B,2,0.0020475183,0.0010237591,1
SIRPA,45,0.002040002,0.00013600013,3
GUCY1B2,12,0.002031192,0.000169266,1
ASB3,105,0.0020276643,0.00028966635,15
PIAS2,36,0.0020190056,0.00011216698,2
RPS26,120,0.002017637,6.725457e-05,4
MTMR7,9,0.0020172622,0.00022414024,1
CD44,64,0.0020121401,6.287938e-05,2
NAGPA,1,0.0020090458,0.0020090458,1
OVGP1,6,0.0020084823,0.00066949404,2
FUT1,13,0.0020022402,0.00015401847,1
CDH16,3,0.0020000972,0.0006666991,1
BCL11B,14,0.001999874,0.000999937,7
NF1,23,0.0019993251,8.692718e-05,1
TAS2R38,8,0.0019975717,0.00024969646,1
MSH5,2,0.001994803,0.0009974015,1
UNC5C,14,0.0019944995,0.00028492854,2
TAF1A,11,0.0019937004,0.00018124549,1
AMY1C,30,0.0019925463,0.00013283642,2
SYNE4,1,0.0019914191,0.0019914191,1
PHF2,6,0.0019912543,0.0006637514,2
SIGLEC14,4,0.0019910298,0.00049775746,1
PADI6,4,0.0019909474,0.00049773685,1
BCHE,51,0.0019848337,0.00011675493,3
SMU1,1,0.001983332,0.001983332,1
CARD6,6,0.0019759259,0.0009879629,3
IGFBP2,5,0.0019742176,0.00039484352,1
GFPT1,48,0.0019734306,8.222628e-05,2
PLPPR1,25,0.0019731917,0.00039463834,5
CALU,10,0.0019725645,0.00019725645,1
QSOX1,33,0.001971901,0.00017926372,3
ADGRF5,1,0.0019560645,0.0019560645,1
FLG,3,0.0019557255,0.0006519085,1
SEL1L,20,0.0019550456,9.775228e-05,1
SH3PXD2A,7,0.0019532703,0.00027903862,1
ASCC1,5,0.001949886,0.00038997718,1
DNMT3L,75,0.001946902,0.0003893804,15
SGMS1,19,0.0019454287,0.00010239098,1
EHD4,2,0.0019390272,0.0009695136,1
ABCC4,90,0.0019382682,6.460894e-05,3
RHBDD2,2,0.0019378174,0.0019378174,2
LYPD5,9,0.0019290586,0.0006430195,3
GFPT2,26,0.0019247303,0.00014805616,2
NEK7,242,0.0019195087,0.00017450079,22
ANAPC10,44,0.0019185977,4.3604494e-05,1
ARHGAP20,49,0.0019144955,0.00027349935,7
NELL2,15,0.0019132035,0.00038264072,3
TMEM86B,72,0.0019110321,0.00031850536,12
CEP120,12,0.0019108539,0.0006369513,4
TMC6,3,0.0019083933,0.0006361311,1
SLC6A13,28,0.0019076419,0.00013626013,2
CDH19,14,0.0019051592,0.0009525796,7
AQP7,16,0.001902187,0.00023777338,2
KCNA2,9,0.0019018064,0.0006339355,3
CAAP1,13,0.0018983384,0.0018983384,13
UBE2U,15,0.0018979762,0.0003795952,3
ALPK1,6,0.0018881332,0.0006293777,2
RGS3,105,0.001880348,0.00012535653,7
AMPH,14,0.0018799332,0.00026856185,2
TTLL12,3,0.0018789708,0.00062632357,1
MED4,18,0.001878312,0.000313052,3
HNRNPH1,12,0.0018778028,0.00015648357,1
ELN,6,0.001874211,0.00062473706,2
FOSB,24,0.0018732148,7.8050616e-05,1
PCGF3,2,0.0018731401,0.0018731401,2
TRPC7,56,0.0018715183,0.00013367989,4
GCA,6,0.0018699053,0.0006233017,2
RMND5A,2,0.0018695365,0.0018695365,2
TMC2,4,0.0018689426,0.00046723566,1
MICALL2,1,0.0018680329,0.0018680329,1
LDB2,22,0.0018661644,0.0009330822,11
LHX3,10,0.0018576495,0.0003715299,2
RPS24,30,0.0018572848,6.190949e-05,1
FAM120B,24,0.0018558246,0.0006186082,8
POM121L2,12,0.001854871,0.0009274355,6
DCTN5,16,0.0018545662,0.000115910385,1
P2RY1,209,0.0018542538,9.759231e-05,11
OR6S1,12,0.001852608,0.000617536,4
LINC-ROR,1,0.0018471994,0.0018471994,1
ROR1,24,0.0018441651,0.00015368043,2
UNC13C,22,0.0018419859,0.0009209929,11
CCDC50,1,0.0018418148,0.0018418148,1
TIMM44,2,0.0018363663,0.0009181831,1
HEPHL1,1,0.0018325137,0.0018325137,1
ALDH1B1,228,0.0018309195,4.818209e-05,6
CLEC16A,45,0.0018292355,0.0018292355,45
CES1P1,2,0.0018259913,0.0018259913,2
SLC37A2,15,0.0018225578,0.0003645116,3
SFTA3,2,0.0018205575,0.00091027876,1
MAGI2,5,0.0018204366,0.00036408732,1
TOMM40L,2,0.001819856,0.000909928,1
ADAM15,4,0.0018175899,0.00045439746,1
GAP43,28,0.0018138186,0.00025911693,4
FGF12,15,0.0018034071,0.00036068144,3
MYORG,1,0.0017997356,0.0017997356,1
CPD,10,0.0017995543,0.00017995543,1
PCLO,6,0.0017988799,0.0017988799,6
ATG4D,4,0.0017983724,0.0004495931,1
CDCA7,4,0.0017935096,0.0017935096,4
NECAP1,6,0.001792098,0.000298683,1
EPB41L3,16,0.0017913801,0.00022392251,2
ZNF316,1,0.0017834058,0.0017834058,1
SIGLEC1,4,0.0017827513,0.00044568782,1
SHISA5,12,0.001782657,0.0002971095,2
CENPW,120,0.0017810669,0.00044526672,30
FGD4,15,0.001777593,0.00011850621,1
NNT,8,0.0017775879,0.00022219849,1
FPR2,19,0.0017774545,9.355024e-05,1
MST1R,28,0.0017767348,0.00025381925,4
ARHGAP5,62,0.0017758791,5.728642e-05,2
PPP2R2C,72,0.0017707804,9.837669e-05,4
MANEA,15,0.0017692855,0.0003538571,3
CELSR2,4,0.0017671919,0.00088359596,2
PSMA6,1518,0.0017658654,5.3511067e-05,46
RCL1,105,0.0017632517,0.00035265036,21
KCNH1,3,0.0017620034,0.00058733445,1
OR10D3,3,0.0017615024,0.00058716745,1
CEP162,4,0.0017596723,0.00043991808,1
DNAH9,3,0.0017576223,0.00058587414,1
GPR35,156,0.001753313,0.0002922188,26
ITM2B,3,0.0017521518,0.0017521518,3
H19,9,0.0017505661,0.000583522,3
CCL18,40,0.001748183,0.00043704576,10
THSD7B,12,0.0017463531,0.00043658828,3
PARD3,147,0.001745754,8.313115e-05,7
ITGA8,52,0.001744578,6.709915e-05,2
PRM2,4,0.0017404696,0.0017404696,4
FBXL21P,72,0.0017395334,0.00021744167,9
NREP,1,0.0017386571,0.0017386571,1
MAGI3,32,0.0017376009,0.0017376009,32
BAIAP2L1,10,0.0017355327,0.00017355327,1
ARHGEF15,17,0.0017325162,0.000101912716,1
MAP3K21,8,0.0017287165,0.00043217913,2
PRNP,80,0.0017281243,0.00010800777,5
RAB11FIP4,1,0.0017270846,0.0017270846,1
ZDHHC7,15,0.0017168383,0.0003433677,3
IL27,32,0.0017145871,0.00021432339,4
TAAR9,14,0.0017140681,0.00012243344,1
ZCRB1,13,0.0017135576,0.00013181212,1
GATA3,78,0.0017122261,4.390323e-05,2
LMO7,8,0.0017098647,0.00021373309,1
FOLR1,14,0.0017085904,0.00012204218,1
GALNT17,40,0.0017076709,0.00021345886,5
DNAJC13,3,0.001707627,0.000569209,1
PRM1,16,0.0017036942,0.0008518471,8
SERPINA6,5,0.0017031138,0.00034062276,1
ADGRF4,4,0.0017030566,0.0008515283,2
IRF7,52,0.001699821,3.2688866e-05,1
OR12D3,52,0.0016988341,0.00042470853,13
ARHGAP32,19,0.0016969658,8.931399e-05,1
ATP12A,5,0.0016968488,0.00033936976,1
NOX4,18,0.0016862495,9.368053e-05,1
RORB,6,0.0016814396,0.00028023994,1
ARHGAP18,24,0.0016802315,0.0002800386,4
DYSF,12,0.0016794637,0.00083973183,6
BCL2L11,98,0.001675216,3.418808e-05,2
PCTP,5,0.0016747458,0.0016747458,5
PTPRH,11,0.0016720786,0.0016720786,11
ABCC3,29,0.0016720268,5.7656096e-05,1
FCRL3,4,0.0016714336,0.0016714336,4
MYH14,20,0.0016713092,8.3565465e-05,1
EMSY,33,0.0016707415,0.0016707415,33
NT5M,60,0.0016686978,0.00013905815,5
GRAMD1B,3,0.001667215,0.001667215,3
PTGER3,19,0.0016657872,8.767301e-05,1
HIP1,7,0.0016648881,0.00023784116,1
P2RY2,63,0.0016584025,7.897154e-05,3
FMO4,5,0.0016577423,0.00033154845,1
LCE3E,27,0.0016548964,0.00055163214,9
GRHL2,4,0.0016518731,0.0016518731,4
CNTFR,13,0.0016494866,0.00012688359,1
SEMA6C,2,0.0016494317,0.0008247158,1
DMRT1,8,0.0016482841,0.00041207104,2
TRMT11,36,0.0016473411,0.00054911367,12
GGA2,7,0.0016472881,0.00023532686,1
DEF6,22,0.0016466526,0.0001496957,2
FEZ1,1,0.0016461132,0.0016461132,1
MSGN1,1,0.001644962,0.001644962,1
IL22RA2,70,0.0016402289,0.0002343184,10
FZD7,208,0.0016359972,3.1461484e-05,4
FBXO9,14,0.0016354967,0.0002336424,2
IER3,42,0.0016352524,0.00023360748,6
ABR,20,0.0016345698,8.172849e-05,1
CSGALNACT2,11,0.0016337415,0.00014852195,1
KHDRBS3,36,0.0016252039,0.00040630097,9
POGLUT1,10,0.0016194432,0.0003238886,2
RPL37A,26,0.001616025,6.215481e-05,1
AQP12A,27,0.0016121197,0.00053737324,9
ZNF343,4,0.0016111213,0.00040278034,1
HNRNPD,63,0.0016105587,0.00023007981,9
CD6,32,0.0016104454,0.0016104454,32
FKBP9,4,0.0016104197,0.00040260493,1
NAT2,30,0.0016086152,0.00016086151,3
PLAC8,5,0.001604335,0.000320867,1
FAM13A,7,0.0015989267,0.00022841811,1
HECW1,4,0.0015963083,0.00039907708,1
CHAF1A,2,0.0015962101,0.00079810503,1
COL16A1,18,0.0015933429,0.0001770381,2
USP25,120,0.0015926199,0.000318524,24
ABCA12,12,0.0015899903,0.00039749758,3
CAPN8,6,0.0015898575,0.00079492875,3
IL17RB,3,0.0015877119,0.00052923727,1
OXTR,15,0.0015849464,0.00010566309,1
EYA2,8,0.0015848107,0.00039620267,2
STOML1,2,0.0015839535,0.0015839535,2
SLC26A7,18,0.0015824045,0.00026373405,3
RPS3,32,0.0015756289,4.9238402e-05,1
COPZ2,11,0.0015736651,0.00014306046,1
HS3ST3B1,72,0.0015702526,0.00017447252,8
ALAD,17,0.0015691227,9.2301336e-05,1
PRRG4,4,0.0015667647,0.00078338233,2
S1PR2,91,0.0015651515,0.00012039626,7
TRIM71,49,0.0015651217,0.00022358881,7
ITGAE,9,0.0015604813,0.00017338681,1
IFT140,10,0.0015593499,0.00015593499,1
KBTBD8,49,0.0015592315,0.00022274736,7
CARD18,3,0.001556676,0.001556676,3
ZNF485,6,0.0015558512,0.0005186171,2
LIG3,15,0.0015541358,0.000103609054,1
COL22A1,80,0.0015535695,0.0003107139,16
SYT2,12,0.0015526606,0.00012938838,1
TAF1B,72,0.0015502116,0.0001291843,6
SEMA6A,28,0.0015494796,0.00022135422,4
HSD17B8,6,0.0015481755,0.00025802923,1
BATF,15,0.0015479856,0.0005159952,5
RNF217,4,0.0015473205,0.00038683013,1
MYL2,31,0.0015449852,4.9838232e-05,1
SLC13A5,5,0.0015445492,0.00030890986,1
IFT22,5,0.0015436462,0.00030872924,1
JDP2,6,0.0015416462,0.0015416462,6
VRK2,108,0.0015404067,8.5578155e-05,6
TRIM6,4,0.0015403418,0.00038508544,1
ZNF746,4,0.0015398974,0.00038497435,1
OR2V1,12,0.0015375456,0.0005125152,4
NTM,18,0.0015333566,0.00051111885,6
RPTN,3,0.0015314477,0.0005104826,1
MON1A,4,0.001530535,0.00038263376,1
SLITRK1,33,0.0015290397,0.0005096799,11
CHDH,19,0.0015267174,8.035355e-05,1
SCT,115,0.0015255429,6.632796e-05,5
COTL1,27,0.0015192303,0.00050641014,9
FBLL1,2,0.0015187103,0.0015187103,2
TJP3,2,0.0015168143,0.0007584072,1
KLF3,4,0.0015141193,0.0015141193,4
CHRNG,9,0.0015133856,0.00016815396,1
NCOA7,2,0.0015111046,0.0007555523,1
PNN,2,0.0015097952,0.0007548976,1
ITLN2,8,0.0015093216,0.0015093216,8
BRMS1L,4,0.0015088546,0.0015088546,4
SH3BP2,20,0.0015083113,0.00030166225,4
MT1HL1,4,0.0015072564,0.0003768141,1
BACE2,1,0.0015063094,0.0015063094,1
ZDHHC17,1,0.0015046069,0.0015046069,1
KLF6,12,0.0015040846,0.0005013615,4
ABHD6,120,0.001503049,0.00015030491,12
CCDC187,30,0.0015010244,0.00030020488,6
STYK1,2,0.0014965249,0.0014965249,2
B2M,35,0.0014940299,4.268657e-05,1
TOR1AIP1,14,0.0014934286,0.00021334692,2
MIR34AHG,2,0.0014933067,0.00074665336,1
MITF,23,0.0014925307,6.4892636e-05,1
ZNF792,4,0.0014873408,0.0003718352,1
CDH7,112,0.0014870339,0.00021243343,16
PER1,6,0.0014866837,0.0002477806,1
CCL7,44,0.0014842815,0.00013493469,4
PGM5,1,0.0014828141,0.0014828141,1
OR12D1,6,0.0014826474,0.0014826474,6
SLCO4C1,49,0.001481259,0.00021160844,7
LMX1A,7,0.0014764119,0.0014764119,7
BRD2,78,0.0014730237,0.00024550394,13
PELO,8,0.0014709323,0.00073546614,4
LTBP1,11,0.0014706791,0.0001336981,1
CACNA2D3,132,0.0014704703,0.00012253919,11
UBE2E3,252,0.0014699752,0.00016333058,28
ZNF300,16,0.0014688673,0.00036721682,4
TMEM38B,5,0.0014676512,0.0014676512,5
ADGRL4,10,0.0014665115,0.0014665115,10
AXL,8,0.0014664023,0.00018330029,1
OAZ2,4,0.0014626725,0.00036566812,1
SIPA1L2,4,0.0014620664,0.0014620664,4
C1GALT1C1L,2,0.0014580996,0.0007290498,1
KIF26B,8,0.0014571699,0.00018214624,1
GPR1,1,0.0014563173,0.0014563173,1
DOCK5,60,0.0014540892,0.00014540892,6
MEX3B,4,0.0014527349,0.0014527349,4
PEDS1-UBE2V1,54,0.0014484789,2.6823684e-05,1
MMRN1,8,0.0014476592,0.0003619148,2
PXDN,5,0.0014462007,0.00028924012,1
RGS16,17,0.0014444726,8.4968975e-05,1
DNAJB6,8,0.0014440846,0.00018051057,1
MPDZ,4,0.0014433095,0.0014433095,4
STIM2,4,0.0014428438,0.0007214219,2
SLC9A9,24,0.0014424324,0.0003606081,6
PROM1,8,0.0014383026,0.0007191513,4
MTHFS,42,0.0014368856,0.00010263469,3
MICAL2,1,0.001436663,0.001436663,1
RP1L1,4,0.0014333823,0.0014333823,4
FLOT1,18,0.0014297513,7.9430625e-05,1
EMP2,2,0.0014296885,0.0014296885,2
OSBPL10,5,0.0014271837,0.00028543675,1
SEMA3D,1,0.0014246817,0.0014246817,1
CFAP410,1,0.0014244141,0.0014244141,1
KIAA0586,2,0.00142279,0.000711395,1
GSDME,3,0.0014210974,0.00047369915,1
B3GALT5,7,0.001419021,0.00020271729,1
PTHLH,40,0.0014172406,7.0862035e-05,2
ZNF169,4,0.0014152927,0.00035382318,1
DDR1,15,0.0014128442,0.00047094809,5
WWTR1,20,0.0014127191,7.063596e-05,1
DDX18,15,0.001410201,0.001410201,15
TRAFD1,1,0.0014079335,0.0014079335,1
ASCC2,20,0.0014074303,0.00035185757,5
AOPEP,6,0.0014042346,0.0004680782,2
C8orf37,1,0.001403068,0.001403068,1
METTL21A,3,0.0014029242,0.0004676414,1
DYNC2H1,66,0.0014027216,0.00012752014,6
LILRA3,56,0.0014013335,0.00020019051,8
TRAIP,12,0.0013999916,0.0003499979,3
CERS6,45,0.0013991033,0.00015545593,5
VPS35L,3,0.0013988795,0.00046629316,1
OR10A6,3,0.0013987562,0.00046625207,1
TOM1L1,5,0.0013984287,0.0013984287,5
SRPK1,3,0.0013979354,0.0004659785,1
PEX5L,2,0.0013979331,0.0013979331,2
TRIM36,4,0.0013971447,0.0003492862,1
VIL1,10,0.0013966032,0.0006983016,5
TRPM3,12,0.0013960352,0.0003490088,3
NCAM2,12,0.0013930146,0.0006965073,6
LINC00970,2,0.0013913782,0.0013913782,2
SAR1A,4,0.0013912125,0.0003478031,1
PCBD2,3,0.0013899704,0.00046332346,1
EYA4,8,0.0013895895,0.00034739738,2
UFL1,4,0.001387097,0.00034677426,1
TECTB,6,0.0013868655,0.0004622885,2
GFUS,13,0.0013868351,0.000106679625,1
POLR3B,15,0.0013861598,9.241065e-05,1
TOP3A,26,0.0013844533,5.32482e-05,1
ATXN1,3,0.0013829094,0.00046096978,1
FUT9,44,0.0013827905,0.00012570823,4
GORASP2,5,0.0013826027,0.00027652056,1
PTMA,10,0.0013816154,0.0006908077,5
ARL4A,7,0.0013764522,0.0013764522,7
BTN2A1,3,0.0013752906,0.00045843018,1
TBX21,33,0.0013708378,0.00012462161,3
FRMD1,8,0.001370651,0.0006853255,4
KIR3DL3,12,0.0013705275,0.00045684248,4
SAG,18,0.0013695332,0.00022825557,3
ZNF717,20,0.0013683026,0.00034207565,5
TTLL11,3,0.0013682772,0.0004560924,1
FHL2,110,0.0013645815,0.00013645815,11
HTR1B,84,0.0013635601,9.7397155e-05,6
APOBEC3A_B,1,0.0013634665,0.0013634665,1
CACNB4,18,0.0013630538,7.572521e-05,1
PATJ,7,0.0013627657,0.0001946808,1
PTGFRN,14,0.0013625916,0.0013625916,14
CYTH4,165,0.0013624772,0.00012386157,15
LCE3B,9,0.0013622157,0.0004540719,3
MYOCD,2,0.0013606347,0.00068031735,1
OSBPL3,20,0.001354305,0.000270861,4
CADM2,20,0.0013538551,0.00027077104,4
TFDP1,57,0.001351083,2.370321e-05,1
SERBP1,24,0.0013499282,0.0013499282,24
CSGALNACT1,33,0.0013390916,0.00012173561,3
BRDT,10,0.0013382889,0.0013382889,10
YPEL5,4,0.001334095,0.00033352376,1
UQCRC1,19,0.00133354,7.018631e-05,1
CCDC124,1,0.0013332189,0.0013332189,1
ATP6V1G1,29,0.0013324284,4.5945806e-05,1
GPIHBP1,14,0.001328854,9.491814e-05,1
LHPP,5,0.0013283256,0.00026566512,1
ATP8A2,3,0.001325174,0.00044172467,1
TSPAN8,3,0.0013247844,0.0013247844,3
DHX36,6,0.0013246253,0.00022077089,1
DOK6,30,0.0013209815,0.0002641963,6
KSR2,57,0.0013195175,6.9448295e-05,3
EPSTI1,6,0.0013180523,0.00021967538,1
CNGB3,3,0.0013161057,0.0004387019,1
OSBPL6,15,0.0013144688,0.00026289377,3
P2RY6,12,0.0013136694,0.00010947245,1
RPL22L1,50,0.0013109654,5.2438616e-05,2
TRIP11,11,0.0013105415,0.00011914014,1
CTC1,7,0.0013100572,0.00018715103,1
DDIT4L,1,0.0013075749,0.0013075749,1
SNRPC,48,0.0013053595,0.00021755994,8
PHF19,3,0.0013027397,0.00043424658,1
EFHC1,1,0.0013020148,0.0013020148,1
MON1B,12,0.0013004036,0.0003251009,3
NCKIPSD,15,0.0013003879,8.6692526e-05,1
ABCD4,6,0.0012999389,0.00021665648,1
TTLL10,3,0.0012988017,0.0004329339,1
TGFBI,60,0.0012870138,0.00042900458,20
KDM1A,34,0.0012869413,3.7851216e-05,1
TWSG1,2,0.0012850345,0.0012850345,2
RABGGTA,10,0.0012842817,0.00012842818,1
ATP10B,90,0.001283405,0.00042780166,30
SHC4,28,0.0012830725,4.5824017e-05,1
MTSS1,9,0.0012815121,0.00042717074,3
ACACB,27,0.0012806794,4.7432568e-05,1
TBC1D3B,4,0.0012799503,0.00031998756,1
NADK,10,0.0012784856,0.00012784856,1
FBXW10,20,0.0012759431,0.0001275943,2
C1D,4,0.0012733911,0.0012733911,4
CNTN3,18,0.0012710497,0.00042368323,6
ASIC2,20,0.0012703068,0.00025406136,4
TLR5,18,0.0012697367,7.0540926e-05,1
CUBN,14,0.0012685215,9.060868e-05,1
PRSS3,20,0.0012621623,0.00012621624,2
INSIG2,4,0.0012605519,0.0012605519,4
CLYBL,1,0.0012603427,0.0012603427,1
CD69,36,0.0012541175,0.0012541175,36
RASGRP3,40,0.0012538306,6.269153e-05,2
SPNS1,2,0.0012535497,0.0012535497,2
RASSF6,2,0.0012521298,0.0006260649,1
LRIG1,7,0.001247429,0.00017820415,1
C8orf44-SGK3,3,0.001246954,0.00041565133,1
KRT2,4,0.0012457863,0.00062289316,2
SLC22A4,66,0.0012447684,0.0002074614,11
ALDH8A1,10,0.0012436189,0.00024872378,2
DUSP4,120,0.0012425146,3.1062864e-05,3
SEL1L2,1,0.0012410285,0.0012410285,1
OR52K1,3,0.0012406226,0.00041354087,1
PLEKHG6,35,0.0012389033,0.00017698618,5
CLK2,1,0.0012368031,0.0012368031,1
PALB2,13,0.0012354878,9.503752e-05,1
SMOC2,7,0.001235129,0.001235129,7
ATF5,5,0.0012335457,0.00024670915,1
HSPA12A,4,0.0012325523,0.0003081381,1
FZD3,47,0.0012291747,2.6152653e-05,1
PRDM6,3,0.0012265273,0.0012265273,3
FCAR,15,0.0012247246,0.0002449449,3
INSIG1,3,0.0012207538,0.0012207538,3
FKBP15,1,0.0012184427,0.0012184427,1
ZMYND11,1,0.0012173532,0.0012173532,1
PRRC2C,1,0.0012166285,0.0012166285,1
SAMD3,1,0.0012163441,0.0012163441,1
KCTD6,192,0.0012159,7.599375e-05,12
INS-IGF2,4,0.001213411,0.0006067055,2
TRPM5,5,0.001210663,0.0002421326,1
CDKAL1,20,0.0012091106,0.0012091106,20
AQP1,40,0.0012081438,3.0203595e-05,1
COL23A1,12,0.0012074598,0.000100621655,1
WIPF3,42,0.0012056504,5.7411926e-05,2
SATB2,377,0.0012041116,9.2623966e-05,29
TIMMDC1,15,0.0012019154,0.00024038309,3
UBE2G2,30,0.0012014556,8.009704e-05,2
FOXN3,5,0.0011988289,0.0011988289,5
FREM1,2,0.0011976791,0.00059883954,1
ETV7,1,0.0011971579,0.0011971579,1
PABPC3,3,0.0011953958,0.0003984653,1
RHOBTB1,7,0.0011929723,0.00017042461,1
REXO2,22,0.0011881675,0.0011881675,22
TREML2,3,0.0011863578,0.0003954526,1
ABHD16A,2,0.0011852309,0.0011852309,2
UBE2V2,48,0.001184423,4.9350958e-05,2
PKIA,120,0.0011826906,0.00039423018,40
NLRP7,28,0.0011816841,0.00059084204,14
MGAT5B,2,0.0011812579,0.00059062894,1
OR13D1,3,0.0011794759,0.00039315864,1
HDAC11,60,0.0011793951,5.8969756e-05,3
SPTSSB,12,0.0011793129,0.00029482823,3
KCNMA1,57,0.001177909,6.199521e-05,3
PRLHR,35,0.001177697,0.00016824243,5
UNC13A,6,0.0011775803,0.0003925268,2
CEP295,2,0.001176867,0.001176867,2
GALNT6,8,0.0011746936,0.0001468367,1
TMEM170A,4,0.0011733772,0.0011733772,4
ST8SIA6,36,0.0011712379,0.00013013756,4
YARS1,11,0.0011679898,0.000106180894,1
SLC26A6,8,0.001167354,0.00014591926,1
TRIM9,4,0.001166852,0.000291713,1
COX16,2,0.0011666595,0.00058332976,1
BTN1A1,6,0.0011657407,0.00038858023,2
PPFIA3,10,0.0011655965,0.000116559655,1
MCM4,26,0.0011629086,4.4727254e-05,1
HERC2P10,2,0.0011618887,0.0011618887,2
STK10,11,0.0011586057,0.00010532779,1
SMYD3,6,0.0011534488,0.00019224147,1
ARHGAP28,5,0.0011522361,0.00023044723,1
PSMD13,39,0.0011507375,2.950609e-05,1
DCAF17,12,0.0011449811,0.00028624528,3
FRAS1,2,0.0011447617,0.00057238084,1
PDE1A,81,0.001141478,4.2276963e-05,3
FARS2,14,0.0011367518,0.00016239312,2
PER3,3,0.0011354573,0.00037848577,1
NFIX,1,0.0011332938,0.0011332938,1
RAB5B,21,0.0011309651,5.385548e-05,1
CLVS1,20,0.0011303283,0.00022606566,4
TIMD4,1,0.0011296987,0.0011296987,1
TNIP1,63,0.0011292408,0.00016132012,9
KCNB2,9,0.0011292126,0.00037640418,3
GPR75-ASB3,21,0.0011275335,0.00016107621,3
PTPRT,10,0.0011267853,0.0011267853,10
CCT6B,40,0.0011252644,0.00011252645,4
EPS8L2,4,0.0011247036,0.0002811759,1
ATXN8OS,6,0.0011218304,0.0011218304,6
PNKD,2,0.0011208694,0.0011208694,2
DPPA3,2,0.0011201592,0.0011201592,2
SYNE3,3,0.0011193065,0.0011193065,3
DNAH11,4,0.0011185601,0.00027964002,1
COL15A1,14,0.00111793,0.00015970429,2
TAGAP,266,0.001117643,0.00015966326,38
CD72,8,0.0011164426,0.00013955533,1
OR1Q1,4,0.0011149795,0.00027874488,1
PROKR2,9,0.0011149442,0.0001238827,1
SLC23A1,6,0.0011147964,0.00018579939,1
MYO3B,16,0.0011128917,0.00027822293,4
STX6,6,0.0011106529,0.00018510882,1
MYO5B,1,0.0011100796,0.0011100796,1
TRIM22,10,0.0011089378,0.00022178756,2
CDV3,2,0.0011073166,0.0005536583,1
CLPTM1L,1,0.0011071,0.0011071,1
NFKBIZ,15,0.0011070669,0.00036902228,5
TYMP,23,0.0011060087,4.808733e-05,1
OR52B4,1,0.001105613,0.001105613,1
NR4A1,28,0.00110485,3.9458926e-05,1
RIMS2,2,0.0011036559,0.0011036559,2
HSD17B1,11,0.0011023716,0.0001002156,1
ATXN3,12,0.0011020782,9.183985e-05,1
DOCK10,12,0.00110032,9.1693335e-05,1
NUTF2,1,0.0010972647,0.0010972647,1
OR51Q1,3,0.0010968787,0.0003656262,1
THG1L,3,0.0010966819,0.00036556064,1
NRGN,6,0.0010960303,0.00018267172,1
MSR1,85,0.0010925562,0.00021851124,17
SIRPB1,91,0.0010925089,0.0001560727,13
SLC6A6,18,0.001092368,0.00012137423,2
ITGB2,44,0.0010923354,2.4825806e-05,1
SMIM20,33,0.0010919358,0.0010919358,33
SDHAF4,1,0.0010909842,0.0010909842,1
SETX,2,0.0010909007,0.00054545037,1
PWWP3A,1,0.0010901658,0.0010901658,1
HSF2,8,0.0010889197,0.0010889197,8
FKRP,8,0.0010871828,0.0010871828,8
RPRM,14,0.0010870218,0.0005435109,7
NEUROG2,1,0.0010854498,0.0010854498,1
ZIC1,2,0.0010854136,0.0005427068,1
EARS2,14,0.0010765049,7.689321e-05,1
EXTL1,4,0.0010744114,0.00026860286,1
KIF25,8,0.0010713864,0.0001339233,1
SHANK2,132,0.001071093,0.00026777326,33
RSAD2,7,0.0010702558,0.00015289368,1
UHRF1,4,0.0010661018,0.00026652546,1
ATP8A1,30,0.0010655912,0.00010655913,3
UGT1A5,42,0.0010641674,5.0674636e-05,2
MDGA1,9,0.0010637252,0.00035457508,3
RSPH4A,1,0.0010610044,0.0010610044,1
TLK1,3,0.0010603251,0.0003534417,1
DSCAML1,5,0.0010588649,0.00021177297,1
ZNF564,4,0.001057777,0.00026444424,1
BICD1,5,0.001055635,0.00021112702,1
DNAH8,8,0.0010542389,0.00026355972,2
VLDLR-AS1,1,0.001051817,0.001051817,1
CHMP6,18,0.0010507053,5.837252e-05,1
ADAMTS9,14,0.0010500465,0.00015000664,2
CDK14,5,0.0010484594,0.0010484594,5
ECI2,14,0.0010477416,7.483869e-05,1
PKIG,4,0.0010468514,0.0005234257,2
RDH14,24,0.0010460424,0.00017434041,4
KCNS2,3,0.0010442638,0.00034808795,1
PAX9,1,0.0010421426,0.0010421426,1
EVI5,3,0.00104189,0.00104189,3
KRT86,4,0.0010401681,0.00052008405,2
ADAMTS2,16,0.001037805,0.00012972562,2
DNAH17,3,0.0010358131,0.00034527105,1
PRUNE1,1,0.0010344589,0.0010344589,1
ARIH2,5,0.0010340046,0.00020680092,1
MRPS6,7,0.0010332355,0.00014760507,1
UBE2Q1,5,0.0010318396,0.00020636793,1
MFSD4B,21,0.0010289318,0.00034297726,7
LRAT,16,0.0010284522,6.427826e-05,1
GPR6,2,0.0010278464,0.0010278464,2
TAF3,40,0.0010274488,5.137244e-05,2
GRM4,34,0.001027392,6.0434828e-05,2
FBLN2,9,0.0010265008,0.00034216695,3
PDE9A,8,0.0010244956,0.00012806195,1
ABCC12,1,0.0010199636,0.0010199636,1
TAPT1,4,0.0010199425,0.0010199425,4
LAMB4,10,0.0010195292,0.000101952915,1
GABRG3,60,0.0010186582,6.791054e-05,4
HNF4A,112,0.0010184303,7.2745024e-05,8
TOMM40,10,0.0010157226,0.00010157227,1
CPLANE1,3,0.001011571,0.00033719034,1
CABLES1,8,0.0010054475,0.00025136187,2
DCC,114,0.0010045378,5.287041e-05,6
PRDM16,9,0.001002542,0.00011139355,1
MRPS33,6,0.0010012822,0.00016688037,1
COLEC10,12,0.0009987775,0.00016646291,2
KCNK12,3,0.0009985346,0.00033284488,1
IBTK,2,0.0009985053,0.0009985053,2
HSPA13,8,0.0009984552,0.0002496138,2
ADGRD1,2,0.000991126,0.000991126,2
MBD6,4,0.0009887776,0.0002471944,1
CHMP1A,6,0.000988496,0.00016474933,1
AREL1,4,0.0009868381,0.00024670953,1
OPN5,14,0.0009853195,0.00014075993,2
APCS,12,0.0009850955,0.0003283652,4
DOCK3,11,0.0009832106,8.938278e-05,1
NRCAM,8,0.0009830447,0.00012288059,1
TMC1,8,0.0009828566,0.00024571415,2
CD226,4,0.0009821533,0.00024553834,1
IP6K2,30,0.0009819417,9.819417e-05,3
ICAM1,138,0.0009803604,2.1312182e-05,3
MED26,5,0.0009788641,0.00019577282,1
EEF2KMT,24,0.000977796,0.00032593202,8
KCNN3,5,0.0009763969,0.00019527938,1
SSPOP,8,0.0009744287,0.00024360718,2
GPR63,5,0.0009723643,0.0009723643,5
SMC1B,7,0.0009687849,0.00013839784,1
SUDS3,15,0.00096658175,6.4438784e-05,1
STARD10,10,0.0009652278,0.00019304556,2
RBM28,1,0.00096507394,0.00096507394,1
FANCA,8,0.0009649907,0.00012062384,1
MSL2,4,0.0009645922,0.00024114805,1
ACOT6,10,0.0009626321,9.626321e-05,1
B3GALNT1,14,0.00096188014,0.00013741145,2
TRIM2,20,0.0009600301,0.00024000753,5
DCBLD2,2,0.0009578834,0.0009578834,2
SERPINE2,8,0.00095660816,0.00023915204,2
RPL39L,69,0.0009548664,4.151593e-05,3
NTSR1,72,0.00095322233,7.943519e-05,6
DEPDC5,4,0.00095073774,0.00047536887,2
IKZF1,86,0.0009507006,0.0004753503,43
SLC17A7,14,0.0009504934,6.789238e-05,1
CALCRL,119,0.0009486797,5.5804685e-05,7
NEK1,4,0.0009475559,0.0009475559,4
RAB11FIP5,2,0.0009474321,0.0009474321,2
MCUB,3,0.0009446986,0.00031489952,1
ADAMTS6,8,0.00094193034,0.00023548258,2
CHCHD7,6,0.00093972887,0.00046986443,3
UGT1A9,135,0.00093967275,2.0881615e-05,3
TBX19,1,0.0009378439,0.0009378439,1
NFIB,6,0.00093620043,0.00046810022,3
DENND3,12,0.0009360528,0.0002340132,3
SPATA5,1,0.000935947,0.000935947,1
IDH1,26,0.0009343911,3.593812e-05,1
COG7,11,0.00093325484,8.484135e-05,1
DHX29,2,0.0009329941,0.0009329941,2
FYCO1,10,0.00093260745,0.00093260745,10
BAMBI,26,0.00093049585,7.15766e-05,2
TTC23,1,0.00092948263,0.00092948263,1
SSB,1,0.00092665205,0.00092665205,1
ERI1,4,0.0009264862,0.0009264862,4
TDRD9,6,0.0009235089,0.0003078363,2
ZNF462,2,0.0009233346,0.0009233346,2
ACAA2,165,0.00091735413,1.6679167e-05,3
PTPRN,1,0.00091568055,0.00091568055,1
EPS8L1,8,0.0009156205,0.0009156205,8
DIO1,12,0.0009148211,7.623509e-05,1
TBC1D15,1,0.00091472594,0.00091472594,1
PICALM,72,0.0009144366,7.6203054e-05,6
ZMAT5,4,0.0009133669,0.00022834173,1
IFT46,6,0.0009133025,0.00015221708,1
KIF21B,16,0.00091222965,0.000114028706,2
NFIC,2,0.00091183896,0.00091183896,2
PHB,8,0.000909458,0.0002273645,2
SHMT2,40,0.00090888113,2.2722028e-05,1
TRIM29,20,0.0009083401,0.000181668,4
LSM8,18,0.00090793875,0.00015132314,3
TDH,3,0.00090790883,0.00030263627,1
SORL1,4,0.00090690807,0.00045345403,2
GLS,50,0.000906559,3.6262358e-05,2
ADA,70,0.00090543524,2.5869576e-05,2
CLIC5,16,0.00090222363,0.00022555591,4
MCFD2,18,0.0008991723,9.990803e-05,2
CCL24,12,0.0008984599,0.00022461498,3
RAB3GAP2,8,0.0008976805,0.000112210066,1
MCF2L,20,0.00089524727,4.4762364e-05,1
C15orf39,1,0.0008949903,0.0008949903,1
MPHOSPH6,6,0.00089405914,0.00089405914,6
MIR495,1,0.0008938944,0.0008938944,1
BBS9,32,0.0008927579,0.00011159474,4
ACOT11,20,0.0008924917,0.00022312293,5
CR1L,14,0.00089188304,0.00012741185,2
DOT1L,7,0.0008916718,0.00012738169,1
PHOX2A,2,0.00088908395,0.00088908395,2
GZMB,78,0.000888543,3.4174733e-05,3
PHLDB2,2,0.00088657066,0.00044328533,1
SCARB2,7,0.0008858169,0.00012654527,1
SMARCC2,32,0.00088520267,5.5325167e-05,2
PPP1R12B,24,0.00088480616,3.6866924e-05,1
PIGT,12,0.00088415336,0.00014735889,2
IL21R,66,0.0008838353,0.00014730588,11
S100P,6,0.00088064757,0.00014677459,1
COL3A1,48,0.0008774386,3.655994e-05,2
PTX3,6,0.0008773283,0.00014622138,1
LIN52,9,0.0008737772,9.7086355e-05,1
KCNJ10,15,0.0008731454,5.8209695e-05,1
ESM1,5,0.0008728338,0.0008728338,5
FOXQ1,8,0.0008709054,0.0004354527,4
SYT10,32,0.00086996995,0.00021749249,8
FAF2,8,0.00086814445,0.000108518056,1
DUSP16,15,0.00086777733,5.7851823e-05,1
NLRP2,8,0.0008644324,0.0008644324,8
KCNU1,30,0.0008634321,0.00014390536,5
B3GALT1,7,0.0008630033,0.00012328618,1
ATP2C2,10,0.0008626101,0.00017252204,2
TMX3,12,0.00086246734,0.00021561683,3
SLC7A2,30,0.00086166646,5.744443e-05,2
PELP1,9,0.0008605722,9.5619136e-05,1
ANXA6,40,0.0008604429,0.00021511072,10
TBC1D32,6,0.00085689925,0.00085689925,6
STAM,33,0.0008559934,2.5939195e-05,1
TNFSF8,85,0.0008550685,0.0001710137,17
TTYH1,57,0.000853218,0.000284406,19
NKX2-5,16,0.0008514298,0.00010642873,2
GBGT1,1,0.0008508415,0.0008508415,1
ARNT2,24,0.0008488553,0.00010610691,3
NIPAL3,2,0.00084499625,0.00042249812,1
POLE,40,0.00084417453,2.1104363e-05,1
STMN2,20,0.00083930104,0.00016786021,4
CRB1,5,0.00083778537,0.00083778537,5
OTUD7A,20,0.0008372157,0.00016744316,4
TULP1,2,0.0008369708,0.0008369708,2
PLIN5,1,0.0008342142,0.0008342142,1
NMI,8,0.000832892,0.000208223,2
ST8SIA4,120,0.0008318868,6.93239e-05,10
RAG1,6,0.00083122746,0.00013853791,1
LRP10,6,0.0008300275,0.00013833791,1
CD244,3,0.0008298104,0.00027660347,1
PBRM1,10,0.0008272824,8.2728235e-05,1
SHANK1,6,0.00082657824,0.00013776304,1
LILRA6,15,0.00082604075,0.00016520817,3
CRHR1,20,0.0008259128,4.129564e-05,1
DAXX,45,0.00082482497,1.8329443e-05,1
KLF13,5,0.0008237303,0.0008237303,5
MDFIC,2,0.0008187536,0.0008187536,2
SLC44A2,13,0.0008184336,6.295643e-05,1
HLX,6,0.0008162488,0.00027208292,2
PGBD5,1,0.0008160413,0.0008160413,1
ISL1,36,0.0008135566,9.039518e-05,4
FMN1,2,0.00081294775,0.00081294775,2
OTX1,1,0.0008124995,0.0008124995,1
ESRRG,15,0.0008097833,0.00016195666,3
MIR181D,4,0.0008093542,0.00020233855,1
ADGRL3,4,0.000807249,0.0004036245,2
TNFRSF6B,18,0.00080438855,4.468825e-05,1
NFKB2,92,0.0008026435,8.724385e-06,1
BCAS3,1,0.00080236554,0.00080236554,1
TTC30A,4,0.0008018117,0.00020045292,1
MRPS10,7,0.00080170005,0.00011452858,1
ICOSLG,210,0.00080047233,0.00013341205,35
MBD5,4,0.0008004553,0.00020011382,1
HELZ2,45,0.00079831807,8.8702014e-05,5
FUT2,22,0.00079569494,7.2335904e-05,2
MIR187,4,0.0007935551,0.0007935551,4
DUSP22,10,0.0007927305,0.0007927305,10
CPLX3,2,0.00079101685,0.00039550842,1
MYBL2,17,0.0007878711,4.6345358e-05,1
ZMIZ1,54,0.00078636763,0.00026212254,18
PPP4R1,2,0.00078381377,0.00078381377,2
GAB1,108,0.0007821336,7.241978e-06,1
SFRP1,32,0.00078072073,4.8795046e-05,2
SPRY4,102,0.0007787312,0.0003893656,51
SLC16A3,16,0.000778011,4.8625687e-05,1
EBF3,4,0.0007764725,0.0007764725,4
ACOD1,2,0.0007755884,0.0007755884,2
TAOK3,11,0.0007754238,7.049307e-05,1
DCD,9,0.0007748305,0.00025827682,3
MOXD1,6,0.0007738801,0.00038694005,3
UBE3D,32,0.0007733301,0.00019333253,8
KIR3DX1,29,0.0007731734,0.0007731734,29
ZNF226,4,0.00077315496,0.00019328874,1
NSF,54,0.00077229604,2.8603557e-05,2
WHRN,10,0.0007702673,0.00015405346,2
SCAF11,1,0.00076980033,0.00076980033,1
APBA2,4,0.0007686823,0.00019217057,1
ERG,5,0.00076794904,0.0001535898,1
ID3,11,0.0007662683,6.966075e-05,1
KCNH7,6,0.0007658244,0.00025527482,2
MME,36,0.0007625224,6.354353e-05,3
HDGF,2,0.0007604753,0.0007604753,2
TRIM5,6,0.00075542205,0.00012590368,1
STIL,2,0.0007549706,0.0007549706,2
POU1F1,4,0.0007528876,0.0003764438,2
ZNF112,4,0.00075125165,0.00018781291,1
ARMC9,2,0.0007507979,0.00037539896,1
SPATA2,3,0.0007501279,0.0007501279,3
FXYD6,10,0.00075011916,7.5011914e-05,1
PRM3,2,0.0007496622,0.0007496622,2
FGD5,6,0.00074959133,0.00012493189,1
SH3TC2,4,0.0007436238,0.0007436238,4
CHD7,4,0.0007421124,0.0003710562,2
ADAM30,3,0.0007412536,0.00024708454,1
COLEC12,14,0.000739258,0.00010560829,2
GFOD1,10,0.0007379494,0.00014758989,2
TCERG1,1,0.000734489,0.000734489,1
CLMN,1,0.00073421106,0.00073421106,1
PIAS1,38,0.00073384045,1.931159e-05,1
RIDA,3,0.0007336338,0.00024454462,1
TNFSF13,12,0.00073266466,6.105539e-05,1
SORBS2,4,0.0007320794,0.0007320794,4
PON2,7,0.00072843547,0.00010406221,1
NIPAL2,8,0.00072838383,0.00036419192,4
MBP,12,0.00072524924,0.00012087487,2
GCKR,7,0.0007238056,0.0001034008,1
NHLRC1,2,0.0007235151,0.0007235151,2
DYRK1A,9,0.0007221045,8.023383e-05,1
OR1J2,3,0.00072147127,0.00024049042,1
CALCOCO1,1,0.0007214641,0.0007214641,1
SEMA3F,2,0.0007209176,0.0007209176,2
MAS1,12,0.00071969436,0.00011994906,2
CDH20,22,0.00071881356,0.00035940678,11
SDK1,40,0.0007185663,0.00017964157,10
RIPK3,31,0.00071771425,2.3152073e-05,1
RND3,5,0.000716911,0.0001433822,1
IRF2BP1,2,0.000716594,0.000716594,2
VPS29,6,0.0007109356,0.00011848927,1
ABLIM3,12,0.00070917845,0.00011819641,2
CD47,24,0.0007086203,5.9051694e-05,2
CCL23,84,0.00070582406,5.8818667e-05,7
OAT,21,0.00070330995,3.349095e-05,1
RAP2B,20,0.0007031518,0.00017578795,5
EBF1,15,0.0007031167,0.00023437222,5
DEAF1,4,0.0007001563,0.0007001563,4
LECT2,21,0.00069746893,0.00069746893,21
COLGALT1,6,0.0006942358,0.00011570597,1
FAM110A,1,0.0006933896,0.0006933896,1
PDGFD,147,0.0006931173,3.300559e-05,7
SKIL,63,0.0006917965,3.294269e-05,3
SOX13,12,0.00068970467,0.00017242617,3
NEFM,5,0.0006893644,0.00013787288,1
SDR16C5,14,0.00068817806,9.831115e-05,2
WASHC4,1,0.00068728055,0.00068728055,1
FAT4,30,0.00068537815,0.0002284594,10
UBASH3B,10,0.00068344566,0.00034172283,5
F11R,126,0.00068274094,3.2511474e-05,6
PLA1A,9,0.0006826494,7.584993e-05,1
TAF7,21,0.0006813667,3.2446034e-05,1
IL16,13,0.0006807799,5.2367686e-05,1
MYL6,22,0.0006798952,3.0904328e-05,1
TMEM17,267,0.0006772512,0.00022575041,89
SIX3,1,0.00067240215,0.00067240215,1
BOC,14,0.0006713371,4.7952653e-05,1
SLCO1B3,20,0.0006709802,3.354901e-05,1
CNOT10,11,0.000670852,6.098655e-05,1
USP34,7,0.00066861085,9.551584e-05,1
SLC7A8,38,0.0006651605,1.7504222e-05,1
CD70,10,0.0006632912,0.00013265824,2
STRA8,1,0.00066232705,0.00066232705,1
RBMXL2,2,0.0006593962,0.0006593962,2
MKLN1,1,0.0006585133,0.0006585133,1
CSNK1A1L,54,0.00065787067,3.654837e-05,3
ADAM23,42,0.00065751973,0.00032875987,21
ZNF768,2,0.0006558781,0.0006558781,2
MYOF,4,0.00065434765,0.00016358691,1
PLCL1,2,0.00065432105,0.00032716052,1
KCNE4,8,0.0006533783,0.00016334458,2
RSPH3,24,0.0006532238,0.0006532238,24
WRN,35,0.00064793526,1.8512435e-05,1
LGI1,4,0.00064789946,0.00032394973,2
POU2F3,2,0.0006472347,0.00032361734,1
GRXCR1,24,0.00064473477,0.00016118369,6
TTBK1,1,0.0006434555,0.0006434555,1
KCNIP3,12,0.00064194505,0.00010699084,2
UGT1A7,75,0.00063969474,2.558779e-05,3
LCOR,1,0.00063963333,0.00063963333,1
GRID1,2,0.0006371185,0.00031855924,1
EPHA10,4,0.00063694466,0.00015923617,1
CENPX,8,0.0006367889,7.959861e-05,1
EXOC6B,1,0.0006365659,0.0006365659,1
PTPN21,1,0.00063643325,0.00063643325,1
NEUROG3,8,0.0006342946,0.0003171473,4
HSPBP1,1,0.000631492,0.000631492,1
PDLIM5,20,0.0006297481,0.00015743703,5
GSTCD,2,0.0006281849,0.0006281849,2
LNPEP,110,0.0006280124,5.7092042e-05,10
FDX2,11,0.0006274021,5.7036556e-05,1
KCNK17,21,0.00062708685,8.958383e-05,3
CDH23,5,0.00062703714,0.00012540743,1
USP4,4,0.0006261215,0.00015653037,1
IFI30,35,0.00062599697,8.942814e-05,5
SERPINB9,3,0.0006246943,0.00020823143,1
EMX2,16,0.00062454416,0.00031227208,8
CLDN14,10,0.00062207,6.2207e-05,1
SEC62,6,0.00062059326,0.00031029663,3
GFRA2,10,0.0006184344,6.184344e-05,1
SEPTIN7,12,0.0006150007,0.00015375018,3
CNTN4,33,0.0006147199,0.00020490661,11
EXPH5,2,0.00061421754,0.00061421754,2
ANO9,6,0.00061344105,0.00020448036,2
OR51E1,9,0.0006126669,0.00020422229,3
OR5H15,3,0.00061246764,0.00020415588,1
SLC25A26,4,0.00061119825,0.00015279956,1
IL17RD,27,0.00061018264,6.779807e-05,3
PPP1R17,2,0.0006101035,0.0006101035,2
CCDC88C,5,0.0006100266,0.00012200532,1
UQCC2,3,0.0006096068,0.0006096068,3
XIRP2,12,0.0006093678,0.00015234195,3
DAG1,92,0.000609162,2.6485302e-05,4
LHX9,55,0.0006087658,0.00012175317,11
LY9,9,0.0006079786,0.0006079786,9
SIGLEC15,9,0.0006078124,0.00020260415,3
KRT4,4,0.0006046536,0.0003023268,2
BAG6,2,0.00060456165,0.00030228082,1
ONECUT1,36,0.0006006802,0.00015017005,9
LINC01063,4,0.0005993374,0.0005993374,4
CACNB2,56,0.00059903733,2.1394191e-05,2
INTS10,15,0.00059901044,0.00019967016,5
UGT1A8,147,0.00059892616,2.8520295e-05,7
IRGM,4,0.00059675577,0.00059675577,4
FHIT,10,0.0005956987,0.000119139746,2
OSCAR,6,0.0005942868,9.904779e-05,1
NLRP1,24,0.000593972,7.42465e-05,3
IPO8,18,0.00059340755,0.00019780251,6
DZIP3,12,0.0005933876,0.0001483469,3
FHL5,6,0.00059268234,0.00059268234,6
VGLL4,2,0.00059257384,0.00059257384,2
TP53AIP1,28,0.0005902725,4.216232e-05,2
NPBWR2,18,0.00058967806,6.551979e-05,2
OSBPL7,5,0.00058885186,0.000117770374,1
IGF2BP1,9,0.0005883922,6.537691e-05,1
THOC1,10,0.00058832025,5.8832025e-05,1
LILRA4,80,0.00058814354,0.000117628704,16
PGAP1,15,0.0005865353,0.00011730706,3
MARVELD3,2,0.0005862544,0.0005862544,2
BNIP2,12,0.00058308645,0.00019436216,4
GPRC5B,2,0.0005802311,0.0005802311,2
CIT,24,0.0005801552,4.8346265e-05,2
CEP43,240,0.0005799688,2.4165365e-05,10
GABRP,14,0.0005794101,8.277287e-05,2
OR2G2,3,0.0005793011,0.00019310036,1
SLCO1B1,54,0.0005779179,2.1404365e-05,2
ANTXR1,21,0.0005775118,8.250168e-05,3
SELENOP,14,0.00057603244,8.229035e-05,2
CARMIL1,2,0.0005742378,0.0002871189,1
TRMT10A,6,0.00057371915,0.00019123973,2
PSD3,8,0.00057292543,0.00057292543,8
FBLN1,15,0.0005725228,0.00019084095,5
LILRA5,55,0.0005688091,0.000113761824,11
LRP1,19,0.0005682187,2.9906247e-05,1
RTEL1,13,0.0005665675,4.3582117e-05,1
DLGAP2,3,0.00056628784,0.00018876261,1
XPO7,1,0.0005657531,0.0005657531,1
IFNL4,1,0.0005656012,0.0005656012,1
OPCML,9,0.0005652613,0.00018842042,3
ELL2,6,0.00056487514,0.0001882917,2
MED13,24,0.00056399754,9.399959e-05,4
ALDH1A3,11,0.0005638336,5.1257597e-05,1
HMG20B,9,0.0005631977,6.257752e-05,1
EEF1A2,18,0.0005626297,6.251442e-05,2
UMOD,6,0.0005616516,0.0001872172,2
DHDH,3,0.0005591927,0.00018639756,1
VTI1A,18,0.00055863697,9.310616e-05,3
DELEC1,4,0.00055854936,0.00055854936,4
MPP7,50,0.0005569266,5.569266e-05,5
GPRC5A,6,0.0005558868,0.0002779434,3
TNFAIP2,1,0.0005558559,0.0005558559,1
CIAPIN1,2,0.00055570056,0.00027785028,1
INHBE,22,0.0005556771,5.0516104e-05,2
LCA5,4,0.0005542719,0.00027713596,2
CDS1,11,0.0005535965,5.032695e-05,1
TNFRSF19,1,0.0005533815,0.0005533815,1
LIF,28,0.0005524028,1.9728672e-05,1
EGR3,12,0.0005512983,4.5941528e-05,1
HSD17B2,11,0.00055107067,5.0097333e-05,1
HSPH1,22,0.000548588,4.9871633e-05,2
TOMM7,8,0.00054824573,6.853072e-05,1
SIGLEC12,36,0.00054817664,0.00018272553,12
SLC39A14,11,0.0005477275,4.979341e-05,1
ICA1,3,0.0005466686,0.0005466686,3
TARM1,6,0.00054641074,0.00018213691,2
UPF1,6,0.00054602296,9.100383e-05,1
CNOT3,20,0.0005447952,5.4479522e-05,2
TFPI,40,0.0005438271,6.7978384e-05,5
NFIA,3,0.00054087024,0.00054087024,3
BSND,18,0.00054014154,0.00018004718,6
CCL16,44,0.0005397651,4.906956e-05,4
GXYLT2,4,0.00053887133,0.00026943567,2
SLC13A1,18,0.0005381002,8.968337e-05,3
OASL,8,0.0005353731,6.692164e-05,1
APPBP2,1,0.00053357333,0.00053357333,1
RNF19B,4,0.00053314277,0.00013328569,1
NCOA4,8,0.00053125643,6.6407054e-05,1
ARHGEF10,17,0.0005309033,3.1229603e-05,1
GTF2A1L,2,0.00053023343,0.00026511672,1
ARFGEF2,14,0.0005293188,7.5616976e-05,2
DCHS2,4,0.00052886724,0.00052886724,4
CEPT1,16,0.0005276798,3.2979988e-05,1
OR2T3,3,0.000527235,0.000175745,1
CNIH3,9,0.0005260591,5.8451013e-05,1
RABEP1,15,0.0005242863,0.00010485726,3
KCNN4,7,0.00052204024,7.4577176e-05,1
CRYAA,6,0.0005207226,0.0005207226,6
ADAMTS17,4,0.00052053964,0.00013013491,1
SEMA3C,8,0.00051856664,0.00025928332,4
SIGIRR,6,0.0005157986,8.596643e-05,1
TPBG,8,0.0005149064,0.0005149064,8
HEXD,2,0.00051446975,0.00025723487,1
OR1B1,6,0.0005143579,0.00017145263,2
TSPAN14,10,0.0005121252,0.00010242504,2
FAR2,35,0.00051210204,0.0001024204,7
SERINC5,9,0.0005112944,0.00017043145,3
SIGLEC5,10,0.00051103847,0.00010220769,2
RBPJL,8,0.00050941686,6.367711e-05,1
DNAAF3,1,0.0005080753,0.0005080753,1
PRORP,3,0.00050773966,0.00016924656,1
KIF11,16,0.00050754705,6.344338e-05,2
MARK1,4,0.00050719053,0.00025359527,2
TP53BP2,17,0.0005043465,2.966744e-05,1
USP46,8,0.0005025092,0.0001256273,2
ACSF3,7,0.0005023748,7.176783e-05,1
IRAG2,3,0.00049976294,0.00016658765,1
ZNF738,3,0.00049814885,0.00016604962,1
CDH22,40,0.0004981166,0.0002490583,20
PRPF31,5,0.0004980882,9.961764e-05,1
DCAF5,6,0.0004961763,0.0001653921,2
LMAN2,10,0.0004958733,4.958733e-05,1
P2RY13,12,0.00049585325,4.1321106e-05,1
AIM2,9,0.00049549923,5.505547e-05,1
SNRNP48,4,0.0004954259,0.00012385647,1
AKAP6,5,0.00049540005,0.00049540005,5
PABPC4L,24,0.0004952211,0.00016507371,8
DUT,15,0.0004929142,3.2860946e-05,1
RB1CC1,39,0.0004920571,3.7850547e-05,3
KLHL42,7,0.0004863063,6.947233e-05,1
HTD2,24,0.0004856021,6.0700262e-05,3
ADK,13,0.0004851868,3.732206e-05,1
ADD3,8,0.00048444592,6.055574e-05,1
KDM6B,9,0.000481206,5.346733e-05,1
IL1RL1,147,0.00047922242,6.8460344e-05,21
LRRC1,10,0.00047869587,9.5739175e-05,2
ERN1,21,0.00047856724,2.2788916e-05,1
CISD1,11,0.00047663786,0.00047663786,11
SPDEF,32,0.0004757693,0.00023788465,16
DACT2,6,0.00047564876,0.00023782438,3
PINX1,1,0.0004744074,0.0004744074,1
ANKS1B,1,0.00047387596,0.00047387596,1
VARS2,14,0.00047365582,6.766512e-05,2
APOBR,12,0.00047339709,0.00011834927,3
LCE2D,3,0.00047279784,0.00015759928,1
FMOD,8,0.00047214687,5.901836e-05,1
MRPL46,24,0.00047091462,7.848577e-05,4
LSAMP,6,0.00046989156,0.00015663053,2
LHX4,5,0.0004682139,9.364278e-05,1
SPHKAP,6,0.00046748083,0.00046748083,6
TOX2,3,0.00046655277,0.00046655277,3
MYO5C,1,0.00046654604,0.00046654604,1
SCN8A,9,0.00046553847,5.1726496e-05,1
CYTIP,2,0.00046489373,0.00046489373,2
SLC52A3,5,0.00046234866,9.246973e-05,1
UTP11,8,0.00046174414,0.000115436036,2
ZNF282,8,0.00046018494,0.000115046234,2
CTHRC1,4,0.00045970513,0.00022985257,2
ATG9B,4,0.00045897724,0.00011474431,1
NAA20,1,0.0004583237,0.0004583237,1
PM20D1,5,0.0004582088,9.1641756e-05,1
ACBD3,15,0.0004579261,9.1585236e-05,3
KIF13B,9,0.0004577208,5.0857867e-05,1
ARHGAP9,12,0.00045763713,3.8136426e-05,1
ADGRG1,1,0.00045725232,0.00045725232,1
ARHGAP27,24,0.00045162434,7.527072e-05,4
LDLRAD4,2,0.0004514068,0.0004514068,2
CYBRD1,15,0.00045082028,0.00015027341,5
RNASET2,27,0.0004487798,0.00014959328,9
TMPRSS11D,1,0.00044689915,0.00044689915,1
TNFRSF1B,22,0.0004459704,2.0271382e-05,1
COL13A1,28,0.00044438115,6.348302e-05,4
CITED2,12,0.00044194204,3.6828504e-05,1
SNRNP70,8,0.00044155403,5.5194254e-05,1
S1PR1,21,0.00044129026,2.1013822e-05,1
IFNLR1,33,0.00043814498,3.983136e-05,3
SI,14,0.00043761384,3.1258132e-05,1
U2SURP,10,0.0004372602,8.745204e-05,2
ELF5,4,0.00043302632,0.00021651316,2
DISP3,1,0.00043165192,0.00043165192,1
S100B,7,0.00043138178,6.162597e-05,1
SLC2A4RG,1,0.00043061702,0.00043061702,1
DENND1A,4,0.0004282857,0.00010707143,1
NPBWR1,45,0.00042746746,4.7496385e-05,5
PITPNM2,5,0.000424688,8.49376e-05,1
NQO2,4,0.00042445172,0.00010611293,1
CD200,4,0.00042427192,0.00010606798,1
OR6C1,3,0.0004222702,0.00014075673,1
OLIG3,54,0.00042089852,0.00042089852,54
BEAN1,2,0.00042073784,0.00042073784,2
ELP1,6,0.0004204582,7.007637e-05,1
LILRB5,65,0.00041939085,8.387817e-05,13
OR52Z1,2,0.00041796573,0.00020898286,1
YEATS2,3,0.00041699814,0.00013899938,1
VPS37A,13,0.00041623507,3.201808e-05,1
GPC6,14,0.00041493107,2.9637933e-05,1
NMD3,8,0.0004129717,0.00020648586,4
ENC1,4,0.0004129453,0.00020647264,2
RHOBTB2,8,0.00041182834,5.1478542e-05,1
MIR4491,1,0.00041180343,0.00041180343,1
RASGEF1A,20,0.00041166914,8.233383e-05,4
EPHX1,18,0.00041104192,2.2835662e-05,1
HSD17B6,10,0.00041101724,8.220345e-05,2
HTR1F,30,0.0004106016,2.7373442e-05,2
GTF3A,11,0.0004084675,3.7133406e-05,1
DCP1B,18,0.0004071615,6.7860245e-05,3
TOX,2,0.00040565952,0.00020282976,1
CRPPA,2,0.00040441097,0.00020220548,1
RBM5,5,0.0004036429,8.0728576e-05,1
LSP1,6,0.00040173822,0.00013391273,2
PLOD1,5,0.00040145605,8.029121e-05,1
DNAJB11,15,0.00040133204,2.675547e-05,1
DGKG,39,0.00040131106,3.087008e-05,3
SENP2,10,0.00039821063,3.982106e-05,1
PDLIM1,1,0.00039807154,0.00039807154,1
CYTL1,2,0.00039722043,0.00039722043,2
PDLIM4,17,0.00039685462,0.00039685462,17
FBXO31,7,0.0003968091,5.6687015e-05,1
DENND1B,84,0.00039645896,9.911474e-05,21
EPHA7,108,0.00039584015,6.5973356e-05,18
TSPAN15,4,0.00039344968,0.00019672484,2
OR14A16,3,0.0003915769,0.00013052563,1
ADAMTS20,4,0.00039137164,9.784291e-05,1
KCNK6,7,0.0003901192,5.5731314e-05,1
UGT1A4,76,0.00038889924,1.0234191e-05,2
PPP4R2,12,0.00038782947,6.463825e-05,2
TSEN34,4,0.00038707218,9.6768046e-05,1
GXYLT1,8,0.00038636592,0.00019318296,4
KIF12,8,0.00038580236,4.8225294e-05,1
HCN1,5,0.00038330496,7.666099e-05,1
GFER,2,0.00038194747,0.00019097373,1
GALNT15,32,0.00038075834,4.7594793e-05,4
SLC12A5,6,0.00037950615,6.325103e-05,1
CITED4,5,0.0003783818,7.567636e-05,1
MATN4,4,0.0003747639,0.00018738196,2
NAB1,18,0.00037337226,4.1485808e-05,2
DNAH3,4,0.00037118013,9.279503e-05,1
TPO,32,0.00037054255,2.315891e-05,2
KIF24,3,0.0003688266,0.00012294219,1
MAEA,2,0.00036587217,0.00036587217,2
LMAN2L,9,0.00036551486,4.0612762e-05,1
CDKN2D,19,0.00036269272,1.9089091e-05,1
LRRC25,2,0.00036038944,0.00036038944,2
FMO6P,2,0.000360066,0.000180033,1
XXYLT1,1,0.00035814507,0.00035814507,1
APBB1IP,96,0.0003577611,1.4906712e-05,4
KCNK3,22,0.00035765738,3.251431e-05,2
PDE6D,14,0.00035702967,2.5502119e-05,1
CUX1,10,0.00035696494,3.5696496e-05,1
CTU2,4,0.00035551688,8.887922e-05,1
OR2G3,6,0.0003552277,0.00011840923,2
CDK11B,10,0.00035462316,3.5462315e-05,1
OR8B12,6,0.00035404373,0.00011801458,2
RASSF2,4,0.00035377778,0.00035377778,4
HS3ST2,27,0.00035353555,3.9281727e-05,3
UBASH3A,20,0.0003519637,0.0003519637,20
CAMK1D,25,0.00035167884,7.0335765e-05,5
SHTN1,5,0.00035111207,7.022241e-05,1
PPM1K,3,0.00034978683,0.00011659561,1
COG6,66,0.00034919116,3.174465e-05,6
C19orf12,2,0.0003485758,0.0003485758,2
IQSEC1,4,0.00034822093,8.705523e-05,1
SLC26A8,2,0.00034799034,0.00034799034,2
SRCAP,1,0.00034777567,0.00034777567,1
TLN2,7,0.00034668966,4.9527094e-05,1
CST2,3,0.00034630127,0.00034630127,3
MACF1,2,0.0003450806,0.0001725403,1
PNOC,32,0.00034459753,4.307469e-05,4
DUSP5,36,0.00034408292,2.8673574e-05,3
FCER1A,8,0.0003440357,4.3004464e-05,1
USP1,24,0.00034330637,4.2913296e-05,3
MED25,5,0.0003422022,6.844044e-05,1
GPD1,17,0.00034159253,2.0093677e-05,1
ANO1,3,0.00034020876,0.00011340292,1
MYO1E,3,0.00033800586,0.00011266862,1
RGCC,7,0.00033738272,4.8197533e-05,1
PSMF1,14,0.00033732553,4.8189362e-05,2
PACRG,1,0.00033672713,0.00033672713,1
AKAP12,7,0.00033353938,4.7648482e-05,1
MRPS9,7,0.00033286095,4.7551563e-05,1
MYPN,3,0.00032871822,0.00032871822,3
TRPV3,5,0.00032675796,6.535159e-05,1
PHOX2B,6,0.00032592073,0.00016296036,3
SCUBE3,26,0.00032557774,0.00016278887,13
CIDEA,4,0.00032512425,8.128106e-05,1
VSIR,1,0.0003230594,0.0003230594,1
SNX2,7,0.00032222806,4.603258e-05,1
LRIG2,1,0.0003209062,0.0003209062,1
DDX47,8,0.0003207579,8.018948e-05,2
DNAJC5,8,0.00031972604,3.9965755e-05,1
AKAP11,44,0.00031953302,0.00031953302,44
AK2,12,0.00031825955,2.652163e-05,1
ANXA11,4,0.00031758225,0.00015879112,2
MIR132,7,0.00031747922,4.5354176e-05,1
RGS13,176,0.00031654153,2.8776503e-05,16
DNAAF4,1,0.0003147266,0.0003147266,1
GP2,9,0.00031458432,0.00010486144,3
ZBP1,14,0.00031331577,2.2379698e-05,1
ATP7B,5,0.00031319575,6.263915e-05,1
CDC14A,10,0.0003119198,3.119198e-05,1
CCL13,132,0.00031174772,2.5978976e-05,11
IL21,108,0.0003109386,5.18231e-05,18
TNIK,3,0.0003096723,0.0001032241,1
CAST,24,0.00030930253,5.155042e-05,4
TRPV4,8,0.00030904406,3.8630507e-05,1
EHBP1,8,0.00030846766,0.00030846766,8
ETNK1,30,0.00030597913,3.0597916e-05,3
BANK1,30,0.00030590076,0.00030590076,30
SNAPC4,14,0.00030538652,4.3626645e-05,2
GDF10,11,0.0003047561,2.77051e-05,1
SLC9A2,76,0.00030406992,7.601748e-05,19
CPA3,18,0.0003039807,5.0663453e-05,3
ZNF181,1,0.00030368875,0.00030368875,1
HVCN1,6,0.0003029451,5.049085e-05,1
RAB28,3,0.00030255088,0.00030255088,3
CRYL1,30,0.00030194534,6.0389062e-05,6
ADAP2,2,0.00030157182,0.00030157182,2
SERINC3,6,0.00030153303,0.00010051101,2
CHIT1,39,0.00030063567,2.3125822e-05,3
SLC39A11,6,0.00029956462,9.985488e-05,2
LIN28B,6,0.00029936453,9.978818e-05,2
ADIPOQ,21,0.00029739525,1.4161678e-05,1
OR6F1,3,0.00029631003,9.877001e-05,1
PNLIPRP3,5,0.00029620077,5.9240156e-05,1
SULT1A2,13,0.00029547882,2.272914e-05,1
LLGL2,6,0.00029528688,9.842896e-05,2
VPS16,14,0.00029511194,2.1079424e-05,1
FAM3C,16,0.00029333658,7.3334144e-05,4
PSRC1,1,0.000293262,0.000293262,1
CLU,13,0.00029180644,2.244665e-05,1
ADGRV1,1,0.00029138534,0.00029138534,1
ADGRB1,2,0.00029132373,0.00014566186,1
STXBP3,5,0.00029108961,5.8217924e-05,1
IPCEF1,2,0.00029026804,0.00029026804,2
EEPD1,12,0.00028933858,7.2334646e-05,3
WDR4,6,0.0002884887,9.61629e-05,2
NOL6,5,0.00028589263,5.7178528e-05,1
NIPAL1,4,0.00028574842,0.00014287421,2
SLC6A20,74,0.00028564065,7.7200175e-06,2
ZMYM2,16,0.00028387966,3.5484958e-05,2
FLI1,8,0.00028386898,7.0967246e-05,2
CYSTM1,3,0.0002838,9.46e-05,1
LAMA3,34,0.00028201388,8.294526e-06,1
IL22RA1,10,0.00028149426,2.8149425e-05,1
PTPRK,26,0.00028091838,0.00014045919,13
RNF41,13,0.00028081753,2.1601349e-05,1
PCARE,1,0.00028078558,0.00028078558,1
HIC1,8,0.00028019154,3.5023942e-05,1
GLI1,19,0.00027966546,1.4719235e-05,1
KCTD13,7,0.00027943778,3.9919683e-05,1
DENND5B,4,0.0002775517,6.938793e-05,1
RPSA,32,0.0002773669,8.6677155e-06,1
CSDE1,1,0.0002768672,0.0002768672,1
MGAM2,3,0.00027656052,9.218684e-05,1
LATS2,22,0.0002757772,2.5070654e-05,2
QPCT,3,0.00027568918,9.189639e-05,1
ADIPOR2,10,0.00027542483,2.7542483e-05,1
MGAT4A,11,0.00027537765,2.5034331e-05,1
MATR3,2,0.000275278,0.000137639,1
PTPN3,9,0.00027317452,3.0352725e-05,1
SOAT2,9,0.00027242082,3.026898e-05,1
MEP1B,4,0.00027215492,0.00013607746,2
SCFD1,39,0.0002698777,2.075982e-05,3
PLCH1,33,0.00026963075,2.4511886e-05,3
PLOD3,7,0.00026918767,3.8455382e-05,1
KCNA1,27,0.00026858842,8.952947e-05,9
NALCN,6,0.0002672141,8.907136e-05,2
NUDT12,126,0.00026695363,2.9661514e-05,14
TBCC,3,0.0002657253,8.85751e-05,1
FOXP1,24,0.0002647097,8.823657e-05,8
HOPX,1,0.00026448155,0.00026448155,1
REG3G,3,0.00026362436,8.787479e-05,1
NT5C2,42,0.0002621615,6.241941e-06,1
ZNF816,1,0.0002618715,0.0002618715,1
BET1L,11,0.00026186585,2.3805986e-05,1
TAOK2,6,0.00026054625,4.3424374e-05,1
MSRB2,12,0.000260419,2.1701584e-05,1
PTPRE,4,0.00026034995,0.00013017497,2
PTPN14,2,0.00025986877,0.00025986877,2
KATNA1,1,0.0002591712,0.0002591712,1
IMMP2L,5,0.00025534927,0.00025534927,5
CUL4A,20,0.00025422152,1.2711076e-05,1
BACE1,6,0.00025241013,4.2068354e-05,1
SOX17,36,0.0002520465,2.1003876e-05,3
ATAT1,2,0.00025155046,0.00012577523,1
TRIM63,11,0.0002511065,2.2827864e-05,1
SEPTIN9,2,0.0002504273,0.00012521366,1
MACO1,6,0.00024914608,4.1524345e-05,1
PAX3,64,0.00024914014,3.1142517e-05,8
SELENOK,3,0.00024901234,0.00024901234,3
ZP2,4,0.00024789077,6.197269e-05,1
SNX9,14,0.0002478261,3.540373e-05,2
SLC22A5,52,0.0002477482,1.9057552e-05,4
GUCY2C,20,0.00024651363,2.4651361e-05,2
SLCO4A1,48,0.00024504407,3.063051e-05,6
SMR3B,1,0.00024466298,0.00024466298,1
SRP54,18,0.0002431571,4.0526185e-05,3
RBM25,1,0.00024266719,0.00024266719,1
IFITM3,5,0.00024247123,4.8494247e-05,1
ZNF766,1,0.00024226191,0.00024226191,1
ZNF202,3,0.00024208208,8.069403e-05,1
SLC9A4,130,0.0002419423,4.8388458e-05,26
ARHGAP21,68,0.0002411636,1.4186094e-05,4
PCSK6,13,0.00024094443,1.8534187e-05,1
LPP,3,0.00024090847,8.030282e-05,1
COL27A1,15,0.00024034253,4.806851e-05,3
ZIC5,2,0.00023927644,0.00011963822,1
CIP2A,1,0.00023907972,0.00023907972,1
BRSK1,1,0.0002388311,0.0002388311,1
ADIPOR1,10,0.00023853927,2.3853927e-05,1
MAGI1,48,0.00023825924,3.970987e-05,8
UBE2E2,18,0.0002377275,3.9621253e-05,3
STARD3NL,30,0.00023683875,4.736775e-05,6
NECTIN4,6,0.00023629464,3.938244e-05,1
NSFL1C,18,0.0002342548,3.9042465e-05,3
SLC39A7,9,0.00023273772,2.5859747e-05,1
VHL,37,0.00023206831,6.2721165e-06,1
DNAH2,6,0.000231673,7.722434e-05,2
CCL20,38,0.00023100074,1.2157934e-05,2
MAP2,4,0.00023002925,5.7507314e-05,1
ETF1,9,0.00022998826,2.555425e-05,1
SLC13A2,6,0.00022682462,3.7804104e-05,1
TRPV1,10,0.00022563865,2.2563865e-05,1
CEP19,3,0.00022547829,7.515943e-05,1
PEBP1,12,0.00022547215,1.8789346e-05,1
MIB1,42,0.0002246878,1.0699419e-05,2
LIPI,10,0.00022448061,4.4896122e-05,2
COX20,2,0.00022386614,0.00011193307,1
MTIF3,4,0.00022362176,5.590544e-05,1
PCF11,11,0.00022342548,2.0311407e-05,1
ACTL6A,21,0.00022332424,1.0634488e-05,1
JAKMIP1,1,0.00022296488,0.00022296488,1
DPH1,8,0.00022272932,5.568233e-05,2
CASP4,14,0.00022195574,1.585398e-05,1
LINC00885,3,0.00022176636,0.00022176636,3
GPR85,3,0.00022158226,0.00022158226,3
DNAJA3,3,0.0002212059,7.3735304e-05,1
DCSTAMP,3,0.00022113264,0.00022113264,3
DCTN6,17,0.00022109889,1.3005817e-05,1
KLF7,1,0.00021916286,0.00021916286,1
F11,30,0.00021869833,7.2899443e-06,1
ZNF248,4,0.00021840254,5.4600634e-05,1
ZNF347,4,0.00021807391,5.4518478e-05,1
KRT80,2,0.0002162255,0.00010811275,1
FSCN1,4,0.00021549274,0.00010774637,2
ZNF549,4,0.00021498383,5.3745956e-05,1
SLPI,3,0.00021406858,7.13562e-05,1
KCNK18,7,0.00021384336,3.054905e-05,1
IDO2,40,0.0002131614,2.131614e-05,4
STK39,10,0.00021287582,0.00010643791,5
CHRD,5,0.0002123258,4.246516e-05,1
SSR3,10,0.00021223788,4.2447573e-05,2
USP45,4,0.00021173648,5.293412e-05,1
RYBP,7,0.00021173061,3.024723e-05,1
ZKSCAN4,3,0.00020998897,6.999632e-05,1
SPOCK1,5,0.00020953742,0.00020953742,5
LAT2,7,0.00020638063,2.9482948e-05,1
HOXD1,1,0.0002060821,0.0002060821,1
CDX1,1,0.00020492019,0.00020492019,1
CYP17A1,35,0.00020432798,5.8379424e-06,1
CPOX,14,0.0002039328,1.4566628e-05,1
P2RX7,18,0.0002029266,1.12737e-05,1
HELLS,3,0.0002024044,6.746813e-05,1
ASB7,14,0.00020198822,2.885546e-05,2
OR13F1,3,0.00020167643,6.7225476e-05,1
ANO2,8,0.00020156712,5.039178e-05,2
SEPTIN12,3,0.00019909444,6.636482e-05,1
NDUFB4,38,0.00019884837,1.0465704e-05,2
INTS6,3,0.00019863405,6.621135e-05,1
SATB1,11,0.00019783936,1.7985396e-05,1
NPPB,14,0.00019662787,2.8089697e-05,2
SMG1,4,0.00019501039,4.8752598e-05,1
CACNA2D4,9,0.00019497052,2.166339e-05,1
ADD2,2,0.00019396242,9.698121e-05,1
EPB41L4B,9,0.00019339363,6.446454e-05,3
PA2G4,8,0.00019324344,4.831086e-05,2
RETNLB,3,0.00019295198,0.00019295198,3
MDM4,28,0.0001923649,6.8701747e-06,1
AMY2B,8,0.0001919285,2.3991062e-05,1
PEX19,6,0.00019150572,3.191762e-05,1
SYNGAP1,12,0.00019003358,1.583613e-05,1
IZUMO1,3,0.00018933986,6.3113286e-05,1
SMNDC1,15,0.00018898508,3.7797014e-05,3
INPP1,9,0.00018764142,2.0849046e-05,1
SUFU,51,0.00018760725,1.10357205e-05,3
CMC1,30,0.00018748906,0.00018748906,30
SS18,9,0.00018746665,0.00018746665,9
TRPM1,10,0.00018684028,3.7368052e-05,2
ZNF224,4,0.00018616891,4.6542227e-05,1
LTBP2,8,0.0001861602,4.654005e-05,2
TAX1BP1,10,0.00018591242,1.8591241e-05,1
CHGB,8,0.00018518048,4.629512e-05,2
NFATC2IP,3,0.00018477015,0.00018477015,3
ABCB9,20,0.0001835565,4.5889126e-05,5
OR7A17,5,0.0001835012,3.670024e-05,1
PPM1L,5,0.00018335789,3.6671576e-05,1
ACVRL1,13,0.00018175272,1.3980979e-05,1
GATA5,2,0.00018087342,9.043671e-05,1
TTK,6,0.00018018097,6.0060327e-05,2
TADA2B,8,0.00017974412,2.2468015e-05,1
ATP10D,3,0.00017942625,5.980875e-05,1
SLC16A9,6,0.00017930144,8.965072e-05,3
TSEN2,8,0.0001786963,4.4674074e-05,2
ZFAND5,2,0.00017825676,8.912838e-05,1
FLG2,3,0.00017767608,5.922536e-05,1
SDK2,8,0.00017711175,4.427794e-05,2
ARL5B,12,0.00017674857,8.837428e-05,6
SRRM3,1,0.00017552075,0.00017552075,1
DBN1,9,0.00017534728,1.948303e-05,1
DGCR6L,3,0.00017469453,0.00017469453,3
DMBX1,2,0.00017431713,0.00017431713,2
LSM3,8,0.00017420083,2.1775104e-05,1
KCNH8,252,0.00017391144,5.797048e-05,84
WNK1,3,0.00017374872,0.00017374872,3
SBDS,1,0.00017342022,0.00017342022,1
ATG16L2,1,0.0001731111,0.0001731111,1
MYL6B,6,0.00017280113,2.8800188e-05,1
SLC40A1,10,0.00017275287,1.7275288e-05,1
PTP4A3,2,0.00017187715,0.00017187715,2
KDM5B,9,0.00017125279,1.9028088e-05,1
PLPPR5,5,0.00017122897,3.4245793e-05,1
RFNG,9,0.0001709716,1.8996845e-05,1
LINC00624,1,0.00017081408,0.00017081408,1
WDR1,12,0.00017056675,2.842779e-05,2
GTF2IRD1,12,0.00017026231,8.5131156e-05,6
LLGL1,3,0.00016623658,5.5412194e-05,1
MRPL15,7,0.00016545532,2.3636474e-05,1
SPG7,3,0.00016527918,5.509306e-05,1
SLC41A1,12,0.00016486982,4.1217456e-05,3
UNC5D,6,0.00016316556,2.719426e-05,1
FEM1C,6,0.00016309474,5.4364915e-05,2
OXGR1,6,0.00016306817,2.7178028e-05,1
TCF21,1,0.00016288745,0.00016288745,1
GRIP2,21,0.00016283967,2.3262814e-05,3
NSD1,8,0.00016239472,2.029934e-05,1
SPIRE1,1,0.0001621168,0.0001621168,1
SLC20A1,4,0.0001618058,4.045145e-05,1
IFT88,14,0.00016177625,1.1555446e-05,1
TPD52,12,0.00016162141,4.0405354e-05,3
NEB,4,0.00016129987,4.032497e-05,1
TPSD1,2,0.00016009613,0.00016009613,2
GPAT4,12,0.00015964564,1.3303804e-05,1
ZNF605,8,0.00015953534,3.9883835e-05,2
PRTG,2,0.00015845403,0.00015845403,2
CACNG5,10,0.0001569556,1.5695561e-05,1
SH3GLB1,4,0.00015605107,3.9012768e-05,1
ZNF311,28,0.00015591213,3.8978033e-05,7
SPATA18,2,0.0001558949,0.0001558949,2
MICU3,3,0.00015545622,5.181874e-05,1
APOH,5,0.00015496998,3.0993997e-05,1
DHTKD1,19,0.00015425507,8.118688e-06,1
SLC20A2,5,0.00015401078,3.0802155e-05,1
COMT,37,0.00015353742,4.14966e-06,1
MFN2,16,0.00015326998,9.579374e-06,1
PVT1,8,0.00015228469,0.00015228469,8
TECTA,3,0.0001519957,5.0665232e-05,1
HABP4,4,0.00015104172,3.776043e-05,1
TRAPPC12,4,0.00015023103,3.755776e-05,1
GPR25,44,0.0001499257,1.3629609e-05,4
EIF2B5,11,0.0001491219,1.3556536e-05,1
MYCBP2,6,0.00014738955,7.369478e-05,3
GJB2,10,0.00014677655,1.4677656e-05,1
PTTG1IP,3,0.00014598716,4.8662387e-05,1
DLEU1,5,0.00014598494,0.00014598494,5
ZNF221,4,0.00014548385,3.6370962e-05,1
SIX2,3,0.00014468573,0.00014468573,3
BTNL9,3,0.00014458364,4.8194546e-05,1
DENND2D,4,0.0001442582,3.606455e-05,1
HECW2,4,0.00014406125,3.6015314e-05,1
ALG12,7,0.0001431517,2.0450243e-05,1
OR2B6,10,0.00014289597,2.8579192e-05,2
CLPB,4,0.00014250888,0.00014250888,4
ABCA13,12,0.00014243765,3.5609413e-05,3
SSTR5,13,0.00014175792,1.0904455e-05,1
MIR124-1,6,0.00014130495,7.065247e-05,3
B3GNTL1,4,0.00014104269,3.5260673e-05,1
TEP1,3,0.0001400366,0.0001400366,3
EFEMP1,15,0.00014000793,4.666931e-05,5
DUOXA2,2,0.00013907375,6.953687e-05,1
GAPT,2,0.00013781503,0.00013781503,2
ABCF1,6,0.00013775614,4.5918714e-05,2
AGAP3,1,0.00013719134,0.00013719134,1
CCR8,16,0.00013708412,8.5677575e-06,1
GCM2,1,0.00013693188,0.00013693188,1
CEP350,2,0.00013639,0.00013639,2
PHYH,14,0.00013638384,9.741702e-06,1
MUSK,12,0.00013597804,3.399451e-05,3
GTF3C1,7,0.00013542856,1.9346937e-05,1
NLRP12,2,0.00013403129,6.7015644e-05,1
FJX1,1,0.00013366036,0.00013366036,1
PUS1,5,0.00013263704,2.6527408e-05,1
MAPRE2,3,0.00013237682,0.00013237682,3
TRA2A,1,0.0001316343,0.0001316343,1
NPAP1,3,0.00013103157,0.00013103157,3
ERLEC1,13,0.00013043318,1.0033322e-05,1
DSPP,4,0.00013020607,3.2551518e-05,1
OR5K3,6,0.00013009066,4.336355e-05,2
ZDHHC19,3,0.00012990141,0.00012990141,3
AGAP1,6,0.00012941535,0.00012941535,6
OR51G2,3,0.00012936487,4.312162e-05,1
CD96,21,0.000129303,4.3101005e-05,7
XYLB,4,0.00012913506,3.2283766e-05,1
SUPT6H,5,0.00012891406,2.5782812e-05,1
PSTK,7,0.00012877153,1.8395933e-05,1
ZNF675,4,0.00012876489,3.2191223e-05,1
DNAH7,3,0.00012873641,4.291214e-05,1
PREP,53,0.00012863414,0.00012863414,53
ATXN2,6,0.00012852452,2.1420754e-05,1
DPF1,4,0.0001281223,3.2030573e-05,1
BAZ1B,9,0.00012794539,1.4216154e-05,1
RFT1,12,0.00012733342,3.1833355e-05,3
CATSPER4,3,0.00012727935,4.2426447e-05,1
MYT1,12,0.00012723019,2.120503e-05,2
FAM161A,28,0.0001272255,0.0001272255,28
NCAPH2,6,0.00012644603,2.1074338e-05,1
LYPD6B,6,0.00012640066,4.2133554e-05,2
NOSTRIN,3,0.00012597498,4.199166e-05,1
MBOAT2,10,0.00012562244,1.2562244e-05,1
TSKU,1,0.00012513586,0.00012513586,1
CD180,2,0.00012442314,0.00012442314,2
AIRE,24,0.00012410777,6.2053885e-05,12
TBX5,6,0.00012390444,2.065074e-05,1
HRG,10,0.00012365376,2.4730754e-05,2
FUT10,8,0.00012326216,3.081554e-05,2
SERPINB8,2,0.00012306964,6.153482e-05,1
MED9,12,0.00012078747,4.0262486e-05,4
MED12L,1,0.00012067922,0.00012067922,1
NKX6-1,3,0.00011924585,3.974862e-05,1
VASH1,3,0.00011896183,3.9653944e-05,1
ING1,1,0.0001189141,0.0001189141,1
CCL8,69,0.00011851678,3.9505594e-05,23
FBLN5,3,0.00011840735,3.9469116e-05,1
OR2H2,4,0.00011669277,2.9173192e-05,1
ATP11B,14,0.00011647813,1.6639733e-05,2
ULK2,12,0.00011646708,9.70559e-06,1
MGAT3,9,0.00011630654,1.2922948e-05,1
PLBD1,8,0.00011604436,1.4505545e-05,1
TRIM69,4,0.000115826406,2.8956601e-05,1
LAMP3,3,0.00011579698,0.00011579698,3
KLKB1,40,0.00011576477,2.8941192e-06,1
ALKBH8,6,0.00011568163,3.856054e-05,2
CAMKK1,26,0.0001155383,4.4437807e-06,1
TFF2,2,0.00011541509,5.7707544e-05,1
OR2H1,15,0.00011526668,2.3053335e-05,3
IDNK,2,0.000115105024,0.000115105024,2
CALCOCO2,4,0.00011500979,2.8752447e-05,1
STAB1,3,0.00011481125,3.8270417e-05,1
GRID2,2,0.00011466501,5.7332505e-05,1
SOX5,4,0.00011465706,2.8664264e-05,1
SSPN,4,0.000112611895,0.000112611895,4
TRPC4,28,0.00011241082,1.6058688e-05,4
LMCD1,2,0.00011214259,5.6071294e-05,1
PARVB,7,0.00011089762,1.5842517e-05,1
CRIM1,1,0.000108358625,0.000108358625,1
COMMD6,3,0.000107011925,3.567064e-05,1
LYPD2,3,0.000106269705,3.5423236e-05,1
SELENOV,1,0.00010570936,0.00010570936,1
OR8S1,9,0.00010555855,3.5186185e-05,3
STON2,4,0.000104729275,2.6182319e-05,1
INTS11,3,0.00010417902,3.4726338e-05,1
NICN1,3,0.00010397541,3.465847e-05,1
ZFP57,12,0.00010393872,0.00010393872,12
KATNAL2,1,0.000103371865,0.000103371865,1
SLC9A3,98,0.000103241284,7.3743768e-06,7
MYRF,1,0.00010268565,0.00010268565,1
GATA6,12,0.00010253368,8.5444735e-06,1
ARL8A,4,0.0001022418,2.556045e-05,1
PRICKLE2,4,0.000102219725,5.1109862e-05,2
CDKL2,1,0.00010131414,0.00010131414,1
VPREB1,6,0.0001010187,5.050935e-05,3
CPB1,15,0.00010084739,2.0169478e-05,3
ARFRP1,4,0.000100792284,2.5198071e-05,1
SYNGR1,24,9.95492e-05,3.3183067e-05,8
SEPTIN3,2,9.897486e-05,4.948743e-05,1
MTARC1,3,9.810155e-05,3.2700515e-05,1
GLTP,4,9.778252e-05,2.444563e-05,1
XPO6,4,9.746879e-05,9.746879e-05,4
NLRP5,1,9.7121265e-05,9.7121265e-05,1
ZEB1,12,9.707103e-05,8.089252e-06,1
ZNF624,4,9.498877e-05,2.3747192e-05,1
NANOS1,3,9.483912e-05,9.483912e-05,3
RHOH,8,9.457071e-05,1.1821338e-05,1
SNRNP35,4,9.4563315e-05,2.3640829e-05,1
TCF3,21,9.439812e-05,4.4951485e-06,1
ALCAM,80,9.425811e-05,1.8851622e-05,16
RP9,3,9.326212e-05,9.326212e-05,3
CD207,15,9.2060836e-05,1.8412169e-05,3
IHO1,1,9.182579e-05,9.182579e-05,1
SEPTIN5,5,9.173081e-05,1.8346163e-05,1
AGGF1,4,9.170779e-05,2.2926948e-05,1
GPR12,54,9.0693684e-05,9.0693684e-05,54
CAVIN2,12,9.0546826e-05,3.0182275e-05,4
NEU3,18,9.013129e-05,5.007294e-06,1
ASGR2,4,9.002875e-05,2.2507187e-05,1
SOWAHC,14,8.911347e-05,1.2730496e-05,2
SH2D1B,12,8.88629e-05,2.2215725e-05,3
UGGT2,14,8.885228e-05,1.2693183e-05,2
PGAM5,9,8.842455e-05,9.82495e-06,1
SLC36A3,1,8.767252e-05,8.767252e-05,1
PIK3C2B,21,8.749671e-05,4.16651e-06,1
NFAM1,4,8.743422e-05,2.1858556e-05,1
SMG7,1,8.687711e-05,8.687711e-05,1
COX7B2,12,8.660868e-05,7.21739e-06,1
URAD,2,8.601583e-05,8.601583e-05,2
GYG1,24,8.6012034e-05,7.1676695e-06,2
EIF4E3,5,8.543583e-05,1.7087166e-05,1
RGL1,6,8.541616e-05,1.4236027e-05,1
STC1,2,8.502576e-05,8.502576e-05,2
OR1J1,3,8.496835e-05,2.8322784e-05,1
PAPOLG,60,8.4353225e-05,4.2176613e-05,30
ZNF680,4,8.38258e-05,2.095645e-05,1
SLCO2B1,20,8.181523e-05,8.181523e-06,2
IGF2BP2,8,8.1310514e-05,4.0655257e-05,4
TTL,3,8.085251e-05,2.6950836e-05,1
FITM2,3,8.08177e-05,2.6939233e-05,1
HTR3C,5,8.032138e-05,1.6064276e-05,1
ARHGAP12,8,8.023918e-05,1.0029898e-05,1
ELP3,20,8.005573e-05,1.6011147e-05,4
TSHZ1,2,7.968786e-05,7.968786e-05,2
RPEL1,5,7.856859e-05,1.5713718e-05,1
CDC42EP4,8,7.83499e-05,9.793737e-06,1
RBBP6,40,7.8116325e-05,7.811632e-06,4
NOX3,10,7.799271e-05,7.799271e-06,1
NEUROG1,6,7.7983124e-05,2.5994374e-05,2
ACKR2,7,7.766406e-05,1.1094866e-05,1
NCS1,1,7.757843e-05,7.757843e-05,1
STX8,1,7.7501616e-05,7.7501616e-05,1
CAV3,13,7.744197e-05,5.9570743e-06,1
PCNT,22,7.713638e-05,3.506199e-06,1
COX18,4,7.682583e-05,3.8412916e-05,2
ARPP19,5,7.6786055e-05,1.5357211e-05,1
NHLRC3,3,7.670185e-05,2.5567284e-05,1
CILK1,2,7.641466e-05,3.820733e-05,1
CLDN5,17,7.617572e-05,4.4809244e-06,1
MIR129-2,2,7.608437e-05,3.8042184e-05,1
RAD18,7,7.5835655e-05,1.0833665e-05,1
LINC02352,1,7.5396965e-05,7.5396965e-05,1
CHSY1,11,7.505329e-05,6.8230265e-06,1
ADARB1,5,7.455292e-05,1.4910584e-05,1
DPPA4,9,7.4023636e-05,2.4674546e-05,3
BCL9L,4,7.378282e-05,1.8445706e-05,1
TTR,14,7.312169e-05,5.222978e-06,1
OR6C6,3,7.30867e-05,2.4362234e-05,1
ARSG,18,7.2659066e-05,8.07323e-06,2
PDE3A,14,7.260831e-05,5.1863076e-06,1
ALLC,2,7.249467e-05,3.6247337e-05,1
CARD9,11,7.234895e-05,6.5771774e-06,1
KIF14,24,7.228787e-05,9.035984e-06,3
KCNE3,6,7.192591e-05,1.1987652e-05,1
SCARA5,3,7.190449e-05,2.3968163e-05,1
GNPDA2,56,7.1715374e-05,8.964422e-06,7
GRPEL1,2,7.125403e-05,3.5627014e-05,1
ADAM9,7,7.107905e-05,1.015415e-05,1
PPP1R18,1,7.0636204e-05,7.0636204e-05,1
PLPP4,7,7.054263e-05,1.0077519e-05,1
TYW3,24,7.014018e-05,1.1690031e-05,4
DSG3,8,6.9502785e-05,8.687848e-06,1
CARD10,1,6.921606e-05,6.921606e-05,1
KCNA3,10,6.8712674e-05,1.3742535e-05,2
MGST2,46,6.832411e-05,2.9706134e-06,2
BANP,6,6.79641e-05,1.132735e-05,1
NEGR1,12,6.7818066e-05,1.6954516e-05,3
OR10G9,3,6.758135e-05,2.2527116e-05,1
DSC1,14,6.7450965e-05,9.635851e-06,2
CYP4V2,10,6.7227535e-05,6.7227534e-06,1
RTN4,9,6.71477e-05,7.460856e-06,1
P2RY14,11,6.7120964e-05,6.101906e-06,1
PPIP5K2,24,6.6544264e-05,1.1090711e-05,4
AHSA1,1,6.590439e-05,6.590439e-05,1
NKD2,11,6.500109e-05,5.9091903e-06,1
PSCA,3,6.490135e-05,2.1633785e-05,1
CXCL16,13,6.468069e-05,4.9754376e-06,1
CLCN6,14,6.461909e-05,9.2312985e-06,2
HIF1AN,24,6.434089e-05,8.042612e-06,3
IER5,1,6.4035754e-05,6.4035754e-05,1
IL17D,6,6.398528e-05,1.0664214e-05,1
PTPRO,3,6.350472e-05,2.116824e-05,1
L3MBTL1,6,6.3458836e-05,1.0576473e-05,1
HRH4,40,6.3417225e-05,6.3417224e-06,4
ATF7IP,9,6.340181e-05,2.1133936e-05,3
TRAK1,20,6.324042e-05,6.324042e-06,2
OR10C1,3,6.300103e-05,2.1000344e-05,1
SF3A2,6,6.295879e-05,1.0493131e-05,1
TNFAIP8,4,6.292834e-05,1.5732085e-05,1
COL6A5,19,6.279806e-05,3.3051613e-06,1
SLC47A2,8,6.245245e-05,1.5613112e-05,2
UBE2K,18,6.228669e-05,6.9207426e-06,2
FLRT2,10,6.220751e-05,1.2441502e-05,2
CAPN9,3,6.208283e-05,2.0694277e-05,1
MIR148A,4,6.176038e-05,6.176038e-05,4
COL8A1,14,6.124433e-05,8.749191e-06,2
GPR19,1,6.1200975e-05,6.1200975e-05,1
UCHL1,10,6.087447e-05,6.087447e-06,1
EDAR,28,6.077111e-05,8.681587e-06,4
ZNF836,2,6.0694943e-05,6.0694943e-05,2
PRKD3,16,6.0632075e-05,7.5790094e-06,2
CNOT4,10,6.01103e-05,6.0110297e-06,1
SLC52A1,8,6.0091676e-05,1.5022919e-05,2
MAP1LC3B2,5,5.9921626e-05,5.9921626e-05,5
ATP9B,3,5.983731e-05,1.994577e-05,1
ITIH4,4,5.9794867e-05,1.4948717e-05,1
UBE3B,5,5.9475242e-05,1.1895048e-05,1
SEC16A,9,5.9198403e-05,6.5776003e-06,1
TUBD1,1,5.8670543e-05,5.8670543e-05,1
SMG6,2,5.8108948e-05,2.9054474e-05,1
TBCD,3,5.799804e-05,1.933268e-05,1
KCNAB1,8,5.7985184e-05,1.4496296e-05,2
SSH1,5,5.7970647e-05,1.1594129e-05,1
DCUN1D4,3,5.7758236e-05,1.9252746e-05,1
BIRC6,3,5.7561047e-05,1.9187015e-05,1
MPZ,6,5.7413257e-05,9.5688765e-06,1
KCNA10,3,5.7345947e-05,1.9115316e-05,1
SUV39H2,6,5.6604596e-05,9.434099e-06,1
FCGR2C,10,5.6480854e-05,1.1296171e-05,2
U2AF1L5,3,5.5574063e-05,1.8524688e-05,1
EXTL3,4,5.450892e-05,1.362723e-05,1
UHMK1,15,5.3957618e-05,1.0791523e-05,3
KLF10,2,5.394891e-05,2.6974454e-05,1
CDH15,10,5.3883683e-05,5.388368e-06,1
FBXL16,7,5.381848e-05,7.688354e-06,1
TTBK2,5,5.3771208e-05,1.0754242e-05,1
SKAP1,9,5.3309155e-05,1.7769718e-05,3
SPCS2,9,5.3138087e-05,5.904232e-06,1
BARX2,3,5.2845397e-05,5.2845397e-05,3
TNIP3,6,5.2772855e-05,8.795476e-06,1
PPP4R3B,3,5.2731346e-05,1.7577115e-05,1
CAPZA2,20,5.263561e-05,2.6317805e-06,1
TOX3,4,5.2609732e-05,2.6304866e-05,2
TAF1C,11,5.2534408e-05,4.7758554e-06,1
PARVG,6,5.2395546e-05,1.7465183e-05,2
HACD1,21,5.1981508e-05,7.4259297e-06,3
KRT73,2,5.1965213e-05,2.5982607e-05,1
HNRNPA3P1,2,5.1624957e-05,5.1624957e-05,2
RAP1GAP2,3,5.141905e-05,1.7139684e-05,1
RGL2,12,5.1147283e-05,8.5245465e-06,2
KCNA6,3,5.1086434e-05,1.7028811e-05,1
COMMD10,3,5.1081523e-05,1.7027174e-05,1
HYAL2,8,5.0467013e-05,6.3083767e-06,1
CLN5,1,5.0300467e-05,5.0300467e-05,1
AIPL1,7,5.0221213e-05,5.0221213e-05,7
IL17C,3,5.018886e-05,1.672962e-05,1
SERPINI1,1,4.983321e-05,4.983321e-05,1
NTNG1,6,4.9673265e-05,8.278877e-06,1
ABHD5,24,4.95464e-05,6.1933e-06,3
INO80D,15,4.929709e-05,9.859418e-06,3
CHRNA9,11,4.916192e-05,4.4692656e-06,1
SNX18,4,4.8549082e-05,1.21372705e-05,1
KLK4,1,4.7929272e-05,4.7929272e-05,1
IGSF5,2,4.7868813e-05,2.3934406e-05,1
IL17B,5,4.7844456e-05,9.568891e-06,1
SCG2,4,4.726483e-05,1.1816208e-05,1
USP6NL,16,4.6815858e-05,5.851982e-06,2
CLTCL1,18,4.6770067e-05,2.598337e-06,1
P2RX6,8,4.672193e-05,5.840241e-06,1
LARS2,9,4.651784e-05,5.168649e-06,1
TMEM98,3,4.6357876e-05,4.6357876e-05,3
ZNF776,3,4.6209112e-05,1.5403037e-05,1
IL17RA,12,4.6083926e-05,7.680654e-06,2
ZNF107,1,4.578021e-05,4.578021e-05,1
UBR5,2,4.577612e-05,2.288806e-05,1
DDX42,6,4.5665383e-05,7.6108972e-06,1
RAB27B,13,4.5339548e-05,3.4876575e-06,1
IFT81,7,4.529854e-05,6.47122e-06,1
ZDHHC2,4,4.51729e-05,2.258645e-05,2
TIMM22,2,4.514555e-05,2.2572774e-05,1
NFIL3,4,4.4568893e-05,2.2284446e-05,2
LARP1,1,4.454536e-05,4.454536e-05,1
MMAB,6,4.4345248e-05,7.3908745e-06,1
TERC,5,4.426587e-05,8.853174e-06,1
MEG3,2,4.3936154e-05,4.3936154e-05,2
MBNL1,8,4.381383e-05,4.381383e-05,8
NABP2,4,4.3765383e-05,1.0941346e-05,1
SDHAF3,1,4.3624234e-05,4.3624234e-05,1
LIMD1,8,4.342683e-05,5.4283537e-06,1
UNC80,3,4.3263608e-05,1.4421203e-05,1
RPP14,4,4.322359e-05,1.0805898e-05,1
HIVEP2,1,4.3018797e-05,4.3018797e-05,1
IGSF11,1,4.2913452e-05,4.2913452e-05,1
PSD2,2,4.2619544e-05,4.2619544e-05,2
TAF11,21,4.255513e-05,2.0264347e-06,1
ZMAT3,3,4.246628e-05,1.41554265e-05,1
KLK7,2,4.245607e-05,2.1228036e-05,1
SFSWAP,1,4.239696e-05,4.239696e-05,1
SPOP,8,4.2160125e-05,5.2700157e-06,1
KRT3,2,4.2076797e-05,2.1038399e-05,1
CTCFL,7,4.1946576e-05,4.1946576e-05,7
ADAMTS15,8,4.1646e-05,1.04115e-05,2
PMPCA,24,4.139205e-05,6.898675e-06,4
UBR1,4,4.1194366e-05,1.0298591e-05,1
IGSF9B,3,4.1151823e-05,4.1151823e-05,3
PAN2,5,4.0787483e-05,8.157496e-06,1
ATP8B3,6,4.070075e-05,6.7834585e-06,1
UCMA,6,4.0533705e-05,6.7556175e-06,1
RYK,17,4.019106e-05,2.3641799e-06,1
MOBP,12,4.017234e-05,1.0043085e-05,3
CETN3,1,4.0103656e-05,4.0103656e-05,1
SDF2L1,28,3.9951243e-05,2.8536601e-06,2
WDR45B,4,3.9895447e-05,1.9947724e-05,2
TTLL6,3,3.9375715e-05,1.3125238e-05,1
ACYP2,2,3.8773876e-05,1.9386938e-05,1
STT3B,32,3.8664966e-05,9.666242e-06,8
TACC1,2,3.8552265e-05,1.9276133e-05,1
KRT78,2,3.8348804e-05,1.9174402e-05,1
AP3S1,5,3.82498e-05,7.64996e-06,1
PWRN1,1,3.7979764e-05,3.7979764e-05,1
MLF1,1,3.7524467e-05,3.7524467e-05,1
CELF2,1,3.7153724e-05,3.7153724e-05,1
ANXA4,2,3.700285e-05,1.8501425e-05,1
QTRT1,3,3.6882422e-05,1.2294141e-05,1
RSPH1,16,3.6741858e-05,3.6741858e-05,16
ANKS1A,5,3.6685135e-05,3.6685135e-05,5
RXYLT1,1,3.6281454e-05,3.6281454e-05,1
FOXP2,3,3.5835343e-05,3.5835343e-05,3
TMEFF2,6,3.5754714e-05,3.5754714e-05,6
STOML3,3,3.5499637e-05,1.1833213e-05,1
AKAP7,1,3.4786135e-05,3.4786135e-05,1
ZNF521,60,3.4720757e-05,5.786793e-06,10
AKAP10,3,3.4689285e-05,1.1563095e-05,1
KRIT1,1,3.4612527e-05,3.4612527e-05,1
ABCA10,4,3.4572695e-05,8.643174e-06,1
AKAP3,1,3.449133e-05,3.449133e-05,1
CABLES2,2,3.4255012e-05,1.7127506e-05,1
ADAM28,1,3.4177305e-05,3.4177305e-05,1
RAB11FIP2,8,3.4147644e-05,3.4147644e-05,8
PAPPA,2,3.4145567e-05,1.7072784e-05,1
MMP26,1,3.3966593e-05,3.3966593e-05,1
RABEP2,2,3.3931236e-05,1.6965618e-05,1
NDN,18,3.3826756e-05,1.1275585e-05,6
GALNS,7,3.3614087e-05,4.8020124e-06,1
HDDC3,1,3.351952e-05,3.351952e-05,1
CDCA7L,2,3.347267e-05,3.347267e-05,2
NCAPD3,5,3.3208795e-05,6.641759e-06,1
RSU1,12,3.309509e-05,8.273772e-06,3
GJA4,2,3.307013e-05,1.6535065e-05,1
ARL3,7,3.2624645e-05,4.6606633e-06,1
ZNF10,4,3.2621192e-05,8.155298e-06,1
AQP4,8,3.2535718e-05,4.0669647e-06,1
RIT2,16,3.231763e-05,4.0397035e-06,2
ZNF641,4,3.2214462e-05,8.053616e-06,1
JADE1,6,3.2090826e-05,1.0696942e-05,2
GIMAP2,1,3.199241e-05,3.199241e-05,1
EP400,7,3.190978e-05,4.5585402e-06,1
SLC14A1,8,3.19012e-05,7.9753e-06,2
HERC6,4,3.1725293e-05,7.931323e-06,1
SERTAD2,6,3.1458134e-05,1.5729067e-05,3
POMGNT2,16,3.1385098e-05,7.8462745e-06,4
PBK,2,3.1290216e-05,1.5645108e-05,1
PPRC1,5,3.1206633e-05,6.2413264e-06,1
TCF20,1,3.101646e-05,3.101646e-05,1
TRDMT1,4,3.0903357e-05,7.725839e-06,1
NUDT3,4,3.089926e-05,7.724815e-06,1
SYNE1,1,3.0467349e-05,3.0467349e-05,1
DNMBP,6,3.0402383e-05,5.0670637e-06,1
TXNRD3,14,3.0281277e-05,4.325897e-06,2
MYO1B,3,3.0162642e-05,3.0162642e-05,3
ADAMTS8,6,3.0141937e-05,5.0236563e-06,1
MICU2,12,2.9984389e-05,9.9947965e-06,4
CELSR3,1,2.9979463e-05,2.9979463e-05,1
SLC45A3,5,2.997261e-05,5.9945223e-06,1
JADE2,3,2.9922187e-05,9.974062e-06,1
XYLT2,13,2.9466413e-05,2.2666472e-06,1
ST8SIA3,20,2.9453297e-05,2.9453297e-06,2
CDC20B,1,2.9431289e-05,2.9431289e-05,1
OR51B5,3,2.9333494e-05,9.777831e-06,1
CTNNAL1,2,2.9222916e-05,1.4611458e-05,1
HES2,2,2.9137096e-05,1.4568548e-05,1
TGFBRAP1,2,2.8923587e-05,1.4461793e-05,1
ICAM4,6,2.8738776e-05,4.789796e-06,1
NLRP6,2,2.8471637e-05,2.8471637e-05,2
ITIH2,8,2.8223229e-05,7.055807e-06,2
MIR372,2,2.8195891e-05,1.40979455e-05,1
PPP2R3A,15,2.817818e-05,1.8785453e-06,1
CEP72,16,2.8138382e-05,1.7586489e-06,1
CELSR1,4,2.7855138e-05,1.3927569e-05,2
FAT1,27,2.7749726e-05,9.2499085e-06,9
NOS1AP,4,2.7693226e-05,1.3846613e-05,2
TPPP,12,2.7121847e-05,9.040616e-06,4
ZNF740,3,2.6749614e-05,8.916538e-06,1
IMPACT,4,2.6467698e-05,6.6169246e-06,1
ARRDC4,2,2.6424594e-05,2.6424594e-05,2
ZNF783,1,2.6306832e-05,2.6306832e-05,1
RNF125,3,2.559878e-05,8.532927e-06,1
OR5H6,3,2.5582627e-05,8.527542e-06,1
BTG4,1,2.5529482e-05,2.5529482e-05,1
PDSS1,6,2.5453865e-05,4.2423108e-06,1
EPC1,7,2.5190297e-05,3.5986138e-06,1
SLC12A7,12,2.5069858e-05,4.1783096e-06,2
NFASC,10,2.5019226e-05,2.5019226e-06,1
AS3MT,5,2.4878907e-05,4.9757814e-06,1
GJA3,2,2.4866307e-05,1.2433154e-05,1
PCSK1,8,2.448892e-05,3.061115e-06,1
OR2AT4,6,2.4114404e-05,8.038135e-06,2
GAS8,1,2.4030112e-05,2.4030112e-05,1
CNTNAP2,13,2.3949297e-05,2.3949297e-05,13
DAZL,16,2.3924153e-05,1.1962076e-05,8
LRRFIP1,11,2.391125e-05,2.17375e-06,1
CHST9,7,2.3779692e-05,3.397099e-06,1
ANKRA2,1,2.3749451e-05,2.3749451e-05,1
NFRKB,5,2.3596029e-05,4.7192057e-06,1
DGLUCY,1,2.309379e-05,2.309379e-05,1
SFPQ,13,2.3068575e-05,1.7745058e-06,1
TIMM17A,4,2.3057431e-05,1.1528716e-05,2
MIR29B2CHG,1,2.3055185e-05,2.3055185e-05,1
USP31,4,2.2902967e-05,2.2902967e-05,4
SMAP1,1,2.284133e-05,2.284133e-05,1
TCOF1,24,2.2792105e-05,2.2792105e-05,24
SVIL,12,2.278056e-05,1.139028e-05,6
PTF1A,2,2.270913e-05,1.1354565e-05,1
ERC2,3,2.2539132e-05,2.2539132e-05,3
UBE2L3,17,2.2311477e-05,1.3124398e-06,1
DNAJB9,4,2.2306329e-05,1.1153164e-05,2
MBD2,24,2.2168064e-05,3.6946774e-06,4
GORAB,1,2.2044664e-05,2.2044664e-05,1
TRNT1,5,2.1821099e-05,4.36422e-06,1
LMF1,4,2.1780366e-05,5.4450916e-06,1
MINK1,5,2.1748987e-05,4.3497976e-06,1
SAMSN1,1,2.1501775e-05,2.1501775e-05,1
MYO1A,1,2.145795e-05,2.145795e-05,1
ST20-MTHFS,1,2.1197775e-05,2.1197775e-05,1
EID2,2,2.0988467e-05,1.0494234e-05,1
SORCS1,7,2.0473817e-05,2.0473817e-05,7
GHDC,6,2.0405952e-05,6.8019845e-06,2
GEMIN6,4,2.0336014e-05,5.0840035e-06,1
HOXA7,2,2.0031455e-05,2.0031455e-05,2
PAFAH2,3,1.9952437e-05,6.6508123e-06,1
PNPT1,15,1.9739407e-05,6.5798026e-06,5
GJB6,7,1.9659823e-05,1.9659823e-05,7
RASA3,30,1.9657482e-05,1.965748e-06,3
SLC39A12,9,1.9526604e-05,6.508868e-06,3
SOX8,9,1.9421697e-05,6.4738997e-06,3
ACAP3,1,1.8527366e-05,1.8527366e-05,1
CPLX2,2,1.850277e-05,9.251385e-06,1
GRAMD4,2,1.8302373e-05,1.8302373e-05,2
PCDH8,3,1.8201825e-05,1.8201825e-05,3
WDFY2,1,1.814933e-05,1.814933e-05,1
RNF138,8,1.8073519e-05,4.5183797e-06,2
CECR2,2,1.8068351e-05,1.8068351e-05,2
ABHD2,4,1.7542723e-05,8.7713615e-06,2
TFCP2,2,1.7513878e-05,8.756939e-06,1
MOCOS,12,1.7512346e-05,2.9187242e-06,2
LYZL1,14,1.7447648e-05,8.723824e-06,7
GPR75,2,1.7312552e-05,8.656276e-06,1
CRX,3,1.7263877e-05,1.7263877e-05,3
MIR138-1,8,1.7212573e-05,8.606286e-06,4
GRP,30,1.7048402e-05,1.1365601e-06,2
OR10G3,3,1.7007433e-05,5.6691442e-06,1
SPATA17,1,1.680281e-05,1.680281e-05,1
RBM47,3,1.6720609e-05,1.6720609e-05,3
ASTN1,1,1.6533784e-05,1.6533784e-05,1
HORMAD2,24,1.6529388e-05,1.6529388e-05,24
RP1,6,1.6498792e-05,1.6498792e-05,6
DISP1,3,1.6376105e-05,5.4587017e-06,1
DNAJC15,2,1.625672e-05,8.12836e-06,1
PNRC1,3,1.606822e-05,1.606822e-05,3
RBP3,1,1.5920019e-05,1.5920019e-05,1
ICAM5,15,1.5876354e-05,3.1752709e-06,3
ERC1,3,1.5760548e-05,5.253516e-06,1
ANXA3,1,1.568533e-05,1.568533e-05,1
OSBPL1A,5,1.5577227e-05,3.1154455e-06,1
OR10P1,3,1.5400368e-05,5.133456e-06,1
KIN,6,1.49367315e-05,4.9789105e-06,2
ANO10,3,1.45681715e-05,4.8560573e-06,1
MCC,2,1.4364946e-05,1.4364946e-05,2
CCNO,1,1.4266983e-05,1.4266983e-05,1
UPF2,10,1.42096615e-05,2.8419322e-06,2
DNAH1,4,1.4054299e-05,3.5135747e-06,1
PEG10,2,1.400971e-05,1.400971e-05,2
INO80C,4,1.3940492e-05,3.485123e-06,1
ZNF26,4,1.371985e-05,3.4299626e-06,1
BCL11A,15,1.3654357e-05,1.3654357e-05,15
LINC01311,3,1.3494311e-05,1.3494311e-05,3
CHAF1B,1,1.34897e-05,1.34897e-05,1
FOXL1,1,1.3394154e-05,1.3394154e-05,1
NSG1,1,1.3246951e-05,1.3246951e-05,1
KRT82,2,1.3021809e-05,6.5109043e-06,1
GCM1,1,1.3011344e-05,1.3011344e-05,1
VPS54,4,1.2927487e-05,3.2318717e-06,1
LMOD1,2,1.2754218e-05,6.377109e-06,1
SLN,2,1.2696995e-05,1.2696995e-05,2
DYRK3,15,1.261321e-05,1.261321e-05,15
PIWIL3,2,1.26023515e-05,1.26023515e-05,2
OR5AC2,3,1.2550065e-05,4.183355e-06,1
GJB5,3,1.2429827e-05,1.2429827e-05,3
DPRX,1,1.2331717e-05,1.2331717e-05,1
PDLIM3,2,1.2239952e-05,1.2239952e-05,2
INF2,2,1.183996e-05,5.91998e-06,1
INTU,28,1.1832432e-05,5.916216e-06,14
KIAA1217,2,1.1803916e-05,1.1803916e-05,2
GATC,1,1.1600889e-05,1.1600889e-05,1
KLF15,5,1.1509671e-05,2.3019343e-06,1
SCHIP1,2,1.1386686e-05,5.693343e-06,1
RPRD1A,3,1.1326216e-05,3.7754053e-06,1
MSTN,18,1.1047016e-05,6.1372316e-07,1
TMEM132E,5,1.0890732e-05,1.0890732e-05,5
PDCD11,4,1.0868597e-05,2.7171493e-06,1
CFHR4,12,1.0676739e-05,1.7794566e-06,2
CASR,11,1.0663486e-05,9.694078e-07,1
CAPN15,2,1.0431637e-05,5.2158184e-06,1
SERP1,2,1.0381954e-05,5.190977e-06,1
MPV17L2,3,1.0270855e-05,1.0270855e-05,3
RAB29,9,1.021128e-05,3.40376e-06,3
CCDC9,1,1.0093461e-05,1.0093461e-05,1
ECHDC3,4,9.897281e-06,9.897281e-06,4
ZNF90,1,9.725053e-06,9.725053e-06,1
DNAJC10,1,9.575491e-06,9.575491e-06,1
ZNF91,1,8.923219e-06,8.923219e-06,1
RIOK2,4,8.8042525e-06,8.8042525e-06,4
OXA1L,7,8.781355e-06,1.2544793e-06,1
VAX2,1,8.714218e-06,8.714218e-06,1
OR4E1,30,8.675478e-06,2.891826e-06,10
PIGN,10,8.096049e-06,1.6192098e-06,2
HAVCR1,1,8.085724e-06,8.085724e-06,1
MYO1D,1,7.92468e-06,7.92468e-06,1
B4GALNT4,1,7.758613e-06,7.758613e-06,1
ZKSCAN7,3,7.569209e-06,2.5230697e-06,1
RTN4R,15,7.361232e-06,2.453744e-06,5
PRR5L,2,7.3251094e-06,7.3251094e-06,2
IFRD1,1,7.2791718e-06,7.2791718e-06,1
ZNF281,3,7.2631497e-06,7.2631497e-06,3
GPR156,3,7.14902e-06,7.14902e-06,3
NEUROD1,3,6.9347957e-06,2.3115986e-06,1
MYO1H,1,6.4677115e-06,6.4677115e-06,1
SIPA1L3,1,6.4378128e-06,6.4378128e-06,1
MYRIP,2,6.427249e-06,6.427249e-06,2
KCTD1,5,6.377523e-06,1.2755046e-06,1
CELF4,1,6.2576337e-06,6.2576337e-06,1
SLC39A10,27,6.2557206e-06,6.9508e-07,3
SF3B1,11,6.207889e-06,5.643535e-07,1
SETBP1,9,6.1384508e-06,6.1384508e-06,9
KCNG4,6,6.1214932e-06,2.0404977e-06,2
ADGRA2,1,5.905839e-06,5.905839e-06,1
PSD4,1,5.87293e-06,5.87293e-06,1
ISCU,2,5.774792e-06,2.887396e-06,1
WDR26,1,5.7438647e-06,5.7438647e-06,1
NINJ1,1,5.6537583e-06,5.6537583e-06,1
CBFA2T3,2,5.485879e-06,5.485879e-06,2
PHF10,1,5.445812e-06,5.445812e-06,1
SIK3,1,5.3141e-06,5.3141e-06,1
CYP1B1,38,5.23165e-06,1.37675e-07,1
GULP1,1,5.1665534e-06,5.1665534e-06,1
ATXN10,2,5.1264046e-06,2.5632023e-06,1
CD8B2,24,5.027929e-06,8.379882e-07,4
PLCXD3,1,4.930576e-06,4.930576e-06,1
ZNF527,1,4.87208e-06,4.87208e-06,1
ARID1A,15,4.770217e-06,3.1801446e-07,1
SSU72,1,4.602536e-06,4.602536e-06,1
PKD1L1,1,4.3352074e-06,4.3352074e-06,1
OR2F1,10,3.6821264e-06,7.3642525e-07,2
C6orf201,1,3.4325585e-06,3.4325585e-06,1
FREM2,2,3.4220295e-06,1.7110148e-06,1
RPH3AL,1,3.2068974e-06,3.2068974e-06,1
ARVCF,1,3.1245845e-06,3.1245845e-06,1
TRAF3IP1,6,3.0040335e-06,5.0067223e-07,1
TIAM2,14,2.9962137e-06,2.1401526e-07,1
ZNF283,1,2.954191e-06,2.954191e-06,1
POSTN,2,2.6291093e-06,1.3145547e-06,1
TAC4,4,2.5626728e-06,1.2813364e-06,2
SLURP1,1,2.5129004e-06,2.5129004e-06,1
MAL,2,2.4204185e-06,2.4204185e-06,2
LRRC59,2,2.3546247e-06,1.1773124e-06,1
CCDC188,4,2.3383363e-06,2.3383363e-06,4
SHF,1,2.337677e-06,2.337677e-06,1
IQSEC3,1,2.2075192e-06,2.2075192e-06,1
GAREM1,1,2.1723615e-06,2.1723615e-06,1
OR11H4,3,2.0845314e-06,6.948438e-07,1
OR5AU1,6,1.9608678e-06,6.536226e-07,2
DNAH14,3,1.9333806e-06,6.444602e-07,1
CDC37L1,4,1.8680921e-06,4.6702303e-07,1
NABP1,9,1.8419249e-06,6.139749e-07,3
PTPRU,5,1.8086356e-06,3.6172713e-07,1
OR6B3,3,1.6959871e-06,5.65329e-07,1
LINC00895,1,1.3636555e-06,1.3636555e-06,1
GPSM1,1,1.3389862e-06,1.3389862e-06,1
PLPP3,19,1.331566e-06,7.008242e-08,1
SLC25A17,9,1.3301277e-06,1.4779197e-07,1
PPP2R3C,9,1.3188683e-06,1.4654091e-07,1
PRAP1,1,1.3147325e-06,1.3147325e-06,1
PARP10,7,1.3138153e-06,1.876879e-07,1
MIR122,2,1.2512422e-06,6.256211e-07,1
CALHM1,1,1.2484718e-06,1.2484718e-06,1
SEC63,2,1.1974977e-06,5.9874884e-07,1
ELSPBP1,1,1.1872169e-06,1.1872169e-06,1
HNRNPM,11,1.170076e-06,1.0637054e-07,1
OR6J1,3,1.1086499e-06,3.6954998e-07,1
DIP2A,2,1.0800228e-06,1.0800228e-06,2
MED18,2,1.0156189e-06,5.0780943e-07,1
RFX6,1,1.0125262e-06,1.0125262e-06,1
KLF9,1,9.75665e-07,9.75665e-07,1
GLB1L3,1,9.592105e-07,9.592105e-07,1
OR11H6,3,9.46712e-07,3.1557067e-07,1
TANGO2,1,9.107927e-07,9.107927e-07,1
SLC30A5,10,9.0112485e-07,9.0112486e-08,1
ZNF250,4,8.0428794e-07,2.0107198e-07,1
TTPA,4,7.139686e-07,1.7849214e-07,1
B4GALNT3,1,7.1225804e-07,7.1225804e-07,1
CCL25,13,7.0981895e-07,5.4601458e-08,1
CDK13,16,7.032247e-07,8.790309e-08,2
GSC2,2,6.9938716e-07,6.9938716e-07,2
KIF1C,16,6.4602244e-07,8.0752805e-08,2
TMED3,11,6.4550363e-07,5.8682147e-08,1
MUC16,18,6.217929e-07,6.9088095e-08,2
ZNF737,4,6.0734885e-07,1.5183721e-07,1
AKR7A2,7,5.8162965e-07,8.308995e-08,1
ABCA8,3,5.283657e-07,1.761219e-07,1
RECK,10,5.1987035e-07,1.03974074e-07,2
BCL2A1,10,5.146115e-07,5.146115e-08,1
CERS4,9,4.846024e-07,5.3844715e-08,1
KANSL1,4,4.828364e-07,1.207091e-07,1
SLC43A2,8,4.8172535e-07,6.021567e-08,1
COL5A3,8,4.4705803e-07,5.5882253e-08,1
VPS25,4,4.322517e-07,1.0806293e-07,1
SERINC2,3,3.776212e-07,1.2587374e-07,1
TFR2,4,3.6418518e-07,9.1046296e-08,1
RANBP3,3,3.4108126e-07,1.1369375e-07,1
TRAM1L1,1,3.1572995e-07,3.1572995e-07,1
EOGT,1,2.653121e-07,2.653121e-07,1
POC1A,1,2.5827907e-07,2.5827907e-07,1
QRSL1,2,2.5470058e-07,1.2735029e-07,1
MMP28,1,2.5196692e-07,2.5196692e-07,1
TESK1,4,2.3797894e-07,5.9494734e-08,1
EPPK1,1,1.9007582e-07,1.9007582e-07,1
HHLA1,1,1.7779581e-07,1.7779581e-07,1
DNAJC5B,2,1.757532e-07,1.757532e-07,2
OR7G1,3,1.7205528e-07,5.735176e-08,1
FBN3,3,1.1767254e-07,3.922418e-08,1
PRMT8,2,1.091711e-07,1.091711e-07,2
RPGRIP1,1,1.0084662e-07,1.0084662e-07,1
VPS41,2,9.8675756e-08,4.9337878e-08,1
LRRC8D,2,8.511931e-08,4.2559655e-08,1
ZNF266,3,8.262734e-08,2.7542447e-08,1
NME8,1,7.758679e-08,7.758679e-08,1
SYTL3,1,7.287945e-08,7.287945e-08,1
TFEC,1,5.964305e-08,5.964305e-08,1
ZNF7,1,4.792929e-08,4.792929e-08,1
ZNF76,1,3.374771e-08,3.374771e-08,1
ZNF251,1,3.3041744e-08,3.3041744e-08,1
PRAM1,1,3.0550638e-08,3.0550638e-08,1
