pathway,degree,in_importance_sum,in_importance_mean,n_nodes
Signal Transduction,5012,3.6155982,0.0007213883,1
Immune System,4304,3.28939,0.0007642635,1
Metabolism,2573,2.0614092,0.00080116955,1
Metabolism of proteins,2398,1.7153368,0.00071531977,1
Gene expression (Transcription),2048,1.6488827,0.0008051185,1
Cytokine Signaling in Immune system,1963,1.5804859,0.000805138,1
RNA Polymerase II Transcription,1853,1.4718685,0.0007943165,1
Post-translational protein modification,1987,1.4385804,0.0007239962,1
Generic Transcription Pathway,1770,1.3802878,0.0007798236,1
Signaling by GPCR,1759,1.3511953,0.0007681611,1
Innate Immune System,1768,1.2632835,0.00071452686,1
GPCR downstream signalling,1581,1.2570264,0.0007950831,1
Adaptive Immune System,1977,1.2136598,0.0006138896,1
Disease,1664,1.1634884,0.0006992118,1
Hemostasis,1258,1.0413797,0.0008278058,1
Pathways in cancer - Homo sapiens (human),1439,1.0122758,0.0007034578,1
Cytokine-cytokine receptor interaction - Homo sapiens (human),1340,1.0120364,0.0007552511,1
Developmental Biology,1346,1.0049143,0.00074659305,1
GPCR ligand binding,1193,0.92674875,0.0007768221,1
Infectious disease,1100,0.8608273,0.0007825703,1
Transport of small molecules,1138,0.7965828,0.0006999849,1
Human T-cell leukemia virus 1 infection - Homo sapiens (human),911,0.760718,0.0008350362,1
Signaling by Receptor Tyrosine Kinases,1053,0.7555707,0.000717541,1
Neuroactive ligand-receptor interaction - Homo sapiens (human),840,0.7448143,0.00088668364,1
Vitamin D Receptor Pathway,861,0.7443229,0.0008644865,1
Class A/1 (Rhodopsin-like receptors),1028,0.72125906,0.00070161384,1
Cell adhesion molecules - Homo sapiens (human),925,0.71969223,0.0007780457,1
Signaling by Rho GTPases,920,0.70574766,0.000767117,1
"Signaling by Rho GTPases, Miro GTPases and RHOBTB3",931,0.7016396,0.00075364084,1
EGFR1,991,0.69993466,0.0007062913,1
Herpes simplex virus 1 infection - Homo sapiens (human),906,0.6841477,0.0007551299,1
Interferon Signaling,741,0.67522293,0.000911232,1
Signaling by Interleukins,911,0.6685493,0.0007338631,1
VEGFA-VEGFR2 Signaling Pathway,848,0.6598557,0.00077813177,1
Epstein-Barr virus infection - Homo sapiens (human),777,0.6496724,0.0008361292,1
Neuronal System,852,0.62486255,0.00073340675,1
JAK STAT pathway and regulation,907,0.606674,0.00066887983,1
Human cytomegalovirus infection - Homo sapiens (human),763,0.60371184,0.0007912344,1
Human papillomavirus infection - Homo sapiens (human),766,0.6016371,0.00078542705,1
GPCR signaling-G alpha i,727,0.59982485,0.00082506856,1
GPCR signaling-G alpha s Epac and ERK,736,0.58748657,0.00079821545,1
Interferon gamma signaling,686,0.5731486,0.0008354936,1
"GPCRs, Class A Rhodopsin-like",812,0.57271016,0.00070530805,1
PI3K-Akt signaling pathway,699,0.5725191,0.00081905455,1
PI3K-Akt signaling pathway - Homo sapiens (human),737,0.57119834,0.0007750317,1
GPCR signaling-G alpha s PKA and ERK,759,0.5645819,0.0007438496,1
GPCR signaling-cholera toxin,732,0.5643014,0.00077090354,1
Neutrophil degranulation,761,0.5635392,0.00074052456,1
Metabolism of RNA,689,0.55756,0.0008092308,1
Metabolism of lipids,782,0.55193853,0.00070580374,1
GPCR signaling-G alpha q,741,0.5498252,0.0007420043,1
Nervous system development,781,0.54607904,0.0006992049,1
Nuclear Receptors Meta-Pathway,661,0.5402048,0.0008172539,1
Allograft Rejection,820,0.5401195,0.0006586824,1
G alpha (i) signalling events,799,0.5298384,0.0006631269,1
GPCR signaling-pertussis toxin,727,0.5291833,0.0007279,1
Pathways of neurodegeneration - multiple diseases - Homo sapiens (human),766,0.5277807,0.00068900874,1
Kaposi sarcoma-associated herpesvirus infection - Homo sapiens (human),661,0.5254018,0.00079485896,1
Focal Adhesion-PI3K-Akt-mTOR-signaling pathway,649,0.520134,0.0008014391,1
Cell Cycle,618,0.5112396,0.0008272485,1
Tuberculosis - Homo sapiens (human),572,0.50497574,0.0008828247,1
Axon guidance,759,0.5029795,0.0006626871,1
G alpha (q) signalling events,671,0.5022724,0.0007485431,1
Th17 cell differentiation - Homo sapiens (human),663,0.5014254,0.0007562977,1
Cellular responses to stress,664,0.49927384,0.0007519184,1
RHO GTPase cycle,651,0.49844846,0.00076566584,1
IL-18 signaling pathway,719,0.49794587,0.00069255335,1
Immunoregulatory interactions between a Lymphoid and a non-Lymphoid cell,616,0.49657953,0.0008061356,1
Vesicle-mediated transport,703,0.49517927,0.00070438016,1
Membrane Trafficking,655,0.4857985,0.0007416771,1
Influenza A - Homo sapiens (human),597,0.47633734,0.000797885,1
Peptide ligand-binding receptors,673,0.47604164,0.0007073427,1
Cellular responses to external stimuli,666,0.4724078,0.000709321,1
TCR,736,0.4709738,0.00063991005,1
"Platelet activation, signaling and aggregation",637,0.46754512,0.0007339798,1
Transcriptional Regulation by TP53,454,0.4653879,0.0010250835,1
RAF/MAP kinase cascade,601,0.46205425,0.00076880906,1
JAK-STAT signaling pathway - Homo sapiens (human),639,0.45731044,0.0007156658,1
MAPK signaling pathway - Homo sapiens (human),747,0.4553188,0.00060952984,1
Toxoplasmosis - Homo sapiens (human),626,0.45309347,0.0007237915,1
Viral carcinogenesis - Homo sapiens (human),574,0.45061472,0.00078504306,1
Cellular senescence - Homo sapiens (human),548,0.45044824,0.0008219858,1
Metabolism of amino acids and derivatives,496,0.44534403,0.00089787104,1
MAPK Signaling Pathway,648,0.444419,0.00068583176,1
Allograft rejection - Homo sapiens (human),591,0.43973982,0.0007440606,1
Metabolism of carbohydrates,506,0.43943888,0.00086845626,1
MAPK1/MAPK3 signaling,603,0.43937558,0.0007286494,1
Chemokine signaling pathway - Homo sapiens (human),682,0.4376733,0.0006417497,1
Leishmania infection,565,0.43585992,0.00077143346,1
Type I diabetes mellitus - Homo sapiens (human),556,0.43346658,0.0007796162,1
Phagosome - Homo sapiens (human),617,0.43235806,0.0007007424,1
Human immunodeficiency virus 1 infection - Homo sapiens (human),512,0.4312924,0.000842368,1
MAPK family signaling cascades,652,0.42811456,0.00065661746,1
Class I MHC mediated antigen processing & presentation,632,0.42723116,0.0006759987,1
Graft-versus-host disease - Homo sapiens (human),539,0.42095208,0.00078098715,1
Chemokine signaling pathway,582,0.41993123,0.00072153134,1
Hematopoietic cell lineage - Homo sapiens (human),514,0.418629,0.0008144533,1
Diseases of signal transduction by growth factor receptors and second messengers,645,0.41518852,0.00064370316,1
Inflammatory bowel disease - Homo sapiens (human),513,0.41490665,0.0008087849,1
Mesodermal commitment pathway,426,0.41369283,0.00097110996,1
Th1 and Th2 cell differentiation - Homo sapiens (human),594,0.4122047,0.0006939473,1
Ras signaling pathway - Homo sapiens (human),604,0.41113046,0.0006806796,1
"Cell Cycle, Mitotic",513,0.41105175,0.0008012705,1
Ebola Virus Pathway on Host,563,0.4094877,0.0007273316,1
SLC-mediated transmembrane transport,552,0.4066606,0.000736704,1
Rap1 signaling pathway - Homo sapiens (human),500,0.4017974,0.0008035948,1
Endocytosis - Homo sapiens (human),512,0.39828715,0.0007779046,1
Viral myocarditis - Homo sapiens (human),562,0.3940975,0.00070124114,1
Osteoclast differentiation - Homo sapiens (human),574,0.39185038,0.0006826662,1
Viral protein interaction with cytokine and cytokine receptor - Homo sapiens (human),577,0.39111426,0.000677841,1
Intracellular signaling by second messengers,590,0.38947865,0.0006601333,1
Rheumatoid arthritis - Homo sapiens (human),514,0.38885185,0.0007565211,1
JAK STAT MolecularVariation 1,455,0.38596117,0.0008482663,1
Extracellular matrix organization,527,0.3843033,0.00072922825,1
Natural killer cell mediated cytotoxicity - Homo sapiens (human),467,0.3810365,0.00081592397,1
JAK-STAT-Core,438,0.3765024,0.0008595945,1
Autoimmune thyroid disease - Homo sapiens (human),602,0.37008956,0.00061476673,1
Shigellosis - Homo sapiens (human),508,0.36713663,0.00072270987,1
Sensory Perception,444,0.36262447,0.00081672176,1
Ectoderm Differentiation,386,0.35828996,0.0009282123,1
Leishmaniasis - Homo sapiens (human),532,0.35543838,0.00066811725,1
Axon guidance - Homo sapiens (human),487,0.3548217,0.0007285867,1
CD4 T cell receptor signaling,577,0.3473983,0.0006020768,1
Signaling by WNT,424,0.3455918,0.000815075,1
PIP3 activates AKT signaling,518,0.34544262,0.00066687766,1
Deubiquitination,469,0.34460765,0.00073477114,1
Antigen processing and presentation - Homo sapiens (human),452,0.34421048,0.0007615276,1
Anti-inflammatory response favouring Leishmania parasite infection,452,0.33915064,0.00075033325,1
Amyotrophic lateral sclerosis - Homo sapiens (human),471,0.33868378,0.00071907387,1
IL12-mediated signaling events,460,0.33709908,0.0007328241,1
Transcriptional misregulation in cancer - Homo sapiens (human),435,0.33446974,0.00076889596,1
T cell receptor signaling pathway - Homo sapiens (human),536,0.3321132,0.0006196142,1
Chagas disease - Homo sapiens (human),362,0.33114228,0.00091475766,1
Measles - Homo sapiens (human),448,0.32824704,0.0007326943,1
Lipid and atherosclerosis - Homo sapiens (human),515,0.32780117,0.0006365071,1
Cell-Cell communication,421,0.32588196,0.00077406643,1
Transcriptional regulation by RUNX1,414,0.3219423,0.0007776384,1
Brain-derived neurotrophic factor (BDNF) signaling pathway,350,0.32003576,0.00091438787,1
Calcium signaling pathway - Homo sapiens (human),493,0.31808665,0.0006452062,1
Signaling by Nuclear Receptors,431,0.31779823,0.0007373509,1
RHO GTPase Effectors,382,0.3168743,0.0008295139,1
Wnt signaling pathway - Homo sapiens (human),336,0.31679764,0.00094285014,1
Spinal Cord Injury,442,0.3165222,0.0007161136,1
cAMP signaling pathway - Homo sapiens (human),436,0.31636414,0.0007256058,1
Focal adhesion - Homo sapiens (human),366,0.31628665,0.0008641712,1
Leishmania parasite growth and survival,452,0.31537995,0.00069774326,1
Transport of inorganic cations/anions and amino acids/oligopeptides,329,0.3078282,0.000935648,1
Transmission across Chemical Synapses,429,0.30507502,0.00071113056,1
Salmonella infection - Homo sapiens (human),456,0.30185378,0.00066196005,1
Ras signaling,451,0.30129057,0.00066805,1
Coronavirus disease - COVID-19 - Homo sapiens (human),464,0.30086422,0.00064841425,1
Intestinal immune network for IgA production - Homo sapiens (human),459,0.29936448,0.0006522102,1
Interferon alpha/beta signaling,371,0.297517,0.0008019326,1
Alzheimer disease - Homo sapiens (human),504,0.29578587,0.00058687676,1
Regulation of toll-like receptor signaling pathway,412,0.29433087,0.0007143953,1
NF-kappa B signaling pathway - Homo sapiens (human),415,0.29341525,0.0007070247,1
Direct p53 effectors,331,0.29247177,0.0008836005,1
Systemic lupus erythematosus - Homo sapiens (human),450,0.29232588,0.0006496131,1
Cell surface interactions at the vascular wall,324,0.29052964,0.0008966964,1
Regulation of actin cytoskeleton - Homo sapiens (human),434,0.28599826,0.00065898214,1
Male infertility,387,0.2858699,0.0007386819,1
NOD-like receptor signaling pathway - Homo sapiens (human),392,0.28461644,0.00072606234,1
IL-17 signaling pathway - Homo sapiens (human),349,0.28371912,0.0008129488,1
EGF-EGFR signaling pathway,307,0.27877337,0.00090805657,1
Neural Crest Differentiation,409,0.2776342,0.0006788122,1
TNFalpha,409,0.27568695,0.00067405123,1
BCR,434,0.27491933,0.0006334547,1
CD4 T cell receptor signaling-JNK cascade,347,0.27473107,0.00079173216,1
PDGFR-beta signaling pathway,363,0.27437004,0.00075584033,1
B Cell Receptor Signaling Pathway,438,0.27321157,0.0006237707,1
Cell junction organization,290,0.2727322,0.0009404559,1
Insulin Signaling,393,0.2726793,0.00069384044,1
M Phase,363,0.27077445,0.00074593513,1
Myometrial relaxation and contraction pathways,375,0.2690228,0.0007173941,1
TCF dependent signaling in response to WNT,274,0.26887015,0.0009812779,1
Chromatin modifying enzymes,310,0.26835525,0.0008656621,1
TCR signaling,358,0.26828533,0.00074940035,1
Prion disease - Homo sapiens (human),373,0.26796517,0.0007184053,1
EPO signaling,373,0.26783457,0.0007180552,1
IL-7 signaling,396,0.2675105,0.00067553157,1
G alpha (s) signalling events,337,0.26467812,0.00078539504,1
CD4 T cell receptor signaling-NFkB cascade,491,0.26232427,0.0005342653,1
Modulators of TCR signaling and T cell activation,407,0.26173458,0.0006430825,1
Pathways Regulating Hippo Signaling,328,0.26008523,0.00079294277,1
TNFR2 non-canonical NF-kB pathway,312,0.25850058,0.0008285275,1
IL23-mediated signaling events,286,0.25794566,0.0009019079,1
Hippo-Merlin Signaling Dysregulation,350,0.25756812,0.0007359089,1
Yersinia infection - Homo sapiens (human),420,0.2572815,0.00061257504,1
Chromatin organization,310,0.25488245,0.0008222015,1
Pathogenic Escherichia coli infection - Homo sapiens (human),451,0.25396594,0.0005631174,1
ADORA2B mediated anti-inflammatory cytokines production,307,0.2539488,0.00082719483,1
Focal Adhesion,381,0.25274506,0.00066337286,1
Gastrin signaling pathway,327,0.2520947,0.0007709318,1
IL2-mediated signaling events,280,0.2481638,0.0008862993,1
Cardiac conduction,201,0.24766684,0.0012321733,1
Breast cancer pathway,297,0.24656448,0.00083018345,1
Ion channel transport,312,0.24631487,0.00078947074,1
SUMOylation,306,0.24521479,0.0008013555,1
Proteoglycans in cancer - Homo sapiens (human),367,0.24493377,0.0006673945,1
Fluid shear stress and atherosclerosis - Homo sapiens (human),373,0.24450004,0.0006554961,1
Huntington disease - Homo sapiens (human),343,0.2444034,0.0007125464,1
PD-L1 expression and PD-1 checkpoint pathway in cancer - Homo sapiens (human),361,0.24409124,0.00067615305,1
Ub-specific processing proteases,345,0.24398206,0.0007071944,1
MicroRNAs in cancer - Homo sapiens (human),422,0.24384886,0.0005778409,1
Hepatitis C - Homo sapiens (human),306,0.24344799,0.00079558167,1
Regulation of TP53 Activity,242,0.24300732,0.0010041625,1
TGF_beta_Receptor,311,0.24249063,0.00077971263,1
Calcium Regulation in the Cardiac Cell,400,0.2424183,0.00060604577,1
TNFs bind their physiological receptors,249,0.24198206,0.0009718155,1
Staphylococcus aureus infection - Homo sapiens (human),355,0.23923144,0.0006738914,1
Glycosaminoglycan metabolism,314,0.23767827,0.0007569372,1
Signaling pathways regulating pluripotency of stem cells - Homo sapiens (human),300,0.23695534,0.0007898511,1
Acute viral myocarditis,340,0.23682734,0.000696551,1
Neurotransmitter receptors and postsynaptic signal transmission,289,0.2366833,0.00081897335,1
Hepatitis B - Homo sapiens (human),355,0.23631601,0.0006656789,1
Proteasome Degradation,268,0.23615779,0.00088118576,1
Downstream signaling in naïve CD8+ T cells,313,0.23227817,0.0007421028,1
Parkinson disease - Homo sapiens (human),305,0.23019964,0.0007547529,1
Adipogenesis,326,0.22994062,0.0007053393,1
Type II interferon signaling (IFNG),316,0.22933853,0.0007257548,1
Ciliary landscape,293,0.22908662,0.0007818656,1
Costimulation by the CD28 family,417,0.22846447,0.0005478764,1
Prolactin Signaling Pathway,318,0.22833687,0.00071804045,1
Glutamatergic synapse - Homo sapiens (human),258,0.2282329,0.0008846237,1
Calcineurin-regulated NFAT-dependent transcription in lymphocytes,387,0.22745451,0.00058773777,1
Epithelial to mesenchymal transition in colorectal cancer,295,0.22715624,0.0007700211,1
MHC class II antigen presentation,274,0.22669947,0.0008273703,1
Olfactory transduction - Homo sapiens (human),268,0.22635747,0.00084461743,1
IL4-mediated signaling events,294,0.2261411,0.0007691874,1
VEGF,374,0.22610185,0.0006045504,1
Apoptosis,391,0.2259386,0.0005778481,1
Validated targets of C-MYC transcriptional repression,237,0.22538646,0.0009509977,1
"PI5P, PP2A and IER3 Regulate PI3K/AKT Signaling",353,0.22505166,0.0006375401,1
Muscle contraction,264,0.2250378,0.0008524159,1
Asparagine N-linked glycosylation,302,0.22492425,0.0007447823,1
Selective expression of chemokine receptors during T-cell polarization,323,0.22389308,0.00069316744,1
T-cell receptor (TCR) signaling pathway,470,0.22360837,0.0004757625,1
cGMP-PKG signaling pathway - Homo sapiens (human),242,0.22332175,0.00092281715,1
AP-1 transcription factor network,297,0.22289753,0.00075049675,1
Thymic Stromal LymphoPoietin (TSLP) Signaling Pathway,267,0.22186665,0.0008309612,1
Apoptosis - Homo sapiens (human),289,0.2216671,0.00076701416,1
T-Cell antigen Receptor (TCR) pathway during Staphylococcus aureus infection,415,0.22086942,0.00053221546,1
Negative regulation of the PI3K/AKT network,374,0.22011067,0.0005885312,1
SUMO E3 ligases SUMOylate target proteins,305,0.21919726,0.0007186795,1
Sudden Infant Death Syndrome (SIDS) Susceptibility Pathways,309,0.2190409,0.00070887024,1
O-linked glycosylation,296,0.21836309,0.0007377131,1
Organelle biogenesis and maintenance,228,0.21823516,0.0009571718,1
Cell Cycle Checkpoints,252,0.21821342,0.00086592627,1
Prostaglandin Synthesis and Regulation,202,0.21742958,0.0010763841,1
PI3K/AKT Signaling in Cancer,346,0.21587682,0.00062392146,1
Potassium Channels,317,0.21576379,0.0006806429,1
Purine metabolism,274,0.21548375,0.0007864371,1
Phosphatidylinositol signaling system - Homo sapiens (human),194,0.21487008,0.0011075777,1
Spinocerebellar ataxia - Homo sapiens (human),320,0.21418048,0.000669314,1
Breast cancer - Homo sapiens (human),296,0.21403868,0.00072310364,1
Regulation of Insulin-like Growth Factor (IGF) transport and uptake by Insulin-like Growth Factor Binding Proteins (IGFBPs),170,0.21396093,0.0012585938,1
Metapathway biotransformation Phase I and II,254,0.21363278,0.0008410739,1
IL4,312,0.21343197,0.0006840768,1
KitReceptor,299,0.21241231,0.0007104091,1
Pre-implantation embryo,238,0.21169822,0.0008894883,1
Inflammatory mediator regulation of TRP channels - Homo sapiens (human),286,0.2113985,0.00073915557,1
C-type lectin receptor signaling pathway - Homo sapiens (human),282,0.2113504,0.0007494695,1
Relaxin signaling pathway - Homo sapiens (human),257,0.21099845,0.0008210056,1
Lung fibrosis,260,0.21088885,0.00081111095,1
Downstream TCR signaling,303,0.21077904,0.0006956404,1
Peptide GPCRs,325,0.21023855,0.0006468878,1
Regulation of Actin Cytoskeleton,318,0.21020254,0.0006610143,1
Asthma - Homo sapiens (human),301,0.20961505,0.0006963955,1
"Growth hormone synthesis, secretion and action - Homo sapiens (human)",265,0.20928855,0.0007897681,1
SHP2 signaling,250,0.20804231,0.00083216926,1
Biological oxidations,240,0.20751858,0.0008646607,1
Factors involved in megakaryocyte development and platelet production,258,0.20661072,0.00080081675,1
CXCR4-mediated signaling events,315,0.20639312,0.0006552163,1
JAK STAT MolecularVariation 2,264,0.20599392,0.00078028,1
DNA Repair,285,0.20559622,0.00072139024,1
Chemokine receptors bind chemokines,369,0.20530878,0.00055639236,1
Folate Metabolism,205,0.20520656,0.0010010076,1
Regulatory circuits of the STAT3 signaling pathway,296,0.20519844,0.000693238,1
Small cell lung cancer,232,0.2051401,0.00088422454,1
Constitutive Signaling by Aberrant PI3K in Cancer,326,0.20459391,0.0006275887,1
Senescence and Autophagy in Cancer,291,0.20456022,0.0007029561,1
Amoebiasis - Homo sapiens (human),238,0.20390119,0.00085672765,1
IL-6 signaling pathway,212,0.20375343,0.0009611011,1
TNF signaling pathway - Homo sapiens (human),327,0.2035937,0.0006226107,1
Nucleotide-binding Oligomerization Domain (NOD) pathway,204,0.20309351,0.0009955565,1
Genotoxicity pathway,272,0.20306158,0.0007465499,1
Response to elevated platelet cytosolic Ca2+,228,0.20280805,0.000889509,1
Endosomal/Vacuolar pathway,170,0.20263742,0.0011919849,1
Signaling by the B Cell Receptor (BCR),280,0.20260347,0.00072358386,1
Toll-like Receptor Cascades,297,0.20157151,0.00067869195,1
Platelet degranulation ,222,0.20120859,0.000906345,1
Adherens junctions interactions,191,0.20063613,0.001050451,1
Interleukin-1 family signaling,282,0.20040688,0.0007106627,1
Antigen processing: Ubiquitination & Proteasome degradation,429,0.20012257,0.00046648618,1
Hepatitis B infection,292,0.19975913,0.0006841066,1
Nonalcoholic fatty liver disease,269,0.19962741,0.0007421094,1
Platelet activation - Homo sapiens (human),306,0.19872212,0.0006494187,1
Hepatocellular carcinoma - Homo sapiens (human),280,0.19863385,0.0007094066,1
TYROBP causal network in microglia,214,0.19577625,0.0009148423,1
Necroptosis - Homo sapiens (human),262,0.19463058,0.0007428648,1
Signaling by NOTCH,270,0.19438154,0.0007199316,1
Oxytocin signaling pathway - Homo sapiens (human),247,0.19402306,0.00078551844,1
IL12 signaling mediated by STAT4,224,0.19365354,0.00086452474,1
Phospholipase D signaling pathway - Homo sapiens (human),292,0.19332004,0.0006620549,1
Kit receptor signaling pathway,277,0.19321637,0.000697532,1
Neutrophil extracellular trap formation - Homo sapiens (human),280,0.19311638,0.00068970135,1
HIV Infection,271,0.19249842,0.00071032625,1
Thyroid hormone signaling pathway - Homo sapiens (human),220,0.19241741,0.0008746246,1
Signaling by NTRKs,265,0.19134521,0.0007220574,1
Small cell lung cancer - Homo sapiens (human),231,0.19131751,0.00082821434,1
Dopaminergic synapse - Homo sapiens (human),186,0.19084845,0.001026067,1
HIF-1 signaling pathway - Homo sapiens (human),260,0.19060367,0.00073309103,1
Prolactin,272,0.19019434,0.0006992439,1
IL-3 signaling pathway,234,0.19012617,0.00081250496,1
MyD88 cascade initiated on plasma membrane,225,0.1884933,0.000837748,1
Fragile X Syndrome,222,0.18828163,0.0008481154,1
Cell-cell junction organization,240,0.18803066,0.0007834611,1
Mitotic Prometaphase,236,0.18785678,0.0007960033,1
Cushing syndrome - Homo sapiens (human),250,0.1869319,0.0007477276,1
Phospholipid metabolism,263,0.18690841,0.00071067835,1
IL2,280,0.18677813,0.00066706474,1
Cholinergic synapse - Homo sapiens (human),250,0.18665408,0.0007466163,1
DNA damage response (only ATM dependent),266,0.18651913,0.00070119975,1
Apoptosis Modulation and Signaling,243,0.18641083,0.0007671228,1
Interleukin-2 family signaling,206,0.18604223,0.00090311765,1
CDC42 GTPase cycle,269,0.18496315,0.00068759534,1
Glucocorticoid Receptor Pathway,228,0.18486345,0.0008108046,1
keratinocyte differentiation,245,0.18415374,0.0007516479,1
RAC1 GTPase cycle,316,0.1839664,0.0005821721,1
Diabetic cardiomyopathy - Homo sapiens (human),251,0.18396185,0.00073291577,1
Autophagy - animal - Homo sapiens (human),254,0.18382706,0.00072372856,1
The citric acid (TCA) cycle and respiratory electron transport,204,0.18372406,0.00090060814,1
BCR signaling pathway,270,0.18371376,0.00068042136,1
EGF-Core,311,0.18341494,0.0005897586,1
Mitotic G2-G2/M phases,130,0.18147208,0.001395939,1
Novel intracellular components of RIG-I-like receptor (RLR) pathway,192,0.18142888,0.00094494206,1
Oocyte meiosis - Homo sapiens (human),224,0.18098976,0.00080798997,1
RHOA GTPase cycle,270,0.18084887,0.00066981063,1
Signaling events mediated by Stem cell factor receptor (c-Kit),255,0.1798656,0.0007053553,1
Cilium Assembly,191,0.17952728,0.0009399334,1
Fc epsilon receptor (FCERI) signaling,304,0.17830688,0.0005865358,1
B cell receptor signaling pathway - Homo sapiens (human),319,0.17806211,0.0005581884,1
Corticotropin-releasing hormone signaling pathway,208,0.17806071,0.0008560611,1
AndrogenReceptor,223,0.17772754,0.0007969845,1
il-2 receptor beta chain in t cell activation,216,0.17688577,0.0008189156,1
IL-4 signaling pathway,218,0.17675123,0.00081078545,1
Ciliopathies,323,0.17645359,0.00054629595,1
Metabolism of vitamins and cofactors,255,0.17563897,0.0006887803,1
FoxO signaling pathway - Homo sapiens (human),263,0.17530519,0.0006665597,1
DNA Double-Strand Break Repair,199,0.17502926,0.000879544,1
Pertussis - Homo sapiens (human),201,0.17436,0.0008674627,1
NO-cGMP-PKG mediated Neuroprotection,181,0.17383474,0.00096041296,1
Malaria - Homo sapiens (human),209,0.17348747,0.00083008356,1
Death Receptor Signalling,263,0.17334543,0.0006591081,1
Programmed Cell Death,253,0.17222013,0.00068071194,1
Thermogenesis - Homo sapiens (human),238,0.17216954,0.00072340143,1
Development and heterogeneity of the ILC family,189,0.17200911,0.0009101011,1
Toll Like Receptor 5 (TLR5) Cascade,225,0.17193633,0.00076416146,1
C-type lectin receptors (CLRs),248,0.1717232,0.0006924323,1
Selenium Micronutrient Network,194,0.17106852,0.00088179647,1
Neurotrophin signaling pathway - Homo sapiens (human),266,0.17106448,0.00064309954,1
Apelin signaling pathway - Homo sapiens (human),216,0.17077689,0.0007906337,1
Inflammatory Response Pathway,233,0.17051665,0.0007318311,1
Toll-like receptor signaling pathway - Homo sapiens (human),276,0.17037217,0.0006172905,1
Regulation of Telomerase,127,0.17028493,0.0013408262,1
Olfactory Signaling Pathway,206,0.17004494,0.0008254609,1
Overview of leukocyte-intrinsic Hippo pathway functions,161,0.16995777,0.0010556383,1
Toll-like Receptor Signaling Pathway,279,0.1697067,0.0006082677,1
RHO GTPases Activate Formins,181,0.16954482,0.0009367117,1
Chronic myeloid leukemia - Homo sapiens (human),189,0.16954382,0.00089705724,1
mTOR signaling pathway - Homo sapiens (human),253,0.16873989,0.00066695607,1
O-linked glycosylation of mucins,196,0.1675545,0.0008548699,1
Non-alcoholic fatty liver disease - Homo sapiens (human),209,0.16747509,0.00080131623,1
TRIF(TICAM1)-mediated TLR4 signaling ,245,0.16712198,0.0006821305,1
Estrogen signaling pathway - Homo sapiens (human),191,0.1668048,0.0008733236,1
Adrenergic signaling in cardiomyocytes - Homo sapiens (human),207,0.16636631,0.000803702,1
Fibroblast growth factor-1,149,0.16617158,0.0011152455,1
AGE-RAGE signaling pathway in diabetic complications - Homo sapiens (human),209,0.16563515,0.00079251267,1
Toll Like Receptor 4 (TLR4) Cascade,272,0.16549963,0.0006084545,1
Toll Like Receptor TLR6:TLR2 Cascade,249,0.16480926,0.00066188455,1
Cytosolic DNA-sensing pathway,148,0.16460454,0.0011121929,1
Arrhythmogenic Right Ventricular Cardiomyopathy,197,0.1643472,0.0008342498,1
Gastric cancer - Homo sapiens (human),272,0.16421409,0.0006037283,1
Vascular smooth muscle contraction - Homo sapiens (human),219,0.16378415,0.0007478728,1
Toll Like Receptor TLR1:TLR2 Cascade,249,0.16293277,0.00065434846,1
Interleukin-1 signaling,202,0.16262983,0.00080509816,1
Fc gamma R-mediated phagocytosis - Homo sapiens (human),273,0.16221696,0.0005942013,1
"Antigen Presentation: Folding, assembly and peptide loading of class I MHC",175,0.16190949,0.0009251971,1
Intra-Golgi and retrograde Golgi-to-ER traffic,201,0.16139156,0.0008029431,1
GMCSF-mediated signaling events,198,0.16105956,0.0008134321,1
Mitotic Spindle Checkpoint,142,0.16054994,0.0011306334,1
DAP12 interactions,210,0.15970792,0.0007605139,1
C-MYB transcription factor network,216,0.15954582,0.00073863805,1
Retrograde endocannabinoid signaling - Homo sapiens (human),208,0.15891911,0.00076403416,1
Signaling by SCF-KIT,248,0.15864216,0.0006396861,1
TGF-beta receptor signaling in skeletal dysplasias,142,0.15773685,0.0011108229,1
Amplification of signal from the kinetochores,129,0.15738876,0.001220068,1
Translation,214,0.15737991,0.00073542015,1
Cell cycle,153,0.15712741,0.0010269765,1
Mitotic Metaphase and Anaphase,204,0.15694915,0.0007693586,1
Chromosomal and microsatellite instability in colorectal cancer,201,0.15688391,0.00078051694,1
Hippo signaling pathway - Homo sapiens (human),219,0.15653032,0.0007147503,1
Oncostatin M Signaling Pathway,194,0.1563417,0.00080588507,1
Mitotic Anaphase,200,0.15623061,0.0007811531,1
eicosanoid metabolism,120,0.15615642,0.0013013035,1
Signaling events mediated by PTP1B,236,0.15583526,0.0006603189,1
Prostate cancer - Homo sapiens (human),241,0.15581447,0.00064653304,1
"Interleukin-3, Interleukin-5 and GM-CSF signaling",222,0.15581162,0.0007018542,1
Toll Like Receptor 2 (TLR2) Cascade,249,0.15569185,0.00062526844,1
"Parathyroid hormone synthesis, secretion and action - Homo sapiens (human)",191,0.15538919,0.00081355596,1
MyD88:MAL(TIRAP) cascade initiated on plasma membrane,249,0.15530974,0.0006237339,1
Sphingolipid metabolism,186,0.15515015,0.0008341406,1
Lysosome - Homo sapiens (human),158,0.1545939,0.0009784424,1
Calcium signaling in the CD4+ TCR pathway,174,0.15435128,0.0008870763,1
Gastrin,181,0.15426348,0.00085228443,1
Platelet homeostasis,211,0.1540133,0.00072992087,1
Melanoma - Homo sapiens (human),198,0.15318339,0.00077365345,1
African trypanosomiasis - Homo sapiens (human),153,0.15309587,0.0010006266,1
Osteoblast differentiation,254,0.15271355,0.00060123444,1
Endoderm differentiation,205,0.15265137,0.0007446408,1
Protein-protein interactions at synapses,185,0.15258685,0.00082479377,1
RAC1-PAK1-p38-MMP2 Pathway,184,0.15254614,0.0008290551,1
TRAF6 mediated induction of NFkB and MAP kinases upon TLR7/8 or 9 activation,222,0.15231413,0.0006860997,1
Serotonergic synapse - Homo sapiens (human),182,0.15170087,0.00083352125,1
AGE-RAGE pathway,202,0.15166105,0.0007507973,1
Neddylation,297,0.15160348,0.0005104494,1
Arrhythmogenic right ventricular cardiomyopathy - Homo sapiens (human),179,0.14966118,0.000836096,1
Protein processing in endoplasmic reticulum - Homo sapiens (human),170,0.14934021,0.0008784718,1
Keratinization,138,0.1493248,0.0010820638,1
Regulation of nuclear beta catenin signaling and target gene transcription,169,0.14928795,0.0008833607,1
Renin secretion - Homo sapiens (human),212,0.14902245,0.0007029361,1
Prolactin signaling pathway - Homo sapiens (human),196,0.14894563,0.0007599267,1
TGF-beta Receptor Signaling,138,0.1489162,0.0010791029,1
Clathrin-mediated endocytosis,200,0.14891098,0.0007445549,1
LncRNA involvement in canonical Wnt signaling and colorectal cancer,174,0.14887625,0.00085561065,1
IL6,230,0.14884359,0.000647146,1
TGF-beta Signaling Pathway,232,0.14865623,0.00064075965,1
PD-1 signaling,163,0.14843711,0.0009106571,1
Non-small cell lung cancer,138,0.1480414,0.0010727637,1
Gap junction - Homo sapiens (human),177,0.14801909,0.00083626603,1
Protein digestion and absorption - Homo sapiens (human),211,0.1478209,0.00070057303,1
TGF-beta signaling pathway - Homo sapiens (human),168,0.14781395,0.00087984494,1
Antigen processing-Cross presentation,195,0.14732653,0.00075552065,1
RNA transport - Homo sapiens (human),215,0.14728914,0.00068506575,1
Isradipine Action Pathway,133,0.146963,0.001104985,1
Signaling events mediated by VEGFR1 and VEGFR2,202,0.14678012,0.0007266342,1
MyD88 dependent cascade initiated on endosome,223,0.14618573,0.0006555414,1
Morphine addiction - Homo sapiens (human),182,0.14596973,0.0008020315,1
Tyrosine metabolism,197,0.14587459,0.00074048014,1
HIF-1-alpha transcription factor network,197,0.14552465,0.0007387038,1
"Non-genomic actions of 1,25 dihydroxyvitamin D3",236,0.14549595,0.00061650825,1
Fatty acid metabolism,161,0.14536877,0.0009029116,1
IL5,235,0.1443911,0.00061443023,1
ATF-2 transcription factor network,154,0.14401332,0.0009351514,1
MyD88-independent TLR4 cascade ,246,0.14383374,0.00058469,1
Wnt signaling,192,0.14374366,0.0007486649,1
Regulation of mRNA stability by proteins that bind AU-rich elements,154,0.14359829,0.0009324564,1
Choline metabolism in cancer - Homo sapiens (human),203,0.1434598,0.0007066985,1
Transport to the Golgi and subsequent modification,189,0.14341797,0.0007588252,1
TCR signaling in naïve CD4+ T cells,333,0.1432301,0.00043012042,1
TCR signaling in naïve CD8+ T cells,297,0.14304791,0.0004816428,1
Phosphatidylinositol phosphate metabolism,153,0.14287451,0.0009338203,1
Notch Signaling Pathway Netpath,155,0.14262447,0.0009201579,1
IFN-gamma pathway,208,0.14261878,0.0006856672,1
Processing of Capped Intron-Containing Pre-mRNA,207,0.1425226,0.00068851496,1
Toll Like Receptor 7/8 (TLR7/8) Cascade,223,0.14232303,0.0006382199,1
Semaphorin interactions,148,0.14189917,0.00095877814,1
Bupranolol Action Pathway,133,0.14050353,0.0010564175,1
Regulation of TP53 Expression and Degradation,122,0.1403652,0.0011505344,1
Toll Like Receptor 3 (TLR3) Cascade,231,0.14019866,0.0006069206,1
mechanism of gene regulation by peroxisome proliferators via ppara,168,0.14003333,0.0008335317,1
Adherens junction - Homo sapiens (human),227,0.13969456,0.0006153945,1
NRF2 pathway,217,0.13933644,0.0006421034,1
Pancreatic secretion - Homo sapiens (human),204,0.13886955,0.0006807331,1
Lidocaine (Antiarrhythmic) Action Pathway,136,0.13884969,0.0010209536,1
Glycerophospholipid metabolism,199,0.13880317,0.0006975034,1
Adipocytokine signaling pathway - Homo sapiens (human),171,0.1386111,0.0008105912,1
Integrin,232,0.13843372,0.0005966971,1
Regulation of Androgen receptor activity,99,0.13841969,0.0013981786,1
Formation of the cornified envelope,110,0.13823111,0.0012566465,1
Dilated cardiomyopathy - Homo sapiens (human),164,0.13822147,0.00084281387,1
Toll Like Receptor 10 (TLR10) Cascade,225,0.13808244,0.0006136997,1
signal transduction through il1r,146,0.13791327,0.00094461144,1
CD40/CD40L signaling,145,0.13781336,0.000950437,1
Protein localization,139,0.1376932,0.0009905986,1
tRNA processing,148,0.13724579,0.0009273364,1
Transcriptional regulation of white adipocyte differentiation,112,0.13721843,0.0012251645,1
CD4 T cell receptor signaling-ERK cascade,236,0.13711059,0.00058097707,1
ESR-mediated signaling,240,0.13677618,0.00056990073,1
IL1,186,0.13673314,0.00073512446,1
Gastric acid secretion - Homo sapiens (human),197,0.1365722,0.0006932599,1
Disopyramide Action Pathway,133,0.13648479,0.0010262014,1
RIG-I-like receptor signaling pathway - Homo sapiens (human),165,0.13642718,0.0008268314,1
Homology Directed Repair,158,0.1363486,0.0008629659,1
Pancreatic adenocarcinoma pathway,163,0.13630138,0.0008362048,1
Dobutamine Action Pathway,133,0.1362498,0.0010244346,1
Pre-NOTCH Expression and Processing,135,0.13618384,0.0010087693,1
Opioid Signalling,132,0.13600832,0.001030366,1
Betaxolol Action Pathway,133,0.13564669,0.0010198998,1
RAC2 GTPase cycle,159,0.13538364,0.0008514694,1
Arachidonic acid metabolism,151,0.1347444,0.0008923471,1
Toll Like Receptor 9 (TLR9) Cascade,229,0.13460484,0.00058779406,1
B cell receptor signaling,264,0.13445754,0.0005093089,1
Purine metabolism - Homo sapiens (human),152,0.13382843,0.0008804502,1
Amiodarone Action Pathway,133,0.1335343,0.0010040173,1
Circadian entrainment - Homo sapiens (human),153,0.13345799,0.00087227445,1
"Plasma lipoprotein assembly, remodeling, and clearance",96,0.13345604,0.001390167,1
Resolution of Sister Chromatid Cohesion,134,0.13339736,0.0009955027,1
Epigenetic regulation of gene expression,164,0.13331524,0.00081289775,1
Notch,245,0.13308507,0.00054320437,1
EGF-Ncore,143,0.13302203,0.00093022396,1
Stimuli-sensing channels,197,0.13278368,0.0006740288,1
"Transport of bile salts and organic acids, metal ions and amine compounds",170,0.1327043,0.00078061357,1
HDR through Homologous Recombination (HRR) or Single Strand Annealing (SSA),153,0.13265257,0.0008670102,1
Angiopoietin Like Protein 8 Regulatory Pathway,207,0.13256277,0.00064039987,1
Alcoholism - Homo sapiens (human),202,0.13255273,0.0006562016,1
Keratan sulfate biosynthesis,128,0.13251081,0.0010352407,1
Integrin-mediated Cell Adhesion,177,0.13249283,0.000748547,1
HIV-1 Nef: Negative effector of Fas and TNF-alpha,135,0.13243788,0.0009810213,1
EML4 and NUDC in mitotic spindle formation,160,0.13226013,0.0008266258,1
t cell receptor signaling pathway,210,0.1319364,0.0006282686,1
Netrin-UNC5B signaling pathway,186,0.13193393,0.00070932216,1
Wnt signaling pathway and pluripotency,208,0.1317309,0.00063332164,1
Leptin,194,0.13170277,0.00067888026,1
Cellular Senescence,201,0.13071856,0.0006503411,1
Endothelins,161,0.12970474,0.0008056195,1
Nebivolol Action Pathway,133,0.12917659,0.0009712525,1
IL27-mediated signaling events,151,0.12904496,0.00085460243,1
Bevantolol Action Pathway,133,0.12904029,0.0009702277,1
Sphingolipid signaling pathway - Homo sapiens (human),203,0.12902461,0.00063558924,1
Control of immune tolerance by vasoactive intestinal peptide,183,0.12860546,0.00070276204,1
Practolol Action Pathway,133,0.1284295,0.00096563535,1
PI Metabolism,126,0.12842351,0.0010192342,1
Tight junction - Homo sapiens (human),234,0.12827137,0.00054816826,1
"GPCRs, Other",160,0.12823966,0.0008014979,1
Late Phase of HIV Life Cycle,139,0.12820086,0.00092230836,1
Ghrelin,139,0.1279881,0.0009207777,1
FGF,171,0.12784478,0.0007476303,1
Carteolol Action Pathway,133,0.12766585,0.0009598936,1
Generation of second messenger molecules,168,0.12761125,0.00075959077,1
Inositol phosphate metabolism - Homo sapiens (human),138,0.12741067,0.0009232657,1
Glioblastoma signaling pathways,152,0.12694246,0.00083514774,1
superpathway of inositol phosphate compounds,145,0.12693706,0.000875428,1
Signaling by TGFB family members,141,0.1269149,0.0009001057,1
"Urea cycle and metabolism of arginine, proline, glutamate, aspartate and asparagine",125,0.1267965,0.001014372,1
LPA receptor mediated events,194,0.12657176,0.00065243174,1
Diltiazem Action Pathway,133,0.12651187,0.0009512171,1
Amino Acid metabolism,183,0.12642494,0.00069084665,1
RANKL-RANK signaling pathway,210,0.1262606,0.0006012409,1
RAC3 GTPase cycle,153,0.12592824,0.0008230604,1
Cargo recognition for clathrin-mediated endocytosis,151,0.12589219,0.0008337231,1
Separation of Sister Chromatids,166,0.12587282,0.00075827,1
tRNA processing in the nucleus,103,0.12575851,0.0012209564,1
G alpha (z) signalling events,73,0.12557487,0.0017202037,1
GABAergic synapse - Homo sapiens (human),148,0.12511422,0.00084536633,1
Post-translational protein phosphorylation,156,0.12510821,0.0008019757,1
Mitotic G1 phase and G1/S transition,122,0.12466452,0.0010218404,1
mRNA Splicing,165,0.1245127,0.00075462245,1
Cytokines and Inflammatory Response,158,0.124486975,0.00078789226,1
Hypertrophic cardiomyopathy - Homo sapiens (human),142,0.1238806,0.0008723986,1
Tocainide Action Pathway,133,0.12362816,0.0009295351,1
Insulin resistance - Homo sapiens (human),196,0.12360784,0.00063065224,1
Glycerophospholipid biosynthesis,139,0.122857936,0.00088387006,1
erythropoietin mediated neuroprotection through nf-kb,79,0.12271874,0.0015534017,1
MAP kinase activation,160,0.122703865,0.00076689915,1
Insulin Pathway,149,0.12269198,0.00082343613,1
HDR through Homologous Recombination (HRR),109,0.12260017,0.0011247721,1
Wnt Canonical,217,0.12229036,0.00056355004,1
Leptin signaling pathway,168,0.1222411,0.0007276256,1
Phenytoin (Antiarrhythmic) Action Pathway,153,0.1220924,0.00079798955,1
Oxprenolol Action Pathway,133,0.12200826,0.0009173553,1
Acebutolol Action Pathway,133,0.12174758,0.0009153954,1
IL-1 signaling pathway,211,0.12146549,0.00057566585,1
mBDNF and proBDNF regulation of GABA neurotransmission,121,0.12138729,0.0010032008,1
Presynaptic phase of homologous DNA pairing and strand exchange,100,0.12114916,0.0012114916,1
Nisoldipine Action Pathway,133,0.12111968,0.0009106743,1
Glycosphingolipid metabolism,168,0.12082276,0.00071918307,1
AMPK signaling pathway - Homo sapiens (human),169,0.12081857,0.00071490277,1
Melanoma,214,0.12067732,0.00056391273,1
ESC Pluripotency Pathways,234,0.12041175,0.00051458017,1
Signaling by FGFR,170,0.120402075,0.0007082475,1
Glucocorticoid receptor regulatory network,202,0.1198162,0.0005931495,1
Canonical NF-kappaB pathway,127,0.119795136,0.00094326877,1
chaperones modulate interferon signaling pathway,116,0.119785145,0.0010326306,1
SRP-dependent cotranslational protein targeting to membrane,127,0.11977587,0.0009431171,1
no2-dependent il-12 pathway in nk cells,122,0.119737685,0.0009814565,1
Metabolism of steroids,139,0.11947867,0.0008595588,1
Glioma - Homo sapiens (human),166,0.11942117,0.0007194046,1
Class I PI3K signaling events,154,0.1194035,0.0007753474,1
Amplification  of signal from unattached  kinetochores via a MAD2  inhibitory signal,129,0.11938819,0.0009254899,1
Labetalol Action Pathway,135,0.11922696,0.00088316266,1
Notch-mediated HES/HEY network,133,0.119016096,0.00089485786,1
IL1 and megakaryocytes in obesity,135,0.11901062,0.00088156015,1
Signaling by VEGF,205,0.118925236,0.0005801231,1
EGFR Tyrosine Kinase Inhibitor Resistance,191,0.118104875,0.0006183501,1
Homologous DNA Pairing and Strand Exchange,102,0.11805986,0.0011574496,1
ErbB signaling pathway,158,0.11804334,0.00074710976,1
Macroautophagy,152,0.11802762,0.0007764975,1
IL2 signaling events mediated by STAT5,149,0.11789573,0.00079124654,1
Host Interactions of HIV factors,192,0.117788985,0.0006134843,1
Epithelial cell signaling in Helicobacter pylori infection - Homo sapiens (human),175,0.11760369,0.00067202107,1
Regulation of IFNG signaling,164,0.1171506,0.0007143329,1
Cell cycle - Homo sapiens (human),158,0.117104255,0.0007411662,1
Thermogenesis,147,0.11706213,0.000796341,1
Cortisol synthesis and secretion - Homo sapiens (human),116,0.1168647,0.0010074544,1
Signaling events mediated by focal adhesion kinase,185,0.11675115,0.0006310873,1
Apoptosis-related network due to altered Notch3 in ovarian cancer,176,0.11604548,0.0006593493,1
Metabolism of water-soluble vitamins and cofactors,169,0.11581875,0.000685318,1
Leukocyte transendothelial migration - Homo sapiens (human),232,0.115693994,0.000498681,1
Melanogenesis - Homo sapiens (human),170,0.11568231,0.00068048417,1
Nitrendipine Action Pathway,133,0.11558268,0.0008690427,1
Longevity regulating pathway - Homo sapiens (human),165,0.11549324,0.000699959,1
TLR NFkB,216,0.11528778,0.00053373975,1
Plasma lipoprotein remodeling,64,0.115140736,0.001799074,1
L1CAM interactions,146,0.11504811,0.00078800076,1
Wnt Mammals,217,0.1149561,0.00052975165,1
Splicing factor NOVA regulated synaptic proteins,108,0.114930496,0.0010641712,1
BDNF-TrkB Signaling,106,0.114726044,0.0010823212,1
Levobunolol Action Pathway,133,0.11469332,0.0008623558,1
Ceramide signaling pathway,118,0.11464094,0.0009715334,1
COVID-19 adverse outcome pathway,116,0.114527434,0.0009873054,1
Amlodipine Action Pathway,133,0.11430945,0.0008594696,1
Angiopoietin receptor Tie2-mediated signaling,148,0.11427669,0.0007721398,1
"Relationship between inflammation, COX-2 and EGFR",139,0.11417071,0.00082137197,1
il12 and stat4 dependent signaling pathway in th1 development,104,0.114098296,0.001097099,1
Hedgehog signaling events mediated by Gli proteins,94,0.11379711,0.0012106076,1
Sulfur amino acid metabolism,112,0.11361151,0.0010143885,1
Aldosterone synthesis and secretion - Homo sapiens (human),140,0.113530196,0.00081093,1
Keratan sulfate/keratin metabolism,147,0.1134895,0.0007720374,1
BDNF,138,0.11334427,0.00082133524,1
Metoprolol Action Pathway,133,0.113302976,0.00085190206,1
GABA receptor activation,127,0.11326923,0.00089188374,1
Colorectal cancer - Homo sapiens (human),179,0.113166094,0.0006322128,1
IL3,163,0.11310774,0.0006939125,1
HIV Life Cycle,145,0.11308366,0.0007798873,1
Pathways in clear cell renal cell carcinoma,174,0.112938985,0.0006490746,1
Pancreatic cancer - Homo sapiens (human),153,0.11279102,0.0007371962,1
TP53 Regulates Metabolic Genes,75,0.11269113,0.0015025483,1
Cytochrome P450 - arranged by substrate type,57,0.11228681,0.001969944,1
TNF-alpha signaling pathway,224,0.11199097,0.0004999597,1
Metipranolol Action Pathway,133,0.1118022,0.00084061804,1
Signaling by MET,103,0.11169014,0.0010843703,1
Progesterone-mediated oocyte maturation - Homo sapiens (human),169,0.111586764,0.00066027674,1
VEGF signaling pathway - Homo sapiens (human),125,0.11148322,0.00089186575,1
Synthesis of PIPs at the plasma membrane,109,0.110998996,0.0010183394,1
Taste transduction - Homo sapiens (human),147,0.110920444,0.00075456087,1
Inositol phosphate metabolism,174,0.1109107,0.00063741783,1
Translocation of ZAP-70 to Immunological synapse,150,0.110894814,0.00073929876,1
Integration of energy metabolism,151,0.11082525,0.000733942,1
Fc epsilon RI signaling pathway - Homo sapiens (human),200,0.110797755,0.0005539888,1
Golgi-to-ER retrograde transport,130,0.110555686,0.00085042836,1
Cargo trafficking to the periciliary membrane,93,0.11052016,0.0011883888,1
Prostanoid ligand receptors,114,0.110479,0.000969114,1
ErbB1 downstream signaling,156,0.11034565,0.00070734386,1
Phosphorylation of CD3 and TCR zeta chains,181,0.10979178,0.0006065844,1
Circadian Clock,76,0.10972503,0.0014437503,1
IL-7 signaling pathway,132,0.109407544,0.000828845,1
ion channels and their functional role in vascular endothelium,175,0.10924453,0.00062425446,1
Signaling by NTRK1 (TRKA),198,0.10924284,0.0005517315,1
Resolution of D-Loop Structures,90,0.10907874,0.0012119861,1
Interleukin receptor SHC signaling,139,0.10895889,0.0007838769,1
Development of pulmonary dendritic cells and macrophage subsets,144,0.10892843,0.00075644744,1
ErbB signaling pathway - Homo sapiens (human),148,0.1087756,0.00073497026,1
Hepatitis C and Hepatocellular Carcinoma,143,0.10872948,0.000760346,1
Vitamin B12 metabolism,138,0.10866488,0.00078742666,1
Mexiletine Action Pathway,133,0.108620524,0.0008166957,1
Glycolysis and Gluconeogenesis,156,0.10857911,0.0006960199,1
Glycerophospholipid metabolism - Homo sapiens (human),124,0.10836219,0.0008738886,1
Nifedipine Action Pathway,133,0.108210884,0.0008136157,1
Propranolol Action Pathway,133,0.10794915,0.00081164774,1
CDC42 signaling events,133,0.10792803,0.00081148895,1
IL-5 signaling pathway,134,0.10789842,0.0008052121,1
Glycosaminoglycan biosynthesis - keratan sulfate - Homo sapiens (human),116,0.10785331,0.0009297699,1
IL6-mediated signaling events,106,0.10751301,0.0010142737,1
Sotalol Action Pathway,133,0.10735156,0.0008071546,1
Resolution of D-loop Structures through Synthesis-Dependent Strand Annealing (SDSA),90,0.10694732,0.0011883036,1
Signaling by Insulin receptor,194,0.106903,0.0005510464,1
Thyroid hormone synthesis - Homo sapiens (human),109,0.10681912,0.000979992,1
Canonical and non-canonical Notch signaling,90,0.10677201,0.0011863557,1
G2/M Transition,119,0.106759466,0.0008971384,1
Felodipine Action Pathway,133,0.10674256,0.00080257567,1
EPH-Ephrin signaling,209,0.10672335,0.00051063806,1
Notch signaling pathway - Homo sapiens (human),122,0.106466,0.0008726721,1
Netrin-1 signaling,142,0.10637362,0.00074911,1
Eicosanoid ligand-binding receptors,118,0.10623033,0.0009002571,1
RHOJ GTPase cycle,115,0.10613218,0.0009228885,1
Transcriptional regulation by RUNX3,130,0.106112175,0.0008162475,1
Resolution of D-loop Structures through Holliday Junction Intermediates,88,0.10584672,0.0012028036,1
Complement system,172,0.10583123,0.0006152978,1
Autophagy,161,0.10578079,0.0006570235,1
Nimodipine Action Pathway,133,0.10571047,0.00079481554,1
FOXO-mediated transcription,176,0.1055647,0.00059979944,1
Insulin receptor signalling cascade,153,0.105517164,0.00068965467,1
Quinidine Action Pathway,133,0.10551485,0.0007933447,1
GnRH signaling pathway - Homo sapiens (human),127,0.10550222,0.0008307261,1
Complement and coagulation cascades - Homo sapiens (human),124,0.10541344,0.00085010834,1
FCGR3A-mediated phagocytosis,142,0.1053254,0.0007417282,1
Glutaminolysis and Cancer,100,0.10524846,0.0010524846,1
Regulation of insulin secretion,121,0.10509895,0.00086858636,1
Selective autophagy,91,0.10501584,0.0011540202,1
Signaling by FGFR1,125,0.104876444,0.00083901157,1
White fat cell differentiation,137,0.104748756,0.00076458947,1
Arf6 trafficking events,98,0.104716145,0.0010685321,1
p53 transcriptional gene network,147,0.10469761,0.00071222865,1
Interactions between immune cells and microRNAs in tumor microenvironment,203,0.10469253,0.00051572674,1
G Protein Signaling Pathways,194,0.104544125,0.0005388872,1
SARS-CoV Infections,151,0.10424384,0.00069035654,1
Signaling events mediated by Hepatocyte Growth Factor Receptor (c-Met),210,0.10417777,0.0004960846,1
"superpathway of D-<i>myo</i>-inositol (1,4,5)-trisphosphate metabolism",82,0.104097456,0.0012694811,1
Longevity regulating pathway - multiple species - Homo sapiens (human),127,0.10391869,0.0008182574,1
Aryl Hydrocarbon Receptor Pathway,115,0.10375675,0.0009022326,1
mRNA Splicing - Major Pathway,161,0.10366464,0.00064387976,1
Endochondral Ossification with Skeletal Dysplasias,140,0.103558384,0.0007397027,1
ER to Golgi Anterograde Transport,114,0.103548266,0.00090831815,1
Pathogenic Escherichia coli infection,94,0.10323089,0.001098201,1
Procainamide (Antiarrhythmic) Action Pathway,133,0.10323048,0.000776169,1
Downstream signaling events of B Cell Receptor (BCR),173,0.10314634,0.0005962216,1
FCGR3A-mediated IL10 synthesis,164,0.102979936,0.00062792643,1
Oxidative phosphorylation - Homo sapiens (human),129,0.10291699,0.00079780613,1
Imatinib and Chronic Myeloid Leukemia,95,0.102798864,0.0010820933,1
Esmolol Action Pathway,133,0.1025934,0.0007713789,1
Small Ligand GPCRs,131,0.10252376,0.0007826241,1
Warburg Effect,97,0.102376014,0.0010554228,1
cd40l signaling pathway,115,0.10236118,0.00089009723,1
22q11.2 copy number variation syndrome,152,0.1022854,0.00067293027,1
Phase II - Conjugation of compounds,136,0.10220867,0.0007515343,1
RUNX1 and FOXP3 control the development of regulatory T lymphocytes (Tregs),141,0.10199949,0.0007234007,1
Degradation of the extracellular matrix,153,0.10198509,0.0006665692,1
Primary focal segmental glomerulosclerosis (FSGS),153,0.10182202,0.0006655034,1
Ferroptosis,95,0.10176011,0.001071159,1
Transcriptional regulation of pluripotent stem cells,134,0.10175106,0.0007593363,1
Activation of NF-kappaB in B cells,100,0.10165056,0.0010165055,1
Primary immunodeficiency - Homo sapiens (human),148,0.10144854,0.00068546314,1
ErbB4 signaling events,119,0.10144171,0.00085245137,1
Head and Neck Squamous Cell Carcinoma,139,0.10132873,0.00072898366,1
FCERI mediated NF-kB activation,184,0.101237215,0.00055020227,1
Pyruvate metabolism and Citric Acid (TCA) cycle,141,0.10106622,0.00071678165,1
The oncogenic action of D-2-hydroxyglutarate in  Hydroxygluaricaciduria ,77,0.10096801,0.0013112728,1
SARS-CoV-2 innate immunity evasion and cell-specific immune response,128,0.10063629,0.000786221,1
Genes related to primary cilium development (based on CRISPR),171,0.10063546,0.00058851147,1
Beta-catenin independent WNT signaling,157,0.10060914,0.0006408225,1
Platelet calcium homeostasis,107,0.10052531,0.0009394889,1
Non-small cell lung cancer - Homo sapiens (human),137,0.10043595,0.00073310913,1
Effects of PIP2 hydrolysis,188,0.100154385,0.00053273607,1
Collagen formation,136,0.099920616,0.0007347104,1
Bile secretion - Homo sapiens (human),160,0.099737115,0.00062335696,1
inactivation of gsk3 by akt causes accumulation of b-catenin in alveolar macrophages,127,0.099432044,0.0007829295,1
Carvedilol Action Pathway,135,0.09932511,0.0007357416,1
Ribosome biogenesis in eukaryotes - Homo sapiens (human),125,0.09896477,0.0007917182,1
Nadolol Action Pathway,133,0.09894845,0.0007439733,1
Class B/2 (Secretin family receptors),128,0.09888294,0.000772523,1
Muscle/Heart Contraction,133,0.098847985,0.00074321794,1
nfkb activation by nontypeable hemophilus influenzae,117,0.09876733,0.0008441652,1
Vitamin A and carotenoid metabolism,50,0.09838945,0.001967789,1
Penbutolol Action Pathway,133,0.09824708,0.00073869986,1
"Alzheimer,s disease",131,0.0982028,0.0007496397,1
IL5-mediated signaling events,78,0.098196186,0.0012589254,1
Arbutamine Action Pathway,133,0.09819508,0.0007383089,1
Transcriptional Regulation by MECP2,176,0.09819256,0.0005579123,1
Regulation of nuclear SMAD2/3 signaling,131,0.09819213,0.00074955827,1
Legionellosis - Homo sapiens (human),139,0.09776409,0.00070333877,1
Voltage gated Potassium channels,188,0.09775806,0.0005199897,1
Endochondral Ossification,140,0.09756949,0.0006969249,1
TNF receptor superfamily (TNFSF) members mediating non-canonical NF-kB pathway,70,0.09738973,0.0013912818,1
Pindolol Action Pathway,133,0.09737924,0.0007321747,1
DDX58/IFIH1-mediated induction of interferon-alpha/beta,140,0.09728421,0.00069488725,1
TNF,151,0.09721911,0.00064383517,1
Signaling by Hedgehog,124,0.09711387,0.0007831764,1
Overview of interferons-mediated signaling pathway,95,0.097011484,0.0010211735,1
hiv-1 nef: negative effector of fas and tnf,148,0.09691063,0.00065480155,1
Potential therapeutics for SARS,111,0.09686941,0.0008726974,1
Salivary secretion - Homo sapiens (human),148,0.0968336,0.0006542811,1
RHOC GTPase cycle,131,0.09667357,0.0007379662,1
GTP hydrolysis and joining of the 60S ribosomal subunit,109,0.096568316,0.00088594784,1
VEGFA-VEGFR2 Pathway,183,0.09656532,0.00052767934,1
akt signaling pathway,111,0.09642574,0.0008687004,1
Ibutilide Action Pathway,133,0.096392706,0.0007247572,1
Verapamil Action Pathway,133,0.09632842,0.00072427385,1
regulation of spermatogenesis by crem,61,0.09630352,0.0015787462,1
FoxO family signaling,152,0.09618785,0.00063281483,1
Aryl Hydrocarbon Receptor Netpath,116,0.09607876,0.00082826515,1
Recruitment of mitotic centrosome proteins and complexes,79,0.09607702,0.0012161648,1
Interferon type I signaling pathways,176,0.09582531,0.00054446195,1
p73 transcription factor network,115,0.09582398,0.000833252,1
Epinephrine Action Pathway,133,0.09562244,0.0007189657,1
Timolol Action Pathway,133,0.095565006,0.0007185339,1
Synaptic vesicle cycle - Homo sapiens (human),149,0.09549943,0.0006409358,1
Notch Signaling,93,0.09539151,0.0010257151,1
Alprenolol Action Pathway,133,0.095247656,0.00071614777,1
T-Cell Receptor and Co-stimulatory Signaling,220,0.09522412,0.0004328369,1
segmentation clock,73,0.09511177,0.001302901,1
Pathways affected in adenoid cystic carcinoma,138,0.09496461,0.00068814936,1
Acute myeloid leukemia - Homo sapiens (human),127,0.09485774,0.00074691133,1
Ubiquitin mediated proteolysis - Homo sapiens (human),232,0.09481698,0.0004086939,1
TNF related weak inducer of apoptosis (TWEAK) Signaling Pathway,147,0.09470769,0.00064427,1
CLEC7A (Dectin-1) signaling,144,0.094658166,0.00065734837,1
Phase I - Functionalization of compounds,105,0.094646335,0.00090139365,1
Histidine metabolism,90,0.09439373,0.0010488193,1
IL-1 NFkB,198,0.09422789,0.0004758984,1
miRNAs involvement in the immune response in sepsis,147,0.09422729,0.00064100197,1
ncRNAs involved in Wnt signaling in hepatocellular carcinoma,148,0.09411872,0.0006359373,1
NOTCH1 Intracellular Domain Regulates Transcription,109,0.093909144,0.0008615518,1
Neurexins and neuroligins,130,0.093798555,0.0007215273,1
Thromboxane A2 receptor signaling,159,0.09376354,0.0005897078,1
Isoprenaline Action Pathway,133,0.09371512,0.0007046249,1
Formation of a pool of free 40S subunits,104,0.09340103,0.0008980868,1
nf-kb signaling pathway,133,0.093391724,0.0007021934,1
Interleukin-12 family signaling,103,0.09328405,0.00090567034,1
DAP12 signaling,128,0.09327026,0.0007286739,1
EPHB-mediated forward signaling,116,0.09326074,0.0008039719,1
Bopindolol Action Pathway,133,0.09324409,0.0007010834,1
The Overlap Between Signal Transduction Pathways that Contribute to a Range of LMNA Laminopathies,97,0.093203165,0.0009608574,1
Validated transcriptional targets of TAp63 isoforms,112,0.09293262,0.0008297555,1
Integrin cell surface interactions,144,0.09283939,0.000644718,1
Validated targets of C-MYC transcriptional activation,126,0.0927051,0.0007357548,1
Arginine Proline metabolism,122,0.09269209,0.00075977127,1
MicroRNAs in cardiomyocyte hypertrophy,133,0.09267378,0.00069679535,1
Oncogenic MAPK signaling,109,0.09258735,0.00084942527,1
Signaling by NOTCH3,96,0.09257558,0.00096432894,1
Presenilin action in Notch and Wnt signaling,145,0.0925721,0.00063842826,1
Insulin signaling pathway - Homo sapiens (human),177,0.09254321,0.000522843,1
RHOD GTPase cycle,113,0.09252401,0.0008187965,1
Transcriptional regulation by the AP-2 (TFAP2) family of transcription factors,90,0.09230781,0.0010256424,1
Post-translational modification: synthesis of GPI-anchored proteins,120,0.09230429,0.0007692024,1
p38 MAPK Signaling Pathway,92,0.09224595,0.0010026734,1
"D-<i>myo</i>-inositol (1,3,4)-trisphosphate biosynthesis",80,0.092186585,0.0011523323,1
Mitotic Prophase,134,0.092172384,0.0006878536,1
Eukaryotic Translation Initiation,115,0.092146754,0.0008012761,1
Phosphodiesterases in neuronal function,115,0.09166241,0.0007970644,1
Fosphenytoin (Antiarrhythmic) Action Pathway,133,0.09157991,0.0006885707,1
Glycolysis / Gluconeogenesis - Homo sapiens (human),78,0.091518015,0.0011733079,1
Signaling events mediated by HDAC Class I,128,0.09151242,0.0007149408,1
IL17 signaling pathway,119,0.091487706,0.0007688042,1
Mechanoregulation and pathology of YAP-TAZ via Hippo and non-Hippo mechanisms,70,0.09147478,0.0013067826,1
Signaling by Retinoic Acid,131,0.09131017,0.0006970242,1
Signaling by NOTCH1,136,0.091102205,0.0006698691,1
IRS-related events triggered by IGF1R,119,0.090958945,0.0007643609,1
Pre-NOTCH Transcription and Translation,105,0.0908874,0.00086559425,1
Cellular response to starvation,144,0.0907506,0.0006302125,1
p75 NTR receptor-mediated signalling,131,0.09067075,0.0006921431,1
Microglia Pathogen Phagocytosis Pathway,105,0.09053043,0.0008621946,1
il 2 signaling pathway,89,0.09037583,0.0010154588,1
MECP2 and Associated Rett Syndrome,125,0.09017123,0.00072136987,1
Phase 4 - resting membrane potential,84,0.09016063,0.0010733409,1
Cellular response to chemical stress,122,0.09010504,0.0007385659,1
RNA Polymerase II Pre-transcription Events,68,0.09006521,0.0013244884,1
Integrin-linked kinase signaling,106,0.09000849,0.0008491367,1
Alpha6Beta4Integrin,128,0.08997003,0.00070289086,1
Signaling by Type 1 Insulin-like Growth Factor 1 Receptor (IGF1R),119,0.08996404,0.00075600034,1
TSLP,105,0.08992379,0.00085641706,1
Pathogenesis of SARS-CoV-2 Mediated by nsp9-nsp10 Complex,107,0.08976211,0.0008388982,1
Cytosolic DNA-sensing pathway - Homo sapiens (human),104,0.08971678,0.00086266134,1
Cancer immunotherapy by PD-1 blockade,94,0.08959979,0.0009531892,1
EPHA forward signaling,147,0.089195475,0.00060677197,1
Renal cell carcinoma - Homo sapiens (human),173,0.08908977,0.0005149698,1
Notch signaling pathway,112,0.08895569,0.00079424726,1
RalA downstream regulated genes,87,0.08878411,0.0010205071,1
Long-term depression - Homo sapiens (human),103,0.08859433,0.00086013915,1
Sensory processing of sound,108,0.08835836,0.00081813295,1
FOXA1 transcription factor network,85,0.08830171,0.0010388436,1
mRNA Processing,115,0.088215,0.000767087,1
Homologous recombination - Homo sapiens (human),78,0.08803602,0.0011286669,1
Centrosome maturation,79,0.087963544,0.0011134626,1
Selenoamino acid metabolism,151,0.0876771,0.000580643,1
Recruitment of NuMA to mitotic centrosomes,78,0.08761067,0.0011232137,1
Interleukin-17 signaling,160,0.087539844,0.000547124,1
Monoamine GPCRs,115,0.087515414,0.0007610036,1
Role of Calcineurin-dependent NFAT signaling in lymphocytes,123,0.087435015,0.0007108538,1
Activation of NMDA receptors and postsynaptic events,118,0.08722076,0.00073915895,1
p53 signaling pathway - Homo sapiens (human),133,0.08713446,0.0006551463,1
Synaptic Vesicle Pathway,80,0.08697101,0.0010871376,1
"Activation of the mRNA upon binding of the cap-binding complex and eIFs, and subsequent binding to 43S",49,0.08684522,0.0017723514,1
FLT3 Signaling,125,0.086792104,0.00069433684,1
PRC2 methylates histones and DNA,97,0.08674499,0.00089427823,1
PTEN Regulation,137,0.08672262,0.0006330118,1
Development of ureteric collection system,117,0.086637095,0.000740488,1
Butyrate Response Factor 1 (BRF1) binds and destabilizes mRNA,98,0.086517796,0.00088283466,1
Insulin secretion - Homo sapiens (human),137,0.086490385,0.0006313167,1
"Glycine, serine, alanine and threonine metabolism",95,0.086376585,0.00090922724,1
Signal transduction through IL1R,124,0.086370766,0.0006965384,1
Glycosphingolipid biosynthesis - neolactoseries,100,0.08635111,0.0008635111,1
"Parkinson,s disease pathway",77,0.08633829,0.0011212765,1
Neurotransmitter release cycle,99,0.0860753,0.0008694475,1
ras-independent pathway in nk cell-mediated cytotoxicity,146,0.08603393,0.0005892735,1
toll-like receptor pathway,129,0.08588534,0.0006657778,1
Regulation of lipolysis in adipocytes - Homo sapiens (human),95,0.08588423,0.0009040445,1
Leishmania phagocytosis,142,0.085776165,0.0006040575,1
GPVI-mediated activation cascade,134,0.085727245,0.00063975557,1
Resistin as a regulator of inflammation,92,0.08571594,0.00093169505,1
Neurotrophic factor-mediated Trk receptor signaling,118,0.08565636,0.00072590134,1
Amine ligand-binding receptors,120,0.085511275,0.00071259396,1
Linoleate metabolism,119,0.08539617,0.0007176149,1
Serotonin and anxiety,75,0.085313976,0.0011375197,1
RHOB GTPase cycle,134,0.08502148,0.00063448865,1
Signaling by ERBB4,137,0.08497796,0.0006202771,1
Oxidation by Cytochrome P450,59,0.08484014,0.0014379685,1
G2/M Checkpoints,104,0.08471364,0.0008145542,1
Signaling by CSF3 (G-CSF),130,0.084595114,0.0006507317,1
Atenolol Action Pathway,133,0.0844873,0.00063524285,1
Glutamate Neurotransmitter Release Cycle,62,0.08440274,0.0013613345,1
Regulation of TP53 Expression,90,0.08423451,0.000935939,1
Thyroid stimulating hormone (TSH) signaling pathway,112,0.0841985,0.0007517723,1
3-Methylglutaconic Aciduria Type IV,66,0.08398044,0.0012724309,1
ECM-receptor interaction - Homo sapiens (human),120,0.08380205,0.0006983504,1
Endometrial cancer - Homo sapiens (human),125,0.08367444,0.0006693955,1
Constitutive Signaling by NOTCH1 PEST Domain Mutants,93,0.083595745,0.00089887896,1
Validated nuclear estrogen receptor alpha network,92,0.08349581,0.00090756314,1
heparan sulfate biosynthesis,91,0.083370365,0.00091615785,1
Oxidative Stress Induced Senescence,108,0.08332901,0.0007715649,1
Aminosugars metabolism,103,0.08327095,0.00080845586,1
TGF-beta super family signaling pathway canonical,187,0.08315029,0.00044465397,1
Neuroinflammation,107,0.08310925,0.000776722,1
Nanoparticle triggered autophagic cell death,85,0.08288541,0.00097512244,1
COPI-dependent Golgi-to-ER retrograde traffic,99,0.082673036,0.00083508115,1
Oncostatin_M,135,0.08259108,0.0006117858,1
Trk receptor signaling mediated by PI3K and PLC-gamma,111,0.08258947,0.00074404926,1
Integrins in angiogenesis,113,0.08232585,0.0007285474,1
Nephrotic syndrome,96,0.082268566,0.0008569642,1
Cocaine addiction - Homo sapiens (human),90,0.08215184,0.0009127982,1
Bisoprolol Action Pathway,133,0.08208371,0.00061717076,1
roles of  arrestin dependent recruitment of src kinases in gpcr signaling,100,0.08179034,0.00081790343,1
mapkinase signaling pathway,126,0.08173146,0.0006486624,1
Pyrimidine metabolism,125,0.08169848,0.0006535878,1
Serotonin Receptor 2 and ELK-SRF-GATA4 signaling,119,0.08167064,0.0006863079,1
Cholesterol metabolism - Homo sapiens (human),88,0.081631646,0.0009276323,1
IL-2 signaling pathway,160,0.08143304,0.0005089565,1
Central carbon metabolism in cancer - Homo sapiens (human),121,0.08141216,0.00067282777,1
Basal cell carcinoma - Homo sapiens (human),134,0.08125586,0.00060638704,1
heparan sulfate biosynthesis (late stages),81,0.08117275,0.0010021327,1
Fibrin Complement Receptor 3 Signaling Pathway,119,0.08116151,0.00068202947,1
Signaling by Non-Receptor Tyrosine Kinases,149,0.08108436,0.00054419035,1
Retinoid metabolism and transport,73,0.080863774,0.001107723,1
E2F transcription factor network,67,0.08084057,0.0012065757,1
Gene Silencing by RNA,103,0.08078239,0.0007842951,1
Glucagon signaling pathway - Homo sapiens (human),99,0.08074734,0.0008156297,1
Flecainide Action Pathway,133,0.08073425,0.00060702447,1
Fas ligand pathway and stress induction of heat shock proteins,129,0.08034082,0.00062279706,1
FOXP3 in COVID-19,101,0.08024614,0.0007945163,1
IGF1R signaling cascade,119,0.080075435,0.0006729028,1
Tryptophan metabolism,88,0.07971021,0.0009057978,1
Inositol Metabolism,65,0.079633154,0.0012251254,1
Signaling by FGFR2,112,0.07960501,0.000710759,1
Nuclear Receptor transcription pathway,92,0.07950658,0.000864202,1
Cellular response to heat stress,105,0.079459205,0.0007567543,1
Heparan sulfate/heparin (HS-GAG) metabolism,128,0.07939562,0.0006202783,1
Beta1 integrin cell surface interactions,130,0.079094335,0.00060841796,1
CD28 co-stimulation,161,0.07907389,0.00049114216,1
FGF signaling pathway,139,0.07901694,0.0005684672,1
EPO Receptor Signaling,129,0.07895059,0.0006120201,1
Visual phototransduction,131,0.07883392,0.00060178566,1
Trichlormethiazide Action Pathway,73,0.07863215,0.0010771528,1
Fcgamma receptor (FCGR) dependent phagocytosis,157,0.07857056,0.00050044945,1
Sensory processing of sound by outer hair cells of the cochlea,92,0.078517534,0.00085345143,1
RHOQ GTPase cycle,116,0.078468606,0.0006764535,1
Purine nucleotides nucleosides metabolism,134,0.07841457,0.0005851833,1
Amiloride Action Pathway,73,0.078285605,0.0010724055,1
Taurine and hypotaurine metabolism - Homo sapiens (human),79,0.07825579,0.0009905796,1
nfat and hypertrophy of the heart ,57,0.07811293,0.0013704023,1
Electron Transport Chain (OXPHOS system in mitochondria),80,0.0780425,0.00097553123,1
Interleukin-4 and Interleukin-13 signaling,106,0.07800113,0.0007358597,1
HATs acetylate histones,102,0.07783151,0.000763054,1
Cap-dependent Translation Initiation,115,0.0777921,0.00067645306,1
the 41bb-dependent immune response,98,0.07777679,0.00079364073,1
ECM proteoglycans,76,0.07774138,0.0010229129,1
The influence of laminopathies on Wnt signaling,74,0.07769314,0.0010499073,1
Immune response to tuberculosis,146,0.07763826,0.0005317689,1
Interleukin-11 Signaling Pathway,116,0.07762476,0.00066917896,1
superpathway of methionine degradation,53,0.077443756,0.001461203,1
ROS and RNS production in phagocytes,114,0.07734393,0.0006784556,1
Spironolactone Action Pathway,73,0.07731738,0.0010591422,1
Congenital lactic acidosis,73,0.07723572,0.0010580235,1
Coregulation of Androgen receptor activity,125,0.07722419,0.0006177935,1
Signaling events regulated by Ret tyrosine kinase,117,0.077196985,0.0006598033,1
Mitophagy - animal - Homo sapiens (human),96,0.07719132,0.00080407626,1
Beta3 integrin cell surface interactions,119,0.076995306,0.00064701936,1
Methadone Action Pathway,70,0.07692722,0.0010989603,1
Cystinuria,73,0.07688085,0.0010531624,1
G2/M DNA damage checkpoint,86,0.076873355,0.0008938762,1
HCMV Early Events,80,0.076624855,0.00095781067,1
Signaling by PTK6,149,0.076585226,0.0005139948,1
Estrogen-dependent gene expression,155,0.07649692,0.00049352855,1
aspirin blocks signaling pathway involved in platelet activation,28,0.076454766,0.0027305274,1
VxPx cargo-targeting to cilium,60,0.07644152,0.0012740253,1
Thyroid hormones production and their peripheral downstream signaling effects,127,0.07633394,0.00060105463,1
Post NMDA receptor activation events,100,0.07631908,0.00076319085,1
Fc-epsilon receptor I signaling in mast cells,155,0.07624854,0.0004919261,1
Interleukin-23 signaling,65,0.07605957,0.0011701472,1
Signaling by NOTCH4,76,0.07598351,0.000999783,1
Lysine degradation - Homo sapiens (human),102,0.07597637,0.0007448664,1
Pyruvate metabolism,121,0.075935066,0.0006275625,1
Osteopontin-mediated events,120,0.07592758,0.0006327298,1
Signaling by PDGF,123,0.075874455,0.00061686547,1
Response of EIF2AK4 (GCN2) to amino acid deficiency,101,0.07580583,0.00075055275,1
"Signaling by phosphorylated juxtamembrane, extracellular and kinase domain KIT mutants",109,0.07558618,0.00069345115,1
Synthesis of PIPs at the late endosome membrane,49,0.0752277,0.0015352592,1
Remifentanil Action Pathway,66,0.07504042,0.0011369761,1
Antimicrobial peptides,83,0.075024046,0.00090390415,1
RHOG GTPase cycle,123,0.07481025,0.0006082134,1
"Nucleotide-binding domain, leucine rich repeat containing receptor (NLR) signaling pathways",94,0.074794844,0.0007956898,1
Photodynamic therapy-induced HIF-1 survival signaling,92,0.07473066,0.00081228977,1
Regulation of FZD by ubiquitination,64,0.0746584,0.0011665375,1
Synaptic adhesion-like molecules,44,0.07459731,0.0016953934,1
RUNX3 regulates NOTCH signaling,56,0.074501514,0.0013303842,1
Interleukin-2 signaling,81,0.07443596,0.0009189624,1
"Respiratory electron transport, ATP synthesis by chemiosmotic coupling, and heat production by uncoupling proteins.",93,0.07442078,0.00080022344,1
Complement cascade,77,0.07434164,0.00096547586,1
JAK-STAT-Ncore,133,0.074264586,0.0005583803,1
Citrate cycle (TCA cycle) - Homo sapiens (human),91,0.07423249,0.00081574166,1
IL2 signaling events mediated by PI3K,101,0.0742067,0.0007347198,1
double stranded rna induced gene expression,72,0.07418889,0.0010304012,1
RNA Polymerase II Transcription Elongation,56,0.074102685,0.0013232622,1
Extra-nuclear estrogen signaling,94,0.07401694,0.0007874143,1
Constitutive Signaling by NOTCH1 HD+PEST Domain Mutants,93,0.07399548,0.0007956503,1
IL3-mediated signaling events,76,0.07380813,0.00097115966,1
RHOF GTPase cycle,102,0.073657274,0.0007221301,1
Differentiation Pathway,112,0.07359317,0.0006570819,1
Signaling by RAS mutants,81,0.07344457,0.0009067231,1
Glucose metabolism,133,0.07341187,0.00055196893,1
IL-7,116,0.073383234,0.0006326141,1
NOTCH3 Intracellular Domain Regulates Transcription,72,0.073356405,0.001018839,1
Wnt,125,0.07333668,0.00058669347,1
RUNX1 regulates transcription of genes involved in BCR signaling,34,0.07332608,0.0021566495,1
Alpha9 beta1 integrin signaling events,101,0.07330879,0.00072582957,1
Sensory processing of sound by inner hair cells of the cochlea,97,0.07323587,0.00075500895,1
Structural Pathway of Interleukin 1 (IL-1),132,0.073194295,0.00055450224,1
RAGE,101,0.073182285,0.00072457705,1
Regulation of RhoA activity,65,0.07316437,0.0011256058,1
RHO GTPases activate PKNs,73,0.07315559,0.0010021314,1
Transcriptional regulation by RUNX2,141,0.07311127,0.00051851966,1
Caspase Cascade in Apoptosis,106,0.07310038,0.0006896262,1
ErbB2/ErbB3 signaling events,90,0.07297042,0.0008107824,1
IL-1 JNK,148,0.072901264,0.0004925761,1
Intracellular Signalling Through Adenosine Receptor A2b and Adenosine,82,0.072848916,0.0008884014,1
Glycosphingolipid biosynthesis - lacto and neolacto series - Homo sapiens (human),103,0.072673865,0.0007055715,1
Cyclothiazide Action Pathway,73,0.07267007,0.0009954805,1
Parasite infection,142,0.072644204,0.0005115789,1
Hedgehog signaling pathway - Homo sapiens (human),99,0.072613046,0.00073346513,1
Polythiazide Action Pathway,73,0.07245621,0.0009925509,1
1D-<i>myo</i>-inositol hexakisphosphate biosynthesis II (mammalian),74,0.072366506,0.0009779257,1
Retinoblastoma gene in cancer,82,0.07234987,0.00088231545,1
Aquaporin-mediated transport,72,0.07234823,0.0010048365,1
Proteasome - Homo sapiens (human),104,0.07233847,0.0006955622,1
Negative regulators of DDX58/IFIH1 signaling,70,0.07232771,0.001033253,1
RUNX1 regulates transcription of genes involved in WNT signaling,62,0.07225164,0.001165349,1
"Cell death signalling via NRAGE, NRIF and NADE",62,0.07223665,0.0011651072,1
Leptin Insulin Overlap,91,0.07220835,0.00079349836,1
Fc Epsilon Receptor I Signaling in Mast Cells,145,0.07219227,0.0004978777,1
Mucin type O-glycan biosynthesis - Homo sapiens (human),71,0.072160415,0.0010163438,1
Ovarian tumor domain proteases,106,0.07207207,0.00067992514,1
Host-pathogen interaction of human coronaviruses - interferon induction,121,0.072014414,0.00059516047,1
Regulation of TP53 Activity through Phosphorylation,89,0.07197735,0.0008087342,1
Cardiac Progenitor Differentiation,101,0.07197315,0.0007126055,1
HIF-2-alpha transcription factor network,96,0.07193924,0.00074936706,1
Dezocine Action Pathway,66,0.07191757,0.0010896602,1
Reproduction,65,0.07185902,0.0011055233,1
EPO signaling pathway,112,0.07170632,0.00064023497,1
"D-<i>myo</i>-inositol (3,4,5,6)-tetrakisphosphate biosynthesis",51,0.07162647,0.0014044406,1
activation of csk by camp-dependent protein kinase inhibits signaling through the t cell receptor,150,0.07150191,0.00047667942,1
Selenocysteine synthesis,105,0.07141433,0.0006801365,1
Lysinuric Protein Intolerance,73,0.07140404,0.0009781375,1
Signaling by TGF-beta Receptor Complex,97,0.07122418,0.0007342699,1
a6b1 and a6b4 Integrin signaling,82,0.07119077,0.00086818007,1
"1D-<i>myo</i>-inositol hexakisphosphate biosynthesis V (from Ins(1,3,4)P3)",52,0.07099989,0.0013653825,1
Glycerolipid metabolism - Homo sapiens (human),101,0.07092258,0.0007022038,1
MECP2 regulates neuronal receptors and channels,97,0.07071586,0.0007290295,1
Citric Acid Cycle,73,0.0706712,0.00096809864,1
TNF receptor signaling pathway ,91,0.07066837,0.00077657547,1
Inositol Phosphate Metabolism,61,0.07063861,0.00115801,1
TLR JNK,140,0.07059123,0.0005042231,1
p75NTR signals via NF-kB,68,0.07051492,0.001036984,1
Indapamide Action Pathway,73,0.070469245,0.00096533215,1
Long-term potentiation - Homo sapiens (human),105,0.07041673,0.00067063555,1
Glyoxylate metabolism and glycine degradation,97,0.070397064,0.00072574295,1
Androgen and estrogen biosynthesis and metabolism,100,0.07014944,0.00070149434,1
Methadyl Acetate Action Pathway,66,0.07006832,0.0010616413,1
Respiratory electron transport,83,0.06998386,0.00084317906,1
Serotonin and anxiety-related events,75,0.06994991,0.0009326655,1
Kidney Function,73,0.069870934,0.0009571361,1
Androgen receptor signaling pathway,138,0.0698505,0.000506163,1
Degradation of cysteine and homocysteine,80,0.06984281,0.0008730351,1
Sphingolipid metabolism - Homo sapiens (human),107,0.069738,0.000651757,1
Endometrial cancer,145,0.06962164,0.00048014923,1
taurine biosynthesis,69,0.069585964,0.0010084922,1
Interleukin-6 family signaling,69,0.06956424,0.0010081774,1
Taurine and Hypotaurine Metabolism,70,0.06944711,0.0009921015,1
Signaling downstream of RAS mutants,81,0.06944579,0.0008573554,1
Retinol metabolism - Homo sapiens (human),100,0.06940703,0.0006940703,1
Chaperonin-mediated protein folding,73,0.06939224,0.00095057866,1
Protein ubiquitination,107,0.06938321,0.0006484412,1
Signaling mediated by p38-alpha and p38-beta,92,0.06931232,0.0007533948,1
Non-integrin membrane-ECM interactions,116,0.06928606,0.00059729366,1
Integrated breast cancer pathway,101,0.06916592,0.0006848111,1
Copper homeostasis,72,0.069075905,0.0009593876,1
NLR Proteins,61,0.06892121,0.0011298559,1
Neurodegeneration with brain iron accumulation (NBIA) subtypes pathway,108,0.068862855,0.00063761906,1
IL-1 p38,152,0.06884379,0.00045291966,1
Naloxone Action Pathway,66,0.06884295,0.001043075,1
Lidocaine (Local Anaesthetic) Action Pathway,69,0.06879634,0.0009970483,1
Oxidative Damage,76,0.068513595,0.00090149464,1
superpathway of conversion of glucose to acetyl CoA and entry into the TCA cycle,92,0.068476774,0.00074431277,1
The oncogenic action of Fumarate,80,0.06832672,0.000854084,1
Dectin-2 family,93,0.06818462,0.000733168,1
Imipramine Action Pathway,69,0.06796992,0.0009850713,1
Eukaryotic Translation Elongation,97,0.06787112,0.0006997023,1
CRH,88,0.067863524,0.0007711764,1
ceramide signaling pathway,98,0.06785139,0.0006923611,1
Signaling events mediated by TCPTP,123,0.06784869,0.0005516154,1
Oxycodone Action Pathway,66,0.06779308,0.0010271679,1
STING pathway in Kawasaki-like disease and COVID-19,101,0.06778078,0.0006710968,1
Inactivation of CSF3 (G-CSF) signaling,118,0.06776493,0.00057427905,1
Other semaphorin interactions,76,0.067706786,0.0008908788,1
Bacterial invasion of epithelial cells - Homo sapiens (human),114,0.06769282,0.0005937967,1
HCMV Infection,81,0.067585096,0.0008343839,1
Proparacaine Action Pathway,66,0.067402095,0.0010212439,1
"D-<i>myo</i>-inositol (1,4,5,6)-tetrakisphosphate biosynthesis",51,0.067354776,0.0013206819,1
Signaling by ERBB2,119,0.06734998,0.0005659662,1
IRS-mediated signalling,111,0.06732321,0.0006065154,1
Signaling by BRAF and RAF fusions,94,0.06725098,0.000715436,1
O-glycosylation of TSR domain-containing proteins,85,0.067179374,0.0007903456,1
Activation of GABAB receptors,83,0.06708696,0.0008082766,1
Leukotriene metabolism,82,0.0670269,0.0008174012,1
Aurora A signaling,91,0.06686267,0.00073475466,1
Disruption of postsynaptic signaling by CNV,70,0.06686018,0.0009551454,1
inositol pyrophosphates biosynthesis,61,0.06682199,0.0010954425,1
Blue diaper syndrome,73,0.06671227,0.0009138667,1
TGF-Ncore,81,0.06645169,0.00082039123,1
activation of camp-dependent protein kinase pka,89,0.0663762,0.00074580003,1
miRNA regulation of DNA damage response,80,0.06634818,0.00082935224,1
Ferroptosis - Homo sapiens (human),100,0.06634575,0.0006634575,1
Influenza Infection,68,0.06632455,0.000975361,1
integrin signaling pathway,87,0.066155486,0.0007604079,1
Hedgehog,136,0.06611524,0.00048614145,1
Hydrocodone Action Pathway,66,0.06608456,0.0010012812,1
AICA-Ribosiduria,38,0.06598925,0.0017365592,1
G-protein mediated events,88,0.06597123,0.0007496731,1
Genes controlling nephrogenesis,145,0.06594371,0.0004547842,1
Hedgehog Signaling Pathway,88,0.06588629,0.00074870785,1
Interactome of polycomb repressive complex 2 (PRC2),62,0.06569727,0.0010596333,1
Integrin signaling,96,0.065679505,0.0006841615,1
Intracellular Signalling Through Adenosine Receptor A2a and Adenosine,82,0.065593444,0.00079992006,1
bioactive peptide induced signaling pathway,101,0.065291,0.00064644555,1
Netrin-mediated signaling events,105,0.065250084,0.00062142935,1
Interleukin-20 family signaling,84,0.065244645,0.000776722,1
Escitalopram Action Pathway,66,0.06523361,0.0009883881,1
Methionine and cysteine metabolism,118,0.065199554,0.0005525386,1
Regulation of p38-alpha and p38-beta,93,0.065055184,0.00069951813,1
Nuclear Events (kinase and transcription factor activation),113,0.06497951,0.0005750399,1
Chromosome Maintenance,89,0.06494479,0.00072971673,1
Ca2+ pathway,88,0.06473383,0.0007356117,1
Alpha-synuclein signaling,104,0.06468951,0.0006220145,1
Quinethazone Action Pathway,73,0.064535156,0.0008840432,1
Thyroid cancer - Homo sapiens (human),101,0.06450142,0.0006386279,1
Neural Crest Cell Migration during Development,79,0.06446759,0.0008160454,1
Chondroitin sulfate/dermatan sulfate metabolism,84,0.06432576,0.00076578284,1
lck and fyn tyrosine kinases in initiation of tcr activation,85,0.06430411,0.000756519,1
G1 to S cell cycle control,78,0.06410597,0.00082187145,1
Pyruvate metabolism - Homo sapiens (human),78,0.06406091,0.00082129374,1
the information processing pathway at the ifn beta enhancer,116,0.06400053,0.0005517287,1
Levorphanol Action Pathway,66,0.0639926,0.0009695848,1
Neural Crest Cell Migration in Cancer,92,0.06398902,0.0006955328,1
Ribosome - Homo sapiens (human),105,0.063965686,0.000609197,1
Ovarian steroidogenesis - Homo sapiens (human),77,0.063889176,0.00082972954,1
IGF-Ncore,103,0.063866965,0.00062006764,1
Spliceosome - Homo sapiens (human),121,0.06382862,0.00052750926,1
Hydroflumethiazide Action Pathway,73,0.06374069,0.0008731602,1
Transcriptional regulation by small RNAs,78,0.06372966,0.0008170469,1
IFN gamma signaling,70,0.063582614,0.00090832304,1
Validated transcriptional targets of deltaNp63 isoforms,85,0.06355732,0.00074773317,1
Signaling by FGFR in disease,101,0.06346253,0.0006283419,1
One-carbon metabolism and related pathways,103,0.06343018,0.00061582704,1
rac1 cell motility signaling pathway,73,0.063408084,0.0008686039,1
"Hedgehog ,on, state",65,0.06325275,0.00097311917,1
Regulation of HSF1-mediated heat shock response,92,0.06321838,0.0006871563,1
Growth hormone signaling,82,0.06318461,0.00077054405,1
Nonsense Mediated Decay (NMD) enhanced by the Exon Junction Complex (EJC),103,0.06313909,0.0006130009,1
3-Methylglutaconic Aciduria Type I,66,0.06309073,0.0009559201,1
AMP-activated protein kinase (AMPK) signaling,84,0.06298577,0.0007498306,1
IL1-mediated signaling events,99,0.06297602,0.0006361214,1
BMP receptor signaling,89,0.06296763,0.00070750143,1
"POU5F1 (OCT4), SOX2, NANOG repress genes related to differentiation",51,0.062903486,0.0012334017,1
Synthesis of IPs in the nucleus,54,0.062888294,0.001164598,1
Monoamine Transport,52,0.06273922,0.0012065235,1
IGF1 pathway,99,0.06266097,0.0006329391,1
Signaling by KIT in disease,109,0.062654376,0.0005748108,1
Vasopressin regulates renal water homeostasis via Aquaporins,48,0.06255067,0.001303139,1
Kisspeptin-kisspeptin receptor system in the ovary,79,0.06254578,0.00079171866,1
Nicotine Action Pathway,77,0.06251997,0.0008119476,1
Beta5 beta6 beta7 and beta8 integrin cell surface interactions,51,0.0624333,0.0012241823,1
RNA degradation - Homo sapiens (human),95,0.062430445,0.00065716257,1
Notch-HLH transcription pathway,76,0.06242435,0.000821373,1
Mammalian disorder of sexual development,77,0.06239791,0.00081036246,1
Regulation of retinoblastoma protein,88,0.062389933,0.0007089765,1
The role of Nef in HIV-1 replication and disease pathogenesis,122,0.06238025,0.00051131356,1
Proteoglycan biosynthesis,67,0.062292874,0.0009297444,1
RMTs methylate histone arginines,95,0.06228522,0.00065563386,1
Cyclin D associated events in G1,78,0.06222483,0.00079775427,1
TAK1 activates NFkB by phosphorylation and activation of IKKs complex,106,0.062158827,0.000586404,1
Amphetamine addiction - Homo sapiens (human),95,0.06209647,0.00065364706,1
"GPCRs, Class B Secretin-like",52,0.062074874,0.0011937476,1
"Valine, leucine and isoleucine degradation - Homo sapiens (human)",89,0.062055957,0.0006972579,1
3-Methylthiofentanyl Action Pathway,66,0.061874174,0.00093748746,1
Heme signaling,67,0.06186779,0.0009233998,1
Pregnane X receptor pathway,68,0.06186509,0.00090978073,1
the co-stimulatory signal during t-cell activation,188,0.06186282,0.00032905754,1
Proximal tubule transport,84,0.061856132,0.0007363825,1
DNA Repair Pathways Full Network,89,0.06183255,0.0006947478,1
Cardiac muscle contraction - Homo sapiens (human),93,0.061832406,0.00066486455,1
Regulation of KIT signaling,121,0.06178438,0.0005106147,1
insulin,94,0.061761025,0.0006570322,1
GPCR GroupI metabotropic glutamate receptor,48,0.06172917,0.0012860243,1
Nicotine addiction - Homo sapiens (human),89,0.061695453,0.0006932073,1
G1 Phase,78,0.061638482,0.0007902369,1
chrebp regulation by carbohydrates and camp,93,0.061550163,0.0006618297,1
Chlorthalidone Action Pathway,73,0.061509553,0.00084259664,1
G alpha (12/13) signalling events,70,0.061503597,0.0008786228,1
Growth hormone receptor signaling,119,0.061288927,0.000515033,1
Cimetidine Action Pathway,50,0.061283946,0.001225679,1
Furosemide Action Pathway,73,0.0612205,0.000838637,1
Formation of RNA Pol II elongation complex ,56,0.061130278,0.0010916122,1
NOTCH4 Intracellular Domain Regulates Transcription,54,0.061114926,0.0011317579,1
Nonsense-Mediated Decay (NMD),103,0.061112244,0.00059332274,1
Heroin Action Pathway,70,0.061080478,0.00087257824,1
GABA B receptor activation,83,0.06095388,0.0007343841,1
stathmin and breast cancer resistance to antimicrotubule agents,54,0.060936563,0.0011284548,1
Paradoxical activation of RAF signaling by kinase inactive BRAF,81,0.060921844,0.00075212156,1
Alvimopan Action Pathway,66,0.060772724,0.00092079886,1
Common Pathways Underlying Drug Addiction,82,0.060761213,0.0007409904,1
Chemical carcinogenesis - Homo sapiens (human),84,0.060701057,0.00072263164,1
Regulation of RAS by GAPs,64,0.060684815,0.00094820024,1
Negative regulation of MAPK pathway,57,0.06061255,0.0010633781,1
Posttranslational regulation of adherens junction stability and dissassembly,121,0.060590923,0.0005007514,1
Tandem pore domain potassium channels,58,0.06057189,0.001044343,1
Processing of DNA double-strand break ends,81,0.060479663,0.0007466625,1
bone remodeling,82,0.060439013,0.00073706114,1
Hypertrophy Model,67,0.06042164,0.0009018155,1
Ephrin B reverse signaling,119,0.060401756,0.0005075778,1
PKC-gamma calcium signaling pathway in ataxia,86,0.060397893,0.0007023011,1
PI3K Cascade,100,0.060324565,0.00060324563,1
Cytosolic sensors of pathogen-associated DNA ,74,0.06030357,0.0008149131,1
PLC beta mediated events,80,0.06015834,0.00075197924,1
Fumarase deficiency,73,0.060138687,0.0008238176,1
Type I collagen synthesis in the context of Osteogenesis imperfecta,50,0.06013285,0.001202657,1
Glypican 1 network,131,0.060116597,0.00045890533,1
Endothelin Pathways,62,0.0601111,0.0009695339,1
Tryptophan degradation,70,0.059973866,0.0008567695,1
Lysinuric protein intolerance (LPI),73,0.059936382,0.0008210463,1
AURKA Activation by TPX2,58,0.059842452,0.0010317664,1
Peptide chain elongation,95,0.059804607,0.0006295222,1
Deactivation of the beta-catenin transactivating complex,87,0.05978123,0.00068714056,1
FAS (CD95) signaling pathway,74,0.059762295,0.0008075986,1
Intrinsic Pathway for Apoptosis,77,0.0597554,0.00077604415,1
Carfentanil Action Pathway,66,0.05973425,0.0009050644,1
Hippo-Yap signaling pathway,51,0.0596609,0.0011698216,1
Photodynamic therapy-induced NF-kB survival signaling,99,0.05965112,0.0006025366,1
Mammary gland development pathway - Pregnancy and lactation (Stage 3 of 4),92,0.059594937,0.00064777106,1
TGF-beta receptor signaling,83,0.05958381,0.00071787724,1
Platelet Aggregation (Plug Formation),104,0.059568595,0.00057277497,1
role of egf receptor transactivation by gpcrs in cardiac hypertrophy,92,0.059482653,0.00064655056,1
Amino acid transport across the plasma membrane,57,0.059466865,0.0010432784,1
Ion homeostasis,60,0.059420545,0.0009903425,1
Negative regulation of FGFR2 signaling,72,0.059379425,0.00082471425,1
Mitophagy,65,0.05926435,0.0009117592,1
Naltrexone Action Pathway,66,0.059195083,0.0008968952,1
Mitochondrial CIV Assembly,82,0.059148718,0.0007213258,1
Translation initiation complex formation,49,0.058943935,0.0012029374,1
The oncogenic action of L-2-hydroxyglutarate in  Hydroxygluaricaciduria,77,0.058927596,0.00076529343,1
Loss of proteins required for interphase microtubule organization from the centrosome,58,0.058804646,0.0010138733,1
L13a-mediated translational silencing of Ceruloplasmin expression,114,0.0587786,0.0005156018,1
Nuclear Envelope Breakdown,84,0.058765937,0.0006995945,1
Negative regulation of FGFR1 signaling,63,0.058757745,0.00093266263,1
Levallorphan Action Pathway,66,0.058724623,0.000889767,1
Rab regulation of trafficking,109,0.058687307,0.0005384157,1
EPHB forward signaling,74,0.058640905,0.0007924447,1
ifn gamma signaling pathway,67,0.05855228,0.0008739146,1
Anchoring of the basal body to the plasma membrane,70,0.058524773,0.0008360682,1
Extracellular vesicles in the crosstalk of cardiac cells,77,0.058513306,0.00075991306,1
SUMOylation of transcription cofactors,60,0.05836702,0.0009727837,1
Morphine Action Pathway,88,0.058282588,0.00066230213,1
Signaling by FGFR1 in disease,85,0.058273107,0.000685566,1
RET signaling,88,0.058269992,0.000662159,1
The oncogenic action of 2-hydroxyglutarate,76,0.058219917,0.0007660515,1
Joubert Syndrome,137,0.058188304,0.00042473213,1
N-glycan antennae elongation in the medial/trans-Golgi,68,0.05818212,0.00085561944,1
TRP channels,90,0.058154747,0.0006461638,1
Signaling by NOTCH1 PEST Domain Mutants in Cancer,93,0.058117494,0.0006249193,1
S1P3 pathway,79,0.058098212,0.0007354204,1
NRAGE signals death through JNK,51,0.058017906,0.001137606,1
RAB GEFs exchange GTP for GDP on RABs,95,0.05788663,0.0006093329,1
RAF activation,62,0.057716683,0.00093091425,1
Endocrine and other factor-regulated calcium reabsorption - Homo sapiens (human),56,0.05765047,0.0010294727,1
Amyloid fiber formation,69,0.05743888,0.00083244755,1
TP53 Regulates Transcription of DNA Repair Genes,52,0.057435922,0.0011045369,1
Macrophage markers,51,0.057427496,0.0011260293,1
Signaling by NOTCH1 in Cancer,93,0.057376683,0.0006169536,1
Ca-dependent events,61,0.057342585,0.0009400424,1
DNA Double Strand Break Response,71,0.057297386,0.00080700545,1
TNF signaling,76,0.057294045,0.000753869,1
RNA Polymerase II HIV Promoter Escape,34,0.057274964,0.0016845578,1
Recruitment and ATM-mediated phosphorylation of repair and signaling proteins at DNA double strand breaks,71,0.057217825,0.0008058849,1
TLR p38,141,0.057211716,0.00040575684,1
Cardiac Hypertrophic Response,110,0.057075277,0.0005188662,1
HS-GAG biosynthesis,89,0.05705104,0.0006410229,1
Glycolysis,106,0.057021953,0.000537943,1
PI3K-AKT-mTOR signaling pathway and therapeutic opportunities,89,0.056971963,0.00064013444,1
Regulation of PTEN stability and activity,65,0.056953907,0.00087621395,1
GPCR Adenosine A2A receptor,62,0.05685275,0.00091697986,1
Bumetanide Action Pathway,73,0.056843977,0.0007786846,1
Type II diabetes mellitus - Homo sapiens (human),98,0.056812014,0.0005797144,1
Cytoprotection by HMOX1,82,0.056747872,0.00069204724,1
Arachidonic acid metabolism - Homo sapiens (human),78,0.056601565,0.0007256611,1
HGF,80,0.05657242,0.0007071552,1
Eplerenone Action Pathway,73,0.05655566,0.00077473506,1
NGF-stimulated transcription,64,0.05652362,0.0008831816,1
Regulation of actin dynamics for phagocytic cup formation,126,0.05651741,0.00044855088,1
Oncogene Induced Senescence,77,0.056506734,0.00073385367,1
Eukaryotic Translation Termination,93,0.056491982,0.00060744066,1
Signaling by RAF1 mutants,81,0.0564694,0.0006971531,1
Loss of Nlp from mitotic centrosomes,58,0.056431267,0.00097295287,1
Peroxisome - Homo sapiens (human),110,0.056376815,0.0005125165,1
2-ketoglutarate dehydrogenase complex deficiency,73,0.056372475,0.00077222567,1
Synaptic signaling pathways associated with autism spectrum disorder,92,0.056290235,0.0006118504,1
Pentazocine Action Pathway,66,0.05628636,0.00085282366,1
Mitochondrial complex II deficiency,73,0.056231294,0.0007702917,1
Prion disease pathway,126,0.056230985,0.00044627764,1
Ethylmorphine Action Pathway,66,0.056151412,0.000850779,1
NHR,90,0.056151167,0.00062390184,1
Degradation of beta-catenin by the destruction complex,63,0.056142226,0.0008911464,1
Downstream signaling of activated FGFR4,61,0.05614103,0.0009203447,1
Cytoplasmic Ribosomal Proteins,89,0.056049634,0.00062977115,1
role of mef2d in t-cell apoptosis,100,0.05603923,0.0005603923,1
GnRH secretion - Homo sapiens (human),97,0.056024354,0.00057757064,1
Wnt Signaling Pathway,98,0.056021363,0.00057164655,1
Association Between Physico-Chemical Features and Toxicity Associated Pathways,99,0.055999495,0.00056565145,1
ZBP1(DAI) mediated induction of type I IFNs,59,0.055938065,0.0009481028,1
Fabry disease,59,0.055870842,0.00094696344,1
role of -arrestins in the activation and targeting of map kinases,89,0.055860832,0.0006276498,1
Urokinase-type plasminogen activator (uPA) and uPAR-mediated signaling,82,0.05584753,0.0006810674,1
Mepivacaine Action Pathway,66,0.055835914,0.0008459987,1
Cysteine and methionine metabolism - Homo sapiens (human),86,0.055810563,0.00064896006,1
Signaling by moderate kinase activity BRAF mutants,81,0.055773955,0.00068856735,1
Diphenoxylate Action Pathway,66,0.055773124,0.00084504735,1
atm signaling pathway,86,0.055692133,0.0006475829,1
Krabbe disease,59,0.05567686,0.0009436756,1
Signaling by EGFR,67,0.055658337,0.00083072146,1
"Valine, leucine and isoleucine degradation",92,0.055616267,0.0006045246,1
Methyclothiazide Action Pathway,73,0.055462692,0.0007597629,1
multi-step regulation of transcription by pitx2,50,0.055385705,0.0011077141,1
Desipramine Action Pathway,66,0.055364225,0.0008388519,1
Torsemide Action Pathway,73,0.055289302,0.0007573877,1
Ropivacaine Action Pathway,66,0.055220693,0.00083667715,1
stress induction of hsp regulation,87,0.05517378,0.0006341814,1
Arginine and proline metabolism - Homo sapiens (human),90,0.055094015,0.0006121557,1
Citric acid cycle (TCA cycle),66,0.055083502,0.0008345985,1
Citalopram Action Pathway,69,0.055058032,0.0007979425,1
Globoid Cell Leukodystrophy,59,0.055048842,0.0009330312,1
TLR ECSIT MEKK1 JNK,58,0.055045884,0.00094906695,1
Downstream signal transduction,86,0.054972835,0.000639219,1
Glycine and Serine Metabolism,51,0.05496508,0.0010777466,1
Hypothesized Pathways in Pathogenesis of Cardiovascular Disease,50,0.0549647,0.0010992939,1
activated TAK1 mediates p38 MAPK activation,78,0.05489546,0.00070378795,1
Protein folding,76,0.054890525,0.00072224374,1
Nonsense Mediated Decay (NMD) independent of the Exon Junction Complex (EJC),98,0.05488325,0.00056003314,1
tnfr2 signaling pathway,82,0.05482597,0.0006686094,1
Anileridine Action Pathway,66,0.054811217,0.00083047297,1
erk and pi-3 kinase are necessary for collagen binding in corneal epithelia,62,0.05475296,0.00088311225,1
Regulation by c-FLIP,58,0.05474004,0.0009437938,1
Signaling by NOTCH1 HD+PEST Domain Mutants in Cancer,93,0.054691326,0.00058807875,1
trans-Golgi Network Vesicle Budding,80,0.054567605,0.00068209507,1
Levomethadyl Acetate Action Action Pathway,66,0.054555908,0.00082660466,1
The oncogenic action of Succinate,80,0.05454649,0.00068183115,1
Peroxisomal protein import,72,0.0545006,0.00075695274,1
NOD1/2 Signaling Pathway,79,0.05448931,0.00068973814,1
RUNX1 interacts with co-factors whose precise effect on RUNX1 targets is not known,73,0.054473646,0.00074621435,1
Citrate cycle,74,0.054443788,0.00073572685,1
Interactions of Rev with host cellular proteins,64,0.054221295,0.00084720773,1
FGFR3 signaling in chondrocyte proliferation and terminal differentiation,95,0.054099705,0.0005694706,1
Nanomaterial induced apoptosis,75,0.05409407,0.00072125427,1
Hydrochlorothiazide Action Pathway,73,0.05405221,0.00074044126,1
WNT-Ncore,84,0.054047097,0.0006434178,1
Elevation of cytosolic Ca2+ levels,84,0.053958856,0.00064236735,1
Ebstein-Barr virus LMP1 signaling,95,0.053942896,0.00056782,1
GABA receptor Signaling,54,0.05389517,0.0009980587,1
Bupivacaine Action Pathway,66,0.053885274,0.0008164435,1
Fentanyl Action Pathway,66,0.05383314,0.0008156536,1
N-cadherin signaling events,71,0.05378719,0.0007575661,1
-arrestins in gpcr desensitization,86,0.053753342,0.00062503887,1
Initiation of transcription and translation elongation at the HIV-1 LTR,73,0.053729925,0.0007360264,1
Nalbuphine Action Pathway,74,0.053695295,0.0007256121,1
Validated transcriptional targets of AP1 family members Fra1 and Fra2,83,0.053695187,0.00064692996,1
COPI-mediated anterograde transport,65,0.053673897,0.0008257523,1
CD28 dependent Vav1 pathway,95,0.053613108,0.0005643485,1
influence of ras and rho proteins on g1 to s transition,80,0.05358682,0.00066983525,1
Vitamin D-sensitive calcium signaling in depression,70,0.053585865,0.00076551235,1
TWEAK,76,0.053523954,0.0007042626,1
Glucose Transporter Defect (SGLT2),73,0.053493407,0.0007327864,1
Glycosaminoglycan biosynthesis - heparan sulfate / heparin - Homo sapiens (human),67,0.05343209,0.00079749385,1
Oxybuprocaine Action Pathway,66,0.0534018,0.0008091182,1
Metachromatic Leukodystrophy (MLD),59,0.053390153,0.00090491783,1
3q29 copy number variation syndrome,84,0.0532843,0.0006343369,1
Rev-mediated nuclear export of HIV RNA,62,0.053245068,0.0008587914,1
Antigen activates B Cell Receptor (BCR) leading to generation of second messengers,107,0.05323026,0.00049747905,1
MAPK6/MAPK4 signaling,52,0.05320197,0.0010231148,1
Kinesins,66,0.05316819,0.0008055786,1
Positive epigenetic regulation of rRNA expression,61,0.053149145,0.00087129744,1
Famotidine Action Pathway,50,0.053107478,0.0010621495,1
alk in cardiac myocytes,63,0.05303679,0.0008418538,1
E3 ubiquitin ligases ubiquitinate target proteins,66,0.053021263,0.00080335245,1
SUMOylation of DNA damage response and repair proteins,62,0.05298957,0.0008546705,1
Codeine Action Pathway,68,0.052978195,0.0007790911,1
APC/C-mediated degradation of cell cycle proteins,60,0.052977156,0.0008829526,1
Triamterene Action Pathway,73,0.05294891,0.0007253275,1
Bladder cancer - Homo sapiens (human),81,0.05294402,0.0006536299,1
CASP8 activity is inhibited,58,0.052723207,0.0009090208,1
Syndecan-1-mediated signaling events,81,0.05260056,0.00064938964,1
E-cadherin signaling in the nascent adherens junction,38,0.052472726,0.0013808612,1
Iminoglycinuria,73,0.052469056,0.0007187542,1
Dibucaine Action Pathway,66,0.05245521,0.0007947759,1
DAG and IP3 signaling,73,0.0524278,0.000718189,1
Regulation of Microtubule Cytoskeleton,81,0.052334514,0.0006461051,1
Atypical NF-kappaB pathway,73,0.052281152,0.0007161802,1
Signaling by FGFR3,78,0.05221621,0.00066943857,1
3-Hydroxy-3-Methylglutaryl-CoA Lyase Deficiency,66,0.052197393,0.0007908696,1
NR1H2 and NR1H3-mediated signaling,71,0.05211446,0.00073400646,1
corticosteroids and cardioprotection,62,0.051993817,0.00083860994,1
Chlorothiazide Action Pathway,73,0.051981818,0.0007120797,1
Sema3A PAK dependent Axon repulsion,57,0.051980972,0.0009119469,1
Chloroprocaine Action Pathway,66,0.051928535,0.000786796,1
mTOR signaling pathway,82,0.051879585,0.00063267787,1
Regulation of PTEN gene transcription,74,0.051825497,0.00070034456,1
Fatty acid beta-oxidation,55,0.051802352,0.00094186096,1
Fas,75,0.051737864,0.0006898382,1
Negative regulation of activity of TFAP2 (AP-2) family transcription factors,46,0.05171901,0.0011243263,1
Signaling of Hepatocyte Growth Factor Receptor,67,0.051698733,0.0007716229,1
insulin Mam,94,0.05164267,0.0005493901,1
TP53 Regulates Transcription of Cell Cycle Genes,55,0.05162902,0.0009387095,1
Nitric oxide stimulates guanylate cyclase,62,0.051526085,0.0008310659,1
Bendroflumethiazide Action Pathway,73,0.051518854,0.00070573774,1
DNA damage response,69,0.05147711,0.000746045,1
Signaling by FGFR4,79,0.05141365,0.0006508057,1
Hartnup Disorder,73,0.051338915,0.0007032728,1
RUNX1 regulates genes involved in megakaryocyte differentiation and platelet function,66,0.051242296,0.0007763984,1
HDR through Single Strand Annealing (SSA),54,0.05123661,0.00094882614,1
Sphingolipid Metabolism,59,0.051155217,0.00086703757,1
TCA cycle,75,0.051099665,0.0006813289,1
Heart Development,69,0.050994586,0.00073905196,1
Prilocaine Action Pathway,66,0.050985932,0.00077251415,1
Neovascularisation processes,81,0.05095627,0.0006290898,1
Isovaleric Aciduria,66,0.050955933,0.0007720596,1
GDNF-RET signaling axis,84,0.050880216,0.00060571684,1
TFAP2 (AP-2) family regulates transcription of growth factors and their receptors,43,0.050733052,0.0011798384,1
Intracellular trafficking proteins involved in CMT neuropathy,52,0.050691713,0.0009748406,1
agrin in postsynaptic differentiation,76,0.050631706,0.00066620664,1
Cell migration and invasion through p75NTR,104,0.050559264,0.00048614678,1
Nuclear signaling by ERBB4,83,0.050489232,0.000608304,1
PKMTs methylate histone lysines,69,0.050430622,0.00073087856,1
Pyruvate dehydrogenase deficiency (E3),73,0.05038797,0.0006902462,1
Metabolism of nucleotides,73,0.050360356,0.0006898679,1
Regulation of PLK1 Activity at G2/M Transition,68,0.05035266,0.00074048026,1
Oxymorphone Action Pathway,66,0.05034938,0.00076286943,1
Pyruvate dehydrogenase deficiency (E2),73,0.050332524,0.0006894866,1
trefoil factors initiate mucosal healing,85,0.050258122,0.000591272,1
RAC1 signaling pathway,79,0.050252855,0.00063611206,1
Regulation of pyruvate dehydrogenase (PDH) complex,84,0.05022951,0.0005979703,1
Nicotinate and nicotinamide metabolism - Homo sapiens (human),75,0.050209254,0.0006694567,1
pten dependent cell cycle arrest and apoptosis,77,0.050170023,0.00065155874,1
TGF-Core,73,0.049988296,0.00068477116,1
Retinoic acid receptors-mediated signaling,64,0.049944036,0.00078037556,1
O-Glycan biosynthesis,62,0.049943447,0.0008055395,1
Histone Modifications,80,0.04982479,0.00062280986,1
p75(NTR)-mediated signaling,73,0.04980197,0.0006822188,1
Physiological and pathological hypertrophy of the heart,54,0.04976964,0.00092166,1
Starch and sucrose metabolism - Homo sapiens (human),47,0.049745563,0.0010584162,1
PI3K-AKT-mTOR - VitD3 signaling,61,0.049688097,0.000814559,1
"Hedgehog ,off, state",68,0.049670976,0.0007304555,1
"Biosynthesis of the N-glycan precursor (dolichol lipid-linked oligosaccharide, LLO) and transfer to a nascent protein",100,0.04966522,0.0004966522,1
Glycine Serine metabolism,78,0.049663585,0.00063671265,1
role of erbb2 in signal transduction and oncology,73,0.04965086,0.0006801488,1
DroToll-like,100,0.049583387,0.00049583387,1
Other types of O-glycan biosynthesis - Homo sapiens (human),68,0.04951749,0.0007281984,1
Plasma membrane estrogen receptor signaling,69,0.049501833,0.00071741786,1
16p11.2 distal deletion syndrome,70,0.04949613,0.0007070876,1
N-Glycan biosynthesis,64,0.049247067,0.0007694854,1
DNA Replication,61,0.049229465,0.00080704043,1
Collagen biosynthesis and modifying enzymes,102,0.049191147,0.00048226616,1
TRAF6-mediated induction of TAK1 complex within TLR4 complex,49,0.049139697,0.001002851,1
Alfentanil Action Pathway,66,0.049110487,0.0007440983,1
Arginine biosynthesis - Homo sapiens (human),63,0.049099047,0.00077934994,1
Parkin-Ubiquitin Proteasomal System pathway,50,0.049081907,0.0009816381,1
Ketobemidone  Action Pathway,66,0.049051095,0.0007431984,1
Ovarian infertility,60,0.04897621,0.0008162701,1
Nicotine Activity on Dopaminergic Neurons,57,0.048886906,0.000857665,1
Fluoxetine Action Pathway,68,0.048862144,0.00071856094,1
Propoxyphene Action Pathway,66,0.04885778,0.0007402694,1
Glutathione metabolism - Homo sapiens (human),62,0.04883788,0.00078770774,1
Regulation of Ras family activation,91,0.048821718,0.0005365024,1
Activated PKN1 stimulates transcription of AR (androgen receptor) regulated genes KLK2 and KLK3,44,0.0487523,0.0011080068,1
Drug metabolism - other enzymes - Homo sapiens (human),82,0.048746858,0.00059447385,1
Tramadol Action Action Pathway,66,0.048704375,0.0007379451,1
Tryptophan metabolism - Homo sapiens (human),75,0.04864856,0.00064864743,1
CTLA4 inhibitory signaling,109,0.04859838,0.00044585668,1
Alpha4 beta1 integrin signaling events,76,0.048473615,0.00063781074,1
Sodium/Calcium exchangers,48,0.048463244,0.0010096509,1
inhibition of cellular proliferation by gleevec,62,0.048239466,0.0007780559,1
RHOH GTPase cycle,62,0.04823712,0.00077801803,1
Mammary gland development pathway - Embryonic development (Stage 1 of 4),62,0.0482166,0.0007776871,1
Canonical NF-KB pathway,56,0.048200905,0.0008607305,1
DCC mediated attractive signaling,60,0.04818009,0.00080300146,1
NCAM signaling for neurite out-growth,101,0.048166636,0.0004768974,1
Ethacrynic Acid Action Pathway,73,0.0481163,0.0006591274,1
Pyrophosphate hydrolysis,3,0.04808044,0.016026814,1
BMP Signalling Pathway,34,0.048030503,0.0014126619,1
Regulated Necrosis,102,0.047952794,0.00047012544,1
FGFR1 mutant receptor activation,70,0.047746588,0.00068209413,1
wnt signaling pathway,88,0.04773064,0.00054239365,1
Fanconi anemia pathway - Homo sapiens (human),51,0.047702685,0.00093534676,1
cadmium induces dna synthesis and proliferation in macrophages,77,0.047661074,0.00061897497,1
Sufentanil Action Pathway,66,0.047642283,0.00072185276,1
Proton/oligopeptide cotransporters,38,0.047613822,0.0012529953,1
Negative regulation of NMDA receptor-mediated neuronal transmission,37,0.04761321,0.0012868436,1
Senescence-Associated Secretory Phenotype (SASP),67,0.04759863,0.0007104273,1
Differentiation of white and brown adipocyte,47,0.04752897,0.0010112547,1
Mineral absorption - Homo sapiens (human),80,0.047428183,0.0005928523,1
tnf/stress related signaling,38,0.04739656,0.0012472778,1
p38 MAPK signaling pathway,78,0.047388464,0.00060754444,1
Na+/Cl- dependent neurotransmitter transporters,46,0.047368478,0.0010297495,1
TP53 Regulates Transcription of Cell Death Genes,61,0.047334153,0.0007759697,1
Tiaprofenic Acid Action Pathway,20,0.04731104,0.0023655521,1
Peptide hormone metabolism,65,0.047258887,0.0007270598,1
how does salmonella hijack a cell,27,0.047238767,0.001749584,1
MAP2K and MAPK activation,53,0.047232743,0.00089118385,1
Receptor-type tyrosine-protein phosphatases,42,0.047224347,0.0011243892,1
leucine degradation,49,0.047177427,0.0009628046,1
tpo signaling pathway,58,0.047174737,0.00081335753,1
p53 pathway,65,0.047164265,0.00072560407,1
PLK1 signaling events,35,0.047128458,0.0013465274,1
Downstream signaling of activated FGFR2,70,0.047035523,0.000671936,1
Noncanonical Wnt signaling pathway,74,0.046973843,0.00063478167,1
Tyrosine metabolism - Homo sapiens (human),50,0.04696108,0.0009392216,1
Role of Osx and miRNAs in tooth development,62,0.04695522,0.00075734226,1
Beta-Ketothiolase Deficiency,66,0.046872508,0.0007101895,1
3-hydroxyisobutyric acid dehydrogenase deficiency,66,0.046851803,0.0007098758,1
Receptor Mediated Mitophagy,51,0.046817876,0.00091799756,1
TWIK related potassium channel (TREK),32,0.04677031,0.0014615721,1
Ion transport by P-type ATPases,74,0.04676981,0.0006320244,1
Erythropoietin activates Phosphoinositide-3-kinase (PI3K),59,0.0466676,0.0007909762,1
Reelin signaling pathway,73,0.04666031,0.00063918234,1
Golgi Associated Vesicle Biogenesis,63,0.046602484,0.000739722,1
Levobupivacaine Action Pathway,66,0.046595555,0.00070599327,1
G13 Signaling Pathway,38,0.04656857,0.0012254886,1
Deadenylation-dependent mRNA decay,76,0.046472553,0.00061148097,1
CREB1 phosphorylation through NMDA receptor-mediated activation of RAS signaling,57,0.04641143,0.0008142356,1
N-Glycan biosynthesis - Homo sapiens (human),64,0.04638277,0.0007247308,1
FGFRL1 modulation of FGFR1 signaling,52,0.046298277,0.0008903515,1
Nicotinamide salvaging,42,0.046228465,0.0011006778,1
CRMPs in Sema3A signaling,58,0.046213556,0.00079678546,1
Assembly of collagen fibrils and other multimeric structures,59,0.04621301,0.00078327133,1
Calmodulin induced events,55,0.046154566,0.0008391739,1
3-Methylcrotonyl Coa Carboxylase Deficiency Type I,66,0.0461422,0.00069912424,1
Regulation of signaling by CBL,73,0.04612594,0.0006318622,1
CaM pathway,55,0.04607154,0.00083766435,1
Osteoclast Signaling,55,0.046046108,0.00083720195,1
Buprenorphine Action Pathway,66,0.04600774,0.000697087,1
Sterol regulatory element-binding proteins (SREBP) signaling,70,0.045988467,0.0006569781,1
NRF2-ARE regulation,62,0.04593023,0.0007408101,1
Benzocaine Action Pathway,66,0.045919724,0.0006957534,1
Transport of Mature mRNA derived from an Intron-Containing Transcript,44,0.045889173,0.0010429358,1
CAMKK2 Pathway,80,0.04583777,0.0005729721,1
Pre-NOTCH Processing in Golgi,31,0.04583564,0.001478569,1
Interleukin-12 signaling,63,0.045731857,0.0007259025,1
CD28 dependent PI3K/Akt signaling,128,0.045725416,0.00035722982,1
TCA Cycle and Deficiency of Pyruvate Dehydrogenase complex (PDHc),40,0.045722276,0.0011430569,1
Cocaine Action Pathway,66,0.04570524,0.00069250364,1
Metabolism of xenobiotics by cytochrome P450 - Homo sapiens (human),75,0.04565118,0.0006086824,1
RUNX1 regulates transcription of genes involved in differentiation of HSCs,58,0.04547023,0.0007839695,1
Hydromorphone Action Pathway,66,0.045438636,0.0006884642,1
Beta2 integrin cell surface interactions,120,0.04537184,0.0003780987,1
Vitamin D in inflammatory diseases,77,0.045244463,0.00058759045,1
Nef-mediates down modulation of cell surface receptors by recruiting them to clathrin adapters,83,0.045238256,0.00054503925,1
Signaling by ROBO receptors,123,0.04509912,0.00036665951,1
Metolazone Action Pathway,73,0.045095798,0.00061775063,1
Class C/3 (Metabotropic glutamate/pheromone receptors),40,0.04499434,0.0011248585,1
Role of Altered Glycolysation of MUC1 in Tumour Microenvironment,58,0.044933982,0.0007747238,1
FRS-mediated FGFR1 signaling,57,0.04492054,0.0007880797,1
PDGF,82,0.044898447,0.000547542,1
Leigh Syndrome,49,0.044851366,0.00091533404,1
S1P1 pathway,57,0.044766046,0.00078536925,1
Interleukin-6 signaling,49,0.044728793,0.0009128325,1
Transcription-Coupled Nucleotide Excision Repair (TC-NER),54,0.04469546,0.0008276937,1
ABC transporters - Homo sapiens (human),54,0.044683807,0.0008274779,1
Cancer immunotherapy by CTLA4 blockade,114,0.04466976,0.00039183997,1
GPCR Dopamine D1like receptor,63,0.044660017,0.00070888916,1
2-Methyl-3-Hydroxybutryl CoA Dehydrogenase Deficiency,66,0.04461412,0.00067597156,1
PCP/CE pathway,81,0.044578753,0.000550355,1
Nuclear Envelope (NE) Reassembly,60,0.04447039,0.00074117316,1
Stabilization and expansion of the E-cadherin adherens junction,63,0.044441897,0.00070542697,1
Glucuronidation,76,0.044401735,0.0005842334,1
IGF signaling,50,0.04425663,0.00088513264,1
NO metabolism in cystic fibrosis,50,0.044223074,0.00088446145,1
PINK1-PRKN Mediated Mitophagy,55,0.044215012,0.0008039093,1
Synthesis of substrates in N-glycan biosythesis,93,0.044163007,0.00047487105,1
BBSome-mediated cargo-targeting to cilium,26,0.044120666,0.0016969487,1
SEMA3A-Plexin repulsion signaling by inhibiting Integrin adhesion,56,0.044118498,0.00078783033,1
Bile acid biosynthesis,67,0.044028997,0.00065714924,1
Diseases associated with the TLR signaling cascade,55,0.044024114,0.0008004384,1
Trk receptor signaling mediated by the MAPK pathway,72,0.043963872,0.0006106093,1
TRAF6 mediated NF-kB activation,68,0.043921657,0.0006459067,1
Procaine Action Pathway,66,0.043830253,0.00066409475,1
Dihydromorphine Action Pathway,66,0.04380986,0.0006637858,1
IL8- and CXCR2-mediated signaling events,88,0.04371801,0.0004967956,1
Nephrin family interactions,70,0.043709863,0.00062442664,1
Extracellular vesicle-mediated signaling in recipient cells,61,0.04364005,0.0007154107,1
Negative regulation of FGFR3 signaling,58,0.043616682,0.0007520118,1
Propanoate metabolism - Homo sapiens (human),44,0.043545444,0.0009896691,1
C21-steroid hormone biosynthesis and metabolism,38,0.043525737,0.0011454141,1
NOTCH2 intracellular domain regulates transcription,47,0.043524202,0.00092604687,1
Negative regulation of FGFR4 signaling,63,0.04351808,0.0006907632,1
Activation of the TFAP2 (AP-2) family of transcription factors,33,0.043518078,0.0013187296,1
Regulation of mitotic cell cycle,60,0.043492474,0.00072487455,1
proteolysis and signaling pathway of notch,45,0.043467455,0.00096594344,1
Isobutyryl-coa dehydrogenase deficiency,66,0.04343243,0.0006580671,1
Platelet Adhesion to exposed collagen,67,0.04341527,0.0006479891,1
UCH proteinases,105,0.043288518,0.0004122716,1
Signaling by ERBB2 KD Mutants,71,0.043272898,0.00060947746,1
Statin inhibition of cholesterol production,55,0.04325458,0.0007864469,1
"FOXO-mediated transcription of oxidative stress, metabolic and neuronal genes",47,0.043240454,0.0009200097,1
Caspase activation via extrinsic apoptotic signalling pathway,93,0.04322638,0.00046479978,1
Isovaleric acidemia,66,0.043160483,0.0006539467,1
Syndecan-4-mediated signaling events,90,0.043094166,0.00047882408,1
Signaling by BMP,38,0.043080654,0.0011337014,1
"Alanine, aspartate and glutamate metabolism - Homo sapiens (human)",48,0.04302222,0.00089629623,1
p38 mapk signaling pathway,58,0.04301603,0.0007416557,1
Amplification and Expansion of Oncogenic Pathways as Metastatic Traits,57,0.042955704,0.0007536088,1
Repression of WNT target genes,42,0.04289754,0.0010213701,1
Transcriptional regulation of granulopoiesis,46,0.04280362,0.00093051343,1
FOXO-mediated transcription of cell death genes,68,0.042577602,0.0006261412,1
Apoptosis Modulation by HSP70,63,0.04254238,0.00067527586,1
Nuclear receptors,74,0.04252154,0.00057461543,1
Dimethylglycine Dehydrogenase Deficiency,51,0.042517994,0.00083368615,1
Gastric Cancer Network 1,43,0.042496417,0.0009882888,1
Azathioprine Action Pathway,54,0.042485703,0.0007867723,1
3-Methylglutaconic Aciduria Type III,66,0.042430736,0.00064288994,1
Autophagy - other - Homo sapiens (human),84,0.042399973,0.0005047616,1
Pyrimidine metabolism - Homo sapiens (human),40,0.042382028,0.0010595507,1
Nicotinate metabolism,77,0.04233918,0.0005498595,1
Phase 1 - inactivation of fast Na+ channels,13,0.042337257,0.003256712,1
Gaucher Disease,59,0.042335458,0.0007175501,1
Propionic Acidemia,66,0.04229039,0.0006407635,1
Melatonin metabolism and effects,44,0.04215858,0.00095814955,1
Syndecan-3-mediated signaling events,74,0.04202603,0.00056791934,1
PI-3K cascade:FGFR2,57,0.042025506,0.0007372896,1
mets affect on macrophage differentiation,71,0.042019892,0.0005918295,1
Creation of C4 and C2 activators,41,0.04201397,0.001024731,1
fas signaling pathway (cd95),88,0.042006087,0.0004773419,1
Downregulation of ERBB2 signaling,63,0.041989774,0.0006665043,1
Prader-Willi and Angelman Syndrome,60,0.041951433,0.00069919054,1
Maple Syrup Urine Disease,66,0.041836873,0.000633892,1
actions of nitric oxide in the heart,48,0.04180102,0.0008708546,1
Signaling by Erythropoietin,82,0.041768935,0.0005093773,1
Regulation of necroptotic cell death,72,0.041759543,0.00057999365,1
Glucagon-like Peptide-1 (GLP1) regulates insulin secretion,38,0.041759167,0.0010989255,1
RIP-mediated NFkB activation via ZBP1,58,0.041747913,0.0007197916,1
Exercise-induced Circadian Regulation,51,0.041717533,0.00081799086,1
Internalization of ErbB1,64,0.041670777,0.0006511059,1
EPH-ephrin mediated repulsion of cells,55,0.041593123,0.0007562386,1
IL-23 signaling,39,0.041570295,0.001065905,1
Nephrin/Neph1 signaling in the kidney podocyte,61,0.04154057,0.00068099296,1
superpathway of tryptophan utilization,50,0.04153531,0.0008307062,1
IL11,55,0.041423615,0.00075315667,1
Complement and Coagulation Cascades,57,0.04140156,0.0007263432,1
Dopaminergic Neurogenesis,40,0.041398365,0.0010349591,1
Formation of the beta-catenin:TCF transactivating complex,70,0.041390367,0.00059129094,1
Role of phospholipids in phagocytosis,78,0.041354507,0.000530186,1
FCERI mediated Ca+2 mobilization,73,0.041349307,0.0005664289,1
Phospholipase C-mediated cascade; FGFR3,31,0.041287135,0.0013318431,1
Trans-sulfuration and one-carbon metabolism,65,0.041223463,0.0006342071,1
SUMOylation of transcription factors,40,0.04121004,0.001030251,1
Branched-chain amino acid catabolism,58,0.041187674,0.0007101323,1
"Valine, Leucine and Isoleucine Degradation",66,0.041112166,0.0006229116,1
Envelope proteins and their potential roles in EDMD physiopathology,67,0.04107977,0.0006131309,1
Dimethylthiambutene Action Pathway,66,0.040994283,0.0006211255,1
Collagen chain trimerization,77,0.040984955,0.00053227216,1
Termination of O-glycan biosynthesis,54,0.04094966,0.0007583271,1
RUNX2 regulates bone development,81,0.040893637,0.0005048597,1
Ras activation upon Ca2+ influx through NMDA receptor,48,0.040882036,0.0008517091,1
Downstream signaling of activated FGFR1,64,0.04085423,0.00063834735,1
Fluvastatin Action Pathway,14,0.04084544,0.0029175314,1
thrombin signaling and protease-activated receptors,60,0.040835112,0.0006805852,1
Energy Metabolism,51,0.04081865,0.0008003657,1
S Phase,70,0.040737763,0.00058196805,1
Role of LAT2/NTAL/LAB on calcium mobilization,64,0.040670883,0.00063548255,1
Circadian rhythm - Homo sapiens (human),44,0.040658657,0.00092406035,1
Signaling by Leptin,52,0.040633626,0.0007814159,1
SHC-mediated cascade:FGFR4,47,0.040618286,0.00086421886,1
sprouty regulation of tyrosine kinase signals,79,0.04059411,0.0005138495,1
SUMOylation of ubiquitinylation proteins,44,0.04056742,0.0009219868,1
Transferrin endocytosis and recycling,47,0.040555425,0.00086288137,1
Supression of HMGB1 mediated inflammation by THBD,55,0.04054489,0.0007371798,1
Signaling by NOTCH2,66,0.040504243,0.00061370066,1
sonic hedgehog receptor ptc1 regulates cell cycle,49,0.04047356,0.00082599104,1
Regucalcin in proximal tubule epithelial kidney cells,38,0.040462874,0.0010648124,1
Interleukin-7 signaling,51,0.040458024,0.0007932946,1
Acyl chain remodelling of PE,34,0.040426925,0.0011890272,1
IL-2 signaling,54,0.040415276,0.000748431,1
Regulation of FOXO transcriptional activity by acetylation,11,0.04040397,0.003673088,1
Methylmalonate Semialdehyde Dehydrogenase Deficiency,66,0.040369082,0.00061165274,1
Sialic acid metabolism,78,0.040293664,0.0005165854,1
Prolactin receptor signaling,48,0.040290587,0.00083938724,1
Nongenotropic Androgen signaling,47,0.040265158,0.0008567055,1
NF-kB is activated and signals survival,61,0.040238645,0.0006596499,1
Glycosaminoglycan biosynthesis - chondroitin sulfate / dermatan sulfate - Homo sapiens (human),39,0.04018464,0.0010303754,1
DNA Damage/Telomere Stress Induced Senescence,15,0.040143672,0.0026762448,1
Transcription factor regulation in adipogenesis,67,0.040138192,0.0005990775,1
Carbamoyl Phosphate Synthetase Deficiency,34,0.04012744,0.0011802189,1
MAPK targets/ Nuclear events mediated by MAP kinases,63,0.039981995,0.0006346348,1
Infection with Mycobacterium tuberculosis,55,0.039759733,0.0007229042,1
antigen processing and presentation,72,0.03975855,0.00055220205,1
Pyrimidine nucleotides nucleosides metabolism,48,0.039737042,0.000827855,1
Galactose metabolism,65,0.03970556,0.00061085477,1
Regulation of Wnt-B-catenin Signaling by Small Molecule Compounds,34,0.03969902,0.0011676183,1
Ganglio Sphingolipid Metabolism,24,0.039613895,0.0016505789,1
Galanin receptor pathway,39,0.039530553,0.0010136039,1
TCA Cycle (aka Krebs or citric acid cycle),61,0.039475996,0.0006471475,1
TGF-beta receptor signaling activates SMADs,54,0.039431956,0.0007302214,1
Tumor suppressor activity of SMARCB1,59,0.03937592,0.0006673885,1
FasL/ CD95L signaling,51,0.03937116,0.0007719835,1
IL8- and CXCR1-mediated signaling events,55,0.039362177,0.00071567594,1
Signaling by NTRK2 (TRKB),76,0.039361678,0.0005179168,1
Association of TriC/CCT with target proteins during biosynthesis,34,0.039296154,0.0011557692,1
lectin induced complement pathway,43,0.039244257,0.0009126571,1
FCERI mediated MAPK activation,73,0.039197072,0.0005369462,1
Dopamine Neurotransmitter Release Cycle,34,0.03917779,0.0011522879,1
RND2 GTPase cycle,56,0.039164815,0.0006993717,1
RNA polymerase II transcribes snRNA genes,56,0.039141785,0.00069896044,1
Trisalicylate-choline Action Pathway,20,0.039135605,0.0019567802,1
Signaling events mediated by HDAC Class II,62,0.039064582,0.0006300739,1
miRNA regulation of p53 pathway in prostate cancer,35,0.03905402,0.0011158292,1
BMP2 signaling TGF-beta MV,76,0.03897567,0.0005128378,1
APC/C:Cdc20 mediated degradation of mitotic proteins,48,0.038968485,0.00081184343,1
Activation of BAD and translocation to mitochondria ,21,0.038890753,0.0018519406,1
RAS and bradykinin pathways in COVID-19,44,0.038887065,0.00088379695,1
Arf6 signaling events,51,0.03888655,0.0007624814,1
Erythropoietin activates STAT5,53,0.038809422,0.00073225325,1
fmlp induced chemokine gene expression in hmc-1 cells,88,0.038799234,0.0004409004,1
EPHA-mediated growth cone collapse,58,0.03879638,0.0006689031,1
Nectin adhesion pathway,76,0.038777646,0.0005102322,1
Regulation of IFNA signaling,80,0.038741916,0.00048427394,1
Uptake and actions of bacterial toxins,45,0.038672317,0.00085938483,1
RAB geranylgeranylation,52,0.03857064,0.0007417431,1
Transport of Mature Transcript to Cytoplasm,55,0.038555533,0.0007010097,1
FGFR2 mutant receptor activation,44,0.03851287,0.0008752925,1
RND1 GTPase cycle,56,0.038497232,0.0006874506,1
Apoptotic execution phase,50,0.038472887,0.0007694577,1
Gap-filling DNA repair synthesis and ligation in TC-NER,44,0.03835764,0.00087176455,1
Vibrio cholerae infection - Homo sapiens (human),68,0.03830181,0.0005632619,1
Signaling by ERBB2 in Cancer,71,0.038291853,0.00053932186,1
Ether lipid metabolism - Homo sapiens (human),67,0.038287066,0.00057144876,1
"GPCRs, Class C Metabotropic glutamate, pheromone",40,0.038282566,0.00095706416,1
Serotonin Neurotransmitter Release Cycle,31,0.038270403,0.0012345291,1
Regulation of RAC1 activity,63,0.03824515,0.00060706586,1
ucalpain and friends in cell spread,39,0.0381147,0.0009773,1
Fatty acyl-CoA biosynthesis,39,0.038093805,0.0009767642,1
FRS-mediated FGFR2 signaling,66,0.03808632,0.00057706545,1
Metabolic reprogramming in colon cancer,52,0.038064245,0.0007320047,1
Signalling to ERKs,65,0.0380155,0.0005848538,1
Signaling by FGFR2 in disease,62,0.03801217,0.0006130995,1
Bladder cancer,74,0.03797296,0.00051314814,1
Steroid hormone biosynthesis - Homo sapiens (human),68,0.037926197,0.0005577382,1
Xenobiotics metabolism,60,0.037898596,0.0006316433,1
cystic fibrosis transmembrane conductance regulator (cftr) and beta 2 adrenergic receptor (b2ar) pathway,51,0.037890445,0.0007429499,1
Iron uptake and transport,71,0.037787274,0.0005322151,1
Calcitonin-like ligand receptors,33,0.03776089,0.0011442695,1
Interleukin-27 signaling,42,0.037680566,0.00089715637,1
Phospholipase C-mediated cascade: FGFR1,36,0.03764708,0.0010457522,1
Succinic semialdehyde dehydrogenase deficiency,31,0.03762076,0.0012135729,1
TGF-B Signaling in Thyroid Cells for Epithelial-Mesenchymal Transition,43,0.03760825,0.0008746105,1
RIPK1-mediated regulated necrosis,72,0.037577063,0.0005219036,1
PPAR signaling pathway - Homo sapiens (human),65,0.03757671,0.00057810324,1
NOTCH4 Activation and Transmission of Signal to the Nucleus,25,0.037574574,0.0015029829,1
Familial lipoprotein lipase deficiency,38,0.037562966,0.0009884991,1
TP53 network,52,0.037393995,0.00071911525,1
Nucleobase catabolism,34,0.037344832,0.0010983774,1
Signaling by ERBB2 TMD/JMD mutants,68,0.037316155,0.000548767,1
acetylation and deacetylation of rela in nucleus,56,0.03727388,0.000665605,1
chondroitin sulfate biosynthesis,42,0.037273664,0.00088746817,1
stat3 signaling pathway,36,0.037223335,0.0010339816,1
Detoxification of Reactive Oxygen Species,44,0.03720067,0.00084546977,1
RhoA signaling pathway,63,0.037198693,0.0005904554,1
LKB1 signaling events,51,0.037179675,0.00072901323,1
IRAK2 mediated activation of TAK1 complex,32,0.037136484,0.0011605151,1
Constitutive Androstane Receptor Pathway,36,0.037092377,0.0010303438,1
Argininosuccinic Aciduria,34,0.037072748,0.0010903749,1
Prostaglandin formation from arachidonate,47,0.037052695,0.0007883552,1
IkBA variant leads to EDA-ID,55,0.036927257,0.00067140465,1
Wnt-beta-catenin signaling pathway in leukemia,39,0.036859415,0.0009451132,1
Aspirin and miRNAs,16,0.036859114,0.0023036946,1
Caspase activation via Death Receptors in the presence of ligand,75,0.03683264,0.0004911019,1
Urea Cycle,34,0.036818016,0.0010828829,1
DNA methylation,55,0.03678873,0.00066888606,1
Regulation of sister chromatid separation at the metaphase-anaphase transition,36,0.03673157,0.0010203214,1
Angiogenesis,75,0.036662858,0.0004888381,1
Activation of Matrix Metalloproteinases,49,0.036573716,0.00074640237,1
PPAR signaling pathway,60,0.036570493,0.0006095082,1
rRNA processing,46,0.036560956,0.0007948034,1
CXCR3-mediated signaling events,64,0.03653016,0.00057078374,1
TSH,34,0.03651728,0.0010740376,1
Nicotinate Nicotinamide metabolism,58,0.03651111,0.0006295019,1
E-cadherin signaling in keratinocytes,47,0.036454815,0.00077563437,1
Tat-mediated elongation of the HIV-1 transcript,32,0.036453128,0.0011391602,1
Pyruvate kinase deficiency,49,0.036452282,0.0007439241,1
il 3 signaling pathway,46,0.036430296,0.00079196296,1
COPII-mediated vesicle transport,64,0.036372278,0.00056831684,1
Nuclear Pore Complex (NPC) Disassembly,66,0.036316488,0.0005502498,1
3-Phosphoglycerate dehydrogenase deficiency,51,0.03627788,0.00071133097,1
G1/S Transition,57,0.036193796,0.0006349789,1
2-oxoglutarate decarboxylation to succinyl-CoA,24,0.036181014,0.0015075422,1
Hawkinsinuria,36,0.036128134,0.0010035592,1
CHL1 interactions,34,0.036074784,0.0010610231,1
Metabolism of fat-soluble vitamins,75,0.03600882,0.0004801176,1
KIT mutants bind TKIs,7,0.03596073,0.005137247,1
Nucleotide Excision Repair,74,0.035957344,0.00048591004,1
chondroitin sulfate biosynthesis (late stages),32,0.035897084,0.0011217839,1
SARS-CoV-2 Infection,43,0.035878178,0.0008343762,1
PI-3K cascade:FGFR3,43,0.035875566,0.0008343155,1
Serotonin Receptor 4-6-7 and NR3C Signaling,41,0.035754893,0.00087207055,1
Serotonin Receptor 2 and STAT3 Signaling,31,0.035697803,0.0011515421,1
ERBB2 Regulates Cell Motility,51,0.03562182,0.000698467,1
protein citrullination,26,0.03561934,0.0013699747,1
Antipyrine Action Pathway,20,0.03560006,0.001780003,1
3-hydroxyisobutyric aciduria,66,0.035521332,0.000538202,1
FRS-mediated FGFR4 signaling,57,0.035412576,0.00062127324,1
Smooth Muscle Contraction,50,0.03540452,0.0007080904,1
Downstream signaling of activated FGFR3,56,0.035386413,0.0006319002,1
IL-10 signaling,33,0.035382252,0.0010721894,1
Mammary gland development pathway - Puberty (Stage 2 of 4),35,0.035208922,0.0010059692,1
SHC-mediated cascade:FGFR1,47,0.035133455,0.0007475203,1
SUMOylation of chromatin organization proteins,88,0.03512027,0.000399094,1
Carboxyterminal post-translational modifications of tubulin,28,0.03507154,0.001252555,1
Mercaptopurine Action Pathway,54,0.035063498,0.00064932404,1
Citrullinemia Type I,34,0.03504162,0.0010306359,1
mechanism of acetaminophen activity and toxicity,3,0.03502688,0.011675627,1
Type 2 papillary renal cell carcinoma,84,0.035026267,0.00041697937,1
VEGF and VEGFR signaling network,31,0.035017863,0.0011296085,1
Globo Sphingolipid Metabolism,43,0.035014253,0.00081428495,1
IL-6-type cytokine receptor ligand interactions,49,0.035008837,0.00071446603,1
Surfactant metabolism,30,0.034979373,0.0011659791,1
Ornithine Transcarbamylase Deficiency (OTC Deficiency),34,0.034966204,0.0010284177,1
Glucagon signaling in metabolic regulation,47,0.034928717,0.00074316416,1
RNA Polymerase II Transcription Pre-Initiation And Promoter Opening,34,0.034922183,0.0010271231,1
IGF-Core,31,0.03485116,0.0011242309,1
SUMOylation of DNA replication proteins,38,0.034782432,0.00091532717,1
Signal transduction by L1,31,0.034757968,0.0011212247,1
IL-4 signaling,20,0.034751013,0.0017375506,1
B-WICH complex positively regulates rRNA expression,58,0.034733113,0.00059884676,1
role of pi3k subunit p85 in regulation of actin organization and cell migration,30,0.03471131,0.0011570436,1
Methylmalonic Aciduria,66,0.03468853,0.00052558375,1
Sphingolipid de novo biosynthesis,57,0.03468211,0.00060845807,1
PECAM1 interactions,73,0.03465419,0.0004747149,1
Pantoprazole Action Pathway,50,0.034580003,0.0006916001,1
Hyperornithinemia-hyperammonemia-homocitrullinuria [HHH-syndrome],27,0.034525506,0.0012787224,1
Vitamin A (retinol) metabolism,52,0.034459934,0.000662691,1
The phototransduction cascade,39,0.034380246,0.0008815448,1
Fertilization,39,0.03437467,0.00088140176,1
Matrix Metalloproteinases,43,0.034234,0.0007961395,1
Suppression of phagosomal maturation,36,0.03422989,0.0009508303,1
role of nicotinic acetylcholine receptors in the regulation of apoptosis,62,0.034198754,0.0005515928,1
Telomere Maintenance,52,0.034196164,0.00065761857,1
Regulation of Complement cascade,38,0.03416208,0.00089900213,1
Metabolism of nitric oxide: NOS3 activation and regulation,22,0.03415005,0.0015522749,1
IL-12 signaling,60,0.034122482,0.00056870806,1
NAD+ biosynthetic pathways,46,0.03409115,0.00074111193,1
Drug metabolism - cytochrome P450 - Homo sapiens (human),72,0.034074284,0.00047325395,1
Diseases of Immune System,55,0.034073327,0.000619515,1
Factors and pathways affecting insulin-like growth factor (IGF1)-Akt signaling,65,0.03404837,0.0005238211,1
16p11.2 proximal deletion syndrome,67,0.03390398,0.0005060295,1
Pyruvate Dehydrogenase Complex Deficiency,49,0.033836644,0.00069054373,1
il 6 signaling pathway,50,0.033825174,0.00067650346,1
Glutathione metabolism,38,0.033822626,0.0008900691,1
Intrinsic Pathway of Fibrin Clot Formation,13,0.033821743,0.0026016724,1
Signaling events mediated by PRL,35,0.03381357,0.000966102,1
"Gamma carboxylation, hypusine formation and arylsulfatase activation",53,0.033774823,0.0006372608,1
Binding and Uptake of Ligands by Scavenger Receptors,58,0.03374406,0.0005817941,1
Porphyrin metabolism,61,0.03372026,0.0005527911,1
MFAP5 effect on permeability and motility of endothelial cells via cytoskeleton rearrangement,55,0.033673786,0.00061225065,1
L-kynurenine degradation,22,0.03366726,0.0015303299,1
Activation of APC/C and APC/C:Cdc20 mediated degradation of mitotic proteins,49,0.03365155,0.0006867663,1
Beta defensins,39,0.033521626,0.0008595289,1
downregulated of mta-3 in er-negative breast tumors,29,0.03345653,0.0011536735,1
Esomeprazole Action Pathway,50,0.033436503,0.00066873006,1
FRS-mediated FGFR3 signaling,52,0.033418413,0.0006426618,1
Argininemia,34,0.03340062,0.0009823712,1
SHC-mediated cascade:FGFR2,56,0.033375297,0.0005959874,1
Transcriptional regulation of testis differentiation,40,0.03334896,0.000833724,1
glutathione redox reactions I,38,0.03333669,0.00087728136,1
Transcription of the HIV genome,48,0.03330707,0.0006938973,1
growth hormone signaling pathway,42,0.033288326,0.0007925792,1
NOTCH-Core,48,0.03322735,0.00069223647,1
"Primary hyperoxaluria II, PH2",49,0.033227064,0.00067810336,1
Homocarnosinosis,31,0.03319553,0.0010708235,1
FGFR2 ligand binding and activation,50,0.033188704,0.0006637741,1
IL-5 signaling,53,0.03318839,0.00062619604,1
Syndecan-2-mediated signaling events,71,0.0331561,0.00046698735,1
rho cell motility signaling pathway,56,0.033121355,0.00059145276,1
Negative regulation of MET activity,58,0.033101197,0.0005707103,1
Assembly and cell surface presentation of NMDA receptors,47,0.033092506,0.0007040959,1
Initial triggering of complement,46,0.03292828,0.00071583217,1
vegf hypoxia and angiogenesis,51,0.032845248,0.00064402446,1
Salsalate Action Pathway,20,0.032843966,0.0016421983,1
ccr3 signaling in eosinophils,76,0.032835577,0.00043204706,1
Adenylate cyclase inhibitory pathway,35,0.03281548,0.0009375851,1
mRNA surveillance pathway - Homo sapiens (human),103,0.032740086,0.0003178649,1
Glycerolipid Metabolism,38,0.032658443,0.0008594327,1
bcr signaling pathway,62,0.03265659,0.0005267192,1
TFAP2 (AP-2) family regulates transcription of other transcription factors,23,0.03260626,0.0014176634,1
Translation of structural proteins,36,0.0325344,0.0009037333,1
Folate biosynthesis - Homo sapiens (human),30,0.032519516,0.0010839838,1
skeletal muscle hypertrophy is regulated via akt-mtor pathway,30,0.032476485,0.0010825495,1
Mannose type O-glycan biosynthesis - Homo sapiens (human),40,0.03246453,0.0008116133,1
NGF processing,15,0.032410588,0.0021607059,1
Host-pathogen interaction of human coronaviruses - apoptosis,61,0.03237984,0.000530817,1
One-carbon metabolism,52,0.032358743,0.00062228355,1
Recycling pathway of L1,35,0.03233905,0.00092397287,1
mucin core 1 and core 2 <i>O</i>-glycosylation,57,0.03228128,0.00056633825,1
Postmitotic nuclear pore complex (NPC) reformation,34,0.032269314,0.00094909745,1
SUMOylation of intracellular receptors,56,0.032250926,0.0005759094,1
Interleukin-15 signaling,38,0.032245956,0.0008485778,1
Chondroitin sulfate biosynthesis,28,0.032243367,0.0011515488,1
Response of Mtb to phagocytosis,46,0.032240886,0.0007008888,1
BMP Signaling Pathway in Eyelid Development,46,0.032207366,0.0007001601,1
Zinc transporters,35,0.032206755,0.000920193,1
Lansoprazole Action Pathway,50,0.032201126,0.00064402254,1
Fat digestion and absorption - Homo sapiens (human),46,0.032103024,0.0006978918,1
Hippo signaling pathway - multiple species - Homo sapiens (human),50,0.032091405,0.0006418281,1
Regulation of RUNX2 expression and activity,41,0.03205308,0.00078178244,1
PI3K events in ERBB2 signaling,53,0.032052025,0.0006047552,1
Roxatidine acetate Action Pathway,50,0.032044526,0.0006408905,1
N-Glycan antennae elongation,43,0.0319839,0.00074381166,1
Viral Messenger RNA Synthesis,33,0.031903163,0.0009667625,1
Signaling by FGFR3 point mutants in cancer,48,0.03180773,0.0006626611,1
Joubert syndrome,48,0.03179245,0.0006623427,1
Aldosterone-regulated sodium reabsorption - Homo sapiens (human),53,0.031775076,0.0005995297,1
S1P2 pathway,43,0.031676207,0.00073665596,1
Oxidative Stress,52,0.031650107,0.0006086559,1
Rap1 signalling,66,0.031590622,0.0004786458,1
Valine Leucine Isoleucine degradation,52,0.03146034,0.0006050066,1
p38 signaling mediated by MAPKAP kinases,57,0.031442206,0.00055161765,1
SUMOylation of immune response proteins,59,0.03143715,0.00053283304,1
Erythropoietin activates RAS,63,0.03138024,0.000498099,1
RHO GTPases Activate WASPs and WAVEs,52,0.0313645,0.0006031635,1
PI-3K cascade:FGFR1,48,0.031326033,0.0006526257,1
Synthesis of PA,55,0.031273726,0.00056861324,1
Rett syndrome causing genes,83,0.031253777,0.00037655153,1
Fructose Mannose metabolism,65,0.031247366,0.00048072872,1
Regulation of APC/C activators between G1/S and early anaphase,39,0.031233927,0.00080086995,1
Apoptosis - multiple species - Homo sapiens (human),45,0.031202983,0.00069339963,1
"GABA synthesis, release, reuptake and degradation",36,0.031126369,0.00086462137,1
pyruvate decarboxylation to acetyl CoA,41,0.031103095,0.00075861206,1
Signaling by FGFR3 in disease,48,0.031092184,0.0006477538,1
LIF signaling,33,0.031089067,0.000942093,1
PI-3K cascade:FGFR4,48,0.031088691,0.00064768107,1
Alpha 6 Beta 4 signaling pathway,62,0.030984001,0.00049974193,1
APC:Cdc20 mediated degradation of cell cycle proteins prior to satisfation of the cell cycle checkpoint,28,0.030965634,0.0011059155,1
tgf beta signaling pathway,50,0.030866075,0.0006173215,1
HSF1-dependent transactivation,32,0.030864345,0.0009645108,1
Non Ketotic Hyperglycinemia,51,0.030857844,0.0006050558,1
Synthesis of IP3 and IP4 in the cytosol,45,0.03085048,0.0006855662,1
GRB2:SOS provides linkage to MAPK signaling for Integrins ,21,0.0308433,0.0014687286,1
Oxidative phosphorylation,32,0.030747632,0.0009608635,1
rRNA processing in the nucleus and cytosol,44,0.030727835,0.0006983599,1
SHC-mediated cascade:FGFR3,42,0.030651744,0.00072980346,1
"Unblocking of NMDA receptors, glutamate binding and activation",39,0.03063189,0.0007854331,1
Various types of N-glycan biosynthesis - Homo sapiens (human),44,0.030615363,0.0006958037,1
Type I interferon induction and signaling during SARS-CoV-2 infection,37,0.03060235,0.0008270906,1
Eicosanoid metabolism via cyclooxygenases (COX),36,0.03058271,0.0008495197,1
Vitamin D (calciferol) metabolism,30,0.030540505,0.0010180168,1
Ammonia Recycling,39,0.030478248,0.00078149355,1
Nuclear import of Rev protein,35,0.030471602,0.0008706172,1
Cholesterol metabolism (includes both Bloch and Kandutsch-Russell pathways),37,0.030435698,0.0008225864,1
15q13.3 copy number variation syndrome,53,0.030430323,0.00057415705,1
Activation of G protein gated Potassium channels,48,0.03040328,0.0006334017,1
Defensins,43,0.030402161,0.000707027,1
Gastric Acid Production,50,0.03037335,0.000607467,1
Synthesis of Leukotrienes (LT) and Eoxins (EX),36,0.030372772,0.00084368815,1
Glyoxylate and dicarboxylate metabolism - Homo sapiens (human),44,0.030333666,0.0006894015,1
Acenocoumarol Action Pathway,21,0.03031799,0.0014437138,1
Signal regulatory protein family interactions,81,0.030295243,0.00037401536,1
NR1H2 & NR1H3 regulate gene expression linked to lipogenesis,24,0.030277045,0.0012615436,1
Vitamin D Metabolism,32,0.030258132,0.00094556663,1
Dual incision in TC-NER,52,0.030244285,0.00058162084,1
Dihydropyrimidine Dehydrogenase Deficiency (DHPD),51,0.030240433,0.0005929497,1
Renin-angiotensin-aldosterone system (RAAS),49,0.030202465,0.0006163768,1
Cell-extracellular matrix interactions,39,0.030187106,0.00077402836,1
RND3 GTPase cycle,50,0.030149411,0.00060298824,1
SARS-CoV-1 Infection,40,0.030140761,0.000753519,1
Dermatan sulfate biosynthesis,20,0.030108867,0.0015054434,1
Target Of Rapamycin (TOR) Signaling,28,0.030098861,0.0010749593,1
amb2 Integrin signaling,53,0.030067608,0.00056731334,1
Glutamate Metabolism,31,0.030032728,0.00096879766,1
Cargo concentration in the ER,41,0.030026257,0.0007323477,1
Aprotinin Action Pathway,21,0.03000039,0.00142859,1
Collagen degradation,48,0.029993111,0.0006248565,1
eIF5A regulation in response to inhibition of the nuclear export system,30,0.02998596,0.000999532,1
Formation of Fibrin Clot (Clotting Cascade),39,0.029971749,0.0007685064,1
TP53 Regulates Transcription of Genes Involved in G2 Cell Cycle Arrest,29,0.029941488,0.0010324651,1
regulation of bad phosphorylation,35,0.029916495,0.000854757,1
ABC-family proteins mediated transport,44,0.029910406,0.00067978195,1
Hematopoietic Stem Cell Gene Regulation by GABP alpha-beta Complex,48,0.029889775,0.00062270364,1
EGF,41,0.029868059,0.00072848925,1
Mitochondrial translation elongation,31,0.029868057,0.0009634857,1
NAD+ metabolism,34,0.02982319,0.00087715266,1
RNA Polymerase II Promoter Escape,34,0.029696243,0.00087341893,1
valine degradation,46,0.029690241,0.00064544,1
PKA activation in glucagon signalling,34,0.029660301,0.0008723618,1
ncRNAs involved in STAT3 signaling in hepatocellular carcinoma,40,0.029655427,0.0007413857,1
Mitochondrial biogenesis,37,0.029629165,0.0008007882,1
APC-Cdc20 mediated degradation of Nek2A,25,0.029607972,0.0011843189,1
A tetrasaccharide linker sequence is required for GAG synthesis,42,0.02959382,0.00070461474,1
Pyruvate Decarboxylase E1 Component Deficiency (PDHE1 Deficiency),49,0.029553333,0.0006031293,1
FOXA2 and FOXA3 transcription factor networks,41,0.029541897,0.00072053407,1
NR1H2 & NR1H3 regulate gene expression linked to gluconeogenesis ,26,0.029535823,0.0011359932,1
"Inactivation, recovery and regulation of the phototransduction cascade",39,0.029514981,0.0007567944,1
chromatin remodeling by hswi/snf atp-dependent complexes,33,0.029498495,0.00089389377,1
Linoleic acid metabolism - Homo sapiens (human),36,0.029489486,0.0008191524,1
Formation of TC-NER Pre-Incision Complex,28,0.029455664,0.001051988,1
Nizatidine Action Pathway,50,0.029399335,0.0005879867,1
guanosine nucleotides degradation,9,0.029388692,0.0032654102,1
Depyrimidination,30,0.029387377,0.0009795793,1
Purine Metabolism,38,0.029367004,0.0007728159,1
"Hyperglycinemia, non-ketotic",51,0.02933619,0.0005752194,1
JNK (c-Jun kinases) phosphorylation and  activation mediated by activated human TAK1,57,0.029294258,0.00051393436,1
Vitamin A Deficiency,32,0.02927753,0.0009149228,1
gata3 participate in activating the th2 cytokine genes expression,54,0.029264443,0.0005419341,1
NOTCH-Ncore,36,0.029261932,0.00081283145,1
Sumoylation by RanBP2 regulates transcriptional repression,40,0.029249072,0.0007312268,1
Serotonin receptors,39,0.029236097,0.0007496435,1
3-phosphoinositide biosynthesis,32,0.029218713,0.0009130848,1
Adenylate cyclase activating pathway,27,0.02919029,0.0010811219,1
p53 signaling pathway,37,0.029091015,0.00078624365,1
Steroid biosynthesis - Homo sapiens (human),35,0.029007101,0.00082877435,1
HIV Transcription Elongation,32,0.028998919,0.0009062162,1
"POU5F1 (OCT4), SOX2, NANOG activate genes related to proliferation",33,0.028981104,0.0008782153,1
regulation of ck1/cdk5 by type 1 glutamate receptors,32,0.028951205,0.00090472517,1
Signal amplification,38,0.028908662,0.0007607543,1
Cell recruitment (pro-inflammatory response),24,0.028875183,0.0012031327,1
Apoptotic cleavage of cellular proteins,47,0.028866224,0.000614175,1
Syndecan interactions,60,0.02884806,0.00048080098,1
Cooperation of PDCL (PhLP1) and TRiC/CCT in G-protein beta folding,36,0.028827108,0.000800753,1
TNFR1-mediated ceramide production,19,0.028815068,0.0015165826,1
dermatan sulfate biosynthesis,38,0.028806483,0.0007580654,1
SARS coronavirus and innate immunity,36,0.028798098,0.0007999472,1
Sema4D induced cell migration and growth-cone collapse,24,0.028771508,0.0011988129,1
glycine cleavage,27,0.02874102,0.0010644823,1
RNA Polymerase I Promoter Clearance,37,0.028712317,0.0007760086,1
Activated NTRK2 signals through FYN,41,0.028705195,0.0007001267,1
IL-10 Anti-inflammatory Signaling Pathway,42,0.028680526,0.00068286964,1
2-oxobutanoate degradation,30,0.028671058,0.0009557019,1
PKA activation,35,0.028651001,0.0008186,1
Ephrin signaling,46,0.028648242,0.00062278786,1
BMP2 signaling TAK1,35,0.028642844,0.000818367,1
SIRT1 negatively regulates rRNA expression,33,0.02863031,0.0008675852,1
G protein gated Potassium channels,48,0.028624626,0.0005963464,1
Formation of HIV-1 elongation complex containing HIV-1 Tat,32,0.028622193,0.00089444354,1
Dopamine receptors,26,0.028571792,0.0010989151,1
NAD Metabolism in Oncogene-Induced Senescence and Mitochondrial Dysfunction-Associated Senescence,46,0.028507117,0.0006197199,1
Activation of kainate receptors upon glutamate binding,36,0.028490588,0.0007914052,1
LPA4-mediated signaling events,33,0.028475592,0.00086289673,1
Glycerol Kinase Deficiency,38,0.028466724,0.00074912433,1
Activation of RAS in B cells,65,0.028453512,0.00043774635,1
"Formation of the ternary complex, and subsequently, the 43S complex",40,0.02841926,0.0007104815,1
Adenine phosphoribosyltransferase deficiency (APRT),38,0.028402328,0.0007474297,1
Assembly of active LPL and LIPC lipase complexes,38,0.028376924,0.00074676116,1
Mitochondrial translation,32,0.02837536,0.00088673,1
Dopamine beta-hydroxylase deficiency,36,0.0283703,0.0007880639,1
Glycine degradation,27,0.028336503,0.0010495001,1
Laminin interactions,39,0.028334776,0.0007265327,1
BDNF activates NTRK2 (TRKB) signaling,12,0.028296134,0.0023580112,1
"Glycine, serine and threonine metabolism - Homo sapiens (human)",54,0.028277583,0.00052365893,1
Glycosphingolipid biosynthesis - ganglio series - Homo sapiens (human),45,0.028274994,0.0006283332,1
Global Genome Nucleotide Excision Repair (GG-NER),57,0.028273609,0.0004960282,1
Anistreplase Action Pathway,21,0.02820913,0.0013432918,1
il 4 signaling pathway,48,0.02819422,0.0005873796,1
"PTK6 Regulates RHO GTPases, RAS GTPase and MAP kinases",38,0.028188037,0.00074179046,1
Signaling by PDGFR in disease,44,0.02817335,0.0006403034,1
Thioguanine Action Pathway,54,0.028124375,0.0005208218,1
Transcriptional activity of SMAD2/SMAD3:SMAD4 heterotrimer,38,0.028090803,0.00073923165,1
SUMOylation of SUMOylation proteins,36,0.02808313,0.00078008696,1
Base Excision Repair,52,0.028037654,0.00053918565,1
Retinol Metabolism,32,0.028016973,0.0008755304,1
Cannabinoid receptor signaling,24,0.027958559,0.00116494,1
Regulation of RUNX1 Expression and Activity,37,0.027953582,0.0007555022,1
Signal attenuation,52,0.027922273,0.0005369668,1
angiotensin ii mediated activation of jnk pathway via pyk2 dependent signaling,51,0.027919272,0.0005474367,1
isoleucine degradation,42,0.027916385,0.00066467584,1
Reactions specific to the complex N-glycan synthesis pathway,24,0.027907835,0.0011628264,1
TFAP2 (AP-2) family regulates transcription of cell cycle factors,19,0.027905382,0.0014687043,1
ERBB2 Activates PTK6 Signaling,49,0.027896408,0.00056931446,1
Pyridoxine dependency with seizures,34,0.027885973,0.0008201757,1
Overview of nanoparticle effects,38,0.02784146,0.00073267,1
igf-1 signaling pathway,34,0.027832618,0.0008186064,1
"Base-Excision Repair, AP Site Formation",30,0.02781259,0.00092708634,1
Genes targeted by miRNAs in adipocytes,37,0.027805723,0.000751506,1
Vitamin digestion and absorption - Homo sapiens (human),30,0.027738707,0.0009246236,1
Pyruvate Metabolism,49,0.027719915,0.0005657126,1
tsp-1 induced apoptosis in microvascular endothelial cell,35,0.027657144,0.0007902041,1
g-protein signaling through tubby proteins,37,0.027652623,0.0007473682,1
Transport of connexons to the plasma membrane,10,0.027647944,0.0027647945,1
Ranitidine Action Pathway,50,0.027641524,0.00055283046,1
Downregulation of TGF-beta receptor signaling,49,0.02763608,0.0005640016,1
HIV elongation arrest and recovery,25,0.027618602,0.001104744,1
WNT-Core,60,0.02761571,0.00046026183,1
Ardeparin Action Pathway,21,0.027592916,0.0013139484,1
epo signaling pathway,37,0.027572628,0.00074520614,1
Selenocompound metabolism - Homo sapiens (human),26,0.027543671,0.001059372,1
Tamoxifen metabolism,31,0.027509091,0.00088739005,1
HDACs deacetylate histones,33,0.027428934,0.00083117984,1
Arginine and Proline Metabolism,27,0.027424848,0.0010157351,1
Vitamin B3 (nicotinate and nicotinamide) metabolism,67,0.027390676,0.00040881606,1
PI3K events in ERBB4 signaling,43,0.027388241,0.0006369358,1
Attenuation phase,21,0.02736263,0.0013029823,1
Conversion from APC/C:Cdc20 to APC/C:Cdh1 in late anaphase,15,0.027337763,0.0018225176,1
Rabeprazole Action Pathway,50,0.027301097,0.00054602197,1
Biosynthesis of unsaturated fatty acids - Homo sapiens (human),24,0.02723635,0.0011348479,1
Negative regulation of NOTCH4 signaling,33,0.0272139,0.0008246636,1
Butanoate metabolism - Homo sapiens (human),16,0.027197255,0.0016998284,1
PAR1-mediated thrombin signaling events,39,0.027193071,0.0006972582,1
coenzyme A biosynthesis,9,0.027191598,0.0030212887,1
Acyl chain remodelling of PC,45,0.027151449,0.00060336554,1
PKA-mediated phosphorylation of CREB,36,0.027141038,0.00075391773,1
Farnesoid X receptor pathway,37,0.02713522,0.0007333843,1
Long-term potentiation,42,0.02712782,0.00064590044,1
Interleukin-36 pathway,32,0.027114637,0.0008473324,1
FOXM1 transcription factor network,60,0.02708993,0.0004514988,1
VEGFR2 mediated cell proliferation,43,0.02707957,0.0006297574,1
Erythropoietin activates Phospholipase C gamma (PLCG),51,0.027072538,0.0005308341,1
Plexin-D1 Signaling,42,0.027062355,0.00064434175,1
Mitochondrial iron-sulfur cluster biogenesis,23,0.027050227,0.0011760968,1
phospholipases,45,0.02704768,0.0006010596,1
Omeprazole Action Pathway,50,0.027022095,0.0005404419,1
Meiotic recombination,25,0.027015753,0.0010806301,1
Myogenesis,47,0.026991459,0.0005742863,1
Norepinephrine Neurotransmitter Release Cycle,32,0.026973026,0.00084290706,1
ATM Signaling Pathway,32,0.026954748,0.00084233587,1
SHC1 events in ERBB4 signaling,53,0.02693043,0.00050812133,1
WNT ligand biogenesis and trafficking,35,0.026877463,0.0007679275,1
Translation inhibitors in chronically activated PDGFRA cells,49,0.026858158,0.0005481257,1
SHC1 events in ERBB2 signaling,67,0.026855228,0.0004008243,1
SUMOylation of RNA binding proteins,43,0.026851965,0.0006244643,1
gamma-aminobutyric acid receptor life cycle pathway,21,0.026846949,0.0012784261,1
Inositol transporters,17,0.02680265,0.0015766264,1
PTF1A related regulatory pathway,48,0.02679109,0.00055814773,1
RNA Polymerase I Promoter Escape,32,0.026762594,0.00083633105,1
TPO signaling,24,0.026750935,0.0011146223,1
Pirenzepine Action Pathway,50,0.026731499,0.00053463,1
Synthesis of very long-chain fatty acyl-CoAs,31,0.026677873,0.0008605766,1
Signaling by high-kinase activity BRAF mutants,36,0.026630947,0.00073974853,1
Cell Differentiation - Index expanded,39,0.026623346,0.0006826499,1
Lesch-Nyhan Syndrome (LNS),38,0.026588397,0.0006996947,1
pertussis toxin-insensitive ccr5 signaling in macrophage,48,0.026587127,0.00055389846,1
Negative epigenetic regulation of rRNA expression,44,0.026570268,0.00060386973,1
RNA Polymerase I Transcription,48,0.02647863,0.00055163814,1
MAP3K1 role in promoting and blocking gonadal determination,46,0.026476366,0.0005755732,1
Fructose and mannose metabolism - Homo sapiens (human),29,0.026463734,0.0009125426,1
Osteoblast Signaling,44,0.026444003,0.0006010001,1
Gout or Kelley-Seegmiller Syndrome,38,0.026415491,0.0006951445,1
Alkaptonuria,36,0.026413526,0.0007337091,1
HS-GAG degradation,51,0.026407842,0.0005178008,1
"fructose 2,6-bisphosphate synthesis",18,0.02637078,0.0014650434,1
FOXO-mediated transcription of cell cycle genes,57,0.02631967,0.0004617486,1
Host-pathogen interaction of human coronaviruses - MAPK signaling,41,0.02630194,0.00064151076,1
Formation of the Early Elongation Complex,29,0.02628942,0.00090653176,1
Biosynthesis of specialized proresolving mediators (SPMs),24,0.026282344,0.0010950976,1
Tyrosine Metabolism,36,0.02627128,0.00072975777,1
Xanthinuria type II,38,0.026271129,0.0006913455,1
Signaling events mediated by the Hedgehog family,46,0.026266912,0.00057101983,1
Acrosome Reaction and Sperm:Oocyte Membrane Binding,22,0.026260056,0.0011936389,1
Activated point mutants of FGFR2,44,0.026256999,0.00059675,1
Vpr-mediated nuclear import of PICs,34,0.026226146,0.0007713572,1
ID,40,0.02618875,0.0006547187,1
Glycerolipids and Glycerophospholipids,30,0.026181402,0.0008727134,1
NEP/NS2 Interacts with the Cellular Export Machinery,29,0.026149256,0.0009016985,1
Nef and signal transduction,40,0.026023537,0.0006505884,1
Synthesis of DNA,52,0.025963085,0.00049929006,1
mRNA Capping,26,0.025940478,0.0009977107,1
Xanthinuria type I,38,0.025913462,0.0006819332,1
Heparin Action Pathway,21,0.025884101,0.0012325762,1
Organic cation/anion/zwitterion transport,29,0.025871277,0.000892113,1
Wnt signaling in kidney disease,49,0.025869403,0.000527947,1
Gastric Cancer Network 2,33,0.025868127,0.0007838826,1
RXR and RAR heterodimerization with other nuclear receptor,51,0.025867594,0.00050720776,1
Cell-type Dependent Selectivity of CCK2R Signaling,24,0.025837399,0.0010765583,1
miR-509-3p alteration of YAP1-ECM axis,32,0.02579302,0.00080603187,1
Betazole Action Pathway,50,0.025772642,0.0005154528,1
Threonine and 2-Oxobutanoate Degradation,30,0.025765423,0.0008588474,1
NoRC negatively regulates rRNA expression,33,0.025717342,0.0007793134,1
Interactions of Vpr with host cellular proteins,34,0.025715156,0.0007563281,1
Adenosine Deaminase Deficiency,38,0.025704734,0.00067644037,1
Depurination,25,0.025703926,0.0010281571,1
Nucleosome assembly,45,0.02566048,0.00057023286,1
L-arginine:glycine amidinotransferase deficiency,27,0.025644183,0.0009497846,1
Indomethacin Action Pathway,25,0.025573231,0.0010229292,1
cell cycle: g2/m checkpoint,41,0.02557304,0.0006237327,1
Recognition and association of DNA glycosylase with site containing an affected pyrimidine,30,0.025563309,0.0008521103,1
D-glyceric acidura,38,0.025560942,0.00067265634,1
Interleukin-10 signaling,33,0.025556887,0.0007744511,1
IL-3 signaling,35,0.025549406,0.00072998303,1
EV release from cardiac cells and their functional effects,36,0.02553653,0.00070934807,1
tRNA modification in the nucleus and cytosol,44,0.025514651,0.00057987846,1
Glycosphingolipid biosynthesis - ganglioseries,42,0.02545612,0.0006060981,1
Circadian rhythm pathway,24,0.025431426,0.0010596428,1
Neurotoxicity of clostridium toxins,21,0.025423296,0.0012106331,1
PDGF Pathway,47,0.025419997,0.000540851,1
fc epsilon receptor i signaling in mast cells,61,0.025414623,0.00041663318,1
H19 action Rb-E2F1 signaling and CDK-Beta-catenin activity,29,0.025411313,0.0008762522,1
Mitochondrial Electron Transport Chain,39,0.0254082,0.00065149233,1
Triacylglyceride synthesis,40,0.025376067,0.0006344017,1
Inwardly rectifying K+ channels,56,0.025319414,0.0004521324,1
Glycolysis Gluconeogenesis,60,0.025305584,0.00042175973,1
Cleavage of the damaged purine,25,0.025274696,0.0010109878,1
MECP2 regulates transcription factors,34,0.025238223,0.0007423007,1
Sarcosinemia,51,0.025233943,0.0004947832,1
Ribosomal scanning and start codon recognition,44,0.025195878,0.0005726336,1
Formation of the HIV-1 Early Elongation Complex,29,0.025159627,0.00086757337,1
Pre-NOTCH Processing in the Endoplasmic Reticulum,26,0.025146646,0.0009671787,1
RNA Polymerase I Transcription Termination,43,0.025144743,0.00058476144,1
Adenylosuccinate Lyase Deficiency,38,0.025107319,0.0006607189,1
RNA Polymerase II Transcription Initiation And Promoter Clearance,34,0.025097493,0.00073816156,1
Disulfiram Action Pathway,43,0.025076512,0.0005831747,1
IL-6 signaling,31,0.024995165,0.00080629566,1
Presynaptic depolarization and calcium channel opening,37,0.024993656,0.0006755042,1
Cells and molecules involved in local acute inflammatory response,57,0.02498682,0.00043836527,1
"BMAL1:CLOCK,NPAS2 activates circadian gene expression",23,0.024982512,0.0010861962,1
EGFR downregulation,34,0.024978183,0.00073465245,1
Condensation of Prophase Chromosomes,34,0.02493087,0.0007332609,1
triacylglycerol biosynthesis,38,0.024924455,0.00065590674,1
pdgf signaling pathway,40,0.024861423,0.0006215356,1
Nabumetone Action Pathway,20,0.024857603,0.0012428801,1
Translation Factors,28,0.024856858,0.00088774494,1
Cellular hexose transport,22,0.024815341,0.00112797,1
Phospholipase C-mediated cascade; FGFR4,36,0.024777448,0.00068826246,1
Histidine degradation,29,0.024775602,0.0008543311,1
nsp1 from SARS-CoV-2 inhibits translation initiation in the host cell,14,0.024691388,0.0017636706,1
Aurora B signaling,21,0.024669614,0.0011747435,1
erk1/erk2 mapk signaling pathway,30,0.024609094,0.00082030316,1
Amino acids regulate mTORC1,43,0.024606751,0.00057225005,1
Release of Hh-Np from the secreting cell,8,0.024573136,0.003071642,1
Formation of HIV elongation complex in the absence of HIV Tat,32,0.02456605,0.0007676891,1
RHO GTPases Activate NADPH Oxidases,54,0.024540909,0.00045446126,1
Activation of BH3-only proteins,45,0.024534956,0.00054522126,1
GRB2 events in ERBB2 signaling,57,0.02450989,0.00042999806,1
EPHA2 forward signaling,30,0.024488352,0.0008162784,1
Phase 0 - rapid depolarisation,31,0.024469573,0.00078934105,1
HIV Transcription Initiation,34,0.024449395,0.00071909983,1
Regulation of Glucokinase by Glucokinase Regulatory Protein,36,0.024447449,0.0006790958,1
Inactivation of APC/C via direct inhibition of the APC/C complex,24,0.024405183,0.0010168826,1
Cleavage of the damaged pyrimidine ,30,0.024401428,0.00081338093,1
FGFR3c ligand binding and activation,34,0.02437743,0.0007169832,1
Regulation of TLR by endogenous ligand,35,0.02435541,0.00069586886,1
COPI-independent Golgi-to-ER retrograde traffic,31,0.024355406,0.00078565825,1
ATM Signaling Network in Development and Disease,38,0.024320435,0.00064001145,1
TLR ECSIT MEKK1 p38,33,0.024313206,0.0007367638,1
Lovastatin Action Pathway,14,0.02430916,0.0017363686,1
Methionine Cysteine metabolism,38,0.024304198,0.00063958415,1
ERK/MAPK targets,28,0.024277605,0.0008670573,1
RANKL,52,0.024276957,0.00046686456,1
Hyperinsulinism-Hyperammonemia Syndrome,31,0.024201863,0.00078070525,1
Glutaric Aciduria Type I,44,0.024186509,0.00054969336,1
role of erk5 in neuronal survival pathway,37,0.024182998,0.00065359456,1
phosphoinositides and their downstream targets,36,0.024167538,0.0006713205,1
Mitochondrial translation initiation,31,0.024141058,0.0007787438,1
Insulin-mediated glucose transport,43,0.02413307,0.0005612342,1
RHOBTB GTPase Cycle,41,0.024130933,0.0005885593,1
Lissencephaly gene (LIS1) in neuronal migration and development,25,0.024127983,0.0009651193,1
2-Hydroxyglutric Aciduria (D And L Form),31,0.024112992,0.00077783846,1
Vasopressin-regulated water reabsorption - Homo sapiens (human),44,0.02410165,0.00054776476,1
activation of pkc through g-protein coupled receptors,40,0.024094285,0.00060235715,1
RHOU GTPase cycle,26,0.024073318,0.0009258968,1
Vitamins,23,0.024054723,0.0010458576,1
Phospholipase C-mediated cascade; FGFR2,45,0.023989359,0.00053309684,1
Signaling by FLT3 ITD and TKD mutants,32,0.023968905,0.0007490283,1
Purine Nucleoside Phosphorylase Deficiency,38,0.023966737,0.0006307036,1
NR1H3 & NR1H2 regulate gene expression linked to cholesterol transport and efflux,39,0.023918604,0.00061329757,1
mRNA Splicing - Minor Pathway,26,0.023909833,0.000919609,1
Biosynthesis of DHA-derived SPMs,23,0.02390318,0.0010392687,1
Hyperlysinemia II or Saccharopinuria,34,0.023898698,0.0007029029,1
CDP-diacylglycerol biosynthesis,32,0.023895478,0.0007467337,1
RHOBTB2 GTPase cycle,33,0.023806093,0.00072139676,1
Aminoacyl-tRNA biosynthesis - Homo sapiens (human),28,0.023754276,0.000848367,1
Scavenging by Class A Receptors,42,0.02375278,0.0005655424,1
Gap junction assembly,10,0.023748828,0.0023748828,1
retinol biosynthesis,24,0.02373001,0.0009887504,1
Follicle Stimulating Hormone (FSH) signaling pathway,36,0.023725618,0.00065904495,1
Activated NTRK3 signals through PLCG1,12,0.023707902,0.0019756586,1
XAV939 stabilizes AXIN,11,0.023706855,0.0021551687,1
Basal transcription factors - Homo sapiens (human),36,0.023696005,0.00065822236,1
Inhibition of the proteolytic activity of APC/C required for the onset of anaphase by mitotic spindle checkpoint components,24,0.023687575,0.0009869823,1
Other interleukin signaling,35,0.023666201,0.00067617715,1
Nuclear Receptors in Lipid Metabolism and Toxicity,42,0.023654703,0.0005632072,1
Nonhomologous End-Joining (NHEJ),32,0.023652319,0.00073913496,1
Myoadenylate deaminase deficiency,38,0.023621332,0.000621614,1
Tyrosinemia Type I,36,0.023612946,0.0006559152,1
Caloric restriction and aging,19,0.023595715,0.0012418798,1
Selenoamino Acid Metabolism,26,0.023594096,0.00090746523,1
Pyrimidine Metabolism,20,0.023588529,0.0011794264,1
VEGFR3 signaling in lymphatic endothelium,33,0.02356265,0.0007140197,1
TRAF6 mediated IRF7 activation,25,0.023515038,0.0009406015,1
how progesterone initiates the oocyte maturation,32,0.023499977,0.0007343743,1
alpha-Linolenic acid metabolism - Homo sapiens (human),31,0.02349284,0.00075783354,1
Metiamide Action Pathway,50,0.023484927,0.00046969854,1
"Transport of vitamins, nucleosides, and related molecules",47,0.023477722,0.000499526,1
Striated Muscle Contraction Pathway,17,0.023453195,0.0013795997,1
Signalling to RAS,44,0.023445737,0.00053285767,1
"Cobalamin (Cbl, vitamin B12) transport and metabolism",23,0.023443257,0.001019272,1
Nectin/Necl  trans heterodimerization,34,0.023442363,0.00068948127,1
il-7 signal transduction,49,0.023417056,0.0004778991,1
Cellular response to hypoxia,49,0.02341624,0.00047788245,1
Translocation of SLC2A4 (GLUT4) to the plasma membrane,40,0.02338676,0.000584669,1
Unfolded protein response,27,0.023360528,0.0008652047,1
RNA Polymerase I Transcription Initiation,35,0.023343753,0.0006669644,1
Celecoxib Action Pathway,25,0.023324195,0.0009329678,1
RNA Pol II CTD phosphorylation and interaction with CE,26,0.023320219,0.0008969315,1
Regulation of apoptosis by parathyroid hormone-related protein,40,0.023313614,0.00058284035,1
NAD salvage,21,0.02330764,0.0011098876,1
RUNX3 regulates RUNX1-mediated transcription,24,0.02330343,0.00097097625,1
Platelet sensitization by LDL,31,0.02329435,0.00075143063,1
Aminocaproic Acid Action Pathway,21,0.023274101,0.0011082905,1
Alanine Aspartate Asparagine metabolism,29,0.023272779,0.0008025096,1
rRNA modification in the nucleus and cytosol,44,0.023265455,0.0005287603,1
4-Hydroxybutyric Aciduria/Succinic Semialdehyde Dehydrogenase Deficiency,31,0.023252336,0.0007500754,1
RHOV GTPase cycle,25,0.0232482,0.000929928,1
Lamivudine Metabolism Pathway,23,0.023219,0.0010095218,1
Golgi Cisternae Pericentriolar Stack Reorganization,16,0.02320237,0.0014501482,1
Vitamin B5 - CoA biosynthesis from pantothenate,21,0.023176678,0.0011036514,1
Intracellular Signalling Through PGD2 receptor and Prostaglandin D2,14,0.023155686,0.0016539776,1
Signaling by activated point mutants of FGFR1,30,0.02309249,0.00076974963,1
proteasome complex,64,0.023091668,0.00036080732,1
Lysine metabolism,41,0.023069154,0.0005626623,1
Fluoropyrimidine Activity,31,0.023045834,0.000743414,1
Gastrin-CREB signalling pathway via PKC and MAPK,28,0.023024991,0.0008223211,1
Tenoxicam Action Pathway,20,0.022997405,0.0011498702,1
Collecting duct acid secretion - Homo sapiens (human),46,0.022963556,0.0004992077,1
Nef mediated downregulation of CD28 cell surface expression,53,0.02295319,0.00043307905,1
Vitamin D3 (cholecalciferol) metabolism,18,0.022922706,0.0012734836,1
Glycosphingolipid biosynthesis - globoseries,26,0.0229192,0.0008815077,1
Prolidase Deficiency (PD),27,0.022914045,0.00084866834,1
Nucleotide excision repair - Homo sapiens (human),39,0.022894256,0.0005870322,1
JNK signaling in the CD4+ TCR pathway,67,0.02285725,0.000341153,1
neuroregulin receptor degredation protein-1 controls erbb3 receptor recycling,37,0.022836901,0.00061721355,1
Mitochondrial translation termination,30,0.022791266,0.00075970887,1
Pausing and recovery of HIV elongation,25,0.022766285,0.0009106514,1
Acyl chain remodelling of PS,34,0.022755796,0.0006692881,1
Influenza Viral RNA Transcription and Replication,33,0.022675985,0.0006871511,1
2-aminoadipic 2-oxoadipic aciduria,34,0.02266636,0.00066665764,1
RUNX3 regulates WNT signaling,28,0.022645006,0.0008087502,1
Tie2 Signaling,43,0.022626895,0.00052620686,1
adp-ribosylation factor,53,0.022613795,0.0004266754,1
Transcriptional cascade regulating adipogenesis,24,0.022590201,0.0009412584,1
Lepirudin Action Pathway,21,0.022498168,0.0010713413,1
Phosphorylation of the APC/C,16,0.022470603,0.0014044127,1
Switching of origins to a post-replicative state,33,0.022446418,0.00068019447,1
role of mitochondria in apoptotic signaling,24,0.022383235,0.0009326348,1
Fructose and mannose metabolism,20,0.022378,0.0011189,1
Gluconeogenesis,39,0.022328012,0.00057251315,1
HH-Ncore,35,0.02220069,0.00063430547,1
Validated nuclear estrogen receptor beta network,30,0.02219154,0.000739718,1
Protein export - Homo sapiens (human),32,0.02217886,0.0006930894,1
Hyperprolinemia Type II,27,0.022157514,0.0008206487,1
Methionine Adenosyltransferase Deficiency,23,0.022154905,0.00096325675,1
Salicylic Acid Action Pathway,20,0.022131745,0.0011065872,1
Effects of nitric oxide,43,0.02211421,0.00051428395,1
Alteplase Action Pathway,21,0.022100722,0.0010524153,1
Vitamin B1 (thiamin) metabolism,17,0.022098422,0.0012999072,1
Bromfenac Action Pathway,20,0.022074446,0.0011037223,1
Signaling by Activin,30,0.022056775,0.00073522585,1
effects of calcineurin in keratinocyte differentiation,17,0.022020083,0.001295299,1
Aspartate and asparagine metabolism,21,0.022019211,0.0010485338,1
Porphyrin and chlorophyll metabolism - Homo sapiens (human),51,0.021990452,0.00043118533,1
LGI-ADAM interactions,34,0.021975003,0.0006463236,1
Lysine Degradation,34,0.0219603,0.0006458912,1
Mitochondrial CII Assembly,32,0.021937411,0.0006855441,1
Tat-mediated HIV elongation arrest and recovery,25,0.021915616,0.00087662466,1
RUNX1 regulates transcription of genes involved in differentiation of myeloid cells,24,0.021894718,0.0009122799,1
FGF23 signaling in hypophosphatemic rickets and related disorders,49,0.021866199,0.00044624895,1
telomeres telomerase cellular aging and immortality,28,0.021770583,0.0007775208,1
SRF and miRs in Smooth Muscle Differentiation and Proliferation,29,0.0217669,0.0007505827,1
NAD <i>de novo</i> biosynthesis,33,0.021749321,0.0006590703,1
Phenprocoumon Action Pathway,21,0.021746695,0.0010355569,1
p38MAPK events,39,0.02174472,0.0005575569,1
Argatroban Action Pathway,21,0.021727547,0.0010346451,1
Export of Viral Ribonucleoproteins from Nucleus,29,0.021726208,0.00074917957,1
Muscarinic acetylcholine receptors,27,0.021655787,0.0008020662,1
west nile virus,8,0.021649862,0.0027062327,1
Negative feedback regulation of MAPK pathway,7,0.02163718,0.0030910259,1
"Regulation of glycolysis by fructose 2,6-bisphosphate metabolism",24,0.021574788,0.0008989495,1
HSP90 chaperone cycle for steroid hormone receptors (SHR),16,0.021573892,0.0013483682,1
Interaction between L1 and Ankyrins,31,0.021566592,0.0006956965,1
VEGFR1 specific signals,45,0.021488901,0.00047753114,1
Toxicity of botulinum toxin type A (botA),10,0.021416388,0.002141639,1
Suprofen Action Pathway,20,0.02140383,0.0010701915,1
FGFR1c ligand binding and activation,30,0.021345641,0.00071152137,1
Methylation,22,0.02134217,0.0009700986,1
Acyl chain remodelling of PI,25,0.02132318,0.0008529272,1
Pantothenate and CoA biosynthesis - Homo sapiens (human),34,0.021308195,0.00062671164,1
FTO Obesity Variant Mechanism,20,0.021300264,0.0010650132,1
Insulin receptor recycling,42,0.021295771,0.00050704216,1
Zinc homeostasis,41,0.021293765,0.0005193601,1
FGFR2c ligand binding and activation,43,0.021282865,0.00049495033,1
MTOR signalling,25,0.021252286,0.00085009146,1
Multifunctional anion exchangers,37,0.021202177,0.0005730318,1
Lysine catabolism,32,0.021154761,0.0006610863,1
FLT3 signaling in disease,42,0.021153757,0.0005036609,1
Regulation of cytoskeletal remodeling and cell spreading by IPP complex components,29,0.021112699,0.0007280241,1
Recycling of bile acids and salts,26,0.021094501,0.00081132696,1
Abacavir transport and metabolism,18,0.021090366,0.001171687,1
HuR (ELAVL1) binds and stabilizes mRNA,35,0.021085156,0.00060243305,1
Tranexamic Acid Action Pathway,21,0.021060146,0.0010028641,1
Regulation of RUNX3 expression and activity,16,0.021036625,0.001314789,1
RUNX2 regulates osteoblast differentiation,73,0.021032112,0.00028811113,1
Eicosanoid Synthesis,22,0.021005556,0.000954798,1
Monoamine oxidase-a deficiency (MAO-A),36,0.021001648,0.0005833791,1
Formation of Incision Complex in GG-NER,41,0.020982688,0.0005117729,1
Acetylcholine Neurotransmitter Release Cycle,23,0.020959303,0.00091127405,1
DARPP-32 events,35,0.020940837,0.0005983096,1
Triglyceride metabolism,28,0.020939488,0.0007478389,1
il22 soluble receptor signaling pathway,39,0.020926818,0.0005365851,1
MAPK Cascade,35,0.02091709,0.00059763115,1
Ibuprofen Action Pathway,41,0.02090317,0.0005098334,1
Regulation of cytoplasmic and nuclear SMAD2/3 signaling,23,0.020889437,0.00090823637,1
FGFR1 ligand binding and activation,35,0.02088893,0.0005968266,1
nitric oxide signaling pathway,25,0.020876583,0.0008350633,1
Coagulation ,21,0.020859199,0.0009932952,1
triacylglycerol degradation,34,0.020853555,0.0006133398,1
Propanoate metabolism,33,0.02084673,0.0006317191,1
HDMs demethylate histones,39,0.020833787,0.00053419964,1
Mefenamic Acid Action Pathway,20,0.020833211,0.0010416606,1
RNA Polymerase III Abortive And Retractive Initiation,24,0.020830136,0.0008679223,1
Steroid Biosynthesis,23,0.02079388,0.00090408174,1
CREB1 phosphorylation through the activation of Adenylate Cyclase,26,0.020761302,0.0007985116,1
Inhibition of exosome biogenesis and secretion by Manumycin A in CRPC cells,29,0.02069709,0.0007136928,1
RAS processing,35,0.02068758,0.0005910737,1
Visual signal transduction: Cones,29,0.02068202,0.0007131731,1
TGF-beta signaling TAK1,38,0.020671435,0.0005439851,1
TNFR1-induced NFkappaB signaling pathway,40,0.02063856,0.000515964,1
Gemcitabine Metabolism Pathway,14,0.020617671,0.0014726908,1
Ephrin A  reverse signaling,40,0.02060448,0.000515112,1
Flurbiprofen Action Pathway,20,0.020603957,0.0010301978,1
Meiosis,26,0.02059144,0.00079197844,1
Glutathione conjugation,20,0.020574337,0.0010287168,1
Hedgehog Signaling Pathway Netpath,30,0.020563072,0.0006854357,1
Urokinase Action Pathway,21,0.020554911,0.0009788054,1
Xanthine Dehydrogenase Deficiency (Xanthinuria),38,0.020513842,0.0005398379,1
il-10 anti-inflammatory signaling pathway,38,0.020497909,0.00053941866,1
Bicarbonate transporters,23,0.020468155,0.00088991976,1
y branching of actin filaments,29,0.020447578,0.0007050889,1
FGFR3 ligand binding and activation,34,0.020410925,0.00060032133,1
Aggrephagy,27,0.020389019,0.0007551488,1
Prolinemia Type II,27,0.020384436,0.00075497915,1
Cdc20:Phospho-APC/C mediated degradation of Cyclin A,28,0.02036186,0.00072720926,1
Vitamin E metabolism,26,0.020361027,0.00078311644,1
G2 Phase,13,0.020343991,0.0015649224,1
Synthesis of PC,28,0.020342577,0.0007265206,1
Bivalirudin Action Pathway,21,0.02030591,0.00096694805,1
Budding and maturation of HIV virion,24,0.0202823,0.00084509584,1
ErbB receptor signaling network,54,0.020271039,0.00037538962,1
NOTCH3 Activation and Transmission of Signal to the Nucleus,24,0.020248704,0.000843696,1
Hyperornithinemia with gyrate atrophy (HOGA),27,0.020237926,0.00074955286,1
intrinsic prothrombin activation pathway,24,0.020201419,0.0008417258,1
Signaling by NTRK3 (TRKC),17,0.020193797,0.0011878704,1
Pentose and glucuronate interconversions - Homo sapiens (human),61,0.02014715,0.00033028115,1
Intraflagellar transport,28,0.020116856,0.00071845914,1
Effects of Botulinum toxin,18,0.02006176,0.0011145421,1
cyclins and cell cycle regulation,20,0.020047588,0.0010023795,1
Bile acid and bile salt metabolism,52,0.020046592,0.00038551138,1
"TICAM1,TRAF6-dependent induction of TAK1 complex",34,0.019971812,0.0005874062,1
RA biosynthesis pathway,35,0.019931363,0.0005694675,1
Ascorbate and aldarate metabolism - Homo sapiens (human),57,0.019925367,0.00034956785,1
Drug Induction of Bile Acid Pathway,17,0.01989774,0.0011704554,1
Histidine metabolism - Homo sapiens (human),22,0.01986458,0.00090293546,1
DNA Replication Pre-Initiation,25,0.019851273,0.0007940509,1
let-7 inhibition of ES cell reprogramming,30,0.019827789,0.0006609263,1
hypoxia and p53 in the cardiovascular system,50,0.019817673,0.00039635345,1
ADP signalling through P2Y purinoceptor 12,18,0.019796442,0.0010998023,1
g-secretase mediated erbb4 signaling pathway,40,0.019777924,0.0004944481,1
Tolmetin Action Pathway,20,0.019753069,0.0009876534,1
Interleukin-18 signaling,19,0.019745044,0.0010392129,1
Arginine: Glycine Amidinotransferase Deficiency (AGAT Deficiency),27,0.019738661,0.0007310615,1
Phenylbutazone Action Pathway,20,0.019728301,0.0009864151,1
FGFR4 ligand binding and activation,35,0.019675653,0.0005621615,1
citrulline-nitric oxide cycle,37,0.019645985,0.00053097255,1
Elastic fibre formation,59,0.019641986,0.00033291502,1
Melanin biosynthesis,13,0.019540912,0.0015031471,1
Transcriptional Regulation by E2F6,31,0.019506484,0.0006292414,1
Insulin processing,25,0.019506011,0.00078024046,1
RUNX3 regulates p14-ARF,44,0.019496793,0.00044310893,1
Signaling by Ligand-Responsive EGFR Variants in Cancer,25,0.019491663,0.00077966653,1
Activated NOTCH1 Transmits Signal to the Nucleus,32,0.019465847,0.0006083077,1
Pentose phosphate pathway,30,0.019441687,0.0006480562,1
Dicumarol Action Pathway,21,0.019437922,0.0009256153,1
Oxaprozin Action Pathway,20,0.019410314,0.0009705157,1
ISG15 antiviral mechanism,36,0.01940981,0.0005391614,1
Inhibition of nitric oxide production,32,0.019365715,0.0006051786,1
FGFR3b ligand binding and activation,22,0.019332336,0.00087874255,1
lissencephaly gene (lis1) in neuronal migration and development,19,0.019307232,0.0010161701,1
Renin-angiotensin system - Homo sapiens (human),83,0.01929581,0.00023247964,1
Mammary gland development pathway - Involution (Stage 4 of 4),25,0.019278621,0.00077114487,1
IFN alpha signaling,24,0.019262504,0.0008026043,1
Class I PI3K signaling events mediated by Akt,30,0.019227084,0.0006409028,1
Glucagon-type ligand receptors,39,0.019217705,0.00049276167,1
transcriptional activation of dbpb from mrna,26,0.0191932,0.00073820003,1
"<i>trans, trans</i>-farnesyl diphosphate biosynthesis",2,0.019167744,0.009583872,1
eNOS activation,18,0.019144826,0.0010636015,1
Inhibition  of voltage gated Ca2+ channels via Gbeta/gamma subunits,48,0.019128643,0.0003985134,1
APC/C:Cdc20 mediated degradation of Securin,34,0.019115368,0.0005622167,1
Prolonged ERK activation events,18,0.01908596,0.0010603311,1
Phenindione Action Pathway,21,0.01907448,0.00090830855,1
Phenylalanine degradation,28,0.019051827,0.0006804224,1
Sema4D in semaphorin signaling,27,0.01904732,0.0007054563,1
CD163 mediating an anti-inflammatory response,12,0.01901458,0.0015845484,1
Interleukin-33 signaling,28,0.018981421,0.0006779079,1
Triglyceride biosynthesis,17,0.018938635,0.0011140374,1
Mitochondrial Fatty Acid Beta-Oxidation,26,0.01893321,0.0007282004,1
Miscellaneous substrates,10,0.01891388,0.001891388,1
Somatic sex determination,37,0.018911276,0.0005111156,1
Acetylcholine regulates insulin secretion,28,0.018908596,0.000675307,1
Ornithine Aminotransferase Deficiency (OAT Deficiency),27,0.018899051,0.0006999649,1
Endogenous TLR signaling,28,0.018876571,0.0006741633,1
ERKs are inactivated,17,0.018831408,0.0011077299,1
Complex I biogenesis,26,0.018820824,0.00072387786,1
Ketorolac Action Pathway,20,0.018800639,0.00094003195,1
Amino sugar and nucleotide sugar metabolism - Homo sapiens (human),68,0.018793197,0.00027637056,1
Transcriptional Regulation by VENTX,25,0.018782651,0.00075130607,1
Dimerization of procaspase-8,57,0.018753579,0.00032901016,1
Leukotriene C4 Synthesis Deficiency,20,0.01873235,0.0009366175,1
Visual signal transduction: Rods,21,0.018726233,0.0008917254,1
Dicoumarol Action Pathway,21,0.018719152,0.00089138816,1
superoxide radicals degradation,30,0.018708026,0.00062360085,1
Putative anti-Inflammatory metabolites formation from EPA,29,0.01868932,0.0006444593,1
Butanoate metabolism,30,0.01867761,0.00062258705,1
transcription factor creb and its extracellular signals,39,0.018660467,0.00047847352,1
RNA Polymerase III Transcription Initiation From Type 3 Promoter,22,0.018653283,0.0008478765,1
Mitochondrial protein import,34,0.0186522,0.00054859417,1
"ERK Pathway in Huntington,s Disease",27,0.01863032,0.00069001183,1
Passive transport by Aquaporins,28,0.01861786,0.0006649235,1
SUMOylation of DNA methylation proteins,27,0.01861019,0.0006892663,1
VEGF binds to VEGFR leading to receptor dimerization,20,0.018604899,0.0009302449,1
Phosphatidylinositol Phosphate Metabolism,48,0.018589895,0.00038728947,1
ras signaling pathway,22,0.018557414,0.0008435188,1
Methionine De Novo and Salvage Pathway,21,0.018552434,0.0008834492,1
Galactose metabolism - Homo sapiens (human),46,0.018507041,0.000402327,1
Mitochondrial DNA depletion syndrome,38,0.018484253,0.0004864277,1
ERCC6 (CSB) and EHMT2 (G9a) positively regulate rRNA expression,25,0.018476294,0.0007390518,1
Piroxicam Action Pathway,20,0.018468715,0.0009234358,1
Fatty acid degradation - Homo sapiens (human),35,0.018465634,0.0005275896,1
Energy dependent regulation of mTOR by LKB1-AMPK,20,0.018379584,0.0009189792,1
Nepafenac Action Pathway,20,0.018379293,0.0009189647,1
Acetylsalicylic Acid Action Pathway,20,0.01837043,0.00091852155,1
superpathway of purine nucleotide salvage,29,0.018363746,0.00063323264,1
"Tyrosinemia, transient, of the newborn",36,0.018363021,0.0005100839,1
Sphingosine 1-phosphate (S1P) pathway,25,0.018350018,0.0007340007,1
Activation of Ca-permeable Kainate Receptor,23,0.018332638,0.0007970712,1
FBXL10 enhancement of MAP-ERK signaling in diffuse large B-cell lymphoma,22,0.018301088,0.0008318676,1
Pausing and recovery of Tat-mediated HIV elongation,25,0.018286537,0.0007314615,1
the igf-1 receptor and longevity,21,0.018268974,0.00086995115,1
phospholipids as signalling intermediaries,40,0.018246798,0.00045616995,1
Hypoxic and oxygen homeostasis regulation of HIF-1-alpha,46,0.018234435,0.00039640078,1
Acyl chain remodelling of PG,24,0.018206907,0.00075862114,1
S-Adenosylhomocysteine (SAH) Hydrolase Deficiency,23,0.018197002,0.000791174,1
Ligand-receptor interactions,26,0.018181046,0.00069927104,1
Acetaminophen  Action Pathway,20,0.018164357,0.00090821786,1
PDGF receptor signaling network,38,0.0181424,0.00047743157,1
links between pyk2 and map kinases,40,0.018090619,0.00045226546,1
Regulation of TNFR1 signaling,32,0.018083291,0.00056510285,1
Gemcitabine Action Pathway,14,0.018079791,0.0012914137,1
TRAF3-dependent IRF activation pathway,17,0.01806311,0.0010625358,1
regulation of eif-4e and p70s6 kinase,32,0.018021852,0.00056318287,1
Regulation of TP53 Degradation,33,0.01794346,0.0005437412,1
Hypothetical Craniofacial Development Pathway,20,0.01794331,0.0008971655,1
"Creatine deficiency, guanidinoacetate methyltransferase deficiency",27,0.017916018,0.0006635562,1
Diflunisal Action Pathway,20,0.017912673,0.00089563365,1
Hyperphenylalaninemia due to dhpr-deficiency,10,0.017837979,0.0017837979,1
Regulation of expression of SLITs and ROBOs,59,0.017810347,0.00030187028,1
Wolman disease,14,0.01777634,0.0012697385,1
RNA polymerase - Homo sapiens (human),23,0.017767144,0.0007724845,1
role of mal in rho-mediated activation of srf,26,0.017752163,0.0006827755,1
YAP1- and WWTR1 (TAZ)-stimulated gene expression,13,0.017708477,0.0013621905,1
Airway smooth muscle cell contraction,30,0.01769168,0.00058972265,1
signaling pathway from g-protein families,30,0.017672764,0.00058909215,1
"2,-deoxy-α-D-ribose 1-phosphate degradation",14,0.017670704,0.0012621932,1
Galactose Metabolism,13,0.017652892,0.0013579148,1
Pentose phosphate pathway - Homo sapiens (human),22,0.017648365,0.0008021984,1
"Kallmann,s Syndrome",30,0.01764682,0.0005882273,1
trka receptor signaling pathway,17,0.017643398,0.0010378469,1
extrinsic prothrombin activation pathway,20,0.0176272,0.00088136,1
Amyotrophic lateral sclerosis (ALS),37,0.017611139,0.0004759767,1
Antrafenine Action Pathway,20,0.017606316,0.0008803158,1
G-protein activation,18,0.017598927,0.0009777182,1
Translesion synthesis by Y family DNA polymerases bypasses lesions on DNA template,24,0.017596114,0.0007331714,1
Eicosanoid metabolism via lipooxygenases (LOX),30,0.017594222,0.0005864741,1
RNA Polymerase II Transcription Termination,20,0.017584024,0.0008792012,1
Ximelagatran Action Pathway,21,0.017580274,0.0008371559,1
Acetaminophen Metabolism Pathway,31,0.017565563,0.0005666311,1
PI3K/AKT activation,20,0.017551169,0.0008775584,1
tryptophan degradation,17,0.017539967,0.0010317628,1
VEGF ligand-receptor interactions,20,0.017531076,0.0008765538,1
ATM pathway,16,0.017526053,0.0010953783,1
FGFR3 mutant receptor activation,30,0.017514111,0.0005838037,1
Saccharopinuria/Hyperlysinemia II,34,0.017511908,0.00051505613,1
Extension of Telomeres,31,0.017500749,0.00056454027,1
TP53 Regulates Transcription of Genes Involved in Cytochrome C Release,25,0.01749712,0.00069988484,1
Hormone ligand-binding receptors,23,0.017496316,0.0007607094,1
Carbohydrate digestion and absorption - Homo sapiens (human),37,0.017495418,0.00047284915,1
Transcription co-factors SKI and SKIL protein partners,45,0.017431408,0.00038736462,1
Phenylalanine metabolism - Homo sapiens (human),25,0.017426942,0.00069707766,1
threonine degradation,26,0.017409988,0.00066961494,1
Robo4 and VEGF Signaling Pathways Crosstalk,25,0.017380139,0.0006952055,1
TBC/RABGAPs,22,0.017376497,0.00078984076,1
Dual Incision in GG-NER,36,0.017376192,0.000482672,1
Base excision repair - Homo sapiens (human),20,0.01736111,0.0008680555,1
EGR2 and SOX10-mediated initiation of Schwann cell myelination,28,0.017349157,0.00061961275,1
TWIK-releated acid-sensitive K+ channel (TASK),17,0.017326156,0.0010191856,1
The canonical retinoid cycle in rods (twilight vision),18,0.0172901,0.00096056116,1
MET promotes cell motility,24,0.017288148,0.00072033954,1
Eukaryotic Transcription Initiation,29,0.017279876,0.0005958578,1
IL9,21,0.017266989,0.0008222376,1
Simplified Interaction Map Between LOXL4 and Oxidative Stress Pathway,26,0.017266685,0.00066410325,1
Translesion synthesis by POLI,17,0.017266639,0.0010156846,1
Deposition of new CENPA-containing nucleosomes at the centromere,45,0.01725413,0.00038342513,1
miRNA targets in ECM and membrane receptors,28,0.01724602,0.00061592925,1
RNA Polymerase II Transcription Initiation,34,0.017237777,0.00050699344,1
Hyperprolinemia Type I,27,0.017218346,0.0006377165,1
Transcriptional activation of mitochondrial biogenesis,23,0.017178714,0.0007469006,1
Nef mediated downregulation of MHC class I complex cell surface expression,28,0.017173707,0.0006133467,1
GPR40 Pathway,19,0.017171757,0.0009037767,1
Phytochemical activity on NRF2 transcriptional activation,25,0.017170262,0.00068681047,1
Retrograde transport at the Trans-Golgi-Network,39,0.017154535,0.00043985987,1
Enoxaparin Action Pathway,21,0.017150726,0.0008167013,1
Lornoxicam Action Pathway,20,0.01714652,0.000857326,1
RAF-independent MAPK1/3 activation,25,0.01713647,0.00068545877,1
Arachidonic Acid Metabolism,20,0.017133014,0.0008566507,1
Insertion of tail-anchored proteins into the endoplasmic reticulum membrane,28,0.017127158,0.0006116842,1
FLT3 signaling through SRC family kinases,39,0.017120313,0.0004389824,1
TP53 Regulates Transcription of Caspase Activators and Caspases,15,0.017103486,0.0011402324,1
Etodolac Action Pathway,20,0.01710204,0.00085510203,1
SHC-related events triggered by IGF1R,20,0.017092172,0.0008546086,1
FGFR2b ligand binding and activation,21,0.0170563,0.00081220473,1
IL-13 signaling,37,0.017030107,0.00046027315,1
egf signaling pathway,36,0.01702717,0.00047297694,1
MFAP5-mediated ovarian cancer cell motility and invasiveness,33,0.017014483,0.0005155904,1
regulation of map kinase pathways through dual specificity phosphatases,16,0.017008202,0.0010630126,1
Recognition and association of DNA glycosylase with site containing an affected purine,25,0.016956722,0.0006782689,1
Initiation of Nuclear Envelope (NE) Reformation,18,0.016939377,0.00094107655,1
Zinc influx into cells by the SLC39 gene family,22,0.016938003,0.00076990924,1
Miscellaneous transport and binding events,17,0.016928555,0.0009957973,1
Cyclin A:Cdk2-associated events at S phase entry,20,0.01691241,0.0008456205,1
"Phenylalanine, tyrosine and tryptophan biosynthesis - Homo sapiens (human)",18,0.016898982,0.00093883235,1
Biosynthesis of D-series resolvins,15,0.016896207,0.0011264138,1
Deadenylation of mRNA,27,0.016887456,0.00062546134,1
Short Chain Acyl CoA Dehydrogenase Deficiency (SCAD Deficiency),12,0.016864218,0.0014053514,1
Valdecoxib Action Pathway,20,0.01685695,0.0008428475,1
Transport of connexins along the secretory pathway,10,0.016819682,0.0016819682,1
Ras signaling in the CD4+ TCR pathway,50,0.01679357,0.0003358714,1
Intra-Golgi traffic,51,0.016788688,0.00032918996,1
Plasma lipoprotein clearance,38,0.016783198,0.0004416631,1
Histidine Metabolism,12,0.01677442,0.0013978683,1
"G(M2)-Gangliosidosis: Variant B, Tay-sachs disease",44,0.016749857,0.00038067857,1
UDP-<i>N</i>-acetyl-D-galactosamine biosynthesis II,41,0.0167421,0.00040834388,1
Nitrogen metabolism - Homo sapiens (human),23,0.016731368,0.0007274508,1
Rosuvastatin Action Pathway,14,0.016716465,0.0011940332,1
Interleukin-38 signaling,25,0.016706172,0.0006682469,1
Activation and oligomerization of BAK protein,15,0.016704086,0.0011136058,1
Canonical and non-canonical TGF-B signaling,13,0.01668717,0.0012836284,1
ACE Inhibitor Pathway,19,0.01666148,0.00087692,1
terminal <i>O</i>-glycans residues modification,23,0.016651904,0.00072399585,1
eumelanin biosynthesis,13,0.016637333,0.0012797948,1
IL-9 signaling pathway,38,0.0166273,0.00043756055,1
NGF,23,0.016597461,0.0007216287,1
RNA Pol II CTD phosphorylation and interaction with CE during HIV infection,26,0.016551454,0.00063659437,1
IRAK2 mediated activation of TAK1 complex upon TLR7/8 or 9 stimulation,32,0.016539862,0.0005168707,1
Insulin Signalling,26,0.016531304,0.0006358194,1
Estrogen metabolism,20,0.01652861,0.0008264305,1
CREB phosphorylation,31,0.01652735,0.0005331403,1
Synthesis of 15-eicosatetraenoic acid derivatives,13,0.01650924,0.0012699416,1
ID signaling pathway,16,0.016508218,0.0010317636,1
"Glutamate binding, activation of AMPA receptors and synaptic plasticity",33,0.016506132,0.0005001858,1
Fanconi anemia pathway,32,0.016502343,0.0005156982,1
2-oxoisovalerate decarboxylation to isobutanoyl-CoA,26,0.016488697,0.0006341807,1
Glycogen Synthesis and Degradation,34,0.016477777,0.00048464048,1
Mercaptopurine Metabolism Pathway,24,0.016472524,0.00068635517,1
chondroitin and dermatan biosynthesis,16,0.016472273,0.001029517,1
Serotonin Transporter Activity,23,0.01646828,0.0007160122,1
mcalpain and friends in cell motility,40,0.016444905,0.00041112263,1
Tenecteplase Action Pathway,21,0.01642729,0.0007822519,1
Alanine and aspartate metabolism,24,0.016419139,0.00068413076,1
BMP2-WNT4-FOXO1 pathway in primary endometrial stromal cell differentiation,20,0.016412536,0.0008206268,1
Signaling by activated point mutants of FGFR3,30,0.01640465,0.0005468216,1
Digestion,22,0.016387284,0.0007448765,1
Streptokinase Action Pathway,21,0.016347677,0.00077846076,1
Meloxicam Action Pathway,20,0.01630143,0.0008150715,1
<i>N</i>-acetylglucosamine degradation II,38,0.016216855,0.00042675936,1
TGF-beta receptor signaling in EMT (epithelial to mesenchymal transition),22,0.01620297,0.0007364986,1
Biosynthesis of E-series 18(R)-resolvins,15,0.016202176,0.001080145,1
Methylenetetrahydrofolate Reductase Deficiency (MTHFRD),32,0.016189873,0.00050593354,1
Proton-coupled monocarboxylate transport,14,0.016175803,0.0011554145,1
The activation of arylsulfatases,38,0.016163213,0.0004253477,1
Antiviral mechanism by IFN-stimulated genes,40,0.016135888,0.0004033972,1
Synthesis of PS,6,0.01612487,0.0026874784,1
FSH,19,0.016120555,0.00084845023,1
Sulindac Action Pathway,20,0.016113726,0.00080568634,1
BMP signaling Dro,37,0.016094068,0.00043497482,1
PPAR-alpha pathway,20,0.016093634,0.0008046817,1
"bile acid biosynthesis, neutral pathway",24,0.016086644,0.0006702768,1
EGFR-dependent Endothelin signaling events,18,0.01606563,0.00089253497,1
p130Cas linkage to MAPK signaling for integrins,29,0.016061725,0.0005538526,1
Activation of ATR in response to replication stress,32,0.016051354,0.0005016048,1
Degradation of Superoxides,13,0.016050983,0.001234691,1
Rofecoxib Action Pathway,20,0.016043391,0.00080216955,1
NOTCH2 Activation and Transmission of Signal to the Nucleus,20,0.016037421,0.00080187107,1
urea cycle,12,0.01602073,0.0013350608,1
Nicotinate and Nicotinamide Metabolism,46,0.015994184,0.00034769965,1
Methionine Metabolism,23,0.01599133,0.0006952752,1
SARS-CoV-2 mitochondrial interactions,24,0.015968049,0.0006653354,1
Eicosanoids,11,0.015965482,0.0014514074,1
GAB1 signalosome,28,0.015957661,0.00056991645,1
Signaling by FLT3 fusion proteins,31,0.015957464,0.0005147569,1
Hypermethioninemia,23,0.015934808,0.00069281773,1
IRAK1 recruits IKK complex upon TLR7/8 or 9 stimulation,17,0.015921561,0.0009365624,1
ADP signalling through P2Y purinoceptor 1,29,0.015903005,0.0005483795,1
NF-kB activation through FADD/RIP-1 pathway mediated by caspase-8 and -10,12,0.015899349,0.0013249457,1
Lumiracoxib Action Pathway,20,0.015893014,0.0007946507,1
Signaling by cytosolic FGFR1 fusion mutants,40,0.01589059,0.00039726478,1
Molybdenum Cofactor Deficiency,38,0.015881643,0.00041793796,1
G-protein beta:gamma signalling,23,0.015880613,0.0006904614,1
RHO GTPases activate PAKs,27,0.015880343,0.0005881608,1
Basigin interactions,24,0.015843885,0.0006601619,1
regulation of splicing through sam68,18,0.015835384,0.00087974354,1
ATR signaling pathway,32,0.015820654,0.00049439544,1
Glutamate Glutamine metabolism,36,0.015816342,0.00043934284,1
Metabolism of cofactors,13,0.015767109,0.0012128545,1
Transfer of Acetyl Groups into Mitochondria,20,0.01575183,0.00078759145,1
ahr signal transduction pathway,11,0.015727442,0.0014297675,1
Aryl hydrocarbon receptor signalling,14,0.015725778,0.0011232699,1
tRNA charging,20,0.015688738,0.0007844369,1
SARS-CoV-2 altering angiogenesis via NRP1,20,0.015681721,0.00078408606,1
Reteplase Action Pathway,21,0.015675366,0.000746446,1
"mRNA decay by 5, to 3, exoribonuclease",44,0.015663702,0.00035599322,1
CD209 (DC-SIGN) signaling,23,0.015632212,0.0006796614,1
Regulation of TP53 Activity through Methylation,16,0.015619803,0.0009762377,1
Toxicity of botulinum toxin type F (botF),10,0.015618051,0.0015618051,1
LDLRAD4 and what we know about it,23,0.0156171005,0.00067900436,1
Nateglinide Action Pathway,16,0.015594634,0.00097466464,1
Small interfering RNA (siRNA) biogenesis,12,0.015581701,0.0012984751,1
Magnesium salicylate Action Pathway,20,0.015503247,0.00077516236,1
Transport of glycerol from adipocytes to the liver by Aquaporins,15,0.015500127,0.0010333419,1
Somitogenesis in the context of spondylocostal dysostosis,24,0.015470718,0.00064461323,1
Synthesis of active ubiquitin: roles of E1 and E2 enzymes,49,0.015460673,0.00031552394,1
mtor signaling pathway,21,0.015452687,0.0007358422,1
Negative regulation of TCF-dependent signaling by WNT ligand antagonists,38,0.015450292,0.00040658665,1
Intracellular Signalling Through FSH Receptor and Follicle Stimulating Hormone,20,0.015435218,0.0007717609,1
Sphingolipid pathway,32,0.015407864,0.00048149575,1
CDK-mediated phosphorylation and removal of Cdc6,19,0.015377993,0.00080936804,1
Activated NTRK2 signals through PLCG1,13,0.015371257,0.0011824045,1
sphingomyelin metabolism/ceramide salvage,15,0.015359392,0.0010239595,1
Mono-unsaturated fatty acid beta-oxidation,17,0.015358776,0.0009034574,1
Salicylate-sodium Action Pathway,20,0.015331062,0.0007665531,1
Regulation of localization of FOXO transcription factors,22,0.015305156,0.0006956889,1
calcium signaling by hbx of hepatitis b virus,21,0.015301215,0.0007286293,1
Activated NTRK3 signals through PI3K,16,0.015286038,0.00095537736,1
SREBF and miR33 in cholesterol and lipid homeostasis,13,0.015267223,0.0011744017,1
Trafficking of AMPA receptors,33,0.015253128,0.00046221598,1
MET interacts with TNS proteins,15,0.015237324,0.0010158216,1
Toxicity of botulinum toxin type B (botB),9,0.015186025,0.0016873361,1
cGMP effects,20,0.015174983,0.00075874914,1
Molecules associated with elastic fibres,47,0.015168377,0.00032273142,1
Lectin pathway of complement activation,39,0.015163217,0.00038880043,1
Asymmetric localization of PCP proteins,22,0.015153252,0.0006887842,1
Canonical Wnt signaling pathway,18,0.015143925,0.00084132917,1
Inhibition of DNA recombination at telomere,22,0.015139707,0.0006881685,1
Autosomal recessive Osteopetrosis pathways,14,0.015139463,0.0010813902,1
Biosynthesis of EPA-derived SPMs,17,0.015136171,0.000890363,1
Guanidinoacetate Methyltransferase Deficiency (GAMT Deficiency),27,0.015124828,0.0005601788,1
regulation of pgc-1a,24,0.015118835,0.0006299514,1
Biopterin metabolism,25,0.015117899,0.00060471595,1
Cellular roles of Anthrax toxin,50,0.015114012,0.00030228024,1
3-phosphoinositide degradation,39,0.015111069,0.0003874633,1
Crosslinking of collagen fibrils,11,0.015107488,0.001373408,1
Synthesis of PIPs at the Golgi membrane,15,0.015068945,0.0010045964,1
Tryptophan Metabolism,22,0.015019478,0.00068270357,1
Signal Transduction of S1P Receptor,32,0.015015832,0.00046924475,1
cell to cell adhesion signaling,21,0.015005037,0.0007145256,1
SNARE interactions in vesicular transport - Homo sapiens (human),23,0.014995499,0.0006519782,1
Activated NTRK2 signals through FRS2 and FRS3,22,0.014987515,0.0006812507,1
Metal ion SLC transporters,44,0.014969625,0.00034021874,1
Mitochondrial complex III assembly,15,0.014962225,0.0009974816,1
Lysosome Vesicle Biogenesis,30,0.014959692,0.0004986564,1
Chylomicron remodeling,20,0.0149497455,0.0007474873,1
overview of telomerase rna component gene hterc transcriptional regulation,7,0.014928733,0.002132676,1
Spry regulation of FGF signaling,22,0.01491768,0.00067807635,1
Lysine degradation,26,0.014896344,0.0005729363,1
SMAD2/SMAD3:SMAD4 heterotrimer regulates transcription,24,0.014875329,0.00061980536,1
Reelin signalling pathway,33,0.014874332,0.0004507373,1
Hydrolysis of LPC,13,0.014826937,0.0011405336,1
UMP Synthase Deiciency (Orotic Aciduria),20,0.014820799,0.00074104,1
Cytosolic sulfonation of small molecules,20,0.014793984,0.0007396992,1
Activation of Na-permeable kainate receptors,14,0.014788083,0.0010562916,1
Cyclin E associated events during G1/S transition ,20,0.014757485,0.00073787424,1
IRAK1 recruits IKK complex,17,0.014700723,0.0008647484,1
NGF-independant TRKA activation,18,0.014699879,0.00081665994,1
Organic cation transport,27,0.014698762,0.0005443986,1
Sialuria or French Type Sialuria,44,0.014696007,0.00033400016,1
Purinergic signaling,32,0.014664776,0.00045827424,1
Signaling by ERBB2 ECD mutants,26,0.014657511,0.00056375045,1
Mitochondrial Gene Expression,18,0.014643804,0.00081354467,1
Urea cycle,14,0.014606631,0.0010433308,1
"1,25-dihydroxyvitamin D<sub>3</sub> biosynthesis",10,0.014603928,0.0014603927,1
Endosomal Sorting Complex Required For Transport (ESCRT),18,0.014592895,0.0008107164,1
Maturation of protein 3a,27,0.014566834,0.0005395124,1
Fatty acid elongation - Homo sapiens (human),24,0.014533798,0.0006055749,1
Phase 2 - plateau phase,23,0.014529033,0.00063169707,1
the visual cycle I (vertebrates),14,0.0145077845,0.0010362703,1
Activated NTRK2 signals through RAS,24,0.0144954445,0.00060397683,1
Thiamine Metabolism,14,0.014482464,0.0010344617,1
Degradation of AXIN,14,0.01448009,0.0010342922,1
cxcr4 signaling pathway,26,0.014480054,0.0005569252,1
Methadone Metabolism Pathway,24,0.014477398,0.0006032249,1
Diclofenac Action Pathway,20,0.014445517,0.0007222759,1
Activation of NLRP3 Inflammasome by SARS-CoV-2,13,0.014424761,0.001109597,1
NTF3 activates NTRK2 (TRKB) signaling,17,0.014328937,0.00084287865,1
DSCAM interactions,19,0.014307426,0.00075302244,1
Meiotic synapsis,19,0.014304092,0.00075284694,1
Common Pathway of Fibrin Clot Formation,20,0.014298834,0.0007149417,1
Naproxen Action Pathway,20,0.014281703,0.0007140852,1
Sepiapterin reductase deficiency,10,0.014279461,0.001427946,1
RUNX3 regulates YAP1-mediated transcription,18,0.014248805,0.00079160027,1
"Incretin synthesis, secretion, and inactivation",14,0.014227038,0.001016217,1
Hh mutants are degraded by ERAD,10,0.014224284,0.0014224284,1
Formyl peptide receptors bind formyl peptides and many other ligands,20,0.014220639,0.00071103196,1
Pentose Phosphate Pathway,11,0.014199248,0.0012908407,1
RNA Polymerase III Transcription Initiation,24,0.01418833,0.0005911804,1
Plasma lipoprotein assembly,20,0.01417868,0.00070893404,1
Resolution of Abasic Sites (AP sites),26,0.014156966,0.0005444987,1
Tachykinin receptors bind tachykinins,11,0.014154261,0.001286751,1
Degradation of DVL,10,0.014125299,0.0014125298,1
Irinotecan Metabolism Pathway,24,0.014116161,0.00058817334,1
Regulation of CDC42 activity,21,0.014108989,0.00067185663,1
Formation of annular gap junctions,13,0.014084801,0.0010834462,1
Signaling by NODAL,36,0.014056176,0.00039044934,1
Regulation of cholesterol biosynthesis by SREBP (SREBF),29,0.014043432,0.00048425628,1
Fondaparinux Action Pathway,21,0.014028712,0.0006680339,1
Signaling by WNT in cancer,11,0.014010498,0.0012736816,1
Activation of the pre-replicative complex,24,0.013999584,0.000583316,1
Presynaptic function of Kainate receptors,16,0.013978007,0.00087362545,1
Apoptotic factor-mediated response,12,0.01395928,0.0011632734,1
Glycosphingolipid biosynthesis - globo and isoglobo series - Homo sapiens (human),24,0.013957705,0.0005815711,1
"D-<i>myo</i>-inositol (1,4,5)-trisphosphate biosynthesis",24,0.013945421,0.0005810592,1
TLR4 Signaling and Tolerance,33,0.013933273,0.0004222204,1
tryptophan degradation to 2-amino-3-carboxymuconate semialdehyde,16,0.013926992,0.000870437,1
Glutamate and glutamine metabolism,13,0.0139201265,0.0010707789,1
Activation of TRKA receptors,18,0.013898707,0.0007721504,1
RUNX1 regulates transcription of genes involved in interleukin signaling,18,0.013866879,0.0007703822,1
Ketoprofen Action Pathway,20,0.013865785,0.0006932892,1
Etoricoxib Action Pathway,20,0.013840562,0.0006920281,1
TP53 Regulates Transcription of Death Receptors and Ligands,25,0.013818846,0.00055275386,1
Amino Sugar Metabolism,44,0.013812472,0.00031391982,1
TRAIL signaling pathway,24,0.013779383,0.000574141,1
De novo fatty acid biosynthesis,17,0.013771348,0.0008100793,1
Telomere C-strand (Lagging Strand) Synthesis,23,0.013755757,0.0005980764,1
Fenoprofen Action Pathway,20,0.013733896,0.0006866948,1
Salla Disease/Infantile Sialic Acid Storage Disease,44,0.013729813,0.0003120412,1
cdk regulation of dna replication,16,0.0137070585,0.00085669116,1
Toxicity of botulinum toxin type D (botD),10,0.013704565,0.0013704565,1
cysteine biosynthesis,14,0.013703013,0.0009787866,1
fibrinolysis pathway,12,0.0136996275,0.0011416356,1
Heme degradation,22,0.013695403,0.0006225183,1
Formation of apoptosome,11,0.013676551,0.0012433229,1
GP1b-IX-V activation signalling,14,0.013671363,0.0009765259,1
Fanconi Anemia Pathway,27,0.013656607,0.00050580024,1
NOTCH1 regulation of endothelial cell calcification,25,0.013643693,0.00054574775,1
wnt lrp6 signalling,17,0.013640009,0.0008023535,1
Tay-Sachs Disease,44,0.013620036,0.00030954627,1
HH-Core,29,0.013591675,0.00046867845,1
Other glycan degradation - Homo sapiens (human),30,0.013585569,0.0004528523,1
Cytochrome c-mediated apoptotic response,11,0.0135823395,0.0012347582,1
Maturity onset diabetes of the young - Homo sapiens (human),44,0.013553035,0.00030802353,1
Digestion and absorption,24,0.013526419,0.0005636008,1
ALK1 signaling events,35,0.013510815,0.00038602328,1
Listeria monocytogenes entry into host cells,19,0.013487099,0.0007098473,1
Oxygen-dependent proline hydroxylation of Hypoxia-inducible Factor Alpha,45,0.013478466,0.00029952146,1
"Synthesis of IP2, IP, and Ins in the cytosol",46,0.013476806,0.00029297403,1
Thrombin signalling through proteinase activated receptors (PARs),24,0.0134657305,0.0005610721,1
Cholesterol biosynthesis,20,0.013445193,0.00067225966,1
Pterine Biosynthesis,10,0.013401369,0.0013401369,1
cardiac protection against ros,18,0.0133915935,0.00074397743,1
Disassembly of the destruction complex and recruitment of AXIN to the membrane,27,0.013388702,0.0004958778,1
trehalose degradation,11,0.013356842,0.0012142584,1
TP53 Regulates Transcription of Genes Involved in G1 Cell Cycle Arrest,13,0.013352217,0.0010270936,1
Anchoring fibril formation,10,0.0133104995,0.00133105,1
APC/C:Cdh1 mediated degradation of Cdc20 and other APC/C:Cdh1 targeted proteins in late mitosis/early G1,36,0.013306851,0.00036963474,1
Polo-like kinase mediated events,11,0.01329049,0.0012082263,1
GLI3 is processed to GLI3R by the proteasome,22,0.013290465,0.00060411205,1
RUNX1 regulates estrogen receptor mediated transcription,38,0.013272225,0.00034926907,1
Deregulation of Rab and Rab Effector Genes in Bladder Cancer,18,0.0132583175,0.0007365732,1
Toll-like Receptor Signaling related to MyD88,34,0.013237821,0.00038934767,1
"Synthesis, secretion, and deacylation of Ghrelin",18,0.013231672,0.0007350929,1
Neurophilin interactions with VEGF and VEGFR,21,0.0132311415,0.00063005433,1
Signaling by EGFR in Cancer,31,0.0132151,0.00042629355,1
Warfarin Action Pathway,21,0.013210645,0.0006290783,1
Negative regulation of FLT3,19,0.013208253,0.00069517124,1
regulation of cell cycle progression by plk3,16,0.013204874,0.0008253046,1
Phototransduction - Homo sapiens (human),19,0.013200692,0.0006947733,1
MicroRNA for Targeting Cancer Growth and Vascularization in Glioblastoma,16,0.013194402,0.0008246501,1
Glycosaminoglycan degradation,30,0.013191324,0.0004397108,1
Synthesis of 5-eicosatetraenoic acids,16,0.013123085,0.0008201928,1
Membrane binding and targetting of GAG proteins,10,0.013087969,0.0013087969,1
Ionotropic activity of kainate receptors,23,0.013087397,0.00056901725,1
pkc-catalyzed phosphorylation of inhibitory phosphoprotein of myosin phosphatase,21,0.013086236,0.0006231541,1
Synthesis and degradation of ketone bodies - Homo sapiens (human),5,0.013079413,0.0026158825,1
Metabolism of folate and pterines,14,0.013071188,0.0009336563,1
Osteopontin Signaling,30,0.013068114,0.0004356038,1
GDP-glucose biosynthesis II,8,0.013063833,0.0016329791,1
Bone morphogenic protein (BMP) signaling and regulation,13,0.013029675,0.0010022827,1
tRNA Aminoacylation,23,0.013020735,0.0005661189,1
Estrogen signaling pathway,23,0.012997495,0.0005651085,1
Abortive elongation of HIV-1 transcript in the absence of Tat,22,0.01298953,0.0005904332,1
Regulation of MECP2 expression and activity,29,0.012983998,0.00044772407,1
Hyperphenylalaninemia due to 6-pyruvoyltetrahydropterin synthase deficiency (ptps),10,0.012982047,0.0012982048,1
ctcf: first multivalent nuclear factor,17,0.012968939,0.00076287874,1
"Glycogenosis, Type III. Cori disease, Debrancher glycogenosis",19,0.012947005,0.0006814213,1
TFAP2A acts as a transcriptional repressor during retinoic acid induced cell differentiation,11,0.012911923,0.0011738111,1
Role of ABL in ROBO-SLIT signaling,21,0.012906196,0.00061458076,1
IKK complex recruitment mediated by RIP1,34,0.012881569,0.00037886968,1
Synthesis of bile acids and bile salts,30,0.012855275,0.00042850914,1
VEGFR2 mediated vascular permeability,24,0.01281848,0.0005341033,1
Autodegradation of Cdh1 by Cdh1:APC/C,15,0.012813451,0.0008542301,1
Activation of IRF3/IRF7 mediated by TBK1/IKK epsilon,24,0.012811681,0.0005338201,1
Signaling events mediated by HDAC Class III,39,0.012806,0.000328359,1
Somatroph axis (GH) and its relationship to dietary restriction and aging,14,0.012785233,0.0009132309,1
Wnt signaling network,40,0.012772299,0.0003193075,1
Metastatic brain tumor,19,0.012762585,0.000671715,1
Metabolism of amine-derived hormones,20,0.01275835,0.0006379175,1
Simplified Depiction of MYD88 Distinct Input-Output Pathway,31,0.012732934,0.00041073983,1
Photodynamic therapy-induced unfolded protein response,22,0.012723854,0.00057835696,1
"Activation of NIMA Kinases NEK9, NEK6, NEK7",34,0.012712534,0.00037389804,1
Thiamine metabolic pathways,17,0.012701368,0.0007471393,1
"Adrenaline,noradrenaline inhibits insulin secretion",22,0.012700278,0.00057728536,1
Striated Muscle Contraction,15,0.012682101,0.0008454734,1
Gliclazide Action Pathway,16,0.012670542,0.0007919089,1
Ethanol effects on histone modifications,30,0.012656945,0.00042189815,1
Vitamin B9 (folate) metabolism,16,0.012631748,0.00078948424,1
Sulfation Biotransformation Reaction,16,0.012629389,0.0007893368,1
Signaling by Hippo,15,0.012601276,0.00084008503,1
Repaglinide Action Pathway,16,0.012594926,0.0007871829,1
Intraflagellar transport proteins binding to dynein,24,0.012590788,0.00052461616,1
C-MYC pathway,22,0.0125823645,0.00057192566,1
DNA strand elongation,25,0.012577563,0.0005031025,1
Hedgehog ligand biogenesis,18,0.0125740245,0.0006985569,1
Carprofen Action Pathway,20,0.012568898,0.0006284449,1
Biosynthesis of E-series 18(S)-resolvins,15,0.012531004,0.00083540025,1
Abacavir transmembrane transport,15,0.012528654,0.0008352436,1
dermatan sulfate biosynthesis (late stages),12,0.012519243,0.0010432702,1
STAT5 activation downstream of FLT3 ITD mutants,19,0.012509167,0.00065837725,1
melanocyte development and pigmentation pathway,33,0.012497069,0.00037869907,1
Sodium/Proton exchangers,75,0.012497039,0.00016662719,1
Cystathionine Beta-Synthase Deficiency,23,0.012480944,0.00054264977,1
Alendronate Action Pathway,14,0.012478318,0.0008913084,1
Cyclin A/B1/B2 associated events during G2/M transition,16,0.012476788,0.00077979924,1
regulators of bone mineralization,14,0.012469722,0.00089069444,1
HSF1 activation,18,0.012416957,0.0006898309,1
Purinergic signaling in leishmaniasis infection,24,0.012413509,0.00051722955,1
Disorders of transmembrane transporters,13,0.012407174,0.000954398,1
Felodipine Metabolism Pathway,12,0.012386372,0.0010321977,1
NAD Biosynthesis II (from tryptophan),17,0.012381701,0.00072833535,1
Nanomaterial-induced inflammasome activation,18,0.012377201,0.00068762223,1
Tryptophan catabolism,20,0.012371199,0.00061855995,1
Chk1/Chk2(Cds1) mediated inactivation of Cyclin B:Cdk1 complex,16,0.012358171,0.0007723857,1
"Synthesis, secretion, and inactivation of Glucose-dependent Insulinotropic Polypeptide (GIP)",14,0.012356843,0.00088263163,1
noradrenaline and adrenaline degradation,17,0.012350321,0.00072648947,1
RHO GTPases activate IQGAPs,18,0.012343252,0.00068573625,1
Ca2+ activated K+ channels,13,0.012325853,0.00094814255,1
glutathione-mediated detoxification,15,0.0123238955,0.00082159304,1
Scavenging by Class B Receptors,12,0.012323398,0.0010269498,1
regulation of transcriptional activity by pml,14,0.01230993,0.00087928073,1
Blood Clotting Cascade,20,0.0122932345,0.0006146617,1
Interconversion of nucleotide di- and triphosphates,19,0.0122915525,0.00064692384,1
CDT1 association with the CDC6:ORC:origin complex,6,0.01228939,0.0020482317,1
1q21.1 copy number variation syndrome,29,0.012263091,0.0004228652,1
cell cycle: g1/s check point,21,0.01226185,0.00058389764,1
estrogen responsive protein efp controls cell cycle and breast tumors growth,15,0.012252838,0.00081685587,1
superpathway of cholesterol biosynthesis,20,0.012250124,0.0006125062,1
Synthesis of PE,12,0.012243209,0.0010202675,1
mir-124 predicted interactions with cell cycle and differentiation,11,0.012235377,0.001112307,1
Degradation of GLI2 by the proteasome,20,0.012232992,0.0006116496,1
FGFR2 alternative splicing,29,0.012223756,0.00042150883,1
Fatty Acid Biosynthesis,15,0.012212067,0.0008141378,1
Hfe effect on hepcidin production,12,0.012184054,0.0010153378,1
fatty acid β-oxidation,12,0.012176588,0.0010147156,1
Androgen biosynthesis,5,0.012149923,0.0024299845,1
Activation of PPARGC1A (PGC-1alpha) by phosphorylation,11,0.012146679,0.0011042436,1
Ibandronate Action Pathway,14,0.012126999,0.0008662142,1
Synthesis of 12-eicosatetraenoic acid derivatives,11,0.0121198995,0.0011018091,1
Regulation of lipid metabolism by PPARalpha,39,0.012113392,0.0003105998,1
Signaling by PDGFRA extracellular domain mutants,28,0.012110772,0.00043252757,1
the prc2 complex sets long-term gene silencing through modification of histone tails,16,0.0120910145,0.0007556884,1
Tight junction interactions,37,0.012081973,0.00032653983,1
Risedronate Action Pathway,14,0.012070445,0.00086217467,1
Metabolism of Angiotensinogen to Angiotensins,20,0.012065457,0.00060327287,1
Hh mutants abrogate ligand secretion,10,0.012031255,0.0012031256,1
Assembly Of The HIV Virion,13,0.012004901,0.0009234539,1
Glycine N-methyltransferase Deficiency,23,0.011996939,0.000521606,1
selenocysteine biosynthesis,12,0.011988159,0.0009990133,1
GRB2 events in EGFR signaling,21,0.011966674,0.0005698416,1
Squalene and cholesterol biosynthesis,24,0.011964316,0.00049851317,1
"Signaling by PDGFRA transmembrane, juxtamembrane and kinase domain mutants",28,0.011883074,0.00042439552,1
CLEC7A (Dectin-1) induces NFAT activation,22,0.011880479,0.00054002175,1
Sealing of the nuclear envelope (NE) by ESCRT-III,9,0.011870992,0.0013189991,1
VLDLR internalisation and degradation,15,0.01181991,0.000787994,1
TP53 regulates transcription of several additional cell death genes whose specific roles in p53-dependent apoptosis remain uncertain,31,0.011810182,0.0003809736,1
Formation of ATP by chemiosmotic coupling,9,0.011801795,0.0013113106,1
Depolymerisation of the Nuclear Lamina,11,0.011792395,0.001072036,1
Xenobiotics,17,0.011773109,0.00069253583,1
RUNX2 regulates chondrocyte maturation,9,0.011768712,0.0013076346,1
Desmosterolosis,14,0.011749366,0.00083924044,1
Unwinding of DNA,9,0.011743232,0.0013048035,1
Celecoxib Metabolism Pathway,8,0.011701021,0.0014626277,1
"mRNA 3,-end processing",19,0.011651383,0.0006132307,1
Dihydropyrimidinase Deficiency,20,0.01164374,0.000582187,1
Molybdenum cofactor (Moco) biosynthesis,2,0.011627218,0.005813609,1
Cytosolic tRNA aminoacylation,13,0.011624875,0.0008942211,1
Cholesterol Biosynthesis Pathway,13,0.011624371,0.00089418236,1
Butyrophilin (BTN) family interactions,20,0.01162194,0.000581097,1
SHC1 events in EGFR signaling,21,0.011619828,0.0005533251,1
ABC transporter disorders,13,0.011603325,0.00089256343,1
Downregulation of SMAD2/3:SMAD4 transcriptional activity,22,0.011579965,0.00052636204,1
"Formation of the active cofactor, UDP-glucuronate",5,0.011550875,0.002310175,1
Gap junction degradation,13,0.011538342,0.00088756473,1
"NAD metabolism, sirtuins and aging",26,0.011504484,0.00044248017,1
exRNA mechanism of action and biogenesis,11,0.011499398,0.0010453998,1
Dopamine Activation of Neurological Reward System,13,0.0114148185,0.000878063,1
Codeine and Morphine Metabolism,30,0.011401076,0.00038003587,1
G1/S-Specific Transcription,14,0.011398597,0.0008141855,1
Formation of Senescence-Associated Heterochromatin Foci (SAHF),6,0.011398384,0.0018997308,1
Glycosaminoglycan degradation - Homo sapiens (human),31,0.011386516,0.00036730696,1
RHO GTPases Activate ROCKs,17,0.01138108,0.0006694753,1
Alpha-protein kinase 1 signaling pathway,34,0.011368741,0.00033437475,1
Activation of NOXA and translocation to mitochondria,9,0.011364893,0.0012627658,1
NCAM1 interactions,45,0.011352897,0.00025228658,1
Resolution of AP sites via the multiple-nucleotide patch replacement pathway,20,0.0113504315,0.00056752155,1
Fatty acid biosynthesis - Homo sapiens (human),14,0.011347784,0.000810556,1
NRIF signals cell death from the nucleus,15,0.011332712,0.00075551413,1
FCGR activation,47,0.011327786,0.00024101674,1
"Homocystinuria-megaloblastic anemia due to defect in cobalamin metabolism, cblG complementation type",23,0.011313505,0.0004918915,1
Aflatoxin activation and detoxification,12,0.011313407,0.0009427839,1
miRNAs involved in DNA damage response,12,0.011300693,0.00094172446,1
TFs regulate miRNAs related to cardiac hypertrophy,13,0.011281607,0.0008678159,1
"Synthesis, secretion, and inactivation of Glucagon-like Peptide-1 (GLP-1)",13,0.011277936,0.00086753356,1
control of skeletal myogenesis by hdac and calcium/calmodulin-dependent kinase (camk),10,0.011277588,0.0011277588,1
Biosynthesis of aspirin-triggered D-series resolvins,15,0.011263812,0.0007509208,1
Prostacyclin signalling through prostacyclin receptor,13,0.011255352,0.0008657963,1
Glycogen breakdown (glycogenolysis),11,0.0112494845,0.0010226804,1
Constitutive Signaling by EGFRvIII,23,0.011222957,0.00048795465,1
MAP3K8 (TPL2)-dependent MAPK1/3 activation,43,0.011207844,0.00026064753,1
Regulation of signaling by NODAL,25,0.011202445,0.00044809782,1
Tgif disruption of Shh signaling,12,0.011172291,0.00093102426,1
Trans-sulfuration pathway,22,0.011163194,0.0005074179,1
APC/C:Cdc20 mediated degradation of Cyclin B,16,0.011161021,0.0006975638,1
Adrenoceptors,20,0.011156387,0.0005578193,1
Packaging Of Telomere Ends,20,0.01113476,0.000556738,1
Relaxin receptors,10,0.011124026,0.0011124026,1
hop pathway in cardiac development,15,0.011116159,0.0007410773,1
Vasopressin Regulation of Water Homeostasis,17,0.011109934,0.0006535255,1
Vitamin B5 (pantothenate) metabolism,10,0.011097547,0.0011097547,1
p75NTR regulates axonogenesis,8,0.011081382,0.0013851727,1
Morphine Metabolism Pathway,28,0.0110522825,0.00039472437,1
adenosine ribonucleotides <i>de novo</i> biosynthesis,22,0.011035738,0.0005016244,1
WNT mediated activation of DVL,11,0.011035607,0.001003237,1
GLI proteins bind promoters of Hh responsive genes to promote transcription,18,0.011016503,0.00061202794,1
Tamoxifen Action Pathway,13,0.011015085,0.0008473142,1
Fatty acid Metabolism,12,0.011005036,0.0009170863,1
Estrogen-dependent nuclear events downstream of ESR-membrane signaling,20,0.010987075,0.0005493538,1
Pyroptosis,30,0.010967287,0.00036557624,1
TCA cycle in senescence,19,0.010964314,0.0005770692,1
mTORC1-mediated signalling,13,0.010951436,0.0008424182,1
miRNA Biogenesis,6,0.010949242,0.0018248736,1
Modulation by Mtb of host immune system,5,0.0109492,0.00218984,1
Gamma-cystathionase deficiency (CTH),9,0.010898472,0.0012109414,1
Type III interferon signaling,21,0.010897169,0.0005189128,1
Gap-filling DNA repair synthesis and ligation in GG-NER,18,0.010894881,0.00060527114,1
Histidinemia,12,0.010894715,0.0009078929,1
RNA Polymerase III Transcription Initiation From Type 2 Promoter,19,0.010884195,0.0005728523,1
insulin signaling pathway,20,0.010860434,0.0005430217,1
Coenzyme A biosynthesis,9,0.0108520035,0.0012057782,1
Serine biosynthesis,16,0.010848075,0.0006780047,1
RNA Polymerase III Transcription,24,0.010801557,0.0004500649,1
Activation of gene expression by SREBF (SREBP),27,0.0107885245,0.000399575,1
Cristae formation,9,0.010781571,0.0011979523,1
Beta-catenin phosphorylation cascade,15,0.010769513,0.0007179676,1
induction of apoptosis through dr3 and dr4/5 death receptors,16,0.010730626,0.0006706641,1
Regulation of PTEN mRNA translation,7,0.010721464,0.0015316376,1
Hyperphenylalaniemia due to guanosine triphosphate cyclohydrolase deficiency,10,0.010709637,0.0010709637,1
LDL remodeling,15,0.010692156,0.0007128104,1
Orc1 removal from chromatin,17,0.0106916595,0.00062892115,1
Postsynaptic nicotinic acetylcholine receptors,10,0.010690195,0.0010690194,1
Advanced glycosylation endproduct receptor signaling,14,0.01066916,0.0007620828,1
Degradation of beta catenin,17,0.0106667895,0.0006274582,1
Folate metabolism,23,0.01064217,0.00046270303,1
Pancreas Function,16,0.01063843,0.00066490186,1
"Valine, leucine and isoleucine biosynthesis - Homo sapiens (human)",11,0.010620125,0.00096546585,1
NADE modulates death signalling,4,0.010598053,0.0026495133,1
Proteoglycan syndecan-mediated signaling events,15,0.010596766,0.0007064511,1
Sulindac Metabolic Pathway,9,0.010558456,0.0011731618,1
MNGIE (Mitochondrial Neurogastrointestinal Encephalopathy),20,0.01055261,0.0005276305,1
"SMAC, XIAP-regulated apoptotic response",4,0.010550503,0.0026376257,1
adenosine nucleotides degradation,20,0.010499718,0.0005249859,1
Gene regulatory network modelling somitogenesis,24,0.0104959505,0.00043733127,1
Synthesis of epoxy (EET) and dihydroxyeicosatrienoic acids (DHET),8,0.010494586,0.0013118233,1
Nucleotide salvage,13,0.010492799,0.0008071384,1
Irinotecan pathway,18,0.01047384,0.00058188,1
"Metabolic pathway of LDL, HDL and TG, including diseases",21,0.010472068,0.00049866986,1
Removal of aminoterminal propeptides from gamma-carboxylated proteins,8,0.010472064,0.001309008,1
Orexin and neuropeptides FF and QRFP bind to their respective receptors,9,0.010465453,0.0011628282,1
Sucrase-isomaltase deficiency,19,0.010454847,0.00055025506,1
Activation of SMO,11,0.010449972,0.00094999745,1
Catecholamine biosynthesis,11,0.010448315,0.0009498468,1
Clopidogrel Metabolism Pathway,7,0.010446986,0.0014924266,1
Ibuprofen Metabolism Pathway,25,0.01044589,0.0004178356,1
map kinase inactivation of smrt corepressor,21,0.010440361,0.00049716,1
Lysosomal Acid Lipase Deficiency (Wolman Disease),14,0.0104269115,0.0007447794,1
Hypercholesterolemia,14,0.01040362,0.0007431157,1
Glycosphingolipid biosynthesis - lactoseries,8,0.010387928,0.001298491,1
Regulation of the apoptosome activity,11,0.0103509305,0.00094099366,1
Glycogen metabolism,22,0.01034582,0.00047026455,1
RORA activates gene expression,14,0.010322388,0.0007373135,1
Cooperation of Prefoldin and TriC/CCT  in actin and tubulin folding,15,0.010312021,0.00068746804,1
Chylomicron clearance,12,0.010298461,0.0008582051,1
Toxicity of botulinum toxin type G (botG),9,0.01029669,0.0011440767,1
Iron metabolism in placenta,11,0.010269076,0.00093355234,1
GRB7 events in ERBB2 signaling,14,0.010201648,0.00072868913,1
Etoposide Metabolism Pathway,13,0.010179552,0.00078304246,1
Composition of Lipid Particles,12,0.010172417,0.00084770145,1
Thiamine metabolism - Homo sapiens (human),22,0.010141222,0.00046096463,1
Transaldolase deficiency,11,0.010123724,0.00092033856,1
repression of pain sensation by the transcriptional regulator dream,32,0.010116505,0.0003161408,1
DNA replication - Homo sapiens (human),23,0.010110031,0.00043956656,1
Malate-Aspartate Shuttle,7,0.010106964,0.001443852,1
Galactosemia,13,0.0100981295,0.0007767792,1
superpathway of melatonin degradation,9,0.010092061,0.0011213401,1
Antagonism of Activin by Follistatin,11,0.010090634,0.0009173304,1
MAP kinase cascade,18,0.010087719,0.00056042883,1
Carnitine palmitoyl transferase deficiency (I),12,0.010076099,0.0008396749,1
RUNX1 regulates expression of components of tight junctions,18,0.010074254,0.0005596808,1
Beta Ureidopropionase Deficiency,20,0.010031217,0.00050156086,1
MED and Pseudoachondroplasia genes,9,0.010028814,0.0011143127,1
p53-Dependent G1 DNA Damage Response,9,0.010026387,0.0011140429,1
Valproic acid pathway,9,0.010005698,0.0011117442,1
endocytotic role of ndk phosphins and dynamin,15,0.01000457,0.0006669713,1
Frs2-mediated activation,14,0.009991547,0.0007136819,1
RNA Polymerase III Transcription Initiation From Type 1 Promoter,20,0.009955808,0.0004977904,1
Chylomicron assembly,15,0.0099553345,0.000663689,1
"Glycogenosis, Type IV. Amylopectinosis, Anderson disease",19,0.009943214,0.0005233271,1
Activation of the AP-1 family of transcription factors,15,0.009937297,0.0006624864,1
HDL remodeling,15,0.009934204,0.00066228025,1
Mevalonic aciduria,14,0.009932034,0.00070943095,1
Phospholipid Biosynthesis,31,0.009884302,0.00031884844,1
pyrimidine deoxyribonucleotides biosynthesis from CTP,6,0.009872336,0.0016453894,1
Trehalose Degradation,15,0.009851959,0.00065679726,1
Neurotransmitter clearance,15,0.009842436,0.0006561624,1
Translesion synthesis by POLK,16,0.009808259,0.0006130162,1
NR1D1 (REV-ERBA) represses gene expression,2,0.009794524,0.004897262,1
Assembly of the pre-replicative complex,12,0.009766862,0.00081390515,1
purine nucleotides <i>de novo</i> biosynthesis,31,0.0097641265,0.0003149718,1
Omega-6 fatty acid metabolism,18,0.009759078,0.000542171,1
Processing of Intronless Pre-mRNAs,10,0.009742144,0.00097421434,1
Tamoxifen Metabolism Pathway,13,0.0097338585,0.0007487583,1
Hyper-IgD syndrome,14,0.009729465,0.00069496175,1
Lysosphingolipid and LPA receptors,24,0.009728643,0.00040536013,1
AKT phosphorylates targets in the nucleus,11,0.009688895,0.0008808086,1
Expression and Processing of Neurotrophins,15,0.009679408,0.00064529385,1
VLDL assembly,10,0.009676243,0.0009676243,1
STAT5 Activation,18,0.009669861,0.0005372145,1
Mycophenolic Acid Metabolism Pathway,24,0.009666852,0.0004027855,1
VLDL clearance,17,0.00965999,0.0005682347,1
Response of EIF2AK1 (HRI) to heme deficiency,10,0.009656421,0.0009656421,1
Formation of tubulin folding intermediates by CCT/TriC,9,0.009648884,0.0010720982,1
Glycogen synthesis,17,0.009644255,0.0005673091,1
Constitutive Signaling by AKT1 E17K in Cancer,20,0.009631735,0.00048158676,1
Glycosylphosphatidylinositol (GPI)-anchor biosynthesis - Homo sapiens (human),12,0.009625761,0.00080214674,1
Digestion of dietary carbohydrate,18,0.009620589,0.0005344772,1
Hydrolysis of LPE,5,0.009620514,0.0019241028,1
multiple antiapoptotic pathways from igf-1r signaling lead to bad phosphorylation,18,0.009603035,0.0005335019,1
Trifunctional protein deficiency,12,0.009602116,0.00080017635,1
Hypoxia-mediated EMT and Stemness,6,0.00959317,0.0015988617,1
beta-Alanine metabolism - Homo sapiens (human),33,0.009561207,0.00028973355,1
er associated degradation (erad) pathway,13,0.009522624,0.00073250954,1
Biogenic Amine Synthesis,19,0.00951976,0.00050103996,1
Unfolded Protein Response (UPR),8,0.009504248,0.001188031,1
RUNX3 regulates BCL2L11 (BIM) transcription,16,0.009502133,0.00059388333,1
Nanoparticle triggered regulated necrosis,14,0.0094953645,0.0006782403,1
Transcription from mitochondrial promoters,6,0.009479887,0.0015799812,1
Saturated fatty acids beta-oxidation,22,0.009473693,0.0004306224,1
glycogenolysis,9,0.009462755,0.0010514172,1
SCF-beta-TrCP mediated degradation of Emi1,10,0.009458565,0.0009458565,1
Interleukin-9 signaling,25,0.009444939,0.00037779755,1
"Glycogenosis, Type VI. Hers disease",19,0.00943057,0.00049634575,1
fatty acid β-oxidation (peroxisome),16,0.00942965,0.00058935315,1
Oligomerization of connexins into connexons,10,0.009420061,0.00094200607,1
Caffeine Metabolism,12,0.00938995,0.00078249583,1
Regulation of commissural axon pathfinding by SLIT and ROBO,27,0.009385816,0.00034762282,1
Congenital Lipoid Adrenal Hyperplasia (CLAH) or Lipoid CAH,6,0.00937744,0.0015629068,1
Acetylcholine Synthesis,11,0.009371399,0.00085194537,1
Prostaglandin Leukotriene metabolism,15,0.009340829,0.000622722,1
Medium chain acyl-coa dehydrogenase deficiency (MCAD),12,0.009334868,0.00077790563,1
Termination of translesion DNA synthesis,20,0.009315773,0.00046578865,1
ARMS-mediated activation,11,0.009307005,0.0008460914,1
prion pathway,23,0.009269473,0.00040302056,1
Aromatase deficiency,10,0.009267019,0.00092670193,1
Methionine salvage pathway,14,0.009243501,0.0006602501,1
G beta:gamma signalling through BTK,10,0.009241287,0.0009241287,1
tumor suppressor arf inhibits ribosomal biogenesis,12,0.009237727,0.0007698106,1
apoptotic signaling in response to dna damage,10,0.009222237,0.0009222237,1
Estrogen Receptor Pathway,26,0.009219424,0.0003545932,1
"TICAM1, RIP1-mediated IKK complex recruitment",19,0.009203352,0.00048438695,1
Mucopolysaccharidosis VI. Sly syndrome,19,0.009202324,0.00048433282,1
Constitutive Signaling by Ligand-Responsive EGFR Cancer Variants,25,0.009197988,0.0003679195,1
nerve growth factor pathway (ngf),25,0.009192305,0.00036769218,1
Phenylketonuria,15,0.009184968,0.0006123312,1
N-glycan trimming in the ER and Calnexin/Calreticulin cycle,17,0.009165412,0.0005391419,1
Segawa syndrome,10,0.009149019,0.00091490184,1
"Tristetraprolin (TTP, ZFP36) binds and destabilizes mRNA",24,0.009131192,0.00038046634,1
AUF1 (hnRNP D0) binds and destabilizes mRNA,17,0.009101479,0.00053538114,1
"4-hydroxytamoxifen, Dexamethasone, and Retinoic Acids Regulation of p27 Expression",13,0.009078163,0.0006983202,1
Regulation of TP53 Activity through Association with Co-factors,17,0.009066797,0.00053334096,1
MTHFR deficiency,21,0.009061605,0.00043150497,1
MECP2 regulates transcription of neuronal ligands,9,0.009058023,0.001006447,1
Cerebrotendinous Xanthomatosis (CTX),15,0.009041723,0.00060278154,1
RHO GTPases activate KTN1,8,0.009039848,0.001129981,1
E2F mediated regulation of DNA replication,11,0.009027768,0.0008207062,1
Scavenging by Class H Receptors,13,0.00901279,0.00069329154,1
Condensation of Prometaphase Chromosomes,8,0.0090031205,0.0011253901,1
Synthesis of PIPs at the early endosome membrane,16,0.008988687,0.0005617929,1
Fatty acid transporters,10,0.00895956,0.00089595595,1
Intracellular Signalling Through Histamine H2 Receptor and Histamine,9,0.008940116,0.0009933462,1
PDGFR-alpha signaling pathway,22,0.0089256,0.00040570908,1
Peroxisomal lipid metabolism,21,0.008903438,0.00042397325,1
Glucose-6-phosphate dehydrogenase deficiency,11,0.00889743,0.0008088573,1
Prostaglandin formation from dihomo gama-linoleic acid,13,0.008890451,0.0006838808,1
classical complement pathway,11,0.008874654,0.0008067867,1
Propanoate Metabolism,9,0.008865983,0.0009851092,1
Phenylalanine and tyrosine metabolism,12,0.0088620735,0.00073850615,1
a4b7 Integrin signaling,29,0.008856296,0.0003053895,1
Glibenclamide Action Pathway,16,0.008855192,0.0005534495,1
G beta:gamma signalling through PI3Kgamma,19,0.008836602,0.0004650843,1
serine biosynthesis (phosphorylated route),11,0.008829917,0.00080271973,1
"cholesterol biosynthesis II (via 24,25-dihydrolanosterol)",15,0.008826554,0.0005884369,1
catecholamine biosynthesis,11,0.008811391,0.00080103555,1
Cell Differentiation - Index,12,0.008771462,0.0007309552,1
Hyaluronan metabolism,10,0.008768284,0.0008768284,1
One carbon pool by folate - Homo sapiens (human),17,0.008766041,0.0005156495,1
Irinotecan Action Pathway,24,0.008756673,0.00036486136,1
Binding of TCF/LEF:CTNNB1 to target gene promoters,13,0.0087005915,0.0006692763,1
visceral fat deposits and the metabolic syndrome,19,0.0086955335,0.00045765965,1
Acyl chain remodeling of CL,6,0.008683273,0.0014472121,1
Valproic Acid Metabolism Pathway,8,0.008675725,0.0010844656,1
Ethylmalonic Encephalopathy,12,0.008635626,0.0007196355,1
Regulation of TP53 Activity through Acetylation,14,0.00863559,0.00061682786,1
Dimethyl-branched-chain fatty acid mitochondrial beta-oxidation,11,0.008603946,0.0007821769,1
sarcosine oncometabolite pathway ,14,0.008548521,0.00061060867,1
Signaling by FGFR3 fusions in cancer,19,0.008540912,0.00044952167,1
Signaling by membrane-tethered fusions of PDGFRA or PDGFRB,15,0.008513287,0.00056755246,1
Ribose-5-phosphate isomerase deficiency,11,0.008510182,0.00077365286,1
ifn alpha signaling pathway,19,0.00850088,0.00044741473,1
CD22 mediated BCR regulation,21,0.008499669,0.00040474613,1
NAD biosynthesis from 2-amino-3-carboxymuconate semialdehyde,17,0.008476059,0.0004985917,1
EGFR Transactivation by Gastrin,16,0.0084638875,0.00052899297,1
Tyrosinemia Type 2 (or Richner-Hanhart syndrome),15,0.008433212,0.0005622141,1
Activated NTRK2 signals through CDK5,17,0.008424172,0.0004955395,1
Vitamin C (ascorbate) metabolism,7,0.008420682,0.0012029546,1
Synthesis of PIPs at the ER membrane,4,0.008405599,0.0021013997,1
Interleukin-1 processing,11,0.008388566,0.0007625969,1
G beta:gamma signalling through PLC beta,13,0.008369392,0.0006437994,1
Metalloprotease DUBs,15,0.008366981,0.0005577987,1
cbl mediated ligand-induced downregulation of egf receptors pathway,11,0.008349025,0.0007590022,1
Eicosanoid metabolism via cytochrome P450 monooxygenases (CYP) pathway,7,0.008341662,0.001191666,1
Metabolism of non-coding RNA,16,0.008338077,0.0005211298,1
Beta oxidation of lauroyl-CoA to decanoyl-CoA-CoA,2,0.008327591,0.0041637956,1
Mitochondrial tRNA aminoacylation,11,0.00832577,0.0007568881,1
MAPK3 (ERK1) activation,5,0.008325532,0.0016651064,1
Type I hemidesmosome assembly,11,0.008320342,0.0007563947,1
role of ppar-gamma coactivators in obesity and thermogenesis,17,0.008317164,0.00048924494,1
Methylation Pathways,8,0.008315208,0.001039401,1
SCF(Skp2)-mediated degradation of p27/p21,12,0.008294922,0.0006912435,1
Synthesis of (16-20)-hydroxyeicosatetraenoic acids (HETE),8,0.008260023,0.0010325029,1
lysine degradation I (saccharopine pathway),5,0.00824943,0.001649886,1
PIWI-interacting RNA (piRNA) biogenesis,5,0.008247653,0.0016495306,1
"Tetrahydrobiopterin (BH4) synthesis, recycling, salvage and regulation",9,0.008247579,0.0009163977,1
SMAC(DIABLO)-mediated dissociation of IAP:caspase complexes ,4,0.008245333,0.0020613333,1
Wax biosynthesis,11,0.008218076,0.00074709783,1
Doxorubicin Metabolism Pathway,18,0.008213141,0.0004562856,1
Translesion Synthesis by POLH,14,0.008211527,0.00058653764,1
p53-Dependent G1/S DNA damage checkpoint,9,0.00819543,0.0009106033,1
Aromatic L-Aminoacid Decarboxylase Deficiency,11,0.008184874,0.0007440795,1
Dopamine metabolism,15,0.0081741465,0.0005449431,1
MAPK pathway in congenital thyroid cancer,14,0.008157895,0.00058270677,1
purine nucleotides degradation,21,0.0081511,0.00038814763,1
Complement Activation,12,0.008146503,0.00067887525,1
Dual hijack model of Vif in HIV infection,15,0.008146146,0.0005430764,1
gluconeogenesis,13,0.008140718,0.0006262091,1
Constitutive Signaling by NOTCH1 HD Domain Mutants,17,0.008116027,0.00047741338,1
Regulation of HMOX1 expression and activity,19,0.008102039,0.0004264231,1
Thyroxine biosynthesis,9,0.008081791,0.0008979768,1
Alpha6 beta4 integrin-ligand interactions,16,0.008070298,0.0005043936,1
role of brca1 brca2 and atr in cancer susceptibility,9,0.008065525,0.0008961695,1
"Chondrodysplasia Punctata II, X Linked Dominant (CDPX2)",14,0.008056164,0.0005754403,1
rho-selective guanine exchange factor akap13 mediates stress fiber formation,9,0.008049502,0.0008943891,1
Downregulation of ERBB4 signaling,16,0.008019325,0.00050120783,1
G0 and Early G1,12,0.0080139795,0.0006678316,1
Protein methylation,19,0.007982972,0.00042015643,1
Cellular Proteostasis,5,0.007970383,0.0015940766,1
dicer pathway,5,0.007952826,0.0015905652,1
ascorbate recycling (cytosolic),3,0.0079524815,0.0026508272,1
Histidine catabolism,3,0.007944148,0.0026480493,1
S-adenosyl-L-methionine biosynthesis,5,0.007935284,0.0015870568,1
Caffeine and Theobromine metabolism,12,0.007934438,0.0006612032,1
pyrimidine ribonucleosides salvage I,5,0.007926094,0.0015852188,1
Malonic Aciduria,9,0.0079173865,0.0008797096,1
Folate-Alcohol and Cancer Pathway Hypotheses,8,0.007905348,0.0009881685,1
TP53 regulates transcription of additional cell cycle genes whose exact role in the p53 pathway remain uncertain,15,0.007881532,0.0005254355,1
Pyrimidine catabolism,17,0.007878351,0.0004634324,1
Netrin mediated repulsion signals,24,0.007875131,0.00032813047,1
PTK6 promotes HIF1A stabilization,27,0.007862803,0.0002912149,1
Calnexin/calreticulin cycle,11,0.007857008,0.0007142734,1
Nicotine Metabolism Pathway,11,0.007846807,0.0007133461,1
ER Quality Control Compartment (ERQC),11,0.007841331,0.00071284827,1
Defective CFTR causes cystic fibrosis,10,0.0078048036,0.00078048033,1
Photodynamic therapy-induced NFE2L2 (NRF2) survival signaling,31,0.007801808,0.0002516712,1
"Glycogenosis, Type IA. Von gierke disease",11,0.0078010587,0.0007091872,1
fosb gene expression and drug abuse,4,0.007794178,0.0019485445,1
Rapid glucocorticoid signaling,11,0.007775298,0.00070684525,1
BH3-only proteins associate with and inactivate anti-apoptotic BCL-2 members,14,0.007769076,0.000554934,1
Bevacizumab Action Pathway,13,0.0077658393,0.00059737224,1
Metabolism of Spingolipids in ER and Golgi apparatus,16,0.0077650505,0.00048531566,1
Translesion synthesis by REV1,16,0.0077582104,0.00048488815,1
Bile Acid Biosynthesis,15,0.00774991,0.0005166607,1
Metabolism of steroid hormones,19,0.007735833,0.0004071491,1
Nevirapine Metabolism Pathway,7,0.0077154683,0.0011022098,1
Atorvastatin Action Pathway,14,0.007714787,0.00055105623,1
Methylmalonic Aciduria Due to Cobalamin-Related Disorders,9,0.0076860813,0.00085400906,1
dolichyl-diphosphooligosaccharide biosynthesis,3,0.0076762903,0.0025587634,1
BARD1 signaling events,16,0.007667626,0.0004792266,1
Signaling by MRAS-complex mutants,6,0.0076674824,0.0012779137,1
Wax and plasmalogen biosynthesis,12,0.007656048,0.000638004,1
Pilocytic astrocytoma,10,0.007650932,0.0007650932,1
Fatty acids,14,0.0076463493,0.0005461678,1
4-hydroxyproline degradation,6,0.007644412,0.0012740687,1
Mismatch repair - Homo sapiens (human),18,0.00763663,0.00042425722,1
C20 prostanoid biosynthesis,6,0.0076276474,0.0012712745,1
S1P5 pathway,14,0.0076207276,0.0005443377,1
molybdenum cofactor biosynthesis,3,0.00761907,0.00253969,1
Hijack of ubiquitination by SARS-CoV-2,28,0.0076070917,0.00027168184,1
melatonin degradation I,9,0.0075932173,0.0008436908,1
Dopa-responsive dystonia,10,0.0075855507,0.0007585551,1
DNA Damage Bypass,30,0.0075854333,0.00025284776,1
"inosine-5,-phosphate biosynthesis",4,0.0075811055,0.0018952764,1
Uptake and function of anthrax toxins,16,0.0075683007,0.0004730188,1
S1P4 pathway,20,0.007560488,0.0003780244,1
NR1H2 & NR1H3 regulate gene expression to limit cholesterol uptake ,5,0.0075512202,0.0015102441,1
Metabolism of porphyrins,25,0.007550296,0.00030201185,1
Smith-Lemli-Opitz Syndrome (SLOS),14,0.0075335004,0.0005381072,1
Vinorelbine Action Pathway,9,0.0075312443,0.0008368049,1
pyrimidine deoxyribonucleosides degradation,5,0.0075286524,0.0015057304,1
Carnitine-acylcarnitine translocase deficiency,6,0.007508355,0.0012513925,1
Activated NTRK3 signals through RAS,11,0.0075032865,0.00068211695,1
Phenylalanine metabolism,9,0.007499469,0.00083327433,1
Sulfite oxidase deficiency,8,0.0074893655,0.0009361707,1
Secretion of Hydrochloric Acid in Parietal Cells,6,0.007446406,0.0012410677,1
glycoaminoglycan-protein linkage region biosynthesis,10,0.0074325562,0.0007432556,1
RUNX2 regulates genes involved in cell migration,10,0.0074280472,0.0007428047,1
internal ribosome entry pathway,12,0.007426562,0.00061888015,1
Arylamine metabolism,12,0.0074242996,0.0006186916,1
Blood group systems biosynthesis,17,0.0074183857,0.00043637562,1
Oxidation of Branched Chain Fatty Acids,8,0.0073980433,0.0009247554,1
Interleukin-37 signaling,10,0.0073832483,0.00073832483,1
Regulation of beta-cell development,5,0.007370032,0.0014740063,1
D-<i>myo</i>-inositol-5-phosphate metabolism,19,0.007358454,0.00038728706,1
RUNX1 regulates transcription of genes involved in differentiation of keratinocytes,14,0.007340677,0.0005243341,1
Interaction between PHLDA1 and AURKA,4,0.007335939,0.0018339847,1
Fibronectin matrix formation,5,0.0073117074,0.0014623415,1
nicotine degradation IV,17,0.0073062703,0.0004297806,1
Oxysterols derived from cholesterol,11,0.0073017245,0.0006637931,1
Creatine metabolism,7,0.007298787,0.0010426838,1
PCNA-Dependent Long Patch Base Excision Repair,16,0.00728481,0.00045530061,1
Bile acids synthesis and enterohepatic circulation,11,0.007272993,0.0006611812,1
Tandem of pore domain in a weak inwardly rectifying K+ channels (TWIK),5,0.0072708596,0.001454172,1
eicosapentaenoate biosynthesis,5,0.007265633,0.0014531265,1
cdc25 and chk1 regulatory pathway in response to dna damage,12,0.0072590495,0.0006049208,1
Toxicity of botulinum toxin type E (botE),7,0.0072480426,0.0010354347,1
Cohesin Loading onto Chromatin,4,0.00724798,0.001811995,1
Betaine Metabolism,11,0.007237595,0.00065796316,1
ceramide <i>de novo</i> biosynthesis,13,0.007234934,0.00055653334,1
Canavan Disease,8,0.0072271046,0.0009033881,1
Chaperone Mediated Autophagy,13,0.0072196843,0.00055536034,1
Vinblastine Action Pathway,9,0.0072137713,0.00080153014,1
tnfr1 signaling pathway,15,0.007207223,0.00048048154,1
Arf1 pathway,19,0.007194158,0.0003786399,1
Adrenal Hyperplasia Type 5 or Congenital Adrenal Hyperplasia due to 17 Alpha-hydroxylase Deficiency,6,0.0071880114,0.0011980019,1
Uptake and function of diphtheria toxin,6,0.007179316,0.0011965527,1
LDL clearance,21,0.0071765888,0.00034174233,1
Vitamin B6 metabolism - Homo sapiens (human),10,0.007175075,0.0007175075,1
retinoate biosynthesis I,9,0.007174185,0.0007971317,1
DNA Damage Recognition in GG-NER,13,0.007145782,0.00054967555,1
PTK6 Regulates Cell Cycle,7,0.0071126865,0.0010160981,1
Thromboxane signalling through TP receptor,13,0.007099422,0.0005461094,1
CHILD Syndrome,14,0.0070928247,0.00050663034,1
Very-long-chain acyl coa dehydrogenase deficiency (VLCAD),12,0.0070855254,0.00059046043,1
Carnitine palmitoyl transferase deficiency (II),12,0.007082221,0.0005901851,1
Highly calcium permeable postsynaptic nicotinic acetylcholine receptors,9,0.007078195,0.0007864661,1
GABA-Transaminase Deficiency,7,0.0070740585,0.0010105798,1
TNFR1-induced proapoptotic signaling,8,0.007068816,0.000883602,1
NTF3 activates NTRK3 signaling,11,0.0070647565,0.0006422506,1
Phosphorylation of Emi1,8,0.0070607164,0.00088258955,1
Inhibition of Signaling by Overexpressed EGFR,9,0.00705848,0.00078427553,1
eukaryotic protein translation,5,0.007057054,0.0014114107,1
AMPK inhibits chREBP transcriptional activation activity,11,0.007027776,0.00063888874,1
G beta:gamma signalling through CDC42,11,0.0070249867,0.00063863513,1
CaMK IV-mediated phosphorylation of CREB,14,0.0070209545,0.0005014968,1
Arf6 downstream pathway,14,0.0070134103,0.0005009579,1
pelp1 modulation of estrogen receptor activity,7,0.0070070056,0.0010010008,1
Cerivastatin Action Pathway,14,0.0070037427,0.0005002673,1
Beta-oxidation of pristanoyl-CoA,11,0.0069871633,0.0006351967,1
Interaction With Cumulus Cells And The Zona Pellucida,8,0.006974145,0.0008717681,1
MASTL Facilitates Mitotic Progression,8,0.0069688144,0.0008711018,1
HIF1A and PPARG regulation of glycolysis,10,0.006959936,0.0006959936,1
folate transformations,10,0.0069502625,0.00069502625,1
signal dependent regulation of myogenesis by corepressor mitr,6,0.0069290986,0.0011548498,1
Nucleotide GPCRs,17,0.00691837,0.00040696294,1
Alpha Linolenic Acid and Linoleic Acid Metabolism,4,0.006889451,0.0017223627,1
Lipid Metabolism Pathway,13,0.006888687,0.000529899,1
Constitutive Signaling by Overexpressed ERBB2,19,0.0068779658,0.0003619982,1
Regulated proteolysis of p75NTR,15,0.0068755355,0.00045836903,1
Pyrimidine salvage,8,0.006870646,0.00085883075,1
sulfate activation for sulfonation,6,0.006860527,0.0011434212,1
TCA Cycle Nutrient Utilization and Invasiveness of Ovarian Cancer,13,0.006846789,0.00052667607,1
Apoptotic cleavage of cell adhesion  proteins,17,0.0068415157,0.0004024421,1
caspase cascade in apoptosis,9,0.006834563,0.0007593959,1
Sulfate/Sulfite Metabolism,8,0.0068255914,0.00085319893,1
Aspartate Metabolism,8,0.006813607,0.0008517009,1
"Hyperlysinemia I, Familial",34,0.0068014516,0.00020004269,1
attenuation of gpcr signaling,13,0.006801046,0.00052315736,1
Fatty Acid Omega Oxidation,10,0.006799015,0.0006799015,1
EGFR interacts with phospholipase C-gamma,10,0.0067906156,0.0006790616,1
Synthesis of bile acids and bile salts via 7alpha-hydroxycholesterol,16,0.0067878207,0.0004242388,1
Biosynthesis of protectins,5,0.006784359,0.0013568718,1
Ureidopropionase deficiency,7,0.0067716045,0.0009673721,1
Dissolution of Fibrin Clot,11,0.0067629716,0.0006148156,1
Leucine Stimulation on Insulin Signaling,23,0.006759396,0.00029388678,1
CLEC7A/inflammasome pathway,8,0.0067575127,0.0008446891,1
RHO GTPases activate CIT,19,0.0067573735,0.00035565122,1
Signaling by EGFRvIII in Cancer,23,0.006724002,0.00029234792,1
Biotin transport and metabolism,9,0.0066804406,0.0007422712,1
Synthesis of dolichyl-phosphate mannose,3,0.0066714324,0.0022238109,1
sodd/tnfr1 signaling pathway,10,0.006648308,0.0006648308,1
RUNX3 Regulates Immune Response and Cell Migration,21,0.006625499,0.00031549996,1
Class I peroxisomal membrane protein import,10,0.006625459,0.0006625459,1
Phenylalanine and Tyrosine Metabolism,15,0.006615821,0.00044105473,1
Zoledronate Action Pathway,14,0.006609115,0.00047207964,1
serine and glycine biosynthesis,12,0.006598964,0.0005499137,1
ApoE and miR-146 in inflammation and atherosclerosis,22,0.0065971194,0.00029986908,1
Purine catabolism,15,0.006584554,0.00043897025,1
pyrimidine deoxyribonucleotides <i>de novo</i> biosynthesis,5,0.006565278,0.0013130556,1
Tramadol Metabolism Pathway,14,0.0065305484,0.00046646775,1
Familial Hypercholanemia (FHCA),15,0.0065180617,0.00043453745,1
Hypoacetylaspartia,8,0.0065153087,0.0008144136,1
yaci and bcma stimulation of b cell immune responses,9,0.0065061203,0.00072290224,1
"Metabolism of ingested SeMet, Sec, MeSec into H2Se",10,0.0064984974,0.00064984977,1
Dectin-1 mediated noncanonical NF-kB signaling,12,0.0064982935,0.00054152444,1
Free fatty acids regulate insulin secretion,7,0.006485131,0.0009264473,1
protein kinase a at the centrosome,11,0.006483417,0.0005894015,1
RHOBTB1 GTPase cycle,12,0.006479457,0.00053995475,1
Transport of Mature mRNAs Derived from Intronless Transcripts,11,0.006475716,0.00058870146,1
Microtubule-dependent trafficking of connexons from Golgi to the plasma membrane,9,0.006469472,0.0007188302,1
DNA Mismatch Repair,18,0.0064600613,0.00035889228,1
Signaling mediated by p38-gamma and p38-delta,11,0.0064560315,0.000586912,1
Excitatory Neural Signalling Through 5-HTR 7 and  Serotonin ,8,0.0064237285,0.00080296607,1
retinoate biosynthesis II,7,0.00641663,0.0009166614,1
InlB-mediated entry of Listeria monocytogenes into host cell,12,0.0063973106,0.00053310924,1
Beta-mercaptolactate-cysteine disulfiduria,15,0.0063793613,0.00042529075,1
Non-homologous end-joining - Homo sapiens (human),5,0.0063725496,0.0012745099,1
Reduction of cytosolic Ca++ levels,23,0.0063579953,0.00027643458,1
Processive synthesis on the C-strand of the telomere,9,0.0063544675,0.00070605194,1
Sulfur metabolism - Homo sapiens (human),8,0.006354347,0.00079429336,1
Signaling by NOTCH1 HD Domain Mutants in Cancer,17,0.0063537937,0.00037375255,1
Nucleotide Excision Repair ,14,0.0063524507,0.00045374647,1
Regulation of gap junction activity,15,0.0063439244,0.0004229283,1
Glypican 3 network,11,0.0063307,0.0005755182,1
Classical Kir channels,21,0.0063250647,0.00030119356,1
Acetylcholine binding and downstream events,10,0.006324182,0.0006324182,1
Glutathione Metabolism,4,0.0063207503,0.0015801876,1
histidine degradation,2,0.006320186,0.003160093,1
Synthesis of pyrophosphates in the cytosol,12,0.0063062604,0.0005255217,1
Androgen and Estrogen Metabolism,10,0.0063046343,0.0006304634,1
Di-unsaturated fatty acid beta-oxidation,14,0.0063017285,0.00045012348,1
RNA Polymerase III Chain Elongation,16,0.0062913354,0.00039320847,1
4-hydroxy-2-nonenal detoxification,5,0.0062891217,0.0012578244,1
Omega-3 fatty acid metabolism,13,0.0062860115,0.00048353936,1
Recognition of DNA damage by PCNA-containing replication complex,23,0.006282259,0.0002731417,1
"Fructose intolerance, hereditary",9,0.0062790127,0.00069766806,1
Cori Cycle,6,0.0062708724,0.0010451454,1
Vitamin H (biotin) metabolism,5,0.0062576146,0.0012515229,1
Capecitabine Action Pathway,5,0.0062563606,0.0012512722,1
sumoylation by ranbp2 regulates transcriptional repression,9,0.0062414524,0.0006934947,1
phospholipase c-epsilon pathway,17,0.0062366286,0.0003668605,1
Transport of organic anions,28,0.006235194,0.0002226855,1
"Gamma-carboxylation, transport, and amino-terminal cleavage of proteins",8,0.006225018,0.0007781272,1
LncRNA-mediated mechanisms of therapeutic resistance,8,0.006202043,0.0007752554,1
btg family proteins and cell cycle regulation,9,0.00619748,0.0006886089,1
"urate biosynthesis/inosine 5,-phosphate degradation",9,0.0061690155,0.0006854462,1
Omega-3-Omega-6 FA synthesis,8,0.006166627,0.0007708284,1
Simvastatin Action Pathway,14,0.0061655194,0.00044039424,1
Polymerase switching on the C-strand of the telomere,18,0.006155909,0.00034199495,1
NTF4 activates NTRK2 (TRKB) signaling,10,0.0061503933,0.0006150393,1
Pantothenate and CoA Biosynthesis,6,0.006134967,0.0010224945,1
deregulation of cdk5 in alzheimers disease,7,0.0060964767,0.00087092526,1
glycolysis,7,0.006094613,0.000870659,1
oxidative stress induced gene expression via nrf2,22,0.0060848068,0.0002765821,1
Transmission across Electrical Synapses ,4,0.0060761985,0.0015190496,1
Protein repair,7,0.006067315,0.0008667593,1
Pravastatin Action Pathway,14,0.0060635647,0.00043311177,1
"Folate malabsorption, hereditary",11,0.0060396185,0.0005490562,1
Digestion of dietary lipid,2,0.0060235243,0.0030117622,1
Signalling to STAT3,5,0.006017534,0.0012035068,1
FBXL7 down-regulates AURKA during mitotic entry and in early mitosis,7,0.006007596,0.000858228,1
Malonyl-coa decarboxylase deficiency,9,0.0059725353,0.00066361506,1
Ubiquinone and other terpenoid-quinone biosynthesis - Homo sapiens (human),5,0.0059721475,0.0011944295,1
MicroRNA (miRNA) biogenesis,8,0.00594976,0.00074372,1
Tyrosine hydroxylase deficiency,11,0.005932778,0.00053934345,1
Congenital Bile Acid Synthesis Defect Type III,15,0.0059310957,0.0003954064,1
Trastuzumab Action Pathway,3,0.005922745,0.0019742483,1
TRIF-mediated programmed cell death,19,0.0059213573,0.0003116504,1
Pamidronate Action Pathway,14,0.005920527,0.00042289478,1
Attachment and Entry,5,0.0059199296,0.001183986,1
Sperm Motility And Taxes,9,0.0059152185,0.0006572465,1
Release of apoptotic factors from the mitochondria,4,0.0059064263,0.0014766066,1
stearate biosynthesis,10,0.005903627,0.0005903627,1
mechanism of protein import into the nucleus,4,0.005895759,0.0014739397,1
RNA Polymerase III Transcription Termination,16,0.00587466,0.00036716624,1
Phenylacetate Metabolism,2,0.0058426633,0.0029213317,1
Methotrexate Action Pathway,11,0.005842586,0.0005311442,1
Autodegradation of the E3 ubiquitin ligase COP1,3,0.005836187,0.0019453956,1
Beta Oxidation of Very Long Chain Fatty Acids,6,0.005825598,0.00097093295,1
"tRNA-derived small RNA (tsRNA or tRNA-related fragment, tRF) biogenesis",5,0.005809279,0.0011618559,1
platelet amyloid precursor protein pathway,8,0.0058084303,0.0007260538,1
Vincristine Action Pathway,8,0.005803927,0.00072549086,1
Long chain acyl-CoA dehydrogenase deficiency (LCAD),12,0.0058017224,0.00048347688,1
Mitochondrial LC-Fatty Acid Beta-Oxidation,7,0.0058000335,0.0008285762,1
MET activates STAT3,5,0.0057971994,0.0011594399,1
Regulation of innate immune responses to cytosolic DNA,9,0.005796267,0.0006440297,1
basic mechanism of action of ppara pparb(d) and pparg and effects on gene expression,13,0.005785993,0.00044507638,1
Degradation of GLI1 by the proteasome,12,0.005759932,0.00047999434,1
Intracellular Signalling Through LHCGR Receptor and Luteinizing Hormone/Choriogonadotropin,8,0.0057549262,0.0007193658,1
Gamma-glutamyl-transpeptidase deficiency,4,0.0057536745,0.0014384186,1
Hyaluronan biosynthesis and export,2,0.0057074097,0.0028537048,1
Cholesteryl ester storage disease,14,0.0056980224,0.00040700161,1
Etoposide Action Pathway,13,0.0056952797,0.00043809845,1
Processing of Capped Intronless Pre-mRNA,11,0.0056887185,0.0005171562,1
p75NTR negatively regulates cell cycle via SC1,5,0.0056853057,0.0011370612,1
Excitatory Neural Signalling Through 5-HTR 4 and Serotonin,8,0.0056836684,0.00071045855,1
Ubiquitin-dependent degradation of Cyclin D,9,0.0056701647,0.0006300183,1
Liver X receptor pathway,4,0.0056567406,0.0014141852,1
pyrimidine ribonucleosides degradation,7,0.0056517725,0.0008073961,1
dTMP <i>de novo</i> biosynthesis (mitochondrial),3,0.0056371493,0.0018790498,1
transcription regulation by methyltransferase of carm1,16,0.005636702,0.00035229386,1
inhibition of matrix metalloproteinases,16,0.0056261644,0.00035163527,1
ROS sensing by NFE2L2,10,0.005625183,0.0005625183,1
cholesterol biosynthesis III (via desmosterol),15,0.0056216917,0.00037477945,1
Benazepril Action Pathway,4,0.005608512,0.001402128,1
Type II diabetes mellitus,16,0.0055968473,0.00034980295,1
<i>N</i>-acetylglucosamine degradation I,36,0.0055962917,0.00015545255,1
Sphingolipid Metabolism (general overview),24,0.005584361,0.0002326817,1
Galactose catabolism,4,0.0055736024,0.0013934006,1
Signaling by kinase domain mutants of KIT,7,0.005568893,0.0007955562,1
EDA signaling in hair follicle development,18,0.005556864,0.0003087147,1
Downregulation of ERBB2:ERBB3 signaling,16,0.0055477275,0.00034673297,1
Sema4D mediated inhibition of cell attachment and migration,10,0.0055441065,0.0005544106,1
Heroin Metabolism Pathway,10,0.0055410606,0.0005541061,1
dermatan sulfate degradation (metazoa),4,0.0055324505,0.0013831126,1
Folding of actin by CCT/TriC,8,0.0055105775,0.0006888222,1
Josephin domain DUBs,8,0.005500035,0.00068750436,1
Mismatch Repair,8,0.005494612,0.0006868265,1
Inactivation of CDC42 and RAC1,21,0.0054935887,0.00026159946,1
hypoxia-inducible factor in the cardivascular system,13,0.0054872897,0.0004220992,1
Highly calcium permeable nicotinic acetylcholine receptors,4,0.005475081,0.0013687703,1
histamine degradation,7,0.005471708,0.00078167254,1
ER-Phagosome pathway,13,0.005452201,0.00041940005,1
Interleukin-1 Induced Activation of NF-kappa-B,12,0.005440965,0.00045341373,1
G1/S DNA Damage Checkpoints,9,0.005432511,0.00060361234,1
Congenital Bile Acid Synthesis Defect Type II,15,0.005408424,0.0003605616,1
WNT5:FZD7-mediated leishmania damping,15,0.005402342,0.00036015612,1
Transport of Mature mRNA Derived from an Intronless Transcript,11,0.0053937193,0.00049033813,1
Hyaluronan uptake and degradation,8,0.0053890618,0.0006736327,1
Caffeine metabolism - Homo sapiens (human),12,0.0053833863,0.00044861552,1
MET activates PTPN11,11,0.005377736,0.0004888851,1
Signaling by Overexpressed Wild-Type EGFR in Cancer,9,0.0053553404,0.0005950378,1
Metabolism of ingested H2SeO4 and H2SeO3 into H2Se,7,0.005347077,0.0007638681,1
Pentose phosphate cycle,10,0.005345694,0.0005345694,1
Codeine Metabolism Pathway,8,0.005337198,0.0006671497,1
Mineralocorticoid biosynthesis,2,0.005313052,0.002656526,1
e2f1 destruction pathway,8,0.0053099664,0.0006637458,1
<i>S</i>-methyl-5-thio-α-D-ribose 1-phosphate degradation,3,0.0053086914,0.0017695638,1
Classical antibody-mediated complement activation,2,0.0052706045,0.0026353023,1
Caspase activation via Dependence Receptors in the absence of ligand,18,0.005263351,0.0002924084,1
Localization of the PINCH-ILK-PARVIN complex to focal adhesions,9,0.00526059,0.00058451,1
phosphorylation of mek1 by cdk5/p35 down regulates the map kinase pathway,21,0.005255821,0.0002502772,1
nicotine degradation III,11,0.005255674,0.00047778853,1
Cilazapril Action Pathway,4,0.0052495897,0.0013123974,1
Intracellular Signalling Through Prostacyclin Receptor and Prostacyclin,8,0.0052373908,0.00065467384,1
Thyroxine (Thyroid Hormone) Production,9,0.005236431,0.0005818257,1
Glial Cell Differentiation,11,0.0052299793,0.00047545266,1
Scavenging by Class F Receptors,10,0.0052281735,0.00052281737,1
Regulation of thyroid hormone activity,6,0.005202177,0.0008670295,1
Steroids metabolism,14,0.005197508,0.00037125056,1
thyroid hormone metabolism I (via deiodination),6,0.0051896223,0.000864937,1
nuclear receptors coordinate the activities of chromatin remodeling complexes and coactivators to facilitate initiation of transcription in carcinoma cells,12,0.005177765,0.00043148044,1
Primary bile acid biosynthesis - Homo sapiens (human),15,0.005177029,0.00034513525,1
rRNA modification in the mitochondrion,2,0.005175767,0.0025878835,1
"SUMO is transferred from E1 to E2 (UBE2I, UBC9)",4,0.005173118,0.0012932795,1
Excitatory Neural Signalling Through 5-HTR 6 and Serotonin ,7,0.0051589925,0.0007369989,1
Gap junction trafficking and regulation,20,0.005132325,0.00025661624,1
Vitamin B6 metabolism,10,0.0051271883,0.0005127188,1
Peroxiredoxin 2 induced ovarian failure,5,0.005097718,0.0010195436,1
Hereditary Coproporphyria (HCP),9,0.005097663,0.000566407,1
Amino Acid conjugation,3,0.0050970446,0.0016990149,1
Early Phase of HIV Life Cycle,6,0.0050714347,0.0008452391,1
γ-glutamyl cycle,4,0.005070839,0.0012677098,1
Lisinopril Action Pathway,4,0.005064779,0.0012661947,1
Fructosuria,9,0.005061576,0.00056239736,1
Signaling by juxtamembrane domain KIT mutants,7,0.0050311456,0.0007187351,1
asparagine biosynthesis,10,0.0050260974,0.00050260976,1
estradiol biosynthesis I,5,0.005026067,0.0010052135,1
DNA-PK pathway in nonhomologous end joining,4,0.005020368,0.001255092,1
Conjugation of salicylate with glycine,3,0.0050000176,0.0016666725,1
NEIL3-mediated resolution of ICLs,5,0.004996221,0.0009992442,1
Spirapril Action Pathway,4,0.004993263,0.0012483158,1
Peptide hormone biosynthesis,4,0.0049800794,0.0012450198,1
Activation of the phototransduction cascade,6,0.004977106,0.00082951767,1
phospholipase c signaling pathway,4,0.004975074,0.0012437685,1
Molybdenum cofactor biosynthesis,7,0.0049625468,0.00070893526,1
Imipramine Metabolism Pathway,3,0.004961282,0.0016537607,1
ornithine <i>de novo </i> biosynthesis,6,0.0049564703,0.0008260784,1
"Progressive trimming of alpha-1,2-linked mannose residues from Man9/8/7GlcNAc2 to produce Man5GlcNAc2",4,0.004956096,0.001239024,1
Lactose Intolerance,5,0.0049552624,0.0009910525,1
Arachidonate production from DAG,14,0.0049454016,0.00035324297,1
SMAC (DIABLO) binds to IAPs ,4,0.0049301004,0.0012325251,1
Conjugation of benzoate with glycine,3,0.0049194694,0.0016398231,1
AlphaE beta7 integrin cell surface interactions,7,0.0049077026,0.0007011004,1
17-alpha-hydroxylase deficiency (CYP17),6,0.0048948564,0.0008158094,1
DNA Damage Reversal,13,0.004885051,0.00037577315,1
Signaling by FGFR2 IIIa TM,14,0.0048737563,0.00034812544,1
ca-calmodulin-dependent protein kinase activation,12,0.0048653926,0.0004054494,1
Regulation of BACH1 activity,10,0.0048344983,0.00048344984,1
The role of GTSE1 in G2/M progression after G2 checkpoint,7,0.004823695,0.00068909925,1
Triglyceride catabolism,11,0.004813592,0.00043759926,1
Estrogen-stimulated signaling through PRKCZ,11,0.004812667,0.0004375152,1
acetone degradation I (to methylglyoxal),4,0.004812251,0.0012030627,1
Sorafenib Metabolism Pathway,13,0.0048107984,0.00037006143,1
GABA shunt,9,0.0047859387,0.000531771,1
Gap junction trafficking,14,0.0047848583,0.0003417756,1
Killing mechanisms,15,0.0047577643,0.00031718428,1
Terminal pathway of complement,5,0.0047523687,0.0009504737,1
ALK2 signaling events,14,0.004746281,0.00033902007,1
asparagine degradation,13,0.0047407607,0.0003646739,1
Degradation of GABA,3,0.0047208136,0.0015736045,1
Glycoprotein hormones,3,0.0047199717,0.0015733239,1
Endoplasmic reticulum stress response in coronavirus infection,7,0.0047107004,0.0006729572,1
multi-drug resistance factors,6,0.0047081984,0.00078469975,1
Zellweger Syndrome,15,0.0047023417,0.00031348944,1
Gamma-carboxylation of protein precursors,5,0.00469858,0.000939716,1
ROBO receptors bind AKAP5,13,0.0046958793,0.0003612215,1
Biosynthesis of maresins,7,0.004694015,0.00067057356,1
Pathways of nucleic acid metabolism and innate immune sensing,7,0.004692747,0.0006703924,1
Biosynthesis of maresin-like SPMs,5,0.004688965,0.00093779305,1
Electric Transmission Across Gap Junctions,4,0.0046755215,0.0011688804,1
RSK activation,8,0.004672521,0.0005840651,1
Post-transcriptional silencing by small RNAs,7,0.0046723243,0.0006674749,1
Glycogen synthetase deficiency,19,0.004657709,0.00024514258,1
FGFR1c and Klotho ligand binding and activation,6,0.0046547633,0.00077579386,1
Ifosfamide Metabolism Pathway,5,0.004622313,0.0009244626,1
"Phase I biotransformations, non P450",5,0.0046202643,0.00092405285,1
PAR4-mediated thrombin signaling events,13,0.004618465,0.00035526653,1
Metal sequestration by antimicrobial proteins,7,0.0046151113,0.0006593016,1
Classical pathway of steroidogenesis with glucocorticoid and mineralocorticoid metabolism,6,0.004609116,0.000768186,1
Attachment of GPI anchor to uPAR,8,0.004606123,0.0005757654,1
Activation of PUMA and translocation to mitochondria,13,0.0046019526,0.00035399635,1
GLUT-1 deficiency syndrome,9,0.004600782,0.000511198,1
AKT-mediated inactivation of FOXO1A,5,0.0046004835,0.0009200967,1
Scavenging of heme from plasma,5,0.004598317,0.00091966346,1
γ-linolenate biosynthesis,7,0.004596544,0.0006566491,1
SLIT2:ROBO1 increases RHOA activity,16,0.0045944895,0.0002871556,1
Synthesis of Ketone Bodies,6,0.004593335,0.00076555583,1
Clopidogrel Action Pathway,7,0.004585328,0.00065504684,1
PLC-gamma1 signalling,3,0.004581695,0.0015272317,1
The retinoid cycle in cones (daylight vision),4,0.004581373,0.0011453433,1
Pexophagy,4,0.0045812256,0.0011453064,1
TRAIL  signaling,7,0.0045668753,0.00065241073,1
Congenital disorder of glycosylation CDG-IId,9,0.0045586918,0.0005065213,1
basic mechanisms of sumoylation,4,0.004554456,0.001138614,1
Starch and Sucrose Metabolism,19,0.004552804,0.00023962127,1
UTP and CTP <i>de novo</i> biosynthesis,2,0.0045514083,0.0022757042,1
Acetylcholine inhibits contraction of outer hair cells,11,0.0045371205,0.0004124655,1
Transport of nucleosides and free purine and pyrimidine bases across the plasma membrane,9,0.004530371,0.00050337455,1
Porphyrin Metabolism,9,0.004517116,0.0005019018,1
Regulation of Apoptosis,4,0.0045128013,0.0011282003,1
rb tumor suppressor/checkpoint signaling in response to dna damage,14,0.0045027263,0.00032162332,1
Lactose Synthesis,9,0.0044892845,0.0004988094,1
Vitamins B6 activation to pyridoxal phosphate,2,0.004486645,0.0022433226,1
Kennedy pathway from sphingolipids,16,0.0044774516,0.00027984072,1
cholesterol biosynthesis I,15,0.0044713877,0.00029809252,1
DDX1 as a regulatory component of the Drosha microprocessor,3,0.0044705244,0.0014901748,1
Alpha-defensins,4,0.0044694943,0.0011173736,1
TRKA activation by NGF,2,0.0044582514,0.0022291257,1
Rescinnamine Action Pathway,4,0.004458245,0.0011145612,1
Vitamin B6 Metabolism,4,0.0044489894,0.0011122474,1
Mitochondrial calcium ion transport,20,0.0044437293,0.00022218647,1
PTK6 Regulates Proteins Involved in RNA Processing,12,0.0044409023,0.0003700752,1
Tyrosinemia Type 3 (TYRO3),15,0.004438347,0.00029588983,1
"Synthesis And Processing Of GAG, GAGPOL Polyproteins",10,0.0044295685,0.00044295687,1
ABC transporters in lipid homeostasis,8,0.004426086,0.00055326073,1
Regulation of PTEN localization,11,0.0044191135,0.0004017376,1
Presynaptic nicotinic acetylcholine receptors,5,0.0044086324,0.0008817265,1
Fructose biosynthesis,2,0.0043899673,0.0021949837,1
Prednisone Metabolism Pathway,1,0.004388466,0.004388466,1
rRNA processing in the mitochondrion,2,0.004387837,0.0021939185,1
Signaling by FGFR4 in disease,18,0.0043873563,0.00024374202,1
granzyme a mediated apoptosis pathway,5,0.0043865996,0.00087731995,1
Moexipril Action Pathway,4,0.004350793,0.0010876983,1
RUNX3 regulates CDKN1A transcription,13,0.004342926,0.00033407126,1
Stabilization of p53,5,0.0043290653,0.00086581305,1
SARS-CoV-2 and angiotensin-converting enzyme 2 receptor- molecular mechanisms,7,0.004328947,0.000618421,1
TICAM1-dependent activation of IRF3/IRF7,9,0.00431633,0.0004795922,1
Ion influx/efflux at host-pathogen interface,4,0.0043118247,0.0010779562,1
Phytanic acid peroxisomal oxidation,13,0.0043084784,0.0003314214,1
N-glycan trimming and elongation in the cis-Golgi,7,0.0043018763,0.00061455375,1
Calcineurin activates NFAT,8,0.0043011946,0.0005376493,1
Erlotinib Action Pathway,7,0.0042874613,0.0006124945,1
Lidocaine metabolism,3,0.004281209,0.0014270697,1
carm1 and regulation of the estrogen receptor,16,0.0042803357,0.00026752098,1
Regulation of cortical dendrite branching,16,0.0042769085,0.00026730678,1
palmitate biosynthesis,6,0.0042753187,0.0007125531,1
Astrocytic Glutamate-Glutamine Uptake And Metabolism,11,0.004266957,0.00038790517,1
"Adrenoleukodystrophy, X-linked",6,0.00426617,0.0007110283,1
phospho-PLA2 pathway,6,0.004254021,0.00070900354,1
Glutathione Synthetase Deficiency,4,0.0042453995,0.0010613499,1
Maturation of nucleoprotein,9,0.0042319447,0.00047021607,1
Phase 3 - rapid repolarisation,11,0.0042143823,0.00038312565,1
Transcription of E2F targets under negative control by DREAM complex,4,0.0042121247,0.0010530312,1
Arachidonate Epoxygenase - Epoxide Hydrolase,4,0.0042116414,0.0010529103,1
Doxepin Metabolism Pathway,4,0.00420944,0.00105236,1
Signaling by MST1,5,0.0042082644,0.00084165286,1
Retrograde neurotrophin signalling,11,0.0041994043,0.00038176402,1
Activation of caspases through apoptosome-mediated cleavage,4,0.0041957,0.001048925,1
hiv-1 defeats host-mediated resistance by cem15,4,0.004194924,0.001048731,1
Phosphoenolpyruvate carboxykinase deficiency 1 (PEPCK1),11,0.0041763186,0.00037966532,1
Omega-9 FA synthesis,7,0.0041673104,0.0005953301,1
Telomere Extension By Telomerase,9,0.004163512,0.00046261246,1
Lagging Strand Synthesis,16,0.004161063,0.00026006644,1
b cell survival pathway,9,0.004142768,0.00046030758,1
Congenital Erythropoietic Porphyria (CEP) or Gunther Disease,9,0.0041405223,0.00046005804,1
bupropion degradation,3,0.0041383887,0.0013794629,1
Invadopodia formation,6,0.004135022,0.0006891703,1
SARS-CoV-2 Genome Replication and Transcription,6,0.004134851,0.00068914186,1
Enalapril Action Pathway,4,0.0041313246,0.0010328311,1
Synthesis of PG,3,0.0041256547,0.0013752183,1
RHOT2 GTPase cycle,5,0.0041253683,0.0008250737,1
regulation of p27 phosphorylation during cell cycle progression,8,0.0041210447,0.0005151306,1
Carbamazepine Metabolism Pathway,5,0.0041134814,0.00082269625,1
methionine degradation,7,0.0041046278,0.0005863754,1
L-glutamine tRNA biosynthesis,4,0.0041007516,0.0010251879,1
malate-aspartate shuttle,17,0.004092599,0.00024074111,1
Transport and synthesis of PAPS,8,0.004090769,0.00051134615,1
zymosterol biosynthesis,6,0.0040865685,0.00068109477,1
Fosinopril Action Pathway,4,0.0040533114,0.0010133279,1
Cysteine formation from homocysteine,9,0.0040531955,0.00045035506,1
Inflammasomes,16,0.0040519047,0.00025324404,1
Steroidogenesis,6,0.0040453207,0.0006742201,1
Biosynthesis of electrophilic ?-3 PUFA oxo-derivatives,4,0.0040437635,0.0010109409,1
Choline catabolism,8,0.0040272786,0.0005034098,1
Carnitine Synthesis,3,0.0040182043,0.0013394015,1
thiamin salvage III,12,0.004014888,0.000334574,1
proline biosynthesis,4,0.0039901924,0.0009975481,1
Signalling to p38 via RIT and RIN,9,0.0039892555,0.0004432506,1
HIPK2 in kidney fibrosis,2,0.0039872667,0.0019936333,1
akap95 role in mitosis and chromosome dynamics,8,0.003979825,0.0004974781,1
Leading Strand Synthesis,14,0.0039764107,0.00028402935,1
FOXA2 pathway,20,0.0039678747,0.00019839374,1
spliceosomal assembly,12,0.0039402638,0.00032835532,1
Transport of fatty acids,5,0.003938206,0.0007876412,1
Activation of AMPA receptors,6,0.0039217575,0.0006536262,1
Polymerase switching,14,0.0039055566,0.00027896833,1
E2F-enabled inhibition of pre-replication complex formation,5,0.0039048803,0.000780976,1
Zinc efflux and compartmentalization by the SLC30 family,13,0.0039041005,0.0003003154,1
Reversal of alkylation damage by DNA dioxygenases,7,0.0038986485,0.0005569498,1
Reuptake of GABA,6,0.0038923405,0.0006487234,1
Cyclophosphamide Metabolism Pathway,5,0.0038864587,0.0007772917,1
Ketone body metabolism,6,0.0038778745,0.00064631243,1
RHOBTB3 ATPase cycle,7,0.0038682688,0.00055260985,1
regulation of eif2,7,0.0038513849,0.00055019784,1
cyclin e destruction pathway,10,0.0038501734,0.00038501734,1
"Cystinosis, ocular nonnephropathic",15,0.0038371792,0.00025581193,1
Forasartan Action Pathway,4,0.0038239723,0.0009559931,1
snRNP Assembly,16,0.0038191243,0.00023869527,1
brca1 dependent ub ligase activity,6,0.0038115925,0.00063526543,1
superpathway of steroid hormone biosynthesis,9,0.0038093412,0.00042326015,1
Replication of the SARS-CoV-1 genome,6,0.0038059505,0.0006343251,1
Activation of C3 and C5,6,0.0038056339,0.0006342723,1
ATP sensitive Potassium channels,6,0.0037999034,0.0006333172,1
"Glycogenosis, Type IB",11,0.0037961188,0.0003451017,1
Activation of RAC1,21,0.003793486,0.0001806422,1
superpathway of geranylgeranyldiphosphate biosynthesis I (via mevalonate),5,0.0037892077,0.0007578415,1
Aromatic amines can be N-hydroxylated or N-dealkylated by CYP1A2,2,0.0037653777,0.0018826888,1
p75NTR recruits signalling complexes,13,0.0037609986,0.0002893076,1
"TET1,2,3 and TDG demethylate DNA",5,0.0037512984,0.00075025967,1
tetrahydrobiopterin <i>de novo</i> biosynthesis,4,0.0037478185,0.00093695463,1
Amino Acid Metabolism Pathway Excerpt (Histidine catabolism extension),2,0.00374287,0.001871435,1
"Carnosinuria, carnosinemia",7,0.0037320363,0.00053314806,1
MET activates RAS signaling,14,0.0037255683,0.000266112,1
Catalytic cycle of mammalian Flavin-containing MonoOxygenases (FMOs),5,0.0037239622,0.00074479246,1
glycogen biosynthesis,14,0.0037200511,0.00026571794,1
ethanol degradation II,4,0.0037024408,0.0009256102,1
SDK interactions,12,0.0036931727,0.0003077644,1
Terpenoid backbone biosynthesis - Homo sapiens (human),7,0.0036845028,0.00052635756,1
Aflatoxin B1 metabolism,5,0.0036770804,0.0007354161,1
human cytomegalovirus and map kinase pathways,14,0.0036757966,0.0002625569,1
21-hydroxylase deficiency (CYP21),6,0.0036738496,0.0006123083,1
opposing roles of aif in apoptosis and cell survival,1,0.003672861,0.003672861,1
InlA-mediated entry of Listeria monocytogenes into host cells,8,0.0036692964,0.00045866205,1
Class IB PI3K non-lipid kinase events,8,0.003663756,0.0004579695,1
Replication of the SARS-CoV-2 genome,6,0.0036588823,0.0006098137,1
Venlafaxine Metabolism Pathway,2,0.0036428717,0.0018214359,1
Corticosterone methyl oxidase I deficiency (CMO I),6,0.0036272844,0.0006045474,1
p53-Independent G1/S DNA damage checkpoint,2,0.0036093718,0.0018046859,1
Nicotine Metabolism,10,0.0036060105,0.00036060106,1
Purine salvage,6,0.0035955815,0.0005992636,1
Evolocumab Mechanism,7,0.0035890786,0.0005127255,1
Lactose synthesis,5,0.0035872713,0.00071745424,1
Regulation of ornithine decarboxylase (ODC),3,0.0035654085,0.0011884695,1
Rosiglitazone Metabolism Pathway,4,0.00355478,0.000888695,1
Organic anion transporters,5,0.0035365827,0.00070731656,1
ethanol degradation IV,4,0.003533502,0.0008833755,1
Pyruvaldehyde Degradation,3,0.0035276515,0.0011758838,1
4-aminobutyrate degradation,3,0.0035182575,0.0011727525,1
"Fructose-1,6-diphosphatase deficiency",11,0.003518061,0.00031982374,1
Axonal growth inhibition (RHOA activation),8,0.003510171,0.00043877139,1
lysine degradation II (pipecolate pathway),4,0.0035036402,0.00087591005,1
reversal of insulin resistance by leptin,8,0.0034964914,0.00043706142,1
Removal of the Flap Intermediate from the C-strand,6,0.0034911684,0.0005818614,1
15q11.2 copy number variation syndrome,4,0.0034857115,0.0008714279,1
Histamine receptors,7,0.0034702776,0.00049575395,1
Fatty Acids bound to GPR40 (FFAR1) regulate insulin secretion,5,0.003469098,0.0006938196,1
Mitochondrial transcription termination,3,0.0034689382,0.0011563128,1
Vindesine Action Pathway,8,0.0034641435,0.00043301794,1
phenylalanine degradation/tyrosine biosynthesis,8,0.0034634518,0.00043293147,1
hydrogen sulfide biosynthesis (trans-sulfuration),7,0.0034603518,0.00049433595,1
Telmisartan Action Pathway,4,0.003457055,0.00086426374,1
Propionyl-CoA catabolism,5,0.0034566524,0.00069133047,1
Capecitabine Metabolism Pathway,5,0.0034546163,0.00069092325,1
overview of telomerase protein component gene htert transcriptional regulation,7,0.0034523068,0.0004931867,1
Toxicity of botulinum toxin type C (botC),2,0.003450423,0.0017252115,1
CYP2E1 reactions,7,0.0034488481,0.0004926926,1
ABO blood group biosynthesis,7,0.003438892,0.0004912703,1
"D-<i>myo</i>-inositol (1,4,5)-trisphosphate degradation",6,0.0034371736,0.0005728623,1
tyrosine degradation,3,0.003435127,0.0011450424,1
Vif-mediated degradation of APOBEC3G,3,0.0034332667,0.0011444222,1
Neurodegenerative Diseases,10,0.0034307386,0.00034307386,1
Corticotropin Activation of Cortisol Production,9,0.003408203,0.0003786892,1
Activation of AKT2,5,0.003397234,0.0006794468,1
Caspase-mediated cleavage of cytoskeletal proteins,9,0.003393246,0.00037702735,1
miR-222 in Exercise-Induced Cardiac Growth,2,0.003387893,0.0016939465,1
Cysteine Metabolism,15,0.0033878847,0.00022585898,1
fatty acid activation,6,0.0033861625,0.0005643604,1
superpathway of pyrimidine deoxyribonucleotides <i>de novo</i> biosynthesis,6,0.0033732757,0.0005622126,1
"Deregulated CDK5 triggers multiple neurodegenerative pathways in Alzheimer,s disease models",10,0.0033716192,0.0003371619,1
Apoptosis induced DNA fragmentation,2,0.0033704094,0.0016852047,1
chondroitin sulfate degradation (metazoa),6,0.0033669733,0.0005611622,1
Transport of nucleotide sugars,5,0.0033620067,0.00067240134,1
androgen biosynthesis,3,0.0033612477,0.0011204159,1
Spermidine and Spermine Biosynthesis,3,0.0033531496,0.0011177165,1
27-Hydroxylase Deficiency,15,0.0033500681,0.00022333788,1
pyrimidine deoxyribonucleosides salvage,4,0.0033301315,0.0008325329,1
Post-chaperonin tubulin folding pathway,6,0.0033060622,0.00055101037,1
Neurofascin interactions,6,0.0033021031,0.0005503505,1
Diseases of programmed cell death,11,0.0032969068,0.0002997188,1
Trafficking of GluR2-containing AMPA receptors,17,0.0032906998,0.00019357058,1
Keratan sulfate degradation,19,0.0032906036,0.00017318966,1
phosphatidylserine biosynthesis II,6,0.0032682237,0.000544704,1
Proximal tubule bicarbonate reclamation - Homo sapiens (human),26,0.0032527419,0.00012510546,1
Disinhibition of SNARE formation,6,0.003242056,0.00054034265,1
Mitotic Telophase/Cytokinesis,5,0.0032401849,0.00064803695,1
Neurotransmitter uptake and metabolism In glial cells,11,0.0032345273,0.00029404793,1
Fructose metabolism,5,0.0032308397,0.00064616796,1
putrescine degradation III,8,0.0032162643,0.00040203304,1
Benzo(a)pyrene metabolism,4,0.0032064142,0.00080160354,1
Nucleobase biosynthesis,9,0.0032019254,0.0003557695,1
D-galactose degradation V (Leloir pathway),6,0.0031999703,0.0005333284,1
superpathway of choline degradation to L-serine,6,0.0031959328,0.00053265545,1
NTRK3 as a dependence receptor,4,0.003192729,0.0007981823,1
5-oxoprolinase deficiency,4,0.0031829139,0.00079572847,1
Lactose Degradation,5,0.0031764207,0.0006352841,1
Glycogen Storage Disease Type 1A (GSD1A) or Von Gierke Disease,11,0.0031670127,0.00028791025,1
Prefoldin mediated transfer of substrate  to CCT/TriC,14,0.0031645685,0.0002260406,1
Organic anion transport,2,0.0031603887,0.0015801943,1
Metabolism of polyamines,10,0.00315047,0.00031504701,1
11-beta-hydroxylase deficiency (CYP11B1),6,0.0031336804,0.00052228005,1
Late endosomal microautophagy,9,0.0031330134,0.0003481126,1
Leptin and adiponectin,10,0.0031308834,0.00031308836,1
Suppression of apoptosis,9,0.0031227027,0.00034696696,1
Cholesterol biosynthesis via lathosterol,7,0.0031193416,0.00044562022,1
cysteine biosynthesis/homocysteine degradation (trans-sulfuration),7,0.0031048844,0.00044355492,1
purine ribonucleosides degradation to ribose-1-phosphate,5,0.0031034593,0.00062069186,1
visual signal transduction,6,0.0031019878,0.00051699794,1
pregnenolone biosynthesis,1,0.0030998376,0.0030998376,1
p53-Independent DNA Damage Response,2,0.0030944466,0.0015472233,1
KSRP (KHSRP) binds and destabilizes mRNA,3,0.0030835103,0.0010278368,1
PTK6 Expression,8,0.0030816807,0.0003852101,1
NR1H2 & NR1H3 regulate gene expression to control bile acid homeostasis,7,0.00307519,0.00043931283,1
Catecholamine Biosynthesis,11,0.003050449,0.00027731355,1
Negative regulation of TCF-dependent signaling by DVL-interacting proteins,3,0.003049211,0.0010164037,1
Fructose and Mannose Degradation,9,0.0030438974,0.00033821084,1
L-cysteine degradation I,9,0.0030138835,0.00033487595,1
Galactosemia III,8,0.003010982,0.00037637274,1
3-Beta-Hydroxysteroid Dehydrogenase Deficiency,6,0.0030087808,0.0005014635,1
STING mediated induction of host immune responses,2,0.0030082515,0.0015041258,1
Pregnenolone biosynthesis,11,0.0030053116,0.00027321014,1
Beta-Alanine Metabolism,7,0.0030022536,0.00042889337,1
Acute Intermittent Porphyria,9,0.0029890696,0.00033211883,1
Integration of provirus,3,0.0029718936,0.0009906312,1
phospholipase c delta in phospholipid associated cell signaling,5,0.0029673604,0.0005934721,1
Ifosfamide Action Pathway,5,0.0029595657,0.0005919131,1
Paclitaxel Action Pathway,7,0.0029591876,0.00042274108,1
Mitochondrial Beta-Oxidation of Short Chain Saturated Fatty Acids,9,0.002953686,0.00032818734,1
generation of amyloid b-peptide by ps1,7,0.0029527273,0.00042181817,1
Lipid particle organization,4,0.0029425644,0.0007356411,1
Signaling by FGFR2 amplification mutants,11,0.0029418205,0.00026743824,1
Riboflavin metabolism - Homo sapiens (human),3,0.0029388394,0.0009796132,1
Mitotic Metaphase/Anaphase Transition,5,0.0029374894,0.0005874979,1
Olmesartan Action Pathway,4,0.0029367504,0.0007341876,1
Signaling by MAP2K mutants,5,0.00293358,0.000586716,1
PP2A-mediated dephosphorylation of key metabolic factors,6,0.0029055197,0.00048425328,1
Irbesartan Action Pathway,4,0.0028883596,0.0007220899,1
L-cysteine degradation II,9,0.0028848383,0.0003205376,1
CMP-<i>N</i>-acetylneuraminate biosynthesis I (eukaryotes),4,0.0028820583,0.00072051457,1
alternative complement pathway,8,0.0028811933,0.00036014916,1
Miro GTPase Cycle,5,0.002880965,0.000576193,1
aspirin triggered resolvin E biosynthesis,4,0.0028764307,0.0007191077,1
Riboflavin Metabolism,5,0.0028558394,0.0005711679,1
sumoylation as a mechanism to modulate ctbp-dependent gene responses,11,0.0028491013,0.00025900922,1
mitochondrial fatty acid beta-oxidation of saturated fatty acids,5,0.0028352488,0.0005670498,1
Short-chain 3-hydroxyacyl-CoA dehydrogenase deficiency (SCHAD),9,0.0028345438,0.0003149493,1
Clomipramine Metabolism Pathway,3,0.002830901,0.00094363367,1
role of parkin in ubiquitin-proteasomal pathway,12,0.002828118,0.00023567649,1
Defective ABCC8 can cause hypo- and hyper-glycemias,3,0.0028198827,0.0009399609,1
AKT phosphorylates targets in the cytosol,7,0.002810478,0.00040149686,1
Trafficking of myristoylated proteins to the cilium,3,0.0028036565,0.00093455217,1
Aurora C signaling,3,0.0028009615,0.00093365385,1
superpathway of pyrimidine deoxyribonucleoside salvage,5,0.0027841665,0.0005568333,1
Biosynthesis of DPA-derived SPMs,4,0.0027827534,0.00069568836,1
Apparent mineralocorticoid excess syndrome,6,0.002782483,0.00046374716,1
Regulation of gene expression by Hypoxia-inducible Factor,6,0.0027816354,0.0004636059,1
rna polymerase iii transcription,6,0.0027447566,0.00045745945,1
"Cerebral organic acidurias, including diseases",3,0.0027407934,0.0009135978,1
Fosphenytoin (Antiarrhythmic) Metabolism Pathway,9,0.002738563,0.0003042848,1
Drug-mediated inhibition of ERBB2 signaling,7,0.002732828,0.000390404,1
Sphingolipid Metabolism (integrated pathway),24,0.0027268685,0.00011361952,1
4-hydroxybenzoate biosynthesis,2,0.0027202917,0.0013601459,1
5-Oxoprolinuria,4,0.0027081147,0.0006770287,1
Phosphorylation of proteins involved in G1/S transition by active Cyclin E:Cdk2 complexes,3,0.0026934599,0.00089781993,1
Signaling by FGFR2 fusions,11,0.0026899897,0.00024454453,1
Beta oxidation of butanoyl-CoA to acetyl-CoA,3,0.0026888682,0.0008962894,1
O2/CO2 exchange in erythrocytes,3,0.0026827701,0.0008942567,1
Pyrimidine biosynthesis,1,0.0026802276,0.0026802276,1
FLT3 mutants bind TKIs,4,0.0026784695,0.0006696174,1
Biosynthesis of DPAn-3 SPMs,4,0.0026753757,0.0006688439,1
"COVID-19, thrombosis and anticoagulation",5,0.002670358,0.0005340716,1
Nucleotide metabolism,8,0.0026649297,0.00033311622,1
Axonal growth stimulation,4,0.0026478001,0.00066195003,1
leukotriene biosynthesis,5,0.002628885,0.000525777,1
GABA synthesis,5,0.002619842,0.0005239684,1
glutaryl-CoA degradation,3,0.0026102508,0.00087008363,1
RUNX2 regulates genes involved in differentiation of myeloid cells,3,0.002593176,0.000864392,1
metabolism of anandamide an endogenous cannabinoid,6,0.0025883692,0.00043139487,1
acetate conversion to acetyl-CoA,2,0.0025853855,0.0012926927,1
Nicotine Activity on Chromaffin Cells,5,0.0025555305,0.0005111061,1
Inhibition of replication initiation of damaged DNA by RB1/E2F1,6,0.0025457141,0.00042428568,1
Integrated Cancer Pathway,5,0.0025446762,0.00050893525,1
Breakdown of the nuclear lamina,1,0.0025352496,0.0025352496,1
Adrenal Hyperplasia Type 3 or Congenital Adrenal Hyperplasia due to 21-hydroxylase Deficiency,6,0.0025351387,0.00042252312,1
HDL clearance,2,0.0025305448,0.0012652724,1
spermine and spermidine degradation I,6,0.0025237254,0.0004206209,1
putrescine biosynthesis II,1,0.0025157689,0.0025157689,1
mevalonate pathway,5,0.0025139418,0.00050278835,1
Signaling by extracellular domain mutants of KIT,7,0.00250954,0.0003585057,1
Gamma-Glutamyltransferase Deficiency,4,0.002490573,0.0006226433,1
Sulfur relay system - Homo sapiens (human),2,0.0024861684,0.0012430842,1
Mitochondrial fatty acid synthesis pathway,6,0.0024860473,0.00041434122,1
Ficolins bind to repetitive carbohydrate structures on the target cell surface,2,0.002483791,0.0012418955,1
Glycerol Phosphate Shuttle,3,0.00247434,0.00082477997,1
Purine ribonucleoside monophosphate biosynthesis,8,0.0024704463,0.0003088058,1
Primary Hyperoxaluria Type I,1,0.002449103,0.002449103,1
Synthesis of Prostaglandins (PG) and Thromboxanes (TX),7,0.0024407543,0.0003486792,1
Computational Model of Aerobic Glycolysis,3,0.0024371133,0.0008123711,1
Activation of BMF and translocation to mitochondria,2,0.0024338728,0.0012169364,1
Erythrocytes take up carbon dioxide and release oxygen,3,0.00243307,0.00081102335,1
Cyclophosphamide Action Pathway,5,0.0024323198,0.00048646395,1
methylglyoxal degradation I,3,0.002424894,0.00080829795,1
glutamate dependent acid resistance,5,0.0024238252,0.00048476504,1
Captopril Action Pathway,4,0.002398766,0.0005996915,1
Perindopril Action Pathway,4,0.0023921013,0.00059802533,1
Alanine Metabolism,1,0.0023890724,0.0023890724,1
Removal of the Flap Intermediate,6,0.0023796072,0.0003966012,1
serotonin degradation,6,0.0023789327,0.0003964888,1
MGMT-mediated DNA damage reversal,6,0.0023754654,0.0003959109,1
Regulation of gene expression in beta cells,5,0.0023729561,0.00047459122,1
NrCAM interactions,5,0.002367443,0.0004734886,1
"Gamma-glutamyl cycle for the biosynthesis and degradation of glutathione, including diseases",3,0.0023528007,0.0007842669,1
Eprosartan Action Pathway,4,0.0023466211,0.0005866553,1
CREB1 phosphorylation through the activation of CaMKII/CaMKK/CaMKIV cascasde,7,0.0023321258,0.00033316083,1
DEx/H-box helicases activate type I IFN and inflammatory cytokines production ,6,0.0023103494,0.00038505823,1
Candesartan Action Pathway,4,0.0022911415,0.0005727854,1
Beta oxidation of octanoyl-CoA to hexanoyl-CoA,2,0.002290901,0.0011454505,1
progesterone biosynthesis,2,0.0022874018,0.0011437009,1
HDL assembly,4,0.0022843683,0.00057109207,1
Adrenaline signalling through Alpha-2 adrenergic receptor,5,0.0022757358,0.00045514718,1
PLK3 signaling events,4,0.0022700885,0.00056752213,1
PLCG1 events in ERBB2 signaling,5,0.0022653907,0.00045307813,1
Synthesis of bile acids and bile salts via 27-hydroxycholesterol,5,0.002261416,0.00045228322,1
Lidocaine (Local Anaesthetic) Metabolism Pathway,5,0.0022570482,0.00045140964,1
17-Beta Hydroxysteroid Dehydrogenase III Deficiency,10,0.0022538388,0.00022538388,1
Glucose-Alanine Cycle,6,0.0022382652,0.0003730442,1
SOS-mediated signalling,21,0.0022163154,0.00010553883,1
pentose phosphate pathway,2,0.0021889445,0.0010944722,1
glutathione biosynthesis,2,0.0021888122,0.0010944061,1
IRF3 mediated activation of type 1 IFN,2,0.002188692,0.001094346,1
The NLRP3 inflammasome,7,0.0021883508,0.00031262153,1
RHO GTPases Activate Rhotekin and Rhophilins,6,0.0021863626,0.00036439378,1
Synthesis of bile acids and bile salts via 24-hydroxycholesterol,5,0.0021772743,0.00043545486,1
cycling of ran in nucleocytoplasmic transport,3,0.0021682282,0.0007227427,1
epoxysqualene biosynthesis,2,0.0021680526,0.0010840263,1
fatty acid α-oxidation III,3,0.002166769,0.0007222563,1
Methionine metabolism leading to sulfur amino acids and related disorders,8,0.002152242,0.00026903025,1
Mismatch repair (MMR) directed by MSH2:MSH6 (MutSalpha),7,0.0021330607,0.00030472295,1
"<i>S</i>-methyl-5,-thioadenosine degradation",2,0.0021320055,0.0010660028,1
Endogenous sterols,8,0.0020988996,0.00026236245,1
Prednisolone Metabolism Pathway,5,0.0020974213,0.00041948428,1
MAPK and NFkB signaling pathways inhibited by Yersinia YopJ,5,0.0020930169,0.00041860336,1
Cholesterol Biosynthesis with Skeletal Dysplasias,10,0.0020878909,0.00020878909,1
Panitumumab Action Pathway,3,0.0020865102,0.0006955034,1
aspirin-triggered lipoxin biosynthesis,4,0.0020691168,0.0005172792,1
PTK6 Activates STAT3,3,0.002067504,0.000689168,1
guanosine deoxyribonucleotides <i>de novo</i> biosynthesis,3,0.0020633216,0.00068777386,1
glutamine degradation/glutamate biosynthesis,3,0.0020620278,0.0006873426,1
Highly sodium permeable postsynaptic acetylcholine nicotinic receptors,3,0.002050933,0.0006836443,1
Fructose catabolism,3,0.002046958,0.00068231934,1
RNA Polymerase I Promoter Opening,2,0.0020437422,0.0010218711,1
MicroRNA network associated with chronic lymphocytic leukemia,8,0.0020427261,0.00025534077,1
FMO oxidises nucleophiles,4,0.0020426488,0.0005106622,1
SARS-CoV-1 Genome Replication and Transcription,6,0.002041113,0.0003401855,1
Fluoroacetic acid toxicity,6,0.0020402048,0.00034003414,1
"mRNA decay by 3, to 5, exoribonuclease",5,0.0020373904,0.00040747807,1
Leukotriene receptors,4,0.0020370467,0.0005092617,1
Temocapril Action Pathway,4,0.0020366977,0.0005091744,1
Reversible hydration of carbon dioxide,4,0.0020342232,0.0005085558,1
Ubiquitin Mediated Degradation of Phosphorylated Cdc25A,2,0.0020189271,0.0010094636,1
Teniposide Metabolism Pathway,2,0.002007843,0.0010039215,1
Vpu mediated degradation of CD4,2,0.0020041768,0.0010020884,1
Non-homologous end joining,4,0.002000803,0.0005002007,1
Pentose Phosphate Metabolism,1,0.0019933644,0.0019933644,1
APEX1-Independent Resolution of AP Sites via the Single Nucleotide Replacement Pathway,4,0.0019761273,0.0004940318,1
choline degradation,4,0.0019692343,0.0004923086,1
lactate fermentation (reoxidation of cytosolic NADH),2,0.0019355624,0.0009677812,1
oxidative ethanol degradation III,4,0.0019336168,0.0004834042,1
CS/DS degradation,4,0.001932492,0.000483123,1
lactose degradation III,20,0.0019205912,9.602956e-05,1
NFG and proNGF binds to p75NTR,3,0.0019198938,0.0006399646,1
ARL13B-mediated ciliary trafficking of INPP5E,5,0.0019171529,0.00038343057,1
Proline catabolism,1,0.0019066165,0.0019066165,1
"Glycogenosis, Type IC",11,0.0019028435,0.00017298578,1
Sodium-coupled phosphate cotransporters,3,0.0018998386,0.0006332795,1
guanosine nucleotides <i>de novo</i> biosynthesis,4,0.0018963263,0.00047408158,1
Angiotensin Metabolism,4,0.0018859281,0.00047148202,1
Alternative complement activation,4,0.0018724292,0.0004681073,1
Proprotein convertase subtilisin-kexin type 9 (PCSK9) mediated LDL receptor degradation,7,0.0018614952,0.0002659279,1
methylglyoxal degradation III,2,0.001850864,0.000925432,1
purine deoxyribonucleosides salvage,4,0.0018406906,0.00046017265,1
Mitochondrial ABC transporters,2,0.0018363734,0.0009181867,1
mRNA Editing: C to U Conversion,2,0.0018313397,0.00091566984,1
Homocysteine Degradation,9,0.0018256488,0.00020284987,1
Glutathione synthesis and recycling,4,0.0018212323,0.00045530807,1
2-LTR circle formation,3,0.0018191498,0.00060638326,1
Rhesus glycoproteins mediate ammonium transport.,1,0.0018184098,0.0018184098,1
Lewis blood group biosynthesis,12,0.001815891,0.00015132425,1
HDR through MMEJ (alt-NHEJ),9,0.0018150861,0.00020167623,1
sphingosine and sphingosine-1-phosphate metabolism,7,0.0018001199,0.00025716,1
ketogenesis,5,0.0017951207,0.00035902412,1
Artemether Metabolism Pathway,5,0.0017941395,0.0003588279,1
Phosphate bond hydrolysis by NTPDase proteins,3,0.0017884802,0.00059616007,1
LTC4-CYSLTR mediated IL4 production,5,0.0017845532,0.00035691063,1
Transfer of LPS from LBP carrier to CD14,3,0.0017839373,0.0005946458,1
Physiological factors,2,0.001780171,0.0008900855,1
Docetaxel Action Pathway,7,0.0017796842,0.00025424061,1
RHOT1 GTPase cycle,3,0.0017559103,0.00058530347,1
Effect of progerin on genes involved in Hutchinson-Gilford progeria syndrome,9,0.0017520665,0.00019467407,1
Heroin metabolism,4,0.0017498425,0.00043746064,1
creatine-phosphate biosynthesis,2,0.001749781,0.0008748905,1
pentose phosphate pathway (non-oxidative branch),1,0.0017335041,0.0017335041,1
Inhibition of TSC complex formation by PKB,2,0.0017210136,0.0008605068,1
Sensing of DNA Double Strand Breaks,3,0.0017208105,0.0005736035,1
Phosphorylation of proteins involved in the G2/M transition by Cyclin A:Cdc2 complexes,3,0.0017110629,0.0005703543,1
Mitochondrial Beta-Oxidation of Medium Chain Saturated Fatty Acids,6,0.0017029071,0.00028381785,1
glutamate biosynthesis/degradation,1,0.0017020463,0.0017020463,1
Influenza A virus infection,5,0.0017008472,0.00034016944,1
mRNA Editing,3,0.0016996753,0.00056655845,1
Serotonin and melatonin biosynthesis,5,0.0016760774,0.00033521547,1
NS1 Mediated Effects on Host Pathways,6,0.001672244,0.00027870733,1
Nucleotide Sugars Metabolism,8,0.0016617065,0.00020771331,1
acyl-CoA hydrolysis,2,0.001659788,0.000829894,1
NOSTRIN mediated eNOS trafficking,6,0.0016565396,0.00027608994,1
Valsartan Action Pathway,4,0.0016447029,0.00041117572,1
betaKlotho-mediated ligand binding,4,0.0016379876,0.0004094969,1
IRF3-mediated induction of type I IFN,1,0.0016319874,0.0016319874,1
Kynurenine Pathway and links to Cellular Senescence,6,0.0016222901,0.0002703817,1
Butyrate Metabolism,3,0.0016037405,0.00053458015,1
Lactic Acidemia,1,0.001599334,0.001599334,1
mRNA capping,4,0.0015908998,0.00039772494,1
Trandolapril Metabolism Pathway,1,0.001588514,0.001588514,1
Vatalanib Action Pathway,6,0.0015856618,0.00026427695,1
Omeprazole Metabolism Pathway,1,0.0015736598,0.0015736598,1
D-Glutamine and D-glutamate metabolism - Homo sapiens (human),4,0.0015636716,0.0003909179,1
thyronamine and iodothyronamine metabolism,6,0.0015574731,0.00025957884,1
apoptotic dna-fragmentation and tissue homeostasis,4,0.0015473022,0.00038682556,1
thyroid hormone metabolism II (via conjugation and/or degradation),15,0.0015457864,0.00010305243,1
Vitamins A and D - action mechanisms,4,0.0015438907,0.00038597267,1
Microbial modulation of RIPK1-mediated regulated necrosis,3,0.0015435033,0.00051450107,1
aspirin triggered resolvin D biosynthesis,4,0.0015389959,0.00038474897,1
pentose phosphate pathway (oxidative branch),1,0.0015285581,0.0015285581,1
Glucocorticoid biosynthesis,4,0.0015132311,0.00037830777,1
Heme biosynthesis,6,0.0015094497,0.00025157494,1
Hypophosphatasia,4,0.0015077456,0.0003769364,1
Spirapril Metabolism Pathway,1,0.0014921785,0.0014921785,1
NIK-->noncanonical NF-kB signaling,12,0.001483601,0.00012363342,1
Prednisolone Action Pathway,5,0.0014771187,0.00029542373,1
Fosinopril Metabolism Pathway,1,0.0014741465,0.0014741465,1
Prevention of phagosomal-lysosomal fusion,4,0.0014629489,0.0003657372,1
"WNT5A-dependent internalization of FZD2, FZD5 and ROR2",8,0.0014627451,0.00018284314,1
"Glycogenosis, Type VII. Tarui disease",5,0.001461148,0.0002922296,1
Trafficking and processing of endosomal TLR,7,0.0014603621,0.00020862315,1
Vitamin B6-dependent and responsive disorders,4,0.0014461898,0.00036154746,1
Activation of BIM and translocation to mitochondria ,4,0.0014435265,0.00036088162,1
Displacement of DNA glycosylase by APEX1,2,0.0014386779,0.00071933895,1
Fluoxetine Metabolism Pathway,2,0.001438103,0.0007190515,1
7-oxo-C and 7beta-HC pathways,7,0.0014369342,0.00020527632,1
MET activates PTK2 signaling,6,0.0014361509,0.00023935847,1
TRAF6 mediated IRF7 activation in TLR7/8 or 9 signaling,4,0.0014301216,0.0003575304,1
methionine salvage,2,0.0014270549,0.00071352744,1
Vitamin B2 (riboflavin) metabolism,13,0.0014249401,0.00010961077,1
Pantoprazole Metabolism Pathway,1,0.0014217251,0.0014217251,1
Mitochondrial Beta-Oxidation of Long Chain Saturated Fatty Acids,6,0.0014195209,0.00023658683,1
Ethanol metabolism resulting in production of ROS by CYP2E1,3,0.0014143215,0.0004714405,1
Teniposide Action Pathway,2,0.0014082793,0.00070413965,1
Type II Na+/Pi cotransporters,1,0.0014055918,0.0014055918,1
PKA-mediated phosphorylation of key metabolic factors,2,0.0014051206,0.0007025603,1
Homologous recombination,6,0.0013999091,0.00023331819,1
Fanconi-bickel syndrome,5,0.0013943814,0.00027887628,1
Binding and entry of HIV virion,3,0.0013932928,0.00046443092,1
Latent infection - Other responses of Mtb to phagocytosis,5,0.0013927908,0.00027855817,1
P2Y receptors,18,0.0013923603,7.7353354e-05,1
Cholesterol biosynthesis via desmosterol,7,0.0013846412,0.00019780589,1
Activation of RAC1 downstream of NMDARs,6,0.0013815347,0.00023025578,1
PI5P Regulates TP53 Acetylation,5,0.0013750346,0.00027500693,1
Sterols are 12-hydroxylated by CYP8B1,2,0.0013736341,0.00068681705,1
"Degradation pathway of sphingolipids, including diseases",24,0.0013650276,5.687615e-05,1
Interconversion of polyamines,6,0.0013590324,0.00022650539,1
glycine betaine degradation,2,0.0013576758,0.0006788379,1
Moexipril Metabolism Pathway,1,0.0013527933,0.0013527933,1
Response to metal ions,2,0.0013512492,0.0006756246,1
Direct Reversal Repair,6,0.0013339662,0.0002223277,1
Triosephosphate isomerase,11,0.0013333693,0.00012121539,1
Galactosemia II (GALK),8,0.0013220294,0.00016525367,1
MECP2 regulates transcription of genes involved in GABA signaling,5,0.0013166771,0.00026333542,1
Vitamin K Metabolism,2,0.0013156574,0.0006578287,1
diphthamide biosynthesis,2,0.0013111979,0.00065559894,1
Rabeprazole Metabolism Pathway,1,0.0013053495,0.0013053495,1
polyadenylation of mrna,5,0.0012947284,0.00025894569,1
glycine biosynthesis,1,0.001281161,0.001281161,1
"Homocystinuria, cystathionine beta-synthase deficiency",9,0.0012782556,0.0001420284,1
Quinapril Action Pathway,4,0.0012703906,0.00031759765,1
Biotin Metabolism,1,0.0012619711,0.0012619711,1
Processing of SMDT1,14,0.0012581549,8.9868205e-05,1
Dipyridamole (Antiplatelet) Action Pathway,2,0.0012425975,0.00062129874,1
The AIM2 inflammasome,2,0.0012423014,0.0006211507,1
MAPK1 (ERK2) activation,2,0.001242184,0.000621092,1
Establishment of Sister Chromatid Cohesion,3,0.0012405672,0.0004135224,1
Telomere C-strand synthesis initiation,3,0.0012320025,0.0004106675,1
Assembly of the ORC complex at the origin of replication,2,0.0012284479,0.00061422394,1
Synthesis of PIPs in the nucleus,3,0.0012250589,0.00040835296,1
PKB-mediated events,1,0.0012166827,0.0012166827,1
glutamate removal from folates,1,0.0012112645,0.0012112645,1
Amine Oxidase reactions,6,0.0012112207,0.00020187012,1
Ceramide signalling,3,0.0012094368,0.0004031456,1
Pyruvate Carboxylase Deficiency,1,0.001204683,0.001204683,1
Cross-presentation of particulate exogenous antigens (phagosomes),8,0.0012026288,0.0001503286,1
CDC6 association with the ORC:origin complex,3,0.0011893639,0.00039645462,1
Biotin metabolism - Homo sapiens (human),2,0.0011839757,0.00059198786,1
CMP phosphorylation,1,0.0011776342,0.0011776342,1
Enalapril Metabolism Pathway,1,0.0011748353,0.0011748353,1
Corticosterone methyl oxidase II deficiency - CMO II,6,0.0011657458,0.00019429096,1
UTP and CTP dephosphorylation I,2,0.0011603597,0.00058017985,1
Nucleotide-like (purinergic) receptors,21,0.0011547498,5.4988086e-05,1
Mismatch repair (MMR) directed by MSH2:MSH3 (MutSbeta),8,0.001147956,0.0001434945,1
miR-517 relationship with ARCN1 and USP1,6,0.0011439202,0.00019065337,1
Carnitine synthesis,1,0.001141077,0.001141077,1
Mtb iron assimilation by chelation,5,0.0011395054,0.00022790108,1
uracil degradation,3,0.0011357007,0.0003785669,1
Synthesis and processing of ENV and VPU,3,0.0011299741,0.00037665805,1
Stimulation of the cell death response by PAK-2p34,1,0.0011291539,0.0011291539,1
UDP-<i>N</i>-acetyl-D-glucosamine biosynthesis II,7,0.0011167737,0.0001595391,1
Plasmalogen Synthesis,5,0.0011082205,0.0002216441,1
SCFA and skeletal muscle substrate metabolism,5,0.0011033386,0.00022066772,1
MET activates PI3K/AKT signaling,6,0.001101087,0.0001835145,1
The NLRP1 inflammasome,8,0.0010957575,0.00013696968,1
"Activation, myristolyation of BID and translocation to mitochondria",5,0.0010895155,0.0002179031,1
Ramipril Action Pathway,4,0.0010857227,0.00027143068,1
Suppression of autophagy,2,0.0010764222,0.0005382111,1
Polyol Pathway,3,0.0010722515,0.00035741716,1
Gefitinib Action Pathway,3,0.0010568793,0.0003522931,1
PAOs oxidise polyamines to amines,6,0.0010529547,0.00017549245,1
Hydroxycarboxylic acid-binding receptors,2,0.0010502767,0.00052513834,1
formaldehyde oxidation,1,0.0010379533,0.0010379533,1
Interactions of Tat with host cellular proteins,1,0.0010371519,0.0010371519,1
Regulation of PAK-2p34 activity by PS-GAP/RHG10,2,0.0010344603,0.00051723013,1
Processive synthesis on the lagging strand,6,0.0010301002,0.00017168336,1
Quinapril Metabolism Pathway,1,0.0010297855,0.0010297855,1
Transcription of E2F targets under negative control by p107 (RBL1) and p130 (RBL2) in complex with HDAC1,5,0.0010019157,0.00020038313,1
UTP and CTP dephosphorylation II,2,0.0009918928,0.0004959464,1
adenosine deoxyribonucleotides <i>de novo</i> biosynthesis,3,0.0009905604,0.0003301868,1
POLB-Dependent Long Patch Base Excision Repair,4,0.0009805927,0.00024514817,1
Conjugation of carboxylic acids,3,0.00097367633,0.0003245588,1
Opsins,3,0.00096863677,0.0003228789,1
mitochondrial fatty acid beta-oxidation of unsaturated fatty acids,1,0.0009642295,0.0009642295,1
ALKBH3 mediated reversal of alkylation damage,6,0.0009515595,0.00015859325,1
Glycine Metabolism,3,0.00095033646,0.0003167788,1
"Sodium-coupled sulphate, di- and tri-carboxylate transporters",6,0.00093829626,0.00015638271,1
The alternative pathway of fetal androgen synthesis,3,0.0009329879,0.00031099597,1
Circadian rhythm related genes,9,0.0009159386,0.00010177095,1
Citalopram Metabolism Pathway,3,0.00091213005,0.00030404335,1
Lipoate metabolism,8,0.00089902803,0.000112378504,1
L-dopachrome biosynthesis,3,0.000897577,0.00029919232,1
Tyrosine catabolism,3,0.00089275994,0.00029758664,1
Cation-coupled Chloride cotransporters,4,0.00089139777,0.00022284944,1
Losartan Action Pathway,4,0.00088993943,0.00022248486,1
Constitutive Signaling by NOTCH1 t(7;9)(NOTCH1:M1580_K2555) Translocation Mutant,5,0.00088903256,0.0001778065,1
Trandolapril Action Pathway,4,0.0008860117,0.00022150292,1
α-tocopherol degradation,1,0.0008687496,0.0008687496,1
d4gdi signaling pathway,5,0.0008574671,0.00017149342,1
Felbamate Metabolism Pathway,1,0.0008504777,0.0008504777,1
MET Receptor Activation,3,0.0008418638,0.00028062126,1
Trihydroxycoprostanoyl-CoA beta-oxidation,8,0.00084132137,0.00010516517,1
Synthesis of diphthamide-EEF2,4,0.00083770236,0.00020942559,1
guanosine ribonucleotides <i>de novo</i> biosynthesis,2,0.0008359676,0.0004179838,1
sucrose degradation,4,0.00083281513,0.00020820378,1
Biosynthesis of DPAn-3-derived 13-series resolvins,2,0.0008147346,0.0004073673,1
Vitamin C metabolism,1,0.00081028626,0.00081028626,1
NR1H2 & NR1H3 regulate gene expression linked to triglyceride lipolysis in adipose,1,0.00080687273,0.00080687273,1
tRNA modification in the mitochondrion,3,0.0008066665,0.00026888883,1
thymine degradation,3,0.0007966014,0.0002655338,1
Cetuximab Action Pathway,3,0.0007942833,0.0002647611,1
oleate biosynthesis,1,0.00078963576,0.00078963576,1
Prednisone Action Pathway,1,0.0007815939,0.0007815939,1
Cimetidine Metabolism Pathway,2,0.00078015437,0.00039007718,1
Porphyria Variegata (PV),9,0.00077921094,8.657899e-05,1
NAD phosphorylation and dephosphorylation,2,0.00077544776,0.00038772388,1
TLR3-mediated TICAM1-dependent programmed cell death,4,0.00077181595,0.00019295399,1
L-carnitine biosynthesis,1,0.0007651279,0.0007651279,1
The IPAF inflammasome,1,0.0007513775,0.0007513775,1
Linoleic acid (LA) metabolism,1,0.00074901624,0.00074901624,1
Glycerophospholipid catabolism,1,0.0007481084,0.0007481084,1
Signaling by NOTCH1 t(7;9)(NOTCH1:M1580_K2555) Translocation Mutant,5,0.00074658165,0.00014931633,1
aspartate biosynthesis,9,0.0007305337,8.117041e-05,1
Synthesis of Lipoxins (LX),3,0.000730068,0.000243356,1
Carnitine metabolism,6,0.00072922464,0.00012153744,1
Recycling of eIF2:GDP,2,0.00072070287,0.00036035143,1
Ubiquinone Biosynthesis,2,0.00071989646,0.00035994823,1
SLBP independent Processing of Histone Pre-mRNAs,1,0.0007188508,0.0007188508,1
Long-chain-3-hydroxyacyl-coa dehydrogenase deficiency (LCHAD),5,0.0007034754,0.00014069508,1
alpha-synuclein and parkin-mediated proteolysis in parkinson`s disease,10,0.00069158,6.9158e-05,1
Amino acid conjugation of benzoic acid,2,0.0006847519,0.00034237595,1
heme biosynthesis,2,0.00068221235,0.00034110618,1
HCN channels,2,0.0006780404,0.0003390202,1
Role of second messengers in netrin-1 signaling,8,0.000659174,8.239675e-05,1
Processing and activation of SUMO,5,0.00065667316,0.00013133463,1
D-glucuronate degradation,6,0.0006510892,0.00010851486,1
Beta oxidation of hexanoyl-CoA to butanoyl-CoA,3,0.00064111117,0.00021370372,1
OAS antiviral response,5,0.00062464154,0.00012492831,1
srebp control of lipid synthesis,3,0.00062008196,0.00020669399,1
Ramipril Metabolism Pathway,1,0.0005970332,0.0005970332,1
glycerol degradation,2,0.0005969372,0.0002984686,1
"Neomycin, kanamycin and gentamicin biosynthesis - Homo sapiens (human)",3,0.0005966973,0.00019889911,1
Hair Follicle Development- Cytodifferentiation - Part 3 of 3,1,0.0005943098,0.0005943098,1
"Endohydrolysis of 1,4-alpha-D-glucosidic linkages in polysaccharides by alpha-amylase",11,0.0005817002,5.2881835e-05,1
SARS-CoV-2 and COVID-19 Pathway,2,0.00057953934,0.00028976967,1
Ethanol oxidation,11,0.00057552644,5.2320585e-05,1
ionomycin and phorbal ester signaling pathway,7,0.00057347975,8.1925675e-05,1
thioredoxin pathway,3,0.00056972116,0.00018990705,1
Conversion of Angiotensinogen to Angiotensin II,1,0.000567701,0.000567701,1
propionyl-CoA degradation,4,0.0005655977,0.00014139942,1
Synthesis of UDP-N-acetyl-glucosamine,9,0.0005649479,6.2771986e-05,1
Ubiquinol biosynthesis,3,0.0005595178,0.00018650595,1
Formation of the Editosome,2,0.0005486601,0.00027433006,1
folate polyglutamylation,3,0.000543893,0.00018129767,1
IRS activation,10,0.00054226787,5.4226788e-05,1
t(4;14) translocations of FGFR3,2,0.0005395549,0.00026977746,1
Model for regulation of MSMP expression in cancer cells and its proangiogenic role in ovarian tumors,22,0.0005393864,2.4517563e-05,1
Alternative NF-kappaB pathway,7,0.0005329817,7.614024e-05,1
WNT5A-dependent internalization of FZD4,11,0.0005314326,4.8312057e-05,1
Activation of AMPK downstream of NMDARs,5,0.00053006475,0.00010601295,1
anthrax toxin mechanism of action,1,0.000518508,0.000518508,1
G2/M DNA replication checkpoint,2,0.0005128346,0.0002564173,1
PTK6 Regulates RTKs and Their Effectors AKT1 and DOK1,3,0.0005090776,0.00016969255,1
NOSIP mediated eNOS trafficking,1,0.00050898327,0.00050898327,1
Cilazapril Metabolism Pathway,1,0.0004999671,0.0004999671,1
Free fatty acid receptors,1,0.0004728257,0.0004728257,1
PDE3B signalling,1,0.00045749813,0.00045749813,1
Esomeprazole Metabolism Pathway,1,0.00045579945,0.00045579945,1
degradation of the rar and rxr by the proteasome,1,0.00045525256,0.00045525256,1
serotonin and melatonin biosynthesis,5,0.00045330764,9.066153e-05,1
Metabolism of Tetrahydrocannabinol (THC),1,0.00043745874,0.00043745874,1
CREB3 factors activate genes,5,0.00043221228,8.644246e-05,1
alpha-linolenic (omega3) and linoleic (omega6) acid metabolism,3,0.00040846295,0.00013615431,1
Formation of xylulose-5-phosphate,7,0.00040704178,5.8148824e-05,1
COX reactions,1,0.000406874,0.000406874,1
"fatty acid β-oxidation (unsaturated, odd number)",1,0.00040471676,0.00040471676,1
GDP-L-fucose biosynthesis I (from GDP-D-mannose),2,0.00040105163,0.00020052581,1
ketolysis,2,0.00039376382,0.00019688191,1
TYSND1 cleaves peroxisomal proteins,3,0.00039199725,0.00013066575,1
Gastric acid production,12,0.00039018114,3.2515094e-05,1
Insulin effects increased synthesis of Xylulose-5-Phosphate,1,0.00038285504,0.00038285504,1
Plasmalogen biosynthesis,1,0.00037904794,0.00037904794,1
Metabolism of ingested MeSeO2H into MeSeH,1,0.00037340977,0.00037340977,1
LRR FLII-interacting protein 1 (LRRFIP1) activates type I IFN production,3,0.00037254466,0.00012418155,1
"tryptophan degradation X (mammalian, via tryptamine)",6,0.00037188162,6.198027e-05,1
ATR Signaling,3,0.00037005852,0.00012335285,1
Threonine catabolism,2,0.0003478839,0.00017394195,1
arsenate detoxification I (glutaredoxin),4,0.00034775576,8.693894e-05,1
Intracellular metabolism of fatty acids regulates insulin secretion,2,0.00032868533,0.00016434267,1
Synthesis of glycosylphosphatidylinositol (GPI),3,0.0003276192,0.0001092064,1
Metallothioneins bind metals,2,0.0003234163,0.00016170814,1
tRNA splicing,4,0.00031388822,7.8472054e-05,1
PI and PC transport between ER and Golgi membranes,2,0.00031261853,0.00015630927,1
Abacavir metabolism,3,0.00031161666,0.00010387222,1
STAT6-mediated induction of chemokines,1,0.00031135548,0.00031135548,1
Thyroid hormone synthesis,5,0.00030825243,6.1650484e-05,1
Interconversion of 2-oxoglutarate and 2-hydroxyglutarate,1,0.00028995163,0.00028995163,1
ChREBP activates metabolic gene expression,1,0.00028984708,0.00028984708,1
Felbamate Metabolism,1,0.00028899687,0.00028899687,1
biotin-carboxyl carrier protein assembly,2,0.00027871857,0.00013935928,1
alpha-linolenic acid (ALA) metabolism,3,0.00027770954,9.256985e-05,1
PERK regulates gene expression,1,0.00027557448,0.00027557448,1
Competing endogenous RNAs (ceRNAs) regulate PTEN translation,7,0.0002732618,3.90374e-05,1
GDP-fucose biosynthesis,3,0.00027159974,9.053325e-05,1
Lysosomal oligosaccharide catabolism,2,0.00026867393,0.00013433697,1
Cam-PDE 1 activation,4,0.00026298815,6.574704e-05,1
Vasopressin-like receptors,3,0.0002457738,8.19246e-05,1
(S)-reticuline biosynthesis,3,0.0002452726,8.175753e-05,1
heme degradation,2,0.00024137362,0.00012068681,1
Beta oxidation of decanoyl-CoA to octanoyl-CoA-CoA,2,0.00023170869,0.000115854345,1
Mitochondrial transcription initiation,3,0.00020601178,6.86706e-05,1
tetrapyrrole biosynthesis,1,0.00020420938,0.00020420938,1
Extrinsic Pathway of Fibrin Clot Formation,7,0.00019948857,2.8498367e-05,1
Acyl chain remodeling of DAG and TAG,2,0.00018808316,9.404158e-05,1
Phosphonate and phosphinate metabolism - Homo sapiens (human),2,0.00018642418,9.321209e-05,1
Soluble ACE2-mediated cell entry of SARS-CoV-2,3,0.00018088197,6.0293987e-05,1
ubiquinol-10 biosynthesis,3,0.00017012001,5.670667e-05,1
Abnormal conversion of 2-oxoglutarate to 2-hydroxyglutarate,1,0.00016191465,0.00016191465,1
Agmatine biosynthesis,1,0.00015440534,0.00015440534,1
phosphatidylethanolamine biosynthesis II,5,0.00015345897,3.0691794e-05,1
Hypusine synthesis from eIF5A-lysine,2,0.00015086588,7.543294e-05,1
Transport of the SLBP Dependant Mature mRNA,3,0.00014821539,4.940513e-05,1
Potassium transport channels,3,0.00014759552,4.919851e-05,1
lipoxin biosynthesis,2,0.00014290212,7.145106e-05,1
Benazepril Metabolism Pathway,1,0.00014097625,0.00014097625,1
TWIK-related alkaline pH activated K+ channel (TALK),3,0.00014004833,4.6682777e-05,1
Alpha-oxidation of phytanate,4,0.00013526765,3.3816912e-05,1
Vitamin B12 Disorders,1,0.0001347905,0.0001347905,1
acetyl-CoA biosynthesis from citrate,1,0.00013324416,0.00013324416,1
superpathway of pyrimidine ribonucleotides <i>de novo</i> biosynthesis,2,0.0001332175,6.660875e-05,1
Cilostazol Action Pathway,2,0.00013127484,6.563742e-05,1
phosphatidylcholine biosynthesis,2,0.00012973722,6.486861e-05,1
Biosynthesis of DPAn-3-derived protectins and resolvins,2,0.0001294094,6.47047e-05,1
FGFR1b ligand binding and activation,4,0.00012645757,3.1614392e-05,1
Synthesis of PI,2,0.00012496099,6.2480496e-05,1
Biosynthesis of DPAn-3-derived maresins,2,0.00012099216,6.049608e-05,1
Oleoyl-phe metabolism,1,0.00011418582,0.00011418582,1
Nef Mediated CD4 Down-regulation,2,0.000101002595,5.0501298e-05,1
MET activates RAP1 and RAC1,7,9.881545e-05,1.4116493e-05,1
Insulin-like Growth Factor-2 mRNA Binding Proteins (IGF2BPs/IMPs/VICKZs) bind RNA,5,9.825367e-05,1.9650735e-05,1
Heme Biosynthesis,2,9.6725824e-05,4.8362912e-05,1
proline degradation,1,9.562087e-05,9.562087e-05,1
"Multiple carboxylase deficiency, neonatal or early onset form",1,9.386705e-05,9.386705e-05,1
Phytanic Acid Peroxisomal Oxidation,3,9.176734e-05,3.058911e-05,1
Transport of the SLBP independent Mature mRNA,3,8.9467634e-05,2.9822544e-05,1
Estrogen biosynthesis,2,8.679186e-05,4.339593e-05,1
Aripiprazole Metabolic Pathway,1,8.566548e-05,8.566548e-05,1
Biotinidase Deficiency,1,8.3604245e-05,8.3604245e-05,1
PTK6 Down-Regulation,5,8.016243e-05,1.6032485e-05,1
hemoglobins chaperone,2,7.633091e-05,3.8165454e-05,1
pyrimidine deoxyribonucleotide phosphorylation,1,7.499489e-05,7.499489e-05,1
Fatty Acid Elongation In Mitochondria,5,7.256883e-05,1.4513766e-05,1
Resolution of AP sites via the single-nucleotide replacement pathway,1,7.1430346e-05,7.1430346e-05,1
Cross-presentation of soluble exogenous antigens (endosomes),4,6.803566e-05,1.7008915e-05,1
Metabolism of serotonin,1,6.467511e-05,6.467511e-05,1
Acetylation,3,6.208753e-05,2.0695843e-05,1
adenine and adenosine salvage III,2,6.1947016e-05,3.0973508e-05,1
fatty acid elongation -- saturated,3,6.1264785e-05,2.0421596e-05,1
Intestinal absorption,2,6.087086e-05,3.043543e-05,1
purine deoxyribonucleosides degradation,2,5.9869046e-05,2.9934523e-05,1
5-aminoimidazole ribonucleotide biosynthesis,1,5.9738806e-05,5.9738806e-05,1
Erythrocytes take up oxygen and release carbon dioxide,2,5.9519334e-05,2.9759667e-05,1
phytol degradation,1,5.7896425e-05,5.7896425e-05,1
3-oxo-10R-octadecatrienoate beta-oxidation,6,5.6163786e-05,9.360631e-06,1
phenylethylamine degradation I,2,5.4670905e-05,2.7335453e-05,1
resolvin D biosynthesis,2,5.3841315e-05,2.6920658e-05,1
SUMO is proteolytically processed,2,5.007602e-05,2.503801e-05,1
Beta-oxidation of very long chain fatty acids,4,4.9915034e-05,1.2478758e-05,1
inhibition of huntingtons disease neurodegeneration by histone deacetylase inhibitors,3,4.8739945e-05,1.6246648e-05,1
Benzene metabolism,2,4.732541e-05,2.3662706e-05,1
antisense pathway,2,4.586963e-05,2.2934815e-05,1
Levomethadyl Acetate Metabolism Pathway,1,4.3578315e-05,4.3578315e-05,1
Signalling to ERK5,2,4.2207666e-05,2.1103833e-05,1
Cytosolic iron-sulfur cluster assembly,1,4.1627376e-05,4.1627376e-05,1
DNA replication initiation,2,3.9345417e-05,1.9672709e-05,1
wybutosine biosynthesis,4,3.8667138e-05,9.6667845e-06,1
Disorders of the Krebs cycle,1,3.824926e-05,3.824926e-05,1
Defective factor XII causes hereditary angioedema,2,3.8179944e-05,1.9089972e-05,1
Refsum Disease,3,3.810554e-05,1.2701847e-05,1
Serotonin clearance from the synaptic cleft,1,3.7509486e-05,3.7509486e-05,1
ATF6 (ATF6-alpha) activates chaperones,3,3.6489808e-05,1.2163269e-05,1
7-(3-amino-3-carboxypropyl)-wyosine biosynthesis,4,3.6037552e-05,9.009388e-06,1
glycerol-3-phosphate shuttle,3,3.335201e-05,1.1117337e-05,1
glutathione redox reactions II,2,3.315639e-05,1.6578195e-05,1
fatty acid α-oxidation,3,3.2668737e-05,1.0889579e-05,1
Ultraconserved region 339 modulation of tumor suppressor microRNAs in cancer,1,3.219356e-05,3.219356e-05,1
adenine and adenosine salvage II,1,3.1705673e-05,3.1705673e-05,1
β-alanine degradation,1,3.150392e-05,3.150392e-05,1
Ethanol Degradation,7,3.0014255e-05,4.2877505e-06,1
Proton-coupled neutral amino acid transporters,1,2.892248e-05,2.892248e-05,1
Adenosine P1 receptors,3,2.8823482e-05,9.607827e-06,1
Beta oxidation of myristoyl-CoA to lauroyl-CoA,1,2.6833013e-05,2.6833013e-05,1
Tenofovir Metabolism Pathway,1,2.6194959e-05,2.6194959e-05,1
Diseases of hemostasis,2,2.4983003e-05,1.2491501e-05,1
<i>myo</i>-inositol <i>de novo</i> biosynthesis,1,2.4565195e-05,2.4565195e-05,1
mRNA Editing: A to I Conversion,1,2.4401685e-05,2.4401685e-05,1
NADPH regeneration,1,2.4340536e-05,2.4340536e-05,1
Transcriptional  activation of  cell cycle inhibitor p21 ,1,2.3110235e-05,2.3110235e-05,1
Synthesis of wybutosine at G37 of tRNA(Phe),4,2.275658e-05,5.689145e-06,1
Intestinal infectious diseases,2,2.2230673e-05,1.1115337e-05,1
Temocapril Metabolism Pathway,1,2.2088296e-05,2.2088296e-05,1
TWIK-related spinal cord K+ channel (TRESK),1,2.185075e-05,2.185075e-05,1
glucocorticoid biosynthesis,1,2.1134696e-05,2.1134696e-05,1
phosphatidylcholine biosynthesis pathway,1,2.0266461e-05,2.0266461e-05,1
SUMO is conjugated to E1 (UBA2:SAE1),1,2.0048055e-05,2.0048055e-05,1
Inhibition of PKR,1,1.9416668e-05,1.9416668e-05,1
Autointegration results in viral DNA circles,1,1.7823493e-05,1.7823493e-05,1
Disorders of Folate Metabolism and Transport,3,1.7746128e-05,5.915376e-06,1
Diseases of metabolism,1,1.5457792e-05,1.5457792e-05,1
Inhibition of membrane repair,1,1.4993105e-05,1.4993105e-05,1
thyroid hormone biosynthesis,2,1.4202293e-05,7.1011464e-06,1
dopamine degradation,2,1.27518e-05,6.3759e-06,1
Abciximab Action Pathway,1,1.2560232e-05,1.2560232e-05,1
RHO GTPases regulate CFTR trafficking,1,1.2048169e-05,1.2048169e-05,1
thio-molybdenum cofactor biosynthesis,2,1.1147942e-05,5.573971e-06,1
Reactions specific to the hybrid N-glycan synthesis pathway,1,1.0908675e-05,1.0908675e-05,1
heme biosynthesis from uroporphyrinogen-III I,1,1.0064844e-05,1.0064844e-05,1
fatty acid biosynthesis initiation,1,9.301056e-06,9.301056e-06,1
estradiol biosynthesis II,1,8.533999e-06,8.533999e-06,1
C6 deamination of adenosine,1,8.002054e-06,8.002054e-06,1
Metabolism of vitamin K,1,7.948129e-06,7.948129e-06,1
Hormonal control of pubertal growth spurt,2,7.9398005e-06,3.9699003e-06,1
Nef Mediated CD8 Down-regulation,1,7.831947e-06,7.831947e-06,1
tRNA processing in the mitochondrion,1,7.807132e-06,7.807132e-06,1
Tirofiban Action Pathway,1,7.790121e-06,7.790121e-06,1
Integration of viral DNA into host genomic DNA,1,7.057598e-06,7.057598e-06,1
Defects of contact activation system (CAS) and kallikrein/kinin system (KKS),2,6.948599e-06,3.4742995e-06,1
Adefovir Dipivoxil Metabolism Pathway,1,6.653618e-06,6.653618e-06,1
APOBEC3G mediated resistance to HIV-1 infection,1,6.5631534e-06,6.5631534e-06,1
Eptifibatide Action Pathway,1,6.072943e-06,6.072943e-06,1
glycine/serine biosynthesis,1,5.798694e-06,5.798694e-06,1
SLBP Dependent Processing of Replication-Dependent Histone Pre-mRNAs,1,5.4807088e-06,5.4807088e-06,1
Lipophagy,1,4.373239e-06,4.373239e-06,1
Lansoprazole Metabolism Pathway,1,3.9667284e-06,3.9667284e-06,1
Signaling by cytosolic PDGFRA and PDGFRB fusion proteins,1,3.2442208e-06,3.2442208e-06,1
HCMV Late Events,1,3.0906874e-06,3.0906874e-06,1
Enzymatic degradation of Dopamine by monoamine oxidase,1,2.9766477e-06,2.9766477e-06,1
Phosphate bond hydrolysis by NUDT proteins,1,2.8982327e-06,2.8982327e-06,1
Defective pyroptosis,1,2.4069209e-06,2.4069209e-06,1
L-dopa degradation,1,2.3485777e-06,2.3485777e-06,1
Intestinal hexose absorption,2,2.2279821e-06,1.1139911e-06,1
Dopamine clearance from the synaptic cleft,1,2.2196705e-06,2.2196705e-06,1
2-amino-3-carboxymuconate semialdehyde degradation to glutaryl-CoA,1,2.2006582e-06,2.2006582e-06,1
Electron transport from NADPH to Ferredoxin,1,2.1635447e-06,2.1635447e-06,1
Transcriptional activation of p53 responsive genes  ,1,2.132514e-06,2.132514e-06,1
Glycolysis in senescence,1,1.2719827e-06,1.2719827e-06,1
IRE1alpha activates chaperones,1,9.4904794e-07,9.4904794e-07,1
Formation of editosomes by ADAR proteins,1,9.293627e-07,9.293627e-07,1
Lamin A-processing pathway,1,8.3348755e-07,8.3348755e-07,1
Mitochondrial Uncoupling,1,4.181595e-07,4.181595e-07,1
Enzymatic degradation of dopamine by COMT,1,3.9394453e-07,3.9394453e-07,1
Vitamin E,1,1.18172366e-07,1.18172366e-07,1
