gene,degree,importance_sum,importance_mean,n_nodes
SRC,632,0.5004217,0.001583613,2
MAPK3,1016,0.47636688,0.0009377301,2
PIK3R1,908,0.34385514,0.0007573902,2
RELA,542,0.3376003,0.0012457576,2
UBC,296,0.30102172,0.0010169653,1
RAC1,582,0.26917726,0.00092500774,2
HRAS,3176,0.23338147,0.0005878626,8
STAT3,618,0.22619121,0.0010980155,3
MAPK14,572,0.21919325,0.00076640997,2
CALM1,247,0.2119411,0.00085806113,1
ITPR1,519,0.20874648,0.001206627,3
ADCY1,248,0.20637521,0.0016643163,2
MAPK8,616,0.19230476,0.0006243661,2
PIK3CD,190,0.19129243,0.0010068023,1
PIK3R2,1100,0.18932644,0.0006884597,4
JAK2,3738,0.18889111,0.001061186,21
EGFR,615,0.18636823,0.0009091133,3
ATP1B2,165,0.16887274,0.0010234711,1
RHOA,209,0.16644455,0.00079638546,1
ADCY7,318,0.16580372,0.0015641861,3
CCND1,656,0.16216776,0.0009888278,4
PPP2R5D,113,0.16074972,0.0014225639,1
TNF,173,0.1606286,0.000928489,1
ATP1B1,166,0.15838186,0.0009541076,1
H2BC11,264,0.15208437,0.0017282316,3
FGG,85,0.14998621,0.0017645436,1
GSK3B,852,0.14996044,0.00070403964,4
CYCS,396,0.14924476,0.0015075228,4
GNAS,264,0.14732711,0.0011161144,2
GNB4,89,0.14703035,0.0016520264,1
ADCY5,114,0.14659314,0.0012859047,1
NUP160,184,0.14607309,0.001587751,2
H2BC6,88,0.14603812,0.001659524,1
TRAF6,322,0.14461166,0.00089820905,2
NUP62,89,0.143532,0.001612719,1
CACNA2D2,1290,0.14224985,0.001102712,10
H2BC3,89,0.13869673,0.0015583902,1
NFKBIA,10200,0.13761953,0.0006880976,51
H2BC13,88,0.13720582,0.001559157,1
CXCL8,184,0.13474512,0.0014646208,2
PIK3CB,470,0.13345784,0.0005679057,2
MAP2K1,336,0.13267928,0.00039487882,1
IGF1,243,0.13171422,0.0016261017,3
IFNG,2910,0.13075036,0.0013479419,30
PTPN11,1393,0.1303428,0.0006549889,7
CYP2C8,89,0.12762514,0.0014339903,1
UBE2N,82,0.12714338,0.001550529,1
NFKB1,286,0.12683286,0.00044347154,1
PRKACG,187,0.12664348,0.00067723787,1
MAP2K4,405,0.12412262,0.00091942685,3
PTPN6,78,0.12227581,0.0015676386,1
PLCG1,233,0.12150401,0.00052147644,1
FRS2,160,0.121081635,0.0015135205,2
NUP85,93,0.12033037,0.0012938749,1
ROCK2,74,0.12016384,0.0016238358,1
FOS,808,0.11782173,0.0005832759,4
SOST,10,0.11616877,0.011616876,1
ITGB1,625,0.11568836,0.0009255068,5
IL1B,590,0.11551358,0.0009789286,5
BRAF,141,0.11433237,0.0008108679,1
RPA3,75,0.113971,0.0015196133,1
GNB1,156,0.11172964,0.00071621564,1
GNAI2,297,0.111686654,0.001128148,3
PRKCA,260,0.11130508,0.00042809645,1
PLCB2,234,0.11074658,0.0009465519,2
CCNH,213,0.109084286,0.0015363983,3
MAPK1,1044,0.10878737,0.00020840493,2
H2AZ2,63,0.107759856,0.0017104739,1
CDK1,242,0.107375555,0.0008874013,2
TBK1,65,0.1071364,0.0016482522,1
WNT4,330,0.10683945,0.0019425354,6
PPP3R1,67,0.10643975,0.001588653,1
PAK2,98,0.105978385,0.0010814121,1
FAS,158,0.10525038,0.0013322833,2
FYN,4752,0.1051413,0.0005973938,27
H2BC4,178,0.10451546,0.001174331,2
CYP4A11,64,0.10432073,0.0016300114,1
GGT1,70,0.10419572,0.0014885103,1
FGB,158,0.10347846,0.001309854,2
SYNJ1,26,0.10339078,0.0039765686,1
RAB7A,45,0.1029311,0.0022873578,1
CUL1,366,0.101331465,0.0008305858,3
MNAT1,67,0.10123451,0.0015109628,1
DRD1,630,0.0989436,0.0010993733,7
CYP1A2,136,0.09881742,0.0014531973,2
RAP1B,70,0.0984716,0.0014067371,1
CSNK2B,59,0.09751072,0.001652724,1
KCNJ11,66,0.09750806,0.0014773948,1
GRIN2A,721,0.0969811,0.00094156404,7
ITPR3,784,0.095670454,0.0008542004,7
JAG1,58,0.09553783,0.0016472039,1
GTF2H4,50,0.095186494,0.0019037299,1
CCNE1,184,0.0943996,0.0010260827,2
ADCY2,119,0.093936235,0.0007893801,1
PPP2R5E,55,0.09386049,0.0017065544,1
PPP2R1B,119,0.093458354,0.0007853643,1
MAP2K3,122,0.093454406,0.00076601974,1
WNT3A,57,0.092937864,0.0016304889,1
FOXO1,276,0.092592485,0.0010064401,3
ABCC8,207,0.09250346,0.0013406299,3
CSK,57,0.09160802,0.0016071582,1
AGTR1,240,0.09126794,0.0007605662,2
VEGFA,300,0.091148235,0.0009114824,3
FGA,164,0.09081286,0.0011074739,2
DVL3,55,0.09080805,0.0016510554,1
CYP3A4,100,0.0904407,0.000904407,1
SHC2,54,0.089477554,0.0016569918,1
RXRA,88,0.089447215,0.0010164456,1
FGF20,1274,0.08890258,0.0009769514,14
GRB2,386,0.088691,0.00022976944,1
IQGAP1,58,0.088688545,0.0015291128,1
GNAI1,315,0.08703344,0.00082888996,3
CYP4F3,118,0.08626904,0.0014621872,2
CSNK2A2,165,0.08625894,0.0015683444,3
PLA2G4A,316,0.08616181,0.0010906558,4
ERBB2,97,0.08507928,0.000877106,1
ADCY8,1792,0.08427318,0.00075243914,16
CCND3,50,0.08406929,0.0016813858,1
PTGS2,230,0.083310165,0.00072443625,2
PEDS1,54,0.08328721,0.0015423557,1
FGFR3,158,0.08294765,0.0010499703,2
PTEN,1044,0.08246759,0.0007109276,9
KAT5,56,0.081267156,0.0014511992,1
PPP2CA,153,0.081244916,0.00053101254,1
PIK3CG,249,0.08070496,0.0009723489,3
IFNA2,52,0.08016719,0.0015416767,1
IL2,1368,0.080045894,0.0010532354,18
IFNA5,51,0.079614185,0.0015610624,1
ADCY3,216,0.07878727,0.0007295117,2
SCNN1D,31,0.078736134,0.0025398752,1
SLC8A1,1404,0.07871824,0.0010092083,18
YWHAQ,396,0.078062415,0.0011827638,6
POLR2H,80,0.07803647,0.0009754559,1
DYNC1H1,58,0.077839024,0.0013420521,1
H3-3A,67,0.07774105,0.0011603142,1
CALM3,232,0.07732861,0.00033331296,1
PLCB1,178,0.077033006,0.00043276968,1
TNNT1,156,0.07699885,0.001480747,3
STAT5B,378,0.076741986,0.00060906337,3
RHEB,54,0.07637318,0.0014143182,1
E2F3,583,0.07611277,0.00143609,11
STAT1,850,0.07605876,0.00044740448,5
GRIN2B,378,0.07437932,0.0011806241,6
YWHAB,190,0.07436728,0.00078281347,2
CYP4F2,64,0.074300505,0.0011609454,1
MAP3K7,3680,0.07384078,0.00046150482,23
DUSP6,230,0.073685244,0.0016018532,5
STAT5A,264,0.07346699,0.00055656803,2
TSC1,53,0.07300274,0.0013774103,1
GNG2,312,0.072975904,0.0007016913,3
SLC7A6,37,0.07181324,0.0019408984,1
DYNC1I2,216,0.07159291,0.0013257947,4
IFNA13,55,0.07154407,0.0013008013,1
CDK9,46,0.07139742,0.0015521178,1
GNAI3,84,0.07110163,0.00084644795,1
KITLG,172,0.070646025,0.0016429308,4
GNAO1,46,0.07055251,0.0015337503,1
TYK2,320,0.07035921,0.00087949005,4
FGF4,300,0.07031683,0.00070316833,3
PARP1,52,0.07015427,0.0013491206,1
SLC22A2,250,0.06978883,0.0013957765,5
IL12B,464,0.06928812,0.0011946227,8
CYP11A1,37,0.06917857,0.001869691,1
PTGS1,73,0.06895471,0.00094458513,1
GRM1,39,0.06880291,0.0017641771,1
GUCY1B1,76,0.06869331,0.0018077187,2
LTA4H,124,0.06822448,0.0011003949,2
RPS6KA2,148,0.068196125,0.0009215693,2
IL10,870,0.06691062,0.0011536313,15
HSPG2,56,0.06658615,0.0023780768,2
ACE,47,0.06608718,0.0014061102,1
KCNH2,171,0.06592246,0.0011565345,3
UBE2S,84,0.06564779,0.0015630425,2
SCN5A,122,0.06563449,0.0010759752,2
RYR2,154,0.06549629,0.0008506011,2
RRM2,57,0.06534921,0.0011464773,1
ACADSB,120,0.06527828,0.0016319569,3
TLR2,106,0.064962484,0.0012257071,2
GNG12,214,0.0649025,0.00060656545,2
PRKCQ,1275,0.06479103,0.0007622474,15
PLG,55,0.06474642,0.0011772076,1
MRE11,51,0.064611,0.0012668824,1
PC,50,0.06448764,0.0012897529,1
GOT2,240,0.06406724,0.001334734,5
COASY,18,0.06344193,0.0070491033,2
RFC5,124,0.063371435,0.0010221199,2
WNT11,176,0.06276241,0.0014264183,4
NR3C2,220,0.06204865,0.0014101965,5
LMNA,38,0.062047917,0.0016328399,1
IL6ST,42,0.06198786,0.0014759013,1
ACADM,57,0.061965946,0.0010871219,1
GSS,30,0.061712734,0.002057091,1
BAK1,810,0.061650418,0.0011416745,15
ACTB,174,0.061621856,0.0007082972,2
CHEK2,42,0.061390508,0.0014616788,1
CYP1A1,45,0.061258167,0.0013612926,1
TRAF3,66,0.061256934,0.00092813536,1
PML,46,0.061195157,0.0013303295,1
MSMO1,72,0.061192904,0.0016998029,2
PPP2R1A,292,0.061182752,0.00041905994,2
PPARGC1A,318,0.061167065,0.0011540956,6
HMOX1,43,0.060661074,0.0014107226,1
SEH1L,1400,0.060381003,0.00086258573,20
PCSK2,275,0.06021119,0.0010947488,5
BTRC,96,0.060198862,0.0006270715,1
BCAR1,520,0.060031984,0.00092356896,8
CACNA1A,86,0.0599774,0.00069741165,1
SERPINE1,42,0.059912547,0.0014264892,1
GAB2,79,0.05990099,0.0007582404,1
HCK,49,0.059855435,0.0012215395,1
PSMD7,39,0.059440482,0.001524115,1
H3C11,71,0.059214275,0.0008340039,1
CD3D,45,0.058740694,0.0013053487,1
CDC16,88,0.05870522,0.0013342096,2
MEF2A,162,0.05865124,0.0010861341,3
HRH2,72,0.0585611,0.0016266973,2
MAPK10,154,0.05837676,0.00037906985,1
TPTEP2-CSNK1E,41,0.058176182,0.0014189313,1
ITGA6,225,0.058163963,0.0012925325,5
FGF6,316,0.058152776,0.0007361111,4
CFAP298,1,0.057907514,0.057907514,1
CFLAR,34,0.057379927,0.001687645,1
LEF1,69,0.057121284,0.0008278447,1
THBS1,200,0.05701179,0.0011402358,4
FGF9,294,0.05700941,0.0005817287,3
OGDH,32,0.056822896,0.0017757155,1
PSMA1,33,0.056689065,0.0017178504,1
HCN4,55,0.05663312,0.001029693,1
FBXW11,186,0.056621045,0.00091324263,3
BDNF,102,0.05624216,0.0011027874,2
COPB1,33,0.056109402,0.0017002849,1
HMGCR,48,0.05605285,0.0011677677,1
FURIN,165,0.056032732,0.0010187769,3
PLA2G4F,35,0.055899285,0.0015971224,1
VEGFC,238,0.055833686,0.0016421672,7
ACAT2,50,0.05559389,0.0011118777,1
SMAD2,320,0.05514061,0.00068925763,4
VAV2,92,0.055010777,0.0005979432,1
CCKBR,96,0.054960657,0.0017175205,3
CCL4,190,0.054802753,0.0014421777,5
MAVS,90,0.054084558,0.0018028185,3
PLA2G4E,34,0.053908944,0.0015855571,1
GRIN1,111,0.053665694,0.00048347472,1
HTR1A,938,0.053587846,0.00079981855,14
PSMD12,40,0.05357491,0.0013393727,1
KCNK1,224,0.05328019,0.0009514319,4
ACSL6,87,0.053207535,0.0018347427,3
AOX1,96,0.05306675,0.0011055573,2
NTRK1,92,0.052848134,0.0011488724,2
HLA-F,352,0.052843723,0.0016513664,11
HSPB1,33,0.052569047,0.0015930014,1
HLA-DRA,1044,0.052483987,0.0009048963,18
RUNX2,111,0.05243577,0.001417183,3
ATP1A4,162,0.05230955,0.00032289847,1
ASS1,99,0.051885862,0.0015722988,3
TAT,58,0.051621467,0.0017800506,2
DLD,2231,0.051426306,0.00053016806,23
AQP3,70,0.05138079,0.0014680226,2
SIRT1,46,0.051209588,0.0011132519,1
ITGAM,210,0.050900277,0.0014542936,6
DLL1,196,0.050755177,0.00103582,4
FSHB,62,0.05045551,0.0016275971,2
PDHB,462,0.050365448,0.0011991773,11
WNT9A,33,0.050130982,0.0015191206,1
HSD3B1,37,0.049908284,0.0013488726,1
TUBB1,35,0.04978982,0.0014225662,1
PLD1,56,0.04970857,0.00088765303,1
TXNRD1,26,0.049390092,0.0018996189,1
MMP2,47,0.049350005,0.0010500001,1
CYP2C9,61,0.049240693,0.0008072245,1
FOXO3,192,0.049211655,0.00051262137,2
NFATC1,67,0.04913358,0.000733337,1
YES1,64,0.04905196,0.00076643686,1
SHH,88,0.04896334,0.0011128032,2
GNG4,90,0.04894732,0.0005438591,1
DCTN2,33,0.048894893,0.0014816634,1
SDHB,42,0.048774682,0.001161302,1
MAD2L1,102,0.048558693,0.0014281968,3
KAT2A,45,0.04836004,0.0010746676,1
AKT3,424,0.048344124,0.00022803832,2
GAD1,41,0.0482605,0.0011770853,1
SYK,672,0.04792921,0.0004992626,7
EIF2S2,28,0.047875084,0.0017098244,1
RAC2,2044,0.047681186,0.0006531669,28
MAT2B,99,0.047676712,0.001444749,3
TP73,32,0.04742408,0.0014820026,1
ST3GAL3,34,0.047340233,0.0013923598,1
B4GALT1,76,0.04729376,0.0012445727,2
PSMB1,288,0.04715107,0.0013097519,8
MED1,56,0.04700621,0.0016787932,2
UBE2I,204,0.04699427,0.0006910923,3
SCN10A,122,0.046912175,0.0007690521,2
TFRC,120,0.046743456,0.0011685864,3
PPP1R12A,27,0.046740156,0.0017311169,1
DOCK1,392,0.046688844,0.00095283356,8
HLA-G,231,0.046597652,0.00141205,7
NOD2,200,0.046590716,0.0011647679,5
TGFA,312,0.046574812,0.000597113,4
CASP10,35,0.046346117,0.0013241748,1
BLM,74,0.046337005,0.0012523516,2
XPO1,1798,0.046205908,0.00074525655,29
PTGIR,28,0.046117447,0.0016470517,1
LBP,21,0.046086017,0.0021945722,1
F2,89,0.046078257,0.0005177332,1
PDK1,27,0.04585822,0.0016984525,1
HTR7,26,0.045743242,0.0017593554,1
FOSL1,27,0.045557573,0.0016873175,1
MAPRE1,33,0.04547595,0.001378059,1
RBL1,35,0.04543247,0.0012980705,1
CAMK2D,540,0.045405395,0.00042042029,5
CYP2S1,52,0.045356885,0.0017444955,2
NOTCH4,558,0.045176655,0.0014573116,18
MCEE,35,0.04490418,0.0012829766,1
FZD1,168,0.04481097,0.0008001959,3
SLC2A1,50,0.044804696,0.0008960939,1
SMO,66,0.044799164,0.0013575504,2
NCOA1,112,0.04475869,0.0007992623,2
FASLG,4416,0.044676643,0.0004856157,48
TAB2,612,0.04446602,0.00043594136,6
CAMK2A,240,0.044460446,0.00037050372,2
DYNC1I1,123,0.044402655,0.0010829916,3
JUN,285,0.04438678,0.0001557431,1
POLR2E,711,0.04435153,0.0005614117,9
BUB3,264,0.044222087,0.0013400633,8
LAMTOR2,27,0.044108424,0.0016336454,1
POLR2D,60,0.044014804,0.0007335801,1
KIT,427,0.044014327,0.0007215463,7
POM121C,112,0.043905966,0.0007840351,2
ATF6B,30,0.04388205,0.001462735,1
TCF7L2,330,0.043872517,0.00079768203,6
WNT9B,102,0.043855492,0.0012898674,3
UGT1A1,44,0.043824274,0.0009960062,1
ESR1,158,0.04371538,0.0005533592,2
PDGFB,1900,0.043601736,0.00057370705,25
PTGIS,142,0.043466635,0.0006122061,2
CYP4F8,61,0.043398786,0.00071145553,1
HSPA1B,34,0.043388966,0.001276146,1
GADD45A,1536,0.043317005,0.0006768282,24
IGF1R,74,0.043291543,0.00058502087,1
APOB,424,0.043178763,0.00081469363,8
CDC42,161,0.04315072,0.00026801688,1
TSHB,31,0.042978942,0.0013864175,1
FUS,210,0.042792507,0.0010188692,5
ADCY10,37,0.042627104,0.0011520839,1
GLI2,104,0.04255553,0.0016367511,4
CEBPA,87,0.042547394,0.0014671516,3
OPRM1,462,0.04234494,0.0005499343,6
BRK1,29,0.04225998,0.0014572407,1
STEAP3,24,0.042253874,0.0017605781,1
PSEN2,152,0.04202161,0.0011058318,4
DDB2,51,0.04192406,0.00082204037,1
MALT1,99,0.041786674,0.001266263,3
CLASP1,37,0.041730948,0.0011278634,1
APC,64,0.041475616,0.0006480565,1
AREG,54,0.041375395,0.000766211,1
TFAP2A,200,0.04118115,0.001647246,8
CXCR2,33,0.041126046,0.0012462438,1
PIK3C3,342,0.040951412,0.0007184458,6
KCNJ3,432,0.040927555,0.00056843826,6
IFNGR1,328,0.040922705,0.0009981147,8
FDFT1,82,0.04085862,0.0009965517,2
MAPKAPK3,48,0.040839102,0.0008508146,1
IGF2,128,0.040774744,0.0012742108,4
TRIO,136,0.040748995,0.0011984998,4
HMGB1,30,0.04074392,0.0013581307,1
IDI1,41,0.040610667,0.000990504,1
VWF,123,0.040541958,0.0009888281,3
CSF1R,57,0.04052921,0.00071103877,1
MCM3,75,0.040498856,0.0016199542,3
PMAIP1,224,0.040489312,0.001265291,7
KCNA5,572,0.04029184,0.00077484304,11
CLCNKA,31,0.04016148,0.0012955316,1
IL6,284,0.040132288,0.00028262174,2
GLUD1,53,0.040088,0.0007563774,1
KCNJ5,71,0.040059384,0.0005642167,1
HLA-DQB1,1118,0.04002619,0.00093084166,26
IL2RA,1980,0.040016353,0.00072757003,36
RPL23,27,0.03994276,0.0014793614,1
NDUFA4,168,0.039871726,0.0014239902,6
VKORC1,30,0.039816268,0.001327209,1
F13B,32,0.039780285,0.0012431339,1
PRL,182,0.03962667,0.0015241028,7
CALCA,312,0.039603822,0.0016501591,13
PTH,46,0.03954468,0.0017193337,2
PSMD1,38,0.03947602,0.0010388426,1
CD3E,86,0.0394065,0.00091643026,2
MGST1,84,0.03937362,0.0014062007,3
EDN1,250,0.0392619,0.000785238,5
EDNRA,30,0.039149404,0.0013049801,1
F13A1,175,0.039119873,0.0011177106,5
SULT1A1,25,0.03885721,0.0015542884,1
IL15,96,0.038797863,0.0016165776,4
KCNJ4,132,0.03875252,0.0005871594,2
BCL10,105,0.03871246,0.0011060702,3
KLB,34,0.03844058,0.0011306053,1
CSF2,385,0.038424175,0.0006986214,7
KIF18A,26,0.03838609,0.0014763882,1
CKB,24,0.0383471,0.0015977958,1
MCM6,24,0.038289923,0.0015954134,1
EHMT2,24,0.038218606,0.0015924419,1
F5,92,0.0381742,0.0008298739,2
RPL31,26,0.038166046,0.0014679248,1
RIPK1,93,0.038051292,0.00040915367,1
CTDP1,75,0.038025547,0.001521022,3
C3AR1,26,0.03794251,0.0014593273,1
CXCR1,128,0.037905216,0.001184538,4
INSR,70,0.03787478,0.0005410683,1
UGT1A10,99,0.037870362,0.0011475867,3
RPLP2,27,0.037710495,0.001396685,1
HLA-DQA2,1118,0.037687972,0.0008764645,26
INCENP,44,0.037539437,0.0017063381,2
TUBB2B,28,0.037373245,0.0013347587,1
ARF6,27,0.03734041,0.0013829782,1
MEN1,21,0.037321784,0.0017772277,1
CXCR4,162,0.037316024,0.00069103745,3
ACLY,21,0.037260573,0.001774313,1
KLC1,22,0.03725723,0.0016935106,1
BCR,26,0.037193805,0.0014305309,1
SYT1,192,0.037168905,0.0015487043,8
RRAS2,21,0.037164494,0.0017697378,1
CYP2B6,92,0.037126746,0.0004035516,1
KIAA1549,37,0.037103187,0.0010027889,1
CEP290,23,0.03704952,0.0016108487,1
CSNK1A1,90,0.036932126,0.00082071393,2
PPP2R5C,62,0.03691821,0.000595455,1
RPLP1,26,0.036877688,0.0014183726,1
H4C8,470,0.036875386,0.00039229132,5
CCN1,13,0.0368686,0.002836046,1
MYH11,23,0.03675226,0.0015979244,1
PIP4K2C,56,0.03671168,0.0013111315,2
INHBB,17,0.03665715,0.002156303,1
VAV1,321,0.036582507,0.0003418926,3
NRG3,1012,0.036448225,0.00082836876,23
ADRB2,196,0.036281206,0.00074043276,4
GHRH,21,0.03624925,0.0017261548,1
ORAI1,24,0.035997845,0.0014999103,1
CD14,106,0.03597589,0.0006787904,2
CENPO,21,0.035959378,0.0017123513,1
DIAPH1,34,0.035835393,0.0010539822,1
MAP3K2,21,0.035779953,0.0017038073,1
TLN1,51,0.035758324,0.0007011436,1
BMP2,78,0.035695393,0.00091526646,2
SOCS2,22,0.03567155,0.0016214341,1
ARHGEF12,68,0.035603505,0.0010471619,2
GRB7,104,0.0355254,0.0013663615,4
CACNA1H,126,0.035523437,0.0005638641,2
PNMT,22,0.03530332,0.0016046964,1
KIF2A,81,0.035182804,0.0013030668,3
RMI2,391,0.03515755,0.0015285892,17
LAMB2,32,0.035143875,0.0010982461,1
ADRA1B,87,0.035136644,0.0012116084,3
AKR1B1,86,0.035131417,0.0008170097,2
MEF2C,81,0.035120472,0.00043358607,1
NOS2,1856,0.035054408,0.0006043863,32
CDC27,44,0.03503345,0.00079621474,1
WIPF1,24,0.03497707,0.0014573779,1
UPB1,24,0.034893725,0.0014539052,1
EPS15,23,0.034772348,0.0015118412,1
C3,165,0.034716476,0.0006312087,3
GCDH,29,0.034706283,0.0011967684,1
HLA-E,2016,0.034693405,0.00096370565,56
ARNT,30,0.03466992,0.001155664,1
C1S,17,0.03456817,0.0020334218,1
TNFSF11,175,0.034559492,0.0013823797,7
DNMT3B,38,0.034536295,0.0018176998,2
ST3GAL1,372,0.034532003,0.0011139356,12
TCF7L1,112,0.034469016,0.00061551813,2
LMAN1,69,0.034410115,0.0014960918,3
BCKDHB,96,0.034356877,0.0010736524,3
CREBBP,340,0.034226485,0.00020133227,2
SLC1A5,396,0.034218583,0.0010369268,12
PRKCB,418,0.03419211,0.00016359861,2
KLC3,20,0.034170516,0.0017085258,1
PYGL,22,0.03406903,0.0015485924,1
AP1B1,20,0.034016915,0.0017008458,1
STX4,21,0.033990826,0.0016186108,1
IL4,354,0.033953022,0.0005754749,6
PF4,23,0.03385204,0.0014718279,1
AGPAT1,19,0.03384587,0.0017813616,1
SKA2,18,0.033835843,0.001879769,1
SERPING1,16,0.033776067,0.0021110042,1
SLC12A3,33,0.03376841,0.0010232852,1
MAML2,74,0.03368348,0.0009103643,2
IVD,26,0.03367134,0.0012950517,1
LCP2,30,0.03364241,0.0011214137,1
DBH,22,0.033614434,0.0015279289,1
STK11,210,0.03359714,0.00095991837,6
IL1R1,736,0.033549346,0.00072933355,16
ANAPC1,88,0.033490963,0.0007611583,2
RBPJ,1485,0.03344479,0.0007432175,33
SAA1,19,0.03342101,0.0017590005,1
IFNAR1,147,0.033347964,0.00068057067,3
GNG7,182,0.033343975,0.0003664173,2
FTH1,40,0.03330963,0.0016654816,2
CSF1,124,0.03322967,0.0010719248,4
ACOX3,29,0.033166643,0.0011436774,1
COL4A3,36,0.033112668,0.0009197963,1
PRKN,54,0.033105798,0.0012261408,2
NCSTN,44,0.03297079,0.00074933615,1
SDC3,25,0.032968014,0.0013187206,1
GTF2F1,53,0.032920588,0.00062114315,1
TRAF1,60,0.032864735,0.0010954912,2
HSPA1L,22,0.03285274,0.0014933064,1
PDIA6,20,0.032822583,0.0016411291,1
ZAP70,96,0.032785032,0.0006830215,2
RPL10L,50,0.03275754,0.0013103015,2
CD40,1050,0.03273694,0.0009353412,30
MMP7,19,0.032736834,0.0017229912,1
MMP13,42,0.03272646,0.0015584028,2
CDC37,152,0.032714747,0.0008609144,4
MYC,177,0.032699805,0.00018474465,1
PROC,44,0.032619998,0.0014827272,2
PTK2B,64,0.03257644,0.0005090069,1
MCCC2,27,0.03250687,0.0012039581,1
HLA-DRB1,378,0.032459404,0.0006011001,7
SH3GL3,22,0.03244466,0.0014747572,1
GNAT3,23,0.03236633,0.0014072318,1
GRK6,20,0.03227274,0.0016136371,1
GNA14,42,0.032221634,0.00076718174,1
RPL27,27,0.032104176,0.0011890435,1
KCNQ1,65,0.03201249,0.00049249985,1
SCARB1,24,0.031936288,0.0013306787,1
ALK,64,0.031923175,0.0009975992,2
KDR,354,0.03189729,0.00054063206,6
HLA-A,1166,0.03186937,0.0006013089,22
ALDH9A1,37,0.031853992,0.0008609187,1
CBX4,26,0.031788033,0.0012226166,1
IL2RB,396,0.031709287,0.00072066556,9
JAK1,468,0.031617805,0.00020267825,3
CYP4F12,44,0.03156112,0.0014345965,2
NDC80,20,0.031430844,0.0015715422,1
HLA-DPA1,1161,0.031336464,0.00072875497,27
MAP4K4,300,0.031332806,0.0015666403,15
NPY,175,0.03128734,0.0012514937,7
HIPK2,22,0.03127427,0.0014215577,1
TAOK1,23,0.031270605,0.0013595915,1
TNFRSF1A,380,0.031193232,0.00041043726,5
PDE10A,120,0.03103577,0.0010345257,4
RPS14,165,0.031002307,0.0009394639,5
FGF2,250,0.030955656,0.00024764525,2
YAP1,33,0.030933533,0.0009373798,1
IL11,50,0.030851467,0.0012340588,2
CALCB,126,0.030744174,0.0014640084,6
SDHC,1189,0.030702895,0.00074885105,29
CSF3R,40,0.030684039,0.0015342019,2
PLA2G6,28,0.030654863,0.0010948165,1
ASNS,18,0.030634306,0.0017019059,1
CEP152,16,0.03061136,0.00191321,1
CPS1,324,0.03058167,0.0008494908,9
HLA-DQA1,308,0.030558463,0.0006945105,7
SULT2A1,38,0.030521967,0.0016064193,2
CYP2C18,21,0.030488225,0.0014518203,1
LYN,2147,0.030478725,0.0002697232,19
PIP5K1B,180,0.03046619,0.00084628316,5
TNRC6A,32,0.030330466,0.00094782707,1
UBE2D1,264,0.030325528,0.0004594777,4
RXRG,93,0.03031546,0.0009779182,3
NOTCH1,284,0.03030534,0.0004268358,4
TBP,102,0.030235952,0.0005928618,2
RASGRF2,30,0.030222058,0.001007402,1
NMNAT1,14,0.03015941,0.0021542436,1
VAMP3,104,0.03009225,0.0011573941,4
TPM1,59,0.030028738,0.0005089617,1
CAPZB,24,0.030016666,0.0012506944,1
MYLK,80,0.029976778,0.00037470972,1
DUSP5,36,0.029949004,0.0024957503,3
COX6B1,27,0.029897887,0.0011073292,1
PRKAR1A,262,0.02976785,0.00022723549,2
TNKS,180,0.029727926,0.0014863963,9
CHMP4B,18,0.029715676,0.0016508709,1
IL1RAP,60,0.029682267,0.0009894089,2
ARPC2,160,0.029671954,0.0007417989,4
ANPEP,20,0.029662322,0.0014831161,1
NDUFA12,72,0.029656578,0.0016475876,4
TOP2A,18,0.029632613,0.0016462563,1
C1QA,20,0.029565929,0.0014782965,1
ATP5MC3,152,0.029551132,0.0015553227,8
CEP78,17,0.029536461,0.001737439,1
KCNE2,162,0.02951938,0.00054665515,3
GBA,18,0.029481445,0.001637858,1
FANCD2,19,0.029464401,0.0015507579,1
ABCC1,37,0.029388705,0.00079428934,1
WASL,120,0.029286811,0.0004881135,2
GUCY1A2,152,0.029268846,0.00077023276,4
CDH1,420,0.029260801,0.00041801145,6
PPBP,20,0.029250829,0.0014625414,1
NME7,32,0.029185066,0.0009120333,1
DMGDH,17,0.029079057,0.0017105328,1
EPN1,28,0.029066721,0.0020761944,2
FGFR2,946,0.02905659,0.00033786733,11
POLR2A,136,0.02904558,0.00042714088,2
DDX58,38,0.029024452,0.0007638014,1
CDKN2A,81,0.028905371,0.00035685644,1
CCN2,15,0.02888894,0.0019259293,1
PLCG2,210,0.028863724,0.0002748926,2
PTPRJ,36,0.028820984,0.0016011657,2
NDUFB1,19,0.028788932,0.0015152069,1
RUNX1,494,0.028716542,0.0007556985,13
GMPR,23,0.02866608,0.0012463514,1
GPX7,15,0.02860257,0.001906838,1
PTGDR,168,0.028596723,0.0013617488,8
MYOD1,16,0.028595652,0.0017872283,1
CYP26B1,120,0.028472062,0.001186336,5
H2AC1,19,0.028459964,0.0014978929,1
NELFE,52,0.028410643,0.001092717,2
TEK,69,0.028409233,0.0012351839,3
EGR2,110,0.028393313,0.0012906052,5
GABRG2,136,0.028328951,0.0016664088,8
CKAP5,32,0.028302228,0.0008844446,1
SNAP25,25,0.028302042,0.0011320817,1
TFAP2C,153,0.0282503,0.0016617825,9
CES2,17,0.028245412,0.0016614948,1
HLA-C,828,0.02823959,0.0007844331,23
FGF10,73,0.028130662,0.00038535154,1
LPAR3,17,0.028110454,0.0016535561,1
NRIP1,552,0.028085735,0.0011702388,23
PGM2,75,0.028042817,0.0011217127,3
HLA-B,1406,0.02803697,0.00075775594,38
ALDH4A1,31,0.028014218,0.0009036845,1
TCF7,156,0.028005607,0.00053856935,3
COX7C,135,0.027955914,0.0010354043,5
ALG10B,162,0.027873551,0.0005161769,3
EDN3,90,0.027851483,0.0015473047,5
ATP2B1,28,0.027824966,0.0009937488,1
SOCS1,2576,0.027805066,0.00049651903,46
LPIN3,18,0.027789572,0.0015438651,1
TACR1,90,0.027718714,0.0015399286,5
CACNG3,85,0.027677659,0.0016280975,5
LEP,29,0.027673397,0.00095425505,1
UBE2D2,32,0.02766434,0.0008645106,1
DCN,51,0.027586376,0.0016227281,3
CHRM2,600,0.027575593,0.00036767457,8
DRD2,162,0.027542463,0.0010200912,6
MYH9,34,0.027529588,0.00080969377,1
PELI2,144,0.027497487,0.0011457286,6
DSG1,36,0.027489122,0.0015271734,2
EFNA1,108,0.027435442,0.0015241912,6
GRIN3B,15,0.027429983,0.0018286655,1
SLC3A1,70,0.027415609,0.0007833031,2
KL,160,0.027357291,0.0006839323,4
AOC1,180,0.027353873,0.00091179577,6
RAD50,47,0.027326941,0.0005814243,1
NEDD1,224,0.02732372,0.0017077324,14
XRCC5,25,0.02730974,0.0010923896,1
SLC9A1,56,0.027187537,0.0009709834,2
TALDO1,17,0.02713005,0.0015958854,1
RASGRF1,248,0.02711735,0.00087475317,8
BSG,18,0.027060147,0.0015033415,1
LDHC,17,0.02705029,0.0015911935,1
ALDH5A1,36,0.027023658,0.0015013143,2
ATRIP,27,0.02702001,0.001000741,1
ALOX5,170,0.026936553,0.00031690064,2
SLC1A1,1066,0.026893476,0.00065593846,26
SIAH1,17,0.026881948,0.0015812911,1
CRADD,17,0.026867673,0.0015804514,1
CASP1,54,0.026805058,0.00049639,1
GPX4,275,0.026787631,0.0010715052,11
DOCK2,50,0.026650552,0.0010660221,2
SDC1,296,0.026642533,0.00072006846,8
PHC1,25,0.026600784,0.0010640314,1
MAN1A2,15,0.026583986,0.0017722658,1
BLNK,38,0.026564874,0.0013981513,2
GSTT2,18,0.026555086,0.0014752825,1
HSPA6,168,0.026497772,0.0011040738,7
MAPKAPK2,1701,0.02647311,0.0003268285,21
AMPD1,23,0.026468404,0.0011508001,1
RNF103-CHMP3,19,0.026413724,0.001390196,1
MAP3K4,34,0.026393004,0.0015525296,2
LRP6,84,0.026299592,0.0006261808,2
MCM8,22,0.0261997,0.0011908954,1
THEM4,20,0.026166657,0.0013083329,1
MAD1L1,104,0.02615107,0.0010058103,4
DICER1,70,0.026045602,0.0018604001,5
PSMD3,39,0.026028588,0.0006673997,1
BDKRB1,21,0.026006814,0.0012384197,1
RAB4A,19,0.025996359,0.0013682294,1
GPX6,102,0.025954975,0.0015267632,6
ACTN4,27,0.025886253,0.0009587501,1
ACTN1,840,0.025846431,0.0006153912,20
CCR6,171,0.025834361,0.0013597034,9
HES5,125,0.025799949,0.0010319978,5
IFNAR2,94,0.025764018,0.0005481706,2
MC3R,34,0.025759727,0.001515278,2
ABCA1,66,0.025724232,0.0011692833,3
SPTB,36,0.025628306,0.0014237948,2
DHFR,68,0.025604863,0.0007530842,2
SLC32A1,38,0.02557595,0.0013461027,2
SLC14A2,320,0.025563713,0.00079886604,10
GHRHR,34,0.025510762,0.0015006331,2
FRAT2,17,0.025430888,0.0014959346,1
KTN1,19,0.025388364,0.0013362296,1
CBL,208,0.02536957,0.00024393816,2
B4GALT5,165,0.025310077,0.0016873386,11
UGT2B15,50,0.025289008,0.0010115603,2
ACKR3,120,0.025253749,0.0016835833,8
FLT1,152,0.025244389,0.000664326,4
BDKRB2,116,0.025184028,0.00086841476,4
TRPC6,92,0.025132695,0.0010927259,4
CXCL1,58,0.025111761,0.0008659228,2
PDGFC,100,0.025089184,0.0012544591,5
CTSC,32,0.025076732,0.0015672958,2
FLT3,176,0.025059387,0.0005695315,4
RXFP2,17,0.02505838,0.0014740223,1
CAMKK2,36,0.025051126,0.0006958646,1
CAMK2G,216,0.024973132,0.0002312327,2
KCND3,56,0.024967564,0.00044584935,1
CXCL6,16,0.024966735,0.001560421,1
CBS,90,0.024963386,0.0005547419,2
PEX14,24,0.024923451,0.0020769543,2
BCL2,630,0.024891753,0.00019755359,5
HK1,41,0.024844375,0.0006059604,1
GSTA5,18,0.024832258,0.0013795699,1
PAK5,34,0.024829721,0.0007302859,1
GRM3,162,0.024749136,0.0013749519,9
TNFSF10,108,0.024714991,0.0006865275,3
GATA4,264,0.024690256,0.0011222843,12
RPS29,240,0.024649562,0.00082165207,8
TIAM1,102,0.024613779,0.00048262312,2
NINL,18,0.024608215,0.0013671231,1
KIF2B,156,0.024604304,0.0009463194,6
ACTR2,792,0.024588369,0.00055882655,18
SLC25A12,36,0.024544649,0.0013635915,2
KRAS,891,0.02453857,8.2621445e-05,3
HSPA7,15,0.024524782,0.0016349854,1
TNFAIP3,476,0.024490984,0.00072032306,14
CD86,104,0.024478799,0.00047074613,2
NAMPT,144,0.024447573,0.0013581985,8
HSD3B2,35,0.024425156,0.0006978616,1
DEPDC1B,42,0.024405884,0.0011621849,2
APIP,28,0.024404317,0.0017431655,2
ALDH1A2,90,0.024402399,0.0013556888,5
RNF34,11,0.024385411,0.0022168555,1
TH,116,0.024363883,0.0008401339,4
PPP1R1B,30,0.024323525,0.0016215683,2
NBEA,66,0.02430483,0.001104765,3
PSMD5,25,0.024270045,0.0009708018,1
IL33,75,0.024258394,0.0016172264,5
ABCB11,34,0.024233125,0.0014254779,2
CKAP4,30,0.024203926,0.001613595,2
GCK,98,0.024196852,0.0004938133,2
IL7R,754,0.024167964,0.0008333781,26
SLC38A9,40,0.024141904,0.0012070951,2
DRD4,210,0.02412908,0.0011490037,10
UGT2B10,56,0.024096336,0.00086058344,2
NR3C1,275,0.024057563,0.00043741026,5
SMARCB1,18,0.02405348,0.0013363045,1
LRRC7,54,0.02402964,0.0013349801,3
PLK2,45,0.023988714,0.0015992476,3
TEAD1,76,0.023955746,0.0012608287,4
AGL,17,0.023884796,0.001404988,1
SLC38A4,43,0.023884207,0.00055544666,1
SPTA1,19,0.023877198,0.0012566947,1
GRB10,1036,0.023798827,0.0008499581,37
RFC3,488,0.023727123,0.00038896926,8
INPP5D,648,0.02368311,0.00043857613,12
PKN1,26,0.023675552,0.00091059814,1
CCR7,256,0.023652853,0.0014783033,16
COL4A1,84,0.023644852,0.0005629726,2
SCTR,17,0.023620604,0.0013894473,1
IL22,24,0.023523504,0.001960292,2
NCOA3,54,0.02349248,0.00087009184,2
POU2F1,20,0.023475235,0.0011737618,1
SPTBN5,18,0.023447724,0.0013026514,1
NCOR2,65,0.023442809,0.0003606586,1
MTRR,130,0.02344028,0.0018030985,10
TNKS2,34,0.02343236,0.0013783742,2
FABP1,36,0.02337673,0.0012987071,2
GAL,15,0.023367362,0.0015578241,1
CDK5RAP2,16,0.02336594,0.0014603713,1
CR1,60,0.023340851,0.0011670425,3
ABCB1,42,0.023297295,0.0005546975,1
GLI3,186,0.023222381,0.00074910914,6
MYL12A,16,0.023150127,0.001446883,1
PTK2,298,0.023127567,0.00015521859,2
CDA,72,0.023097632,0.0009624013,3
RAMP1,32,0.023097157,0.0014435723,2
NR2C1,13,0.023052331,0.0017732562,1
UGT2B28,84,0.023022946,0.0010963308,4
SPDL1,18,0.02298843,0.001277135,1
BCAT2,65,0.022983866,0.0017679896,5
CHST12,10,0.022962747,0.0022962748,1
GRM5,90,0.022959538,0.0007653179,3
ALMS1,17,0.022930833,0.0013488726,1
ARHGEF2,44,0.022923382,0.001041972,2
NFATC2,126,0.022901906,0.00036352233,2
GABRA5,45,0.022883758,0.001525584,3
PTGFR,17,0.022881862,0.0013459919,1
CCL2,1377,0.02285227,0.00044808374,27
MMP9,897,0.022843938,0.00033107155,13
NGFR,138,0.022804288,0.0004957454,3
SELE,17,0.022794893,0.0013408761,1
ITGAX,85,0.022736823,0.0013374601,5
RLN2,112,0.022723509,0.0014202193,7
AHR,160,0.022687852,0.0014179908,10
RPL5,84,0.02265787,0.00080920965,3
PKP4,13,0.02264056,0.0017415815,1
CD247,57,0.022628337,0.00039698838,1
UQCR10,36,0.022625552,0.0012569751,2
TNPO1,14,0.022608232,0.0016148736,1
LPCAT1,26,0.022522759,0.0017325198,2
IL17A,152,0.022492858,0.0011838346,8
VANGL1,24,0.02244165,0.00093506876,1
MAX,28,0.022346405,0.0007980859,1
MCCC1,140,0.022331458,0.00079755206,5
TIRAP,56,0.022325978,0.00079735636,2
EIF3F,30,0.02229585,0.0014863899,2
DAAM1,114,0.022262415,0.0011717061,6
MTAP,30,0.022252217,0.0014834811,2
RPS6KA4,56,0.0222512,0.0015893715,4
NDUFB6,19,0.022238359,0.00117044,1
PANK1,19,0.022232369,0.0011701246,1
EGR4,8,0.022227425,0.0027784281,1
THRA,76,0.022203444,0.0011686024,4
LDLR,41,0.022192389,0.00054127775,1
TNFSF13B,33,0.022053273,0.0020048432,3
SSTR3,180,0.0220508,0.0014700535,12
MGST3,23,0.022029765,0.00095781585,1
LIMK1,114,0.022003427,0.0005790375,3
MAPK11,176,0.02199285,0.00012495938,1
RAB5C,46,0.021990953,0.0009561284,2
ITPK1,30,0.021986162,0.0014657441,2
BIN1,10,0.021956617,0.0021956617,1
PFKL,37,0.021913957,0.0005922691,1
GPC5,72,0.02186974,0.0012149855,4
CABIN1,10,0.02183296,0.002183296,1
PREX1,100,0.021828972,0.0008731589,4
VPS37C,13,0.021763677,0.0016741289,1
ACSS3,30,0.021743495,0.0014495663,2
TRAF2,93,0.021733925,0.00023369811,1
ATP2B2,27,0.0217027,0.0008038037,1
DCTD,28,0.02167888,0.0015484914,2
THBS3,13,0.021663366,0.0016664128,1
TP53,225,0.021662937,9.627972e-05,1
CDKN1C,18,0.021652639,0.0012029244,1
COPA,33,0.02162369,0.0006552633,1
CDC25B,25,0.021581557,0.0008632623,1
KCNJ2,1190,0.021564258,0.00030806081,17
SEC61B,14,0.02153018,0.0015378699,1
GRIA1,180,0.021442767,0.00047650593,4
IDH3A,25,0.02137575,0.00085502997,1
NELFCD,54,0.021350594,0.0007907627,2
SMARCA2,162,0.021331115,0.0011850619,9
EIF4G2,12,0.021328473,0.0017773728,1
SRSF6,28,0.021297658,0.0015212613,2
TLR3,56,0.021281894,0.0007600676,2
TLR4,984,0.021277696,0.0002594841,12
VNN1,13,0.021261474,0.001635498,1
FST,20,0.021147832,0.0021147833,2
FADS2,20,0.021140372,0.0010570186,1
POLR2B,61,0.02113584,0.0003464892,1
ALDH7A1,150,0.021134326,0.00042268657,3
PLXNA4,42,0.021067562,0.0015048259,3
XRCC3,14,0.021066405,0.0015047432,1
PFKFB2,14,0.02105219,0.0015037277,1
POLR3F,14,0.021020345,0.0015014532,1
GDF7,26,0.021001352,0.0016154887,2
ITPKA,26,0.020990042,0.0016146186,2
QDPR,28,0.020953443,0.0014966745,2
CTF1,11,0.020949442,0.0019044947,1
UGT2B4,112,0.020924557,0.0007473056,4
GABARAPL1,28,0.020902133,0.0014930095,2
ACER1,15,0.020867763,0.0013911842,1
NTRK3,72,0.020850707,0.0011583726,4
CCKAR,26,0.02083018,0.0016023216,2
HAL,12,0.020809472,0.0017341226,1
CEP250,17,0.020807939,0.0012239964,1
DROSHA,10,0.020760603,0.0020760603,1
NR1D1,12,0.020749718,0.0017291432,1
HTR4,22,0.020722304,0.0009419229,1
GLDC,68,0.020697815,0.0012175186,4
APLNR,10,0.020696871,0.002069687,1
G6PC2,38,0.02069226,0.0010890663,2
MAP2K6,144,0.020587897,0.0001429715,1
CEP192,18,0.020567292,0.0011426273,1
NDUFV2,76,0.02055532,0.0010818589,4
LIPC,224,0.02054162,0.0012838512,14
SMAD3,105,0.020525591,0.00019548183,1
CNTRL,44,0.020475127,0.0009306876,2
ACTN3,11,0.020474218,0.0018612925,1
CHRNA7,64,0.020461949,0.0012788718,4
SMYD2,48,0.020409215,0.001700768,4
LHCGR,23,0.020394348,0.00088671077,1
ARPC5,117,0.020313287,0.00052085356,3
ENTPD1,17,0.020259166,0.0011917157,1
LPL,180,0.020230081,0.00056194665,5
ECHS1,88,0.020229459,0.00022988021,1
SUMO3,23,0.020211559,0.00087876344,1
LPIN2,18,0.020190189,0.0011216771,1
ARHGEF25,30,0.020085206,0.0013390137,2
DAB2IP,9,0.020078335,0.0022309262,1
XBP1,30,0.02005443,0.001336962,2
APOE,123,0.020029152,0.00048851594,3
UGT2A1,15,0.019996895,0.0013331263,1
GUCY1A1,22,0.019986993,0.00090849964,1
CBSL,58,0.019964945,0.0006884464,2
RALGDS,25,0.01995214,0.00079808565,1
CHRM3,774,0.019936286,0.00046363458,18
SETD7,20,0.019929104,0.0019929104,2
AAMP,12,0.0199023,0.001658525,1
IFIH1,156,0.019883279,0.0007647415,6
MYO10,85,0.019877624,0.001169272,5
CHRNA3,15,0.019869436,0.0013246291,1
NEIL3,60,0.019869152,0.0016557627,5
CNOT1,11,0.019856647,0.0018051497,1
NT5C1B-RDH14,26,0.019852955,0.0015271503,2
HSP90B1,28,0.019818045,0.00070778735,1
TUBG1,72,0.019790336,0.0010994631,4
MAPK4,17,0.019776314,0.0011633126,1
ST6GALNAC2,34,0.01969209,0.0011583582,2
MAP1LC3A,13,0.019667054,0.0015128503,1
ARRB1,146,0.019643638,0.00026909093,2
ADRA2C,42,0.019639876,0.0009352322,2
FCGR3A,196,0.019637138,0.0007013263,7
CTBP2,64,0.019601015,0.0012250635,4
HTR2A,147,0.019598816,0.00093327696,7
KCND2,120,0.019574907,0.00032624847,2
MFN1,15,0.019494265,0.0012996177,1
ZBTB16,14,0.019477213,0.0013912295,1
PTBP1,12,0.019477025,0.0016230854,1
IL18R1,114,0.019473186,0.0010249045,6
CLIP1,48,0.019422475,0.00080926984,2
APP,264,0.019412475,0.00044119262,6
IL1RN,36,0.019409897,0.0016174914,3
MADD,17,0.019395566,0.0011409157,1
CYP2R1,140,0.019381417,0.001384387,10
GMNN,9,0.019335361,0.0021483735,1
CASP12,39,0.019316677,0.0014858982,3
RRM1,41,0.019290624,0.00047050303,1
MAPK12,110,0.019278586,0.00017525988,1
IL1R2,285,0.019266605,0.0010140318,15
KCNJ12,34,0.019265182,0.0011332461,2
BRIP1,52,0.019229244,0.0007395863,2
F2RL1,11,0.019217033,0.0017470029,1
SLC6A11,36,0.01920287,0.001066826,2
ARHGAP10,14,0.019140989,0.0013672134,1
KCNE1,55,0.019127188,0.00034776705,1
MAN2A2,14,0.019025028,0.0013589306,1
SLC22A1,80,0.019023445,0.0009511722,4
ABCG1,15,0.019018354,0.0012678902,1
APOC1,12,0.01901618,0.0015846817,1
DGKD,52,0.01896939,0.0014591839,4
SLC34A1,11,0.018956209,0.0017232917,1
LAMC2,62,0.018952806,0.0006113808,2
RCHY1,14,0.018914692,0.0013510494,1
TRIB3,92,0.018886302,0.00082114356,4
MSRB3,12,0.018885296,0.0015737746,1
MTMR2,24,0.018852059,0.001571005,2
TAB1,106,0.018813577,0.00017748657,1
CEP41,18,0.018770345,0.0010427969,1
OS9,100,0.018765911,0.00093829556,5
PLA2G2E,264,0.018760992,0.000781708,11
TERT,28,0.01875726,0.00066990213,1
WNT2B,40,0.01874748,0.000468687,1
HTR5A,39,0.018687492,0.0014374993,3
IPMK,784,0.018684132,0.0011677583,49
ADCY9,214,0.018683614,0.00017461322,2
CR2,42,0.018639524,0.0013313945,3
CYP4F22,32,0.018629223,0.0011643264,2
GLYAT,24,0.018628802,0.0015524002,2
HGF,142,0.01862814,0.00026236818,2
PSTPIP1,13,0.018620454,0.0014323426,1
CACNA2D1,70,0.01861534,0.0013296672,5
MTNR1A,11,0.018609095,0.0016917359,1
PAH,14,0.01860783,0.0013291307,1
ACSBG1,18,0.018604115,0.0010335619,1
COL6A3,23,0.018553337,0.00080666685,1
SLC5A8,26,0.018524047,0.0014249266,2
RAMP2,15,0.018511266,0.0012340844,1
MBOAT1,77,0.018490339,0.0016809398,7
MLKL,9,0.018477175,0.0020530196,1
PARD6G,10,0.018476397,0.0018476397,1
ATG5,988,0.018457288,0.0007098957,38
RAB14,19,0.018454093,0.0009712681,1
PTGER4,2781,0.018438248,0.0006828981,103
DERA,60,0.018336136,0.0015280112,5
MX1,13,0.018332385,0.0014101834,1
REL,62,0.018317023,0.0005908717,2
GSTO2,23,0.01829839,0.00079558213,1
NANS,14,0.01824956,0.00130354,1
NOG,56,0.018240483,0.0013028916,4
TCF12,13,0.018232925,0.0014025327,1
RRAGC,72,0.018225016,0.0007593757,3
GUCA1A,9,0.018207869,0.0020230964,1
B4GALT6,46,0.01820331,0.0007914483,2
ADRA1D,95,0.018203024,0.00095805374,5
PLXNA1,28,0.018195469,0.0012996763,2
TMED10,60,0.018195087,0.0012130059,4
GOLGA4,8,0.018175725,0.0022719656,1
CCL22,33,0.018163668,0.0016512427,3
VCAN,40,0.018153194,0.0009076597,2
SFRP2,33,0.0181441,0.0016494637,3
ARNTL,78,0.018140705,0.0013954389,6
PLA2G4D,36,0.018102832,0.00050285645,1
NDRG1,104,0.018098712,0.0013922085,8
SMARCC1,17,0.018072795,0.0010631057,1
MUC1,12,0.017936101,0.0014946751,1
POU5F1,30,0.017935896,0.0011957265,2
AGAP2,22,0.017895158,0.0016268326,2
GABPA,8,0.017890004,0.0022362506,1
CDC7,168,0.017882735,0.0008515588,8
CDCA8,19,0.017875522,0.00094081694,1
GOT1,540,0.017870016,0.0002978336,9
GABRB2,80,0.017859763,0.0011162352,5
CROT,24,0.017845847,0.0014871538,2
ACO1,30,0.017798658,0.0011865773,2
ACADS,98,0.01776746,0.0003626012,2
CENPF,168,0.017763006,0.00074012525,7
HYAL1,20,0.017760392,0.0017760391,2
PPARG,366,0.017760161,0.00029115018,6
GALM,17,0.017758356,0.0010446092,1
ARHGEF28,112,0.017755339,0.0011097087,7
ADCYAP1R1,125,0.017740685,0.00070962746,5
CYTH3,14,0.017735504,0.0012668216,1
NEO1,10,0.017732171,0.0017732171,1
EXOC2,456,0.017725188,0.001477099,38
CCL11,448,0.017704235,0.0006322941,16
NUP93,79,0.017690571,0.00022393127,1
GPR18,16,0.017685369,0.002210671,2
TAS2R1,7,0.017678237,0.0025254623,1
TLE3,187,0.017651778,0.0010383398,11
TNRC6B,31,0.0176488,0.0005693161,1
HIBADH,175,0.017606096,0.00070424384,7
CCL3L3,28,0.01759348,0.0012566773,2
DHRS3,42,0.017548664,0.0012534759,3
SLC35D1,10,0.017538559,0.0017538558,1
NEFL,110,0.01750966,0.00079589366,5
USP8,42,0.017497167,0.0008331984,2
IRF5,240,0.017496275,0.0011664184,16
RPN2,11,0.017459016,0.0015871833,1
WWP2,15,0.017434642,0.0011623094,1
SPRY1,11,0.017394338,0.0015813034,1
RAPGEF4,20,0.0173099,0.000865495,1
SP3,72,0.01730884,0.0014424034,6
CDC42BPA,10,0.017304841,0.0017304842,1
PHKG2,8,0.01728449,0.0021605613,1
GABBR2,27,0.01727239,0.00063971814,1
SCN3B,10,0.017267402,0.0017267403,1
SETD1A,11,0.017254965,0.0015686332,1
EPHB2,20,0.017253708,0.0008626854,1
RPE65,50,0.01723369,0.001723369,5
S100A7,7,0.017231926,0.0024617037,1
ITGAL,306,0.017230516,0.0005067799,9
ARSB,20,0.017215509,0.0008607755,1
CCL17,26,0.0172128,0.0013240615,2
GPR17,13,0.017201029,0.0013231561,1
ITK,29,0.017190672,0.0005927818,1
SHC3,54,0.017169183,0.00031794782,1
PEX5,11,0.01714598,0.0015587255,1
ORAI2,12,0.017144354,0.0014286962,1
BMP6,38,0.017137831,0.00090199115,2
CA2,13,0.017115563,0.0013165817,1
H1-3,9,0.017071974,0.0018968859,1
SH2B2,32,0.017047005,0.0010654378,2
SMPD3,156,0.017044665,0.0014203887,13
CAB39,13,0.017009165,0.0013083973,1
CHST14,10,0.01700457,0.001700457,1
PDCD6IP,65,0.016995072,0.0013073133,5
SLC29A2,11,0.016987637,0.0015443306,1
WAPL,24,0.016986307,0.0014155256,2
CXCL12,364,0.016975624,0.00032645432,7
WDR33,42,0.016930154,0.0012092966,3
UGGT1,9,0.016910763,0.0018789737,1
FGD2,24,0.016885709,0.0014071423,2
ERCC2,52,0.016885547,0.00032472206,1
KCNMB1,15,0.01683957,0.001122638,1
PFKFB3,240,0.016833136,0.0011222091,16
CTR9,20,0.016831163,0.0016831163,2
MMAA,8,0.016802656,0.002100332,1
MARK3,34,0.016802011,0.0009883536,2
LTBR,154,0.016763305,0.0015239369,14
PPID,10,0.016731761,0.0016731762,1
ARHGAP17,26,0.016728615,0.0012868166,2
RAB3IP,11,0.0167226,0.0015202365,1
XDH,294,0.016710296,0.0003978642,7
HAAO,147,0.016696911,0.000795091,7
DAGLB,12,0.01668614,0.0013905116,1
GTF2H3,50,0.016682126,0.0003336425,1
TNC,100,0.01665372,0.00066614884,4
SRGAP1,14,0.016628899,0.0011877784,1
CHMP4C,18,0.016620923,0.0009233846,1
ARHGAP35,40,0.0166194,0.00041548497,1
GABRA4,56,0.01661893,0.0011870663,4
ENAH,48,0.01660764,0.0010379775,3
PDE11A,12,0.01660629,0.0013838575,1
PISD,12,0.016588114,0.0013823429,1
TMPRSS2,15,0.016584432,0.0011056288,1
DHODH,12,0.01654398,0.0013786651,1
SGK1,99,0.016528571,0.0005008658,3
LIN7A,18,0.01646644,0.0018296046,2
RASAL2,13,0.016462602,0.001266354,1
DIAPH3,506,0.016461227,0.0007482376,23
CD163,22,0.01644893,0.0014953573,2
SOD2,64,0.016401965,0.0005125614,2
IL5RA,50,0.016384333,0.0006553733,2
IL10RA,120,0.016380178,0.00081900886,6
TTN,9,0.016379604,0.001819956,1
IL23R,312,0.016353704,0.0013628086,26
CCL3,78,0.01633611,0.00062831194,3
CNTN1,13,0.016299646,0.001253819,1
CALML5,50,0.016298397,0.00032596794,1
FBXL7,24,0.016296878,0.0013580732,2
SULT1E1,48,0.016287519,0.0010179699,3
RORA,308,0.016274588,0.00073975406,14
ATG14,26,0.016265891,0.0012512224,2
GPHN,22,0.016168434,0.0014698578,2
ARHGAP45,10,0.016155243,0.0016155243,1
GRM8,102,0.016131103,0.0009488884,6
WNT3,138,0.016130785,0.00035066917,3
IL10RB,44,0.01610646,0.0007321118,2
POLR1F,11,0.016077142,0.0014615584,1
RAD51B,715,0.016073298,0.0012364076,55
CS,64,0.016065596,0.00050204986,2
CHST11,30,0.016055508,0.0010703672,2
DKK2,190,0.016054373,0.0008449669,10
PLA2G2A,165,0.016030744,0.0004857801,5
FNBP1L,20,0.016000386,0.0016000385,2
TRMT112,13,0.015988214,0.0012298626,1
ETS1,1617,0.015958533,0.0004835919,49
PDE8A,11,0.015930723,0.0014482476,1
IL4R,252,0.01591974,0.0005685621,9
MOV10L1,4,0.015914977,0.003978744,1
DLG5,30,0.015913147,0.0015913147,3
IL6R,42,0.0159096,0.00037879997,1
SLC29A1,14,0.015898736,0.001135624,1
RAMP3,30,0.015838472,0.0010558981,2
CD28,2703,0.01583204,0.00031043217,53
UQCRFS1,144,0.015830327,0.0008794626,8
DGKE,14,0.015813664,0.0011295474,1
SLC6A1,32,0.015802974,0.0009876859,2
EREG,57,0.01578735,0.00027697106,1
USP13,9,0.015773876,0.0017526528,1
SPRED1,39,0.015756112,0.0012120086,3
UST,60,0.01573685,0.0015736851,6
PANK2,18,0.015714873,0.0017460969,2
FUT8,84,0.015706236,0.0013088529,7
FCGR3B,32,0.015692579,0.0009807862,2
ITGB4,38,0.015676282,0.00041253376,1
ERBB3,196,0.015674518,0.00031988812,4
INPP5E,72,0.015672572,0.0008706984,4
ARAP2,154,0.015668023,0.0011191445,11
HNMT,13,0.015661778,0.0012047521,1
ELL,24,0.015660165,0.0006525069,1
YEATS4,27,0.015635187,0.001737243,3
SOCS6,70,0.015598243,0.0011141603,5
TRPC3,1539,0.015536638,0.00057543104,57
GHSR,13,0.015520198,0.0011938614,1
COL5A1,14,0.01550791,0.0011077079,1
RIMS1,78,0.015489326,0.0011914866,6
CCL1,224,0.015464656,0.0011046183,16
PI4K2B,26,0.015418869,0.0011860669,2
SAMHD1,16,0.015407897,0.0019259871,2
MT1X,7,0.015406787,0.0022009697,1
CDK8,174,0.015393653,0.0005308156,6
SH2D2A,11,0.015381886,0.0013983533,1
SPEN,10,0.015373044,0.0015373044,1
SMARCA4,39,0.01536009,0.00039384846,1
STAB2,16,0.015352573,0.0019190717,2
CCT5,10,0.015334117,0.0015334117,1
YKT6,21,0.015311556,0.00072912173,1
MYLIP,56,0.01530457,0.0010931836,4
CAND1,9,0.015292637,0.0016991819,1
CHST3,10,0.01528902,0.001528902,1
PER2,8,0.0152861085,0.0019107636,1
PRDM9,27,0.015259683,0.0016955202,3
UBE2Q2,18,0.015228109,0.0016920122,2
ARCN1,93,0.015226149,0.0004911661,3
UCK2,20,0.015220963,0.0015220963,2
ANXA2,22,0.015219007,0.001383546,2
EFNA3,98,0.015189754,0.0010849824,7
YWHAZ,415,0.0151871145,0.0001829773,5
CNOT2,10,0.015182573,0.0015182573,1
GALC,372,0.015160293,0.0012633578,31
WWOX,121,0.015155154,0.0013777412,11
MFGE8,30,0.015135872,0.0015135873,3
PHGDH,34,0.015117019,0.00088923646,2
MTHFR,58,0.015111955,0.00052110193,2
DPM3,27,0.0150656,0.0016739556,3
GRIA4,48,0.015049095,0.00062704564,2
UPP2,17,0.015041956,0.00088482094,1
RASGRP1,2080,0.015003965,0.00037509913,52
RTF1,20,0.014998369,0.0014998369,2
BBS4,9,0.014984458,0.0016649398,1
ATP4A,27,0.014975112,0.0005546338,1
NMT1,26,0.014961656,0.0011508967,2
FCER1G,22,0.014957791,0.0006798996,1
PLXNA2,77,0.014922293,0.001356572,7
AGPAT4,24,0.014912619,0.0012427182,2
CYP24A1,168,0.014893126,0.00070919644,8
NOS3,78,0.014872189,0.00019066909,1
XCL2,33,0.014835465,0.0013486786,3
CNOT6,10,0.014806685,0.0014806686,1
MC2R,63,0.014795263,0.0007045364,3
KIF3B,13,0.014765314,0.0011357934,1
CLEC7A,8,0.014763709,0.0018454636,1
PLXNB1,12,0.01476165,0.0012301375,1
SLC26A4,8,0.01475689,0.0018446113,1
VARS1,8,0.014754521,0.0018443151,1
E2F7,54,0.014706291,0.0016340325,6
PLEKHG4,7,0.0147008505,0.0021001215,1
MMP8,11,0.014645708,0.001331428,1
RAB39A,9,0.014644844,0.0016272049,1
SH3RF1,66,0.01463307,0.0013302789,6
PFKP,23,0.014611736,0.00063529285,1
ACOT7,26,0.014597368,0.0011228744,2
PDE3B,29,0.014588584,0.00050305465,1
AP1G1,17,0.014567027,0.00085688394,1
GABBR1,175,0.014547066,0.0005818826,7
HHIP,26,0.014541358,0.001118566,2
TRIM33,33,0.01452803,0.00132073,3
PRKCH,32,0.01451755,0.00045367345,1
NMNAT3,66,0.014516658,0.0013196962,6
SNAI1,240,0.014509439,0.0009068399,15
TFAP2B,90,0.014504683,0.0009669789,6
PSAT1,168,0.014483582,0.00068969437,8
IRF6,22,0.014461141,0.0013146491,2
EIF2AK2,34,0.014443548,0.00042481025,1
TNFRSF11A,48,0.014416334,0.0009010209,3
DKK1,72,0.014411074,0.0004003076,2
SPCS3,54,0.014406105,0.0016006782,6
CDH6,99,0.014405608,0.0016006231,11
IRF8,418,0.014377839,0.0013070762,38
LIG4,15,0.014371725,0.000958115,1
SLC5A11,7,0.01436386,0.00205198,1
GNE,14,0.0143545605,0.0010253257,1
ITPR2,396,0.014352421,0.00014497396,4
SLC22A3,26,0.014338127,0.0011029328,2
GPR37,13,0.014329485,0.001102268,1
VAV3,78,0.0143224895,0.00018362165,1
CHPT1,16,0.014319435,0.0008949647,1
UBAP1,24,0.014311959,0.0011926632,2
AGT,81,0.014298609,0.00017652604,1
SLC28A1,10,0.014240102,0.0014240101,1
HLA-DPB1,516,0.014234577,0.00033103672,12
NTN4,8,0.014224972,0.0017781215,1
BARD1,70,0.014217502,0.00040621436,2
SLC5A12,32,0.014214311,0.0017767888,4
HDAC4,96,0.014212835,0.00029610074,2
GPR83,30,0.014198189,0.00094654586,2
HAO2,9,0.014189276,0.0015765862,1
SIKE1,7,0.014160348,0.002022907,1
CREB1,240,0.014159519,5.8997997e-05,1
ITGB8,110,0.014155391,0.0006434269,5
RGMA,110,0.014148611,0.0014148611,11
COP1,14,0.0141437305,0.0010102665,1
CDS2,9,0.014133961,0.0015704401,1
ARHGAP42,10,0.014132474,0.0014132473,1
SNAPC3,7,0.014127373,0.002018196,1
SCN2B,36,0.01412397,0.0011769976,3
DUSP10,48,0.014122269,0.0011768558,4
GLP1R,21,0.014112791,0.00067203766,1
ACOT12,12,0.014096698,0.0011747248,1
PIK3AP1,18,0.014090733,0.0007828185,1
NRP1,176,0.014079574,0.0006399806,8
IGF2R,42,0.014076904,0.0010054932,3
GABRB3,119,0.014044368,0.00082613935,7
CETP,84,0.014032119,0.0010022942,6
DYNLRB1,9,0.014028526,0.0015587251,1
FFAR2,10,0.0140215205,0.001402152,1
SLC1A2,30,0.013994867,0.0009329911,2
NTPCR,7,0.013984391,0.00199777,1
RGS4,104,0.01398284,0.0010756031,8
CREB3L2,129,0.013978593,0.00032508353,3
RUNX3,253,0.013943545,0.0006062411,11
DNAJC6,7,0.0139293,0.0019899,1
STK24,4,0.013921257,0.0034803143,1
NRBF2,50,0.013853471,0.0013853471,5
WNT7B,42,0.0138374055,0.00032946203,1
DEK,40,0.013823481,0.0013823481,4
RNF111,40,0.013737183,0.0006868592,2
GRIN3A,408,0.013725527,0.00020184596,6
ALDH18A1,32,0.013724066,0.0017155083,4
NUMB,22,0.013719902,0.00062363193,1
VPS37B,39,0.01371685,0.0010551423,3
HACD4,7,0.013713316,0.0019590452,1
PHF20,10,0.013705647,0.0013705647,1
CLDN23,40,0.013681592,0.0013681593,4
AVPR1A,28,0.013676272,0.0009768766,2
PPP1R14A,11,0.013675921,0.0012432655,1
CD3G,58,0.013672017,0.00023572442,1
PIM1,56,0.013668628,0.00097633054,4
DGKQ,26,0.013662558,0.0010509661,2
TSHR,150,0.01363314,0.00054532563,6
CACNA1B,20,0.013629005,0.00068145024,1
CD9,84,0.013627187,0.00097337057,6
NR4A3,20,0.013621583,0.0013621582,2
M6PR,11,0.013621275,0.0012382978,1
CHSY3,121,0.013594065,0.0012358241,11
RGS18,130,0.013547304,0.0010421004,10
FSHR,286,0.01354657,0.00052102195,11
TLL1,40,0.013533222,0.0016916527,5
CHRNB4,16,0.013525271,0.0008453294,1
HRH1,14,0.013519231,0.0009656594,1
COL11A2,88,0.013508078,0.001228007,8
GSN,104,0.013497347,0.0005191287,4
CYP2J2,138,0.013478128,0.00019533519,2
KCNK10,180,0.01345481,0.0014949789,20
XCR1,429,0.013446308,0.0010343314,33
INPP5A,11,0.013403046,0.0012184588,1
KIF4B,169,0.013388936,0.0010299182,13
SLC6A15,88,0.013387933,0.0016734917,11
ZDHHC21,7,0.0133812055,0.0019116008,1
MSH3,8,0.013378141,0.0016722677,1
FCN2,8,0.0133720385,0.0016715048,1
RPL17,26,0.0133696385,0.00051421684,1
RPL37,26,0.013369184,0.0005141994,1
GCH1,60,0.013356015,0.000890401,4
C7,51,0.013347492,0.00078514655,3
TARS1,28,0.013336111,0.0019051586,4
HSD17B12,30,0.013328905,0.00088859367,2
FOSL2,40,0.013308832,0.001663604,5
C5,31,0.0133016035,0.00042908397,1
SUCLA2,9,0.013258042,0.0014731158,1
KDM4B,33,0.013252276,0.0012047522,3
CPSF6,14,0.013248444,0.0018926349,2
MUC3A,9,0.013233737,0.0014704153,1
SOD3,17,0.013229648,0.00077821454,1
NEIL2,30,0.013214327,0.0013214328,3
AQR,11,0.013196715,0.0011997013,1
RPL38,135,0.013193795,0.0004886591,5
ALDH1A1,35,0.013191642,0.00037690406,1
UGT2B7,35,0.013188604,0.00037681728,1
NMB,8,0.013188149,0.0016485186,1
MYLK4,20,0.01318672,0.001318672,2
LRP2,72,0.013164084,0.000731338,4
SPRED2,456,0.013153875,0.0010961563,38
SEC23A,64,0.013146103,0.00082163146,4
KIF20B,9,0.013139678,0.0014599642,1
PRKAG2,65,0.013137963,0.00020212251,1
PRKD1,140,0.013133456,0.0006566728,7
PBX1,252,0.013081053,0.00093436096,18
PARVA,36,0.013080488,0.0014533876,4
SEMA3A,32,0.013045549,0.0016306937,4
DGKI,13,0.01302444,0.00100188,1
OAZ1,6,0.0130101,0.0021683502,1
SLC6A5,7,0.0130094495,0.0018584927,1
ITGB6,50,0.013002595,0.00052010384,2
FAH,21,0.01298783,0.0006184681,1
COL4A2,37,0.012977143,0.00035073358,1
TGOLN2,12,0.012949082,0.0010790902,1
C2,18,0.012931628,0.0007184238,1
VAPA,66,0.012927308,0.0011752098,6
RIT1,27,0.012920064,0.0014355626,3
SEPHS2,64,0.012902074,0.0016127592,8
CRHBP,6,0.012883391,0.002147232,1
HMGA2,30,0.01287346,0.0012873459,3
ASCL1,11,0.012868995,0.0011699087,1
SLC2A11,7,0.012868959,0.0018384227,1
NTRK2,390,0.012854978,0.00032961482,10
ITGA9,28,0.012844775,0.00045874197,1
PRC1,7,0.01280983,0.0018299756,1
SMAD6,50,0.012803883,0.00051215535,2
EIF4H,10,0.012792788,0.0012792789,1
SCN11A,8,0.012781787,0.0015977233,1
SC5D,123,0.012777439,0.00031164486,3
RGS12,10,0.012773744,0.0012773743,1
SH3GL2,136,0.012757049,0.0003752073,4
PPP3CA,172,0.012744673,0.00014819387,2
NT5E,28,0.012726456,0.0004545163,1
CEBPG,16,0.012700502,0.0015875627,2
GPX3,418,0.012699199,0.0005772363,19
BTG1,8,0.01269374,0.0015867176,1
NUP88,76,0.012687847,0.00016694535,1
TPST2,7,0.0126091195,0.0018013028,1
MC4R,234,0.0126085635,0.00070047576,13
TNFRSF10A,36,0.012564941,0.00034902614,1
NPR2,10,0.012564037,0.0012564037,1
PLEKHG3,27,0.012545343,0.0013939269,3
SLC27A3,14,0.01253333,0.0017904758,2
SH2B3,34,0.012529958,0.00073705637,2
HCLS1,11,0.012520047,0.0011381861,1
VIPR2,34,0.012496302,0.0007350766,2
CDC42EP5,126,0.012488133,0.0017840192,18
MAP3K9,36,0.012464999,0.0010387499,3
ALOX5AP,14,0.012421522,0.0008872516,1
RETSAT,10,0.012420654,0.0012420655,1
MRAS,25,0.012417887,0.0004967155,1
SV2C,24,0.012411401,0.0015514251,3
ABCG8,18,0.012393859,0.00068854773,1
FSTL3,8,0.012384995,0.0015481244,1
PCDH7,80,0.012382649,0.0012382648,8
HIF3A,30,0.012377788,0.0012377789,3
ITGA1,92,0.012351602,0.0002685131,2
FERMT2,27,0.012341694,0.0013712994,3
SULT1C4,6,0.012309663,0.0020516105,1
GDA,30,0.012304395,0.00041014652,1
PDE4D,70,0.012276279,0.0003507508,2
EGR1,141,0.012266693,0.00026099346,3
HS6ST1,54,0.012264815,0.0013627573,6
ORC3,48,0.012263827,0.0005109928,2
RPL21,130,0.012263099,0.00047165767,5
SDC4,124,0.012259395,0.00039546436,4
GPCPD1,32,0.012257685,0.0015322106,4
SV2B,45,0.01223488,0.0013594311,5
SP100,48,0.012232516,0.0010193763,4
MUC15,9,0.012227451,0.0013586057,1
GALNT14,16,0.0122193005,0.0015274126,2
CPLX1,22,0.0122046005,0.001109509,2
GPC1,130,0.01220395,0.0004693827,5
RHOF,8,0.012188053,0.0015235066,1
GNRHR,22,0.012167133,0.0011061031,2
PRKCG,122,0.012159084,9.966462e-05,1
ITPKB,44,0.0121539775,0.0011049071,4
NTF3,203,0.01214543,0.00041880793,7
FGF18,170,0.012137436,0.00014279337,2
IL18,98,0.012131745,0.00024758663,2
CBX6,14,0.012127094,0.000866221,1
NCF4,96,0.012114295,0.0003785717,3
TLE1,312,0.0120702395,0.00050292665,13
CTPS1,18,0.012064142,0.00067023013,1
TYRP1,80,0.012060303,0.0015075379,10
CYFIP2,31,0.012056287,0.0003889125,1
RPL3,884,0.012015695,0.00046214208,34
TAC1,32,0.01201187,0.00075074186,2
CLDN16,10,0.012011722,0.0012011721,1
TUBGCP2,10,0.012011511,0.0012011512,1
MOCS1,12,0.01200825,0.002001375,2
CASP2,31,0.01199275,0.0003868629,1
SIRT5,7,0.011967193,0.001709599,1
WT1,16,0.011944664,0.0007465415,1
DGKH,117,0.011938021,0.0009183093,9
FAN1,6,0.011928962,0.0019881602,1
SEC16B,24,0.0119207725,0.0014900966,3
TAL1,9,0.011904722,0.0013227469,1
SLC44A1,36,0.011865672,0.000988806,3
MUC4,9,0.011839695,0.0013155217,1
WDR19,9,0.011830616,0.0013145129,1
TCF4,20,0.011827825,0.00059139123,1
IL9,168,0.0118123265,0.0005624917,8
TACC3,18,0.011801884,0.0013113205,2
CAP2,8,0.011798904,0.001474863,1
FCN1,9,0.011788494,0.0013098327,1
KDELR2,26,0.0117856385,0.0009065876,2
EIF3B,15,0.01175096,0.0007833973,1
UGT2A2,15,0.0117428005,0.00078285334,1
NCR2,18,0.011729851,0.0019549753,3
CYP2W1,9,0.011721812,0.0013024235,1
SEMA6D,112,0.011696705,0.0014620881,14
MMP10,9,0.011684976,0.0012983306,1
ARHGAP40,12,0.011676182,0.0019460303,2
SEMA3E,24,0.011670542,0.0014588177,3
NXT1,18,0.011665528,0.0012961698,2
NLN,6,0.011634875,0.0019391458,1
PPCDC,8,0.011634292,0.0014542865,1
MUC2,13,0.011608017,0.0008929244,1
BNIP3,18,0.01160376,0.0012893067,2
PTPRC,800,0.011597013,0.00036240666,25
PTCD3,12,0.01159125,0.001931875,2
ARHGAP23,12,0.011585265,0.0019308776,2
EDEM2,7,0.011557145,0.0016510207,1
KIF6,8,0.0115384795,0.0014423099,1
SLC27A2,37,0.011536521,0.00031179786,1
NUP210,162,0.011533934,0.00014239424,2
YY1AP1,5,0.011529157,0.0023058313,1
TAP2,90,0.011527422,0.0007684948,6
NDC1,56,0.011525441,0.00020581145,1
NDUFS2,21,0.011508359,0.0005480171,1
B4GALNT1,40,0.011493513,0.0014366892,5
SLC7A1,11,0.011481902,0.0010438092,1
MAF,187,0.011478942,0.00067523186,11
NLGN1,28,0.011474209,0.0016391727,4
PLB1,68,0.011451821,0.0006736365,4
GABRA6,52,0.011413905,0.0008779927,4
SPAM1,7,0.011412003,0.0016302861,1
NHEJ1,7,0.011406384,0.0016294835,1
POFUT1,7,0.011382205,0.0016260294,1
FOLR2,9,0.011380808,0.0012645343,1
RUFY1,6,0.011373988,0.0018956647,1
TGFBR3,135,0.011361357,0.0012623728,15
C4BPB,7,0.011356767,0.0016223954,1
FUCA2,18,0.011315909,0.0012573232,2
RIPK2,300,0.011309223,0.00018848704,5
GALNT12,16,0.011291951,0.0014114939,2
SPHK2,28,0.01128056,0.00040287714,1
FSTL1,24,0.011279661,0.0014099577,3
AGXT2,15,0.011248999,0.0007499333,1
CD33,6,0.011241794,0.0018736323,1
PPA2,14,0.011227399,0.0016039142,2
LTF,55,0.0112049235,0.0010186294,5
MRPL19,8,0.011203978,0.0014004973,1
SLC7A8,38,0.011199323,0.00029471904,1
CDH2,425,0.011186291,0.00044745166,17
SYT9,14,0.011151763,0.0015931089,2
GSTA3,34,0.011143461,0.00065549766,2
SLC38A1,36,0.011141139,0.0006189522,2
FKBP5,34,0.011130804,0.0006547532,2
NARS2,16,0.011122226,0.0013902782,2
SGMS2,9,0.011112897,0.0012347663,1
CLEC4E,12,0.011090951,0.0018484918,2
PGM1,100,0.011080748,0.00022161496,2
BRD7,7,0.011071239,0.0015816055,1
PAX5,20,0.011065203,0.0011065203,2
E2F6,5,0.011055183,0.0022110366,1
SPP2,48,0.011046331,0.0013807914,6
QKI,6,0.011041015,0.0018401692,1
DOK5,42,0.01103711,0.00157673,6
CD22,11,0.011032669,0.0010029699,1
CHMP7,18,0.011007335,0.0006115186,1
RAG2,6,0.0110047525,0.0018341254,1
NCAPD2,7,0.01099106,0.0015701514,1
GSTO1,20,0.0109756645,0.0005487832,1
CTSH,99,0.010974503,0.0012193891,11
DHCR7,57,0.010966935,0.00057720713,3
TNS4,8,0.010960863,0.0013701079,1
SF3B4,7,0.010958038,0.001565434,1
HARS1,10,0.010956049,0.0010956048,1
HLA-DOB,493,0.010951553,0.00037763975,17
MED16,6,0.01095112,0.0018251868,1
TUBGCP3,20,0.010943735,0.0010943734,2
GALNT3,60,0.010940907,0.0007293938,4
ELOC,49,0.010938567,0.00022323606,1
SBF2,10,0.01092833,0.001092833,1
GCNT3,24,0.010924712,0.001365589,3
TEC,84,0.010923386,0.00039012093,3
SKI,42,0.010915456,0.0005197836,2
CDH10,6,0.01090069,0.0018167817,1
NAGK,40,0.010898672,0.0005449336,2
TENT4A,8,0.010865394,0.0013581743,1
ELOVL4,30,0.010865192,0.0010865192,3
IL15RA,320,0.010863988,0.00067899923,20
AGA,21,0.010851291,0.0015501846,3
DEFB124,5,0.010845929,0.0021691858,1
ATP6V0A1,182,0.010834375,0.00041670675,7
TFF3,7,0.010821249,0.0015458928,1
MARCKS,32,0.010818699,0.0013523374,4
MADCAM1,18,0.010818222,0.0012020246,2
SLC2A10,14,0.010817166,0.0015453096,2
SLC30A1,8,0.010793735,0.0013492169,1
ABAT,59,0.010783469,0.00018277067,1
GALNT18,48,0.010776973,0.0013471217,6
KLHL11,7,0.010773547,0.0015390782,1
FARP2,14,0.01077285,0.0007694893,1
EFNB2,11,0.010757415,0.0009779468,1
HDAC10,25,0.010751453,0.00043005813,1
CD2,280,0.01074091,0.0013426137,35
NOD1,39,0.010735307,0.0002752643,1
CDH3,90,0.010694901,0.0011883224,10
HMGCLL1,30,0.010694794,0.0010694795,3
DYNC2I1,16,0.010685439,0.0013356799,2
CYSLTR2,84,0.010680519,0.00038144714,3
ATF3,16,0.010670161,0.00066688505,1
ATG7,20,0.01065048,0.000532524,1
ATP8B2,7,0.010628453,0.0015183504,1
LEPR,120,0.010628416,0.00053142075,6
PRDM1,1068,0.010623272,0.00088527263,89
S100A7A,5,0.010621407,0.0021242814,1
RGS9,75,0.010620729,0.00042482917,3
ANP32A,12,0.010619536,0.0017699227,2
TXN,59,0.010616151,0.00017993475,1
ERBB4,624,0.010611705,0.00020407123,12
CRYBA4,7,0.010608423,0.001515489,1
BCL3,5,0.010596003,0.0021192008,1
VANGL2,56,0.010591299,0.0007565214,4
SLC36A4,8,0.010580406,0.0013225507,1
SMC6,5,0.010547011,0.0021094023,1
CHP1,9,0.010527771,0.0011697523,1
AKAP13,22,0.010506861,0.00047758457,1
LGR5,10,0.010505677,0.0021011354,2
EXOC6,40,0.010481561,0.0013101951,5
ATP6V1C1,56,0.010468541,0.00037387642,2
GPLD1,7,0.0104655465,0.0014950781,1
POU4F2,8,0.01046408,0.00130801,1
CCR4,391,0.010461636,0.00061539037,23
RALBP1,78,0.010460123,0.0004023124,3
TAS1R2,24,0.010458209,0.0013072761,3
HDAC2,88,0.010448439,0.00011873226,1
B3GNT2,1066,0.010444484,0.0008034219,82
COG3,22,0.010431446,0.0009483134,2
GUCA1B,14,0.010429252,0.0014898931,2
TANK,72,0.010427547,0.0004344811,3
CIITA,90,0.010427518,0.0010427518,9
KIF1B,9,0.010426874,0.0011585415,1
PARK7,72,0.01042287,0.0005790483,4
PI3,6,0.010416724,0.0017361207,1
CDH8,189,0.010407019,0.0014867171,27
TNXB,26,0.010404497,0.000800346,2
GLO1,39,0.010398095,0.0007998534,3
MCHR2,50,0.010392792,0.0010392792,5
KIF5A,23,0.01038953,0.0004517187,1
IDI2,11,0.010381479,0.0009437708,1
MRPL42,6,0.010379727,0.0017299545,1
GSTA4,34,0.010379655,0.000610568,2
PDCD1LG2,18,0.010376423,0.0017294036,3
ABO,32,0.010376377,0.0012970471,4
GJA1,324,0.010375854,0.00028821814,9
NPFFR2,20,0.010372316,0.0010372316,2
IL12RB1,48,0.010365185,0.0004318827,2
COL11A1,70,0.010363598,0.0010363597,7
PRKCE,201,0.010359997,0.00015462683,3
PLA2G4C,37,0.0103449,0.00027959188,1
KMT2B,10,0.010328025,0.0010328025,1
FKBPL,10,0.010317409,0.0020634818,2
KMT2A,14,0.010309861,0.00073641865,1
FGF19,183,0.010295834,0.00016878417,3
RCC2,18,0.0102839805,0.00057133223,1
PLPPR3,6,0.01028125,0.0017135417,1
GBP5,5,0.010266219,0.0020532438,1
FGF23,206,0.010265651,9.966652e-05,2
SLC19A3,21,0.01023092,0.00146156,3
LYPLA1,11,0.010225843,0.00092962204,1
CBLIF,6,0.010224741,0.0017041235,1
DHRS9,36,0.010212537,0.0008510447,3
RPS20,180,0.01020936,0.00034031202,6
CNGB1,48,0.010193768,0.0006371105,3
TACR3,33,0.010187116,0.0009261014,3
CPN1,7,0.0101862475,0.0014551783,1
BBS5,8,0.010143541,0.0012679426,1
XYLT1,84,0.010141575,0.00072439824,6
CD34,6,0.010133781,0.0016889634,1
SLC22A11,12,0.010128584,0.0016880974,2
PFKFB4,12,0.0100850025,0.0008404169,1
PAPSS1,105,0.010075519,0.00047978666,5
DPYS,23,0.010052367,0.00043705944,1
PRCP,8,0.010042217,0.0012552771,1
ACTN2,31,0.010035187,0.0003237157,1
ATP6V1G3,696,0.01002962,0.0004179008,29
GALNT2,14,0.010029209,0.00071637204,1
CDH9,60,0.010027962,0.001671327,10
SLC26A3,504,0.010003402,0.0004763525,24
SLC2A12,8,0.009991803,0.0012489754,1
GREB1,14,0.009987994,0.0014268563,2
PTPN2,612,0.009981369,0.0005545204,34
FPR3,42,0.009975969,0.00071256916,3
LYZ,7,0.009963883,0.0014234119,1
ADAMTS3,21,0.009959762,0.0014228233,3
FANCF,16,0.009953445,0.0012441806,2
JARID2,119,0.009953082,0.0014218688,17
KRT38,5,0.009937122,0.0019874244,1
AP4B1,6,0.009916399,0.0016527331,1
AK5,22,0.00991379,0.00090125366,2
A1BG,7,0.009899113,0.0014141591,1
CDON,72,0.009888008,0.0008240007,6
IL20,40,0.009859818,0.0012324773,5
TLR10,21,0.009852304,0.001407472,3
PPFIA2,10,0.009850429,0.0009850429,1
BCL2L14,24,0.00984922,0.0012311524,3
IRS2,704,0.0098454375,0.00011187997,8
PTPRS,6,0.009842763,0.0016404605,1
E2F8,7,0.009816737,0.001402391,1
KIFC1,48,0.009786048,0.001223256,6
KLF4,304,0.00978046,0.000514761,16
CDK5R1,38,0.009764357,0.00025695676,1
RNPS1,15,0.009755277,0.0006503518,1
TUBAL3,27,0.009752794,0.0003612146,1
CCT8,14,0.009729299,0.00069494994,1
PTPN12,22,0.009728971,0.0008844519,2
TP63,243,0.009721951,0.00036007224,9
DDAH2,4,0.009706063,0.0024265158,1
MRPS11,7,0.009700233,0.0013857476,1
DNAL4,16,0.009686136,0.001210767,2
SEMA5A,10,0.009676194,0.00096761936,1
LCLAT1,10,0.009672999,0.0009672999,1
SKA1,18,0.009668196,0.00053712196,1
FABP5,13,0.0096660005,0.0007435385,1
FMO3,32,0.009665044,0.00060406525,2
PDP2,6,0.0096642235,0.0016107039,1
MGLL,22,0.009658414,0.00043901883,1
DTX1,10,0.00964125,0.000964125,1
IVL,20,0.009636248,0.0019272496,4
TNK2,6,0.009624182,0.0016040304,1
MTR,43,0.009614643,0.00022359635,1
RASSF1,12,0.0096092,0.0008007667,1
SGK2,7,0.0096033225,0.0013719032,1
SGCG,48,0.009591003,0.0015985005,8
CWC15,5,0.009581035,0.001916207,1
TTC21B,9,0.009563305,0.0010625895,1
VAC14,12,0.0095275305,0.0007939609,1
POLR3A,28,0.009527419,0.0006805299,2
SMARCE1,280,0.009520707,0.00047603532,14
TUFM,6,0.0095189465,0.0015864911,1
STX18,7,0.009513938,0.001359134,1
MGAT4C,9,0.009505496,0.0010561662,1
TTC8,16,0.009499157,0.0011873946,2
AHCYL1,24,0.009493916,0.00079115963,2
DLK1,18,0.009491429,0.0010546031,2
ELF2,6,0.009485377,0.0015808962,1
TSC2,68,0.009483681,0.0001394659,1
NCOA2,147,0.00947917,0.00019345245,3
SLC1A3,112,0.009473913,0.0005921196,7
PAG1,75,0.0094567295,0.00063044863,5
CCNG1,112,0.009452697,0.0006751927,8
RHCG,4,0.009448306,0.0023620764,1
RARS1,22,0.009431676,0.0008574251,2
PPP6R3,39,0.009426929,0.0007251483,3
KIR2DL4,5,0.0094092665,0.0018818533,1
RAB2A,11,0.0094087655,0.0008553423,1
RAB44,12,0.009400768,0.0015667947,2
CYB5R2,5,0.009397756,0.0018795512,1
FGF5,84,0.00939347,0.00011182703,1
ELOVL7,14,0.009388667,0.0013412382,2
TXNL4A,7,0.009387895,0.0013411279,1
SLC2A13,112,0.009380424,0.0013400607,16
HS3ST1,18,0.009378647,0.001042072,2
FOLH1,7,0.0093702525,0.0013386075,1
LIF,28,0.009367587,0.00033455668,1
GSC,10,0.009345892,0.0018691784,2
CBLL1,5,0.009344157,0.0018688313,1
CYTH1,12,0.009335744,0.0007779787,1
TRAPPC4,14,0.009332874,0.00066663383,1
MUC21,90,0.00932944,0.0010366045,10
SAR1B,17,0.0093262475,0.0005486028,1
CLDN10,30,0.009324987,0.00093249866,3
GFRA1,19,0.00932167,0.0004906142,1
ENG,7,0.0093196845,0.0013313835,1
CAMK1G,5,0.009310589,0.0018621178,1
PLEK,273,0.0093049,0.0013292714,39
PLEKHG1,12,0.009298308,0.0015497181,2
MOCS3,6,0.009295942,0.0015493237,1
RAB32,7,0.009280653,0.0013258075,1
TNIP2,160,0.0092681395,0.00028962936,5
SELP,32,0.009255429,0.0005784643,2
SLU7,18,0.009248394,0.0010275992,2
EXO1,28,0.009248083,0.0003302887,1
IL18RAP,132,0.009241495,0.0007701246,11
KYNU,56,0.009231035,0.0006593596,4
CYLD,72,0.009230062,0.00038458593,3
NR2F2,30,0.009221959,0.0015369931,5
PIGP,5,0.009215107,0.0018430215,1
SLC19A1,10,0.009204653,0.00092046533,1
ADRA1A,152,0.009204125,0.0001211069,2
TRPM7,9,0.009202228,0.0010224697,1
CACNG2,18,0.009201016,0.0005111676,1
CLDN24,6,0.009186872,0.0015311454,1
BABAM2,17,0.009181179,0.00054006936,1
PPM1B,35,0.00916377,0.0013091101,5
DEFB1,7,0.009132236,0.0013046052,1
CDC5L,5,0.009121903,0.0018243806,1
GPIHBP1,14,0.0091200555,0.00065143255,1
VAMP1,8,0.009094767,0.0011368459,1
IL26,12,0.009093411,0.0015155685,2
NT5C1A,26,0.009082496,0.00069865363,2
CH25H,56,0.009080558,0.0006486113,4
CDK6,74,0.009077934,0.00012267478,1
CRK,106,0.009075483,8.5617765e-05,1
CD58,63,0.00907245,0.0012960644,9
PIK3C2G,22,0.009070391,0.00041229048,1
OTUB2,4,0.009070048,0.002267512,1
APOBEC1,8,0.009064412,0.002266103,2
GLRA3,4,0.0090639405,0.0022659851,1
ADAM17,58,0.009057811,0.00015616916,1
CXCL5,17,0.00904697,0.0005321747,1
OSBP,5,0.00903989,0.001807978,1
ABCB4,9,0.009039304,0.0010043671,1
ERBIN,58,0.009039178,0.0003116958,2
STX1B,10,0.009029992,0.0009029992,1
CXXC4,8,0.009020452,0.0011275565,1
FER,18,0.0090111755,0.0010012417,2
ANO6,42,0.00899939,0.0014998981,7
PSAP,20,0.008995268,0.00044976338,1
VDAC1,140,0.0089748725,0.00025642494,4
TNFRSF10B,41,0.00896791,0.00021872952,1
ST6GALNAC1,9,0.008967129,0.0009963476,1
CCR3,900,0.008953476,0.0002984492,30
GTF2A1,25,0.008948052,0.00035792208,1
HFE,5,0.008946077,0.0017892154,1
HDAC3,68,0.008934665,0.00013139212,1
PDS5A,12,0.008933583,0.0007444653,1
DDHD1,15,0.008928909,0.0017857818,3
KDM4C,176,0.008921893,0.0008110812,16
ARID3A,7,0.0089097265,0.0012728181,1
NPTN,4,0.008900837,0.0022252093,1
IL7,125,0.008879404,0.0003551762,5
TBPL2,18,0.008875854,0.001479309,3
RLBP1,6,0.00886544,0.0014775734,1
ATP13A2,8,0.008846255,0.0022115638,2
TRIM27,45,0.008831252,0.0005887502,3
FZD6,46,0.008828238,0.00019191821,1
GC,25,0.00882086,0.001764172,5
TOM1,5,0.008804803,0.0017609606,1
CD109,14,0.008802326,0.0012574752,2
MAP2K5,76,0.008801251,0.00023161186,2
DGKB,52,0.008790524,0.0006761941,4
RGS1,720,0.008786488,0.00058576587,48
SYDE2,5,0.008780381,0.0017560761,1
NET1,15,0.008774623,0.0005849749,1
WNT2,129,0.008770803,0.00020397217,3
IL36A,12,0.0087650735,0.0014608457,2
TCAP,3,0.008763419,0.0029211398,1
CADM1,184,0.008754698,0.0010943372,23
KRT1,7,0.008748261,0.0012497517,1
SNTB1,357,0.00873328,0.00017124078,7
AKAP1,6,0.0087267645,0.0014544608,1
TRIM24,88,0.00872579,0.00039662683,4
IRAK3,7,0.008724686,0.0012463836,1
CFHR1,10,0.008720743,0.0017441483,2
COL6A6,19,0.008713595,0.00045861024,1
GADD45G,180,0.008712059,0.00024200165,5
MAPT,30,0.008708885,0.00029029616,1
MRPS21,7,0.008692648,0.0012418069,1
RASA1,58,0.00869093,0.00014984362,1
RNF144B,24,0.008662048,0.0014436747,4
TNS3,49,0.008661391,0.0012373416,7
OLA1,4,0.008659154,0.0021647885,1
IRF4,756,0.008654005,0.00048077808,42
LCE1D,4,0.0086038,0.00215095,1
ANG,24,0.008593695,0.0010742119,3
PAX8,6,0.008581986,0.0014303309,1
OR56B1,3,0.008573776,0.0028579254,1
FAR1,20,0.008568266,0.0017136532,4
PTPRR,15,0.00855855,0.0017117099,3
LY96,120,0.008550363,0.00021375906,3
MC5R,32,0.008549398,0.00053433736,2
COL9A1,26,0.008547438,0.0003287476,1
TBC1D4,33,0.008545206,0.0007768369,3
ARHGAP33,8,0.008544986,0.0010681233,1
ADRB1,78,0.008540748,0.00010949677,1
CISH,22,0.008532258,0.0003878299,1
EZH2,70,0.008529434,0.00024369813,2
RIN2,24,0.008521702,0.0014202837,4
CLASP2,46,0.008517881,0.00037034266,2
PROK1,7,0.008514041,0.0012162916,1
ANGPT2,15,0.008505273,0.00056701817,1
HTR3E,10,0.008503742,0.0017007482,2
MEX3C,8,0.008495351,0.0021238378,2
FBXO5,60,0.008490817,0.0005660545,4
GPAT4,12,0.008487992,0.0007073327,1
NKD1,96,0.008476876,0.0007064063,8
CDC42EP1,11,0.008469059,0.0007699145,1
SLC5A9,7,0.008460005,0.0012085721,1
ACSF2,5,0.008437689,0.0016875379,1
DLC1,24,0.008436191,0.0007030159,2
DDX17,7,0.008418553,0.0012026504,1
NEDD4L,128,0.008416698,0.00026302182,4
IQCE,6,0.008416312,0.0014027186,1
CD82,10,0.008404857,0.0016809712,2
CPSF2,64,0.008394165,0.0005246353,4
GJD2,20,0.008390561,0.0016781122,4
USP20,4,0.008384752,0.002096188,1
ST6GALNAC5,16,0.008374413,0.0010468016,2
CNEP1R1,12,0.008351205,0.0013918674,2
MAPK13,97,0.008347664,8.605839e-05,1
CDH18,54,0.008335391,0.0013892319,9
MAG,17,0.008332673,0.0004901573,1
BLK,414,0.008331134,0.00036222322,18
SLC39A6,9,0.008329941,0.000925549,1
DDC,205,0.008329863,0.00020316736,5
ADAMTS16,12,0.008328307,0.0013880513,2
ELAVL1,34,0.008323655,0.0004896268,2
ZNF671,4,0.008317163,0.0020792908,1
AQP9,91,0.008296188,0.0011851698,13
ITSN2,7,0.00828305,0.0011832928,1
KCTD3,25,0.008272287,0.0016544575,5
SEMA7A,6,0.008256989,0.0013761647,1
SYT11,15,0.008256101,0.0016512201,3
CLCA2,14,0.00824741,0.0011782014,2
UTS2B,8,0.0082353735,0.0010294217,1
EXOC4,9,0.008232679,0.0009147421,1
DOK4,5,0.008231355,0.001646271,1
KMT5A,72,0.008227849,0.00045710275,4
JAK3,77,0.008220551,0.000106760395,1
IL36G,14,0.008204646,0.0011720923,2
SLC16A7,96,0.00819989,0.0010249863,12
SLC6A9,35,0.008197524,0.0011710747,5
IL37,16,0.00819261,0.0010240762,2
CACNA1C,206,0.008173235,7.935179e-05,2
CDH12,30,0.008173032,0.001362172,5
AKR1D1,74,0.00816782,0.00022075188,2
AMY2A,8,0.008167433,0.0010209291,1
CHST8,24,0.008150805,0.0010188506,3
GRIP1,11,0.00814728,0.0007406618,1
UBE3C,10,0.0081428625,0.0016285726,2
SEC24C,17,0.008138455,0.00047873266,1
TBX5,6,0.008135245,0.0013558742,1
IQGAP2,48,0.008131952,0.000508247,3
HLA-DQB2,288,0.008124366,0.00045135373,16
CTH,230,0.008123456,0.00017659686,5
ABLIM2,12,0.008080067,0.0013466779,2
OR5M1,3,0.008077795,0.0026925982,1
RNF40,5,0.008075445,0.001615089,1
ANK3,30,0.0080724815,0.00053816545,2
SLC2A9,21,0.00806518,0.0011521686,3
ALDH3A2,59,0.00806382,0.00013667492,1
RGS14,39,0.008061779,0.0006201369,3
DNAJC7,7,0.008053214,0.0011504592,1
ENPP6,6,0.008049916,0.0013416526,1
AGO1,35,0.008049619,0.00022998912,1
ARHGAP15,35,0.008044111,0.0011491587,5
RET,21,0.008037182,0.00038272294,1
SLC24A4,20,0.008018207,0.0016036414,4
AEBP2,72,0.008017079,0.0008907865,8
PTPRZ1,32,0.008016381,0.0010020477,4
MTMR6,8,0.007999264,0.000999908,1
ABCG2,78,0.0079952385,0.00030750918,3
DOCK4,39,0.0079823015,0.00061402324,3
NMS,24,0.007980601,0.0009975751,3
GLP2R,15,0.007977425,0.0005318283,1
MRPS23,12,0.007961206,0.0013268677,2
GP6,49,0.00795822,0.0011368886,7
KIR2DL1,12,0.007952331,0.0013253884,2
LEMD2,10,0.007949232,0.0007949232,1
IL5,600,0.007945915,0.00015891831,12
RAB12,70,0.007945682,0.0011350975,10
SLC25A20,16,0.007944932,0.00049655826,1
NPAS2,35,0.007943855,0.0011348363,5
MMP11,5,0.007939163,0.0015878326,1
WDR11,45,0.0079387985,0.0015877597,9
ATN1,5,0.00793756,0.001587512,1
NUBPL,6,0.007936198,0.0013226997,1
EED,145,0.007935242,0.00027362903,5
HSPA4L,5,0.007928646,0.0015857292,1
CHST10,64,0.007910545,0.0009888181,8
SCIN,12,0.007902326,0.0013170544,2
IFT74,5,0.007902073,0.0015804146,1
CYB5A,7,0.007901098,0.0011287283,1
ASB18,7,0.007900176,0.0011285965,1
TUSC3,36,0.007897076,0.0008774529,4
ASPG,4,0.007890491,0.0019726227,1
TSC22D1,8,0.0078787105,0.0019696776,2
SETD3,4,0.007863759,0.0019659398,1
MLLT3,90,0.007858573,0.0013097622,15
HHAT,14,0.007854265,0.0011220378,2
PACS1,7,0.007846342,0.0011209061,1
ESD,6,0.00784455,0.001307425,1
CNDP1,12,0.007834035,0.0006528362,1
ULBP3,8,0.007833181,0.0019582952,2
MTF2,150,0.007829224,0.0013048707,25
TBC1D3B,4,0.007824576,0.001956144,1
PINK1,30,0.007811649,0.0005207766,2
SLC38A3,11,0.0078098406,0.0007099855,1
KDSR,16,0.0078076185,0.00048797615,1
FCER2,18,0.007799475,0.00086660834,2
FH,35,0.007797811,0.00022279461,1
COL4A4,38,0.007796177,0.00020516256,1
HCRTR1,22,0.0077939737,0.00070854306,2
FLRT1,5,0.0077895643,0.0015579129,1
PDHA2,147,0.0077881925,0.00037086633,7
ME1,44,0.007786321,0.00035392368,2
ACADL,32,0.0077771433,0.00024303573,1
POLD3,104,0.007775111,0.00014952137,2
TNFSF14,36,0.007765196,0.0008627995,4
SLC39A8,176,0.0077581042,0.0007052822,16
PIP4K2A,31,0.0077499193,0.0002499974,1
FCGR2B,13,0.007739506,0.0005953466,1
ARHGEF38,24,0.007731332,0.0009664165,3
CTSL,36,0.007720843,0.00021446786,1
DNER,9,0.007712395,0.0008569328,1
PRKG1,34,0.0077108047,0.00022678837,1
TMBIM1,3,0.0077106543,0.0025702182,1
NTNG2,5,0.007696461,0.0015392922,1
NLRP4,7,0.0076961145,0.0010994449,1
MSX2,28,0.00768416,0.0010977372,4
KCNK2,120,0.0076808296,0.000768083,12
MRPL28,7,0.0076719425,0.0010959918,1
SPP1,188,0.0076613612,0.00016300769,4
FNTB,10,0.0076499013,0.0007649901,1
SEPSECS,14,0.0076412978,0.0010916139,2
ACVR2A,220,0.007635578,0.0003817789,11
OR10G4,3,0.007621593,0.0025405309,1
IFNL2,10,0.007620623,0.0015241245,2
FARP1,63,0.0076118046,0.0008457561,7
SERPINA1,50,0.007606031,0.00030424123,2
HS3ST4,168,0.0076017785,0.0009502223,21
CBR4,10,0.0076016346,0.001520327,2
ST6GAL2,50,0.0076010725,0.0007601073,5
PRCC,16,0.0075847544,0.0009480943,2
ADAM12,9,0.0075764903,0.00084183225,1
GGA3,8,0.007557592,0.000944699,1
EIF4E,210,0.0075567304,0.000107953296,3
SDCBP,23,0.007554472,0.0003284553,1
DEFB115,5,0.0075521288,0.0015104257,1
HLA-DOA,1247,0.007547054,0.00026024322,43
ZNF423,21,0.0075463816,0.0010780544,3
RORC,12,0.0075440994,0.0006286749,1
VCAM1,627,0.0075433096,0.00022858517,19
JAML,18,0.007532719,0.0012554532,3
TRAPPC11,20,0.0075276634,0.0015055328,4
PRMT6,20,0.0075241616,0.00075241615,2
UTP15,10,0.0075202417,0.0015040482,2
PPIF,143,0.007519399,0.00068358175,13
ALPL,36,0.0075169066,0.00041760592,2
XCL1,48,0.0075146067,0.0006262172,4
DEFA5,8,0.0075018886,0.00093773607,1
TTC30B,5,0.007500507,0.0015001014,1
SSTR1,13,0.0074970275,0.00057669444,1
PSMB7,36,0.0074922843,0.000208119,1
MIRLET7I,5,0.007490835,0.001498167,1
TNFSF4,119,0.0074849534,0.0010692789,17
CDK12,30,0.0074689616,0.0014937924,6
PDE8B,11,0.0074644242,0.00067858404,1
RSPO4,5,0.0074596517,0.0014919303,1
DYNC1LI1,45,0.007457014,0.00016571142,1
H6PD,6,0.007446095,0.0012410159,1
USH1C,15,0.0074438653,0.0014887732,3
TLL2,8,0.007439976,0.000929997,1
ATP8B1,14,0.0074313204,0.0010616172,2
MMP15,21,0.0074288733,0.0010612676,3
SOCS7,4,0.0074256617,0.0018564154,1
CFH,8,0.0074255997,0.00092819997,1
FXYD4,33,0.007425485,0.0006750441,3
LCE2B,8,0.0074203853,0.0018550963,2
DCTPP1,5,0.0074194893,0.0014838979,1
SELENOS,6,0.007418216,0.0012363694,1
NEK6,81,0.0074167345,0.00082408165,9
TJP2,36,0.0074130846,0.00041183803,2
GAS2,7,0.007404321,0.0010577601,1
IWS1,15,0.00738848,0.001477696,3
ATP10A,32,0.0073851165,0.00092313957,4
SULT1B1,6,0.0073740724,0.001229012,1
UGP2,128,0.007361779,0.0002300556,4
NSUN2,4,0.007361386,0.0018403465,1
NCEH1,16,0.007359098,0.0009198873,2
SPON1,10,0.0073522422,0.0014704484,2
DEFB136,5,0.007351338,0.0014702675,1
RHOU,10,0.0073344926,0.0014668985,2
NDUFS4,19,0.0073277797,0.0003856726,1
SHANK3,44,0.0073151807,0.0006650164,4
UTP25,4,0.0073069544,0.0018267386,1
OR5L1,3,0.007305681,0.002435227,1
MMP24,5,0.007302856,0.0014605712,1
REST,21,0.007298785,0.00034756117,1
EEA1,15,0.0072969436,0.0014593886,3
ZFP1,56,0.0072963946,0.0018240986,14
CRP,40,0.0072937645,0.00072937645,4
DAB2,32,0.0072845733,0.00045528583,2
DAP3,7,0.0072843027,0.0010406147,1
MRPS5,7,0.007280604,0.0010400863,1
GYPA,16,0.0072774626,0.0018193657,4
SGIP1,4,0.007268079,0.0018170198,1
SPATA13,9,0.007263203,0.00080702256,1
DLL3,22,0.0072616255,0.00033007388,1
TRIM6-TRIM34,4,0.0072583877,0.0018145969,1
KCNK9,135,0.0072575705,0.0008063967,15
NBAS,50,0.0072570117,0.0014514023,10
MCOLN3,5,0.0072562727,0.0014512546,1
STIM1,16,0.007256235,0.0004535147,1
CTDSP1,24,0.007255938,0.001209323,4
TRMT61A,3,0.0072553074,0.0024184359,1
SETD2,10,0.0072487574,0.0007248757,1
ATG12,21,0.007240702,0.00034479532,1
PPARA,46,0.007240557,0.00015740341,1
ACER2,32,0.007240521,0.0009050651,4
RGS21,185,0.0072383615,0.0014476723,37
LCE1F,4,0.007231539,0.0018078848,1
GABRA1,20,0.007226827,0.00036134134,1
GNA12,36,0.0072104363,0.0002002899,1
CD2BP2,6,0.0072049163,0.0012008194,1
FERMT3,6,0.007204182,0.001200697,1
ELK3,8,0.0072020497,0.0018005124,2
HTR3D,10,0.0071982807,0.0014396561,2
C9orf72,12,0.007194873,0.0017987182,3
RPTOR,112,0.0071924464,0.00012843654,2
FA2H,12,0.007190724,0.0011984541,2
SERPINA4,4,0.0071888063,0.0017972016,1
AMOTL1,3,0.0071831336,0.002394378,1
FRK,36,0.007180846,0.00079787173,4
ITGB3,96,0.007179325,7.4784635e-05,1
PLXNC1,18,0.0071790125,0.0011965021,3
PDE4A,126,0.0071763713,0.0005125979,9
EXOC5,8,0.0071665533,0.00089581916,1
CREM,49,0.007161956,0.0010231365,7
TRIM3,4,0.0071596857,0.0017899214,1
MIR181C,3,0.0071525956,0.0023841986,1
CFB,13,0.007149547,0.00054996513,1
CYP27C1,3,0.0071368567,0.0023789522,1
SNX5,6,0.0071347933,0.0011891322,1
CDC42SE2,5,0.007131658,0.0014263316,1
SLC44A5,18,0.007129582,0.00079217576,2
SLC25A2,24,0.0071290303,0.00059408584,2
CHERP,5,0.0071280543,0.0014256109,1
TREH,48,0.007127463,0.0011879104,8
CPNE8,8,0.0071154195,0.00088942744,1
GTF2I,30,0.0071074297,0.001421486,6
IRAG1,12,0.0070836195,0.0011806032,2
PPM1E,5,0.0070818765,0.0014163753,1
USO1,15,0.0070807985,0.00047205325,1
PLRG1,5,0.007079556,0.0014159112,1
ASB2,14,0.0070736,0.0010105143,2
OR10A2,8,0.0070658433,0.0017664608,2
CD48,8,0.007056984,0.001764246,2
ADO,483,0.0070569543,0.0010081363,69
RPA1,86,0.0070544775,8.2028804e-05,1
MCOLN2,5,0.0070502656,0.0014100531,1
LTK,4,0.0070470306,0.0017617577,1
LILRB4,170,0.0070384387,0.0014076877,34
DBNL,15,0.007017433,0.00046782888,1
FILIP1,10,0.007001004,0.0014002009,2
DHX15,12,0.00699407,0.0011656784,2
ASB4,7,0.0069938856,0.0009991265,1
CHRNA5,10,0.006993139,0.00069931394,1
IL3,141,0.006992549,0.00014877765,3
RPN1,11,0.0069906064,0.00063550967,1
USP47,12,0.006990157,0.0017475393,3
CRLF1,6,0.0069851307,0.0011641885,1
HPR,4,0.006981518,0.0017453795,1
PANK3,14,0.006979573,0.0009970819,2
GNLY,4,0.006972263,0.0017430658,1
GLYATL3,7,0.0069660256,0.0009951465,1
TRPM8,5,0.0069641555,0.0013928311,1
OR2J2,16,0.0069615133,0.0017403783,4
CYB5B,4,0.006946793,0.0017366982,1
SND1,32,0.006944284,0.0008680355,4
AK3,56,0.0069422144,0.00049587246,4
SLC11A1,48,0.006941868,0.00057848904,4
MAP3K5,53,0.0069305734,0.00013076553,1
UBE2V1,285,0.006927356,0.00012153257,5
QRFPR,40,0.006924738,0.0008655923,5
TMEM30A,3,0.0069133416,0.002304447,1
TNRC6C,96,0.00691225,0.00021600781,3
SLC1A7,11,0.0069106324,0.0006282393,1
DPYSL4,5,0.0069090035,0.0013818007,1
SCNN1A,210,0.006897776,0.00019707932,6
FBN1,52,0.006895677,0.0005304367,4
SLC13A3,7,0.00689123,0.0009844614,1
CYP19A1,33,0.00689044,0.00020880121,1
CARD8,9,0.0068900306,0.000765559,1
GRIK2,110,0.006888284,0.00068882847,11
CRNKL1,5,0.006887238,0.0013774476,1
COL19A1,12,0.0068871477,0.001147858,2
PHLDA1,20,0.0068863053,0.0013772611,4
SEC11C,54,0.0068765413,0.0007640601,6
SHISA5,12,0.0068763825,0.0011460637,2
FZD10,72,0.0068720123,0.00019088923,2
SORBS1,36,0.006870225,0.0007633583,4
CAP1,15,0.0068602017,0.0004573468,1
SEMA5B,5,0.0068562226,0.0013712446,1
EPS15L1,20,0.00685235,0.000685235,2
TRDN,16,0.0068416176,0.0008552022,2
SSC5D,3,0.0068386863,0.0022795622,1
GFPT1,48,0.006835159,0.00028479827,2
MBL2,476,0.0068323873,0.0004880276,34
FGFBP3,6,0.0068317684,0.0011386281,1
ACSL3,39,0.00682469,0.00017499205,1
SCRIB,20,0.006824,0.00034119998,1
NAGLU,16,0.006823476,0.0008529345,2
MYF6,4,0.006818822,0.0017047055,1
THRB,18,0.006814482,0.00037858234,1
NPSR1,14,0.0068132756,0.00048666255,1
MSX1,8,0.0068121185,0.0017030296,2
IL12RB2,480,0.0068070106,0.00034035053,24
TCN2,16,0.0068050134,0.0008506267,2
KAT8,8,0.006799001,0.0016997502,2
CSNK1G3,45,0.0067964187,0.0007551577,5
MED24,24,0.006796107,0.0011326845,4
RGS6,64,0.0067901537,0.0004243846,4
STOM,80,0.006788992,0.00033944962,4
ATP6V0A4,23,0.006788136,0.00029513636,1
OR5B17,3,0.006783933,0.002261311,1
PAX2,35,0.0067819497,0.00096885004,5
TMPRSS11D,1,0.0067747007,0.0067747007,1
LPIN1,20,0.006772153,0.00033860764,1
DACT1,24,0.0067696185,0.0016924046,6
SRP9,5,0.0067677274,0.0013535455,1
PARP8,8,0.006743833,0.0008429791,1
ZNF568,4,0.0067400876,0.0016850219,1
IQCB1,5,0.006736866,0.0013473732,1
SLC15A2,5,0.006733519,0.0013467039,1
WDR77,7,0.006719786,0.0009599695,1
CNTNAP1,6,0.006715151,0.0011191919,1
SALL1,55,0.0067134877,0.0013426977,11
PPT1,8,0.0067107305,0.0008388413,1
IDUA,11,0.0067096623,0.0006099693,1
UTP20,8,0.006704026,0.0016760065,2
TIMELESS,28,0.0066995523,0.0009570789,4
MVB12B,26,0.0066987425,0.00051528786,2
SLC7A5,132,0.006696511,0.00015219343,3
DNM2,48,0.006691909,0.00013941477,1
ZNF771,3,0.0066906065,0.002230202,1
POLG,4,0.006680268,0.001670067,1
CPE,30,0.0066782297,0.0013356459,6
GPR39,14,0.0066710683,0.00047650488,1
RCN1,5,0.0066643637,0.0013328728,1
ADAMTSL3,4,0.0066589015,0.0016647254,1
ARSA,60,0.0066553387,0.0003327669,3
LGALS9,65,0.0066525657,0.001330513,13
MFSD2A,5,0.0066453195,0.0013290639,1
SLIT3,16,0.0066418992,0.0008302374,2
GABRB1,60,0.00664175,0.00044278335,4
UNC13B,13,0.006640307,0.00051079283,1
GCNT4,6,0.0066345134,0.0011057522,1
RBCK1,28,0.0066222744,0.0004730196,2
KCNC1,8,0.0066218837,0.0016554709,2
UROC1,7,0.006618708,0.0009455297,1
ITGA11,21,0.0066080233,0.00031466776,1
KIR3DL2,18,0.0066050882,0.001100848,3
PNN,2,0.0066049686,0.0033024843,1
HAO1,8,0.0065961895,0.0008245237,1
ETNPPL,18,0.0065833977,0.0010972329,3
OR13A1,6,0.006582846,0.0021942821,2
CTSO,25,0.006580337,0.0013160675,5
CHST6,42,0.0065791067,0.0009398724,6
IDE,32,0.006577466,0.00082218327,4
SYS1,4,0.0065675257,0.0016418814,1
LMX1B,5,0.006567124,0.0013134248,1
RBX1,101,0.0065616826,6.496716e-05,1
IDH1,26,0.0065611587,0.00025235227,1
POP4,20,0.0065464913,0.0013092982,4
TAF2,40,0.006537584,0.0003268792,2
ATP8B4,18,0.0065352903,0.0010892152,3
SLC10A2,77,0.006527223,0.0009324605,11
CRY2,5,0.0065198867,0.0013039773,1
EFHD2,10,0.006518048,0.0013036096,2
IFNL1,10,0.0065147905,0.00065147906,1
PLEC,28,0.006510926,0.00046506614,2
SDC2,80,0.0065067913,0.00016266979,2
FANCI,22,0.0065036137,0.0005912376,2
LRRTM3,3,0.00650314,0.0021677134,1
RCAN2,4,0.006501273,0.0016253182,1
POLR1A,32,0.0064995345,0.0004062209,2
CKM,7,0.0064994902,0.00092849863,1
OR52M1,3,0.006494112,0.002164704,1
TMEM186,5,0.0064755995,0.0012951199,1
H2BC5,176,0.006472629,7.3552605e-05,2
IYD,6,0.006466678,0.0010777797,1
SPRY2,92,0.006461966,0.00028095505,4
CCRL2,24,0.0064481776,0.0008060222,3
CD68,5,0.006435822,0.0012871644,1
SGCD,84,0.0064354506,0.0010725751,14
SLC24A5,12,0.006432421,0.0016081053,3
ETV6,60,0.006421911,0.0006421911,6
RHOJ,8,0.0064189984,0.0008023748,1
ALDH1L2,6,0.0064163464,0.001069391,1
NPHS1,6,0.0064161373,0.0010693562,1
CDK2,128,0.00641358,5.0106093e-05,1
TET3,8,0.0064101014,0.0016025254,2
SPSB4,21,0.006409977,0.00091571105,3
MGAT5,96,0.0064007826,0.0008000978,12
IFNGR2,108,0.006399218,0.00017775605,3
PTPRD,65,0.0063985013,0.0012797003,13
NMNAT2,78,0.006397993,0.0004921533,6
ZNF175,48,0.0063961577,0.0015990394,12
CCL16,44,0.006389047,0.00058082247,4
PERP,75,0.006387539,0.00042583593,5
OAZ3,4,0.0063824374,0.0015956094,1
RHPN2,9,0.0063739056,0.00070821174,1
SPRR2G,3,0.006368506,0.0021228353,1
SLC17A1,8,0.0063590934,0.0015897733,2
LGMN,8,0.00635593,0.00079449126,1
CCL19,165,0.0063538225,0.00042358815,11
PTPN22,6,0.0063534775,0.001058913,1
CXCR6,12,0.006353095,0.0005294246,1
BRD4,5,0.006349473,0.0012698945,1
KMO,14,0.0063489387,0.00045349562,1
PFDN4,24,0.006344804,0.0010574674,4
LCK,114,0.006344423,5.5652836e-05,1
DSCAM,49,0.00634151,0.00090593,7
SRGAP3,12,0.0063409973,0.0005284164,1
SEC61G,42,0.0063408804,0.00045292,3
KRT27,4,0.006340576,0.001585144,1
SALL4,20,0.006329383,0.0006329383,2
DEFB112,5,0.0063289106,0.0012657822,1
CHURC1-FNTB,9,0.0063272514,0.00070302794,1
IRS1,112,0.006324695,5.647049e-05,1
TNFRSF21,30,0.006323341,0.0006323341,3
KLHL25,7,0.006310324,0.0009014749,1
KEAP1,208,0.0063066185,0.00024256225,8
TNFSF18,285,0.006304864,0.0012609727,57
PTPRF,33,0.006304739,0.0005731581,3
ANLN,9,0.006304577,0.00070050854,1
ACOT13,4,0.0063039316,0.0015759829,1
SLC4A7,154,0.0062979697,0.000449855,11
FBP1,30,0.0062939106,0.00020979701,1
LAMC1,40,0.0062835957,0.00015708989,1
FRAT1,26,0.006269594,0.00024113824,1
BHMT2,7,0.00626569,0.0008950986,1
IL1RL2,168,0.006265296,0.0008950424,24
PIP5K1C,43,0.0062626638,0.00014564334,1
SLC4A3,24,0.0062468904,0.0015617226,6
ACER3,22,0.00623402,0.0005667291,2
ANXA1,34,0.0062284344,0.0003663785,2
WASF3,150,0.0062200236,0.00024880093,6
DCUN1D1,6,0.006216162,0.002072054,2
LMO1,25,0.006208445,0.001241689,5
FGFBP2,18,0.006202085,0.0010336809,3
OR2V2,9,0.0062002167,0.002066739,3
RAP1A,96,0.006196652,6.454846e-05,1
ANAPC10,44,0.0061960467,0.00014081925,1
ASB13,7,0.0061959964,0.00088514236,1
KHDRBS2,8,0.006194714,0.0015486785,2
UTS2,296,0.0061945543,0.0007743193,37
RNF114,32,0.00618858,0.001547145,8
WHAMM,6,0.0061814035,0.0010302339,1
MYO19,5,0.006179169,0.0012358337,1
YEATS2,3,0.0061755665,0.002058522,1
TIMM21,2,0.0061747706,0.0030873853,1
SUMF1,18,0.006174638,0.0006860709,2
EDN2,42,0.0061738486,0.00029399278,2
MRM1,8,0.0061575025,0.0015393756,2
SSR2,24,0.006154912,0.001538728,6
ZNF25,4,0.0061542396,0.0015385599,1
KAT2B,132,0.006149824,9.3179144e-05,2
OR2Y1,3,0.0061390065,0.0020463355,1
CHL1,18,0.0061318926,0.001021982,3
SLC2A7,7,0.006127317,0.000875331,1
PEAK1,6,0.006115364,0.0010192273,1
PHIP,6,0.006105403,0.0010175671,1
BLVRA,16,0.0060936417,0.0003808526,1
MAPKAPK5,48,0.006093492,0.00025389547,2
EXTL2,72,0.006091062,0.0015227655,18
IL17RC,4,0.006083568,0.001520892,1
TFAP2D,21,0.0060762074,0.00086802966,3
GOLGA5,5,0.0060698795,0.001213976,1
NDUFV3,21,0.0060686986,0.00028898564,1
MYH8,3,0.006068309,0.0020227695,1
GAN,21,0.006060911,0.00086584437,3
OR5AR1,3,0.006056237,0.0020187458,1
FAM20B,14,0.00605487,0.0004324907,1
ZNF133,4,0.0060482584,0.0015120646,1
ENGASE,5,0.0060459683,0.0012091936,1
HOMER2,10,0.0060457713,0.0012091543,2
KIF13A,16,0.0060447985,0.0015111996,4
RYR3,21,0.0060414723,0.00028768915,1
LIPG,32,0.006036705,0.0007545881,4
HLCS,9,0.0060348157,0.0006705351,1
PLCH2,18,0.0060344185,0.00067049096,2
NAT8B,3,0.0060329963,0.0020109988,1
FCHO2,4,0.006028116,0.001507029,1
KRR1,12,0.0060209134,0.0015052283,3
ZNF154,4,0.0060131317,0.0015032829,1
SNRPB2,16,0.006006995,0.0007508744,2
DDAH1,55,0.006006271,0.0012012543,11
RAB25,8,0.005993692,0.001498423,2
POLD1,52,0.0059893182,0.000115179195,1
PTPRN2,12,0.0059849634,0.0014962408,3
CHRNA1,13,0.0059769256,0.0004597635,1
VMP1,2,0.0059742453,0.0029871226,1
FOXO6,38,0.005965337,0.00031396514,2
ARHGAP25,5,0.0059647136,0.0011929427,1
LMBRD1,5,0.005963004,0.0011926008,1
ACTR5,4,0.005950823,0.0014877057,1
IGFBP1,18,0.0059503163,0.00033057312,1
CORO1A,9,0.005943731,0.0006604146,1
YAF2,6,0.00593994,0.00098999,1
PDE1C,22,0.005936809,0.00026985494,1
POLN,5,0.0059337984,0.0011867597,1
PRAG1,25,0.005928782,0.0011857564,5
STK38,8,0.005926147,0.0007407684,1
COL26A1,14,0.0059236446,0.00084623497,2
BATF3,5,0.005922961,0.0011845923,1
ITGA2,44,0.0059108185,0.00013433678,1
SLC26A1,12,0.005906503,0.0004922086,1
CIDEC,3,0.0059040785,0.0019680262,1
TRIM31,68,0.0059027383,0.0014756846,17
OR5D14,3,0.005899687,0.0019665624,1
KLK8,4,0.005894987,0.0014737467,1
SKIV2L,8,0.0058931895,0.0007366487,1
H4C4,94,0.0058929734,6.269121e-05,1
KCNA4,5,0.005891293,0.0011782586,1
TCL1B,3,0.005889788,0.0019632627,1
CYS1,10,0.005883555,0.0011767109,2
H4-16,95,0.0058725197,6.1816e-05,1
SPOPL,30,0.0058724936,0.0011744987,6
AP3B1,9,0.005866457,0.00065182854,1
CD5,120,0.0058640414,0.0014660103,30
CNR1,40,0.005856598,0.00029282988,2
EPHA4,165,0.0058557778,0.00053234346,15
ACHE,20,0.005853732,0.0002926866,1
SMURF1,78,0.0058500385,0.000150001,2
CTDSP2,16,0.0058490736,0.0014622684,4
NEDD4,29,0.0058456217,0.00020157316,1
MRPL9,7,0.005844341,0.0008349059,1
SPTSSA,20,0.005844269,0.0011688538,4
EHD3,28,0.0058360333,0.0014590083,7
CYP2F1,38,0.0058358544,0.00030715024,2
NCK2,126,0.005834574,0.00013891842,3
CLEC4G,4,0.0058343955,0.0014585989,1
MMP16,84,0.005833494,0.00097224896,14
CXCL11,18,0.0058245542,0.00032358634,1
SQSTM1,45,0.0058215316,0.00012936737,1
IGFBP4,7,0.0058202706,0.0008314672,1
CHRM5,18,0.0058174776,0.0003231932,1
CRTAP,4,0.0058134543,0.0014533636,1
ST8SIA2,60,0.0058109136,0.00038739422,4
HEYL,16,0.0058101546,0.00036313466,1
ANO3,30,0.0058020977,0.0019340325,10
GPAM,350,0.005800481,0.00016572802,10
BAG5,4,0.0057980143,0.0014495036,1
EPHA1,9,0.005796276,0.0006440307,1
STXBP2,6,0.0057853702,0.00096422835,1
SLC15A4,224,0.005784292,0.00082632736,32
DNAH5,32,0.0057752226,0.0014438056,8
NCR1,32,0.005763495,0.0014408737,8
COPRS,12,0.0057557095,0.0019185699,4
POLI,9,0.0057526557,0.00063918397,1
LY6G6F,4,0.0057521546,0.0014380387,1
OR6Y1,9,0.005751943,0.0019173144,3
ARNT2,24,0.0057475553,0.0007184444,3
PLK1,66,0.0057379273,8.693829e-05,1
DTNBP1,12,0.0057328586,0.0014332146,3
HEY1,90,0.0057209753,0.0001906992,3
NCF2,176,0.0057184747,0.00012996534,4
APH1B,37,0.0057115727,0.00015436683,1
ARL4C,16,0.0056872265,0.0014218066,4
XYLT2,13,0.005683573,0.00043719792,1
UIMC1,18,0.005680171,0.00031556503,1
SLC1A4,36,0.0056781773,0.0003154543,2
LAMB1,36,0.005669883,0.00015749675,1
PTCH1,112,0.005664659,0.00020230927,4
LIFR,48,0.0056595537,0.00023581475,2
SETD6,4,0.005657249,0.0014143123,1
SLC8A3,25,0.005650189,0.00022600756,1
EVC2,8,0.005643991,0.00070549885,1
OR52J3,3,0.0056435033,0.0018811678,1
TECRL,35,0.0056428663,0.0011285732,7
NGEF,26,0.0056425566,0.00021702141,1
GLG1,12,0.0056374907,0.0014093727,3
ADAMTSL1,16,0.0056361835,0.0014090459,4
GFI1,16,0.005625914,0.0014064785,4
OR8B3,3,0.005614535,0.0018715117,1
HDAC9,30,0.0056103114,0.00018701037,1
ARRB2,77,0.005592036,7.262384e-05,1
NPY2R,40,0.005587887,0.00055878866,4
KIF3A,24,0.005585934,0.00023274725,1
NUAK1,42,0.0055827973,0.0009304662,7
CD74,90,0.0055820355,0.00055820355,9
PRKCI,86,0.0055755004,0.0001296628,2
SLC7A10,36,0.0055693183,0.00046410985,3
LRP5,108,0.0055673034,0.00015464732,3
ZFP36L1,450,0.0055672512,0.0009278752,75
GML,7,0.0055664373,0.0007952053,1
SLAMF7,40,0.0055626337,0.0013906584,10
DCUN1D5,6,0.0055465274,0.0018488425,2
COL25A1,14,0.0055399244,0.0007914178,2
YBX3,12,0.00553835,0.0018461167,4
RNF43,6,0.0055381395,0.00092302327,1
GREM2,30,0.005537379,0.0011074757,6
RGS7,96,0.0055373446,0.00034608404,6
KCNK6,7,0.00552376,0.00078910857,1
OR8B8,8,0.0055196243,0.0013799061,2
RAD23B,56,0.005511942,0.00039371013,4
KLRC4,2,0.005509438,0.002754719,1
SCN1A,10,0.005496825,0.00054968253,1
UGT1A3,76,0.0054962374,0.00014463783,2
USP15,22,0.0054928176,0.00049934705,2
MNDA,3,0.005491132,0.0018303773,1
DERL1,16,0.0054899678,0.00034312299,1
GRM7,68,0.0054884693,0.00032285112,4
AP1M1,20,0.0054821954,0.00027410977,1
MSRA,16,0.0054818983,0.0013704746,4
LINGO1,16,0.0054810634,0.0006851329,2
MAP3K14,240,0.0054764943,9.12749e-05,4
AGO2,33,0.0054714107,0.00016580033,1
HTR3B,5,0.005468013,0.0010936026,1
ATP9A,6,0.0054636174,0.0018212057,2
H4C5,94,0.005450191,5.7980757e-05,1
KLF5,14,0.0054351715,0.00077645306,2
OR6P1,3,0.005423215,0.0018077384,1
GNPDA1,435,0.0054191947,0.00036127964,29
ECE1,10,0.0054152063,0.00054152065,1
RSPO3,460,0.005414395,0.00054143945,46
ZNF135,8,0.005406437,0.0013516092,2
SYN3,12,0.0053980104,0.0008996684,2
ADAMTS19,8,0.005392613,0.0013481532,2
TNR,30,0.0053817965,0.0005381797,3
TRIM26,24,0.0053737033,0.0013434258,6
CHST1,7,0.005367658,0.0007668083,1
GHR,48,0.0053636637,0.00022348599,2
USP3,8,0.0053607696,0.0013401924,2
CCR9,15,0.0053582643,0.00035721762,1
DSC2,10,0.0053548114,0.0010709623,2
IL17F,30,0.0053536,0.00089226663,5
OTUD3,225,0.0053405287,0.0005933921,25
SLC23A2,5,0.005335423,0.0010670846,1
MTERF1,12,0.005334904,0.001333726,3
FBXW2,66,0.0053309887,0.00048463527,6
PEDS1-UBE2V1,54,0.005327516,9.86577e-05,1
ZNF215,3,0.005327012,0.0017756707,1
GCC1,10,0.0053221197,0.0010644239,2
OR5AN1,6,0.0053215,0.0017738334,2
SYT7,3,0.0053138006,0.0017712669,1
BCO1,30,0.005311971,0.0005311971,3
PCDH15,140,0.005307545,0.0013268862,35
DNAJA4,3,0.0052938764,0.0017646254,1
SOX6,7,0.005293751,0.00075625017,1
BMP7,308,0.005292918,0.00018903277,11
ASH1L,6,0.0052890526,0.00088150875,1
TTLL12,3,0.0052840887,0.0017613629,1
TRIT1,4,0.005273074,0.0013182685,1
CES5A,5,0.005271241,0.0010542482,1
PPP1R12C,42,0.0052702203,0.00087837,7
OR5D13,6,0.005268948,0.0017563162,2
UBE2R2,18,0.0052668797,0.0005852089,2
OR51E2,6,0.0052656922,0.0017552307,2
TMEM132A,4,0.005265588,0.001316397,1
GCLC,42,0.0052571907,0.00012517121,1
ZNF689,16,0.0052548987,0.0013137247,4
THBS2,20,0.0052511557,0.0002625578,1
ACVR1,45,0.005250618,0.00035004117,3
HNF1A,13,0.005249615,0.00040381652,1
SLC24A3,24,0.005246924,0.001311731,6
STARD3,8,0.005243562,0.00065544527,1
MTHFD1L,15,0.0052432464,0.00034954975,1
THSD7A,24,0.005238475,0.0013096187,6
CDH11,180,0.0052380506,0.0005820056,20
DEFB123,5,0.005230042,0.0010460084,1
PRPF4B,24,0.0052229404,0.0017409801,8
CD46,16,0.0052153724,0.00065192155,2
ANKRD27,4,0.0052131712,0.0013032928,1
ATP6V1A,29,0.005199197,0.00017928267,1
TBC1D1,20,0.005195534,0.0010391069,4
PDE4C,28,0.0051954743,0.0003711053,2
MYB,125,0.005190397,0.00020761587,5
COL21A1,6,0.0051829335,0.00086382224,1
KLRB1,28,0.0051800855,0.0012950214,7
ZNF773,4,0.00516735,0.0012918375,1
KCNIP1,6,0.00515634,0.00171878,2
CHID1,4,0.005153091,0.0012882728,1
MCPH1,10,0.0051518837,0.0010303766,2
ATG16L1,150,0.005148359,0.0005148359,15
ADRA2A,63,0.005146378,0.00024506563,3
DR1,6,0.005142975,0.001714325,2
RPL30,28,0.005142266,0.00018365236,1
CWC22,52,0.0051413644,0.0012853411,13
CD83,15,0.0051397947,0.001713265,5
AP2A1,56,0.0051299618,9.160646e-05,1
CLINT1,40,0.0051287203,0.001025744,8
OTUB1,5,0.0051285145,0.0010257029,1
HTR3A,6,0.0051206416,0.00085344026,1
OR10A6,3,0.0051178862,0.0017059621,1
ANO5,6,0.0051119467,0.0017039822,2
PRR5,78,0.0051111523,0.00019658277,3
AUTS2,25,0.0051084096,0.0010216818,5
TERF2IP,23,0.0051077656,0.00022207676,1
ULK1,84,0.0051032347,0.00018225837,3
KSR1,30,0.005102139,0.0001700713,1
OR4A47,3,0.005091601,0.0016972004,1
ARHGEF10L,30,0.005089747,0.00033931644,2
KLF2,21,0.0050891186,0.00072701694,3
FIBP,2,0.0050814757,0.0025407379,1
CP,15,0.0050803395,0.0003386893,1
CCR1,595,0.0050766636,0.00029862724,35
RAB19,3,0.005076493,0.0016921643,1
PIGK,10,0.0050739297,0.001014786,2
CCL21,140,0.005071585,0.0003622561,10
CNTN6,112,0.005066603,0.00063332537,14
KMT5C,40,0.0050646523,0.0010129304,8
DNM3,22,0.0050566373,0.00022984715,1
CLEC2B,44,0.0050554797,0.0012638699,11
RAB3IL1,5,0.005055475,0.001011095,1
GALNT1,105,0.0050553954,0.00024073312,5
HSD17B7,38,0.0050504375,0.00013290625,1
SHB,60,0.0050495993,0.00050495996,6
MATN1,21,0.0050453236,0.0016817745,7
GRIK3,27,0.0050419495,0.0005602166,3
XXYLT1,1,0.005028924,0.005028924,1
TACR2,11,0.0050229877,0.00045663526,1
WARS1,11,0.005017002,0.0004560911,1
CST5,15,0.005016251,0.0016720835,5
SMARCD3,84,0.005013742,0.0002387496,4
IGFBP3,200,0.0050050044,0.00020020019,8
F3,41,0.0050039794,0.00012204828,1
ZNF212,4,0.005002354,0.0012505885,1
RELN,16,0.0050023133,0.00031264458,1
GYPC,21,0.004992871,0.0016642903,7
RGS10,26,0.0049913973,0.00038395362,2
KIZ,2,0.0049900506,0.0024950253,1
SCN7A,27,0.004988172,0.0005542413,3
ERP29,14,0.0049872734,0.00035623382,1
ACOXL,10,0.004984848,0.0009969695,2
STXBP4,12,0.004983306,0.0016611019,4
SPRR2F,3,0.0049812533,0.0016604178,1
UTRN,6,0.004963987,0.0024819935,3
DHX37,4,0.0049610734,0.0012402683,1
AGBL2,3,0.004959891,0.001653297,1
PGLYRP3,3,0.004950341,0.0016501136,1
RPL18,26,0.0049491413,0.0001903516,1
PDHX,444,0.0049454356,0.00041211964,37
NOTCH2,32,0.0049382364,0.00015431989,1
ENPEP,20,0.004937782,0.0012344455,5
OR52N2,3,0.0049337316,0.0016445772,1
PEX13,12,0.0049279667,0.0004106639,1
TTLL10,3,0.004923419,0.0016411397,1
GALNTL6,7,0.00492247,0.00070321,1
ACOX2,148,0.004922341,0.00013303624,4
HACE1,52,0.0049213003,0.0012303251,13
PPP1R14C,9,0.0049137203,0.0016379068,3
PLEKHG4B,10,0.004909931,0.0009819863,2
PXMP4,3,0.0049039023,0.0016346341,1
EIF3H,112,0.0048978818,0.0003061176,7
SELL,27,0.0048972485,0.0005441388,3
LIMS2,4,0.004884513,0.0012211283,1
MIA3,11,0.0048795445,0.00044359497,1
LCE1E,8,0.0048759254,0.0012189813,2
CDH5,108,0.0048684813,0.00027047118,6
CD1E,3,0.0048622065,0.0016207355,1
ATXN2L,12,0.0048595485,0.0012148871,3
LOXL1,15,0.004859116,0.0009718232,3
PIK3R6,42,0.0048586195,0.00011568142,1
PKHD1,45,0.0048551913,0.0005394657,5
NCR3,16,0.004854496,0.001213624,4
GALNT13,24,0.004845176,0.000605647,3
INTS1,3,0.004841492,0.0016138307,1
P4HA2,63,0.0048354687,0.0005372743,7
TRIM72,2,0.004835049,0.0024175246,1
HYKK,4,0.004832646,0.0012081615,1
PCK1,106,0.004831015,9.115123e-05,2
SLC6A7,33,0.004830331,0.000439121,3
SMUG1,11,0.0048287814,0.00043898012,1
CTNNA3,40,0.00482795,0.000482795,4
PRKAR2A,174,0.004825451,5.5464956e-05,2
PDPN,3,0.004823733,0.0016079111,1
LCE2A,6,0.0048159445,0.0016053147,2
GDF2,14,0.0048028403,0.00034306003,1
CPB2,12,0.004800523,0.0004000436,1
KCNJ6,22,0.004800053,0.00021818421,1
MAP3K20,4,0.0047981003,0.0011995251,1
SCN3A,9,0.004796689,0.0005329654,1
UQCC1,2,0.0047954377,0.0023977188,1
FXN,12,0.004783918,0.0007973197,2
ABLIM1,7,0.004783461,0.00068335154,1
KDM3A,13,0.004778547,0.00036758056,1
MUC13,16,0.0047697946,0.00029811217,1
PRG3,4,0.0047646016,0.0011911504,1
TNNI3,61,0.004764319,7.810359e-05,1
LILRB1,20,0.004760704,0.0009521408,4
SLC15A3,8,0.004757913,0.0011894782,2
FXYD7,10,0.0047555454,0.00047555455,1
RNF126,8,0.0047443477,0.0011860869,2
PJA2,16,0.004743332,0.001185833,4
OR52E4,3,0.004735878,0.0015786261,1
TET2,12,0.0047350493,0.0011837623,3
ARHGAP22,7,0.004734477,0.00067635387,1
ALDOB,30,0.0047325753,0.00015775251,1
PIGU,5,0.0047253696,0.0009450739,1
SDR9C7,3,0.004725014,0.0015750047,1
GRB14,48,0.004724911,0.00059061387,6
OR10K2,3,0.0047231885,0.0015743962,1
ART1,6,0.004722879,0.00078714645,1
TNFRSF8,6,0.004719939,0.0007866565,1
TTC5,14,0.004718919,0.00067413127,2
TPRKB,3,0.0047160285,0.0015720095,1
OR52E8,3,0.0047094664,0.0015698221,1
KCNS3,15,0.004708491,0.0015694968,5
ENTPD7,4,0.004706118,0.0011765294,1
INHBA,161,0.004701987,0.00020443423,7
DHCR24,37,0.004698585,0.00012698877,1
HOXA1,57,0.0046982244,0.0015660748,19
PHLPP1,40,0.0046980134,0.0005872517,5
WIF1,36,0.004695665,0.0002608703,2
IZUMO1R,5,0.0046930662,0.00093861326,1
INTS7,3,0.0046819593,0.0015606531,1
KIF16B,32,0.0046773464,0.0005846683,4
LCE1B,12,0.004667257,0.0015557524,4
VAPB,17,0.004659543,0.00027409077,1
PABPC1,120,0.004657559,0.00019406495,5
HDAC7,40,0.004656635,0.00011641588,1
TXK,21,0.0046538753,0.0006648393,3
HOXA9,2,0.0046465728,0.0023232864,1
JAG2,38,0.004641773,0.00012215192,1
GALR1,200,0.0046363138,0.00046363138,20
OR2B3,8,0.0046307067,0.0011576767,2
B9D2,23,0.004628787,0.0002012516,1
PCGF5,6,0.0046249228,0.0007708205,1
ADSS2,30,0.004620767,0.00015402558,1
OR10W1,3,0.004615959,0.0015386529,1
CMKLR1,15,0.0046094116,0.0009218824,3
SOAT1,33,0.00460616,0.0001395806,1
GMPS,35,0.004602585,0.00013150243,1
COL1A2,39,0.0045942767,0.00011780197,1
SPTLC2,85,0.0045916783,0.0002700987,5
NMBR,90,0.0045859376,0.00045859374,9
RGS5,52,0.0045829965,0.0003525382,4
PLPP1,66,0.0045810314,0.00013881913,2
LGALS1,6,0.004573292,0.00076221535,1
EVA1A,20,0.004567681,0.0011419202,5
TSN,15,0.004567188,0.0015223961,5
AEN,3,0.004566729,0.001522243,1
OR52K2,6,0.004560956,0.0015203184,2
ICE1,30,0.004560271,0.0015200904,10
LILRA1,25,0.0045595495,0.0009119099,5
RIIAD1,1,0.0045587453,0.0045587453,1
OR10A4,4,0.004558548,0.001139637,1
PTTG1,340,0.004557115,0.00026806557,20
PTBP2,6,0.004553278,0.0015177593,2
BTN3A2,18,0.0045530437,0.001517681,6
ABCA4,6,0.0045513944,0.00075856573,1
LCE1C,15,0.0045501143,0.0015167047,5
PTPRB,6,0.0045490894,0.00075818156,1
OR6B2,3,0.0045460346,0.0015153448,1
IFI16,6,0.0045437855,0.00075729756,1
LARGE1,28,0.004542876,0.001135719,7
FGF1,105,0.0045420947,4.3258045e-05,1
EDC3,4,0.0045414898,0.0011353724,1
PLD2,49,0.004538327,9.261892e-05,1
CSF2RB,96,0.0045380136,0.00014181292,3
FYB1,12,0.0045371884,0.00037809904,1
TNFRSF11B,112,0.004536777,0.00028354855,7
OR52E6,3,0.0045332024,0.0015110675,1
KIAA0319,8,0.0045293015,0.0011323254,2
GINS3,14,0.0045282054,0.00064688653,2
REG3A,12,0.004527328,0.001131832,3
RAB17,3,0.0045222603,0.0015074201,1
GNPAT,14,0.004514528,0.00032246628,1
OLFM4,9,0.0045060627,0.0015020208,3
PLA2R1,2,0.0044945125,0.0022472562,1
TMPRSS6,20,0.0044938037,0.0011234509,5
BST1,119,0.0044877804,0.00026398708,7
PODXL,45,0.004486624,0.0008973249,9
HPSE,12,0.004483668,0.00037363902,1
GBP2,6,0.004477989,0.00074633147,1
RIPOR2,4,0.004477799,0.0011194497,1
IL36B,6,0.0044747745,0.0007457957,1
FBXO15,70,0.0044747107,0.0006392444,10
OR11A1,8,0.0044716047,0.0011179012,2
ORMDL3,24,0.0044669122,0.0014889707,8
SERPINB6,21,0.004464802,0.0006378288,3
DUSP4,120,0.0044635017,0.00011158754,3
RAB23,7,0.004462822,0.000637546,1
OR10D3,3,0.004459506,0.001486502,1
ATP11A,7,0.004458643,0.00063694903,1
H3C6,71,0.0044584167,6.27946e-05,1
NEDD9,12,0.0044560013,0.0011140003,3
GABRG1,64,0.0044556,0.00055695,8
FBXL19,7,0.0044462774,0.0006351825,1
CATSPERG,3,0.004445851,0.0014819503,1
MYCN,9,0.0044442,0.0014814,3
RRAGD,24,0.0044393293,0.00018497206,1
AGBL4,6,0.0044342605,0.0014780868,2
UBR4,24,0.0044339723,0.00055424654,3
ADH7,51,0.004421859,0.00026010937,3
RNF220,4,0.0044207526,0.0011051882,1
RAET1E,4,0.004418263,0.0011045658,1
HLA-DRB5,80,0.0044176467,0.000110441164,2
RAB31,22,0.0044155046,0.00040140955,2
PADI3,39,0.0044132094,0.0014710699,13
ANO4,9,0.004412643,0.0014708812,3
PRICKLE1,7,0.0044121207,0.00063030294,1
FGFBP1,16,0.0044077802,0.00055097253,2
TRIM14,4,0.004405114,0.0011012785,1
CXCL13,75,0.0043972586,0.00029315057,5
MARCO,4,0.0043897973,0.0010974493,1
GDF6,52,0.0043892916,0.00033763782,4
NAP1L1,6,0.0043869284,0.0021934642,3
CNTN5,78,0.004385373,0.001461791,26
LDHB,18,0.004375462,0.00024308122,1
KCNAB2,7,0.0043745856,0.0006249408,1
CLVS2,16,0.004372195,0.0010930487,4
NCR3LG1,6,0.00436633,0.0014554434,2
KLK5,3,0.004361103,0.0014537009,1
SIGLEC11,3,0.0043601743,0.0014533914,1
ISG20,12,0.0043519796,0.0010879949,3
ENPP1,22,0.0043501756,0.00019773525,1
SH3D19,4,0.004349442,0.0010873605,1
KRT24,32,0.004347591,0.0010868978,8
CRISPLD2,15,0.0043378533,0.0014459512,5
MSH5,2,0.004337032,0.002168516,1
GUCY1B2,12,0.0043336824,0.0003611402,1
FBXL20,7,0.0043329233,0.00061898906,1
MED13L,111,0.0043160752,0.0014386919,37
RAB38,45,0.004310005,0.00047888941,5
MTNR1B,44,0.0043085814,0.00039168922,4
ITLN1,30,0.0042916625,0.0014305542,10
AGBL1,24,0.0042864447,0.0014288148,8
ABCC11,4,0.004283115,0.0010707787,1
WDR41,3,0.004281006,0.0014270019,1
BRAP,14,0.004280766,0.00061153795,2
C1GALT1,8,0.0042774687,0.0005346836,1
ASIP,3,0.004273565,0.0014245217,1
B4GALT4,14,0.00426938,0.00030495573,1
MORF4L1,96,0.0042661885,0.0010665471,24
UHRF1BP1L,5,0.004259107,0.00085182145,1
ACTR3B,54,0.0042521856,0.00047246506,6
PRXL2B,48,0.004247136,8.8482e-05,1
OR7A10,4,0.004245159,0.0010612898,1
FCGR2A,899,0.0042449683,0.00014637821,31
ID4,70,0.0042425483,0.00042425486,7
RDH13,45,0.004242526,0.0008485052,9
MPHOSPH10,5,0.0042405166,0.0008481033,1
WWC1,14,0.004240335,0.0006057621,2
RAPGEF5,8,0.0042367745,0.0010591936,2
UGT3A1,56,0.004234418,0.0010586045,14
MRPL51,6,0.004223786,0.0007039643,1
OSBPL5,12,0.0042207316,0.0007034553,2
SKIL,63,0.0042167543,0.00020079782,3
DOCK9,20,0.004214515,0.0004214515,2
SLC44A4,9,0.0042073834,0.00046748703,1
GMDS,13,0.0042041647,0.00032339728,1
CD36,45,0.0042020297,9.337844e-05,1
MYBPC1,3,0.0042007635,0.0014002546,1
PTPN5,4,0.0042004776,0.0010501194,1
MIA2,8,0.0041979193,0.0005247399,1
STON1-GTF2A1L,44,0.0041974704,0.0010493676,11
RPP21,228,0.0041970154,0.0010492539,57
IKBKE,53,0.004196754,7.918404e-05,1
MUCL1,36,0.004194404,0.0004660449,4
RIC1,7,0.0041925497,0.0005989357,1
PITPNB,12,0.0041875625,0.0006979271,2
SLC4A2,9,0.0041852864,0.00046503183,1
MSTN,18,0.004183402,0.00023241121,1
NDUFAF2,7,0.004182764,0.00059753767,1
TRIM10,12,0.004181594,0.0010453985,3
ADAMTS12,4,0.00417824,0.00104456,1
ADAMTS7,80,0.0041772374,0.0010443093,20
OSBPL10,5,0.004175943,0.00083518855,1
ITGBL1,15,0.0041719233,0.0008343847,3
UBAC1,4,0.0041688625,0.0010422156,1
LCE3D,15,0.004168614,0.001389538,5
FBXO11,16,0.0041677495,0.0005209687,2
DIO2,36,0.0041657896,0.00034714912,3
THRAP3,3,0.004158557,0.0013861856,1
PADI1,3,0.004150161,0.001383387,1
HSCB,2,0.004148287,0.0020741434,1
WLS,9,0.004146166,0.0013820553,3
SLC36A1,11,0.004142585,0.00037659865,1
PLPPR4,12,0.0041404325,0.0006900721,2
CX3CR1,98,0.004134029,0.00029528778,7
OR1F12,6,0.0041201534,0.0013733845,2
ALDOA,48,0.004110629,8.563811e-05,1
ABCA3,7,0.00410553,0.0005865043,1
CBLB,406,0.004104094,0.00014152049,14
MYH10,42,0.004102294,0.00019534733,2
TRIM46,8,0.0041021714,0.0010255428,2
OR2J1,8,0.004094329,0.0010235823,2
DIO3,22,0.0040910556,0.00037191412,2
MCM4,26,0.0040895087,0.0001572888,1
OR9G4,3,0.0040888884,0.0013629628,1
GMFG,3,0.0040884325,0.0013628108,1
ZNF274,5,0.004085967,0.00081719336,1
TAF6,22,0.004082323,0.00018556014,1
HERPUD1,6,0.0040822504,0.0013607502,2
PRSS3,20,0.004078908,0.0004078908,2
P3H2,4,0.0040785624,0.0010196406,1
USP12,208,0.0040778155,0.0010194539,52
IL34,6,0.0040702606,0.00067837676,1
AGBL3,6,0.004052855,0.0013509516,2
MZT1,99,0.0040523703,0.00045026335,11
PLEKHG5,15,0.00405198,0.000270132,1
ROBO4,2,0.0040489705,0.0020244853,1
ELMO1,165,0.004040667,0.00012244446,5
RNF213,9,0.0040362673,0.00044847414,1
LCN9,4,0.0040358645,0.0010089661,1
CRYL1,30,0.004034257,0.00080685137,6
RNGTT,64,0.004034048,0.000252128,4
WNT5A,325,0.0040328675,6.204411e-05,5
MIS18BP1,8,0.0040286165,0.0010071541,2
UBA7,20,0.004025818,0.0002012909,1
TBX3,96,0.00402381,0.00134127,32
ADGRE1,5,0.0040190076,0.0008038015,1
AGMO,12,0.0040135137,0.0010033784,3
OCA2,12,0.0040116003,0.0013372,4
MSI2,7,0.0040112045,0.0005730292,1
MCM7,27,0.004008957,0.0001484799,1
COQ6,8,0.0040075206,0.0005009401,1
TEAD3,15,0.0040022833,0.00026681888,1
DLG2,21,0.004001843,0.00019056394,1
OR4X1,3,0.003997725,0.001332575,1
PRSS23,8,0.003996507,0.0009991267,2
NRG1,220,0.0039954623,7.2644776e-05,4
CD2AP,18,0.003991485,0.00044349834,2
SMYD1,6,0.0039890204,0.0013296735,2
SNRPE,15,0.0039861547,0.00026574364,1
NUP35,158,0.00398374,5.0427094e-05,2
HNF1B,2,0.00398308,0.00199154,1
CAVIN1,121,0.00398043,0.0003618573,11
CTSF,5,0.003977104,0.00079542084,1
OR5V1,20,0.003976944,0.000994236,5
IKZF3,8,0.0039735325,0.0019867662,4
FAF1,6,0.0039724726,0.0006620788,1
ZNF516,6,0.0039697476,0.0013232492,2
ADAMTS18,36,0.0039612916,0.00066021533,6
FBLIM1,3,0.0039605643,0.001320188,1
GLB1,665,0.003955794,0.00011302269,19
HPGDS,18,0.003953793,0.00021965516,1
CAPN14,4,0.003952289,0.0019761445,2
IL20RA,54,0.003949607,0.00043884522,6
SPTLC3,24,0.003946235,0.00049327937,3
DPH5,10,0.0039399066,0.0007879814,2
CLEC4C,15,0.0039395043,0.0007879008,3
LTA,48,0.0039394856,0.00016414523,2
SLIT1,11,0.0039338,0.00035761818,1
IRX5,20,0.003931946,0.001965973,10
RBM17,198,0.00392522,0.0006542033,33
C4BPA,8,0.0039246557,0.00049058197,1
CD8A,19,0.003923772,0.0002065143,1
SRGAP2,18,0.003923118,0.000217951,1
KCNC2,12,0.0039223474,0.0013074491,4
UVRAG,8,0.0039216396,0.0009804099,2
GPD1L,7,0.003918473,0.00055978185,1
BRINP1,33,0.003917418,0.001305806,11
CD209,11,0.0039149444,0.00035590402,1
ZNF627,8,0.0039145965,0.0009786491,2
SRPK1,3,0.0039141607,0.0013047202,1
LAG3,4,0.003909557,0.0009773893,1
OR6K6,3,0.003907861,0.0013026204,1
OR6N2,6,0.0039035934,0.0013011978,2
IP6K3,24,0.0039020982,0.00048776227,3
KCNA2,9,0.0038994625,0.0012998208,3
NRXN1,28,0.0038897311,0.0005556759,4
OR51V1,3,0.0038846838,0.0012948946,1
OSM,144,0.003884486,0.00024278037,9
FOXK1,28,0.0038823332,0.0009705833,7
MAN2A1,65,0.0038773771,0.0002982598,5
CASP14,15,0.0038765573,0.00077531143,3
TFAM,36,0.0038762523,0.00032302103,3
KCNH1,3,0.0038735243,0.0012911748,1
OR4C6,6,0.0038734712,0.0012911571,2
STON1,4,0.0038707736,0.0009676934,1
DYRK2,8,0.0038706306,0.00048382883,1
SH3PXD2A,7,0.0038629442,0.0005518492,1
CTRB1,35,0.003856899,0.00077137985,7
RTN4RL2,3,0.003851333,0.0012837776,1
ESRRB,32,0.0038479972,0.00048099965,4
OR4C16,3,0.0038477972,0.001282599,1
GGH,11,0.0038456656,0.00034960595,1
PDK4,36,0.0038449757,0.00032041463,3
KIF1A,96,0.0038448824,0.0004806103,12
IL4I1,29,0.0038417391,0.00013247377,1
SAA4,3,0.0038401582,0.0012800527,1
NLRP3,99,0.003839609,0.00011635178,3
HSD17B4,88,0.0038376097,8.72184e-05,2
KLRF1,87,0.003837217,0.0012790724,29
ZFP36L2,66,0.0038297898,0.0012765966,22
ANK2,42,0.003825423,0.00027324448,3
CAPN10,6,0.0038210712,0.0012736904,2
PSMB9,189,0.0038155469,0.00014131654,7
MST1,12,0.003815022,0.00031791852,1
ARHGAP26,30,0.0038134772,0.0002542318,2
EPB41L3,16,0.003813292,0.0004766615,2
SLCO3A1,54,0.0038119555,0.0006353259,9
SYMPK,15,0.0038074541,0.00025383028,1
KCNJ8,55,0.0038058925,6.9198046e-05,1
TUBG2,40,0.0038050616,0.0003805062,4
CD53,6,0.00380209,0.0012673633,2
PITX2,65,0.003798894,0.0002922226,5
NPS,84,0.0037961674,0.0002711548,6
RXFP1,36,0.003795724,0.00021087355,2
AK4,33,0.003793216,0.0003448378,3
ADCYAP1,24,0.0037871099,0.00015779624,1
DENND2B,4,0.0037745931,0.0009436483,1
LORICRIN,6,0.0037580598,0.0012526866,2
GALNT10,24,0.003757823,0.00046972788,3
ABL2,46,0.0037568682,0.0001633421,2
PIK3R5,82,0.003755543,9.15986e-05,2
CTNNA2,14,0.0037513804,0.00026795574,1
GATB,6,0.0037475445,0.0018737722,3
FAM13A,7,0.0037469112,0.00053527305,1
ZNF713,4,0.0037382022,0.00093455054,1
CPLX3,2,0.0037381186,0.0018690593,1
HSPA4,10,0.003733464,0.0003733464,1
NMU,45,0.0037315108,0.00041461232,5
NHLRC2,4,0.0037301672,0.0009325418,1
FZD7,208,0.003729648,7.1724004e-05,4
PRM1,16,0.0037291704,0.0018645852,8
SPTBN1,37,0.0037212095,0.00010057323,1
NUDT7,21,0.0037180095,0.00053114427,3
AUH,50,0.0037142963,0.00014857185,2
EFNA4,39,0.0037119891,0.0002855376,3
NUB1,12,0.0037094764,0.0012364921,4
ZIM3,4,0.0037091887,0.00092729717,1
PF4V1,3,0.0037086545,0.0012362181,1
SPRR2B,3,0.0037060387,0.0012353462,1
FBXO7,14,0.0037054436,0.000529349,2
ANKH,6,0.0037023257,0.0012341086,2
HIP1,7,0.0036968805,0.0005281258,1
RPS6KA1,206,0.0036938244,3.5862373e-05,2
CCNG2,36,0.0036929701,0.00041033002,4
PUM2,8,0.0036918297,0.0018459149,4
MAP1B,25,0.0036906998,0.00073814,5
DNMT3L,75,0.0036886919,0.00073773845,15
GADL1,8,0.0036865494,0.00046081867,1
FGF14,26,0.0036856718,0.00028351322,2
KCNQ3,22,0.0036844169,0.000334947,2
CXCR5,300,0.0036809645,0.00024539762,20
MAFB,14,0.0036787328,0.0018393664,7
ZWINT,36,0.0036768164,0.00020426758,2
MRPL33,7,0.003672253,0.0005246076,1
HIKESHI,4,0.0036677541,0.00091693853,1
ST8SIA1,14,0.0036676761,0.00026197688,1
OPRK1,144,0.0036656004,0.00020364448,8
RPAP2,12,0.0036649993,0.0012216663,4
FMO1,12,0.0036516269,0.00030430223,1
KCNG2,9,0.0036344286,0.0012114762,3
ABCB8,8,0.0036317424,0.0009079356,2
PLCE1,28,0.0036290423,0.00012960866,1
EVC,8,0.003628928,0.000453616,1
PPP1R3B,4,0.0036253717,0.0018126859,2
COL24A1,12,0.0036228981,0.00060381636,2
KIF17,9,0.003622307,0.00040247856,1
LCE4A,6,0.0036182408,0.0012060803,2
FBXW12,14,0.003612325,0.0005160464,2
PHACTR2,8,0.0036121053,0.0009030263,2
ALDH1L1,13,0.0036117986,0.00027783067,1
SLC35D2,13,0.0036044396,0.00027726457,1
TSKU,1,0.0036013555,0.0036013555,1
MGMT,36,0.0035943694,0.00059906155,6
SCN9A,9,0.0035915282,0.00039905868,1
OPA1,4,0.00358764,0.00089691,1
CALY,1,0.0035829865,0.0035829865,1
TAF11,21,0.0035799185,0.00017047231,1
KNG1,90,0.0035797206,7.954935e-05,2
HIVEP3,5,0.0035726721,0.0007145344,1
ZNF564,4,0.0035717161,0.00089292903,1
ZNF485,6,0.0035698307,0.0011899436,2
JMJD1C,4,0.0035676921,0.00089192303,1
IL1F10,7,0.0035663364,0.00050947664,1
PPARD,120,0.0035646039,0.00011882013,4
OSMR,17,0.003561014,0.00020947141,1
SLAMF6,16,0.0035604795,0.0008901199,4
ZMAT5,4,0.0035601198,0.00089002994,1
FBXO32,64,0.0035583242,0.00022239526,4
PPP5C,32,0.0035399871,0.0002212492,2
GPR65,28,0.0035396547,0.00050566497,4
ACAN,36,0.0035355128,0.00029462608,3
NANOGP8,4,0.003529601,0.0017648005,2
UFL1,4,0.0035260904,0.0008815226,1
OAS3,16,0.003525234,0.00022032713,1
RNF20,11,0.003519226,0.00031992965,1
KAZN,9,0.003518644,0.0011728815,3
PROX1,10,0.003518014,0.001759007,5
SAP18,19,0.003517099,0.00018511048,1
ETV3,1,0.003512513,0.003512513,1
CWC27,12,0.0035099878,0.00087749696,3
MMUT,117,0.0035098467,8.9996065e-05,3
EVL,15,0.0035054972,0.00023369981,1
CD44,64,0.0035004667,0.000109389584,2
FRMD6,6,0.0034998313,0.0017499157,3
IZUMO3,45,0.003498315,0.001166105,15
ESPN,4,0.003492684,0.000873171,1
MYO9B,17,0.003490515,0.00020532441,1
CD300LF,3,0.0034792307,0.0011597435,1
SERPINB5,6,0.0034777597,0.0005796266,1
CCNC,21,0.0034631293,0.00016491092,1
RNASEL,11,0.0034560561,0.0003141869,1
SLC39A14,11,0.003454849,0.00031407716,1
RPTN,3,0.00344837,0.0011494566,1
NRP2,39,0.0034354592,0.0002642661,3
TRMT9B,27,0.0034292906,0.0011430968,9
AGTPBP1,15,0.003420225,0.001140075,5
LAMA2,64,0.0034135864,0.000106674575,2
ADD3,8,0.0034135722,0.00042669653,1
EFNA5,216,0.003411941,0.00018955227,12
GBE1,42,0.0034066504,0.00024333216,3
TDGF1,66,0.0034065803,0.00056776335,11
STARD13,32,0.003401839,0.00042522987,4
MIR30B,2,0.003395984,0.001697992,1
TNS1,5,0.0033934964,0.0006786993,1
ZFHX3,10,0.0033834237,0.0006766847,2
STAT2,48,0.003380831,7.043398e-05,1
OR51B4,3,0.0033806849,0.001126895,1
GATA3,78,0.0033780097,8.6615626e-05,2
HAUS6,16,0.0033730916,0.00021081822,1
ASIC5,12,0.0033725786,0.00084314466,3
GIPR,16,0.0033604917,0.00021003073,1
TRIM39,4,0.00336037,0.0008400925,1
ADAMTS14,7,0.0033602295,0.0004800328,1
PRLR,63,0.0033575892,0.0001598852,3
ADGRF4,4,0.0033565075,0.0016782538,2
INO80,4,0.0033533662,0.00083834154,1
SLC25A37,4,0.0033531564,0.0016765782,2
UBE2J2,32,0.0033516106,0.00020947566,2
GGA1,14,0.0033515273,0.0004787896,2
LRFN2,18,0.0033478972,0.0011159658,6
ZNF804B,15,0.0033471845,0.0011157282,5
KIF26A,16,0.0033435617,0.0004179452,2
SLC30A7,30,0.0033405013,0.00033405013,3
FRS3,32,0.003336261,0.00010425816,1
CCR2,506,0.0033349409,0.00014499744,22
ESPNL,4,0.003334083,0.0008335207,1
ANGPT1,20,0.0033333069,0.00016666534,1
HCAR1,9,0.0033309362,0.000370104,1
KCNF1,9,0.003329994,0.001109998,3
TLR9,36,0.0033299846,9.249957e-05,1
TNFRSF18,22,0.003329116,0.0003026469,2
ERP44,3,0.0033270144,0.0011090048,1
SDCCAG8,18,0.0033262353,0.00018479086,1
OR13J1,3,0.0033256589,0.0011085529,1
RAB3C,6,0.0033209804,0.0011069934,2
CEMIP,10,0.003314908,0.0006629816,2
TJP1,116,0.0033039106,0.000113927956,4
ARSI,184,0.0033038326,0.00041297908,23
GRK5,32,0.0032997294,0.00020623309,2
LCE3A,15,0.0032993779,0.0010997927,5
ERCC4,144,0.0032911226,0.00020569516,9
DLGAP4,3,0.0032910025,0.0010970008,1
MCU,12,0.003289933,0.00027416108,1
KNTC1,36,0.0032891324,0.00018272958,2
GPR15,11,0.0032866793,0.00029878903,1
ENTPD5,32,0.0032850953,0.00010265923,1
TUBGCP5,11,0.0032834252,0.0002984932,1
NDUFS8,19,0.0032771295,0.0001724805,1
DRD3,60,0.0032766033,0.00016383018,3
BAAT,74,0.0032645962,8.823233e-05,2
ZFP90,64,0.0032630991,0.0008157748,16
BPIFB4,3,0.0032626719,0.0010875573,1
PANK4,6,0.0032610756,0.0005435126,1
KIFAP3,13,0.0032607098,0.00025082382,1
FOSB,24,0.0032599156,0.00013582982,1
HS6ST3,27,0.0032525596,0.0003613955,3
CYP3A43,20,0.0032506299,0.00016253149,1
VPS52,4,0.0032499144,0.0008124786,1
TRHR,22,0.0032474934,0.00029522667,2
EVPL,4,0.0032461374,0.00081153435,1
KDM4A,11,0.003236536,0.00029423053,1
NPBWR2,18,0.0032354714,0.00035949683,2
DNAJC19,2,0.0032266555,0.0016133278,1
RNF182,24,0.0032247405,0.0008061851,6
IL16,13,0.0032246043,0.00024804648,1
ACTR3C,9,0.003222757,0.0003580841,1
RAB6B,12,0.003218554,0.00026821284,1
PTPRM,30,0.0032105092,0.0010701697,10
F12,36,0.003208927,8.913686e-05,1
EIF3E,48,0.0032067334,0.00020042084,3
SLC28A3,72,0.003200737,0.00026672808,6
OR10T2,6,0.00319895,0.0010663167,2
KPNA7,15,0.003197507,0.00063950144,3
PNPLA3,10,0.0031972663,0.00031972662,1
CCDC187,30,0.0031930327,0.00063860655,6
OR12D2,42,0.003185508,0.001061836,14
AGPAT5,24,0.0031848834,0.00026540694,2
CTNND2,12,0.003184762,0.001592381,6
DSC3,30,0.003183458,0.0010611527,10
TTLL11,3,0.0031809236,0.0010603078,1
CYP7B1,24,0.0031796498,0.00013248541,1
PKP2,56,0.0031754195,0.00045363134,8
HLA-DMA,155,0.0031727117,0.000102345526,5
MEX3B,4,0.0031726202,0.0031726202,4
TRIM9,4,0.0031646024,0.0007911506,1
CTLA4,888,0.0031644315,0.00013185131,37
ESAM,4,0.0031630504,0.0007907626,1
BPIFA2,3,0.003156736,0.0010522454,1
GALNT16,8,0.003154127,0.00039426587,1
CPEB4,260,0.0031495153,0.0007873788,65
SULT2B1,13,0.0031460295,0.00024200228,1
MDGA2,6,0.003145696,0.0010485653,2
SMOX,66,0.0031455532,0.00028595937,6
LITAF,18,0.0031442265,0.0015721133,9
MBD4,10,0.003142816,0.0003142816,1
TTLL6,3,0.0031358919,0.0010452972,1
ZNF747,9,0.003135588,0.0010451959,3
CASP5,6,0.0031349594,0.0005224932,1
FGF21,252,0.0031339456,0.00011192663,9
WDR46,4,0.0031157164,0.0007789291,1
TGFBI,60,0.003115675,0.0010385583,20
UBQLN4,8,0.003108977,0.0015544886,4
CD80,200,0.0031049915,6.2099825e-05,4
KCNB1,12,0.0031044018,0.00077610044,3
PSMB2,33,0.0031035338,9.4046474e-05,1
CACNA1I,39,0.0030939851,0.00023799886,3
SEC24B,17,0.0030922554,0.00018189738,1
ICOS,300,0.0030848256,0.00015424126,15
PFAS,25,0.003084661,0.00012338645,1
CPM,6,0.0030804784,0.0010268262,2
ARHGAP8,28,0.0030800817,0.00011000292,1
HIPK1,8,0.0030787298,0.00038484123,1
UVSSA,12,0.0030740986,0.0005123497,2
CDSN,6,0.003070267,0.0010234223,2
NF2,135,0.0030696888,0.00020464593,9
WIPI1,11,0.003069021,0.00027900192,1
HPX,3,0.0030685065,0.0010228355,1
NCL,16,0.0030663835,0.00038329794,2
NID2,16,0.0030659891,0.0015329946,8
CGNL1,4,0.0030624694,0.0015312347,2
ANK1,17,0.0030607514,0.0001800442,1
LRPPRC,12,0.0030564063,0.00076410157,3
OR52N1,6,0.0030553348,0.0010184449,2
MBD6,4,0.003051036,0.000762759,1
SLC16A3,16,0.0030499778,0.00019062361,1
ZMYND11,1,0.0030493366,0.0030493366,1
WDR91,5,0.0030478486,0.0006095697,1
SHOC2,13,0.0030453024,0.00023425402,1
LGI2,6,0.003044811,0.0015224055,3
SIPA1L1,16,0.0030406408,0.0007601602,4
LAPTM4A,14,0.0030372513,0.0015186256,7
EDIL3,30,0.0030367654,0.0010122551,10
RING1,135,0.003035811,0.00011243743,5
NCAM1,23,0.0030334548,0.00013188933,1
IL20RB,54,0.0030275134,0.00033639037,6
ADORA1,48,0.0030210426,0.00012587677,2
ATP8A2,3,0.0030202756,0.0010067585,1
OR2S2,12,0.0030150476,0.0007537619,3
COL28A1,10,0.0030139205,0.0006027841,2
FPGS,13,0.0030113095,0.00023163919,1
ACTA2,14,0.0030095773,0.00021496981,1
STIM2,4,0.0029972442,0.0014986221,2
CYP3A7-CYP3A51P,25,0.0029880698,0.00011952279,1
EPHA8,12,0.0029861375,0.0004976896,2
DNMT3A,273,0.002980154,0.0001419121,13
ULK3,8,0.0029783454,0.00074458634,2
PRRC2C,1,0.0029761726,0.0029761726,1
ELAC2,14,0.0029748818,0.00042498313,2
GCA,6,0.002971273,0.0009904243,2
STAT4,30,0.0029712296,9.904099e-05,1
MBIP,12,0.0029659353,0.0007414838,3
ETV1,16,0.002954826,0.001477413,8
MVK,38,0.0029512385,7.7664175e-05,1
ZNF596,12,0.0029503948,0.0007375987,3
GPX5,16,0.0029501962,0.00018438726,1
TYR,57,0.0029442136,0.00015495862,3
OVGP1,6,0.002935775,0.0009785917,2
LRSAM1,5,0.002931582,0.0005863164,1
EEFSEC,8,0.0029288298,0.00073220744,2
ALDH2,90,0.0029240276,3.2489195e-05,1
GRIK1,27,0.0029076356,0.00032307062,3
PDE9A,8,0.0029032347,0.00036290433,1
C6,17,0.0028952323,0.00017030779,1
RALGAPA2,6,0.0028939,0.0009646333,2
AP4E1,6,0.0028927256,0.00048212093,1
SLC25A28,34,0.002891413,0.0014457065,17
MCF2L,20,0.0028870236,0.00014435119,1
CLCNKB,4,0.0028858786,0.00072146964,1
PLEKHA5,6,0.0028831153,0.00048051923,1
NAA35,4,0.0028811737,0.00072029344,1
ZNF563,4,0.0028750857,0.0007187714,1
NRGN,6,0.0028677974,0.00047796624,1
ATP7B,5,0.0028649364,0.00057298725,1
CD180,2,0.0028621757,0.0028621757,2
F2RL3,20,0.0028591186,0.00014295593,1
TRMT44,6,0.0028587137,0.00095290464,2
HGS,47,0.0028563992,6.077445e-05,1
VDR,114,0.0028561496,7.516183e-05,3
PCBD1,28,0.0028472787,0.0004067541,4
ZNF184,16,0.0028433271,0.0007108318,4
ELOVL6,60,0.0028424566,0.00023687138,5
FMNL2,9,0.0028390372,0.0003154486,1
CAMKMT,16,0.002834173,0.00035427161,2
HAPLN1,8,0.0028338798,0.0014169399,4
FXYD3,10,0.0028323187,0.00028323187,1
ST6GALNAC3,72,0.0028310614,0.00015728119,4
LAIR2,105,0.0028276304,0.00094254344,35
LRRC4C,14,0.0028270509,0.0014135254,7
NUF2,72,0.0028268073,0.00015704487,4
UBE3A,51,0.002820493,0.00016591135,3
NELL2,15,0.0028188021,0.0005637604,3
LAMA4,24,0.0028175176,0.000117396565,1
OPN4,8,0.0028143656,0.0003517957,1
SRP68,4,0.0028139693,0.0007034923,1
SLC24A2,80,0.0028133763,0.00056267524,16
UBD,72,0.0028130154,0.00070325384,18
RPGRIP1L,12,0.002812493,0.00046874883,2
FCAMR,2,0.0028120347,0.0014060173,1
HERC1,5,0.002809653,0.0005619306,1
TTC23,1,0.0028037059,0.0028037059,1
GPAT3,20,0.0027984774,0.00027984774,2
ADAM19,9,0.0027934555,0.00093115174,3
NRN1,12,0.0027892664,0.0006973166,3
JUND,30,0.0027835516,9.2785056e-05,1
NLRP10,1,0.002780667,0.002780667,1
ACAP2,2,0.0027780342,0.0013890171,1
CES1P1,2,0.0027762556,0.0027762556,2
VAT1,3,0.0027741832,0.0009247277,1
PRUNE1,1,0.0027734032,0.0027734032,1
ATIC,112,0.0027729361,9.903343e-05,4
PGM2L1,16,0.0027719666,0.00017324791,1
FLG,3,0.0027707298,0.0009235766,1
CLDN8,10,0.0027676083,0.00027676084,1
SLIT2,198,0.0027605696,0.00015336498,11
DYSF,12,0.0027594164,0.0013797082,6
MKKS,2,0.002759041,0.0013795205,1
NOS1,53,0.002754077,5.1963718e-05,1
EPAS1,38,0.0027537602,0.00014493475,2
CACNA1G,65,0.002751472,4.233034e-05,1
TG,4,0.0027508938,0.00068772346,1
WASHC4,1,0.002748775,0.002748775,1
ZDHHC17,1,0.0027435971,0.0027435971,1
FJX1,1,0.0027416311,0.0027416311,1
SCNN1B,66,0.0027389796,8.299938e-05,2
DUSP1,44,0.0027263984,0.0001239272,2
CAV3,13,0.0027188952,0.00020914579,1
PPP1R3A,8,0.0027118307,0.00067795767,2
ALDH8A1,10,0.0027043407,0.00054086815,2
GAK,15,0.002700656,0.00054013124,3
ATP13A4,3,0.00269806,0.0008993533,1
SEMA3D,1,0.0026978292,0.0026978292,1
CALCR,34,0.00269552,0.00015856,2
BCL11B,14,0.0026950184,0.0013475092,7
C1D,4,0.0026890668,0.0026890668,4
EPSTI1,6,0.0026793252,0.0004465542,1
AP1S3,17,0.0026784851,0.00015755795,1
SARS1,20,0.0026772777,0.00013386388,1
TAF15,21,0.002674493,0.0001273568,1
DDX6,130,0.0026724855,0.00053449714,26
KCNQ4,9,0.002670162,0.00029668465,1
TMC6,3,0.0026678033,0.0008892678,1
LPA,6,0.0026657477,0.00044429128,1
ADGRL2,32,0.0026644198,0.0013322099,16
PAX9,1,0.0026602012,0.0026602012,1
CD244,3,0.0026581278,0.0008860426,1
MYL2,31,0.00265672,8.5700645e-05,1
RGS8,20,0.0026558903,0.00026558904,2
HCAR3,9,0.0026496784,0.0002944087,1
PLEKHA1,21,0.0026487743,0.00037839633,3
VLDLR-AS1,1,0.002646367,0.002646367,1
LCE2C,3,0.0026456704,0.0008818901,1
GPD2,38,0.0026443447,0.00013917605,2
PREX2,26,0.0026400643,0.00020308187,2
THSD7B,12,0.0026375542,0.00065938855,3
SLC25A21,4,0.0026360278,0.00065900694,1
RAB3A,48,0.0026339828,0.00010974928,2
ZNF181,1,0.0026335807,0.0026335807,1
NAV3,12,0.0026325362,0.0013162681,6
PRDM2,20,0.0026251734,0.0013125867,10
PTPRA,28,0.0026248777,0.00018749126,2
EN1,8,0.0026245671,0.0013122836,4
IGFBP5,18,0.0026179384,0.00029088205,2
SERPINA5,5,0.0026143428,0.0005228686,1
NADK,10,0.002611883,0.0002611883,1
CDH17,14,0.0026100648,0.0003728664,2
COL18A1,60,0.0026078864,0.0001738591,4
APC2,22,0.002600891,0.00011822232,1
UQCRC1,19,0.0026001693,0.00013685101,1
THOC5,9,0.0025991332,0.00028879257,1
CRBN,28,0.002593894,0.0006484735,7
SEMA6C,2,0.002589603,0.0012948015,1
ARAP3,91,0.0025882125,0.00019909327,7
TLE5,9,0.0025856732,0.00028729704,1
SARM1,7,0.0025850572,0.00036929388,1
ZIC2,4,0.0025816434,0.00064541085,1
PROS1,22,0.0025702456,0.000116829346,1
SLC27A6,28,0.0025672964,0.0003667566,4
TRRAP,19,0.0025669208,0.0001351011,1
PLEKHH1,1,0.0025663113,0.0025663113,1
MRPL3,7,0.0025659334,0.0003665619,1
IL11RA,26,0.0025619227,0.00019707096,2
LRRK2,230,0.0025615445,0.00025615445,23
ADGRF5,1,0.0025603552,0.0025603552,1
HERC4,15,0.0025591592,0.00051183184,3
FBN2,12,0.0025546763,0.0008515587,4
EXT1,44,0.0025515328,0.00023195753,4
ABCB5,12,0.002549975,0.0008499917,4
TRAM1,20,0.0025451332,0.00050902663,4
STK19,1,0.0025429106,0.0025429106,1
ABHD17C,15,0.002542134,0.0005084268,3
OR11H7,3,0.0025409039,0.000846968,1
HNRNPAB,6,0.0025349415,0.0012674708,3
SEM1,48,0.0025302416,0.0001581401,3
CALML6,46,0.002526239,5.491824e-05,1
CD274,32,0.0025175055,0.0003146882,4
TNFSF15,204,0.0025160934,0.00041934891,34
ROR2,17,0.0025151672,0.00014795101,1
DAPP1,33,0.002510886,0.00022826238,3
LCE3E,27,0.0025092587,0.00083641964,9
OR52B4,1,0.002503011,0.002503011,1
B3GAT2,36,0.0024972649,0.00020810543,3
SIRPG,150,0.002491236,0.00041520604,25
MRPL4,35,0.0024889621,0.00035556604,5
GLMN,5,0.0024881586,0.0004976317,1
RBFOX1,156,0.0024863717,0.00041439524,26
ST3GAL6,19,0.0024831712,0.00013069322,1
DCTN5,16,0.0024759145,0.00015474466,1
RIN3,4,0.0024756952,0.0006189238,1
OR8A1,3,0.0024727848,0.00082426163,1
LSR,10,0.0024716724,0.00024716725,1
GNA15,46,0.0024699864,5.3695356e-05,1
ZNF189,4,0.002469842,0.0006174605,1
SEC14L1,2,0.002469728,0.001234864,1
PKP1,24,0.0024674444,0.00020562038,2
SST,80,0.0024667603,6.166901e-05,2
SYN2,36,0.0024665175,0.00041108625,6
CPEB3,2,0.0024621645,0.0012310822,1
SLC26A2,15,0.0024586376,0.00016390918,1
OR2J3,24,0.0024586052,0.0006146513,6
LAIR1,130,0.0024532194,0.0004906439,26
MGAM,36,0.0024531642,0.00013628691,2
MUC5B,12,0.0024516638,0.00020430532,1
NLK,30,0.00244663,8.155433e-05,1
ZNRF3,10,0.00244616,0.000489232,2
LRRFIP2,2,0.0024418845,0.0012209422,1
MUC19,72,0.0024415164,0.0002712796,8
MED4,18,0.0024384863,0.0004064144,3
CALU,10,0.0024358418,0.00024358419,1
NPNT,2,0.0024351706,0.0012175853,1
CSGALNACT2,11,0.0024346,0.00022132727,1
ARC,26,0.002433871,0.00018722084,2
IL13,204,0.0024335727,7.157567e-05,6
GABRR1,10,0.0024315254,0.00024315254,1
UAP1,45,0.0024255675,0.0001617045,3
MLN,252,0.002421809,0.00017298636,18
KCNN1,5,0.0024199302,0.00048398605,1
SLC17A3,6,0.0024187746,0.0008062582,2
MIR17HG,1,0.002417671,0.002417671,1
RASSF6,2,0.0024119962,0.0012059981,1
SLC6A19,12,0.002411794,0.00020098283,1
C1GALT1C1L,2,0.0024109078,0.0012054539,1
MIR302E,4,0.0024029182,0.0012014591,2
DNAH8,8,0.0024015862,0.00060039654,2
OXSM,5,0.0024011142,0.00048022284,1
MSH2,19,0.002395378,0.00012607253,1
RPL24,26,0.0023951815,9.212236e-05,1
PPP2R2A,31,0.0023921423,7.716588e-05,1
ABCC9,59,0.0023879001,4.0472885e-05,1
KIDINS220,48,0.0023830242,0.00014893901,3
KIR3DL3,12,0.0023792626,0.0007930875,4
MFAP3,6,0.0023760346,0.0007920115,2
TRIOBP,4,0.0023741429,0.0005935357,1
GPR161,7,0.002374012,0.00033914458,1
DET1,10,0.0023739203,0.00047478406,2
HBS1L,20,0.0023725147,0.00047450294,4
OR2AG2,3,0.0023706728,0.00079022424,1
ZNF678,3,0.0023690257,0.0007896752,1
CHST2,36,0.0023689112,0.00026321237,4
PSG3,2,0.002366557,0.0011832785,1
LYPD5,9,0.0023661193,0.0007887064,3
DCK,17,0.0023642532,0.00013907372,1
SEL1L2,1,0.002362039,0.002362039,1
SOCS5,22,0.0023615672,0.00021468793,2
PIGR,10,0.002359076,0.0004718152,2
NADSYN1,54,0.0023543534,0.0001307974,3
RBMXL2,2,0.0023533567,0.0023533567,2
TRPM6,10,0.0023527665,0.00047055326,2
ZFPM2,30,0.0023519483,0.00047038964,6
KCNV2,18,0.0023513597,0.00078378647,6
NRROS,4,0.002351,0.0011755,2
REV3L,30,0.0023475445,0.00023475445,3
PROM1,8,0.0023451308,0.0011725654,4
ATG4C,20,0.0023450626,0.00058626564,5
CAMKK1,26,0.0023446376,9.017837e-05,1
EARS2,14,0.0023413356,0.00016723826,1
UGT1A9,135,0.002337574,5.194609e-05,3
CUL2,450,0.0023358862,0.00012977146,25
IL21,108,0.0023350655,0.00038917759,18
CMAS,28,0.0023346874,0.00016676339,2
CACNB4,18,0.002333263,0.00012962573,1
SEMA4D,45,0.0023328322,0.0002592036,5
GRID1,2,0.0023218924,0.0011609462,1
MON1B,12,0.002319148,0.000579787,3
PPP6R1,8,0.0023184146,0.00028980183,1
CFI,8,0.0023178556,0.00028973195,1
GPNMB,4,0.0023161846,0.00057904614,1
MAP3K8,1375,0.0023118798,4.203418e-05,25
SLC9C2,3,0.0023104972,0.00077016576,1
INPP4B,60,0.002307029,0.00015380194,4
SPATA5,1,0.0023064443,0.0023064443,1
NAA20,1,0.0023015104,0.0023015104,1
STAP1,2,0.0022980934,0.0011490467,1
SUPT3H,18,0.0022967465,0.00038279104,3
RPS24,30,0.0022953907,7.6513024e-05,1
ETV5,16,0.0022926861,0.00028658577,2
KLK3,17,0.0022896938,0.00013468787,1
WNT7A,126,0.0022882707,5.4482633e-05,3
CCL23,84,0.002287342,0.00019061184,7
LMO4,3,0.0022862563,0.00076208543,1
TBC1D15,1,0.0022846432,0.0022846432,1
EZH1,3,0.0022790344,0.00075967814,1
PABPC4L,24,0.0022762842,0.00075876137,8
PAPPA2,2,0.0022702976,0.0011351488,1
ABHD16A,2,0.0022684042,0.0022684042,2
BASP1,5,0.0022654268,0.00045308535,1
GBP4,5,0.0022622643,0.00045245286,1
MAT1A,44,0.002258169,0.000102644044,2
SLC19A2,9,0.0022575718,0.00025084132,1
NF1,23,0.0022558914,9.808224e-05,1
HUS1,26,0.0022544342,8.6709006e-05,1
CPD,10,0.0022539655,0.00022539655,1
ASAP1,112,0.002251329,0.00016080921,8
LAT,245,0.0022484032,4.5885776e-05,5
ENPP3,13,0.0022480108,0.00017292392,1
CACNA1E,55,0.0022477652,0.0002043423,5
ATP10B,90,0.0022448234,0.0007482745,30
ST6GAL1,72,0.0022435824,9.34826e-05,3
GLRB,8,0.002240517,0.00056012924,2
HERC6,4,0.0022400818,0.00056002045,1
MERTK,8,0.002238581,0.00055964524,2
ACOT6,10,0.002234577,0.0002234577,1
SLC9A8,60,0.0022331874,0.00055829686,15
ATF6,15,0.0022291958,0.00014861305,1
LAT2,7,0.0022289709,0.0003184244,1
RNLS,78,0.0022285748,0.00037142914,13
BAZ1B,9,0.002228148,0.000247572,1
UNC5B,60,0.002227654,0.00018563782,5
RPH3A,16,0.0022266747,0.0011133373,8
KCNH5,48,0.0022258589,0.0007419529,16
THSD4,5,0.0022240817,0.00044481634,1
KIAA0586,2,0.002219161,0.0011095805,1
CLEC2D,27,0.0022188944,0.0007396315,9
TSLP,10,0.0022179016,0.00044358033,2
DSEL,25,0.0022157035,0.00044314069,5
ZIC1,2,0.0022150688,0.0011075344,1
PTPN1,225,0.0022132755,4.9183902e-05,5
RAB26,3,0.002213114,0.0007377046,1
RASA2,26,0.002212874,0.00017022106,2
RAP1GAP,11,0.0022126078,0.00020114616,1
ALDH1B1,228,0.0022110303,5.8185004e-05,6
TREML2,3,0.002210001,0.000736667,1
PTPRN,1,0.0022096517,0.0022096517,1
EHD4,2,0.0022091873,0.0011045936,1
LCE5A,3,0.002207814,0.000735938,1
CREB5,76,0.0022055479,5.8040732e-05,2
WDPCP,2,0.002203796,0.001101898,1
RARB,105,0.0022031516,0.000104911975,5
GOSR2,28,0.0022004358,0.000157174,2
CALD1,5,0.0021967902,0.00043935803,1
CD84,4,0.002195511,0.00054887775,1
NIPBL,5,0.0021934845,0.00043869688,1
EOMES,296,0.002189817,0.0002737271,37
HMGA1,26,0.0021870385,8.4116866e-05,1
MATN4,4,0.002182678,0.001091339,2
HTRA1,3,0.002180954,0.00072698464,1
NTN1,16,0.0021784166,0.00013615104,1
UNC5C,14,0.002173509,0.0003105013,2
PTHLH,40,0.0021695234,0.000108476175,2
HEPHL1,1,0.0021649676,0.0021649676,1
AMBRA1,14,0.002164781,0.00015462723,1
IL19,63,0.002160297,0.000240033,7
EPHA5,7,0.002159249,0.00030846414,1
ATP2A2,80,0.0021538138,2.6922673e-05,1
MYL7,8,0.0021534266,0.00026917833,1
SPRR2A,3,0.002152823,0.0007176076,1
DHX16,6,0.002152185,0.0003586975,1
KRBA1,12,0.0021497512,0.00071658375,4
CHDH,19,0.002148971,0.000113103735,1
MAGOH,15,0.0021431325,0.0001428755,1
BPNT2,10,0.0021426624,0.00021426624,1
LAMA1,66,0.002142602,6.4927335e-05,2
CFAP410,1,0.002140182,0.002140182,1
FBXL3,12,0.0021381387,0.00017817823,1
VRK1,9,0.0021372421,0.00023747135,1
LRIG2,1,0.0021345264,0.0021345264,1
COL7A1,20,0.0021325457,0.00010662728,1
ZFP42,18,0.0021299878,0.0010649939,9
HTR1E,70,0.0021296716,0.0001521194,5
ECI2,14,0.0021158147,0.00015112963,1
S1PR5,52,0.0021154853,0.00016272963,4
GAB1,108,0.0021085981,1.9524057e-05,1
SRSF3,14,0.0021083811,0.00015059866,1
NDUFAB1,24,0.0021051362,8.7714005e-05,1
CAV1,75,0.0021038817,2.8051756e-05,1
CPPED1,6,0.002098688,0.00069956266,2
MAN1A1,45,0.0020970122,0.00013980082,3
TBCE,3,0.0020958448,0.0006986149,1
FBF1,4,0.0020913663,0.0005228416,1
FZR1,31,0.002088921,6.738454e-05,1
CARD6,6,0.002088123,0.0010440615,3
NT5C3A,42,0.002086493,0.0001490352,3
STIL,2,0.0020852806,0.0020852806,2
HOXA2,20,0.0020838203,0.00041676403,4
BATF,15,0.0020796848,0.0006932282,5
LRRTM4,21,0.0020795923,0.00069319736,7
UBXN4,1,0.0020780566,0.0020780566,1
NAGPA,1,0.0020768095,0.0020768095,1
PTPRH,11,0.0020763946,0.0020763946,11
PDE2A,17,0.0020745837,0.00012203433,1
MAP3K21,8,0.0020729518,0.00051823794,2
USP37,4,0.0020710784,0.0005177696,1
NIPSNAP2,6,0.002070531,0.0003450885,1
CTSB,19,0.0020696884,0.000108930966,1
CHST15,22,0.002064641,0.00018769465,2
ADAMTS5,80,0.0020596464,0.00020596464,8
S100A10,3,0.0020578715,0.0006859572,1
FAAP20,2,0.002056697,0.0010283485,1
HLA-DMB,348,0.0020529923,7.079284e-05,12
ESM1,5,0.0020493215,0.0020493215,5
DDO,12,0.002046946,0.00017057883,1
FPR2,19,0.0020413548,0.00010743972,1
ACVR1C,30,0.002039517,0.00020395171,3
PRIM2,30,0.0020382411,6.794137e-05,1
UBE2E2,18,0.0020381284,0.00033968806,3
PEX2,8,0.002037874,0.00025473424,1
CRHR1,20,0.002035719,0.000101785954,1
PPL,12,0.0020293402,0.00033822338,2
EBF3,4,0.0020292064,0.0020292064,4
HHEX,30,0.0020270483,0.00033784137,5
CAPN8,6,0.002021117,0.0010105585,3
TRIP11,11,0.0020203309,0.00018366645,1
ZNF770,6,0.0020198114,0.00067327044,2
TPK1,96,0.002018552,0.000252319,12
FBLL1,2,0.0020149574,0.0020149574,2
LBR,117,0.0020139585,5.1639963e-05,3
SELENOV,1,0.0020132563,0.0020132563,1
FBXL17,35,0.0020125222,0.00028750318,5
SEMA3B,2,0.0020059117,0.0010029558,1
KLHL42,7,0.00200529,0.00028647,1
SIPA1L2,4,0.0020044334,0.0020044334,4
SLC30A8,80,0.0020043044,0.00020043046,8
DOCK7,30,0.0020017494,0.00020017492,3
FGD5,6,0.0019971973,0.0003328662,1
ABCC3,29,0.0019969926,6.886182e-05,1
CUL9,3,0.0019938839,0.00066462794,1
EMP2,2,0.001986108,0.001986108,2
PON1,9,0.0019855706,0.00022061897,1
LSM4,117,0.0019847061,0.00022052291,13
ZNF767P,9,0.0019781,0.00065936666,3
IFT27,8,0.0019750162,0.00024687703,1
DLGAP1,35,0.0019743035,0.00039486072,7
UGT1A5,42,0.0019721282,9.391086e-05,2
BRMS1L,4,0.0019720697,0.0019720697,4
SPARC,34,0.0019708313,0.00011593125,2
GAS1,90,0.0019691663,0.00021879624,10
FOXN3,5,0.0019673344,0.0019673344,5
FABP6,14,0.0019666583,0.00014047559,1
STOML1,2,0.001962413,0.001962413,2
PNLIPRP1,15,0.0019623206,0.00013082138,1
CARMIL1,2,0.0019622762,0.0009811381,1
BCO2,7,0.00196186,0.00028026573,1
KCNIP3,12,0.0019602238,0.00032670394,2
HGFAC,4,0.0019576633,0.00048941583,1
DOCK10,12,0.0019565076,0.00016304229,1
DPF1,4,0.0019454261,0.00048635653,1
DDR2,12,0.0019411431,0.00048528577,3
TSPAN8,3,0.0019390209,0.0019390209,3
GPR63,5,0.0019338999,0.0019338999,5
STX7,2,0.0019331573,0.00096657866,1
VLDLR,56,0.0019317684,0.00013798344,4
OSBPL6,15,0.0019309871,0.00038619744,3
CCN4,4,0.0019299595,0.00096497976,2
ADAMTS6,8,0.0019297868,0.0004824467,2
SESN1,13,0.0019297078,0.00014843907,1
DMRT1,8,0.0019270335,0.00048175838,2
PLAC8,5,0.0019214433,0.00038428867,1
CACNA1D,50,0.0019204732,3.8409464e-05,1
SIK2,2,0.0019201746,0.0009600873,1
CCL24,12,0.0019185907,0.0004796477,3
MOGAT1,7,0.0019113229,0.00027304614,1
CA6,6,0.0019110433,0.00063701445,2
PIWIL1,8,0.0019101235,0.00047753088,2
LYPD4,3,0.0019101076,0.0006367025,1
CDH13,49,0.0019098361,0.0002728337,7
RASGRP3,40,0.0019057688,9.528844e-05,2
RSPH4A,1,0.0019050833,0.0019050833,1
BTG2,13,0.0019040474,0.00014646519,1
IRF2,26,0.0019026553,0.00014635811,2
EXOC6B,1,0.0019025154,0.0019025154,1
COPS7B,14,0.0019006557,0.00013576112,1
ATG2B,7,0.0018986217,0.00027123166,1
P4HA3,17,0.0018951589,0.00011147994,1
CRTC3,1,0.0018920748,0.0018920748,1
LINC-ROR,1,0.0018908344,0.0018908344,1
TNFRSF9,280,0.0018892232,0.0002361529,35
RNF7,14,0.0018877848,0.00013484177,1
ABCC4,90,0.0018877784,6.292595e-05,3
PCTP,5,0.001882619,0.001882619,5
SEC24D,17,0.001881758,0.000110691646,1
SLC4A4,32,0.0018782374,0.00023477967,4
PDE4B,80,0.0018757206,0.000117232536,5
CD38,136,0.0018743207,0.000110254165,8
ABCC12,1,0.0018741788,0.0018741788,1
LRP8,12,0.0018727263,0.00015606052,1
MSGN1,1,0.0018706147,0.0018706147,1
ACP1,8,0.0018685919,0.00023357398,1
PEX5L,2,0.0018679369,0.0018679369,2
MLXIPL,11,0.0018648762,0.0001695342,1
RPS26,120,0.0018624197,6.208065e-05,4
RORB,6,0.0018611716,0.00031019526,1
S100B,7,0.0018604322,0.00026577603,1
HOXD1,1,0.0018594025,0.0018594025,1
SERPINB2,9,0.0018593462,0.00020659402,1
FBP2,15,0.0018537522,0.00012358348,1
MYO7A,4,0.0018508066,0.00046270166,1
SGPP2,16,0.0018450604,0.000115316274,1
GBA3,35,0.0018449583,0.00036899163,7
SLC2A2,98,0.0018442103,3.7636946e-05,2
CPEB1,3,0.0018420133,0.00061400444,1
SIGLEC6,63,0.0018378866,0.00061262894,21
UBE2QL1,1,0.0018351739,0.0018351739,1
MEIS1,3,0.0018339641,0.00061132136,1
TNN,20,0.0018321181,0.00018321181,2
SELENBP1,2,0.0018319327,0.00091596635,1
HSPH1,22,0.001831117,0.00016646518,2
ARHGEF10,17,0.0018292607,0.00010760357,1
POM121L2,12,0.0018289002,0.0009144501,6
CD72,8,0.0018275109,0.00022843886,1
CAAP1,13,0.0018269198,0.0018269198,13
CDH19,14,0.0018266218,0.0009133109,7
MED30,54,0.0018254508,0.00030424178,9
COX10,12,0.0018239183,0.0001519932,1
ASB7,14,0.001818822,0.00025983172,2
PIBF1,3,0.00181832,0.00060610665,1
KCNIP4,24,0.0018178294,0.00045445736,6
ARHGAP20,49,0.0018177064,0.00025967235,7
NPY1R,52,0.0018163125,0.00013971634,4
MPDZ,4,0.0018137218,0.0018137218,4
IRF1,377,0.0018121728,6.248872e-05,13
ZFP69B,4,0.0018118497,0.0004529624,1
KIF25,8,0.001811075,0.00022638438,1
CPN2,4,0.0018104196,0.0004526049,1
IP6K1,8,0.0018096399,0.00022620498,1
PAX7,18,0.0018040022,0.0006013341,6
KCNJ10,15,0.0018016526,0.00012011018,1
ADGRG6,3,0.0017975669,0.00059918896,1
STC1,2,0.0017960392,0.0017960392,2
HRNR,6,0.0017957699,0.00059858995,2
DNAH9,3,0.0017898076,0.0005966025,1
IPPK,12,0.0017858451,0.00014882043,1
CARD18,3,0.0017839847,0.0017839847,3
OR1M1,3,0.0017836149,0.0005945383,1
SLC16A12,4,0.0017819357,0.00089096784,2
ME3,27,0.0017814973,0.00019794413,3
IL1A,240,0.0017793305,2.2241633e-05,3
ZP3,4,0.0017791846,0.00044479614,1
DIO1,12,0.0017782727,0.00014818939,1
FCRL3,4,0.0017781106,0.0017781106,4
CSTF3,13,0.00177523,0.00013655616,1
TOR1AIP1,14,0.0017742463,0.00025346375,2
MLPH,1,0.0017659192,0.0017659192,1
STRA6,3,0.0017644607,0.00058815355,1
STYK1,2,0.0017605014,0.0017605014,2
SNRNP48,4,0.0017597448,0.0004399362,1
FTMT,40,0.0017565939,0.0001756594,4
NCKIPSD,15,0.0017558131,0.00011705421,1
UGT1A7,75,0.0017521834,7.008734e-05,3
TRIM21,44,0.0017521535,0.00015928668,4
BCAT1,192,0.0017508096,5.47128e-05,6
HPS1,5,0.0017486768,0.00034973535,1
KDM1A,34,0.001748033,5.1412735e-05,1
EPB41L2,4,0.0017469926,0.00043674815,1
RBM22,10,0.0017434055,0.0003486811,2
TLR5,18,0.0017432899,9.6849435e-05,1
CLEC16A,45,0.001742257,0.001742257,45
VIL1,10,0.0017408285,0.00087041425,5
DCTN4,48,0.0017406974,0.00010879359,3
ELN,6,0.0017338456,0.0005779485,2
ALLC,2,0.0017327839,0.0008663919,1
ARSJ,56,0.001731167,0.00021639587,7
BEST3,6,0.0017290481,0.0005763493,2
ZNF544,4,0.0017278376,0.0004319594,1
PATJ,7,0.0017240156,0.00024628793,1
KCNJ1,12,0.001723911,0.0002873185,2
TAP1,19,0.001723204,9.069495e-05,1
HYDIN,1,0.0017221994,0.0017221994,1
CENPA,24,0.0017218422,7.174342e-05,1
ARHGAP5,62,0.0017216674,5.5537657e-05,2
PELO,8,0.001720776,0.000860388,4
MDH1,87,0.0017160851,5.917535e-05,3
CNGB3,3,0.0017156284,0.0005718761,1
KALRN,25,0.0017130659,6.852263e-05,1
MBTPS1,42,0.0017121059,8.152885e-05,2
PER1,6,0.0017094675,0.00028491125,1
AZIN2,6,0.0017091184,0.00028485307,1
DUSP16,15,0.0017032722,0.00011355148,1
FBLN1,15,0.0017032385,0.0005677462,5
KCNN2,72,0.0017030031,0.00014191693,6
LTBP1,11,0.0017022665,0.0001547515,1
GATAD2A,22,0.0017012849,7.733113e-05,1
OR2F2,8,0.0017005252,0.0004251313,2
CDKAL1,20,0.0016999242,0.0016999242,20
ATP2B4,21,0.0016970787,8.081327e-05,1
TMEM38B,5,0.0016961278,0.0016961278,5
APOBEC3A_B,1,0.0016961201,0.0016961201,1
CR1L,14,0.0016910706,0.00024158151,2
ELAVL2,16,0.0016903301,0.00042258253,4
STT3B,32,0.0016892003,0.00042230007,8
RNF146,12,0.0016885616,0.00014071347,1
EPHB1,33,0.0016861777,0.00015328889,3
AIF1,8,0.0016850583,0.0008425292,4
SPINK5,9,0.0016832739,0.00056109135,3
ENSA,6,0.0016787988,0.0002797998,1
RPS3,32,0.0016785124,5.2453513e-05,1
CREG1,12,0.0016778209,0.00041945523,3
CACNA2D3,132,0.0016774177,0.0001397848,11
UBE2E3,252,0.0016733364,0.00018592626,28
PCSK9,78,0.0016731462,0.00012870356,6
COL8A2,7,0.0016706483,0.00023866406,1
PPP2R3A,15,0.0016697197,0.00011131465,1
PRRG4,4,0.0016689526,0.0008344763,2
TBL1XR1,66,0.0016667462,5.050746e-05,2
PSD4,1,0.0016648368,0.0016648368,1
AHI1,6,0.0016618932,0.0002769822,1
CEP162,4,0.0016614324,0.0004153581,1
IFT22,5,0.001661286,0.0003322572,1
ENPP2,36,0.0016610812,0.00027684687,6
CRACR2A,4,0.0016596707,0.00041491768,1
CERS6,45,0.0016587276,0.00018430306,5
STRN,15,0.0016578331,0.00011052221,1
SLC37A2,15,0.0016508618,0.00033017236,3
DDR1,15,0.001647171,0.00054905703,5
CLPTM1L,1,0.001643552,0.001643552,1
AQP1,40,0.0016434414,4.1086034e-05,1
APBA1,9,0.0016434025,0.00018260028,1
LOXL4,6,0.001640893,0.00027348218,1
COLEC10,12,0.0016333491,0.00027222486,2
ZNF668,6,0.0016326894,0.0005442298,2
KCNMA1,57,0.0016312593,8.5855754e-05,3
MTMR9,304,0.0016295869,0.00020369836,38
APOA4,34,0.0016289628,9.582135e-05,2
RUNX1T1,24,0.0016284524,0.0004071131,6
TOP3A,26,0.0016283647,6.262941e-05,1
KCNG1,6,0.0016249921,0.0005416641,2
NEK1,4,0.0016224857,0.0016224857,4
MYH14,20,0.0016215132,8.107566e-05,1
PECAM1,20,0.0016208775,8.104388e-05,1
MIR187,4,0.00162013,0.00162013,4
OR6S1,12,0.0016178724,0.00053929084,4
DEF6,22,0.0016138196,0.00014671088,2
CALCOCO1,1,0.0016116224,0.0016116224,1
ERRFI1,81,0.0016112572,0.00053708575,27
KIRREL3,3,0.001609057,0.00053635234,1
SLC17A7,14,0.0016050567,0.00011464691,1
KATNA1,1,0.0016042616,0.0016042616,1
TAF4,21,0.0016006946,7.622355e-05,1
FLOT1,18,0.0016000965,8.8894245e-05,1
SKAP2,92,0.0015982004,0.0003995501,23
DPPA3,2,0.001598083,0.001598083,2
ZNF302,4,0.00159784,0.00039946,1
RNF152,20,0.0015974976,0.00031949952,4
SERBP1,24,0.0015972313,0.0015972313,24
KCNK5,20,0.0015967323,0.00031934644,4
DNAH11,4,0.0015962615,0.00039906538,1
ZCCHC7,1,0.0015939359,0.0015939359,1
CELSR2,4,0.001590463,0.0007952315,2
PPP2R2C,72,0.0015882334,8.823519e-05,4
DDIT4L,1,0.0015835662,0.0015835662,1
NFIX,1,0.0015825717,0.0015825717,1
KCTD6,192,0.0015771006,9.856879e-05,12
PCLO,6,0.001576554,0.001576554,6
PTGFRN,14,0.0015755594,0.0015755594,14
EYA4,8,0.0015718918,0.00039297296,2
BMP5,26,0.0015716903,0.000120899254,2
ARHGEF15,17,0.0015672324,9.2190145e-05,1
SMIM20,33,0.0015659693,0.0015659693,33
ZNF420,7,0.001565755,0.00022367928,1
NREP,1,0.0015645627,0.0015645627,1
MOS,72,0.0015645053,0.00017383393,8
CDH4,18,0.001560931,0.00017343677,2
PELI1,28,0.0015583204,5.56543e-05,1
GRXCR1,24,0.0015582225,0.00038955561,6
MAGI3,32,0.0015579864,0.0015579864,32
SERINC5,9,0.001556274,0.000518758,3
PCSK5,99,0.0015552692,0.00017280769,11
BAIAP2L1,10,0.0015547534,0.00015547534,1
CTRB2,36,0.0015534626,0.0007767313,18
UBE2U,15,0.0015521916,0.0003104383,3
LDB2,22,0.0015520548,0.0007760274,11
BCL6,40,0.0015496537,7.748269e-05,2
OR10R2,6,0.0015466679,0.00051555596,2
SCT,115,0.0015462413,6.7227884e-05,5
OMA1,4,0.0015451077,0.00038627692,1
ITM2B,3,0.0015436462,0.0015436462,3
MYO1G,1,0.001542381,0.001542381,1
MAGI2,5,0.0015414109,0.00030828218,1
KHDRBS3,36,0.0015406159,0.00038515398,9
SV2A,9,0.0015404321,0.00017115912,1
TCTN2,6,0.0015401831,0.00025669718,1
NR5A2,48,0.0015389808,0.00012824839,4
MIXL1,4,0.0015379818,0.00038449545,1
EPHA3,27,0.0015374523,0.00017082803,3
PTX3,6,0.0015368792,0.00025614654,1
GP1BA,36,0.001534797,8.52665e-05,2
FBXO45,8,0.0015318939,0.0007659469,4
EIF5A2,10,0.0015316077,0.00030632154,2
PRM2,4,0.0015275185,0.0015275185,4
GAD2,108,0.0015265405,5.6538538e-05,4
U2SURP,10,0.0015252372,0.00030504743,2
WFS1,30,0.0015234614,0.00025391023,5
ANO7,3,0.0015160483,0.0005053494,1
SLC18A1,90,0.0015150796,0.00010100531,6
PIAS2,36,0.0015123026,8.401681e-05,2
CDK14,5,0.0015109039,0.0015109039,5
DENND3,12,0.0015098198,0.00037745494,3
SLC25A13,11,0.0015079272,0.0001370843,1
TRIM6,4,0.0015055554,0.00037638884,1
MKLN1,1,0.0015052152,0.0015052152,1
PDE7B,18,0.0015030302,0.00016700335,2
ARHGAP39,19,0.0015030066,7.910561e-05,1
HSD17B13,3,0.0015027414,0.00050091377,1
CSDE1,1,0.0015027327,0.0015027327,1
UGT3A2,36,0.001500217,0.00037505425,9
PARD3,147,0.0014998659,7.142218e-05,7
OAT,21,0.0014989909,7.138052e-05,1
ARHGAP44,7,0.0014956823,0.0002136689,1
BACE2,1,0.0014952241,0.0014952241,1
PRNP,80,0.0014951781,9.344863e-05,5
SLC26A6,8,0.0014951468,0.00018689335,1
COL22A1,80,0.0014942338,0.00029884677,16
NCAM2,12,0.0014934164,0.0007467082,6
MRS2,2,0.0014930668,0.0007465334,1
P2RY2,63,0.0014924984,7.107136e-05,3
DAAM2,2,0.0014914954,0.0007457477,1
CAPG,1,0.001490165,0.001490165,1
PLEKHA7,4,0.0014898642,0.0014898642,4
ATAT1,2,0.0014885014,0.0007442507,1
CEP120,12,0.0014868241,0.0004956081,4
DAPK1,66,0.0014855539,0.00013505034,6
RASA3,30,0.0014846182,0.00014846181,3
PDE7A,20,0.0014814523,0.00014814522,2
GPR85,3,0.0014780699,0.0014780699,3
HSD17B1,11,0.0014754008,0.00013412735,1
ANKRD9,3,0.0014742105,0.0004914035,1
MDC1,24,0.0014737474,6.140614e-05,1
MON1A,4,0.0014732487,0.00036831218,1
HSF2,8,0.001472132,0.001472132,8
B2M,35,0.0014720348,4.205814e-05,1
MYH3,3,0.0014713877,0.0004904626,1
ROR1,24,0.0014712989,0.00012260824,2
ARHGAP32,19,0.0014706806,7.740424e-05,1
FAM110A,1,0.0014697866,0.0014697866,1
REXO2,22,0.0014688041,0.0014688041,22
RP1L1,4,0.0014676761,0.0014676761,4
CARD11,150,0.0014674853,5.869941e-05,6
SATB2,377,0.0014662585,0.00011278912,29
ZNF697,3,0.0014653954,0.0004884651,1
EPHB3,30,0.0014647814,0.00014647814,3
NECAP1,6,0.00146454,0.00024409,1
PGBD5,1,0.0014641657,0.0014641657,1
FAM120B,24,0.0014618643,0.0004872881,8
TNFRSF10D,17,0.0014614561,8.5968e-05,1
IBTK,2,0.0014599715,0.0014599715,2
TMEM86B,72,0.0014529108,0.00024215183,12
NKX3-1,15,0.0014525141,0.00029050282,3
AFAP1L2,1,0.0014515624,0.0014515624,1
RBBP8,64,0.0014504312,4.5325974e-05,2
TJP3,2,0.0014462294,0.0007231147,1
PDE6A,34,0.0014453188,8.501875e-05,2
FLG2,3,0.0014452997,0.00048176656,1
SPSB1,7,0.0014431775,0.0002061682,1
YPEL5,4,0.0014431449,0.00036078622,1
LALBA,16,0.0014423341,0.00018029177,2
VRK2,108,0.0014399585,7.99977e-05,6
IRF7,52,0.0014381171,2.7656099e-05,1
TRIM71,49,0.0014353404,0.00020504862,7
CD6,32,0.0014331829,0.0014331829,32
CLDN18,30,0.0014331439,0.00014331438,3
ZNF462,2,0.001431857,0.001431857,2
TSPAN14,10,0.0014317709,0.00028635416,2
TWSG1,2,0.0014302605,0.0014302605,2
HTR1B,84,0.0014296517,0.000102117985,6
GBP3,6,0.0014293378,0.00023822296,1
APTX,1,0.0014286899,0.0014286899,1
ASB3,105,0.0014280955,0.00020401366,15
NLRC5,8,0.0014274218,0.00035685545,2
PADI4,44,0.0014263641,0.00035659102,11
EPHB4,13,0.0014254348,0.000109648834,1
LATS2,22,0.001425192,0.00012956292,2
TSPAN33,14,0.0014220141,0.00071100704,7
FBXL21P,72,0.0014213044,0.00017766305,9
CEP295,2,0.001419105,0.001419105,2
RGS3,105,0.0014159473,9.4396484e-05,7
SH3BP2,20,0.0014143672,0.00028287343,4
NUTF2,1,0.0014077476,0.0014077476,1
TOM1L1,5,0.0014051057,0.0014051057,5
DEPDC5,4,0.0014049169,0.00070245843,2
ADHFE1,10,0.0014011638,0.00014011638,1
ADK,13,0.0014005733,0.00010773641,1
ARID5B,12,0.0013994606,0.00023324344,2
TRIM2,20,0.0013988477,0.00034971192,5
PTPN14,2,0.0013985313,0.0013985313,2
ANGPT4,12,0.0013959713,0.00011633094,1
HECW1,4,0.0013959482,0.00034898706,1
RNF123,8,0.0013948872,0.0001743609,1
LHX3,10,0.0013942625,0.00027885253,2
SNAI2,36,0.0013913481,7.729711e-05,2
SMAD7,156,0.0013823257,3.5444245e-05,4
USP46,8,0.0013805998,0.00034514995,2
TMC2,4,0.0013796275,0.00034490688,1
INSIG1,3,0.0013774843,0.0013774843,3
GLYCTK,19,0.001376092,7.242589e-05,1
ABCD4,6,0.0013756683,0.00022927806,1
SOX9,198,0.0013739887,6.245403e-05,9
MTX2,6,0.0013698138,0.0006849069,3
TIMMDC1,15,0.0013698036,0.00027396067,3
MOXD1,6,0.0013660883,0.00068304414,3
DYNC2H1,66,0.0013643123,0.00012402837,6
MIR129-1,6,0.00136426,0.00068213,3
RAB1A,156,0.0013629048,5.2419415e-05,6
CACNG8,21,0.0013619877,6.4856555e-05,1
ATG10,49,0.0013602516,0.00019432165,7
BEGAIN,3,0.00135824,0.00045274667,1
LILRB2,56,0.0013581741,0.00019402488,8
EPM2A,8,0.0013577498,0.00033943745,2
SHMT2,40,0.0013560643,3.3901608e-05,1
ARHGAP24,8,0.0013508549,0.00016885686,1
RPL37A,26,0.0013484175,5.186221e-05,1
MAGI1,48,0.0013481948,0.00022469914,8
TTBK1,1,0.0013460568,0.0013460568,1
PDP1,5,0.0013425091,0.0002685018,1
SERPINA6,5,0.0013399733,0.00026799465,1
CNTFR,13,0.001339783,0.00010306023,1
MAS1L,24,0.0013389027,0.0006694514,12
PPP2R2B,20,0.0013386279,6.6931396e-05,1
HIP1R,5,0.0013368783,0.00026737567,1
RB1CC1,39,0.0013363849,0.00010279883,3
GALNTL5,6,0.0013353107,0.0002225518,1
NLRP7,28,0.0013344071,0.00066720357,14
RAB27A,12,0.0013341119,0.00011117599,1
MRC1,11,0.0013340737,0.00012127943,1
PRKD2,10,0.0013337022,0.00013337022,1
TGS1,156,0.0013334777,0.00011112315,13
UGT8,105,0.0013328501,8.885667e-05,7
VPS25,4,0.0013325433,0.00033313583,1
MT1HL1,4,0.0013307407,0.0003326852,1
DSE,27,0.0013305821,0.00014784247,3
IL22RA2,70,0.0013296199,0.00018994571,10
COLEC11,11,0.0013290187,0.00012081989,1
DSCC1,14,0.0013281724,0.00018973893,2
PRTG,2,0.001327725,0.001327725,2
MTMR3,39,0.0013276531,0.00010212717,3
EPS8L2,4,0.0013243627,0.00033109068,1
FLNB,105,0.0013236275,8.824184e-05,7
DOT1L,7,0.0013228315,0.00018897593,1
TRPC7,56,0.0013224116,9.445797e-05,4
INSIG2,4,0.0013223998,0.0013223998,4
DNAJC13,3,0.0013218276,0.0004406092,1
FZD3,47,0.0013208666,2.8103545e-05,1
AXIN1,71,0.0013186939,1.8573153e-05,1
NRG2,47,0.0013172306,2.8026183e-05,1
GSTCD,2,0.0013168302,0.0013168302,2
SHC4,28,0.0013137207,4.6918598e-05,1
PON2,7,0.0013136548,0.00018766498,1
ADGRL4,10,0.0013103336,0.0013103336,10
NFKB2,92,0.0013099058,1.4238106e-05,1
OR51L1,3,0.0013093213,0.00043644043,1
LSM8,18,0.0013079578,0.00021799297,3
ZCRB1,13,0.0013078903,0.00010060694,1
MLXIP,3,0.0013071464,0.00043571545,1
EYA1,161,0.0013022486,0.00018603551,23
ADI1,7,0.001300544,0.000185792,1
PSMA6,1518,0.0013001749,3.939924e-05,46
ABCA12,12,0.0012994568,0.0003248642,3
HPSE2,8,0.0012993722,0.00016242152,1
ARL4A,7,0.0012958068,0.0012958068,7
CD69,36,0.0012925768,0.0012925768,36
TSEN15,4,0.001291744,0.000322936,1
PDLIM1,1,0.0012901212,0.0012901212,1
PTDSS2,60,0.0012884382,0.00012884382,6
ARHGAP31,28,0.0012878018,0.00018397169,4
FGD4,15,0.0012875439,8.583626e-05,1
ANTXR2,24,0.0012870714,0.00021451189,4
PSMD13,39,0.0012858966,3.2971708e-05,1
KRT25,20,0.0012850438,0.00032126094,5
GPR1,1,0.0012826651,0.0012826651,1
PKIA,120,0.0012784579,0.00042615263,40
SLC26A9,12,0.0012777251,0.00021295417,2
ERI1,4,0.0012733189,0.0012733189,4
HDGF,2,0.0012719394,0.0012719394,2
PROK2,56,0.0012718568,0.0001589821,7
BRDT,10,0.0012679156,0.0012679156,10
MDM4,28,0.0012665526,4.523402e-05,1
CCNA1,81,0.0012653929,1.5622134e-05,1
MTTP,9,0.0012653157,0.00014059064,1
CCDC124,1,0.0012628777,0.0012628777,1
SUCLG2,52,0.0012616977,4.8526836e-05,2
ZFAND5,2,0.0012581386,0.0006290693,1
DEAF1,4,0.0012578572,0.0012578572,4
SPARCL1,4,0.0012575064,0.0003143766,1
FCER1A,8,0.0012574795,0.00015718494,1
RSAD2,7,0.0012552917,0.0001793274,1
DNAH17,3,0.0012552026,0.00041840086,1
GRM4,34,0.0012543912,7.378771e-05,2
NRXN3,40,0.0012533691,0.00025067382,8
FAM83B,42,0.0012533679,0.00017905254,6
CFTR,36,0.0012523485,3.478746e-05,1
RGS16,17,0.0012515823,7.362249e-05,1
SETMAR,4,0.0012508768,0.0006254384,2
GPR135,2,0.0012503322,0.0012503322,2
FUT1,13,0.0012480671,9.600516e-05,1
AICDA,8,0.0012474966,0.00031187414,2
CEACAM3,5,0.0012426478,0.00024852954,1
FMO2,9,0.0012426308,0.00013807009,1
FBXL4,21,0.0012416227,0.00017737468,3
NECTIN3,48,0.0012414999,0.00015518749,6
TRPA1,36,0.0012407163,0.00020678605,6
OXTR,15,0.0012398298,8.265532e-05,1
ZNF300,16,0.0012363322,0.00030908306,4
SLC6A13,28,0.0012357483,8.8267734e-05,2
GM2A,18,0.0012308791,0.00013676434,2
SLC16A10,77,0.0012308784,0.00011189802,7
CCND2,52,0.0012308015,2.366926e-05,1
SHANK1,6,0.0012302534,0.00020504223,1
PVR,11,0.0012288087,0.00011170988,1
LINC00970,2,0.001227959,0.001227959,2
VGLL4,2,0.001227292,0.001227292,2
SCARB2,7,0.0012267801,0.0001752543,1
DDX18,15,0.0012263152,0.0012263152,15
UBA3,12,0.001224123,0.00010201026,1
SOSTDC1,6,0.0012237919,0.00040793064,2
AQP7,16,0.0012231851,0.00015289814,2
TPO,32,0.0012229015,7.6431344e-05,2
WTIP,6,0.0012217561,0.00020362601,1
MYRF,1,0.0012208723,0.0012208723,1
MAS1,12,0.0012186724,0.00020311207,2
KLF3,4,0.0012180943,0.0012180943,4
QSOX1,33,0.0012170161,0.00011063783,3
FIG4,16,0.0012170033,7.606271e-05,1
CATSPER3,3,0.0012123173,0.00040410575,1
KLHL2,28,0.0012122933,0.00017318474,4
P2RY1,209,0.0012118558,6.378189e-05,11
KCNQ5,25,0.0012089729,0.00024179458,5
INPP5K,16,0.001208904,7.55565e-05,1
RAG1,6,0.0012084574,0.00020140957,1
PADI6,4,0.0012074577,0.00030186443,1
SEPTIN9,2,0.0012066852,0.0006033426,1
ABR,20,0.0012066786,6.033393e-05,1
PKD2,10,0.0012061312,0.00024122624,2
YARS1,11,0.0012034968,0.0001094088,1
OR5AK2,3,0.0011998093,0.00039993643,1
RHOD,9,0.0011994335,0.00013327038,1
LDLRAD4,2,0.0011937219,0.0011937219,2
HNRNPU,7,0.0011919739,0.00017028199,1
GRM6,17,0.0011907713,7.0045375e-05,1
CDH7,112,0.0011884857,0.00016978367,16
CUX1,10,0.0011845473,0.00011845473,1
SLC9A9,24,0.001184292,0.000296073,6
ACACB,27,0.0011825862,4.379949e-05,1
SLC44A2,13,0.0011820985,9.0930655e-05,1
KARS1,11,0.0011812736,0.00010738851,1
GALNT5,8,0.0011798592,0.0001474824,1
HNF4G,24,0.0011794192,0.00019656986,4
EYA2,8,0.0011784447,0.00029461118,2
PYGO1,16,0.0011767475,0.00014709344,2
SRCAP,1,0.0011755066,0.0011755066,1
CYP1B1,38,0.0011749654,3.0920142e-05,1
CHMP1A,6,0.0011723324,0.00019538874,1
XIRP2,12,0.0011691584,0.0002922896,3
SLC35C1,11,0.0011684863,0.00010622603,1
LILRA2,70,0.0011680017,0.00023360034,14
SLC30A5,10,0.0011663422,0.00011663422,1
SULT1A2,13,0.0011661806,8.97062e-05,1
TRPM3,12,0.0011648734,0.00029121834,3
GABRP,14,0.0011643546,0.00016633637,2
CHMP6,18,0.0011641345,6.467414e-05,1
NLRP5,1,0.0011631222,0.0011631222,1
SFRP5,4,0.0011627892,0.0002906973,1
ZNF875,4,0.001161969,0.00029049226,1
SYT2,12,0.0011603687,9.669739e-05,1
OR14J1,24,0.0011601261,0.00029003152,6
HERC2P10,2,0.0011576357,0.0011576357,2
TPCN2,14,0.0011555906,0.00016508438,2
KLF6,12,0.001154055,0.000384685,4
PNKD,2,0.0011530245,0.0011530245,2
OR8B4,3,0.0011516565,0.0003838855,1
BBS12,2,0.0011512109,0.00057560543,1
ZNF768,2,0.001150834,0.001150834,2
FGD3,13,0.0011494245,8.841727e-05,1
LZTFL1,21,0.0011492273,0.0001641753,3
EIF4E2,14,0.0011487652,8.2054656e-05,1
UNC13C,22,0.001148614,0.000574307,11
TDH,3,0.0011483943,0.0003827981,1
SCAF11,1,0.00114766,0.00114766,1
CENPW,120,0.0011431273,0.00028578183,30
PRLHR,35,0.0011416691,0.0001630956,5
PPFIA4,10,0.0011416413,0.000114164126,1
CRYAA,6,0.0011410204,0.0011410204,6
GARRE1,8,0.0011400424,0.0001425053,1
ELP3,20,0.0011347829,0.00022695657,4
PROKR2,9,0.0011347786,0.00012608651,1
NDST3,9,0.0011346859,0.00012607622,1
BRD1,30,0.0011341008,0.00011341009,3
FOLR1,14,0.0011320544,8.086103e-05,1
EBF1,15,0.0011282514,0.00037608383,5
NEURL1B,34,0.0011274712,6.632184e-05,2
CYTH4,165,0.0011273376,0.00010248523,15
TMC1,8,0.0011250181,0.00028125453,2
ADGRL3,4,0.0011228552,0.0005614276,2
ATXN3,12,0.0011226126,9.3551054e-05,1
BTNL9,3,0.0011209208,0.00037364024,1
PLEKHG6,35,0.001120443,0.00016006328,5
GDI2,8,0.0011199219,0.00013999024,1
SPNS1,2,0.0011196332,0.0011196332,2
SNCA,88,0.0011187532,0.00010170484,8
SLITRK1,33,0.0011174026,0.00037246753,11
CYTIP,2,0.0011170802,0.0011170802,2
RAB11FIP5,2,0.0011162058,0.0011162058,2
MICA,36,0.0011157673,0.00018596121,6
SLC26A7,18,0.00111428,0.00018571333,3
ARFGAP1,18,0.0011118356,6.1768646e-05,1
SAR1A,4,0.0011106911,0.00027767278,1
SGF29,6,0.001110113,0.00037003765,2
CACNA1S,72,0.0011099766,3.083268e-05,2
TAS2R38,8,0.0011093543,0.00013866929,1
DNAH12,10,0.0011069666,0.00011069667,1
EMSY,33,0.0011040897,0.0011040897,33
USP16,4,0.0011022245,0.0002755561,1
RHBDD2,2,0.001101638,0.001101638,2
RPRM,14,0.0011007164,0.0005503582,7
RNF14,6,0.0010986633,0.00018311055,1
IL27,32,0.0010984931,0.00013731164,4
RNU6-1,6,0.0010978663,0.00054893317,3
RHOB,124,0.001093617,3.5277964e-05,4
ICA1,3,0.0010928753,0.0010928753,3
CD19,60,0.001092793,3.6426434e-05,2
FUT2,22,0.0010913931,9.921755e-05,2
SFTA3,2,0.0010871557,0.00054357783,1
NTSR1,72,0.0010858661,9.048885e-05,6
ATG4D,4,0.0010853308,0.0002713327,1
PIAS1,38,0.0010846141,2.8542476e-05,1
CYTL1,2,0.0010839946,0.0010839946,2
ATG3,8,0.001083681,0.00013546013,1
PBRM1,10,0.001082915,0.0001082915,1
CUBN,14,0.0010794397,7.7102835e-05,1
POLE,40,0.0010791252,2.697813e-05,1
ASCC2,20,0.001079024,0.000269756,5
MANBA,16,0.0010786955,0.00013483694,2
STRA8,1,0.0010785898,0.0010785898,1
NOX4,18,0.0010783256,5.9906975e-05,1
NEK7,242,0.0010778946,9.7990414e-05,22
MARVELD3,2,0.0010768251,0.0010768251,2
TAF7,21,0.0010762169,5.1248426e-05,1
PGAP1,15,0.0010741021,0.00021482042,3
KCTD15,25,0.0010740153,0.00021480306,5
IGFBP2,5,0.0010717617,0.00021435235,1
CCDC59,6,0.001068212,0.000534106,3
PHF19,3,0.0010659206,0.00035530687,1
WIPF3,42,0.0010633473,5.0635586e-05,2
PCGF3,2,0.0010611422,0.0010611422,2
ARIH2,5,0.0010608024,0.00021216048,1
JDP2,6,0.0010602127,0.0010602127,6
PRM3,2,0.001056706,0.001056706,2
OSBPL3,20,0.0010526134,0.00021052269,4
MYL6,22,0.0010516586,4.7802667e-05,1
GABRR3,20,0.0010500662,0.00010500661,2
RPL39L,69,0.0010497692,4.5642144e-05,3
DCLRE1B,2,0.0010489991,0.00052449957,1
HNRNPD,63,0.0010462014,0.00014945735,9
TUT7,33,0.0010461617,0.0003487206,11
SGMS1,19,0.0010453949,5.5020784e-05,1
ITGB2,44,0.001043717,2.3720842e-05,1
GAL3ST2,1,0.001042721,0.001042721,1
MIR4491,1,0.0010423948,0.0010423948,1
OR12D1,6,0.0010398432,0.0010398432,6
ATP5MC2,20,0.0010391226,5.195613e-05,1
DNAAF3,1,0.001038628,0.001038628,1
PEMT,45,0.0010383534,6.922357e-05,3
LMO7,8,0.0010377672,0.0001297209,1
ADGRG1,1,0.0010362018,0.0010362018,1
FOXP1,24,0.0010354761,0.0003451587,8
DNAJB4,1,0.0010344255,0.0010344255,1
MTHFS,42,0.001033934,7.3852425e-05,3
BCHE,51,0.0010271244,6.0419086e-05,3
ATP12A,5,0.0010263126,0.00020526252,1
HLX,6,0.0010220609,0.000340687,2
HSD17B2,11,0.0010218259,9.2893264e-05,1
OPCML,9,0.001021535,0.00034051167,3
TAAR9,14,0.0010201394,7.28671e-05,1
SFTPD,18,0.0010196808,0.0001699468,3
NECTIN2,28,0.001018427,7.2744784e-05,2
SORL1,4,0.00101796,0.00050898,2
CCL13,132,0.0010141825,8.45152e-05,11
OSTF1,30,0.0010139935,0.00033799783,10
FEZ1,1,0.0010139258,0.0010139258,1
NEURL1,19,0.0010122046,5.3273925e-05,1
VPS35L,3,0.0010115213,0.00033717378,1
COMP,13,0.0010115113,7.780856e-05,1
SLC35B4,12,0.0010109885,0.00016849808,2
ZNF230,4,0.0010105765,0.00025264412,1
WWTR1,20,0.001010048,5.05024e-05,1
IFT140,10,0.0010096148,0.00010096148,1
ASCC1,5,0.0010094824,0.00020189649,1
HAND1,10,0.0010072944,0.00020145887,2
SHBG,1,0.0010053451,0.0010053451,1
SNRNP70,8,0.001004172,0.0001255215,1
NFATC2IP,3,0.0010037665,0.0010037665,3
SORBS2,4,0.0010027168,0.0010027168,4
RDH14,24,0.0010017521,0.00016695868,4
GGT5,24,0.0010007375,4.1697396e-05,1
TRIB1,114,0.0010002804,0.00016671339,19
SLCO4C1,49,0.0010002239,0.00014288914,7
USP34,7,0.0009995424,0.00014279177,1
TRPM5,5,0.0009992688,0.00019985376,1
GABRG3,60,0.000999039,6.66026e-05,4
ID3,11,0.0009977926,9.070842e-05,1
ZDHHC7,15,0.0009943936,0.00019887874,3
TRAPPC9,30,0.0009935325,9.935325e-05,3
ZNF45,4,0.0009926236,0.0002481559,1
BTG4,1,0.000992398,0.000992398,1
MICB,45,0.0009914779,0.00019829556,9
CCL8,69,0.0009836504,0.0003278835,23
COL23A1,12,0.0009832042,8.1933686e-05,1
ADA,70,0.0009826939,2.8076967e-05,2
TRAFD1,1,0.0009818018,0.0009818018,1
BCL2L11,98,0.0009812767,2.0026057e-05,2
STX6,6,0.0009786773,0.00016311288,1
GPR35,156,0.000977333,0.00016288886,26
MYOCD,2,0.0009770227,0.00048851134,1
PPP4R1,2,0.0009766074,0.0009766074,2
P2RY6,12,0.0009761803,8.134836e-05,1
KCNV1,15,0.00097555155,0.00032518385,5
TRIM22,10,0.0009754263,0.00019508526,2
UHRF1,4,0.00097508566,0.00024377141,1
ETNK2,11,0.0009733271,8.848428e-05,1
SETX,2,0.0009705997,0.00048529985,1
MARK1,4,0.0009692289,0.00048461446,2
COG7,11,0.00096864504,8.805864e-05,1
GRID2,2,0.00096608006,0.00048304003,1
TAF1C,11,0.00096473284,8.770299e-05,1
NKX2-5,16,0.0009626574,0.00012033217,2
PLOD3,7,0.0009625091,0.0001375013,1
COTL1,27,0.00096220576,0.00032073524,9
TNIP1,63,0.0009618379,0.00013740541,9
FGF12,15,0.00095973304,0.00019194659,3
TRPV1,10,0.0009596434,9.596434e-05,1
UNC79,3,0.000958283,0.00031942767,1
RPL22L1,50,0.00095756026,3.8302413e-05,2
BOC,14,0.00095589727,6.827838e-05,1
TBC1D32,6,0.00095525227,0.00095525227,6
SLITRK6,20,0.0009547809,0.00023869523,5
ACBD6,5,0.000948703,0.00018974059,1
BBS9,32,0.0009454192,0.0001181774,4
DPF3,8,0.0009441887,0.00023604717,2
UBE2G1,45,0.00094374066,6.291604e-05,3
SEPTIN8,15,0.0009406929,0.0003135643,5
LRP12,36,0.0009403292,0.00015672155,6
RCL1,105,0.0009401781,0.00018803563,21
DPYD,24,0.00093860185,3.910841e-05,1
DCP1B,18,0.0009364805,0.00015608007,3
TRAT1,28,0.0009346239,6.675885e-05,2
UGT1A4,76,0.00093438744,2.4589142e-05,2
ERO1B,4,0.00093256694,0.00023314173,1
TAPT1,4,0.0009320606,0.0009320606,4
NFIB,6,0.00093021133,0.00046510567,3
NT5M,60,0.0009300024,7.75002e-05,5
ZNF706,3,0.00092773803,0.000309246,1
NCALD,7,0.0009277159,0.00013253084,1
PPA1,7,0.000926576,0.00013236799,1
GALNT17,40,0.0009254223,0.00011567779,5
DOCK3,11,0.00092452293,8.404754e-05,1
MEPE,12,0.00092305755,0.00023076439,3
MCFD2,18,0.0009203083,0.00010225648,2
SLCO2A1,5,0.00091937755,0.00018387551,1
REG3G,3,0.0009187544,0.00030625146,1
TTC30A,4,0.00091718684,0.00022929671,1
ZNF764,12,0.00091532705,0.00022883176,3
ZNF717,20,0.0009142236,0.0002285559,5
MIR181D,4,0.0009086099,0.00022715247,1
PTPRT,10,0.00090710865,0.00090710865,10
PCBD2,3,0.00090603536,0.0003020118,1
TSPAN15,4,0.00090440916,0.00045220458,2
OTOA,3,0.0009033332,0.00030111105,1
PDE1A,81,0.00090312975,3.344925e-05,3
GALNT11,9,0.00090205803,0.00010022867,1
FCAR,15,0.0009019125,0.0001803825,3
IGSF11,1,0.0009016665,0.0009016665,1
AHSA1,1,0.0009013548,0.0009013548,1
GTF2A1L,2,0.00089834275,0.00044917138,1
GLS,50,0.0008971113,3.588445e-05,2
DYRK1A,9,0.00089702546,9.9669494e-05,1
PABPC3,3,0.00089700054,0.00029900018,1
DOK6,30,0.00089697284,0.00017939457,6
FBXO31,7,0.0008966612,0.00012809446,1
CLIC5,16,0.0008931124,0.0002232781,4
IER3,42,0.00089251593,0.00012750227,6
NTM,18,0.00089180726,0.00029726909,6
AXL,8,0.0008910642,0.00011138302,1
IP6K2,30,0.0008889732,8.889732e-05,3
TMX3,12,0.00088763906,0.00022190977,3
TYMP,23,0.00088689884,3.856082e-05,1
KCNK12,3,0.0008840484,0.0002946828,1
TENT4B,2,0.0008837028,0.0008837028,2
CTC1,7,0.0008821569,0.00012602241,1
NLRP2,8,0.0008819217,0.0008819217,8
LPAR1,46,0.0008813961,3.832157e-05,2
DAG1,92,0.00087963487,3.8244994e-05,4
DAXX,45,0.00087903993,1.953422e-05,1
UPF1,6,0.00087755255,0.00014625875,1
SIGLEC12,36,0.0008770951,0.000292365,12
PPARGC1B,17,0.00087611284,5.1536048e-05,1
LINC02352,1,0.0008758359,0.0008758359,1
S1PR1,21,0.00087554165,4.169246e-05,1
CDCA7,4,0.00086829776,0.00086829776,4
NHLRC1,2,0.0008677859,0.0008677859,2
DENND1B,84,0.00086461444,0.00021615361,21
CARD14,2,0.00086420414,0.00043210207,1
LCE2D,3,0.0008640518,0.00028801727,1
UGT1A6,108,0.0008633978,2.3983273e-05,3
CRTC1,4,0.00086296897,0.00021574224,1
FBXO9,14,0.0008608504,0.00012297863,2
PPP1R12B,24,0.0008608092,3.5867048e-05,1
ATF5,5,0.00085988344,0.00017197669,1
PDLIM5,20,0.0008594582,0.00021486454,5
CST2,3,0.000858861,0.000858861,3
FARS2,14,0.0008586382,0.0001226626,2
THOC1,10,0.00085818913,8.5818916e-05,1
ARHGAP18,24,0.00085678,0.00014279666,4
UGT1A8,147,0.00085543806,4.0735147e-05,7
EPS8L1,8,0.0008515417,0.0008515417,8
ASIC2,20,0.00084914785,0.00016982957,4
LMX1A,7,0.000848759,0.000848759,7
VARS2,14,0.0008486945,0.00012124206,2
COLEC12,14,0.00084771967,0.00012110281,2
STX2,16,0.0008464026,0.00021160065,4
CRB1,5,0.00084631116,0.00084631116,5
KDM5A,3,0.0008454429,0.00028181428,1
KPNA3,12,0.00084452017,0.00014075336,2
ATP2C1,4,0.0008439284,0.0002109821,1
S1PR2,91,0.0008417897,6.475305e-05,7
USP19,4,0.00083657796,0.00020914449,1
OAZ2,4,0.00083469384,0.00020867346,1
TMOD1,4,0.0008345975,0.00020864938,1
DEPTOR,30,0.0008343463,8.343463e-05,3
FMN1,2,0.00083324395,0.00083324395,2
PIK3C2B,21,0.0008327136,3.965303e-05,1
KCNK3,22,0.0008320817,7.5643795e-05,2
VPS37A,13,0.00082963397,6.3818e-05,1
ACP6,7,0.0008262979,0.00011804256,1
FBXW7,114,0.0008255061,2.1723847e-05,3
SEMA6A,28,0.0008243082,0.00011775832,4
BEAN1,2,0.0008232096,0.0008232096,2
MUC7,10,0.0008222471,8.222471e-05,1
CXCL16,13,0.00082177744,6.321365e-05,1
PXDN,5,0.000821358,0.0001642716,1
NFIC,2,0.00081872166,0.00081872166,2
ZNF112,4,0.000818116,0.000204529,1
ZNF746,4,0.0008161655,0.00020404138,1
ADAM30,3,0.0008139215,0.00027130716,1
DAB1,8,0.0008134693,0.00010168366,1
KIR3DX1,29,0.00081322447,0.00081322447,29
RSPO2,10,0.0008126474,0.00016252947,2
RUVBL2,8,0.0008120118,0.00010150147,1
FMO6P,2,0.0008118508,0.0004059254,1
KRT32,4,0.0008113835,0.00020284587,1
NPAP1,3,0.00081110286,0.00081110286,3
GFOD1,10,0.0008095226,0.00016190452,2
AMY1C,30,0.0008090831,5.393888e-05,2
ZNF316,1,0.00080883555,0.00080883555,1
COPZ2,11,0.0008075186,7.341078e-05,1
ROBO2,99,0.0008039242,7.308402e-05,9
ADAMTS2,16,0.0008035786,0.00010044732,2
GLRX,14,0.0008032065,0.00011474379,2
SLC22A4,66,0.0008016251,0.00013360418,11
MEP1B,4,0.000799105,0.0003995525,2
TOMM7,8,0.00079873326,9.984166e-05,1
FAF2,8,0.00079788355,9.9735444e-05,1
NMRK1,6,0.0007978653,0.00013297754,1
BCL2A1,10,0.0007976915,7.9769154e-05,1
DAPK2,8,0.0007952958,9.941198e-05,1
SFTPC,3,0.00079489,0.00026496334,1
BTN1A1,6,0.000793576,0.00026452533,2
MTMR7,9,0.0007933639,8.8151544e-05,1
ROBO1,45,0.00079275784,5.285052e-05,3
MANEA,15,0.00079269084,0.00015853817,3
PBX3,24,0.0007919712,0.00026399043,8
PHF2,6,0.0007913063,0.00026376877,2
LRAT,16,0.0007912295,4.9451843e-05,1
IFT46,6,0.00079068827,0.00013178137,1
APOC3,19,0.00078890956,4.1521555e-05,1
LDLRAD4-AS1,1,0.0007887084,0.0007887084,1
DHX29,2,0.00078868173,0.00078868173,2
MRPS33,6,0.00078668154,0.00013111359,1
MED26,5,0.0007862544,0.00015725088,1
DOCK8,10,0.0007849535,7.8495344e-05,1
LHX2,48,0.0007844278,0.00013073796,8
MYSM1,12,0.0007838933,0.00019597332,3
CALCRL,119,0.0007820696,4.6004094e-05,7
ABCF1,6,0.0007803553,0.00026011842,2
CDKN2D,19,0.00077939406,4.102074e-05,1
LMAN2,10,0.0007777529,7.777529e-05,1
CENPX,8,0.00077680015,9.710002e-05,1
P2RY13,12,0.00077497953,6.4581625e-05,1
ARID1B,48,0.0007743124,6.452603e-05,4
B3GALT1,7,0.0007733417,0.000110477384,1
TNFRSF13B,10,0.000771799,7.71799e-05,1
NSMCE2,5,0.0007711197,0.00015422395,1
BICD1,5,0.0007708152,0.00015416303,1
SMARCC2,32,0.00077012717,4.8132948e-05,2
USP38,1,0.0007691455,0.0007691455,1
BRD2,78,0.00076813373,0.00012802228,13
TMPRSS4,2,0.0007679467,0.00038397335,1
GORASP2,5,0.00076550414,0.00015310083,1
SLCO1B1,54,0.0007647698,2.8324808e-05,2
RAB11FIP4,1,0.00076409656,0.00076409656,1
CLEC12A,3,0.00075808784,0.00025269596,1
PELP1,9,0.00075698935,8.4109925e-05,1
SLC22A16,6,0.0007563113,0.00012605188,1
SAG,18,0.00075537834,0.0001258964,3
LIN52,9,0.000755084,8.389822e-05,1
NSF,54,0.0007543488,2.7938844e-05,2
MSL2,4,0.0007540345,0.00018850862,1
SLC43A2,8,0.00075294764,9.4118455e-05,1
LRP10,6,0.00075293705,0.0001254895,1
FAM91A1,12,0.0007521184,0.00012535306,2
UTP11,8,0.0007507728,0.0001876932,2
ACO2,29,0.00075009407,2.5865313e-05,1
NDST4,27,0.00074964034,8.3293366e-05,3
NEUROG3,8,0.0007480485,0.00037402424,4
PTPN21,1,0.00074556767,0.00074556767,1
SERPINB9,3,0.0007446661,0.00024822203,1
STMN2,20,0.000744082,0.00014881638,4
CRMP1,5,0.00074374373,0.00014874875,1
TDRD9,6,0.0007432434,0.00024774778,2
COL13A1,28,0.0007430889,0.00010615555,4
ATXN8OS,6,0.0007423695,0.0007423695,6
TRIM29,20,0.00073985365,0.00014797073,4
TFDP1,57,0.0007378299,1.2944384e-05,1
B3GALNT1,14,0.0007375333,0.000105361905,2
KSR2,57,0.00073626597,3.875084e-05,3
ZNF250,4,0.00073599344,0.00018399836,1
LAMB4,10,0.0007343821,7.3438205e-05,1
LILRA3,56,0.00073259044,0.00010465577,8
USP4,4,0.0007308066,0.00018270165,1
ICOSLG,210,0.0007298578,0.00012164297,35
PLSCR1,2,0.0007297315,0.00036486576,1
FTO,4,0.0007283897,0.00018209743,1
CTHRC1,4,0.00072831544,0.00036415772,2
COL3A1,48,0.0007279748,3.0332285e-05,2
ARHGAP27,24,0.00072779803,0.00012129967,4
NR4A1,28,0.00072742195,2.5979356e-05,1
OPN5,14,0.0007258456,0.00010369222,2
KIF21B,16,0.0007252387,9.065484e-05,2
NFKBIZ,15,0.0007232263,0.00024107544,5
ATP6V1G1,29,0.0007226988,2.4920648e-05,1
WRN,35,0.0007210207,2.0600592e-05,1
ANXA5,49,0.00071934937,0.000102764185,7
MSR1,85,0.0007183758,0.00014367515,17
ABI1,33,0.0007180023,2.1757645e-05,1
IFT88,14,0.0007179758,5.1283983e-05,1
TFR2,4,0.00071695005,0.00017923751,1
ICAM1,138,0.0007169317,1.5585474e-05,3
SLC7A2,30,0.00071671145,4.7780763e-05,2
SOX13,12,0.0007160103,0.00017900257,3
RAB5B,21,0.00071559224,3.407582e-05,1
HS3ST2,27,0.0007151948,7.946609e-05,3
ISL1,36,0.0007115675,7.906306e-05,4
TAF1B,72,0.00071153115,5.9294263e-05,6
SBDS,1,0.0007107518,0.0007107518,1
OR8B12,6,0.0007103259,0.00023677529,2
CNOT3,20,0.00071009144,7.100914e-05,2
ELL2,6,0.0007099515,0.0002366505,2
DNAJB6,8,0.0007094801,8.868501e-05,1
COL15A1,14,0.00070788735,0.00010112676,2
SFPQ,13,0.0007071799,5.4398453e-05,1
HDAC11,60,0.0007048167,3.5240835e-05,3
AQP12A,27,0.0007046066,0.00023486887,9
AKAP12,7,0.0007042233,0.00010060333,1
EID2,2,0.0007020799,0.00035103995,1
OR51Q1,3,0.0007019545,0.00023398483,1
MST1R,28,0.000701444,0.000100206285,4
MECOM,39,0.00070118223,5.3937092e-05,3
CD96,21,0.0007010597,0.00023368656,7
UBE2V2,48,0.0007003375,2.918073e-05,2
ATP2C2,10,0.0006996455,0.00013992909,2
LHX4,5,0.0006982322,0.00013964644,1
ANTXR1,21,0.0006980335,9.971907e-05,3
SIRPA,45,0.0006967901,4.645267e-05,3
LCE3B,9,0.00069517107,0.0002317237,3
IFNLR1,33,0.0006945858,6.314416e-05,3
TNFSF12,8,0.0006940132,8.675165e-05,1
OR12D3,52,0.0006939738,0.00017349345,13
TNFRSF6B,18,0.0006938888,3.8549377e-05,1
OR2V1,12,0.000693485,0.00023116168,4
POP1,5,0.0006932745,0.0001386549,1
SIRPB1,91,0.0006926511,9.895016e-05,13
PSMF1,14,0.0006920985,9.887122e-05,2
ENC1,4,0.00069142494,0.00034571247,2
TAF1A,11,0.0006903232,6.2756655e-05,1
IKZF1,86,0.00069013966,0.00034506983,43
UBE2Q1,5,0.0006852756,0.00013705512,1
SLC45A3,5,0.00068464817,0.00013692964,1
ZNF737,4,0.000681704,0.000170426,1
FOXQ1,8,0.00068053,0.000340265,4
NECTIN1,10,0.0006783801,6.783801e-05,1
ASTN1,1,0.0006776274,0.0006776274,1
GRAP2,78,0.0006751044,2.5965555e-05,3
CHRAC1,2,0.0006727751,0.0006727751,2
ALPK1,6,0.0006722598,0.00022408659,2
NFASC,10,0.0006685967,6.685967e-05,1
MITF,23,0.00066713063,2.900568e-05,1
MDFIC,2,0.0006661974,0.0006661974,2
CHRNG,9,0.0006652173,7.3913034e-05,1
OTX1,1,0.00066487986,0.00066487986,1
TUB,2,0.0006638303,0.00033191516,1
STARD10,10,0.00066312146,0.0001326243,2
NNT,8,0.0006621953,8.2774415e-05,1
SLCO1B3,20,0.00066206575,3.3103286e-05,1
GBGT1,1,0.00065870973,0.00065870973,1
CHIT1,39,0.0006567062,5.0515864e-05,3
SHANK2,132,0.00065648387,0.00016412097,33
SUFU,51,0.0006539814,3.846949e-05,3
SEL1L,20,0.0006524928,3.262464e-05,1
CAPZA2,20,0.00065204623,3.260231e-05,1
ANXA6,40,0.00065166113,0.00016291528,10
NQO2,4,0.00065134093,0.00016283523,1
SNRPC,48,0.0006504016,0.000108400265,8
HTD2,24,0.00064818317,8.1022896e-05,3
STK10,11,0.0006477864,5.8889676e-05,1
COLGALT1,6,0.000646395,0.00010773251,1
ARID1A,15,0.0006450307,4.300205e-05,1
TCERG1,1,0.0006443616,0.0006443616,1
PIGT,12,0.0006430322,0.00010717203,2
HNF4A,112,0.00064245245,4.5889465e-05,8
SOX17,36,0.0006416451,5.347042e-05,3
C8orf37,1,0.00064130616,0.00064130616,1
APOA5,27,0.0006408176,7.120196e-05,3
OR51E1,9,0.0006404826,0.00021349419,3
C8orf44-SGK3,3,0.0006404236,0.00021347454,1
USP1,24,0.00063939416,7.992427e-05,3
TOMM40,10,0.0006392974,6.392974e-05,1
MTSS1,9,0.0006390675,0.0002130225,3
OTUD7A,20,0.0006380057,0.00012760112,4
COX16,2,0.0006366861,0.00031834305,1
CD200,4,0.0006362588,0.0001590647,1
ST8SIA4,120,0.0006361467,5.3012227e-05,10
DOCK5,60,0.00063375424,6.3375424e-05,6
FRMD1,8,0.0006317926,0.0003158963,4
MICAL2,1,0.0006317797,0.0006317797,1
NEUROG2,1,0.0006307068,0.0006307068,1
FMOD,8,0.0006293787,7.867234e-05,1
UBE2G2,30,0.0006290256,4.193504e-05,2
RASSF5,12,0.0006272394,5.2269952e-05,1
DUT,15,0.00062656304,4.177087e-05,1
SMOC2,7,0.0006262295,0.0006262295,7
SMC2,9,0.000625943,6.954922e-05,1
ESYT1,15,0.0006248717,4.1658113e-05,1
BANK1,30,0.00062444597,0.00062444597,30
C15orf39,1,0.0006239388,0.0006239388,1
ST8SIA5,16,0.0006229774,7.787217e-05,2
IGFBP7,11,0.0006221727,5.6561155e-05,1
ANKRA2,1,0.0006202722,0.0006202722,1
DCC,114,0.0006175766,3.250403e-05,6
NDUFA5,25,0.0006174381,2.4697525e-05,1
TMEM170A,4,0.00061742903,0.00061742903,4
DCAF17,12,0.0006163457,0.00015408642,3
HYLS1,1,0.00061584316,0.00061584316,1
ACBD3,15,0.0006146138,0.00012292276,3
COQ2,10,0.0006140994,6.140994e-05,1
CDH23,5,0.00061385165,0.00012277033,1
GPR75-ASB3,21,0.0006136095,8.76585e-05,3
LMO2,24,0.0006125425,0.00010209042,4
THG1L,3,0.0006120858,0.0002040286,1
ALAD,17,0.0006116966,3.5982153e-05,1
MME,36,0.0006104108,5.086757e-05,3
SLC15A1,15,0.0006094708,0.00012189417,3
MBP,12,0.0006071638,0.00010119397,2
CDT1,16,0.00060670835,3.791927e-05,1
CD70,10,0.0006065267,0.00012130534,2
CDH15,10,0.0006064237,6.064237e-05,1
RTEL1,13,0.0006053506,4.656543e-05,1
BSND,18,0.00060419785,0.00020139928,6
RPSA,32,0.0006030883,1.884651e-05,1
KIF26B,8,0.00060246844,7.5308555e-05,1
MED12L,1,0.0006023622,0.0006023622,1
NOL6,5,0.00060224044,0.00012044809,1
MICALL2,1,0.0006014809,0.0006014809,1
ONECUT1,36,0.0005989818,0.00014974545,9
USP43,4,0.0005979327,0.00014948318,1
UQCC2,3,0.00059644744,0.00059644744,3
ATXN1,3,0.0005948491,0.00019828304,1
SYNE2,3,0.00059415324,0.00019805109,1
PRDM16,9,0.0005939481,6.599424e-05,1
KRT4,4,0.0005932719,0.00029663596,2
NAT2,30,0.00059247523,5.9247523e-05,3
BUB1,27,0.00059211056,2.193002e-05,1
NDUFAF6,12,0.0005913387,9.8556455e-05,2
ADIPOR1,10,0.0005908743,5.908743e-05,1
RHOBTB3,14,0.00059066754,8.438108e-05,2
PTPRE,4,0.0005892141,0.00029460705,2
NIPAL2,8,0.00058898167,0.00029449083,4
ANO9,6,0.00058833254,0.00019611084,2
GFPT2,26,0.00058670325,4.513102e-05,2
SMYD3,6,0.0005863206,9.77201e-05,1
SIX3,1,0.0005858501,0.0005858501,1
TLK1,3,0.0005855294,0.00019517646,1
ARHGEF3,28,0.0005852068,4.1800482e-05,2
ACVRL1,13,0.0005849252,4.4994245e-05,1
FKBP9,4,0.00058479107,0.00014619777,1
DACT2,6,0.0005847817,0.00029239085,3
NUPR1,4,0.0005838975,0.00029194876,2
SUDS3,15,0.00058342074,3.8894716e-05,1
LRRC1,10,0.00058263936,0.00011652787,2
ZNF766,1,0.0005823409,0.0005823409,1
GPR25,44,0.000582256,5.2932366e-05,4
HS3ST3A1,90,0.0005814703,6.460781e-05,10
VIP,100,0.00058131013,2.3252405e-05,4
TCF21,1,0.0005792622,0.0005792622,1
LPP,3,0.0005777662,0.00019258873,1
DHH,22,0.00057538925,2.6154057e-05,1
MRPS6,7,0.00057533104,8.219015e-05,1
SEC63,2,0.00057443354,0.00028721677,1
NFIA,3,0.00057429925,0.00057429925,3
EPHA10,4,0.0005735854,0.00014339635,1
NCOA7,2,0.0005731905,0.00028659526,1
KCNE4,8,0.0005731222,0.00014328054,2
MLLT1,6,0.0005731146,9.55191e-05,1
OR10G9,3,0.00057208707,0.00019069569,1
ERN1,21,0.00056877587,2.7084565e-05,1
CCL7,44,0.0005682279,5.1657084e-05,4
ZNF14,15,0.00056677836,0.00011335567,3
ANKS1B,1,0.0005664859,0.0005664859,1
SYNE3,3,0.000566433,0.000566433,3
SLC6A20,74,0.0005662808,1.5304886e-05,2
TP53AIP1,28,0.00056598475,4.042748e-05,2
OR14A16,3,0.000565855,0.00018861833,1
PSTK,7,0.00056536763,8.0766804e-05,1
ABHD6,120,0.0005638379,5.6383786e-05,12
IL17RB,3,0.0005637771,0.0001879257,1
SPHKAP,6,0.00056373473,0.00056373473,6
KBTBD8,49,0.0005634765,8.049664e-05,7
CADM2,20,0.00056019996,0.00011204,4
SSTR2,15,0.00055747066,3.716471e-05,1
CITED4,5,0.0005553381,0.000111067624,1
GZMB,78,0.0005549116,2.1342756e-05,3
TRAF3IP2,112,0.00055436837,0.00013859209,28
OR1Q1,4,0.00055357604,0.00013839401,1
SPRY4,102,0.0005533081,0.00027665406,51
LRRC25,2,0.0005527694,0.0005527694,2
LRIG1,7,0.000552254,7.889343e-05,1
PRDM6,3,0.0005516064,0.0005516064,3
GFRA2,10,0.0005509213,5.5092132e-05,1
CSNK1A1L,54,0.00054961164,3.053398e-05,3
STAM,33,0.0005491958,1.6642298e-05,1
VASH1,3,0.0005465521,0.00018218404,1
SNX2,7,0.0005464751,7.8067875e-05,1
OSCAR,6,0.0005444342,9.073903e-05,1
MYO3B,16,0.00054361083,0.00013590271,4
CLDN14,10,0.00054325437,5.4325435e-05,1
TTYH1,57,0.0005423484,0.0001807828,19
MAEA,2,0.0005422481,0.0005422481,2
OR5K4,6,0.00054141576,0.00018047192,2
RNASET2,27,0.0005404819,0.00018016063,9
POGLUT1,10,0.0005372129,0.000107442575,2
PRPF31,5,0.00053645286,0.00010729057,1
DDX47,8,0.0005332768,0.0001333192,2
PPFIA3,10,0.00053183903,5.3183903e-05,1
LSP1,6,0.0005313253,0.00017710844,2
PDGFD,147,0.00053112535,2.5291683e-05,7
CAST,24,0.00053010293,8.835048e-05,4
MDGA1,9,0.0005293959,0.0001764653,3
ACOT11,20,0.00052893383,0.00013223346,5
HS3ST3B1,72,0.0005288962,5.876625e-05,8
SLC10A6,3,0.000527731,0.00017591035,1
EVI5,3,0.00052764016,0.00052764016,3
AGGF1,4,0.000527486,0.0001318715,1
SH3TC2,4,0.00052647275,0.00052647275,4
P2RX7,18,0.0005263343,2.9240793e-05,1
SFRP1,32,0.0005262887,3.2893044e-05,2
HHLA1,1,0.00052586285,0.00052586285,1
ADAMTS1,36,0.0005257432,5.8415906e-05,4
PACRG,1,0.00052506535,0.00052506535,1
ZNF101,12,0.0005243942,0.00013109855,3
PLPPR1,25,0.00052155857,0.000104311715,5
FANCA,8,0.0005212701,6.515876e-05,1
SENP2,10,0.00052106066,5.2106065e-05,1
SLC4A10,4,0.0005204335,0.00013010837,1
ZNF169,4,0.00052019616,0.00013004904,1
GALNT6,8,0.0005196692,6.495865e-05,1
LECT2,21,0.00051935046,0.00051935046,21
MED25,5,0.00051917246,0.00010383449,1
HABP4,4,0.0005186696,0.0001296674,1
SCFD1,39,0.0005180039,3.9846454e-05,3
TMEM17,267,0.00051685265,0.00017228423,89
PCF11,11,0.00051582296,4.6892997e-05,1
KIF12,8,0.00051440584,6.430073e-05,1
ACSF3,7,0.00051410956,7.344422e-05,1
ANXA11,4,0.00051379815,0.00025689907,2
APPBP2,1,0.0005120546,0.0005120546,1
UBR5,2,0.0005118537,0.00025592686,1
ZNF704,18,0.0005095724,0.00016985745,6
KLF13,5,0.00050880254,0.00050880254,5
TRIM56,4,0.0005087395,0.00012718487,1
GJA5,3,0.00050759176,0.00016919726,1
CDC42EP3,20,0.0005069794,5.069794e-05,2
LIN28B,6,0.0005068724,0.00016895747,2
RMND5A,2,0.00050671975,0.00050671975,2
SSB,1,0.00050659146,0.00050659146,1
APCS,12,0.0005059547,0.00016865158,4
CCT6B,40,0.00050567987,5.056799e-05,4
TRPV3,5,0.00050455704,0.000100911406,1
CPLANE1,3,0.00050314143,0.0001677138,1
GFUS,13,0.00050301483,3.8693448e-05,1
PAPSS2,20,0.0005028317,2.5141586e-05,1
SLC41A1,12,0.00050047884,0.00012511971,3
FAT4,30,0.0004993349,0.00016644497,10
TMIGD3,14,0.000499267,3.566193e-05,1
SYNJ2,18,0.00049871823,2.7706568e-05,1
TNFSF13,12,0.00049734017,4.1445015e-05,1
ADAMTS9,14,0.00049727416,7.103916e-05,2
WHRN,10,0.0004967678,9.9353565e-05,2
NTNG1,6,0.00049653306,8.275551e-05,1
C19orf12,2,0.0004953671,0.0004953671,2
TNFAIP2,1,0.0004950937,0.0004950937,1
ERG,5,0.0004946758,9.893517e-05,1
GPD1,17,0.0004934353,2.9025607e-05,1
PALB2,13,0.0004924756,3.7882735e-05,1
SPTSSB,12,0.0004924346,0.00012310865,3
OR52Z1,2,0.0004917108,0.0002458554,1
RGCC,7,0.0004908387,7.0119815e-05,1
RNF6,12,0.0004903328,8.172213e-05,2
CORIN,5,0.0004895788,9.791576e-05,1
ATP10D,3,0.0004891513,0.00016305043,1
OR6C1,3,0.00048815343,0.00016271781,1
NFIL3,4,0.00048762863,0.00024381431,2
ZIC5,2,0.00048695767,0.00024347883,1
ARFGEF2,14,0.0004868473,6.954961e-05,2
AK9,10,0.00048633298,9.7266595e-05,2
MRPL46,24,0.0004857786,8.09631e-05,4
ATG9B,4,0.00048453553,0.00012113388,1
ASAP2,8,0.00048333724,6.0417155e-05,1
ABCB9,20,0.00048219878,0.000120549696,5
CDH22,40,0.00048164255,0.00024082127,20
CSGALNACT1,33,0.00048069877,4.3699885e-05,3
TECTB,6,0.0004802541,0.0001600847,2
BTN2A1,3,0.00048019498,0.000160065,1
TMED3,11,0.0004790348,4.3548618e-05,1
SIGIRR,6,0.00047722907,7.953818e-05,1
MNX1,1,0.00047668003,0.00047668003,1
INHBE,22,0.00047623194,4.329381e-05,2
EZR,31,0.0004759305,1.5352596e-05,1
IFI30,35,0.00047466572,6.7809386e-05,5
CHCHD7,6,0.00047438996,0.00023719498,3
KCNK17,21,0.0004743206,6.776009e-05,3
TRMT11,36,0.00047426822,0.0001580894,12
PKIG,4,0.00047397224,0.00023698612,2
LILRA4,80,0.00047376374,9.4752744e-05,16
ZNF248,4,0.00047360623,0.00011840156,1
CDV3,2,0.00047336417,0.00023668208,1
RNF217,4,0.0004732877,0.00011832193,1
LILRA5,55,0.0004731924,9.463848e-05,11
SSTR5,13,0.0004731204,3.6393878e-05,1
HVCN1,6,0.00047273334,7.878889e-05,1
MAP1LC3B,14,0.000472498,3.3749857e-05,1
CYB5R3,12,0.00047240476,3.9367063e-05,1
SSPOP,8,0.00047215668,0.00011803917,2
AKAP11,44,0.00047199495,0.00047199495,44
APOH,5,0.00047171683,9.434337e-05,1
INTS10,15,0.00047066025,0.00015688676,5
GAPT,2,0.00046932054,0.00046932054,2
RND3,5,0.00046844824,9.368965e-05,1
LCOR,1,0.00046761433,0.00046761433,1
ITGA8,52,0.00046701048,1.7961942e-05,2
PLA1A,9,0.00046351476,5.150164e-05,1
EEF2KMT,24,0.0004618516,0.00015395053,8
KDM6B,9,0.00046134298,5.126033e-05,1
ABLIM3,12,0.00046006666,7.6677774e-05,2
GLI1,19,0.00045999867,2.4210456e-05,1
RHOBTB1,7,0.0004593223,6.5617474e-05,1
MIR34AHG,2,0.00045879377,0.00022939689,1
FMO4,5,0.000458377,9.16754e-05,1
ZP2,4,0.00045770046,0.000114425115,1
LILRB5,65,0.0004576283,9.152566e-05,13
SIGLEC1,4,0.00045701675,0.00011425419,1
WDR4,6,0.00045696282,0.00015232094,2
PTGER3,19,0.0004561696,2.4008927e-05,1
CCL18,40,0.000453429,0.00011335725,10
HECW2,4,0.00045290223,0.00011322556,1
CD226,4,0.00045094383,0.00011273596,1
DUSP22,10,0.00045094267,0.00045094267,10
COMT,37,0.0004501042,1.2164979e-05,1
ADAMTS20,4,0.00044973285,0.00011243321,1
PCARE,1,0.00044964417,0.00044964417,1
SS18,9,0.00044941052,0.00044941052,9
UBE2E1,48,0.00044936192,9.361706e-06,1
PSRC1,1,0.00044835193,0.00044835193,1
RAB3GAP2,8,0.00044726292,5.5907865e-05,1
PLCD3,17,0.00044691932,2.6289372e-05,1
TBCD,3,0.0004421144,0.00014737147,1
LNPEP,110,0.00044193031,4.017548e-05,10
SPOCK1,5,0.00044188782,0.00044188782,5
DDX42,6,0.0004416324,7.36054e-05,1
MYO1E,3,0.00044132583,0.00014710861,1
MGAT5B,2,0.00044122222,0.00022061111,1
ATG16L2,1,0.00044081375,0.00044081375,1
SLC14A1,8,0.00043923536,0.00010980884,2
CYBRD1,15,0.00043799262,0.00014599755,5
VPS16,14,0.0004370588,3.1218486e-05,1
PWWP3A,1,0.00043702763,0.00043702763,1
UBE3D,32,0.00043642172,0.00010910543,8
KCNU1,30,0.0004354186,7.256977e-05,5
AKAP6,5,0.00043441117,0.00043441117,5
SLC39A7,9,0.00043405988,4.8228874e-05,1
HNRNPH1,12,0.00043389553,3.6157962e-05,1
FUT9,44,0.00043351596,3.9410545e-05,4
KCNN3,5,0.00043144912,8.628982e-05,1
NAB1,18,0.00043032516,4.7813908e-05,2
GDAP1,6,0.0004285024,0.00014283413,2
LRP1,19,0.0004260973,2.2426175e-05,1
DNMT1,58,0.00042609154,1.4692812e-05,2
HMG20B,9,0.00042607856,4.7342062e-05,1
TFPI,40,0.0004256002,5.3200027e-05,5
ICAM3,44,0.00042321632,3.847421e-05,4
VHL,37,0.00042319717,1.1437762e-05,1
CA12,3,0.00042319615,0.00014106538,1
KRT86,4,0.0004231672,0.0002115836,2
EXTL1,4,0.0004223686,0.00010559215,1
MPP4,1,0.00042207097,0.00042207097,1
IQSEC1,4,0.00042204108,0.00010551027,1
RFNG,9,0.0004208642,4.676269e-05,1
TULP1,2,0.00042024988,0.00042024988,2
EGR3,12,0.00041887953,3.490663e-05,1
DGKG,39,0.00041829702,3.2176693e-05,3
TLN2,7,0.00041599676,5.942811e-05,1
NMI,8,0.00041522022,0.000103805054,2
NPBWR1,45,0.00041463407,4.6070454e-05,5
CCDC50,1,0.00041320996,0.00041320996,1
OAS2,17,0.0004118464,2.422626e-05,1
HELZ2,45,0.00041035406,4.559489e-05,5
PLPP3,19,0.00041008426,2.1583382e-05,1
NEFM,5,0.00040801853,8.1603706e-05,1
DZIP3,12,0.00040784143,0.00010196036,3
ZNF282,8,0.00040763337,0.00010190834,2
SEPTIN12,3,0.00040709449,0.00013569817,1
ZDHHC19,3,0.0004062412,0.0004062412,3
TRA2A,1,0.00040494956,0.00040494956,1
FXYD6,10,0.00040469517,4.0469517e-05,1
S100P,6,0.00040432726,6.7387875e-05,1
ANO1,3,0.0004038678,0.0001346226,1
FBXW10,20,0.0004036494,4.036494e-05,2
MINK1,5,0.00040359533,8.0719066e-05,1
RANBP3,3,0.0004026222,0.0001342074,1
CACNB2,56,0.0004018388,1.4351384e-05,2
LYPD2,3,0.0004013804,0.00013379347,1
POLR3B,15,0.0004012599,2.675066e-05,1
TRIM5,6,0.00040105634,6.6842724e-05,1
OR1B1,6,0.0004004589,0.00013348629,2
GRIK4,24,0.00040021507,5.0026883e-05,3
PAX3,64,0.00039782492,4.9728114e-05,8
ZNF703,9,0.00039713574,0.00013237858,3
STK38L,2,0.00039655395,0.00019827698,1
VTI1A,18,0.00039644528,6.6074215e-05,3
IL17RD,27,0.00039629926,4.4033255e-05,3
LILRA6,15,0.00039574286,7.914858e-05,3
CYP17A1,35,0.0003956332,1.1303806e-05,1
QPRT,15,0.0003955242,2.636828e-05,1
SHTN1,5,0.00039514978,7.902995e-05,1
JAKMIP1,1,0.00039402375,0.00039402375,1
NICN1,3,0.0003939021,0.0001313007,1
CNTN3,18,0.00039341857,0.00013113952,6
AASS,15,0.00039296778,2.6197851e-05,1
CIT,24,0.00039150837,3.2625696e-05,2
ELF5,4,0.00039125115,0.00019562557,2
USP25,120,0.00039098714,7.819743e-05,24
FAR2,35,0.00038962616,7.792523e-05,7
ADAM15,4,0.00038891015,9.722754e-05,1
UCN3,5,0.00038803602,7.7607205e-05,1
TRIM36,4,0.00038796559,9.6991396e-05,1
MGST2,46,0.00038777507,1.6859785e-05,2
KANK1,10,0.00038677675,7.7355355e-05,2
SLC13A2,6,0.0003861856,6.436426e-05,1
SMU1,1,0.00038531114,0.00038531114,1
PHYKPL,7,0.0003852626,5.5037515e-05,1
ZBP1,14,0.00038517447,2.7512462e-05,1
SYT10,32,0.0003848817,9.622043e-05,8
WDR1,12,0.00038484717,6.41412e-05,2
ACAA2,165,0.0003838816,6.9796647e-06,3
DSPP,4,0.00038320763,9.580191e-05,1
TBX21,33,0.00038314122,3.4831017e-05,3
SCN8A,9,0.0003830266,4.2558513e-05,1
CRPPA,2,0.0003826106,0.0001913053,1
KLF9,1,0.00038231784,0.00038231784,1
NT5C2,42,0.00038163795,9.086618e-06,1
SDK2,8,0.00038163416,9.540854e-05,2
UBASH3A,20,0.00038142662,0.00038142662,20
NSFL1C,18,0.00038133425,6.355571e-05,3
SIGLEC5,10,0.000380054,7.60108e-05,2
UNC13A,6,0.00037982978,0.00012660993,2
TIAM2,14,0.0003795938,2.7113843e-05,1
SERPINE2,8,0.00037945248,9.486312e-05,2
LINC00624,1,0.00037931072,0.00037931072,1
COL16A1,18,0.000378779,4.2086554e-05,2
KDM5B,9,0.00037876875,4.2085416e-05,1
PPP4R2,12,0.0003769173,6.2819556e-05,2
SIGLEC15,9,0.00037681233,0.00012560411,3
ITLN2,8,0.00037600755,0.00037600755,8
SH3GLB1,4,0.00037596276,9.399069e-05,1
APBB1IP,96,0.00037592973,1.566374e-05,4
CELA3B,2,0.00037590077,0.00018795038,1
ZFAND6,6,0.00037578726,0.00018789363,3
TSEN34,4,0.00037546488,9.386622e-05,1
GAP43,28,0.00037540047,5.362864e-05,4
CTU2,4,0.00037434502,9.3586255e-05,1
PITPNM2,5,0.00037401012,7.4802025e-05,1
ARHGAP9,12,0.00037341827,3.111819e-05,1
KLF10,2,0.00037265307,0.00018632654,1
MYBL2,17,0.00037175894,2.1868173e-05,1
BAMBI,26,0.00037133845,2.8564496e-05,2
TP53BP2,17,0.000371068,2.1827529e-05,1
FOXM1,11,0.00037061633,3.3692395e-05,1
MCUB,3,0.00036995593,0.00012331865,1
DNAH3,4,0.00036992895,9.248224e-05,1
GXYLT1,8,0.00036895537,0.00018447769,4
GPC6,14,0.0003686872,2.6334801e-05,1
GDF10,11,0.00036720428,3.3382206e-05,1
SLC26A8,2,0.00036584455,0.00036584455,2
RYK,17,0.00036528433,2.1487314e-05,1
DNAJB11,15,0.0003630224,2.4201494e-05,1
PDCL,4,0.00036264723,9.066181e-05,1
PPM1K,3,0.00036225468,0.00012075156,1
EMX2,16,0.00036197665,0.00018098833,8
NLRP12,2,0.00036031703,0.00018015852,1
KIF13B,9,0.00035925818,3.9917577e-05,1
RIDA,3,0.00035910544,0.000119701814,1
CLDN17,10,0.00035866693,3.5866695e-05,1
NAPRT,10,0.00035846425,3.5846424e-05,1
OASL,8,0.0003558572,4.448215e-05,1
PTPRU,5,0.00035557218,7.111444e-05,1
PTPN7,11,0.00035380627,3.2164207e-05,1
PRORP,3,0.0003528946,0.000117631535,1
H19,9,0.00035235457,0.000117451535,3
ZNF682,8,0.00035235047,8.808762e-05,2
PCSK6,13,0.00035008043,2.6929263e-05,1
LIPI,10,0.00034940458,6.9880916e-05,2
F11R,126,0.00034867506,1.6603575e-05,6
RGS13,176,0.00034845775,3.1677977e-05,16
BET1L,11,0.00034773996,3.1612723e-05,1
MRPS10,7,0.0003476502,4.9664315e-05,1
OLIG3,54,0.00034741222,0.00034741222,54
ZNF226,4,0.00034675564,8.668891e-05,1
CITED2,12,0.00034618317,2.8848597e-05,1
CAVIN2,12,0.00034568494,0.00011522831,4
QTRT2,3,0.00034538444,0.00011512815,1
ARHGAP21,68,0.0003453383,2.0314019e-05,4
B3GALT5,7,0.00034466252,4.9237504e-05,1
CEPT1,16,0.0003439915,2.1499469e-05,1
STXBP3,5,0.00034398996,6.879799e-05,1
SPATA2,3,0.00034362733,0.00034362733,3
CDK11B,10,0.00034305124,3.4305125e-05,1
TNFRSF1B,22,0.0003423881,1.5563097e-05,1
IMMP2L,5,0.00034225208,0.00034225208,5
STEAP4,6,0.00034219908,0.00017109954,3
DHX36,6,0.00034135333,5.6892222e-05,1
CASP4,14,0.00034002445,2.4287461e-05,1
LGI1,4,0.00033983367,0.00016991684,2
VPS29,6,0.00033959042,5.6598405e-05,1
OR1J1,3,0.00033905095,0.000113016984,1
SMG7,1,0.00033840744,0.00033840744,1
ETNK1,30,0.00033802082,3.380208e-05,3
WNK1,3,0.0003372949,0.0003372949,3
PGAM5,9,0.0003369353,3.7437258e-05,1
CHSY1,11,0.00033692174,3.062925e-05,1
TPD52L1,8,0.00033675917,8.418979e-05,2
DPH1,8,0.0003364517,8.411292e-05,2
COG6,66,0.00033630038,3.0572763e-05,6
RHOBTB2,8,0.00033611446,4.2014308e-05,1
TAF3,40,0.00033503489,1.6751745e-05,2
KIF11,16,0.00033394853,4.1743566e-05,2
SLCO4A1,48,0.0003339354,4.1741925e-05,6
POU1F1,4,0.00033237724,0.00016618862,2
TAX1BP1,10,0.00033233178,3.3233177e-05,1
GCKR,7,0.0003322669,4.74667e-05,1
TRAIP,12,0.00033147613,8.286903e-05,3
RBM5,5,0.00033130808,6.6261615e-05,1
MTDH,6,0.00033003313,0.000110011046,2
DBN1,9,0.00032939107,3.659901e-05,1
IRGM,4,0.0003289419,0.0003289419,4
UBASH3B,10,0.00032893504,0.00016446752,5
APOBR,12,0.000328596,8.2149e-05,3
GRAMD4,2,0.0003282244,0.0003282244,2
RCAN1,8,0.00032802988,4.1003736e-05,1
TNFSF8,85,0.00032789522,6.557905e-05,17
BANP,6,0.00032774665,5.462444e-05,1
CLMN,1,0.00032766367,0.00032766367,1
CDS1,11,0.00032520265,2.9563877e-05,1
LTBP2,8,0.00032470954,8.1177386e-05,2
MRPL15,7,0.00032424822,4.6321173e-05,1
HNRNPM,11,0.00032420194,2.9472903e-05,1
CIAPIN1,2,0.00032385084,0.00016192542,1
ZNF708,4,0.0003236347,8.090868e-05,1
COL6A5,19,0.000323066,1.7003473e-05,1
PTMA,10,0.00032275924,0.00016137962,5
TAOK3,11,0.0003216842,2.9244018e-05,1
PNOC,32,0.00032045413,4.0056766e-05,4
ELP1,6,0.00031980168,5.330028e-05,1
NECTIN4,6,0.00031908115,5.3180192e-05,1
ALDH1A3,11,0.00031866872,2.8969884e-05,1
ETV7,1,0.00031747058,0.00031747058,1
ADD2,2,0.00031741423,0.00015870712,1
SLC36A3,1,0.00031598742,0.00031598742,1
KIF1C,16,0.00031477294,3.9346618e-05,2
TTBK2,5,0.00031467716,6.293543e-05,1
SORBS3,2,0.00031393513,0.00015696757,1
TRMT10A,6,0.000312906,0.000104302,2
CCDC88C,5,0.0003107205,6.21441e-05,1
PHYH,14,0.00030998932,2.2142094e-05,1
EPHX1,18,0.00030969805,1.7205448e-05,1
B9D1,6,0.00030968635,5.1614392e-05,1
IPO8,18,0.00030966193,0.00010322064,6
GUCY2C,20,0.0003083988,3.083988e-05,2
TRPV4,8,0.00030747103,3.843388e-05,1
NMD3,8,0.00030706733,0.00015353366,4
IFNL4,1,0.00030650405,0.00030650405,1
OR52K1,3,0.00030640725,0.00010213575,1
SPOP,8,0.00030639948,3.8299935e-05,1
CCL20,38,0.00030638376,1.6125461e-05,2
MED13,24,0.00030632794,5.1054656e-05,4
LHPP,5,0.000306209,6.12418e-05,1
NKX6-1,3,0.00030564883,0.00010188294,1
RBBP6,40,0.00030537092,3.0537092e-05,4
CRIM1,1,0.00030499802,0.00030499802,1
RGMB,12,0.00030488352,5.081392e-05,2
FEM1C,6,0.0003042128,0.000101404265,2
ITGAE,9,0.00030367973,3.374219e-05,1
ZNF343,4,0.00030281313,7.570328e-05,1
GTF3C1,7,0.00030264305,4.3234722e-05,1
GRHL2,4,0.00030214325,0.00030214325,4
GTF3A,11,0.00030168894,2.7426267e-05,1
ZNF224,4,0.00030138975,7.534744e-05,1
AOPEP,6,0.00030134473,0.00010044824,2
PRKD3,16,0.00030092406,3.7615508e-05,2
KCNA1,27,0.00030056457,0.00010018819,9
GGA2,7,0.0003002531,4.28933e-05,1
MGAT4A,11,0.00029783917,2.7076288e-05,1
XYLB,4,0.00029537943,7.384486e-05,1
TOX3,4,0.00029400247,0.00014700124,2
MMRN1,8,0.0002932973,7.332432e-05,2
CDH20,22,0.00029251238,0.00014625619,11
CDX1,1,0.00029249705,0.00029249705,1
SLC5A10,14,0.00029220403,4.174343e-05,2
INPP1,9,0.00029190056,3.2433396e-05,1
PLCH1,33,0.00029185115,2.6531925e-05,3
SLC12A5,6,0.00029126182,4.8543636e-05,1
SIGLEC14,4,0.00029111034,7.2777584e-05,1
UNC5D,6,0.0002909674,4.8494567e-05,1
DCAF5,6,0.0002909372,9.6979056e-05,2
NOSTRIN,3,0.0002908212,9.69404e-05,1
METTL7A,3,0.00029034732,9.678244e-05,1
ADIPOQ,21,0.0002902671,1.3822243e-05,1
RAP1GAP2,3,0.00028993288,9.66443e-05,1
RABEP1,15,0.00028974624,5.7949248e-05,3
PDE6D,14,0.00028815924,2.0582802e-05,1
USP45,4,0.00028786057,7.196514e-05,1
IGSF9B,3,0.0002877017,0.0002877017,3
PEX19,6,0.00028642867,4.773811e-05,1
PMP22,6,0.00028619208,4.769868e-05,1
KCNN4,7,0.00028609828,4.0871182e-05,1
SIX2,3,0.00028576504,0.00028576504,3
AIM2,9,0.0002850544,3.1672713e-05,1
GJB2,10,0.00028450182,2.8450182e-05,1
MYO5B,1,0.0002843981,0.0002843981,1
LCA5,4,0.00028221263,0.00014110631,2
IZUMO1,3,0.00028209158,9.4030525e-05,1
PLEKHA6,6,0.00028193582,4.6989302e-05,1
FRAS1,2,0.0002818136,0.0001409068,1
CIP2A,1,0.0002813905,0.0002813905,1
IL1RL1,147,0.00028132898,4.0189854e-05,21
SGK3,7,0.00028124813,4.0178304e-05,1
GFER,2,0.0002799547,0.00013997735,1
HELLS,3,0.0002799199,9.330664e-05,1
NEU3,18,0.00027931854,1.5517697e-05,1
CDC14A,10,0.00027912945,2.7912945e-05,1
MPP7,50,0.00027903687,2.7903685e-05,5
OR6F1,3,0.0002769926,9.233086e-05,1
LAMP3,3,0.00027670115,0.00027670115,3
AK2,12,0.00027626718,2.3022265e-05,1
SMR3B,1,0.00027593537,0.00027593537,1
HIC1,8,0.00027571683,3.4464603e-05,1
ARMC9,2,0.00027503155,0.00013751577,1
TEP1,3,0.0002749974,0.0002749974,3
UMOD,6,0.0002748468,9.16156e-05,2
INTS11,3,0.0002748299,9.160996e-05,1
ATP8A1,30,0.000274708,2.74708e-05,3
ADGRD1,2,0.0002737926,0.0002737926,2
RGS17,70,0.00027273461,1.9481045e-05,5
F11,30,0.00027232867,9.077622e-06,1
EBI3,7,0.00027223042,3.889006e-05,1
DMBX1,2,0.00027130204,0.00027130204,2
DENND1A,4,0.00027109822,6.7774556e-05,1
BAG6,2,0.00027105684,0.00013552842,1
OR2B11,3,0.00026947045,8.982348e-05,1
GORAB,1,0.0002692732,0.0002692732,1
OR2G3,6,0.0002680662,8.9355395e-05,2
CIDEA,4,0.0002676427,6.6910674e-05,1
LAMA3,34,0.00026717663,7.858136e-06,1
MIR495,1,0.0002655688,0.0002655688,1
OXGR1,6,0.00026516273,4.419379e-05,1
POLR1D,50,0.00026507658,1.0603063e-05,2
DCD,9,0.00026449386,8.816462e-05,3
EPHA7,108,0.00026428292,4.4047156e-05,18
CLVS1,20,0.0002634468,5.2689356e-05,4
EIF4E3,5,0.00026322104,5.264421e-05,1
ZNF202,3,0.0002630975,8.769916e-05,1
NIPAL1,4,0.0002607128,0.0001303564,2
IL17C,3,0.00025876172,8.625391e-05,1
SLC40A1,10,0.000258728,2.58728e-05,1
ZMIZ1,54,0.00025833969,8.611322e-05,18
SOAT2,9,0.00025819876,2.8688752e-05,1
LHX9,55,0.0002580252,5.160504e-05,11
ACTL6A,21,0.00025741296,1.225776e-05,1
CHN2,7,0.00025459798,3.637114e-05,1
GSDME,3,0.0002545525,8.485083e-05,1
CSMD3,18,0.0002534772,0.0002534772,18
SMC1B,7,0.0002533977,3.619967e-05,1
RASGEF1A,20,0.0002529457,5.0589144e-05,4
EEF1A2,18,0.0002526943,2.8077142e-05,2
GALNS,7,0.00025265652,3.609379e-05,1
ROS1,3,0.0002516864,8.3895466e-05,1
CISD1,11,0.00025054862,0.00025054862,11
ESRRG,15,0.00025052286,5.0104572e-05,3
IFT172,7,0.0002503319,3.5761703e-05,1
LY9,9,0.00024905527,0.00024905527,9
TADA2B,8,0.00024836435,3.1045543e-05,1
PEBP1,12,0.00024742924,2.0619103e-05,1
FHL5,6,0.0002463359,0.0002463359,6
HSD17B8,6,0.00024443143,4.073857e-05,1
MYPN,3,0.000244199,0.000244199,3
TRAPPC12,4,0.00024336291,6.0840728e-05,1
AREL1,4,0.00024150744,6.037686e-05,1
CLDN5,17,0.0002413844,1.4199082e-05,1
INS-IGF2,4,0.00024099663,0.00012049831,2
PA2G4,8,0.000240917,6.022925e-05,2
ERLEC1,13,0.00024061906,1.850916e-05,1
COL5A2,12,0.00024041897,2.0034915e-05,1
SSR3,10,0.00024041746,4.8083493e-05,2
ZEB1,12,0.00023959612,1.9966343e-05,1
NEB,4,0.00023941547,5.9853868e-05,1
ZMYM2,16,0.00023892739,2.9865923e-05,2
SLC22A5,52,0.00023886409,1.837416e-05,4
ADAP2,2,0.00023884242,0.00023884242,2
NSD1,8,0.00023853991,2.981749e-05,1
ADIPOR2,10,0.00023817671,2.381767e-05,1
SLC23A1,6,0.00023804835,3.9674724e-05,1
SNX9,14,0.0002378907,3.3984386e-05,2
CAMK1D,25,0.00023759968,4.751994e-05,5
RIPK3,31,0.00023757691,7.663772e-06,1
DLGAP2,3,0.00023752681,7.91756e-05,1
FUT10,8,0.00023720405,5.930101e-05,2
CCK,18,0.00023686422,1.3159123e-05,1
LSM3,8,0.00023685134,2.9606417e-05,1
LY6D,3,0.00023616682,7.8722274e-05,1
TCF3,21,0.000236002,1.123819e-05,1
BACE1,6,0.00023589912,3.931652e-05,1
NUDT5,24,0.00023526807,9.802837e-06,1
FKRP,8,0.00023492197,0.00023492197,8
BRSK1,1,0.00023446721,0.00023446721,1
ABCA13,12,0.0002332608,5.83152e-05,3
IL21R,66,0.00023177863,3.8629772e-05,11
PDE3A,14,0.00023143414,1.653101e-05,1
MYO5C,1,0.00023079403,0.00023079403,1
MSRB2,12,0.00023073719,1.9228099e-05,1
RBM25,1,0.00023010018,0.00023010018,1
STAB1,3,0.00022962505,7.6541684e-05,1
ZNF549,4,0.00022932162,5.7330406e-05,1
KCNG4,6,0.00022916927,7.6389755e-05,2
DCHS2,4,0.00022906766,0.00022906766,4
ZNF311,28,0.00022790891,5.6977227e-05,7
SELENOP,14,0.00022658726,3.2369608e-05,2
KLKB1,40,0.00022641693,5.660423e-06,1
SUPT6H,5,0.00022558472,4.5116944e-05,1
STK39,10,0.00022361963,0.000111809815,5
ARHGEF16,13,0.000222814,1.7139539e-05,1
DNAH2,6,0.00022136787,7.3789284e-05,2
PLCL1,2,0.00022094234,0.00011047117,1
MYOF,4,0.00022044446,5.5111115e-05,1
HSD17B6,10,0.00022043481,4.4086963e-05,2
SMG6,2,0.00021981291,0.000109906454,1
OR8S1,9,0.00021974814,7.3249386e-05,3
FYCO1,10,0.0002196674,0.0002196674,10
EHBP1,8,0.00021956943,0.00021956943,8
SYNGAP1,12,0.00021868438,1.8223698e-05,1
DNAH7,3,0.00021696747,7.232249e-05,1
CPA3,18,0.00021666264,3.611044e-05,3
NALCN,6,0.00021662482,7.220828e-05,2
SSU72,1,0.0002165729,0.0002165729,1
PTPN3,9,0.00021649002,2.4054447e-05,1
NDUFB4,38,0.00021618154,1.1377975e-05,2
ETF1,9,0.00021480168,2.3866853e-05,1
OR7A17,5,0.00021456198,4.2912397e-05,1
ARL5B,12,0.00021451597,0.00010725798,6
MUC16,18,0.00021377229,2.3752476e-05,2
IL22RA1,10,0.00021375302,2.1375303e-05,1
SRRM3,1,0.00021332997,0.00021332997,1
MBD5,4,0.00021323666,5.3309166e-05,1
KCTD13,7,0.00021305394,3.0436277e-05,1
SERTAD2,6,0.00021131923,0.000105659616,3
NUDT12,126,0.00021115241,2.346138e-05,14
SLC47A2,8,0.00021038843,5.2597108e-05,2
NCOA4,8,0.0002099654,2.6245674e-05,1
CCR8,16,0.0002096633,1.3103956e-05,1
CLK2,1,0.00020958307,0.00020958307,1
SRP54,18,0.00020944221,3.4907036e-05,3
RAB11FIP3,6,0.00020923566,3.487261e-05,1
CASR,11,0.00020893625,1.8994206e-05,1
COX20,2,0.00020815156,0.00010407578,1
PPM1L,5,0.00020751092,4.1502186e-05,1
HSPA12A,4,0.00020667832,5.166958e-05,1
DHDH,3,0.0002065794,6.88598e-05,1
HYAL4,4,0.00020590698,5.1476745e-05,1
SMG1,4,0.00020457568,5.114392e-05,1
ADAM23,42,0.00020384543,0.00010192271,21
SBSPON,4,0.00020365237,5.091309e-05,1
MGAM2,3,0.00020331198,6.777066e-05,1
XPO7,1,0.0002032671,0.0002032671,1
SEMA3C,8,0.000200961,0.0001004805,4
NINJ1,1,0.00019980173,0.00019980173,1
TARM1,6,0.00019971508,6.6571694e-05,2
RAP2B,20,0.00019968906,4.9922266e-05,5
LINC00885,3,0.00019881944,0.00019881944,3
FHL2,110,0.00019668648,1.9668649e-05,11
MAPRE2,3,0.00019654387,0.00019654387,3
TPBG,8,0.00019643271,0.00019643271,8
CHD7,4,0.00019636421,9.818211e-05,2
PICALM,72,0.00019608419,1.634035e-05,6
CHAF1B,1,0.00019556623,0.00019556623,1
PLOD1,5,0.00019548675,3.909735e-05,1
PINX1,1,0.00019542848,0.00019542848,1
ZNF347,4,0.00019502334,4.8755835e-05,1
OR2H1,15,0.0001935665,3.8713304e-05,3
CHGB,8,0.00019258048,4.814512e-05,2
GALNT15,32,0.00019240254,2.4050318e-05,4
GATA5,2,0.0001911513,9.557565e-05,1
PDLIM4,17,0.0001905856,0.0001905856,17
SYNE4,1,0.00019048771,0.00019048771,1
PVT1,8,0.0001896555,0.0001896555,8
SDK1,40,0.00018955031,4.7387577e-05,10
KCNK18,7,0.00018922909,2.7032727e-05,1
ARHGAP28,5,0.00018903764,3.7807527e-05,1
F7,42,0.00018877379,4.494614e-06,1
SEC62,6,0.00018770194,9.385097e-05,3
PRDM14,12,0.0001870226,6.234086e-05,4
APBA2,4,0.00018684578,4.6711444e-05,1
CA8,18,0.00018679857,9.3399285e-05,9
ANO2,8,0.00018653182,4.6632955e-05,2
CPB1,15,0.0001861092,3.722184e-05,3
AMY2B,8,0.00018447128,2.305891e-05,1
NCAPH2,6,0.00018444838,3.0741397e-05,1
SH2D1B,12,0.00018398713,4.599678e-05,3
DCSTAMP,3,0.00018340551,0.00018340551,3
OR2T3,3,0.00018291906,6.097302e-05,1
CACNA2D4,9,0.00018236112,2.0262347e-05,1
PCNT,22,0.00018214014,8.2790975e-06,1
MATR3,2,0.00018189607,9.094804e-05,1
MED18,2,0.00018141378,9.070689e-05,1
FLRT2,10,0.00018129313,3.6258625e-05,2
RBPJL,8,0.00018098495,2.2623119e-05,1
DHTKD1,19,0.00018036335,9.492808e-06,1
UBE2K,18,0.00018006453,2.000717e-05,2
EDAR,28,0.00017954757,2.5649653e-05,4
AGAP3,1,0.00017862994,0.00017862994,1
MFN2,16,0.00017841673,1.1151045e-05,1
RGL2,12,0.00017795173,2.965862e-05,2
LRRC59,2,0.00017656878,8.828439e-05,1
ZNF675,4,0.00017631637,4.4079094e-05,1
TBX20,2,0.00017550305,8.775153e-05,1
TTPA,4,0.00017536235,4.3840588e-05,1
EGLN3,52,0.00017533699,1.3487461e-05,4
MIR124-1,6,0.00017498292,8.749146e-05,3
B3GNTL1,4,0.00017494486,4.3736214e-05,1
MFSD4B,21,0.00017490766,5.8302558e-05,7
PM20D1,5,0.0001747556,3.4951117e-05,1
GRAMD1B,3,0.00017439116,0.00017439116,3
RFX6,1,0.00017433692,0.00017433692,1
NPPB,14,0.00017422771,2.4889672e-05,2
VPS54,4,0.00017391921,4.3479802e-05,1
CAPN9,3,0.00017389338,5.796446e-05,1
STARD3NL,30,0.0001735877,3.471754e-05,6
MIR132,7,0.00017302617,2.4718025e-05,1
AIRE,24,0.0001724357,8.621785e-05,12
LSAMP,6,0.00017157629,5.7192097e-05,2
SLCO2B1,20,0.00017134895,1.7134895e-05,2
TAOK2,6,0.00017129323,2.8548871e-05,1
DNAJC5B,2,0.0001707346,0.0001707346,2
TTK,6,0.0001706587,5.6886234e-05,2
TRIM69,4,0.0001706314,4.265785e-05,1
ABHD5,24,0.00017062524,2.1328155e-05,3
COL27A1,15,0.0001705541,3.4110824e-05,3
ARHGAP12,8,0.00017036618,2.1295773e-05,1
CEP43,240,0.0001702949,7.0956207e-06,10
ATXN2,6,0.00016970297,2.8283828e-05,1
QRSL1,2,0.00016945926,8.472963e-05,1
OR2AT4,6,0.00016941053,5.6470177e-05,2
SLC2A4RG,1,0.00016879653,0.00016879653,1
PPM1F,5,0.00016871738,3.3743476e-05,1
GEMIN6,4,0.0001686462,4.216155e-05,1
ZNF783,1,0.00016796436,0.00016796436,1
NUDT3,4,0.00016756123,4.1890307e-05,1
SLC25A26,4,0.0001659792,4.14948e-05,1
NOX3,10,0.00016542307,1.6542308e-05,1
RABGGTA,10,0.00016533904,1.6533904e-05,1
STX8,1,0.00016516144,0.00016516144,1
METTL21A,3,0.00016509846,5.5032822e-05,1
TNIP3,6,0.00016459523,2.7432538e-05,1
HTR1F,30,0.00016424755,1.0949836e-05,2
TOX2,3,0.00016342364,0.00016342364,3
ABCA8,3,0.0001628653,5.4288434e-05,1
ZNF738,3,0.0001627688,5.4256267e-05,1
CDKL2,1,0.00016262975,0.00016262975,1
TRAK1,20,0.00016230025,1.6230024e-05,2
PHOX2A,2,0.00016209493,0.00016209493,2
ZNF792,4,0.0001619649,4.0491224e-05,1
HRG,10,0.00016165206,3.2330412e-05,2
CD47,24,0.00016058428,1.3382023e-05,2
BDH2,9,0.00016053891,1.7837658e-05,1
ADARB1,5,0.00016051007,3.2102012e-05,1
OR5H15,3,0.00016050108,5.350036e-05,1
SLC9A2,76,0.00016038615,4.0096536e-05,19
GXYLT2,4,0.00016033501,8.0167505e-05,2
TRPC4,28,0.00016011666,2.2873808e-05,4
SERINC3,6,0.00016008019,5.3360065e-05,2
CCL25,13,0.00015976797,1.2289844e-05,1
CLU,13,0.00015959909,1.2276853e-05,1
EEPD1,12,0.00015952856,3.988214e-05,3
TAGAP,266,0.0001594689,2.278127e-05,38
RNF41,13,0.00015921249,1.2247115e-05,1
GP2,9,0.00015912518,5.3041727e-05,3
ZNF816,1,0.00015897691,0.00015897691,1
CNTNAP2,13,0.00015836509,0.00015836509,13
SLC16A9,6,0.00015829658,7.914829e-05,3
FLI1,8,0.00015772096,3.943024e-05,2
MYL6B,6,0.00015763912,2.6273186e-05,1
LMAN2L,9,0.00015680371,1.7422635e-05,1
DNAJC5,8,0.00015657437,1.9571797e-05,1
RHOH,8,0.00015655768,1.956971e-05,1
TOMM40L,2,0.00015633559,7.8167795e-05,1
OR2B6,10,0.00015632328,3.126466e-05,2
MGAT3,9,0.0001557657,1.7307299e-05,1
NRCAM,8,0.0001555961,1.9449513e-05,1
RNF125,3,0.00015545069,5.1816896e-05,1
TAPBP,11,0.00015544641,1.4131492e-05,1
CLN5,1,0.00015526943,0.00015526943,1
IGF2BP1,9,0.00015459069,1.7176742e-05,1
KRT2,4,0.00015335012,7.667506e-05,2
ZNF26,4,0.00015333321,3.8333303e-05,1
ACKR2,7,0.00015301887,2.185984e-05,1
LINC01063,4,0.00015298105,0.00015298105,4
RAB11B,13,0.00015270962,1.17468935e-05,1
DENND2D,4,0.00015265003,3.8162507e-05,1
VPS53,4,0.00015249445,3.8123613e-05,1
SEPTIN7,12,0.00015240673,3.8101683e-05,3
RAD18,7,0.00015210948,2.1729926e-05,1
HCN1,5,0.00015112814,3.0225629e-05,1
NLRP1,24,0.00015073837,1.8842296e-05,3
TRA2B,26,0.0001501933,1.1553331e-05,2
SLC9A3,98,0.00015016657,1.0726183e-05,7
PCK2,26,0.00014984941,5.763439e-06,1
DUOXA2,2,0.00014972143,7.486071e-05,1
MYT1,12,0.00014895777,2.4826295e-05,2
COMMD6,3,0.00014881852,4.9606173e-05,1
KIF24,3,0.00014876561,4.9588536e-05,1
NEUROG1,6,0.00014848987,4.9496623e-05,2
PLBD1,8,0.00014846436,1.8558045e-05,1
GYG1,24,0.00014815651,1.2346376e-05,2
P2RY14,11,0.00014760994,1.3419086e-05,1
KCNE3,6,0.00014714872,2.4524787e-05,1
LMCD1,2,0.00014714022,7.357011e-05,1
ULK2,12,0.00014693945,1.2244954e-05,1
LRRC8D,2,0.00014607068,7.303534e-05,1
ALCAM,80,0.00014533928,2.9067856e-05,16
TTR,14,0.00014510198,1.0364427e-05,1
IL17D,6,0.00014492916,2.415486e-05,1
MUSK,12,0.00014487818,3.6219546e-05,3
MBOAT2,10,0.0001436813,1.436813e-05,1
EXTL3,4,0.00014347197,3.5867994e-05,1
SLC25A17,9,0.00014340831,1.5934256e-05,1
OR2G2,3,0.00014285234,4.7617446e-05,1
HEXD,2,0.00014281503,7.1407514e-05,1
ARPP19,5,0.00014278978,2.8557955e-05,1
PER3,3,0.00014196835,4.7322785e-05,1
SOWAHC,14,0.00014080113,2.0114447e-05,2
ZNF776,3,0.00014018125,4.6727084e-05,1
SPG7,3,0.00013990692,4.663564e-05,1
DELEC1,4,0.00013961193,0.00013961193,4
IL17B,5,0.00013936943,2.7873884e-05,1
CLTCL1,18,0.00013902424,7.723569e-06,1
EFEMP1,15,0.00013901727,4.633909e-05,5
SLC52A1,8,0.00013871472,3.467868e-05,2
SLN,2,0.00013820354,0.00013820354,2
PLPP4,7,0.00013656123,1.9508747e-05,1
ACOD1,2,0.00013653417,0.00013653417,2
MYCBP2,6,0.00013561784,6.780892e-05,3
SPIRE1,1,0.00013484707,0.00013484707,1
ORM1,8,0.00013483214,1.6854017e-05,1
AKAP3,1,0.00013434743,0.00013434743,1
CHAF1A,2,0.00013415467,6.707734e-05,1
HIF1AN,24,0.00013379838,1.6724798e-05,3
DCUN1D4,3,0.00013348485,4.449495e-05,1
IGSF5,2,0.00013338475,6.669237e-05,1
SSPN,4,0.00013321373,0.00013321373,4
SKAP1,9,0.00013257719,4.419239e-05,3
SCUBE3,26,0.00013223532,6.611766e-05,13
HOPX,1,0.00013214641,0.00013214641,1
SEPTIN5,5,0.00013136603,2.6273206e-05,1
MIB1,42,0.00013028603,6.204097e-06,2
EP400,7,0.00012970064,1.8528663e-05,1
RAB28,3,0.00012917991,0.00012917991,3
CNIH3,9,0.00012894234,1.4326926e-05,1
FBLN2,9,0.00012864642,4.2882137e-05,3
PHB,8,0.00012799274,3.1998185e-05,2
TIMD4,1,0.00012754257,0.00012754257,1
PHLDB2,2,0.0001274761,6.373805e-05,1
GPR6,2,0.00012619644,0.00012619644,2
UBE2L3,17,0.00012590692,7.4062896e-06,1
PAPOLG,60,0.0001257444,6.28722e-05,30
EXPH5,2,0.00012548905,0.00012548905,2
EIF2B5,11,0.00012540648,1.140059e-05,1
PREP,53,0.00012507205,0.00012507205,53
DSCAML1,5,0.0001247388,2.494776e-05,1
VPREB1,6,0.00012328016,6.164008e-05,3
COL5A3,8,0.00012259452,1.5324315e-05,1
CNTN4,33,0.00012241217,4.080405e-05,11
SLC39A10,27,0.00012194214,1.35491255e-05,3
PTPRK,26,0.00012148888,6.074444e-05,13
TIMM22,2,0.00012104532,6.052266e-05,1
CPOX,14,0.00012091534,8.63681e-06,1
RNF19B,4,0.0001193134,2.982835e-05,1
MED9,12,0.00011883159,3.9610528e-05,4
GPRC5B,2,0.00011833859,0.00011833859,2
DCTN6,17,0.000118322576,6.9601515e-06,1
FDX2,11,0.00011782584,1.071144e-05,1
KCNH8,252,0.00011778513,3.926171e-05,84
SDR16C5,14,0.0001176716,1.6810229e-05,2
IRF2BP1,2,0.00011757881,0.00011757881,2
FOXL1,1,0.00011749585,0.00011749585,1
BARX2,3,0.000117128715,0.000117128715,3
LMF1,4,0.00011688906,2.9222265e-05,1
RIMS2,2,0.00011687032,0.00011687032,2
SF3B1,11,0.000116595125,1.0599557e-05,1
GNPDA2,56,0.000116376556,1.4547069e-05,7
KCNB2,9,0.000116147065,3.8715687e-05,3
PARVB,7,0.0001161347,1.6590671e-05,1
RASSF2,4,0.00011596344,0.00011596344,4
SLC13A1,18,0.00011534237,1.9223728e-05,3
IFT81,7,0.000115288014,1.6469716e-05,1
MIR148A,4,0.00011492684,0.00011492684,4
FHIT,10,0.00011482053,2.2964105e-05,2
ZNF221,4,0.00011469102,2.8672755e-05,1
IER5,1,0.0001140045,0.0001140045,1
COX18,4,0.0001139721,5.698605e-05,2
IHO1,1,0.00011360083,0.00011360083,1
CHRD,5,0.00011354738,2.2709475e-05,1
PNLIPRP3,5,0.000112864975,2.2572995e-05,1
SAMD3,1,0.00011282291,0.00011282291,1
CABLES1,8,0.00011282262,2.8205655e-05,2
ZNF836,2,0.0001125815,0.0001125815,2
GATA6,12,0.00011252345,9.376954e-06,1
PHOX2B,6,0.0001122286,5.61143e-05,3
KIF14,24,0.00011169956,1.3962445e-05,3
CD8B2,24,0.00011168038,1.8613397e-05,4
CABLES2,2,0.00011147804,5.573902e-05,1
ATP8B3,6,0.00011094665,1.8491108e-05,1
ST20-MTHFS,1,0.000110677654,0.000110677654,1
MPZ,6,0.00011061906,1.843651e-05,1
U2AF1L5,3,0.000110535875,3.6845293e-05,1
DNAJC15,2,0.000110506444,5.5253222e-05,1
TULP4,3,0.00011045608,3.6818692e-05,1
SLC9A4,130,0.00011019638,2.2039276e-05,26
HACD1,21,0.000110179964,1.5739994e-05,3
RTN4,9,0.00011015453,1.2239392e-05,1
KRT80,2,0.00010950734,5.475367e-05,1
RP9,3,0.00010942467,0.00010942467,3
RGL1,6,0.000109291446,1.8215242e-05,1
INTS6,3,0.00010924294,3.6414312e-05,1
HSPA13,8,0.00010911822,2.7279555e-05,2
BCAS3,1,0.00010855471,0.00010855471,1
OR1J2,3,0.000108465,3.6155e-05,1
PARP2,57,0.00010818625,5.6940135e-06,3
GRIP2,21,0.0001080561,1.5436584e-05,3
UCHL1,10,0.00010774363,1.0774364e-05,1
RSPH1,16,0.00010773606,0.00010773606,16
POMGNT2,16,0.000107559164,2.6889791e-05,4
TECTA,3,0.000107354696,3.57849e-05,1
TRIM63,11,0.00010708904,9.735368e-06,1
SI,14,0.00010690263,7.635902e-06,1
MMAB,6,0.000106879335,1.7813223e-05,1
IL17RA,12,0.000106782085,1.7797014e-05,2
COL8A1,14,0.00010674044,1.5248634e-05,2
DLEU1,5,0.00010664893,0.00010664893,5
OR2F1,10,0.00010644183,2.1288366e-05,2
PSCA,3,0.00010602299,3.5340996e-05,1
TBCC,3,0.000105093146,3.5031047e-05,1
CERS4,9,0.00010467145,1.1630162e-05,1
KCNH7,6,0.00010442659,3.480886e-05,2
PPP4R3B,3,0.00010278263,3.4260876e-05,1
RBM47,3,0.000102485465,0.000102485465,3
ARSG,18,0.00010233837,1.137093e-05,2
GCM2,1,0.00010219581,0.00010219581,1
KCNA3,10,0.00010219158,2.0438318e-05,2
FSCN1,4,0.00010196988,5.098494e-05,2
SEPTIN3,2,0.0001007113,5.035565e-05,1
TAC4,4,0.000100447585,5.0223793e-05,2
KLK4,1,0.0001002495,0.0001002495,1
SDF2L1,28,0.00010015411,7.1538648e-06,2
SATB1,11,9.9848236e-05,9.077113e-06,1
SLC6A6,18,9.8477234e-05,1.0941914e-05,2
ZNF605,8,9.8327204e-05,2.4581801e-05,2
CDC42EP4,8,9.8000775e-05,1.2250097e-05,1
NEUROD1,3,9.7562704e-05,3.25209e-05,1
DNAJA3,3,9.7445576e-05,3.2481857e-05,1
KLF15,5,9.741901e-05,1.9483803e-05,1
UHMK1,15,9.703759e-05,1.9407518e-05,3
MICU2,12,9.6947806e-05,3.2315933e-05,4
ST8SIA3,20,9.652869e-05,9.652869e-06,2
SLC20A2,5,9.575542e-05,1.9151084e-05,1
FAM161A,28,9.529117e-05,9.529117e-05,28
LARS2,9,9.513269e-05,1.0570298e-05,1
TXNRD3,14,9.502095e-05,1.3574421e-05,2
PDSS1,6,9.496689e-05,1.5827814e-05,1
SNX18,4,9.493074e-05,2.3732686e-05,1
OR10C1,3,9.488675e-05,3.162892e-05,1
TPSD1,2,9.4786315e-05,9.4786315e-05,2
PPP1R18,1,9.454857e-05,9.454857e-05,1
RFT1,12,9.4459996e-05,2.3614999e-05,3
EPB41L4B,9,9.412715e-05,3.1375715e-05,3
LIMD1,8,9.365712e-05,1.170714e-05,1
NFAM1,4,9.362412e-05,2.340603e-05,1
BCL9L,4,9.353153e-05,2.3382883e-05,1
CHRNA9,11,9.310595e-05,8.464177e-06,1
SNRNP35,4,9.1844704e-05,2.2961176e-05,1
UPF2,10,9.107559e-05,1.821512e-05,2
BNIP2,12,9.036482e-05,3.0121608e-05,4
SF3A2,6,9.0286136e-05,1.5047689e-05,1
ITIH2,8,9.0283385e-05,2.2570846e-05,2
SPATA18,2,9.001067e-05,9.001067e-05,2
MAP2,4,8.9908404e-05,2.2477101e-05,1
CACNG5,10,8.9863934e-05,8.986393e-06,1
CARD10,1,8.9581845e-05,8.9581845e-05,1
GLTP,4,8.9500376e-05,2.2375094e-05,1
DPPA4,9,8.8680834e-05,2.956028e-05,3
SPCS2,9,8.8147666e-05,9.794185e-06,1
USP6NL,16,8.778945e-05,1.0973681e-05,2
PEG10,2,8.7226595e-05,8.7226595e-05,2
ST8SIA6,36,8.708312e-05,9.675902e-06,4
DSC1,14,8.655908e-05,1.2365583e-05,2
NKD2,11,8.6419794e-05,7.856345e-06,1
ZKSCAN4,3,8.617692e-05,2.872564e-05,1
SDHAF4,1,8.6176304e-05,8.6176304e-05,1
TOX,2,8.584873e-05,4.2924366e-05,1
HYAL2,8,8.580681e-05,1.0725851e-05,1
PLIN5,1,8.5401625e-05,8.5401625e-05,1
RAB27B,13,8.53557e-05,6.5658232e-06,1
ATP11B,14,8.522208e-05,1.21745825e-05,2
SMNDC1,15,8.50684e-05,1.701368e-05,3
CALCOCO2,4,8.503742e-05,2.1259355e-05,1
GPR12,54,8.4551844e-05,8.4551844e-05,54
UBR1,4,8.3848165e-05,2.0962041e-05,1
CLPB,4,8.364712e-05,8.364712e-05,4
OR2H2,4,8.343093e-05,2.0857733e-05,1
MRPS9,7,8.288681e-05,1.1840973e-05,1
CEP19,3,8.282039e-05,2.7606797e-05,1
SLC39A11,6,8.272484e-05,2.7574944e-05,2
P2RX6,8,8.232963e-05,1.0291204e-05,1
ADGRB1,2,8.128252e-05,4.064126e-05,1
STX11,1,8.114498e-05,8.114498e-05,1
USP31,4,8.081095e-05,8.081095e-05,4
FREM1,2,8.0694204e-05,4.0347102e-05,1
ABCA10,4,8.0530415e-05,2.0132604e-05,1
TNFAIP8,4,8.048866e-05,2.0122165e-05,1
RYBP,7,7.988849e-05,1.1412641e-05,1
DSG3,8,7.981647e-05,9.977059e-06,1
CLCN6,14,7.96405e-05,1.1377215e-05,2
NFRKB,5,7.9546524e-05,1.5909305e-05,1
EFHC1,1,7.927598e-05,7.927598e-05,1
GTF2IRD1,12,7.9093596e-05,3.9546798e-05,6
MTIF3,4,7.9055215e-05,1.9763804e-05,1
CDK13,16,7.904861e-05,9.881076e-06,2
NDN,18,7.860685e-05,2.6202282e-05,6
AMPH,14,7.8246754e-05,1.1178106e-05,2
SOX5,4,7.7775665e-05,1.9443916e-05,1
OR13D1,3,7.759313e-05,2.5864378e-05,1
PCSK1,8,7.746213e-05,9.682766e-06,1
TSEN2,8,7.739607e-05,1.9349018e-05,2
CHP2,1,7.735612e-05,7.735612e-05,1
LARP1,1,7.733734e-05,7.733734e-05,1
EPC1,7,7.712779e-05,1.1018256e-05,1
ZDHHC2,4,7.646955e-05,3.8234775e-05,2
NEGR1,12,7.611912e-05,1.902978e-05,3
SLC13A5,5,7.606127e-05,1.5212254e-05,1
DISP1,3,7.548003e-05,2.5160009e-05,1
IFITM3,5,7.538758e-05,1.5077516e-05,1
PPIP5K2,24,7.525794e-05,1.2542991e-05,4
CEP72,16,7.52478e-05,4.7029876e-06,1
L3MBTL1,6,7.5120006e-05,1.2520001e-05,1
ASIC4,1,7.5045435e-05,7.5045435e-05,1
CYSTM1,3,7.4763564e-05,2.4921188e-05,1
OR10G3,3,7.4762815e-05,2.4920939e-05,1
RBM28,1,7.4420175e-05,7.4420175e-05,1
PMPCA,24,7.429726e-05,1.2382876e-05,4
UCMA,6,7.407886e-05,1.2346477e-05,1
QTRT1,3,7.4008094e-05,2.4669365e-05,1
ZNF10,4,7.365768e-05,1.841442e-05,1
CNOT4,10,7.3467e-05,7.3467004e-06,1
DENND5B,4,7.314009e-05,1.8285022e-05,1
TRNT1,5,7.1607545e-05,1.4321509e-05,1
GJA3,2,7.156351e-05,3.5781755e-05,1
FBXL16,7,7.09045e-05,1.0129214e-05,1
GRP,30,7.083163e-05,4.7221083e-06,2
SLC52A3,5,7.037979e-05,1.40759585e-05,1
ASGR2,4,7.035543e-05,1.7588858e-05,1
HNRNPA3P1,2,7.0125556e-05,7.0125556e-05,2
NCS1,1,7.001951e-05,7.001951e-05,1
PHF10,1,6.995617e-05,6.995617e-05,1
KLF7,1,6.987559e-05,6.987559e-05,1
INO80D,15,6.927287e-05,1.3854576e-05,3
SCG2,4,6.891116e-05,1.722779e-05,1
TFCP2,2,6.850346e-05,3.425173e-05,1
IGF2BP2,8,6.848187e-05,3.4240937e-05,4
CEP350,2,6.831916e-05,6.831916e-05,2
PARVG,6,6.824018e-05,2.2746728e-05,2
SPDEF,32,6.8237896e-05,3.4118948e-05,16
SSH1,5,6.8161404e-05,1.3632281e-05,1
ZNF680,4,6.778537e-05,1.6946342e-05,1
ACYP2,2,6.77383e-05,3.386915e-05,1
COX7B2,12,6.7604946e-05,5.6337453e-06,1
UGGT2,14,6.6727895e-05,9.532556e-06,2
KCNS2,3,6.6724904e-05,2.2241635e-05,1
GPR19,1,6.559858e-05,6.559858e-05,1
IRAG2,3,6.546876e-05,2.182292e-05,1
DCBLD2,2,6.521525e-05,6.521525e-05,2
PDCD11,4,6.4935666e-05,1.6233917e-05,1
ICAM5,15,6.48895e-05,1.29779e-05,3
SIPA1L3,1,6.4841e-05,6.4841e-05,1
NABP2,4,6.480671e-05,1.6201677e-05,1
ICAM4,6,6.447344e-05,1.07455735e-05,1
TYW3,24,6.4244465e-05,1.070741e-05,4
ADAMTS15,8,6.4214575e-05,1.6053644e-05,2
PTTG1IP,3,6.413591e-05,2.1378635e-05,1
UBE3B,5,6.4035594e-05,1.2807119e-05,1
TIE1,1,6.384197e-05,6.384197e-05,1
RABEP2,2,6.3749954e-05,3.1874977e-05,1
PRICKLE2,4,6.370403e-05,3.1852014e-05,2
AQP4,8,6.346525e-05,7.933157e-06,1
CUL4A,20,6.2883686e-05,3.1441843e-06,1
GIMAP2,1,6.209748e-05,6.209748e-05,1
C6orf201,1,6.20879e-05,6.20879e-05,1
PLPPR5,5,6.205538e-05,1.2411076e-05,1
MACF1,2,6.174358e-05,3.087179e-05,1
ATF7IP,9,6.167654e-05,2.0558846e-05,3
FKBP15,1,6.1602565e-05,6.1602565e-05,1
HRH4,40,6.143278e-05,6.1432784e-06,4
KLK7,2,6.0582526e-05,3.0291263e-05,1
ARFRP1,4,6.0388127e-05,1.5097032e-05,1
FAM3C,16,6.015757e-05,1.5039393e-05,4
CTNNAL1,2,5.9935835e-05,2.9967918e-05,1
TIMM44,2,5.9934195e-05,2.9967097e-05,1
HIVEP2,1,5.9914368e-05,5.9914368e-05,1
TUBD1,1,5.973499e-05,5.973499e-05,1
GRPEL1,2,5.861557e-05,2.9307785e-05,1
MACO1,6,5.8521124e-05,9.75352e-06,1
IDO2,40,5.8304922e-05,5.8304922e-06,4
BIRC6,3,5.7873407e-05,1.9291136e-05,1
KCNA10,3,5.787333e-05,1.929111e-05,1
LYPD6B,6,5.74779e-05,1.91593e-05,2
MYORG,1,5.690486e-05,5.690486e-05,1
PNPT1,15,5.6682045e-05,1.8894014e-05,5
PBK,2,5.619308e-05,2.809654e-05,1
MYO1D,1,5.6148783e-05,5.6148783e-05,1
ZNF521,60,5.5794226e-05,9.299038e-06,10
VPS41,2,5.5544864e-05,2.7772432e-05,1
LLGL2,6,5.534543e-05,1.8448476e-05,2
MICU3,3,5.5015167e-05,1.8338389e-05,1
SNAPC4,14,5.4915075e-05,7.845011e-06,2
RPEL1,5,5.470343e-05,1.0940686e-05,1
HTR3C,5,5.4666423e-05,1.0933285e-05,1
PSD3,8,5.4484204e-05,5.4484204e-05,8
CASTOR1,2,5.3952586e-05,5.3952586e-05,2
NABP1,9,5.351631e-05,1.7838769e-05,3
RAB29,9,5.324463e-05,1.7748209e-05,3
MOBP,12,5.3241576e-05,1.3310394e-05,3
HOXA7,2,5.319272e-05,5.319272e-05,2
WDR45B,4,5.3072912e-05,2.6536456e-05,2
ADAMTS8,6,5.274131e-05,8.790218e-06,1
CDH16,3,5.2732674e-05,1.7577559e-05,1
DPRX,1,5.1948966e-05,5.1948966e-05,1
AP3S1,5,5.18481e-05,1.036962e-05,1
CARD9,11,5.1748208e-05,4.7043827e-06,1
KCNAB1,8,5.1668285e-05,1.2917071e-05,2
SLC39A12,9,5.1365347e-05,1.7121782e-05,3
OR51B5,3,5.1306033e-05,1.7102011e-05,1
OR6C6,3,5.121166e-05,1.7070553e-05,1
MIR29B2CHG,1,5.0856317e-05,5.0856317e-05,1
ACP3,4,5.075983e-05,1.2689958e-05,1
RXYLT1,1,5.04621e-05,5.04621e-05,1
RIT2,16,5.0328985e-05,6.291123e-06,2
NANOS1,3,5.028056e-05,5.028056e-05,3
ZNF527,1,4.955683e-05,4.955683e-05,1
ITIH4,4,4.944795e-05,1.23619875e-05,1
KIN,6,4.9423055e-05,1.6474352e-05,2
FCGR2C,10,4.9174603e-05,9.83492e-06,2
MIR372,2,4.8550897e-05,2.4275449e-05,1
AKAP10,3,4.8483766e-05,1.6161255e-05,1
ADGRV1,1,4.8142014e-05,4.8142014e-05,1
PCDH8,3,4.801636e-05,4.801636e-05,3
ZMAT3,3,4.7747046e-05,1.5915683e-05,1
TSHZ1,2,4.7716578e-05,4.7716578e-05,2
DNMBP,6,4.7254947e-05,7.875825e-06,1
INO80C,4,4.6950936e-05,1.1737734e-05,1
OR51G2,3,4.6777855e-05,1.559262e-05,1
AS3MT,5,4.6579884e-05,9.315977e-06,1
KATNAL2,1,4.6495727e-05,4.6495727e-05,1
CLYBL,1,4.6280675e-05,4.6280675e-05,1
FAT1,27,4.5888268e-05,1.529609e-05,9
RSU1,12,4.5112898e-05,1.12782245e-05,3
ZNF740,3,4.486675e-05,1.4955583e-05,1
TNFRSF19,1,4.4387612e-05,4.4387612e-05,1
TRPM1,10,4.4229615e-05,8.845922e-06,2
OSBPL1A,5,4.401697e-05,8.803394e-06,1
NCAPD3,5,4.3902517e-05,8.780504e-06,1
ARL3,7,4.3673135e-05,6.2390195e-06,1
KRT78,2,4.2857475e-05,2.1428737e-05,1
SUV39H2,6,4.194258e-05,6.9904304e-06,1
TNIK,3,4.1792646e-05,1.3930882e-05,1
POU2F3,2,4.167422e-05,2.083711e-05,1
SLC12A7,12,4.1605403e-05,6.934234e-06,2
MYO1B,3,4.1372918e-05,4.1372918e-05,3
CNOT10,11,4.1353476e-05,3.759407e-06,1
KRT82,2,4.122207e-05,2.0611034e-05,1
ADAMTS17,4,4.1110503e-05,1.0277626e-05,1
MLF1,1,4.109522e-05,4.109522e-05,1
TMEFF2,6,4.0972413e-05,4.0972413e-05,6
SLPI,3,4.0861814e-05,1.36206045e-05,1
MCC,2,4.0832507e-05,4.0832507e-05,2
HSPBP1,1,4.0602812e-05,4.0602812e-05,1
TMEM98,3,4.001438e-05,4.001438e-05,3
ZKSCAN7,3,3.9984698e-05,1.3328233e-05,1
CYP4V2,10,3.9974744e-05,3.9974743e-06,1
HES2,2,3.997295e-05,1.9986475e-05,1
UNC80,3,3.9774495e-05,1.3258165e-05,1
BCL11A,15,3.9689265e-05,3.9689265e-05,15
TPPP,12,3.9592134e-05,1.31973775e-05,4
MPHOSPH6,6,3.9558294e-05,3.9558294e-05,6
CBFA2T3,2,3.9449562e-05,3.9449562e-05,2
ADAM9,7,3.9319097e-05,5.617014e-06,1
CELSR3,1,3.9203554e-05,3.9203554e-05,1
LMOD1,2,3.9080223e-05,1.9540112e-05,1
TPD52,12,3.883026e-05,9.707565e-06,3
SCARA5,3,3.8757502e-05,1.2919168e-05,1
ARL8A,4,3.8626727e-05,9.656682e-06,1
PPRC1,5,3.8401544e-05,7.680309e-06,1
GPR75,2,3.8068698e-05,1.9034349e-05,1
DGCR6L,3,3.7580103e-05,3.7580103e-05,3
ZNF641,4,3.7177684e-05,9.294421e-06,1
SEC16A,9,3.7082533e-05,4.1202816e-06,1
STON2,4,3.700774e-05,9.251935e-06,1
AIPL1,7,3.6851812e-05,3.6851812e-05,7
CILK1,2,3.6522582e-05,1.8261291e-05,1
IMPACT,4,3.65118e-05,9.12795e-06,1
TFF2,2,3.5830617e-05,1.7915308e-05,1
TBX19,1,3.579707e-05,3.579707e-05,1
ZNF266,3,3.5692792e-05,1.1897598e-05,1
GJB5,3,3.5635745e-05,3.5635745e-05,3
TRAM1L1,1,3.5557536e-05,3.5557536e-05,1
RSPH3,24,3.5058318e-05,3.5058318e-05,24
CHST9,7,3.5012377e-05,5.0017684e-06,1
MBNL1,8,3.5007783e-05,3.5007783e-05,8
RTN4R,15,3.469523e-05,1.15650755e-05,5
KRIT1,1,3.4665703e-05,3.4665703e-05,1
MEG3,2,3.459237e-05,3.459237e-05,2
MAP1LC3B2,5,3.455694e-05,3.455694e-05,5
SERINC2,3,3.4536493e-05,1.1512165e-05,1
GJB6,7,3.4438748e-05,3.4438748e-05,7
MIR138-1,8,3.437951e-05,1.7189755e-05,4
SYNGR1,24,3.4200275e-05,1.1400091e-05,8
NHLRC3,3,3.4111195e-05,1.1370398e-05,1
INF2,2,3.3550892e-05,1.6775446e-05,1
KCNA6,3,3.2717457e-05,1.0905819e-05,1
TRDMT1,4,3.2424836e-05,8.106209e-06,1
STOML3,3,3.239935e-05,1.0799784e-05,1
SPATA17,1,3.199774e-05,3.199774e-05,1
PIGN,10,3.1988187e-05,6.397637e-06,2
OR5H6,3,3.1974352e-05,1.0658117e-05,1
ZNF90,1,3.189497e-05,3.189497e-05,1
IDNK,2,3.188158e-05,3.188158e-05,2
DAZL,16,3.18484e-05,1.59242e-05,8
MIR129-2,2,3.162306e-05,1.581153e-05,1
OR5AC2,3,3.111527e-05,1.0371757e-05,1
AGAP1,6,3.110145e-05,3.110145e-05,6
KRT3,2,3.095028e-05,1.547514e-05,1
SVIL,12,3.0925727e-05,1.5462863e-05,6
CAPN15,2,3.0887277e-05,1.5443638e-05,1
CCDC9,1,3.0650437e-05,3.0650437e-05,1
NLRP6,2,3.0483789e-05,3.0483789e-05,2
SEMA3F,2,3.0390493e-05,3.0390493e-05,2
RAB11FIP2,8,3.0382362e-05,3.0382362e-05,8
CTCFL,7,3.0368026e-05,3.0368026e-05,7
CETN3,1,3.0334626e-05,3.0334626e-05,1
DYRK3,15,3.0306128e-05,3.0306128e-05,15
ELSPBP1,1,3.0047348e-05,3.0047348e-05,1
ZNF283,1,2.9926725e-05,2.9926725e-05,1
NOS1AP,4,2.988083e-05,1.4940415e-05,2
ISCU,2,2.9873328e-05,1.4936664e-05,1
ABHD2,4,2.9845667e-05,1.49228335e-05,2
SOX8,9,2.95903e-05,9.863433e-06,3
LYZL1,14,2.9395685e-05,1.4697843e-05,7
LLGL1,3,2.93618e-05,9.787266e-06,1
MTARC1,3,2.8973851e-05,9.657951e-06,1
CFHR4,12,2.8930379e-05,4.82173e-06,2
CECR2,2,2.8879473e-05,2.8879473e-05,2
EOGT,1,2.8071001e-05,2.8071001e-05,1
FITM2,3,2.8011951e-05,9.337317e-06,1
SERP1,2,2.8004877e-05,1.4002439e-05,1
MBD2,24,2.7932136e-05,4.655356e-06,4
OR5K3,6,2.7901602e-05,9.300534e-06,2
SMAP1,1,2.7798656e-05,2.7798656e-05,1
RNF138,8,2.7650232e-05,6.912558e-06,2
ZNF7,1,2.7288563e-05,2.7288563e-05,1
DNAH1,4,2.7268672e-05,6.817168e-06,1
TERC,5,2.7238686e-05,5.4477373e-06,1
JADE2,3,2.7022501e-05,9.0075e-06,1
PPP2R3C,9,2.6752237e-05,2.9724708e-06,1
SELENOK,3,2.6718059e-05,2.6718059e-05,3
OXA1L,7,2.611574e-05,3.73082e-06,1
COMMD10,3,2.5960024e-05,8.653341e-06,1
FREM2,2,2.5430063e-05,1.27150315e-05,1
TTL,3,2.4990952e-05,8.3303175e-06,1
PGM5,1,2.466869e-05,2.466869e-05,1
MYO1A,1,2.4057423e-05,2.4057423e-05,1
FBLN5,3,2.4008326e-05,8.002776e-06,1
AKAP7,1,2.3981007e-05,2.3981007e-05,1
SERPINB8,2,2.3961566e-05,1.1980783e-05,1
NSG1,1,2.3769317e-05,2.3769317e-05,1
ZNF281,3,2.3696484e-05,2.3696484e-05,3
RBP3,1,2.364056e-05,2.364056e-05,1
OR4E1,30,2.3575016e-05,7.858339e-06,10
OR10P1,3,2.3425679e-05,7.8085595e-06,1
MPV17L2,3,2.3352883e-05,2.3352883e-05,3
ERC2,3,2.3339277e-05,2.3339277e-05,3
ING1,1,2.333404e-05,2.333404e-05,1
GLB1L3,1,2.3078028e-05,2.3078028e-05,1
PAPPA,2,2.3060988e-05,1.1530494e-05,1
JADE1,6,2.2887236e-05,7.6290785e-06,2
DNAJB9,4,2.280107e-05,1.1400535e-05,2
ANXA4,2,2.2423865e-05,1.1211932e-05,1
TGFBRAP1,2,2.228802e-05,1.114401e-05,1
TIMM17A,4,2.2240662e-05,1.1120331e-05,2
TCF20,1,2.1994085e-05,2.1994085e-05,1
MOCOS,12,2.185785e-05,3.642975e-06,2
PAN2,5,2.1423519e-05,4.2847037e-06,1
TCOF1,24,2.1377853e-05,2.1377853e-05,24
ZFP57,12,2.1319509e-05,2.1319509e-05,12
CPLX2,2,2.1209804e-05,1.0604902e-05,1
ARRDC4,2,2.0999578e-05,2.0999578e-05,2
RPP14,4,2.0414398e-05,5.1035995e-06,1
NIPAL3,2,2.0301066e-05,1.0150533e-05,1
RP1,6,2.0284015e-05,2.0284015e-05,6
GPRC5A,6,1.9935424e-05,9.967712e-06,3
SDHAF3,1,1.9668785e-05,1.9668785e-05,1
ALKBH8,6,1.9650492e-05,6.550164e-06,2
CMC1,30,1.9405043e-05,1.9405043e-05,30
LINC01311,3,1.8674527e-05,1.8674527e-05,3
PNRC1,3,1.7995286e-05,1.7995286e-05,3
PTF1A,2,1.7868744e-05,8.934372e-06,1
OR11H4,3,1.7541588e-05,5.847196e-06,1
INTU,28,1.7063514e-05,8.531757e-06,14
SAMSN1,1,1.664473e-05,1.664473e-05,1
MYRIP,2,1.6569817e-05,1.6569817e-05,2
PPP1R17,2,1.6473597e-05,1.6473597e-05,2
ZNF107,1,1.624413e-05,1.624413e-05,1
DISP3,1,1.612089e-05,1.612089e-05,1
PTPRO,3,1.5626818e-05,5.2089395e-06,1
PAFAH2,3,1.5423268e-05,5.1410893e-06,1
PRR5L,2,1.4995678e-05,1.4995678e-05,2
HDDC3,1,1.46905695e-05,1.46905695e-05,1
CELF2,1,1.4663687e-05,1.4663687e-05,1
ZNF624,4,1.4619067e-05,3.6547667e-06,1
ANKS1A,5,1.4559562e-05,1.4559562e-05,5
PTP4A3,2,1.426503e-05,1.426503e-05,2
ATP9B,3,1.4017396e-05,4.6724654e-06,1
CATSPER4,3,1.3691382e-05,4.563794e-06,1
PRAM1,1,1.3667927e-05,1.3667927e-05,1
MAL,2,1.3562802e-05,1.3562802e-05,2
SORCS1,7,1.3547264e-05,1.3547264e-05,7
ZNF91,1,1.350141e-05,1.350141e-05,1
URAD,2,1.3107262e-05,1.3107262e-05,2
SYNE1,1,1.30156295e-05,1.30156295e-05,1
SIK3,1,1.30111475e-05,1.30111475e-05,1
OR7G1,3,1.2967297e-05,4.3224322e-06,1
SLC20A1,4,1.29149275e-05,3.2287319e-06,1
PSD2,2,1.28115735e-05,1.28115735e-05,2
GPR156,3,1.2752054e-05,1.2752054e-05,3
ANXA3,1,1.271205e-05,1.271205e-05,1
IPCEF1,2,1.26729e-05,1.26729e-05,2
XPO6,4,1.2559492e-05,1.2559492e-05,4
CDC20B,1,1.2367926e-05,1.2367926e-05,1
PKD1L1,1,1.2298209e-05,1.2298209e-05,1
ATXN10,2,1.2188638e-05,6.094319e-06,1
KCTD1,5,1.1893422e-05,2.3786845e-06,1
KRT73,2,1.1874154e-05,5.937077e-06,1
DGLUCY,1,1.1848353e-05,1.1848353e-05,1
SLURP1,1,1.1082955e-05,1.1082955e-05,1
GULP1,1,1.1058146e-05,1.1058146e-05,1
DIP2A,2,1.0887101e-05,1.0887101e-05,2
PUS1,5,1.0603297e-05,2.1206592e-06,1
PRAP1,1,1.048585e-05,1.048585e-05,1
DNAH14,3,1.02311e-05,3.4103666e-06,1
TANGO2,1,1.0230689e-05,1.0230689e-05,1
MIR122,2,1.0040313e-05,5.0201566e-06,1
HAVCR1,1,9.923238e-06,9.923238e-06,1
POSTN,2,9.894992e-06,4.947496e-06,1
WDR26,1,9.80452e-06,9.80452e-06,1
GJA4,2,9.69906e-06,4.84953e-06,1
OR11H6,3,9.639918e-06,3.213306e-06,1
RPRD1A,3,9.042913e-06,3.0143044e-06,1
GATC,1,9.035622e-06,9.035622e-06,1
GPSM1,1,8.969528e-06,8.969528e-06,1
ERC1,3,8.847865e-06,2.9492883e-06,1
ANO10,3,8.636062e-06,2.8786874e-06,1
TFEC,1,8.534512e-06,8.534512e-06,1
PDLIM3,2,8.519202e-06,8.519202e-06,2
GSC2,2,8.364158e-06,8.364158e-06,2
CELSR1,4,8.276458e-06,4.138229e-06,2
C22orf39,2,8.042006e-06,8.042006e-06,2
VSIR,1,7.889204e-06,7.889204e-06,1
GHDC,6,7.7083205e-06,2.5694403e-06,2
CCNO,1,7.4109325e-06,7.4109325e-06,1
OR5AU1,6,7.2605103e-06,2.4201702e-06,2
SERPINI1,1,6.81862e-06,6.81862e-06,1
LRRFIP1,11,6.7666806e-06,6.1515277e-07,1
IFRD1,1,6.728864e-06,6.728864e-06,1
MMP26,1,6.6952653e-06,6.6952653e-06,1
CRX,3,6.502343e-06,6.502343e-06,3
CELF4,1,6.297841e-06,6.297841e-06,1
OSBPL7,5,6.256322e-06,1.2512644e-06,1
SETBP1,9,6.044953e-06,6.044953e-06,9
PWRN1,1,5.960209e-06,5.960209e-06,1
RPH3AL,1,5.8885444e-06,5.8885444e-06,1
POC1A,1,5.796531e-06,5.796531e-06,1
FBN3,3,5.584846e-06,1.8616153e-06,1
HORMAD2,24,5.4974303e-06,5.4974303e-06,24
KIAA1217,2,5.426189e-06,5.426189e-06,2
SHF,1,5.376595e-06,5.376595e-06,1
RIOK2,4,5.182506e-06,5.182506e-06,4
FOXP2,3,5.076396e-06,5.076396e-06,3
PLCXD3,1,4.6038203e-06,4.6038203e-06,1
RETNLB,3,4.5534402e-06,4.5534402e-06,3
CALHM1,1,4.485353e-06,4.485353e-06,1
ECHDC3,4,4.4055855e-06,4.4055855e-06,4
PIWIL3,2,4.2154707e-06,4.2154707e-06,2
CCDC188,4,4.198251e-06,4.198251e-06,4
RPGRIP1,1,4.104453e-06,4.104453e-06,1
CD207,15,4.088461e-06,8.176923e-07,3
WDFY2,1,4.0557916e-06,4.0557916e-06,1
ARVCF,1,4.0525742e-06,4.0525742e-06,1
NME8,1,3.7615528e-06,3.7615528e-06,1
OR6J1,3,3.582879e-06,1.194293e-06,1
GAS8,1,3.4182722e-06,3.4182722e-06,1
ADAM28,1,3.3363094e-06,3.3363094e-06,1
DNAJC10,1,3.021903e-06,3.021903e-06,1
LIG3,15,2.9778435e-06,1.985229e-07,1
SYTL3,1,2.892095e-06,2.892095e-06,1
MYO1H,1,2.8187994e-06,2.8187994e-06,1
ACAP3,1,2.8063905e-06,2.8063905e-06,1
ADGRA2,1,2.4084638e-06,2.4084638e-06,1
OR13F1,3,2.3942462e-06,7.9808206e-07,1
B4GALNT3,1,2.323166e-06,2.323166e-06,1
GCM1,1,2.2722486e-06,2.2722486e-06,1
DNAAF4,1,2.2513668e-06,2.2513668e-06,1
PRMT8,2,1.9660997e-06,1.9660997e-06,2
B4GALNT4,1,1.7608404e-06,1.7608404e-06,1
PARP10,7,1.7430737e-06,2.4901053e-07,1
ZNF251,1,1.5256483e-06,1.5256483e-06,1
TACC1,2,1.4001243e-06,7.000622e-07,1
IQSEC3,1,1.3901214e-06,1.3901214e-06,1
SCHIP1,2,1.1620016e-06,5.810008e-07,1
QPCT,3,1.1277909e-06,3.759303e-07,1
PLIN2,9,1.0993679e-06,1.2215199e-07,1
GAREM1,1,1.0653732e-06,1.0653732e-06,1
LINC00895,1,9.897534e-07,9.897534e-07,1
CDC37L1,4,8.928249e-07,2.2320623e-07,1
KANSL1,4,7.6513163e-07,1.9128291e-07,1
ZNF76,1,5.944644e-07,5.944644e-07,1
AKR7A2,7,5.345279e-07,7.6361125e-08,1
TRAF3IP1,6,5.300541e-07,8.834235e-08,1
ALG12,7,4.9423323e-07,7.060475e-08,1
TESK1,4,3.5238438e-07,8.8096094e-08,1
OR6B3,3,3.40645e-07,1.1354833e-07,1
VAX2,1,3.106546e-07,3.106546e-07,1
RECK,10,2.3424693e-07,4.6849387e-08,2
TTLL8,3,2.1632502e-07,7.210834e-08,1
SFSWAP,1,1.5805622e-07,1.5805622e-07,1
TMEM132E,5,8.047321e-08,8.047321e-08,5
CDCA7L,2,7.8059784e-08,7.8059784e-08,2
MMP28,1,6.15066e-08,6.15066e-08,1
EPPK1,1,5.5596903e-08,5.5596903e-08,1
