pathway,importance,degree
Ovarian tumor domain proteases,0.041030545,25
Factors involved in megakaryocyte development and platelet production,0.04069357,74
Malaria - Homo sapiens (human),0.04042375,33
Inflammatory bowel disease - Homo sapiens (human),0.039107237,55
Post-translational protein modification,0.03651736,620
Cystathionine Beta-Synthase Deficiency,6.517268e-08,12
Constitutive Signaling by AKT1 E17K in Cancer,6.4839064e-08,10
Estrogen signaling pathway - Homo sapiens (human),6.472831e-08,70
Signaling events mediated by HDAC Class II,6.4663745e-08,19
ALK1 signaling events,6.450158e-08,12
"Kallmann,s Syndrome",6.4068374e-08,11
Proparacaine Action Pathway,6.3812244e-08,15
Nucleotide Excision Repair ,6.2292266e-08,5
Thermogenesis - Homo sapiens (human),6.2262444e-08,86
FGFR3 signaling in chondrocyte proliferation and terminal differentiation,6.219585e-08,20
Vitamin B12 metabolism,6.197375e-08,38
Metabolism of folate and pterines,6.179042e-08,10
p53 signaling pathway,6.019374e-08,6
Type I hemidesmosome assembly,6.0101215e-08,5
Nicotinate and nicotinamide metabolism - Homo sapiens (human),5.9979875e-08,23
SUMO is proteolytically processed,5.9939886e-08,2
proline degradation,5.9527988e-08,1
Regulation of thyroid hormone activity,5.2674665e-08,3
Ximelagatran Action Pathway,5.254432e-08,14
Dopamine Neurotransmitter Release Cycle,5.2434594e-08,13
Vif-mediated degradation of APOBEC3G,5.221945e-08,3
p38 mapk signaling pathway,5.2140372e-08,18
RNA Polymerase I Promoter Escape,4.839511e-08,14
Suprofen Action Pathway,4.622081e-08,14
Rabeprazole Action Pathway,4.6068514e-08,6
GRB2:SOS provides linkage to MAPK signaling for Integrins ,4.586508e-08,12
Xanthinuria type I,4.5688587e-08,20
MAPK and NFkB signaling pathways inhibited by Yersinia YopJ,4.5375636e-08,3
Degradation of beta-catenin by the destruction complex,4.514878e-08,23
"Biosynthesis of the N-glycan precursor (dolichol lipid-linked oligosaccharide, LLO) and transfer to a nascent protein",4.5106255e-08,31
Exercise-induced Circadian Regulation,4.505886e-08,21
ATR signaling pathway,4.482128e-08,15
Catecholamine biosynthesis,4.4771454e-08,4
p53 signaling pathway - Homo sapiens (human),4.474861e-08,44
Orexin and neuropeptides FF and QRFP bind to their respective receptors,4.4631665e-08,3
Beta-Alanine Metabolism,4.4614534e-08,7
Prolactin,4.365805e-08,49
Hypusine synthesis from eIF5A-lysine,4.3516966e-08,1
Gastrin-CREB signalling pathway via PKC and MAPK,4.343079e-08,11
Homology Directed Repair,4.3344183e-08,50
Spermidine and Spermine Biosynthesis,4.3144524e-08,1
nitric oxide signaling pathway,4.313083e-08,10
Peptide hormone biosynthesis,4.297196e-08,3
Synthesis of very long-chain fatty acyl-CoAs,4.2649543e-08,12
Interleukin-38 signaling,4.24578e-08,2
Nucleotide Excision Repair,4.227595e-08,36
4-hydroxybenzoate biosynthesis,4.225203e-08,1
Regulation of cytoskeletal remodeling and cell spreading by IPP complex components,4.19798e-08,5
Arf1 pathway,4.189951e-08,10
CREB1 phosphorylation through the activation of CaMKII/CaMKK/CaMKIV cascasde,4.1818396e-08,6
Pathways of neurodegeneration - multiple diseases - Homo sapiens (human),4.1761588e-08,222
ceramide signaling pathway,4.1753477e-08,17
PLC beta mediated events,4.1728022e-08,32
Transport of glycerol from adipocytes to the liver by Aquaporins,4.1481307e-08,2
tnfr1 signaling pathway,4.145626e-08,9
Glutamatergic synapse - Homo sapiens (human),4.1324512e-08,73
EDA signaling in hair follicle development,4.1258847e-08,7
IL8- and CXCR2-mediated signaling events,4.124044e-08,26
Lysine catabolism,4.115221e-08,8
NOD-like receptor signaling pathway - Homo sapiens (human),4.0992013e-08,97
BCR signaling pathway,4.078415e-08,44
EGFR Tyrosine Kinase Inhibitor Resistance,4.07315e-08,57
The canonical retinoid cycle in rods (twilight vision),4.072023e-08,11
"Primary hyperoxaluria II, PH2",4.0572367e-08,10
TLR4 Signaling and Tolerance,4.0571827e-08,11
p53 transcriptional gene network,4.05211e-08,32
hemoglobins chaperone,4.047268e-08,2
PTK6 Down-Regulation,4.0459454e-08,1
NOTCH3 Activation and Transmission of Signal to the Nucleus,4.0421387e-08,13
Nervous system development,4.0384084e-08,241
Magnesium salicylate Action Pathway,4.0325855e-08,14
Signaling by BRAF and RAF fusions,4.0274376e-08,41
"Neomycin, kanamycin and gentamicin biosynthesis - Homo sapiens (human)",4.0190205e-08,2
Lysosome Vesicle Biogenesis,4.0135525e-08,15
pkc-catalyzed phosphorylation of inhibitory phosphoprotein of myosin phosphatase,4.0055237e-08,14
Candesartan Action Pathway,4.00211e-08,3
Amplification and Expansion of Oncogenic Pathways as Metastatic Traits,3.9941508e-08,16
Crosslinking of collagen fibrils,3.9751495e-08,5
p53-Dependent G1/S DNA damage checkpoint,3.964438e-08,8
Methionine De Novo and Salvage Pathway,3.949149e-08,12
Felodipine Action Pathway,3.9065945e-08,41
Lysosomal Acid Lipase Deficiency (Wolman Disease),3.8818577e-08,10
Aminosugars metabolism,3.870187e-08,31
mBDNF and proBDNF regulation of GABA neurotransmission,3.8641943e-08,27
"<i>S</i>-methyl-5,-thioadenosine degradation",3.8628894e-08,1
Formation of the beta-catenin:TCF transactivating complex,3.861372e-08,30
superoxide radicals degradation,3.847016e-08,6
Base excision repair - Homo sapiens (human),3.842666e-08,11
Regulation of TLR by endogenous ligand,3.8412146e-08,11
creatine-phosphate biosynthesis,3.8410242e-08,2
Urokinase-type plasminogen activator (uPA) and uPAR-mediated signaling,3.83797e-08,27
Formation of the cornified envelope,3.832053e-08,43
Glycerophospholipid biosynthesis,3.818511e-08,61
FGFR1b ligand binding and activation,3.8092825e-08,3
Tay-Sachs Disease,3.7984595e-08,9
Binding of TCF/LEF:CTNNB1 to target gene promoters,3.796841e-08,5
PPAR signaling pathway,3.763385e-08,29
Mannose type O-glycan biosynthesis - Homo sapiens (human),3.758379e-08,11
"Glycogenosis, Type VII. Tarui disease",3.752544e-08,4
Sperm Motility And Taxes,3.7491134e-08,5
Lactose Intolerance,3.7486192e-08,4
DAG and IP3 signaling,3.740224e-08,28
RUNX1 regulates transcription of genes involved in differentiation of keratinocytes,3.7318358e-08,2
Regulation of retinoblastoma protein,3.7302854e-08,33
Aurora C signaling,3.725298e-08,2
Etodolac Action Pathway,3.7243375e-08,14
Loss of proteins required for interphase microtubule organization from the centrosome,3.7233598e-08,27
PI5P Regulates TP53 Acetylation,3.7164195e-08,4
Tyrosinemia Type I,3.7118475e-08,10
lactose degradation III,3.6794884e-08,2
Metipranolol Action Pathway,3.6762927e-08,41
11-beta-hydroxylase deficiency (CYP11B1),3.674689e-08,5
"Platelet activation, signaling and aggregation",3.6737088e-08,157
signal dependent regulation of myogenesis by corepressor mitr,3.6666552e-08,4
Oxidative Damage,3.659979e-08,24
Apoptotic cleavage of cellular proteins,3.65912e-08,17
TLR ECSIT MEKK1 p38,3.6552766e-08,14
Mitochondrial transcription termination,3.647317e-08,1
vegf hypoxia and angiogenesis,3.636678e-08,19
Saturated fatty acids beta-oxidation,3.6247386e-08,12
repression of pain sensation by the transcriptional regulator dream,3.623192e-08,11
Ubiquinone and other terpenoid-quinone biosynthesis - Homo sapiens (human),3.6217482e-08,4
IL-10 signaling,3.6109455e-08,6
Activated NTRK2 signals through CDK5,3.5963424e-08,5
Peroxiredoxin 2 induced ovarian failure,3.587681e-08,3
Gap junction degradation,3.5861735e-08,4
Adenylate cyclase activating pathway,3.5840095e-08,7
Recruitment of NuMA to mitotic centrosomes,3.580619e-08,33
Regulation of Insulin-like Growth Factor (IGF) transport and uptake by Insulin-like Growth Factor Binding Proteins (IGFBPs),3.5805478e-08,69
Cleavage of the damaged purine,3.567114e-08,13
Salicylate-sodium Action Pathway,3.5602255e-08,14
SUMOylation of SUMOylation proteins,3.548802e-08,11
Formation of Incision Complex in GG-NER,3.5461763e-08,22
Vitamin A Deficiency,3.521742e-08,17
TP53 regulates transcription of several additional cell death genes whose specific roles in p53-dependent apoptosis remain uncertain,3.514079e-08,9
downregulated of mta-3 in er-negative breast tumors,3.5134427e-08,7
Processing and activation of SUMO,3.5021383e-08,3
IL-5 signaling pathway,3.483001e-08,29
"TET1,2,3 and TDG demethylate DNA",3.4763197e-08,2
HIV Transcription Elongation,3.4634695e-08,17
Dilated cardiomyopathy - Homo sapiens (human),3.458544e-08,52
Metapathway biotransformation Phase I and II,3.457467e-08,98
GPCR signaling-cholera toxin,3.4377226e-08,158
Developmental Biology,3.4309863e-08,393
tnf/stress related signaling,3.426932e-08,14
Saccharopinuria/Hyperlysinemia II,3.4259152e-08,8
Regulation of TP53 Activity,3.424723e-08,76
Common Pathway of Fibrin Clot Formation,3.4214953e-08,11
Repaglinide Action Pathway,3.4182552e-08,4
Warburg Effect,3.415972e-08,20
Integrins in angiogenesis,3.406876e-08,39
"1,25-dihydroxyvitamin D<sub>3</sub> biosynthesis",3.3994812e-08,1
Presenilin action in Notch and Wnt signaling,3.3831938e-08,34
3-Methylcrotonyl Coa Carboxylase Deficiency Type I,3.377529e-08,18
O2/CO2 exchange in erythrocytes,3.373793e-08,3
Glycosphingolipid biosynthesis - ganglioseries,3.369761e-08,7
Signaling by NOTCH1,3.361452e-08,45
GPCR Adenosine A2A receptor,3.3545454e-08,22
Inositol transporters,3.3539056e-08,2
FGFR1 ligand binding and activation,3.3494544e-08,10
RhoA signaling pathway,3.3443655e-08,28
Prolinemia Type II,3.342002e-08,9
glutamate biosynthesis/degradation,3.334405e-08,1
Signaling pathways regulating pluripotency of stem cells - Homo sapiens (human),3.3340047e-08,80
Platelet degranulation ,3.321542e-08,68
Vitamin B3 (nicotinate and nicotinamide) metabolism,3.3145092e-08,24
BMP2 signaling TGF-beta MV,3.3132363e-08,26
Glutaminolysis and Cancer,3.3061323e-08,19
Interleukin-1 Induced Activation of NF-kappa-B,3.302984e-08,5
ROBO receptors bind AKAP5,3.293703e-08,4
"Gamma-glutamyl cycle for the biosynthesis and degradation of glutathione, including diseases",3.293691e-08,3
EGF-Ncore,3.286383e-08,36
Regulation of actin dynamics for phagocytic cup formation,3.2794063e-08,31
Galactosemia III,3.2790847e-08,3
Signaling by the B Cell Receptor (BCR),3.2713675e-08,43
Biopterin metabolism,3.2655326e-08,11
Pantothenate and CoA Biosynthesis,3.2567e-08,5
D-Glutamine and D-glutamate metabolism - Homo sapiens (human),3.2531133e-08,3
chondroitin sulfate degradation (metazoa),3.253013e-08,5
HGF,3.252895e-08,23
DARPP-32 events,3.2526692e-08,16
Teniposide Metabolism Pathway,3.249882e-08,2
Pre-implantation embryo,3.2473885e-08,32
Pyruvate Dehydrogenase Complex Deficiency,3.2431533e-08,10
Biological oxidations,3.2425284e-08,107
Phenprocoumon Action Pathway,3.2408042e-08,14
Focal Adhesion,3.23971e-08,120
Nitrendipine Action Pathway,3.227167e-08,41
Intestinal absorption,3.216385e-08,1
Sphingolipid de novo biosynthesis,3.215463e-08,24
Transcriptional activation of mitochondrial biogenesis,3.2136327e-08,12
Cysteine and methionine metabolism - Homo sapiens (human),3.2111426e-08,28
Epithelial to mesenchymal transition in colorectal cancer,3.2090178e-08,90
tryptophan degradation,3.2083506e-08,5
Amyotrophic lateral sclerosis (ALS),3.207998e-08,17
Acyl chain remodelling of PS,3.206395e-08,10
Alpha4 beta1 integrin signaling events,3.2047495e-08,22
TNF related weak inducer of apoptosis (TWEAK) Signaling Pathway,3.203766e-08,23
Succinic semialdehyde dehydrogenase deficiency,3.2035313e-08,14
role of erbb2 in signal transduction and oncology,3.2013613e-08,19
Glutathione conjugation,3.2010348e-08,15
Blood group systems biosynthesis,3.196912e-08,9
Purinergic signaling in leishmaniasis infection,3.194578e-08,13
Propionic Acidemia,3.1940797e-08,18
Chaperonin-mediated protein folding,3.1825714e-08,35
Signaling by WNT in cancer,3.1768643e-08,2
Neural Crest Cell Migration in Cancer,3.174558e-08,28
Toxicity of botulinum toxin type A (botA),3.1658647e-08,4
Proteasome - Homo sapiens (human),3.1580768e-08,14
Aripiprazole Metabolic Pathway,3.1579788e-08,1
Terminal pathway of complement,3.156321e-08,3
Internalization of ErbB1,3.1555423e-08,23
SUMOylation of chromatin organization proteins,3.1525396e-08,25
Phase II - Conjugation of compounds,3.1459077e-08,59
Aspirin and miRNAs,3.1456427e-08,9
RHOU GTPase cycle,3.1426687e-08,16
NAD phosphorylation and dephosphorylation,3.141511e-08,2
Signaling by FGFR2 fusions,3.1382335e-08,1
Mitochondrial complex III assembly,3.1306644e-08,5
Arachidonate Epoxygenase - Epoxide Hydrolase,3.1292448e-08,3
Signaling by FGFR in disease,3.1221013e-08,32
Wnt signaling in kidney disease,3.1202088e-08,20
Peptide hormone metabolism,3.116495e-08,23
Base Excision Repair,3.1130586e-08,27
TRIF(TICAM1)-mediated TLR4 signaling ,3.1121598e-08,59
IL-10 Anti-inflammatory Signaling Pathway,3.1093037e-08,11
PI-3K cascade:FGFR2,3.1080884e-08,16
Canonical NF-kappaB pathway,3.1049453e-08,16
Interactions of Rev with host cellular proteins,3.0926635e-08,12
Fluid shear stress and atherosclerosis - Homo sapiens (human),3.0903145e-08,85
Phase I - Functionalization of compounds,3.086262e-08,48
Activation of SMO,3.08379e-08,8
HATs acetylate histones,3.083608e-08,43
Gastric Cancer Network 1,3.082791e-08,17
Fatty acid beta-oxidation,3.0808994e-08,12
Transcriptional cascade regulating adipogenesis,3.073884e-08,8
the igf-1 receptor and longevity,3.070784e-08,9
"Tetrahydrobiopterin (BH4) synthesis, recycling, salvage and regulation",3.0595587e-08,5
glutamine degradation/glutamate biosynthesis,3.05757e-08,2
3q29 copy number variation syndrome,3.0574427e-08,27
Intraflagellar transport proteins binding to dynein,3.0563832e-08,13
Various types of N-glycan biosynthesis - Homo sapiens (human),3.0532206e-08,19
Warfarin Action Pathway,3.0508293e-08,14
COPI-independent Golgi-to-ER retrograde traffic,3.0439026e-08,17
superpathway of methionine degradation,3.0418033e-08,10
T-Cell Receptor and Co-stimulatory Signaling,3.034045e-08,23
Dual Incision in GG-NER,3.0257986e-08,17
Formation of RNA Pol II elongation complex ,3.0212583e-08,23
IFN gamma signaling,3.0142466e-08,6
MAPK Signaling Pathway,3.0122546e-08,150
Phosphorylation of proteins involved in G1/S transition by active Cyclin E:Cdk2 complexes,3.006172e-08,2
"D-<i>myo</i>-inositol (1,4,5)-trisphosphate degradation",3.0029e-08,6
Wolman disease,2.9923925e-08,10
Signaling by NTRK3 (TRKC),2.9836414e-08,6
Gastric cancer - Homo sapiens (human),2.9790035e-08,88
Relaxin signaling pathway - Homo sapiens (human),2.9620752e-08,77
Overview of nanoparticle effects,2.9446129e-08,16
Tandem of pore domain in a weak inwardly rectifying K+ channels (TWIK),2.94308e-08,2
Pyruvate metabolism - Homo sapiens (human),2.94215e-08,23
Sudden Infant Death Syndrome (SIDS) Susceptibility Pathways,2.9400805e-08,94
N-glycan antennae elongation in the medial/trans-Golgi,2.9383544e-08,17
Nalbuphine Action Pathway,2.9381717e-08,16
Conversion from APC/C:Cdc20 to APC/C:Cdh1 in late anaphase,2.9370874e-08,9
Starch and Sucrose Metabolism,2.9364802e-08,10
Resolution of D-loop Structures through Holliday Junction Intermediates,2.9354915e-08,14
Diseases of metabolism,2.9353423e-08,1
Reelin signaling pathway,2.9326866e-08,17
BMP receptor signaling,2.9321798e-08,20
MAP kinase activation,2.9320839e-08,44
serotonin and melatonin biosynthesis,2.9306683e-08,1
Interactions between immune cells and microRNAs in tumor microenvironment,2.9306408e-08,16
RalA downstream regulated genes,2.9275046e-08,8
Activation of IRF3/IRF7 mediated by TBK1/IKK epsilon,2.9236329e-08,8
Pertussis - Homo sapiens (human),2.9230787e-08,51
Ion influx/efflux at host-pathogen interface,2.9229799e-08,1
Oxidative Stress Induced Senescence,2.9220699e-08,49
activation of csk by camp-dependent protein kinase inhibits signaling through the t cell receptor,2.9215764e-08,29
The oncogenic action of D-2-hydroxyglutarate in  Hydroxygluaricaciduria ,2.917091e-08,14
Apoptosis-related network due to altered Notch3 in ovarian cancer,2.9149806e-08,36
Valsartan Action Pathway,2.9133819e-08,3
MGMT-mediated DNA damage reversal,2.9085244e-08,1
Intracellular Signalling Through FSH Receptor and Follicle Stimulating Hormone,2.9054897e-08,7
Phase 2 - plateau phase,2.9040855e-08,9
Josephin domain DUBs,2.9038834e-08,4
guanosine nucleotides <i>de novo</i> biosynthesis,2.9015666e-08,4
IL27-mediated signaling events,2.8962566e-08,23
"Urea cycle and metabolism of arginine, proline, glutamate, aspartate and asparagine",2.8925792e-08,49
Pathways in clear cell renal cell carcinoma,2.8892032e-08,46
leukotriene biosynthesis,2.8880269e-08,3
RAC2 GTPase cycle,2.8862843e-08,52
Digestion,2.885918e-08,10
insulin signaling pathway,2.8837274e-08,6
Signaling by NOTCH1 in Cancer,2.8835062e-08,32
RHOF GTPase cycle,2.883285e-08,30
Metabolism of Spingolipids in ER and Golgi apparatus,2.8820681e-08,6
Regulation of FZD by ubiquitination,2.8675064e-08,12
HDR through Homologous Recombination (HRR) or Single Strand Annealing (SSA),2.8644402e-08,47
Bile Acid Biosynthesis,2.8643797e-08,6
FGFR4 ligand binding and activation,2.8608534e-08,10
Fatty acids,2.8553591e-08,9
uracil degradation,2.853928e-08,3
Threonine and 2-Oxobutanoate Degradation,2.8493018e-08,4
phosphatidylcholine biosynthesis pathway,2.8460912e-08,1
TRAF6 mediated NF-kB activation,2.8435203e-08,9
RAF-independent MAPK1/3 activation,2.8430488e-08,10
Glucose-Alanine Cycle,2.8417197e-08,4
Xenobiotics,2.8355565e-08,13
Assembly of collagen fibrils and other multimeric structures,2.8306996e-08,28
Metal sequestration by antimicrobial proteins,2.8296164e-08,3
"D-<i>myo</i>-inositol (1,4,5,6)-tetrakisphosphate biosynthesis",2.8291133e-08,2
Modulation by Mtb of host immune system,2.8290927e-08,4
G1/S-Specific Transcription,2.8282717e-08,8
Mismatch repair (MMR) directed by MSH2:MSH3 (MutSbeta),2.8269607e-08,7
Vpu mediated degradation of CD4,2.8243292e-08,2
b cell survival pathway,2.8225319e-08,3
Classical antibody-mediated complement activation,2.822468e-08,2
Agmatine biosynthesis,2.8200784e-08,1
Metabolism of vitamin K,2.8192158e-08,1
Glucagon-like Peptide-1 (GLP1) regulates insulin secretion,2.8191083e-08,16
glutathione biosynthesis,2.8190737e-08,2
Defective pyroptosis,2.8175329e-08,1
Asparagine N-linked glycosylation,2.8159505e-08,122
Assembly and cell surface presentation of NMDA receptors,2.8142647e-08,16
Anileridine Action Pathway,2.8135494e-08,15
Insertion of tail-anchored proteins into the endoplasmic reticulum membrane,2.8117505e-08,11
SARS-CoV-2 and COVID-19 Pathway,2.81019e-08,2
IL3,2.8065589e-08,38
NADE modulates death signalling,2.8043804e-08,2
Natural killer cell mediated cytotoxicity - Homo sapiens (human),2.8033408e-08,79
Dihydropyrimidinase Deficiency,2.8032181e-08,14
Release of apoptotic factors from the mitochondria,2.799404e-08,1
Mismatch Repair,2.798381e-08,7
corticosteroids and cardioprotection,2.7958528e-08,18
p38MAPK events,2.7912606e-08,8
"Tyrosinemia, transient, of the newborn",2.7882002e-08,10
RNA Polymerase II Transcription Termination,2.7875632e-08,13
Ethanol effects on histone modifications,2.7871403e-08,18
Canonical and non-canonical Notch signaling,2.7869081e-08,15
NAD <i>de novo</i> biosynthesis,2.7869064e-08,9
Composition of Lipid Particles,2.7771705e-08,3
glycogen biosynthesis,2.7760121e-08,5
Signaling by NOTCH,2.775155e-08,90
Hedgehog,2.772769e-08,40
HIV-1 Nef: Negative effector of Fas and TNF-alpha,2.7706411e-08,20
Glycerophospholipid metabolism,2.7677169e-08,68
Mitophagy,2.7656903e-08,18
Timolol Action Pathway,2.7656823e-08,41
Dectin-1 mediated noncanonical NF-kB signaling,2.765421e-08,5
GABA synthesis,2.76188e-08,2
Synthesis of PIPs at the plasma membrane,2.7617608e-08,31
Signaling by Nuclear Receptors,2.7556975e-08,134
Sensory Perception,2.7497638e-08,196
Protein localization,2.7436231e-08,59
IL4-mediated signaling events,2.7432268e-08,38
Ephrin B reverse signaling,2.7425902e-08,19
"Hyperlysinemia I, Familial",2.7372856e-08,8
RHOJ GTPase cycle,2.736962e-08,34
ATR Signaling,2.7363692e-08,3
Terpenoid backbone biosynthesis - Homo sapiens (human),2.7336792e-08,7
opposing roles of aif in apoptosis and cell survival,2.732298e-08,1
Mitochondrial translation elongation,2.7318839e-08,22
Alvimopan Action Pathway,2.7314353e-08,15
Coenzyme A biosynthesis,2.7304871e-08,6
Cell-cell junction organization,2.729709e-08,40
Beta2 integrin cell surface interactions,2.7294327e-08,19
Notch-HLH transcription pathway,2.728702e-08,17
RHO GTPases Activate Rhotekin and Rhophilins,2.72797e-08,3
Muscarinic acetylcholine receptors,2.7266651e-08,3
<i>N</i>-acetylglucosamine degradation II,2.724856e-08,3
Glyoxylate metabolism and glycine degradation,2.7242729e-08,14
cGMP-PKG signaling pathway - Homo sapiens (human),2.720989e-08,92
Activation of TRKA receptors,2.7209385e-08,4
Acyl chain remodeling of CL,2.7209046e-08,3
Bendroflumethiazide Action Pathway,2.7140045e-08,20
Reversible hydration of carbon dioxide,2.7110481e-08,3
TCR signaling in naïve CD8+ T cells,2.7093229e-08,41
Toll Like Receptor TLR6:TLR2 Cascade,2.7086575e-08,59
S1P4 pathway,2.7044653e-08,11
Sensory processing of sound by inner hair cells of the cochlea,2.7027784e-08,31
Antrafenine Action Pathway,2.7015371e-08,14
MNGIE (Mitochondrial Neurogastrointestinal Encephalopathy),2.7014467e-08,14
GPCR ligand binding,2.6983113e-08,255
Abnormal conversion of 2-oxoglutarate to 2-hydroxyglutarate,2.6981343e-08,1
Fatty acid biosynthesis - Homo sapiens (human),2.6950154e-08,9
Packaging Of Telomere Ends,2.6945262e-08,12
Signaling by activated point mutants of FGFR1,2.6899071e-08,8
"Deregulated CDK5 triggers multiple neurodegenerative pathways in Alzheimer,s disease models",2.6895862e-08,6
Signaling by MRAS-complex mutants,2.6854963e-08,5
segmentation clock,2.6823344e-08,13
Progesterone-mediated oocyte maturation - Homo sapiens (human),2.6821693e-08,50
LKB1 signaling events,2.6820997e-08,22
RHOB GTPase cycle,2.6716139e-08,47
STAT6-mediated induction of chemokines,2.6692017e-08,1
FGF signaling pathway,2.667883e-08,41
Nicotine Metabolism Pathway,2.6660786e-08,6
Biogenic Amine Synthesis,2.6656059e-08,9
RHO GTPases Activate NADPH Oxidases,2.6652987e-08,12
Eptifibatide Action Pathway,2.6642041e-08,1
MAP3K8 (TPL2)-dependent MAPK1/3 activation,2.6634796e-08,9
pyrimidine deoxyribonucleotides <i>de novo</i> biosynthesis,2.6632177e-08,5
Cytosolic DNA-sensing pathway - Homo sapiens (human),2.66112e-08,27
SHC-related events triggered by IGF1R,2.6585383e-08,6
RNA Polymerase II Transcription Initiation And Promoter Clearance,2.6584484e-08,20
Phospholipase C-mediated cascade; FGFR2,2.657559e-08,12
Syndecan-2-mediated signaling events,2.6569198e-08,29
Formation of HIV-1 elongation complex containing HIV-1 Tat,2.6495208e-08,17
Lumiracoxib Action Pathway,2.648953e-08,14
Biosynthesis of EPA-derived SPMs,2.6472234e-08,4
AMP-activated protein kinase (AMPK) signaling,2.6467916e-08,34
Pentazocine Action Pathway,2.6437824e-08,15
tetrapyrrole biosynthesis,2.6413563e-08,1
Prader-Willi and Angelman Syndrome,2.6335949e-08,18
Biosynthesis of electrophilic ?-3 PUFA oxo-derivatives,2.63346e-08,2
Vincristine Action Pathway,2.6333739e-08,6
spliceosomal assembly,2.633137e-08,4
Senescence and Autophagy in Cancer,2.629828e-08,67
CD28 dependent Vav1 pathway,2.625582e-08,10
Endogenous TLR signaling,2.6253133e-08,10
effects of calcineurin in keratinocyte differentiation,2.6191849e-08,7
Wnt Mammals,2.6122256e-08,61
Valproic acid pathway,2.6121509e-08,6
Transport of organic anions,2.606913e-08,7
3-phosphoinositide degradation,2.6042851e-08,9
dTMP <i>de novo</i> biosynthesis (mitochondrial),2.6033817e-08,2
Coagulation ,2.599596e-08,14
Synthesis of 12-eicosatetraenoic acid derivatives,2.5991731e-08,1
RUNX2 regulates bone development,2.5987495e-08,17
Pyrimidine biosynthesis,2.5981313e-08,1
IGF1 pathway,2.5959917e-08,16
Angiopoietin receptor Tie2-mediated signaling,2.595433e-08,35
Metabolism of proteins,2.5943354e-08,800
IL5-mediated signaling events,2.5938785e-08,13
Tachykinin receptors bind tachykinins,2.5935373e-08,4
TCR signaling in naïve CD4+ T cells,2.5922525e-08,49
Omeprazole Action Pathway,2.5922247e-08,6
role of pi3k subunit p85 in regulation of actin organization and cell migration,2.5917824e-08,7
IL1-mediated signaling events,2.5841317e-08,25
malate-aspartate shuttle,2.5835272e-08,3
Salivary secretion - Homo sapiens (human),2.5834424e-08,54
SUMOylation of RNA binding proteins,2.5826981e-08,14
"Degradation pathway of sphingolipids, including diseases",2.582388e-08,3
RHO GTPases activate PAKs,2.5799626e-08,15
Long-term depression - Homo sapiens (human),2.5781894e-08,42
Complex I biogenesis,2.5774384e-08,16
hypoxia and p53 in the cardiovascular system,2.5767651e-08,9
Transcriptional regulation of granulopoiesis,2.5764525e-08,17
Regulation of Glucokinase by Glucokinase Regulatory Protein,2.576175e-08,12
ERKs are inactivated,2.575321e-08,8
Proteasome Degradation,2.5748788e-08,27
SUMOylation of intracellular receptors,2.5679569e-08,17
Riboflavin metabolism - Homo sapiens (human),2.5661844e-08,3
Regulation of apoptosis by parathyroid hormone-related protein,2.5647495e-08,10
Inflammatory mediator regulation of TRP channels - Homo sapiens (human),2.563895e-08,70
NR1H2 & NR1H3 regulate gene expression linked to triglyceride lipolysis in adipose,2.5634812e-08,1
Keratinization,2.5604688e-08,57
Thiamine metabolic pathways,2.5581542e-08,4
Metabolism of serotonin,2.5533106e-08,1
Sealing of the nuclear envelope (NE) by ESCRT-III,2.550226e-08,9
Th17 cell differentiation - Homo sapiens (human),2.5487354e-08,79
Interleukin-6 signaling,2.5467061e-08,10
sodd/tnfr1 signaling pathway,2.5464232e-08,6
DNA Repair Pathways Full Network,2.5448676e-08,47
PKA activation in glucagon signalling,2.5448422e-08,11
Keratan sulfate biosynthesis,2.5440999e-08,14
Cell migration and invasion through p75NTR,2.5430648e-08,21
Cytokines and Inflammatory Response,2.5377913e-08,20
G1/S Transition,2.536274e-08,32
Synthesis of Prostaglandins (PG) and Thromboxanes (TX),2.5346186e-08,5
Rhesus glycoproteins mediate ammonium transport.,2.5323104e-08,1
LTC4-CYSLTR mediated IL4 production,2.5286033e-08,3
Tamoxifen metabolism,2.528531e-08,16
Oxidative phosphorylation - Homo sapiens (human),2.524313e-08,34
Very-long-chain acyl coa dehydrogenase deficiency (VLCAD),2.5240574e-08,7
HIV Life Cycle,2.5223883e-08,57
Transcriptional regulation of testis differentiation,2.5215673e-08,8
Cyclothiazide Action Pathway,2.5181217e-08,20
Glycerolipid metabolism - Homo sapiens (human),2.5156703e-08,37
Influenza A - Homo sapiens (human),2.5153646e-08,91
Inactivation of APC/C via direct inhibition of the APC/C complex,2.511057e-08,9
Plasmalogen biosynthesis,2.5101514e-08,1
Phospholipase D signaling pathway - Homo sapiens (human),2.505148e-08,99
EPO Receptor Signaling,2.5035959e-08,19
sulfate activation for sulfonation,2.500624e-08,2
Toll Like Receptor 5 (TLR5) Cascade,2.497324e-08,51
Translocation of SLC2A4 (GLUT4) to the plasma membrane,2.493392e-08,15
Hyperinsulinism-Hyperammonemia Syndrome,2.4924912e-08,14
IFN alpha signaling,2.4896016e-08,10
Receptor-type tyrosine-protein phosphatases,2.4885274e-08,10
TNFR1-induced proapoptotic signaling,2.4884372e-08,4
miR-517 relationship with ARCN1 and USP1,2.48711e-08,2
tryptophan degradation to 2-amino-3-carboxymuconate semialdehyde,2.4860263e-08,4
Attachment of GPI anchor to uPAR,2.4860086e-08,4
3-hydroxyisobutyric acid dehydrogenase deficiency,2.4852485e-08,18
Biosynthesis of E-series 18(S)-resolvins,2.4840357e-08,3
Release of Hh-Np from the secreting cell,2.4823308e-08,4
Termination of O-glycan biosynthesis,2.477498e-08,17
Formation of the Editosome,2.4762832e-08,1
Interleukin-6 family signaling,2.4734565e-08,19
Extra-nuclear estrogen signaling,2.471234e-08,39
phosphatidylcholine biosynthesis,2.4704823e-08,2
Transcriptional regulation of white adipocyte differentiation,2.4649854e-08,25
Axonal growth inhibition (RHOA activation),2.4633872e-08,5
inhibition of cellular proliferation by gleevec,2.4623656e-08,16
NR1H2 & NR1H3 regulate gene expression linked to lipogenesis,2.4610827e-08,2
regulation of ck1/cdk5 by type 1 glutamate receptors,2.4596684e-08,15
Omeprazole Metabolism Pathway,2.4591337e-08,1
superpathway of pyrimidine deoxyribonucleotides <i>de novo</i> biosynthesis,2.454663e-08,6
Scavenging of heme from plasma,2.4519741e-08,4
PP2A-mediated dephosphorylation of key metabolic factors,2.450233e-08,5
Pausing and recovery of HIV elongation,2.4473682e-08,12
Toll Like Receptor TLR1:TLR2 Cascade,2.4439311e-08,59
Methylation,2.4411671e-08,9
Breast cancer - Homo sapiens (human),2.4406383e-08,90
Autointegration results in viral DNA circles,2.426928e-08,1
UTP and CTP <i>de novo</i> biosynthesis,2.4265866e-08,2
Glucagon signaling in metabolic regulation,2.4253254e-08,18
Replication of the SARS-CoV-1 genome,2.4233085e-08,3
Ligand-receptor interactions,2.4217588e-08,7
VxPx cargo-targeting to cilium,2.4207836e-08,9
snRNP Assembly,2.4186704e-08,4
2-ketoglutarate dehydrogenase complex deficiency,2.4183224e-08,11
Visual signal transduction: Cones,2.417578e-08,7
Activation of AMPK downstream of NMDARs,2.4175005e-08,5
Keratan sulfate degradation,2.4116957e-08,1
Regulation of cytoplasmic and nuclear SMAD2/3 signaling,2.40088e-08,10
Spinal Cord Injury,2.4002908e-08,83
fatty acid activation,2.3910607e-08,4
Processing of Capped Intronless Pre-mRNA,2.3905905e-08,6
NF-kB activation through FADD/RIP-1 pathway mediated by caspase-8 and -10,2.3862249e-08,5
Drug metabolism - cytochrome P450 - Homo sapiens (human),2.3844791e-08,37
Joubert Syndrome,2.3831078e-08,32
Alanine Metabolism,2.3784857e-08,1
Transcription of E2F targets under negative control by DREAM complex,2.3776469e-08,4
Resolution of D-loop Structures through Synthesis-Dependent Strand Annealing (SDSA),2.3714392e-08,16
Tight junction interactions,2.3655906e-08,14
"Glycogenosis, Type VI. Hers disease",2.3628546e-08,10
Aromatase deficiency,2.3620691e-08,7
Serine biosynthesis,2.3590253e-08,5
GPCR GroupI metabotropic glutamate receptor,2.3579066e-08,17
Malate-Aspartate Shuttle,2.3578067e-08,2
Fanconi anemia pathway,2.356238e-08,18
Potassium Channels,2.3538291e-08,68
FLT3 mutants bind TKIs,2.3507571e-08,1
Constitutive Signaling by Ligand-Responsive EGFR Cancer Variants,2.34682e-08,9
Mismatch repair - Homo sapiens (human),2.343442e-08,9
adp-ribosylation factor,2.3432005e-08,14
acyl-CoA hydrolysis,2.3414946e-08,1
Melanin biosynthesis,2.3412664e-08,2
Phospholipase C-mediated cascade: FGFR1,2.3401277e-08,11
Porphyria Variegata (PV),2.339813e-08,6
Neovascularisation processes,2.3380876e-08,17
Biosynthesis of DPAn-3-derived maresins,2.3378853e-08,1
IRF3-mediated induction of type I IFN,2.3364802e-08,1
Congenital disorder of glycosylation CDG-IId,2.3354422e-08,4
miRNA regulation of p53 pathway in prostate cancer,2.3342487e-08,14
RND2 GTPase cycle,2.3328283e-08,26
Translesion synthesis by REV1,2.3311102e-08,6
palmitate biosynthesis,2.3304494e-08,3
TLR ECSIT MEKK1 JNK,2.3236831e-08,17
Tyrosine catabolism,2.320726e-08,2
d4gdi signaling pathway,2.3197904e-08,4
RHOV GTPase cycle,2.3167631e-08,13
Regulation by c-FLIP,2.3111857e-08,8
Inhibition of exosome biogenesis and secretion by Manumycin A in CRPC cells,2.3090315e-08,13
Hyaluronan uptake and degradation,2.3056966e-08,5
Sema4D in semaphorin signaling,2.3053529e-08,15
Presynaptic function of Kainate receptors,2.3050312e-08,9
Transcriptional Regulation by MECP2,2.3020533e-08,36
Endothelins,2.300278e-08,50
Heme biosynthesis,2.2995193e-08,4
generation of amyloid b-peptide by ps1,2.2935115e-08,2
Fructose biosynthesis,2.2918798e-08,1
HIF-1-alpha transcription factor network,2.2908075e-08,43
Mono-unsaturated fatty acid beta-oxidation,2.2895682e-08,10
Prostaglandin Leukotriene metabolism,2.2854604e-08,10
Adenosine P1 receptors,2.281552e-08,2
methylglyoxal degradation III,2.2793216e-08,1
taurine biosynthesis,2.2709575e-08,1
Canavan Disease,2.2709497e-08,6
Cytosolic DNA-sensing pathway,2.2705187e-08,32
RAB geranylgeranylation,2.2687919e-08,26
Oxaprozin Action Pathway,2.268688e-08,14
KSRP (KHSRP) binds and destabilizes mRNA,2.2678018e-08,2
PERK regulates gene expression,2.2672445e-08,1
HSP90 chaperone cycle for steroid hormone receptors (SHR),2.264043e-08,7
hiv-1 defeats host-mediated resistance by cem15,2.2625867e-08,2
pyrimidine deoxyribonucleosides salvage,2.2618893e-08,2
Signaling by FGFR3 in disease,2.2615007e-08,16
androgen biosynthesis,2.2601135e-08,3
JAK STAT MolecularVariation 2,2.2574039e-08,41
"GPCRs, Other",2.2559684e-08,47
Cyclophosphamide Metabolism Pathway,2.2518712e-08,5
SARS-CoV-2 and angiotensin-converting enzyme 2 receptor- molecular mechanisms,2.249234e-08,5
Reversal of alkylation damage by DNA dioxygenases,2.2461082e-08,3
Aquaporin-mediated transport,2.2447395e-08,23
signaling pathway from g-protein families,2.2356684e-08,15
Kisspeptin-kisspeptin receptor system in the ovary,2.2346107e-08,24
Statin inhibition of cholesterol production,2.2327384e-08,18
GPR40 Pathway,2.2323453e-08,9
Attenuation phase,2.2290482e-08,11
CREB1 phosphorylation through NMDA receptor-mediated activation of RAS signaling,2.2282729e-08,20
Erythrocytes take up oxygen and release carbon dioxide,2.2266608e-08,2
Cell Differentiation - Index expanded,2.224959e-08,11
Signaling by FGFR2 amplification mutants,2.2224858e-08,1
heparan sulfate biosynthesis,2.2168258e-08,16
pregnenolone biosynthesis,2.2161846e-08,1
3-Beta-Hydroxysteroid Dehydrogenase Deficiency,2.2119423e-08,5
Regulation of lipolysis in adipocytes - Homo sapiens (human),2.2103439e-08,35
Alternative complement activation,2.209982e-08,2
CLEC7A/inflammasome pathway,2.2079849e-08,2
Renin-angiotensin-aldosterone system (RAAS),2.2079814e-08,23
Ras signaling in the CD4+ TCR pathway,2.2060362e-08,11
Oncogenic MAPK signaling,2.2034083e-08,46
Simvastatin Action Pathway,2.2028832e-08,10
Beta-oxidation of very long chain fatty acids,2.1888358e-08,3
Alpha6 beta4 integrin-ligand interactions,2.1869127e-08,9
Propanoate Metabolism,2.1866683e-08,6
Choline catabolism,2.1758845e-08,4
GRB2 events in ERBB2 signaling,2.1749033e-08,10
A tetrasaccharide linker sequence is required for GAG synthesis,2.1733705e-08,13
Interferon type I signaling pathways,2.1733069e-08,36
Glycogen synthesis,2.1713129e-08,7
Lansoprazole Metabolism Pathway,2.1696142e-08,1
RIG-I-like receptor signaling pathway - Homo sapiens (human),2.1692856e-08,33
CDC42 signaling events,2.1683935e-08,38
Mitochondrial CII Assembly,2.1671774e-08,4
Hydrocodone Action Pathway,2.1659195e-08,15
Soluble ACE2-mediated cell entry of SARS-CoV-2,2.1647026e-08,2
E2F-enabled inhibition of pre-replication complex formation,2.1644702e-08,3
Vitamins B6 activation to pyridoxal phosphate,2.1620366e-08,1
Signaling events regulated by Ret tyrosine kinase,2.1598527e-08,30
IL3-mediated signaling events,2.1577694e-08,16
tRNA splicing,2.1571203e-08,3
Transport of nucleosides and free purine and pyrimidine bases across the plasma membrane,2.1566208e-08,4
TRAIL  signaling,2.1566198e-08,5
Sodium-coupled phosphate cotransporters,2.1533182e-08,3
Degradation of GABA,2.1521119e-08,2
Signaling by ERBB2,2.1521023e-08,29
Ubiquitin-dependent degradation of Cyclin D,2.1510795e-08,3
folate transformations,2.1490127e-08,7
Signaling by moderate kinase activity BRAF mutants,2.147799e-08,31
Collagen chain trimerization,2.1474033e-08,31
Reduction of cytosolic Ca++ levels,2.14715e-08,6
Rheumatoid arthritis - Homo sapiens (human),2.1448336e-08,59
lectin induced complement pathway,2.1439531e-08,6
Human T-cell leukemia virus 1 infection - Homo sapiens (human),2.143816e-08,128
Proteoglycans in cancer - Homo sapiens (human),2.1419527e-08,122
cardiac protection against ros,2.141614e-08,7
Aurora B signaling,2.137598e-08,17
Hedgehog signaling events mediated by Gli proteins,2.1353825e-08,32
Ras signaling pathway - Homo sapiens (human),2.133557e-08,142
Mismatch repair (MMR) directed by MSH2:MSH6 (MutSalpha),2.1293975e-08,6
stress induction of hsp regulation,2.1291958e-08,10
Photodynamic therapy-induced NF-kB survival signaling,2.1284102e-08,23
cysteine biosynthesis,2.1280796e-08,5
Abacavir transport and metabolism,2.1210305e-08,7
MET promotes cell motility,2.1170226e-08,11
Drug-mediated inhibition of ERBB2 signaling,2.1143352e-08,3
Mammary gland development pathway - Involution (Stage 4 of 4),2.1133976e-08,6
Androgen and estrogen biosynthesis and metabolism,2.109653e-08,51
Mitochondrial Gene Expression,2.1085532e-08,8
Vitamin D-sensitive calcium signaling in depression,2.10621e-08,21
Trandolapril Metabolism Pathway,2.1052625e-08,1
mevalonate pathway,2.1026331e-08,5
Spry regulation of FGF signaling,2.0981334e-08,10
Regulation of RhoA activity,2.0973136e-08,30
mucin core 1 and core 2 <i>O</i>-glycosylation,2.0917938e-08,19
NOSIP mediated eNOS trafficking,2.0896119e-08,1
E2F transcription factor network,2.0875872e-08,32
Enzymatic degradation of Dopamine by monoamine oxidase,2.0839906e-08,1
Krabbe disease,2.0810731e-08,14
RSK activation,2.07968e-08,4
Olfactory transduction - Homo sapiens (human),2.0788825e-08,134
PKA activation,2.0753951e-08,11
thrombin signaling and protease-activated receptors,2.075296e-08,18
Regulation of necroptotic cell death,2.0735836e-08,15
Mammary gland development pathway - Embryonic development (Stage 1 of 4),2.0726025e-08,11
Non Ketotic Hyperglycinemia,2.0704547e-08,12
Indomethacin Action Pathway,2.0692253e-08,15
MicroRNA network associated with chronic lymphocytic leukemia,2.0675134e-08,3
Pyrimidine catabolism,2.0627173e-08,10
Chromosomal and microsatellite instability in colorectal cancer,2.0618836e-08,45
Metiamide Action Pathway,2.061509e-08,6
inhibition of huntingtons disease neurodegeneration by histone deacetylase inhibitors,2.055517e-08,2
Assembly of active LPL and LIPC lipase complexes,2.0515609e-08,8
fmlp induced chemokine gene expression in hmc-1 cells,2.0473655e-08,21
Bacterial invasion of epithelial cells - Homo sapiens (human),2.0466592e-08,41
Ficolins bind to repetitive carbohydrate structures on the target cell surface,2.0455227e-08,2
Pantoprazole Action Pathway,2.0412012e-08,6
Carvedilol Action Pathway,2.0388216e-08,42
Transcriptional  activation of  cell cycle inhibitor p21 ,2.0381012e-08,1
Regulation of PTEN gene transcription,2.0380135e-08,28
Alpha-synuclein signaling,2.0346047e-08,20
Melanoma - Homo sapiens (human),2.0329232e-08,42
Glycosphingolipid biosynthesis - neolactoseries,2.0309932e-08,10
Regulation of mitotic cell cycle,2.0285434e-08,20
3-oxo-10R-octadecatrienoate beta-oxidation,2.0282435e-08,3
nf-kb signaling pathway,2.0261018e-08,13
Lidocaine (Antiarrhythmic) Action Pathway,2.0257778e-08,43
Sphingosine 1-phosphate (S1P) pathway,2.023491e-08,12
Methylmalonate Semialdehyde Dehydrogenase Deficiency,2.0205954e-08,18
Branched-chain amino acid catabolism,2.0195667e-08,12
Ketone body metabolism,2.0189983e-08,3
Tenoxicam Action Pathway,2.0165523e-08,14
Signaling by MAP2K mutants,2.0109333e-08,3
Glycogen metabolism,2.0094792e-08,12
Muscle/Heart Contraction,2.0080694e-08,41
Glucagon-type ligand receptors,2.0063446e-08,19
pentose phosphate pathway (oxidative branch),2.0052392e-08,1
pyrimidine deoxyribonucleotide phosphorylation,2.0050576e-08,1
"bile acid biosynthesis, neutral pathway",2.0032072e-08,7
Small cell lung cancer,2.0024645e-08,51
estradiol biosynthesis II,2.0012354e-08,1
Methionine salvage pathway,1.9984238e-08,4
p53-Independent G1/S DNA damage checkpoint,1.9980376e-08,2
"Plasma lipoprotein assembly, remodeling, and clearance",1.9939826e-08,32
pyruvate decarboxylation to acetyl CoA,1.9926347e-08,3
Non-alcoholic fatty liver disease - Homo sapiens (human),1.9864396e-08,63
IRS-mediated signalling,1.9845928e-08,33
Alanine Aspartate Asparagine metabolism,1.9839314e-08,12
TLR JNK,1.9808727e-08,32
TCA cycle in senescence,1.980638e-08,8
Nisoldipine Action Pathway,1.980056e-08,41
Peroxisomal protein import,1.9797575e-08,24
Myometrial relaxation and contraction pathways,1.9781535e-08,95
Adipogenesis,1.9770006e-08,80
Thioguanine Action Pathway,1.9755902e-08,27
MET Receptor Activation,1.9755003e-08,2
Genes related to primary cilium development (based on CRISPR),1.9752296e-08,50
RNA transport - Homo sapiens (human),1.9747123e-08,50
ERBB2 Regulates Cell Motility,1.97306e-08,10
Vitamin B6-dependent and responsive disorders,1.9718794e-08,2
selenocysteine biosynthesis,1.9711152e-08,4
"Sodium-coupled sulphate, di- and tri-carboxylate transporters",1.9677607e-08,4
ca-calmodulin-dependent protein kinase activation,1.9675564e-08,6
Butanoate metabolism,1.9663595e-08,11
Capecitabine Metabolism Pathway,1.9655268e-08,3
TP53 network,1.9623844e-08,9
DNA replication initiation,1.958687e-08,2
HIF-1 signaling pathway - Homo sapiens (human),1.9579604e-08,65
Voltage gated Potassium channels,1.95772e-08,32
Gene expression (Transcription),1.956111e-08,577
MyD88:MAL(TIRAP) cascade initiated on plasma membrane,1.9552775e-08,59
Transport of fatty acids,1.954908e-08,2
RHO GTPase Effectors,1.9545338e-08,131
Calcineurin activates NFAT,1.953744e-08,6
Amine ligand-binding receptors,1.9537287e-08,26
Formation of ATP by chemiosmotic coupling,1.9531642e-08,2
Kynurenine Pathway and links to Cellular Senescence,1.9503835e-08,3
Cilostazol Action Pathway,1.949828e-08,1
Osteoblast differentiation,1.9494653e-08,75
Signaling downstream of RAS mutants,1.9494376e-08,31
Plexin-D1 Signaling,1.9479504e-08,14
GABA-Transaminase Deficiency,1.947874e-08,7
Toxicity of botulinum toxin type C (botC),1.9473443e-08,2
Porphyrin Metabolism,1.9473395e-08,6
Fluvastatin Action Pathway,1.9467441e-08,10
Glutamate Glutamine metabolism,1.9464597e-08,16
Formation of tubulin folding intermediates by CCT/TriC,1.9445958e-08,6
Ebstein-Barr virus LMP1 signaling,1.9441838e-08,13
Congenital Lipoid Adrenal Hyperplasia (CLAH) or Lipoid CAH,1.943096e-08,5
Ethanol Degradation,1.9419828e-08,2
Membrane Trafficking,1.9418726e-08,275
Acetaminophen Metabolism Pathway,1.9398005e-08,17
melanocyte development and pigmentation pathway,1.939631e-08,10
IL-2 signaling,1.9393884e-08,6
CaM pathway,1.9390646e-08,23
Adrenal Hyperplasia Type 5 or Congenital Adrenal Hyperplasia due to 17 Alpha-hydroxylase Deficiency,1.9383522e-08,5
Aryl Hydrocarbon Receptor Pathway,1.9376193e-08,29
ESR-mediated signaling,1.9369065e-08,95
Regulation of TP53 Activity through Methylation,1.9361995e-08,9
Molybdenum cofactor biosynthesis,1.935529e-08,4
Sphingolipid metabolism,1.935437e-08,43
Cocaine Action Pathway,1.934622e-08,15
Refsum Disease,1.9337596e-08,3
glutaryl-CoA degradation,1.9331289e-08,3
G beta:gamma signalling through PI3Kgamma,1.932446e-08,11
Mitotic G1 phase and G1/S transition,1.931851e-08,48
<i>N</i>-acetylglucosamine degradation I,1.9311575e-08,2
D-<i>myo</i>-inositol-5-phosphate metabolism,1.9301012e-08,11
RHOBTB3 ATPase cycle,1.9284002e-08,5
Phenylketonuria,1.9282533e-08,6
NR1H2 & NR1H3 regulate gene expression to limit cholesterol uptake ,1.9274925e-08,2
Chaperone Mediated Autophagy,1.927418e-08,7
Effect of progerin on genes involved in Hutchinson-Gilford progeria syndrome,1.9273138e-08,6
hydrogen sulfide biosynthesis (trans-sulfuration),1.9253491e-08,2
Transcriptional Regulation by E2F6,1.924862e-08,14
Unfolded Protein Response (UPR),1.9238227e-08,5
Prolidase Deficiency (PD),1.9141153e-08,9
"mRNA decay by 3, to 5, exoribonuclease",1.913316e-08,2
Calcium signaling pathway - Homo sapiens (human),1.9127388e-08,146
Lesch-Nyhan Syndrome (LNS),1.9116497e-08,20
Naltrexone Action Pathway,1.9093301e-08,15
Computational Model of Aerobic Glycolysis,1.9078731e-08,3
Activated PKN1 stimulates transcription of AR (androgen receptor) regulated genes KLK2 and KLK3,1.9053708e-08,19
Glycosphingolipid biosynthesis - lactoseries,1.904818e-08,4
PTK6 promotes HIF1A stabilization,1.9026142e-08,3
Disulfiram Action Pathway,1.9019847e-08,12
ccr3 signaling in eosinophils,1.901503e-08,18
Nanoparticle triggered regulated necrosis,1.9011075e-08,6
Fibrin Complement Receptor 3 Signaling Pathway,1.8996172e-08,23
Mitochondrial Fatty Acid Beta-Oxidation,1.8981314e-08,16
Mercaptopurine Metabolism Pathway,1.898056e-08,9
eumelanin biosynthesis,1.8961488e-08,2
Activation of PUMA and translocation to mitochondria,1.8958712e-08,5
Regulation of beta-cell development,1.8958474e-08,2
Repression of WNT target genes,1.894572e-08,9
Pyruvate metabolism and Citric Acid (TCA) cycle,1.8944405e-08,27
FGF,1.8941693e-08,41
aspartate biosynthesis,1.8938607e-08,1
C21-steroid hormone biosynthesis and metabolism,1.8925359e-08,29
Regulation of gene expression by Hypoxia-inducible Factor,1.8911095e-08,3
7-oxo-C and 7beta-HC pathways,1.8899788e-08,3
Genotoxicity pathway,1.8899671e-08,24
TNF-alpha signaling pathway,1.8895456e-08,47
Interleukin-12 family signaling,1.8883284e-08,13
Triosephosphate isomerase,1.8878117e-08,8
ifn gamma signaling pathway,1.8876566e-08,5
Hyperphenylalaninemia due to dhpr-deficiency,1.8870722e-08,4
Caspase activation via extrinsic apoptotic signalling pathway,1.8863869e-08,15
L-arginine:glycine amidinotransferase deficiency,1.8855452e-08,9
Metabolism of fat-soluble vitamins,1.8854582e-08,29
Transport of the SLBP Dependant Mature mRNA,1.884772e-08,1
Chlorothiazide Action Pathway,1.8843545e-08,20
Taurine and Hypotaurine Metabolism,1.8840668e-08,2
MAPK Cascade,1.8825943e-08,18
Type II interferon signaling (IFNG),1.8819744e-08,22
Beta oxidation of decanoyl-CoA to octanoyl-CoA-CoA,1.8818534e-08,2
Galactose metabolism - Homo sapiens (human),1.8799817e-08,16
Felodipine Metabolism Pathway,1.879636e-08,2
GP1b-IX-V activation signalling,1.8795951e-08,5
Sucrase-isomaltase deficiency,1.8795635e-08,10
Serotonin Neurotransmitter Release Cycle,1.8781897e-08,11
Hedgehog Signaling Pathway,1.8753568e-08,30
role of ppar-gamma coactivators in obesity and thermogenesis,1.873654e-08,5
PCP/CE pathway,1.8728517e-08,25
Metabolism,1.871642e-08,888
TFs regulate miRNAs related to cardiac hypertrophy,1.8701515e-08,4
Phosphatidylinositol phosphate metabolism,1.8695225e-08,43
rna polymerase iii transcription,1.8671782e-08,2
G1 Phase,1.8670804e-08,21
Phosphatidylinositol signaling system - Homo sapiens (human),1.8667103e-08,59
citrulline-nitric oxide cycle,1.8664473e-08,4
Opsins,1.8661467e-08,2
Sepiapterin reductase deficiency,1.8649107e-08,4
transcriptional activation of dbpb from mrna,1.8642305e-08,2
TICAM1-dependent activation of IRF3/IRF7,1.8634385e-08,6
Malonyl-coa decarboxylase deficiency,1.8590786e-08,6
Transcription from mitochondrial promoters,1.8569963e-08,2
B Cell Receptor Signaling Pathway,1.8566405e-08,69
Carnitine palmitoyl transferase deficiency (II),1.8556076e-08,7
Sulfate/Sulfite Metabolism,1.8551125e-08,5
Synthesis of pyrophosphates in the cytosol,1.854714e-08,6
fatty acid β-oxidation (peroxisome),1.8542044e-08,8
Ifosfamide Metabolism Pathway,1.8526626e-08,5
Dimethylglycine Dehydrogenase Deficiency,1.852578e-08,12
VLDL assembly,1.8509267e-08,3
CD4 T cell receptor signaling-NFkB cascade,1.8497511e-08,56
Oxygen-dependent proline hydroxylation of Hypoxia-inducible Factor Alpha,1.8490717e-08,12
Metabolism of non-coding RNA,1.8482876e-08,4
Activation of Na-permeable kainate receptors,1.8472772e-08,2
Glutathione metabolism,1.8472097e-08,10
Histone Modifications,1.8461582e-08,31
Acyl chain remodeling of DAG and TAG,1.845993e-08,2
Transport of the SLBP independent Mature mRNA,1.842472e-08,1
Telomere C-strand (Lagging Strand) Synthesis,1.8410667e-08,12
Serotonin and melatonin biosynthesis,1.8406817e-08,1
Fatty acid degradation - Homo sapiens (human),1.8387695e-08,19
Regulation of TP53 Activity through Association with Co-factors,1.83777e-08,8
Felbamate Metabolism,1.8367615e-08,1
Rap1 signaling pathway - Homo sapiens (human),1.8356491e-08,142
Verapamil Action Pathway,1.8347652e-08,41
UMP Synthase Deiciency (Orotic Aciduria),1.8346551e-08,14
Homocarnosinosis,1.8319492e-08,14
Tryptophan degradation,1.831907e-08,34
Degradation of GLI2 by the proteasome,1.8316097e-08,9
Response of EIF2AK1 (HRI) to heme deficiency,1.8305968e-08,6
Astrocytic Glutamate-Glutamine Uptake And Metabolism,1.8304226e-08,3
Signaling events mediated by focal adhesion kinase,1.828079e-08,39
hypoxia-inducible factor in the cardivascular system,1.8278353e-08,7
Vitamin C metabolism,1.8275921e-08,1
Frs2-mediated activation,1.8272772e-08,9
double stranded rna induced gene expression,1.8267018e-08,7
Glucuronidation,1.8261265e-08,24
Congenital lactic acidosis,1.8260096e-08,11
"fatty acid β-oxidation (unsaturated, odd number)",1.8257019e-08,1
HIPK2 in kidney fibrosis,1.8241323e-08,2
anthrax toxin mechanism of action,1.824013e-08,1
Erythropoietin activates Phosphoinositide-3-kinase (PI3K),1.8238918e-08,9
Diseases of Immune System,1.8237952e-08,4
Graft-versus-host disease - Homo sapiens (human),1.8227766e-08,33
De novo fatty acid biosynthesis,1.8223332e-08,11
VEGFA-VEGFR2 Pathway,1.8217179e-08,55
"Fructose-1,6-diphosphatase deficiency",1.8215289e-08,8
phospholipase c delta in phospholipid associated cell signaling,1.819158e-08,2
ErbB receptor signaling network,1.8180291e-08,10
Lisinopril Action Pathway,1.8179696e-08,3
BMP Signaling Pathway in Eyelid Development,1.8177808e-08,12
Ras signaling,1.8166434e-08,110
Downstream signaling of activated FGFR3,1.8144474e-08,18
SHC-mediated cascade:FGFR4,1.81432e-08,13
Gap-filling DNA repair synthesis and ligation in GG-NER,1.8117511e-08,9
SEMA3A-Plexin repulsion signaling by inhibiting Integrin adhesion,1.8106974e-08,10
TP53 Regulates Transcription of Caspase Activators and Caspases,1.8101021e-08,7
"Synthesis, secretion, and inactivation of Glucagon-like Peptide-1 (GLP-1)",1.8100765e-08,3
SARS-CoV-2 innate immunity evasion and cell-specific immune response,1.8095323e-08,35
L13a-mediated translational silencing of Ceruloplasmin expression,1.8092877e-08,33
ketogenesis,1.8086563e-08,3
ubiquinol-10 biosynthesis,1.8073846e-08,3
Tryptophan metabolism - Homo sapiens (human),1.806212e-08,22
glycerol-3-phosphate shuttle,1.8062023e-08,2
Development of ureteric collection system,1.8059495e-08,30
Venlafaxine Metabolism Pathway,1.8056113e-08,2
Ganglio Sphingolipid Metabolism,1.8031438e-08,7
Factors and pathways affecting insulin-like growth factor (IGF1)-Akt signaling,1.8029471e-08,24
Cellular Senescence,1.8012425e-08,78
Translation inhibitors in chronically activated PDGFRA cells,1.800792e-08,23
Brain-derived neurotrophic factor (BDNF) signaling pathway,1.800532e-08,96
Interleukin-20 family signaling,1.7993168e-08,17
Codeine Metabolism Pathway,1.798843e-08,3
AP-1 transcription factor network,1.7986622e-08,43
RHOA GTPase cycle,1.797398e-08,92
Activation of gene expression by SREBF (SREBP),1.79696e-08,9
Pyruvate Carboxylase Deficiency,1.7964847e-08,1
"TICAM1, RIP1-mediated IKK complex recruitment",1.7962755e-08,10
Vitamin B6 metabolism,1.7956411e-08,2
Innate Immune System,1.7948896e-08,496
Staphylococcus aureus infection - Homo sapiens (human),1.7940057e-08,46
ketolysis,1.793855e-08,2
IL-7 signaling pathway,1.7936767e-08,19
Ranitidine Action Pathway,1.7929013e-08,6
IL-3 signaling pathway,1.7913557e-08,38
Death Receptor Signalling,1.790802e-08,71
ceramide <i>de novo</i> biosynthesis,1.7899588e-08,4
Signaling by ERBB2 TMD/JMD mutants,1.789452e-08,14
Hypoxic and oxygen homeostasis regulation of HIF-1-alpha,1.7886666e-08,11
Ion channel transport,1.7883309e-08,90
Interleukin-37 signaling,1.7879373e-08,4
DNA Damage Reversal,1.7870386e-08,4
Pyruvate kinase deficiency,1.7867396e-08,10
guanosine deoxyribonucleotides <i>de novo</i> biosynthesis,1.7858927e-08,3
Pregnenolone biosynthesis,1.7841579e-08,5
eicosanoid metabolism,1.7840838e-08,13
RHOD GTPase cycle,1.7832178e-08,36
Orc1 removal from chromatin,1.781877e-08,12
DNA Replication,1.780461e-08,32
Positive epigenetic regulation of rRNA expression,1.7777907e-08,32
Activation of RAC1,1.7759339e-08,6
Lactic Acidemia,1.7742636e-08,1
VEGFA-VEGFR2 Signaling Pathway,1.7742039e-08,237
Neurexins and neuroligins,1.7731848e-08,32
L-glutamine tRNA biosynthesis,1.7712708e-08,2
Translesion Synthesis by POLH,1.771221e-08,6
Copper homeostasis,1.7700064e-08,20
Atypical NF-kappaB pathway,1.7696085e-08,12
Toll Like Receptor 2 (TLR2) Cascade,1.7691168e-08,59
Leishmania parasite growth and survival,1.7690738e-08,95
RNA Polymerase I Transcription Initiation,1.768944e-08,16
Hyperlysinemia II or Saccharopinuria,1.7684465e-08,8
Metabolism of Tetrahydrocannabinol (THC),1.7670613e-08,1
α-tocopherol degradation,1.765569e-08,1
regulation of eif-4e and p70s6 kinase,1.7655115e-08,12
3-phosphoinositide biosynthesis,1.765351e-08,14
mechanism of protein import into the nucleus,1.764326e-08,3
Integration of provirus,1.763463e-08,3
Monoamine GPCRs,1.7632168e-08,24
Wnt,1.7623167e-08,46
ucalpain and friends in cell spread,1.7604973e-08,12
Chylomicron assembly,1.760473e-08,5
Signal attenuation,1.760232e-08,7
pyrimidine ribonucleosides salvage I,1.7600792e-08,2
Human cytomegalovirus infection - Homo sapiens (human),1.7597035e-08,126
t(4;14) translocations of FGFR3,1.758628e-08,1
IL1,1.7584542e-08,37
il 4 signaling pathway,1.7579712e-08,9
multi-step regulation of transcription by pitx2,1.7559415e-08,19
Digestion and absorption,1.7550128e-08,11
chrebp regulation by carbohydrates and camp,1.7542725e-08,22
Alprenolol Action Pathway,1.7542304e-08,41
cdk regulation of dna replication,1.7538792e-08,9
AMPK signaling pathway - Homo sapiens (human),1.7508878e-08,67
Bopindolol Action Pathway,1.7506007e-08,41
Ibutilide Action Pathway,1.750043e-08,41
Bupivacaine Action Pathway,1.7497701e-08,15
Hedgehog Signaling Pathway Netpath,1.7495452e-08,10
Nifedipine Action Pathway,1.7489263e-08,41
Amino Sugar Metabolism,1.7488574e-08,9
Basigin interactions,1.7483586e-08,12
SMAC (DIABLO) binds to IAPs ,1.748e-08,1
Complement system,1.747965e-08,56
One carbon pool by folate - Homo sapiens (human),1.7468732e-08,10
"FOXO-mediated transcription of oxidative stress, metabolic and neuronal genes",1.746849e-08,17
Processive synthesis on the lagging strand,1.746382e-08,5
Gemcitabine Action Pathway,1.7456834e-08,8
apoptotic dna-fragmentation and tissue homeostasis,1.7455282e-08,2
Methadyl Acetate Action Pathway,1.7453127e-08,15
Signaling by MET,1.7451516e-08,29
Vitamin A (retinol) metabolism,1.7451233e-08,22
Vitamin digestion and absorption - Homo sapiens (human),1.7441472e-08,16
Miscellaneous transport and binding events,1.7441206e-08,9
Smith-Lemli-Opitz Syndrome (SLOS),1.7438492e-08,10
Nef-mediates down modulation of cell surface receptors by recruiting them to clathrin adapters,1.7437534e-08,10
Interactions of Vpr with host cellular proteins,1.7409562e-08,11
Constitutive Signaling by Aberrant PI3K in Cancer,1.739942e-08,57
IL-18 signaling pathway,1.739485e-08,153
Hyperphenylalaniemia due to guanosine triphosphate cyclohydrolase deficiency,1.738968e-08,4
Activated NTRK2 signals through FYN,1.7380774e-08,4
TRAIL signaling pathway,1.737499e-08,15
Interleukin-15 signaling,1.7364648e-08,6
Late endosomal microautophagy,1.735858e-08,6
thyroid hormone metabolism II (via conjugation and/or degradation),1.73581e-08,6
GRB2 events in EGFR signaling,1.7343988e-08,7
Target Of Rapamycin (TOR) Signaling,1.733899e-08,18
trefoil factors initiate mucosal healing,1.7336744e-08,17
Removal of the Flap Intermediate,1.7336276e-08,5
cell cycle: g2/m checkpoint,1.7308178e-08,8
Ureidopropionase deficiency,1.7302487e-08,7
Dopamine Activation of Neurological Reward System,1.7301087e-08,5
Nuclear Receptors Meta-Pathway,1.7297848e-08,180
Gap junction - Homo sapiens (human),1.728835e-08,51
superpathway of pyrimidine deoxyribonucleoside salvage,1.7285561e-08,3
Synthesis of IPs in the nucleus,1.7268462e-08,4
Cholesterol metabolism - Homo sapiens (human),1.7259715e-08,29
"Synthesis And Processing Of GAG, GAGPOL Polyproteins",1.7254118e-08,6
Canonical Wnt signaling pathway,1.7234647e-08,10
N-Glycan biosynthesis - Homo sapiens (human),1.7223485e-08,20
VEGF signaling pathway - Homo sapiens (human),1.7213809e-08,42
diphthamide biosynthesis,1.7205197e-08,1
Insulin effects increased synthesis of Xylulose-5-Phosphate,1.7171667e-08,1
Interferon Signaling,1.7171345e-08,96
cell cycle: g1/s check point,1.7161156e-08,12
"Glycogenosis, Type IC",1.7134207e-08,8
Glycerol Phosphate Shuttle,1.7116548e-08,2
Mucopolysaccharidosis VI. Sly syndrome,1.7105016e-08,10
p130Cas linkage to MAPK signaling for integrins,1.7102106e-08,13
Nadolol Action Pathway,1.7094564e-08,41
EGFR interacts with phospholipase C-gamma,1.7090919e-08,5
Neurodegeneration with brain iron accumulation (NBIA) subtypes pathway,1.7088135e-08,26
Amino Acid metabolism,1.708434e-08,49
phosphatidylserine biosynthesis II,1.7076133e-08,1
Citrate cycle (TCA cycle) - Homo sapiens (human),1.7074814e-08,19
mcalpain and friends in cell motility,1.706147e-08,17
GPCR signaling-G alpha s PKA and ERK,1.7060376e-08,168
Formation of a pool of free 40S subunits,1.7058895e-08,29
Neurotoxicity of clostridium toxins,1.70425e-08,8
"Growth hormone synthesis, secretion and action - Homo sapiens (human)",1.704183e-08,80
Classical Kir channels,1.7005284e-08,3
SARS-CoV-2 Infection,1.6998706e-08,15
Transcriptional activity of SMAD2/SMAD3:SMAD4 heterotrimer,1.6989482e-08,18
p75NTR negatively regulates cell cycle via SC1,1.6987245e-08,3
Synthesis and processing of ENV and VPU,1.6984943e-08,1
Pyruvate dehydrogenase deficiency (E3),1.696977e-08,11
Signaling by NTRKs,1.6959183e-08,84
NRF2-ARE regulation,1.6947311e-08,14
Pravastatin Action Pathway,1.693467e-08,10
4-hydroxy-2-nonenal detoxification,1.6922101e-08,3
ATM Signaling Pathway,1.6911686e-08,7
Peptide GPCRs,1.691011e-08,52
EPHB forward signaling,1.6897205e-08,26
Nanomaterial-induced inflammasome activation,1.6891525e-08,3
wnt lrp6 signalling,1.6874562e-08,4
Interconversion of nucleotide di- and triphosphates,1.6841643e-08,13
Competing endogenous RNAs (ceRNAs) regulate PTEN translation,1.6822236e-08,5
Hypoacetylaspartia,1.6812852e-08,6
Alpha-defensins,1.6798932e-08,3
PDGF Pathway,1.6798442e-08,9
DNA damage response (only ATM dependent),1.6790512e-08,72
Simplified Depiction of MYD88 Distinct Input-Output Pathway,1.6784423e-08,10
IGF1R signaling cascade,1.6779271e-08,36
Histidine Metabolism,1.6773217e-08,7
SHC1 events in ERBB4 signaling,1.6772894e-08,8
Regulation of Actin Cytoskeleton,1.676684e-08,84
Beta Ureidopropionase Deficiency,1.6739875e-08,14
eNOS activation,1.671603e-08,8
Ovarian infertility,1.6709912e-08,15
Gastric acid secretion - Homo sapiens (human),1.670335e-08,53
RHO GTPases regulate CFTR trafficking,1.6697529e-08,1
HS-GAG degradation,1.668575e-08,13
Apoptotic factor-mediated response,1.6678374e-08,6
Betaine Metabolism,1.6596161e-08,5
Homologous recombination - Homo sapiens (human),1.6567638e-08,17
tsp-1 induced apoptosis in microvascular endothelial cell,1.656682e-08,5
mapkinase signaling pathway,1.6564297e-08,34
Regulation of MECP2 expression and activity,1.6562872e-08,18
bioactive peptide induced signaling pathway,1.6559936e-08,25
Recycling of bile acids and salts,1.6559719e-08,10
EPHA-mediated growth cone collapse,1.6555333e-08,12
Mineral absorption - Homo sapiens (human),1.6551933e-08,25
NAD+ metabolism,1.6547101e-08,10
Retrograde transport at the Trans-Golgi-Network,1.653869e-08,22
mitochondrial fatty acid beta-oxidation of unsaturated fatty acids,1.653682e-08,1
Anistreplase Action Pathway,1.6530725e-08,14
NOTCH-Core,1.6524092e-08,7
Stabilization and expansion of the E-cadherin adherens junction,1.6518474e-08,22
Arbutamine Action Pathway,1.6506876e-08,41
Glycogen breakdown (glycogenolysis),1.6475157e-08,8
Supression of HMGB1 mediated inflammation by THBD,1.647243e-08,4
Defective ABCC8 can cause hypo- and hyper-glycemias,1.6463803e-08,1
Endogenous sterols,1.6448304e-08,7
Regulation of Telomerase,1.643377e-08,34
Transcription of E2F targets under negative control by p107 (RBL1) and p130 (RBL2) in complex with HDAC1,1.6429693e-08,4
eIF5A regulation in response to inhibition of the nuclear export system,1.642718e-08,2
Cardiac Hypertrophic Response,1.6414173e-08,35
Synthesis and degradation of ketone bodies - Homo sapiens (human),1.6413527e-08,3
Mercaptopurine Action Pathway,1.6392395e-08,27
Isovaleric acidemia,1.6388775e-08,18
Activation of caspases through apoptosome-mediated cleavage,1.6385034e-08,1
Acyl chain remodelling of PG,1.638456e-08,6
Glycolysis in senescence,1.6383146e-08,1
Platelet activation - Homo sapiens (human),1.6373441e-08,84
Maple Syrup Urine Disease,1.6361604e-08,18
Metabolism of ingested MeSeO2H into MeSeH,1.6359788e-08,1
Sphingolipid Metabolism (integrated pathway),1.6357367e-08,10
RHOH GTPase cycle,1.6341502e-08,21
Amino Acid Metabolism Pathway Excerpt (Histidine catabolism extension),1.6336958e-08,2
Argininosuccinic Aciduria,1.6325664e-08,7
L-kynurenine degradation,1.6323176e-08,6
Congenital Bile Acid Synthesis Defect Type III,1.6317108e-08,6
Cell cycle,1.6311335e-08,49
TP53 Regulates Transcription of Genes Involved in G2 Cell Cycle Arrest,1.63034e-08,5
The retinoid cycle in cones (daylight vision),1.6300216e-08,2
Generic Transcription Pathway,1.6299197e-08,492
"GPCRs, Class A Rhodopsin-like",1.6266345e-08,137
Oxidation by Cytochrome P450,1.6259706e-08,32
WNT ligand biogenesis and trafficking,1.623064e-08,13
G alpha (s) signalling events,1.6224657e-08,82
Mtb iron assimilation by chelation,1.6191995e-08,1
"PI5P, PP2A and IER3 Regulate PI3K/AKT Signaling",1.6188809e-08,71
RHOC GTPase cycle,1.6187792e-08,48
Hyperprolinemia Type II,1.618126e-08,9
IkBA variant leads to EDA-ID,1.6172041e-08,4
Citric Acid Cycle,1.6167453e-08,11
Type III interferon signaling,1.616392e-08,8
Trk receptor signaling mediated by PI3K and PLC-gamma,1.6162165e-08,21
gluconeogenesis,1.6125883e-08,9
Corticosterone methyl oxidase II deficiency - CMO II,1.6123273e-08,5
BARD1 signaling events,1.6120296e-08,12
Synaptic signaling pathways associated with autism spectrum disorder,1.6120005e-08,30
thymine degradation,1.6111802e-08,3
Cholesterol biosynthesis via lathosterol,1.6107414e-08,3
TP53 Regulates Transcription of Cell Death Genes,1.6097161e-08,23
"mRNA 3,-end processing",1.6080502e-08,12
Phenylalanine and tyrosine metabolism,1.605256e-08,7
Osteoblast Signaling,1.605072e-08,6
Clopidogrel Metabolism Pathway,1.6030844e-08,6
Transcriptional regulation by the AP-2 (TFAP2) family of transcription factors,1.602601e-08,25
Signal transduction by L1,1.6017076e-08,13
Cerebrotendinous Xanthomatosis (CTX),1.6016866e-08,6
asparagine degradation,1.6015509e-08,3
Collagen biosynthesis and modifying enzymes,1.6015491e-08,43
classical complement pathway,1.6008615e-08,7
gata3 participate in activating the th2 cytokine genes expression,1.6007231e-08,15
Gap junction trafficking,1.6001579e-08,5
Serotonin Receptor 4-6-7 and NR3C Signaling,1.6001103e-08,12
IL4,1.5986412e-08,39
Cellular roles of Anthrax toxin,1.5981348e-08,16
ER Quality Control Compartment (ERQC),1.59797e-08,6
Methylmalonic Aciduria,1.5979559e-08,18
Glucose-6-phosphate dehydrogenase deficiency,1.5969851e-08,6
Lysine degradation,1.5961716e-08,14
Alkaptonuria,1.5956005e-08,10
Polymerase switching on the C-strand of the telomere,1.5953473e-08,8
Epstein-Barr virus infection - Homo sapiens (human),1.59507e-08,120
Serotonin Receptor 2 and ELK-SRF-GATA4 signaling,1.594702e-08,11
Metoprolol Action Pathway,1.5938085e-08,41
pentose phosphate pathway (non-oxidative branch),1.5933985e-08,1
Complement and Coagulation Cascades,1.5916218e-08,35
Protein processing in endoplasmic reticulum - Homo sapiens (human),1.5901696e-08,75
Class B/2 (Secretin family receptors),1.5895058e-08,50
Host-pathogen interaction of human coronaviruses - interferon induction,1.589423e-08,24
Toll-like Receptor Signaling related to MyD88,1.5893903e-08,16
Dual hijack model of Vif in HIV infection,1.5880975e-08,3
Coregulation of Androgen receptor activity,1.5879808e-08,33
Cytoplasmic Ribosomal Proteins,1.587606e-08,25
Sensory processing of sound by outer hair cells of the cochlea,1.5865451e-08,28
Insulin secretion - Homo sapiens (human),1.5863057e-08,52
Signaling by high-kinase activity BRAF mutants,1.5862732e-08,22
"BMAL1:CLOCK,NPAS2 activates circadian gene expression",1.5854821e-08,7
ABC-family proteins mediated transport,1.5847313e-08,27
Urea Cycle,1.5845172e-08,7
"Glycogenosis, Type IA. Von gierke disease",1.5842542e-08,8
Beta-mercaptolactate-cysteine disulfiduria,1.5826487e-08,3
Dezocine Action Pathway,1.5824527e-08,15
Activation of RAS in B cells,1.5819099e-08,4
influence of ras and rho proteins on g1 to s transition,1.5806695e-08,14
how does salmonella hijack a cell,1.5788334e-08,5
"Fructose intolerance, hereditary",1.5778918e-08,8
Selenoamino acid metabolism,1.5778854e-08,55
Constitutive Signaling by NOTCH1 t(7;9)(NOTCH1:M1580_K2555) Translocation Mutant,1.577536e-08,2
Carnitine metabolism,1.5758847e-08,3
FLT3 signaling through SRC family kinases,1.5756099e-08,4
2-oxoisovalerate decarboxylation to isobutanoyl-CoA,1.573098e-08,2
Amine Oxidase reactions,1.5717287e-08,1
Pre-NOTCH Transcription and Translation,1.5707307e-08,31
Toll Like Receptor 7/8 (TLR7/8) Cascade,1.570173e-08,51
GMCSF-mediated signaling events,1.5684288e-08,27
Regulated Necrosis,1.5678742e-08,21
EGF-Core,1.5675921e-08,67
Signaling by Activin,1.567104e-08,8
sphingomyelin metabolism/ceramide salvage,1.5664206e-08,3
CD40/CD40L signaling,1.5660387e-08,25
RANKL,1.564664e-08,16
RNA Polymerase III Transcription Initiation,1.563712e-08,12
Galactose catabolism,1.5618298e-08,2
Nuclear receptors,1.5616955e-08,19
Cargo concentration in the ER,1.561494e-08,22
Endosomal/Vacuolar pathway,1.5612512e-08,10
Signaling by Non-Receptor Tyrosine Kinases,1.5604432e-08,33
Signaling events mediated by HDAC Class I,1.5594388e-08,26
TWEAK,1.5587307e-08,16
ARMS-mediated activation,1.5586389e-08,7
Xanthine Dehydrogenase Deficiency (Xanthinuria),1.5568022e-08,20
RND3 GTPase cycle,1.5557212e-08,24
G-protein beta:gamma signalling,1.5555337e-08,14
Signaling events mediated by PRL,1.555321e-08,15
Signaling by BMP,1.554247e-08,11
Arachidonic Acid Metabolism,1.5536923e-08,14
"Signaling by PDGFRA transmembrane, juxtamembrane and kinase domain mutants",1.5527862e-08,8
Integrin-linked kinase signaling,1.5526243e-08,26
ABC transporters - Homo sapiens (human),1.5520571e-08,28
RAB GEFs exchange GTP for GDP on RABs,1.5503158e-08,39
Tat-mediated HIV elongation arrest and recovery,1.5502591e-08,12
Dopaminergic synapse - Homo sapiens (human),1.5500166e-08,79
SHC-mediated cascade:FGFR3,1.5488425e-08,12
Proprotein convertase subtilisin-kexin type 9 (PCSK9) mediated LDL receptor degradation,1.5484463e-08,2
Purine Metabolism,1.5478623e-08,20
Effects of nitric oxide,1.5476644e-08,5
Propranolol Action Pathway,1.5470855e-08,41
Indapamide Action Pathway,1.546795e-08,20
Formation of the Early Elongation Complex,1.5464643e-08,14
Meiotic synapsis,1.5448933e-08,11
TCF dependent signaling in response to WNT,1.5432224e-08,86
Retrograde endocannabinoid signaling - Homo sapiens (human),1.5429068e-08,79
Alendronate Action Pathway,1.5422406e-08,10
Pexophagy,1.5421728e-08,4
Long-term potentiation,1.5418237e-08,15
PINK1-PRKN Mediated Mitophagy,1.5407808e-08,13
RUNX2 regulates osteoblast differentiation,1.54055e-08,14
Cargo recognition for clathrin-mediated endocytosis,1.540476e-08,51
Signaling by Type 1 Insulin-like Growth Factor 1 Receptor (IGF1R),1.5389267e-08,36
Inhibition of replication initiation of damaged DNA by RB1/E2F1,1.5385794e-08,5
Viral protein interaction with cytokine and cytokine receptor - Homo sapiens (human),1.5379257e-08,77
Mitotic Prometaphase,1.5376827e-08,76
HDR through Homologous Recombination (HRR),1.5364291e-08,26
Phosphorylation of proteins involved in the G2/M transition by Cyclin A:Cdc2 complexes,1.535588e-08,2
JAK-STAT-Ncore,1.5354798e-08,11
Vitamin E,1.535105e-08,1
Arrhythmogenic Right Ventricular Cardiomyopathy,1.5347695e-08,47
Synthesis of PG,1.5338506e-08,3
Biosynthesis of DPA-derived SPMs,1.5331048e-08,2
Regulation of HSF1-mediated heat shock response,1.5324048e-08,34
Ceramide signalling,1.5318385e-08,1
Endochondral Ossification with Skeletal Dysplasias,1.5315143e-08,41
Heroin metabolism,1.5311947e-08,2
Constitutive Signaling by NOTCH1 HD+PEST Domain Mutants,1.5308254e-08,32
Benzocaine Action Pathway,1.5307503e-08,15
Sotalol Action Pathway,1.5297804e-08,41
Cooperation of PDCL (PhLP1) and TRiC/CCT in G-protein beta folding,1.5297394e-08,17
Disinhibition of SNARE formation,1.5293082e-08,5
phospholipases,1.528401e-08,20
Aspartate and asparagine metabolism,1.527567e-08,8
Pamidronate Action Pathway,1.5265288e-08,10
Plasma lipoprotein assembly,1.5264204e-08,8
Ketobemidone  Action Pathway,1.5256576e-08,15
GABA receptor activation,1.5242826e-08,38
alk in cardiac myocytes,1.5236374e-08,12
Parasite infection,1.5235425e-08,34
Methionine and cysteine metabolism,1.523108e-08,39
Initial triggering of complement,1.5209597e-08,10
Methylenetetrahydrofolate Reductase Deficiency (MTHFRD),1.5200829e-08,18
Autosomal recessive Osteopetrosis pathways,1.519675e-08,5
Thromboxane signalling through TP receptor,1.5195091e-08,9
Transcriptional regulation by small RNAs,1.5184876e-08,33
Loss of Nlp from mitotic centrosomes,1.5162772e-08,27
Constitutive Signaling by EGFRvIII,1.5155571e-08,8
Malonic Aciduria,1.5153756e-08,6
Metabolism of ingested H2SeO4 and H2SeO3 into H2Se,1.5152834e-08,3
Felbamate Metabolism Pathway,1.5152553e-08,1
"PTK6 Regulates RHO GTPases, RAS GTPase and MAP kinases",1.5146489e-08,10
Biotin Metabolism,1.513e-08,1
NGF-independant TRKA activation,1.5128842e-08,4
Recycling pathway of L1,1.5124883e-08,13
ERBB2 Activates PTK6 Signaling,1.51237e-08,8
IL2-mediated signaling events,1.5112546e-08,43
ISG15 antiviral mechanism,1.510932e-08,17
miR-222 in Exercise-Induced Cardiac Growth,1.5088938e-08,2
C-type lectin receptors (CLRs),1.508611e-08,53
Cimetidine Action Pathway,1.5083176e-08,6
Differentiation Pathway,1.5068055e-08,32
Detoxification of Reactive Oxygen Species,1.5051425e-08,12
NOSTRIN mediated eNOS trafficking,1.5040683e-08,5
Spirapril Metabolism Pathway,1.5039868e-08,1
guanosine ribonucleotides <i>de novo</i> biosynthesis,1.5017108e-08,2
Meloxicam Action Pathway,1.501315e-08,14
Chlorthalidone Action Pathway,1.5010292e-08,20
Torsemide Action Pathway,1.5009622e-08,20
Folate metabolism,1.5003272e-08,12
4-Hydroxybutyric Aciduria/Succinic Semialdehyde Dehydrogenase Deficiency,1.4999689e-08,14
"Activation of the mRNA upon binding of the cap-binding complex and eIFs, and subsequent binding to 43S",1.4999298e-08,15
Hematopoietic cell lineage - Homo sapiens (human),1.498347e-08,67
Transcriptional regulation by RUNX3,1.4981818e-08,31
ras-independent pathway in nk cell-mediated cytotoxicity,1.49813e-08,16
Molybdenum cofactor (Moco) biosynthesis,1.4975491e-08,1
Systemic lupus erythematosus - Homo sapiens (human),1.4972349e-08,50
dermatan sulfate degradation (metazoa),1.4930789e-08,3
Carnitine palmitoyl transferase deficiency (I),1.4919845e-08,7
Aminoacyl-tRNA biosynthesis - Homo sapiens (human),1.4909123e-08,18
propionyl-CoA degradation,1.4902838e-08,2
Keratan sulfate/keratin metabolism,1.4900806e-08,15
fatty acid elongation -- saturated,1.4899822e-08,1
Evolocumab Mechanism,1.48901655e-08,2
Apoptosis,1.4885353e-08,92
Hyperornithinemia-hyperammonemia-homocitrullinuria [HHH-syndrome],1.48819455e-08,9
Hijack of ubiquitination by SARS-CoV-2,1.487097e-08,4
Vascular smooth muscle contraction - Homo sapiens (human),1.4867842e-08,84
The oncogenic action of L-2-hydroxyglutarate in  Hydroxygluaricaciduria,1.4865771e-08,14
Downregulation of ERBB4 signaling,1.4836299e-08,4
phospho-PLA2 pathway,1.48304e-08,2
Retinoic acid receptors-mediated signaling,1.4825483e-08,21
Chemokine signaling pathway - Homo sapiens (human),1.4824919e-08,125
superpathway of cholesterol biosynthesis,1.4816271e-08,12
Chromosome Maintenance,1.481517e-08,37
Glucose metabolism,1.4809401e-08,40
3-Methylglutaconic Aciduria Type I,1.4804324e-08,18
Azathioprine Action Pathway,1.479634e-08,27
Plasmalogen Synthesis,1.4789694e-08,4
Amiloride Action Pathway,1.4789663e-08,20
glycoaminoglycan-protein linkage region biosynthesis,1.47881005e-08,3
Estrogen-dependent nuclear events downstream of ESR-membrane signaling,1.4782785e-08,8
cbl mediated ligand-induced downregulation of egf receptors pathway,1.47786565e-08,6
Conjugation of carboxylic acids,1.477371e-08,2
choline degradation,1.4772791e-08,2
thyroid hormone metabolism I (via deiodination),1.4770011e-08,3
Joubert syndrome,1.4768141e-08,15
2-amino-3-carboxymuconate semialdehyde degradation to glutaryl-CoA,1.4760629e-08,1
the visual cycle I (vertebrates),1.475201e-08,6
Transcription of the HIV genome,1.4747178e-08,27
Regulation of expression of SLITs and ROBOs,1.4745213e-08,12
Regulation of PTEN stability and activity,1.4744595e-08,15
Downstream signal transduction,1.4738779e-08,20
NGF-stimulated transcription,1.47293715e-08,23
VEGF ligand-receptor interactions,1.4726522e-08,4
PTK6 Regulates Proteins Involved in RNA Processing,1.4714832e-08,3
Direct Reversal Repair,1.4707716e-08,1
Acetylsalicylic Acid Action Pathway,1.470627e-08,14
Activation of the TFAP2 (AP-2) family of transcription factors,1.4699655e-08,8
superpathway of melatonin degradation,1.46983545e-08,6
Resolution of Abasic Sites (AP sites),1.4697182e-08,13
Interleukin-11 Signaling Pathway,1.4675889e-08,27
STING pathway in Kawasaki-like disease and COVID-19,1.4672609e-08,11
Biosynthesis of maresins,1.4654463e-08,5
Tandem pore domain potassium channels,1.4645332e-08,8
SHC1 events in EGFR signaling,1.4645307e-08,7
Adenine phosphoribosyltransferase deficiency (APRT),1.4643581e-08,20
Uptake and actions of bacterial toxins,1.4625757e-08,17
RUNX1 interacts with co-factors whose precise effect on RUNX1 targets is not known,1.4621959e-08,23
Ectoderm Differentiation,1.4616141e-08,80
Purine metabolism - Homo sapiens (human),1.4584202e-08,71
CLEC7A (Dectin-1) induces NFAT activation,1.4582215e-08,9
Processing of DNA double-strand break ends,1.4569895e-08,38
Metabolism of porphyrins,1.4566462e-08,15
Ifosfamide Action Pathway,1.4551073e-08,5
Cargo trafficking to the periciliary membrane,1.45457e-08,20
Rabeprazole Metabolism Pathway,1.4539352e-08,1
"Inactivation, recovery and regulation of the phototransduction cascade",1.4533837e-08,15
"Formation of the ternary complex, and subsequently, the 43S complex",1.45297845e-08,12
Neurotransmitter clearance,1.4519967e-08,6
Male infertility,1.4513249e-08,81
EGFR-dependent Endothelin signaling events,1.4513233e-08,5
Secretion of Hydrochloric Acid in Parietal Cells,1.450591e-08,3
mTOR signaling pathway - Homo sapiens (human),1.4492167e-08,76
The NLRP3 inflammasome,1.4488284e-08,5
Caspase Cascade in Apoptosis,1.4485295e-08,25
AlphaE beta7 integrin cell surface interactions,1.4467255e-08,2
Role of Altered Glycolysation of MUC1 in Tumour Microenvironment,1.4456653e-08,6
Disruption of postsynaptic signaling by CNV,1.4451528e-08,20
Proximal tubule transport,1.4434137e-08,29
Serotonin Receptor 2 and STAT3 Signaling,1.4433926e-08,3
DNA Mismatch Repair,1.4432427e-08,9
E-cadherin signaling in keratinocytes,1.4423987e-08,10
AGE-RAGE pathway,1.4411741e-08,40
sumoylation by ranbp2 regulates transcriptional repression,1.4405389e-08,6
Eicosanoids,1.4402058e-08,7
Host-pathogen interaction of human coronaviruses - MAPK signaling,1.4401466e-08,21
Mefenamic Acid Action Pathway,1.4391837e-08,14
Non-homologous end joining,1.4391377e-08,4
Methionine Metabolism,1.4390943e-08,12
TBC/RABGAPs,1.4389818e-08,16
Lamin A-processing pathway,1.4385727e-08,1
Taste transduction - Homo sapiens (human),1.4377455e-08,41
Signaling by cytosolic PDGFRA and PDGFRB fusion proteins,1.4375894e-08,1
C-MYB transcription factor network,1.4366356e-08,51
nicotine degradation III,1.4360604e-08,5
Gefitinib Action Pathway,1.4352603e-08,1
erythropoietin mediated neuroprotection through nf-kb,1.4346161e-08,7
Synthesis of active ubiquitin: roles of E1 and E2 enzymes,1.4340619e-08,12
S Phase,1.4330024e-08,38
PKB-mediated events,1.43265115e-08,1
UTP and CTP dephosphorylation II,1.4318357e-08,2
JAK-STAT-Core,1.4297031e-08,78
Activation of the pre-replicative complex,1.4293827e-08,14
Tumor suppressor activity of SMARCB1,1.4288829e-08,21
"Glycogenosis, Type III. Cori disease, Debrancher glycogenosis",1.428317e-08,10
Galanin receptor pathway,1.4281578e-08,12
VEGF binds to VEGFR leading to receptor dimerization,1.4270209e-08,4
Cholesteryl ester storage disease,1.4267394e-08,10
Acrosome Reaction and Sperm:Oocyte Membrane Binding,1.4239665e-08,3
TGF-beta receptor signaling,1.4233207e-08,26
Synthesis of PE,1.4228709e-08,8
Response of Mtb to phagocytosis,1.4224035e-08,11
Nucleotide metabolism,1.4222691e-08,7
Replication of the SARS-CoV-2 genome,1.4214083e-08,3
Fatty acid metabolism,1.4211565e-08,77
γ-linolenate biosynthesis,1.421126e-08,5
Dectin-2 family,1.42093395e-08,19
Aggrephagy,1.42050816e-08,14
mRNA Splicing - Minor Pathway,1.4196493e-08,16
Glypican 3 network,1.4189588e-08,4
Diseases associated with the TLR signaling cascade,1.4189204e-08,4
Acetylcholine inhibits contraction of outer hair cells,1.418905e-08,4
NAD salvage,1.41889185e-08,4
One-carbon metabolism and related pathways,1.4184062e-08,32
Nepafenac Action Pathway,1.4182612e-08,14
MAPK pathway in congenital thyroid cancer,1.4180295e-08,8
Aspartate Metabolism,1.41769e-08,6
wnt signaling pathway,1.4176523e-08,22
CHILD Syndrome,1.4168916e-08,10
Phenylalanine metabolism,1.4166329e-08,5
Calmodulin induced events,1.4156254e-08,23
Panitumumab Action Pathway,1.4155644e-08,1
Mesodermal commitment pathway,1.41504195e-08,85
Ibuprofen Action Pathway,1.4144251e-08,26
The oncogenic action of 2-hydroxyglutarate,1.4119534e-08,13
Novel intracellular components of RIG-I-like receptor (RLR) pathway,1.41169005e-08,32
Formation of editosomes by ADAR proteins,1.4112568e-08,1
Vinblastine Action Pathway,1.4105099e-08,7
Binding and Uptake of Ligands by Scavenger Receptors,1.409067e-08,25
RIPK1-mediated regulated necrosis,1.4085996e-08,15
IL-7 signaling,1.4085607e-08,105
TSH,1.40674405e-08,16
LncRNA involvement in canonical Wnt signaling and colorectal cancer,1.4065687e-08,64
Human immunodeficiency virus 1 infection - Homo sapiens (human),1.4064481e-08,107
Nonsense-Mediated Decay (NMD),1.4062129e-08,32
Processive synthesis on the C-strand of the telomere,1.406088e-08,7
APC/C:Cdc20 mediated degradation of mitotic proteins,1.4052367e-08,13
Negative regulation of FLT3,1.40521434e-08,8
role of mef2d in t-cell apoptosis,1.4051263e-08,19
27-Hydroxylase Deficiency,1.4045613e-08,6
FMO oxidises nucleophiles,1.4042401e-08,3
G alpha (q) signalling events,1.404027e-08,127
EV release from cardiac cells and their functional effects,1.4034557e-08,7
Dopamine receptors,1.4031325e-08,4
Pentose Phosphate Metabolism,1.4024749e-08,1
Transcription-Coupled Nucleotide Excision Repair (TC-NER),1.40188945e-08,25
Endoplasmic reticulum stress response in coronavirus infection,1.40109915e-08,2
Regulation of Microtubule Cytoskeleton,1.4008771e-08,27
Alpha9 beta1 integrin signaling events,1.4008565e-08,15
Purine nucleotides nucleosides metabolism,1.400775e-08,60
Oxidative phosphorylation,1.4005019e-08,14
Metabolism of lipids,1.40016505e-08,291
Downregulation of ERBB2 signaling,1.3997667e-08,15
Intestinal infectious diseases,1.3982851e-08,1
Metabolism of Angiotensinogen to Angiotensins,1.3975372e-08,9
Dopa-responsive dystonia,1.39746925e-08,4
"Signaling by phosphorylated juxtamembrane, extracellular and kinase domain KIT mutants",1.3942382e-08,16
Modulators of TCR signaling and T cell activation,1.3927627e-08,43
sonic hedgehog receptor ptc1 regulates cell cycle,1.39276e-08,7
Prilocaine Action Pathway,1.392117e-08,15
Creation of C4 and C2 activators,1.3874089e-08,7
FGFR3 mutant receptor activation,1.3868556e-08,9
IRAK1 recruits IKK complex,1.3862262e-08,7
Type 2 papillary renal cell carcinoma,1.385618e-08,20
Signaling by PDGF,1.3855343e-08,37
Erythropoietin activates RAS,1.3841548e-08,7
Thiamine Metabolism,1.3833064e-08,3
Acetylation,1.3820323e-08,1
Kinesins,1.3815312e-08,24
Pyrophosphate hydrolysis,1.3807442e-08,2
erk1/erk2 mapk signaling pathway,1.380368e-08,13
Adherens junctions interactions,1.3802692e-08,24
Aryl hydrocarbon receptor signalling,1.3793338e-08,3
HDL assembly,1.3790883e-08,2
heparan sulfate biosynthesis (late stages),1.3787097e-08,13
Beta5 beta6 beta7 and beta8 integrin cell surface interactions,1.3784057e-08,8
XAV939 stabilizes AXIN,1.3783161e-08,2
Wax and plasmalogen biosynthesis,1.3769921e-08,3
Familial lipoprotein lipase deficiency,1.3762599e-08,9
Squalene and cholesterol biosynthesis,1.3753475e-08,15
Angiogenesis,1.3752038e-08,14
IKK complex recruitment mediated by RIP1,1.3744504e-08,12
Noncanonical Wnt signaling pathway,1.373147e-08,23
GLI3 is processed to GLI3R by the proteasome,1.3726185e-08,9
Interleukin-33 signaling,1.37240574e-08,3
Cellular response to chemical stress,1.3721599e-08,38
NR1H2 & NR1H3 regulate gene expression to control bile acid homeostasis,1.3720937e-08,5
Signaling by CSF3 (G-CSF),1.3717047e-08,18
Downstream signaling events of B Cell Receptor (BCR),1.3703721e-08,22
Recruitment and ATM-mediated phosphorylation of repair and signaling proteins at DNA double strand breaks,1.3701031e-08,31
mRNA surveillance pathway - Homo sapiens (human),1.3699209e-08,38
Activation of RAC1 downstream of NMDARs,1.3680204e-08,5
ID,1.36781635e-08,15
Trafficking of myristoylated proteins to the cilium,1.36649385e-08,2
phosphorylation of mek1 by cdk5/p35 down regulates the map kinase pathway,1.3660638e-08,8
Trehalose Degradation,1.365782e-08,6
Negative feedback regulation of MAPK pathway,1.36551686e-08,5
MED and Pseudoachondroplasia genes,1.3653644e-08,3
Lipid Metabolism Pathway,1.3643323e-08,8
TCR,1.3642277e-08,151
Activated NTRK2 signals through FRS2 and FRS3,1.3641538e-08,5
Vitamin H (biotin) metabolism,1.3635898e-08,2
ABC transporter disorders,1.36330485e-08,7
FGFR2 mutant receptor activation,1.3622182e-08,11
IRS activation,1.36213885e-08,3
Pathways affected in adenoid cystic carcinoma,1.3621019e-08,34
Generation of second messenger molecules,1.3620566e-08,25
Sterols are 12-hydroxylated by CYP8B1,1.3616644e-08,1
IRE1alpha activates chaperones,1.36096965e-08,1
serine biosynthesis (phosphorylated route),1.3607688e-08,3
Mitochondrial biogenesis,1.3603673e-08,18
Influenza Infection,1.3599099e-08,14
EPO signaling,1.3585149e-08,105
HuR (ELAVL1) binds and stabilizes mRNA,1.3576777e-08,5
Arachidonic acid metabolism - Homo sapiens (human),1.3570119e-08,29
Vitamin B5 (pantothenate) metabolism,1.3568166e-08,7
Sarcosinemia,1.3557383e-08,12
g-protein signaling through tubby proteins,1.3550645e-08,8
activation of pkc through g-protein coupled receptors,1.35494505e-08,10
Sulfur relay system - Homo sapiens (human),1.3546158e-08,2
"Synthesis, secretion, and deacylation of Ghrelin",1.3539436e-08,6
Celecoxib Metabolism Pathway,1.3538815e-08,5
Regulation of ornithine decarboxylase (ODC),1.3535658e-08,3
Folate-Alcohol and Cancer Pathway Hypotheses,1.3534713e-08,6
DDX1 as a regulatory component of the Drosha microprocessor,1.3533681e-08,3
Transcriptional Regulation by VENTX,1.3528343e-08,13
Xanthinuria type II,1.3520729e-08,20
proline biosynthesis,1.351874e-08,1
Naproxen Action Pathway,1.3514454e-08,14
Regulation of Apoptosis,1.3511925e-08,4
SUMO E3 ligases SUMOylate target proteins,1.351026e-08,76
Pindolol Action Pathway,1.3508856e-08,41
Signaling by EGFR in Cancer,1.3508126e-08,12
Validated nuclear estrogen receptor alpha network,1.3506316e-08,31
superpathway of purine nucleotide salvage,1.3503156e-08,15
Constitutive Signaling by Overexpressed ERBB2,1.3494851e-08,6
Glycerolipid Metabolism,1.3494738e-08,9
Imipramine Action Pathway,1.3493445e-08,17
Organic cation transport,1.3488718e-08,6
Etoricoxib Action Pathway,1.3482863e-08,14
Sema4D mediated inhibition of cell attachment and migration,1.3477144e-08,5
mRNA Splicing,1.3475656e-08,59
Coronavirus disease - COVID-19 - Homo sapiens (human),1.3473555e-08,112
Hfe effect on hepcidin production,1.3472474e-08,4
Ethanol oxidation,1.3463015e-08,4
BDNF,1.3462682e-08,33
Docetaxel Action Pathway,1.3456265e-08,5
Intracellular metabolism of fatty acids regulates insulin secretion,1.34523965e-08,2
Receptor Mediated Mitophagy,1.34481235e-08,9
Class A/1 (Rhodopsin-like receptors),1.3439516e-08,193
Signal transduction through IL1R,1.3431835e-08,20
SCFA and skeletal muscle substrate metabolism,1.3429282e-08,2
Conjugation of benzoate with glycine,1.3419557e-08,2
Signaling events mediated by VEGFR1 and VEGFR2,1.3413844e-08,48
RNA Polymerase II Transcription Elongation,1.34077345e-08,23
igf-1 signaling pathway,1.3398578e-08,13
Transcriptional activation of p53 responsive genes  ,1.3396071e-08,1
Allograft rejection - Homo sapiens (human),1.3395253e-08,32
Signaling by Ligand-Responsive EGFR Variants in Cancer,1.3389887e-08,9
Corticosterone methyl oxidase I deficiency (CMO I),1.338505e-08,5
Signaling by kinase domain mutants of KIT,1.338216e-08,1
LPA receptor mediated events,1.337129e-08,47
Aflatoxin activation and detoxification,1.3368537e-08,8
Signal Transduction of S1P Receptor,1.3362882e-08,15
Signaling by FGFR2 in disease,1.3358436e-08,18
Signaling by FGFR4,1.3355063e-08,29
Leptin,1.33541365e-08,40
Cushing syndrome - Homo sapiens (human),1.3354131e-08,95
spermine and spermidine degradation I,1.3347309e-08,1
IL-9 signaling pathway,1.3346108e-08,14
Ramipril Action Pathway,1.334157e-08,3
Prednisone Metabolism Pathway,1.3338864e-08,1
"Carnosinuria, carnosinemia",1.3337647e-08,7
CREB3 factors activate genes,1.3323564e-08,2
Acyl chain remodelling of PI,1.33211095e-08,8
Alanine and aspartate metabolism,1.3315661e-08,7
Estrogen biosynthesis,1.33062255e-08,2
Regulation of APC/C activators between G1/S and early anaphase,1.3304603e-08,18
CASP8 activity is inhibited,1.3298646e-08,8
platelet amyloid precursor protein pathway,1.3297289e-08,3
Cardiac Progenitor Differentiation,1.3293273e-08,32
Lipid and atherosclerosis - Homo sapiens (human),1.3287556e-08,131
Globoid Cell Leukodystrophy,1.328676e-08,14
Post-chaperonin tubulin folding pathway,1.328466e-08,6
Myoadenylate deaminase deficiency,1.3276429e-08,20
Argininemia,1.32693625e-08,7
Signaling by GPCR,1.326813e-08,399
Ion transport by P-type ATPases,1.3266693e-08,31
Pyrimidine metabolism,1.3263547e-08,70
IRAK1 recruits IKK complex upon TLR7/8 or 9 stimulation,1.3256973e-08,7
Biosynthesis of specialized proresolving mediators (SPMs),1.3253627e-08,10
Gastric acid production,1.3242144e-08,4
Cyclophosphamide Action Pathway,1.320657e-08,5
phosphoinositides and their downstream targets,1.3204218e-08,10
Activation of NF-kappaB in B cells,1.3204019e-08,12
Steroid hormone biosynthesis - Homo sapiens (human),1.320341e-08,37
attenuation of gpcr signaling,1.3200658e-08,8
Notch Signaling,1.319494e-08,26
FOXA2 and FOXA3 transcription factor networks,1.3194287e-08,19
Intracellular Signalling Through Adenosine Receptor A2b and Adenosine,1.3186926e-08,19
Synthesis of epoxy (EET) and dihydroxyeicosatrienoic acids (DHET),1.3185693e-08,6
MET activates RAP1 and RAC1,1.3181644e-08,6
Chondroitin sulfate biosynthesis,1.3174676e-08,11
Prostate cancer - Homo sapiens (human),1.3172855e-08,50
FTO Obesity Variant Mechanism,1.3168119e-08,5
Pantothenate and CoA biosynthesis - Homo sapiens (human),1.3164708e-08,17
Sodium/Proton exchangers,1.3163751e-08,6
Physiological factors,1.3159427e-08,2
Follicle Stimulating Hormone (FSH) signaling pathway,1.3159049e-08,16
EPHB-mediated forward signaling,1.3155331e-08,23
Oxybuprocaine Action Pathway,1.3145265e-08,15
Circadian entrainment - Homo sapiens (human),1.31382105e-08,66
Na+/Cl- dependent neurotransmitter transporters,1.31344375e-08,13
Insulin-mediated glucose transport,1.3127026e-08,14
E2F mediated regulation of DNA replication,1.3112891e-08,8
Non-small cell lung cancer - Homo sapiens (human),1.3104271e-08,44
Abortive elongation of HIV-1 transcript in the absence of Tat,1.3096588e-08,9
"Alanine, aspartate and glutamate metabolism - Homo sapiens (human)",1.3088218e-08,19
Eplerenone Action Pathway,1.308539e-08,20
C-MYC pathway,1.3069648e-08,15
Mitochondrial ABC transporters,1.3061562e-08,1
Syndecan-1-mediated signaling events,1.30614435e-08,27
Mitochondrial translation termination,1.3058978e-08,21
NEIL3-mediated resolution of ICLs,1.3057127e-08,1
Aurora A signaling,1.3056953e-08,14
Caffeine Metabolism,1.3054656e-08,5
Bone morphogenic protein (BMP) signaling and regulation,1.3053011e-08,5
Head and Neck Squamous Cell Carcinoma,1.3042715e-08,41
Alpha Linolenic Acid and Linoleic Acid Metabolism,1.3042502e-08,2
Chylomicron remodeling,1.3041651e-08,6
Valine Leucine Isoleucine degradation,1.3036413e-08,18
Signaling by RAF1 mutants,1.3028846e-08,31
glutathione-mediated detoxification,1.3005513e-08,10
Cam-PDE 1 activation,1.29864794e-08,2
Beta-catenin phosphorylation cascade,1.2985147e-08,10
Depyrimidination,1.2982477e-08,16
MET activates RAS signaling,1.2977983e-08,4
Signaling by Leptin,1.29690765e-08,9
Gap junction assembly,1.2965224e-08,2
MECP2 regulates transcription of neuronal ligands,1.2962765e-08,4
NS1 Mediated Effects on Host Pathways,1.2962394e-08,3
miR-509-3p alteration of YAP1-ECM axis,1.2959618e-08,12
Glibenclamide Action Pathway,1.2959263e-08,4
IL6,1.2958325e-08,52
Glypican 1 network,1.29581705e-08,19
Nucleotide-like (purinergic) receptors,1.2957512e-08,8
Formation of xylulose-5-phosphate,1.2956217e-08,2
Latent infection - Other responses of Mtb to phagocytosis,1.2954345e-08,1
thyroid hormone biosynthesis,1.2951158e-08,1
Calcium signaling in the CD4+ TCR pathway,1.2948952e-08,22
Complement cascade,1.2935918e-08,31
The NLRP1 inflammasome,1.2927186e-08,2
Insulin receptor signalling cascade,1.2926382e-08,37
Ropivacaine Action Pathway,1.2917935e-08,15
Circadian rhythm pathway,1.2916005e-08,9
fatty acid biosynthesis initiation,1.29066455e-08,1
RNA Polymerase II Promoter Escape,1.2901109e-08,20
Gene regulatory network modelling somitogenesis,1.2897711e-08,4
Class I peroxisomal membrane protein import,1.2893507e-08,8
Electron transport from NADPH to Ferredoxin,1.2890139e-08,1
Glycosphingolipid biosynthesis - globo and isoglobo series - Homo sapiens (human),1.2889068e-08,8
ErbB4 signaling events,1.2886996e-08,23
Presynaptic depolarization and calcium channel opening,1.28798e-08,9
FOXA1 transcription factor network,1.28696005e-08,25
the information processing pathway at the ifn beta enhancer,1.2867751e-08,23
Sensing of DNA Double Strand Breaks,1.2862374e-08,3
G-protein mediated events,1.2856976e-08,36
Regulation of FOXO transcriptional activity by acetylation,1.28533895e-08,6
Dobutamine Action Pathway,1.28481155e-08,41
Downregulation of TGF-beta receptor signaling,1.28394495e-08,9
FGFR3 ligand binding and activation,1.283739e-08,10
role of egf receptor transactivation by gpcrs in cardiac hypertrophy,1.2836172e-08,21
Signaling by KIT in disease,1.282765e-08,16
TRAF6 mediated IRF7 activation,1.2826615e-08,14
ahr signal transduction pathway,1.2825179e-08,2
Signaling events mediated by Hepatocyte Growth Factor Receptor (c-Met),1.2822721e-08,46
IFN-gamma pathway,1.2816826e-08,27
Infection with Mycobacterium tuberculosis,1.281675e-08,15
Wnt Signaling Pathway,1.2815235e-08,36
Regulation of PTEN mRNA translation,1.28083055e-08,5
pyrimidine ribonucleosides degradation,1.2798081e-08,5
SARS-CoV-2 Genome Replication and Transcription,1.2796104e-08,3
FOXO-mediated transcription of cell death genes,1.2789827e-08,9
Ephrin signaling,1.2788805e-08,12
Thermogenesis,1.2786857e-08,57
Threonine catabolism,1.2785574e-08,2
apoptotic signaling in response to dna damage,1.2773919e-08,3
RUNX1 regulates genes involved in megakaryocyte differentiation and platelet function,1.2758469e-08,25
-arrestins in gpcr desensitization,1.2756445e-08,17
Sulindac Metabolic Pathway,1.2754137e-08,5
Golgi-to-ER retrograde transport,1.2753332e-08,53
Phase 1 - inactivation of fast Na+ channels,1.2751186e-08,5
Breast cancer pathway,1.2747195e-08,92
Methadone Metabolism Pathway,1.2741145e-08,8
NHR,1.2740488e-08,26
NRIF signals cell death from the nucleus,1.2738446e-08,8
Regulation of lipid metabolism by PPARalpha,1.273588e-08,13
Cristae formation,1.27340485e-08,2
Prevention of phagosomal-lysosomal fusion,1.2721376e-08,4
mRNA Splicing - Major Pathway,1.27194895e-08,55
Selective expression of chemokine receptors during T-cell polarization,1.2719399e-08,21
Regulation of PTEN localization,1.2718406e-08,3
serotonin degradation,1.2717838e-08,5
Prostaglandin formation from arachidonate,1.2710208e-08,17
COPI-dependent Golgi-to-ER retrograde traffic,1.2704525e-08,36
deregulation of cdk5 in alzheimers disease,1.2696256e-08,4
Cooperation of Prefoldin and TriC/CCT  in actin and tubulin folding,1.2690833e-08,8
ethanol degradation IV,1.2688963e-08,3
Proteoglycan biosynthesis,1.267613e-08,22
Respiratory electron transport,1.2674135e-08,25
Esomeprazole Action Pathway,1.2670236e-08,6
Telmisartan Action Pathway,1.2667249e-08,3
Mitochondrial calcium ion transport,1.2659433e-08,10
Blue diaper syndrome,1.2659367e-08,20
Irinotecan Metabolism Pathway,1.265912e-08,14
Constitutive Signaling by NOTCH1 HD Domain Mutants,1.2658588e-08,9
The oncogenic action of Succinate,1.265375e-08,14
Methylmalonic Aciduria Due to Cobalamin-Related Disorders,1.2650492e-08,6
GPCR Dopamine D1like receptor,1.2648518e-08,28
Tight junction - Homo sapiens (human),1.264841e-08,87
"Progressive trimming of alpha-1,2-linked mannose residues from Man9/8/7GlcNAc2 to produce Man5GlcNAc2",1.2647793e-08,2
reversal of insulin resistance by leptin,1.26466215e-08,3
Alfentanil Action Pathway,1.2645269e-08,15
"Regulation of glycolysis by fructose 2,6-bisphosphate metabolism",1.2644808e-08,8
ZBP1(DAI) mediated induction of type I IFNs,1.2640516e-08,8
Drug metabolism - other enzymes - Homo sapiens (human),1.2631583e-08,41
PI-3K cascade:FGFR1,1.2626115e-08,15
Trafficking of AMPA receptors,1.26224275e-08,15
Dihydropyrimidine Dehydrogenase Deficiency (DHPD),1.26077975e-08,12
Lysine metabolism,1.2605378e-08,27
NRF2 pathway,1.2595457e-08,70
stathmin and breast cancer resistance to antimicrotubule agents,1.2588356e-08,11
Synaptic Vesicle Pathway,1.2587591e-08,28
Signalling to STAT3,1.2583491e-08,2
Cancer immunotherapy by PD-1 blockade,1.258344e-08,18
Presynaptic nicotinic acetylcholine receptors,1.2582865e-08,5
Netrin-mediated signaling events,1.2580676e-08,26
pentose phosphate pathway,1.2580645e-08,2
Signaling of Hepatocyte Growth Factor Receptor,1.2579829e-08,23
glutathione redox reactions II,1.25775905e-08,1
PCNA-Dependent Long Patch Base Excision Repair,1.2576359e-08,7
Kennedy pathway from sphingolipids,1.2566395e-08,7
alpha-Linolenic acid metabolism - Homo sapiens (human),1.255993e-08,11
ABC transporters in lipid homeostasis,1.2547082e-08,6
Prednisolone Action Pathway,1.2545355e-08,1
VEGF and VEGFR signaling network,1.2545048e-08,6
Lysosphingolipid and LPA receptors,1.2541365e-08,9
estrogen responsive protein efp controls cell cycle and breast tumors growth,1.2522698e-08,7
Biosynthesis of maresin-like SPMs,1.2519654e-08,4
BDNF activates NTRK2 (TRKB) signaling,1.251685e-08,2
agrin in postsynaptic differentiation,1.2515352e-08,28
FCGR3A-mediated phagocytosis,1.25080755e-08,34
IRAK2 mediated activation of TAK1 complex upon TLR7/8 or 9 stimulation,1.2498688e-08,4
Role of LAT2/NTAL/LAB on calcium mobilization,1.2498533e-08,9
Signaling by VEGF,1.2486487e-08,59
Beta1 integrin cell surface interactions,1.2474045e-08,41
Benazepril Metabolism Pathway,1.24607435e-08,1
PPAR-alpha pathway,1.2460651e-08,11
Organic cation/anion/zwitterion transport,1.2457344e-08,7
Costimulation by the CD28 family,1.2451553e-08,48
Transport of small molecules,1.2448945e-08,338
Prednisolone Metabolism Pathway,1.2448613e-08,1
toll-like receptor pathway,1.2447698e-08,23
regulation of eif2,1.24476e-08,4
Glycosphingolipid biosynthesis - lacto and neolacto series - Homo sapiens (human),1.2445588e-08,13
Salsalate Action Pathway,1.2444876e-08,14
Class I MHC mediated antigen processing & presentation,1.2437193e-08,156
Phosphate bond hydrolysis by NTPDase proteins,1.2430828e-08,3
16p11.2 proximal deletion syndrome,1.2416215e-08,32
mTORC1-mediated signalling,1.2409136e-08,7
N-Glycan antennae elongation,1.2405659e-08,11
Methionine Adenosyltransferase Deficiency,1.239483e-08,12
Signaling by NOTCH1 HD Domain Mutants in Cancer,1.2394821e-08,9
Multifunctional anion exchangers,1.2391806e-08,8
TP53 Regulates Transcription of Cell Cycle Genes,1.2390699e-08,21
biotin-carboxyl carrier protein assembly,1.2388474e-08,2
FBXL10 enhancement of MAP-ERK signaling in diffuse large B-cell lymphoma,1.2385405e-08,10
Ebola Virus Pathway on Host,1.2381063e-08,83
Photodynamic therapy-induced HIF-1 survival signaling,1.2379968e-08,21
Serotonin clearance from the synaptic cleft,1.2371727e-08,1
EPH-ephrin mediated repulsion of cells,1.2364099e-08,8
carm1 and regulation of the estrogen receptor,1.236376e-08,9
Removal of aminoterminal propeptides from gamma-carboxylated proteins,1.2359735e-08,5
GPCR downstream signalling,1.2355535e-08,357
Effects of Botulinum toxin,1.23545405e-08,6
Intracellular Signalling Through Prostacyclin Receptor and Prostacyclin,1.23521415e-08,6
adenosine ribonucleotides <i>de novo</i> biosynthesis,1.2351912e-08,9
Peroxisome - Homo sapiens (human),1.2348957e-08,34
thyronamine and iodothyronamine metabolism,1.23461845e-08,3
Urea cycle,1.2340998e-08,3
Hartnup Disorder,1.2335314e-08,20
Classical pathway of steroidogenesis with glucocorticoid and mineralocorticoid metabolism,1.2329317e-08,6
TGF-beta receptor signaling in skeletal dysplasias,1.2322687e-08,34
Eukaryotic Translation Termination,1.2316407e-08,27
Nonsense Mediated Decay (NMD) enhanced by the Exon Junction Complex (EJC),1.231526e-08,32
Metabolism of vitamins and cofactors,1.23150405e-08,105
Dimethyl-branched-chain fatty acid mitochondrial beta-oxidation,1.23146435e-08,6
Erythropoietin activates STAT5,1.2314538e-08,5
Prostaglandin formation from dihomo gama-linoleic acid,1.230948e-08,9
Clomipramine Metabolism Pathway,1.2296248e-08,2
antisense pathway,1.2284034e-08,2
il22 soluble receptor signaling pathway,1.2278062e-08,10
Desipramine Action Pathway,1.2267011e-08,15
Bile acids synthesis and enterohepatic circulation,1.2265495e-08,6
VEGFR2 mediated vascular permeability,1.2258672e-08,13
T-cell receptor (TCR) signaling pathway,1.2248924e-08,69
Beta3 integrin cell surface interactions,1.2238467e-08,29
JAK STAT pathway and regulation,1.2235999e-08,179
Xenobiotics metabolism,1.2235846e-08,33
p53 pathway,1.2228634e-08,30
Taurine and hypotaurine metabolism - Homo sapiens (human),1.2226468e-08,7
Inhibition of the proteolytic activity of APC/C required for the onset of anaphase by mitotic spindle checkpoint components,1.2224483e-08,9
Activation and oligomerization of BAK protein,1.2215876e-08,1
PAR1-mediated thrombin signaling events,1.2214034e-08,26
insulin Mam,1.2211594e-08,38
Chromatin organization,1.2207648e-08,109
RHO GTPases activate KTN1,1.22037935e-08,7
AKT phosphorylates targets in the nucleus,1.2183529e-08,6
Nef mediated downregulation of CD28 cell surface expression,1.21812604e-08,1
Transcriptional misregulation in cancer - Homo sapiens (human),1.2176084e-08,102
Zoledronate Action Pathway,1.2170253e-08,10
RNA Polymerase III Chain Elongation,1.2167001e-08,6
Methadone Action Pathway,1.2163527e-08,19
Synthesis of PIPs at the late endosome membrane,1.2161336e-08,6
Glutamate Neurotransmitter Release Cycle,1.215901e-08,15
SARS-CoV-1 Genome Replication and Transcription,1.2157105e-08,3
Phenylacetate Metabolism,1.2150443e-08,1
SARS-CoV Infections,1.21446e-08,53
Transport and synthesis of PAPS,1.2133438e-08,4
Mitochondrial iron-sulfur cluster biogenesis,1.2130526e-08,5
Interleukin-9 signaling,1.2121172e-08,7
histamine degradation,1.2114384e-08,2
Serotonin receptors,1.2107021e-08,8
phospholipids as signalling intermediaries,1.2105583e-08,18
JNK signaling in the CD4+ TCR pathway,1.2094496e-08,11
Regulation of Ras family activation,1.20914425e-08,19
Vitamin D Receptor Pathway,1.20910695e-08,106
tpo signaling pathway,1.2084929e-08,16
Thyroid hormones production and their peripheral downstream signaling effects,1.2077701e-08,42
Retinoid metabolism and transport,1.2077027e-08,27
TLR NFkB,1.2073867e-08,35
Assembly Of The HIV Virion,1.2070255e-08,7
Hypophosphatasia,1.20675985e-08,2
GABA B receptor activation,1.2064222e-08,26
Cyclin A:Cdk2-associated events at S phase entry,1.2061431e-08,11
pertussis toxin-insensitive ccr5 signaling in macrophage,1.205837e-08,7
Signaling by Rho GTPases,1.2058221e-08,338
Recognition of DNA damage by PCNA-containing replication complex,1.20568675e-08,12
Fanconi Anemia Pathway,1.2043152e-08,15
PTK6 Regulates Cell Cycle,1.2033389e-08,3
Transmission across Electrical Synapses ,1.2032708e-08,1
Role of phospholipids in phagocytosis,1.2026641e-08,17
Prednisone Action Pathway,1.2015345e-08,1
Tyrosine Metabolism,1.2009201e-08,10
nfkb activation by nontypeable hemophilus influenzae,1.2000483e-08,17
mRNA Editing: A to I Conversion,1.1986679e-08,1
Melanoma,1.1982243e-08,41
pyrimidine deoxyribonucleosides degradation,1.1975533e-08,3
superpathway of tryptophan utilization,1.1974749e-08,19
PECAM1 interactions,1.1963885e-08,11
Temocapril Action Pathway,1.1962641e-08,3
TGF-B Signaling in Thyroid Cells for Epithelial-Mesenchymal Transition,1.19609185e-08,9
Pyruvate Decarboxylase E1 Component Deficiency (PDHE1 Deficiency),1.195564e-08,10
Cell Differentiation - Index,1.194835e-08,7
Amino Acid conjugation,1.1941653e-08,2
sumoylation as a mechanism to modulate ctbp-dependent gene responses,1.1936274e-08,4
mRNA Editing,1.1934647e-08,2
DroToll-like,1.1931434e-08,29
molybdenum cofactor biosynthesis,1.1928278e-08,2
GLUT-1 deficiency syndrome,1.1927066e-08,4
"superpathway of D-<i>myo</i>-inositol (1,4,5)-trisphosphate metabolism",1.1926148e-08,11
Control of immune tolerance by vasoactive intestinal peptide,1.1922514e-08,11
Isobutyryl-coa dehydrogenase deficiency,1.1920505e-08,18
SOS-mediated signalling,1.1919895e-08,5
Scavenging by Class B Receptors,1.1903529e-08,5
N-cadherin signaling events,1.1896209e-08,23
Transmission across Chemical Synapses,1.1893726e-08,151
InlA-mediated entry of Listeria monocytogenes into host cells,1.18928885e-08,3
RUNX1 regulates expression of components of tight junctions,1.18885595e-08,3
Activation of Matrix Metalloproteinases,1.1876609e-08,13
Ammonia Recycling,1.1868883e-08,6
control of skeletal myogenesis by hdac and calcium/calmodulin-dependent kinase (camk),1.1864607e-08,6
Intestinal immune network for IgA production - Homo sapiens (human),1.1860887e-08,37
Ultraconserved region 339 modulation of tumor suppressor microRNAs in cancer,1.1846649e-08,1
Fc gamma R-mediated phagocytosis - Homo sapiens (human),1.18371615e-08,63
il 3 signaling pathway,1.1834754e-08,9
DNA-PK pathway in nonhomologous end joining,1.181187e-08,4
CXCR3-mediated signaling events,1.17949e-08,23
Interleukin-23 signaling,1.179151e-08,7
Isradipine Action Pathway,1.178942e-08,41
Protein digestion and absorption - Homo sapiens (human),1.1781967e-08,62
g-secretase mediated erbb4 signaling pathway,1.1774268e-08,6
Phytanic acid peroxisomal oxidation,1.1762781e-08,7
trans-Golgi Network Vesicle Budding,1.1760735e-08,37
EGR2 and SOX10-mediated initiation of Schwann cell myelination,1.1749552e-08,16
ErbB signaling pathway - Homo sapiens (human),1.17495e-08,51
Esmolol Action Pathway,1.174391e-08,41
Phenindione Action Pathway,1.1732732e-08,14
formaldehyde oxidation,1.1723328e-08,1
west nile virus,1.1723283e-08,2
Cannabinoid receptor signaling,1.1722757e-08,10
Scavenging by Class H Receptors,1.1708144e-08,4
PD-1 signaling,1.1689177e-08,19
Mitochondrial LC-Fatty Acid Beta-Oxidation,1.1676615e-08,6
Circadian Clock,1.167106e-08,19
RHO GTPases activate CIT,1.1670715e-08,11
ion channels and their functional role in vascular endothelium,1.1667403e-08,31
AICA-Ribosiduria,1.1666e-08,20
Carboxyterminal post-translational modifications of tubulin,1.16543974e-08,15
TGF_beta_Receptor,1.1647687e-08,91
Axonal growth stimulation,1.164706e-08,2
Negative regulation of FGFR2 signaling,1.16345245e-08,24
Diseases of programmed cell death,1.1633181e-08,7
estradiol biosynthesis I,1.1620996e-08,4
Sema4D induced cell migration and growth-cone collapse,1.1619295e-08,13
HIF-2-alpha transcription factor network,1.1615066e-08,20
Histidine metabolism,1.1606026e-08,23
ncRNAs involved in STAT3 signaling in hepatocellular carcinoma,1.1604701e-08,12
RUNX3 regulates p14-ARF,1.16041905e-08,6
"1D-<i>myo</i>-inositol hexakisphosphate biosynthesis V (from Ins(1,3,4)P3)",1.1603529e-08,3
glutathione redox reactions I,1.160308e-08,5
Biotinidase Deficiency,1.1598674e-08,1
Ghrelin,1.1595649e-08,25
D-glucuronate degradation,1.1590807e-08,1
transcription regulation by methyltransferase of carm1,1.1587529e-08,8
Signaling by EGFR,1.1581893e-08,31
Signaling by Insulin receptor,1.15795045e-08,43
Metabolism of carbohydrates,1.1576221e-08,136
Resolution of AP sites via the multiple-nucleotide patch replacement pathway,1.1572647e-08,9
Heparin Action Pathway,1.1569411e-08,14
Fenoprofen Action Pathway,1.1568065e-08,14
Glyoxylate and dicarboxylate metabolism - Homo sapiens (human),1.15666925e-08,13
TLR3-mediated TICAM1-dependent programmed cell death,1.1562037e-08,3
Herpes simplex virus 1 infection - Homo sapiens (human),1.1560262e-08,169
mRNA Capping,1.1553892e-08,12
Metabolism of water-soluble vitamins and cofactors,1.1551284e-08,68
Synthesis of Ketone Bodies,1.1545456e-08,3
Downstream signaling of activated FGFR1,1.1529092e-08,21
Fructose and mannose metabolism - Homo sapiens (human),1.1526701e-08,13
LRR FLII-interacting protein 1 (LRRFIP1) activates type I IFN production,1.15141665e-08,2
RORA activates gene expression,1.1514137e-08,1
Signaling by PTK6,1.1509954e-08,33
Negative regulators of DDX58/IFIH1 signaling,1.1509151e-08,12
methionine degradation,1.1507217e-08,3
RXR and RAR heterodimerization with other nuclear receptor,1.1495091e-08,17
Formation of annular gap junctions,1.148806e-08,4
mets affect on macrophage differentiation,1.1485401e-08,10
tRNA Aminoacylation,1.14834116e-08,15
Rofecoxib Action Pathway,1.1477991e-08,14
ERK/MAPK targets,1.1476988e-08,14
Omega-3 fatty acid metabolism,1.1476233e-08,7
GDP-L-fucose biosynthesis I (from GDP-D-mannose),1.1469258e-08,2
TGF-Core,1.1458577e-08,19
STING mediated induction of host immune responses,1.1456052e-08,2
Flecainide Action Pathway,1.1450786e-08,41
epoxysqualene biosynthesis,1.145051e-08,1
Regulation of CDC42 activity,1.1442765e-08,16
Collecting duct acid secretion - Homo sapiens (human),1.1441387e-08,10
Asthma - Homo sapiens (human),1.1435476e-08,23
Fosinopril Metabolism Pathway,1.1433222e-08,1
COX reactions,1.14266e-08,1
GPCR signaling-pertussis toxin,1.1418454e-08,155
Cilium Assembly,1.1410856e-08,80
HCN channels,1.1410311e-08,2
"GPCRs, Class C Metabotropic glutamate, pheromone",1.13984235e-08,12
Cardiac muscle contraction - Homo sapiens (human),1.1388479e-08,31
Negative regulation of NMDA receptor-mediated neuronal transmission,1.1383314e-08,14
Digestion of dietary lipid,1.13742615e-08,2
Irbesartan Action Pathway,1.13630225e-08,3
chondroitin sulfate biosynthesis (late stages),1.1352621e-08,10
CDK-mediated phosphorylation and removal of Cdc6,1.1343358e-08,12
Mineralocorticoid biosynthesis,1.1342193e-08,2
Fatty Acid Biosynthesis,1.133323e-08,8
Cytosolic iron-sulfur cluster assembly,1.1330968e-08,1
Purine salvage,1.132709e-08,5
Amino acids regulate mTORC1,1.1321368e-08,10
the co-stimulatory signal during t-cell activation,1.13180105e-08,17
Amoebiasis - Homo sapiens (human),1.1306991e-08,59
akap95 role in mitosis and chromosome dynamics,1.1296637e-08,6
Hypertrophic cardiomyopathy - Homo sapiens (human),1.1289806e-08,46
Pre-NOTCH Expression and Processing,1.12842535e-08,40
Invadopodia formation,1.1278529e-08,4
Lysosome - Homo sapiens (human),1.1269199e-08,52
Basal cell carcinoma - Homo sapiens (human),1.1256406e-08,39
African trypanosomiasis - Homo sapiens (human),1.1254073e-08,23
RHO GTPases activate IQGAPs,1.124878e-08,9
The role of Nef in HIV-1 replication and disease pathogenesis,1.1236388e-08,17
UDP-<i>N</i>-acetyl-D-galactosamine biosynthesis II,1.1231375e-08,4
Hydroxycarboxylic acid-binding receptors,1.1216585e-08,2
Dihydromorphine Action Pathway,1.1215683e-08,15
Regulation of innate immune responses to cytosolic DNA,1.1213984e-08,6
Regulation of signaling by CBL,1.1210316e-08,14
Interleukin-36 pathway,1.1205808e-08,6
Alzheimer disease - Homo sapiens (human),1.1205094e-08,161
Congenital Erythropoietic Porphyria (CEP) or Gunther Disease,1.1196495e-08,6
Establishment of Sister Chromatid Cohesion,1.119019e-08,2
3-Hydroxy-3-Methylglutaryl-CoA Lyase Deficiency,1.1186236e-08,18
Nucleosome assembly,1.1181622e-08,10
STAT5 activation downstream of FLT3 ITD mutants,1.1180133e-08,7
Adenylate cyclase inhibitory pathway,1.1178413e-08,11
Photodynamic therapy-induced unfolded protein response,1.1177729e-08,14
rRNA processing in the nucleus and cytosol,1.1177598e-08,14
Hh mutants abrogate ligand secretion,1.1174831e-08,5
IL2,1.1172874e-08,54
Thyroxine biosynthesis,1.1169376e-08,5
beta-Alanine metabolism - Homo sapiens (human),1.1161188e-08,17
Galactose metabolism,1.11572795e-08,27
DNA Damage Bypass,1.115681e-08,17
Opioid Signalling,1.1156212e-08,54
Interleukin-7 signaling,1.1150673e-08,12
Chemokine receptors bind chemokines,1.11501794e-08,46
alpha-synuclein and parkin-mediated proteolysis in parkinson`s disease,1.114915e-08,2
Gastric Acid Production,1.1148295e-08,6
Thyroxine (Thyroid Hormone) Production,1.1147869e-08,3
BH3-only proteins associate with and inactivate anti-apoptotic BCL-2 members,1.11430865e-08,3
Cell Cycle Checkpoints,1.1136762e-08,100
Regucalcin in proximal tubule epithelial kidney cells,1.1132389e-08,9
Deubiquitination,1.1127073e-08,112
GABAergic synapse - Homo sapiens (human),1.1120449e-08,58
Sufentanil Action Pathway,1.1112908e-08,15
Translocation of ZAP-70 to Immunological synapse,1.1109523e-08,16
4-aminobutyrate degradation,1.1109035e-08,2
retinol biosynthesis,1.1108964e-08,7
ErbB1 downstream signaling,1.1107191e-08,57
3-Methylthiofentanyl Action Pathway,1.110393e-08,15
oleate biosynthesis,1.1099598e-08,1
MicroRNA (miRNA) biogenesis,1.1087188e-08,4
Class IB PI3K non-lipid kinase events,1.1086515e-08,5
B cell receptor signaling pathway - Homo sapiens (human),1.1085578e-08,54
JAK-STAT signaling pathway - Homo sapiens (human),1.1082432e-08,101
Pathways Regulating Hippo Signaling,1.1075316e-08,66
Alcoholism - Homo sapiens (human),1.10636185e-08,73
IL-23 signaling,1.1061975e-08,6
cAMP signaling pathway - Homo sapiens (human),1.105133e-08,141
Hippo signaling pathway - multiple species - Homo sapiens (human),1.1042161e-08,17
DAP12 interactions,1.1037835e-08,26
Selenoamino Acid Metabolism,1.1024289e-08,7
Lipid particle organization,1.1010524e-08,4
Primary focal segmental glomerulosclerosis (FSGS),1.1006275e-08,43
Other types of O-glycan biosynthesis - Homo sapiens (human),1.1004516e-08,31
eukaryotic protein translation,1.1004439e-08,3
Mitotic Metaphase/Anaphase Transition,1.0999827e-08,2
cycling of ran in nucleocytoplasmic transport,1.0995199e-08,2
FSH,1.0985824e-08,5
Myogenesis,1.0985303e-08,19
Fragile X Syndrome,1.0971427e-08,71
RUNX1 regulates transcription of genes involved in differentiation of myeloid cells,1.0967021e-08,4
LIF signaling,1.0950508e-08,7
Glutamate Metabolism,1.0949433e-08,14
Regulation of Wnt-B-catenin Signaling by Small Molecule Compounds,1.0947479e-08,11
activated TAK1 mediates p38 MAPK activation,1.0928781e-08,17
Inhibition  of voltage gated Ca2+ channels via Gbeta/gamma subunits,1.09249045e-08,15
Leishmaniasis - Homo sapiens (human),1.0910281e-08,58
Vasopressin-like receptors,1.0908056e-08,2
induction of apoptosis through dr3 and dr4/5 death receptors,1.09032126e-08,11
Phase 0 - rapid depolarisation,1.089539e-08,14
Degradation of AXIN,1.0894803e-08,5
β-alanine degradation,1.089369e-08,1
cell to cell adhesion signaling,1.0892613e-08,6
Diseases of signal transduction by growth factor receptors and second messengers,1.089104e-08,174
thio-molybdenum cofactor biosynthesis,1.0889918e-08,1
Integrated Cancer Pathway,1.088893e-08,5
TNF signaling,1.0879463e-08,16
Linoleate metabolism,1.0865609e-08,44
Cholesterol Biosynthesis with Skeletal Dysplasias,1.0861877e-08,4
Synthesis of DNA,1.0850524e-08,30
"GPCRs, Class B Secretin-like",1.0845017e-08,14
HIV Transcription Initiation,1.084408e-08,20
Vinorelbine Action Pathway,1.083461e-08,7
NRAGE signals death through JNK,1.0833624e-08,30
Axon guidance,1.0830345e-08,228
Gamma-carboxylation of protein precursors,1.0829751e-08,4
putrescine degradation III,1.0819551e-08,3
rb tumor suppressor/checkpoint signaling in response to dna damage,1.0817791e-08,5
The role of GTSE1 in G2/M progression after G2 checkpoint,1.0806232e-08,5
Amphetamine addiction - Homo sapiens (human),1.07886535e-08,39
transcription factor creb and its extracellular signals,1.0784595e-08,17
rho-selective guanine exchange factor akap13 mediates stress fiber formation,1.078357e-08,7
RET signaling,1.07818e-08,21
GTP hydrolysis and joining of the 60S ribosomal subunit,1.0776905e-08,32
"Alzheimer,s disease",1.07753415e-08,53
RA biosynthesis pathway,1.0765552e-08,10
Syndecan interactions,1.0758953e-08,15
Role of ABL in ROBO-SLIT signaling,1.075697e-08,7
FGFR2c ligand binding and activation,1.0749332e-08,10
Aromatic L-Aminoacid Decarboxylase Deficiency,1.0744076e-08,4
Notch signaling pathway,1.07327125e-08,29
TCA Cycle (aka Krebs or citric acid cycle),1.0719555e-08,9
Chk1/Chk2(Cds1) mediated inactivation of Cyclin B:Cdk1 complex,1.0713633e-08,5
Carnitine synthesis,1.07096465e-08,1
Nef Mediated CD8 Down-regulation,1.0706572e-08,1
superpathway of conversion of glucose to acetyl CoA and entry into the TCA cycle,1.0706042e-08,20
Steroids metabolism,1.0699857e-08,9
overview of telomerase rna component gene hterc transcriptional regulation,1.069087e-08,2
Doxorubicin Metabolism Pathway,1.0686335e-08,8
Catalytic cycle of mammalian Flavin-containing MonoOxygenases (FMOs),1.0679525e-08,4
Metabolic reprogramming in colon cancer,1.0666982e-08,18
Nucleotide excision repair - Homo sapiens (human),1.0665321e-08,17
Disorders of Folate Metabolism and Transport,1.06534594e-08,1
Regulation of RUNX1 Expression and Activity,1.0649645e-08,13
bcr signaling pathway,1.0644104e-08,19
Protein folding,1.062048e-08,38
Photodynamic therapy-induced NFE2L2 (NRF2) survival signaling,1.0616728e-08,15
Leukocyte transendothelial migration - Homo sapiens (human),1.0613364e-08,71
Defective factor XII causes hereditary angioedema,1.0608485e-08,2
IL-4 signaling pathway,1.06074145e-08,35
nicotine degradation IV,1.0605649e-08,10
Formation of apoptosome,1.0602856e-08,5
RUNX2 regulates chondrocyte maturation,1.0593818e-08,3
Methotrexate Action Pathway,1.0579974e-08,7
4-hydroxyproline degradation,1.0578706e-08,2
insulin,1.0576672e-08,38
Lepirudin Action Pathway,1.0567417e-08,14
Fatty Acid Elongation In Mitochondria,1.05658895e-08,3
Pre-NOTCH Processing in Golgi,1.056519e-08,8
Antigen processing and presentation - Homo sapiens (human),1.0551011e-08,42
Cilazapril Metabolism Pathway,1.0536369e-08,1
Leukotriene C4 Synthesis Deficiency,1.0536129e-08,14
Signaling by TGFB family members,1.0528906e-08,41
Adenylosuccinate Lyase Deficiency,1.0526678e-08,20
Inhibition of PKR,1.0523715e-08,1
Cell adhesion molecules - Homo sapiens (human),1.0521438e-08,103
Spirapril Action Pathway,1.052093e-08,3
Erythropoietin activates Phospholipase C gamma (PLCG),1.0516628e-08,5
Vitamin A and carotenoid metabolism,1.05154445e-08,22
p38 MAPK Signaling Pathway,1.05107e-08,22
Wnt-beta-catenin signaling pathway in leukemia,1.05083195e-08,17
Angiopoietin Like Protein 8 Regulatory Pathway,1.0500639e-08,66
Synthesis of PIPs in the nucleus,1.0487694e-08,2
Phospholipase C-mediated cascade; FGFR4,1.04823625e-08,11
Fat digestion and absorption - Homo sapiens (human),1.0460766e-08,16
Endocytosis - Homo sapiens (human),1.0456295e-08,131
FOXA2 pathway,1.04441344e-08,8
Microbial modulation of RIPK1-mediated regulated necrosis,1.0419535e-08,3
Mitochondrial Beta-Oxidation of Medium Chain Saturated Fatty Acids,1.0402645e-08,4
Streptokinase Action Pathway,1.0401715e-08,14
glycogenolysis,1.0399717e-08,5
GPVI-mediated activation cascade,1.0398213e-08,26
Moexipril Metabolism Pathway,1.0378304e-08,1
Retinoblastoma gene in cancer,1.0361158e-08,37
"mRNA decay by 5, to 3, exoribonuclease",1.0349698e-08,5
IL-6 signaling pathway,1.0346961e-08,30
Valproic Acid Metabolism Pathway,1.0335869e-08,5
Fanconi anemia pathway - Homo sapiens (human),1.0323806e-08,19
16p11.2 distal deletion syndrome,1.0322346e-08,22
"Chondrodysplasia Punctata II, X Linked Dominant (CDPX2)",1.0322242e-08,10
"SMAC, XIAP-regulated apoptotic response",1.0321267e-08,1
ACE Inhibitor Pathway,1.0310311e-08,9
tRNA charging,1.0303656e-08,13
p38 MAPK signaling pathway,1.02990025e-08,20
Regulation of PAK-2p34 activity by PS-GAP/RHG10,1.0292824e-08,2
Nongenotropic Androgen signaling,1.029279e-08,23
Arachidonic acid metabolism,1.0286021e-08,57
Mitochondrial fatty acid synthesis pathway,1.0277739e-08,3
Teniposide Action Pathway,1.0267474e-08,2
TNF receptor signaling pathway ,1.02581525e-08,24
Netrin-1 signaling,1.0253291e-08,34
GPCR signaling-G alpha i,1.0250845e-08,155
Arf6 trafficking events,1.0238926e-08,25
MyD88 dependent cascade initiated on endosome,1.0236841e-08,51
Downstream signaling of activated FGFR4,1.0227356e-08,19
FGFR3c ligand binding and activation,1.0226323e-08,10
Prostanoid ligand receptors,1.0207991e-08,5
"POU5F1 (OCT4), SOX2, NANOG activate genes related to proliferation",1.02052224e-08,7
N-Glycan biosynthesis,1.0191833e-08,19
phosphatidylethanolamine biosynthesis II,1.0190838e-08,3
PKMTs methylate histone lysines,1.0188703e-08,32
Pathogenic Escherichia coli infection - Homo sapiens (human),1.0167027e-08,110
Chagas disease - Homo sapiens (human),1.0159596e-08,68
Stabilization of p53,1.0158127e-08,5
CD28 dependent PI3K/Akt signaling,1.0150469e-08,12
Mitotic Prophase,1.0133987e-08,54
Regulation of PLK1 Activity at G2/M Transition,1.01304805e-08,33
antigen processing and presentation,1.0128356e-08,9
SHP2 signaling,1.012594e-08,46
"Relationship between inflammation, COX-2 and EGFR",1.0124037e-08,17
Oligomerization of connexins into connexons,1.0116007e-08,2
Rosuvastatin Action Pathway,1.0112532e-08,10
Cellular Proteostasis,1.0112382e-08,2
Negative regulation of FGFR3 signaling,1.0104888e-08,22
RNA Polymerase II Transcription,1.0104082e-08,527
p38 signaling mediated by MAPKAP kinases,1.0088792e-08,15
Corticotropin Activation of Cortisol Production,1.0081794e-08,5
PLK1 signaling events,1.0075947e-08,19
MicroRNAs in cardiomyocyte hypertrophy,1.00582564e-08,57
S1P2 pathway,1.0056803e-08,19
DNA replication - Homo sapiens (human),1.004343e-08,12
Lysosomal oligosaccharide catabolism,1.00300594e-08,1
2-oxoglutarate decarboxylation to succinyl-CoA,1.0029257e-08,2
Heme degradation,1.00211075e-08,12
5-aminoimidazole ribonucleotide biosynthesis,1.0002663e-08,1
proteasome complex,9.991548e-09,10
Globo Sphingolipid Metabolism,9.990959e-09,14
Hair Follicle Development- Cytodifferentiation - Part 3 of 3,9.987501e-09,1
Biosynthesis of DHA-derived SPMs,9.979882e-09,9
Prolonged ERK activation events,9.979607e-09,11
Glycine N-methyltransferase Deficiency,9.974442e-09,12
Glycogen synthetase deficiency,9.972566e-09,10
Biosynthesis of unsaturated fatty acids - Homo sapiens (human),9.968721e-09,11
Downregulation of ERBB2:ERBB3 signaling,9.965599e-09,8
Other glycan degradation - Homo sapiens (human),9.961788e-09,8
IL-1 NFkB,9.960118e-09,31
Proximal tubule bicarbonate reclamation - Homo sapiens (human),9.951723e-09,13
Disassembly of the destruction complex and recruitment of AXIN to the membrane,9.943337e-09,17
Central carbon metabolism in cancer - Homo sapiens (human),9.940453e-09,38
basic mechanism of action of ppara pparb(d) and pparg and effects on gene expression,9.935588e-09,5
il-2 receptor beta chain in t cell activation,9.935285e-09,30
SLBP Dependent Processing of Replication-Dependent Histone Pre-mRNAs,9.934888e-09,1
lissencephaly gene (lis1) in neuronal migration and development,9.93478e-09,10
Beta-oxidation of pristanoyl-CoA,9.931595e-09,5
Influenza A virus infection,9.928829e-09,1
Signaling by FLT3 ITD and TKD mutants,9.924477e-09,10
Wnt signaling pathway and pluripotency,9.919237e-09,67
Cholinergic synapse - Homo sapiens (human),9.907998e-09,70
Lidocaine metabolism,9.907804e-09,2
APOBEC3G mediated resistance to HIV-1 infection,9.897896e-09,1
Homologous DNA Pairing and Strand Exchange,9.896963e-09,20
Nizatidine Action Pathway,9.895093e-09,6
Polythiazide Action Pathway,9.894489e-09,20
Short Chain Acyl CoA Dehydrogenase Deficiency (SCAD Deficiency),9.893714e-09,7
Regulation of p38-alpha and p38-beta,9.8865485e-09,22
IL-2 signaling pathway,9.873915e-09,31
Cellular response to heat stress,9.871579e-09,39
ARL13B-mediated ciliary trafficking of INPP5E,9.864034e-09,2
Primary Hyperoxaluria Type I,9.85527e-09,1
Human papillomavirus infection - Homo sapiens (human),9.851087e-09,179
Molybdenum Cofactor Deficiency,9.821731e-09,20
APC/C:Cdc20 mediated degradation of Securin,9.818741e-09,9
Bile secretion - Homo sapiens (human),9.809215e-09,61
FLT3 signaling in disease,9.806968e-09,14
Tirofiban Action Pathway,9.805108e-09,1
Global Genome Nucleotide Excision Repair (GG-NER),9.8011705e-09,29
TWIK related potassium channel (TREK),9.799006e-09,2
a4b7 Integrin signaling,9.797445e-09,5
Calcium Regulation in the Cardiac Cell,9.783678e-09,94
Acyl chain remodelling of PC,9.779416e-09,13
Regulation of RAC1 activity,9.77915e-09,27
"NAD metabolism, sirtuins and aging",9.7724335e-09,9
fatty acid β-oxidation,9.76879e-09,8
Peptide ligand-binding receptors,9.758958e-09,124
Hippo-Merlin Signaling Dysregulation,9.7565e-09,75
Signaling by Hedgehog,9.756205e-09,50
Mitochondrial protein import,9.748657e-09,20
ifn alpha signaling pathway,9.747501e-09,7
Primary bile acid biosynthesis - Homo sapiens (human),9.739791e-09,6
CaMK IV-mediated phosphorylation of CREB,9.738557e-09,8
Transferrin endocytosis and recycling,9.735849e-09,10
Nuclear Pore Complex (NPC) Disassembly,9.735498e-09,13
3-Phosphoglycerate dehydrogenase deficiency,9.726136e-09,12
NO-cGMP-PKG mediated Neuroprotection,9.725181e-09,31
Glycosaminoglycan biosynthesis - chondroitin sulfate / dermatan sulfate - Homo sapiens (human),9.723213e-09,13
Congenital Bile Acid Synthesis Defect Type II,9.715226e-09,6
Caspase activation via Dependence Receptors in the absence of ligand,9.7152e-09,4
mitochondrial fatty acid beta-oxidation of saturated fatty acids,9.712581e-09,4
Overview of interferons-mediated signaling pathway,9.7091455e-09,20
Miro GTPase Cycle,9.707332e-09,4
Presynaptic phase of homologous DNA pairing and strand exchange,9.705833e-09,18
Tranexamic Acid Action Pathway,9.681635e-09,14
O-glycosylation of TSR domain-containing proteins,9.677608e-09,28
Fibroblast growth factor-1,9.672393e-09,38
Disopyramide Action Pathway,9.668147e-09,41
Activation of kainate receptors upon glutamate binding,9.664966e-09,15
ESC Pluripotency Pathways,9.6562305e-09,68
TGF-Ncore,9.652156e-09,25
p53-Independent DNA Damage Response,9.648305e-09,2
ethanol degradation II,9.645104e-09,3
Putative anti-Inflammatory metabolites formation from EPA,9.639364e-09,17
"Multiple carboxylase deficiency, neonatal or early onset form",9.614978e-09,1
tnfr2 signaling pathway,9.608579e-09,11
Maturation of nucleoprotein,9.6039035e-09,4
Small interfering RNA (siRNA) biogenesis,9.5993595e-09,4
Cleavage of the damaged pyrimidine ,9.594755e-09,16
Interleukin-1 processing,9.576374e-09,4
Apoptosis - Homo sapiens (human),9.57188e-09,65
RNA polymerase II transcribes snRNA genes,9.5704475e-09,26
Heme signaling,9.554282e-09,9
Celecoxib Action Pathway,9.540436e-09,17
urea cycle,9.540246e-09,2
Initiation of transcription and translation elongation at the HIV-1 LTR,9.52011e-09,16
Fluoxetine Metabolism Pathway,9.510379e-09,2
RNA Polymerase III Transcription Initiation From Type 2 Promoter,9.504792e-09,8
Cytochrome c-mediated apoptotic response,9.497148e-09,5
Ephrin A  reverse signaling,9.495719e-09,3
Cysteine Metabolism,9.491311e-09,3
Cimetidine Metabolism Pathway,9.48024e-09,1
Class I PI3K signaling events mediated by Akt,9.472531e-09,10
Passive transport by Aquaporins,9.464534e-09,6
PLK3 signaling events,9.436169e-09,3
ATM Signaling Network in Development and Disease,9.434787e-09,20
eicosapentaenoate biosynthesis,9.42839e-09,3
Histidine metabolism - Homo sapiens (human),9.42832e-09,10
M Phase,9.4213455e-09,142
FGFR3b ligand binding and activation,9.417961e-09,5
role of brca1 brca2 and atr in cancer susceptibility,9.417029e-09,8
Lidocaine (Local Anaesthetic) Action Pathway,9.410165e-09,17
AMPK inhibits chREBP transcriptional activation activity,9.410002e-09,6
Amyotrophic lateral sclerosis - Homo sapiens (human),9.409096e-09,143
Phenytoin (Antiarrhythmic) Action Pathway,9.408317e-09,54
2-Methyl-3-Hydroxybutryl CoA Dehydrogenase Deficiency,9.406989e-09,18
Glucocorticoid receptor regulatory network,9.40569e-09,52
Flurbiprofen Action Pathway,9.405082e-09,14
yaci and bcma stimulation of b cell immune responses,9.404129e-09,6
metabolism of anandamide an endogenous cannabinoid,9.399853e-09,4
Serotonin and anxiety-related events,9.399352e-09,9
Acebutolol Action Pathway,9.397136e-09,41
Interleukin-1 signaling,9.394679e-09,34
Negative regulation of activity of TFAP2 (AP-2) family transcription factors,9.394251e-09,8
NTF3 activates NTRK3 signaling,9.393459e-09,2
visual signal transduction,9.37458e-09,4
ApoE and miR-146 in inflammation and atherosclerosis,9.369269e-09,6
Glycine and Serine Metabolism,9.368243e-09,12
Cocaine addiction - Homo sapiens (human),9.3629176e-09,30
Osteopontin-mediated events,9.356608e-09,25
Inhibition of Signaling by Overexpressed EGFR,9.354904e-09,4
Proteoglycan syndecan-mediated signaling events,9.350332e-09,4
FCGR activation,9.348665e-09,5
Direct p53 effectors,9.34217e-09,74
atm signaling pathway,9.339914e-09,10
Nimodipine Action Pathway,9.337027e-09,41
Activation of BMF and translocation to mitochondria,9.3364125e-09,1
Signal amplification,9.330103e-09,16
Kit receptor signaling pathway,9.308906e-09,43
Propionyl-CoA catabolism,9.300399e-09,3
Mevalonic aciduria,9.288085e-09,10
Chemokine signaling pathway,9.279237e-09,110
NCAM1 interactions,9.277671e-09,22
"Nucleotide-binding domain, leucine rich repeat containing receptor (NLR) signaling pathways",9.271661e-09,30
Estrogen metabolism,9.268963e-09,12
Nonalcoholic fatty liver disease,9.2674375e-09,65
Pyrimidine nucleotides nucleosides metabolism,9.266909e-09,25
Uptake and function of diphtheria toxin,9.2661345e-09,1
Buprenorphine Action Pathway,9.258483e-09,15
Protein ubiquitination,9.257019e-09,35
Beta oxidation of lauroyl-CoA to decanoyl-CoA-CoA,9.237634e-09,2
Hepatitis B infection,9.219046e-09,86
Nitrogen metabolism - Homo sapiens (human),9.192746e-09,6
Nucleotide Sugars Metabolism,9.189648e-09,3
Nucleotide GPCRs,9.188454e-09,4
Aromatic amines can be N-hydroxylated or N-dealkylated by CYP1A2,9.1875965e-09,1
Pentose phosphate pathway - Homo sapiens (human),9.167434e-09,14
MAPK targets/ Nuclear events mediated by MAP kinases,9.154249e-09,21
Golgi Cisternae Pericentriolar Stack Reorganization,9.1510355e-09,8
glycolysis,9.135026e-09,6
Protein methylation,9.1345935e-09,7
Growth hormone receptor signaling,9.1247205e-09,15
Roxatidine acetate Action Pathway,9.085821e-09,6
ATF-2 transcription factor network,9.082719e-09,34
Non-integrin membrane-ECM interactions,9.079892e-09,31
NAD Biosynthesis II (from tryptophan),9.078084e-09,6
C20 prostanoid biosynthesis,9.074013e-09,4
Vitamin D in inflammatory diseases,9.069914e-09,16
Netrin mediated repulsion signals,9.048433e-09,7
Potential therapeutics for SARS,9.0476435e-09,39
Signaling mediated by p38-gamma and p38-delta,9.039229e-09,8
Signaling by ERBB2 KD Mutants,9.031574e-09,16
Signaling by PDGFR in disease,9.023527e-09,13
TRKA activation by NGF,9.008062e-09,1
Starch and sucrose metabolism - Homo sapiens (human),9.006329e-09,21
G2 Phase,8.999674e-09,3
Development of pulmonary dendritic cells and macrophage subsets,8.998986e-09,10
Metachromatic Leukodystrophy (MLD),8.995353e-09,14
Adrenal Hyperplasia Type 3 or Congenital Adrenal Hyperplasia due to 21-hydroxylase Deficiency,8.99037e-09,5
"Base-Excision Repair, AP Site Formation",8.986664e-09,16
MET activates STAT3,8.984767e-09,2
IL17 signaling pathway,8.971204e-09,22
CREB phosphorylation,8.970494e-09,5
Pathogenic Escherichia coli infection,8.960756e-09,25
signal transduction through il1r,8.954172e-09,23
Fanconi-bickel syndrome,8.946434e-09,4
Visual signal transduction: Rods,8.94411e-09,9
Colorectal cancer - Homo sapiens (human),8.9430685e-09,48
Urokinase Action Pathway,8.940921e-09,14
Signaling by NODAL,8.938543e-09,8
Regulation of Complement cascade,8.930325e-09,26
Pterine Biosynthesis,8.928983e-09,4
Bisoprolol Action Pathway,8.927122e-09,41
Sorafenib Metabolism Pathway,8.926354e-09,10
Activation of the AP-1 family of transcription factors,8.921148e-09,8
role of erk5 in neuronal survival pathway,8.917979e-09,15
Trastuzumab Action Pathway,8.909882e-09,1
DAP12 signaling,8.908336e-09,19
Cell recruitment (pro-inflammatory response),8.904505e-09,13
Visual phototransduction,8.893151e-09,52
S1P1 pathway,8.892929e-09,17
erk and pi-3 kinase are necessary for collagen binding in corneal epithelia,8.888959e-09,22
Ornithine Aminotransferase Deficiency (OAT Deficiency),8.887347e-09,9
Macrophage markers,8.883189e-09,9
PDE3B signalling,8.879596e-09,1
Pregnane X receptor pathway,8.875223e-09,23
chondroitin and dermatan biosynthesis,8.87116e-09,4
The alternative pathway of fetal androgen synthesis,8.87086e-09,3
Interleukin-1 family signaling,8.870066e-09,48
Aldosterone-regulated sodium reabsorption - Homo sapiens (human),8.869669e-09,23
internal ribosome entry pathway,8.862384e-09,9
Gout or Kelley-Seegmiller Syndrome,8.860193e-09,20
Adrenaline signalling through Alpha-2 adrenergic receptor,8.853178e-09,2
Glycolysis,8.841677e-09,31
Maturity onset diabetes of the young - Homo sapiens (human),8.837307e-09,14
Arf6 downstream pathway,8.8307255e-09,10
Rap1 signalling,8.825479e-09,10
regulation of spermatogenesis by crem,8.82286e-09,9
Calcitonin-like ligand receptors,8.817263e-09,7
Nucleobase catabolism,8.809874e-09,19
PIWI-interacting RNA (piRNA) biogenesis,8.807734e-09,3
Immunoregulatory interactions between a Lymphoid and a non-Lymphoid cell,8.795899e-09,78
Influenza Viral RNA Transcription and Replication,8.793205e-09,10
nsp1 from SARS-CoV-2 inhibits translation initiation in the host cell,8.79132e-09,5
glycine betaine degradation,8.775403e-09,2
CTLA4 inhibitory signaling,8.775356e-09,16
Signaling by activated point mutants of FGFR3,8.771944e-09,9
Signaling by Hippo,8.7626635e-09,8
Acetylcholine regulates insulin secretion,8.759216e-09,7
(S)-reticuline biosynthesis,8.753681e-09,1
Expression and Processing of Neurotrophins,8.749621e-09,3
cystic fibrosis transmembrane conductance regulator (cftr) and beta 2 adrenergic receptor (b2ar) pathway,8.748256e-09,15
exRNA mechanism of action and biogenesis,8.746386e-09,4
"Cell Cycle, Mitotic",8.744018e-09,203
Ubiquinol biosynthesis,8.743091e-09,3
"Signaling by Rho GTPases, Miro GTPases and RHOBTB3",8.742774e-09,346
"Gamma carboxylation, hypusine formation and arylsulfatase activation",8.738994e-09,15
Reproduction,8.736448e-09,30
Eicosanoid ligand-binding receptors,8.73173e-09,7
Piroxicam Action Pathway,8.72945e-09,14
Hepatitis C and Hepatocellular Carcinoma,8.72596e-09,31
Escitalopram Action Pathway,8.7221e-09,15
Temocapril Metabolism Pathway,8.716528e-09,1
Synthesis of PS,8.687322e-09,1
The oncogenic action of Fumarate,8.676629e-09,14
Transport of connexins along the secretory pathway,8.673594e-09,2
Transfer of LPS from LBP carrier to CD14,8.670439e-09,2
folate polyglutamylation,8.660045e-09,3
Eukaryotic Translation Initiation,8.651448e-09,34
Extracellular vesicle-mediated signaling in recipient cells,8.645907e-09,17
superpathway of geranylgeranyldiphosphate biosynthesis I (via mevalonate),8.645078e-09,5
Gaucher Disease,8.642855e-09,14
G beta:gamma signalling through CDC42,8.632511e-09,7
chondroitin sulfate biosynthesis,8.632385e-09,13
Glycolysis Gluconeogenesis,8.628598e-09,19
Ethanol metabolism resulting in production of ROS by CYP2E1,8.616255e-09,2
Hereditary Coproporphyria (HCP),8.604718e-09,6
AndrogenReceptor,8.592986e-09,70
G-protein activation,8.583049e-09,9
Autophagy - animal - Homo sapiens (human),8.578817e-09,74
superpathway of pyrimidine ribonucleotides <i>de novo</i> biosynthesis,8.575463e-09,2
Etoposide Metabolism Pathway,8.5723535e-09,11
Type I diabetes mellitus - Homo sapiens (human),8.569733e-09,37
trka receptor signaling pathway,8.566327e-09,7
Butyrate Metabolism,8.56353e-09,2
Acenocoumarol Action Pathway,8.562088e-09,14
Role of second messengers in netrin-1 signaling,8.558095e-09,3
chaperones modulate interferon signaling pathway,8.554196e-09,9
Signaling by NOTCH1 HD+PEST Domain Mutants in Cancer,8.551502e-09,32
Synaptic vesicle cycle - Homo sapiens (human),8.548172e-09,38
RAF/MAP kinase cascade,8.546799e-09,150
Beta oxidation of hexanoyl-CoA to butanoyl-CoA,8.544921e-09,2
COPI-mediated anterograde transport,8.539629e-09,35
Beta-catenin independent WNT signaling,8.536641e-09,52
Gastric Cancer Network 2,8.523047e-09,14
cGMP effects,8.514335e-09,10
Telomere C-strand synthesis initiation,8.5127585e-09,3
EPHA2 forward signaling,8.505039e-09,13
PI and PC transport between ER and Golgi membranes,8.502727e-09,1
WNT5A-dependent internalization of FZD4,8.488895e-09,6
Aryl Hydrocarbon Receptor Netpath,8.48755e-09,33
DNA damage response,8.485539e-09,26
SIRT1 negatively regulates rRNA expression,8.483052e-09,19
Beta oxidation of octanoyl-CoA to hexanoyl-CoA,8.479646e-09,2
gamma-aminobutyric acid receptor life cycle pathway,8.476201e-09,8
Complement and coagulation cascades - Homo sapiens (human),8.474999e-09,51
Deposition of new CENPA-containing nucleosomes at the centromere,8.463683e-09,10
Labetalol Action Pathway,8.461776e-09,42
Toxicity of botulinum toxin type E (botE),8.4610505e-09,3
FRS-mediated FGFR3 signaling,8.451714e-09,15
Folate Metabolism,8.448079e-09,50
Class C/3 (Metabotropic glutamate/pheromone receptors),8.44567e-09,13
Circadian rhythm - Homo sapiens (human),8.439668e-09,18
3-hydroxyisobutyric aciduria,8.432888e-09,18
IRF3 mediated activation of type 1 IFN,8.431778e-09,2
ABO blood group biosynthesis,8.430544e-09,3
Spinocerebellar ataxia - Homo sapiens (human),8.418734e-09,75
Kidney Function,8.413967e-09,20
MAP kinase cascade,8.4104705e-09,6
Acyl chain remodelling of PE,8.409553e-09,11
Pyrimidine metabolism - Homo sapiens (human),8.406241e-09,27
Platelet homeostasis,8.406099e-09,55
Wnt signaling network,8.392963e-09,18
NOD1/2 Signaling Pathway,8.383138e-09,23
Signaling by ERBB2 ECD mutants,8.381834e-09,10
aspirin-triggered lipoxin biosynthesis,8.379964e-09,2
Butanoate metabolism - Homo sapiens (human),8.378309e-09,9
Methionine Cysteine metabolism,8.36531e-09,13
N-glycan trimming and elongation in the cis-Golgi,8.364182e-09,3
G alpha (z) signalling events,8.362127e-09,24
Activation of BAD and translocation to mitochondria ,8.3536325e-09,6
Inactivation of CSF3 (G-CSF) signaling,8.343537e-09,14
RHO GTPases Activate Formins,8.34223e-09,57
Plasma lipoprotein remodeling,8.334547e-09,16
ADP signalling through P2Y purinoceptor 12,8.333839e-09,10
pdgf signaling pathway,8.330014e-09,16
Transport of Mature Transcript to Cytoplasm,8.326019e-09,22
Small cell lung cancer - Homo sapiens (human),8.3203435e-09,50
RNA Polymerase III Transcription Initiation From Type 1 Promoter,8.315299e-09,9
Apoptosis induced DNA fragmentation,8.3118685e-09,2
Histidine catabolism,8.31163e-09,3
Phospholipid Biosynthesis,8.299025e-09,13
Integrin-mediated Cell Adhesion,8.294236e-09,55
triacylglycerol degradation,8.292511e-09,7
Nef mediated downregulation of MHC class I complex cell surface expression,8.285712e-09,7
Cell Cycle,8.284938e-09,241
heme biosynthesis,8.284028e-09,2
Tyrosine hydroxylase deficiency,8.280933e-09,4
Signaling by FGFR1 in disease,8.279592e-09,28
Captopril Action Pathway,8.274511e-09,3
Ketorolac Action Pathway,8.272996e-09,14
Removal of the Flap Intermediate from the C-strand,8.261007e-09,5
GAB1 signalosome,8.257201e-09,11
Clopidogrel Action Pathway,8.256553e-09,6
Alpha-oxidation of phytanate,8.25149e-09,4
Hemostasis,8.248927e-09,341
Extension of Telomeres,8.245648e-09,18
Interleukin-18 signaling,8.24307e-09,3
MET activates PTK2 signaling,8.237137e-09,3
Validated transcriptional targets of AP1 family members Fra1 and Fra2,8.227525e-09,22
FCERI mediated NF-kB activation,8.227083e-09,13
Zellweger Syndrome,8.221473e-09,6
Activation of BH3-only proteins,8.218535e-09,14
Defective CFTR causes cystic fibrosis,8.205864e-09,6
VLDL clearance,8.1941725e-09,5
Fatty Acids bound to GPR40 (FFAR1) regulate insulin secretion,8.193754e-09,4
Retinol metabolism - Homo sapiens (human),8.192714e-09,42
Recognition and association of DNA glycosylase with site containing an affected pyrimidine,8.188666e-09,16
Dicumarol Action Pathway,8.179004e-09,14
integrin signaling pathway,8.167713e-09,20
Dicoumarol Action Pathway,8.167353e-09,14
Vitamin D Metabolism,8.164392e-09,7
Role of Calcineurin-dependent NFAT signaling in lymphocytes,8.164188e-09,28
amb2 Integrin signaling,8.159217e-09,22
Liver X receptor pathway,8.15859e-09,4
Regulation of IFNA signaling,8.155155e-09,13
O-linked glycosylation of mucins,8.153888e-09,40
Vasopressin-regulated water reabsorption - Homo sapiens (human),8.153108e-09,23
MyD88-independent TLR4 cascade ,8.146437e-09,60
Senescence-Associated Secretory Phenotype (SASP),8.145165e-09,41
Oocyte meiosis - Homo sapiens (human),8.137507e-09,62
Viral myocarditis - Homo sapiens (human),8.135462e-09,39
BMP Signalling Pathway,8.134163e-09,8
Intracellular Signalling Through PGD2 receptor and Prostaglandin D2,8.133405e-09,5
Signalling to ERK5,8.1295735e-09,1
PDGF,8.125435e-09,26
Mitochondrial Beta-Oxidation of Long Chain Saturated Fatty Acids,8.122777e-09,4
Organic anion transporters,8.107139e-09,3
Signaling by Overexpressed Wild-Type EGFR in Cancer,8.096057e-09,4
GPCR signaling-G alpha q,8.08067e-09,161
pelp1 modulation of estrogen receptor activity,8.079363e-09,4
Mammary gland development pathway - Puberty (Stage 2 of 4),8.075752e-09,8
GPCR signaling-G alpha s Epac and ERK,8.057727e-09,162
oxidative ethanol degradation III,8.054325e-09,3
RHO GTPases Activate WASPs and WAVEs,8.044214e-09,18
Regulation of gene expression in beta cells,8.043342e-09,2
tgf beta signaling pathway,8.032908e-09,12
Toxoplasmosis - Homo sapiens (human),8.02147e-09,78
Endochondral Ossification,8.01998e-09,41
Leptin and adiponectin,8.019903e-09,5
"Hedgehog ,on, state",8.014364e-09,26
Retrograde neurotrophin signalling,8.013105e-09,6
glycine biosynthesis,8.010044e-09,1
Processing of Capped Intron-Containing Pre-mRNA,7.998495e-09,74
Rescinnamine Action Pathway,7.997481e-09,3
Effects of PIP2 hydrolysis,7.99705e-09,20
Atenolol Action Pathway,7.978633e-09,41
DSCAM interactions,7.97364e-09,6
Telomere Extension By Telomerase,7.968679e-09,7
rRNA modification in the nucleus and cytosol,7.9632265e-09,14
Abacavir transmembrane transport,7.959732e-09,5
Quinapril Action Pathway,7.951054e-09,3
Metallothioneins bind metals,7.95061e-09,2
Phytochemical activity on NRF2 transcriptional activation,7.949266e-09,7
Fatty Acid Omega Oxidation,7.9489455e-09,7
Unwinding of DNA,7.948008e-09,6
TNF,7.944541e-09,28
Parkin-Ubiquitin Proteasomal System pathway,7.941722e-09,27
ras signaling pathway,7.925436e-09,9
SRF and miRs in Smooth Muscle Differentiation and Proliferation,7.92264e-09,7
The IPAF inflammasome,7.921603e-09,1
Somatroph axis (GH) and its relationship to dietary restriction and aging,7.919241e-09,4
Osteopontin Signaling,7.913498e-09,9
JNK (c-Jun kinases) phosphorylation and  activation mediated by activated human TAK1,7.911682e-09,14
Regulated proteolysis of p75NTR,7.910742e-09,8
CMP phosphorylation,7.8958715e-09,1
Synthesis of bile acids and bile salts via 24-hydroxycholesterol,7.889892e-09,3
mTOR signaling pathway,7.879931e-09,34
Sensory processing of sound,7.876858e-09,34
GABA shunt,7.8713445e-09,5
Purine ribonucleoside monophosphate biosynthesis,7.855909e-09,5
rRNA processing in the mitochondrion,7.85493e-09,1
Synthesis of bile acids and bile salts,7.854738e-09,14
Mitochondrial tRNA aminoacylation,7.853185e-09,7
MAPK1/MAPK3 signaling,7.849133e-09,151
er associated degradation (erad) pathway,7.847122e-09,7
Activation of APC/C and APC/C:Cdc20 mediated degradation of mitotic proteins,7.8405265e-09,14
Steroid biosynthesis - Homo sapiens (human),7.833796e-09,11
Olmesartan Action Pathway,7.831127e-09,3
purine ribonucleosides degradation to ribose-1-phosphate,7.824548e-09,2
FGFRL1 modulation of FGFR1 signaling,7.805706e-09,8
FCGR3A-mediated IL10 synthesis,7.805207e-09,29
t cell receptor signaling pathway,7.801724e-09,37
Osteoclast Signaling,7.7977935e-09,10
Lipophagy,7.78878e-09,1
Smooth Muscle Contraction,7.786783e-09,26
Neddylation,7.774885e-09,87
Cellular senescence - Homo sapiens (human),7.774411e-09,92
Deactivation of the beta-catenin transactivating complex,7.772386e-09,13
Synthesis of bile acids and bile salts via 7alpha-hydroxycholesterol,7.762912e-09,8
Pyrimidine Metabolism,7.754241e-09,14
"tryptophan degradation X (mammalian, via tryptamine)",7.754129e-09,2
SUMOylation of DNA methylation proteins,7.745616e-09,7
VEGFR2 mediated cell proliferation,7.7413596e-09,14
FGFR2b ligand binding and activation,7.740471e-09,7
Tyrosine metabolism,7.735251e-09,74
Meiosis,7.730188e-09,16
Signaling by membrane-tethered fusions of PDGFRA or PDGFRB,7.7241e-09,4
IL12-mediated signaling events,7.723642e-09,48
"Glutamate binding, activation of AMPA receptors and synaptic plasticity",7.71686e-09,15
glycerol degradation,7.701741e-09,1
Chronic myeloid leukemia - Homo sapiens (human),7.700299e-09,40
Insulin-like Growth Factor-2 mRNA Binding Proteins (IGF2BPs/IMPs/VICKZs) bind RNA,7.698913e-09,2
lysine degradation I (saccharopine pathway),7.691522e-09,3
Necroptosis - Homo sapiens (human),7.686942e-09,73
G protein gated Potassium channels,7.677427e-09,15
Hippo-Yap signaling pathway,7.6763e-09,13
RUNX1 and FOXP3 control the development of regulatory T lymphocytes (Tregs),7.675192e-09,8
Tgif disruption of Shh signaling,7.672053e-09,3
Microtubule-dependent trafficking of connexons from Golgi to the plasma membrane,7.666149e-09,1
Biosynthesis of protectins,7.661759e-09,3
Ibandronate Action Pathway,7.654537e-09,10
EGFR1,7.6540125e-09,257
Translesion synthesis by POLK,7.653478e-09,6
Signalling to RAS,7.652389e-09,12
Gamma-glutamyl-transpeptidase deficiency,7.633039e-09,4
Activation of PPARGC1A (PGC-1alpha) by phosphorylation,7.6282864e-09,5
Shigellosis - Homo sapiens (human),7.6170625e-09,134
IL-5 signaling,7.590046e-09,10
Lung fibrosis,7.589547e-09,42
Quinidine Action Pathway,7.583774e-09,41
Glutathione metabolism - Homo sapiens (human),7.5734015e-09,24
Negative regulation of FGFR1 signaling,7.571149e-09,23
Cyclin E associated events during G1/S transition ,7.5710425e-09,11
Fentanyl Action Pathway,7.555313e-09,15
Pyrimidine salvage,7.555042e-09,5
Endometrial cancer,7.553078e-09,39
Activated NTRK3 signals through RAS,7.548975e-09,2
Nicotine addiction - Homo sapiens (human),7.540826e-09,25
Focal adhesion - Homo sapiens (human),7.537235e-09,121
AKT phosphorylates targets in the cytosol,7.530369e-09,3
glucocorticoid biosynthesis,7.524987e-09,1
Depolymerisation of the Nuclear Lamina,7.520012e-09,8
Viral carcinogenesis - Homo sapiens (human),7.518461e-09,108
Cholesterol biosynthesis via desmosterol,7.516778e-09,3
Pancreas Function,7.51508e-09,4
Fosphenytoin (Antiarrhythmic) Action Pathway,7.510092e-09,41
Lovastatin Action Pathway,7.509703e-09,10
Pausing and recovery of Tat-mediated HIV elongation,7.504219e-09,12
RANKL-RANK signaling pathway,7.498406e-09,42
Inflammatory Response Pathway,7.492614e-09,24
Platelet Adhesion to exposed collagen,7.475382e-09,9
Activated point mutants of FGFR2,7.470404e-09,11
Cross-presentation of soluble exogenous antigens (endosomes),7.466002e-09,2
CDP-diacylglycerol biosynthesis,7.465424e-09,12
Interaction between PHLDA1 and AURKA,7.462094e-09,1
Signalling to ERKs,7.455528e-09,24
Regulation of cortical dendrite branching,7.4434134e-09,4
Cation-coupled Chloride cotransporters,7.443095e-09,3
Gliclazide Action Pathway,7.4408164e-09,4
Interleukin receptor SHC signaling,7.4407183e-09,19
HDMs demethylate histones,7.439583e-09,16
Imatinib and Chronic Myeloid Leukemia,7.4323987e-09,13
Quinethazone Action Pathway,7.42935e-09,20
G2/M Checkpoints,7.422769e-09,46
Activated NTRK2 signals through PLCG1,7.417862e-09,3
S1P5 pathway,7.4099082e-09,7
overview of telomerase protein component gene htert transcriptional regulation,7.396112e-09,6
Citalopram Action Pathway,7.3891897e-09,17
resolvin D biosynthesis,7.3811304e-09,1
Structural Pathway of Interleukin 1 (IL-1),7.3761472e-09,25
Mitotic Anaphase,7.3725905e-09,75
Glycogen Storage Disease Type 1A (GSD1A) or Von Gierke Disease,7.371641e-09,8
Peptide chain elongation,7.368846e-09,26
Neuronal System,7.3643083e-09,239
HIV Infection,7.351023e-09,77
Antimicrobial peptides,7.350191e-09,28
Fluoxetine Action Pathway,7.3491577e-09,17
Metabolism of amino acids and derivatives,7.3438233e-09,137
RNA Polymerase II Transcription Initiation,7.3425372e-09,20
Nephrin family interactions,7.3416904e-09,16
Postsynaptic nicotinic acetylcholine receptors,7.340872e-09,7
NOTCH4 Activation and Transmission of Signal to the Nucleus,7.338222e-09,5
Degradation of Superoxides,7.3340605e-09,3
Autophagy,7.332212e-09,56
"fructose 2,6-bisphosphate synthesis",7.33029e-09,3
TGF-beta receptor signaling in EMT (epithelial to mesenchymal transition),7.326492e-09,6
Spliceosome - Homo sapiens (human),7.324883e-09,44
RUNX1 regulates transcription of genes involved in BCR signaling,7.316463e-09,4
Bladder cancer - Homo sapiens (human),7.3144713e-09,25
TP53 Regulates Transcription of DNA Repair Genes,7.3127717e-09,27
inhibition of matrix metalloproteinases,7.3112494e-09,3
Tryptophan catabolism,7.3077713e-09,6
Carteolol Action Pathway,7.300069e-09,41
HSF1 activation,7.291524e-09,9
Dopamine beta-hydroxylase deficiency,7.284541e-09,10
CDC42 GTPase cycle,7.2752666e-09,97
threonine degradation,7.271325e-09,2
Plasma membrane estrogen receptor signaling,7.265886e-09,28
LncRNA-mediated mechanisms of therapeutic resistance,7.2620194e-09,6
TYSND1 cleaves peroxisomal proteins,7.2529254e-09,2
Killing mechanisms,7.2506663e-09,6
Cerivastatin Action Pathway,7.2392723e-09,10
RUNX3 regulates WNT signaling,7.2391533e-09,7
Cytochrome P450 - arranged by substrate type,7.23747e-09,29
Glycerophospholipid catabolism,7.235834e-09,1
adenine and adenosine salvage II,7.234389e-09,1
Translation,7.2338873e-09,89
egf signaling pathway,7.2276887e-09,14
Nuclear Receptors in Lipid Metabolism and Toxicity,7.222975e-09,17
21-hydroxylase deficiency (CYP21),7.1957498e-09,5
Interactions of Tat with host cellular proteins,7.1837523e-09,1
"4-hydroxytamoxifen, Dexamethasone, and Retinoic Acids Regulation of p27 Expression",7.164743e-09,9
Neurotransmitter release cycle,7.158274e-09,30
SLC-mediated transmembrane transport,7.1519315e-09,137
Activation of NLRP3 Inflammasome by SARS-CoV-2,7.1518356e-09,6
cysteine biosynthesis/homocysteine degradation (trans-sulfuration),7.1500685e-09,2
Metabolism of xenobiotics by cytochrome P450 - Homo sapiens (human),7.1488353e-09,39
Cancer immunotherapy by CTLA4 blockade,7.145258e-09,11
polyadenylation of mrna,7.1336888e-09,2
Phytanic Acid Peroxisomal Oxidation,7.1292057e-09,3
Nabumetone Action Pathway,7.1268893e-09,14
Transport of nucleotide sugars,7.1239152e-09,4
Arginine and Proline Metabolism,7.105589e-09,9
Mitotic Spindle Checkpoint,7.103525e-09,49
SCF-beta-TrCP mediated degradation of Emi1,7.0993686e-09,5
Signaling events mediated by PTP1B,7.0975696e-09,38
NGF processing,7.096865e-09,3
Trafficking of GluR2-containing AMPA receptors,7.0968484e-09,9
Regulation of TP53 Degradation,7.0917556e-09,19
Formation of the HIV-1 Early Elongation Complex,7.091254e-09,14
Platelet calcium homeostasis,7.089946e-09,17
Aflatoxin B1 metabolism,7.087565e-09,4
GLI proteins bind promoters of Hh responsive genes to promote transcription,7.0867503e-09,6
IL1 and megakaryocytes in obesity,7.0751187e-09,14
srebp control of lipid synthesis,7.0729156e-09,2
The AIM2 inflammasome,7.06508e-09,2
Glucagon signaling pathway - Homo sapiens (human),7.0638144e-09,47
Biosynthesis of DPAn-3-derived 13-series resolvins,7.0594526e-09,1
Regulation of sister chromatid separation at the metaphase-anaphase transition,7.055678e-09,5
CRH,7.05255e-09,24
Omega-9 FA synthesis,7.048046e-09,3
CDT1 association with the CDC6:ORC:origin complex,7.0468626e-09,5
Sphingolipid Metabolism (general overview),7.046819e-09,10
Negative regulation of MAPK pathway,7.043871e-09,29
bone remodeling,7.0350143e-09,11
prion pathway,7.027598e-09,12
Nuclear Envelope Breakdown,7.014547e-09,24
ADORA2B mediated anti-inflammatory cytokines production,6.9881816e-09,69
NFG and proNGF binds to p75NTR,6.9828885e-09,1
Inflammasomes,6.9718205e-09,8
Capecitabine Action Pathway,6.966242e-09,3
Long chain acyl-CoA dehydrogenase deficiency (LCAD),6.958082e-09,7
Methylation Pathways,6.9491106e-09,5
"Endohydrolysis of 1,4-alpha-D-glucosidic linkages in polysaccharides by alpha-amylase",6.943933e-09,4
Prion disease pathway,6.941243e-09,20
Reteplase Action Pathway,6.937691e-09,14
RIP-mediated NFkB activation via ZBP1,6.9330905e-09,7
Methyclothiazide Action Pathway,6.9237647e-09,20
Processing of SMDT1,6.923287e-09,7
Signaling by Receptor Tyrosine Kinases,6.9226216e-09,277
Caloric restriction and aging,6.9205286e-09,5
Synaptic adhesion-like molecules,6.9032695e-09,10
Regulation of cholesterol biosynthesis by SREBP (SREBF),6.8995103e-09,10
Organic anion transport,6.894556e-09,1
Association Between Physico-Chemical Features and Toxicity Associated Pathways,6.8832584e-09,35
Benzo(a)pyrene metabolism,6.8781754e-09,4
Intracellular trafficking proteins involved in CMT neuropathy,6.8775514e-09,22
Apoptotic execution phase,6.876691e-09,20
FoxO family signaling,6.866161e-09,25
neuroregulin receptor degredation protein-1 controls erbb3 receptor recycling,6.865918e-09,6
Lactose Synthesis,6.862321e-09,4
C6 deamination of adenosine,6.8482793e-09,1
CHL1 interactions,6.846333e-09,7
Stimulation of the cell death response by PAK-2p34,6.8357595e-09,1
Hawkinsinuria,6.833573e-09,10
TWIK-related alkaline pH activated K+ channel (TALK),6.8236465e-09,1
Basal transcription factors - Homo sapiens (human),6.8202404e-09,19
Choline metabolism in cancer - Homo sapiens (human),6.813168e-09,60
Acetylcholine binding and downstream events,6.7991053e-09,7
Enalapril Metabolism Pathway,6.798485e-09,1
Calcineurin-regulated NFAT-dependent transcription in lymphocytes,6.796224e-09,37
Estrogen-dependent gene expression,6.795155e-09,57
lck and fyn tyrosine kinases in initiation of tcr activation,6.795056e-09,10
Nicotine Activity on Chromaffin Cells,6.7891004e-09,4
Intra-Golgi traffic,6.787582e-09,21
Dermatan sulfate biosynthesis,6.7871095e-09,6
Bicarbonate transporters,6.78655e-09,5
RUNX3 regulates BCL2L11 (BIM) transcription,6.7744454e-09,4
Toxicity of botulinum toxin type G (botG),6.7744033e-09,2
RNA Polymerase III Transcription,6.7689108e-09,12
Validated transcriptional targets of TAp63 isoforms,6.766049e-09,28
Cystinuria,6.751501e-09,20
Signaling by FGFR4 in disease,6.7377575e-09,7
Collagen degradation,6.7348127e-09,21
Disorders of the Krebs cycle,6.73021e-09,1
p75(NTR)-mediated signaling,6.7266552e-09,30
HIF1A and PPARG regulation of glycolysis,6.7241808e-09,4
Argatroban Action Pathway,6.720871e-09,14
Ethylmalonic Encephalopathy,6.7034938e-09,7
Conjugation of salicylate with glycine,6.7012405e-09,2
Butyrophilin (BTN) family interactions,6.6970607e-09,7
PI3K/AKT activation,6.693128e-09,7
MFAP5 effect on permeability and motility of endothelial cells via cytoskeleton rearrangement,6.686116e-09,14
Ketoprofen Action Pathway,6.6675163e-09,14
Vatalanib Action Pathway,6.6546546e-09,1
Activated NOTCH1 Transmits Signal to the Nucleus,6.649739e-09,19
Acetylcholine Neurotransmitter Release Cycle,6.647352e-09,9
Transport of Mature mRNAs Derived from Intronless Transcripts,6.6471397e-09,4
Transport to the Golgi and subsequent modification,6.640655e-09,81
activation of camp-dependent protein kinase pka,6.6354184e-09,18
Kaposi sarcoma-associated herpesvirus infection - Homo sapiens (human),6.6347337e-09,119
Tramadol Action Action Pathway,6.6280252e-09,15
TWIK-related spinal cord K+ channel (TRESK),6.6271806e-09,1
IL-1 signaling pathway,6.6243047e-09,35
Sphingolipid pathway,6.6243033e-09,14
"Hedgehog ,off, state",6.6156414e-09,27
Ethacrynic Acid Action Pathway,6.6119714e-09,20
Atorvastatin Action Pathway,6.6058155e-09,10
oxidative stress induced gene expression via nrf2,6.605261e-09,9
tRNA modification in the nucleus and cytosol,6.6027566e-09,18
Irinotecan Action Pathway,6.5994206e-09,14
CD4 T cell receptor signaling-ERK cascade,6.5987313e-09,28
Membrane binding and targetting of GAG proteins,6.595929e-09,6
Tryptophan Metabolism,6.591604e-09,8
acetate conversion to acetyl-CoA,6.591056e-09,1
Glycoprotein hormones,6.5844854e-09,2
Clathrin-mediated endocytosis,6.5809806e-09,71
Glutathione synthesis and recycling,6.578798e-09,4
Porphyrin and chlorophyll metabolism - Homo sapiens (human),6.5742913e-09,25
Hyperprolinemia Type I,6.572148e-09,9
NrCAM interactions,6.568952e-09,3
Nanomaterial induced apoptosis,6.563245e-09,6
ascorbate recycling (cytosolic),6.5605357e-09,2
Tamoxifen Metabolism Pathway,6.557253e-09,8
stat3 signaling pathway,6.5563555e-09,7
NOTCH2 intracellular domain regulates transcription,6.5551564e-09,7
Excitatory Neural Signalling Through 5-HTR 4 and Serotonin,6.5482553e-09,6
FCERI mediated MAPK activation,6.530698e-09,22
Signaling by Retinoic Acid,6.5253225e-09,21
Galactose Metabolism,6.52234e-09,6
NO metabolism in cystic fibrosis,6.5088037e-09,7
NTF3 activates NTRK2 (TRKB) signaling,6.503366e-09,2
Inhibition of membrane repair,6.5006516e-09,1
Postmitotic nuclear pore complex (NPC) reformation,6.4956986e-09,10
DDX58/IFIH1-mediated induction of interferon-alpha/beta,6.4954992e-09,27
Diseases of hemostasis,6.4893024e-09,2
Recognition and association of DNA glycosylase with site containing an affected purine,6.4815815e-09,13
Neutrophil degranulation,6.480761e-09,238
SMAC(DIABLO)-mediated dissociation of IAP:caspase complexes ,6.478051e-09,1
"Creatine deficiency, guanidinoacetate methyltransferase deficiency",6.473604e-09,9
AGE-RAGE signaling pathway in diabetic complications - Homo sapiens (human),6.4697057e-09,68
Termination of translesion DNA synthesis,6.468645e-09,11
Signaling by FGFR3,6.466242e-09,29
Signaling events mediated by HDAC Class III,6.4605516e-09,14
TNF receptor superfamily (TNFSF) members mediating non-canonical NF-kB pathway,6.454605e-09,11
Oxycodone Action Pathway,6.447339e-09,15
Regulation of TNFR1 signaling,6.438023e-09,11
Osteoclast differentiation - Homo sapiens (human),6.436773e-09,94
TP53 regulates transcription of additional cell cycle genes whose exact role in the p53 pathway remain uncertain,6.4268755e-09,11
IRAK2 mediated activation of TAK1 complex,6.4226575e-09,4
Bivalirudin Action Pathway,6.42061e-09,14
Th1 and Th2 cell differentiation - Homo sapiens (human),6.414844e-09,72
TRAF6 mediated IRF7 activation in TLR7/8 or 9 signaling,6.411195e-09,3
a6b1 and a6b4 Integrin signaling,6.407423e-09,30
Intrinsic Pathway of Fibrin Clot Formation,6.406644e-09,9
Localization of the PINCH-ILK-PARVIN complex to focal adhesions,6.4013697e-09,2
PKC-gamma calcium signaling pathway in ataxia,6.3992367e-09,15
Tyrosine metabolism - Homo sapiens (human),6.3990555e-09,15
Regulation of the apoptosome activity,6.394316e-09,5
Post-translational protein phosphorylation,6.3922743e-09,60
Proton/oligopeptide cotransporters,6.392063e-09,4
Heroin Action Pathway,6.3894054e-09,17
Pancreatic secretion - Homo sapiens (human),6.384612e-09,59
Adherens junction - Homo sapiens (human),6.382618e-09,51
MECP2 regulates neuronal receptors and channels,6.3823915e-09,10
Norepinephrine Neurotransmitter Release Cycle,6.3785883e-09,11
Sialic acid metabolism,6.3783294e-09,20
Dual incision in TC-NER,6.3770145e-09,23
Ethylmorphine Action Pathway,6.3769727e-09,15
Pyridoxine dependency with seizures,6.3753243e-09,8
Hydroflumethiazide Action Pathway,6.371132e-09,20
"Glycine, serine, alanine and threonine metabolism",6.3667094e-09,31
Serotonin and anxiety,6.3636723e-09,11
Centrosome maturation,6.358105e-09,34
Integrin signaling,6.3454446e-09,19
"Incretin synthesis, secretion, and inactivation",6.341211e-09,4
NTF4 activates NTRK2 (TRKB) signaling,6.3361103e-09,1
Microglia Pathogen Phagocytosis Pathway,6.3356476e-09,24
G Protein Signaling Pathways,6.332561e-09,57
Activated NTRK3 signals through PLCG1,6.332467e-09,3
Listeria monocytogenes entry into host cells,6.33187e-09,10
Deregulation of Rab and Rab Effector Genes in Bladder Cancer,6.3294223e-09,9
lysine degradation II (pipecolate pathway),6.328814e-09,2
Alternative NF-kappaB pathway,6.328405e-09,4
miRNAs involved in DNA damage response,6.328327e-09,8
Mitotic Telophase/Cytokinesis,6.3256476e-09,4
Insulin processing,6.317104e-09,7
Apoptosis Modulation and Signaling,6.3163945e-09,43
PDGFR-beta signaling pathway,6.3036785e-09,82
PI Metabolism,6.2911942e-09,39
Diflunisal Action Pathway,6.289439e-09,14
Biotin transport and metabolism,6.2813275e-09,5
Endocrine and other factor-regulated calcium reabsorption - Homo sapiens (human),6.2582215e-09,25
NIK-->noncanonical NF-kB signaling,6.23381e-09,5
Nuclear import of Rev protein,6.2286984e-09,11
Highly calcium permeable nicotinic acetylcholine receptors,6.2265597e-09,4
White fat cell differentiation,6.2118293e-09,21
Vitamins,6.2117556e-09,3
Leigh Syndrome,6.211005e-09,10
Cetuximab Action Pathway,6.2086087e-09,1
Procainamide (Antiarrhythmic) Action Pathway,6.2069727e-09,41
RNA Polymerase I Promoter Opening,6.2066654e-09,1
VEGFR3 signaling in lymphatic endothelium,6.1934626e-09,15
Renal cell carcinoma - Homo sapiens (human),6.193339e-09,39
Nephrin/Neph1 signaling in the kidney podocyte,6.1868892e-09,18
Canonical and non-canonical TGF-B signaling,6.18631e-09,6
Viral Messenger RNA Synthesis,6.1855445e-09,10
Steroid Biosynthesis,6.18504e-09,18
e2f1 destruction pathway,6.1847336e-09,5
Integration of viral DNA into host genomic DNA,6.1741705e-09,1
heme degradation,6.1704832e-09,2
cholesterol biosynthesis III (via desmosterol),6.16315e-09,7
Proton-coupled neutral amino acid transporters,6.1584187e-09,1
fas signaling pathway (cd95),6.153976e-09,11
IL12 signaling mediated by STAT4,6.153222e-09,25
Bevantolol Action Pathway,6.153199e-09,41
CREB1 phosphorylation through the activation of Adenylate Cyclase,6.1500343e-09,8
Dissolution of Fibrin Clot,6.1457226e-09,7
mir-124 predicted interactions with cell cycle and differentiation,6.144875e-09,3
Thrombin signalling through proteinase activated receptors (PARs),6.14326e-09,16
"Glycogenosis, Type IB",6.1396532e-09,8
Metabolism of nitric oxide: NOS3 activation and regulation,6.136269e-09,11
Intra-Golgi and retrograde Golgi-to-ER traffic,6.1356746e-09,87
Heroin Metabolism Pathway,6.133251e-09,3
Ion homeostasis,6.1310823e-09,27
MicroRNAs in cancer - Homo sapiens (human),6.1212546e-09,110
G2/M DNA damage checkpoint,6.106525e-09,38
Trk receptor signaling mediated by the MAPK pathway,6.0987277e-09,24
O-linked glycosylation,6.0934786e-09,71
Type II diabetes mellitus - Homo sapiens (human),6.0885377e-09,27
Adipocytokine signaling pathway - Homo sapiens (human),6.0830923e-09,38
NAD Metabolism in Oncogene-Induced Senescence and Mitochondrial Dysfunction-Associated Senescence,6.077587e-09,14
Melanogenesis - Homo sapiens (human),6.0770162e-09,62
Tocainide Action Pathway,6.0767587e-09,41
AKT-mediated inactivation of FOXO1A,6.0765797e-09,2
Metabolism of nucleotides,6.069686e-09,45
RHO GTPases activate PKNs,6.0588814e-09,33
Striated Muscle Contraction,6.050188e-09,13
Pyruvate metabolism,6.0432557e-09,26
Type II diabetes mellitus,6.0367276e-09,11
UTP and CTP dephosphorylation I,6.0309606e-09,2
NAD biosynthesis from 2-amino-3-carboxymuconate semialdehyde,6.029768e-09,5
Lidocaine (Local Anaesthetic) Metabolism Pathway,6.028357e-09,3
Insulin resistance - Homo sapiens (human),6.0265055e-09,56
DEx/H-box helicases activate type I IFN and inflammatory cytokines production ,6.0246395e-09,5
Methionine metabolism leading to sulfur amino acids and related disorders,6.0246004e-09,3
DNA Repair,6.022433e-09,112
MAP3K1 role in promoting and blocking gonadal determination,6.0212155e-09,12
miRNA Biogenesis,6.017185e-09,2
TPO signaling,6.0121232e-09,2
Glutaric Aciduria Type I,6.009031e-09,13
Phospholipase C-mediated cascade; FGFR3,6.007234e-09,10
Nef Mediated CD4 Down-regulation,6.0056795e-09,2
Oxymorphone Action Pathway,6.0048198e-09,15
Polyol Pathway,6.0030896e-09,2
Glycerolipids and Glycerophospholipids,6.0028595e-09,11
PPAR signaling pathway - Homo sapiens (human),6.0027983e-09,32
Excitatory Neural Signalling Through 5-HTR 7 and  Serotonin ,5.9833862e-09,6
Molecules associated with elastic fibres,5.983237e-09,14
skeletal muscle hypertrophy is regulated via akt-mtor pathway,5.9733027e-09,10
Synthesis of glycosylphosphatidylinositol (GPI),5.964454e-09,2
Androgen and Estrogen Metabolism,5.9606684e-09,7
Regulation of nuclear SMAD2/3 signaling,5.959172e-09,40
Lysinuric protein intolerance (LPI),5.9562364e-09,20
Degradation of the extracellular matrix,5.9535505e-09,55
mechanism of gene regulation by peroxisome proliferators via ppara,5.9527405e-09,32
RMTs methylate histone arginines,5.950225e-09,24
Pre-NOTCH Processing in the Endoplasmic Reticulum,5.9499268e-09,5
"Parkinson,s disease pathway",5.9459357e-09,25
DNA strand elongation,5.9386993e-09,13
Cyclin A/B1/B2 associated events during G2/M transition,5.9370038e-09,12
Desmosterolosis,5.934588e-09,10
Hyperphenylalaninemia due to 6-pyruvoyltetrahydropterin synthase deficiency (ptps),5.9311063e-09,4
Glycogen Synthesis and Degradation,5.928142e-09,20
Gamma-cystathionase deficiency (CTH),5.9267435e-09,3
Ribosomal scanning and start codon recognition,5.917429e-09,14
dolichyl-diphosphooligosaccharide biosynthesis,5.9105747e-09,1
aspirin triggered resolvin E biosynthesis,5.9094e-09,2
Synthesis of PIPs at the ER membrane,5.9019616e-09,2
Cell-Cell communication,5.90038e-09,81
Signal regulatory protein family interactions,5.8959273e-09,12
Iminoglycinuria,5.8895724e-09,20
FBXL7 down-regulates AURKA during mitotic entry and in early mitosis,5.8877387e-09,4
Epithelial cell signaling in Helicobacter pylori infection - Homo sapiens (human),5.8688627e-09,37
RNA Polymerase I Transcription Termination,5.8627307e-09,15
tumor suppressor arf inhibits ribosomal biogenesis,5.8539587e-09,8
let-7 inhibition of ES cell reprogramming,5.848288e-09,6
"Tristetraprolin (TTP, ZFP36) binds and destabilizes mRNA",5.846286e-09,3
Purinergic signaling,5.8433756e-09,14
Cytokine Signaling in Immune system,5.8425123e-09,301
RNA Pol II CTD phosphorylation and interaction with CE during HIV infection,5.834977e-09,12
Glutathione Synthetase Deficiency,5.830431e-09,4
Synthesis of wybutosine at G37 of tRNA(Phe),5.8280225e-09,1
Lamivudine Metabolism Pathway,5.8262524e-09,11
Peroxisomal lipid metabolism,5.8246146e-09,13
TRAF6 mediated induction of NFkB and MAP kinases upon TLR7/8 or 9 activation,5.8221774e-09,50
Carprofen Action Pathway,5.8220797e-09,14
Pathogenesis of SARS-CoV-2 Mediated by nsp9-nsp10 Complex,5.814683e-09,16
Synthesis of IP3 and IP4 in the cytosol,5.8134093e-09,16
AUF1 (hnRNP D0) binds and destabilizes mRNA,5.8076477e-09,5
Relaxin receptors,5.805963e-09,3
links between pyk2 and map kinases,5.8057372e-09,17
Fc Epsilon Receptor I Signaling in Mast Cells,5.798994e-09,32
PI3K-Akt signaling pathway - Homo sapiens (human),5.797977e-09,207
DNA Damage Recognition in GG-NER,5.7978378e-09,8
Regulation of actin cytoskeleton - Homo sapiens (human),5.7893645e-09,119
EGF-EGFR signaling pathway,5.780205e-09,98
Interleukin-27 signaling,5.768381e-09,8
BMP signaling Dro,5.7682565e-09,15
SUMOylation,5.7651013e-09,77
Glucocorticoid biosynthesis,5.7626144e-09,4
"Glycogenosis, Type IV. Amylopectinosis, Anderson disease",5.7603273e-09,10
role of mal in rho-mediated activation of srf,5.7428124e-09,12
Vitamin E metabolism,5.741351e-09,16
Export of Viral Ribonucleoproteins from Nucleus,5.739614e-09,1
Nuclear Envelope (NE) Reassembly,5.739409e-09,27
PTK6 Regulates RTKs and Their Effectors AKT1 and DOK1,5.733228e-09,2
Primary immunodeficiency - Homo sapiens (human),5.731804e-09,23
dermatan sulfate biosynthesis (late stages),5.7272533e-09,4
terminal <i>O</i>-glycans residues modification,5.7196257e-09,8
Glycosphingolipid biosynthesis - globoseries,5.7189657e-09,8
"Gamma-carboxylation, transport, and amino-terminal cleavage of proteins",5.7172134e-09,5
Longevity regulating pathway - multiple species - Homo sapiens (human),5.714476e-09,32
Cytosolic sulfonation of small molecules,5.6990137e-09,13
Iron metabolism in placenta,5.6942078e-09,7
MyD88 cascade initiated on plasma membrane,5.693754e-09,51
p73 transcription factor network,5.6916574e-09,44
cyclin e destruction pathway,5.676635e-09,5
G beta:gamma signalling through PLC beta,5.669527e-09,8
Transport of Mature mRNA derived from an Intron-Containing Transcript,5.6588663e-09,18
Inhibition of nitric oxide production,5.6551195e-09,1
Phosphatidylinositol Phosphate Metabolism,5.6480314e-09,15
Tat-mediated elongation of the HIV-1 transcript,5.6413447e-09,17
TFAP2 (AP-2) family regulates transcription of cell cycle factors,5.638844e-09,4
Calnexin/calreticulin cycle,5.636819e-09,6
multi-drug resistance factors,5.634031e-09,5
HH-Ncore,5.6114673e-09,16
Levomethadyl Acetate Action Action Pathway,5.6113905e-09,15
Ramipril Metabolism Pathway,5.5966907e-09,1
Selenocysteine synthesis,5.5938467e-09,30
regulation of p27 phosphorylation during cell cycle progression,5.589362e-09,5
Histamine receptors,5.569174e-09,3
Caspase activation via Death Receptors in the presence of ligand,5.566142e-09,11
Depurination,5.5626064e-09,13
Integration of energy metabolism,5.5612808e-09,59
Neurotrophic factor-mediated Trk receptor signaling,5.559996e-09,44
Famotidine Action Pathway,5.557851e-09,6
Type I collagen synthesis in the context of Osteogenesis imperfecta,5.555581e-09,17
adenine and adenosine salvage III,5.5544978e-09,1
purine nucleotides <i>de novo</i> biosynthesis,5.5523284e-09,15
IL-3 signaling,5.535271e-09,6
SNARE interactions in vesicular transport - Homo sapiens (human),5.534417e-09,14
RNA Polymerase III Transcription Termination,5.52719e-09,6
Activation of C3 and C5,5.5242975e-09,4
Pilocytic astrocytoma,5.519036e-09,4
Ionotropic activity of kainate receptors,5.5156315e-09,7
MTHFR deficiency,5.5148806e-09,6
caspase cascade in apoptosis,5.5126996e-09,7
Sulfation Biotransformation Reaction,5.5091416e-09,9
SUMO is conjugated to E1 (UBA2:SAE1),5.5079834e-09,1
MHC class II antigen presentation,5.4857665e-09,36
Macroautophagy,5.4642157e-09,53
CRMPs in Sema3A signaling,5.4640843e-09,10
PI3K-AKT-mTOR - VitD3 signaling,5.4634786e-09,13
CD163 mediating an anti-inflammatory response,5.462174e-09,6
Adrenoceptors,5.454356e-09,7
Vitamin C (ascorbate) metabolism,5.451532e-09,7
Wnt signaling pathway - Homo sapiens (human),5.4503637e-09,105
Glioma - Homo sapiens (human),5.4365787e-09,44
Signaling by NOTCH1 PEST Domain Mutants in Cancer,5.4282134e-09,32
HDACs deacetylate histones,5.4241376e-09,24
"SUMO is transferred from E1 to E2 (UBE2I, UBC9)",5.4219154e-09,2
Response to metal ions,5.421664e-09,2
"Interleukin-3, Interleukin-5 and GM-CSF signaling",5.418072e-09,33
Homologous recombination,5.416072e-09,5
Glucose Transporter Defect (SGLT2),5.4115574e-09,20
Bupranolol Action Pathway,5.405261e-09,41
WNT mediated activation of DVL,5.4010023e-09,5
Phenylbutazone Action Pathway,5.3994063e-09,14
ALKBH3 mediated reversal of alkylation damage,5.395338e-09,2
p75 NTR receptor-mediated signalling,5.389068e-09,49
NOTCH1 regulation of endothelial cell calcification,5.381505e-09,13
Inositol Phosphate Metabolism,5.379313e-09,8
Regulation of toll-like receptor signaling pathway,5.378359e-09,87
Signaling by SCF-KIT,5.375845e-09,35
Notch,5.3736775e-09,56
Codeine and Morphine Metabolism,5.373278e-09,13
Sulfur amino acid metabolism,5.372484e-09,14
Arginine: Glycine Amidinotransferase Deficiency (AGAT Deficiency),5.3665152e-09,9
Etoposide Action Pathway,5.363045e-09,11
Synthesis of 15-eicosatetraenoic acid derivatives,5.357437e-09,2
Sumoylation by RanBP2 regulates transcriptional repression,5.355149e-09,7
Ornithine Transcarbamylase Deficiency (OTC Deficiency),5.3544547e-09,7
Circadian rhythm related genes,5.347691e-09,1
Mitochondrial complex II deficiency,5.3452367e-09,11
Hydrolysis of LPE,5.3440252e-09,2
Mexiletine Action Pathway,5.3419633e-09,41
FLT3 Signaling,5.3371556e-09,23
Toll Like Receptor 10 (TLR10) Cascade,5.3331277e-09,51
proteolysis and signaling pathway of notch,5.3313203e-09,5
Activation of GABAB receptors,5.327131e-09,26
Signaling by FGFR,5.3227973e-09,51
Signaling events mediated by TCPTP,5.3225784e-09,27
Amplification  of signal from unattached  kinetochores via a MAD2  inhibitory signal,5.3179097e-09,42
Activation of AMPA receptors,5.3164664e-09,2
Insulin Signalling,5.3045763e-09,9
Negative regulation of NOTCH4 signaling,5.30346e-09,7
Assembly of the pre-replicative complex,5.300709e-09,9
Triacylglyceride synthesis,5.297009e-09,11
Nucleotide-binding Oligomerization Domain (NOD) pathway,5.2889053e-09,24
Pentose phosphate pathway,5.2873843e-09,14
Ribosome - Homo sapiens (human),5.281537e-09,37
Inhibition of TSC complex formation by PKB,5.2811986e-09,2
Neurotrophin signaling pathway - Homo sapiens (human),5.2783733e-09,69
Electric Transmission Across Gap Junctions,5.2758056e-09,1
IL2 signaling events mediated by PI3K,5.271526e-09,21
Intraflagellar transport,5.265631e-09,22
Validated targets of C-MYC transcriptional activation,5.263245e-09,35
fatty acid α-oxidation,5.2568705e-09,3
Drug Induction of Bile Acid Pathway,5.2534475e-09,9
Procaine Action Pathway,5.2244173e-09,15
Fructosuria,5.2159903e-09,8
Transport of Mature mRNA Derived from an Intronless Transcript,5.211966e-09,4
role of nicotinic acetylcholine receptors in the regulation of apoptosis,5.205834e-09,9
Fructose and Mannose Degradation,5.1991718e-09,8
FOXO-mediated transcription of cell cycle genes,5.197111e-09,10
akt signaling pathway,5.1879336e-09,8
RHOT1 GTPase cycle,5.1666387e-09,2
Beta oxidation of butanoyl-CoA to acetyl-CoA,5.14636e-09,2
Carbamazepine Metabolism Pathway,5.1456874e-09,5
"Unblocking of NMDA receptors, glutamate binding and activation",5.1394693e-09,12
alpha-linolenic (omega3) and linoleic (omega6) acid metabolism,5.137473e-09,2
Nebivolol Action Pathway,5.134755e-09,41
Activation of G protein gated Potassium channels,5.1314792e-09,15
Fertilization,5.1303397e-09,14
Regulation of RUNX2 expression and activity,5.129335e-09,14
Phenylalanine and Tyrosine Metabolism,5.1237787e-09,6
Levobupivacaine Action Pathway,5.11831e-09,15
Lysine degradation - Homo sapiens (human),5.1130113e-09,40
Nicotinate and Nicotinamide Metabolism,5.1070597e-09,12
acetylation and deacetylation of rela in nucleus,5.1049565e-09,4
Morphine Action Pathway,5.104466e-09,25
Glucocorticoid Receptor Pathway,5.1026974e-09,50
Penbutolol Action Pathway,5.10113e-09,41
Naloxone Action Pathway,5.1006714e-09,15
MET interacts with TNS proteins,5.097723e-09,4
Hh mutants are degraded by ERAD,5.0919358e-09,5
retinoate biosynthesis II,5.0883457e-09,1
MicroRNA for Targeting Cancer Growth and Vascularization in Glioblastoma,5.0747486e-09,4
Rett syndrome causing genes,5.074157e-09,26
FGFR1c and Klotho ligand binding and activation,5.064053e-09,2
Renin secretion - Homo sapiens (human),5.05296e-09,47
Interleukin-4 and Interleukin-13 signaling,5.050432e-09,11
miRNA regulation of DNA damage response,5.049654e-09,30
Oleoyl-phe metabolism,5.046858e-09,1
heme biosynthesis from uroporphyrinogen-III I,5.046281e-09,1
Reelin signalling pathway,5.0436246e-09,4
Rab regulation of trafficking,5.0327342e-09,50
Ubiquitin mediated proteolysis - Homo sapiens (human),5.0296447e-09,65
Salla Disease/Infantile Sialic Acid Storage Disease,5.0291966e-09,9
PI3K-Akt signaling pathway,5.0122395e-09,197
Anchoring of the basal body to the plasma membrane,5.010234e-09,38
TSLP,5.009539e-09,17
Moexipril Action Pathway,5.0019566e-09,3
Host-pathogen interaction of human coronaviruses - apoptosis,5e-09,8
Guanidinoacetate Methyltransferase Deficiency (GAMT Deficiency),4.99488e-09,9
Ubiquitin Mediated Degradation of Phosphorylated Cdc25A,4.9860733e-09,2
Toxicity of botulinum toxin type F (botF),4.9853863e-09,4
phospholipase c-epsilon pathway,4.9765108e-09,7
PKA-mediated phosphorylation of CREB,4.9725806e-09,12
Negative epigenetic regulation of rRNA expression,4.967549e-09,25
RNA Polymerase II Pre-transcription Events,4.9634235e-09,32
Oxidation of Branched Chain Fatty Acids,4.9631943e-09,6
RNA Polymerase I Promoter Clearance,4.958884e-09,17
IL9,4.958146e-09,9
"Cystinosis, ocular nonnephropathic",4.937622e-09,3
Ca2+ pathway,4.9374265e-09,32
IL-17 signaling pathway - Homo sapiens (human),4.9345212e-09,61
Arginine and proline metabolism - Homo sapiens (human),4.9249502e-09,21
HCMV Late Events,4.924872e-09,1
Adenosine Deaminase Deficiency,4.9223194e-09,20
"Synthesis of IP2, IP, and Ins in the cytosol",4.91658e-09,6
Disorders of transmembrane transporters,4.909092e-09,7
Dimerization of procaspase-8,4.9087836e-09,7
Butyrate Response Factor 1 (BRF1) binds and destabilizes mRNA,4.902195e-09,3
nfat and hypertrophy of the heart ,4.894442e-09,24
Lagging Strand Synthesis,4.887892e-09,7
Triglyceride catabolism,4.8867124e-09,7
Late Phase of HIV Life Cycle,4.885486e-09,53
NR1D1 (REV-ERBA) represses gene expression,4.8850364e-09,2
Matrix Metalloproteinases,4.880997e-09,15
"D-<i>myo</i>-inositol (3,4,5,6)-tetrakisphosphate biosynthesis",4.878851e-09,2
Transcriptional regulation by RUNX2,4.8768496e-09,36
Intestinal hexose absorption,4.8684927e-09,1
"Glycine, serine and threonine metabolism - Homo sapiens (human)",4.859335e-09,13
Amino acid transport across the plasma membrane,4.8587356e-09,20
the prc2 complex sets long-term gene silencing through modification of histone tails,4.8584354e-09,7
Conversion of Angiotensinogen to Angiotensin II,4.855063e-09,1
Metabolism of amine-derived hormones,4.853934e-09,9
Antigen processing: Ubiquitination & Proteasome degradation,4.8513966e-09,130
Gemcitabine Metabolism Pathway,4.850148e-09,8
5-Oxoprolinuria,4.8482054e-09,4
Enzymatic degradation of dopamine by COMT,4.839577e-09,1
Intracellular signaling by second messengers,4.835928e-09,157
Free fatty acid receptors,4.83082e-09,1
HDR through Single Strand Annealing (SSA),4.8255195e-09,18
Alpha6Beta4Integrin,4.8246074e-09,45
Oncostatin M Signaling Pathway,4.823982e-09,43
ErbB2/ErbB3 signaling events,4.8223754e-09,26
BBSome-mediated cargo-targeting to cilium,4.8086104e-09,8
RUNX2 regulates genes involved in differentiation of myeloid cells,4.805622e-09,1
Glycerophospholipid metabolism - Homo sapiens (human),4.8011706e-09,52
Vitamin D (calciferol) metabolism,4.8007367e-09,6
TWIK-releated acid-sensitive K+ channel (TASK),4.8005004e-09,2
GABA receptor Signaling,4.79762e-09,15
Toll-like receptor signaling pathway - Homo sapiens (human),4.7922923e-09,62
Degradation of cysteine and homocysteine,4.7913638e-09,4
MASTL Facilitates Mitotic Progression,4.7911985e-09,6
Sodium/Calcium exchangers,4.7904027e-09,6
Gluconeogenesis,4.790354e-09,18
Glycine Metabolism,4.7889754e-09,2
EGFR Transactivation by Gastrin,4.7852478e-09,5
Integrated breast cancer pathway,4.7839745e-09,34
Endometrial cancer - Homo sapiens (human),4.7805875e-09,34
Glycosaminoglycan metabolism,4.780354e-09,67
Bumetanide Action Pathway,4.7797473e-09,20
Cholesterol biosynthesis,4.7787605e-09,12
Mitochondrial translation,4.7729145e-09,23
Fas,4.7713944e-09,11
Hyaluronan biosynthesis and export,4.7697477e-09,1
Vesicle-mediated transport,4.768353e-09,298
fc epsilon receptor i signaling in mast cells,4.7640984e-09,18
RNA Polymerase III Abortive And Retractive Initiation,4.752451e-09,12
Metabolism of steroids,4.7519313e-09,56
Hormonal control of pubertal growth spurt,4.7455653e-09,1
protein citrullination,4.741054e-09,4
"Antigen Presentation: Folding, assembly and peptide loading of class I MHC",4.7351154e-09,16
Type I interferon induction and signaling during SARS-CoV-2 infection,4.7184634e-09,17
Intrinsic Pathway for Apoptosis,4.707884e-09,23
Organelle biogenesis and maintenance,4.7059188e-09,98
L-cysteine degradation II,4.702646e-09,1
TRP channels,4.702467e-09,16
Signaling by cytosolic FGFR1 fusion mutants,4.7008024e-09,15
Transcription factor regulation in adipogenesis,4.697988e-09,18
"Phenylalanine, tyrosine and tryptophan biosynthesis - Homo sapiens (human)",4.6977737e-09,5
FRS-mediated FGFR4 signaling,4.6912225e-09,16
Regulation of nuclear beta catenin signaling and target gene transcription,4.68512e-09,50
Nateglinide Action Pathway,4.683413e-09,4
Sulindac Action Pathway,4.6775828e-09,14
15q11.2 copy number variation syndrome,4.671204e-09,3
rac1 cell motility signaling pathway,4.667571e-09,19
Synthesis of bile acids and bile salts via 27-hydroxycholesterol,4.664565e-09,3
B-WICH complex positively regulates rRNA expression,4.663657e-09,29
Phenylalanine degradation,4.6536703e-09,6
Intracellular Signalling Through Adenosine Receptor A2a and Adenosine,4.6450523e-09,19
aspirin triggered resolvin D biosynthesis,4.6414215e-09,2
Omega-3-Omega-6 FA synthesis,4.6403215e-09,5
Scavenging by Class A Receptors,4.640256e-09,13
WNT5:FZD7-mediated leishmania damping,4.634563e-09,6
Acetylcholine Synthesis,4.631546e-09,3
Fructose catabolism,4.6198365e-09,3
Nephrotic syndrome,4.6098982e-09,30
Regulation of TP53 Expression and Degradation,4.5996935e-09,20
Zinc efflux and compartmentalization by the SLC30 family,4.5972905e-09,4
NOTCH3 Intracellular Domain Regulates Transcription,4.5902295e-09,10
Signaling by NTRK1 (TRKA),4.585394e-09,73
Regulation of RAS by GAPs,4.5681503e-09,13
RUNX2 regulates genes involved in cell migration,4.5589763e-09,4
extrinsic prothrombin activation pathway,4.5548534e-09,11
GDP-glucose biosynthesis II,4.5544084e-09,4
Notch signaling pathway - Homo sapiens (human),4.552792e-09,30
The influence of laminopathies on Wnt signaling,4.5459485e-09,22
Autophagy - other - Homo sapiens (human),4.5410413e-09,16
Eprosartan Action Pathway,4.538382e-09,3
Prolactin receptor signaling,4.536653e-09,9
RUNX3 regulates YAP1-mediated transcription,4.5348107e-09,5
Apoptosis Modulation by HSP70,4.53451e-09,8
multiple antiapoptotic pathways from igf-1r signaling lead to bad phosphorylation,4.5286557e-09,7
Activation of BIM and translocation to mitochondria ,4.5278634e-09,2
Transaldolase deficiency,4.527829e-09,6
Apoptotic cleavage of cell adhesion  proteins,4.52534e-09,6
Glycosaminoglycan degradation - Homo sapiens (human),4.522601e-09,11
calcium signaling by hbx of hepatitis b virus,4.519989e-09,9
MECP2 regulates transcription factors,4.513998e-09,4
O-Glycan biosynthesis,4.512067e-09,22
rRNA processing,4.501718e-09,15
Hyaluronan metabolism,4.5016284e-09,6
cadmium induces dna synthesis and proliferation in macrophages,4.4965476e-09,13
Hyper-IgD syndrome,4.4901016e-09,10
Imipramine Metabolism Pathway,4.4899546e-09,2
G alpha (i) signalling events,4.488838e-09,178
MAPK6/MAPK4 signaling,4.485454e-09,25
Mammary gland development pathway - Pregnancy and lactation (Stage 3 of 4),4.4815867e-09,22
Platelet sensitization by LDL,4.4740966e-09,13
mechanism of acetaminophen activity and toxicity,4.474005e-09,2
Prolactin Signaling Pathway,4.472173e-09,52
Zinc influx into cells by the SLC39 gene family,4.471981e-09,5
Corticotropin-releasing hormone signaling pathway,4.470942e-09,60
Anti-inflammatory response favouring Leishmania parasite infection,4.4707242e-09,95
Cells and molecules involved in local acute inflammatory response,4.4613024e-09,15
DCC mediated attractive signaling,4.4556945e-09,13
"Transport of bile salts and organic acids, metal ions and amine compounds",4.4480117e-09,49
Intracellular Signalling Through LHCGR Receptor and Luteinizing Hormone/Choriogonadotropin,4.445737e-09,6
Eukaryotic Transcription Initiation,4.4442143e-09,15
Downstream TCR signaling,4.4432706e-09,35
Ubiquinone Biosynthesis,4.436256e-09,2
Levallorphan Action Pathway,4.4341393e-09,15
BCR,4.431548e-09,84
ChREBP activates metabolic gene expression,4.429067e-09,1
Chemical carcinogenesis - Homo sapiens (human),4.4278523e-09,44
Signaling by RAS mutants,4.426458e-09,31
Linoleic acid (LA) metabolism,4.426227e-09,1
cxcr4 signaling pathway,4.4190207e-09,8
Hepatocellular carcinoma - Homo sapiens (human),4.412045e-09,101
Interleukin-2 family signaling,4.4096584e-09,30
RAF activation,4.4021657e-09,23
PAOs oxidise polyamines to amines,4.3997e-09,1
"Valine, Leucine and Isoleucine Degradation",4.3907744e-09,18
Hedgehog ligand biogenesis,4.3901434e-09,9
"Adrenaline,noradrenaline inhibits insulin secretion",4.386517e-09,11
Fructose Mannose metabolism,4.3861768e-09,16
Activated NTRK2 signals through RAS,4.3824464e-09,5
RAC1 GTPase cycle,4.3750092e-09,116
Airway smooth muscle cell contraction,4.368327e-09,9
Omega-6 fatty acid metabolism,4.366611e-09,10
MAPK signaling pathway - Homo sapiens (human),4.35977e-09,184
Paclitaxel Action Pathway,4.359581e-09,5
Riboflavin Metabolism,4.353591e-09,3
regulation of cell cycle progression by plk3,4.346365e-09,5
Condensation of Prophase Chromosomes,4.3387876e-09,21
Iron uptake and transport,4.3299293e-09,21
Arylamine metabolism,4.316532e-09,6
hop pathway in cardiac development,4.313882e-09,3
Trisalicylate-choline Action Pathway,4.3081654e-09,14
VEGF,4.2984785e-09,106
"Respiratory electron transport, ATP synthesis by chemiosmotic coupling, and heat production by uncoupling proteins.",4.2969877e-09,28
2-Hydroxyglutric Aciduria (D And L Form),4.2945922e-09,14
Fructose metabolism,4.2929225e-09,4
IL11,4.2900137e-09,16
mRNA Processing,4.287286e-09,40
Validated targets of C-MYC transcriptional repression,4.280381e-09,39
Transfer of Acetyl Groups into Mitochondria,4.280162e-09,6
Constitutive Signaling by NOTCH1 PEST Domain Mutants,4.279832e-09,32
Validated nuclear estrogen receptor beta network,4.27695e-09,9
Muscle contraction,4.276427e-09,104
Renin-angiotensin system - Homo sapiens (human),4.2739368e-09,12
Interaction With Cumulus Cells And The Zona Pellucida,4.2717367e-09,6
Vitamin D3 (cholecalciferol) metabolism,4.267441e-09,8
Model for regulation of MSMP expression in cancer cells and its proangiogenic role in ovarian tumors,4.2661545e-09,1
TNFalpha,4.2622736e-09,119
Leptin Insulin Overlap,4.2512185e-09,10
VLDLR internalisation and degradation,4.250822e-09,4
Regulation of commissural axon pathfinding by SLIT and ROBO,4.2432546e-09,7
Linoleic acid metabolism - Homo sapiens (human),4.2409383e-09,14
Quinapril Metabolism Pathway,4.238988e-09,1
Aldosterone synthesis and secretion - Homo sapiens (human),4.2347326e-09,61
Digestion of dietary carbohydrate,4.231576e-09,7
RNA Polymerase II HIV Promoter Escape,4.229121e-09,20
HDL clearance,4.2285033e-09,2
Recruitment of mitotic centrosome proteins and complexes,4.2274664e-09,34
InlB-mediated entry of Listeria monocytogenes into host cell,4.222698e-09,8
IL-1 p38,4.215845e-09,35
FOXP3 in COVID-19,4.2142707e-09,10
Porphyrin metabolism,4.2106745e-09,25
Integrin cell surface interactions,4.197645e-09,46
Extrinsic Pathway of Fibrin Clot Formation,4.1974975e-09,3
E3 ubiquitin ligases ubiquitinate target proteins,4.1938018e-09,28
DNA methylation,4.1922235e-09,19
Pantoprazole Metabolism Pathway,4.190526e-09,1
Allograft Rejection,4.1851216e-09,65
Vitamin B12 Disorders,4.1835406e-09,1
TP53 Regulates Transcription of Genes Involved in Cytochrome C Release,4.182141e-09,9
Morphine addiction - Homo sapiens (human),4.1792942e-09,65
"Valine, leucine and isoleucine degradation - Homo sapiens (human)",4.1775476e-09,28
Fatty acid Metabolism,4.1681294e-09,7
RUNX1 regulates transcription of genes involved in WNT signaling,4.1656776e-09,4
tRNA modification in the mitochondrion,4.1602717e-09,3
Inositol Metabolism,4.157253e-09,10
dermatan sulfate biosynthesis,4.156681e-09,11
RAC1-PAK1-p38-MMP2 Pathway,4.1544497e-09,44
Adaptive Immune System,4.1513797e-09,359
Tie2 Signaling,4.1508033e-09,13
Metalloprotease DUBs,4.1485375e-09,9
Glycerol Kinase Deficiency,4.1392045e-09,9
Neuroactive ligand-receptor interaction - Homo sapiens (human),4.1368367e-09,196
"COVID-19, thrombosis and anticoagulation",4.135112e-09,3
Vibrio cholerae infection - Homo sapiens (human),4.1273083e-09,21
Trans-sulfuration and one-carbon metabolism,4.126748e-09,18
Acetaminophen  Action Pathway,4.1229793e-09,14
RNA Polymerase II Transcription Pre-Initiation And Promoter Opening,4.1220956e-09,20
Selenocompound metabolism - Homo sapiens (human),4.121075e-09,9
Glycine Serine metabolism,4.1123593e-09,17
Signaling events mediated by the Hedgehog family,4.111697e-09,16
Non-homologous end-joining - Homo sapiens (human),4.1063597e-09,5
Formation of Senescence-Associated Heterochromatin Foci (SAHF),4.0987906e-09,4
Fc-epsilon receptor I signaling in mast cells,4.0985726e-09,42
Acute myeloid leukemia - Homo sapiens (human),4.0920103e-09,41
Fcgamma receptor (FCGR) dependent phagocytosis,4.0884807e-09,43
Transport of connexons to the plasma membrane,4.084936e-09,2
Oxysterols derived from cholesterol,4.0841077e-09,6
Other semaphorin interactions,4.0818553e-09,14
FOXO-mediated transcription,4.0807686e-09,37
NADPH regeneration,4.079962e-09,1
Betaxolol Action Pathway,4.0789554e-09,41
RHOBTB GTPase Cycle,4.076986e-09,14
coenzyme A biosynthesis,4.0712704e-09,6
"D-<i>myo</i>-inositol (1,4,5)-trisphosphate biosynthesis",4.0618247e-09,13
Arachidonate production from DAG,4.061258e-09,3
granzyme a mediated apoptosis pathway,4.0472345e-09,2
Metabolism of RNA,4.047215e-09,184
tRNA processing in the mitochondrion,4.046912e-09,1
Phase 4 - resting membrane potential,4.0467585e-09,13
Ascorbate and aldarate metabolism - Homo sapiens (human),4.046613e-09,22
Glutamate and glutamine metabolism,4.0463957e-09,5
Development and heterogeneity of the ILC family,4.0429384e-09,28
Monoamine Transport,4.0368544e-09,17
Nuclear Events (kinase and transcription factor activation),4.03646e-09,38
Immune response to tuberculosis,4.0327657e-09,15
Synthesis of dolichyl-phosphate mannose,4.0254475e-09,1
Cross-presentation of particulate exogenous antigens (phagosomes),4.0252104e-09,3
Polo-like kinase mediated events,4.0249137e-09,5
N-glycan trimming in the ER and Calnexin/Calreticulin cycle,4.0238826e-09,9
FoxO signaling pathway - Homo sapiens (human),4.02199e-09,72
Fosinopril Action Pathway,4.0087667e-09,3
Benzene metabolism,4.000836e-09,2
COPII-mediated vesicle transport,3.9949857e-09,31
aspirin blocks signaling pathway involved in platelet activation,3.9938435e-09,13
Formation of TC-NER Pre-Incision Complex,3.9933816e-09,16
Lysinuric Protein Intolerance,3.991249e-09,20
Fluoroacetic acid toxicity,3.9893475e-09,5
Hedgehog signaling pathway - Homo sapiens (human),3.9844665e-09,37
Galactosemia II (GALK),3.9734243e-09,3
Interaction between L1 and Ankyrins,3.973133e-09,20
Mitochondrial CIV Assembly,3.964354e-09,10
Glycosaminoglycan biosynthesis - keratan sulfate - Homo sapiens (human),3.964055e-09,9
Signaling by ERBB2 in Cancer,3.9595487e-09,16
TNFR1-induced NFkappaB signaling pathway,3.953417e-09,8
Glial Cell Differentiation,3.949922e-09,4
role of parkin in ubiquitin-proteasomal pathway,3.9468118e-09,6
Apelin signaling pathway - Homo sapiens (human),3.9396886e-09,73
L-dopa degradation,3.9377834e-09,1
RHOQ GTPase cycle,3.9332346e-09,37
Reactions specific to the hybrid N-glycan synthesis pathway,3.9328736e-09,1
E-cadherin signaling in the nascent adherens junction,3.9208725e-09,21
Creatine metabolism,3.9022052e-09,4
Cholesterol metabolism (includes both Bloch and Kandutsch-Russell pathways),3.89275e-09,19
Antagonism of Activin by Follistatin,3.888614e-09,4
Negative regulation of FGFR4 signaling,3.8873034e-09,23
Somatic sex determination,3.8844146e-09,8
Thyroid hormone signaling pathway - Homo sapiens (human),3.884077e-09,73
DNA Replication Pre-Initiation,3.8828807e-09,15
Pentose phosphate cycle,3.8773225e-09,9
Toxicity of botulinum toxin type D (botD),3.874823e-09,4
Regulation of KIT signaling,3.8687418e-09,15
Activation of NMDA receptors and postsynaptic events,3.867026e-09,43
Signaling by WNT,3.8621444e-09,137
Cellular response to hypoxia,3.859938e-09,14
AURKA Activation by TPX2,3.8571715e-09,27
SDK interactions,3.855334e-09,2
ERCC6 (CSB) and EHMT2 (G9a) positively regulate rRNA expression,3.85071e-09,17
Prion disease - Homo sapiens (human),3.8453134e-09,104
Unfolded protein response,3.8412873e-09,10
Resolution of AP sites via the single-nucleotide replacement pathway,3.836706e-09,1
RHO GTPase cycle,3.826918e-09,240
betaKlotho-mediated ligand binding,3.824458e-09,2
S-adenosyl-L-methionine biosynthesis,3.819081e-09,2
Pancreatic adenocarcinoma pathway,3.8162957e-09,44
Acute viral myocarditis,3.80604e-09,47
Energy dependent regulation of mTOR by LKB1-AMPK,3.8055132e-09,11
Inwardly rectifying K+ channels,3.801662e-09,20
Signaling by NOTCH3,3.800519e-09,23
Cytokine-cytokine receptor interaction - Homo sapiens (human),3.7962518e-09,189
Pentose Phosphate Pathway,3.794535e-09,6
Translesion synthesis by POLI,3.792828e-09,7
Regulation of HMOX1 expression and activity,3.7907277e-09,6
EGFR downregulation,3.7902472e-09,19
Morphine Metabolism Pathway,3.7799914e-09,11
alternative complement pathway,3.7780747e-09,4
TFAP2A acts as a transcriptional repressor during retinoic acid induced cell differentiation,3.775603e-09,3
sphingosine and sphingosine-1-phosphate metabolism,3.7723638e-09,4
Negative regulation of MET activity,3.76762e-09,14
Hydromorphone Action Pathway,3.766051e-09,15
EML4 and NUDC in mitotic spindle formation,3.7658627e-09,44
Lectin pathway of complement activation,3.760536e-09,5
NLR Proteins,3.7595287e-09,7
ID signaling pathway,3.7579646e-09,9
Mitophagy - animal - Homo sapiens (human),3.757771e-09,36
IL5,3.7524943e-09,33
no2-dependent il-12 pathway in nk cells,3.751377e-09,8
Phagosome - Homo sapiens (human),3.7491783e-09,85
Eicosanoid Synthesis,3.7489825e-09,11
Pyruvate Metabolism,3.748373e-09,10
Attachment and Entry,3.7454866e-09,3
Toll Like Receptor 3 (TLR3) Cascade,3.744139e-09,58
Tramadol Metabolism Pathway,3.742782e-09,5
Protein export - Homo sapiens (human),3.7394745e-09,12
Synthesis of 5-eicosatetraenoic acids,3.7311176e-09,5
Integrin,3.7221324e-09,82
Proton-coupled monocarboxylate transport,3.7208916e-09,3
Propanoate metabolism - Homo sapiens (human),3.7125933e-09,15
Regulation of TP53 Expression,3.7109222e-09,2
fatty acid α-oxidation III,3.7046604e-09,2
FGFR2 alternative splicing,3.7043262e-09,10
Suppression of phagosomal maturation,3.6969054e-09,5
Citrullinemia Type I,3.696523e-09,7
Mitochondrial Electron Transport Chain,3.6963783e-09,7
Metabolism of steroid hormones,3.6856087e-09,12
Dopamine metabolism,3.6762222e-09,6
IRS-related events triggered by IGF1R,3.6759582e-09,36
Interleukin-17 signaling,3.6715075e-09,44
CD4 T cell receptor signaling,3.6666554e-09,78
Androgen receptor signaling pathway,3.6546837e-09,47
GnRH secretion - Homo sapiens (human),3.6545136e-09,39
Transport of inorganic cations/anions and amino acids/oligopeptides,3.6459866e-09,64
how progesterone initiates the oocyte maturation,3.6458119e-09,14
Constitutive Androstane Receptor Pathway,3.6399441e-09,19
Dopamine clearance from the synaptic cleft,3.6398857e-09,1
Programmed Cell Death,3.6353551e-09,71
IL-4 signaling,3.6335361e-09,5
progesterone biosynthesis,3.6319463e-09,2
Negative regulation of TCF-dependent signaling by DVL-interacting proteins,3.6275805e-09,3
Interactome of polycomb repressive complex 2 (PRC2),3.624788e-09,10
Immune System,3.617567e-09,939
DNA Damage/Telomere Stress Induced Senescence,3.6028442e-09,12
Striated Muscle Contraction Pathway,3.6011036e-09,15
Neurotransmitter receptors and postsynaptic signal transmission,3.5984165e-09,110
TLR p38,3.5937466e-09,33
Hepatitis C - Homo sapiens (human),3.5822865e-09,81
PRC2 methylates histones and DNA,3.5689371e-09,23
Signaling by NTRK2 (TRKB),3.5667043e-09,15
Galactosemia,3.561917e-09,6
wybutosine biosynthesis,3.5618077e-09,1
Plasma lipoprotein clearance,3.5603414e-09,15
"Homocystinuria-megaloblastic anemia due to defect in cobalamin metabolism, cblG complementation type",3.5594667e-09,12
SUMOylation of transcription factors,3.5569698e-09,12
Alpha-protein kinase 1 signaling pathway,3.5552774e-09,5
CS/DS degradation,3.5538057e-09,3
HCMV Early Events,3.5512846e-09,33
HDL remodeling,3.5453382e-09,5
Propanoate metabolism,3.5448018e-09,16
acetyl-CoA biosynthesis from citrate,3.5442516e-09,1
Fatty acid elongation - Homo sapiens (human),3.5329797e-09,11
Ferroptosis - Homo sapiens (human),3.5295242e-09,22
Enalapril Action Pathway,3.5288306e-09,3
Dimethylthiambutene Action Pathway,3.5232217e-09,15
purine deoxyribonucleosides salvage,3.5211327e-09,3
Signaling events mediated by Stem cell factor receptor (c-Kit),3.5165912e-09,37
Defects of contact activation system (CAS) and kallikrein/kinin system (KKS),3.5160057e-09,2
Esomeprazole Metabolism Pathway,3.5144496e-09,1
MAP2K and MAPK activation,3.5115022e-09,27
Synthesis of PC,3.5110759e-09,17
Nicotinate Nicotinamide metabolism,3.5097676e-09,18
Trans-sulfuration pathway,3.5048044e-09,6
retinoate biosynthesis I,3.4977075e-09,4
Phosphorylation of the APC/C,3.4940546e-09,9
Triamterene Action Pathway,3.4904435e-09,20
Phase 3 - rapid repolarisation,3.4821488e-09,6
Apoptosis - multiple species - Homo sapiens (human),3.4816199e-09,10
Olfactory Signaling Pathway,3.4786654e-09,111
map kinase inactivation of smrt corepressor,3.4780574e-09,8
tyrosine degradation,3.4758658e-09,2
Insulin Signaling,3.4708827e-09,95
Complement Activation,3.4706935e-09,8
ER-Phagosome pathway,3.4556162e-09,6
Caffeine and Theobromine metabolism,3.446944e-09,3
Synthesis of (16-20)-hydroxyeicosatetraenoic acids (HETE),3.4451721e-09,7
Losartan Action Pathway,3.4416159e-09,3
superpathway of inositol phosphate compounds,3.4383707e-09,40
Antigen processing-Cross presentation,3.4358556e-09,21
HSF1-dependent transactivation,3.4225387e-09,15
Wnt Canonical,3.4170502e-09,61
Levorphanol Action Pathway,3.4130587e-09,15
Rev-mediated nuclear export of HIV RNA,3.4124943e-09,11
Dibucaine Action Pathway,3.4122531e-09,15
Netrin-UNC5B signaling pathway,3.4043737e-09,41
Signaling by ROBO receptors,3.3990055e-09,41
Highly sodium permeable postsynaptic acetylcholine nicotinic receptors,3.3936578e-09,3
<i>S</i>-methyl-5-thio-α-D-ribose 1-phosphate degradation,3.3860346e-09,2
Rapid glucocorticoid signaling,3.383353e-09,6
Leishmania phagocytosis,3.3807572e-09,34
CYP2E1 reactions,3.3770382e-09,5
Vitamin B6 metabolism - Homo sapiens (human),3.3755203e-09,2
Di-unsaturated fatty acid beta-oxidation,3.3635983e-09,9
Long-term potentiation - Homo sapiens (human),3.3546854e-09,38
isoleucine degradation,3.351353e-09,7
tetrahydrobiopterin <i>de novo</i> biosynthesis,3.3441951e-09,1
telomeres telomerase cellular aging and immortality,3.3441232e-09,11
mtor signaling pathway,3.341067e-09,9
Bromfenac Action Pathway,3.3316745e-09,14
Propoxyphene Action Pathway,3.3306975e-09,15
Regulation of insulin secretion,3.3269938e-09,42
Nicotinamide salvaging,3.320776e-09,7
glycine/serine biosynthesis,3.3201943e-09,1
Ardeparin Action Pathway,3.3168979e-09,14
GDNF-RET signaling axis,3.3160896e-09,13
p75NTR signals via NF-kB,3.315297e-09,9
Gap junction trafficking and regulation,3.3113308e-09,7
Nectin/Necl  trans heterodimerization,3.3095446e-09,6
Ibuprofen Metabolism Pathway,3.3021497e-09,15
Purine Nucleoside Phosphorylase Deficiency,3.2973082e-09,20
PI3K Cascade,3.2959884e-09,31
Syndecan-4-mediated signaling events,3.2890635e-09,24
RUNX1 regulates transcription of genes involved in interleukin signaling,3.282441e-09,3
Defensins,3.2809337e-09,12
TYROBP causal network in microglia,3.27279e-09,37
pten dependent cell cycle arrest and apoptosis,3.2703555e-09,8
Axon guidance - Homo sapiens (human),3.2656855e-09,117
Cytosolic tRNA aminoacylation,3.249496e-09,9
sprouty regulation of tyrosine kinase signals,3.2478082e-09,13
Budding and maturation of HIV virion,3.2451768e-09,13
TCR signaling,3.2310261e-09,51
Signaling by juxtamembrane domain KIT mutants,3.225471e-09,1
Gastrin,3.2229193e-09,31
Prolactin signaling pathway - Homo sapiens (human),3.2189966e-09,51
Interferon alpha/beta signaling,3.2178344e-09,39
mRNA Editing: C to U Conversion,3.2117744e-09,1
Estrogen Receptor Pathway,3.2102658e-09,10
Canonical NF-KB pathway,3.2095846e-09,4
CD22 mediated BCR regulation,3.2095375e-09,3
chromatin remodeling by hswi/snf atp-dependent complexes,3.2090002e-09,13
Initiation of Nuclear Envelope (NE) Reformation,3.2087986e-09,9
Formation of Fibrin Clot (Clotting Cascade),3.2003298e-09,22
Arginine biosynthesis - Homo sapiens (human),3.1946414e-09,9
Antigen activates B Cell Receptor (BCR) leading to generation of second messengers,3.1880947e-09,21
Lysine Degradation,3.1870175e-09,8
RNA Pol II CTD phosphorylation and interaction with CE,3.1847764e-09,12
FRS-mediated FGFR2 signaling,3.1836722e-09,17
Excitatory Neural Signalling Through 5-HTR 6 and Serotonin ,3.179246e-09,5
Regulation of gap junction activity,3.169661e-09,3
Cell-type Dependent Selectivity of CCK2R Signaling,3.164632e-09,9
Biosynthesis of aspirin-triggered D-series resolvins,3.1574756e-09,3
"Metabolic pathway of LDL, HDL and TG, including diseases",3.1519596e-09,5
ATF6 (ATF6-alpha) activates chaperones,3.1497236e-09,2
Regulation of pyruvate dehydrogenase (PDH) complex,3.1413525e-09,8
Nicotine Activity on Dopaminergic Neurons,3.1403502e-09,14
Lactose Degradation,3.1298795e-09,4
TGF-beta receptor signaling activates SMADs,3.12186e-09,11
EPH-Ephrin signaling,3.111197e-09,51
CAMKK2 Pathway,3.1096146e-09,22
Signalling to p38 via RIT and RIN,3.106789e-09,5
p75NTR recruits signalling complexes,3.1046135e-09,5
Biotin metabolism - Homo sapiens (human),3.103037e-09,2
COVID-19 adverse outcome pathway,3.1019471e-09,12
Blood Clotting Cascade,3.0949483e-09,15
"D-<i>myo</i>-inositol (1,3,4)-trisphosphate biosynthesis",3.0931453e-09,9
Translation Factors,3.089474e-09,12
Gap-filling DNA repair synthesis and ligation in TC-NER,3.0844056e-09,23
Phosphodiesterases in neuronal function,3.0818228e-09,40
IGF-Core,3.0790908e-09,13
miRNAs involvement in the immune response in sepsis,3.0777336e-09,28
Glycine degradation,3.0746312e-09,2
rho cell motility signaling pathway,3.0677931e-09,19
Pathways of nucleic acid metabolism and innate immune sensing,3.0673406e-09,2
Pathways in cancer - Homo sapiens (human),3.066825e-09,315
Ribose-5-phosphate isomerase deficiency,3.0645868e-09,6
Nucleobase biosynthesis,3.0605705e-09,6
Furosemide Action Pathway,3.0586227e-09,20
Signaling by MST1,3.0560061e-09,2
TRIF-mediated programmed cell death,3.0557654e-09,5
TFAP2 (AP-2) family regulates transcription of other transcription factors,3.045579e-09,4
IL-12 signaling,3.0413814e-09,6
SLIT2:ROBO1 increases RHOA activity,3.0404346e-09,4
Genes controlling nephrogenesis,3.0371403e-09,26
Abciximab Action Pathway,3.0294824e-09,1
ATP sensitive Potassium channels,3.0260683e-09,4
Glioblastoma signaling pathways,3.0249743e-09,52
Cdc20:Phospho-APC/C mediated degradation of Cyclin A,3.0234464e-09,12
TNF signaling pathway - Homo sapiens (human),3.023299e-09,72
RHOBTB2 GTPase cycle,3.0226084e-09,9
G2/M DNA replication checkpoint,3.0181224e-09,1
G1 to S cell cycle control,3.0165435e-09,31
Fc epsilon RI signaling pathway - Homo sapiens (human),3.015431e-09,50
Elastic fibre formation,3.014426e-09,18
PI3K/AKT Signaling in Cancer,3.0142893e-09,67
Heme Biosynthesis,3.0118286e-09,2
Formation of HIV elongation complex in the absence of HIV Tat,3.0111416e-09,17
Sialuria or French Type Sialuria,3.0105642e-09,9
Lactose synthesis,3.0100966e-09,3
Isovaleric Aciduria,3.0062464e-09,18
Glutathione Metabolism,2.9976963e-09,4
Cellular hexose transport,2.9933171e-09,11
Eicosanoid metabolism via cyclooxygenases (COX),2.9872598e-09,16
NGF,2.983764e-09,11
IGF-Ncore,2.9822171e-09,11
Leptin signaling pathway,2.981976e-09,49
L-cysteine degradation I,2.976416e-09,1
Ether lipid metabolism - Homo sapiens (human),2.9727159e-09,23
adenosine nucleotides degradation,2.9573028e-09,7
Neuroinflammation,2.9448612e-09,9
Hypothetical Craniofacial Development Pathway,2.9419347e-09,4
Serotonin Transporter Activity,2.9357796e-09,4
Synthesis of diphthamide-EEF2,2.9191947e-09,2
Zinc transporters,2.9092302e-09,9
Metabolism of cofactors,2.9066936e-09,9
Activation of ATR in response to replication stress,2.9049083e-09,14
Angiotensin Metabolism,2.898405e-09,3
Signaling by ERBB4,2.893855e-09,33
Vitamin B6 Metabolism,2.8932465e-09,2
Enoxaparin Action Pathway,2.8916762e-09,14
NOTCH-Ncore,2.890571e-09,14
TCA Cycle Nutrient Utilization and Invasiveness of Ovarian Cancer,2.8850171e-09,5
Autoimmune thyroid disease - Homo sapiens (human),2.8733471e-09,37
Trafficking and processing of endosomal TLR,2.8733185e-09,6
The Overlap Between Signal Transduction Pathways that Contribute to a Range of LMNA Laminopathies,2.8694602e-09,31
Diltiazem Action Pathway,2.8659741e-09,41
Amino sugar and nucleotide sugar metabolism - Homo sapiens (human),2.862088e-09,19
"Transport of vitamins, nucleosides, and related molecules",2.8608929e-09,17
Type II Na+/Pi cotransporters,2.8601357e-09,1
Dipyridamole (Antiplatelet) Action Pathway,2.8582599e-09,1
PLC-gamma1 signalling,2.8559315e-09,2
regulation of pgc-1a,2.8536293e-09,10
Antipyrine Action Pathway,2.8496214e-09,14
Cyclin D associated events in G1,2.8417535e-09,21
Risedronate Action Pathway,2.8410756e-09,10
Diclofenac Action Pathway,2.8402862e-09,14
Androgen biosynthesis,2.8323663e-09,4
Synthesis of PIPs at the Golgi membrane,2.829057e-09,6
Downregulation of SMAD2/3:SMAD4 transcriptional activity,2.8266007e-09,10
Purine catabolism,2.8167926e-09,7
Insulin Pathway,2.815642e-09,26
G1/S DNA Damage Checkpoints,2.8064093e-09,8
glutamate dependent acid resistance,2.7954503e-09,2
MAPK family signaling cascades,2.794054e-09,174
PTF1A related regulatory pathway,2.791292e-09,8
glycine cleavage,2.7836222e-09,2
Cell surface interactions at the vascular wall,2.782956e-09,77
Activation of AKT2,2.7788216e-09,2
Inactivation of CDC42 and RAC1,2.7778508e-09,8
Fosphenytoin (Antiarrhythmic) Metabolism Pathway,2.7530946e-09,2
Recycling of eIF2:GDP,2.7490503e-09,2
Histidine degradation,2.7485303e-09,13
15q13.3 copy number variation syndrome,2.7302525e-09,13
thioredoxin pathway,2.7297342e-09,2
Amlodipine Action Pathway,2.7227745e-09,41
SRP-dependent cotranslational protein targeting to membrane,2.7201388e-09,38
Signaling by EGFRvIII in Cancer,2.7115874e-09,8
actions of nitric oxide in the heart,2.6960754e-09,25
TRAF3-dependent IRF activation pathway,2.6952218e-09,9
melatonin degradation I,2.6927403e-09,6
"Valine, leucine and isoleucine degradation",2.6853422e-09,30
IL-13 signaling,2.6711688e-09,7
Heart Development,2.6622509e-09,22
Mitochondrial DNA depletion syndrome,2.6516305e-09,20
dicer pathway,2.6503502e-09,1
Signaling mediated by p38-alpha and p38-beta,2.649724e-09,21
ROS and RNS production in phagocytes,2.6452351e-09,13
Regulation of IFNG signaling,2.6435374e-09,12
rRNA modification in the mitochondrion,2.6402502e-09,1
Heparan sulfate/heparin (HS-GAG) metabolism,2.6335065e-09,29
TGF-beta signaling TAK1,2.6312634e-09,12
Aminocaproic Acid Action Pathway,2.629875e-09,14
Homocysteine Degradation,2.6248963e-09,3
Phosphonate and phosphinate metabolism - Homo sapiens (human),2.6225058e-09,2
P2Y receptors,2.6219142e-09,6
Ovarian steroidogenesis - Homo sapiens (human),2.6191387e-09,36
Adefovir Dipivoxil Metabolism Pathway,2.611571e-09,1
Forasartan Action Pathway,2.6081253e-09,3
Spironolactone Action Pathway,2.605117e-09,20
Biosynthesis of E-series 18(R)-resolvins,2.5907356e-09,3
Overview of leukocyte-intrinsic Hippo pathway functions,2.5748248e-09,23
Measles - Homo sapiens (human),2.573758e-09,79
Lansoprazole Action Pathway,2.573131e-09,6
Resistin as a regulator of inflammation,2.5699496e-09,21
TGF-beta super family signaling pathway canonical,2.5580644e-09,53
Vpr-mediated nuclear import of PICs,2.5538882e-09,11
Transcriptional Regulation by TP53,2.5525366e-09,163
Aprotinin Action Pathway,2.5521731e-09,14
Signaling by Interleukins,2.5504923e-09,164
ionomycin and phorbal ester signaling pathway,2.545617e-09,4
MECP2 and Associated Rett Syndrome,2.544164e-09,38
Switching of origins to a post-replicative state,2.5290534e-09,21
IL-1 JNK,2.5268934e-09,32
B cell receptor signaling,2.5204656e-09,49
Hypermethioninemia,2.5204567e-09,12
Synthesis of UDP-N-acetyl-glucosamine,2.5160531e-09,4
brca1 dependent ub ligase activity,2.515501e-09,4
Reactions specific to the complex N-glycan synthesis pathway,2.5149594e-09,5
Fas ligand pathway and stress induction of heat shock proteins,2.5102764e-09,22
Doxepin Metabolism Pathway,2.488802e-09,3
Ceramide signaling pathway,2.4849196e-09,23
Translation initiation complex formation,2.47667e-09,15
Host Interactions of HIV factors,2.476444e-09,35
cyclins and cell cycle regulation,2.471392e-09,13
"Activation, myristolyation of BID and translocation to mitochondria",2.466201e-09,2
Ciliopathies,2.4648266e-09,87
HCMV Infection,2.4554354e-09,34
RAC1 signaling pathway,2.4547837e-09,26
Sphingolipid signaling pathway - Homo sapiens (human),2.4498776e-09,74
Translesion synthesis by Y family DNA polymerases bypasses lesions on DNA template,2.4490934e-09,13
Nuclear signaling by ERBB4,2.4385294e-09,18
PDGF receptor signaling network,2.4217428e-09,4
SHC-mediated cascade:FGFR1,2.409636e-09,13
Suppression of autophagy,2.4074067e-09,2
Splicing factor NOVA regulated synaptic proteins,2.4026718e-09,26
Perindopril Action Pathway,2.3970839e-09,3
SUMOylation of ubiquitinylation proteins,2.3825084e-09,16
Folding of actin by CCT/TriC,2.382059e-09,4
Focal Adhesion-PI3K-Akt-mTOR-signaling pathway,2.3731221e-09,173
Leukotriene receptors,2.372295e-09,2
Isoprenaline Action Pathway,2.3655282e-09,41
FGFR1 mutant receptor activation,2.363178e-09,23
"Adrenoleukodystrophy, X-linked",2.36109e-09,4
Carfentanil Action Pathway,2.3586528e-09,15
"G(M2)-Gangliosidosis: Variant B, Tay-sachs disease",2.3537172e-09,9
angiotensin ii mediated activation of jnk pathway via pyk2 dependent signaling,2.3480382e-09,21
cholesterol biosynthesis I,2.3437554e-09,7
Interferon gamma signaling,2.3364808e-09,67
"Homocystinuria, cystathionine beta-synthase deficiency",2.3361988e-09,3
Vindesine Action Pathway,2.3352182e-09,6
Selective autophagy,2.3337687e-09,32
Long-chain-3-hydroxyacyl-coa dehydrogenase deficiency (LCHAD),2.3280795e-09,3
Nectin adhesion pathway,2.3256348e-09,23
Electron Transport Chain (OXPHOS system in mitochondria),2.319437e-09,21
RAC3 GTPase cycle,2.317332e-09,51
17-Beta Hydroxysteroid Dehydrogenase III Deficiency,2.3126945e-09,7
Triglyceride biosynthesis,2.2990534e-09,6
FGFR1c ligand binding and activation,2.299009e-09,8
"Synthesis, secretion, and inactivation of Glucose-dependent Insulinotropic Polypeptide (GIP)",2.293982e-09,4
Signaling by FGFR3 point mutants in cancer,2.2817437e-09,16
Posttranslational regulation of adherens junction stability and dissassembly,2.2803572e-09,34
Gene Silencing by RNA,2.2766073e-09,43
Other interleukin signaling,2.2765434e-09,13
lipoxin biosynthesis,2.2669244e-09,1
triacylglycerol biosynthesis,2.2668338e-09,16
NR1H3 & NR1H2 regulate gene expression linked to cholesterol transport and efflux,2.2630924e-09,21
Erythrocytes take up carbon dioxide and release oxygen,2.256023e-09,3
Paradoxical activation of RAF signaling by kinase inactive BRAF,2.253957e-09,31
RUNX1 regulates estrogen receptor mediated transcription,2.2393007e-09,5
Thyroid cancer - Homo sapiens (human),2.2383237e-09,25
Intracellular Signalling Through Histamine H2 Receptor and Histamine,2.2359021e-09,6
Vitamin B9 (folate) metabolism,2.2353834e-09,11
Cell junction organization,2.2343443e-09,54
Telomere Maintenance,2.2321203e-09,31
Leucine Stimulation on Insulin Signaling,2.2307889e-09,10
Response of EIF2AK4 (GCN2) to amino acid deficiency,2.2282238e-09,31
bupropion degradation,2.2149802e-09,2
Carbamoyl Phosphate Synthetase Deficiency,2.2118618e-09,7
Ca2+ activated K+ channels,2.2115887e-09,6
Tyrosinemia Type 2 (or Richner-Hanhart syndrome),2.2030004e-09,6
CMP-<i>N</i>-acetylneuraminate biosynthesis I (eukaryotes),2.2008098e-09,3
Thyroid stimulating hormone (TSH) signaling pathway,2.1918645e-09,47
Disease,2.1909763e-09,485
Regulation of localization of FOXO transcription factors,2.1858346e-09,7
Extracellular matrix organization,2.1814284e-09,175
PI3K events in ERBB2 signaling,2.1801725e-09,11
ctcf: first multivalent nuclear factor,2.176776e-09,7
Toxicity of botulinum toxin type B (botB),2.1746849e-09,2
Biosynthesis of D-series resolvins,2.1738558e-09,3
Thymic Stromal LymphoPoietin (TSLP) Signaling Pathway,2.1694904e-09,34
Salicylic Acid Action Pathway,2.1691777e-09,14
Prostacyclin signalling through prostacyclin receptor,2.1683562e-09,8
Growth hormone signaling,2.1672033e-09,7
Apparent mineralocorticoid excess syndrome,2.1623157e-09,5
Phototransduction - Homo sapiens (human),2.1476643e-09,11
"POU5F1 (OCT4), SOX2, NANOG repress genes related to differentiation",2.141428e-09,7
"Cobalamin (Cbl, vitamin B12) transport and metabolism",2.1389028e-09,11
Ciliary landscape,2.1337812e-09,101
Mitochondrial transcription initiation,2.1335043e-09,1
Endothelin Pathways,2.1244748e-09,25
Thyroid hormone synthesis,2.1212871e-09,4
regulation of splicing through sam68,2.1200472e-09,7
Degradation of DVL,2.1176199e-09,5
Alteplase Action Pathway,2.117189e-09,14
PKA-mediated phosphorylation of key metabolic factors,2.1048367e-09,2
Notch-mediated HES/HEY network,2.090256e-09,28
FAS (CD95) signaling pathway,2.089262e-09,15
NR1H2 and NR1H3-mediated signaling,2.0846027e-09,26
Cortisol synthesis and secretion - Homo sapiens (human),2.084306e-09,42
KIT mutants bind TKIs,2.080922e-09,1
"TICAM1,TRAF6-dependent induction of TAK1 complex",2.0765998e-09,5
Cellular responses to stress,2.0718094e-09,213
HH-Core,2.0713644e-09,12
Uptake and function of anthrax toxins,2.0599122e-09,7
APC/C-mediated degradation of cell cycle proteins,2.059069e-09,20
FGFR2 ligand binding and activation,2.0523614e-09,14
Cardiac conduction,2.048779e-09,67
RNA Polymerase I Transcription,2.0447093e-09,18
Cysteine formation from homocysteine,2.0307578e-09,3
S-Adenosylhomocysteine (SAH) Hydrolase Deficiency,2.0279707e-09,12
HS-GAG biosynthesis,2.0205775e-09,19
Association of TriC/CCT with target proteins during biosynthesis,2.0195654e-09,16
Autodegradation of Cdh1 by Cdh1:APC/C,2.0131e-09,9
Signaling by FLT3 fusion proteins,2.012578e-09,12
PDGFR-alpha signaling pathway,2.0103288e-09,11
Somitogenesis in the context of spondylocostal dysostosis,2.0093225e-09,4
Nucleotide salvage,2.0045974e-09,9
RNA polymerase - Homo sapiens (human),2.000057e-09,11
phenylalanine degradation/tyrosine biosynthesis,1.9992914e-09,4
Maturation of protein 3a,1.9971245e-09,6
Bile acid and bile salt metabolism,1.995562e-09,22
WNT-Ncore,1.9896262e-09,22
stearate biosynthesis,1.9832143e-09,5
Arf6 signaling events,1.9828597e-09,21
Zinc homeostasis,1.9792599e-09,12
Hyperornithinemia with gyrate atrophy (HOGA),1.9711814e-09,9
Synthesis of Leukotrienes (LT) and Eoxins (EX),1.9686528e-09,12
Carnitine Synthesis,1.956169e-09,2
guanosine nucleotides degradation,1.9530901e-09,3
Neurophilin interactions with VEGF and VEGFR,1.9517632e-09,4
1D-<i>myo</i>-inositol hexakisphosphate biosynthesis II (mammalian),1.9503492e-09,10
glutamate removal from folates,1.9484303e-09,1
EPHA forward signaling,1.9466908e-09,26
"Cerebral organic acidurias, including diseases",1.9404958e-09,1
Arrhythmogenic right ventricular cardiomyopathy - Homo sapiens (human),1.939896e-09,47
Degradation of GLI1 by the proteasome,1.936649e-09,8
growth hormone signaling pathway,1.9252049e-09,15
TP53 Regulates Transcription of Genes Involved in G1 Cell Cycle Arrest,1.924535e-09,7
Selenium Micronutrient Network,1.9219986e-09,52
Acute Intermittent Porphyria,1.9130946e-09,6
MAPK1 (ERK2) activation,1.9118183e-09,1
SUMOylation of transcription cofactors,1.9101547e-09,18
Trichlormethiazide Action Pathway,1.8982602e-09,20
CD28 co-stimulation,1.8975328e-09,21
Hypercholesterolemia,1.8918387e-09,10
MET activates PTPN11,1.8907875e-09,4
TAK1 activates NFkB by phosphorylation and activation of IKKs complex,1.8846862e-09,15
TP53 Regulates Transcription of Death Receptors and Ligands,1.8711095e-09,9
Beta Oxidation of Very Long Chain Fatty Acids,1.8659745e-09,4
Signaling by FGFR2,1.847381e-09,42
MAPK3 (ERK1) activation,1.8400038e-09,3
FasL/ CD95L signaling,1.839938e-09,3
ALK2 signaling events,1.8377468e-09,2
Oncostatin_M,1.8325341e-09,26
2-oxobutanoate degradation,1.8068418e-09,4
Vitamins A and D - action mechanisms,1.805387e-09,2
Tolmetin Action Pathway,1.7990738e-09,14
Bile acid biosynthesis,1.7961104e-09,32
Caspase-mediated cleavage of cytoskeletal proteins,1.7951627e-09,5
il 6 signaling pathway,1.79136e-09,10
Vitamin K Metabolism,1.7876802e-09,2
Vitamin B5 - CoA biosynthesis from pantothenate,1.7784272e-09,12
Transcriptional regulation of pluripotent stem cells,1.7755761e-09,19
PI-3K cascade:FGFR3,1.7754855e-09,14
Abacavir metabolism,1.7727437e-09,2
3-Methylglutaconic Aciduria Type III,1.7704216e-09,18
Mycophenolic Acid Metabolism Pathway,1.7651747e-09,11
Medium chain acyl-coa dehydrogenase deficiency (MCAD),1.7593327e-09,7
ECM-receptor interaction - Homo sapiens (human),1.7405539e-09,57
Golgi Associated Vesicle Biogenesis,1.7405308e-09,31
Cori Cycle,1.7389055e-09,5
Tryptophan metabolism,1.7280359e-09,34
Anchoring fibril formation,1.7149482e-09,5
epo signaling pathway,1.7061179e-09,7
Collagen formation,1.7022614e-09,56
Hepatitis B - Homo sapiens (human),1.7008102e-09,91
PLCG1 events in ERBB2 signaling,1.6939263e-09,3
Synthesis of PI,1.6916784e-09,2
Interleukin-10 signaling,1.6904349e-09,6
Purine metabolism,1.6846018e-09,98
APC/C:Cdh1 mediated degradation of Cdc20 and other APC/C:Cdh1 targeted proteins in late mitosis/early G1,1.6796167e-09,11
FOXM1 transcription factor network,1.6795996e-09,23
RHOG GTPase cycle,1.6794215e-09,45
Nevirapine Metabolism Pathway,1.6767855e-09,5
Diabetic cardiomyopathy - Homo sapiens (human),1.671415e-09,76
"Activation of NIMA Kinases NEK9, NEK6, NEK7",1.6640236e-09,4
IL2 signaling events mediated by STAT5,1.6633237e-09,20
RND1 GTPase cycle,1.6566366e-09,26
Hippo signaling pathway - Homo sapiens (human),1.656407e-09,88
Eukaryotic Translation Elongation,1.6481327e-09,27
LPA4-mediated signaling events,1.6361039e-09,10
"Parathyroid hormone synthesis, secretion and action - Homo sapiens (human)",1.6303712e-09,69
protein kinase a at the centrosome,1.6272288e-09,7
Phenylalanine metabolism - Homo sapiens (human),1.6251396e-09,7
Synthesis of PA,1.6189494e-09,21
Transcriptional regulation by RUNX1,1.61643e-09,92
Epinephrine Action Pathway,1.6139543e-09,41
Suppression of apoptosis,1.6123458e-09,5
RUNX3 Regulates Immune Response and Cell Migration,1.6080826e-09,3
il-10 anti-inflammatory signaling pathway,1.6064479e-09,12
OAS antiviral response,1.6060666e-09,5
NOTCH2 Activation and Transmission of Signal to the Nucleus,1.6057289e-09,12
γ-glutamyl cycle,1.6047172e-09,4
Extracellular vesicles in the crosstalk of cardiac cells,1.6025297e-09,13
Thromboxane A2 receptor signaling,1.5993664e-09,36
Gamma-Glutamyltransferase Deficiency,1.5985231e-09,4
Vitamin B1 (thiamin) metabolism,1.5982411e-09,4
Miscellaneous substrates,1.5925132e-09,7
Inositol phosphate metabolism - Homo sapiens (human),1.5889032e-09,38
Levobunolol Action Pathway,1.5858771e-09,41
SREBF and miR33 in cholesterol and lipid homeostasis,1.5836812e-09,6
POLB-Dependent Long Patch Base Excision Repair,1.5802177e-09,2
L1CAM interactions,1.5782702e-09,59
Non-small cell lung cancer,1.5737736e-09,43
Mucin type O-glycan biosynthesis - Homo sapiens (human),1.5637954e-09,23
Response to elevated platelet cytosolic Ca2+,1.5540733e-09,73
ER to Golgi Anterograde Transport,1.5539028e-09,61
Mammalian disorder of sexual development,1.5518147e-09,13
G0 and Early G1,1.5384032e-09,10
G beta:gamma signalling through BTK,1.5360042e-09,6
FCERI mediated Ca+2 mobilization,1.5259269e-09,23
TNFR2 non-canonical NF-kB pathway,1.5258692e-09,32
leucine degradation,1.5202062e-09,9
Resolution of Sister Chromatid Cohesion,1.5187007e-09,45
Amyloid fiber formation,1.5154287e-09,32
Wax biosynthesis,1.5089066e-09,2
PI3K events in ERBB4 signaling,1.5067743e-09,6
Pancreatic cancer - Homo sapiens (human),1.5053401e-09,39
Chondroitin sulfate/dermatan sulfate metabolism,1.4935067e-09,29
Reuptake of GABA,1.4930821e-09,3
Citric acid cycle (TCA cycle),1.490863e-09,12
IL-6 signaling,1.4908301e-09,6
HDR through MMEJ (alt-NHEJ),1.4893358e-09,6
Role of Osx and miRNAs in tooth development,1.4891688e-09,13
Amiodarone Action Pathway,1.4881207e-09,41
Serotonergic synapse - Homo sapiens (human),1.4816646e-09,69
Histidinemia,1.4791386e-09,7
Processing of Intronless Pre-mRNAs,1.4785488e-09,5
"tRNA-derived small RNA (tsRNA or tRNA-related fragment, tRF) biogenesis",1.4700561e-09,2
GDP-fucose biosynthesis,1.4692647e-09,3
2-aminoadipic 2-oxoadipic aciduria,1.4674839e-09,8
TCA cycle,1.466451e-09,19
Tiaprofenic Acid Action Pathway,1.4571313e-09,14
Proline catabolism,1.4455774e-09,1
Adrenergic signaling in cardiomyocytes - Homo sapiens (human),1.4300707e-09,88
Nicotine Action Pathway,1.4248787e-09,21
PIP3 activates AKT signaling,1.4239045e-09,130
D-galactose degradation V (Leloir pathway),1.4226291e-09,3
PTEN Regulation,1.4188659e-09,47
ADP signalling through P2Y purinoceptor 1,1.4176572e-09,11
Fondaparinux Action Pathway,1.4139259e-09,14
inositol pyrophosphates biosynthesis,1.4138875e-09,6
Regulation of mRNA stability by proteins that bind AU-rich elements,1.4103456e-09,16
IL8- and CXCR1-mediated signaling events,1.4048765e-09,21
thiamin salvage III,1.400899e-09,1
Cohesin Loading onto Chromatin,1.3964838e-09,3
Synthesis of PIPs at the early endosome membrane,1.3953787e-09,6
phytol degradation,1.3931638e-09,1
Glycosaminoglycan biosynthesis - heparan sulfate / heparin - Homo sapiens (human),1.3902222e-09,14
TNFR1-mediated ceramide production,1.3805534e-09,3
Neural Crest Cell Migration during Development,1.375611e-09,26
y branching of actin filaments,1.3743144e-09,6
sucrose degradation,1.3618893e-09,4
Neurodegenerative Diseases,1.348452e-09,6
regulation of transcriptional activity by pml,1.3480914e-09,8
Physiological and pathological hypertrophy of the heart,1.3389325e-09,21
Deadenylation of mRNA,1.3379244e-09,10
"Formation of the active cofactor, UDP-glucuronate",1.3369235e-09,2
Bladder cancer,1.335442e-09,25
SHC1 events in ERBB2 signaling,1.3346231e-09,14
Nonsense Mediated Decay (NMD) independent of the Exon Junction Complex (EJC),1.3341599e-09,28
"Folate malabsorption, hereditary",1.3312534e-09,7
Hypoxia-mediated EMT and Stemness,1.3285684e-09,2
CXCR4-mediated signaling events,1.327126e-09,57
Scavenging by Class F Receptors,1.325219e-09,2
Melatonin metabolism and effects,1.3237402e-09,24
Glycosaminoglycan degradation,1.3199464e-09,10
Stimuli-sensing channels,1.3065202e-09,53
Laminin interactions,1.3020696e-09,16
H19 action Rb-E2F1 signaling and CDK-Beta-catenin activity,1.3014332e-09,7
Trihydroxycoprostanoyl-CoA beta-oxidation,1.2943646e-09,4
NTRK3 as a dependence receptor,1.2937882e-09,1
Autodegradation of the E3 ubiquitin ligase COP1,1.2894965e-09,3
Nuclear Receptor transcription pathway,1.282487e-09,27
Metabolism of polyamines,1.2784076e-09,5
cd40l signaling pathway,1.2773036e-09,7
"urate biosynthesis/inosine 5,-phosphate degradation",1.276371e-09,3
Metastatic brain tumor,1.2743266e-09,6
visceral fat deposits and the metabolic syndrome,1.2742983e-09,6
Interleukin-2 signaling,1.2721152e-09,10
Signaling by PDGFRA extracellular domain mutants,1.271709e-09,8
"Hyperglycinemia, non-ketotic",1.2691075e-09,12
Hypertrophy Model,1.268452e-09,14
Meiotic recombination,1.2675803e-09,15
Erlotinib Action Pathway,1.2668648e-09,3
il12 and stat4 dependent signaling pathway in th1 development,1.2660752e-09,13
Short-chain 3-hydroxyacyl-CoA dehydrogenase deficiency (SCHAD),1.2620003e-09,5
Beta defensins,1.2580683e-09,9
Fatty acyl-CoA biosynthesis,1.2568653e-09,17
Amino acid conjugation of benzoic acid,1.2564589e-09,1
Legionellosis - Homo sapiens (human),1.2557742e-09,31
Hormone ligand-binding receptors,1.2536336e-09,6
Alpha 6 Beta 4 signaling pathway,1.2503016e-09,25
Fumarase deficiency,1.2393075e-09,11
PI-3K cascade:FGFR4,1.2333268e-09,15
LGI-ADAM interactions,1.2314576e-09,7
Transcription co-factors SKI and SKIL protein partners,1.2260921e-09,9
nuclear receptors coordinate the activities of chromatin remodeling complexes and coactivators to facilitate initiation of transcription in carcinoma cells,1.2231904e-09,7
Carnitine-acylcarnitine translocase deficiency,1.2222152e-09,4
The phototransduction cascade,1.2192067e-09,15
Elevation of cytosolic Ca2+ levels,1.2178001e-09,11
Wnt signaling,1.2161168e-09,76
Notch Signaling Pathway Netpath,1.2064838e-09,36
Estrogen signaling pathway,1.2055272e-09,12
pyrimidine deoxyribonucleotides biosynthesis from CTP,1.1948043e-09,5
WNT-Core,1.1925643e-09,27
Vasopressin regulates renal water homeostasis via Aquaporins,1.1914061e-09,20
"cholesterol biosynthesis II (via 24,25-dihydrolanosterol)",1.1803809e-09,7
Glycosphingolipid metabolism,1.1798615e-09,41
Mitotic Metaphase and Anaphase,1.1753118e-09,76
Activated NTRK3 signals through PI3K,1.1750201e-09,5
il 2 signaling pathway,1.1732166e-09,11
noradrenaline and adrenaline degradation,1.1723063e-09,5
Remifentanil Action Pathway,1.1662512e-09,15
C-type lectin receptor signaling pathway - Homo sapiens (human),1.1641519e-09,71
Carbohydrate digestion and absorption - Homo sapiens (human),1.1640982e-09,23
Fluoropyrimidine Activity,1.1638175e-09,22
"WNT5A-dependent internalization of FZD2, FZD5 and ROR2",1.1520207e-09,3
Energy Metabolism,1.1496615e-09,23
Translation of structural proteins,1.142046e-09,10
22q11.2 copy number variation syndrome,1.138281e-09,52
IL23-mediated signaling events,1.1379777e-09,28
Simplified Interaction Map Between LOXL4 and Oxidative Stress Pathway,1.1379466e-09,8
The citric acid (TCA) cycle and respiratory electron transport,1.1234675e-09,53
Platelet Aggregation (Plug Formation),1.122098e-09,23
VEGFR1 specific signals,1.1212311e-09,19
FRS-mediated FGFR1 signaling,1.1105028e-09,16
APC:Cdc20 mediated degradation of cell cycle proteins prior to satisfation of the cell cycle checkpoint,1.1093727e-09,12
MECP2 regulates transcription of genes involved in GABA signaling,1.1087737e-09,2
Signaling by NOTCH4,1.1043224e-09,14
DNA Double Strand Break Response,1.1027774e-09,31
SLBP independent Processing of Histone Pre-mRNAs,1.0983063e-09,1
PI3K-AKT-mTOR signaling pathway and therapeutic opportunities,1.0974721e-09,18
TNFs bind their physiological receptors,1.0859829e-09,20
NoRC negatively regulates rRNA expression,1.0819079e-09,20
Glycosphingolipid biosynthesis - ganglio series - Homo sapiens (human),1.0743899e-09,7
BMP2-WNT4-FOXO1 pathway in primary endometrial stromal cell differentiation,1.0683809e-09,7
Regulation of TP53 Activity through Acetylation,1.0682442e-09,10
ErbB signaling pathway,1.0660073e-09,55
Neurofascin interactions,1.0574945e-09,6
PTK6 Expression,1.0567875e-09,3
Antiviral mechanism by IFN-stimulated genes,1.0516881e-09,21
Sulfite oxidase deficiency,1.0499264e-09,5
Lipoate metabolism,1.0451568e-09,4
"2,-deoxy-α-D-ribose 1-phosphate degradation",1.045001e-09,3
Pentose and glucuronate interconversions - Homo sapiens (human),1.0442212e-09,24
Metal ion SLC transporters,1.0428396e-09,13
Downstream signaling in naïve CD8+ T cells,1.035902e-09,44
dopamine degradation,1.0330468e-09,2
Caffeine metabolism - Homo sapiens (human),1.0327763e-09,3
Tenofovir Metabolism Pathway,1.0300001e-09,1
Nanoparticle triggered autophagic cell death,1.0297097e-09,20
Endoderm differentiation,1.0244872e-09,43
Vitamin B2 (riboflavin) metabolism,1.0229417e-09,7
D-glyceric acidura,1.0109971e-09,9
phospholipase c signaling pathway,1.0090502e-09,3
Mitotic G2-G2/M phases,1.0081536e-09,58
SMAD2/SMAD3:SMAD4 heterotrimer regulates transcription,1.0049233e-09,12
Sulfur metabolism - Homo sapiens (human),9.927659e-10,4
fibrinolysis pathway,9.914092e-10,9
Fatty acid transporters,9.781482e-10,7
Signaling by NOTCH2,9.779542e-10,18
Citalopram Metabolism Pathway,9.67173e-10,2
Diphenoxylate Action Pathway,9.649717e-10,15
Nef and signal transduction,9.638135e-10,8
Assembly of the ORC complex at the origin of replication,9.635857e-10,1
Signaling by FGFR1,9.635555e-10,34
Class I PI3K signaling events,9.618426e-10,33
Mepivacaine Action Pathway,9.557413e-10,15
purine nucleotides degradation,9.524943e-10,8
role of -arrestins in the activation and targeting of map kinases,9.516878e-10,18
JAK STAT MolecularVariation 1,9.501075e-10,69
Tuberculosis - Homo sapiens (human),9.469234e-10,105
adenosine deoxyribonucleotides <i>de novo</i> biosynthesis,9.468186e-10,3
Signaling by extracellular domain mutants of KIT,9.465708e-10,1
tRNA processing,9.441381e-10,38
Sema3A PAK dependent Axon repulsion,9.2627506e-10,9
Pyroptosis,9.192327e-10,6
Retinol Metabolism,9.188389e-10,17
Hypothesized Pathways in Pathogenesis of Cardiovascular Disease,9.1752783e-10,19
lactate fermentation (reoxidation of cytosolic NADH),9.172876e-10,2
GRB7 events in ERBB2 signaling,9.1324104e-10,5
alpha-linolenic acid (ALA) metabolism,9.086438e-10,2
Trandolapril Action Pathway,9.055521e-10,3
superpathway of choline degradation to L-serine,8.974448e-10,4
YAP1- and WWTR1 (TAZ)-stimulated gene expression,8.9639407e-10,7
methionine salvage,8.9075836e-10,2
Negative regulation of TCF-dependent signaling by WNT ligand antagonists,8.8988816e-10,12
CD209 (DC-SIGN) signaling,8.888792e-10,9
Biosynthesis of DPAn-3 SPMs,8.8609386e-10,2
MET activates PI3K/AKT signaling,8.808678e-10,4
APC-Cdc20 mediated degradation of Nek2A,8.72018e-10,10
Leukotriene metabolism,8.711565e-10,50
Displacement of DNA glycosylase by APEX1,8.7048857e-10,2
TFAP2 (AP-2) family regulates transcription of growth factors and their receptors,8.685525e-10,9
Toll-like Receptor Signaling Pathway,8.6619156e-10,63
SUMOylation of DNA damage response and repair proteins,8.636367e-10,28
Farnesoid X receptor pathway,8.6041574e-10,13
ECM proteoglycans,8.5819973e-10,35
Bevacizumab Action Pathway,8.5787305e-10,3
Pyruvate dehydrogenase deficiency (E2),8.5434104e-10,11
intrinsic prothrombin activation pathway,8.541843e-10,17
role of mitochondria in apoptotic signaling,8.521912e-10,3
Arginine Proline metabolism,8.5029717e-10,27
Longevity regulating pathway - Homo sapiens (human),8.491474e-10,51
MFAP5-mediated ovarian cancer cell motility and invasiveness,8.4394486e-10,10
asparagine biosynthesis,8.4260954e-10,2
Downstream signaling of activated FGFR2,8.2903817e-10,20
Binding and entry of HIV virion,8.184786e-10,1
Tenecteplase Action Pathway,8.171148e-10,14
L-carnitine biosynthesis,8.1522256e-10,1
Signaling by FGFR3 fusions in cancer,8.1334894e-10,7
Ca-dependent events,8.1091933e-10,25
17-alpha-hydroxylase deficiency (CYP17),8.0647666e-10,5
APC/C:Cdc20 mediated degradation of Cyclin B,8.048855e-10,9
Activation of the phototransduction cascade,8.026195e-10,3
Irinotecan pathway,8.0245965e-10,9
"GABA synthesis, release, reuptake and degradation",7.975913e-10,14
GnRH signaling pathway - Homo sapiens (human),7.9622664e-10,59
"Phase I biotransformations, non P450",7.9202e-10,5
ATM pathway,7.8420737e-10,13
TGF-beta Receptor Signaling,7.8411166e-10,33
Pyruvaldehyde Degradation,7.8189677e-10,1
Fabry disease,7.807728e-10,14
Fibronectin matrix formation,7.7724494e-10,1
Condensation of Prometaphase Chromosomes,7.756764e-10,5
Synthesis of Lipoxins (LX),7.754011e-10,2
Neurotransmitter uptake and metabolism In glial cells,7.7141715e-10,3
One-carbon metabolism,7.5801143e-10,17
regulation of map kinase pathways through dual specificity phosphatases,7.574994e-10,6
T-Cell antigen Receptor (TCR) pathway during Staphylococcus aureus infection,7.5540374e-10,43
roles of  arrestin dependent recruitment of src kinases in gpcr signaling,7.49232e-10,21
Interconversion of polyamines,7.4622086e-10,1
Robo4 and VEGF Signaling Pathways Crosstalk,7.459433e-10,6
RNA degradation - Homo sapiens (human),7.4281736e-10,29
Chloroprocaine Action Pathway,7.338752e-10,15
Mitochondrial Uncoupling,7.3089623e-10,1
FGF23 signaling in hypophosphatemic rickets and related disorders,7.2773965e-10,16
Epigenetic regulation of gene expression,7.27602e-10,49
human cytomegalovirus and map kinase pathways,7.266774e-10,9
Steroidogenesis,7.2487394e-10,5
ornithine <i>de novo </i> biosynthesis,7.243406e-10,3
BDNF-TrkB Signaling,7.2402173e-10,22
NF-kB is activated and signals survival,7.2325124e-10,7
p53-Dependent G1 DNA Damage Response,7.2099837e-10,8
SUMOylation of DNA replication proteins,7.1993256e-10,13
Eicosanoid metabolism via lipooxygenases (LOX),7.1120976e-10,14
RAS and bradykinin pathways in COVID-19,7.0847506e-10,23
keratinocyte differentiation,7.065424e-10,37
endocytotic role of ndk phosphins and dynamin,7.048053e-10,8
Interconversion of 2-oxoglutarate and 2-hydroxyglutarate,7.032943e-10,1
SARS coronavirus and innate immunity,6.9936146e-10,16
CLEC7A (Dectin-1) signaling,6.965486e-10,29
Catecholamine Biosynthesis,6.9417094e-10,4
Leishmania infection,6.9134165e-10,138
regulators of bone mineralization,6.8329786e-10,8
Beta oxidation of myristoyl-CoA to lauroyl-CoA,6.817884e-10,1
Neural Crest Differentiation,6.7647843e-10,65
RNA Polymerase III Transcription Initiation From Type 3 Promoter,6.717369e-10,10
Fc epsilon receptor (FCERI) signaling,6.6522854e-10,52
SUMOylation of immune response proteins,6.6377526e-10,6
Prostaglandin Synthesis and Regulation,6.5743944e-10,28
RHOBTB1 GTPase cycle,6.499876e-10,8
Semaphorin interactions,6.499761e-10,39
Glycolysis / Gluconeogenesis - Homo sapiens (human),6.4831385e-10,25
RUNX1 regulates transcription of genes involved in differentiation of HSCs,6.428791e-10,26
Hematopoietic Stem Cell Gene Regulation by GABP alpha-beta Complex,6.389316e-10,11
Lissencephaly gene (LIS1) in neuronal migration and development,6.384919e-10,16
mRNA capping,6.37169e-10,1
Signaling by Erythropoietin,6.3166095e-10,17
Monoamine oxidase-a deficiency (MAO-A),6.2850014e-10,10
EGF,6.212586e-10,15
Cilazapril Action Pathway,6.193781e-10,3
Mechanoregulation and pathology of YAP-TAZ via Hippo and non-Hippo mechanisms,6.190648e-10,23
valine degradation,6.1785976e-10,7
Separation of Sister Chromatids,6.161689e-10,53
STAT5 Activation,6.139591e-10,6
Hydrolysis of LPC,6.138161e-10,7
LDL remodeling,6.1341776e-10,3
APEX1-Independent Resolution of AP Sites via the Single Nucleotide Replacement Pathway,6.127565e-10,2
TGF-beta signaling pathway - Homo sapiens (human),6.109284e-10,48
SARS-CoV-2 mitochondrial interactions,6.0935434e-10,14
Ribosome biogenesis in eukaryotes - Homo sapiens (human),6.073462e-10,19
RAS processing,6.0667826e-10,10
Polymerase switching,6.0183947e-10,5
Prefoldin mediated transfer of substrate  to CCT/TriC,5.963312e-10,7
SCF(Skp2)-mediated degradation of p27/p21,5.946874e-10,6
ncRNAs involved in Wnt signaling in hepatocellular carcinoma,5.9361555e-10,57
Signal Transduction,5.9143446e-10,1320
zymosterol biosynthesis,5.912286e-10,3
Folate biosynthesis - Homo sapiens (human),5.8887206e-10,14
TGF-beta Signaling Pathway,5.886509e-10,75
NF-kappa B signaling pathway - Homo sapiens (human),5.8462524e-10,68
Cytosolic sensors of pathogen-associated DNA ,5.843983e-10,19
Degradation of beta catenin,5.8258776e-10,10
Surfactant metabolism,5.8203264e-10,12
Ras activation upon Ca2+ influx through NMDA receptor,5.7993166e-10,15
Inhibition of DNA recombination at telomere,5.716556e-10,14
NEP/NS2 Interacts with the Cellular Export Machinery,5.6637345e-10,1
ROS sensing by NFE2L2,5.5778693e-10,3
NOTCH4 Intracellular Domain Regulates Transcription,5.565113e-10,4
Codeine Action Pathway,5.538814e-10,17
methylglyoxal degradation I,5.520562e-10,1
Artemether Metabolism Pathway,5.472245e-10,3
Activation of Ca-permeable Kainate Receptor,5.4352967e-10,7
Insulin signaling pathway - Homo sapiens (human),5.4240124e-10,62
Trifunctional protein deficiency,5.367258e-10,7
nerve growth factor pathway (ngf),5.2742033e-10,10
Estrogen-stimulated signaling through PRKCZ,5.2247184e-10,2
Inositol phosphate metabolism,5.221281e-10,37
RUNX3 regulates RUNX1-mediated transcription,5.1825655e-10,2
S1P3 pathway,5.1635984e-10,19
"<i>trans, trans</i>-farnesyl diphosphate biosynthesis",5.1632476e-10,2
2-LTR circle formation,5.124452e-10,3
Asymmetric localization of PCP proteins,5.0840954e-10,9
PD-L1 expression and PD-1 checkpoint pathway in cancer - Homo sapiens (human),5.078693e-10,58
Infectious disease,5.062204e-10,320
tRNA processing in the nucleus,5.0607873e-10,19
"inosine-5,-phosphate biosynthesis",4.9923354e-10,1
Chromatin modifying enzymes,4.932925e-10,109
Neutrophil extracellular trap formation - Homo sapiens (human),4.9308935e-10,81
Benazepril Action Pathway,4.9257487e-10,3
Eicosanoid metabolism via cytochrome P450 monooxygenases (CYP) pathway,4.925367e-10,6
Small Ligand GPCRs,4.9136517e-10,11
Mitochondrial translation initiation,4.900298e-10,22
Regulation of Androgen receptor activity,4.849072e-10,34
TRAF6-mediated induction of TAK1 complex within TLR4 complex,4.8328874e-10,7
p75NTR regulates axonogenesis,4.832721e-10,5
sarcosine oncometabolite pathway ,4.8126264e-10,8
Glycosylphosphatidylinositol (GPI)-anchor biosynthesis - Homo sapiens (human),4.808245e-10,7
Cytoprotection by HMOX1,4.774048e-10,27
Toll-like Receptor Cascades,4.764632e-10,82
RHO GTPases Activate ROCKs,4.69206e-10,11
Segawa syndrome,4.6677595e-10,4
PTK6 Activates STAT3,4.6634474e-10,1
Regulatory circuits of the STAT3 signaling pathway,4.6282267e-10,53
Advanced glycosylation endproduct receptor signaling,4.608922e-10,7
Phosphate bond hydrolysis by NUDT proteins,4.5978377e-10,1
Regulation of TP53 Activity through Phosphorylation,4.578533e-10,43
Citrate cycle,4.563505e-10,18
Tyrosinemia Type 3 (TYRO3),4.5507376e-10,6
PAR4-mediated thrombin signaling events,4.5112059e-10,10
Phosphoenolpyruvate carboxykinase deficiency 1 (PEPCK1),4.4789727e-10,8
Leading Strand Synthesis,4.4543969e-10,5
Phosphorylation of CD3 and TCR zeta chains,4.3946102e-10,19
Glycolysis and Gluconeogenesis,4.3934323e-10,40
basic mechanisms of sumoylation,4.3851056e-10,2
Pirenzepine Action Pathway,4.369387e-10,6
IL-6-type cytokine receptor ligand interactions,4.3692872e-10,13
Biosynthesis of DPAn-3-derived protectins and resolvins,4.3661408e-10,1
Ferroptosis,4.3215342e-10,21
Envelope proteins and their potential roles in EDMD physiopathology,4.1888715e-10,26
Metolazone Action Pathway,4.1888004e-10,20
IL6-mediated signaling events,4.123495e-10,34
L-dopachrome biosynthesis,4.1222137e-10,1
NAD+ biosynthetic pathways,4.1138537e-10,13
"Valine, leucine and isoleucine biosynthesis - Homo sapiens (human)",3.9777937e-10,2
superpathway of steroid hormone biosynthesis,3.9424997e-10,8
inactivation of gsk3 by akt causes accumulation of b-catenin in alveolar macrophages,3.8527093e-10,24
Parkinson disease - Homo sapiens (human),3.7777692e-10,92
miRNA targets in ECM and membrane receptors,3.7259706e-10,19
Yersinia infection - Homo sapiens (human),3.7141912e-10,86
degradation of the rar and rxr by the proteasome,3.6838932e-10,1
RUNX3 regulates CDKN1A transcription,3.544116e-10,3
CD4 T cell receptor signaling-JNK cascade,3.5315306e-10,41
Triglyceride metabolism,3.516183e-10,13
MTOR signalling,3.486449e-10,13
Salmonella infection - Homo sapiens (human),3.4375613e-10,130
IL-7,3.4233427e-10,21
"Metabolism of ingested SeMet, Sec, MeSec into H2Se",3.3743852e-10,4
SARS-CoV-2 altering angiogenesis via NRP1,3.3616088e-10,4
Synthesis of substrates in N-glycan biosythesis,3.337357e-10,28
il-7 signal transduction,3.2948133e-10,11
btg family proteins and cell cycle regulation,3.2822367e-10,6
Endosomal Sorting Complex Required For Transport (ESCRT),3.281766e-10,14
Protein repair,3.2369663e-10,4
serine and glycine biosynthesis,3.2277248e-10,4
Post-translational modification: synthesis of GPI-anchored proteins,3.1940006e-10,41
Early Phase of HIV Life Cycle,3.1640268e-10,4
Validated transcriptional targets of deltaNp63 isoforms,3.1451908e-10,23
The activation of arylsulfatases,3.0899194e-10,6
NOTCH1 Intracellular Domain Regulates Transcription,3.0532687e-10,28
Activation of NOXA and translocation to mitochondria,2.9848923e-10,3
Breakdown of the nuclear lamina,2.9699487e-10,1
Free fatty acids regulate insulin secretion,2.9069147e-10,6
Oxidative Stress,2.868692e-10,19
regulation of bad phosphorylation,2.8666713e-10,12
EPO signaling pathway,2.8163782e-10,24
the 41bb-dependent immune response,2.756999e-10,11
cdc25 and chk1 regulatory pathway in response to dna damage,2.7015812e-10,3
RHOT2 GTPase cycle,2.6985925e-10,4
7-(3-amino-3-carboxypropyl)-wyosine biosynthesis,2.6977554e-10,1
Beta-Ketothiolase Deficiency,2.694076e-10,18
T cell receptor signaling pathway - Homo sapiens (human),2.595435e-10,71
histidine degradation,2.5606228e-10,2
Sterol regulatory element-binding proteins (SREBP) signaling,2.5421643e-10,27
RUNX3 regulates NOTCH signaling,2.478373e-10,8
Amplification of signal from the kinetochores,2.434115e-10,42
TP53 Regulates Metabolic Genes,2.3684432e-10,29
Deadenylation-dependent mRNA decay,2.341185e-10,17
Interleukin-12 signaling,2.3379343e-10,7
Sphingolipid Metabolism,2.3186253e-10,14
Potassium transport channels,2.2915092e-10,2
LDL clearance,2.22526e-10,8
Protein-protein interactions at synapses,2.2232793e-10,46
LDLRAD4 and what we know about it,2.2190472e-10,5
Signaling by FGFR2 IIIa TM,2.2145086e-10,3
Cell-extracellular matrix interactions,2.2029578e-10,9
KitReceptor,2.1848345e-10,47
phenylethylamine degradation I,2.166396e-10,2
purine deoxyribonucleosides degradation,2.1654734e-10,1
Fructose and mannose metabolism,2.1065727e-10,12
Regulation of signaling by NODAL,2.093028e-10,3
Signaling by NOTCH1 t(7;9)(NOTCH1:M1580_K2555) Translocation Mutant,2.0560709e-10,2
catecholamine biosynthesis,2.0470137e-10,4
Post-transcriptional silencing by small RNAs,2.0220603e-10,5
Post NMDA receptor activation events,2.0118396e-10,34
Betazole Action Pathway,1.994207e-10,6
Gastrin signaling pathway,1.9693291e-10,75
Regulation of RUNX3 expression and activity,1.9515806e-10,4
"Cell death signalling via NRAGE, NRIF and NADE",1.9078072e-10,37
G alpha (12/13) signalling events,1.8913404e-10,40
Hydrochlorothiazide Action Pathway,1.8883473e-10,20
Oxytocin signaling pathway - Homo sapiens (human),1.8670399e-10,96
<i>myo</i>-inositol <i>de novo</i> biosynthesis,1.8661339e-10,1
Cellular responses to external stimuli,1.8378299e-10,215
Negative regulation of the PI3K/AKT network,1.821916e-10,76
SHC-mediated cascade:FGFR2,1.8166046e-10,14
BMP2 signaling TAK1,1.7703528e-10,10
CDC6 association with the ORC:origin complex,1.7692692e-10,2
"Non-genomic actions of 1,25 dihydroxyvitamin D3",1.7548274e-10,47
Lornoxicam Action Pathway,1.7521362e-10,14
Nicotinate metabolism,1.726761e-10,17
hiv-1 nef: negative effector of fas and tnf,1.7242563e-10,26
Toll Like Receptor 4 (TLR4) Cascade,1.7242119e-10,72
acetone degradation I (to methylglyoxal),1.7071033e-10,2
Cap-dependent Translation Initiation,1.7021717e-10,34
TCA Cycle and Deficiency of Pyruvate Dehydrogenase complex (PDHc),1.6963364e-10,12
Huntington disease - Homo sapiens (human),1.5666968e-10,111
SARS-CoV-1 Infection,1.5314239e-10,14
Resolution of D-Loop Structures,1.3907275e-10,16
Dopaminergic Neurogenesis,1.3821566e-10,17
Oncogene Induced Senescence,1.3307222e-10,15
Syndecan-3-mediated signaling events,1.2759482e-10,15
Thyroid hormone synthesis - Homo sapiens (human),1.2697221e-10,40
G2/M Transition,1.2580798e-10,57
Nicotine Metabolism,1.2357126e-10,5
Nitric oxide stimulates guanylate cyclase,1.2127943e-10,17
Mitochondrial Beta-Oxidation of Short Chain Saturated Fatty Acids,1.1294343e-10,5
Regulation of BACH1 activity,1.1252044e-10,4
G13 Signaling Pathway,1.12128085e-10,21
Phospholipid metabolism,1.0767032e-10,99
Oxprenolol Action Pathway,1.0596779e-10,41
Nonhomologous End-Joining (NHEJ),1.04122044e-10,22
1q21.1 copy number variation syndrome,1.0221535e-10,11
trehalose degradation,9.771384e-11,3
fosb gene expression and drug abuse,9.5225605e-11,3
NCAM signaling for neurite out-growth,9.383383e-11,37
putrescine biosynthesis II,9.329959e-11,1
Common Pathways Underlying Drug Addiction,8.869927e-11,26
Vasopressin Regulation of Water Homeostasis,8.4667384e-11,5
Sphingolipid metabolism - Homo sapiens (human),8.1946006e-11,23
Familial Hypercholanemia (FHCA),7.75956e-11,6
Genes targeted by miRNAs in adipocytes,7.372947e-11,9
IGF signaling,7.2328254e-11,23
Rosiglitazone Metabolism Pathway,7.159817e-11,3
3-Methylglutaconic Aciduria Type IV,7.0207395e-11,18
UCH proteinases,6.698331e-11,30
Toll Like Receptor 9 (TLR9) Cascade,6.322276e-11,52
Cell cycle - Homo sapiens (human),6.2126526e-11,51
5-oxoprolinase deficiency,5.9636296e-11,4
NR1H2 & NR1H3 regulate gene expression linked to gluconeogenesis ,5.8489213e-11,3
Signaling by TGF-beta Receptor Complex,5.392642e-11,28
UDP-<i>N</i>-acetyl-D-glucosamine biosynthesis II,5.207057e-11,3
Differentiation of white and brown adipocyte,4.7898574e-11,16
Cellular response to starvation,4.620948e-11,41
Valdecoxib Action Pathway,4.218703e-11,14
HIV elongation arrest and recovery,4.1014414e-11,12
Thiamine metabolism - Homo sapiens (human),4.068923e-11,7
Cholesterol Biosynthesis Pathway,4.0595083e-11,7
DNA Double-Strand Break Repair,3.920375e-11,63
Practolol Action Pathway,3.604117e-11,41
Tamoxifen Action Pathway,3.5970782e-11,8
arsenate detoxification I (glutaredoxin),2.1874724e-11,3
"ERK Pathway in Huntington,s Disease",2.1576518e-11,7
Chylomicron clearance,1.7146284e-11,3
Highly calcium permeable postsynaptic nicotinic acetylcholine receptors,1.699263e-11,6
Lewis blood group biosynthesis,1.6754598e-11,7
Levomethadyl Acetate Metabolism Pathway,1.6267876e-11,1
Ub-specific processing proteases,1.3312795e-11,74
Insulin receptor recycling,1.100009e-11,7
RAGE,8.502976e-12,22
Phosphorylation of Emi1,5.3530513e-12,4
Formyl peptide receptors bind formyl peptides and many other ligands,4.4830806e-12,6
