gene,GenNet_experiment_105,GenNet_experiment_143,GenNet_experiment_144,GenNet_experiment_145,GenNet_experiment_146,mean,std,cv,n_seeds,mean_rank
MAPK3,0.46214676,0.4398891,0.42948377,0.42110544,0.43827996,0.43818100600000004,0.015366372457866557,0.03506854986285406,5,1.0
SRC,0.32989419,0.3390896,0.33642185,0.34766245,0.3509074,0.34079509799999996,0.008518846634860263,0.024996975264181365,5,2.2
UBC,0.31638205,0.3129618,0.30102172,0.33542418,0.29839423,0.312836796,0.014755999639452773,0.047168363274800874,5,3.2
RAC1,0.24508452,0.21516863,0.21394958,0.22201896,0.22210965,0.22366626799999997,0.012554900231071931,0.056132291844168174,5,4.8
PIK3CD,0.3102364,0.18051201,0.19129243,0.19038616,0.24588422,0.22366224399999995,0.05478582394990816,0.24494891480167827,5,7.4
PIK3R1,0.24275377,0.222141,0.19794966,0.2150527,0.21528247,0.21863592,0.01617067345294716,0.07396165027662041,5,6.2
RELA,0.19933207,0.2006302,0.21230116,0.2053901,0.21207702,0.20594611000000002,0.006129606212890023,0.02976315606490466,5,7.6
CALM1,0.19941454,0.20980778,0.2119411,0.21158236,0.19551888,0.205652932,0.007641637255701159,0.037157930020181563,5,7.6
ATP1B1,0.21923363,0.19179648,0.15838186,0.19456404,0.17131186,0.18705757399999998,0.02336839170964018,0.12492619897679301,5,10.6
PPP2R5D,0.19929025,0.15522403,0.16074972,0.19860552,0.17342782,0.177459468,0.020697965629437348,0.11663489056237533,5,11.8
ATP1B2,0.1680106,0.17139728,0.16887274,0.17550948,0.20097505,0.17695303,0.013741049635439056,0.07765365552338412,5,11.6
TNF,0.18076542,0.17963633,0.1606286,0.17209701,0.17953165,0.174531802,0.008502057360308148,0.04871351388618647,5,12.2
MAP2K1,0.19531304,0.15634517,0.13267928,0.17456487,0.16511211,0.164802894,0.023074447287972682,0.140012391335632,5,15.4
PIK3CB,0.17717114,0.15811314,0.11098572,0.13483189,0.18232389,0.152685156,0.029854074451656172,0.1955270258993361,5,20.4
RHOA,0.13158792,0.12892176,0.16644455,0.21653819,0.103495546,0.14939759319999998,0.04370898253413503,0.29256818398420514,5,26.6
H2BC3,0.16507925,0.14933743,0.13869673,0.14080364,0.13345039,0.14547348799999998,0.012365301919396068,0.08500038109621783,5,19.4
NUP62,0.14673558,0.15744407,0.143532,0.13267493,0.14280987,0.14463929,0.008889257582928394,0.06145811129830901,5,19.8
H2BC6,0.15545626,0.123942815,0.14603812,0.15143783,0.13201773,0.14177855099999997,0.013340843560378972,0.09409634578913827,5,22.4
MAPK8,0.16970335,0.13212079,0.1389078,0.14234233,0.12451121,0.141517096,0.01717152494985172,0.1213388730775801,5,22.2
GNB4,0.14896525,0.13341081,0.14703035,0.12737085,0.1397794,0.139311332,0.00908834046391969,0.06523762520567737,5,22.8
NFKB1,0.15839453,0.13310032,0.12683286,0.1323287,0.14516512,0.13916430600000002,0.01266267428112167,0.0909908197373662,5,22.8
H2BC13,0.13368972,0.14144784,0.13720582,0.14032257,0.13302787,0.137138764,0.0037915896112224474,0.027647832754438762,5,23.6
CALM3,0.17715316,0.11423734,0.07732861,0.09530486,0.21720786,0.136246366,0.05886432582040399,0.43204327240848384,5,43.2
ITPR1,0.14909774,0.13169818,0.13100828,0.13100141,0.137648,0.136090722,0.007788362641789351,0.05722919628414751,5,24.6
PRKACG,0.14216012,0.14929453,0.12664348,0.13928917,0.119112834,0.13530002680000003,0.012204315581409768,0.09020187113081758,5,25.6
FGG,0.13114484,0.13233207,0.14998621,0.13695584,0.118919045,0.133867601,0.011209118895080694,0.08373287346114983,5,27.2
CYP2C8,0.13068777,0.12493726,0.12762514,0.14004655,0.14462297,0.133583938,0.008400679801127403,0.06288690037815327,5,26.4
PLCG1,0.13208117,0.14743768,0.12150401,0.12981512,0.13280396,0.132728388,0.009370988012673474,0.07060274108560313,5,28.4
UBE2N,0.14145833,0.124592796,0.12714338,0.13171001,0.13243735,0.13146837320000002,0.006457082724828694,0.049115103257615214,5,27.4
ADCY1,0.12808673,0.12020899,0.13968799,0.12898362,0.13220558,0.12983458199999998,0.007055891598874662,0.054345240614512576,5,30.4
ADCY5,0.12107393,0.14034656,0.14659314,0.12131927,0.11750073,0.129366726,0.013149524407830503,0.10164533659010977,5,31.6
HRAS,0.13479948,0.121740766,0.13261984,0.12008806,0.13070047,0.12798972320000002,0.006645386837576967,0.05192125329619406,5,30.6
NUP85,0.13694844,0.13646612,0.12033037,0.117514685,0.12569807,0.127391537,0.008999480080637716,0.07064425386937373,5,30.8
BRAF,0.13414127,0.13871275,0.11433237,0.13299376,0.103944845,0.12482499900000002,0.014937095466103174,0.11966429469871794,5,33.2
ATP1A4,0.050025184,0.061033137,0.05230955,0.3965287,0.047827017,0.1215447176,0.15380238413625671,1.2653975193098537,5,143.2
GRB2,0.16639517,0.09885569,0.088691,0.11343973,0.13497764,0.12047184600000001,0.0310084697095363,0.2573918366747389,5,42.0
PTPN6,0.13052356,0.11821048,0.12227581,0.124572985,0.104696795,0.120055926,0.009672275385799485,0.08056474768100565,5,37.8
MAPK1,0.11532336,0.11182299,0.106518544,0.1281867,0.12934121,0.11823856079999999,0.010114976902930287,0.08554719234142004,5,39.0
RPA3,0.12260658,0.11260246,0.113971,0.12398844,0.11666288,0.11796627200000001,0.00510466634526881,0.04327225281196315,5,39.0
PPP2R1B,0.15085152,0.11772899,0.093458354,0.103262015,0.1185154,0.1167632558,0.021745196935523903,0.18623321854582872,5,41.8
MAPK14,0.14100751,0.11085005,0.09501185,0.10554939,0.1203489,0.11455354000000002,0.017393008148026034,0.1518330044451357,5,42.6
GNAS,0.12195075,0.09361699,0.117253,0.114795275,0.11819272,0.11316174700000001,0.01122454402288329,0.09919026809371624,5,43.8
GNB1,0.13325572,0.093523525,0.11172964,0.10880496,0.116085425,0.112679854,0.014299010686051586,0.12689944278816323,5,44.4
RAP1B,0.12267073,0.10978297,0.0984716,0.11609337,0.11429054,0.11226184199999997,0.008992451731834317,0.08010247802485122,5,44.6
ROCK2,0.10912882,0.10391266,0.12016384,0.11522572,0.11239758,0.112165724,0.006138465678968969,0.0547267512753626,5,43.8
H2AZ2,0.13432066,0.086150825,0.107759856,0.09779844,0.11223909,0.1076537742,0.017969860941975408,0.16692272124701235,5,50.0
PAK2,0.10628093,0.10012646,0.105978385,0.10008974,0.12138993,0.106773089,0.008708769239502501,0.08156333511623422,5,48.2
MNAT1,0.103436306,0.10038899,0.10123451,0.11369816,0.11020707,0.1057930072,0.0058632911056862285,0.055422293598307214,5,50.2
PPP3R1,0.09773791,0.11554333,0.10643975,0.10624474,0.10220101,0.10563334799999999,0.0065831358971557025,0.06232062148740854,5,49.8
TBK1,0.10944455,0.10229811,0.1071364,0.10098957,0.106939405,0.105361607,0.0035640384980131752,0.03382672872494414,5,48.8
GSK3B,0.11117867,0.105815716,0.10669095,0.09839221,0.101304024,0.10467631399999999,0.004962356587543664,0.047406680632102356,5,51.0
KCNJ11,0.0992959,0.11160382,0.09750806,0.09419271,0.11483343,0.103486784,0.009142224972096784,0.088341956515885,5,53.2
NUP160,0.09913248,0.09364038,0.10034963,0.11104719,0.09799379,0.10043269400000002,0.0064507511888872325,0.06422959428816309,5,55.2
PIK3R2,0.10558788,0.086524844,0.112948865,0.092138946,0.104388274,0.1003177618,0.01073575326641378,0.10701747201873657,5,56.0
PRKCA,0.11757573,0.08899191,0.11130508,0.08963119,0.090276256,0.09955603319999999,0.013774678307346465,0.13836106024508082,5,58.6
GGT1,0.09064296,0.10116551,0.10419572,0.10406959,0.09742245,0.099499246,0.005667191353927451,0.056957128639220554,5,57.0
PPP2CA,0.10032814,0.10587707,0.081244916,0.13100082,0.07762584,0.09921535719999999,0.021476593993529306,0.2164644123614495,5,62.8
CYP4A11,0.09885207,0.0972785,0.10432073,0.10324161,0.09014386,0.098767354,0.0056446315989823435,0.057150782828325475,5,57.2
CYP3A4,0.10476938,0.09450271,0.0904407,0.08474017,0.11223585,0.097337762,0.011084767480947444,0.11387941589357113,5,61.6
MAP2K3,0.08947086,0.10693807,0.093454406,0.09530529,0.09118395,0.09527051519999999,0.006887802851722397,0.07229731924156108,5,62.4
CCND1,0.08331223,0.097011186,0.097919315,0.09926202,0.09772961,0.09504687220000001,0.0066101406374137915,0.06954611429510871,5,63.0
WNT3A,0.10000115,0.091360845,0.092937864,0.10252353,0.08655606,0.0946758898,0.006517011289594349,0.06883496213620323,5,63.4
PPP2R5E,0.094943106,0.10226132,0.09386049,0.08762464,0.091079146,0.0939537404,0.005438846926869959,0.05788856200630794,5,64.8
FOS,0.13252239,0.082473606,0.08517967,0.08800937,0.081318334,0.09390067399999999,0.021744502082855974,0.23156918003438376,5,71.4
JAG1,0.08732793,0.093861826,0.09553783,0.09476344,0.09749592,0.0937973892,0.0038567983109923203,0.04111839725910325,5,64.4
CSNK2B,0.08779877,0.093205236,0.09751072,0.09632347,0.08902483,0.0927726052,0.004302045956328823,0.04637194295723867,5,65.6
IQGAP1,0.089530095,0.10638297,0.088688545,0.085516535,0.087379254,0.0914994798,0.008456802004845722,0.09242459108325686,5,69.4
ADCY7,0.08609944,0.08491447,0.08518063,0.09907271,0.10189561,0.09143257199999999,0.008334590605297896,0.09115559611839309,5,69.2
DVL3,0.094164245,0.0863266,0.09080805,0.08247003,0.09777142,0.090308069,0.00608499452045809,0.06738040783994716,5,70.2
FGB,0.09628073,0.0927725,0.08561319,0.08061607,0.09306267,0.089669032,0.006388834366449014,0.0712490613977969,5,71.6
POLR2H,0.11221571,0.08939061,0.07803647,0.08824948,0.07886233,0.08935092,0.013802542031310754,0.15447565656079146,5,74.0
CCND3,0.09145715,0.08517663,0.08406929,0.09408015,0.090423144,0.08904127280000002,0.004265922849473392,0.04790949989063264,5,71.6
TRAF6,0.09121325,0.08854036,0.09694031,0.08442701,0.082605675,0.088745321,0.005692837389402581,0.06414802859750297,5,72.8
MAPK10,0.099491626,0.066989854,0.05837676,0.15123013,0.06592416,0.088402506,0.038521429254653544,0.4357504215395607,5,93.8
PEDS1,0.09507857,0.083394535,0.08328721,0.093283184,0.08498216,0.0880051318,0.005712838840318901,0.06491483761767289,5,74.2
CXCL8,0.098613694,0.084828734,0.12286848,0.06346835,0.06907865,0.08777158160000001,0.023969130087450496,0.2730853158905649,5,85.0
CSK,0.08599715,0.08943553,0.09160802,0.082306504,0.08477008,0.0868234568,0.0037086713667054934,0.042715085339766076,5,76.6
RXRA,0.09507792,0.083343,0.089447215,0.07454581,0.09068377,0.086619543,0.007946203088698712,0.09173683921073923,5,77.4
KAT5,0.094137594,0.08273684,0.081267156,0.08337435,0.08676516,0.08565622,0.005151627071345326,0.060143058745124704,5,78.2
ADCY2,0.083219536,0.08131041,0.093936235,0.0776255,0.087978184,0.084813973,0.006319003528303181,0.0745042745291885,5,80.6
ERBB2,0.078219555,0.083569996,0.08507928,0.08849637,0.08816068,0.08470517619999998,0.004177485099629588,0.04931794356658913,5,80.2
FRS2,0.088757455,0.0759169,0.07806642,0.098444454,0.07797673,0.08383239179999999,0.009591126440764205,0.11440835976201034,5,82.6
CDK1,0.09096185,0.08107005,0.087350555,0.07639005,0.08093478,0.083341457,0.005775307339650417,0.0692969327336144,5,83.4
SHC2,0.08490689,0.07475183,0.089477554,0.076156616,0.08790037,0.082638652,0.006779010113334248,0.0820319541675758,5,84.8
RHEB,0.07467786,0.084961414,0.07637318,0.09787733,0.07822171,0.08242229879999999,0.0094804827440641,0.11502327503712019,5,86.8
BTRC,0.07214152,0.07477829,0.060198862,0.06750265,0.13681965,0.08228819439999999,0.030982189417524973,0.3765083149949998,5,100.4
CCNE1,0.08293149,0.08152156,0.07054949,0.08909486,0.07910206,0.08063989199999999,0.006739740045407534,0.08357823749822897,5,90.2
PLCB1,0.077094145,0.08185462,0.077033006,0.08757388,0.07841812,0.0803947542,0.0044658008861281785,0.0555484114674758,5,90.6
IFNA2,0.08361832,0.074199244,0.08016719,0.08068846,0.08059428,0.0798534988,0.0034456057222217408,0.04314908894413704,5,89.4
H3-3A,0.08024702,0.07400617,0.07774105,0.082531855,0.08435906,0.079777031,0.004069796985158474,0.051014645871672946,5,90.8
AGTR1,0.08302456,0.08173359,0.0771383,0.06656858,0.08595126,0.078883258,0.007581681866559687,0.09611268675743194,5,95.2
EGFR,0.07587359,0.07550039,0.08634074,0.08829558,0.0654071,0.07828348,0.009280569847565935,0.11855080851753058,5,95.8
CUL1,0.08363107,0.0798488,0.07882395,0.0728572,0.0748882,0.07800984400000001,0.004240787395806351,0.054362208387525424,5,95.2
IFNA5,0.080949455,0.069732614,0.079614185,0.07631783,0.076681525,0.07665912180000001,0.004336843604010723,0.05657309270154883,5,97.4
DYNC1H1,0.080235384,0.076327905,0.077839024,0.06942462,0.079439886,0.07665336380000001,0.004311670939169082,0.05624894623566515,5,96.8
YWHAB,0.08771358,0.07409939,0.0730763,0.08119532,0.06624289,0.076465496,0.008223098705824345,0.10753999040069452,5,98.6
PTGS2,0.07551636,0.075922094,0.07578159,0.07536294,0.07497221,0.0755110388,0.00037231115169599605,0.004930552639887614,5,100.6
ACADM,0.08151121,0.07317258,0.061965946,0.07511006,0.08480873,0.0753137052,0.008822600606530095,0.11714468944398841,5,101.6
H2BC11,0.06815881,0.072278626,0.0750249,0.08148758,0.07817998,0.0750259792,0.005157663461699804,0.06874503360963537,5,102.8
GNG12,0.07101048,0.07201491,0.07739604,0.07339744,0.077627674,0.0742893088,0.0030624948618401286,0.04122389764165,5,104.0
IFNA13,0.086000614,0.06406923,0.07154407,0.090489075,0.05927115,0.0742748278,0.013574953834310604,0.18276654738081538,5,107.6
CYP4F2,0.07249038,0.07437151,0.074300505,0.06927012,0.077474415,0.073581386,0.003003098877874737,0.04081329587723092,5,105.8
PC,0.07285702,0.08273386,0.06448764,0.07697134,0.070555426,0.07352105719999999,0.00684869927355401,0.09315289434594816,5,105.4
GNAI1,0.08106394,0.07639456,0.0644518,0.064496,0.07824059,0.072929378,0.007895865237117461,0.1082672779290324,5,107.0
GNG4,0.109240934,0.056829683,0.04894732,0.07689587,0.07224133,0.0728310274,0.02328640423499993,0.3197319201211753,5,120.4
GNAI3,0.07309712,0.068893135,0.07110163,0.065677874,0.08275643,0.0723052378,0.006458861432395748,0.08932771164187704,5,108.8
FAS,0.08646758,0.066349,0.06330842,0.07190308,0.07140405,0.071886426,0.00890348653020714,0.12385490593463556,5,109.4
PLG,0.06525883,0.08590151,0.06474642,0.07588119,0.06706114,0.07176981800000001,0.009089840911912042,0.12665269559290288,5,111.0
H3C11,0.07894431,0.055855002,0.059214275,0.070379145,0.09445241,0.0717690284,0.015643131974694368,0.21796494007844708,5,116.8
FGA,0.06982504,0.0650006,0.079277515,0.06853277,0.0750351,0.071534205,0.005631007168118327,0.07871768712769404,5,110.0
PLCB2,0.078157246,0.06808884,0.06710712,0.072954744,0.06931903,0.07112539600000001,0.004511751350830184,0.06343376071790424,5,110.6
RRM2,0.06412036,0.07282649,0.06534921,0.074825026,0.07719916,0.0708640492,0.005821617803067562,0.08215192144379413,5,114.2
IGF1,0.06794371,0.07285434,0.07124721,0.06846931,0.07250442,0.07060379800000001,0.002276147483813383,0.03223831505230615,5,114.6
GNAO1,0.06643711,0.07144251,0.07055251,0.074196085,0.06482457,0.069490557,0.0038136213666664655,0.05487970641344069,5,117.4
FOXO3,0.13450731,0.06281307,0.045944054,0.05398935,0.049937513,0.0694382594,0.03690799398421412,0.5315224532286321,5,146.8
CYP1A2,0.060010716,0.07283297,0.06479391,0.07124209,0.07441712,0.06865936119999999,0.006061807932536069,0.0882881493009881,5,120.6
MRE11,0.07719841,0.06742632,0.064611,0.06723827,0.062888704,0.0678725408,0.00554638455267692,0.08171765027952099,5,120.6
LEF1,0.07676964,0.06484026,0.057121284,0.07082455,0.06815583,0.0675423128,0.00728340549180184,0.10783470671738442,5,123.8
ACE,0.06777346,0.07667531,0.06608718,0.067296535,0.05950996,0.06746848899999999,0.00612646567794842,0.09080484488022876,5,123.4
CYCS,0.06617339,0.06269274,0.070442386,0.07191717,0.06565153,0.0673754432,0.003754262189177949,0.055721521237843956,5,121.8
STAT3,0.07232735,0.06607087,0.061264455,0.062837824,0.0697484,0.0664497798,0.00462342181990138,0.0695776845885256,5,124.8
PARP1,0.074528694,0.05322179,0.07015427,0.06403453,0.06911519,0.0662108948,0.008164317628502412,0.12330776759873077,5,130.6
STAT5A,0.08549627,0.059789237,0.06487219,0.059196163,0.06098199,0.06606717,0.011083773495400132,0.16776522280884942,5,125.6
CDK9,0.06691344,0.058797188,0.07139742,0.07188388,0.05996593,0.0657915716,0.006177779710927932,0.0938992573165395,5,127.4
SERPINE1,0.064719036,0.06794173,0.059912547,0.07101146,0.06347037,0.06541102859999999,0.004249929143756849,0.06497266951336168,5,129.2
PSMD7,0.06830758,0.06002463,0.059440482,0.06919579,0.06994149,0.0653819944,0.005193650234220319,0.07943548192253246,5,127.4
TSC1,0.055406127,0.06471972,0.07300274,0.06865109,0.064152054,0.0651863462,0.006519981779151548,0.10002066627798735,5,131.0
HMOX1,0.05950299,0.057497047,0.060661074,0.06907708,0.07814881,0.06497740020000001,0.00858558287889478,0.13213183125930572,5,131.8
AKT3,0.053975493,0.05735569,0.047153797,0.059775494,0.10228863,0.0641098208,0.02186456886532828,0.3410486660622249,5,147.0
PTGS1,0.074804276,0.056834836,0.06895471,0.053856585,0.06515505,0.06392109139999999,0.008614130567621543,0.13476194443734957,5,136.0
LMNA,0.06864813,0.05844637,0.062047917,0.06390976,0.06335425,0.0632812854,0.0036776667076939976,0.05811618212947991,5,132.6
CYP4F3,0.071878225,0.05848465,0.060525037,0.06450307,0.060276177,0.0631334318,0.005360179977353066,0.08490240154112874,5,134.8
GRM1,0.054144517,0.05761723,0.06880291,0.06762553,0.06727634,0.0630933054,0.006721358467461082,0.10653045398158967,5,137.0
H2BC4,0.0655265,0.05034265,0.06374515,0.061071128,0.073221505,0.0627813866,0.00829318564182533,0.13209624844165724,5,141.8
CYP1A1,0.06572179,0.056528017,0.061258167,0.06321295,0.06626487,0.06259715880000001,0.003944046323688112,0.06300679454621047,5,137.8
FOXO1,0.06803497,0.06225663,0.05929722,0.060686048,0.060846765,0.06222432659999999,0.003413083294192775,0.054851269281438485,5,138.8
RAB7A,0.076314196,0.037548084,0.1029311,0.03987901,0.05394468,0.06212341400000001,0.027533150810491125,0.44320086482193527,5,181.4
SLC7A6,0.055490203,0.05743201,0.07181324,0.05907754,0.066751376,0.06211287379999999,0.006902831172610497,0.11113366280293568,5,140.8
CHEK2,0.063530445,0.057744455,0.061390508,0.061463375,0.0653001,0.06188577660000001,0.002825632545033112,0.04565883633159597,5,139.2
TRAF3,0.07792164,0.06038596,0.061256934,0.053318672,0.054266475,0.0614299362,0.009876789629991277,0.16078137535150616,5,144.8
CACNA1A,0.06326004,0.05885504,0.0599774,0.06382365,0.058449052,0.060873036400000004,0.0025076922262201153,0.041195451623965894,5,144.4
ACTB,0.064648114,0.057116874,0.05828516,0.060789965,0.060038123,0.0601756472,0.002886576427382742,0.047969179588362484,5,148.0
PML,0.062731944,0.054276273,0.061195157,0.060996193,0.059464056,0.059732724599999995,0.003262492329932485,0.05461817373608445,5,151.2
CD3D,0.061121453,0.059436146,0.058740694,0.056880206,0.062250484,0.05968579659999999,0.002089594082590874,0.035009905230801164,5,147.2
PPP2R1A,0.07027854,0.058064334,0.058066532,0.053263567,0.058740232,0.059682641,0.00631657437233759,0.10583603986857065,5,151.6
MAP2K4,0.05038572,0.046456885,0.071965694,0.08449653,0.042908616,0.059242689,0.018085601773551882,0.30527989324643723,5,169.2
GAB2,0.05269155,0.06546829,0.05990099,0.053647377,0.06330639,0.0590029194,0.005693035769790297,0.09648735736608818,5,152.4
GNG2,0.065428846,0.05523348,0.05150242,0.068079665,0.053626087,0.0587740996,0.007463151850068259,0.1269802838471431,5,156.0
IL6ST,0.05727468,0.05510455,0.06198786,0.062036805,0.057438444,0.0587684678,0.003101256726533486,0.05277076028402915,5,153.8
ACAT2,0.05549366,0.04755182,0.05559389,0.052301466,0.082419395,0.058672046199999994,0.013672577319955161,0.23303392680985383,5,165.0
CCNH,0.05253626,0.055726655,0.060629252,0.06296335,0.060429268,0.058456957,0.0042256850360387725,0.07228711949612383,5,154.2
PSMD12,0.06514107,0.06735544,0.05357491,0.045600805,0.059868407,0.05830812640000001,0.008872102792185022,0.15215894147106435,5,162.0
PRKCB,0.064908095,0.05527964,0.048286036,0.049399044,0.0735331,0.058281183,0.010774292923185403,0.18486743694247598,5,161.8
ADCY3,0.0635847,0.05618891,0.04953873,0.054673433,0.06608983,0.058015120600000004,0.006755965241226954,0.1164518003471487,5,156.4
PTPN11,0.06119506,0.05445429,0.05513655,0.05839665,0.06009641,0.057855792,0.0029760754394201777,0.05143954194629602,5,157.8
CYP2C9,0.057361975,0.05649619,0.049240693,0.057047397,0.056451388,0.0553195286,0.0034196124235078592,0.06181564648235016,5,167.0
JUN,0.06899498,0.0595584,0.04438678,0.052149672,0.05148634,0.0553152344,0.009344145589582645,0.1689253546683451,5,170.4
PIK3CG,0.05031033,0.05676539,0.051224966,0.055751354,0.06251175,0.055312758,0.004895465282410654,0.0885051742024987,5,166.2
CFLAR,0.052972574,0.05958328,0.057379927,0.046688225,0.05993714,0.05531222920000001,0.00556224963330411,0.10056093767604125,5,170.4
GAD1,0.05175745,0.055628844,0.0482605,0.0643614,0.056076113,0.0552168614,0.006018494835578809,0.10899740917868993,5,169.4
CYP11A1,0.049316328,0.050894998,0.06917857,0.049401935,0.056906164,0.055139599,0.008441880264544207,0.1531001388774011,5,173.4
HCN4,0.053199284,0.048894364,0.05663312,0.062254965,0.054400105,0.055076367599999995,0.004902899170953682,0.0890200168348372,5,171.8
GNAI2,0.05867929,0.052984383,0.0530386,0.055779144,0.051802546,0.054456792600000005,0.0027749947212817915,0.0509577334395157,5,172.4
DCTN2,0.0590188,0.050459843,0.048894893,0.05353101,0.060175292,0.054415967600000004,0.005031704984153314,0.09246743568248732,5,174.0
HSD3B1,0.05067037,0.054574206,0.049908284,0.06603529,0.05001425,0.05424048,0.006866650267535691,0.126596414108719,5,173.8
SYNJ1,0.048441377,0.030817721,0.10339078,0.057979643,0.030453123,0.0542165288,0.02990745747114255,0.5516298836000462,5,241.4
ITGB1,0.058859535,0.057645798,0.050153222,0.047564425,0.056593556,0.0541633072,0.004992855809860094,0.09218151674940732,5,173.0
PSMA1,0.059421614,0.051266715,0.056689065,0.054236945,0.046771504,0.053677168600000005,0.004895968050890375,0.09121136935099766,5,178.6
RFC5,0.052234434,0.05306239,0.058082685,0.054915648,0.0493927,0.053537571400000004,0.003227269593677263,0.06028046303342894,5,177.6
GSS,0.04471056,0.04828515,0.061712734,0.05140517,0.060556687,0.0533340602,0.0075157398147089405,0.14091820098686095,5,183.0
POLR2D,0.06155196,0.05467426,0.044014804,0.05593262,0.04975395,0.0531855188,0.006626423018656991,0.12459073763245854,5,179.8
COPB1,0.049183965,0.055234127,0.056109402,0.049761157,0.055530395,0.0531638092,0.003390452142989516,0.06377368728856088,5,179.6
SLC2A1,0.058429226,0.054446507,0.044804696,0.05371403,0.05434964,0.053148819800000004,0.0050237564485820976,0.0945224459825559,5,181.0
MAPRE1,0.058702424,0.053828254,0.04547595,0.04678089,0.060728956,0.0531032948,0.00685885765871936,0.12916067985143853,5,184.2
VAV2,0.04802214,0.057327338,0.055010777,0.05621474,0.048792794,0.053073557800000004,0.00434615491940591,0.08188927028000957,5,177.6
TPTEP2-CSNK1E,0.051712796,0.049147878,0.058176182,0.047220662,0.057555944,0.0527626924,0.004928600133453596,0.09341070194237465,5,183.6
HCK,0.054007422,0.046416316,0.059855435,0.050442263,0.049512625,0.052046812199999994,0.005136091684798247,0.09868215684491524,5,187.6
PPP2R5C,0.06816135,0.04394667,0.03691821,0.039886765,0.070947826,0.051972164200000004,0.016273079346332955,0.31311144334322244,5,211.0
HMGCR,0.045303542,0.04735027,0.05605285,0.05271008,0.055372167,0.05135778179999999,0.0048140844077923265,0.09373622144623714,5,193.8
F2,0.05708654,0.04751513,0.046078257,0.050748065,0.054685954,0.051222789199999993,0.004658738972155093,0.0909505133343089,5,191.0
CDC42,0.05682404,0.06288939,0.04315072,0.04443043,0.047431357,0.0509451874,0.008555227550346853,0.16793004377773382,5,196.6
DDB2,0.06825611,0.0465779,0.04192406,0.050207905,0.04719591,0.050832377,0.01018158896602318,0.20029732164646127,5,198.2
CYP4F8,0.04926207,0.04787998,0.043398786,0.053348083,0.059409115,0.0506596068,0.006045261594095385,0.1193310010865577,5,194.8
MMP2,0.06097466,0.050409712,0.049350005,0.04842106,0.042926956,0.0504164786,0.006570526051367865,0.1303249698079442,5,198.2
HSPB1,0.045211967,0.045249227,0.052569047,0.052449934,0.056534495,0.050402933999999996,0.004999628212738121,0.09919319801379264,5,198.6
RBL1,0.0471219,0.056128684,0.04543247,0.04735237,0.054999165,0.05020691780000001,0.004962209132964288,0.09883516755064155,5,196.4
PLA2G4F,0.0368528,0.06155708,0.055899285,0.04652831,0.05001561,0.050170616999999994,0.009395794987684385,0.18727684747597156,5,208.0
CYP2B6,0.06312296,0.049941197,0.037126746,0.049761772,0.0499503,0.049980595,0.009192300384054908,0.183917386018612,5,206.4
CXCR2,0.05744523,0.050817207,0.041126046,0.047727197,0.051114965,0.049646129000000004,0.005929354805387641,0.11943236914579262,5,200.8
MCEE,0.055619508,0.04754315,0.04490418,0.048535228,0.050288975,0.049378208199999996,0.003996195124954385,0.08093033892133787,5,200.0
SIRT1,0.04690154,0.05108132,0.051209588,0.05331692,0.043215446,0.0491449628,0.004049984525962439,0.0824089447873677,5,203.6
TUBB1,0.051401757,0.048388865,0.04978982,0.054483507,0.04134488,0.049081765799999996,0.004883697915280869,0.09950126764348949,5,202.4
CSNK2A2,0.04476099,0.04476804,0.045562066,0.049111918,0.05934455,0.04870951280000001,0.0062108455077481365,0.1275078552571385,5,208.8
PLD1,0.047585554,0.04219284,0.04970857,0.059410013,0.044558834,0.048691162200000006,0.006641829160020542,0.13640728337391259,5,205.4
TSHB,0.058201894,0.050217994,0.042978942,0.045582816,0.045996726,0.0485956744,0.005964287620191769,0.12273289122605055,5,210.4
CREBBP,0.068365395,0.04335634,0.03078473,0.046018995,0.053628325,0.048430757000000005,0.013850569284554064,0.28598704919177836,5,231.8
YES1,0.042027827,0.053994402,0.04905196,0.05423625,0.042375583,0.0483372044,0.005972074014457314,0.12355025675538062,5,209.8
PTGIS,0.050220113,0.04576744,0.052420963,0.045862038,0.04666187,0.0481864848,0.0029852022645428396,0.06195102790612441,5,209.0
CASP10,0.047891166,0.050862253,0.046346117,0.052833483,0.04293093,0.0481727898,0.003868087804539952,0.08029611364837234,5,207.6
FGF9,0.055766866,0.051234484,0.05131831,0.038618684,0.043204665,0.0480286018,0.006942577201651717,0.1445508913743085,5,216.8
ST3GAL3,0.04627263,0.048014127,0.047340233,0.045451935,0.053049706,0.0480257262,0.0029752376345069825,0.061950914018807327,5,210.0
FGFR3,0.041832063,0.039194025,0.074895725,0.04682172,0.03626418,0.0478015426,0.015635612827332234,0.3270943148879098,5,233.8
ATF6B,0.061622467,0.046345714,0.04388205,0.043518737,0.043261208,0.0477260352,0.007864927934740133,0.1647932391991391,5,217.4
KCNJ5,0.05894714,0.05339238,0.040059384,0.04206756,0.043982495,0.047689791800000006,0.008105924744366692,0.16997190464494102,5,218.8
HSPA1B,0.049026877,0.053285386,0.043388966,0.041902352,0.049414944,0.047403705,0.004681264655816738,0.09875313872231586,5,214.8
BDNF,0.050244614,0.04575445,0.04185289,0.049390517,0.04855946,0.0471603862,0.003412825974054817,0.07236637035968159,5,214.2
CAMK2A,0.046860773,0.049240425,0.043738488,0.046700716,0.048599355,0.047027951400000004,0.0021400905231537043,0.04550677755343823,5,215.6
KAT2A,0.044120036,0.048767947,0.04836004,0.05333044,0.03956838,0.0468293686,0.0052064241347198935,0.11117861056789678,5,221.4
GLUD1,0.045368813,0.048775148,0.040088,0.044354513,0.05509823,0.0467369408,0.005608511285034087,0.1200016772393046,5,221.0
IFNAR2,0.047986146,0.02466713,0.023054976,0.091869496,0.046031207,0.046721791,0.02778001516676715,0.5945836957912669,5,313.0
JAK1,0.045586135,0.043119714,0.054790374,0.043672737,0.04596486,0.046626764,0.004722055407134324,0.10127349620776435,5,223.6
IL1B,0.048449848,0.048612002,0.046236023,0.045398537,0.043825865,0.04650445500000001,0.0020430530482042062,0.04393241568370613,5,218.0
FGF2,0.047099333,0.05291748,0.044591825,0.04243647,0.044171385,0.0462432986,0.004086246054180697,0.0883640695601394,5,223.6
SDHB,0.04183802,0.03628029,0.048774682,0.05363962,0.049714625,0.0460494474,0.00692177194824084,0.15031172661239883,5,228.0
IGF1R,0.04954036,0.046281423,0.043291543,0.03959037,0.05138564,0.04601786719999999,0.004744364180733252,0.1030983065797811,5,225.2
F13B,0.04461205,0.056861572,0.039780285,0.041789483,0.047010556,0.046010789200000006,0.0066583425301863,0.144712634709302,5,227.4
GTF2H4,0.037220277,0.031149007,0.095186494,0.034213495,0.0320154,0.04595693459999999,0.02761986687688073,0.6009945423313925,5,301.4
PLA2G4E,0.04371194,0.04198723,0.053908944,0.047041543,0.04208417,0.0457467654,0.004999670849871,0.109290149940765,5,228.8
PPP1R12A,0.046086974,0.05264131,0.046740156,0.046995077,0.03565801,0.045624305399999995,0.006162458866613132,0.13506964791212214,5,231.4
LTA4H,0.04765555,0.046538766,0.04025499,0.047993064,0.044491738,0.0453868216,0.003178186358717941,0.07002443102818949,5,225.0
EIF2S2,0.046834815,0.0467153,0.047875084,0.03528892,0.050066043,0.0453560324,0.005785995577173413,0.1275683800149462,5,233.4
UGT1A1,0.051369578,0.038148582,0.043824274,0.047927186,0.044606894,0.045175302800000004,0.004936220188141853,0.1092681151467977,5,227.8
RPLP2,0.047569275,0.046284042,0.037710495,0.046132565,0.04808181,0.045155637400000004,0.0042439946507490224,0.0939859316601967,5,231.6
MYC,0.04470754,0.05921385,0.032699805,0.055553734,0.033384956,0.045111977,0.012243791446424715,0.27140888652307826,5,252.0
LAMTOR2,0.05156397,0.03277022,0.044108424,0.049149804,0.047677785,0.0450540406,0.007379446669389838,0.16379100678019629,5,238.2
FGF4,0.03687154,0.046840623,0.060642816,0.037117355,0.042658433,0.0448261534,0.009767616935817064,0.21789995783615607,5,248.6
TXNRD1,0.039398093,0.04574686,0.049390092,0.045308635,0.044251516,0.0448190392,0.0035952683999428588,0.08021743580667519,5,235.6
VKORC1,0.04568269,0.05132537,0.039816268,0.047576655,0.038874142,0.044655025,0.00526587355509245,0.11792342642496449,5,236.6
SCN10A,0.041970626,0.04060164,0.058121115,0.038925532,0.043507013,0.044625185199999994,0.007731624624850829,0.17325697563381384,5,242.8
UBE2S,0.039913986,0.038677793,0.045028456,0.043943003,0.05448899,0.0444104456,0.006230147498821621,0.1402856335857531,5,239.4
CDKN2A,0.04134522,0.043451488,0.028905371,0.077928685,0.029164137,0.0441589802,0.020039515152407122,0.453803848314575,5,292.8
TUBB2B,0.041079856,0.043702647,0.037373245,0.046936147,0.05114574,0.044047526999999996,0.005296244114746176,0.1202393068456755,5,240.6
NFATC1,0.047336094,0.03840694,0.04913358,0.041160554,0.044087067,0.044024847000000006,0.00438270562378983,0.09955072924591492,5,238.4
TP73,0.038809475,0.04274848,0.04742408,0.03868957,0.052061044,0.0439465298,0.005774923760878164,0.1314079584249258,5,245.2
VEGFA,0.040885936,0.045364983,0.047849394,0.043277297,0.041673932,0.0438103084,0.0028342276198684733,0.0646931675073183,5,242.8
UBE2I,0.04756251,0.051390044,0.027506314,0.039371103,0.052337065,0.043633407199999995,0.010363485110405753,0.23751262565637446,5,266.4
WNT9A,0.044305768,0.044699427,0.050130982,0.04135331,0.03718746,0.0435353894,0.004756784277272178,0.10926247227438785,5,245.6
YAP1,0.047244836,0.044440683,0.030933533,0.04447144,0.05028479,0.043475056399999996,0.0074128053754511395,0.17050709048536486,5,253.8
PTGIR,0.043997783,0.03524637,0.046117447,0.042822346,0.04881308,0.0433994052,0.005095553511420002,0.11741067620484352,5,246.4
FOSL1,0.041077357,0.043245006,0.045557573,0.041349772,0.045291588,0.0433042592,0.00211006655141602,0.04872653615134513,5,245.2
RIPK1,0.0537043,0.045693472,0.038051292,0.04740979,0.031496886,0.043271148,0.008627381035482669,0.19937952733499625,5,258.6
ADCY10,0.044754587,0.054189976,0.042627104,0.036041092,0.038186755,0.043159902800000004,0.0070692834379308,0.16379284890166157,5,254.2
GTF2F1,0.04785237,0.039896607,0.032920588,0.054438267,0.0406621,0.043153986400000004,0.008230313759381491,0.19071966337231572,5,255.0
OGDH,0.060014162,0.031359658,0.056822896,0.034316346,0.033001006,0.0431028136,0.014065779385516213,0.32633088679659217,5,281.8
CLCNKA,0.046407793,0.03968575,0.04016148,0.0426251,0.046328623,0.0430417492,0.0032351996882485795,0.07516422423298214,5,245.4
PTEN,0.042047344,0.04074143,0.03728088,0.049065474,0.044526238,0.042732273200000004,0.004401079826410922,0.10299194254919539,5,249.2
PSMD1,0.047615387,0.036818158,0.03947602,0.04355537,0.0459786,0.042688707000000006,0.004489748875237569,0.10517415941498459,5,250.0
CDC16,0.036395866,0.0482037,0.046389684,0.038989253,0.042993464,0.0425943934,0.004935751914533875,0.11587797173638996,5,256.2
C3AR1,0.043851312,0.03590364,0.03794251,0.040880874,0.05370834,0.042457335199999995,0.006970438967610376,0.16417514040330955,5,258.8
APC,0.040019862,0.039886888,0.041475616,0.052797187,0.03694614,0.0422251386,0.0061345023936249955,0.14528081131331078,5,257.0
KIF18A,0.039082333,0.043675054,0.03838609,0.04073468,0.048084307,0.041992492799999996,0.003968578986750006,0.0945068683026602,5,258.0
NME7,0.078709856,0.028596817,0.029185066,0.039717544,0.033154942,0.041872845,0.021064455784221885,0.5030576686208421,5,318.0
PDK1,0.038500853,0.037260298,0.04585822,0.04362566,0.043653224,0.041779650999999994,0.0036989126093212843,0.08853383215961486,5,260.6
ABCC8,0.041870728,0.038287133,0.038365602,0.046125766,0.043846574,0.0416991606,0.003427469924497777,0.08219517791678946,5,256.8
CSF1R,0.05209006,0.03729029,0.04052921,0.039963882,0.038449943,0.041664677000000004,0.005965324298672454,0.14317462004259515,5,261.2
EDNRA,0.037383433,0.05473515,0.039149404,0.045044336,0.03148789,0.0415600426,0.008809473022081505,0.21196977844487352,5,276.6
SMAD2,0.04705296,0.032801382,0.04379236,0.04326043,0.04066641,0.0415147084,0.005374689261459012,0.129464699828146,5,266.4
BRK1,0.035968415,0.04709294,0.04225998,0.04666678,0.035280574,0.0414537378,0.005652945127063344,0.13636756121575466,5,268.8
HSD3B2,0.06106035,0.036046147,0.024425156,0.0345752,0.051107492,0.041442869,0.01452706560275254,0.35053233410921764,5,302.8
KCNH2,0.044780534,0.041427687,0.043210894,0.044287432,0.033260737,0.04139345679999999,0.0047247424650668215,0.11414225412231874,5,264.0
RPL23,0.036235347,0.053924073,0.03994276,0.037130784,0.039675374,0.041381667600000005,0.007191113495965372,0.173775343359178,5,272.4
PLA2G4A,0.045891605,0.039243437,0.039029807,0.04294531,0.039184574,0.0412589466,0.0030675604865903305,0.07434897735829084,5,262.8
MEF2C,0.04306329,0.041622177,0.035120472,0.047705263,0.036893792,0.0408809988,0.00502403744404435,0.12289419513997663,5,268.8
ARF6,0.04159231,0.043315683,0.03734041,0.044105984,0.037797187,0.0408303148,0.0031171702009362115,0.0763445056988934,5,267.6
SMARCA4,0.02460356,0.012607758,0.01536009,0.12316199,0.028138904,0.0407744604,0.0464976173738874,1.1403613172986933,5,600.6
SHH,0.044356182,0.03523612,0.036538374,0.040316068,0.04637059,0.0405634668,0.0048153548828360725,0.11871162064570064,5,273.6
FGF6,0.038157124,0.043861307,0.037729077,0.040934656,0.041431684,0.040422769600000005,0.002524510111503082,0.06245267547187271,5,272.8
FURIN,0.04020925,0.040425226,0.0401841,0.041698057,0.039295755,0.0403624776,0.0008632647430454327,0.021387803583331876,5,269.6
HTR7,0.04158174,0.03495979,0.045743242,0.038719323,0.04068628,0.040338075,0.003950635620721938,0.09793812968819009,5,274.4
RPL31,0.040138204,0.042762868,0.038166046,0.036575772,0.042045668,0.0399377116,0.002593579714578444,0.06494061904584549,5,276.2
HRH2,0.03393146,0.043720573,0.03906211,0.041420173,0.040412977,0.039709458600000004,0.0036508508822915937,0.0919390747445646,5,284.8
HMGB1,0.03869385,0.03358955,0.04074392,0.043463953,0.04198189,0.039694632599999995,0.0038345119019503374,0.09660026181852954,5,280.8
SULT1A1,0.04008268,0.04087934,0.03885721,0.04073583,0.036793493,0.0394697106,0.0016958141476358206,0.04296495013155279,5,278.6
CEP290,0.04056178,0.039513532,0.03704952,0.03990253,0.039627776,0.0393310276,0.0013386570566328018,0.03403564916348135,5,282.2
MSMO1,0.03615959,0.034728937,0.042335715,0.04455445,0.038053866,0.039166511599999995,0.004154676776329214,0.1060772738394505,5,286.8
DRD1,0.035986256,0.04256268,0.038076345,0.03770398,0.04145597,0.039157046200000004,0.002748482270981059,0.07019125643294971,5,287.0
COL4A3,0.04181448,0.040827677,0.033112668,0.039959136,0.039540965,0.0390509852,0.003432272079453304,0.08789207396112772,5,289.0
GUCY1B1,0.034857623,0.036784727,0.038050584,0.04353528,0.041893773,0.0390243974,0.003602354199131772,0.09231030942534867,5,289.0
IFNAR1,0.033978358,0.04896663,0.022980502,0.055194363,0.03340202,0.0389043746,0.012987724685983408,0.3338371280741114,5,329.4
FBXW11,0.03318159,0.034249682,0.033188023,0.06358189,0.030059112,0.03885205939999999,0.013913104027972653,0.3581046730298331,5,326.6
JAK2,0.03433104,0.038158685,0.03976836,0.043118346,0.038627718,0.038800829800000006,0.0031622143871354144,0.08149862782407334,5,291.2
STEAP3,0.038603142,0.035390485,0.042253874,0.034863543,0.041606814,0.0385435716,0.0034145977851379947,0.08859059094404201,5,292.6
MCM6,0.041040584,0.04178935,0.038289923,0.03859271,0.03206552,0.0383556174,0.0038283618940766037,0.0998122870543756,5,297.0
CLASP1,0.038680226,0.03825027,0.041730948,0.040684253,0.031773884,0.0382239162,0.0038782843421103336,0.10146224478459728,5,297.6
YWHAQ,0.03644004,0.03554039,0.033408865,0.03990862,0.044177335,0.03789505,0.004222229939145012,0.11141903597290442,5,302.4
NCOA1,0.03936442,0.039048217,0.04122006,0.037132803,0.032622695,0.037877639000000005,0.0032757352551495223,0.08648203377062445,5,298.6
SLC38A4,0.03469753,0.040791046,0.023884207,0.046790414,0.042827446,0.0377981286,0.008920814295195915,0.2360120626499989,5,323.0
LAMB2,0.044517692,0.042231333,0.035143875,0.03337646,0.033412497,0.0377363714,0.005258724743041255,0.13935427673475925,5,306.4
INSR,0.037799142,0.03955796,0.03787478,0.03368275,0.039724935,0.0377279134,0.002435526435567434,0.06455502613530262,5,301.6
KCNJ4,0.046202026,0.034731764,0.034515493,0.026357725,0.046742603,0.0377099222,0.00868405629343786,0.23028571226906056,5,317.2
MEN1,0.04056573,0.041306578,0.037321784,0.036596306,0.032530624,0.0376642044,0.003510592638563864,0.09320766745211971,5,302.2
EHMT2,0.042013217,0.037351355,0.038218606,0.03400805,0.03606858,0.0375319616,0.002964168850954564,0.07897718969622318,5,301.6
WIPF1,0.03425474,0.03273297,0.03497707,0.053016458,0.03235076,0.037466399600000005,0.008759151782312648,0.23378685637871238,5,322.6
PRKAR1A,0.036529955,0.03222106,0.04553724,0.03180498,0.041096658,0.0374379786,0.005889723888738317,0.1573194950418161,5,314.8
GRIN1,0.03458155,0.0398377,0.053665694,0.032647327,0.025533972,0.0372532486,0.010508825865300548,0.2820915292015781,5,339.4
TAB2,0.040259443,0.033802204,0.03401309,0.039175715,0.03841041,0.0371321724,0.003016916624994846,0.08124805067949231,5,308.8
MEF2A,0.039951388,0.035212744,0.03497694,0.038301077,0.037021186,0.037092667,0.0021004797810119484,0.05662789847416332,5,307.0
GRIN2A,0.039637692,0.03392242,0.041259326,0.034515426,0.035058256,0.036878624000000006,0.0033331888925498946,0.09038268056177731,5,309.8
SLC12A3,0.039258096,0.035742454,0.03376841,0.035893504,0.03939713,0.036811918799999996,0.0024452651370240413,0.0664259081497279,5,313.4
KLC1,0.03239443,0.03683992,0.03725723,0.04422797,0.032748487,0.0366936074,0.004773693509422111,0.13009605344559583,5,319.8
LBP,0.03608956,0.034039058,0.046086017,0.03293498,0.033599835,0.03654989,0.005459493978666383,0.14937100983522475,5,320.8
MCCC2,0.037719075,0.03844779,0.03250687,0.0292828,0.044362586,0.0364638242,0.005812202851361367,0.1593964149092559,5,323.6
GMPR,0.039660875,0.03803388,0.02866608,0.0342269,0.041461077,0.036409762400000004,0.005085586880441755,0.13967646436609962,5,324.6
TCF7L1,0.04028483,0.03676212,0.039240863,0.0343627,0.031216979,0.0363734984,0.0036845733779671563,0.10129829518865185,5,318.4
NTRK1,0.029854873,0.033535294,0.028000167,0.057837185,0.032550346,0.036355572999999995,0.012206200168282819,0.3357449535531408,5,351.4
MYLK,0.043977816,0.03255726,0.029976778,0.028877322,0.04590972,0.036259779199999995,0.008068067865125159,0.22250736334117446,5,338.0
ALDH4A1,0.03541603,0.038674884,0.028014218,0.038680162,0.040419407,0.0362409402,0.004941986068472188,0.1363647311907263,5,328.8
TNNT1,0.039808895,0.030838255,0.039880835,0.035510488,0.035114016,0.0362304978,0.0037739606625748906,0.10416529972643354,5,319.0
DYNC1I2,0.035774026,0.028498773,0.040757887,0.040098924,0.03597797,0.036221516,0.00488654469043234,0.1349072382953916,5,324.6
MYH11,0.032952376,0.04259256,0.03675226,0.041601762,0.02698683,0.0361771576,0.006437697596655407,0.17794923713562855,5,339.4
SDC3,0.03493772,0.03336935,0.032968014,0.04037275,0.03899967,0.03612950079999999,0.0033644021649653012,0.09312063799578714,5,325.2
SOCS2,0.034356043,0.04084415,0.03567155,0.033457387,0.03608458,0.036082742,0.002859810600992574,0.07925701990698417,5,324.4
FSHB,0.039541103,0.029580856,0.03489541,0.03588859,0.040353853,0.0360519624,0.004298833763245714,0.11923993805246269,5,326.0
KIAA1549,0.033190213,0.04166033,0.037103187,0.03314549,0.034864195,0.035992683000000004,0.0035563068236907657,0.09880638305543284,5,329.2
SH3GL3,0.035784397,0.037438236,0.03244466,0.035332415,0.03802643,0.0358052276,0.0021861985728097296,0.06105808339589299,5,327.0
DIAPH1,0.036284175,0.03647042,0.035835393,0.038186606,0.03112477,0.03558027279999999,0.002645628687642637,0.07435661616519808,5,329.8
CACNA1H,0.04276744,0.03769641,0.028031498,0.03268872,0.035917357,0.035420284999999996,0.005510538378040479,0.15557577749700433,5,337.8
TLR2,0.033853292,0.03577833,0.034654513,0.037720796,0.034984488,0.0353982838,0.0014705372880669165,0.041542615353202986,5,332.0
AQP3,0.035514154,0.035141293,0.03560297,0.03465416,0.03591685,0.0353658854,0.00048444542182251953,0.013698099633114786,5,330.0
CKB,0.036236674,0.037991818,0.0383471,0.03481898,0.028932124,0.0352653392,0.003813898231268527,0.10814863312780858,5,336.4
NFATC2,0.033421945,0.035495114,0.036907505,0.034260117,0.03607291,0.0352315182,0.0013968294561415501,0.039647154806446865,5,334.2
HDAC2,0.043992598,0.06409321,0.010448439,0.01786469,0.039632317,0.0352062508,0.021476297091517608,0.6100137504990338,5,524.6
CACNA2D2,0.03191098,0.037594095,0.037874874,0.031742323,0.03676601,0.0351776564,0.0030866533543396648,0.08774471270177239,5,337.6
STX4,0.035896197,0.038117815,0.033990826,0.04164741,0.02617822,0.0351660936,0.00577529865582736,0.16422917829654415,5,347.2
GCDH,0.03414097,0.033305753,0.034706283,0.0322908,0.04119739,0.0351282392,0.0035128284936790893,0.10000013019949743,5,340.6
CENPO,0.036078826,0.029912515,0.035959378,0.035127405,0.037810195,0.0349776638,0.0029949001967212023,0.08562321983097115,5,337.0
RPLP1,0.031091625,0.032859314,0.036877688,0.032652386,0.041064736,0.0349091498,0.0040507619457657825,0.11603725581898253,5,345.6
GNG7,0.036809415,0.03315348,0.037482128,0.030644244,0.036345113,0.034886876,0.0028966589494810223,0.08303004687152334,5,337.0
KCNK1,0.03969901,0.03173013,0.029216914,0.036309935,0.037161488,0.0348234954,0.004255849480117312,0.1222120132178722,5,343.4
AOX1,0.030110508,0.036755823,0.03493449,0.037758097,0.034408983,0.0347935802,0.002946934528965259,0.08469765146402666,5,339.8
PYGL,0.039427955,0.037907694,0.03406903,0.032133143,0.030318273,0.034771219000000006,0.003834185312805511,0.11026893571966834,5,343.6
EPS15,0.02601192,0.031407677,0.034772348,0.041118987,0.040157836,0.0346937536,0.006271334225612067,0.18076263231465584,5,357.0
ACADSB,0.035474405,0.03474925,0.035141274,0.035378672,0.031817805,0.0345122812,0.0015320169199329048,0.04439048555077561,5,342.2
TAOK1,0.03429731,0.029604848,0.031270605,0.041362327,0.03574848,0.034456714,0.004557232004780368,0.1322596230383538,5,350.2
TAT,0.029951999,0.034646496,0.043125324,0.03656064,0.027992183,0.0344553284,0.005951678961327828,0.1727360973673909,5,357.2
KLB,0.034233868,0.03316243,0.03844058,0.03529122,0.030929679,0.034411555399999995,0.0027713804943484033,0.08053633327915202,5,345.6
IL6,0.038154446,0.035224047,0.03280735,0.037382815,0.027735783,0.034260888200000006,0.004198918471774691,0.12255719837919117,5,354.4
RRAS2,0.023195244,0.04164559,0.037164494,0.03665782,0.03261637,0.034255903600000005,0.006961731587947557,0.20322720630109303,5,369.4
ACLY,0.03325958,0.03302457,0.037260573,0.034221854,0.03341328,0.034235971399999995,0.0017497191772721124,0.05110762469185007,5,348.8
MAP3K2,0.024068028,0.028109726,0.035779953,0.041203357,0.04130031,0.0340922748,0.00777251460690237,0.22798462855586185,5,373.6
GRK6,0.027505279,0.03802225,0.03227274,0.03487753,0.037734225,0.0340824048,0.004359583280949878,0.12791301865383273,5,356.6
GNA14,0.027100485,0.03421722,0.032221634,0.039419338,0.037399277,0.0340715908,0.004788312846434817,0.14053681480686298,5,357.2
IVD,0.036912274,0.03136621,0.03367134,0.03353303,0.03349012,0.0337945948,0.0019870385706586588,0.058797526125647134,5,354.0
STAT5B,0.041946493,0.038169798,0.030793088,0.028945412,0.029096372,0.033790232600000004,0.005920149207097976,0.17520297291762282,5,362.0
KCND3,0.034141663,0.040306043,0.024967564,0.035219803,0.03421656,0.0337703266,0.005537197284199498,0.1639663527624722,5,363.6
TLN1,0.03432399,0.029801264,0.035758324,0.036596797,0.03219624,0.033735323,0.0027601038038421667,0.08181643329284759,5,356.6
ANPEP,0.035843935,0.03498795,0.029662322,0.03359037,0.034191232,0.0336551618,0.0023875401259579273,0.07094127611527119,5,356.6
AKR1B1,0.038563974,0.035846215,0.028497517,0.03108587,0.034232352,0.0336451856,0.003950707610060418,0.11742267250445539,5,357.8
KCNQ1,0.03524776,0.03609369,0.03201249,0.035011213,0.029791204,0.03363127140000001,0.0026432626823915547,0.07859538377105642,5,359.4
AMPD1,0.041283637,0.033690616,0.026468404,0.02984714,0.036835942,0.0336251478,0.005797807065222608,0.17242473102891784,5,363.4
PNMT,0.03345771,0.02938123,0.03530332,0.036947686,0.032892525,0.03359649420000001,0.002847236675991864,0.08474802933431856,5,358.2
RPS6KA2,0.036600795,0.03268399,0.029608028,0.034311045,0.034670606,0.0335748928,0.002618602477597104,0.07799287679623222,5,357.8
AREG,0.07046868,0.023654515,0.041375395,0.016898353,0.015384024,0.0335561934,0.023072853114037596,0.6875885127672913,5,517.6
COPA,0.02030393,0.023317527,0.02162369,0.077320166,0.025045425,0.0335221476,0.024548676609819423,0.7323121687412241,5,497.6
UPB1,0.028396346,0.032777913,0.034893725,0.03943506,0.032072492,0.0335151072,0.004055019676867019,0.12099080133233228,5,365.2
DUSP6,0.036406383,0.033208534,0.038372874,0.027677651,0.031603426,0.0334537736,0.004176211560933941,0.12483529095605349,5,361.0
FYN,0.03763709,0.037860934,0.032614376,0.030855166,0.028093193,0.0334121518,0.004275152371010324,0.12795202166567207,5,366.2
SAA1,0.03227765,0.03547665,0.03342101,0.028642671,0.036894877,0.033342571599999996,0.0031781457061798306,0.09531795400507834,5,364.4
CYP2C18,0.03805454,0.027824221,0.030488225,0.03550624,0.034714546,0.03331755439999999,0.004103741568921744,0.12317055206554252,5,363.0
BLM,0.027052507,0.029748978,0.035941765,0.03820658,0.034966543,0.0331832746,0.004620703872706549,0.13924797743458836,5,368.4
ACTN4,0.060533285,0.027378537,0.025886253,0.021763515,0.030149426,0.033142203200000005,0.015609062144038737,0.4709723747043689,5,424.2
SMO,0.030204158,0.033905316,0.029774714,0.036149792,0.035677023,0.0331422006,0.0030010554836260197,0.09055088163415498,5,365.0
HSPA1L,0.033013847,0.033852387,0.03285274,0.034098163,0.03166321,0.0330960694,0.0009611534314776709,0.029041316654891684,5,368.2
NUP93,0.042023625,0.0347548,0.017690571,0.042095393,0.028718006,0.033056479,0.010246090041327302,0.3099570901464521,5,406.0
CXCL1,0.06601359,0.026151698,0.023865584,0.030769994,0.01774186,0.0329085452,0.019091725064473486,0.580144912163224,5,461.2
KLC3,0.028199598,0.029872784,0.034170516,0.0356191,0.03654668,0.032881735599999996,0.0036593079424045195,0.11128694625245146,5,371.0
DBH,0.0352365,0.032221843,0.033614434,0.030220335,0.03283207,0.03282503639999999,0.001843004774648263,0.056146313204035424,5,369.6
SCN5A,0.02806501,0.028887648,0.039860655,0.038962957,0.027069697,0.0325691934,0.00628751800243286,0.19305108128446496,5,386.6
GHRH,0.03230317,0.036618367,0.03624925,0.02816329,0.02904768,0.0324763514,0.0039299915738834346,0.12101087112524084,5,381.6
CD14,0.02982912,0.033813268,0.031254593,0.03614347,0.030868217,0.032381733600000004,0.002563053164831798,0.07915120285072685,5,379.2
LEP,0.03337599,0.038063817,0.027673397,0.03229575,0.0302113,0.0323240508,0.0038776471524880527,0.11996167115564776,5,385.4
CSNK1A1,0.03315041,0.037672438,0.030069051,0.028664548,0.03163665,0.0322386194,0.0034713515829236895,0.10767680649884434,5,384.0
PLA2G6,0.029403748,0.0325734,0.030654863,0.032684617,0.035581727,0.032179671,0.002345994775904563,0.07290300686742766,5,381.8
SKA2,0.028730549,0.030539509,0.033835843,0.037476365,0.029744966,0.0320654464,0.003579350469049767,0.11162640383667843,5,386.6
TNRC6A,0.033223033,0.032589428,0.030330466,0.033920407,0.02984482,0.031981630799999994,0.0018001149688238517,0.056285902994785746,5,387.6
ADCY9,0.0429574,0.027122427,0.016189422,0.025884911,0.04774909,0.03198065,0.013031269959389358,0.40747358041157256,5,447.2
THBS1,0.036242522,0.03255242,0.03024642,0.029370246,0.031187946,0.03191991079999999,0.0026889668086893894,0.08424105021901847,5,385.0
LCP2,0.030675126,0.028749507,0.03364241,0.034317784,0.032135487,0.0319040628,0.00225626716797517,0.07072037132446875,5,385.4
NCOR2,0.037573226,0.026388278,0.023442809,0.05000012,0.02177259,0.0318354046,0.011876937386768056,0.37307323516058144,5,428.2
TCF7L2,0.025471196,0.025971668,0.024438333,0.05606191,0.026341923,0.031657006,0.01366149698932531,0.4315473481391547,5,441.6
CAMK2D,0.04702693,0.022222027,0.019038584,0.021739744,0.04763353,0.031532163,0.014474127280187536,0.45902741528348484,5,462.4
CXCR4,0.033678696,0.031907994,0.028576834,0.030838626,0.032458447,0.031492119400000004,0.001924435016336692,0.06110846310130184,5,394.2
TP53,0.028562296,0.03180995,0.021662937,0.029409988,0.045979455,0.0314849252,0.008937499835933968,0.2838660018774308,5,416.4
WASL,0.030768646,0.031936035,0.027920235,0.024230506,0.042198606,0.0314108056,0.006723199718216045,0.21404098334288008,5,407.8
PDIA6,0.035415217,0.031325497,0.032822583,0.03353325,0.023080572,0.031235423800000002,0.004790080161845905,0.15335409541796916,5,408.0
B4GALT1,0.029931007,0.02848081,0.03458938,0.033469625,0.029487753,0.031191715000000002,0.0026727737697969335,0.08568858011805165,5,400.8
ANAPC1,0.030971687,0.028456366,0.033188555,0.028964398,0.034299485,0.031176098200000002,0.0025561627700208564,0.08199110593065992,5,395.4
KITLG,0.026466401,0.03013758,0.031975698,0.032569386,0.034550365,0.031139886,0.0030503892506385964,0.09795762420705703,5,401.2
BCL2,0.043333355,0.027933445,0.02302895,0.02810325,0.032566555,0.030993110999999997,0.0076794866538309366,0.2477804391379406,5,412.8
GNAT3,0.033420637,0.030548181,0.03236633,0.029817706,0.028455626,0.030921696000000005,0.001985666269521518,0.06421595599159624,5,403.8
FGF10,0.03229929,0.031646367,0.028130662,0.031202177,0.030691009,0.030793901000000002,0.0016017968308619857,0.052016690930518535,5,405.4
HIPK2,0.035786178,0.03411743,0.03127427,0.021517886,0.031211453,0.030781443399999997,0.00553212113543872,0.17972260311349533,5,416.8
NCSTN,0.0313848,0.030716345,0.03297079,0.025690632,0.03267999,0.0306885114,0.0029427526927606057,0.09589102105358573,5,405.0
TOP2A,0.030852478,0.024185253,0.029632613,0.035140507,0.03241808,0.0304457862,0.004060519395507145,0.13336884680308056,5,414.8
AP1B1,0.02676923,0.036292713,0.034016915,0.027044153,0.028071802,0.030438962599999998,0.004406337935409435,0.1447597933383392,5,416.0
CD3E,0.03569536,0.029329859,0.03070365,0.027961574,0.0283191,0.0304019086,0.00314461009370348,0.10343462757806857,5,413.0
FZD1,0.032200508,0.028179267,0.030041382,0.033539858,0.027940923,0.030380387600000003,0.0024599764077222978,0.08097251556205615,5,416.2
BMP2,0.032244533,0.022019288,0.034173988,0.03385231,0.029344082,0.0303268402,0.0050221575646409375,0.16560108245767516,5,425.2
ALDH9A1,0.029088777,0.021773584,0.031853992,0.036328148,0.03221224,0.0302513482,0.005398266324389173,0.17844713196581344,5,424.6
KCNE1,0.041038916,0.03323292,0.019127188,0.025500603,0.032355867,0.030251098800000004,0.00830672782474078,0.2745925984262357,5,436.6
WNT4,0.021591445,0.018239612,0.07205604,0.017783802,0.021355111,0.030205202000000004,0.0234599663452107,0.776686292156255,5,579.0
ZAP70,0.030527454,0.02696123,0.032311566,0.03704688,0.024042811,0.0301779882,0.004996095668789699,0.16555429857281537,5,424.0
GBA,0.028216947,0.032881014,0.029481445,0.03471535,0.025051756,0.030069302400000004,0.0038224353869567625,0.12712085355717337,5,424.6
COX6B1,0.034063477,0.032994635,0.029897887,0.025185926,0.028164871,0.0300613592,0.003606046773979673,0.11995621189276341,5,421.0
PPBP,0.032905515,0.026127005,0.029250829,0.033768915,0.028228946,0.030056242,0.0032143779183464102,0.10694543643701065,5,424.4
KRAS,0.041321643,0.02742283,0.021521252,0.023100976,0.03662893,0.029999126199999997,0.008634955332190443,0.28784022823272915,5,439.8
SLC3A1,0.038267694,0.027231745,0.024408484,0.029380608,0.030469323,0.0299515708,0.0051931501661286175,0.17338490194072284,5,423.0
ACOX3,0.034664124,0.027470648,0.033166643,0.025027007,0.029344087,0.029934501800000003,0.0039786534558607515,0.1329119650109143,5,421.8
MMP7,0.028094146,0.028139316,0.032736834,0.0322527,0.02836959,0.0299185172,0.002360316799994696,0.07889150335280305,5,423.0
CHMP4B,0.0342161,0.028769955,0.029715676,0.029025642,0.02782474,0.029910422599999997,0.0025005179001464472,0.08360021968216683,5,421.2
NFKBIA,0.033988543,0.026178533,0.028008979,0.031136507,0.029900672,0.0298426468,0.002985547017811846,0.10004296997583492,5,424.4
CCKBR,0.02614269,0.031893965,0.023699211,0.028767988,0.037858553,0.029672481400000006,0.005497823490597648,0.1852835769440451,5,433.8
PCSK2,0.03254399,0.03280666,0.028163746,0.02558309,0.02925912,0.0296713212,0.003051184302155018,0.1028327751766921,5,428.4
POLR2A,0.025792535,0.031624317,0.028194156,0.029694462,0.03245095,0.029551284,0.0026784332698293048,0.09063678146199348,5,429.0
TIAM1,0.03818589,0.022682745,0.031394437,0.023987966,0.031499583,0.0295501242,0.006322120514273885,0.2139456494830531,5,438.8
CYP2S1,0.029012628,0.025752615,0.03413463,0.02907966,0.029649895,0.029525885600000003,0.0029981671462202203,0.10154368227384244,5,428.6
ABAT,0.023595037,0.018053425,0.010783469,0.019823762,0.0753103,0.029513198600000002,0.026021210083523157,0.881680445288067,5,660.0
SOST,0.0053462326,0.0069624092,0.11616877,0.010907483,0.0075378697,0.0293845529,0.04855608455059835,1.6524357105531577,5,1436.4
ADCY8,0.03292017,0.027218085,0.025153862,0.031672634,0.029769098,0.0293467698,0.0031807612756920623,0.10838539632706229,5,434.0
WNT11,0.02448498,0.03110341,0.031545866,0.031010682,0.028505072,0.029330002,0.002959495824829966,0.10090336253062533,5,439.4
AGPAT1,0.025321519,0.026883049,0.03384587,0.02958077,0.030854458,0.029297133200000002,0.0033477614772641287,0.1142692513431358,5,435.8
FANCD2,0.02933694,0.026704883,0.029464401,0.029241607,0.03130702,0.0292109702,0.0016397356488546254,0.056134241267160156,5,431.6
MED1,0.026546475,0.030035803,0.035191495,0.030036634,0.024215987,0.0292052788,0.004158664948662516,0.14239429033159978,5,436.4
POM121C,0.029016523,0.024206206,0.031912334,0.033538602,0.0267793,0.029090592999999998,0.003773320964272719,0.1297093175196779,5,444.0
INHBB,0.025558453,0.027367044,0.03665715,0.021937475,0.033543553,0.029012735,0.005993018010817962,0.2065650829133469,5,449.2
CDKN1C,0.030219968,0.033107042,0.021652639,0.029633509,0.030142488,0.0289511292,0.004302165160790286,0.14860094509855198,5,442.8
GOT2,0.03290867,0.028272491,0.028734103,0.029194107,0.02507532,0.028836938200000002,0.002792199697610416,0.09682719012139838,5,443.8
DDX58,0.033909384,0.025280599,0.029024452,0.02869875,0.027140476,0.0288107322,0.00321348963461269,0.11153793705432762,5,445.8
BDKRB1,0.03517412,0.026579462,0.026006814,0.023783302,0.03218606,0.028745951599999996,0.004742893046799898,0.16499342630215444,5,448.8
KTN1,0.029376412,0.027291026,0.025388364,0.03729154,0.024140356,0.0286975396,0.005196502589083622,0.18107833150559088,5,450.8
RUNX2,0.025287056,0.025925048,0.02786652,0.031114647,0.03321224,0.028681102199999996,0.0033997161123329395,0.1185350579843804,5,448.2
CBX4,0.021757133,0.027743975,0.031788033,0.03160502,0.030491564,0.028677145000000005,0.004192241786943293,0.14618755761577007,5,456.8
HDAC4,0.026620198,0.032885853,0.022720054,0.028024457,0.033012155,0.0286525434,0.0043773986083113685,0.15277521953989495,5,447.6
NDC80,0.025051588,0.027359389,0.031430844,0.032492682,0.026776584,0.0286222174,0.003186666444941611,0.11133541473769991,5,454.0
C1S,0.02365494,0.025499884,0.03456817,0.024815114,0.034252744,0.0285581704,0.005384085784775982,0.18853048740041073,5,457.4
ATP2B1,0.0274784,0.028708655,0.027824966,0.025642458,0.03300057,0.0285310098,0.002736729021037925,0.0959212113494113,5,443.8
MAT2B,0.031024216,0.029142626,0.02605175,0.030720167,0.02550795,0.0284893418,0.0025816418892482358,0.09061781445748374,5,449.2
GSTA5,0.03458075,0.031231862,0.024832258,0.028527908,0.023237584,0.028482072399999996,0.00462555715420908,0.16240240840793174,5,454.8
DMGDH,0.029392116,0.024400124,0.029079057,0.028102323,0.031307865,0.028456297,0.0025481789711277146,0.08954710344524851,5,448.4
PLCG2,0.03189205,0.025952568,0.025426168,0.032240067,0.025728589,0.028247888399999997,0.003492666422752292,0.12364345161999056,5,458.8
HSPG2,0.016765984,0.020716066,0.0622107,0.01564976,0.025460286,0.0281605592,0.019419580862305483,0.6896021035798707,5,604.2
LDHC,0.026770094,0.026404448,0.02705029,0.027641172,0.03269245,0.0281116908,0.002600282407725206,0.09249825726331644,5,454.8
BCR,0.02480867,0.027100623,0.037193805,0.021736272,0.02965068,0.02809801,0.005861538186665212,0.2086104384853309,5,471.8
H2AC1,0.0270988,0.02328121,0.028459964,0.02777356,0.033590246,0.028040756,0.0036940671197824753,0.13173921272958816,5,458.2
PHC1,0.028297031,0.030005062,0.026600784,0.024967195,0.03023351,0.0280207164,0.002250035205026868,0.08029898925164054,5,454.6
TRAF2,0.026211794,0.033505585,0.021733925,0.030980937,0.027612211,0.028008890400000003,0.004522411229275682,0.16146341981743345,5,465.4
SCARB1,0.02282182,0.030590378,0.031936288,0.029130243,0.025347453,0.0279652364,0.0037856763530795005,0.13537079747623734,5,469.8
SLC22A2,0.027688112,0.028985996,0.029566225,0.025159303,0.028415892,0.0279631056,0.001714514698457059,0.061313457917816505,5,455.0
MAX,0.022119377,0.02078962,0.022346405,0.054767888,0.019770153,0.027958688600000003,0.01502311651673561,0.5373326600424173,5,538.4
CASP1,0.02828068,0.034109592,0.026805058,0.025611795,0.024863575,0.027934139999999996,0.0036862168702098234,0.13196099361604918,5,462.0
PTK2B,0.02693344,0.027124055,0.03257644,0.025720473,0.026716182,0.027814118,0.002716629546030245,0.09767088591593107,5,463.0
C1QA,0.024699507,0.028049244,0.029565929,0.024294574,0.032198865,0.027761623800000003,0.003332579545700853,0.12004267364579924,5,466.4
CEP152,0.03402643,0.027712282,0.03061136,0.018718483,0.027085822,0.027630875400000005,0.0056903614917545265,0.2059421357223639,5,485.6
PRKCG,0.04624636,0.039926894,0.012159084,0.020144274,0.019331882,0.0275616988,0.014679945796862506,0.5326212256866586,5,583.0
NDUFB1,0.029263172,0.024861071,0.028788932,0.02563285,0.029258238,0.0275608526,0.002138527663005509,0.07759294293404802,5,465.8
LPAR3,0.026856929,0.03439958,0.028110454,0.02174206,0.026580408,0.0275378862,0.0045382470250876815,0.16480012271558017,5,478.6
CCL4,0.029724581,0.026710007,0.025350075,0.027877092,0.02792947,0.027518245000000004,0.001621727900148018,0.05893282439152707,5,466.4
SERPING1,0.028281126,0.029420532,0.033776067,0.02289481,0.023171602,0.0275088274,0.004572472868889962,0.16621838518969229,5,475.4
SIAH1,0.029277373,0.031276997,0.026881948,0.024665887,0.0254309,0.027506621,0.0027440800604394727,0.09976071071904735,5,470.0
RPL27,0.025106356,0.024773372,0.032104176,0.033049807,0.022365803,0.0274799028,0.0047833248262300464,0.1740662935034125,5,481.4
PRKAG2,0.045922257,0.024069352,0.013137963,0.02991251,0.023165021,0.0272414206,0.012059176343798748,0.4426779543133939,5,548.8
KCNE2,0.029721798,0.023880312,0.027144283,0.02831505,0.02679228,0.0271707446,0.0021672673267845387,0.07976473809203369,5,478.0
FGF20,0.03102355,0.0273974,0.029259652,0.024550343,0.023576178,0.0271614246,0.0031243397511118735,0.11502856706241665,5,475.2
POLR2B,0.029025907,0.033121917,0.02113584,0.027019871,0.025458846,0.027152476200000004,0.004422381852114955,0.16287213805254913,5,481.0
TGFA,0.037496466,0.023408411,0.02710526,0.024399642,0.023350481,0.027152052,0.0059802098898718015,0.22024891120095827,5,486.4
RAB4A,0.025179325,0.03245618,0.025996359,0.022120645,0.02950905,0.0270523118,0.004005677452108906,0.1480715393835179,5,488.4
H4C8,0.03413452,0.020703947,0.030643411,0.0155718075,0.034038953,0.027018527699999996,0.008425628010704287,0.3118463042937861,5,524.0
ACSL6,0.023998385,0.027099457,0.03151888,0.017855866,0.034165565,0.026927630600000002,0.006410424761401798,0.23806122627817827,5,506.8
LDLR,0.026886454,0.02476838,0.022192389,0.037183877,0.02359271,0.026924761999999998,0.005987462236996696,0.22237753622471007,5,492.2
CEP78,0.028776722,0.029641155,0.029536461,0.024718048,0.021884697,0.026911416599999998,0.003460508265492411,0.12858885568634137,5,482.8
RAD50,0.02821822,0.026537385,0.027326941,0.0235921,0.028819775,0.0268988842,0.0020420090878643746,0.07591426739791587,5,481.4
ASNS,0.02130539,0.033763777,0.030634306,0.026320975,0.022308575,0.0268666046,0.005333081057817545,0.19850223492020816,5,498.6
KCNJ3,0.030004498,0.022561818,0.02465025,0.02754861,0.029352807,0.0268235966,0.0031593858451176558,0.1177838263910387,5,483.0
MAP3K7,0.035409726,0.021556906,0.023850864,0.026110347,0.02709483,0.026804534599999996,0.005264913646270261,0.19641876737789962,5,488.8
NDUFB6,0.023526361,0.025314609,0.022238359,0.032755397,0.030146327,0.0267962106,0.0044831978920983175,0.1673071599197805,5,494.0
ABCC1,0.029940356,0.01953802,0.029388705,0.024039567,0.030631363,0.026707602200000003,0.004784250958148904,0.17913442480991063,5,496.0
UBE2D1,0.030060682,0.02876444,0.022832979,0.022332007,0.02951673,0.026701367599999998,0.0037922047947884217,0.14202286757733046,5,487.4
ACADS,0.016763942,0.019386793,0.0155763505,0.054986067,0.026728291,0.0266882887,0.016401566421682827,0.614560439076891,5,613.2
IL2,0.02614831,0.02414451,0.029519847,0.028591922,0.024766281,0.026634174,0.002349648953209499,0.08821932879200604,5,489.6
ITPR3,0.027050495,0.024729853,0.02789891,0.024118328,0.029152926,0.0265901024,0.0021250411760343133,0.07991850291010212,5,488.6
LPIN3,0.018078614,0.027560916,0.027789572,0.028829949,0.03066241,0.026584292199999998,0.004909864416127822,0.18469043219920003,5,510.6
ARNT,0.025781542,0.023477057,0.03466992,0.022766082,0.026180344,0.026574989,0.004754423359458747,0.1789059389435212,5,499.6
MYH9,0.025504768,0.02590394,0.027529588,0.027256371,0.026655013,0.026569936,0.0008627712046797231,0.03247170804926753,5,490.8
ITPR2,0.024935996,0.028906913,0.023483554,0.020535355,0.034866285,0.026545620599999997,0.005543004457287337,0.208810505537299,5,499.2
CKAP5,0.025384352,0.029653678,0.028302228,0.020872561,0.028491275,0.026540818799999998,0.0035377710533523355,0.13329547517020596,5,497.0
FRAT2,0.0322665,0.02480261,0.025430888,0.023518797,0.026591415,0.026522042000000003,0.003397431173374155,0.1280984010723667,5,495.2
SPTBN5,0.032071635,0.029150283,0.023447724,0.024101863,0.023838112,0.0265219234,0.0038800067961108392,0.14629432178025364,5,490.8
MYOD1,0.024682326,0.026215546,0.028595652,0.02423943,0.028724074,0.026491405599999997,0.0021114522678310297,0.07970329320053256,5,492.0
DLL1,0.02708732,0.028664986,0.025603306,0.02858231,0.022452937,0.0264781718,0.002576262836102171,0.09729761010547455,5,489.8
NR3C2,0.024511341,0.024861274,0.02735211,0.027714329,0.027887378,0.0264652864,0.001640096524480892,0.06197161442699869,5,495.6
PFKL,0.028351294,0.032344073,0.021913957,0.023646716,0.025923176,0.026435843199999996,0.0040946808220639975,0.15489125090831216,5,497.8
DHFR,0.029185824,0.024397044,0.023790536,0.029916104,0.024627436,0.0263833888,0.002919141195509939,0.1106431481428928,5,490.2
CAPZB,0.028444998,0.018291773,0.030016666,0.028017584,0.026892863,0.026332776799999996,0.00463256224998172,0.17592380344718225,5,509.2
TFRC,0.028884865,0.025470238,0.025162311,0.026081841,0.025831575,0.026286166,0.0014941909799048446,0.05684324522278542,5,490.2
ASS1,0.027528385,0.027854629,0.028890897,0.026161518,0.020866953,0.0262604764,0.00316890812008739,0.12067214896708385,5,496.4
GRIN2B,0.026585676,0.024840215,0.027717864,0.025089378,0.02686263,0.026219152599999997,0.001221924504526282,0.04660427143348188,5,496.0
TALDO1,0.01880452,0.026588326,0.02713005,0.025972081,0.0323427,0.026167535400000004,0.004834468820989313,0.18475063650775886,5,515.4
XRCC5,0.02997305,0.02033626,0.02730974,0.026138557,0.02704799,0.0261611194,0.003555495033563091,0.13590760315719103,5,502.8
TPM1,0.028767932,0.017916309,0.030028738,0.028656343,0.025317492,0.0261373628,0.004915940149715587,0.188080954736397,5,515.4
LPIN2,0.029385606,0.0249156,0.020190189,0.03420797,0.021819234,0.026103719799999998,0.0057268652438758495,0.21938885675120715,5,513.8
GRIN3B,0.031189539,0.023710683,0.027429983,0.020723095,0.027058648,0.0260223896,0.003974326805739784,0.1527272040281721,5,509.0
THEM4,0.022495082,0.025992343,0.026166657,0.033253234,0.022090962,0.025999655599999998,0.0044777858457938,0.17222481384691113,5,515.4
CAMK2G,0.0212853,0.030384853,0.02323839,0.025707126,0.029369483,0.0259970304,0.003889761190878342,0.14962328893065965,5,511.4
BSG,0.024960626,0.021534793,0.027060147,0.024162056,0.03179529,0.025902582399999995,0.003842468507145542,0.14834306664132232,5,510.8
RASGRF2,0.023698939,0.026470501,0.030222058,0.021785699,0.026863085,0.0258080564,0.003227346571876315,0.12505190324507795,5,514.6
MAN1A2,0.023787508,0.026388334,0.026583986,0.019806357,0.03232514,0.025778265,0.004569183224979604,0.17724944735340425,5,520.6
MAVS,0.023270342,0.02155527,0.034695137,0.025178412,0.023731118,0.025686055800000003,0.005199569515515992,0.20242771237443125,5,521.2
SMARCB1,0.02713583,0.032242868,0.02405348,0.023089912,0.020689331,0.025442284199999998,0.004448849109381572,0.17486044391334848,5,521.8
PTH,0.026295668,0.022865564,0.024503946,0.024721498,0.028681602,0.0254136556,0.0021941310380528324,0.08633669522352512,5,513.0
PANK1,0.025806842,0.028233886,0.022232369,0.026213046,0.024518134,0.0254008554,0.0022174898087503813,0.08729980836591753,5,510.8
NOS3,0.0380026,0.023423012,0.014872189,0.031573705,0.019074542,0.0253892096,0.009376756941194983,0.3693205534525574,5,570.4
MAP2K6,0.036161654,0.024064926,0.020587897,0.023267923,0.022644438,0.025345367599999995,0.006182149817375935,0.24391636037568995,5,529.0
CRADD,0.026360901,0.025178768,0.026867673,0.024632905,0.023472592,0.0253025678,0.0013585110906852032,0.053690641259153286,5,515.4
ADRB2,0.026117371,0.023169648,0.022216506,0.026870536,0.02807565,0.0252899422,0.002494230377124014,0.09862538859910934,5,517.8
INCENP,0.029014288,0.021841366,0.020984402,0.02700514,0.027329585,0.0252349562,0.003584272408827794,0.142036006736869,5,521.0
CEP192,0.025445305,0.02735932,0.020567292,0.02911526,0.023622777,0.025221990800000003,0.0033165982610799723,0.131496291762979,5,523.4
IDH3A,0.026749182,0.028539468,0.02137575,0.022510499,0.02689053,0.0252130858,0.0030930304950703607,0.12267560264560559,5,523.8
CEP250,0.030390054,0.021010114,0.020807939,0.029409606,0.024402522,0.025204047,0.004531519529592364,0.17979332960267708,5,526.8
IFNG,0.02489069,0.024588615,0.02614152,0.024844358,0.025122138,0.025117464200000002,0.0006029940166628524,0.024006962321572747,5,522.0
SCTR,0.02618916,0.020200921,0.023620604,0.027515436,0.027965058,0.0250982358,0.0032178692457163643,0.12821097352652827,5,528.0
SYK,0.026071236,0.02169314,0.02765093,0.026102994,0.023780102,0.0250596804,0.002334375592953885,0.09315264822586823,5,524.0
CES2,0.026204543,0.023642745,0.028245412,0.021698881,0.025387634,0.025035843000000002,0.0024933404897090373,0.09959083421752714,5,528.0
MGST3,0.02540865,0.02809294,0.022029765,0.02810515,0.021530082,0.025033317399999998,0.0031714470602879057,0.1266890444287622,5,528.0
ITGA6,0.024509745,0.020365,0.02654245,0.0249225,0.028267432,0.0249214254,0.0029476251141097973,0.11827674648616998,5,534.2
PAK5,0.028423533,0.018527923,0.024829721,0.029610261,0.023063704,0.0248910284,0.0044323167890383,0.1780688494589601,5,537.6
VANGL1,0.026165925,0.029386275,0.02244165,0.024907567,0.02145036,0.0248703554,0.0031491424857131023,0.12662233551005478,5,528.8
GAL,0.027751565,0.02551113,0.023367362,0.026557628,0.021100627,0.0248576624,0.0026470684484356083,0.10648903367661829,5,526.4
ABCB11,0.038577702,0.015481701,0.021414557,0.019080091,0.029731771,0.0248571644,0.009288977046505702,0.37369415501414566,5,582.2
GSTT2,0.025842696,0.023418784,0.026555086,0.02449306,0.023843357,0.024830596599999998,0.0013304131583702851,0.05357958891613121,5,527.0
DPYS,0.03907359,0.011282447,0.010052367,0.013027586,0.050657384,0.024818674800000003,0.018782602220330617,0.7567931153330804,5,796.6
PSMD3,0.023818549,0.031505425,0.026028588,0.023867985,0.018796485,0.0248034064,0.00459200896306331,0.18513622238045943,5,546.8
DERL1,0.061719764,0.008040504,0.0054899678,0.008815373,0.039542086,0.02472153896,0.024948114371838227,1.009165101420459,5,1125.4
GCK,0.024628656,0.021023607,0.019838963,0.034690324,0.022883467,0.024613003400000003,0.005920708570246496,0.24055205592042844,5,554.8
CDK5RAP2,0.023885163,0.022150347,0.02336594,0.01994017,0.033580776,0.024584479200000002,0.005253614102584305,0.21369637566226354,5,546.8
TNPO1,0.02378881,0.021645008,0.022608232,0.024899278,0.029554453,0.0244991562,0.003079873016558021,0.12571343238988864,5,540.6
IL18,0.0517668,0.020331265,0.008669214,0.021381667,0.019751864,0.024380162,0.01615292163634946,0.662543654810393,5,714.8
GPX7,0.02323293,0.023674347,0.02860257,0.024490833,0.021884086,0.0243769532,0.002543896488683394,0.10435662192120852,5,545.0
RPL10L,0.022263918,0.028668826,0.022178601,0.026834479,0.021918578,0.024372880399999998,0.0031543938017551494,0.1294222820604802,5,544.4
POU2F1,0.020301273,0.028684566,0.023475235,0.026101252,0.02318271,0.0243490072,0.0031770784975136664,0.13048082295173277,5,547.6
MCM8,0.024545891,0.02879029,0.0261997,0.021068305,0.020930063,0.0243068498,0.003377577538568686,0.13895579091325466,5,550.6
KIF2A,0.026526097,0.022504373,0.017721415,0.026708411,0.02804991,0.0243020412,0.0042225529155742025,0.17375301444119856,5,552.4
SELE,0.026945489,0.021167237,0.022794893,0.028642103,0.0212393,0.0241578044,0.003435069437218526,0.14219294851226322,5,549.8
ENTPD1,0.03659986,0.017239926,0.020259166,0.023586728,0.022845661,0.0241062682,0.0074144409624374375,0.3075731548708745,5,577.0
MAD2L1,0.022627536,0.0249755,0.020553162,0.024018291,0.027757972,0.023986492199999997,0.002685038439655045,0.11193960405994859,5,556.8
TCF7,0.025136417,0.023895426,0.024537276,0.023824176,0.022503996,0.0239794582,0.0009820739583652556,0.04095480182138792,5,547.6
PROC,0.02116345,0.025571289,0.026326902,0.020195115,0.026602717,0.023971894599999998,0.003048637975366754,0.1271755122503648,5,567.0
PSEN2,0.023982884,0.021350538,0.021992374,0.026967086,0.025387974,0.023936171200000002,0.0023323917220473933,0.09744213903547753,5,554.6
PTK2,0.025904864,0.026920708,0.01959701,0.022188941,0.024018968,0.0237260982,0.00293472939664583,0.1236920361665632,5,560.8
TBP,0.022683037,0.026443243,0.025059042,0.02020701,0.02406747,0.0236919604,0.00238444339539342,0.10064356664184783,5,563.2
ATRIP,0.027660673,0.02293932,0.02702001,0.026639372,0.013950261,0.0236419272,0.00572207320705168,0.24203074303738148,5,594.8
RXFP2,0.027949832,0.02233024,0.02505838,0.0205053,0.022174483,0.023603647,0.002927003647694516,0.12400641509740068,5,561.4
ALOX5,0.021258904,0.023474121,0.023557605,0.03005433,0.019254318,0.0235198556,0.004062314165277262,0.17271849939747344,5,575.8
PSMD5,0.02044848,0.02619303,0.024270045,0.024494657,0.022123571,0.0235059566,0.0022383518561431078,0.09522487828226092,5,568.0
SNAP25,0.02496419,0.021097647,0.028302042,0.021929806,0.020830804,0.0234248978,0.0031834208975684,0.13589903037136836,5,572.6
MALT1,0.01908793,0.026413579,0.026243895,0.023900291,0.02146911,0.023422961,0.0031519571731045935,0.13456698207816653,5,578.0
IDI1,0.024321849,0.019853562,0.040610667,0.014551923,0.01766291,0.0234001822,0.010257153049842569,0.4383364608948459,5,639.4
SHC3,0.021582024,0.027432637,0.017169183,0.033089966,0.017375225,0.023329807,0.006865839314923011,0.2942947326963747,5,608.8
PIP4K2C,0.023268519,0.023374232,0.02717824,0.020389901,0.02234449,0.023311076400000002,0.00247125014200815,0.1060118417358089,5,576.0
MAN2A2,0.021507813,0.026530026,0.019025028,0.021330278,0.028128417,0.023304312400000003,0.0038442720475934454,0.16495968564141994,5,583.8
FDFT1,0.022833109,0.025044084,0.023327874,0.025412181,0.019856088,0.023294667199999997,0.002212594032551995,0.09498285652915424,5,570.0
MMP13,0.024617685,0.019346166,0.022702456,0.026788205,0.022893704,0.0232696432,0.0027410854955576803,0.11779662764909435,5,573.0
CEBPA,0.025008209,0.024262855,0.026144443,0.017075723,0.023790792,0.023256404400000003,0.003567524414676485,0.15339965513656464,5,582.8
EDN1,0.025553659,0.024015665,0.022086317,0.023764003,0.020570979,0.0231981246,0.0019154074711284798,0.08256734128966958,5,571.8
CBL,0.021441687,0.023276553,0.02467123,0.02323469,0.02296457,0.023117746,0.00114943951114206,0.04972108920748848,5,577.8
HSPA7,0.020745905,0.015380046,0.024524782,0.03073058,0.024200737,0.023116409999999997,0.005625955105973874,0.24337494905021476,5,609.8
VPS37C,0.019733803,0.023426449,0.021763677,0.023346445,0.027267396,0.023107553999999995,0.002768178534569257,0.11979539394646692,5,582.6
CDH1,0.02200166,0.023447454,0.020968031,0.025154028,0.023361696,0.0229865738,0.0015886751683120111,0.06911317807232373,5,578.0
RRM1,0.026315525,0.020881362,0.019290624,0.021839261,0.02655963,0.0229772804,0.0032884838137029505,0.14311893124231317,5,585.8
IL11,0.022858938,0.02174054,0.019956054,0.020719528,0.029605618,0.0229761356,0.0038634065080939643,0.16814866413366591,5,589.8
RYR2,0.028232846,0.022108696,0.016755933,0.02264181,0.024514027,0.0228506624,0.004167569496108648,0.1823828746473734,5,593.0
DYNC1I1,0.02103947,0.021330353,0.021439612,0.025805918,0.024539363,0.0228309432,0.0021889565411637806,0.09587674595781837,5,588.0
POLR3F,0.028671805,0.022987125,0.021020345,0.022927763,0.018539796,0.0228293668,0.003736362907419086,0.1636647630287795,5,590.2
IL10RB,0.029884422,0.010875714,0.012409268,0.030908694,0.030019341,0.022819487800000003,0.01022512649271241,0.4480874672705147,5,706.8
ABCB1,0.028674582,0.021104354,0.023297295,0.021594273,0.019084074,0.022750915599999998,0.0036360372864374345,0.15981938267299603,5,590.2
ADRA1B,0.023986243,0.02250675,0.023191394,0.02024158,0.023762468,0.022737687,0.0015082108836601735,0.06633088421263665,5,584.8
CHPT1,0.025877496,0.021742787,0.014319435,0.027386127,0.024287574,0.022722683799999997,0.005141113983571624,0.22625469899693912,5,610.6
AGL,0.021583375,0.022088055,0.023884796,0.024388842,0.021614155,0.022711844599999996,0.0013281203661104299,0.05847699249009612,5,585.8
SPDL1,0.020618321,0.023630666,0.02298843,0.018828904,0.027154027,0.0226440696,0.0031658655308312296,0.13980991874496046,5,600.2
SLC9A1,0.021040522,0.021500329,0.02274195,0.023658877,0.024060415,0.022600418599999998,0.001314860196033138,0.05817857710091875,5,593.2
PLA2G4D,0.016094744,0.03428259,0.018102832,0.022782411,0.021714345,0.0225953844,0.007068297828809091,0.3128204284415312,5,634.0
TIRAP,0.023175435,0.024377763,0.020773169,0.021086397,0.023179838,0.022518520400000002,0.0015348362899448918,0.06815884270730735,5,592.4
CD247,0.030433081,0.019379279,0.022628337,0.021349547,0.018458957,0.022449840199999998,0.004752108340077823,0.21167671118112563,5,605.8
FTH1,0.0247219,0.022086374,0.018998176,0.020681182,0.025552278,0.022407981999999996,0.002736460339089534,0.12211989188002446,5,600.0
NCOA3,0.021223487,0.02498844,0.022716394,0.021378702,0.021488357,0.022359076,0.0015850929256180856,0.07089259527621292,5,602.0
UGT2A1,0.024683256,0.0220643,0.019996895,0.02306953,0.021684693,0.022299734800000002,0.0017328109436732272,0.07770545072460804,5,598.8
FUS,0.022167757,0.021268427,0.025072847,0.01909553,0.023808332,0.0222825786,0.002308272483266501,0.10359090501610534,5,604.4
SOD3,0.027348531,0.021826029,0.013229648,0.025916386,0.023082819,0.0222806826,0.005515269409755728,0.24753592646913467,5,626.0
YWHAZ,0.03457194,0.0166436,0.009626361,0.020537132,0.029872382,0.022250283000000003,0.010045556376637683,0.45147993742990516,5,709.0
PIK3C3,0.022204787,0.019342065,0.022166867,0.027396452,0.019911913,0.0222044168,0.003178335694296027,0.14313979614614453,5,608.0
TLR3,0.020939982,0.023422008,0.02113326,0.023188503,0.022117184,0.0221601874,0.0011396221517743503,0.05142655751071628,5,605.8
ALDH3A2,0.03921309,0.011540905,0.00806382,0.005469462,0.04627779,0.0221130134,0.01912136345995083,0.8647108882930822,5,1072.4
KCNA5,0.03387966,0.015407513,0.0167181,0.018839175,0.025638001,0.0220964898,0.007675691967501608,0.3473715525396078,5,657.6
NINL,0.023696406,0.022267023,0.024608215,0.018907271,0.020831319,0.022062046800000002,0.002272851678279997,0.10302088917153403,5,611.4
ATP2B2,0.022400143,0.019708196,0.0217027,0.01943152,0.027016956,0.022051903,0.0030518164547591983,0.1383924305652532,5,615.4
ACER1,0.019945506,0.022988005,0.020867763,0.024268202,0.022168666,0.0220476284,0.0017059386206834336,0.07737515299756384,5,608.2
TNFRSF1A,0.022023521,0.025228633,0.021998396,0.019330336,0.021177607,0.021951698600000003,0.002134033613376392,0.09721496510417611,5,614.2
SMARCC1,0.030403627,0.019494973,0.018072795,0.02409492,0.017692154,0.0219516938,0.005367811603884929,0.2445283563441892,5,627.2
CXCR1,0.021634113,0.018104281,0.017389856,0.02588084,0.02633727,0.021869272,0.004193784348087238,0.19176607013197502,5,632.4
NMNAT1,0.022652984,0.018358408,0.03015941,0.01868626,0.019458069,0.021863026200000003,0.004939940000489602,0.22594950741492506,5,635.6
CALML5,0.028460188,0.021997238,0.016298397,0.025342532,0.017019713,0.021823613599999996,0.005245534561807434,0.24036049473527313,5,633.0
ARRB1,0.026517699,0.024186756,0.018990332,0.018079892,0.021307133,0.0218163624,0.0035329981990883177,0.1619425885173377,5,622.2
IL1RAP,0.023486529,0.026210766,0.018924283,0.014996194,0.025294412,0.021782436800000003,0.004718848747843451,0.2166354844120769,5,642.0
MFN1,0.026086787,0.02014494,0.019494265,0.021013469,0.022006324,0.021749156999999998,0.002601944264914508,0.11963425823421607,5,617.8
NR2C1,0.021692388,0.020084746,0.023052331,0.019546524,0.024269052,0.0217290082,0.0019793422040898334,0.09109215597285446,5,620.2
SULT2A1,0.020853542,0.020812549,0.021997236,0.021369671,0.023479704,0.0217025404,0.001103272515129105,0.05083610005071595,5,619.8
ARPC2,0.023590695,0.020534636,0.02152774,0.021524638,0.021321664,0.0216998746,0.0011331774159895702,0.05222045919056004,5,619.0
THBS3,0.02541257,0.022831054,0.021663366,0.023507003,0.015031871,0.0216891728,0.003962083393466207,0.1826756340595067,5,633.6
ERBIN,0.03415731,0.008957205,0.0063327546,0.05086444,0.0080383085,0.02167000362,0.019943153613913803,0.9203115035711196,5,1104.0
PTGFR,0.019275494,0.016551701,0.022881862,0.022553489,0.027021805,0.021656870199999997,0.003962977439924015,0.1829893887402075,5,639.4
TMPRSS2,0.022176404,0.022680255,0.016584432,0.02554375,0.021210505,0.021639069200000003,0.0032539342803922303,0.15037311680634718,5,631.0
SPTA1,0.017674394,0.030400202,0.023877198,0.016909525,0.01925305,0.021622873799999998,0.005602358485801689,0.2590940749883898,5,650.4
MGST1,0.02216501,0.01860391,0.023997517,0.022768691,0.02053094,0.021613213599999997,0.00209473950017927,0.09691939102379807,5,625.4
CD86,0.02272318,0.02250045,0.020475265,0.021920843,0.020443399,0.0216126274,0.0010928450465209146,0.05056511761827322,5,620.0
DNMT3B,0.018242622,0.025472289,0.023743063,0.020413585,0.019981837,0.021570679199999998,0.002953009551991188,0.1368992382952498,5,631.8
SSTR1,0.010460704,0.010070626,0.0074970275,0.073037624,0.0065958975,0.0215323758,0.02883935506810529,1.3393484925200538,5,1265.6
UGT2B7,0.019380018,0.016333481,0.013188604,0.049863074,0.008511909,0.0214554172,0.01638147644559228,0.7635123704605604,5,865.0
KIT,0.02394164,0.014893352,0.032143064,0.019257445,0.01666754,0.0213806082,0.0069136579602206375,0.3233611455552811,5,677.8
CCN2,0.024757124,0.017311014,0.02888894,0.0158644,0.019596308,0.021283557199999997,0.005429150208496647,0.25508659842334286,5,661.6
PFKFB2,0.013727336,0.02532989,0.02105219,0.024132125,0.02203577,0.0212554622,0.004533184165006889,0.21327149333910458,5,664.6
ALMS1,0.022181282,0.021824542,0.022930833,0.018250424,0.021003284,0.021238073,0.001808327814927647,0.08514556922973412,5,634.8
HDAC3,0.031682666,0.021387642,0.008934665,0.020630706,0.023485035,0.021224142799999998,0.00815325862593673,0.3841501964421729,5,726.8
ALDH5A1,0.018630484,0.02547187,0.017764682,0.025353193,0.018776847,0.0211994152,0.0038656621806290445,0.18234758573099907,5,649.8
HK1,0.024616372,0.017653277,0.024844375,0.020388586,0.018440688,0.0211886596,0.003383927569818731,0.1597046549286549,5,646.8
PKN1,0.0218103,0.02057859,0.023675552,0.020472884,0.018075824,0.02092263,0.0020488702347108267,0.09792603677027346,5,646.6
DEPDC1B,0.021792704,0.0180281,0.019416092,0.031055229,0.014236688,0.0209057626,0.006300296616193384,0.3013665053382642,5,686.0
NR1D1,0.021763679,0.024903476,0.020749718,0.021617442,0.015431801,0.020893223199999998,0.0034355508975641305,0.16443374316530207,5,659.6
BCL10,0.020787962,0.021550668,0.020246085,0.018992692,0.022564666,0.020828414599999998,0.001345997821120748,0.06462315288849436,5,650.2
CYP4F12,0.022842335,0.016444236,0.025005322,0.020902527,0.018863656,0.0208116152,0.0033387052395844555,0.16042508990769996,5,662.2
LHCGR,0.025335617,0.018407097,0.020394348,0.016706178,0.023161074,0.0208008628,0.0034927211870632766,0.16791232270727138,5,657.6
HSP90B1,0.017392423,0.025325347,0.019818045,0.020244539,0.020670472,0.0206901652,0.002886155665942709,0.1394940851387068,5,665.0
HNMT,0.025752867,0.021074705,0.015661778,0.017364783,0.023355998,0.0206420262,0.004159830005050049,0.2015223682377677,5,670.0
SCNN1D,0.006692886,0.0075457627,0.078736134,0.006304063,0.0039085574,0.02063748062,0.03250616116427911,1.5751031709159813,5,1673.6
ARHGEF12,0.016848342,0.0137265725,0.033515535,0.018112209,0.020804077,0.020601347100000004,0.007654422416014862,0.3715496068708468,5,720.6
ERCC2,0.020475687,0.020869464,0.016885547,0.025077626,0.019591525,0.020579969799999997,0.0029558998644835205,0.14362994179338012,5,664.6
CTDP1,0.01973797,0.023956921,0.01619719,0.020913774,0.022031507,0.020567472399999998,0.0028956487359293594,0.14078777788608382,5,666.8
XRCC3,0.01813361,0.018804766,0.021066405,0.022969566,0.02178261,0.0205513914,0.002032552202980725,0.0989009533914441,5,662.0
GRIA1,0.017935878,0.01629499,0.014953411,0.01943155,0.033894412,0.020502048199999998,0.0076741989405822155,0.37431376932292143,5,713.8
NOD2,0.018331924,0.026034549,0.021229045,0.017896457,0.018897964,0.020477987800000003,0.003361763882272326,0.1641647565720459,5,673.2
CD3G,0.022100152,0.01903036,0.013672017,0.028974403,0.018293913,0.020414169,0.00565657076452169,0.2770904250141992,5,695.4
E2F3,0.017800076,0.019005617,0.020057505,0.022820497,0.022210158,0.020378770600000002,0.002118633749397309,0.10396278514452234,5,667.4
ARHGAP35,0.023295613,0.023937425,0.0166194,0.017986063,0.020043433,0.0203763868,0.003207114380006612,0.15739367393666734,5,674.4
EIF4G2,0.016986579,0.019401764,0.021328473,0.025584767,0.018198043,0.020299925200000003,0.0033611876172280537,0.16557635479504393,5,678.0
NR3C1,0.037005685,0.016459245,0.01491447,0.013112565,0.02000641,0.020299675,0.009677043196521214,0.476709267341532,5,747.6
FGFR2,0.017167214,0.020855475,0.018712832,0.019655991,0.024990221,0.0202763466,0.0029602418001706044,0.14599483124689752,5,679.8
EREG,0.023460824,0.020153593,0.01578735,0.023337929,0.018640624,0.020276064,0.0032540716821031317,0.16048833156687273,5,679.2
TRAF1,0.01704096,0.024657039,0.02031619,0.023094244,0.016247272,0.020271141,0.0036685703022204708,0.18097502761292375,5,685.8
HTR4,0.024038406,0.01873543,0.020722304,0.02006054,0.017742604,0.020259856799999997,0.002407875483908833,0.11884958061050231,5,669.2
BCAR1,0.017678626,0.019704754,0.02230782,0.02080144,0.020737704,0.0202460688,0.0017092209186015713,0.08442236048321497,5,671.6
ABCG1,0.021230446,0.020532282,0.019018354,0.021756316,0.018640213,0.0202355222,0.0013617326646149018,0.06729416968616217,5,672.0
SLC8A1,0.021645522,0.020082569,0.019049847,0.019531282,0.020730766,0.0202079972,0.0010191604817072232,0.050433522511930236,5,670.6
KCND2,0.02557341,0.017556975,0.016699083,0.018841147,0.022204896,0.0201751022,0.003673503979983376,0.1820810592961148,5,682.2
GTF2H3,0.023364523,0.020538738,0.016682126,0.02300425,0.01719446,0.020156819399999998,0.003138158403549254,0.15568718165670792,5,680.6
WNT2B,0.023386763,0.018341098,0.01874748,0.019958531,0.020198004,0.0201263752,0.0019844393175576574,0.09859894282193732,5,674.8
MCM3,0.024550838,0.0214428,0.019957623,0.015645849,0.019009296,0.0201212812,0.0032657378129384023,0.16230267747256583,5,683.6
VAV1,0.021072337,0.018675616,0.021170218,0.0203157,0.019279957,0.020102765600000003,0.0010998448024245517,0.05471111907232065,5,675.0
MYL12A,0.022703685,0.018452944,0.023150127,0.022930084,0.013261024,0.0200995728,0.004288828832724116,0.21337910389439302,5,699.8
KCNMB1,0.023752946,0.021526724,0.01683957,0.01759232,0.02075013,0.020092338000000005,0.0028601046355016444,0.14234802517763953,5,681.8
SMAD3,0.019718006,0.018096326,0.020525591,0.019949045,0.021993406,0.0200564748,0.001408905434306966,0.07024691269808621,5,678.4
HTR1A,0.022810962,0.020709498,0.017629445,0.022330392,0.01624755,0.019945569399999998,0.002894875654089274,0.1451387822545329,5,687.4
KIF3B,0.020056168,0.022046851,0.014765314,0.024432035,0.018296637,0.019919401,0.003677859096540065,0.18463703283748667,5,695.0
VEGFC,0.020079782,0.022298621,0.019368177,0.018457336,0.019017193,0.0198442218,0.0014927836037636867,0.07522510173534176,5,685.0
NELFE,0.016962994,0.018728467,0.01749644,0.020383047,0.025579188,0.0198300272,0.0034726655564414352,0.17512157302746592,5,699.8
AAMP,0.017291624,0.023477767,0.0199023,0.023547161,0.014841472,0.019812064799999998,0.0038228220349427336,0.1929542464924067,5,705.0
POLR2E,0.022048168,0.01754611,0.017569305,0.0174378,0.024383377,0.019796952,0.0032286826564389237,0.16308988658652726,5,697.2
IGF2,0.017396308,0.018900212,0.021403294,0.020941371,0.02025215,0.019778667,0.0016326969424804473,0.08254838116645816,5,689.4
NELFCD,0.021083234,0.021113023,0.020468188,0.018994369,0.01715628,0.019763018799999997,0.0016917928952314763,0.08560397135439028,5,689.8
CDC37,0.019082962,0.017308991,0.017530685,0.021796767,0.022783779,0.019700636799999997,0.002485443131833276,0.1261605478576853,5,696.0
MTNR1A,0.022978999,0.021193726,0.018609095,0.015100603,0.020553254,0.0196871354,0.003002282181381407,0.15249969690264878,5,699.0
CDK8,0.01810415,0.011763345,0.009704818,0.01058579,0.048052367,0.019642094,0.016219969681901827,0.8257759932266808,5,943.8
ALDH7A1,0.021213194,0.021740697,0.017673919,0.019717554,0.017827498,0.0196345724,0.001873791115273872,0.09543325299377907,5,693.6
MOV10L1,0.0023038178,0.007007017,0.015914977,0.038883522,0.033832163,0.01958829936,0.01616886308543821,0.8254347551199673,5,1349.8
TNFSF10,0.018486151,0.018883185,0.01993214,0.023779739,0.016695624,0.0195553678,0.0026344097161289668,0.13471542663232172,5,701.8
ESR1,0.018231953,0.020033149,0.020086613,0.0207711,0.018653309,0.0195552248,0.0010669627253312092,0.05456151674263592,5,696.8
SEC61B,0.021277633,0.017163718,0.02153018,0.019180093,0.01830135,0.0194905948,0.0018893440343692564,0.09693619172511125,5,703.8
CNOT1,0.020369126,0.024905927,0.019856647,0.017248372,0.014743319,0.0194246782,0.0038004637787440766,0.195651312192347,5,720.0
IL12B,0.023695795,0.018702572,0.017637426,0.016533438,0.020487495,0.019411345200000003,0.0028038414322915438,0.14444343776296056,5,706.2
ECHS1,0.01331399,0.025177054,0.020229459,0.028526647,0.009792329,0.0194078958,0.007853416273512102,0.4046505790448494,5,815.6
ACTN2,0.0322371,0.015628936,0.010035187,0.017319454,0.021759134,0.0193959622,0.008315736377435145,0.42873543945322523,5,786.2
HAL,0.016582562,0.017748179,0.020809472,0.021987936,0.019315906,0.019288811,0.002196346420250913,0.11386634563690386,5,711.6
PTBP1,0.018368844,0.019008435,0.019477025,0.023765132,0.015661407,0.019256168599999998,0.0029219238668696185,0.15173962835315113,5,717.4
DHODH,0.021691633,0.017529292,0.01654398,0.018762741,0.021737278,0.0192529848,0.0023805923950543694,0.12364796522637722,5,716.2
VNN1,0.024627358,0.020888178,0.021261474,0.016183855,0.013238826,0.019239938199999997,0.004505013476470652,0.23414906168828822,5,731.8
PSTPIP1,0.023698265,0.018301269,0.018620454,0.016320542,0.01913586,0.019215278000000002,0.002723609930480409,0.14174189571862603,5,712.4
SLC32A1,0.021726472,0.01710466,0.013514752,0.022213733,0.021252248,0.019162373,0.003754423550860904,0.19592685889481976,5,730.2
STK24,0.021939516,0.023215786,0.013921257,0.009692129,0.027038319,0.0191614014,0.007129656710019305,0.37208430433586687,5,806.0
BLNK,0.021454517,0.023074653,0.015022643,0.019021416,0.017146483,0.0191439424,0.0032318418247534635,0.1688179872894657,5,722.6
RPL37,0.024418985,0.021522049,0.013369184,0.01804615,0.01819039,0.0191093516,0.0041514373332307815,0.21724637340551006,5,732.4
GRB7,0.0214336,0.019176114,0.016547356,0.015284322,0.023076145,0.019103507400000004,0.0032533267528472762,0.17029997082353973,5,726.8
PTPRJ,0.015368159,0.021546604,0.018059734,0.01847019,0.021982383,0.019085414000000002,0.0027248114783715778,0.1427693147432682,5,724.2
ARC,0.04813967,0.0027525392,0.0020730705,0.0025978659,0.039704096,0.019053448320000003,0.022898125485787325,1.2017837979360222,5,1982.0
LMAN1,0.01649451,0.01695888,0.020407215,0.021860361,0.019545164,0.019053226,0.0022852028822711776,0.11993784581525342,5,724.0
SLC34A1,0.018653821,0.016114425,0.018956209,0.020311566,0.02120781,0.0190487662,0.0019384942796853172,0.10176482084626128,5,725.0
RALGDS,0.019943852,0.020525645,0.01995214,0.018112445,0.016677625,0.019042341400000003,0.0016044652840907145,0.08425777326367619,5,717.8
RPL17,0.026244827,0.01900085,0.0133696385,0.01364222,0.022877306,0.0190269683,0.005655178191337625,0.297219089356323,5,753.0
MAP1LC3A,0.022195946,0.0147543475,0.019667054,0.018267648,0.01957756,0.0188925111,0.0027155451898272748,0.1437365935874599,5,730.6
UGT2B15,0.02390831,0.01965518,0.016476717,0.017506229,0.016915185,0.018892324199999998,0.003058086001967848,0.16186923163047606,5,728.6
BCKDHB,0.016452687,0.017886698,0.023287201,0.018951181,0.017578233,0.0188312,0.00264526344503832,0.14047237802361615,5,735.2
STK11,0.020398581,0.016103711,0.021763682,0.016991409,0.018858489,0.018823174399999996,0.0023388343082896656,0.12425291603788498,5,734.0
PISD,0.018062875,0.019745564,0.016588114,0.018958226,0.020613946,0.018793745,0.0015528300094974981,0.08262483126686555,5,731.0
GHRHR,0.015669562,0.02159108,0.0199755,0.018787824,0.017826652,0.0187701236,0.0022312923091752897,0.11887467321607247,5,733.6
NUP88,0.02548865,0.029857004,0.012687847,0.011058771,0.014710707,0.018760595799999998,0.008381452302395552,0.44675832216349726,5,824.8
CSF2,0.017665477,0.020418577,0.01963621,0.017614681,0.018458942,0.0187587774,0.0012368292408341183,0.06593336092543635,5,728.4
LIMK1,0.018923156,0.017800575,0.02088059,0.016656078,0.019532928,0.018758665400000003,0.00161770784820245,0.08623789665774675,5,728.6
TYK2,0.021299766,0.01529643,0.019328153,0.01965699,0.018186944,0.018753656599999998,0.0022306002194859577,0.11894214909992315,5,735.6
VAV3,0.021566253,0.019642642,0.0143224895,0.016411887,0.021611873,0.0187110289,0.003239615550628855,0.17313935903486607,5,741.4
IL10,0.01587117,0.012895612,0.03150916,0.015488897,0.017699542,0.0186928762,0.007366811115957582,0.3940972505856312,5,800.4
MSRB3,0.019737853,0.021020358,0.018885296,0.01914591,0.014573711,0.0186726256,0.0024349992071935667,0.1304047571753148,5,739.8
CS,0.022418197,0.018634083,0.015637074,0.01800618,0.018553073,0.0186497214,0.002434193075272235,0.1305216857165617,5,736.0
RAMP1,0.019202087,0.02042884,0.01803378,0.017575735,0.01800567,0.0186492224,0.0011638301320838452,0.06240636242741388,5,730.6
CAB39,0.013478865,0.021915603,0.017009165,0.024304762,0.016512197,0.0186441184,0.004377313720091902,0.2347825531987558,5,762.6
PKP4,0.01463418,0.01998928,0.02264056,0.018893892,0.016988847,0.0186293518,0.0030274507081312157,0.16250971803169317,5,749.8
RNF103-CHMP3,0.020303132,0.017548105,0.026413724,0.014163626,0.01447508,0.0185807334,0.005043707656910816,0.27144825493867836,5,774.2
IL15,0.021117724,0.016349722,0.016719079,0.022380657,0.016300132,0.0185734628,0.0029376771469927913,0.15816529091133139,5,747.8
CKAP4,0.017070916,0.016163172,0.019547455,0.017585045,0.02242139,0.018557595599999997,0.002489882731982231,0.13417054588592453,5,745.6
ZBTB16,0.016633037,0.017224405,0.019477213,0.019199405,0.020227533,0.0185523186,0.001543331634431433,0.0831880730223894,5,741.0
RAMP2,0.02192223,0.015310942,0.018511266,0.021017015,0.01588169,0.018528628600000003,0.0029609411428486387,0.1598035778454018,5,748.6
KL,0.024289954,0.01638165,0.017417058,0.01790001,0.01664918,0.018527570400000002,0.003277402151769721,0.17689325049169538,5,748.0
CHRNA3,0.018147621,0.018815044,0.019869436,0.017587481,0.018121066,0.0185081296,0.0008767454147882959,0.04737082750859362,5,737.0
SETD1A,0.019090818,0.022997182,0.017254965,0.018666118,0.014284787,0.018458774,0.0031587553684713386,0.1711248736493192,5,754.8
MC3R,0.019917032,0.015878059,0.019475617,0.016567018,0.020447105,0.0184569662,0.00208283224125413,0.11284802814744982,5,747.0
LIG4,0.019706976,0.020612188,0.014371725,0.01716597,0.020381961,0.018447764000000002,0.002658409013652997,0.14410467380507452,5,750.2
UGT1A10,0.017295668,0.018126747,0.017422523,0.019957807,0.019397514,0.018440051800000003,0.0011899005998181958,0.06452805082782878,5,741.8
IL4,0.019985333,0.017728457,0.015538367,0.019662429,0.019256502,0.018434217599999997,0.0018353925045969865,0.09956443741865056,5,744.0
PPID,0.017602844,0.018329937,0.016731761,0.020922426,0.018416993,0.0184007922,0.0015641536387969374,0.08500469011312119,5,744.6
SLC29A1,0.01831951,0.01687117,0.015898736,0.023919597,0.016817207,0.018365244,0.0032235565076586606,0.17552483961872006,5,755.8
ORAI1,0.019248944,0.011933849,0.035997845,0.012472213,0.011851039,0.018300778,0.010370562752141661,0.56667332679199,5,886.2
AP1G1,0.022594357,0.015622786,0.014567027,0.021731313,0.016807113,0.0182645192,0.0036585649620742276,0.20030995188059633,5,765.4
FABP5,0.034416877,0.012297718,0.0096660005,0.011217847,0.023422817,0.0182042519,0.010567418883581307,0.5804917961820396,5,906.6
CSF3R,0.016232653,0.018406853,0.02169995,0.017963784,0.016622953,0.018185238599999997,0.002162445266864181,0.11891211957285958,5,758.6
COL6A3,0.02015608,0.019847207,0.018553337,0.015209363,0.017147474,0.0181826922,0.002044175246252067,0.11242423419850153,5,756.0
APOC1,0.01892954,0.011845265,0.01901618,0.020120203,0.020767359,0.018135709399999998,0.0035999611356955365,0.19850125827973053,5,782.6
TERT,0.01709035,0.01821476,0.01875726,0.01701748,0.019551072,0.018126184400000002,0.0010884145663839669,0.06004653502167653,5,755.0
KDR,0.02806346,0.017393608,0.018889613,0.014649101,0.011631674,0.0181254912,0.006207610443301085,0.3424795706116414,5,804.6
APOE,0.020329231,0.017826036,0.016428504,0.021881485,0.0141507955,0.018123210300000005,0.003071301735444915,0.16946786383894216,5,770.6
MMP8,0.02174042,0.015309427,0.014645708,0.021044323,0.017862199,0.0181204154,0.003228606199551797,0.17817506543209805,5,765.8
DOCK1,0.01994114,0.017304987,0.020425912,0.015591551,0.017323634,0.0181174448,0.0020202257143593382,0.11150720957953951,5,759.2
CTF1,0.018349726,0.017816044,0.020949442,0.017619409,0.01583754,0.0181144322,0.001844652088828188,0.10183328234976022,5,760.0
FLT3,0.015127053,0.01903504,0.018181268,0.016296353,0.02192293,0.0181125288,0.0026261411607906193,0.14499030973469698,5,762.2
MUC1,0.021483297,0.016802808,0.017936101,0.019352738,0.014984983,0.018111985400000002,0.0024712463310615756,0.1364425973455994,5,763.2
CYP2J2,0.027455356,0.018175714,0.010935237,0.0140163945,0.019808166,0.0180781735,0.006293916315089039,0.3481500116750754,5,804.6
CYP26B1,0.026749935,0.009097025,0.017734142,0.010459354,0.026174825,0.018043056199999997,0.008360245862520474,0.4633497656855093,5,901.4
HGF,0.015037584,0.035865664,0.018589484,0.01149642,0.009175863,0.018033003000000002,0.010588458937982098,0.5871711404906935,5,926.0
ACSBG1,0.020534087,0.019156067,0.018604115,0.019517647,0.012084892,0.0179793616,0.0033694461012080006,0.18740632599591303,5,781.6
BDKRB2,0.017813787,0.01637395,0.011408089,0.017789662,0.02639245,0.0179555876,0.005399064763599461,0.3006899514443883,5,805.2
CHST12,0.032563157,0.016359188,0.022962747,0.0075111417,0.010291758,0.017937598340000003,0.01010965302253484,0.5636012598180877,5,959.8
ITK,0.019563416,0.017511487,0.017190672,0.018444704,0.016947718,0.017931599399999998,0.0010746618301292735,0.0599311754716801,5,763.4
TSC2,0.0132581,0.014523948,0.009483681,0.038859855,0.013492259,0.017923568600000002,0.011858755343374374,0.6616291436167668,5,933.2
DROSHA,0.018655483,0.012760244,0.020760603,0.022490716,0.014834796,0.0179003684,0.004050958037986607,0.22630584731354506,5,796.6
RAB3IP,0.013364449,0.022198414,0.0167226,0.017667074,0.019481016,0.0178867106,0.0032782174890467223,0.18327671098154416,5,786.0
F13A1,0.0194808,0.015047016,0.01928955,0.015234293,0.020319449,0.0178742216,0.0025261482631999846,0.141329134198492,5,777.8
GNE,0.019329213,0.01801296,0.0143545605,0.019698147,0.017836273,0.0178462307,0.002112373610725314,0.11836525293407274,5,769.8
PGM2,0.018617544,0.016148414,0.015984116,0.019411614,0.019046402,0.017841618,0.001645881720368144,0.09224957738519814,5,773.0
ORAI2,0.012103646,0.02085569,0.017144354,0.017745832,0.021203492,0.0178106028,0.003667481827364002,0.2059156485912988,5,801.8
GPR37,0.020223796,0.016984614,0.014329485,0.022985818,0.014220168,0.017748776200000004,0.0038170309742243647,0.21505882609666147,5,795.2
ELL,0.017144311,0.0196038,0.015660165,0.023056518,0.01307937,0.0177088328,0.0038123578046069737,0.21528001577873462,5,798.0
PPP1R1B,0.021295594,0.01593594,0.01434076,0.02101228,0.015752722,0.0176674592,0.0032435510310228214,0.1835889922996297,5,792.8
CEP41,0.01706115,0.020606002,0.018770345,0.016105996,0.015770104,0.0176627194,0.00201599934726423,0.1141386726250223,5,779.4
MAP3K4,0.017625041,0.017148754,0.020641273,0.017973294,0.014859536,0.0176495796,0.0020670505634101705,0.11711613592258993,5,783.8
RASAL2,0.013924127,0.016699065,0.016462602,0.021094827,0.019645864,0.017565297,0.0028289023565748078,0.16105064187498838,5,796.8
GABBR2,0.014252976,0.018482385,0.01727239,0.016525619,0.02127881,0.017562436,0.0025869568770894693,0.14730057248831935,5,793.2
IL6R,0.020531673,0.017575309,0.0159096,0.016149996,0.017459473,0.0175252102,0.0018403165659224775,0.10500967149155664,5,782.0
TUBAL3,0.012870245,0.018591447,0.009752794,0.028414575,0.01799377,0.0175245662,0.0071065784220129945,0.40552093221074964,5,868.2
OPRM1,0.01681419,0.01853411,0.015441679,0.020595059,0.016098458,0.0174966992,0.0020808688030533543,0.11892922083574223,5,789.6
BIN1,0.017369743,0.019214638,0.021956617,0.014616865,0.01422994,0.017477560599999997,0.003233482164797156,0.18500763572218176,5,799.0
CRK,0.033299845,0.023425557,0.009075483,0.011613378,0.009925193,0.017467891200000002,0.010579989121574143,0.60568210555228,5,967.2
RAB14,0.019329494,0.013780641,0.018454093,0.018231882,0.01752697,0.017464616000000002,0.0021576081447467472,0.12354168821958335,5,791.2
PIK3AP1,0.01395527,0.0189779,0.014090733,0.024642024,0.0156049635,0.0174541781,0.004498932445050136,0.2577567628377836,5,818.0
IL5RA,0.02499019,0.014116518,0.014142153,0.017136531,0.01686794,0.0174506664,0.004453803815081811,0.2552225635968728,5,807.6
TAB1,0.0067674825,0.02574246,0.018813577,0.030658878,0.005223653,0.0174412101,0.011277167728378414,0.6465817259077921,5,1162.8
BRIP1,0.014971612,0.0230705,0.015331663,0.01583881,0.01795005,0.017432527,0.0033564950344097044,0.19254208150142,5,802.8
GUCY1A1,0.019944876,0.016406545,0.019986993,0.016516,0.014227597,0.0174164022,0.002500006555393146,0.14354322590191135,5,796.8
RPN2,0.019824281,0.016811036,0.017459016,0.015912136,0.017049875,0.0174112688,0.0014631465850493922,0.08403446077688446,5,787.0
TRIO,0.0156921,0.017180042,0.015414925,0.018193103,0.020340022,0.0173640384,0.0020107276191163484,0.11579838588218903,5,796.2
LAMC1,0.014837115,0.018977849,0.0062835957,0.035166606,0.011521197,0.01735727254,0.010986763818840598,0.632977548374694,5,1009.4
RXRG,0.020521458,0.013293148,0.019954994,0.015901903,0.017073568,0.0173490142,0.0029780691080265754,0.17165638771720965,5,805.0
BAK1,0.017226107,0.018194249,0.01785761,0.017250871,0.016126331,0.0173310336,0.0007891716416767641,0.04553517464052254,5,791.0
CSF1,0.014680975,0.01681833,0.018639958,0.01922335,0.017169524,0.0173064274,0.0017750266218434024,0.10256458949138181,5,798.8
CYTH3,0.011068682,0.020252831,0.017735504,0.018047633,0.01914794,0.017250518,0.003595128428525537,0.20840698398306284,5,828.6
MAPK11,0.012278211,0.017176334,0.02199285,0.023405625,0.011100363,0.017190676600000003,0.005543259345954174,0.32245731072354494,5,867.2
ARRB2,0.049317706,0.016162546,0.005592036,0.008719592,0.0059318244,0.01714474088,0.018481355544690384,1.0779606220966336,5,1330.0
PDE11A,0.01556387,0.013633542,0.01660629,0.018217295,0.02169642,0.0171434834,0.003040795410324871,0.17737325252841388,5,819.6
PPARGC1A,0.020509029,0.0128906155,0.021832816,0.0135800745,0.016836667,0.017129840400000002,0.004006080111175253,0.23386558296102117,5,832.0
SEH1L,0.018418757,0.016610064,0.016379155,0.016831215,0.017370744,0.017121986999999998,0.0008126969564490201,0.04746510766822917,5,800.0
CHRNB4,0.02294965,0.018452922,0.013525271,0.014513679,0.01576665,0.0170416344,0.0037840895967606657,0.22204968772013242,5,822.2
CAMKK2,0.01912637,0.013735575,0.025051126,0.014789677,0.012497005,0.0170399506,0.005127208336598806,0.30089338032463586,5,847.0
ITGAM,0.019815063,0.015016333,0.01589347,0.015173973,0.019237313,0.0170272304,0.002314095919200153,0.13590559737772462,5,815.2
TNFRSF10A,0.019067436,0.0153365685,0.012564941,0.015921045,0.022215841,0.017021166299999998,0.0037107258545598866,0.21800655661062937,5,824.0
F2RL1,0.013235448,0.020248827,0.019217033,0.015856808,0.016244488,0.0169605208,0.002806771154483689,0.16548850047598118,5,828.6
FADS2,0.015402336,0.0149709685,0.021140372,0.015950436,0.017326137,0.0169580499,0.0025005664489114866,0.14745601432105035,5,817.8
SCN3B,0.016819155,0.020799953,0.017267402,0.016188111,0.013690581,0.0169530404,0.0025565720893199547,0.15080316149780157,5,819.2
GLI2,0.014461229,0.013497164,0.015835192,0.019056018,0.021762362,0.016922393,0.0034259737124401578,0.20245208301450968,5,836.8
PDE8A,0.023171498,0.017801391,0.015930723,0.014640116,0.012858101,0.016880365799999998,0.003953662432233649,0.2342166324519845,5,834.6
SLC35D1,0.020626746,0.01613266,0.017538559,0.016046008,0.013925265,0.0168538476,0.0024724939057941685,0.1467020448075114,5,824.6
CNOT2,0.01608254,0.01669972,0.015182573,0.016750894,0.019483035,0.016839752399999998,0.001607331793241613,0.09544865952076666,5,818.0
AQR,0.017396087,0.021054469,0.013196715,0.017626459,0.01475617,0.016805979999999998,0.00301245687605383,0.17924910514315917,5,828.6
APLNR,0.014058113,0.014057201,0.020696871,0.013473023,0.021691635,0.0167953686,0.004038045812897471,0.24042615015293392,5,853.2
WT1,0.017529525,0.018437454,0.011944664,0.02320511,0.012853728,0.0167940962,0.004565798739991964,0.2718692739173403,5,850.0
CHRM2,0.0136112105,0.017169118,0.016214369,0.01921588,0.017687349,0.016779585300000004,0.0020778216275534707,0.12383033253828211,5,831.0
COP1,0.011860787,0.015470648,0.0141437305,0.020511614,0.021900145,0.0167773849,0.004272112175147798,0.2546351651709318,5,857.6
SLC25A12,0.018888708,0.0160814,0.016598314,0.016212326,0.015980847,0.016752318999999998,0.0012170424490070184,0.07264919256892247,5,821.0
LAMC2,0.010911209,0.020460637,0.016122911,0.019920755,0.016328562,0.0167488148,0.0038237690220430678,0.22830087189471265,5,857.6
SLC38A9,0.019197566,0.01612357,0.0186775,0.01587296,0.013769334,0.016728186,0.0022220170921615342,0.1328307260668631,5,830.2
GPR17,0.016883228,0.01887332,0.017201029,0.017194757,0.013450169,0.0167205006,0.001988215721811469,0.11890886339918967,5,829.0
SLC29A2,0.015072606,0.01719781,0.016987637,0.016655121,0.017597785,0.016702191800000002,0.0009730068193536469,0.05825623552913856,5,822.8
PEX5,0.0120702125,0.019123705,0.01714598,0.015880432,0.01918263,0.016680591900000003,0.0029300783451290686,0.1756579360429691,5,845.8
PAH,0.013417249,0.016931575,0.01860783,0.016013244,0.01837836,0.016669651599999998,0.002106763951167121,0.12638320234402026,5,835.6
TRMT112,0.013320755,0.019845922,0.015988214,0.015162444,0.018890316,0.0166415302,0.0026910606810018607,0.16170752621065224,5,842.8
PIP5K1B,0.014233459,0.022047473,0.01576739,0.016025122,0.015098016,0.016634292000000002,0.0031044032738728553,0.1866267150939069,5,841.2
RAB5C,0.019082677,0.014278079,0.021023763,0.009897143,0.018787809,0.0166138942,0.004495512101966271,0.27058750030840273,5,881.4
ARSB,0.018009279,0.018779146,0.017215509,0.013464457,0.015371596,0.0165679974,0.002147619692721991,0.12962457929417534,5,838.8
CDC25B,0.017733425,0.017843261,0.021581557,0.014333475,0.01131689,0.0165617216,0.0038951033669591883,0.2351871056061701,5,863.0
ACTN3,0.016279874,0.016559873,0.020474218,0.014540516,0.014868038,0.016544503800000002,0.002363229967552713,0.14284078846491077,5,840.0
NDUFA4,0.018979326,0.014573159,0.016329644,0.013654199,0.019116571,0.0165305798,0.0024914426708784005,0.15071719812746076,5,841.6
ELOC,0.017916862,0.020341605,0.010938567,0.022341236,0.011037409,0.0165151358,0.0052833170663733305,0.3199075763199798,5,887.4
BUB3,0.016442215,0.015074487,0.014193622,0.018376451,0.018374268,0.0164922086,0.0018966056034355953,0.11500009789080617,5,840.4
GMNN,0.017735947,0.015024853,0.019335361,0.019288154,0.0109156715,0.0164599973,0.003559965663539846,0.21627984492681818,5,868.8
MTR,0.023024764,0.015780048,0.009614643,0.015500071,0.018319769,0.016447859000000002,0.004868183463943352,0.2959767264507406,5,878.8
CREB3L2,0.023743302,0.014741091,0.010345465,0.019542815,0.013811554,0.0164368454,0.005241755629112855,0.31890277614418977,5,883.2
DLD,0.01875414,0.015337187,0.014970807,0.018547466,0.014533692,0.016428658399999997,0.0020496797613520743,0.12476245542679704,5,843.0
ASCL1,0.02017951,0.015123887,0.012868995,0.02255961,0.011374845,0.0164213694,0.004784659115567618,0.2913678511834475,5,881.8
MUC3A,0.016927753,0.019563567,0.013233737,0.018490342,0.013824726,0.016408025,0.0027979074603434436,0.17052067267958476,5,850.2
PPP3CA,0.022334706,0.015263772,0.014500026,0.014398132,0.015332074,0.016365742,0.0033639160198040024,0.20554619642690217,5,854.8
TGOLN2,0.013737456,0.022664204,0.012949082,0.015581536,0.016890422,0.016364540000000004,0.003845202769284606,0.23497163802249285,5,863.8
DAGLB,0.021328827,0.011054983,0.01668614,0.015603076,0.017140213,0.016362647799999998,0.00367832997563904,0.22480041253708588,5,869.2
SPRY1,0.014825412,0.014177961,0.017394338,0.015906306,0.019211266,0.016303056599999997,0.002031345177455275,0.12459903852969971,5,851.2
ATP4A,0.018323226,0.015763834,0.014975112,0.016551988,0.015794033,0.016281638600000002,0.0012702421512608537,0.07801684968372001,5,843.6
ITGB4,0.014226789,0.019635556,0.015676282,0.016307067,0.015540585,0.0162772558,0.0020240637597866568,0.12434920140449329,5,851.8
SH2D2A,0.019031052,0.014743871,0.015381886,0.013631361,0.01855657,0.016268948,0.002394370321819601,0.14717425624690678,5,854.0
NANS,0.014501323,0.02040704,0.01824956,0.013191515,0.014939057,0.016257699,0.0029753024500459623,0.18300882861996412,5,866.0
IFNL1,0.04598695,0.009738166,0.0065147905,0.008995613,0.010021383,0.0162513805,0.016679975062215344,1.0263728095108808,5,1244.4
PDE10A,0.01804295,0.013917563,0.013250226,0.019549021,0.01635168,0.016222288,0.0026713112285292584,0.16466920255202339,5,856.2
CCT8,0.019725576,0.018707994,0.009729299,0.021916429,0.010939196,0.0162036988,0.005498709900969108,0.3393490565850995,5,914.2
PARD6G,0.011153812,0.017639171,0.018476397,0.016037794,0.017710814,0.016203597599999998,0.0029591390139530947,0.18262234640738642,5,872.4
ARHGAP10,0.015842754,0.015695998,0.019140989,0.013793428,0.016390204,0.0161726746,0.001927115200501465,0.1191587197643527,5,856.0
CLIP1,0.025669578,0.014614929,0.016720433,0.009602547,0.0142213395,0.0161657653,0.005913793864108361,0.3658220785939755,5,923.2
RPL5,0.012522399,0.01623627,0.015189825,0.020866333,0.015978133,0.016158592,0.003015038709493794,0.18659043495211675,5,875.4
RAB39A,0.018723683,0.014839624,0.014644844,0.015837405,0.016715035,0.016152118200000003,0.0016600739276907827,0.10277747519769775,5,853.0
CCN1,0.0159057,0.007729093,0.0368686,0.011443836,0.008770585,0.0161435628,0.0120086976948174,0.7438691101580996,5,1124.6
SBF2,0.014991241,0.018293837,0.01092833,0.019486306,0.016833251,0.016106593000000002,0.003346376619118879,0.20776439928164064,5,871.2
HLA-G,0.015566148,0.014032884,0.015576007,0.015700018,0.019618716,0.016098754599999997,0.002084099044748306,0.1294571596704944,5,859.2
CCL3,0.021246603,0.015222409,0.012641581,0.012318002,0.019034011,0.016092521199999998,0.003941129284238491,0.24490440219140377,5,887.2
PDHB,0.017334828,0.01412544,0.016829967,0.01843192,0.013688562,0.016082143400000002,0.002074116018193004,0.12897012336011154,5,864.2
ALDH1A1,0.017204486,0.016841795,0.013191642,0.023201361,0.009958126,0.016079482,0.00495929770090892,0.3084239716745179,5,911.6
ITGA9,0.018449556,0.019294621,0.012844775,0.015629563,0.014122715,0.016068246,0.0027590048881352136,0.17170541751322535,5,865.8
GUCY1A2,0.019261241,0.014356629,0.016288618,0.017434703,0.012917561,0.0160517504,0.0024983031151701346,0.1556405409325412,5,868.2
PDE3B,0.014728996,0.017440524,0.014588584,0.01721231,0.016268024,0.0160476876,0.001342834460419005,0.08367775432137681,5,859.4
ITGB6,0.023716496,0.013013487,0.011469206,0.012162653,0.01982189,0.016036746400000003,0.0054386806389179814,0.3391386571354636,5,909.8
GPR83,0.018706461,0.01831498,0.010472691,0.01825554,0.01442824,0.0160355824,0.0035632417817085195,0.22220844200261283,5,880.2
PPP1R14A,0.017168764,0.020036202,0.013675921,0.017385677,0.011878761,0.016029065000000002,0.00323877935506056,0.20205666113778686,5,878.8
NEO1,0.006485,0.013910375,0.017732171,0.0209403,0.021064091,0.016026387399999998,0.006081740587318592,0.379482938701369,5,1010.4
POLR1F,0.01652988,0.01613496,0.016077142,0.017484283,0.013856641,0.0160165812,0.001332351966464455,0.08318579038980271,5,864.8
MADD,0.010295014,0.021724902,0.019395566,0.012386236,0.016141573,0.0159886582,0.004741569534712236,0.296558314988073,5,926.6
CABIN1,0.013507025,0.013372081,0.02183296,0.014526209,0.016578887,0.015963432399999998,0.003522952920008554,0.2206889365477912,5,887.4
GDA,0.022231126,0.013936985,0.012304395,0.015038024,0.016233087,0.015948723399999996,0.0037982574741496004,0.23815432614184037,5,880.4
GABPA,0.0158545,0.019061822,0.017890004,0.015027108,0.011874341,0.015941555,0.002780222170417321,0.17440093958320385,5,877.4
M6PR,0.020530963,0.013587412,0.013621275,0.012923852,0.019013628,0.015935426,0.003554304799241548,0.22304422857861145,5,889.0
TTN,0.011637616,0.020238869,0.016379604,0.013653873,0.017753098,0.015932612,0.0033799949165807183,0.21214317630911483,5,890.6
CCT5,0.017462313,0.018195093,0.015334117,0.012744944,0.015769212,0.0159011358,0.0021213188569955015,0.13340675054139853,5,875.0
RFC3,0.018204898,0.01570594,0.014970847,0.013326879,0.017296767,0.0159010662,0.0019225922227835265,0.12090964207063841,5,870.6
SOD2,0.012698167,0.020334492,0.014914003,0.018154802,0.013343347,0.015888962200000002,0.0032599325682608374,0.2051696345693891,5,893.0
FST,0.016371021,0.00836522,0.018113878,0.019833645,0.016652944,0.0158673416,0.004413931949731249,0.2781771553800322,5,936.8
PLXNB1,0.016468726,0.012901217,0.01476165,0.015408932,0.019634007,0.015834906399999998,0.0024887125004474297,0.15716622742067046,5,881.2
WWP2,0.013812708,0.016414015,0.017434642,0.015595416,0.015843235,0.0158200032,0.001326661375397166,0.08385974127977207,5,875.4
RAPGEF4,0.01537607,0.019086476,0.0173099,0.017452516,0.009857688,0.015816530000000002,0.0035812342140865354,0.22642350844885287,5,909.2
ALG10B,0.014899858,0.009033469,0.026730696,0.013529741,0.01469419,0.015777590799999998,0.00656602416345879,0.4161613928698665,5,975.4
GOLGA4,0.0152024515,0.015016878,0.018175725,0.014193112,0.016200252,0.015757683700000004,0.0015287045916543846,0.0970132806799761,5,877.2
MRAS,0.013987526,0.020920325,0.012417887,0.014714023,0.016695416,0.0157470354,0.0032752315973221344,0.20799036225714804,5,889.6
UQCR10,0.0107588945,0.017365042,0.015968494,0.01904618,0.015545208,0.0157367637,0.0031013344208342722,0.19707574441333653,5,905.6
PLD2,0.034659833,0.012840028,0.004538327,0.022359509,0.0042309794,0.015725735280000003,0.012924026399585425,0.8218392443641225,5,1351.0
FFAR2,0.0139629105,0.012795902,0.0140215205,0.014099956,0.023705114,0.0157170806,0.004497474034860699,0.2861519991734788,5,915.6
PMAIP1,0.01884264,0.0141835855,0.014019918,0.018806702,0.012708645,0.0157122981,0.0028981640942433375,0.1844519545007447,5,891.0
PSMB1,0.015179699,0.017902758,0.014380588,0.01739933,0.013619188,0.0156963126,0.0018762420557166396,0.11953393790823454,5,882.2
FNTB,0.005064872,0.008282154,0.0076499013,0.051336475,0.005941726,0.01565502566,0.019988162899352773,1.276788894088135,5,1563.8
RPS14,0.012773973,0.014266985,0.020675246,0.01536705,0.015020974,0.015620845599999999,0.002996199412232488,0.19180776053714327,5,904.0
MAPKAPK3,0.011244569,0.009849182,0.040839102,0.009566468,0.0065984833,0.015619560860000001,0.014199320888606542,0.9090729896875309,5,1239.4
DYNLRB1,0.014877787,0.014580978,0.014028526,0.014287136,0.019982902,0.0155514658,0.002497558406112898,0.16059954979374985,5,896.8
SPTB,0.01883796,0.01434882,0.01514835,0.013310647,0.015799914,0.015489138199999999,0.0020900643021812037,0.1349374171237754,5,897.4
CDC27,0.009521838,0.011726171,0.03503345,0.012903844,0.008212039,0.015479468400000002,0.011083638492197059,0.7160219075867655,5,1128.2
COASY,0.003437843,0.0034704173,0.063362,0.0026429186,0.0043987245,0.015462380680000002,0.026783919239049613,1.7321989280534005,5,2267.8
RCC2,0.027026745,0.012812644,0.0102839805,0.019234389,0.007882261,0.015448003900000002,0.007733962158775851,0.500644757008111,5,1028.6
CDA,0.018885272,0.019250168,0.011998524,0.013038402,0.014026606,0.015439794400000002,0.003391031986809739,0.21962934861423664,5,910.2
IFNGR1,0.016320582,0.015502356,0.016889477,0.013000803,0.0152837485,0.0153993933,0.0014871237775170062,0.09657028355246997,5,899.8
HLA-DQA1,0.014806465,0.0154662775,0.01834116,0.015358806,0.012928965,0.015380334700000001,0.0019437641282812447,0.12637983283167722,5,903.0
ADRA2C,0.014373364,0.015369065,0.018316008,0.014167495,0.014538859,0.015352958199999999,0.0017181100698845527,0.11190742836025912,5,903.4
APIP,0.012842618,0.016848592,0.018068653,0.01632379,0.012649005,0.015346531600000001,0.002458017362424908,0.160167614839102,5,911.8
MUC15,0.0146794105,0.013410034,0.012227451,0.0145243155,0.021807343,0.015329710800000002,0.0037530136514231233,0.24481959903791028,5,922.6
DSG1,0.014261717,0.013366261,0.022296738,0.010122436,0.016587324,0.015326895200000001,0.0045341061976152145,0.2958267893431681,5,953.2
MTAP,0.0146387825,0.014849184,0.016638722,0.014176467,0.016257418,0.015312114699999999,0.001073645896056843,0.07011741468060208,5,902.2
GUCA1A,0.014575381,0.017161217,0.018207869,0.015225136,0.011253043,0.015284529199999999,0.002684547093435539,0.1756381932546237,5,923.6
UGGT1,0.018952059,0.01578797,0.016910763,0.014406269,0.010326633,0.0152767388,0.0032288014843929627,0.21135410683286426,5,929.2
HLA-F,0.014704252,0.016326359,0.015384358,0.013612041,0.01621465,0.015248332,0.0011278172553221997,0.07396331974685491,5,905.6
CYFIP2,0.022239776,0.01619178,0.012056287,0.014037176,0.011659493,0.015236902400000002,0.004310033226708965,0.2828680734155628,5,933.2
GML,0.024101792,0.01621915,0.0055664373,0.009959724,0.020302515,0.01522992366,0.007526250271264857,0.4941751803413082,5,1094.8
PRL,0.01333475,0.014704654,0.017362695,0.013140349,0.017574219,0.0152233334,0.002137646530019942,0.1404190839057589,5,919.8
MGLL,0.017156437,0.014708685,0.009658414,0.015549517,0.018839864,0.0151825834,0.0034694187892785875,0.22851307303067986,5,934.0
GRIN3A,0.01701575,0.014013702,0.009150897,0.02161321,0.013960412,0.015150794200000001,0.004581201615624137,0.30237369441821976,5,957.6
CDC42BPA,0.017476523,0.015172766,0.017304841,0.0100409025,0.01575495,0.015149996500000002,0.003021812744964147,0.19945963320612956,5,943.6
FGF23,0.021107856,0.016853336,0.009417723,0.011738747,0.01657437,0.015138406400000002,0.0046076351341947965,0.3043672505842356,5,960.6
G6PC2,0.019237233,0.011091193,0.015029473,0.014785791,0.015513105,0.015131359,0.0028920870759525895,0.1911320110739947,5,927.2
CASP2,0.023768036,0.0138474535,0.01199275,0.015541808,0.010365969,0.015103203300000001,0.005219313075171598,0.34557656223640965,5,962.8
GSTO2,0.019516304,0.01492653,0.01829839,0.00791845,0.0147172045,0.015075375700000001,0.004513360512688518,0.299386270863453,5,987.4
MLKL,0.013738463,0.013775541,0.018477175,0.011567401,0.017796833,0.015071082599999999,0.002947934381488638,0.19560203203243265,5,938.8
CTSC,0.014006893,0.0131983105,0.012744596,0.016849512,0.01832109,0.015024080299999997,0.0024375514298717277,0.16224297136322735,5,927.4
TNS4,0.014572498,0.018574877,0.010960863,0.016754206,0.014223888,0.015017266400000001,0.0028703322592531517,0.1911354691858667,5,928.6
PTGDR,0.013328018,0.011609272,0.014086387,0.022083085,0.013726349,0.014966622199999998,0.004090047630879095,0.27327793647915394,5,959.4
EPHB2,0.015023056,0.015974896,0.017253708,0.012357856,0.014215023,0.0149649078,0.001845339401978454,0.12331111067576735,5,933.0
FARP2,0.016576856,0.014011105,0.01077285,0.017556092,0.01586375,0.014956130599999997,0.0026740995232948602,0.17879621372755736,5,931.0
CHMP7,0.018132526,0.00928961,0.011007335,0.019163039,0.017128479,0.0149441978,0.004477956957037964,0.2996451878492912,5,976.6
QDPR,0.017245725,0.015410957,0.010796159,0.014593471,0.016647305,0.014938723400000001,0.0025369544274130747,0.16982404449720748,5,928.2
NDUFA12,0.013756863,0.016252417,0.014618255,0.015947333,0.013945149,0.0149040034,0.0011427752290712298,0.07667572251568527,5,926.2
SLC7A1,0.01705289,0.014719612,0.011481902,0.014493601,0.016756956,0.014900992200000001,0.0022340719511175556,0.1499277310619326,5,927.4
EPN1,0.0118450895,0.01429935,0.0191754,0.01472099,0.014422665,0.014892698900000001,0.0026566863993294915,0.17838851219435392,5,943.2
SMAD6,0.017501164,0.016684687,0.009835665,0.019731047,0.010708184,0.014892149400000002,0.0043734619916478415,0.29367567260961275,5,970.8
FCER1G,0.018797023,0.016577935,0.014957791,0.009595238,0.01449511,0.014884619399999998,0.0034025301946087557,0.22859369817737873,5,964.6
SLC27A2,0.015218749,0.019100111,0.011536521,0.011872905,0.01665464,0.0148765852,0.003213053404671824,0.2159805735977517,5,941.2
DGKE,0.015073801,0.015683252,0.015813664,0.014009245,0.013717181,0.014859428599999999,0.0009569152852130126,0.06439785209594215,5,927.4
APP,0.015632356,0.013744295,0.0138627775,0.01478169,0.016246608,0.014853545299999998,0.0010913741382164504,0.07347566632569873,5,924.2
DCTD,0.013365982,0.0179315,0.0131834075,0.019188024,0.010598488,0.014853480300000003,0.0035836164758404256,0.24126443119464905,5,962.2
TUBGCP2,0.014867323,0.017955977,0.012011511,0.016813561,0.012599118,0.014849498,0.002580041343302662,0.1737460312330196,5,934.6
RASA1,0.022424813,0.01814387,0.00869093,0.011921543,0.013061653,0.014848561799999998,0.005429906764345286,0.365685703267591,5,997.0
NGFR,0.016818369,0.016657066,0.016851602,0.012780008,0.011082271,0.0148378632,0.0027215017363054726,0.1834160148009366,5,951.2
MAPK13,0.021528365,0.017990524,0.008347664,0.016356986,0.009942893,0.014833286399999998,0.0055473672295111584,0.37398099651815253,5,1012.0
ATP6V0A4,0.022897331,0.013854112,0.006788136,0.014261232,0.016349072,0.0148299766,0.005773578617782718,0.3893181205547363,5,1024.2
CAND1,0.010986407,0.017110102,0.015292637,0.012848974,0.01774897,0.014797417999999998,0.002855943242335971,0.1930028091614342,5,956.4
ACOT7,0.01886007,0.015444931,0.009427559,0.013844212,0.016397215,0.0147947974,0.0035081233523095077,0.237118715279569,5,956.0
APOB,0.018856328,0.013623656,0.01587952,0.015020131,0.010563142,0.0147885554,0.0030414517074622113,0.20566252924624479,5,956.0
KCNJ12,0.01500009,0.016865084,0.017502125,0.012777934,0.011710399,0.014771126399999997,0.002511787425044823,0.17004711469023942,5,948.4
DOCK2,0.015834684,0.011994498,0.020195466,0.013888448,0.011896673,0.0147619538,0.003438948347968343,0.2329602432415378,5,962.6
UPP2,0.015281778,0.0170336,0.015041956,0.012691104,0.013493445,0.0147083766,0.001687614868455122,0.11473835042101942,5,941.0
MSH3,0.014959256,0.014586848,0.013378141,0.014342476,0.01614338,0.014682020200000001,0.001004599563689035,0.06842379658958887,5,936.0
KMT2B,0.015848294,0.017880896,0.010328025,0.00862023,0.020550812,0.014645651399999998,0.005043106169180638,0.34434154080580115,5,1018.6
PFKP,0.011572623,0.010805196,0.014611736,0.022850942,0.01321761,0.0146116214,0.004836167318936949,0.3309808806664638,5,999.8
CNTN1,0.015692115,0.012333851,0.016299646,0.017864639,0.010545473,0.0145471448,0.0030124753784038145,0.20708361811341938,5,976.0
CFAP298,0.004642645,0.0060239746,0.057907514,0.000794438,0.003340927,0.014541899719999998,0.024318620889455054,1.6723138900489583,5,2365.4
COL5A1,0.016170295,0.01299048,0.01550791,0.014560167,0.013470297,0.014539829800000001,0.0013360758639372617,0.09189074991354174,5,949.6
PRKCH,0.013485592,0.012734991,0.01451755,0.018688684,0.013237337,0.014532830799999999,0.002412394586263139,0.16599619299655918,5,965.2
DCN,0.014988212,0.014534723,0.013467323,0.014882785,0.014713561,0.0145173208,0.0006116802752224404,0.04213451529034479,5,943.8
INPP5A,0.01591437,0.014814065,0.013403046,0.013894887,0.014432442,0.014491762,0.0009582241259426212,0.06612198888876461,5,946.6
GLP1R,0.017548151,0.01467493,0.014112791,0.01343357,0.012588605,0.014471609399999998,0.0018880167831262261,0.13046349793867615,5,957.0
PHGDH,0.024865953,0.0136407735,0.011347412,0.013292197,0.009154148,0.0144600967,0.006086029559577693,0.42088443015582966,5,1032.6
CHST14,0.013876381,0.011713262,0.01700457,0.01354566,0.016106922,0.014449359,0.002115881661269363,0.14643429243258216,5,970.0
HLA-DRB1,0.013598917,0.01575073,0.01370547,0.014603009,0.014574598,0.014446544799999999,0.0008673872333535351,0.06004115484787305,5,951.0
PCK1,0.014008148,0.0074424613,0.0041618557,0.0057192966,0.040886123,0.014443576920000001,0.015249920653970971,1.0558271499114895,5,1511.0
CNOT6,0.015557136,0.016489236,0.014806685,0.01505271,0.010244582,0.0144300698,0.002426843196926864,0.16817958821840653,5,973.2
MMAA,0.010631659,0.013635073,0.016802656,0.013404431,0.017507091,0.014396181999999999,0.002792998491423151,0.19400966807888032,5,986.0
SRGAP1,0.018120954,0.01377306,0.016628899,0.01177659,0.011486593,0.014357219200000002,0.0029397114049436388,0.20475492948827015,5,982.8
ADAM17,0.013869069,0.017270658,0.009057811,0.019406425,0.012166832,0.014354159,0.004095801875148809,0.28533903485037393,5,1005.4
NT5E,0.015506097,0.0131002925,0.012726456,0.014594558,0.015839394,0.014353359500000001,0.0013975219944870278,0.0973654979161518,5,958.2
GABARAPL1,0.015331008,0.01869609,0.012599128,0.01545491,0.009668556,0.014349938400000001,0.0033931243625459407,0.23645567444010354,5,993.2
GHSR,0.012764897,0.016430056,0.015520198,0.013038737,0.013878146,0.0143264068,0.0015927822748262547,0.1111780711703827,5,973.8
CPS1,0.014272071,0.013122102,0.012300168,0.012709326,0.019207995,0.014322332399999999,0.0028285913795351027,0.19749516353461416,5,978.6
SLC25A20,0.036000025,0.009140292,0.007944932,0.009671904,0.008766647,0.01430476,0.012144316733047786,0.8489703240772852,5,1246.4
IL22,0.019922271,0.009801627,0.01532537,0.014019579,0.012403881,0.0142945456,0.0037606657963874953,0.2630839693419492,5,1003.0
NT5C1B-RDH14,0.014024674,0.013079963,0.013483225,0.013492894,0.017301923,0.0142765358,0.0017242117791926549,0.12077242009876478,5,969.4
AOC1,0.015976932,0.013093637,0.013038913,0.014399674,0.014798989,0.014261629000000001,0.0012358515588607314,0.08665570804434271,5,962.4
ORC3,0.014153906,0.012732357,0.012863768,0.014381108,0.016991442,0.014224516199999999,0.0017149023235176397,0.12055962392011897,5,973.2
ARPC5,0.017797371,0.01151209,0.01761188,0.013596601,0.010511161,0.014205820600000002,0.003382983799042688,0.2381406815064726,5,1002.4
MAPK4,0.011496153,0.013776641,0.019776314,0.010732783,0.015222973,0.0142009728,0.0035935136712208567,0.2530470075416845,5,1007.4
H1-3,0.013700198,0.017493803,0.017071974,0.01111682,0.011570594,0.0141906778,0.0029902556415322087,0.21071971921821864,5,1000.8
HLA-DRA,0.0120668495,0.0120132705,0.017798344,0.015709013,0.013348761,0.014187247600000003,0.0025140162815163757,0.17720253796912483,5,991.2
STAT1,0.010401883,0.012486096,0.031144781,0.0089940205,0.007875252,0.014180406500000001,0.009638354412146543,0.679695212696938,5,1203.0
FABP1,0.013353736,0.016586538,0.0146430405,0.013247644,0.013040989,0.0141743895,0.0014878693010548683,0.10496884546984321,5,978.6
SPHK2,0.014362582,0.015423302,0.01128056,0.015825002,0.013926488,0.014163586799999999,0.0017856960346042102,0.12607654119112047,5,973.8
FGF18,0.015030489,0.017104035,0.010252185,0.014391228,0.013982455,0.014152078399999999,0.002489015172254239,0.17587629900737684,5,984.2
ACADL,0.018227743,0.018233357,0.0077771433,0.01337927,0.0130084315,0.014125188959999998,0.004353424523199975,0.30820292284429557,5,1032.2
EFNB2,0.014391516,0.02026421,0.010757415,0.013045305,0.012104218,0.014112532799999999,0.003686125437493644,0.26119517238561485,5,1001.4
CDS2,0.015928416,0.010789096,0.014133961,0.013532627,0.016141335,0.014105086999999999,0.0021676701220032304,0.15368002494442115,5,989.2
VIPR2,0.024374938,0.008253724,0.013629656,0.011597901,0.012647369,0.014100717600000002,0.00608985121130987,0.43188236117216255,5,1072.2
DYRK2,0.05594809,0.0035974563,0.0038706306,0.002437025,0.004096539,0.013989948179999998,0.023464013509808406,1.6772051767391472,5,2221.2
COX7C,0.012856185,0.015230031,0.012060987,0.016372103,0.013399766,0.013983814399999999,0.0017724914709585486,0.12675307468029243,5,987.6
PREX1,0.012093467,0.013374752,0.0146224415,0.014895458,0.014851669,0.0139675575,0.0012181090980295031,0.08720988605412959,5,987.2
CACNA1C,0.016531095,0.012310455,0.013154619,0.013653478,0.014100777,0.013950084799999998,0.0015885094511419186,0.11387095303835851,5,990.0
ARHGEF2,0.015552187,0.015265723,0.0134129515,0.011189559,0.014279974,0.013940078900000003,0.0017546350404771644,0.12586980698345718,5,994.4
MGAT4C,0.0135133825,0.01767152,0.009505496,0.016557824,0.0124291405,0.013935472600000002,0.00327515901005908,0.23502317460400154,5,1012.8
VPS37B,0.018706016,0.011682529,0.010335192,0.009882222,0.019064976,0.013934186999999997,0.00456991512196824,0.32796424520269757,5,1047.8
PPARG,0.01565048,0.01330344,0.0143500315,0.014201658,0.012092303,0.0139195825,0.0013209315875769272,0.09489735684076209,5,987.6
TNKS2,0.012437389,0.015709255,0.014941357,0.014004783,0.012406649,0.0138998866,0.001478016882158928,0.10633301728943083,5,997.4
RNPS1,0.01852321,0.015701864,0.009755277,0.011162803,0.014290682,0.0138867672,0.003515804233467742,0.25317658046919245,5,1020.2
MAML2,0.012772045,0.014214774,0.013722426,0.015249491,0.013442379,0.013880223,0.0009262133891083093,0.06672899917445918,5,991.8
PHKG2,0.011125374,0.013775695,0.01728449,0.012027505,0.015185518,0.0138797164,0.002466044944045282,0.17767257435067493,5,1011.6
SH3GL2,0.011815146,0.012405578,0.009021576,0.021742692,0.014143107,0.0138256198,0.004793698749106185,0.3467257756578975,5,1058.8
SLC8A3,0.024702849,0.009592339,0.005650189,0.007954374,0.02107339,0.0137946282,0.00851571118413258,0.6173208194282886,5,1246.0
VDAC1,0.021672476,0.006629544,0.0059587783,0.0074805385,0.027173221,0.01378291156,0.009920348391790203,0.7197570954877551,5,1344.8
RGS12,0.02083152,0.009899798,0.012773744,0.012015593,0.013153199,0.013734770799999999,0.004161977779894037,0.30302491686967487,5,1046.4
MCCC1,0.013631049,0.016815372,0.011672114,0.0160291,0.0104128085,0.0137120887,0.002740995378148,0.19989626949743988,5,1020.2
SLC19A2,0.040243175,0.006476029,0.0022575718,0.009531165,0.009959458,0.013693479759999998,0.015157718218328262,1.1069296105877666,5,1618.4
GRM5,0.0153525295,0.013996982,0.014571903,0.01457931,0.009606322,0.013621409300000002,0.002295635535709817,0.16853142616526595,5,1030.6
ARHGAP45,0.01087145,0.012456671,0.016155243,0.018995648,0.009505036,0.013596809599999999,0.003910343645439913,0.2875927339189859,5,1073.4
DAB2IP,0.016679648,0.0073020495,0.020078335,0.012266756,0.011568546,0.0135790669,0.004924921081115239,0.36268479398354236,5,1119.6
HLA-DPB1,0.015658857,0.0151017755,0.009454879,0.015381919,0.012273682,0.0135742225,0.0026742887963739077,0.19701230006903953,5,1028.8
NOTCH1,0.014756108,0.0126180425,0.012726856,0.013210716,0.014394835,0.0135413115,0.000978428547969396,0.07225508016482717,5,1016.4
RETSAT,0.0096895285,0.016726946,0.012420654,0.012623001,0.01614148,0.013520321899999998,0.0029087084876817403,0.21513603812064125,5,1052.8
HACD4,0.016515093,0.015486574,0.013713316,0.012333786,0.009540994,0.013517952599999999,0.0027438539453922836,0.20297851505946868,5,1046.6
BBS4,0.012570871,0.015909642,0.014984458,0.011541725,0.012542464,0.013509832000000003,0.0018455692649132687,0.13660934235993966,5,1029.6
PLEKHG4,0.015678642,0.011156674,0.0147008505,0.013553897,0.012400393,0.0134980913,0.0017952522006092764,0.13300044878265688,5,1026.0
SETD2,0.020056281,0.0117236115,0.0072487574,0.012104665,0.016026268,0.01343191658,0.004835396149944762,0.3599930152294589,5,1101.6
LRRC7,0.013386314,0.00910215,0.01327117,0.01143969,0.019725854,0.013385035600000001,0.003947987574609221,0.2949553286663818,5,1082.6
HAO2,0.01122457,0.010070367,0.014189276,0.016026622,0.015356161,0.013373399200000002,0.002605958517502092,0.19486134217111323,5,1052.0
EIF3F,0.011034552,0.015151181,0.015223803,0.014249425,0.011175683,0.0133669288,0.0021007068419963315,0.15715703086533472,5,1046.2
KIF1B,0.016125942,0.012587021,0.010426874,0.014459957,0.013151163,0.0133501914,0.002127451354610089,0.1593573673116094,5,1035.2
CDC7,0.02151153,0.0128558995,0.013254468,0.007538532,0.011589795,0.013350044900000002,0.0050925267685843646,0.3814613963271662,5,1118.0
F5,0.016578624,0.013204454,0.010644033,0.012961995,0.013310879,0.013339997000000001,0.002116543881496554,0.15866149606304664,5,1035.4
DTX1,0.013299414,0.013592166,0.00964125,0.017211787,0.012834281,0.0133157796,0.00269209674876764,0.20217342353485937,5,1049.2
GLYAT,0.011825767,0.014876297,0.012030622,0.0152370455,0.0125957215,0.013313090599999999,0.0016214725046213934,0.12179534815314737,5,1033.2
TNFRSF10B,0.016606037,0.015245156,0.00896791,0.013746389,0.011927921,0.0132986826,0.0029817097243717908,0.22421090976122632,5,1056.6
JAK3,0.015678585,0.015272061,0.008220551,0.014704858,0.012479731,0.0132711572,0.0030817933508962276,0.23221737972452228,5,1062.4
PLXNA1,0.011620514,0.01653201,0.012580918,0.0085571185,0.017063703,0.013270852699999999,0.0035510483718468547,0.2675825323452543,5,1087.0
AP2A1,0.030968443,0.013017772,0.0051299618,0.009787685,0.0074495114,0.013270674639999999,0.010314593163474158,0.7772470837604801,5,1339.2
USP13,0.018941931,0.009766899,0.015773876,0.009888185,0.011937776,0.0132617334,0.0039975950490689135,0.301438351118483,5,1091.8
AGT,0.017516218,0.015787201,0.014298609,0.009140409,0.009557858,0.013260059000000001,0.0037502576775085067,0.28282360414146773,5,1099.6
WNT9B,0.0066874907,0.006461161,0.04286911,0.0063035334,0.003923728,0.01324900462,0.016595777197540348,1.252605586119899,5,1747.6
NEDD4L,0.011494985,0.013028119,0.015893243,0.0118034445,0.013986338,0.0132412259,0.0017853832870076674,0.13483519581126302,5,1051.6
NUMB,0.012168534,0.010601837,0.013719902,0.013487722,0.016148992,0.0132253974,0.0020530942379152505,0.15523875584375638,5,1054.0
RPS29,0.013390032,0.011682331,0.0079191085,0.02385875,0.009202352,0.0132105147,0.006320934161363746,0.47847750862907307,5,1158.0
RAMP3,0.014152358,0.011663548,0.014559913,0.01011956,0.015551102,0.013209296200000002,0.002243512479760744,0.16984345310999566,5,1063.6
CD22,0.014178958,0.013322528,0.011032669,0.011752896,0.015722614,0.013201932999999999,0.0018793860857655082,0.14235688711384223,5,1045.4
PF4,0.005994172,0.0074004093,0.03385204,0.011111557,0.0076393113,0.01319949792,0.011697743557379405,0.8862264025705763,5,1444.4
VARS1,0.010742543,0.01418821,0.014754521,0.011803649,0.014468946,0.0131915738,0.0018022107612786855,0.13661832838161322,5,1056.2
CBS,0.011876175,0.011151813,0.011946041,0.019580318,0.011393191,0.0131895076,0.0035879124112285403,0.27202777541358253,5,1074.2
CCL17,0.012495467,0.015428418,0.012004122,0.012463817,0.013419314,0.013162227600000001,0.001367046816203929,0.10386135673599269,5,1045.4
NTN4,0.015278456,0.013793352,0.014224972,0.0119503485,0.010546819,0.0131587895,0.001891766390459324,0.14376446940346024,5,1053.0
DYNC1LI1,0.019705225,0.011097467,0.007457014,0.011241595,0.016164312,0.0131331226,0.004804180948848753,0.36580644947674157,5,1122.0
TXNL4A,0.016153457,0.013206516,0.009387895,0.01195548,0.01495169,0.0131310076,0.002638585955125453,0.20094314431174748,5,1060.8
FCGR3B,0.010562455,0.012724772,0.015629899,0.01195791,0.014767069,0.013128421000000001,0.0020651736901448506,0.1573055655470563,5,1067.6
XPO1,0.013721959,0.01120514,0.0126625905,0.013497437,0.014542919,0.013126009099999999,0.0012654291298890663,0.09640623591286908,5,1049.2
PDGFB,0.010776238,0.013143987,0.017884413,0.011259239,0.012466659,0.0131061072,0.0028320375984141164,0.2160853375603487,5,1076.4
MMP9,0.016473865,0.012641224,0.011501846,0.013046492,0.011774381,0.0130875616,0.0019941722552458455,0.15237156593370652,5,1053.6
HDAC7,0.011390017,0.022310626,0.004656635,0.006377572,0.020685226,0.013084015199999998,0.008089738868042881,0.6182917662800393,5,1334.4
CREB1,0.014628754,0.017485589,0.014159519,0.0126395775,0.0064995815,0.0130826042,0.004076427981859802,0.3115914782364051,5,1146.0
EIF4H,0.013753345,0.011371975,0.012792788,0.012714094,0.014715451,0.0130695306,0.0012511267676727645,0.09572851588661986,5,1053.2
CHMP4C,0.016029948,0.008331295,0.016620923,0.012355596,0.011935357,0.013054623799999998,0.003377213239739637,0.2586986259795275,5,1105.0
AGO1,0.016184125,0.012964996,0.008049619,0.014051722,0.013938188,0.01303773,0.0030259439628374653,0.2320913197955062,5,1085.0
SLC6A1,0.012903303,0.00930099,0.015737219,0.013850838,0.013378681,0.0130342062,0.0023476513489700084,0.1801146393533354,5,1083.6
ITPK1,0.012357533,0.011147638,0.01618651,0.011171958,0.014199941,0.013012716000000002,0.0021667165411745726,0.16650763308555816,5,1078.0
EGR2,0.014767535,0.015232233,0.012562492,0.0073540797,0.014970974,0.012977462740000001,0.0033187750863369965,0.25573374031794727,5,1117.4
CCKAR,0.012334557,0.013651144,0.013650279,0.015339874,0.009902629,0.0129756966,0.0020220923473029864,0.15583690106494832,5,1075.8
NOD1,0.017665192,0.013704103,0.010735307,0.014288829,0.008481573,0.012975000799999997,0.0035164879411597873,0.2710202485043229,5,1101.6
PER2,0.012714754,0.011841626,0.0152861085,0.013321569,0.011656024,0.012964016299999997,0.001462249265273606,0.11279292091553497,5,1070.2
FGF5,0.018867398,0.016144622,0.00939347,0.010658231,0.009712449,0.012955234000000001,0.004289636322212235,0.33111222245867844,5,1117.8
TLR4,0.014561763,0.015070358,0.012235245,0.01294798,0.009939625,0.0129509942,0.0020412575477640493,0.1576139650934327,5,1075.6
FASLG,0.0118499305,0.0107278135,0.013269652,0.015301051,0.01343932,0.0129175534,0.0017329205192722844,0.13415237898472976,5,1070.8
SUMO3,0.010628171,0.011068794,0.020211559,0.011344273,0.011283894,0.012907338200000002,0.004092836219726695,0.317093745922509,5,1121.0
CYP4F22,0.010585096,0.0127191,0.014568334,0.011819034,0.014794221,0.012897157000000001,0.0017980102858106788,0.13941136684702518,5,1082.6
VCAN,0.01344904,0.014679615,0.009555931,0.012401084,0.014373332,0.0128918004,0.0020658267192981846,0.16024346136309903,5,1076.4
ACOT12,0.010751672,0.013883722,0.014096698,0.013016683,0.012672241,0.0128842032,0.001330352365182886,0.10325453150124846,5,1072.4
PGM1,0.01597197,0.013582833,0.009307661,0.01386525,0.011628349,0.012871212600000001,0.0025175792109692,0.19559767126907682,5,1079.6
FZD6,0.011877216,0.01811573,0.008828238,0.018113771,0.007390026,0.012864996200000001,0.005058810816764272,0.3932228768761138,5,1172.4
SPEN,0.015342817,0.011873284,0.015373044,0.009268051,0.012449338,0.0128613068,0.002575078213583755,0.20021901768051711,5,1096.4
EZH2,0.021109775,0.012027935,0.006844023,0.014616817,0.009687062,0.012857122399999999,0.005433622159752259,0.4226157292982028,5,1173.6
FSTL3,0.009258327,0.012268399,0.012384995,0.014064519,0.016196027,0.012834453400000001,0.0025555991916959126,0.1991202205538346,5,1101.2
TEK,0.011820903,0.013410251,0.012015791,0.014441715,0.012400175,0.012817766999999999,0.0010953915754760945,0.08545884595000788,5,1066.6
CHP1,0.010884113,0.014484542,0.010527771,0.016206779,0.011912246,0.0128030902,0.00245283162628679,0.19158121890657226,5,1083.0
CAP2,0.016940113,0.011114979,0.011798904,0.010488395,0.013663029,0.012801084,0.0026014589887220978,0.20322177315000023,5,1088.8
GABRA5,0.008590635,0.015320601,0.010239386,0.014444061,0.015397045,0.0127983456,0.003165299858622055,0.2473210176963853,5,1119.2
RAC2,0.013224143,0.01277278,0.013384991,0.0117486175,0.012701882,0.012766482700000002,0.0006388012091339135,0.05003736926960418,5,1075.0
RHOF,0.022555688,0.00521426,0.012188053,0.011569059,0.012190828,0.0127435776,0.006224182027919596,0.48841716378920125,5,1239.8
ST6GALNAC1,0.016827391,0.012439298,0.008967129,0.009874513,0.015542504,0.012730167,0.003431337328217163,0.2695437796076959,5,1121.8
SUCLA2,0.012189282,0.010276768,0.013258042,0.015857903,0.012044392,0.012725277399999999,0.002052027993682786,0.1612560519649486,5,1091.2
LPL,0.01263597,0.011359195,0.01295009,0.011011676,0.01562252,0.0127158902,0.0018203503429368207,0.14315555689029313,5,1090.2
HES5,0.011287699,0.010437434,0.01574933,0.014603306,0.011474289,0.012710411599999999,0.0023203777518941387,0.1825572471543045,5,1099.0
ATP8B2,0.01098213,0.016262434,0.010628453,0.011150837,0.014511427,0.0127070562,0.0025305258910733753,0.19914336186483342,5,1097.4
FOLR2,0.012404967,0.018608838,0.011380808,0.011857978,0.009274977,0.0127055136,0.0035064693822378225,0.2759801368626155,5,1119.8
ACSS3,0.011878113,0.0111199515,0.017282527,0.010724306,0.012487665,0.012698512499999998,0.0026514169362545563,0.20879744271264503,5,1103.2
SLC26A4,0.01218168,0.015181253,0.01475689,0.009895665,0.011436329,0.012690363399999998,0.0022425857515754664,0.17671564484713392,5,1105.6
ACO1,0.013111633,0.0137314275,0.009107227,0.011392914,0.016094016,0.012687443500000001,0.002615737579305548,0.2061674268189291,5,1104.6
ATG14,0.013915131,0.009457411,0.012903244,0.015653554,0.011460856,0.012678039200000001,0.002360549861451077,0.18619203050350852,5,1104.6
WNT7B,0.014909123,0.01418289,0.0138374055,0.0046120207,0.015833411,0.01267497004,0.004571745279713228,0.3606908154643044,5,1228.0
SIRT5,0.010055785,0.013945661,0.011967193,0.015722252,0.011657797,0.0126697376,0.002196370049242568,0.17335560676825446,5,1099.6
KIF6,0.015478263,0.009241618,0.0115384795,0.01612649,0.010943687,0.012665707500000001,0.002993654556862774,0.2363590472038592,5,1111.8
A1BG,0.01502124,0.009857716,0.009899113,0.013574074,0.01491302,0.0126530326,0.002596253774941271,0.2051882625309344,5,1101.6
TAL1,0.014540071,0.010277135,0.011904722,0.013258857,0.013224436,0.012641044200000002,0.0016169862803473937,0.12791556257254394,5,1092.6
CCL3L3,0.010552509,0.0143774245,0.009861001,0.016055103,0.012306888,0.0126305851,0.002591936868141526,0.20521114798882328,5,1103.2
GDF7,0.010484737,0.012457085,0.012208354,0.012434723,0.015424009,0.0126017816,0.0017783754028626246,0.14112095093463806,5,1101.2
ACSL3,0.012474781,0.02423059,0.00682469,0.0109119555,0.008555444,0.012599492100000002,0.006852890545665114,0.5439021264726308,5,1245.6
MMP10,0.014222927,0.01184155,0.011684976,0.013887283,0.011358516,0.0125990504,0.0013458067195969486,0.10681810746601574,5,1087.8
CDCA8,0.010599561,0.014348898,0.017875522,0.008922529,0.011020767,0.0125534554,0.003567158203836536,0.2841574761827358,5,1153.6
RPA1,0.018422455,0.017337553,0.0070544775,0.011865695,0.008054025,0.012546841100000001,0.005203104209105469,0.41469435753876477,5,1205.2
SRSF6,0.010848426,0.0161544,0.016375175,0.010075958,0.009244008,0.012539593399999998,0.0034485120941252037,0.27500988143086075,5,1154.4
HSD17B7,0.025690844,0.012759653,0.0050504375,0.011264363,0.0078393,0.0125209195,0.007949976441985834,0.6349355126822622,5,1322.0
MC2R,0.013093253,0.0118064685,0.011515886,0.013484121,0.01260678,0.0125013017,0.0008338619591131076,0.06670201064846772,5,1091.2
MAPK12,0.010563698,0.008329599,0.019278586,0.017611453,0.0066468935,0.012486045900000001,0.005645254024010306,0.45212504176444723,5,1259.4
SPP1,0.015864413,0.010965003,0.0053424113,0.02103463,0.009221243,0.01248554006,0.006092940133375074,0.4879997264111196,5,1260.2
POLD1,0.017798657,0.017445337,0.0059893182,0.0113463625,0.009791863,0.012474307539999998,0.005088778992247065,0.4079407995938399,5,1217.0
SAP18,0.019917928,0.0113192685,0.003517099,0.00600344,0.021606885,0.012472924100000001,0.008097056159171341,0.6491706430869199,5,1432.4
SLC30A1,0.013884934,0.011588469,0.010793735,0.012989862,0.013102184,0.0124718368,0.0012508892555169297,0.10029711545912225,5,1097.2
FGF19,0.014578772,0.012891082,0.007999515,0.0105518,0.016300974,0.012464428599999999,0.00327739085859923,0.26293951883195277,5,1140.0
GRIA4,0.013465233,0.012968102,0.011960443,0.013665942,0.010232261,0.012458396200000001,0.0014084852254776055,0.11305509977902335,5,1103.6
MUC13,0.013840519,0.0066746864,0.0047697946,0.0065208934,0.030376557,0.01243649008,0.01061588648691921,0.8536079246339261,5,1501.6
CROT,0.011533319,0.011324996,0.01164431,0.013061425,0.014540935,0.012420997,0.0013690067810900352,0.11021714127215676,5,1102.2
IFNGR2,0.017655205,0.01318507,0.0072791944,0.011158364,0.012771584,0.01240988348,0.00374617840937881,0.3018705546604222,5,1154.6
EGR1,0.014865196,0.013538926,0.009050921,0.012650543,0.011906119,0.012402341,0.0021735533542875138,0.17525347466962193,5,1117.6
PLK2,0.017485652,0.007626155,0.021525696,0.008128735,0.007245126,0.0124022728,0.006647333763651913,0.5359770641113387,5,1309.8
XBP1,0.015064949,0.0077215633,0.010622205,0.01058594,0.01792499,0.012383929460000002,0.004060951706895607,0.3279210948360495,5,1176.0
IRF6,0.012476314,0.015223703,0.01071706,0.016138047,0.007362225,0.0123834698,0.003541264448953184,0.28596705981010134,5,1166.4
NTPCR,0.010653574,0.011186329,0.013984391,0.010011347,0.015997397,0.0123666076,0.0025335078931556145,0.20486684587255882,5,1140.6
WAPL,0.012917085,0.009468266,0.013557103,0.015080747,0.010806888,0.0123660178,0.002231589392650382,0.18046144108335196,5,1132.6
CYLD,0.015168467,0.008543571,0.013487607,0.0126199685,0.011917482,0.0123474191,0.0024488124241492655,0.1983258529022689,5,1139.0
NEDD4,0.017492458,0.0095755905,0.0058456217,0.011413003,0.017408395,0.012347013639999998,0.005072337680677147,0.410814941051377,5,1231.0
INPP5D,0.021406021,0.00971827,0.010802316,0.009754303,0.010007048,0.0123375916,0.005088200616557813,0.412414414540826,5,1187.0
SLC28A1,0.010723039,0.0125751225,0.014240102,0.011956815,0.012030271,0.012305069900000002,0.0012764105250826629,0.10373045707628713,5,1118.8
TEAD3,0.022538494,0.0074179727,0.0040022833,0.0056363125,0.021916326,0.0123022777,0.009143187125884852,0.7432109198676967,5,1513.4
ABCG8,0.011588945,0.014032036,0.012393859,0.0136130545,0.009881752,0.0123019293,0.0016648103742381438,0.13532921004822746,5,1121.0
PELI2,0.00899346,0.009935303,0.011398387,0.017568348,0.013463981,0.0122718958,0.0034075026728659663,0.2776671777856822,5,1165.6
NTF3,0.015613708,0.011156872,0.010247826,0.009661555,0.014546435,0.0122452792,0.0026688813601118914,0.21795185855067242,5,1139.8
MTHFR,0.012751906,0.011185029,0.009382918,0.0125506045,0.015333314,0.0122407543,0.002191060983380814,0.1789972194263236,5,1134.6
POLI,0.014849394,0.0088455845,0.0057526557,0.007150668,0.024567135,0.012233087440000002,0.007718094782678543,0.6309196121203022,5,1361.6
ATF3,0.012321153,0.013938108,0.010670161,0.0120314425,0.012189581,0.012230089099999997,0.001161905574010556,0.09500385193518797,5,1114.4
FCN1,0.012226097,0.013190265,0.011788494,0.007983896,0.015913913,0.012220533,0.0028599483256524926,0.23402811691212588,5,1157.6
TAS2R1,0.0074775596,0.008439753,0.017678237,0.012242682,0.015233467,0.012214339719999998,0.004348985430996945,0.3560557124406677,5,1230.4
SLC38A1,0.012557075,0.008637933,0.013616953,0.012093491,0.014107062,0.0122025028,0.002148940319739522,0.1761065213391733,5,1152.8
KIF5A,0.010835842,0.010794464,0.01038953,0.012403929,0.016550278,0.0121948086,0.0025534599604416755,0.20938909696718613,5,1139.6
C5,0.009939096,0.0127809215,0.0133016035,0.01162043,0.013329723,0.012194354800000001,0.0014382891797031206,0.11794713236514329,5,1138.8
VAMP1,0.015186799,0.012936727,0.009094767,0.011854872,0.011855283,0.0121856896,0.0021990410484999594,0.18046094399942367,5,1134.0
E2F8,0.010818227,0.0099957045,0.009816737,0.015254377,0.015035622,0.0121841335,0.0027302412923549445,0.22408169545704212,5,1146.6
ARHGAP33,0.010911481,0.013910332,0.008544986,0.010555525,0.016978906,0.012180246,0.0032971553490722116,0.27069694233369435,5,1160.8
MT1X,0.014988828,0.01267248,0.015406787,0.0094919335,0.00831013,0.0121740317,0.0031916149066597457,0.26216581205877304,5,1183.2
GADD45A,0.013010995,0.012824938,0.010351392,0.011204942,0.01347434,0.012173321400000001,0.0013300503798735594,0.1092594482779005,5,1125.2
MX1,0.011000316,0.012392152,0.018332385,0.009242304,0.00986825,0.0121670814,0.0036490380718406873,0.29991071415374004,5,1187.0
WDR19,0.012277717,0.010177987,0.011830616,0.014074625,0.01243001,0.012158191,0.0013954752391241133,0.11477655180150675,5,1127.2
EIF3B,0.016447108,0.012433273,0.01175096,0.011159747,0.008967212,0.012151659999999998,0.002730171256384203,0.22467475689611158,5,1154.2
ST6GALNAC2,0.010125261,0.011478744,0.016250959,0.010278806,0.012564668,0.0121396876,0.0025020392764317865,0.20610409088548426,5,1162.8
NCF2,0.0141400965,0.010374336,0.011363126,0.011799211,0.012804853,0.012096324499999998,0.0014378905982126212,0.11887004173975503,5,1132.4
REST,0.014233819,0.013389779,0.007298785,0.014528061,0.010970718,0.0120842324,0.0030181904280140773,0.2497626930787989,5,1170.0
NEFL,0.014395164,0.0115515785,0.01292564,0.010285178,0.011260887,0.0120836895,0.0016005143465898702,0.13245245556747137,5,1142.0
NPY,0.010757802,0.011158138,0.012852879,0.014071404,0.011515689,0.012071182400000002,0.0013673996391396696,0.11327801981847854,5,1137.2
LYN,0.011886077,0.007860315,0.012965824,0.01670858,0.010931241,0.0120704074,0.0032160135165580856,0.2664378599647006,5,1186.2
SGK1,0.014955859,0.01042652,0.010194589,0.010245114,0.0145228,0.0120689764,0.0024440134313978928,0.20250378742955308,5,1155.0
RASSF1,0.009762342,0.013541136,0.0096092,0.015416991,0.011997861,0.012065506,0.002487594974301584,0.2061741110817552,5,1155.8
MARK3,0.010812483,0.010640764,0.015093717,0.008692766,0.015061122,0.0120601704,0.0028774540069970364,0.2385914884749088,5,1178.6
CASP12,0.011507457,0.009930793,0.014104407,0.010470372,0.01428089,0.012058783799999999,0.0020296359508615576,0.16831182849978268,5,1154.4
HCLS1,0.012106785,0.009741282,0.012520047,0.0125886155,0.013269931,0.0120453321,0.001353936563978091,0.11240342339569791,5,1144.2
CPN1,0.010929589,0.014997309,0.0101862475,0.0073220897,0.016736278,0.01203430264,0.0037989679451870045,0.3156782789024994,5,1206.0
MUC2,0.011283417,0.010695541,0.011608017,0.013574765,0.012951365,0.012022621,0.001199080561420291,0.09973537063343267,5,1134.0
LPIN1,0.014485342,0.01656193,0.006772153,0.011942978,0.010294709,0.012011422400000001,0.0037824968930697477,0.3149083236861063,5,1204.8
ATP6V1C1,0.016282931,0.00816182,0.00825065,0.0124780815,0.014883337,0.012011363899999999,0.003730760564910197,0.3106025756916912,5,1200.4
XDH,0.012052373,0.013243756,0.009956463,0.012573711,0.012168612,0.011998983000000001,0.001233215769406757,0.10277669110846785,5,1137.8
SGMS2,0.012462747,0.009148389,0.011112897,0.013902003,0.013368484,0.011998904,0.0019120100469220865,0.15934872442700487,5,1151.8
TRIB3,0.010976057,0.010771769,0.011303023,0.012881952,0.014057552,0.0119980706,0.0014189898295288445,0.11826816801101708,5,1142.0
GMPS,0.031642042,0.010695837,0.004602585,0.008444737,0.0045117075,0.0119793817,0.01130204293187529,0.9434579525815836,5,1577.2
SULT1E1,0.012825062,0.011926581,0.013625147,0.010565335,0.010915465,0.011971518,0.0012803948738420506,0.10695342677862996,5,1152.0
TFAP2A,0.01207702,0.014488108,0.011665584,0.010781241,0.010836663,0.011969723199999999,0.001511835855316211,0.12630499720463137,5,1146.0
ARHGAP42,0.011125207,0.01303995,0.014132474,0.011074292,0.010378677,0.01195012,0.00157061991388894,0.13143130896500957,5,1156.2
SEC24B,0.02418488,0.006498707,0.0030922554,0.006842845,0.01884594,0.01189292548,0.00910342320995977,0.7654486043210093,5,1569.0
ENAH,0.014734011,0.010070564,0.011884469,0.012134948,0.010521494,0.011869097200000001,0.0018254725468819573,0.15380045475421308,5,1160.0
SLC6A11,0.016731795,0.008628808,0.010708167,0.012553924,0.010703001,0.011865139,0.003054576594225049,0.2574412819120829,5,1188.4
H3C6,0.030354824,0.0107508935,0.0044584167,0.006723679,0.0069823395,0.011854030540000001,0.010585901645138628,0.8930212900513269,5,1534.2
ADRB1,0.009628035,0.013945475,0.008540748,0.0094377715,0.017714325,0.0118532709,0.003888714224658878,0.3280709820492568,5,1219.2
UGT2B28,0.012484897,0.009573942,0.014688347,0.011036494,0.011449184,0.0118465728,0.001901455670123208,0.16050681511223297,5,1173.2
GSTA3,0.010662576,0.0144531075,0.010682754,0.012047584,0.01135082,0.0118393683,0.0015681408244382741,0.132451393072912,5,1157.8
GGA3,0.016562961,0.009691042,0.007557592,0.015250399,0.010062418,0.0118248824,0.0038746895284824177,0.32767256344827733,5,1215.0
MRPS11,0.013054727,0.015985087,0.009700233,0.010417952,0.009938715,0.0118193428,0.0026865815780633194,0.2273038039021357,5,1181.8
RIPK2,0.008617309,0.009121554,0.0062426077,0.028827772,0.0062522045,0.01181228944,0.009603521531118455,0.8130110238069526,5,1482.2
ITPKA,0.011553856,0.014585868,0.008900912,0.013860444,0.010107502,0.0118017164,0.0024153841744585475,0.20466380419534122,5,1177.6
CBX6,0.0068250336,0.011038178,0.012127094,0.01371318,0.015288454,0.011798387919999999,0.003211977971365749,0.2722387154198393,5,1226.2
AVPR1A,0.00803218,0.0129256565,0.012648266,0.01505269,0.010220159,0.0117757903,0.002704444702182816,0.22966141832389933,5,1209.8
PRCP,0.008896307,0.012383646,0.010042217,0.015057597,0.012477023,0.011771358,0.0023941633874263886,0.2033888857535714,5,1186.2
TUBG1,0.018533923,0.010654756,0.007407205,0.011341182,0.010851311,0.0117576754,0.004094371704502085,0.34822969381363295,5,1220.2
TNFSF11,0.014098771,0.013029933,0.010535023,0.009190265,0.011910931,0.011752984599999999,0.0019499500200812329,0.16591105037959747,5,1176.4
MUC4,0.008624304,0.0122060925,0.011839695,0.014886489,0.011208021,0.0117529203,0.0022426158213567702,0.19081349691078653,5,1191.2
ANXA2,0.012496806,0.012295047,0.010326261,0.01332895,0.010308767,0.0117511662,0.001364922803370469,0.1161521146190979,5,1166.2
SDC1,0.011194445,0.010538816,0.019593835,0.007988796,0.009411369,0.011745452200000001,0.0045529414288583495,0.38763440958521367,5,1254.0
SGK2,0.012982354,0.013481386,0.0096033225,0.009605922,0.013016262,0.0117378493,0.0019573176719999874,0.16675266669167302,5,1176.2
TRPC6,0.012085414,0.010450331,0.012673397,0.012376646,0.011099527,0.011737062999999999,0.0009312984999136955,0.079346809326464,5,1168.0
PIK3R6,0.014086437,0.009031429,0.0048586195,0.0079564145,0.022741744,0.0117349288,0.006991946845028024,0.595823542195503,5,1384.4
CLDN16,0.015478383,0.00654593,0.012011722,0.012668965,0.011958587,0.011732717399999999,0.003237985273721655,0.2759791413472258,5,1232.0
AGPAT4,0.009344574,0.015012447,0.012618458,0.011840142,0.009737164,0.011710557,0.0023041109759983354,0.19675502847544615,5,1199.6
PRC1,0.00818474,0.011988478,0.01280983,0.013051778,0.012508882,0.0117087416,0.00200955261353984,0.17162840228191903,5,1198.4
FAH,0.01569847,0.011475915,0.01298783,0.0070805363,0.011297523,0.01170805486,0.0031303989659595944,0.2673713954530953,5,1220.6
SLC5A11,0.013702373,0.008814103,0.01436386,0.010524378,0.011072879,0.0116955186,0.0023026786926389235,0.19688555688662865,5,1201.8
KIF2B,0.015173621,0.013601572,0.010741455,0.010714625,0.008229498,0.0116921542,0.002721023138434824,0.23272213929874647,5,1197.8
HIBADH,0.012562847,0.008281784,0.010128008,0.011103968,0.016346952,0.0116847118,0.0030351323202687888,0.25975243311253843,5,1210.0
NUP210,0.014831193,0.012211356,0.010075832,0.013114772,0.008156779,0.011677986400000001,0.0026104285150195744,0.22353412871071457,5,1201.4
FRAT1,0.016615938,0.015390099,0.006269594,0.011752308,0.008352392,0.011676066200000002,0.004429416939313142,0.3793586695588572,5,1272.8
MTMR2,0.010915624,0.012019576,0.014457565,0.011340978,0.0096288975,0.011672528100000001,0.0017843856151291402,0.1528705349725515,5,1189.0
POFUT1,0.013580773,0.01233611,0.011382205,0.008592605,0.012364259,0.0116511904,0.001879372800397729,0.16130307169280564,5,1189.0
SLC6A5,0.012354892,0.013202209,0.0130094495,0.009604606,0.01004574,0.0116433793,0.0016964224156212394,0.14569845848973068,5,1188.6
NPR2,0.011539289,0.013434738,0.012564037,0.006931463,0.013670473,0.011628,0.0027557890365389,0.23699596117465602,5,1222.6
PDGFC,0.010123109,0.009343381,0.013347905,0.014456418,0.010817945,0.0116177516,0.0021850552878190065,0.18807901589314463,5,1206.0
CORO1A,0.006661106,0.017198842,0.005943731,0.013571635,0.01458695,0.0115924528,0.005013532057321135,0.4324824214355339,5,1336.4
ALK,0.009582653,0.010815905,0.012314994,0.012682634,0.012483468,0.011575930799999998,0.001336546460145213,0.11545909207968082,5,1187.4
IRS2,0.012069739,0.012983649,0.010616877,0.010931496,0.011271004,0.011574553,0.0009557154824316175,0.08257040098495533,5,1176.6
PRKCE,0.0131743075,0.012441686,0.009998807,0.012208968,0.009982256,0.0115612049,0.0014774226566931683,0.12779140837588376,5,1185.4
PRKCI,0.015136484,0.010774564,0.0045198523,0.020346563,0.0070060086,0.011556694380000001,0.006342600009830203,0.5488247591635457,5,1395.4
EIF4E,0.021377027,0.013363167,0.005937115,0.008285383,0.008702648,0.011533068,0.0061263001958220265,0.5311943184434554,5,1350.4
DNAJC6,0.010551097,0.013250849,0.0139293,0.010345275,0.009529257,0.011521155600000001,0.0019418012008717066,0.16854222512815523,5,1211.4
TEAD1,0.009763199,0.010513837,0.013405537,0.014701181,0.00916875,0.0115105008,0.0024135969763921235,0.20968653044115365,5,1219.2
TNNI3,0.016668594,0.016457312,0.004764319,0.0060134768,0.013589525,0.01149864536,0.005725529388415899,0.49793077437913946,5,1388.6
NHEJ1,0.015280882,0.0046385834,0.011406384,0.0125479475,0.013491351,0.011473029579999999,0.004075625907830537,0.35523536999636474,5,1315.8
USP8,0.009115901,0.013908144,0.011639287,0.013011978,0.009569399,0.0114489418,0.0020918143697311437,0.18270809706894867,5,1219.2
CENPF,0.010159288,0.011291507,0.0101479655,0.0122604985,0.013277177,0.0114272872,0.001358239263586804,0.11885929178246295,5,1200.6
UGT2B10,0.012871529,0.009306534,0.022725265,0.0071503175,0.0050155236,0.01141383382,0.006957550003257366,0.6095716928229612,5,1439.2
NMB,0.015182467,0.011544395,0.013188149,0.0063601695,0.010768775,0.0114087911,0.003291023147156299,0.2884637923781687,5,1263.2
CLEC7A,0.0068673696,0.0106450515,0.014763709,0.010186302,0.014540911,0.011400668620000002,0.003307854528512359,0.2901456606421702,5,1275.8
CALCB,0.013582664,0.009810866,0.012403645,0.011500259,0.009644056,0.011388298,0.0016874076868879375,0.1481703136753128,5,1212.2
PLA2G2A,0.01325193,0.010750741,0.011085398,0.010378153,0.011460116,0.0113852676,0.0011176824682351874,0.09816918736588917,5,1192.8
ZDHHC21,0.008453339,0.009357234,0.0133812055,0.013281932,0.012417222,0.0113781865,0.0023105685836447266,0.20307002206764027,5,1240.2
RAB32,0.010269376,0.015518604,0.009280653,0.009873238,0.011898529,0.01136808,0.0025153170864269775,0.2212613815549308,5,1228.2
LPCAT1,0.00970774,0.010400823,0.01862179,0.009244818,0.008804742,0.0113559826,0.004104474243773591,0.3614371726647055,5,1288.2
RPS6KA4,0.0103287455,0.010613737,0.010735698,0.013277653,0.011704448,0.0113320563,0.0012043961658656799,0.10628222574800301,5,1204.8
TENT4A,0.00934485,0.009083439,0.010865394,0.014869726,0.012473219,0.0113273256,0.0024000150863805626,0.21187835250189704,5,1230.4
GBP2,0.009605609,0.0033893178,0.004477989,0.0088858465,0.030267136,0.01132517966,0.010926652082203274,0.9648104851524513,5,1703.6
BTG1,0.0076367212,0.008046585,0.01269374,0.014648352,0.01354707,0.01131449364,0.003248329043106478,0.2870945131492847,5,1279.0
MRPL42,0.012658072,0.012062164,0.010379727,0.01192167,0.009496648,0.011303656200000001,0.0013144049129188463,0.11628139512230089,5,1211.8
PIP5K1C,0.020611718,0.011234684,0.0062626638,0.0065590087,0.01183712,0.011301038900000001,0.005806302723931127,0.5137848630829088,5,1361.2
NDC1,0.012969586,0.013353027,0.011525441,0.010583081,0.008073451,0.011300917200000002,0.0021200146234335742,0.18759668670376364,5,1228.6
WNT2,0.014672157,0.013639937,0.0072810873,0.010664859,0.010141744,0.011279956859999999,0.002947090077557479,0.26126785005784847,5,1243.0
DNAJC7,0.017737523,0.007547723,0.008053214,0.012412779,0.0106286425,0.0112759763,0.004115489542414512,0.3649785555521708,5,1288.2
HLA-A,0.014954762,0.00962394,0.009395795,0.010213142,0.012132158,0.0112639594,0.002326999769400247,0.20658808210905366,5,1226.6
FKBP5,0.013542774,0.008939765,0.01026481,0.008285833,0.015201602,0.011246956800000001,0.0029985828224080623,0.2666128158692725,5,1258.6
FCN2,0.011086836,0.009471613,0.0133720385,0.010359144,0.011904304,0.0112387871,0.0014927692135480288,0.13282298172086815,5,1223.6
PRKN,0.00859244,0.01347135,0.010292446,0.01150767,0.012291943,0.0112311698,0.001875113116654886,0.16695617197906545,5,1232.4
TCF12,0.0090882685,0.0072990158,0.018232925,0.00914425,0.012390531,0.01123099806,0.004323707594131716,0.38497981844827384,5,1331.0
LAMA4,0.013770175,0.009928291,0.0028175176,0.0045934855,0.024924772,0.011206848220000001,0.008810564969082916,0.7861768800758252,5,1636.4
SLC22A1,0.009647306,0.013285234,0.008244224,0.010570934,0.014217427,0.011193024999999999,0.0024998008787765476,0.22333559326246014,5,1246.8
COL4A4,0.01712918,0.012091246,0.007796177,0.010992594,0.007881023,0.011178044000000002,0.0038272614610818665,0.3423909819179336,5,1283.2
TCF4,0.010411724,0.014835756,0.011827825,0.008893235,0.009910956,0.0111758992,0.0023029415934134544,0.20606320370296954,5,1250.8
NDUFV3,0.0058398307,0.005633199,0.0060686986,0.033711858,0.0046231323,0.01117534372,0.01261038106135829,1.1284110249593549,5,1799.0
RALBP1,0.009309946,0.011833932,0.010017614,0.013299411,0.011389764,0.011170133399999999,0.001566148732574209,0.14020859702304087,5,1229.4
BBS5,0.0051072976,0.01511823,0.010143541,0.014853664,0.010575481,0.01115964272,0.004102462539212234,0.3676159391608403,5,1343.4
S100A7,0.008466175,0.0097133815,0.017231926,0.010378785,0.009853516,0.0111287567,0.00348317384593957,0.3129885880189626,5,1296.2
MAP2K5,0.013084948,0.013977859,0.008220457,0.008541528,0.011794681,0.0111238946,0.0026238980916964555,0.23587944564815055,5,1256.4
DRD2,0.013269365,0.009904223,0.011804829,0.009007339,0.011605572,0.0111182656,0.0016782413416716322,0.15094452696575555,5,1237.6
CHRNA5,0.010272025,0.01730022,0.006993139,0.010336133,0.010672295,0.0111147624,0.003766958741504585,0.3389149138720757,5,1292.8
BMP6,0.010167696,0.0127847325,0.0103894295,0.011772488,0.010412724,0.011105414,0.0011332328350544844,0.10204327682466269,5,1230.2
KDELR2,0.016267864,0.009944586,0.008921713,0.010309208,0.009977797,0.011084233599999998,0.00294406957933611,0.2656087633642177,5,1259.6
PPP5C,0.034389593,0.0049543455,0.0023925502,0.004210608,0.009379376,0.011065294540000001,0.013289207464074092,1.2009809062049686,5,1933.4
H4C5,0.016206788,0.011295302,0.005450191,0.0078105615,0.0145118525,0.011054939,0.004485776380490408,0.40577124672423864,5,1346.8
LIN7A,0.010948199,0.0065467185,0.0147669595,0.012999824,0.009921211,0.011036582399999998,0.0031297273728725836,0.2835775840238899,5,1310.2
CAP1,0.013932668,0.010827673,0.0068602017,0.011194576,0.012350148,0.011033053339999998,0.0026279014908806094,0.2381844272748354,5,1265.8
EIF2AK2,0.016887097,0.008157906,0.014443548,0.009485962,0.006123244,0.011019551399999999,0.0044907288128799095,0.4075237412005637,5,1367.2
EDN3,0.0103738345,0.008652725,0.014989828,0.010384978,0.01066838,0.0110139491,0.002361554658828015,0.2144148876471578,5,1272.8
CYP2W1,0.009544343,0.011976916,0.011721812,0.013852549,0.007903856,0.0109998952,0.002308541647191512,0.20986942195517572,5,1270.8
GPHN,0.0072503253,0.014286956,0.010811287,0.011552563,0.01109012,0.01099825026,0.002510636616156535,0.22827600361919162,5,1279.4
HSPA6,0.010327589,0.010460372,0.009021595,0.010651467,0.014459338,0.0109840722,0.002046011207911555,0.18627073553937082,5,1257.0
TPST2,0.00838389,0.01254265,0.0126091195,0.010266144,0.011066829,0.0109737265,0.0017573150955254157,0.1601384083634138,5,1270.2
VPS52,0.003842154,0.025811622,0.0032499144,0.016619727,0.0053416463,0.01097301274,0.009928209670249573,0.9047843017677544,5,1792.2
SYT1,0.011628126,0.009512577,0.014045935,0.010668695,0.008994961,0.010970058799999998,0.0020006343677874284,0.18237225563343643,5,1262.8
HARS1,0.008516182,0.013367425,0.010956049,0.013581951,0.008386939,0.0109617092,0.002513126166125012,0.2292640791935086,5,1280.8
ENPP1,0.011300333,0.027871463,0.0043501756,0.0032281452,0.008054919,0.010961007159999998,0.009975272617115297,0.9100689810255811,5,1703.0
PLA2G4C,0.012322117,0.010291276,0.0103449,0.010282186,0.011508477,0.0109497912,0.0009274481467988924,0.08470007599769504,5,1238.6
EDEM2,0.010703194,0.010660184,0.011557145,0.012759058,0.009007189,0.010937354,0.0013747670156268297,0.1256946621300572,5,1247.6
RPN1,0.013079548,0.013844091,0.0069906064,0.009318116,0.011431039,0.010932680080000002,0.002805373374933314,0.25660435999269754,5,1287.0
GOT1,0.013973788,0.009949203,0.011276734,0.00982418,0.009599897,0.0109247604,0.0018261097452561,0.167153299330583,5,1260.2
C2,0.0132546695,0.010582333,0.012931628,0.0073906127,0.010402039,0.01091225644,0.002363043925999799,0.21654952291423596,5,1282.2
TFF3,0.009926522,0.010196531,0.010821249,0.012722978,0.010859503,0.0109053566,0.0010924141957290281,0.1001722580744428,5,1249.4
LRP6,0.0090491595,0.0069280164,0.02560984,0.0075931507,0.005346411,0.01090531552,0.008327051082177536,0.7635772726525877,5,1564.8
FOLH1,0.012814218,0.013933536,0.0093702525,0.010086904,0.008296114,0.0109002049,0.0023794981521776917,0.21829847915773506,5,1277.6
CDH10,0.010531545,0.009650141,0.01090069,0.012839169,0.010537155,0.010891739999999999,0.0011821166238565465,0.10853331275411887,5,1249.8
BRD7,0.009617524,0.00975526,0.011071239,0.011487277,0.0125237005,0.010891000100000001,0.0012212073688287136,0.11212995662617922,5,1250.0
F3,0.027103089,0.01091983,0.0050039794,0.007802862,0.003582488,0.01088244968,0.009492632022771303,0.8722881613886133,5,1640.6
KIF20B,0.0113874795,0.011453861,0.013139678,0.008594588,0.009776022,0.0108703257,0.0017417235736297823,0.16022735856293452,5,1270.4
ST3GAL1,0.009667014,0.012418302,0.010729287,0.011763767,0.009702717,0.0108562174,0.0012272564727709937,0.11304641640383821,5,1260.8
FGD2,0.009732705,0.008118023,0.012206642,0.011835139,0.0123801455,0.010854530900000001,0.0018617374557745247,0.17151708101678761,5,1278.6
ANGPT4,0.010459886,0.0036919129,0.0013959713,0.003966524,0.034744788,0.01085181644,0.013775995222077918,1.2694644530937087,5,2124.4
TAC1,0.014266573,0.0081587685,0.010728499,0.009157855,0.011920464,0.0108464319,0.0023947674607127933,0.22078850287280127,5,1284.2
SERPINA1,0.017756687,0.008166319,0.0051758154,0.008316646,0.014809375,0.01084496848,0.005224826461222913,0.4817742412860303,5,1407.0
AKAP13,0.010917227,0.01207586,0.010506861,0.009489771,0.01117671,0.0108332858,0.0009461186654673402,0.08733441385505958,5,1251.6
TANK,0.012827137,0.009616989,0.008800327,0.010447944,0.01246178,0.0108308354,0.0017598432910268748,0.1624845384527656,5,1265.8
LYZ,0.015631454,0.0055575017,0.009963883,0.01346065,0.0095260935,0.010827916439999998,0.003880200618925482,0.3583515480957556,5,1356.6
SKA1,0.011065836,0.0106065925,0.009668196,0.0077045844,0.015047868,0.010818615379999999,0.0026931999162080828,0.24894127590365295,5,1285.8
STX18,0.012848509,0.011307829,0.009513938,0.011559818,0.008799847,0.0108059882,0.0016344717042520802,0.15125610670684245,5,1267.2
IL2RB,0.0085981935,0.0101622185,0.013769625,0.009357647,0.012073469,0.0107922306,0.0021080318663683493,0.195328653037524,5,1293.2
CXCL12,0.013604678,0.009429035,0.0117076095,0.009556298,0.009616738,0.0107828717,0.0018381346150066651,0.17046800389980205,5,1280.2
CD33,0.010114812,0.0109036835,0.011241794,0.0119466055,0.009667056,0.010774790199999999,0.0009042266601409046,0.08392058159433162,5,1264.6
CTSL,0.012396838,0.014213922,0.007720843,0.013576404,0.0059348843,0.01076857826,0.003710080732539939,0.3445283716162489,5,1351.8
C4BPB,0.0104644215,0.0079746405,0.011356767,0.011333536,0.012691295,0.010764132,0.001750748668383936,0.16264652536627533,5,1282.0
SC5D,0.012474463,0.011691181,0.010319019,0.008819098,0.010478944,0.010756541,0.0014006229775376743,0.13021128051644804,5,1271.6
PACS1,0.010012532,0.013870367,0.007846342,0.006830642,0.015166606,0.0107452978,0.0036598990486300573,0.34060471070704595,5,1342.8
KLHL11,0.011760194,0.01121977,0.010773547,0.008720811,0.011146579,0.010724180199999999,0.0011740187202880115,0.10947398294258535,5,1268.0
TTC21B,0.009246693,0.010967119,0.009563305,0.014215289,0.009624137,0.010723308599999998,0.0020607978317605056,0.1921792898658634,5,1286.4
SLC5A9,0.013596422,0.010068376,0.008460005,0.0114841,0.010003658,0.010722512200000001,0.0019302174666799077,0.1800154134289451,5,1278.8
AMY2A,0.007438861,0.01453172,0.008167433,0.010592508,0.012846281,0.0107153606,0.00301446090810916,0.2813214618376128,5,1321.4
CHST1,0.013901928,0.013619644,0.005367658,0.010628342,0.010003196,0.010704153599999999,0.003453299857755593,0.32261307029035846,5,1344.0
UBE2Q2,0.01061954,0.013062211,0.010019557,0.009484422,0.010319494,0.0107010448,0.0013849121387704351,0.12941840396467036,5,1274.6
EXO1,0.012461059,0.010774838,0.009248083,0.0138118705,0.007161022,0.0106913745,0.0026183355304284913,0.24490167568524435,5,1310.8
GPLD1,0.014606138,0.010081026,0.0104655465,0.010573661,0.0077208285,0.010689439999999998,0.0024792578593560767,0.23193524257174156,5,1297.8
RTF1,0.0077592735,0.007887216,0.011053553,0.016078198,0.010599068,0.0106754617,0.0033770111140348936,0.3163339637137093,5,1338.4
SIKE1,0.011313904,0.009762853,0.014160348,0.0060838806,0.01203933,0.010672063120000002,0.0030136187432870756,0.2823838942293545,5,1336.6
IL33,0.00965197,0.008825932,0.012431439,0.010441377,0.011928283,0.0106558002,0.0015144450826014462,0.1421240126669648,5,1292.4
CD163,0.014775626,0.010354976,0.0091667175,0.0060087233,0.012968121,0.01065483276,0.0033993739727343937,0.3190452679366498,5,1345.0
PDS5A,0.026945045,0.0050626304,0.008933583,0.007370145,0.004940931,0.010650466880000002,0.009260726139115922,0.8695136319804151,5,1646.6
TNC,0.0106991995,0.009331699,0.009311776,0.011257428,0.012636857,0.0106473919,0.001400688856802448,0.13155229655841333,5,1277.0
UBE2D2,0.004598192,0.0068067512,0.02766434,0.0059225336,0.0082199,0.01064234336,0.009606465771755161,0.9026645210360099,5,1708.4
MAG,0.0123950215,0.009976953,0.008332673,0.0109746065,0.0113824615,0.0106123431,0.0015413367366377713,0.14524000233631454,5,1283.0
AGXT2,0.008525684,0.011205219,0.011248999,0.012415499,0.009545196,0.0105881194,0.0015409590327092736,0.14553661273495588,5,1298.8
TH,0.011681195,0.01046063,0.007290816,0.008654976,0.014805654,0.0105786542,0.00289859755240292,0.2740043768897295,5,1322.6
PI4K2B,0.014344872,0.008860419,0.011097982,0.0087201465,0.009856818,0.0105760475,0.0023120064056774367,0.21860779328737287,5,1311.6
MADCAM1,0.006467523,0.0105205355,0.0077286167,0.015544952,0.012599049,0.010572135239999999,0.0036665170046061377,0.3468095064404547,5,1370.0
POU5F1,0.010250381,0.011373549,0.008882711,0.0110102,0.0113278255,0.0105689333,0.001044373174359721,0.09881538133651777,5,1285.4
ERBB4,0.010953484,0.010580583,0.010914876,0.00938492,0.010929344,0.010552641399999998,0.0006704751198380147,0.0635362365140177,5,1279.6
POLR1A,0.010842719,0.013364969,0.0057698423,0.012701748,0.009938428,0.010523541260000002,0.002994168580877977,0.2845210093163997,5,1349.2
DAAM1,0.009353685,0.009301812,0.00905552,0.018214706,0.0066553093,0.01051620646,0.00444784321416973,0.4229513019821151,5,1397.0
VAMP3,0.011377304,0.009663068,0.009524706,0.012177932,0.0098206885,0.0105127397,0.0011934638953851723,0.11352548711780358,5,1289.4
LCK,0.011074027,0.017703341,0.006344423,0.0073399963,0.01008191,0.01050873946,0.004462244096394976,0.424622202632377,5,1395.2
B4GALT6,0.009801072,0.009817619,0.01210328,0.0093302345,0.011471566,0.0105047543,0.0012079765868228574,0.11499332134049602,5,1299.4
EGR4,0.006293119,0.008198342,0.022227425,0.006871631,0.008920737,0.010502250799999998,0.00663677410947097,0.6319382612221536,5,1522.4
LYPLA1,0.007896096,0.0059431954,0.010225843,0.020975923,0.0074587343,0.01049995834,0.006054217662417124,0.5765944460325472,5,1486.0
NCAPD2,0.005341744,0.009428862,0.01099106,0.011503569,0.0151712615,0.010487299299999999,0.0035645164363634512,0.3398888821990092,5,1395.4
GSTO1,0.008449732,0.0062922756,0.0109756645,0.022467319,0.004101193,0.01045723682,0.007181349313289443,0.6867348838801035,5,1583.2
PSAP,0.014094949,0.010878089,0.008995268,0.009596224,0.008704972,0.0104539004,0.0021999510625071413,0.21044308615252746,5,1319.0
PPCDC,0.009379364,0.011483013,0.011634292,0.007252248,0.012440472,0.0104378778,0.0021096674347840226,0.20211651019559,5,1329.4
DGKI,0.010268585,0.008343039,0.01302444,0.008406493,0.012109643,0.01043044,0.0021229908236874225,0.20353799299813072,5,1333.4
APH1B,0.01017973,0.01234983,0.0057115727,0.014381357,0.009526675,0.01042983294,0.003257343877483389,0.31231026385772476,5,1377.8
SDC2,0.011507281,0.009247061,0.004410894,0.017942548,0.008985691,0.010418695,0.004932374757522435,0.4734157931989021,5,1448.8
CNDP1,0.010670634,0.012285502,0.007834035,0.009756334,0.011517504,0.0104128018,0.0017229943858252123,0.16546885448498716,5,1310.4
IL1RN,0.00935713,0.011577576,0.007584333,0.009508454,0.013807103,0.0103669192,0.002387466081101823,0.23029658426409103,5,1335.4
AGAP2,0.010259932,0.009135407,0.01022186,0.012773068,0.009426176,0.0103632886,0.0014338405281814992,0.13835767617062206,5,1322.2
ERBB3,0.012147521,0.009115832,0.009119655,0.010262895,0.011165436,0.0103622678,0.0013171723381193135,0.12711236223013977,5,1313.4
SELP,0.015747536,0.01134965,0.00814026,0.0071273907,0.00942081,0.01035712934,0.003400882109118835,0.3283614597709403,5,1366.6
NDUFS2,0.010719197,0.01205192,0.011508359,0.0070386375,0.010398104,0.0103432435,0.0019584331130939217,0.1893441948934028,5,1334.4
LAMA2,0.018861484,0.009488759,0.002686823,0.0046766666,0.01599553,0.01034185252,0.006999460097339113,0.6768091194302888,5,1660.8
ATN1,0.014327949,0.012349119,0.00793756,0.009303483,0.0077647045,0.010336563099999998,0.002890435506916008,0.27963216389749596,5,1356.6
RRAGC,0.0094246855,0.010609093,0.010697063,0.008827866,0.01208631,0.0103290035,0.0012622647204056483,0.122205856586809,5,1317.6
RGS9,0.010971041,0.0106073655,0.007568036,0.012197355,0.010247464,0.0103182523,0.0017036319413690712,0.16510857573903975,5,1317.4
SLC5A8,0.013135685,0.013157042,0.01068158,0.007848866,0.0067419643,0.010313027459999999,0.002958725615034674,0.286892052456018,5,1372.6
FBP1,0.009296628,0.009542859,0.0062939106,0.018032147,0.00827016,0.01028714092,0.0045148170234399895,0.4388796710913521,5,1427.8
SLC19A1,0.009809412,0.012295894,0.009204653,0.010285158,0.009838075,0.0102866384,0.001187092753769182,0.11540142732821074,5,1323.0
LY96,0.0079438565,0.008175148,0.0063987947,0.023846528,0.0050088833,0.0102746421,0.007693941328727188,0.7488281590584248,5,1602.6
OAZ1,0.0103646405,0.0124656,0.0130101,0.006538023,0.008969451,0.010269562899999998,0.0026437115608973025,0.25743175115050937,5,1374.0
NOG,0.010832518,0.011757601,0.010122329,0.006515983,0.012055174,0.010256721,0.0022265330756091406,0.2170803978785365,5,1349.6
FNBP1L,0.011152958,0.0074563506,0.00868397,0.010730717,0.013236869,0.01025217292,0.002248594657231919,0.2193285925606412,5,1351.0
PLK1,0.0121428305,0.012510961,0.0057379273,0.007199053,0.013642035,0.01024656136,0.0035308523019288588,0.3445889970182991,5,1410.8
IRAK3,0.008754529,0.013073717,0.008724686,0.010624418,0.0100251045,0.0102404909,0.001783725645682107,0.17418360731926505,5,1336.6
HTR5A,0.011215324,0.009715898,0.009766623,0.0087796915,0.01170136,0.010235779300000001,0.0011956180921116487,0.11680772485116483,5,1320.6
BCHE,0.027048737,0.001976159,0.0007027315,0.0037235224,0.017722327,0.01023469538,0.011621464569932722,1.1354968700526895,5,2341.6
CTPS1,0.009692813,0.008956962,0.012064142,0.009916682,0.010537324,0.010233584600000002,0.0011689551383491155,0.11422733910355472,5,1334.4
INPP5E,0.01736171,0.0085267015,0.008862928,0.008941178,0.0074233264,0.01022316878,0.004036385904313837,0.39482727823200797,5,1409.2
DKK1,0.0119508365,0.007789707,0.014409561,0.010069074,0.00682802,0.0102094397,0.003081488674589678,0.3018274033774525,5,1405.4
SKI,0.009881813,0.010738606,0.011716227,0.010362041,0.008318992,0.0102035358,0.001250466870619809,0.12255230883982483,5,1337.2
BHMT2,0.014641265,0.0072521092,0.00626569,0.008313895,0.014507549,0.01019610164,0.004062203362013717,0.39840749979162793,5,1439.6
TNIP2,0.013536323,0.0073183966,0.004775182,0.005737219,0.019612476,0.01019591932,0.0062724471917493104,0.6151919208938298,5,1570.4
AKAP1,0.01514376,0.007358399,0.0087267645,0.012658408,0.0070634363,0.010190153560000002,0.0035555308673944725,0.3489182814036486,5,1413.4
PLB1,0.016134407,0.006580306,0.008086711,0.00982927,0.010265215,0.010179181800000001,0.0036374746815158315,0.35734450498917614,5,1408.4
SLC7A5,0.01000874,0.007294005,0.0053983713,0.019878492,0.008285072,0.01017293606,0.0056761236741127985,0.5579631721496142,5,1516.2
ARHGEF25,0.009674666,0.009229446,0.0089180805,0.010714341,0.01230593,0.0101684927,0.0013743901158665612,0.13516163667664935,5,1337.0
IDI2,0.015287681,0.009506295,0.010381479,0.008721711,0.006805852,0.0101406036,0.0031656989182480377,0.31218052131019475,5,1395.4
NDUFV2,0.008867817,0.005351689,0.012527166,0.011109699,0.01278816,0.0101289062,0.0030902016723821923,0.30508740147896646,5,1422.6
PEX14,0.006768481,0.006770605,0.024799366,0.0060192095,0.00624696,0.010120924299999999,0.008212061707180782,0.8113944402470022,5,1685.8
SLC2A11,0.011741182,0.008393854,0.012868959,0.007463604,0.010097973,0.010113114399999998,0.0022484035733287074,0.22232553537896377,5,1372.8
ATG12,0.010854711,0.009184081,0.007240702,0.010099309,0.013152791,0.0101063188,0.0021739028894985626,0.2151033360929167,5,1360.4
CTR9,0.008426278,0.011287797,0.011344489,0.009068423,0.010390834,0.010103564200000002,0.0013143089365224216,0.13008369229963634,5,1355.4
FUCA2,0.009943062,0.010411095,0.008172287,0.010730546,0.011216842,0.0100947664,0.0011707128601276657,0.11597225866738885,5,1339.8
UBAP1,0.009261046,0.009137603,0.014209012,0.011281992,0.0065584756,0.010089625719999998,0.0028483764433138384,0.2823074435424983,5,1410.4
CACNA1B,0.0076096063,0.011568253,0.013629005,0.008229293,0.009397531,0.010086737660000001,0.0024901722766975535,0.24687588402071647,5,1393.8
ERP29,0.012902292,0.008591106,0.0049872734,0.010532327,0.013418158,0.01008623128,0.003444767993003606,0.3415317274980835,5,1426.4
COL6A6,0.016353257,0.010139029,0.008713595,0.007684112,0.0073202867,0.010042055939999999,0.0036936905150272625,0.3678221409138319,5,1417.4
UGT2B4,0.018467136,0.005191246,0.015622852,0.006298444,0.0045863036,0.01003319632,0.006508400096089615,0.648686608784469,5,1646.2
SNAPC3,0.010116209,0.011392263,0.014127373,0.0074833417,0.0070284186,0.010029521060000001,0.0029217553039588306,0.2913155360540048,5,1417.8
C3,0.013203779,0.009509762,0.010010632,0.008670562,0.008740175,0.010026982,0.0018611535738459364,0.18561453225366678,5,1367.2
POU4F2,0.009703643,0.011866571,0.01046408,0.007356736,0.010716971,0.0100216002,0.0016797205244643229,0.16761001146945803,5,1365.8
ADRA1A,0.010500849,0.011240421,0.008634662,0.0079590585,0.0117196245,0.010010923,0.0016413101398017,0.1639519292878089,5,1356.2
SLC2A12,0.009030437,0.012610415,0.009991803,0.008867542,0.009523812,0.010004801800000001,0.0015217988468170485,0.1521068460163847,5,1370.0
SEC24C,0.00832348,0.013060229,0.008138455,0.0077188076,0.012734387,0.00999507172,0.0026609049316789752,0.26622169467324,5,1395.2
EXOC5,0.008895915,0.010283321,0.0071665533,0.0159036,0.007693379,0.00998855366,0.0035178129918370772,0.35218442144676604,5,1423.8
HRH1,0.010602525,0.0057304404,0.013519231,0.009083018,0.010983699,0.00998378268,0.0028628817251382934,0.28675320936956666,5,1430.8
ASB4,0.012943991,0.008067038,0.0069938856,0.010463263,0.011308137,0.00995526292,0.0024164010880706314,0.24272599402835576,5,1389.8
IFIH1,0.010482734,0.0101636555,0.012359096,0.0103544565,0.006378593,0.009947707,0.002182412910945618,0.2193885395846116,5,1404.6
FCGR3A,0.008952424,0.00913922,0.011044908,0.009517013,0.011057965,0.009942306000000001,0.001032728643915477,0.10387214434110928,5,1365.2
CCL22,0.012499715,0.0073819216,0.009828414,0.009124093,0.010781048,0.009923038319999999,0.0019026287666790418,0.19173852859605223,5,1389.8
SMUG1,0.010310825,0.011332015,0.0048287814,0.011154198,0.011962026,0.009917569079999999,0.002905173089286408,0.2929319741412286,5,1425.4
MRPS21,0.010797281,0.009669259,0.008692648,0.008891777,0.011530945,0.009916382,0.00122384709166219,0.12341669488551267,5,1363.0
S100A7A,0.0077563655,0.009597387,0.010621407,0.011850944,0.009744133,0.009914047300000001,0.0015030520563712024,0.15160832008247552,5,1380.4
UTS2B,0.009694435,0.007987506,0.0082353735,0.0130870845,0.010565401,0.009913960000000001,0.0020658027100079342,0.20837311326734564,5,1386.0
HYAL1,0.010340744,0.00871076,0.010059355,0.009351326,0.0110511845,0.0099026739,0.000902797628177434,0.0911670562207884,5,1369.2
UBE2J2,0.005470183,0.0056090537,0.003322445,0.02938263,0.005695286,0.00989591954,0.010937917270542467,1.105295695496577,5,1926.5
RPL38,0.0142871495,0.009027103,0.0076505262,0.010135319,0.008376594,0.00989533834,0.0026194080677737538,0.264711319388171,5,1399.0
CRYBA4,0.010194781,0.011750495,0.010608423,0.0076013324,0.009316182,0.00989424268,0.0015522275275117409,0.15688189361368493,5,1380.8
TNRC6B,0.01297698,0.015158744,0.0176488,0.0018615868,0.0017607986,0.009881381880000002,0.007550282260446799,0.7640917385986906,5,1962.0
SLC22A3,0.010835841,0.009946387,0.009791452,0.0076766596,0.011134706,0.00987700912,0.0013559896143818992,0.13728747213932907,5,1368.2
TRAPPC4,0.0120924665,0.012906241,0.009332874,0.00603547,0.008999659,0.0098733421,0.0027343956838119733,0.2769473250412313,5,1418.2
PLPPR3,0.010011613,0.009671239,0.01028125,0.010182605,0.009137344,0.0098568102,0.0004643068989447607,0.04710518814136856,5,1369.8
CLASP2,0.0120257,0.010925089,0.008339014,0.008516858,0.009440057,0.009849343600000001,0.0015904310925992048,0.16147584622788513,5,1379.2
HHIP,0.009006182,0.008216774,0.010445487,0.010509506,0.011035105,0.009842610799999998,0.0011803823294855359,0.11992573448962708,5,1379.2
MRPL19,0.010481086,0.0069701285,0.011203978,0.006765745,0.013749128,0.0098340131,0.0029681532971253016,0.3018252331924697,5,1445.0
IQGAP2,0.013832856,0.009841986,0.010083031,0.010120234,0.005262044,0.0098280302,0.003042920591307995,0.3096165283769676,5,1443.4
ALDH1A2,0.009418688,0.0123101985,0.008294701,0.008665862,0.010410742,0.0098200383,0.0016100999624573623,0.16396066015927477,5,1385.2
ADCYAP1R1,0.0110189635,0.00957493,0.010343018,0.0108510535,0.0073103793,0.009819668860000002,0.001510992011644874,0.15387402907238906,5,1383.2
GPC1,0.011096286,0.0076845996,0.012196863,0.010352167,0.007598208,0.00978562472,0.002064701652216536,0.21099334087446345,5,1414.8
GLDC,0.008857916,0.011229124,0.01107437,0.009716298,0.008044312,0.009784404,0.001382223459629448,0.1412680281424855,5,1389.2
GADD45G,0.008032551,0.010498208,0.0061896644,0.009483181,0.01460185,0.00976109088,0.0031542218385307605,0.32314234928327606,5,1449.4
YKT6,0.009411998,0.009218807,0.015311556,0.006030575,0.00883014,0.0097606152,0.0033914236624999687,0.34746003125909203,5,1471.0
CCNC,0.026484184,0.0058246497,0.0034631293,0.0065981396,0.0064160693,0.009757234379999999,0.009434181052617993,0.9668908919473957,5,1812.0
FERMT3,0.010082884,0.012070014,0.007204182,0.008314757,0.011105989,0.0097555652,0.0019920429078392615,0.20419554039157686,5,1405.0
H2BC5,0.013141012,0.011829827,0.00516205,0.008975539,0.009656873,0.0097530602,0.0030611412737369214,0.31386469589687566,5,1454.0
HS3ST1,0.008661412,0.009417334,0.007829468,0.0113945715,0.011444702,0.009749497499999999,0.0016248663552127143,0.16666154898882884,5,1395.0
ITSN2,0.013044922,0.007125553,0.00828305,0.010982688,0.009256756,0.009738593799999999,0.002326925771607294,0.23893857977804706,5,1424.8
DHRS9,0.011579862,0.008629443,0.009757445,0.0081445845,0.010566013,0.0097354695,0.0014005604970846494,0.14386162856189416,5,1387.4
NR4A3,0.014695311,0.009873462,0.0057463096,0.0077718263,0.01052155,0.00972169178,0.0033543007611308135,0.3450326174741999,5,1454.2
PTPN12,0.0077255685,0.012169925,0.006621043,0.012380976,0.009693973,0.0097182971,0.0025819024080912314,0.2656743647085281,5,1436.6
CBLIF,0.006276091,0.009754391,0.010224741,0.013552549,0.008748129,0.0097111802,0.002633867477300481,0.271220121865361,5,1449.8
CALCA,0.009501037,0.008159659,0.011000072,0.01055376,0.009268962,0.009696698,0.001119940763596227,0.11549712733099732,5,1396.0
UBE2V1,0.02158125,0.007563099,0.0060859364,0.005389088,0.007837259,0.00969132648,0.006723936594477691,0.6938097285602632,5,1630.4
CRY2,0.01160682,0.009525233,0.0065198867,0.009104842,0.011670489,0.009685454139999999,0.002122239892860559,0.2191161985988774,5,1414.2
CA2,0.009596469,0.0072426405,0.017115563,0.010241498,0.0042300224,0.00968523858,0.004776313811876109,0.4931539654313925,5,1576.8
BLVRA,0.0131386295,0.009805951,0.0060936417,0.013210559,0.0061594313,0.0096816425,0.003524882440008446,0.36407897110520715,5,1487.6
LCLAT1,0.010203466,0.009676844,0.009672999,0.009251699,0.009467918,0.0096545852,0.00035329399532216753,0.036593389358889034,5,1393.2
MAP3K5,0.017898586,0.008691514,0.0069305734,0.0072299214,0.007503955,0.009650909959999999,0.0046587399819169595,0.4827254633216949,5,1512.0
TMED10,0.012892584,0.008138405,0.010357211,0.009626581,0.007222537,0.0096474636,0.002190462892798415,0.22705065119897574,5,1430.8
USO1,0.010559689,0.0076724747,0.0070807985,0.015913423,0.007007436,0.00964676424,0.0037931680873899607,0.3932062599458698,5,1488.8
PIK3C2G,0.007511645,0.010777324,0.009070391,0.010975008,0.009882729,0.0096434194,0.0014132374681830012,0.14654941463844257,5,1409.8
NOS2,0.009808931,0.009639448,0.0095498795,0.010274756,0.008922529,0.0096391087,0.0004884504927021261,0.05067382347313151,5,1394.0
GFRA1,0.01045065,0.007432633,0.00932167,0.010604126,0.0103854565,0.0096389071,0.0013338098486295937,0.13837770556265594,5,1409.4
PLXNA4,0.011130028,0.0095442645,0.009059904,0.010732174,0.0077028754,0.009633849180000001,0.0013703071457914144,0.14223879990110186,5,1400.6
CBSL,0.013232468,0.006831616,0.0077738976,0.006228029,0.014087382,0.009630678520000002,0.0037314710068076305,0.3874567092088575,5,1503.4
CD34,0.0061208755,0.010334353,0.010133781,0.01275929,0.008781528,0.0096259655,0.0024277635003230338,0.2522098692669357,5,1455.4
PROK1,0.0068829977,0.010143006,0.008514041,0.011905183,0.010642918,0.00961762914,0.0019529629188267754,0.20306074297503796,5,1427.4
CDON,0.016286656,0.006483721,0.00826369,0.0061666085,0.010885478,0.009617230700000002,0.004172751912105511,0.4338828964668083,5,1515.2
SNTB1,0.0065047806,0.008373489,0.0038969505,0.025276562,0.0039968407,0.00960972456,0.008954873022723327,0.9318553270504277,5,1831.4
TRPM7,0.005063318,0.012921672,0.009202228,0.011533544,0.009300584,0.0096042692,0.002983343854609321,0.3106268465079385,5,1487.8
IL3,0.010228271,0.009474179,0.0037691847,0.017156292,0.007378108,0.009601206939999999,0.004910277690762592,0.5114229618680204,5,1576.8
CDC42EP1,0.011243747,0.007745158,0.008469059,0.009845223,0.010699457,0.0096005288,0.0014739665198779792,0.15352972222509026,5,1412.4
AP4B1,0.010665106,0.0068569267,0.009916399,0.009886257,0.010669614,0.00959886054,0.0015799541872163123,0.1645980979338525,5,1425.4
H4C4,0.011227381,0.014957945,0.0058929734,0.0057037356,0.01015911,0.009588229,0.0038920038938796016,0.40591478299898776,5,1510.4
AK3,0.009217831,0.012302422,0.0069083963,0.0090920525,0.010411362,0.00958641276,0.00197542806632163,0.20606540900932688,5,1430.4
COL4A1,0.0112978015,0.008803855,0.008500909,0.008891814,0.010413162,0.0095815083,0.0012129950489082593,0.12659750541658032,5,1407.0
WHAMM,0.0120888855,0.008381426,0.0061814035,0.012251079,0.0089588,0.009572318799999998,0.0025885228275733005,0.270417532225661,5,1448.8
RBCK1,0.010300795,0.009818124,0.007971152,0.011589306,0.008119365,0.009559748400000002,0.0015275269986855552,0.15978736414083397,5,1415.8
FBXL7,0.011889331,0.007849141,0.009718196,0.008151672,0.010183288,0.009558325599999999,0.001639337447591953,0.1715088516750207,5,1419.0
SULT1C4,0.010234872,0.011869051,0.012309663,0.0056657605,0.007706533,0.009557175900000001,0.002826137676949727,0.2957084505423539,5,1479.2
KCNJ2,0.011713286,0.008808909,0.009075938,0.00887364,0.009253517,0.009545058,0.001224642791795836,0.12830124152161632,5,1417.4
THBS2,0.014495547,0.008696642,0.0052511557,0.011206871,0.008003586,0.00953076034,0.003492902957013976,0.36648733494582614,5,1495.6
SETD7,0.006419494,0.011012383,0.014388512,0.009892515,0.005926507,0.0095278822,0.0034854842665603437,0.3658194122677486,5,1528.0
COG3,0.010913766,0.011112179,0.009448127,0.010116055,0.005997222,0.009517469800000001,0.0020765354409252685,0.21818145836672562,5,1446.0
UROC1,0.010642772,0.007261581,0.006618708,0.010915087,0.012002889,0.0094882074,0.0023918883904576944,0.2520906520717174,5,1459.4
GABRB2,0.0131542515,0.008531681,0.0074736276,0.009164815,0.009059773,0.00947682962,0.002162223697822585,0.22815897135677163,5,1442.0
KIF3A,0.013873909,0.007345363,0.005585934,0.0072122863,0.013341497,0.00947179786,0.0038431825862519143,0.4057500638270498,5,1533.8
ALOX5AP,0.0074128695,0.009171923,0.012421522,0.010276775,0.008033925,0.0094634029,0.0019840046374726044,0.20965023453377477,5,1460.6
PI3,0.0077518392,0.01243963,0.010416724,0.008254669,0.00840836,0.00945424444,0.0019538380782794587,0.20666253032478804,5,1452.4
RPL21,0.01041153,0.0069073387,0.009485265,0.008945448,0.011436782,0.009437272739999999,0.0017023495211130376,0.1803857499950815,5,1452.0
ATP6V1A,0.007326593,0.012253116,0.005199197,0.017114723,0.0052852216,0.00943577012,0.005160619829107873,0.5469208939469026,5,1620.2
MTMR6,0.011787381,0.014011021,0.007999264,0.0049068322,0.008408073,0.00942251424,0.003538824156431411,0.37557111258145587,5,1518.8
GLYATL3,0.01023953,0.010607856,0.0069660256,0.011283217,0.007961001,0.00941152592,0.0018509807045470603,0.1966716896155624,5,1445.6
DHCR7,0.007866668,0.01183002,0.008983355,0.008273532,0.010045541,0.0093998232,0.0015902319374907863,0.1691767923348586,5,1446.0
MOCS1,0.01497038,0.0117755765,0.008209841,0.005300072,0.0066676317,0.009384700240000002,0.0039485139994617545,0.42073949071193284,5,1544.6
CDK6,0.009415674,0.012140089,0.009077934,0.008224221,0.008044916,0.0093805668,0.0016453632249551161,0.1754012587976151,5,1444.6
CD2BP2,0.0105418805,0.010065138,0.0072049163,0.0076927245,0.011396908,0.009380313460000001,0.0018347469498140835,0.19559548384367992,5,1445.4
STX1B,0.009354631,0.008763164,0.009029992,0.008473744,0.011165888,0.0093574838,0.0010620495312000286,0.11349734115489771,5,1442.0
CYB5A,0.008880352,0.010279316,0.007901098,0.008378447,0.0112257395,0.009332990499999999,0.0013824237560876548,0.1481222718578418,5,1444.6
DEFB1,0.0134067945,0.0090212375,0.009132236,0.006815529,0.008284376,0.0093320346,0.0024581787738874737,0.2634129511143769,5,1478.4
UNC13B,0.0071174763,0.011331645,0.006640307,0.012625814,0.008934111,0.00932987066,0.002605542659534119,0.2792688939092023,5,1488.4
RLBP1,0.008955137,0.008826958,0.00886544,0.013631797,0.0063511636,0.00932609912,0.002645195510684564,0.28363364753564446,5,1497.8
SLC36A4,0.0055619488,0.009778065,0.010580406,0.010655145,0.010000279,0.00931516876,0.002131118874872349,0.22877941664605428,5,1486.0
ITGAL,0.010513638,0.00805236,0.009161877,0.0104940515,0.008312037,0.0093067927,0.0011672831595126998,0.1254227097496971,5,1448.2
CRHBP,0.0057953987,0.014521738,0.012883391,0.005648955,0.007654896,0.009300875739999999,0.004135999335098017,0.44468923687588335,5,1596.4
GLI3,0.007714635,0.010878461,0.011462765,0.008581753,0.0078281555,0.0092931539,0.001758155595840013,0.18918825780341514,5,1471.6
NCOA2,0.010180933,0.01047493,0.0060206344,0.014730073,0.005055758,0.009292465679999999,0.003886185189355239,0.41820818318645,5,1561.8
NT5C1A,0.010678931,0.008798122,0.0080845915,0.009889264,0.009004866,0.009291154900000001,0.0010080296389738744,0.10849347038373822,5,1443.4
BNIP3,0.008367747,0.009064176,0.008891737,0.009732385,0.010371542,0.0092855174,0.0007787004574336011,0.0838618273908572,5,1451.4
MAPKAPK2,0.011277411,0.008051048,0.007445815,0.010709342,0.008847937,0.0092663106,0.0016653054018723713,0.17971612152439304,5,1453.8
MAD1L1,0.012988762,0.009002122,0.008124246,0.008400675,0.0078068464,0.009264530279999999,0.002127797951385279,0.22967143363746223,5,1472.6
SFRP2,0.011088579,0.007693018,0.010918307,0.0076813637,0.008940908,0.009264435139999999,0.0016690513603257982,0.1801568401207241,5,1464.4
ANGPT2,0.0092205405,0.010308423,0.008505273,0.010359088,0.00791206,0.009261076900000002,0.0010834310730699717,0.1169875906191829,5,1451.2
CPNE8,0.011869687,0.0090944,0.0071154195,0.008866489,0.009323298,0.009253858700000001,0.0017026291496569212,0.18399126298059004,5,1465.4
PSMB7,0.009282012,0.0105630625,0.0074922843,0.011556365,0.0073727146,0.00925328768,0.0018478493121163852,0.1996965160945245,5,1465.6
WDR33,0.01120329,0.007568955,0.009206053,0.009119103,0.009149378,0.009249355800000001,0.0012913599606092408,0.13961620555339008,5,1462.2
CDK5R1,0.008838957,0.0061687976,0.009764357,0.012396748,0.009059754,0.009245722719999998,0.0022285338645319465,0.24103403617234445,5,1495.0
GJA1,0.010173476,0.01630241,0.0055159535,0.004462543,0.009769014,0.0092446793,0.004682984531915539,0.506559976819914,5,1621.2
EVL,0.019433064,0.008346766,0.0035054972,0.0059319623,0.008960234,0.0092355047,0.006095125602701447,0.6599667046568064,5,1688.2
ARHGAP25,0.010403119,0.012459843,0.0059647136,0.011262964,0.006074553,0.00923303852,0.0030232404592969862,0.32743721936697673,5,1529.4
YY1AP1,0.00787585,0.008262575,0.011529157,0.010440574,0.007973113,0.0092162538,0.0016658380634043332,0.18075002051314312,5,1477.6
NCF4,0.011769733,0.008107423,0.00818272,0.007900413,0.010108005,0.0092136588,0.0016840856144451797,0.182781417350204,5,1461.6
HLA-DQB1,0.009203274,0.008045534,0.008875678,0.01057032,0.009338346,0.009206630399999999,0.0009130558486493581,0.09917372686638515,5,1461.2
CNGB1,0.008162358,0.010469225,0.008031772,0.010044783,0.00929604,0.0092008356,0.0010926193514126045,0.11875218718315154,5,1464.8
RNF111,0.014272836,0.0069963555,0.0064612604,0.009275089,0.008890503,0.00917920878,0.003089889728561077,0.3366183080281868,5,1527.8
PAX8,0.011037646,0.010639205,0.008581986,0.007626983,0.007994399,0.0091760438,0.0015616643296043808,0.17018928458083218,5,1463.6
SEC23A,0.011619665,0.0073056556,0.0066565126,0.0128847305,0.00740115,0.00917354274,0.0028601681689671603,0.3117844708452473,5,1521.6
IL17A,0.009228928,0.008973072,0.00850918,0.0098456815,0.009298183,0.009171008900000001,0.000487828735393683,0.0531924830422619,5,1461.6
DGKQ,0.012428505,0.0063656094,0.010209836,0.0074102664,0.009409799,0.009164803159999999,0.002383157110165494,0.2600336383182609,5,1511.0
ARCN1,0.008713857,0.0101827085,0.0076378053,0.010922436,0.008358996,0.00916316056,0.0013518312647612287,0.14752892911888787,5,1468.0
MED16,0.010933625,0.0066569,0.01095112,0.009243226,0.007909763,0.0091389268,0.0018832926504847036,0.20607372087548656,5,1497.4
SMYD2,0.0062393667,0.011612351,0.011404425,0.0065928465,0.009779407,0.00912567924,0.0025763161894588583,0.2823150060070332,5,1533.8
CXCL6,0.0047864383,0.0058684153,0.024966735,0.004891078,0.005033551,0.009109243520000001,0.008874878005240144,0.974271681918999,5,1928.8
GLP2R,0.010510435,0.0063602794,0.007977425,0.011699102,0.0089160325,0.00909265478,0.002094306327408336,0.23032946681478825,5,1506.2
IRS1,0.0077984217,0.012187791,0.006324695,0.013251555,0.005801237,0.00907273994,0.0034294463061686382,0.377994556093122,5,1574.6
EFNA1,0.009405991,0.008428602,0.012593206,0.006545616,0.008386426,0.0090719682,0.0022235686681996575,0.24510322558225647,5,1518.6
RSPO4,0.006158217,0.01063342,0.0074596517,0.00997393,0.011132255,0.00907149474,0.002155571730509597,0.23762034728464132,5,1516.2
CYTH1,0.0084206965,0.010336416,0.009335744,0.009246822,0.007999971,0.0090679299,0.0009044654564519309,0.09974332250318023,5,1481.2
AHCYL1,0.011097094,0.007250157,0.009398358,0.009658482,0.007921466,0.0090651114,0.0015160870297478968,0.16724416974598863,5,1492.6
CXXC4,0.0076113488,0.008744683,0.009020452,0.0075099706,0.012427107,0.00906271228,0.001996217865242532,0.22026715662681637,5,1507.2
PHF20,0.0067450786,0.009822928,0.013705647,0.0051468424,0.009807074,0.009045514,0.0032936616786224692,0.364121008338771,5,1584.8
HLA-DPA1,0.007791445,0.008760761,0.010183963,0.0069569116,0.0115251,0.00904363612,0.0018344228341556294,0.20284129191120412,5,1508.2
XCL2,0.01078625,0.007636869,0.010821089,0.00708728,0.008840796,0.0090344568,0.0017351576072699281,0.19205998165489352,5,1504.6
SH2B2,0.005383756,0.007342062,0.015925331,0.0077523408,0.0087496005,0.00903061806,0.004043539742598528,0.44775891480881963,5,1625.2
SPAM1,0.0076593687,0.0081572095,0.011412003,0.006569325,0.0113120675,0.00902199474,0.0022122818999102405,0.2452098414668595,5,1525.4
SF3B4,0.0113848625,0.005684179,0.010958038,0.011327907,0.005739567,0.0090189107,0.0030234060731506446,0.335229627359615,5,1568.6
TNFAIP3,0.010554369,0.0074101123,0.009923641,0.009338289,0.0078477925,0.00901484076,0.0013451615993481645,0.14921634615187196,5,1501.8
WDR77,0.0061855298,0.0120420605,0.006719786,0.009857205,0.010265744,0.00901406506,0.002485491381706104,0.27573479502999104,5,1540.2
MOCS3,0.0114943,0.008727566,0.009295942,0.008604257,0.0069416557,0.009012744139999999,0.0016413345298559488,0.182112629001798,5,1504.2
ARHGAP17,0.0082133785,0.0074687833,0.011958209,0.008844895,0.008530067,0.00900306656,0.0017291071410459912,0.19205757610726706,5,1523.8
HAO1,0.009968668,0.0067819934,0.0065961895,0.010313557,0.011316199,0.00899532138,0.002163693384250775,0.2405354175628992,5,1528.4
RORC,0.008649063,0.01084758,0.0075440994,0.007378768,0.010552787,0.00899445948,0.0016352172921230536,0.1818027304207783,5,1496.4
IYD,0.007639729,0.011030288,0.006466678,0.011662271,0.008159014,0.008991596,0.0022463703003749182,0.24982998573055534,5,1522.2
ENG,0.006685696,0.0103100035,0.0093196845,0.012219708,0.006413568,0.008989731999999999,0.0024611955067982967,0.27377851829156835,5,1547.2
RNF40,0.010852192,0.0061999187,0.008075445,0.01194747,0.007865485,0.008988102139999999,0.0023505248525733987,0.2615151470200581,5,1526.8
IGFBP4,0.007530853,0.01021642,0.0058202706,0.010919158,0.010431451,0.00898363052,0.002206786644434675,0.2456453033683619,5,1527.0
NCAM1,0.012975847,0.009690018,0.0030334548,0.0075701443,0.01158988,0.008971868820000001,0.0038933004877660534,0.4339453201864863,5,1630.4
PRKG1,0.010747344,0.009972983,0.0077108047,0.009378221,0.006936189,0.008949108340000001,0.001585193100022937,0.17713419480436604,5,1504.6
CNTRL,0.008432666,0.010483788,0.0076646507,0.008081013,0.010072882,0.00894699994,0.0012538162056102437,0.14013817078557436,5,1496.6
SEMA7A,0.009171618,0.010971591,0.008256989,0.006485614,0.009824926,0.008942147599999999,0.0016922318485412392,0.18924221833927674,5,1510.8
OS9,0.00863933,0.0092245545,0.008108,0.009053514,0.009621754,0.008929430500000002,0.0005789458276538054,0.06483569446604745,5,1496.8
FGFBP3,0.01425215,0.0075921286,0.0068317684,0.004298066,0.01166706,0.0089282346,0.003983216376041061,0.44613706454813146,5,1626.6
LRP2,0.009293418,0.008098369,0.0076202163,0.012119338,0.0074692587,0.00892012,0.001926419610017531,0.21596341865552604,5,1517.0
TXN,0.009236527,0.012051919,0.010616151,0.0064867972,0.0062028016,0.00891883916,0.002553902428257287,0.2863491966209296,5,1559.6
RASGRF1,0.0053190184,0.009189497,0.011973856,0.0101388,0.0079663955,0.00891751338,0.0024879980733166114,0.27900132775765024,5,1565.4
TUBGCP3,0.008358925,0.010197443,0.008762142,0.00956712,0.0076646497,0.00891005594,0.0009957106972536844,0.11175134072768621,5,1507.2
DNM2,0.012270559,0.009509005,0.006691909,0.007478618,0.008580875,0.0089061932,0.002163862097252549,0.24296150427688326,5,1525.2
BCAT2,0.0084427325,0.00922626,0.007924805,0.010096974,0.00883291,0.0089047363,0.0008221435556319832,0.09232654712436383,5,1501.4
RUFY1,0.011158449,0.0061737197,0.011373988,0.009387289,0.0063849413,0.0088956774,0.002510811133554552,0.282250695551814,5,1562.4
CR1,0.009866229,0.00830815,0.0064125387,0.009638599,0.010235747,0.00889225274,0.0015653112352309645,0.17603089801864588,5,1513.8
GSTA4,0.009906657,0.00910431,0.0092818905,0.0077044577,0.008402561,0.008879975239999999,0.00084789492870347,0.09548392937900467,5,1504.8
ATP5MC3,0.0049385303,0.011632069,0.010445529,0.010062278,0.0072767623,0.00887103372,0.0027169697572718855,0.30627431289618473,5,1585.4
THRA,0.009553699,0.0075093224,0.009217237,0.009460385,0.008603195,0.00886876768,0.0008454574429116538,0.095329754191019,5,1513.4
SNX5,0.008173415,0.007779347,0.0071347933,0.011610688,0.009617067,0.00886306206,0.0017857026670987717,0.2014769449892323,5,1533.2
NXT1,0.008743721,0.01231184,0.0078198705,0.006724898,0.008699009,0.0088598677,0.0020973297388095532,0.23672246695168522,5,1534.6
ALDH1L2,0.011238189,0.007986024,0.0064163464,0.008338906,0.010281903,0.00885227368,0.0019159924649663458,0.21644071729223197,5,1525.0
NLN,0.006385881,0.009265811,0.011634875,0.009893175,0.0070542847,0.00884680534,0.002139688440493353,0.24186001141213684,5,1560.0
IL1R1,0.009900548,0.0073094247,0.010314431,0.008825627,0.007835671,0.00883714034,0.001289400249934879,0.14590695635992118,5,1533.4
IDUA,0.009395157,0.011330395,0.0067096623,0.007608366,0.009141871,0.00883709026,0.0017788065763580053,0.20128871880029947,5,1524.8
SLC38A3,0.012100448,0.0066758264,0.0078098406,0.0072195632,0.010353733,0.00883188224,0.002307177412391355,0.26123280968829526,5,1549.2
RARS1,0.007581902,0.007131246,0.009208702,0.010145803,0.010069856,0.0088275018,0.0014013813012036375,0.15875174346649665,5,1535.6
SPRED1,0.009084386,0.009293957,0.0068136975,0.0067656445,0.012116238,0.0088147846,0.0022025672740798234,0.24987193380537323,5,1543.4
IL1F10,0.0067275553,0.010808823,0.0035663364,0.011345799,0.011617676,0.00881323794,0.0035405206513997286,0.40172756885759614,5,1633.4
FAN1,0.010634268,0.0054441215,0.011928962,0.011088674,0.004967107,0.0088126265,0.0033296082008715377,0.3778224574559625,5,1623.8
NOTCH4,0.0075159757,0.00886399,0.009270935,0.009270682,0.009077741,0.00879986474,0.0007371014879316402,0.08376282019212493,5,1521.6
IGFBP1,0.015634453,0.007143536,0.0059503163,0.006694995,0.008532432,0.00879114646,0.0039394341199386436,0.44811380834834186,5,1625.6
PANK2,0.011437041,0.007864853,0.011336181,0.006297622,0.0069503235,0.008777204100000002,0.002446492374620408,0.2787325379183569,5,1571.0
MFGE8,0.0071594743,0.012498929,0.006557627,0.008355741,0.009259034,0.00876616106,0.002334737131534612,0.2663351854425787,5,1561.2
PTPN22,0.010716436,0.007876935,0.0063534775,0.010520356,0.008360093,0.0087654595,0.001847797742179254,0.21080443554376746,5,1540.2
RPE65,0.012129712,0.0076763015,0.010826258,0.0056917537,0.0074767703,0.0087601591,0.0026391095666091617,0.3012627438021259,5,1578.2
GRM3,0.009739398,0.009301481,0.0069342926,0.007057968,0.010629026,0.008732433119999999,0.0016562005524328178,0.18966083446314652,5,1539.4
PDE8B,0.0077964454,0.008907047,0.0074644242,0.010293813,0.009174458,0.00872723752,0.0011344126005548036,0.12998530152927515,5,1532.0
RCHY1,0.008549499,0.007410728,0.018914692,0.0030618191,0.0056582023,0.00871898808,0.006063510119328338,0.6954373676960387,5,1835.2
MYO19,0.008569328,0.011438236,0.006179169,0.010375852,0.006991752,0.008710867399999999,0.002213345948294979,0.25409018949077095,5,1567.2
PRCC,0.009272883,0.009548177,0.0054145353,0.014068093,0.0052368953,0.00870811672,0.003628052668583292,0.4166288515920687,5,1636.0
DLL3,0.0113543,0.009487719,0.0072616255,0.0068319915,0.008583882,0.0087039036,0.0018191752163235063,0.20900682037924986,5,1543.2
PDE4D,0.009520097,0.008055745,0.008112778,0.006586376,0.011225967,0.0087001926,0.0017521678561648426,0.20139414570717004,5,1548.0
GTF2A1,0.008975317,0.01103003,0.008948052,0.007560322,0.0069670742,0.00869615904,0.0015706840112840988,0.18061813313893796,5,1550.0
OSBP,0.010874612,0.008315207,0.00903989,0.00945136,0.005780587,0.0086923312,0.0018761495327661653,0.21583962801212236,5,1561.2
CHRM5,0.014754654,0.0077171456,0.0058174776,0.0054255235,0.009711705,0.00868530114,0.0037973160354211983,0.4372117873878577,5,1646.2
PAPSS1,0.012254827,0.008508769,0.0045275055,0.008259297,0.009833955,0.0086768707,0.0028089354256311144,0.3237267815493798,5,1595.4
TACC3,0.007139343,0.01165293,0.009974694,0.009241384,0.0053417953,0.00867002926,0.0024671053314797055,0.2845555946231842,5,1596.6
COL9A1,0.009052906,0.0077899955,0.008547438,0.007952857,0.009974812,0.008663601699999999,0.0008877879976772042,0.10247331634338688,5,1536.4
RAG2,0.005393031,0.010646139,0.0110047525,0.007934914,0.008291292,0.0086540257,0.002279101560697537,0.263357382992003,5,1588.0
TNFSF13B,0.00806875,0.010528956,0.008209964,0.0074772113,0.008845862,0.00862614866,0.0011697125415593265,0.1356007863605873,5,1546.2
CACNG3,0.00909294,0.010173635,0.00966724,0.005387314,0.008805982,0.0086254222,0.0018853956250665803,0.21858589427269778,5,1573.8
AKR1D1,0.010323998,0.008878937,0.0072138533,0.0077800797,0.008921758,0.0086237252,0.0011983698001070849,0.13896196508059938,5,1544.0
GALNT2,0.010609775,0.008190751,0.010029209,0.006386655,0.007867475,0.008616773,0.0017090495134220076,0.1983398557002729,5,1563.0
ECE1,0.016412564,0.008387138,0.0054152063,0.0048499834,0.008004886,0.008613955539999999,0.004627099220475173,0.5371631184986558,5,1693.8
IQCE,0.01576342,0.00710011,0.008416312,0.003397144,0.008368196,0.0086090364,0.004492244226396512,0.5218056955127419,5,1719.6
ADRA1D,0.006476246,0.009493076,0.01312372,0.0073846513,0.006562691,0.008608076860000001,0.002801755372905859,0.3254798276633718,5,1627.0
NAMPT,0.006969732,0.010342421,0.0089405365,0.008521772,0.008255582,0.0086060087,0.001218024287240078,0.14153184474936423,5,1558.0
DLK1,0.00939932,0.009501721,0.007037672,0.007654343,0.009368321,0.0085922754,0.0011594360673716768,0.13493935114925168,5,1549.6
RRAGD,0.010071848,0.0129908165,0.0044393293,0.00939111,0.0060452824,0.00858767724,0.0033877892696194374,0.39449424738969785,5,1651.6
IL4R,0.010153665,0.008422264,0.008826303,0.009376066,0.0060774824,0.00857115608,0.001537684272354937,0.17940220175700466,5,1575.2
PDP2,0.006109842,0.009168527,0.0096642235,0.009409359,0.008483702,0.0085671307,0.0014422089597140387,0.16834212179277697,5,1578.2
NTRK3,0.01033077,0.006560807,0.008259025,0.010576333,0.0070873466,0.008562856320000001,0.0018342063001046834,0.21420496053642568,5,1581.0
CD109,0.006438688,0.00793582,0.007719278,0.011003078,0.009651495,0.0085496718,0.001785765721305625,0.20886950552951342,5,1583.8
PIM1,0.0068741203,0.009093419,0.008525915,0.0088865645,0.009365404,0.00854908456,0.0009852172630164342,0.11524242813390001,5,1566.8
REL,0.011369732,0.007986827,0.006297894,0.007325183,0.009755822,0.0085470916,0.0020183021887349526,0.2361390614715013,5,1580.2
CXCR6,0.007707287,0.005191982,0.006353095,0.016253188,0.007216243,0.008544358999999998,0.004413918204433165,0.5165885708258707,5,1699.4
GPR39,0.01063121,0.009037657,0.0066710683,0.009134589,0.0072228597,0.0085394768,0.001597037940464141,0.18701824220239593,5,1572.2
STIM1,0.008413611,0.010057212,0.007256235,0.008061378,0.008907277,0.008539142599999999,0.00104042380132199,0.12184171761249077,5,1556.8
RNF34,0.005023415,0.0073013892,0.024385411,0.0028419972,0.0030912333,0.00852868914,0.009043412399601845,1.0603519780299842,5,2124.4
DEFB124,0.0073422696,0.006858641,0.010845929,0.008208004,0.009363517,0.00852367212,0.0016098061487322542,0.18886298370804228,5,1590.8
MRPS5,0.010530117,0.0059012882,0.007280604,0.011834821,0.007046989,0.008518763839999999,0.0025294325607568844,0.2969248365449329,5,1609.8
TUFM,0.0068703433,0.0053680087,0.0095189465,0.009366751,0.0114689935,0.0085186086,0.0024014501208679245,0.2819063809162361,5,1615.4
WNT3,0.0071987133,0.007722019,0.01576513,0.0073513486,0.0045451503,0.00851647224,0.0042438071039962695,0.49830575200656907,5,1719.2
PTPRS,0.0068019764,0.008953394,0.009842763,0.009084783,0.007893378,0.00851525888,0.0011832856777254477,0.13896062285371735,5,1576.6
STK38,0.010992557,0.0074568475,0.005926147,0.0062353257,0.011962423,0.00851466004,0.00278575729983158,0.32717187612244114,5,1620.4
GPX4,0.008444723,0.009323348,0.0075476905,0.008947221,0.008284061,0.0085094087,0.0006771344984578028,0.07957480035690409,5,1560.8
E2F6,0.008784267,0.006495188,0.011055183,0.008886064,0.007309039,0.008505948199999998,0.0017461597619005827,0.20528690286411372,5,1596.0
CEBPG,0.006192878,0.008505978,0.008582157,0.007944964,0.011267409,0.0084986772,0.0018231981665191256,0.2145272874370526,5,1592.0
SLC35D2,0.017393421,0.011475992,0.0036044396,0.0054279743,0.004575178,0.00849540098,0.005847166856170021,0.6882743816254829,5,1827.0
COL4A2,0.008470842,0.0068096495,0.012977143,0.0070998194,0.006989467,0.008469384180000001,0.0026048259758953787,0.30755789565509806,5,1640.2
MYLK4,0.00754147,0.0063738106,0.012654893,0.008404118,0.0073284074,0.0084605398,0.0024533973388140744,0.28998118285715935,5,1630.2
RLN2,0.007206788,0.0091634905,0.008910942,0.010285834,0.0066317767,0.00843976624,0.0014952266628256111,0.1771644640747314,5,1595.4
NRG3,0.007864777,0.0078680385,0.007924905,0.0092344275,0.009282046,0.0084348388,0.0007522246415103171,0.08918067782283132,5,1575.4
NRP1,0.008679109,0.010051192,0.008176742,0.008199379,0.0070649176,0.008434267919999999,0.00108062520538276,0.1281231774509198,5,1573.8
NMT1,0.008575492,0.0060834074,0.011670759,0.010548985,0.0052717417,0.00843007702,0.002761108316356099,0.3275306156522042,5,1652.8
CYP2F1,0.012902143,0.0072785052,0.0048585944,0.01163002,0.005419986,0.008417849719999999,0.003653098526616241,0.4339705088743544,5,1694.4
RIT1,0.01005994,0.009904716,0.004977117,0.009240826,0.00789751,0.008416021799999998,0.002103205895053121,0.24990499609365574,5,1611.2
NEIL3,0.008479571,0.00781271,0.0108844815,0.008644318,0.0061988574,0.00840398758,0.001690305441234714,0.20113135879178848,5,1613.4
SLC39A6,0.005997592,0.008350513,0.008329941,0.010607097,0.008674697,0.008391968000000001,0.0016374778219270631,0.1951244120481707,5,1605.0
HCRTR1,0.006753806,0.007205846,0.0076574823,0.00998857,0.0103482185,0.00839078456,0.0016587628178205266,0.1976886435301977,5,1609.6
CXCL11,0.0067879898,0.008567169,0.0058245542,0.015488426,0.0052623716,0.00838610212,0.0041638015324587324,0.4965121426948152,5,1718.8
KCNA4,0.007515218,0.008908745,0.005891293,0.013341054,0.006255832,0.0083824284,0.0030143489642004456,0.35960330591078427,5,1662.8
RPTOR,0.010341282,0.0066441153,0.0062710675,0.007606342,0.010980431,0.008368647560000001,0.0021603045365196534,0.25814261157864477,5,1622.2
DDX17,0.0059873774,0.010500708,0.008418553,0.009260444,0.0076682335,0.00836706318,0.001695913326367495,0.2026891980953698,5,1614.8
HSPA4L,0.006465044,0.0069523817,0.007928646,0.010724632,0.009756986,0.008365537939999999,0.0018235415288299355,0.21798257827636314,5,1620.0
CISH,0.009148175,0.007852814,0.008532258,0.009601859,0.006677438,0.0083625088,0.0011490569477970623,0.1374057684455964,5,1594.6
C7,0.010147263,0.009654416,0.008027462,0.0072084605,0.0067502283,0.00835756596,0.0014914574966368077,0.17845596478389117,5,1599.8
NUBPL,0.006689328,0.008607688,0.007936198,0.00825282,0.010300639,0.0083573346,0.0013047637881113963,0.15612199948430883,5,1596.6
VAC14,0.008777087,0.0067048753,0.0095275305,0.007573095,0.009179617,0.00835244096,0.0011797491912303576,0.14124603776072156,5,1599.6
MCOLN2,0.0069291927,0.007824064,0.0070502656,0.008704088,0.011210596,0.008343641260000001,0.0017530542767881369,0.21010662157688892,5,1613.8
BABAM2,0.0062180627,0.008212749,0.009181179,0.008464277,0.009638615,0.00834297654,0.0013160731575576862,0.15774623735879356,5,1609.4
CDK2,0.010674552,0.012127509,0.00641358,0.006647868,0.005847512,0.0083422042,0.002854042498162247,0.3421209107015442,5,1648.2
ITGB8,0.006750217,0.0072768307,0.010990167,0.008903285,0.0077742785,0.00833895564,0.0016821451653163508,0.20172132314117344,5,1625.2
MTHFD1L,0.009313356,0.008851965,0.0052432464,0.010332539,0.007942356,0.00833669248,0.0019318184853841863,0.23172481053111682,5,1616.6
MYLIP,0.0074277795,0.01086295,0.008303711,0.008108297,0.006971121,0.008334771699999998,0.0015104733658597557,0.18122552365288613,5,1604.6
GLRA3,0.008313957,0.010247311,0.0090639405,0.007478689,0.0065175192,0.008324283339999999,0.0014339335038794608,0.17225909370349005,5,1608.6
GPX6,0.008504165,0.009430505,0.0074143866,0.0076265703,0.00861196,0.00831751738,0.0008144520099338772,0.09792008513168592,5,1587.6
CACNG2,0.009455124,0.010001994,0.009201016,0.00756777,0.0053099045,0.0083071617,0.001905223102811965,0.22934705879289255,5,1621.6
PTCH1,0.0108921705,0.008771886,0.004056441,0.012480001,0.0053010625,0.0083003122,0.0035852423658000545,0.4319406643282712,5,1712.4
HLA-C,0.007912079,0.0077127386,0.009621336,0.009259503,0.006978264,0.008296784120000001,0.0011077982476912355,0.1335214019876457,5,1612.2
MYO10,0.00848458,0.007748974,0.0066313962,0.008983706,0.009634313,0.00829659384,0.0011586333692356818,0.13965169219802157,5,1606.8
SAMHD1,0.007402242,0.010287737,0.008124098,0.008969631,0.0066878367,0.00829430894,0.001399582398659085,0.16874008537462135,5,1612.4
SLC1A1,0.012721398,0.005480806,0.007120214,0.007377755,0.008752524,0.0082905394,0.0027360270642701615,0.33001797980360137,5,1654.0
CH25H,0.005594162,0.0072381124,0.0064482423,0.0052804532,0.016890768,0.00829034758,0.004868178894564733,0.5872104694752416,5,1780.2
SMARCA2,0.00900982,0.008989191,0.0069437367,0.007354088,0.009150131,0.008289393340000001,0.0010529943647203334,0.12702912282364118,5,1599.4
TLL2,0.012586803,0.0065785265,0.007439976,0.005962323,0.008862421,0.0082860099,0.002639122239290329,0.3185033895856592,5,1650.2
CFB,0.009074473,0.008423913,0.007149547,0.008104895,0.008639651,0.008278495799999999,0.00072281075916259,0.08731184705832552,5,1592.6
ATIC,0.009482107,0.010624344,0.0062811845,0.008176997,0.0068206186,0.00827705022,0.001808081415167053,0.21844514254584926,5,1618.8
NPFFR2,0.0075768153,0.008979946,0.00947426,0.005724193,0.009613109,0.00827366466,0.0016370536351396304,0.1978631842615229,5,1624.8
GNA12,0.012994956,0.008685331,0.0072104363,0.006731849,0.005743793,0.00827327306,0.0028446423772108802,0.3438351854919775,5,1659.6
CRNKL1,0.012788241,0.008501267,0.006887238,0.006934653,0.0062415125,0.008270582299999999,0.002658849768260366,0.3214827773686946,5,1653.0
POLD3,0.007757318,0.006976352,0.0074516404,0.012832708,0.006274769,0.008258557480000001,0.0026174738201291243,0.31694080067468683,5,1665.2
RAB23,0.008382986,0.010193024,0.004462822,0.008605171,0.009537532,0.008236307000000002,0.0022315181123775357,0.27093673322006273,5,1651.6
YAF2,0.010398175,0.010552179,0.00593994,0.010075149,0.0042127026,0.00823562912,0.002953005576508191,0.35856466257530917,5,1685.6
CDC5L,0.005697902,0.005991024,0.009121903,0.011425005,0.008926657,0.0082324982,0.002393396200603172,0.29072538401565295,5,1669.2
DEFA5,0.008013388,0.013123866,0.0075018886,0.006267662,0.0062078573,0.00822293238,0.0028489723219283355,0.3464667092310852,5,1672.0
NOTCH2,0.011783191,0.0075724656,0.0049382364,0.00953458,0.0072757853,0.00822085166,0.0025741630473525585,0.3131260791236024,5,1662.4
DPYSL4,0.006243768,0.008734583,0.0069090035,0.009709688,0.00950432,0.0082202725,0.0015618617282899916,0.19000121082238958,5,1635.8
ENTPD5,0.0096173715,0.013190989,0.0032850953,0.0064443913,0.008497,0.008206969419999998,0.0036825714324590954,0.44871270306976435,5,1735.6
TACR1,0.0068672393,0.0081988005,0.009644317,0.008487556,0.007825288,0.00820464016,0.0010106055114892272,0.12317487321579587,5,1619.2
SLC1A7,0.008484297,0.0060457843,0.0069106324,0.007859125,0.011679288,0.00819582534,0.002156704226818299,0.26314667984594936,5,1644.6
TERF2IP,0.011453125,0.00834657,0.0051077656,0.0074758837,0.008546429,0.00818595466,0.002280876461207208,0.27863292138087753,5,1646.2
PIK3R5,0.008883129,0.0070184115,0.0037124334,0.008012212,0.013290373,0.008183311779999999,0.003462182827785383,0.4230784456052319,5,1726.0
DCTPP1,0.010411987,0.0050864317,0.0074194893,0.0069777495,0.01093702,0.008166535499999999,0.0024584530909241174,0.3010399074275888,5,1669.2
RBPJ,0.00903603,0.008025328,0.00718712,0.007409067,0.009171222,0.0081657534,0.0009108190542856468,0.11154133729848453,5,1615.2
CAMK1G,0.00997407,0.010877773,0.009310589,0.0042732605,0.006384813,0.008164101100000001,0.002750406507321836,0.33689030471729897,5,1697.6
TRIM27,0.008518264,0.006876588,0.00849058,0.010084511,0.0068502706,0.00816404272,0.0013512803710056223,0.16551608282197014,5,1641.4
FERMT2,0.0058961282,0.008905231,0.007846146,0.009312414,0.008850253,0.00816203444,0.0013769055559647758,0.16869636682944159,5,1639.4
GCH1,0.0075597055,0.0061141774,0.008550914,0.0119355265,0.0066456436,0.008161193399999999,0.0023046922728534943,0.2823964780510525,5,1669.2
TRIM33,0.007455618,0.00897109,0.0062155155,0.0098266285,0.00827764,0.0081492984,0.001389780384284123,0.17053988160307432,5,1636.4
FGF1,0.0092348205,0.013148661,0.0045420947,0.004633011,0.009167688,0.00814525504,0.0036257832216690556,0.4451405393524738,5,1738.4
ITGB3,0.008643228,0.010538125,0.007179325,0.010526345,0.0038242668,0.00814225796,0.002794964597804614,0.3432665252728758,5,1692.2
SLC36A1,0.0100262975,0.009878619,0.004142585,0.009584324,0.0070139132,0.00812914774,0.0025452797198081663,0.31310535879228174,5,1684.6
NET1,0.009951186,0.0072845444,0.008774623,0.0068321745,0.0077678417,0.00812207392,0.001251224198463716,0.1540523037327535,5,1640.8
CPSF6,0.0075860126,0.0069070514,0.009596835,0.008376428,0.008113384,0.0081159422,0.001000393076340685,0.1232627157375129,5,1638.2
KDM3A,0.009294557,0.009200807,0.004778547,0.0068295137,0.010456297,0.00811194434,0.0022823425555289407,0.2813557958324133,5,1664.0
UCK2,0.008045417,0.0072904546,0.009159739,0.00742672,0.008445923,0.00807365072,0.0007666301364115499,0.09495458287692063,5,1641.4
CCL2,0.007927607,0.0076447083,0.0069980086,0.010539439,0.0072579053,0.00807353364,0.0014237168522605443,0.17634370719740314,5,1648.8
QKI,0.006641828,0.010533038,0.011041015,0.004974339,0.0071216347,0.008062370939999999,0.0026179851192107482,0.3247165304962697,5,1706.6
CACNA2D1,0.005785355,0.010107855,0.009285279,0.009468226,0.0056300764,0.00805535828,0.0021654416435210842,0.26882002863826493,5,1690.0
SAR1B,0.0076241954,0.007425534,0.0093262475,0.008185992,0.007702871,0.00805296798,0.0007646932957029258,0.09495794564216381,5,1643.0
RMI2,0.007883942,0.0067665586,0.008306254,0.008574076,0.008652553,0.00803667672,0.0007709249998782581,0.09592584431817958,5,1648.0
MIA3,0.006450136,0.009143311,0.0048795445,0.013058376,0.0066515463,0.00803658276,0.003195515789175155,0.3976212134689888,5,1732.4
SLC1A5,0.008475589,0.0068874857,0.008643148,0.0074110986,0.008756658,0.00803479586,0.0008352835960094261,0.10395828476088079,5,1648.2
MCM7,0.010151589,0.008087576,0.004008957,0.009053942,0.008820823,0.0080245774,0.0023636281910595206,0.2945486189789285,5,1698.2
PHIP,0.007205253,0.0075231236,0.006105403,0.0078914985,0.011375857,0.00802022702,0.0019908960975874536,0.24823438197232647,5,1673.4
ALPL,0.008266409,0.008657204,0.004236443,0.0069286693,0.012005272,0.00801879946,0.0028220311085019527,0.35192688414007955,5,1710.8
FANCI,0.00767357,0.008011286,0.006394982,0.008074409,0.00992651,0.008016151400000001,0.001264756877802133,0.1577760716697707,5,1648.4
GLO1,0.0100084385,0.008483145,0.004875605,0.009148111,0.0074941004,0.00800187998,0.001975042658862677,0.2468223297274045,5,1676.2
LEMD2,0.008934075,0.007194379,0.007949232,0.0073652887,0.008543306,0.00799725614,0.0007453356443970717,0.09319892114860681,5,1650.0
CETP,0.009740758,0.0077518933,0.005343056,0.006616423,0.01048687,0.00798780006,0.002135954721397078,0.267402126411897,5,1681.8
TFAP2C,0.008714514,0.006334958,0.007364387,0.00814929,0.009375806,0.007987791,0.0011833515283993174,0.14814502888211742,5,1654.4
UBA7,0.015712349,0.008657003,0.004025818,0.0042403094,0.0073017646,0.0079874488,0.00475205537181987,0.5949403233507888,5,1834.4
THRB,0.010980485,0.0076146508,0.006814482,0.007096316,0.007382788,0.00797774436,0.001705312040854297,0.21375867211346652,5,1662.2
GUCA1B,0.006737579,0.005777642,0.009909539,0.009998015,0.007452821,0.0079751192,0.0019017948483701392,0.23846600918142252,5,1690.8
CLDN24,0.009471613,0.004987524,0.009186872,0.0066857086,0.009539464,0.00797423632,0.002045929744156874,0.2565674833369967,5,1694.2
SCN2B,0.0077625522,0.008078477,0.008477615,0.008472473,0.007066547,0.00797153284,0.0005876158456901311,0.0737142852553476,5,1649.2
ARHGAP40,0.0062533366,0.0093274275,0.010464802,0.007359247,0.0064166677,0.00796429616,0.0018573689360314484,0.233211937215485,5,1692.2
ARNTL,0.0050675333,0.010953116,0.0072774542,0.008824885,0.0076861354,0.00796182478,0.002157196502547372,0.27094247388691867,5,1697.4
CTBP2,0.008517978,0.005993047,0.008857849,0.007757997,0.008660443,0.007957462799999999,0.0011744966795219987,0.1475968796890887,5,1665.4
NPHS1,0.008463262,0.012470189,0.0064161373,0.0068768985,0.0055427686,0.00795385108,0.002738362510113419,0.3442813402678668,5,1712.6
LMBRD1,0.0070257853,0.008886507,0.005963004,0.008191882,0.009697912,0.00795301806,0.0014826520997016015,0.186426346390266,5,1670.8
STAB2,0.01186767,0.0076511637,0.0063312785,0.0050428603,0.00886765,0.007952124500000001,0.0026149197333749452,0.3288328462884283,5,1709.4
SLC27A3,0.009255282,0.006187651,0.0086337095,0.0077534956,0.007921925,0.00795041262,0.0011528763063836562,0.14500836138787174,5,1660.0
LIFR,0.009570205,0.0075080483,0.004418629,0.0092175435,0.008826356,0.00790815636,0.0021010044382916526,0.26567563192334914,5,1705.8
SEMA5A,0.006546745,0.0076610716,0.009676194,0.007481949,0.008167851,0.007906762119999999,0.0011499492561038392,0.14543870659711203,5,1675.8
SLC25A2,0.0077870903,0.01002784,0.0067146462,0.00771355,0.0072846864,0.00790556258,0.0012608266152104545,0.15948600778901864,5,1664.4
CRLF1,0.0068027717,0.009101788,0.0069851307,0.009651228,0.0069517205,0.007898527780000001,0.0013648454909158203,0.17279745402323826,5,1678.8
KRT1,0.0059560183,0.009301385,0.008748261,0.010041104,0.005433112,0.00789597606,0.002069557517633617,0.2621028105844608,5,1713.8
DICER1,0.006086489,0.0062217657,0.008169979,0.009122164,0.009865373,0.00789315414,0.0016981109148321107,0.21513717896710308,5,1700.4
ACTN1,0.008115598,0.0067933234,0.0060936958,0.008201493,0.010215834,0.00788398884,0.0015800833693124766,0.20041674352655178,5,1688.6
MMP24,0.009482269,0.007006903,0.007302856,0.009630418,0.0059488574,0.00787426068,0.0016167691342453972,0.20532329318889114,5,1691.2
TRIM3,0.006300463,0.008679416,0.0071596857,0.009326825,0.00787818,0.00786891394,0.001198493549795208,0.15230736527729874,5,1683.4
GALNT14,0.0061956663,0.009715077,0.0085707065,0.0076785833,0.007147875,0.007861581619999999,0.0013468892490737417,0.17132548056834165,5,1687.0
PDCD6IP,0.0078274235,0.008815437,0.008253848,0.006641305,0.0077635795,0.007860318600000001,0.0008005546896903265,0.10184761336395785,5,1668.6
CYB5R2,0.008629531,0.009015819,0.009397756,0.0063868994,0.005824689,0.00785093888,0.001628257869720049,0.2073965795184039,5,1695.2
FXYD4,0.013409515,0.008613241,0.004630786,0.0059807408,0.006614672,0.007849790960000002,0.003423238512103051,0.4360929519711758,5,1766.2
DOK4,0.008265985,0.008141825,0.008231355,0.0056614215,0.008899018,0.0078399209,0.0012543368427756156,0.15999355845230728,5,1683.0
HEY1,0.009241952,0.0061522783,0.0034709955,0.005015824,0.015317875,0.00783978496,0.0046849935600640135,0.5975921002894464,5,1868.2
PLRG1,0.0076749325,0.009586683,0.007079556,0.0081625935,0.00668788,0.007838329000000002,0.001127813920668931,0.14388448362768783,5,1676.2
ACER3,0.007515527,0.008226286,0.0061322753,0.010034913,0.007272253,0.007836250860000001,0.0014414170723492375,0.1839421807827675,5,1688.6
HSD17B12,0.008670101,0.0071838056,0.00848127,0.0065120347,0.008294705,0.007828383259999998,0.0009354757754052631,0.1194979530684428,5,1685.2
ESD,0.004787909,0.0092224255,0.00784455,0.0075951,0.009683459,0.0078266887,0.0019159730934288851,0.24479996162730797,5,1712.0
SLC23A2,0.0050446284,0.011589618,0.005335423,0.006789135,0.01036389,0.007824538879999999,0.002984115707630415,0.38137911427061827,5,1760.4
SALL4,0.00673762,0.007026133,0.005664252,0.009355849,0.010295328,0.0078158364,0.0019322923496557913,0.24722783983244473,5,1720.0
MVB12B,0.008000365,0.008041798,0.009592338,0.0060318033,0.007379336,0.007809128059999999,0.0012858994007758804,0.16466619459892434,5,1690.6
SOCS1,0.0073707215,0.0075486996,0.006249943,0.010880141,0.0069943774,0.0078087765000000005,0.0017878772219871474,0.2289574073463554,5,1708.6
SULT1B1,0.00931176,0.007847159,0.0073740724,0.0060659777,0.008441843,0.0078081624200000005,0.001213210537928987,0.15537721587622752,5,1681.8
CHST3,0.0065468475,0.006798798,0.01528902,0.0063684955,0.004021387,0.0078049096,0.004329700278595757,0.554740605656183,5,1858.2
PPFIA2,0.0076093078,0.010193608,0.009850429,0.006665346,0.0046746777,0.0077986737,0.00229265415185548,0.2939800073768287,5,1727.4
H4-16,0.0063887425,0.006339062,0.0058725197,0.0071975198,0.0131941,0.0077983888,0.0030537048031695525,0.3915815024726072,5,1767.0
ZNF274,0.009242699,0.0120101515,0.004085967,0.0059904708,0.0076028714,0.0077864319400000005,0.00303780892799284,0.39014133192215894,5,1766.8
CDH2,0.0040769097,0.006130363,0.0035373953,0.020768771,0.0044002063,0.007782729059999998,0.007324018960726812,0.9410605077297672,5,2076.2
TNFRSF8,0.0062874276,0.0071743997,0.004719939,0.008312369,0.012365581,0.00777194326,0.002883970471448508,0.3710745659057356,5,1768.8
RPL30,0.008694288,0.010067708,0.005142266,0.009496218,0.0053890767,0.00775791134,0.002328446370461853,0.3001383063578364,5,1733.6
GALNT16,0.00359137,0.003163123,0.003154127,0.0019477357,0.026930595,0.007757390140000001,0.010735652229981086,1.3839257838308343,5,2489.0
SEC61G,0.0044806,0.008868786,0.005037243,0.0062467735,0.014137695,0.007754219500000001,0.003948479369240487,0.5092039720103985,5,1834.8
DAP3,0.006925533,0.012946109,0.0072843027,0.006844491,0.004765914,0.007753269940000002,0.0030667911116970567,0.39554808944225356,5,1765.4
SDHC,0.008203507,0.006428111,0.007320139,0.009143835,0.007621598,0.007743438,0.001012038461262713,0.13069626970122483,5,1699.4
CPLX1,0.007435685,0.0050894134,0.009222356,0.010390246,0.0065324977,0.007734039619999999,0.0021093413834911315,0.27273475274634446,5,1742.4
FCGR2B,0.008992786,0.0070796805,0.007739506,0.008618839,0.00623341,0.007732844300000001,0.0011233221091611254,0.14526635550661807,5,1708.4
GALM,0.0052311504,0.0072527323,0.017758356,0.0036119488,0.004799388,0.0077307151000000005,0.005757316815738578,0.7447327629158883,5,1985.6
LCN9,0.006853337,0.009756318,0.0040358645,0.0061193286,0.0118197715,0.00771692392,0.0030757429227221927,0.3985711087225793,5,1783.0
PEAK1,0.010436556,0.005381988,0.006115364,0.010146582,0.006462344,0.007708566800000001,0.002392184071749329,0.31032799401171807,5,1747.0
SMC6,0.0065205093,0.0076007424,0.010547011,0.007381928,0.0064333957,0.007696717280000001,0.0016742105890071557,0.21752268247628234,5,1733.8
KDSR,0.011646568,0.0068697943,0.0078076185,0.006465581,0.005688176,0.007695547559999999,0.0023370574007662913,0.3036895532832353,5,1742.8
AHR,0.007027768,0.0061500478,0.006997955,0.0074864374,0.010798316,0.00769210484,0.0018022190639841397,0.23429465685547515,5,1723.6
CD209,0.010494281,0.0068458687,0.0039149444,0.003298347,0.013878828,0.0076864538199999995,0.004483741171463906,0.5833302686080414,5,1908.0
MAP3K9,0.0050631743,0.005861878,0.0067024105,0.015432129,0.0053254105,0.00767700046,0.0043803132405549755,0.5705761336576728,5,1864.8
HPGDS,0.009154124,0.0063860137,0.003953793,0.009012196,0.009875198,0.007676264939999999,0.0024660510643063874,0.3212566376462754,5,1767.0
KRT38,0.0070714056,0.008958602,0.009937122,0.005071031,0.007317852,0.007671202520000001,0.0018733188049283418,0.24420145342849606,5,1742.0
SCN11A,0.0063276505,0.009531336,0.012781787,0.0018103233,0.007894616,0.00766914256,0.004055339070853921,0.5287865024188467,5,1943.4
DEFB136,0.011284471,0.0050887177,0.007351338,0.005697403,0.008907117,0.00766580934,0.0025124924865718564,0.32775306234942914,5,1752.2
IFT74,0.008795691,0.007362369,0.007902073,0.005732126,0.008462418,0.0076509354,0.0012038624888982546,0.1573484059084141,5,1716.2
ELF2,0.008752695,0.0063989097,0.009485377,0.005890089,0.00770903,0.007647220139999999,0.0015207321069653416,0.19886077282003572,5,1728.8
SLC2A10,0.0052330284,0.00954777,0.0056359735,0.010293244,0.0075229327,0.007646589719999999,0.0022639794733513878,0.2960770168471113,5,1760.0
BRD4,0.008883475,0.006547128,0.006349473,0.00780595,0.008620752,0.007641355600000001,0.0011614068969880023,0.1519896413390318,5,1713.4
CD36,0.0069505493,0.009749822,0.0042020297,0.010993679,0.0062996545,0.0076391469,0.0027290115508462843,0.3572403550514632,5,1781.2
SLC1A2,0.006323161,0.008268364,0.008594721,0.0069880863,0.008003278,0.007635522060000001,0.0009483222782968447,0.12419874775358118,5,1715.6
ELOVL4,0.009279537,0.008069885,0.0073473137,0.007847339,0.0055947076,0.00762775646,0.0013401500754450777,0.17569387309005374,5,1714.8
IGF2R,0.009560327,0.007122257,0.0074748364,0.0065053157,0.0074442886,0.00762140494,0.0011518544989730032,0.15113414233216207,5,1717.6
OTUB1,0.0041193594,0.007531814,0.0051285145,0.009971407,0.01134295,0.00761880898,0.0030764925591970963,0.40380229603775897,5,1819.6
GRIP1,0.008208073,0.0071158726,0.00814728,0.008087149,0.0065280013,0.007617275180000001,0.0007564143561802432,0.09930248524646883,5,1721.0
ASB13,0.008923955,0.0066359243,0.0061959964,0.006857121,0.009464033,0.00761540594,0.0014729923985684749,0.19342270263382372,5,1731.4
PTPRB,0.008717364,0.008783907,0.0045490894,0.005844752,0.010117931,0.00760260868,0.002311873245797964,0.30408947022089317,5,1759.2
SOAT1,0.011519284,0.0050869198,0.00460616,0.0060165813,0.010773983,0.00760058562,0.0032871270989624367,0.43248339842561195,5,1812.2
KIR2DL4,0.0048127947,0.007017525,0.0094092665,0.010296115,0.0064565167,0.00759844358,0.0022337084532444663,0.2939692095791631,5,1782.6
PLEKHG3,0.007769768,0.0043909657,0.0071665547,0.011678807,0.0069822297,0.00759766502,0.002623588981083244,0.34531516909168025,5,1789.4
ARID3A,0.0033628577,0.008248752,0.0089097265,0.010646809,0.006816149,0.00759685884,0.0027380218986983473,0.3604150026168378,5,1814.8
DEFB115,0.008344089,0.008980631,0.0075521288,0.005621561,0.007429539,0.0075855897600000015,0.00126534003374875,0.1668083924629151,5,1725.8
EVC2,0.0075722327,0.008842296,0.005643991,0.0066092755,0.0092574945,0.007585057940000001,0.0015081236943045792,0.19882823654535975,5,1738.0
GABRA6,0.008585109,0.009649808,0.006374989,0.006236969,0.0070658443,0.007582543860000001,0.001484457540951491,0.19577302398241464,5,1728.4
HSD17B4,0.01038911,0.012943216,0.003555114,0.006772632,0.004217995,0.0075756134,0.004025224113757618,0.5313396950480099,5,1872.0
BCL3,0.009001503,0.006180134,0.010596003,0.0071078185,0.004933973,0.0075638863,0.0022527586249977377,0.29783084193078596,5,1775.4
ALDOA,0.018010156,0.008966856,0.004110629,0.00055249006,0.006175992,0.007563224612,0.006597419689495338,0.8723024937045646,5,2267.2
HPSE,0.009118837,0.005249069,0.004483668,0.012554656,0.006378496,0.0075569452,0.003300632024888976,0.43676802431873873,5,1827.0
BATF3,0.006480965,0.0075741974,0.005922961,0.009168372,0.008636605,0.00755662008,0.0013775246351722468,0.18229375310505844,5,1749.4
MCOLN3,0.004574502,0.009079798,0.0072562727,0.0065303496,0.010302281,0.00754864066,0.002230183534920852,0.2954417404895853,5,1778.0
PPA2,0.010021968,0.0073368354,0.0055178897,0.007476425,0.007355125,0.007541648619999999,0.0016069052577543056,0.21307082028362995,5,1748.8
CHERP,0.010360841,0.008299073,0.0071280543,0.006540571,0.005300179,0.0075257436600000005,0.0019181811207684167,0.25488260129875545,5,1754.8
CD46,0.007822975,0.009969904,0.004680559,0.0056273746,0.0094618555,0.007512533619999999,0.002318879233906753,0.308668067419145,5,1778.6
DYNC2I1,0.0064864056,0.0071206107,0.008822835,0.00559521,0.009533739,0.00751176006,0.0016343829152814702,0.21757656025044417,5,1771.2
HFE,0.0038873015,0.011168363,0.008946077,0.0077801114,0.0057446603,0.00750530264,0.0028177630982062466,0.37543630595104777,5,1825.0
SDCBP,0.008500001,0.009374099,0.007554472,0.0077941353,0.0042911726,0.007502775980000001,0.0019299136371841907,0.2572266108342729,5,1757.2
FANCF,0.009120601,0.0066721006,0.007829501,0.00851499,0.0052767517,0.007482788860000001,0.001532309736441588,0.20477789299023302,5,1759.2
ZNF154,0.008265503,0.0074633844,0.0060131317,0.0067894235,0.008868841,0.00748005672,0.0011374059148194092,0.1520584612384342,5,1748.6
ITGAX,0.005585203,0.0064101415,0.008414558,0.006922741,0.01006595,0.0074797187000000005,0.0017752412608239903,0.23734064501971047,5,1771.8
TNFRSF11B,0.015398675,0.003049659,0.0021143025,0.0034446537,0.013379939,0.007477445840000001,0.006368228013729377,0.8516581931845028,5,2172.2
LCE1F,0.0062048263,0.010579873,0.007231539,0.007381959,0.0059589418,0.007471427819999999,0.0018452558172202145,0.2469749908151043,5,1770.8
PRDM9,0.008462095,0.006739465,0.008810122,0.0064480808,0.0068951286,0.00747097828,0.0010826647730070706,0.14491606486199965,5,1757.8
RHOJ,0.0050611235,0.0060557695,0.0064189984,0.013889564,0.0059034475,0.007465780579999999,0.003625332327194696,0.4855932060080309,5,1860.6
RUNX1,0.008237094,0.0077110874,0.0076129916,0.007309476,0.0063944105,0.007453011900000001,0.0006797464024037789,0.0912042556115842,5,1745.8
NRBF2,0.006368038,0.006881352,0.0072683464,0.00798291,0.008750119,0.007450153079999999,0.0009355884128229849,0.12557975692265708,5,1752.2
FRS3,0.013801429,0.00785692,0.003336261,0.008902096,0.0033470765,0.007448756499999999,0.004369543428585217,0.5866138097795541,5,1929.8
NTRK2,0.0097645875,0.0052530174,0.0060720267,0.0097436365,0.0063824453,0.007443142679999999,0.002149596739670509,0.28880230194250545,5,1789.2
GALNT12,0.0074249106,0.005967306,0.008402387,0.008647827,0.0067648375,0.007441453620000001,0.0011191429693829438,0.15039305847114098,5,1760.0
SLC2A7,0.009039714,0.0040667364,0.006127317,0.010002328,0.00786304,0.007419827080000001,0.0023666211010133905,0.3189590640720687,5,1812.4
CTH,0.0078050443,0.0076934625,0.007445101,0.0072527365,0.006898624,0.0074189936599999996,0.0003617581582621918,0.048761082006665554,5,1746.4
ACOX2,0.007116328,0.0091549875,0.00477317,0.009216136,0.006832409,0.0074186061,0.0018492880627846487,0.24927702561059936,5,1782.8
IL12RB1,0.0069574467,0.008024243,0.009581642,0.0059677027,0.0065591214,0.0074180311600000005,0.0014232024912520715,0.19185717349454642,5,1769.6
ACER2,0.00968162,0.008213193,0.0065435464,0.0053168656,0.0073273247,0.0074165099400000005,0.0016540823124697721,0.22302704720298291,5,1766.2
TOM1,0.0066555073,0.0021080496,0.008804803,0.009221976,0.010281023,0.00741427178,0.0032462036110588325,0.4378317530543549,5,1931.4
MIA2,0.005066961,0.011459936,0.0041979193,0.010905986,0.005345813,0.0073953230599999985,0.003488946288037968,0.47177740035578225,5,1876.2
GNRHR,0.0052876007,0.008525065,0.0055553215,0.009827327,0.0077629834,0.007391659520000001,0.0019464176273862163,0.2633262019333672,5,1795.4
SCN1A,0.004632391,0.009690182,0.005496825,0.010376428,0.006701573,0.007379479800000001,0.002543201072030228,0.34463148364878343,5,1826.4
RPS6KA1,0.013030159,0.00784054,0.0032820231,0.002636182,0.0100981165,0.00737740412,0.004439080460003682,0.6017130670623587,5,1978.0
HEYL,0.0077641066,0.006714157,0.0058101546,0.0053414516,0.011248653,0.007375704559999999,0.0023546423677621043,0.31924304296728834,5,1816.0
RCN1,0.009121796,0.0063469755,0.0066643637,0.008116225,0.006629,0.0073756720400000005,0.001195728107841633,0.16211785195395334,5,1764.8
ARHGEF10L,0.006955005,0.0073635797,0.008143149,0.008823388,0.0055668014,0.007370384620000001,0.0012383338177165042,0.1680148162629407,5,1779.4
RHPN2,0.0057846485,0.008933112,0.0063739056,0.007905332,0.007844633,0.007368326219999999,0.001270895883227966,0.17248094686393597,5,1770.8
HIF3A,0.0069501386,0.0073318826,0.007585439,0.008896668,0.0060660597,0.00736603758,0.0010313883214435444,0.140019421601097,5,1773.4
PARK7,0.008243935,0.004918032,0.0042723776,0.0058652502,0.013523023,0.00736452356,0.003758157395332999,0.5103055703080674,5,1892.6
ANXA1,0.006882367,0.007952992,0.0048142197,0.013902447,0.0032607524,0.00736255562,0.004082529274499079,0.5544989383046698,5,1919.2
CBLL1,0.006946969,0.006252889,0.009344157,0.0075741443,0.0066942736,0.007362486580000001,0.0012064604095669664,0.16386588912016276,5,1774.2
STAT2,0.004296266,0.0062253866,0.003380831,0.0074282885,0.015435213,0.007353197019999999,0.004788556578779596,0.6512210356604312,5,1974.2
SMURF1,0.008569459,0.007491476,0.0041732932,0.006460933,0.010065892,0.00735221064,0.0022228948949472504,0.30234374445877554,5,1810.8
ADSS2,0.010034276,0.011011284,0.004620767,0.0055909413,0.0054918374,0.007349821139999999,0.0029413477582245755,0.4001931070426805,5,1840.0
GABRG2,0.009095835,0.006039886,0.007434494,0.007765854,0.0063757454,0.00734236288,0.0012138052482981658,0.16531534441105775,5,1771.6
OLA1,0.008520289,0.008429424,0.008659154,0.0036107113,0.0074301935,0.00732995436,0.00213514159670898,0.29128988965614516,5,1817.8
FMO3,0.008892955,0.0054785465,0.00572881,0.0089847185,0.0075155683,0.007320119659999999,0.0016738099215115355,0.228658819699067,5,1794.4
FCHO2,0.008414319,0.006935917,0.006028116,0.005192605,0.009957117,0.0073056148000000005,0.0019034954020120981,0.2605523907463747,5,1812.6
MIRLET7I,0.0072205462,0.00800176,0.007490835,0.0071544694,0.0066324947,0.00730002106,0.0005004848848882133,0.06855937548325557,5,1767.0
KCNQ4,0.014434606,0.0037157335,0.002670162,0.010012168,0.0056323614,0.0072930061800000005,0.004881639023354381,0.6693589588257254,5,2019.4
FPR3,0.006312261,0.007486938,0.008784916,0.008398899,0.005457919,0.0072881866000000005,0.0013978280755948852,0.19179367273539416,5,1803.6
B4GALT5,0.0064422325,0.00785129,0.00898342,0.0070967665,0.006017304,0.0072782026,0.001178752083270768,0.16195648129811172,5,1796.2
TCN2,0.006337783,0.008448022,0.0066182776,0.007324893,0.007650102,0.007275815519999999,0.0008409560221443521,0.11558237283954008,5,1779.6
OAS3,0.009646,0.0078050243,0.003525234,0.0076376246,0.007756804,0.007274137379999999,0.0022542703801741114,0.3099020904351014,5,1826.2
DRD4,0.005288966,0.008172051,0.007124209,0.006242036,0.009522915,0.0072700353999999995,0.0016501350480864587,0.22697758089134734,5,1804.0
ACTR5,0.007852479,0.007707939,0.005950823,0.0064527728,0.008324211,0.007257644959999999,0.0010062005521222933,0.13864009023145896,5,1786.0
ANKRD27,0.0063163443,0.0064843735,0.0052131712,0.010227114,0.008041204,0.007256441399999999,0.0019426510587722892,0.26771401458189814,5,1823.8
EPS15L1,0.012614416,0.006639379,0.006363585,0.00620105,0.0044419602,0.00725207804,0.0031193312828455247,0.4301293044063167,5,1863.8
ARHGEF28,0.00750429,0.0060489103,0.007101502,0.007085185,0.008488752,0.0072457278600000005,0.000879049312237117,0.12131966991058328,5,1784.4
HLA-DQA2,0.0074468227,0.006436854,0.007533991,0.0065782126,0.008220915,0.00724335906,0.000737283903634759,0.10178756810583389,5,1782.4
RIMS1,0.0054874164,0.008389786,0.0072146086,0.00788789,0.0072251386,0.007240967920000001,0.0010970619254334786,0.1515076351054292,5,1790.0
NDUFS4,0.004771507,0.008019366,0.0073277797,0.010281189,0.00578475,0.0072369183400000005,0.002125741631867353,0.2937357493890629,5,1833.8
ASPG,0.00788317,0.008242668,0.007890491,0.005782446,0.006383671,0.0072364892,0.0010839569524177146,0.14979044706067063,5,1788.8
IL10RA,0.0077110557,0.0060036224,0.007558436,0.0071513364,0.007717592,0.0072284085,0.0007223586481879966,0.099933290735851,5,1783.0
GAS2,0.008032916,0.005709625,0.007404321,0.0074980366,0.0074830377,0.007225587260000001,0.0008835123640775083,0.12227550955872175,5,1784.8
DPM3,0.007294479,0.0095620155,0.005096026,0.004037644,0.010130201,0.007224073100000001,0.002673874805258101,0.3701339629658649,5,1859.2
NARS2,0.006186408,0.010426856,0.0061603705,0.008020811,0.005310702,0.007221029499999999,0.002047056686784956,0.2834854346994367,5,1824.4
USP15,0.0068153664,0.007928475,0.006990636,0.0059000445,0.0084455,0.00721600438,0.0009952796048666788,0.13792669079098852,5,1791.6
CYP24A1,0.008791488,0.005232541,0.008515483,0.006194618,0.0072857104,0.00720396808,0.001512637184225924,0.20997277714560944,5,1809.6
RYR3,0.006826493,0.0074387453,0.0060414723,0.0072392793,0.008432222,0.007195642380000001,0.0008744301294872775,0.12152217735524502,5,1799.2
ZNF25,0.008414397,0.0073939958,0.0061542396,0.0052157165,0.008788167,0.007193303180000001,0.001505443493584655,0.2092840320939531,5,1819.0
HMGA2,0.008609758,0.006820954,0.0048007276,0.009451959,0.006233015,0.007183282719999999,0.0018636378087449536,0.25944096611374273,5,1834.0
FYB1,0.010338021,0.007651041,0.0045371884,0.007767367,0.0055852067,0.00717576482,0.0022398496261960468,0.31214089123339567,5,1838.8
ACKR3,0.0076457583,0.0072530466,0.005162238,0.009362889,0.0063430923,0.00715340484,0.0015616907872877401,0.21831433033891315,5,1830.0
SSTR3,0.009255764,0.00734185,0.0065695457,0.0062072463,0.0063792965,0.007150740500000001,0.0012540675143965713,0.17537589490159392,5,1814.2
XCL1,0.012780054,0.006794947,0.004181491,0.004397962,0.0075777504,0.00714644088,0.0034782264367157834,0.48670750869148494,5,1920.2
KLHL25,0.009666725,0.0077908183,0.006310324,0.005428052,0.006484137,0.00713601126,0.001647506345166457,0.2308721616516139,5,1826.4
GBP5,0.0072596064,0.0071686176,0.010266219,0.0062342156,0.004745352,0.00713480212,0.0020213250126659868,0.28330498571220175,5,1852.2
ST8SIA2,0.006362963,0.0080298865,0.005655073,0.007870316,0.007712269,0.0071261015,0.0010560042736994487,0.1481882167549043,5,1813.2
DNAL4,0.005351895,0.008007364,0.005178471,0.0090108,0.008076483,0.007125002599999999,0.0017444916348765618,0.24484084186531552,5,1837.6
MRPL33,0.011617952,0.00761072,0.003672253,0.0077328635,0.0049698353,0.007120724760000001,0.003056065483963247,0.42917899328596526,5,1893.4
MRPL9,0.008195718,0.0069582444,0.005844341,0.0076646786,0.0069081904,0.0071142344799999995,0.0008876953097462729,0.1247773477584721,5,1817.4
ATP6V1G1,0.027813615,0.0030751785,0.0007226988,0.0033076862,0.0006447952,0.00711279474,0.011640162149980598,1.636510341641125,5,2980.4
OR10A4,0.0054394836,0.007345536,0.004558548,0.009509896,0.008700731,0.007110838919999999,0.002100353063446246,0.29537345551996363,5,1860.0
LCE1D,0.0066283164,0.008205596,0.0086038,0.00836464,0.0037454325,0.007109556979999999,0.0020345898318855087,0.28617673894576606,5,1854.8
KIR2DL1,0.008852778,0.007084535,0.0070640296,0.0053562466,0.0071587707,0.007103271980000001,0.001236713400419597,0.17410475114872298,5,1827.6
DEFB112,0.0055147354,0.008404219,0.0063289106,0.007614796,0.007651493,0.0071028307999999995,0.0011594987384952514,0.1632445951683449,5,1817.0
LGALS1,0.0066522816,0.008076057,0.004573292,0.0074750567,0.008726264,0.007100590259999999,0.00160645516075676,0.22624248153093124,5,1831.6
MRPL51,0.008333449,0.0047851284,0.004223786,0.013646239,0.0044726105,0.00709224258,0.004028298452072833,0.5679865580786202,5,1969.2
DAB2,0.0067417617,0.007889555,0.0060023014,0.006098216,0.008722569,0.007090880620000001,0.0011824296512914546,0.16675356907806108,5,1823.2
CYB5B,0.0048539927,0.006631638,0.006946793,0.009057466,0.007929026,0.007083783139999999,0.0015656489434605857,0.2210187568588648,5,1846.8
KCNAB2,0.007193219,0.011966942,0.0043745856,0.0051381085,0.0067110937,0.007076789759999999,0.002963160080758379,0.4187152905837321,5,1899.6
RBX1,0.007985167,0.007970874,0.0065616826,0.00660633,0.0062418683,0.00707318438,0.0008378890829001066,0.11845995210718747,5,1818.4
LMX1B,0.0041719945,0.0113963215,0.006567124,0.0050034863,0.008217835,0.007071352259999999,0.0028703820646059325,0.4059169956562074,5,1903.8
LTK,0.005433063,0.009403249,0.0070470306,0.007212676,0.006250019,0.007069207520000001,0.0014846601776602457,0.2100179084373867,5,1841.8
SH3RF1,0.0091955345,0.008431209,0.004902605,0.0049954234,0.007791722,0.00706329878,0.0019932958963234967,0.2822046692924261,5,1850.2
TFR2,0.002353951,0.0019405447,0.00071695005,0.0022157838,0.028087908,0.00706302751,0.011771037571588757,1.666571106359567,5,2997.2
RAET1E,0.005289199,0.009754709,0.004418263,0.0067206565,0.00907903,0.0070523715,0.002322031025593866,0.3292553470267223,5,1870.4
PDE1C,0.010639068,0.0068743685,0.005936809,0.006053627,0.0057294415,0.007046662800000001,0.0020547522939170365,0.29159225469353184,5,1860.6
AP3B1,0.0033179165,0.010390366,0.005866457,0.007810884,0.007835787,0.0070442821,0.0026307559986009817,0.373459773651169,5,1905.8
LGR5,0.0064963787,0.0058130096,0.010505677,0.0046487628,0.0077215587,0.00703707736,0.0022357572278157534,0.3177110486981705,5,1882.4
PRMT6,0.007813362,0.0063070445,0.0072380383,0.0063530123,0.007450659,0.00703242322,0.0006735795410617051,0.09578199718499096,5,1820.4
H6PD,0.0052604508,0.0045698085,0.007446095,0.011223755,0.006654924,0.00703100666,0.0026021740706521305,0.3700997874822281,5,1898.6
LAMB1,0.008991965,0.0066087907,0.005669883,0.007870115,0.006005377,0.00702922614,0.0013813294954841504,0.1965123141541368,5,1842.6
RAB3IL1,0.0070054675,0.0068813865,0.005055475,0.008581606,0.0076093227,0.00702665154,0.0012907823887678483,0.18369807886728481,5,1843.0
CSF2RB,0.0075133564,0.007853458,0.005823748,0.007893467,0.0060339747,0.007023600820000001,0.0010129409268924187,0.1442196037121054,5,1831.4
PINK1,0.009080638,0.0074206134,0.006422576,0.0062324814,0.0059597935,0.00702322046,0.0012755201890066962,0.1816147159656008,5,1837.8
TUBGCP5,0.009854496,0.0063310578,0.0032834252,0.003112529,0.012498746,0.0070160508,0.004115698893639016,0.5866119004781175,5,2018.8
DERA,0.008864223,0.0057363147,0.0057922252,0.007031452,0.00761994,0.00700883098,0.001314902353745833,0.1876065149092571,5,1843.2
LEPR,0.014332986,0.0037063602,0.007016367,0.004548443,0.0054393937,0.00700870998,0.004273940193665552,0.6098041160016087,5,1999.6
FBXL19,0.008637585,0.007942326,0.0044462774,0.0054690116,0.008531462,0.0070053324,0.001922259166071365,0.27439942265571365,5,1862.4
PRXL2B,0.0072209085,0.009010315,0.004247136,0.0076078996,0.0068732435,0.006991900519999999,0.0017359225424240783,0.24827620722842872,5,1858.6
ASB18,0.007718493,0.0055873645,0.007900176,0.008178967,0.0055312365,0.006983247400000001,0.0013103352849435808,0.18763981997023058,5,1846.4
STON1,0.0080558015,0.009469051,0.0038707736,0.006553882,0.00690299,0.006970499619999999,0.0020740701747038047,0.29754971490893,5,1879.2
CHURC1-FNTB,0.0071102194,0.0061618136,0.0063272514,0.0088590775,0.0063404464,0.006959761659999999,0.0011236525172771065,0.16144985592467928,5,1855.0
CHRNA7,0.006467681,0.007149099,0.0074794674,0.007470325,0.0062105237,0.00695541922,0.0005852401689444275,0.08414160964756737,5,1848.4
ABCA4,0.002636806,0.005540466,0.0045513944,0.0134233935,0.008567146,0.00694384118,0.004209024006197358,0.6061521133750006,5,2054.4
NDUFAF2,0.0037438227,0.008571552,0.004182764,0.012651719,0.0055366526,0.006937302059999999,0.003710557339776662,0.5348703729035351,5,1993.0
UQCRFS1,0.0069594355,0.007775516,0.006148604,0.0052773366,0.008498934,0.00693196522,0.0012766336948533403,0.18416620025299843,5,1858.0
DHCR24,0.009714231,0.009562568,0.004698585,0.004706714,0.005977133,0.006931846200000001,0.0025254954243386983,0.3643322935149222,5,1903.8
TNFRSF11A,0.006955435,0.007430505,0.00885088,0.004475792,0.0069273105,0.0069279845,0.0015782946491484883,0.22781440246416376,5,1880.0
NEDD1,0.008047729,0.0062381877,0.005727945,0.0074054096,0.0071991077,0.006923675799999999,0.0009315433247225462,0.13454461930793268,5,1852.4
RAP1A,0.007409502,0.007830432,0.006196652,0.0073403115,0.0057688765,0.0069091548,0.0008793307030351693,0.12727037220749046,5,1853.6
ARHGAP23,0.00937623,0.004331251,0.0061095245,0.004850721,0.009875074,0.0069085601,0.002569303470921555,0.37190144309833173,5,1920.6
CR2,0.007637068,0.0050879274,0.0077615376,0.009391012,0.0045738243,0.00689027386,0.0020115220955116623,0.2919364507685421,5,1895.8
TNRC6C,0.009847592,0.0076476764,0.005443848,0.0063115857,0.005196348,0.00688941002,0.0019115306714679895,0.27745926950476224,5,1883.2
IL36G,0.007091261,0.010564045,0.0041321972,0.0061947647,0.0064610178,0.00688865714,0.0023351636864335583,0.3389867776803823,5,1905.4
RHCG,0.0073939287,0.006069797,0.009448306,0.0061227633,0.0053523267,0.00687742434,0.001614303819047571,0.23472505682957043,5,1880.8
EED,0.008327511,0.0066928086,0.006039814,0.009249559,0.0040492443,0.006871787379999999,0.0020287860706514945,0.2952341157347471,5,1902.8
HCAR1,0.013957883,0.003725582,0.0033309362,0.002921512,0.0104140295,0.006869988540000001,0.005019988175863591,0.7307127437891752,5,2128.6
CTSF,0.0050419443,0.0072338367,0.003977104,0.00623025,0.011821827,0.0068609924,0.0030320157102794493,0.44192086705699446,5,1962.2
MLXIPL,0.007544284,0.0047538816,0.0018648762,0.0032495705,0.016883785,0.006859279460000001,0.005986791824291345,0.8728018531980536,5,2235.0
GABRA1,0.0054069157,0.007236805,0.007226827,0.009267464,0.005054961,0.0068385945399999995,0.0016911354006323997,0.24729283052836173,5,1901.6
CWC15,0.0055445465,0.005466245,0.009581035,0.008868306,0.0047280416,0.006837634819999999,0.0022165875227755302,0.3241745985456899,5,1921.8
ABCG2,0.013179286,0.00462603,0.0052466895,0.003782257,0.0073437667,0.00683560584,0.0037825363547153656,0.553357879791876,5,2006.8
ACAN,0.007107322,0.006028433,0.0050648884,0.0077500683,0.008226542,0.00683545074,0.0012876085186522836,0.18837214510484257,5,1874.0
CHST11,0.006482834,0.0059530493,0.008656524,0.006749401,0.0062982026,0.006828002180000001,0.0010624313391210853,0.15559915054407397,5,1881.6
CHRM3,0.007194449,0.006118809,0.0071030525,0.0066547547,0.0070232484,0.006818862720000001,0.00044176041133285924,0.06478505719687801,5,1862.8
BMP7,0.017049285,0.0050956234,0.0036792685,0.0037992739,0.004429357,0.00681056156,0.005751422765909034,0.8444858350137333,5,2149.8
ITGA1,0.0053913863,0.0059471917,0.009604743,0.008556344,0.004551188,0.0068101706,0.0021632984248933264,0.317657009193474,5,1925.4
OR2Y1,0.008229404,0.007649754,0.0061390065,0.005632938,0.00638749,0.0068077185,0.0010878982487469817,0.15980364769004207,5,1879.2
SPTBN1,0.008299106,0.0113997245,0.0037212095,0.0048543196,0.0057487777,0.00680462746,0.0030730428199936335,0.4516107366726633,5,1966.0
SLC15A2,0.0112821665,0.005795419,0.006733519,0.0049500577,0.0052290554,0.00679804352,0.0025977660380205885,0.3821343641560842,5,1928.4
ULK1,0.0061784307,0.0066995076,0.0080533,0.006404273,0.0066488152,0.006796865299999999,0.0007325666484559336,0.10778007450816095,5,1881.4
SUMF1,0.01368599,0.005049077,0.0054918197,0.0056831255,0.004028384,0.006787679240000001,0.003909041769535997,0.5759025480314235,5,2008.4
DDHD1,0.010302238,0.0056894096,0.0064567756,0.0056581623,0.005822219,0.006785760899999998,0.00199221737589236,0.2935879122844367,5,1907.2
ME1,0.008286586,0.00604795,0.0058836835,0.006360626,0.0073417956,0.00678412822,0.001012482775547536,0.1492428714072176,5,1879.2
SOCS7,0.008883057,0.0051602935,0.0074256617,0.0070792735,0.005335285,0.006776714139999999,0.0015524085316763181,0.2290798312582089,5,1895.4
TJP2,0.006055612,0.00516572,0.006843187,0.012199599,0.0036087318,0.00677456996,0.0032620345790768846,0.4815116824148768,5,1991.0
FAM20B,0.006711703,0.007036908,0.00605487,0.005227816,0.008771523,0.006760563999999999,0.0013200407149476488,0.19525600452087266,5,1904.0
DEK,0.0070793848,0.004316633,0.010210555,0.0062764753,0.005896413,0.006755892220000001,0.0021770319834571498,0.3222419648750923,5,1942.4
YEATS4,0.009120315,0.0046733115,0.009307852,0.0041471394,0.006516231,0.00675296978,0.0024136653832702434,0.35742280239705787,5,1957.2
CLCA2,0.005939044,0.0072439397,0.0061678477,0.006585367,0.0077682547,0.0067408906199999995,0.0007589563749499288,0.11258992583237153,5,1893.0
PRKCQ,0.0066743935,0.0060359123,0.0052776886,0.008614654,0.0070601124,0.0067325521599999995,0.00125049195813587,0.18573817601672618,5,1900.4
HTR3B,0.005241243,0.007215755,0.005468013,0.0051198476,0.010602444,0.006729460520000001,0.002325584783576564,0.34558264762307633,5,1947.8
RELN,0.006979619,0.009865272,0.0050023133,0.003878518,0.007919652,0.006729074860000001,0.002367665447783417,0.351856012459849,5,1942.6
ATP8B1,0.008485436,0.0060358136,0.005707791,0.005950934,0.0074603003,0.00672805498,0.0011988145178408595,0.17818143897522956,5,1895.0
GSN,0.008737953,0.005627261,0.005395273,0.0062561263,0.007591395,0.00672160166,0.0014138254565063814,0.2103405598876833,5,1900.0
IL37,0.005561465,0.0072137406,0.0068843225,0.005589192,0.008353848,0.006720513619999998,0.0011791066227508954,0.17544888522239105,5,1908.4
HAAO,0.008073676,0.0060378164,0.005196571,0.007757008,0.0065254276,0.006718099799999999,0.0011970667329175432,0.1781853155735411,5,1896.2
MARCKS,0.0072229113,0.00742297,0.007689967,0.007353574,0.003893189,0.006716522259999999,0.001587461696189561,0.23635173602321408,5,1913.0
HAUS6,0.006660248,0.007877375,0.0033730916,0.012353773,0.0032988356,0.00671266464,0.003741269104860818,0.5573448556579191,5,2043.6
PSAT1,0.005117081,0.007924968,0.007321104,0.007997181,0.0051981383,0.006711694460000001,0.00144304648670057,0.2150047942886497,5,1904.8
SOCS6,0.007595523,0.005871672,0.006055427,0.008988951,0.0050016837,0.00670265134,0.0015832800493492706,0.23621697877981382,5,1917.4
SNRPB2,0.0074740658,0.006948397,0.0058169942,0.008403549,0.0048572873,0.006700058660000001,0.0013908852799664672,0.20759300038224845,5,1913.6
CD80,0.0065602306,0.006042512,0.0061037797,0.007097827,0.007674696,0.00669580906,0.0006920107289462773,0.10334983013184627,5,1894.0
HLA-B,0.0070997356,0.0065120086,0.0064383973,0.006977643,0.0064507667,0.00669571024,0.0003172838445706825,0.04738613727267304,5,1890.2
PITX2,0.0045857723,0.0037743323,0.002163351,0.0041546915,0.018770682,0.0066897658200000005,0.006815242292475127,1.018756482043063,5,2326.8
TNKS,0.0044682655,0.00757788,0.00810626,0.0066296807,0.0066636596,0.0066891491599999995,0.0013905534946084756,0.20788196844581586,5,1922.0
HMGCLL1,0.0063416557,0.0077019557,0.008282881,0.0061865337,0.0049128905,0.00668518332,0.001331742135180532,0.19920802039883806,5,1915.6
EFNA3,0.004767802,0.009450014,0.00733003,0.0060140574,0.005830721,0.006678524879999999,0.001796994799570987,0.26907061542173777,5,1929.2
DEFB123,0.0084378775,0.0052502155,0.005230042,0.0085470695,0.0059029968,0.00667364026,0.0016827266179022258,0.25214523893174695,5,1926.2
MRPL28,0.0074145664,0.00590501,0.0076719425,0.0050914274,0.0072642346,0.00666943618,0.0011167455194960676,0.16744226788538932,5,1908.8
MMP11,0.0035324527,0.005541281,0.007939163,0.006775288,0.009548701,0.00666737714,0.002292757890327683,0.3438770362295244,5,1966.0
TRIM6-TRIM34,0.0062043723,0.0064618043,0.0072583877,0.0063086804,0.0070328135,0.006653211639999999,0.0004655993272079631,0.06998113879449101,5,1903.0
EIF3E,0.0101384595,0.0053604916,0.0022409952,0.009736813,0.005773453,0.006650042460000001,0.0033003126387661213,0.4962844460945172,5,2043.2
GREB1,0.008494028,0.007459801,0.0061020763,0.004619367,0.0065730833,0.006649671120000001,0.0014565218264777488,0.21903667116664088,5,1926.2
PEX13,0.0066809794,0.0074331164,0.0049279667,0.0077776965,0.0064165955,0.006647270899999999,0.001107448590486333,0.16660199458492556,5,1913.6
CAV1,0.021853734,0.0031800119,0.0021038817,0.0015044966,0.0045863916,0.0066457031599999996,0.008581901437156638,1.2913458862879212,5,2569.0
SETD6,0.007448661,0.008032706,0.005657249,0.0057996153,0.0062516774,0.00663798174,0.0010507595659992482,0.15829503712965143,5,1912.6
KLK8,0.0071991985,0.006192885,0.005894987,0.0049007433,0.008991906,0.00663594396,0.0015511328601883793,0.23374713070789394,5,1929.0
ACTR2,0.0074216635,0.006268347,0.0080562,0.0053608203,0.006065683,0.006634542759999999,0.001086362972684573,0.16374345783620714,5,1919.6
CYP3A7-CYP3A51P,0.0104424665,0.00461707,0.0029880698,0.0048942994,0.010221809,0.00663274294,0.0034555807915210303,0.5209881979115311,5,2044.0
PIP4K2A,0.011086152,0.004371894,0.0077499193,0.00578042,0.0041623353,0.0066301441200000005,0.002873225875954835,0.4333579819611575,5,1981.8
SYT9,0.008606083,0.0067714634,0.0067448104,0.005089273,0.005921427,0.0066266113599999996,0.0013051777000498317,0.1969600492837461,5,1925.4
SEMA3E,0.00692087,0.006792728,0.004528408,0.007702846,0.0071875085,0.0066264721,0.0012236754809021263,0.18466469977322114,5,1920.8
PPT1,0.0070938584,0.005876622,0.0067107305,0.0045621577,0.008885631,0.00662579992,0.0015931898209437466,0.24045244954268807,5,1931.0
ZNF212,0.008101045,0.0050499123,0.005002354,0.0073019923,0.007669554,0.00662497152,0.0014867751826648195,0.22441986024791538,5,1929.0
ACSF2,0.004961041,0.008951639,0.008437689,0.005765451,0.0049227965,0.006607723300000002,0.0019431082585462012,0.29406622679648237,5,1953.4
DUSP10,0.0077589788,0.0063623926,0.0072352453,0.0053709997,0.006290672,0.00660365768,0.0009232123783866672,0.13980318531391034,5,1921.2
TLL1,0.0038513874,0.0075306995,0.00781823,0.006478279,0.007299106,0.006595540380000001,0.001613119871328793,0.2445773626404199,5,1951.4
SV2C,0.0067163575,0.006872344,0.006346857,0.005044264,0.007940986,0.006584161699999999,0.001045119059694732,0.15873228928972571,5,1926.4
GCNT3,0.005358181,0.007085379,0.0048515922,0.008293342,0.007289234,0.0065755456399999995,0.0014295189395918994,0.21739928788508864,5,1941.8
PLEC,0.006794691,0.0052995402,0.0065092817,0.0060467804,0.0081703905,0.00656413676,0.001061022793728986,0.16163934916690947,5,1921.4
MRPS23,0.002280723,0.009269569,0.0072013754,0.005666836,0.008370725,0.00655784568,0.0027450765910654864,0.4185942647960399,5,2045.4
TNXB,0.0059444024,0.0065482077,0.004191007,0.007380212,0.008718351,0.0065564360200000005,0.0016824380041989544,0.2566086207608496,5,1958.0
PTCD3,0.006688243,0.009341625,0.0057328837,0.0043154065,0.006654278,0.00654648724,0.0018360406197516334,0.2804619565334452,5,1962.6
DKK2,0.006886574,0.0069304365,0.0053641167,0.0056744884,0.007863233,0.00654376972,0.0010192203615149067,0.15575431366415912,5,1930.8
GCNT4,0.0073348484,0.008850047,0.0066345134,0.004177048,0.005695286,0.00653834856,0.0017517208798636236,0.2679148815314342,5,1959.7
GOLGA5,0.0063192314,0.0065694787,0.0060698795,0.0074088457,0.0062924325,0.0065319735599999994,0.000521172104920551,0.07978784667961072,5,1934.8
KRT27,0.0085320175,0.0077843587,0.006340576,0.0043790406,0.0056195133,0.006531101219999999,0.0016638041935761064,0.25475094283963745,5,1956.4
RGS10,0.007285504,0.005453147,0.0061124736,0.007591052,0.006132809,0.00651499712,0.0008926356447993614,0.13701243889411902,5,1934.2
CNEP1R1,0.009394238,0.0048088813,0.0061602513,0.0050397986,0.0071650553,0.0065136449,0.001865843040117883,0.2864514521075417,5,1968.2
MPHOSPH10,0.0054719886,0.009986179,0.0042405166,0.0053544072,0.007479527,0.006506523680000001,0.002268653780801714,0.3486737146250905,5,1982.0
NLRP4,0.006245806,0.0067192144,0.0076961145,0.0055008656,0.006355062,0.0065034125,0.000800402677912768,0.12307425953878337,5,1946.4
GCLC,0.0064625884,0.009378237,0.0052571907,0.007557276,0.0038357591,0.006498210240000001,0.0021240420728739443,0.3268657052366998,5,1978.2
SLC22A11,0.0068766484,0.0063107293,0.004883436,0.0071553625,0.0072536073,0.0064959567,0.0009731789158271645,0.14981302381944211,5,1939.6
CYP2R1,0.008415752,0.0060897595,0.0053730714,0.00642846,0.006136381,0.006488684780000001,0.0011451056327458364,0.176477309589053,5,1947.6
SLC19A3,0.009736095,0.0065238606,0.0070476877,0.005417024,0.0037105305,0.0064870395599999995,0.00222069691971743,0.3423282530001143,5,1987.8
IL17RC,0.0034146928,0.005377823,0.006083568,0.008609309,0.008935718,0.0064842221600000015,0.002309354849311519,0.35614986536974524,5,2008.6
WARS1,0.010188433,0.00685003,0.005017002,0.006247425,0.0040649,0.006473558,0.0023407451969510696,0.3615855758071635,5,1990.4
SLC44A1,0.005283218,0.0040321387,0.009869898,0.0059069884,0.0072666104,0.0064717707,0.0022283671240504762,0.34432108727994276,5,2005.4
GPC5,0.0072931866,0.003665909,0.010861991,0.005164825,0.00536847,0.006470876319999999,0.0027724985906499053,0.4284579790345778,5,2035.0
SP100,0.006297874,0.0056712558,0.0062583615,0.0068939775,0.0072318083,0.0064706554200000006,0.0006067365923879461,0.09376740886442475,5,1944.0
MYF6,0.0054584173,0.0044051125,0.006818822,0.007707801,0.0079393955,0.0064659096600000006,0.0015083043070692177,0.23327024137068095,5,1965.8
TNK2,0.007430678,0.005701012,0.009624182,0.0043817405,0.0051546916,0.006458460819999999,0.0020948333475498387,0.32435488980017363,5,1994.4
GPCPD1,0.007151221,0.005936394,0.0064715105,0.005877954,0.00684057,0.0064555299,0.0005557862376249522,0.08609459583247414,5,1940.0
F12,0.0066765253,0.009066995,0.003208927,0.0071491273,0.0061525344,0.006450821800000001,0.002120247162532386,0.3286786130927358,5,2002.2
TRRAP,0.010863486,0.0090514915,0.0025669208,0.0056713903,0.004035634,0.006437784520000001,0.0034554149869217166,0.5367397706752876,5,2075.6
OTUB2,0.007185733,0.002973515,0.009070048,0.008506922,0.0044512353,0.0064374906600000005,0.0026323520161127727,0.4089096443229282,5,2049.6
ALDOB,0.004014112,0.012479348,0.0047325753,0.0077247825,0.0031910217,0.0064283679,0.003790771870518034,0.5896942940241541,5,2107.8
POLN,0.008296131,0.0075860173,0.0059337984,0.006853424,0.00347169,0.00642821214,0.0018705551911506082,0.2909915152785558,5,1990.0
GNA15,0.007219889,0.009333425,0.0024699864,0.0055551343,0.007547303,0.0064251475399999996,0.002585978892515182,0.40247774489473936,5,2034.2
FBXO5,0.0075780037,0.0053670914,0.0057302965,0.009614223,0.0038185823,0.006421639379999999,0.0022302298756433307,0.34729914647485716,5,2001.4
PPARA,0.0045954743,0.0024925522,0.007240557,0.015926957,0.0018460776,0.00642032362,0.005716862142805167,0.890432084295023,5,2351.4
TRIM14,0.0074591087,0.010229223,0.004405114,0.00630041,0.0037071197,0.006420195079999999,0.002599216874708984,0.4048501396485579,5,2015.0
SP3,0.0066387784,0.0081617525,0.006241684,0.005239172,0.005813976,0.00641907258,0.0011039676069794263,0.17198241540671697,5,1963.2
SERPINA4,0.0060618753,0.0057035177,0.0071888063,0.004625377,0.008469672,0.0064098496599999995,0.0014708819791697677,0.2294721494559621,5,1980.8
SRP9,0.007247294,0.005157505,0.0067677274,0.00610504,0.006754987,0.00640651068,0.0008077328789845142,0.1260800019433534,5,1957.0
CALML6,0.006890267,0.00504015,0.002526239,0.010356674,0.0071852594,0.00639971788,0.0028882295229307815,0.4513057570798389,5,2065.4
NRIP1,0.004524273,0.0075406437,0.007079007,0.0066462806,0.0061695944,0.00639195974,0.0011612372690874887,0.18167155556700812,5,1981.8
CKM,0.006552977,0.0073779766,0.0064994902,0.005149831,0.0063569993,0.006387454820000001,0.0007990186439670743,0.1250918662415015,5,1969.4
CP,0.0054510916,0.0078117657,0.0050803395,0.01045943,0.003110894,0.0063827041600000006,0.0028253631559622904,0.4426592687263591,5,2056.0
CD8A,0.00696855,0.007795942,0.003923772,0.005129954,0.008087018,0.006381047199999999,0.0017931019776597202,0.28100434324631235,5,1991.0
IL26,0.004736107,0.0052551036,0.008348024,0.009348331,0.004162511,0.00637001532,0.0023221026297445624,0.36453642779379725,5,2022.8
DNM3,0.008730591,0.0077433186,0.0050566373,0.0046501625,0.005647626,0.00636566708,0.0017792475080382905,0.27950684283009825,5,1992.8
NAGLU,0.0072390046,0.0052638934,0.003196572,0.009145049,0.0069790976,0.00636472332,0.002242824318718275,0.35238363177085835,5,2025.2
ACHE,0.0074708,0.006287782,0.005853732,0.005775371,0.006432721,0.006364081200000001,0.0006786743508235006,0.10664137202138471,5,1964.0
ABCB4,0.0063969237,0.003576047,0.009039304,0.0048215445,0.00797473,0.0063617098399999985,0.002230729212099869,0.3506493172753489,5,2034.0
CCL11,0.006275238,0.006551714,0.005379783,0.006175717,0.0074152844,0.00635954728,0.0007335442361787681,0.1153453546112748,5,1970.0
BARD1,0.0055700433,0.0048877844,0.010758454,0.0072235093,0.0033481978,0.00635759776,0.002826412032073548,0.4445723272800367,5,2067.2
TP63,0.0069333203,0.006679143,0.0057190987,0.0056889183,0.006733912,0.006350878460000001,0.0005981320331962275,0.0941809919625241,5,1969.2
NIPSNAP2,0.006321734,0.010490585,0.002070531,0.0029568537,0.009904397,0.00634882014,0.003860254878806793,0.6080271284558383,5,2181.6
TTC30B,0.0044502295,0.008019125,0.007500507,0.0055302493,0.0062427474,0.006348571639999999,0.0014493323208153517,0.22829266219249153,5,1995.8
NTNG2,0.007710675,0.005116724,0.007696461,0.006105144,0.0051049646,0.006346793719999999,0.0013033974431417657,0.20536313304692783,5,1979.6
KMO,0.005114609,0.0070537007,0.0063489387,0.0059349868,0.0072800107,0.006346449180000001,0.0008744254601014526,0.1377818423027934,5,1977.4
AGO2,0.0051184287,0.008359555,0.0054714107,0.006205604,0.0065372977,0.00633845922,0.0012631570575654305,0.19928456013091309,5,1982.8
SH2B3,0.00631859,0.005762541,0.006082192,0.006628538,0.00688431,0.0063352342,0.0004415303610570851,0.0696944023090867,5,1972.2
IL18R1,0.006425278,0.0049009034,0.0074295714,0.0071043256,0.0058030225,0.00633262018,0.0010170672724455064,0.16060765426255305,5,1984.8
CNR1,0.0067048757,0.0060495064,0.0039798366,0.0070372573,0.007878576,0.0063300104,0.00146975992703141,0.2321891804524381,5,1992.4
RPL18,0.008025873,0.0064235623,0.0049491413,0.007767707,0.0044460986,0.00632247644,0.0016130183483512805,0.25512445378938897,5,1991.2
CCR7,0.0067288126,0.0067940904,0.005680404,0.006658554,0.0057465956,0.00632169132,0.0005577565791959714,0.08822901197839116,5,1976.6
NDRG1,0.008771127,0.0051683923,0.0053500687,0.006338237,0.005953015,0.006316168,0.001449993771436793,0.22956858833343147,5,1990.4
TCAP,0.0057154186,0.005118116,0.008763419,0.007190209,0.0047108494,0.0062996024,0.0016676997088036804,0.2647309469568556,5,2015.2
ALDH18A1,0.006811845,0.007654682,0.006114834,0.0047128308,0.006202252,0.006299288759999999,0.0010793624604744638,0.17134671890711423,5,1992.2
DUSP5,0.0005969041,0.0005112075,0.029948799,0.00019119086,0.0002274978,0.006295119852,0.01322397282016437,2.10067054020632,5,4035.4
ZNF133,0.0038054574,0.008859625,0.0060482584,0.0060212365,0.0066621746,0.00627935038,0.0018058615847288105,0.2875873259884585,5,2026.2
TRHR,0.011209734,0.0029888807,0.002349689,0.008585209,0.006230225,0.00627274754,0.003738224552101413,0.5959469161262327,5,2175.0
SKIV2L,0.008664891,0.0038153736,0.0058931895,0.0068801087,0.006105629,0.0062718383599999995,0.0017537041777326249,0.279615652870975,5,2023.0
FSTL1,0.004873161,0.00651826,0.0072315256,0.007904018,0.004829742,0.00627134132,0.0013857915278070914,0.22097211060537386,5,2005.8
SELENOS,0.0067216805,0.0049989005,0.007418216,0.0057662837,0.0064307735,0.00626717084,0.0009243440111902211,0.14748983788516304,5,1993.2
GPR18,0.003041199,0.0030000433,0.017593082,0.0039708335,0.0036950046,0.006260032479999999,0.006349138324285992,1.0142340865755368,5,2412.2
OSMR,0.009778524,0.0062452117,0.003561014,0.0066189743,0.005073756,0.006255496000000001,0.0023022104164316403,0.36803003573683685,5,2037.2
TJP1,0.0058333306,0.006174539,0.0051087164,0.007005047,0.0071474714,0.006253820879999999,0.0008451795515530129,0.13514610791875015,5,1994.2
PTPRF,0.0058021434,0.0059900684,0.0041199573,0.0076730484,0.007681214,0.006253286300000001,0.0014898496684536261,0.23825067284279403,5,2013.2
NCEH1,0.0046998523,0.005512566,0.0072568697,0.005172396,0.008621821,0.006252700999999999,0.0016391523837643483,0.2621510901871605,5,2017.8
GDF2,0.0058813207,0.008470614,0.0048028403,0.0064640995,0.0056224344,0.00624826178,0.001378494126910625,0.22062041819743108,5,2003.6
DNER,0.005822008,0.008015137,0.007712395,0.0049579553,0.004722885,0.0062460760599999995,0.0015361370105198525,0.24593632798635062,5,2012.6
UTP25,0.008751435,0.0067881066,0.0073069544,0.0039756987,0.0043964055,0.00624372004,0.0020169252688183475,0.3230326241242468,5,2035.0
SPG7,0.00015752512,0.00035476152,0.00013990692,0.030352397,0.00020432794,0.0062417837,0.013478507693829767,2.159399995522076,5,4235.8
MYL7,0.010831193,0.0049321344,0.0021534266,0.0053512524,0.007939283,0.00624145788,0.003285082652233586,0.5263325837317974,5,2130.8
SCN9A,0.0062494087,0.0073303324,0.0035915282,0.008200173,0.0058327112,0.0062408307,0.001747246050771233,0.27997010891053864,5,2031.8
KLK5,0.0071194437,0.006504382,0.004361103,0.008445764,0.004736687,0.00623347594,0.0016954870231642347,0.27199704297956023,5,2019.0
FLRT1,0.006120985,0.005731171,0.0077895643,0.0055460418,0.0059612957,0.0062298115599999995,0.0008990211468505694,0.14430952496588348,5,2002.6
PPP6R3,0.006446737,0.0050886017,0.00632853,0.006832516,0.0064159185,0.00622246064,0.0006627179219819118,0.10650415652639818,5,2001.2
CHRNA1,0.008988474,0.002893839,0.0059769256,0.0044619287,0.008787346,0.00622170266,0.0026678149361826367,0.4287917764592493,5,2096.4
SCN3A,0.007831973,0.0035672877,0.004796689,0.011512339,0.0033791051,0.006217478760000001,0.0034547307363430152,0.5556481766482166,5,2132.2
PTX3,0.0012583041,0.0008187641,0.0015368792,0.00015312525,0.027284978,0.006210410130000001,0.01179261637025004,1.8988466338615286,5,3558.6
ITGA2,0.004678104,0.008315875,0.0059108185,0.006466214,0.005660971,0.0062063965,0.001345170804299495,0.21673942428581464,5,2017.2
NGEF,0.008918488,0.005814419,0.0056425566,0.0053882706,0.0052668652,0.0062061198799999995,0.0015312617972645867,0.2467341635148348,5,2019.0
IL9,0.0077711456,0.006028109,0.0063212514,0.0057907947,0.0051128166,0.006204823460000001,0.0009826046137987182,0.15836141352500593,5,1998.6
FH,0.0048881485,0.011008652,0.007797811,0.0037438625,0.003572847,0.006202264200000001,0.003175358526142533,0.5119676337139157,5,2117.0
SH3D19,0.0063401735,0.005739726,0.004349442,0.0092459675,0.0053250296,0.00620006772,0.001850645621502444,0.2984879690156746,5,2037.2
IL36B,0.0055119433,0.008301493,0.0044747745,0.0053713983,0.007339813,0.00619988442,0.0015693830207068914,0.2531310125144061,5,2020.2
CDC42SE2,0.008063658,0.005211252,0.007131658,0.0058302614,0.004760413,0.00619944848,0.0013718551508322047,0.22128664432940087,5,2010.2
ZNF671,0.0065236688,0.005194362,0.008317163,0.0056641917,0.005268783,0.006193633700000001,0.0012992787840053692,0.20977649743887322,5,2017.2
CPSF2,0.0037507375,0.0034702716,0.006479106,0.013502795,0.0036881526,0.00617821254,0.004276856988395634,0.6922482774274441,5,2211.4
ATG7,0.0050283833,0.0040604393,0.01065048,0.004517505,0.006618839,0.00617512932,0.0026814315528478007,0.4342308337030585,5,2103.0
TMEM132A,0.007276011,0.00744105,0.005265588,0.0059459195,0.0049299323,0.00617170016,0.0011450715063598008,0.1855358291352574,5,2015.8
ENPP6,0.0025089518,0.006223255,0.008049916,0.0064462502,0.0076268846,0.00617105152,0.0021874080304695033,0.3544627724108684,5,2097.0
SCNN1A,0.0050437083,0.005449714,0.005663715,0.010079443,0.004616091,0.00617053426,0.0022216010971746903,0.36003383233378083,5,2062.8
IL4I1,0.0069903447,0.009463969,0.0038417391,0.0064052767,0.004098918,0.0061600495,0.0023069588602900753,0.3745032990871381,5,2059.4
RNF43,0.0063562575,0.0025883429,0.0055381395,0.0079203015,0.008376513,0.00615591088,0.002301818279822839,0.37392001357609633,5,2105.8
GABBR1,0.0074695316,0.004400446,0.008599745,0.0038394297,0.006446201,0.006151070660000001,0.002014312402497343,0.3274734617497213,5,2070.0
NBEA,0.0067147072,0.0053186375,0.007572471,0.0056785215,0.005465887,0.00615004484,0.0009648554472895425,0.15688592073574906,5,2010.4
RPS20,0.0027985699,0.0043470026,0.009870578,0.0081661,0.0055398284,0.006144415780000001,0.0028619222852638,0.46577614336896317,5,2143.4
CLDN23,0.0040674414,0.009183026,0.004139587,0.005220635,0.008081231,0.006138384080000001,0.002354291576052005,0.3835360487986937,5,2082.4
CD40,0.005459731,0.0067108963,0.006056778,0.0055494476,0.0068359976,0.0061225701,0.0006378205445656638,0.10417529471253645,5,2025.4
IZUMO1R,0.0065619177,0.010444169,0.0046930662,0.004786629,0.004124712,0.00612209878,0.00258306500430759,0.4219247511565944,5,2082.2
ADAMTS3,0.007462589,0.005037977,0.0059651122,0.006168824,0.005928227,0.006112545840000001,0.000871233618215762,0.14253203837171746,5,2026.8
RIC1,0.006766857,0.005214997,0.0041925497,0.008249471,0.006086765,0.00610212794,0.0015400221848930352,0.25237461423875607,5,2045.4
SPSB1,0.005454337,0.00250097,0.0014431775,0.004391119,0.016709622,0.0060998451,0.006134742182481065,1.0057209784689558,5,2475.2
SYS1,0.007234173,0.0062712105,0.0065675257,0.0056295106,0.004780635,0.00609661096,0.0009349155791001254,0.1533500473023664,5,2022.4
AK4,0.0066829887,0.009091462,0.0052093165,0.0055256984,0.00394008,0.006089909119999999,0.0019414302346344194,0.318794615219877,5,2061.0
LGMN,0.0073704533,0.005729767,0.00635593,0.0070209643,0.003963606,0.00608814412,0.001344272664150349,0.22080171521142455,5,2037.6
NPTN,0.0069408696,0.005825728,0.008900837,0.003591683,0.005122673,0.00607635812,0.001991921324985345,0.32781499800498015,5,2078.0
PRG3,0.007834915,0.007211627,0.0047646016,0.0032871468,0.0072696125,0.00607358058,0.0019561173358989335,0.32206987462063663,5,2082.0
USP20,0.0036573238,0.007560963,0.008384752,0.0052465643,0.005493313,0.00606858322,0.0018982003415469015,0.31279135058922397,5,2084.4
B9D2,0.008561121,0.01025143,0.004628787,0.004880706,0.002003715,0.0060651518,0.0033059080442200293,0.5450660021765703,5,2179.8
SEMA5B,0.0043980596,0.0066513764,0.0068562226,0.005387446,0.0070031984,0.0060592606,0.001127795608642878,0.18612759593850084,5,2054.6
FZD10,0.0068260604,0.007815412,0.0056966334,0.005965209,0.0039896853,0.00605860002,0.0014226325600084522,0.23481209442977097,5,2047.6
ZNF713,0.008173224,0.006634509,0.0037382022,0.0056932494,0.0060403766,0.00605591224,0.00160634124805882,0.2652517382020087,5,2060.8
DOCK9,0.0046875225,0.0043183276,0.0025563033,0.0027915367,0.01590909,0.0060525560200000005,0.005587489528175301,0.9231619682183959,5,2369.2
FSHR,0.008437672,0.005760584,0.005335859,0.0035180843,0.007192013,0.00604884246,0.0018714647120038246,0.3093922059269212,5,2076.4
SPCS3,0.005036424,0.005879027,0.005502498,0.007541985,0.0062704724,0.006046081280000001,0.0009527430204498441,0.15758025344473106,5,2046.8
SLC11A1,0.004820096,0.005757542,0.0045903376,0.008122026,0.00690611,0.00603922232,0.001479395580786191,0.24496458358336956,5,2059.0
CYSLTR2,0.0037374143,0.0043196487,0.009714385,0.006643371,0.005735489,0.006030061600000001,0.0023568466371017005,0.39084951256579203,5,2117.8
TACR3,0.0070347725,0.0070501985,0.0041551376,0.0056945365,0.0062134275,0.00602961452,0.0011949542292182794,0.19818086633144824,5,2055.8
ITGA11,0.0051159523,0.0052295756,0.0066080233,0.0079359785,0.0052560703,0.006029120000000001,0.0012290230575886156,0.20384783477333598,5,2050.0
CRTAP,0.0070957653,0.004662819,0.0058134543,0.0059376075,0.006614518,0.00602483282,0.0009222249954956853,0.1530706366547255,5,2051.4
NEIL2,0.0036777742,0.0063669034,0.0068065664,0.0074466625,0.005785219,0.006016625100000001,0.0014418288235643094,0.23964079522992204,5,2073.8
SSC5D,0.003999102,0.005769207,0.0068386863,0.009566886,0.0038387184,0.00600251994,0.002353403655669126,0.3920692774356908,5,2114.0
ZNF773,0.003214031,0.0083340695,0.00516735,0.006489715,0.0067980345,0.00600064,0.0019222049525679159,0.32033332320684393,5,2099.8
GNPAT,0.008056184,0.0049799196,0.004514528,0.0063646017,0.0060711615,0.00599727896,0.0013795873536619461,0.2300355482650329,5,2063.8
CD9,0.0058208853,0.0070907054,0.006297273,0.0060924706,0.0046741953,0.0059951059199999995,0.0008769664668881972,0.14628039580795218,5,2056.2
PTPN5,0.00924611,0.0033797554,0.0042004776,0.0045419065,0.008580396,0.0059897291,0.0027122474757410656,0.45281638459092677,5,2138.0
LRP5,0.006249889,0.0045341025,0.0041765193,0.006765412,0.008204685,0.00598612156,0.0016569482701328196,0.27679829978808845,5,2082.6
VRK1,0.010354331,0.0052012224,0.0021372421,0.004473591,0.0077423747,0.00598175224,0.0031576602030851564,0.5278821449624528,5,2183.0
ASB2,0.0052119223,0.006245826,0.0057225935,0.00531042,0.007400756,0.00597830356,0.0008935512744308762,0.14946569130572487,5,2060.0
ST6GALNAC5,0.007177943,0.004279733,0.006556941,0.0050339,0.006836739,0.0059770512,0.001253784238518813,0.20976635410431368,5,2070.4
SOCS5,0.013322638,0.0032010397,0.0020954004,0.0022335353,0.009015218,0.005973566279999999,0.004999385119503326,0.8369179959117029,5,2393.8
GALNT3,0.004576088,0.0058866953,0.0075967615,0.0069519947,0.004842879,0.0059708837,0.001306808588653,0.21886351406459315,5,2069.6
C1GALT1,0.0055276877,0.008019065,0.0042774687,0.004558213,0.007459212,0.005968329279999999,0.0016933584015368975,0.28372402427784577,5,2080.2
PLEKHG1,0.006205732,0.005705825,0.0050561954,0.00687592,0.0059969006,0.0059681146,0.000667419240141592,0.11183083517558325,5,2054.6
MFSD2A,0.006340056,0.004506994,0.0066453195,0.0051600197,0.007187026,0.00596788304,0.0011034697990563822,0.18490137820401759,5,2069.6
PANK3,0.004489454,0.0070411814,0.0068631126,0.0066099255,0.004813548,0.005963444300000001,0.0012128238901364162,0.20337640952501496,5,2075.8
PFAS,0.007458904,0.007277208,0.003084661,0.005403455,0.0065750876,0.0059598631200000005,0.0017984298346348606,0.301756902536859,5,2100.0
SV2B,0.006356578,0.0035065543,0.0070533827,0.0067955814,0.006045841,0.00595158748,0.0014210354272884077,0.2387657800651882,5,2090.0
HNF1A,0.007996443,0.0058057755,0.005249615,0.003940055,0.0067657963,0.005951536960000001,0.0015333508650797064,0.2576394762202243,5,2083.6
ABCA1,0.005948806,0.0051976624,0.006101708,0.0059041874,0.006602311,0.005950934959999999,0.000504141019845269,0.08471627117989357,5,2059.6
SLC1A4,0.0066156695,0.0044235275,0.0054471367,0.008156271,0.005094289,0.00594737874,0.0014684979026981493,0.2469151481511583,5,2082.8
CFH,0.004752264,0.0030697263,0.0074255997,0.0058046747,0.00867203,0.0059448589400000005,0.002198771088499111,0.36986093542181014,5,2131.2
ULBP3,0.00357228,0.0077738846,0.0060858894,0.0035509288,0.00871728,0.00594005256,0.0023670371683185607,0.3984875797662236,5,2141.6
CCNG2,0.004373535,0.003751294,0.0029237117,0.016162733,0.0024627289,0.005934800519999999,0.005764932583703836,0.9713776502304136,5,2414.4
TBC1D3B,0.0016539183,0.006976174,0.007824576,0.005295736,0.00791886,0.00593385286,0.0026137403114010766,0.44047946133283067,5,2214.8
PBX1,0.004398524,0.003640373,0.004289677,0.01416406,0.0031491239,0.00592835158,0.0046317240975349205,0.781283639310562,5,2296.6
IL7R,0.0063636983,0.005693652,0.0053626583,0.005822556,0.006394247,0.005927362319999999,0.0004452150885953518,0.07511183972896597,5,2062.4
RGS4,0.0052427743,0.00533861,0.008414557,0.005558466,0.0050818305,0.00592724756,0.0014011099096204026,0.23638457740077973,5,2082.0
GAB1,0.008969516,0.0037750842,0.0021085981,0.0016232723,0.013136328,0.00592255972,0.0049740381491643225,0.8398460098878197,5,2426.2
UGP2,0.006159205,0.006903699,0.004415433,0.008288913,0.0038402511,0.00592150022,0.0018183576138534308,0.30707718420948243,5,2100.6
STXBP2,0.0067910235,0.0035212059,0.0057853702,0.0066798343,0.006829491,0.0059213849800000004,0.0014085038788094078,0.23786730360663152,5,2094.8
BAG5,0.008695999,0.004914006,0.0057980143,0.0043214313,0.005815043,0.00590889872,0.0016806915656525131,0.28443397751324345,5,2102.0
CARD8,0.007301094,0.005034488,0.0068900306,0.0066469302,0.0036664668,0.0059078019200000005,0.001519753840043858,0.25724522599495986,5,2088.8
SQSTM1,0.006337693,0.005020548,0.0058215316,0.005922274,0.0064148093,0.00590337118,0.0005560207267991655,0.09418698398686248,5,2077.0
PLA2G2E,0.0054177754,0.0044784965,0.006264553,0.006359819,0.006985419,0.00590121258,0.0009715544531493239,0.16463640988668196,5,2080.8
CHID1,0.004634981,0.0062929755,0.005153091,0.008587255,0.004837013,0.005901063100000001,0.0016327776191606897,0.2766921131822314,5,2099.6
STOM,0.0067738844,0.007248654,0.0047645383,0.006321186,0.004370485,0.00589574954,0.0012637778956581128,0.2143540676353278,5,2080.6
SYDE2,0.0064361924,0.0058616158,0.008780381,0.0017229251,0.0066746473,0.00589515232,0.0025803820454241263,0.4377125314760529,5,2212.4
TAS1R2,0.0031875735,0.00784602,0.010457876,0.0044696885,0.0035042285,0.0058930773,0.0031505458827815183,0.5346181158664792,5,2210.4
SEPSECS,0.0068946574,0.0059768357,0.006741809,0.005656173,0.004169182,0.00588773142,0.0010906786219399335,0.18524598765409264,5,2072.6
FA2H,0.008004982,0.0062117963,0.0041411165,0.005595845,0.005469322,0.005884612359999999,0.0014052266032543556,0.23879680041564466,5,2088.4
FBXO11,0.007934196,0.0066498523,0.0040531512,0.003924861,0.006813671,0.0058751463,0.0017919237261834191,0.3050006986521202,5,2119.8
UGT2A2,0.005638281,0.0046446044,0.0117428005,0.0042628124,0.0029643225,0.00585056416,0.00343034979049069,0.5863280354984928,5,2236.0
RING1,0.0061169043,0.0038663172,0.0023464402,0.0061970064,0.010695485,0.00584443062,0.0031575366136217804,0.5402641966210525,5,2217.8
HTR3E,0.009741957,0.005697965,0.003909521,0.0040701996,0.0058024176,0.005844412040000001,0.0023508349635108436,0.40223634942597974,5,2144.4
CLEC4E,0.0069373385,0.0041078697,0.005931105,0.004448076,0.0077770813,0.005840294099999999,0.0015734089767839273,0.2694057781754394,5,2114.8
TLE3,0.0069563584,0.0049405023,0.0060599116,0.0055476623,0.005681997,0.00583728632,0.0007439930711916927,0.12745529864495198,5,2090.0
SPATA13,0.0035092584,0.002542777,0.007263203,0.011701699,0.0041292286,0.005829233200000001,0.0037287805321128886,0.639669130429177,5,2282.2
NHLRC2,0.004413746,0.008625553,0.0037301672,0.0069410047,0.005431938,0.00582848178,0.001976294704148845,0.33907538510806584,5,2131.2
CXCL5,0.00517997,0.004995313,0.00904697,0.007503814,0.0023786486,0.005820943120000001,0.00255837873600012,0.4395127530468155,5,2194.2
GATA4,0.005773703,0.005942661,0.0051602144,0.0052779415,0.0069046016,0.005811824300000001,0.0006932459896908384,0.11928199372627943,5,2095.8
SMARCE1,0.009978204,0.0036474124,0.0040785656,0.0040187137,0.0073235803,0.0058092952,0.0027635214963970195,0.4757068458833043,5,2183.2
ACOT13,0.0033321108,0.0018313781,0.0063039316,0.009161881,0.008404233,0.0058067069,0.0031693229722618505,0.5458038483502328,5,2295.2
PPM1E,0.005938854,0.0049289465,0.0070818765,0.0032900453,0.0077926083,0.00580646612,0.0017812476929228713,0.3067696695564068,5,2144.2
PIGP,0.0046031894,0.006901785,0.009215107,0.0046296744,0.0036534027,0.0058006316999999995,0.0022520424953308806,0.3882409040606527,5,2162.6
OR10W1,0.006619354,0.0050504142,0.004615959,0.007277823,0.005435987,0.00579990744,0.0011126139468858765,0.19183305223330882,5,2103.8
GNLY,0.0055272696,0.0041298103,0.006972263,0.0058621163,0.0064992737,0.00579814658,0.0010875363226862985,0.18756620028159043,5,2109.6
OR10G9,0.0189161,0.0017600378,0.00057208707,0.0009933022,0.006729921,0.005794289614,0.007740371133791237,1.3358619691858635,5,2973.8
OR7A10,0.003922197,0.01000006,0.004245159,0.0055758986,0.005190512,0.00578676532,0.0024497448806734164,0.42333579214050737,5,2162.2
CD2AP,0.0053481013,0.0073305266,0.00351573,0.0065076244,0.0062064906,0.00578169458,0.0014516288264072611,0.25107324614287413,5,2127.6
HTR3A,0.007971206,0.007559331,0.0051206416,0.004044181,0.004185712,0.0057762143200000005,0.0018679471494455649,0.32338605286473593,5,2134.2
PDCD1LG2,0.003266719,0.007741843,0.0074759503,0.006560902,0.0038038034,0.00576984354,0.002095012048219353,0.3630968558671442,5,2159.2
MBOAT1,0.0070127407,0.006142671,0.0055092215,0.0043271226,0.0058412035,0.00576659186,0.0009795663071598894,0.16986919326728447,5,2109.2
OR5L1,0.007034051,0.0026913993,0.007305681,0.005445653,0.0063388254,0.005763121940000001,0.0018616155690656057,0.3230220683245868,5,2171.8
RET,0.004758542,0.0073766285,0.008037182,0.0033831252,0.0051972927,0.00575055408,0.0019214376705494085,0.33413087570674727,5,2161.4
GINS3,0.0049108407,0.0062420676,0.0042800903,0.0060372385,0.0072182105,0.00573768952,0.0011558918276058196,0.2014559734500621,5,2118.8
VDR,0.006926635,0.00345539,0.0040670037,0.0069127292,0.0073263226,0.0057376161000000005,0.0018247018145471086,0.31802438203335154,5,2151.6
RAB31,0.005646786,0.005411596,0.006895881,0.0056172023,0.005104746,0.0057352422600000005,0.000683943101135751,0.11925269589845555,5,2104.8
LIPC,0.00708557,0.0060126544,0.0051244595,0.0038335302,0.0066191796,0.005735078740000001,0.0012914383383700392,0.2251823204035101,5,2127.8
E2F7,0.004543835,0.0066322656,0.005818598,0.0075341947,0.0041304855,0.0057318757599999996,0.001417962251314612,0.24738188870210476,5,2134.2
AGA,0.0046853656,0.0033468395,0.0063567976,0.007948709,0.006318571,0.00573125654,0.0017629994174734936,0.3076113248759745,5,2156.0
EPHA1,0.009215547,0.0041853148,0.005796276,0.0056637377,0.003794151,0.0057310053,0.0021384211321992842,0.3731319411272023,5,2156.8
ENTPD7,0.007716309,0.0035523581,0.004706118,0.0049977982,0.007672169,0.00572895046,0.0018737673568811708,0.3270699179481421,5,2153.0
NSUN2,0.005499605,0.004005456,0.007361386,0.0077673835,0.0039158263,0.00570993136,0.0018116772707386165,0.31728529758344004,5,2149.8
TNFRSF21,0.0059441435,0.00585852,0.005567854,0.005284835,0.0058826287,0.0057075962400000005,0.0002773192696542436,0.04858775182987428,5,2118.0
AP1M1,0.0040633236,0.0062855864,0.0054821954,0.00702762,0.0056491895,0.00570158298,0.0010993411613490292,0.19281332310786245,5,2136.4
FER,0.007652072,0.0039919442,0.0062062265,0.0056350464,0.0049994183,0.0056969414799999995,0.0013674147043056094,0.24002611034467033,5,2134.4
ANP32A,0.006520804,0.0035122049,0.0070945187,0.0054806923,0.005851672,0.005691978379999999,0.0013670796924078593,0.24017654339858185,5,2149.0
CLEC4G,0.006738237,0.0059382124,0.0058343955,0.005455505,0.0044780807,0.00568888612,0.0008223427441154368,0.14455250584545656,5,2120.4
GRM8,0.005976377,0.0077106673,0.004209796,0.005005492,0.0055412115,0.00568870876,0.0013083188533693584,0.22998520553007856,5,2136.4
DDAH2,0.007821134,0.0054966463,0.009706063,0.0020931028,0.003312281,0.00568584542,0.003134446147522822,0.5512717838753383,5,2279.2
PAX5,0.003440955,0.0077926572,0.005739156,0.004566195,0.006887387,0.00568527004,0.0017448745275992505,0.30691145984672535,5,2169.2
FPGS,0.0056869397,0.0048306067,0.0030113095,0.009635779,0.005234173,0.0056797615800000005,0.0024336379686007506,0.42847537424286575,5,2204.0
VAPB,0.0076019843,0.005210407,0.004659543,0.0073803714,0.0035324951,0.00567696016,0.0017648560645467898,0.3108804738461983,5,2149.8
ADAM12,0.006589301,0.0045450106,0.0075764903,0.0037797373,0.005884756,0.0056750590399999995,0.0015300740168228896,0.26961376190773334,5,2159.0
LY6G6F,0.0065113725,0.0051355953,0.0057521546,0.007942395,0.0030236628,0.00567303604,0.0018143234944376601,0.3198152597031025,5,2168.8
NDUFS8,0.004027835,0.008855113,0.0032771295,0.0056266948,0.0065549654,0.00566834754,0.002199574128450107,0.3880450365698831,5,2189.4
INPP4B,0.004808262,0.006346953,0.0054825866,0.005240551,0.00644628,0.0056649265199999995,0.0007111416716022569,0.12553413872034777,5,2133.8
GSC,0.005624648,0.008149007,0.0054249456,0.004449861,0.0046571475,0.005661121819999999,0.0014766346386792034,0.2608378137107821,5,2144.8
JUND,0.005900899,0.007281388,0.0027835516,0.0053698826,0.0069682407,0.00566079238,0.0017858153227725206,0.3154709098821463,5,2180.2
EIF3H,0.012592996,0.003942451,0.0021324586,0.0043747844,0.0052610245,0.005660742900000001,0.004039520833611102,0.7136025968625251,5,2327.2
SRGAP3,0.005230191,0.0051992387,0.0063409973,0.005705547,0.0058081127,0.005656817339999999,0.00047030716801705545,0.08313988940237825,5,2122.6
PGM2L1,0.006138146,0.0057893875,0.0027719666,0.0044437908,0.009120628,0.005652783779999999,0.0023473896270847865,0.4152625889194698,5,2203.2
OR56B1,0.008084789,0.0014744313,0.008573776,0.0056253355,0.0044986056,0.005651387480000001,0.0028826353098130772,0.5100756796476247,5,2317.0
RNF123,0.010546188,0.0026881625,0.0013948872,0.0015777635,0.0120135695,0.005644114140000001,0.005194445998491969,0.9203297221930328,5,2583.2
DBNL,0.004043107,0.00707361,0.007017433,0.006916068,0.0031479637,0.00563963634,0.0018934901871238146,0.3357468590118019,5,2190.2
HIPK1,0.0074918475,0.004418654,0.0030787298,0.00670331,0.006498255,0.00563815926,0.0018267692185855436,0.3240009964857828,5,2174.2
ADAMTS16,0.0065105907,0.0032531444,0.006722744,0.006634618,0.0050522396,0.005634667340000001,0.001496823925778566,0.26564548276927485,5,2165.2
RARB,0.0052889027,0.0059357034,0.0064801155,0.0048882016,0.0055758106,0.00563374676,0.0006094320032705722,0.10817525693515061,5,2132.0
HPR,0.0046333494,0.0040162015,0.006981518,0.00737096,0.0051658554,0.0056335768599999995,0.0014722913165435766,0.26134219042918616,5,2163.2
GPIHBP1,0.0041124094,0.0056363386,0.0091200555,0.006577696,0.0026367812,0.0056166561400000006,0.0024667896647378304,0.43919186135860366,5,2230.2
SETD3,0.006855186,0.0049567516,0.007863759,0.0024652712,0.0059175505,0.00561170366,0.0020640096475121107,0.3678044623461301,5,2220.0
ELAVL1,0.007425722,0.0058361026,0.0053937677,0.0057780202,0.0036092843,0.00560857936,0.0013625168974473795,0.24293440637833455,5,2150.2
MST1,0.008968559,0.0035555025,0.003815022,0.003925195,0.0077611203,0.00560507976,0.0025587394329903957,0.4565036614198681,5,2226.8
UBE3A,0.00378438,0.003956771,0.002198408,0.0041687745,0.013902709,0.0056022085,0.004705073443860228,0.8398604664321629,5,2411.0
KEAP1,0.005912058,0.004888323,0.0042627384,0.005955519,0.0069765104,0.005599029760000001,0.0010503931250213454,0.18760270440522633,5,2157.0
IL5,0.007828223,0.0046833474,0.0029621585,0.008302531,0.0042030048,0.00559585294,0.002346200167834622,0.41927480814651685,5,2207.2
VANGL2,0.006472346,0.008135504,0.0049054073,0.0037658073,0.0046939435,0.0055946016199999995,0.0017217202608160326,0.3077467133068239,5,2173.8
FGFBP1,0.0078137,0.005177496,0.004093865,0.0055086026,0.00534997,0.005588726719999999,0.001361768428336658,0.24366344903990192,5,2156.0
PAG1,0.0055037583,0.0034112344,0.007565112,0.0048376527,0.006616289,0.00558680928,0.0016027140458433273,0.2868746659351377,5,2183.8
MYH10,0.0048495764,0.0061365357,0.0038340723,0.0049431194,0.008152595,0.005583179759999999,0.001651917486797677,0.2958739567428288,5,2178.8
IL2RA,0.0062808804,0.0052774497,0.0055766874,0.0057404716,0.004969607,0.0055690192200000006,0.0004951032351089841,0.0889031291777413,5,2143.6
OXSM,0.0071688397,0.0048620575,0.0024011142,0.0068117017,0.0065708626,0.005562915139999999,0.0019775367419279173,0.35548569269167707,5,2212.4
FOXO6,0.004289065,0.0067405924,0.0055841673,0.00640275,0.0047956537,0.00556244568,0.0010373139796636345,0.1864852331760001,5,2165.2
DIO3,0.007954164,0.0052004615,0.0035147336,0.0040518115,0.007048108,0.00555385572,0.001906129130539158,0.3432082550641337,5,2194.2
TRIT1,0.008187675,0.004745465,0.005273074,0.006473379,0.003076614,0.005551241399999999,0.0019138673777585268,0.3447638536775805,5,2199.8
FBN1,0.0059388713,0.005202052,0.0065151537,0.0054696286,0.0046285246,0.00555084604,0.0007175275707448618,0.12926454194086454,5,2153.2
TBC1D4,0.0069641224,0.0046388847,0.0057396316,0.0069742207,0.0034206791,0.005547507700000001,0.0015352698814445672,0.2767494818338994,5,2181.2
ANK2,0.013442935,0.0031890254,0.0021011077,0.002936538,0.006064837,0.00554688862,0.004660007361358321,0.8401119403328349,5,2435.8
LRRTM3,0.0060482286,0.005763591,0.00650314,0.0034423904,0.005971927,0.005545855400000001,0.0012064704144253103,0.21754451340821296,5,2177.6
TARS1,0.0035850273,0.004445733,0.005460202,0.0077386075,0.0064803627,0.0055419865,0.001638890132188136,0.2957225053125149,5,2197.8
GALNTL6,0.005211516,0.007993246,0.00492247,0.0044097123,0.00515865,0.00553911886,0.0014080691745174307,0.25420454229383166,5,2173.2
FGF14,0.005906037,0.005499794,0.0041548964,0.005618301,0.0065121385,0.00553823338,0.0008667872137367523,0.1565096943850265,5,2163.6
BAAT,0.007364458,0.008564385,0.0025305117,0.0043213377,0.0048626848,0.00552867544,0.0024225928208802578,0.43818684007977465,5,2234.2
TFAP2B,0.003983725,0.0065169972,0.00836179,0.005120824,0.0036508557,0.00552683838,0.0019418240633825587,0.35134446312189044,5,2215.4
OR52E4,0.005265654,0.0054892544,0.004735878,0.0064324583,0.0057040555,0.005525460039999999,0.0006218504656777408,0.11254274959479046,5,2154.2
RAB44,0.0017174112,0.005270529,0.006433703,0.010815844,0.0033333995,0.00551417734,0.003470727100912153,0.6294188392773297,5,2362.4
OR6B2,0.0065557105,0.0077629173,0.0045460346,0.0048408234,0.0038461823,0.00551033362,0.0016058068226872766,0.2914173502778361,5,2183.6
CYP7B1,0.0061410884,0.0074314154,0.0031796498,0.0076139006,0.003120611,0.00549733304,0.0022167215111079533,0.4032358045216692,5,2237.2
HPX,0.005802123,0.006901399,0.0030685065,0.0057317833,0.0059676627,0.0054942949,0.0014352375468169355,0.2612232457374895,5,2199.0
TRPM8,0.004521474,0.002889058,0.0069641555,0.0055677933,0.007487173,0.00548593076,0.0018621724768468182,0.3394451294253699,5,2235.0
POLR3A,0.0036935892,0.0031263002,0.009387589,0.0077552665,0.0034483941,0.0054822278,0.0028855092033846703,0.5263388003294336,5,2295.8
NAA35,0.01118952,0.0063614957,0.0028811737,0.0033214483,0.0036220737,0.005475142279999999,0.0034727751520821485,0.6342803482509953,5,2312.6
EDN2,0.0052399826,0.005341563,0.0053243926,0.0062935697,0.005148218,0.005469545179999999,0.00046701586005789154,0.08538477052270946,5,2165.4
NLK,0.0061823707,0.009646966,0.00244663,0.0025261636,0.006531262,0.00546667846,0.003036761340463866,0.555503924857484,5,2322.2
AUH,0.005810347,0.006650117,0.0032035871,0.007157733,0.0044704503,0.0054584468799999996,0.0016195689670815835,0.2967087530000079,5,2209.8
FGFBP2,0.0071413154,0.005141858,0.0046455935,0.0032450075,0.007045029,0.0054437606800000005,0.0016589517685884022,0.3047436994582212,5,2217.4
TTC8,0.0053291377,0.009567471,0.0021297396,0.0038803662,0.0063080443,0.00544295176,0.0027924919943322973,0.5130473532494246,5,2303.2
HLA-DOB,0.008049213,0.0035087944,0.006966663,0.0035706665,0.0050892895,0.005436925279999999,0.0020301235051054444,0.3733955131907652,5,2237.2
IL13,0.0069949105,0.0057694013,0.004091991,0.0054660956,0.0048472225,0.005433924179999999,0.0010834276291514801,0.1993821763540838,5,2186.2
ZNF568,0.005220492,0.006275075,0.0067400876,0.0051423246,0.0037913998,0.0054338758,0.0011447780919723873,0.21067432052318666,5,2192.6
GPD1L,0.006253143,0.004742682,0.003918473,0.0072442656,0.0049533676,0.00542238624,0.001318439661936453,0.24314750067240745,5,2206.8
SDC4,0.005719777,0.005073175,0.0053056763,0.004724617,0.0062815235,0.0054209537600000005,0.0006018719648285363,0.11102695051000329,5,2193.2
SLC25A13,0.006371222,0.00438348,0.0015079272,0.0022491892,0.0125659555,0.00541555478,0.004427248946401605,0.8175060776324756,5,2498.2
TTC5,0.005812286,0.0042410847,0.004695356,0.007587141,0.004733947,0.005413962939999999,0.00134497445322661,0.2484269781918031,5,2203.4
IFT22,0.0013776042,0.002999259,0.001661286,0.0018831656,0.019146865,0.0054136359600000005,0.00770169948003292,1.4226482048181384,5,2923.4
VAPA,0.005156885,0.0052072625,0.005518205,0.0064682686,0.004689238,0.00540797182,0.0006626250338569409,0.12252745685663372,5,2184.0
EXOC6,0.005285772,0.0052698497,0.006106994,0.0042338395,0.0061366586,0.00540662276,0.0007797763385378867,0.14422614137367457,5,2197.0
ATP6V0A1,0.0060244557,0.004487379,0.007303167,0.0041987547,0.0050117318,0.00540509764,0.0012687079231474018,0.2347243301875675,5,2211.2
OR1M1,0.008164216,0.0029467228,0.0017836149,0.002683061,0.01142762,0.00540104694,0.004196774214200176,0.7770297612336945,5,2466.6
UIMC1,0.005520028,0.0056125377,0.005680171,0.003549696,0.006589621,0.0053904107400000005,0.0011153965696632916,0.206922370754866,5,2212.2
OAZ3,0.0047067935,0.0074226125,0.0063824374,0.004547516,0.0038823371,0.0053883393,0.0014633890127361232,0.2715844217041275,5,2216.4
OR8B3,0.004959531,0.0037991432,0.005614535,0.0034322632,0.009132582,0.00538761088,0.0022697009577044842,0.4212815305816006,5,2269.6
PDPN,0.0051149894,0.00676036,0.004823733,0.005840024,0.0043787067,0.00538356262,0.0009353079993905653,0.17373402436443944,5,2197.2
PPP2R2A,0.013478037,0.0046787946,0.0023921423,0.0035597924,0.002756117,0.00537297666,0.004615053005385486,0.8589378471979974,5,2449.2
SLC2A9,0.0029820537,0.005730754,0.0050956085,0.006113193,0.0069045657,0.0053652349799999995,0.0014844894636927733,0.2766867563539171,5,2245.8
MNDA,0.005584663,0.0041877124,0.005491132,0.003975161,0.007579985,0.00536373068,0.0014394417449471904,0.26836577576769577,5,2229.8
TACR2,0.0068344725,0.0047041597,0.0050229877,0.0057685603,0.0044739773,0.0053608315,0.0009578266060986403,0.17867127629335866,5,2200.0
FUT8,0.0041731577,0.0062190713,0.004026538,0.0061189863,0.006255619,0.00535867446,0.0011514017392361595,0.21486689438420553,5,2222.0
EDC3,0.0066460012,0.008334139,0.0045414898,0.004954862,0.0023085647,0.0053570113400000004,0.0022718170235470985,0.42408292224132166,5,2276.2
TLE1,0.0036220655,0.0035442233,0.0059937704,0.0038526764,0.009745979,0.005351742920000001,0.002656483653120071,0.4963772910676491,5,2310.0
CD28,0.006099687,0.004696129,0.0038873074,0.005074694,0.0069804606,0.005347655599999999,0.001210703845438297,0.22639899350255416,5,2227.2
KIF17,0.0059298915,0.0059860945,0.003622307,0.004234802,0.006952326,0.0053450842,0.0013726623611601742,0.2568083700459151,5,2232.8
XYLT1,0.005717963,0.006202484,0.0064019533,0.004793174,0.0036080456,0.00534472398,0.0011525029966366735,0.21563377284764357,5,2216.6
MMUT,0.0103035,0.006034713,0.0025172085,0.0042566424,0.0036087853,0.00534416984,0.0030519580331316394,0.5710817815497494,5,2319.4
CES5A,0.0057116207,0.003967472,0.005271241,0.005384476,0.006340088,0.00533497954,0.0008701567319685047,0.16310404293856107,5,2223.6
SPRR2F,0.004591384,0.0075967833,0.0049812533,0.0038448288,0.0055937115,0.005321592179999999,0.0014213029389201048,0.26708227365895315,5,2239.8
CDH17,0.0097629065,0.0023377407,0.00165649,0.0044162404,0.008420337,0.005318742919999999,0.003622273362378565,0.681039376571065,5,2450.2
DDC,0.0064934962,0.00661777,0.0037659435,0.0040565436,0.0056381985,0.00531439036,0.0013391981676833017,0.25199469308146605,5,2238.8
ELMO1,0.0061220434,0.005401166,0.0042893975,0.005901197,0.0048572565,0.00531421208,0.0007522893471858797,0.1415617848631061,5,2207.0
NAT8B,0.0042839814,0.004212141,0.0060329963,0.003439548,0.008602256,0.00531418454,0.0020687064136318133,0.3892801234245082,5,2278.8
RGS6,0.006745837,0.007563496,0.0049052453,0.0035340036,0.0037902726,0.0053077709,0.0017865755104701537,0.33659619906920885,5,2247.8
PLCE1,0.0061762966,0.007996982,0.0036290423,0.0037790253,0.004932386,0.00530274644,0.0018222358279773759,0.34364000779516357,5,2258.8
COLEC11,0.0049136854,0.0039504576,0.0013290187,0.0058149346,0.010495733,0.005300765860000001,0.0033541016778482983,0.6327579384629333,5,2412.4
CLCNKB,0.004202363,0.005312459,0.0028858786,0.008174472,0.0059200637,0.005299047259999999,0.0019798994972385665,0.3736331080086587,5,2271.0
PDE9A,0.0022973702,0.0028712228,0.0029032347,0.016862262,0.0015413706,0.00529509206,0.0064898440926994755,1.2256338547397183,5,2746.6
PPARD,0.007980393,0.00488274,0.002414457,0.0033575457,0.007816101,0.00529024734,0.002539113443940725,0.47996119666131243,5,2318.2
ESPN,0.007451166,0.0029517962,0.003492684,0.009394183,0.0031602609,0.00529001802,0.0029473838833650704,0.5571595167014327,5,2346.0
ARHGAP26,0.003704985,0.0038413943,0.0030312578,0.011759436,0.0041075326,0.00528892114,0.0036388347324666516,0.6880107750040402,5,2384.4
RAB6B,0.006631521,0.0057931184,0.003218554,0.005564235,0.0052361498,0.005288715639999999,0.0012670627135364639,0.23957852903894528,5,2236.8
SLC26A1,0.01039562,0.0030923204,0.005906503,0.0040689665,0.0029094403,0.00527457004,0.003099759024211539,0.5876799437118744,5,2357.0
ACTA2,0.006793784,0.004905409,0.0030095773,0.006395672,0.00526584,0.00527405646,0.0014858858924441027,0.2817349233390844,5,2252.6
ANG,0.0033806863,0.0063976767,0.0064827213,0.0027893842,0.007300238,0.0052701413,0.0020363677794193675,0.3863971881397881,5,2297.8
INO80,0.0031770705,0.0069957757,0.0033533662,0.0054809568,0.007305365,0.00526250684,0.0019505815478621045,0.37065634443186857,5,2290.0
TLR9,0.0049331575,0.0068794587,0.0033299846,0.004639412,0.006521118,0.00526062616,0.0014517212249890966,0.2759597775693486,5,2257.0
COL1A2,0.005837785,0.005432334,0.0045942767,0.0053656558,0.005044883,0.0052549868999999996,0.00046476737241562025,0.0884431077108147,5,2221.0
SEC16B,0.006589959,0.0034727762,0.007626333,0.0047314763,0.0038426132,0.00525263154,0.0017923826942870288,0.34123518480929443,5,2268.4
RCAN2,0.0073580584,0.0070845983,0.006501273,0.0021365704,0.003173586,0.0052508172200000005,0.0024176580038857837,0.46043461476379166,5,2344.2
FBXW12,0.009057608,0.003797663,0.004776255,0.0061034877,0.0024984379,0.0052466903200000005,0.0025065452440838363,0.47773836289309257,5,2315.2
MAP3K20,0.00249532,0.0044150157,0.0047981003,0.004686516,0.009835455,0.0052460814,0.0027310029760445964,0.5205796036722946,5,2350.6
TMEM186,0.0063016512,0.0038908608,0.0064755995,0.005041363,0.004516219,0.0052451387000000006,0.0011221819748128954,0.21394705440542408,5,2243.6
IL36A,0.0047238604,0.0030026613,0.005411773,0.006124505,0.006962492,0.00524505834,0.0015042265753374782,0.2867892934318588,5,2274.8
OR52M1,0.0025974447,0.0049414886,0.006494112,0.0036301399,0.008557956,0.00524422824,0.002358251293197598,0.44968509860234424,5,2333.6
SLC39A14,0.008305143,0.007245427,0.003454849,0.00318835,0.0040228614,0.00524332608,0.0023608389364613656,0.45025598264172145,5,2309.6
ENGASE,0.0016119687,0.008216478,0.0060459683,0.0026713868,0.007652263,0.005239612959999999,0.0029617732485055304,0.5652656543748855,5,2422.8
OR4X1,0.0056099673,0.0046354574,0.003997725,0.0058125597,0.0061380835,0.00523875858,0.000891622903940801,0.17019736457120746,5,2242.2
ATP2A2,0.0085181445,0.005946871,0.0021538138,0.002265289,0.007309009,0.00523862546,0.002911191232270418,0.5557166196551143,5,2387.8
DDO,0.009178667,0.0037144918,0.002046946,0.0031563095,0.0080853235,0.00523634756,0.0031809366572569855,0.6074724072091551,5,2395.8
LYPD4,0.0052011376,0.007009644,0.0019101076,0.0054608,0.0065951142,0.00523536068,0.002006633566887515,0.38328468457831544,5,2319.6
LAG3,0.003274656,0.0053055435,0.003909557,0.0068500005,0.00681999,0.0052319494,0.0016374597334190921,0.3129731593770942,5,2275.0
HTR3D,0.0054085464,0.0050437283,0.0028339513,0.005348696,0.0075241853,0.005231821459999999,0.0016647059559059501,0.31818860193022536,5,2273.0
CYP19A1,0.0036510832,0.006196268,0.00689044,0.0048857597,0.004461259,0.0052169619799999995,0.0013126621101928447,0.25161427574613926,5,2261.0
ADRA2A,0.0048635607,0.0055732653,0.004693371,0.0076594083,0.0032843838,0.00521479782,0.0015989348849184844,0.3066149331401086,5,2265.0
GADL1,0.008602244,0.0048568477,0.0036865494,0.005617603,0.0033065982,0.00521396846,0.00210605896805206,0.4039262961042269,5,2288.8
RGS5,0.009434448,0.0040686876,0.0032992088,0.004792152,0.0044694976,0.0052127988000000005,0.002425004097841783,0.4652019367871599,5,2301.6
ABCC11,0.0026619907,0.004249557,0.004283115,0.0077840122,0.007084627,0.005212660379999999,0.002145556324075973,0.41160485580608136,5,2319.0
SPRY2,0.0050151767,0.004205464,0.0037870922,0.0067397635,0.006307984,0.00521109608,0.0012862206774161217,0.2468234432200532,5,2262.6
DHX15,0.0048298473,0.0051442413,0.006620692,0.0038529749,0.0055650016,0.005202551420000001,0.0010131828625820054,0.19474730392611964,5,2256.0
COL19A1,0.005381203,0.0048405365,0.0067979726,0.004210775,0.004781307,0.00520235882,0.0009835404254664687,0.18905662978980536,5,2254.4
KDM4A,0.004239418,0.008782696,0.003236536,0.004603504,0.0051171975,0.0051958703000000005,0.0021199173183374274,0.40800043032972305,5,2299.6
TAF2,0.0064722453,0.0051828027,0.0059522996,0.004175735,0.0041888407,0.00519438466,0.001031535602711372,0.1985866796994915,5,2251.8
SLC26A2,0.008679113,0.005383616,0.0024586376,0.004809449,0.0046260185,0.0051913668199999995,0.0022435809600567934,0.43217538614556883,5,2304.2
HLA-E,0.005277624,0.0061707366,0.005068945,0.004356253,0.005058228,0.0051863573199999995,0.0006512695546748763,0.12557359905832258,5,2244.0
CRP,0.004661808,0.005913331,0.004423039,0.0044425963,0.0064034364,0.00516884214,0.0009245574092999516,0.1788712799226543,5,2259.6
SMARCD3,0.007865991,0.0051632677,0.0028534746,0.0060572247,0.0039027531,0.00516854222,0.0019382836784786238,0.37501554519150737,5,2291.0
CNTNAP1,0.0066197193,0.00495354,0.006715151,0.0028616767,0.004666242,0.0051632658,0.0015904350368556538,0.3080288907178968,5,2295.2
PLXNA2,0.0048512286,0.005242442,0.0071787215,0.004041849,0.004484504,0.00515974902,0.0012128405856960762,0.23505805824952242,5,2266.4
FBF1,0.0083364565,0.0038433506,0.0020913663,0.0045121023,0.007012041,0.005159063340000001,0.002504484838862816,0.48545339993108433,5,2358.4
RAB26,0.012882485,0.0035902644,0.002213114,0.0029981823,0.0041056275,0.0051579346399999995,0.004375217632711494,0.8482499174730711,5,2491.4
FMO1,0.009454743,0.0053548235,0.0036516269,0.0034794468,0.0038269993,0.0051535279000000005,0.002517881228575106,0.4885742888042007,5,2319.6
STARD3,0.005204183,0.006005889,0.005243562,0.0039258637,0.0053867986,0.00515325926,0.0007580840602655673,0.1471076889435536,5,2260.0
SLC5A12,0.0055925017,0.004708353,0.0059479172,0.003515058,0.005990114,0.00515078878,0.0010495660353996654,0.20376802082722278,5,2274.8
PLXNC1,0.0058188923,0.004091542,0.005548788,0.005283417,0.004988506,0.005146229059999999,0.0006653178608172697,0.12928259761862793,5,2263.2
IKBKE,0.0059713344,0.0053641195,0.004196754,0.0074135032,0.002764076,0.005141957420000001,0.0017638645035929327,0.34303366588222983,5,2299.2
MCU,0.009256738,0.0034208044,0.003289933,0.0031206198,0.0065429644,0.00512621192,0.002709758666388085,0.5286083971315967,5,2367.0
CLDN10,0.005758978,0.005117247,0.005224959,0.004384354,0.005128706,0.0051228488,0.0004900324245952505,0.09565623420219829,5,2262.2
CTNNA2,0.0042465013,0.005231192,0.0037513804,0.0068908455,0.005465339,0.00511705164,0.0012148654858592013,0.23741513108106943,5,2277.4
NMS,0.0059499633,0.0050646956,0.004902644,0.0060249735,0.0035599167,0.00510043862,0.0009987573513428908,0.1958179336629074,5,2275.6
ITPKB,0.00445788,0.0054592644,0.0053264042,0.0052210055,0.004996568,0.00509222442,0.00039296503556855033,0.07716962238057652,5,2270.4
CCR9,0.0044668727,0.004955643,0.0053582643,0.0041676415,0.0065113064,0.00509194558,0.0009150332410497866,0.17970208571038707,5,2290.6
MC5R,0.0052097784,0.004051915,0.0077907927,0.003994317,0.0044057625,0.00509051312,0.0015854770115914193,0.31145720956150275,5,2304.2
CD68,0.0052566207,0.0028926395,0.006435822,0.0070244325,0.0038180635,0.00508551564,0.0017340086137313587,0.34097006802860974,5,2320.2
PIGU,0.0040015685,0.0065293014,0.0047253696,0.0038352949,0.0062830346,0.005074913800000001,0.0012634976707981437,0.24896928708387986,5,2305.4
AICDA,0.005514067,0.001254067,0.00076211314,0.0023331533,0.015503081,0.005073296287999999,0.006116696086201841,1.2056650625097183,5,2936.4
TAF6,0.008776574,0.006170668,0.004082323,0.004494992,0.001838384,0.0050725881999999995,0.0025835832383364777,0.5093224871548765,5,2389.8
ATP8B4,0.004529081,0.0055408417,0.0052074073,0.0059948107,0.0040888153,0.005072191200000001,0.00076667142190683,0.15115191673114173,5,2275.6
DLG2,0.0051404056,0.0051842974,0.004001843,0.006945637,0.004077133,0.0050698632,0.0011898297317992522,0.23468675284951518,5,2284.6
ZNF563,0.0045021484,0.0032831011,0.0028750857,0.006138663,0.008534726,0.00506674484,0.0023172950710418885,0.4573538127966769,5,2362.0
OR9G4,0.00799017,0.0065331357,0.0040888884,0.0035107452,0.0032009794,0.00506478374,0.002094941309731284,0.41362897554462685,5,2335.8
RAB12,0.004590318,0.00392092,0.0064096246,0.0049792933,0.005408935,0.00506181818,0.0009311073602445758,0.18394721563163216,5,2290.8
GHR,0.004459853,0.0055543142,0.004291022,0.0070591206,0.003907651,0.00505439216,0.0012767227837526703,0.2525967007183452,5,2292.2
CXCL13,0.01181727,0.0033200332,0.0026291525,0.003229158,0.004225145,0.00504415174,0.003828998281193214,0.7590965693655389,5,2463.2
UBE2R2,0.003863058,0.0063011083,0.0049393307,0.0048140734,0.0053012324,0.005043760560000001,0.0008810413455104041,0.17467945494827453,5,2290.6
SAA4,0.0062911147,0.0046742754,0.0038401582,0.004823376,0.0055377893,0.00503334272,0.0009264396051974987,0.1840605054601763,5,2297.8
PADI1,0.0030175904,0.0077677094,0.004150161,0.0053146807,0.004896702,0.0050293687,0.0017619429111069094,0.35033083001190773,5,2341.6
ZNF564,0.006086657,0.0056756972,0.0035717161,0.006152598,0.0036541028,0.005028154219999999,0.0013051190714632943,0.2595622597000007,5,2302.8
LDHB,0.0034473187,0.0073465323,0.004375462,0.0025647178,0.007372503,0.00502130676,0.0022284625168652898,0.4438013097740497,5,2380.4
NLGN1,0.0048189503,0.0075399186,0.0046681724,0.0039333515,0.004142053,0.00502048916,0.0014548013690527939,0.2897728334210354,5,2310.4
SCRIB,0.0034933928,0.007497509,0.006824,0.005600205,0.001617546,0.005006530560000001,0.0024308136664111194,0.4855285785793983,5,2423.6
CLDN8,0.00673117,0.0050286017,0.0027676083,0.0030269795,0.007473951,0.005005662100000001,0.002120991718236482,0.42371851632503954,5,2367.8
CCRL2,0.004680787,0.0034944634,0.0041947477,0.005608335,0.007025794,0.0050008254200000005,0.0013684734246628585,0.27364950977689967,5,2321.8
GRIK1,0.010661721,0.0021491407,0.002596869,0.0056272517,0.0039496506,0.0049969266,0.003444348754180315,0.6892934457312851,5,2474.8
SGIP1,0.003366882,0.0029915448,0.007268079,0.0053462214,0.0060109547,0.00499673638,0.0018018736394212393,0.36061010675556976,5,2363.0
SLC17A1,0.003284711,0.007373754,0.0032788678,0.005565404,0.0054748976,0.00499552688,0.001738126133628032,0.3479364990681487,5,2345.4
CAMKK1,0.0051104673,0.0067689363,0.0023446376,0.0073121297,0.003433333,0.00499390078,0.0021208778470982715,0.42469362939531036,5,2371.0
F7,0.0006466295,0.0022500907,0.00018877379,0.012232712,0.0096437,0.004992381198,0.005557371587506816,1.1131705226622433,5,3131.4
CYP27C1,0.008295131,0.0033615048,0.0071368567,0.0025852183,0.0035694924,0.00498964064,0.002548808420347317,0.510820037802826,5,2404.4
ACVR1,0.006371896,0.0056548733,0.004063821,0.003813992,0.0050305557,0.004987027599999999,0.0010716921205467058,0.21489596739883815,5,2311.4
LTA,0.005468704,0.0057652188,0.0030258237,0.0056407116,0.0049851094,0.0049771135,0.0011303461239707507,0.22710876976600006,5,2315.2
OR5D14,0.0045370087,0.0043396866,0.005899687,0.0053713247,0.004733923,0.0049763260000000005,0.0006453077055644346,0.1296755288066808,5,2308.8
EPAS1,0.008822167,0.0042507867,0.002442244,0.0019387275,0.0074272174,0.004976228520000001,0.0030402444437139407,0.6109535427271616,5,2468.2
MAPKAPK5,0.0073799705,0.0043042963,0.0032757726,0.0047577564,0.005104031,0.00496436536,0.0015152869875733948,0.3052327694860466,5,2330.4
HDAC9,0.00496862,0.005288369,0.0056103114,0.0049653114,0.0039830045,0.004963123259999999,0.0006093654621317228,0.12277862753135069,5,2299.2
MMP15,0.006455496,0.004134783,0.005605451,0.0051392866,0.0034800707,0.004963017460000001,0.0011785995152213274,0.2374763991302435,5,2325.0
AGBL2,0.0027584995,0.0077722035,0.004959891,0.004202766,0.005098126,0.0049582972000000005,0.0018267156739478028,0.3684159299583338,5,2367.8
ZNF215,0.0037232153,0.004713502,0.005327012,0.0039563086,0.0070264367,0.00494929492,0.001323072138448421,0.2673253786315932,5,2339.0
CBR4,0.0054965806,0.00751958,0.005225151,0.005117274,0.0013810681,0.00494793074,0.0022216229366291114,0.4490004111555352,5,2431.0
TLR10,0.0045368997,0.007118654,0.005752275,0.0042990604,0.0030306068,0.00494749918,0.0015512187590530331,0.3135359305007572,5,2353.8
ADGRE1,0.0055126725,0.007500589,0.0040190076,0.0024214035,0.005282103,0.0049471551199999995,0.001883673514289644,0.3807589349027011,5,2379.6
RAB19,0.0044638715,0.0038491855,0.005076493,0.0073741176,0.003957491,0.00494423172,0.0014426856769070894,0.2917916793970751,5,2336.0
GPD2,0.009368968,0.0028164969,0.002818767,0.0027809711,0.006869698,0.0049309802,0.0030417669938418036,0.6168686286434092,5,2465.0
PFKFB4,0.0037229196,0.0053362334,0.0100850025,0.002560603,0.0029459472,0.004930141140000001,0.0030719141833529594,0.6230884869460266,5,2467.0
WDR41,0.0036586355,0.0057991045,0.004281006,0.0055160075,0.005361744,0.0049232995000000005,0.0009113844858109417,0.18511660438511646,5,2321.4
ACTR3C,0.0066423225,0.0038830787,0.003222757,0.0072767246,0.0035693564,0.00491884784,0.0018908078111320391,0.38440054920097694,5,2364.8
UVSSA,0.0064947656,0.0032764217,0.0030698357,0.0045599947,0.0071635754,0.00491291862,0.0018552175022061746,0.37762023874235773,5,2373.6
SLC13A3,0.0020443657,0.0045083608,0.00689123,0.0054233335,0.0056812405,0.0049097061,0.0018136130417201446,0.36939340253383895,5,2407.0
KIF26A,0.0066383393,0.005126623,0.0026185515,0.004348047,0.0057644467,0.0048992015,0.001527261093227381,0.31173673775764904,5,2358.0
SYMPK,0.005207127,0.004333893,0.0038074541,0.005166931,0.0059804046,0.00489916194,0.000843650315581662,0.17220298612575807,5,2333.2
OR8A1,0.006505484,0.0050261416,0.0024727848,0.0062347716,0.004240037,0.004895843800000001,0.0016356913079918962,0.33409793588428943,5,2359.0
C4BPA,0.0046439683,0.003623112,0.0039246557,0.0048448704,0.0074094664,0.004889214560000001,0.0014955911002373387,0.305895984290233,5,2354.4
ZNF771,0.0068214266,0.004412396,0.0066906065,0.00447178,0.0020461795,0.004888477720000001,0.0019661453073071726,0.4021999116950404,5,2397.0
IFNL2,0.0056341095,0.0039251707,0.005479019,0.0054596784,0.0039268024,0.004884956,0.0008780224648154025,0.17974009690474232,5,2331.8
TMBIM1,0.0027488517,0.002951805,0.0077106543,0.005449803,0.0055403346,0.00488028972,0.0020635557675892932,0.4228346852303869,5,2421.2
SMAD7,0.009751124,0.004927677,0.0023579877,0.0030769564,0.004281597,0.00487906842,0.002902572832667587,0.5949030804260759,5,2447.2
GATA3,0.004584353,0.0037455393,0.0041551343,0.0052509475,0.0066280696,0.004872808740000001,0.0011283759695452189,0.23156582368657028,5,2351.8
PRICKLE1,0.004413482,0.005582563,0.0044121207,0.0053176335,0.0046143746,0.004868034759999999,0.0005457813095159112,0.11211532711321712,5,2327.6
SLC1A3,0.005228992,0.004106951,0.0039233984,0.0061801467,0.0048846155,0.00486482072,0.0009115560165511097,0.1873771037036509,5,2337.6
GLB1,0.0045077186,0.004007534,0.0066226823,0.0046595344,0.0044398434,0.004847462540000001,0.0010214917330142609,0.2107271019807119,5,2350.0
DIAPH3,0.005032634,0.004509444,0.004026561,0.0042228214,0.006420981,0.00484248828,0.0009602652657970569,0.19829996693292087,5,2353.0
BPIFA2,0.0038703277,0.0052376837,0.003156736,0.0061699226,0.005763347,0.004839603400000001,0.001279947011234346,0.2644735333548914,5,2361.6
SEMA3A,0.004353396,0.007420592,0.003847768,0.0023139296,0.006259082,0.00483895352,0.0020171503896575364,0.41685674006175133,5,2428.4
SLC44A4,0.0032432692,0.004686719,0.0042073834,0.0041312026,0.007925581,0.00483883104,0.0018025291332385968,0.37251334430528016,5,2391.0
OR51V1,0.0046618236,0.0044315103,0.0038846838,0.005032654,0.006179548,0.00483804394,0.0008577186286410992,0.17728624197677278,5,2351.8
AEN,0.0056389757,0.006840368,0.004566729,0.0029063504,0.0042153373,0.004833552079999999,0.001486901789800297,0.3076209307752607,5,2372.4
ARHGEF38,0.0053355177,0.0040679337,0.00442985,0.0030526733,0.007280925,0.00483337994,0.0015939165322637545,0.3297726543433609,5,2384.2
IVL,0.0041205054,0.006372599,0.0053158454,0.0035385857,0.0048131384,0.00483213478,0.0010939666855419006,0.2263940753618426,5,2356.0
PANK4,0.002575467,0.0055118855,0.0032610756,0.005538257,0.007273716,0.00483208022,0.0019028113993669585,0.3937872122841037,5,2411.6
HIVEP3,0.0053564725,0.004455324,0.0035726721,0.005146955,0.005621475,0.00483057972,0.0008254272096351482,0.1708753933234225,5,2347.2
GATAD2A,0.005951948,0.00492499,0.0017012849,0.0031716556,0.008401551,0.0048302859,0.0025769522151996883,0.5334989001789083,5,2483.4
KSR1,0.0046325726,0.004590654,0.005102139,0.005180429,0.004633046,0.004827768120000001,0.0002880495517368013,0.059665158842964736,5,2337.8
HLCS,0.0037949195,0.005545895,0.0060348157,0.0049191313,0.0038169753,0.0048223473600000006,0.0010086313474737278,0.20915775496390782,5,2353.6
CYP1B1,0.009796362,0.0028771488,0.0011749654,0.0012926352,0.008969264,0.00482207508,0.004227404623991315,0.876677478856533,5,2730.0
NMNAT3,0.0034648539,0.0048548505,0.006555634,0.0041344757,0.0050805165,0.004818066120000001,0.0011605876318545412,0.2408824625791024,5,2370.8
SLC2A2,0.0055645364,0.0044063046,0.0017416792,0.0032299121,0.009139998,0.004816486060000001,0.002801438817530982,0.5816354044489815,5,2494.2
MCHR2,0.003217145,0.0042165658,0.004478753,0.006266278,0.0059019327,0.0048161349,0.0012561797468303333,0.26082735905722515,5,2374.4
SLIT1,0.0070456197,0.009579125,0.0039338,2.576248e-06,0.0035108493,0.0048143940496,0.003650660703314467,0.758280411969556,5,2883.2
PXMP4,0.006913651,0.0048924866,0.0049039023,0.0052743405,0.0020466126,0.0048061986,0.0017530558305524,0.36474893703984684,5,2409.0
HOMER2,0.0034450602,0.0056325905,0.0059728455,0.0033446485,0.0056240708,0.004803843099999999,0.001294382303848189,0.26944724815183685,5,2382.2
UST,0.0052296086,0.0048314333,0.003950845,0.0045482474,0.0054515274,0.004802332340000001,0.0005904354200664103,0.12294763841071654,5,2351.4
KYNU,0.0033157123,0.0056164726,0.0059043295,0.0055743554,0.003600556,0.004802285160000001,0.0012376941476346583,0.2577302484958344,5,2373.0
PLPP1,0.0034111803,0.0056334664,0.00380729,0.0061602374,0.0049980297,0.00480204076,0.0011724333953439545,0.24415315361545462,5,2368.8
SPRR2G,0.006792564,0.003588541,0.006368506,0.005604851,0.00164755,0.004800402400000001,0.002149644191481767,0.4478049989062931,5,2451.8
MTRR,0.0073430613,0.00381345,0.005823746,0.003625664,0.0033887718,0.00479893862,0.001721853796879065,0.35879887892357853,5,2391.2
ESPNL,0.0041938317,0.008893034,0.003334083,0.0049566827,0.0026047635,0.004796478979999999,0.002455240861680999,0.511884003227926,5,2435.8
SEC24D,0.008805311,0.003892821,0.001881758,0.0031024842,0.006292377,0.00479495024,0.002760898758390298,0.5757929947548941,5,2489.2
TNFSF14,0.0060504708,0.0044850083,0.0050671054,0.003098835,0.0052726506,0.0047948140200000005,0.0011013024973177497,0.22968617609025627,5,2375.6
POLG,0.0035455914,0.004786654,0.006680268,0.003885822,0.0050434554,0.004788358160000001,0.0012250960256827003,0.25584887026970016,5,2381.0
FKBPL,0.005858404,0.0015627975,0.0045524277,0.007276043,0.004674838,0.0047849020400000004,0.0021098759335006962,0.44094443645092807,5,2484.2
ETNPPL,0.003077177,0.0052308855,0.0045038266,0.005396157,0.005679072,0.00477742362,0.0010448830522443995,0.21871266510052534,5,2377.8
THOC5,0.0060105138,0.0030147177,0.0025991332,0.0064648152,0.0057614376,0.0047701235,0.0018157574249200745,0.3806520784881302,5,2420.0
FXN,0.004901858,0.004767153,0.0025832937,0.0061014225,0.005472461,0.00476523764,0.001329013074587313,0.27889754404510936,5,2387.6
UHRF1BP1L,0.0046464875,0.0050811497,0.004259107,0.0069302656,0.0028882497,0.0047610519,0.0014646170525550986,0.30762467692383244,5,2390.6
KMT2A,0.0043173847,0.0036870614,0.010309861,0.003007635,0.0024828,0.004760948419999999,0.0031782259634191984,0.6675615198996839,5,2526.8
PARD3,0.005742779,0.005805867,0.003135109,0.0044486723,0.004658884,0.00475826226,0.0010962546909765941,0.2303897160507908,5,2372.6
IFI16,0.004771199,0.0060191387,0.0045437855,0.0063495873,0.0020931,0.0047553620999999996,0.0016786408368966378,0.35299958270194354,5,2413.8
DHRS3,0.0047567827,0.003125937,0.0073965,0.004701381,0.0037872475,0.00475356964,0.0016256369024752187,0.34198234707574804,5,2401.4
ATG5,0.0049012187,0.0043829014,0.0042932266,0.0040979856,0.006089977,0.00475306186,0.0008041897598984756,0.1691940445097585,5,2371.8
KIFAP3,0.0057020984,0.0046340404,0.0032607098,0.004813654,0.0053247814,0.0047470568,0.0009317061593256643,0.196270278317644,5,2374.0
ALDH2,0.006365322,0.0052934615,0.0029240276,0.004588149,0.0045559597,0.00474538396,0.0012552421694962581,0.2645185679550908,5,2378.4
SESN1,0.0055761863,0.007915539,0.0019297078,0.00411136,0.004192511,0.00474506082,0.002200897664217669,0.4638291789519505,5,2447.8
IP6K3,0.008002541,0.003114434,0.0033289015,0.0034343835,0.0058405586,0.004744163720000001,0.0021326986758579062,0.44954154235172683,5,2434.0
CIDEC,0.0047527617,0.005198985,0.0059040785,0.004014679,0.0037711165,0.00472832414,0.000870352372096166,0.18407206154359923,5,2376.2
EXOC4,0.0043439926,0.0048746867,0.008232679,0.002373716,0.0037835569,0.00472172624,0.002172911795593851,0.4601943622199179,5,2464.6
PERP,0.0044977707,0.0037967903,0.006131178,0.0047467276,0.004432628,0.00472101892,0.0008626148039004008,0.1827179298617174,5,2381.6
DCK,0.0032994547,0.0079114055,0.0023642532,0.006017537,0.0039884434,0.00471621876,0.0022344611675404794,0.4737823415851218,5,2449.6
ART1,0.0070814043,0.0038923812,0.004722879,0.0035608152,0.0042950376,0.0047105034599999995,0.001395084491654347,0.29616462518304726,5,2387.2
TUSC3,0.0059611294,0.0035247395,0.004074903,0.004790448,0.0051957266,0.0047093893,0.000950778072645336,0.20188988679388556,5,2388.2
HLA-DOA,0.0063527874,0.0038337463,0.0035290134,0.0052068583,0.0045796544,0.0047004119599999995,0.0011318898832157935,0.24080652777842768,5,2391.6
OR10D3,0.0059605036,0.0042055612,0.004459506,0.0059854826,0.0028673203,0.00469567474,0.0013136079395046788,0.27974849456985146,5,2402.6
RGS14,0.0050984975,0.0043048267,0.0047024405,0.0046877824,0.004678179,0.004694345220000001,0.0002808174200819404,0.059820359799175646,5,2371.0
MTNR1B,0.0051103886,0.0040577953,0.0026163615,0.0065185493,0.0051212837,0.00468487568,0.0014496424443231827,0.3094302908638085,5,2410.0
SYT7,0.0026499936,0.0050626993,0.0053138006,0.0039211665,0.0064545865,0.0046804493,0.0014486262851555142,0.30950581713501607,5,2442.4
NUP35,0.004657509,0.008397048,0.0023175022,0.0037385996,0.004264767,0.00467508516,0.002261464122727679,0.4837268296365491,5,2456.0
TRIOBP,0.003603185,0.007835392,0.0023741429,0.0077677434,0.0017916238,0.004674417419999999,0.0029287252659852773,0.6265433748929674,5,2546.6
ST6GAL2,0.0048732087,0.005142563,0.0030007593,0.006519584,0.0037967914,0.00466658128,0.00134483919793399,0.28818510109267614,5,2405.8
TCL1B,0.004048924,0.0051772855,0.005889788,0.0063240505,0.0018811637,0.00466424234,0.0017779399562931543,0.3811851586367518,5,2465.2
GABRB3,0.0052040596,0.0037703705,0.004054887,0.004855522,0.0054301512,0.00466299806,0.0007219626063581881,0.15482798771702427,5,2393.2
TULP4,0.008838556,0.00055476965,0.00011045608,5.4909942e-05,0.013723811,0.0046565005344,0.006292278192483628,1.351289051939173,5,3664.8
IL34,0.005807889,0.004992923,0.0040702606,0.0047862483,0.0036022959,0.00465192336,0.0008530284104300999,0.18337112295635496,5,2397.2
OR4A47,0.0028216962,0.004618557,0.005091601,0.0074936096,0.0032298309,0.00465105894,0.0018467325952599225,0.39705637341588335,5,2452.6
TFAP2D,0.003438414,0.003420235,0.0036085076,0.0074037593,0.0053612264,0.00464642846,0.001743124960005905,0.3751537282908914,5,2439.2
PRKD1,0.0047006304,0.005003642,0.0054215193,0.004260026,0.0038414677,0.00464545708,0.0006181765811742847,0.1330712071016023,5,2391.2
JAG2,0.008580364,0.0026111025,0.004641773,0.0029855536,0.004394072,0.00464257302,0.002368572198130585,0.5101852330435904,5,2492.6
SNAI1,0.0036624845,0.003723963,0.0038787609,0.0070684943,0.0048729517,0.004641330880000001,0.0014427393656630753,0.3108460488951555,5,2425.2
SIGLEC11,0.007921202,0.0028784438,0.0043601743,0.0040291008,0.004014867,0.00464075758,0.0019177887959545552,0.4132490790338924,5,2447.2
PDHA2,0.0070157303,0.0048831753,0.005738456,0.0022366357,0.003325266,0.00463985266,0.0018983229183630278,0.4091343103905864,5,2473.0
OR5M1,0.0031219586,0.0059963474,0.008077795,0.00396822,0.0020343517,0.00463973454,0.0024084877777857602,0.5191003401211312,5,2513.2
BST1,0.006684269,0.0043541333,0.0035857693,0.004740097,0.0038310904,0.0046390718,0.0012284652748406585,0.26480842026214346,5,2405.8
NPSR1,0.005249892,0.0014274594,0.0068132756,0.005890495,0.0038036928,0.00463696296,0.00210229716926537,0.45337803803922766,5,2534.2
FCER2,0.0045219706,0.004143275,0.0058561442,0.0045494223,0.0041022045,0.00463460332,0.0007136098511906607,0.15397431061924427,5,2401.4
CATSPERG,0.006082367,0.002974901,0.004445851,0.005516466,0.0041463766,0.004633192320000001,0.001214732075844263,0.26218036980693754,5,2419.2
HIKESHI,0.0053613978,0.0033679707,0.0036677541,0.0035751578,0.0071707387,0.00462860382,0.0016295408348638973,0.3520588277231075,5,2437.6
HERC1,0.0029325832,0.0024079026,0.002809653,0.013555812,0.0014235032,0.004625890799999999,0.005027033444501564,1.086716842624466,5,2802.0
MARCO,0.0057276743,0.0051462073,0.0043897973,0.0024815414,0.005335577,0.00461615946,0.0012885856237214673,0.2791466878229262,5,2439.6
CCR6,0.0040017366,0.0050280252,0.005044675,0.004367769,0.004631744,0.00461478996,0.00044517011567281583,0.09646595392887954,5,2403.2
PCGF5,0.0038952297,0.0072212154,0.0046249228,0.0030781787,0.004247897,0.00461348872,0.001565814433356136,0.33939921139682244,5,2443.6
ELK3,0.007277689,0.0024137327,0.005433135,0.0041256114,0.0037852915,0.00460709192,0.001839323246681444,0.39923736678591043,5,2474.6
KIF4B,0.004342258,0.0036805333,0.005388691,0.004129631,0.0054850653,0.004605235720000001,0.0007966074883622718,0.17297865664133077,5,2418.4
CD82,0.0026655947,0.0025869014,0.008341845,0.002074885,0.007320715,0.00459798822,0.002982212663450211,0.648590757687981,5,2617.2
MSX1,0.0049449806,0.005434151,0.0020978858,0.0063140495,0.0041183233,0.00458187804,0.0016002914640481068,0.34926539948848284,5,2452.2
NAGK,0.0030476404,0.0028642258,0.010895354,0.0037044561,0.0023935891,0.0045810530799999995,0.003560992396579652,0.7773305251856311,5,2628.6
UBR4,0.004604703,0.0043585347,0.0044337027,0.0044681486,0.0050103716,0.004575092120000001,0.00025916694939672955,0.056647372905079235,5,2409.0
DDAH1,0.004840444,0.005587713,0.0014429148,0.004414406,0.006586477,0.00457439096,0.0019350603438446326,0.42302032352840974,5,2511.6
BAZ1B,0.0011697848,0.0024960032,0.002228148,0.0026314398,0.01434343,0.00457376116,0.005491472384637079,1.2006469495309366,5,2907.4
SPRR2A,0.005983634,0.0055167438,0.002152823,0.005496175,0.003703186,0.00457051236,0.0016083061654097917,0.3518874994158842,5,2459.0
TFAM,0.005811806,0.0048948033,0.0036700882,0.0043177167,0.004151559,0.0045691946399999996,0.0008209989439734945,0.17968132431615882,5,2416.2
ELOVL6,0.005977628,0.0026772546,0.0012201898,0.0019540929,0.011001804,0.00456619386,0.004031008878939834,0.8827940736926649,5,2754.2
SPP2,0.005119524,0.0041636005,0.003916214,0.0053217616,0.0043042833,0.00456507668,0.00061850686868995,0.1354866329846512,5,2409.4
OR5AK2,0.0046253353,0.00593455,0.0011998093,0.004806293,0.006238199,0.0045608373199999995,0.0020038429681625922,0.4393585711499555,5,2542.2
FOSL2,0.0043677827,0.0049559264,0.0057557886,0.005195282,0.0025114184,0.0045572396199999995,0.0012473819857425437,0.2737143731192576,5,2455.6
RNF220,0.0066085136,0.0037792968,0.0044207526,0.005770199,0.0021867624,0.0045531048800000005,0.0017264049283509395,0.37917091168586026,5,2471.4
IDE,0.004103383,0.0041785967,0.0055713193,0.004915882,0.0039648935,0.0045468149,0.0006812981723240893,0.1498407538701629,5,2423.8
FOSB,0.005117054,0.0046472084,0.0032599156,0.005472155,0.004228339,0.004544934400000001,0.0008586362461047054,0.1889215928187446,5,2421.6
ABLIM1,0.003963553,0.005382826,0.004783461,0.0040562083,0.0045272065,0.00454265096,0.0005779496114049503,0.1272273869364047,5,2419.6
IQCB1,0.004006316,0.003890435,0.006736866,0.0044977777,0.0035759732,0.00454147358,0.001271229037150903,0.2799155416755508,5,2445.0
ADCYAP1,0.0047231177,0.0056837546,0.0037871099,0.005155045,0.0033338214,0.00453656972,0.0009671657707925549,0.21319319011646423,5,2429.8
MIS18BP1,0.008183187,0.0031942078,0.0024949505,0.0034384786,0.0053544147,0.00453304772,0.0022990527749079696,0.5071759480414139,5,2509.4
RNF20,0.005474405,0.0043643503,0.003519226,0.0049871835,0.0043192985,0.00453289266,0.0007406711050756962,0.16339921560721365,5,2420.8
BEGAIN,0.0035877896,0.0013632181,0.00135824,0.00064471515,0.015705198,0.00453183217,0.0063434375826172664,1.3997512142240842,5,3163.8
PABPC1,0.007424026,0.004005631,0.0027190389,0.005000355,0.003506427,0.00453109558,0.0018165116950784085,0.40089900179912086,5,2469.4
SEPHS2,0.0061981212,0.0030337796,0.005827965,0.0025652593,0.005021767,0.00452937842,0.0016437803862748522,0.36291522452982683,5,2492.6
NLRP3,0.004842292,0.0039794985,0.0029928351,0.004901066,0.0059051723,0.00452417278,0.00109454022003955,0.24193156920933287,5,2448.0
TRMT61A,0.0033606587,0.0043828874,0.0072553074,0.0024418463,0.0051361877,0.0045153775,0.0018400463263450013,0.4075066428764818,5,2505.6
B4GALNT1,0.005330768,0.00479638,0.0034236012,0.005001155,0.004022707,0.00451492224,0.0007769334795377193,0.1720812537266908,5,2429.0
KCNC1,0.0032510576,0.005099414,0.004154628,0.0048197517,0.0052443505,0.00451384036,0.0008206365089027315,0.18180450424762729,5,2444.6
PLEKHA5,0.0033515277,0.00587092,0.0028831153,0.0054137954,0.0050396607,0.00451180382,0.0013170312692485768,0.29190792015610656,5,2459.2
FBXW7,0.009517366,0.00092555064,0.0005831386,0.0004114242,0.011116688,0.0045108334879999995,0.0053335934971496645,1.1823964487579564,5,3257.2
HTR2A,0.003582268,0.0046143536,0.007680192,0.0031180545,0.0035537912,0.0045097318599999995,0.0018556360660965656,0.4114737025842964,5,2491.6
ENPP3,0.0070410674,0.0035916644,0.0022480108,0.0038839553,0.005779259,0.00450879138,0.0018953351069239924,0.4203643387297268,5,2497.8
YPEL5,0.0072940993,0.00218825,0.0014431449,0.0053092306,0.0062707895,0.00450110286,0.002563497883700229,0.5695266167945846,5,2611.8
ACVR2A,0.0042529646,0.0048261993,0.0043497444,0.004469839,0.004602438,0.0045002370600000004,0.00022439483409984748,0.04986289191170908,5,2429.4
DIO2,0.005231343,0.006271016,0.003284832,0.0034045435,0.0042882566,0.00449599822,0.0012641967473210971,0.28118266188305946,5,2449.8
MC4R,0.0053717685,0.003783528,0.0044057127,0.0045770025,0.004318012,0.004491204739999999,0.0005746444060189421,0.12794883317186342,5,2430.2
MYB,0.004788975,0.0041944017,0.0033053318,0.005748178,0.0044184276,0.004491062820000001,0.0008899904479646294,0.19816922711507057,5,2435.6
KHDRBS2,0.005397764,0.0037071567,0.004555213,0.0042794677,0.004515255,0.0044909712800000005,0.0006095262083914007,0.13572257990289366,5,2433.2
ANGPT1,0.004749426,0.005787934,0.0033333069,0.0032246066,0.0053488296,0.004488820619999999,0.0011649758827260554,0.2595282773242241,5,2457.2
CPB2,0.005342931,0.003737696,0.004800523,0.0055260784,0.003019401,0.004485325880000001,0.0010753938540675096,0.23975824340047938,5,2454.0
PDE2A,0.0049197003,0.0028540906,0.0020745837,0.0042422516,0.008323954,0.00448291604,0.0024215392546119447,0.5401705570671238,5,2559.0
HUS1,0.005336876,0.006145318,0.0022544342,0.0049729664,0.0036966174,0.0044812424,0.0015262175551303753,0.3405791115272799,5,2478.0
ARAP2,0.003705627,0.004161298,0.007540512,0.0032491873,0.0037460297,0.0044805308,0.0017408021933218879,0.38852588477282374,5,2487.2
RPL24,0.0079948,0.005448258,0.0023951815,0.0030995694,0.003455841,0.00447872998,0.0022689365904785446,0.5066026754483074,5,2519.2
ANAPC10,0.0023183813,0.0049832677,0.0061960467,0.004309683,0.004584547,0.004478385140000001,0.0014062907750059883,0.3140173814988114,5,2495.6
BPIFB4,0.004174757,0.0049278825,0.0032626719,0.0064673545,0.0035268893,0.00447191104,0.0012877626416250194,0.28796696314089004,5,2462.8
COL18A1,0.005074487,0.0034947589,0.0055254726,0.0045442977,0.0036959623,0.0044669956999999995,0.0008710814436381797,0.1950038688504177,5,2452.2
INTS7,0.0043521575,0.0029402014,0.0046819593,0.006700195,0.0036469526,0.00446429316,0.0014186359008553368,0.3177739117955544,5,2478.6
SLC16A3,0.0062076696,0.0057279207,0.0030499778,0.004146191,0.0031430372,0.00445495926,0.0014562687420692302,0.326887106498305,5,2482.6
OR10G4,0.0061185258,0.003615332,0.007621593,0.0022141077,0.0026929895,0.0044525096,0.0023251838613853413,0.5222187193903729,5,2566.0
PIGR,0.006046994,0.0051744957,0.0022023278,0.004447602,0.004386578,0.0044515995,0.001425774305640104,0.3202835982078136,5,2485.2
RGS7,0.0040937066,0.0033697856,0.004426616,0.0045719557,0.005790544,0.00445052158,0.0008812328007934294,0.19800663471750415,5,2462.8
MECOM,0.00328901,0.0020331761,0.00094901136,0.013667517,0.0023011493,0.004447972752,0.0052207761738228995,1.1737428408201047,5,2932.4
KCNJ8,0.0032234634,0.005851478,0.0038058925,0.004643309,0.0047134697,0.004447522519999999,0.0009987693740227458,0.2245675810592064,5,2465.0
TBPL2,0.0063739824,0.004964632,0.0047250087,0.0033561164,0.002806561,0.0044452601,0.00140885990252929,0.3169353133080537,5,2484.6
GGA1,0.0060595996,0.003167947,0.0032393844,0.0063938163,0.0033537457,0.0044428986,0.0016340137734346747,0.367781018777848,5,2492.4
GCC1,0.0040802774,0.0051040733,0.0044801123,0.0039593987,0.0045299474,0.004430761819999999,0.00045017888605942757,0.10160304352794744,5,2451.2
OR8B8,0.0035079918,0.006153143,0.00284273,0.0048844153,0.00476103,0.00442986202,0.0012898469873203883,0.291170917174614,5,2479.0
OR10A2,0.0021437244,0.0046874355,0.0062182248,0.0062389798,0.0028489477,0.00442746244,0.0018883312201015087,0.4265041760809401,5,2545.2
TRPC3,0.0057641077,0.0021694917,0.003916577,0.0032222916,0.007042404,0.0044229744,0.0019644535976873403,0.4441476300851618,5,2558.0
RAD23B,0.003963614,0.0050474512,0.0046551763,0.0043791393,0.0040584276,0.00442076168,0.0004443231869718448,0.10050828774190894,5,2454.8
BAIAP2L1,0.005456162,0.0032899657,0.0015547534,0.0033257557,0.008469684,0.00441926416,0.00265318467454058,0.6003679749573014,5,2607.2
OR52E6,0.0032156706,0.00533069,0.0045332024,0.0041402434,0.0048161773,0.004407196740000001,0.0007948240299141427,0.18034684558106262,5,2470.2
LIMS2,0.0035510876,0.0045530666,0.004884513,0.0043934365,0.0046483353,0.0044060878,0.000509990854891649,0.11574686616359507,5,2461.4
TRIM24,0.0033428448,0.002559022,0.0069951112,0.0045476253,0.004579102,0.00440474106,0.0016804119748659071,0.38150074021965485,5,2531.4
C6,0.0048453477,0.0053843195,0.0028952323,0.005104688,0.0037754334,0.004401004179999999,0.0010390150210934184,0.23608589735386676,5,2468.0
PRKAR2A,0.0031429534,0.0075445175,0.0043613827,0.004148283,0.0027783222,0.00439509176,0.0018816699789840575,0.42812985069145804,5,2530.0
PARVA,0.0038562072,0.0047100927,0.0049608033,0.004695035,0.0037412099,0.00439266962,0.0005538839697861611,0.1260927904216391,5,2463.6
FILIP1,0.0020925275,0.0035836785,0.0041123233,0.0070287874,0.0051416485,0.00439179304,0.0018394154597541437,0.4188301777886473,5,2547.8
KLF5,0.0042456803,0.0029559692,0.004586917,0.0035155881,0.0066449577,0.00438982246,0.001411159014613021,0.321461523209989,5,2507.6
OR52E8,0.0019461913,0.0059789745,0.0047094664,0.0060676243,0.0032439602,0.00438924334,0.0017837409675340794,0.4063891722016213,5,2548.4
FBXL20,0.0054771304,0.0011897564,0.0043329233,0.0050054197,0.005920712,0.00438518836,0.0018807162352626893,0.42887923638990255,5,2618.6
CFHR1,0.005065127,0.0021332235,0.0056163883,0.005145702,0.003939417,0.004379971559999999,0.0013987916753493864,0.31936090364691466,5,2532.2
TTLL12,0.0076206904,0.005781033,0.0052840887,0.002843905,0.00036935468,0.0043798143559999995,0.0028163454898482037,0.6430285078156414,5,2761.8
WIF1,0.0041022208,0.0029703854,0.004306356,0.006243766,0.004265276,0.00437760084,0.0011785960463948488,0.2692333288191823,5,2489.8
ZNF135,0.00361854,0.0027049708,0.005353297,0.0037644245,0.00642308,0.00437286246,0.001490445031096051,0.34083967760926354,5,2534.8
SLC7A10,0.004222077,0.005101851,0.0044707926,0.0038096686,0.004254991,0.00437187604,0.00047297647896626737,0.1081861595888861,5,2466.4
NDST3,0.007202113,0.0040134364,0.0011346859,0.0022343232,0.0072575677,0.0043684252399999995,0.0028068848029474337,0.6425392787418823,5,2684.8
OR5AR1,0.0019609134,0.004614852,0.006056237,0.005709635,0.0034920787,0.004366743219999999,0.0016787168222716577,0.38443222733661403,5,2554.2
GLMN,0.0042650774,0.0034486447,0.0024881586,0.0055934605,0.006001277,0.00435932364,0.0014627526891154408,0.33554578873052904,5,2518.2
ACBD6,0.0026572593,0.002865847,0.000948703,0.012599424,0.002722283,0.00435870326,0.004672766383986213,1.0720542567943045,5,2885.8
MRM1,0.00355879,0.0024966323,0.0044532856,0.0023716346,0.008911721,0.0043584127,0.0026830266156349604,0.6155971910679685,5,2627.4
RTN4RL2,0.0047294176,0.0038226903,0.003851333,0.0043927105,0.0049913116,0.0043574926,0.0005204579886080768,0.11943978713998889,5,2476.6
TMEM30A,0.0031819772,0.004231622,0.0069133416,0.0052838833,0.0021740496,0.00435697474,0.0018409009816380071,0.42251816719001845,5,2551.0
GALNT13,0.004917632,0.0044659385,0.0058426675,0.0022645819,0.004293534,0.004356870779999999,0.0013148788073085924,0.30179430919651756,5,2523.2
SPTLC3,0.0050217533,0.0036932195,0.003737278,0.0043291254,0.004998938,0.004356062839999999,0.0006479610052213735,0.1487492327409523,5,2479.4
RPGRIP1L,0.004388689,0.003707807,0.0032131022,0.004786865,0.0056789173,0.0043550761,0.0009569729202181063,0.21973735894491173,5,2494.2
AP1S3,0.007498324,0.0047386573,0.0026784851,0.0044929152,0.0022884626,0.00433936884,0.0020692242909431282,0.4768491380288218,5,2553.4
KIFC1,0.00477676,0.0041740364,0.003629045,0.0037912987,0.0053233774,0.0043389035,0.000705666075782512,0.16263696018648768,5,2486.0
RNF144B,0.0045760334,0.00481631,0.00472088,0.002088186,0.005458548,0.00433199148,0.0012989560994653175,0.2998519515706244,5,2540.8
ADH7,0.0058722068,0.0031957123,0.0030453354,0.004886248,0.004622327,0.0043243659,0.001194788865432889,0.2762922687538742,5,2512.0
KIR3DL2,0.004586965,0.005084333,0.0027914552,0.00468224,0.004469178,0.00432283424,0.0008867576022261032,0.20513338078540416,5,2495.2
IGFBP3,0.0043103974,0.004140519,0.0025623837,0.0048693316,0.0057308096,0.004322688260000001,0.0011633608100902137,0.26912900956920116,5,2513.4
CYP3A43,0.0066323467,0.00450215,0.0032506299,0.003084237,0.0041248356,0.00431883984,0.0014220470192310038,0.3292659769552843,5,2517.0
MAPT,0.001559858,0.0035522422,0.008708885,0.006667489,0.0011002342,0.004317741680000001,0.0032919492080974748,0.762423843776007,5,2778.4
SELL,0.0045469906,0.005584149,0.0036673234,0.0036298097,0.0041217,0.00430999454,0.0008047933220619366,0.1867272254275145,5,2489.2
SARS1,0.0056215804,0.003914133,0.0026772777,0.005367793,0.0039676772,0.00430969226,0.0012019615627173518,0.2788973063977779,5,2506.2
RPTN,0.0029832304,0.0057264525,0.00344837,0.008367223,0.0010075159,0.00430655836,0.002822962184974888,0.655503060447296,5,2695.0
NOS1,0.0071666054,0.0037884333,0.002754077,0.0049894094,0.002818541,0.004303413220000001,0.0018397657982011301,0.4275131631912238,5,2545.2
CASP5,0.007638774,0.00380466,0.0031349594,0.0047958028,0.002120912,0.004299021639999999,0.0021062011585206404,0.4899256935400402,5,2570.0
ACP6,0.0019662194,0.0006200487,0.0008262979,0.017412283,0.00063517067,0.004292003934,0.007355572709578982,1.7137851741724388,5,3537.0
CTDSP1,0.006102843,0.002642394,0.0032346281,0.0052299257,0.004183554,0.00427866896,0.0014150056741311758,0.33071165059967056,5,2546.4
DGKB,0.003450558,0.0040303385,0.0037672655,0.006913749,0.0032240574,0.004277193680000001,0.0015053912079400283,0.351957690150713,5,2532.2
WNT5A,0.0046290327,0.007865071,0.0031879155,0.0038908646,0.0018103532,0.004276647399999999,0.002259299223902189,0.5282874673984556,5,2604.4
PEDS1-UBE2V1,0.0017966774,0.005414759,0.005327516,0.0040325373,0.0047878586,0.00427186966,0.0014891848883995594,0.34860260422822903,5,2573.8
MAN1A1,0.0067183296,0.006561948,0.0014185011,0.0014083703,0.005251664,0.0042717626,0.002670719128655504,0.6252030786204046,5,2710.0
FRK,0.0073048244,0.0038184791,0.0038360376,0.0034039486,0.002991854,0.00427102874,0.0017310438007033465,0.4052990288946982,5,2546.8
PLPPR4,0.0041885623,0.0049840077,0.0040062387,0.0058492976,0.002324181,0.00427045746,0.0013101908793947518,0.3068034026019198,5,2537.8
GAN,0.003427448,0.0046174736,0.0061543537,0.003491316,0.003639412,0.00426600066,0.0011603157615604548,0.2719914632081784,5,2525.2
KMT5A,0.0048826067,0.0045476397,0.003918491,0.0043288413,0.0036446098,0.0042644377,0.0004925316877920801,0.11549745181928207,5,2497.6
PARP8,0.0030449596,0.003091427,0.006743833,0.0045824787,0.0038205783,0.004256655319999999,0.001525478647000117,0.3583749522383497,5,2554.6
HS6ST1,0.0059402795,0.0051800692,0.0032363532,0.0047942735,0.0021311822,0.00425643152,0.001543937258295384,0.3627304353519551,5,2554.6
DLG5,0.004010997,0.003268669,0.0062255603,0.0035040674,0.0042481255,0.0042514838400000005,0.0011704037137985094,0.27529299365712967,5,2530.8
MAP4K4,0.0045191995,0.0045899553,0.0032046996,0.004655588,0.0042827716,0.0042504427999999995,0.0006013039011576967,0.1414685315039875,5,2507.2
UQCC1,0.0038417275,0.005450598,0.0047954377,0.0041475343,0.0029919476,0.00424544902,0.0009352427198552507,0.22029300445003358,5,2521.2
RAP1GAP,0.0055358033,0.0029828364,0.0022126078,0.007118419,0.0033535743,0.00424064816,0.002027370834523204,0.47808041554742053,5,2589.0
S100A10,0.0034843106,0.0074559124,0.0020578715,0.0032392933,0.004952279,0.00423793336,0.0020726539594514933,0.4890718620104714,5,2603.6
KCTD3,0.003044161,0.0043786257,0.0043398123,0.006606212,0.0028153048,0.00423682316,0.0015073051842724064,0.35576306287761283,5,2559.2
PSMB2,0.004303878,0.0051730946,0.0031035338,0.0044039874,0.004177454,0.00423238956,0.0007410829290075084,0.17509799570706538,5,2513.2
FIBP,0.0029774152,0.0045473217,0.0050814757,0.0054138214,0.0031263132,0.004229269440000001,0.0011196235529381128,0.26473214081581725,5,2548.2
RGS18,0.0041799815,0.0033226903,0.0044667595,0.004234736,0.0049224533,0.00422532412,0.0005833464849479697,0.1380595827398845,5,2520.8
ATP9A,0.0035063613,0.00612038,0.0044481666,0.004924096,0.0021256865,0.00422493808,0.001504540014939871,0.35610936455188735,5,2564.2
P4HA3,0.007642721,0.0038664918,0.0018951589,0.0055255,0.0021373136,0.00421343706,0.0024128080508711834,0.5726460408717209,5,2637.4
SOX6,0.0030031512,0.005890732,0.005293751,0.0029135589,0.003950107,0.00421026002,0.0013420286762074653,0.31875197014731294,5,2560.2
TRAPPC11,0.003117173,0.006485611,0.0029341823,0.0024818138,0.006029389,0.00420963382,0.0018905812785778191,0.449108250127518,5,2608.2
ATP11A,0.003117316,0.004140497,0.004458643,0.0062924237,0.0030166414,0.00420510422,0.0013248665690854123,0.31506152993406955,5,2556.0
OR52J3,0.003705431,0.0032297592,0.0056435033,0.003522323,0.0049030827,0.00420081984,0.0010275256105733682,0.24460120874247449,5,2548.0
B4GALT4,0.004157041,0.006132208,0.00426938,0.00468662,0.0017524415,0.0041995381,0.0015785616383205629,0.3758893480024775,5,2588.0
QRFPR,0.0037713458,0.0035669147,0.0025118433,0.002620697,0.0085173305,0.004197626259999999,0.0024783021861165323,0.5904056322814535,5,2633.4
NKD1,0.003100226,0.003740966,0.0063401004,0.0029970647,0.004807647,0.004197200819999999,0.0013978996585828224,0.33305522383435127,5,2573.4
GPR161,0.008125418,0.0038806223,0.002374012,0.0036101043,0.00297859,0.0041937493200000005,0.002274025326161819,0.5422415963960905,5,2605.0
RASGRP1,0.0037398967,0.0036381942,0.0042053824,0.00425848,0.005119639,0.00419231846,0.0005865600020994082,0.1399130356379005,5,2527.8
DSC2,0.0057495935,0.0022833596,0.004252759,0.0038240547,0.0048423815,0.00419042966,0.0012875427034987198,0.3072579205395181,5,2577.6
FLG,0.0043462794,0.0052173026,0.0027707298,0.003036079,0.005558381,0.00418575436,0.001254792003834312,0.2997767895377195,5,2559.8
OR52N2,0.0039549815,0.004431623,0.0049337316,0.0025101386,0.0050791996,0.00418193486,0.0010342916757065958,0.24732371744943818,5,2561.6
BLK,0.005940383,0.0020310336,0.0020684525,0.0066456506,0.0041968995,0.00417648384,0.0021363107450257024,0.5115094004591437,5,2653.2
KCNK6,0.006526051,0.0026237606,0.00552376,0.0032817507,0.002907842,0.00417263286,0.001743308184922344,0.4177957283599459,5,2607.6
AZIN2,0.0051055653,0.0048577907,0.0017091184,0.0041226353,0.005014715,0.00416196494,0.001424757941009122,0.34232819390571845,5,2599.2
ADAMTS12,0.0045409566,0.004237967,0.00417824,0.004076434,0.0037723375,0.00416118702,0.0002778479471547378,0.06677131929406474,5,2529.4
KAT2B,0.0030306766,0.0041985475,0.0061697257,0.0036512483,0.003752436,0.0041605268200000005,0.0011979972829097556,0.28794365106622616,5,2564.4
YEATS2,0.004098473,0.0036075101,0.0061755665,0.0013271665,0.005564213,0.004154585820000001,0.0018952672765746754,0.4561868158917163,5,2657.2
MBIP,0.002861216,0.005217663,0.0021694314,0.0080421725,0.0024747658,0.00415304974,0.002483892627991723,0.5980888223100653,5,2660.4
MYBPC1,0.0028961138,0.0033632754,0.0042007635,0.007210236,0.0030909758,0.004152272899999999,0.0017804700175260914,0.42879407505371137,5,2602.8
UTP15,0.004908113,0.0049700653,0.0037381446,0.0036505954,0.0034772058,0.00414882482,0.0007278250772604789,0.17542921401547124,5,2541.0
F2RL3,0.005269094,0.005159396,0.0028591186,0.0045134006,0.0029399022,0.004148182280000001,0.0011762234710752425,0.28355153936852606,5,2559.2
ABL2,0.005210932,0.00468034,0.0026477769,0.005242893,0.0029555855,0.00414750548,0.0012534473922453534,0.3022171756709417,5,2566.6
MYH8,0.004397352,0.0061983187,0.006068309,0.0032629338,0.00080876774,0.004147136248,0.0022297634617389497,0.5376634208278729,5,2723.4
DNAJA4,0.0041463384,0.0053848512,0.0052938764,0.0023450553,0.003542005,0.004142425260000001,0.0012708777005071838,0.30679556557821486,5,2579.4
PF4V1,0.005060532,0.004359043,0.0037086545,0.0028795556,0.004671465,0.00413585002,0.0008591430264061986,0.20773070160948404,5,2556.4
ASH1L,0.0017351974,0.0040722075,0.0052890526,0.00392927,0.0056205518,0.00412925586,0.0015283861446188356,0.37013597520664065,5,2631.4
ABO,0.0042370856,0.003242941,0.003880094,0.004775389,0.0044989176,0.00412688544,0.0005944267529593431,0.14403761907171891,5,2550.0
HYKK,0.0028490946,0.0034899283,0.004832646,0.0059824428,0.003478082,0.00412643874,0.0012649703375314729,0.30655255469307485,5,2581.4
BCL2L14,0.0040848656,0.0061221654,0.0046817833,0.002268158,0.0034699035,0.00412537516,0.0014297990227415294,0.3465864236069937,5,2598.0
EFHD2,0.0053723007,0.0031100812,0.0049151676,0.00336631,0.0038478044,0.00412233278,0.0009826744615271132,0.23837824697090884,5,2559.2
IL1R2,0.004105029,0.00440664,0.0051738676,0.00324863,0.0036734515,0.0041215236199999995,0.0007334342457632939,0.1779522121878059,5,2555.0
ELOVL7,0.004696988,0.004254052,0.0059344163,0.0032504294,0.0024690942,0.00412099598,0.0013346000926804712,0.3238537720389795,5,2588.8
RNF213,0.004956749,0.0039065043,0.0040362673,0.0021085688,0.0055452823,0.00411067434,0.0013066742837566036,0.31787346203557526,5,2604.4
RNF146,0.008479166,0.0027863116,0.0016885616,0.001649869,0.005944726,0.004109726839999999,0.0030051451753617575,0.7312274738341875,5,2778.2
GBP4,0.010619481,0.0014649751,0.0022622643,0.004009862,0.0021592756,0.0041031716,0.0037616069370882592,0.9167559399875597,5,2841.0
AK5,0.0035291542,0.0045027365,0.003579811,0.0050749066,0.003823419,0.0041020054600000005,0.0006681276132720438,0.16287828472857366,5,2553.2
SMPD3,0.00346107,0.003956724,0.004917576,0.003918561,0.0042313607,0.004097058339999999,0.0005355657173166781,0.13071957313565571,5,2554.6
SLC24A4,0.005207755,0.0044987146,0.0025606772,0.0029094918,0.005306143,0.00409655632,0.0012872102169939577,0.31421762974662526,5,2590.4
FAF1,0.0038621766,0.0057476414,0.0039724726,0.0034049028,0.003494555,0.004096349679999999,0.0009535725629998757,0.23278592832433093,5,2567.4
AGPAT5,0.004026258,0.004271452,0.0025353294,0.0055264826,0.0041049668,0.00409289776,0.0010627385409300203,0.25965430930530264,5,2572.4
OR52K2,0.0036366095,0.0053462316,0.0020817085,0.004942371,0.0044399225,0.0040893686200000005,0.0012909197895052183,0.31567704197456725,5,2593.2
SGPP2,0.0059903753,0.005520243,0.0018450604,0.0035561242,0.0035312574,0.004088612060000001,0.0016803260218288317,0.4109771230848523,5,2617.0
UBAC1,0.0026848295,0.0043942714,0.0041688625,0.0051780185,0.0040150476,0.0040882059,0.0009031459651502106,0.2209149899104178,5,2582.0
NPY2R,0.0051964424,0.0031033894,0.0030476826,0.0041940506,0.00489879,0.004088071,0.0009936032922082435,0.2430494216485583,5,2579.8
OR10K2,0.005914872,0.003140224,0.0047231885,0.0028700198,0.0037844994,0.00408656074,0.0012464733356091007,0.3050176945636444,5,2588.8
OR5AN1,0.0055820197,0.004120183,0.0023264461,0.003052449,0.00534537,0.00408529356,0.0014132861810772735,0.3459448287670357,5,2602.8
OPN4,0.004888685,0.0031047824,0.0028143656,0.0067868386,0.0028282208,0.00408457848,0.0017393010658483747,0.42582143405122547,5,2613.4
SERPINB6,0.0045810915,0.0041783345,0.003374059,0.004461651,0.0038266012,0.0040843474399999994,0.0004921607961868693,0.12049924826837684,5,2551.4
DRD3,0.0046429094,0.0047528273,0.0021243768,0.0061872434,0.0027104516,0.0040835617,0.001651522010666491,0.40443175149441013,5,2622.4
RNASEL,0.003176006,0.0052748346,0.0034560561,0.004623469,0.003883217,0.004082716540000001,0.0008614212193872566,0.21099216929403983,5,2564.0
DHX37,0.003158663,0.0045084544,0.0049610734,0.004805809,0.0029725707,0.0040813141,0.0009436518295061693,0.23121274334317204,5,2579.6
RAB17,0.0019365661,0.005238904,0.0045222603,0.0023102635,0.006392579,0.00408011458,0.0019113444471674686,0.4684536205273599,5,2675.6
DCC,0.0040039048,0.0080587985,0.0020928462,0.0030871087,0.0031452663,0.0040775849,0.0023262060994197753,0.5704862452820479,5,2665.6
THRAP3,0.0046810005,0.0048396643,0.004158557,0.0036462042,0.0030594543,0.00407697606,0.0007372430489269214,0.18083085062974869,5,2568.8
CD48,0.0046094377,0.004479794,0.004111485,0.0050808396,0.0020638225,0.00406907576,0.0011733696931464962,0.2883627050351346,5,2600.4
PRLR,0.0055742506,0.0050528906,0.0025217696,0.0034050131,0.0037763647,0.00406605772,0.0012403842881716727,0.3050582095946421,5,2586.0
SCIN,0.004099998,0.004262219,0.0034346932,0.0061443914,0.0023410646,0.0040564732400000005,0.0013904014874918209,0.3427611635105525,5,2604.4
TRIM36,0.0017792672,0.0010879226,0.00038796559,0.015891515,0.0011205628,0.004053446638,0.006635955967304409,1.6371144262993527,5,3491.0
COL28A1,0.0035500168,0.0036054454,0.0020450503,0.0040764157,0.0069809193,0.004051569499999999,0.0018068210140922386,0.4459558238090791,5,2644.2
PDE7B,0.007364586,0.0042850245,0.0017530223,0.002253168,0.0045963144,0.00405042304,0.0022273800296733546,0.5499129369146969,5,2694.2
PGLYRP3,0.00399379,0.006575769,0.004950341,0.0022003332,0.0025020961,0.004044465860000001,0.0018034968216545152,0.44591718265969366,5,2659.2
MTTP,0.004537322,0.0019544568,0.0012653157,0.0015898786,0.010861899,0.00404177442,0.004026073697584409,0.996115388741663,5,2945.2
FIG4,0.0043202806,0.008785541,0.0012170033,0.0025927478,0.0032836818,0.0040398509,0.0028824721596457034,0.7135095405738126,5,2763.0
AASS,0.0048053665,0.0011920327,0.00039296778,0.000766014,0.013034858,0.0040382477959999994,0.0053297276443589345,1.3198119366617826,5,3340.4
PRIM2,0.006707243,0.005747211,0.0020382411,0.0010064516,0.004677097,0.00403524874,0.0024312542505614686,0.6025041843049975,5,2762.0
ALDH1L1,0.0029863168,0.0074179303,0.0036117986,0.0027258496,0.0034182486,0.00403202878,0.001924660113634546,0.4773428511178796,5,2648.0
VWF,0.0038842708,0.0032628237,0.0046729897,0.0037421964,0.0045968555,0.00403182722,0.0005973632909940541,0.1481619271854745,5,2583.2
COL21A1,0.0046247803,0.003280737,0.0051829335,0.003016511,0.0040392773,0.0040288478200000005,0.0009043856599484908,0.2244774934061646,5,2593.6
TLR5,0.0016300182,0.010989626,0.0017432899,0.002487186,0.0032704563,0.00402411528,0.003949125165869258,0.9813648196155201,5,2884.6
KRR1,0.0056820204,0.0029344093,0.0018627341,0.0033082394,0.0063292217,0.0040233249799999996,0.0018995833671655942,0.47214266225285,5,2676.2
OR4C16,0.0025755875,0.004503931,0.0038477972,0.0034828915,0.005705922,0.00402322584,0.0011705700521415638,0.2909531054666232,5,2619.4
OR13J1,0.0042645223,0.004892498,0.0033256589,0.0026347348,0.004983619,0.0040202066,0.0010186602127825477,0.253385040655012,5,2603.4
HLA-DMA,0.008200436,0.0028138442,0.0025302116,0.003232592,0.0033049919,0.00401641514,0.0023601647255100497,0.5876296755295195,5,2680.6
ISG20,0.00397986,0.0035817057,0.002911426,0.005309116,0.0042926203,0.0040149456,0.000888631473266587,0.22133088758826197,5,2589.6
SRPK1,0.0042142337,0.0052910377,0.0039141607,0.004529797,0.002116299,0.00401310562,0.001177730692761884,0.29347114287061404,5,2610.6
SLC4A2,0.0058507496,0.004002413,0.0041852864,0.0041333833,0.0018801831,0.00401040308,0.0014116023367410514,0.35198515176211453,5,2639.2
MAT1A,0.0032721322,0.005125541,0.0018867913,0.002615171,0.0071518403,0.00401029516,0.002128003980909193,0.5306352515232802,5,2692.4
IWS1,0.0036977488,0.0045719044,0.004420481,0.0032186199,0.0041333865,0.00400842812,0.0005529978198479602,0.13795877169127338,5,2586.0
OR11H7,0.004608452,0.00478592,0.0025409039,0.0025742038,0.0055154744,0.00400499082,0.0013643934944974313,0.3406733138273289,5,2631.8
OR1F12,0.005068099,0.0040569906,0.0035265256,0.0029791961,0.0043793838,0.0040020390200000006,0.0007990953152924827,0.19967204499982175,5,2591.6
TRIM72,0.004686987,0.0046078647,0.004835049,0.0037084466,0.0021582905,0.00399932756,0.0011197826207170894,0.27999272475623116,5,2614.2
SORBS1,0.0050117928,0.0030090818,0.0032671345,0.0057981843,0.0029014042,0.003997519519999999,0.001321276289705555,0.3305240369922084,5,2619.8
EVC,0.005929242,0.0028566562,0.003628928,0.0027278285,0.004839252,0.00399638134,0.0013683569472328586,0.34239899319339195,5,2632.2
PPM1B,0.0047673704,0.0054665925,0.0027523001,0.002272667,0.0046717143,0.00398612886,0.0013901819380391736,0.3487548914911831,5,2636.8
IL7,0.0046543092,0.0035238678,0.003058311,0.005515643,0.0031647352,0.00398337324,0.0010647839355510146,0.2673070966232164,5,2609.4
ANLN,0.005372742,0.003752959,0.006304577,0.0029369735,0.0015373084,0.00398091198,0.0019006300598123512,0.47743584117435106,5,2692.2
IRF5,0.00402641,0.0039673112,0.0042637354,0.0033936535,0.004231218,0.0039764656199999995,0.00034988244930795264,0.08798829984803255,5,2589.0
LCE2B,0.0029121183,0.0028600344,0.0038512337,0.0035168843,0.006738017,0.00397565754,0.0015993994708542304,0.40229809905966657,5,2660.2
CCL19,0.00497816,0.0027969114,0.004226057,0.00451309,0.0033540612,0.00397365592,0.0008849221944596552,0.22269723707221614,5,2611.8
ATG2B,0.007698529,0.0032807118,0.0018986217,0.003248042,0.0037122183,0.00396762456,0.0021940431475505474,0.5529865828712753,5,2688.4
UBE3C,0.0041067814,0.0026609602,0.0029437412,0.0030844419,0.007036356,0.00396645614,0.0018008463945073543,0.4540189859523707,5,2676.6
CREB5,0.004670911,0.0040113255,0.0025161027,0.003909901,0.004720149,0.003965677839999999,0.0008906519230997611,0.2245900849827381,5,2608.4
NR2F2,0.002838535,0.003472382,0.0043218452,0.004790647,0.0043820655,0.00396109494,0.0007896984771644288,0.19936368330632054,5,2614.2
BRAP,0.00375818,0.003031997,0.0028224732,0.003533524,0.0066580577,0.00396084638,0.001553808357748552,0.3922920024352351,5,2645.2
CCNG1,0.001971658,0.0043948204,0.0066109346,0.0036337809,0.003173478,0.003956934380000001,0.0017244575748808818,0.43580646259816963,5,2682.8
COQ6,0.003360069,0.0045012836,0.0040075206,0.0036339029,0.0042737518,0.00395530558,0.0004636358135838648,0.11721870894836518,5,2597.6
DCTN5,0.0071622855,0.0046613794,0.0024759145,0.004126876,0.0013284024,0.0039509715600000005,0.002230572864850107,0.5645631285814942,5,2728.6
OSBPL10,0.004403412,0.0050219405,0.004175943,0.0020981214,0.0040410296,0.0039480893,0.0011003876135111345,0.2787139626023997,5,2642.8
MAN2A1,0.005560316,0.0036881883,0.0038352474,0.0035568322,0.0030810474,0.00394432626,0.0009466163067335298,0.2399944234667671,5,2615.4
CCL1,0.0057171774,0.0031738929,0.0029366743,0.0042512827,0.0036385115,0.00394350776,0.0011112687313463059,0.2817970190443611,5,2624.0
LRP8,0.004065527,0.0036948647,0.0018727263,0.0068512573,0.0032177716,0.00394042938,0.0018266431575762621,0.46356449549573253,5,2677.4
DGKH,0.004522373,0.0019810435,0.0050797323,0.005141762,0.002975348,0.0039400517599999995,0.0014009321867989408,0.35556187383663734,5,2681.2
DLGAP4,0.006081179,0.004425143,0.0032910025,0.0025933303,0.0032978319,0.00393769734,0.0013662980672090343,0.3469789446054872,5,2640.4
RHOU,0.0027685137,0.006836259,0.0023650862,0.004115872,0.003598729,0.00393689198,0.001759857833781079,0.44701704865701675,5,2675.6
OR6P1,0.005719725,0.00095440826,0.005423215,0.0055990196,0.0019466133,0.003928596232,0.002291636543450133,0.5833219827438181,5,2835.2
KIF16B,0.0040760543,0.004195792,0.0046973815,0.0038225595,0.0028273643,0.00392383032,0.0006906537185075037,0.1760151847003169,5,2618.8
GRIK3,0.0037160765,0.003988091,0.0045070015,0.003510451,0.0038937896,0.00392308192,0.00037388561634884665,0.09530405532516809,5,2602.4
CFI,0.0089348,0.0028564287,0.0023178556,0.0025745824,0.002915981,0.00391992954,0.002813559679239217,0.7177577174612217,5,2757.0
MME,0.004780091,0.0020139497,0.00079012854,0.011820932,0.0001898372,0.003918987688,0.004756777151858797,1.213777008390233,5,3284.2
TNN,0.0077080703,0.002805899,0.0013212067,0.0031903905,0.004554545,0.0039160223000000004,0.0024124325131025313,0.6160415667455548,5,2764.0
VMP1,0.002975814,0.0040319962,0.0059742453,0.0036457279,0.0029519945,0.00391595558,0.0012385608735731874,0.3162857310994287,5,2655.0
DOK5,0.002698697,0.006910687,0.004215602,0.002429483,0.0033188944,0.00391467268,0.0018101103046589766,0.4623912272172336,5,2694.2
NTN1,0.004696473,0.005379522,0.0021784166,0.0037831229,0.0035193714,0.00391138118,0.0012191282461988943,0.31168740403841033,5,2639.8
WASF3,0.0030199566,0.003182984,0.0060641645,0.004521262,0.0027545495,0.003908583320000001,0.0013847248162435514,0.3542779321494805,5,2668.0
SRSF3,0.010784085,0.002167339,0.0021083811,0.0010638675,0.003414498,0.0039076341200000005,0.003933246339272516,1.0065544056802624,5,2948.8
SHISA5,0.0021822124,0.0038705126,0.009168267,0.0011412078,0.003170971,0.00390663416,0.0031164281860003146,0.7977271631701276,5,2870.2
RIPOR2,0.0026178595,0.0021678347,0.004477799,0.0050995424,0.005169943,0.00390659572,0.0014168249934007823,0.36267509999749403,5,2695.2
GRB10,0.0048788656,0.0034510172,0.0033289776,0.0029433258,0.004925597,0.0039055566400000006,0.0009290788918298532,0.23788642118626477,5,2632.0
GDF6,0.004539879,0.0044394233,0.0036595466,0.0034606312,0.0034148844,0.0039028729,0.0005446515603576749,0.13955144692456548,5,2615.6
COL25A1,0.0036484827,0.004549984,0.004255223,0.002676895,0.0043772757,0.00390157208,0.0007641480729940611,0.1958564540973599,5,2625.2
LCE2C,0.0027612038,0.0041543064,0.0026456704,0.004492406,0.0054121497,0.0038931472600000003,0.0011802730679243375,0.3031668182837598,5,2655.0
ZFHX3,0.0029757384,0.0032427264,0.0031196414,0.005111714,0.0050135227,0.00389266858,0.0010727467673804344,0.275581325595521,5,2654.8
ATP13A2,0.002995503,0.0032283417,0.005026499,0.0050864965,0.003117044,0.00389077684,0.0010675448937884548,0.27437834080159035,5,2654.8
NF2,0.004682791,0.0034026597,0.0039131306,0.003914282,0.0035312534,0.00388882334,0.0004989576580816333,0.12830556043762928,5,2622.0
PIGK,0.0038573863,0.0041149147,0.0024611866,0.005260387,0.0037388955,0.0038865540199999995,0.0009992361749758898,0.257100806996088,5,2636.0
LCE5A,0.0040849466,0.005717856,0.002207814,0.0026653653,0.0047550434,0.0038862050599999995,0.0014540262804247379,0.37415068375849886,5,2669.6
ABCC9,0.0048060045,0.0052703503,0.0023879001,0.0039322483,0.0030179978,0.0038829002,0.0012002766372974064,0.30911859060848546,5,2645.4
FAR1,0.002582705,0.0029965052,0.005273414,0.0039254203,0.0046324925,0.0038821074,0.001115058935054845,0.28723031595026066,5,2668.8
LCE1E,0.0017786225,0.005848207,0.0044654785,0.004767432,0.0025507382,0.0038820956399999995,0.0016723383176966385,0.4307823590087128,5,2710.4
MUC5B,0.004580671,0.0055354424,0.0024516638,0.0038806433,0.0029514397,0.0038799720399999996,0.001238325313765669,0.3191583086164892,5,2653.4
TFDP1,0.002985055,0.0038383156,0.0007378299,0.0013811267,0.010455506,0.0038795666399999997,0.00387806469344075,0.9996128571310611,5,3016.2
OR10A6,0.0020226089,0.003385529,0.0051178862,0.003960318,0.0048931586,0.00387590014,0.0012509619096887517,0.32275390606135473,5,2684.4
OR5D13,0.0022504875,0.004467243,0.0036376747,0.0039307303,0.005093151,0.0038758572999999996,0.0010645550692716629,0.2746631227294315,5,2664.6
LOXL1,0.0027857611,0.004783745,0.0036741346,0.0028745313,0.0052576074,0.0038751558800000003,0.0011141304328866693,0.28750596553722874,5,2665.4
GP1BA,0.006209061,0.0048469007,0.0012131991,0.004716767,0.0023890368,0.0038749929200000005,0.002024492162704941,0.5224505449431739,5,2756.6
ADAMTSL3,0.0039942684,0.0036454597,0.0066589015,0.0017459524,0.0033292663,0.00387476966,0.0017781795431960584,0.45891232233816404,5,2714.0
CSNK1G3,0.003670603,0.0038511779,0.003500523,0.0036843005,0.004651815,0.00387168388,0.0004534124804888999,0.11710989185638264,5,2625.0
NCR2,0.0052191336,0.004475789,0.004049687,0.0013251057,0.0042778784,0.00386951874,0.0014884790753015367,0.3846677520681905,5,2710.8
DNAJC19,0.0029857089,0.0040154303,0.0032266555,0.0056230584,0.0034766386,0.0038654983399999997,0.0010541416517105627,0.2727052397881932,5,2651.8
PITPNB,0.0020936183,0.0040774858,0.0040421104,0.003717478,0.0053853234,0.00386320318,0.001177650337997838,0.30483779473329126,5,2679.6
MSH5,0.0057816654,0.0006503389,0.004337032,0.004453143,0.0040791836,0.00386027258,0.0019119454433176857,0.4952876781871413,5,2836.0
ASIP,0.0050540064,0.0021213843,0.004273565,0.00426732,0.0035775471,0.0038587645599999997,0.0011028546409557892,0.2858051129597265,5,2674.8
LIPG,0.0041333204,0.0042964206,0.0040178723,0.0039066076,0.0029250677,0.00385585772,0.0005399711857615339,0.1400391884173397,5,2638.8
OSBPL5,0.0060616233,0.0040985136,0.0032676617,0.002947878,0.0028840313,0.0038519415799999996,0.0013265609022707879,0.34438759641593214,5,2667.0
FBXO7,0.0025214336,0.0047852458,0.005239584,0.003973565,0.0027215313,0.0038482719399999996,0.0012103111236197153,0.3145076913716538,5,2685.2
GOSR2,0.004921164,0.004073086,0.0021214446,0.004468114,0.0035989562,0.0038365529599999997,0.0010757842768478016,0.28040386463159933,5,2661.8
FLT1,0.0054888567,0.0035652136,0.0035047757,0.003463067,0.0031334846,0.00383107952,0.0009417345613519964,0.24581441247452793,5,2650.6
FBXW2,0.006697417,0.0022270898,0.004268846,0.0028165558,0.0031432516,0.0038306320399999995,0.001766541655814577,0.4611619276840219,5,2721.0
CASP14,0.002293202,0.0031728996,0.0033763503,0.0035802026,0.0066645266,0.00381743622,0.0016654937423410759,0.4362859380899037,5,2712.8
MGAM,0.0050645573,0.004944517,0.0022700885,0.0040052515,0.0027778877,0.0038124604,0.0012585427039166449,0.3301129905288052,5,2684.2
GALNT1,0.0032100084,0.0023856547,0.0049544,0.005147673,0.003358426,0.00381123242,0.001192862246008772,0.31298596216516544,5,2695.6
CCNA1,0.008697068,0.0042918934,0.0012653929,0.0019495249,0.0028459595,0.0038099677400000006,0.0029572547175173588,0.7761889126959794,5,2857.6
PECAM1,0.005367541,0.007364783,0.0016208775,0.002530754,0.002134653,0.0038037216999999997,0.002464636599858425,0.6479539761961095,5,2805.2
NEURL1,0.011477789,0.004008815,0.0010122046,0.0010882091,0.0014260871,0.0038026209600000005,0.004465229244393835,1.1742504160587792,5,3111.4
GIPR,0.0036820716,0.0044072396,0.0033604917,0.0028440093,0.0047171,0.0038021824400000003,0.0007633448431685925,0.20076491731117257,5,2657.2
GGH,0.0055900174,0.0044512814,0.0038456656,0.0032021794,0.0019207156,0.0038019718800000003,0.0013710848793588718,0.3606246765188783,5,2703.8
ST3GAL6,0.0041661775,0.0054088966,0.0024831712,0.004745962,0.0022028675,0.0038014149600000004,0.0014055549292849153,0.3697451985838755,5,2688.0
CMKLR1,0.0060658837,0.0021911473,0.003531265,0.0042774864,0.0029396953,0.0038010955399999996,0.001480115357872113,0.38939177989514917,5,2713.6
KAT8,0.0034141673,0.0049830857,0.005755203,0.003278196,0.0015734611,0.0038008226200000003,0.0016279687436537033,0.42832010499182493,5,2738.4
ICOS,0.004543514,0.002436909,0.003686441,0.005837356,0.0024690945,0.0037946629,0.0014444473239306965,0.38065234303966666,5,2712.2
SEC11C,0.0025868348,0.0039302614,0.004886305,0.0039009168,0.0036429882,0.00378946124,0.0008220520005443377,0.21693110141016714,5,2676.8
BCO2,0.005430407,0.0033746655,0.00196186,0.0044030556,0.0037750932,0.00378901626,0.0012827303179931188,0.3385391431371474,5,2691.8
PLEKHG4B,0.0037029102,0.0024537086,0.0048878025,0.0043872986,0.0035127243,0.0037888888399999995,0.0009262924654198008,0.24447602042075242,5,2685.4
KCNIP3,0.014275777,0.0012616958,0.0012740806,0.0014376824,0.00066555984,0.0037829591280000006,0.005873009628462672,1.5524909018955362,5,3392.8
MVK,0.003249166,0.0037570829,0.0029512385,0.007690353,0.0012567166,0.0037809114,0.002378390795316521,0.6290522426197348,5,2798.2
PRR5,0.0031225272,0.004860081,0.004156186,0.004668798,0.0020803267,0.0037775837799999996,0.001163956976958157,0.30812208140044406,5,2701.0
MYH14,0.0051481347,0.007107163,0.0016215132,0.0023861665,0.0025885082,0.0037702971200000005,0.0022892589006857297,0.6071826245581753,5,2802.4
TNFRSF18,0.003263618,0.0032300209,0.0033280489,0.0048734867,0.004154342,0.0037699032999999995,0.0007260720619260975,0.19259699895381868,5,2665.4
NRP2,0.0037276403,0.004085412,0.0032603345,0.0039028425,0.0038708998,0.0037694258199999996,0.00031179490328229716,0.08271681634586384,5,2652.6
GRK5,0.004978494,0.0041296487,0.002334621,0.004734926,0.0026395766,0.0037634532599999998,0.0012102523248076322,0.32158027247763193,5,2691.6
KDM4B,0.0032487076,0.0032007652,0.0066057323,0.0025939778,0.003163883,0.00376261318,0.0016114655525425736,0.42828360914383806,5,2726.0
HSD17B13,0.0022575853,0.0020527246,0.0015027414,0.010088374,0.0029111216,0.00376250938,0.003571979008421587,0.9493608248284519,5,2952.8
ESAM,0.00338749,0.0030088658,0.0031630504,0.0054817144,0.0037600207,0.0037602282599999994,0.0010029475717270209,0.2667251832544392,5,2681.4
CYS1,0.003347608,0.0041725477,0.0030596033,0.004206825,0.0040130923,0.0037599352600000005,0.0005230981207665853,0.13912423608234817,5,2664.6
IRAG1,0.0040266127,0.005028707,0.0041977833,0.0033514898,0.0021880334,0.0037585252400000003,0.001061873662664666,0.28252402068867466,5,2692.6
MIR181C,0.0022370147,0.0025961462,0.0071525956,0.0036319385,0.0031579921,0.00375513742,0.0019724629168220926,0.5252705017709026,5,2775.8
TRDN,0.005954296,0.0026119803,0.0040304014,0.0021779991,0.003997435,0.0037544223599999997,0.0014802827230644164,0.3942770900886112,5,2740.0
SRP68,0.0023000785,0.004877925,0.0028139693,0.0049449727,0.0038344725,0.0037542835999999995,0.0011922294498109918,0.3175651007854047,5,2704.0
ETV6,0.0029463628,0.0027835036,0.0031572883,0.0074249045,0.0024473066,0.00375187316,0.0020696117289624384,0.55162092125802,5,2767.4
COL11A1,0.0038442262,0.003979421,0.004453396,0.004231129,0.002227682,0.00374717084,0.0008810754354561408,0.23513084219457175,5,2688.6
KLK3,0.0057860143,0.005184721,0.0022896938,0.0025867908,0.002886463,0.003746736579999999,0.0016151603108660055,0.4310845655623876,5,2727.0
SLC6A9,0.003033626,0.006682189,0.0026286293,0.002529638,0.0038571388,0.00374624422,0.001722577131111107,0.4598144247817103,5,2734.8
CSTF3,0.008273603,0.0040195263,0.00177523,0.0007489779,0.0039107227,0.00374561198,0.0028925427498261275,0.7722483709661052,5,2923.6
CACNA1D,0.0038050057,0.0052673365,0.0019204732,0.0058618565,0.0018546305,0.00374186048,0.0018509819118765266,0.49466887441953117,5,2763.4
PLA2R1,0.0013591842,0.0029638277,0.0044945125,0.0040735723,0.0057962677,0.0037374728799999994,0.0016717873539408568,0.44730420998823595,5,2785.6
LAT,0.0050466517,0.0043972014,0.0012994668,0.0048325215,0.0031088642,0.0037369411199999992,0.0015562248783391418,0.4164435104450193,5,2755.0
EEA1,0.0027251397,0.0022562111,0.0050034425,0.0037693153,0.0049248035,0.00373578242,0.0012482375234311985,0.33413014546794684,5,2740.0
SUCLG2,0.002889787,0.004090848,0.0018674681,0.0071029635,0.0027137864,0.0037329706000000006,0.002044182169831374,0.5476020008920975,5,2776.6
SRGAP2,0.00694568,0.004536081,0.003923118,0.0025859172,0.00066537864,0.0037312349679999995,0.0023306909335312613,0.6246433026919632,5,2877.4
CD1E,0.0060343626,0.0039337026,0.0048622065,0.0020377126,0.0017786016,0.0037293171799999995,0.0018238190239627209,0.4890490499825818,5,2781.8
CHL1,0.003377648,0.003616218,0.0034302366,0.0042220238,0.0039976323,0.00372875174,0.0003676489658669504,0.09859840276385642,5,2668.2
CPN2,0.003190672,0.00628845,0.0018104196,0.004271821,0.0030346923,0.0037192109799999997,0.0016806078353608887,0.45187214288146915,5,2749.6
SEM1,0.0036520106,0.0049763964,0.0017940779,0.0030639833,0.005095781,0.0037164498400000003,0.0013798005888690486,0.3712684546467735,5,2741.2
GMDS,0.0039601033,0.0047528576,0.0042041647,0.002740803,0.0029174169,0.0037150691,0.0008604802004717047,0.23161889518332368,5,2696.4
TRIM39,0.004814301,0.0041840654,0.00336037,0.0028414312,0.003367755,0.0037135845199999995,0.0007806950421609017,0.21022681400042614,5,2682.6
PSMB9,0.007980067,0.0031057915,0.0018720002,0.0031897859,0.002420232,0.0037135753200000002,0.002444935768576477,0.6583778590429874,5,2807.2
MAF,0.0033907373,0.0037519666,0.004967733,0.0028799486,0.0035743627,0.00371294964,0.000773453532593984,0.2083124220866039,5,2689.8
PLEKHA1,0.0032988791,0.005548088,0.003084003,0.002560481,0.0040361625,0.00370552272,0.0011583539842979851,0.3126020461420852,5,2707.8
RAB2A,0.0027424619,0.0030342569,0.0094087655,0.0023501385,0.0009832657,0.0037037777,0.003284539411889883,0.8868079236747612,5,2964.6
ID4,0.003475558,0.0026880694,0.002739459,0.0016761797,0.007935796,0.00370301242,0.002451264354889032,0.6619649293234161,5,2837.4
NPS,0.0036458874,0.0036398543,0.003460765,0.0034541488,0.004281089,0.0036963489,0.00033978656894388865,0.09192491784092369,5,2678.2
CD274,0.010233657,0.0020000073,0.0019385098,0.0034313696,0.0008266723,0.0036860432000000005,0.0037752051964250427,1.0241890806990657,5,3044.2
FARP1,0.0061117196,0.0019063564,0.0017806361,0.0018056049,0.00682409,0.0036856814000000002,0.0025527021264212624,0.692599779899929,5,2904.2
HLA-DRB5,0.0036608693,0.0035776736,0.0038418078,0.0017783005,0.005551066,0.0036819434400000004,0.0013373806974662612,0.3632268445346518,5,2755.4
EFNA4,0.0034895774,0.0041943886,0.0025391812,0.004612731,0.0035708179,0.0036813392199999996,0.000788070874763896,0.21407178954942815,5,2695.6
CD74,0.0032414,0.004083751,0.0025743423,0.0034300305,0.0050720875,0.0036803222599999996,0.0009458138848234429,0.2569921376459688,5,2711.8
SLC6A15,0.001995083,0.0027770412,0.0037563655,0.0041550947,0.005705915,0.0036778998799999996,0.0014133414387232928,0.384279476015343,5,2771.4
SDCCAG8,0.0045341784,0.004300142,0.0033262353,0.0033798288,0.0028441937,0.0036769156399999994,0.0007120347000327182,0.1936499962867569,5,2700.6
LMO1,0.005029923,0.0047066063,0.002803385,0.002561353,0.0032637697,0.0036730074,0.0011257265154475777,0.3064863183906402,5,2722.2
LPA,0.0037070718,0.002003119,0.0026657477,0.0046223267,0.005357219,0.00367109684,0.001373136678446058,0.37403989551146194,5,2760.6
SLC15A3,0.0072381906,0.0018227962,0.0027159438,0.0030817916,0.0034942771,0.0036705998599999997,0.002087536534391441,0.5687180880542618,5,2811.8
EPHA8,0.004997097,0.0033784886,0.0028891705,0.002675789,0.004408783,0.0036698656199999997,0.0009987637101849076,0.2721526654114675,5,2709.0
HGS,0.0035831695,0.0055861585,0.0028563992,0.0031913,0.0031315354,0.00366971252,0.0011022983485475411,0.3003773027287547,5,2717.2
GABRR1,0.0033077025,0.0071679535,0.0024315254,0.003380284,0.0020551514,0.00366852336,0.0020366895910252972,0.5551796707177836,5,2788.0
GDI2,0.0018426173,0.0058165547,0.0011199219,0.0077804485,0.0017795542,0.00366781932,0.002954634975149831,0.8055563039975019,5,2959.8
TAS2R38,0.0060048164,0.0049448516,0.0011093543,0.0038573355,0.0024051962,0.0036643108,0.0019537260575456517,0.5331769503683071,5,2832.8
IL12RB2,0.003757501,0.0035615657,0.004194714,0.0032138072,0.0035684074,0.00365919906,0.0003579765459620478,0.09782920800215986,5,2699.4
GPR15,0.0025600682,0.0041735466,0.0032866793,0.0062707197,0.0020036083,0.00365892442,0.0016712595139225525,0.4567625132640899,5,2773.0
SPRR2B,0.0036273277,0.003861658,0.0037060387,0.0031303263,0.0039627086,0.00365761186,0.00032249465071971823,0.08817082376797582,5,2695.8
GALNT18,0.004112756,0.001818991,0.003693558,0.004727993,0.003911228,0.0036529051999999998,0.0010953197190864865,0.2998489309513115,5,2757.0
MYO9B,0.005534076,0.0038437669,0.003490515,0.0021952207,0.0031863216,0.0036499800399999996,0.0012190266525880034,0.3339817311954406,5,2741.0
IP6K1,0.0052051335,0.003966277,0.0018096399,0.0032792846,0.00398346,0.003648759,0.0012403643033616597,0.3399414166190915,5,2742.2
TET3,0.00409736,0.0017807666,0.0049888557,0.0031066453,0.004261337,0.00364699292,0.0012405262092785975,0.3401504298172856,5,2776.2
RXFP1,0.0037193862,0.004069729,0.003039682,0.0046928017,0.002706885,0.00364569678,0.0007953432654444695,0.2181594667465651,5,2714.4
UTP20,0.003122059,0.004055514,0.00359824,0.005726684,0.001707169,0.0036419332,0.0014605414890874208,0.40103467276319643,5,2766.8
OR2J2,0.0026496262,0.0048013646,0.0039895624,0.0034338008,0.0032301922,0.0036209092399999998,0.0008155427834865489,0.22523149005705234,5,2737.8
CDH6,0.0039042414,0.002835267,0.0036950207,0.003917174,0.0037212265,0.00361458592,0.00044739238635074807,0.12377417393103443,5,2720.6
USP3,0.002286699,0.003963946,0.004209268,0.0038311866,0.0037174548,0.00360171088,0.0007575704491748158,0.21033627473585992,5,2739.0
PHACTR2,0.0029908605,0.002782802,0.0046704235,0.002743953,0.0048193713,0.00360148206,0.0010493261911793648,0.2913595496792131,5,2761.2
SLC44A5,0.0026605604,0.0038534715,0.0030680906,0.0049622264,0.0034604594,0.00360096166,0.0008810292125015368,0.24466497999357673,5,2740.4
MERTK,0.003418489,0.004003066,0.0022002338,0.004429901,0.0039228783,0.0035949136199999996,0.0008584303361723372,0.2387902539289212,5,2734.0
CDH5,0.0038390292,0.004386651,0.0037172693,0.0036710058,0.0023604294,0.0035948769400000005,0.0007468521791953399,0.20775458844923347,5,2733.2
OR11A1,0.0020827074,0.005451947,0.004288011,0.0042764675,0.0018689226,0.0035936111,0.001553968855388978,0.4324254384090081,5,2803.0
ELAC2,0.0027453762,0.00314529,0.0025850781,0.0054907785,0.003998756,0.0035930557600000004,0.001193840238262475,0.3322632093698637,5,2755.0
ARID5B,0.005156582,0.004093152,0.0017166869,0.0033011697,0.0036696752,0.0035874531599999994,0.0012556255130594086,0.350004712830706,5,2767.6
TG,0.002490629,0.005007337,0.0027508938,0.0046093166,0.0030751936,0.003586674,0.0011429716347338807,0.3186717373070094,5,2761.8
KLRC4,0.0021393532,0.003966643,0.005509438,0.0030114264,0.0032995811,0.0035852883400000002,0.0012599065315567692,0.3514100992939299,5,2779.6
ZNF678,0.004534101,0.0050063184,0.0023690257,0.0030100553,0.0030001267,0.0035839254199999996,0.001126073333773177,0.31420110683362856,5,2755.2
GLYCTK,0.002180403,0.003540954,0.001376092,0.009581438,0.00123874,0.0035835254,0.0034754964083641058,0.9698539902533148,5,3026.4
ADGRG6,0.003236508,0.0039323634,0.0017975669,0.0059063504,0.0030273364,0.0035800250199999996,0.0015113369669695013,0.42215821356731786,5,2787.2
IL18RAP,0.0042545707,0.004182039,0.0040681404,0.0032584763,0.002128497,0.00357834468,0.0009036042254744092,0.2525201751873744,5,2748.6
IL20RA,0.002242115,0.0017388891,0.0028562346,0.0059411633,0.005108527,0.0035773858,0.0018449196948884157,0.5157172857588956,5,2856.8
INTS1,0.003407689,0.004882727,0.004841492,0.0030719566,0.0016802334,0.0035768196000000004,0.0013402724946211797,0.37471067722319,5,2792.4
LCE4A,0.0030336487,0.008191712,0.000612392,0.0018191098,0.004215953,0.0035745631,0.0029102451473577225,0.8141540842733264,5,3015.6
LMO4,0.0052345623,0.00461852,0.0022862563,0.0032784578,0.002443671,0.00357229348,0.0013107008906154247,0.3669073937943712,5,2765.2
SLIT2,0.0053211297,0.002069964,0.0033350664,0.0027771185,0.004357821,0.00357221992,0.0012865705756765025,0.360159957810353,5,2781.2
ERCC4,0.002332846,0.0043698475,0.0025567252,0.0034843157,0.005111435,0.0035710338800000003,0.0011811424741790793,0.3307564458556969,5,2771.2
CHSY3,0.0032676125,0.0037417477,0.003284451,0.004264179,0.0032697024,0.00356553852,0.0004400106000428705,0.12340649177529303,5,2729.6
MBD4,0.0042151543,0.0037938545,0.003142816,0.0042278455,0.0024381327,0.0035635606,0.0007685209878644303,0.21566098465238118,5,2743.6
MSI2,0.0032063979,0.0033484774,0.0040112045,0.0046223365,0.002621264,0.0035619360599999997,0.0007718690192548947,0.21669929113070455,5,2749.6
IRF2,0.002538242,0.003015173,0.0033897264,0.005096337,0.003768006,0.00356149688,0.0009712627913837595,0.2727119590748482,5,2758.0
OR2AG2,0.0033558428,0.0016886494,0.0023706728,0.0070420904,0.0033408972,0.00355963052,0.0020694861274755316,0.5813766670018133,5,2859.8
OR51E2,0.00396159,0.0030086408,0.0052656922,0.00380726,0.0017334296,0.0035553225199999997,0.0013011576495880397,0.36597457537777467,5,2799.0
LAMA1,0.002781786,0.003834113,0.0017607164,0.003431927,0.0059172767,0.00354516382,0.0015403110085548378,0.4344823220481918,5,2818.0
IDH1,0.0019213905,0.0035580816,0.0065611587,0.004102616,0.0015602028,0.0035406899200000003,0.0019989844224612098,0.5645748336135602,5,2876.0
TYRP1,0.0027026143,0.004736565,0.0038191788,0.0028223624,0.0036183402,0.0035398121399999997,0.0008264478428146316,0.2334722324599496,5,2763.4
ADORA1,0.0038389424,0.003974353,0.0027459513,0.0034926913,0.0036285054,0.0035360886799999996,0.00047920174558910674,0.13551745698558296,5,2737.0
SLC6A19,0.0058574085,0.0038895982,0.002411794,0.002668665,0.0028502343,0.00353554,0.0014142446553613859,0.4000081049461711,5,2780.2
TSHR,0.0033418878,0.0033469188,0.003894732,0.0028482045,0.0042347373,0.00353329608,0.0005393004270629193,0.1526338056172522,5,2744.8
DOCK4,0.004231046,0.003230837,0.0031653228,0.0034934836,0.0035248373,0.0035291053399999993,0.0004228798747110435,0.11982636786666265,5,2738.8
GPAM,0.003333919,0.0034295623,0.0042716865,0.002998605,0.0036040957,0.0035275736999999994,0.00047076420279944286,0.13345269095283338,5,2746.2
UBE2E1,0.009016417,0.003155944,0.00044936192,0.002203935,0.0027930718,0.003523745944,0.0032416175113309203,0.919935081259343,5,3085.6
DCUN1D5,0.0016491606,0.0032145604,0.0053626033,0.0033747773,0.0039993003,0.00352008038,0.0013453009615771918,0.3821790460299636,5,2819.2
KCNIP4,0.0061826496,0.0008840868,0.00051320536,0.000808651,0.009186811,0.003515080752,0.0039541938056943,1.1249226076654015,5,3363.0
PTPN1,0.006084816,0.0035213511,0.0012926796,0.00225236,0.0044097076,0.00351218286,0.0018666429993635788,0.5314765983920264,5,2869.6
TAP1,0.0067557185,0.0030811925,0.001723204,0.0033320992,0.002654885,0.00350941984,0.001915337638241102,0.5457704479841038,5,2840.4
SLC24A5,0.006014921,0.002460262,0.0028655175,0.003272951,0.0029257764,0.0035078855800000004,0.0014308584719521992,0.4078977034228691,5,2805.8
DCUN1D1,0.004162237,0.0030155913,0.004173605,0.004155598,0.0020291787,0.003507242,0.0009643411131632027,0.27495710679879026,5,2783.6
NUDT7,0.0031563055,0.0036525098,0.0031091685,0.0039355117,0.003637607,0.0034982205000000004,0.00035451541010341847,0.10134164215875427,5,2752.0
HNF1B,0.0031186535,0.004440045,0.00398308,0.002703513,0.0031843758,0.00348593346,0.0007063102860188347,0.2026172599458725,5,2771.4
TPRKB,0.0036570337,0.003345124,0.0047160285,0.0025516679,0.0031465604,0.0034832829,0.000798471584763738,0.22922961117046736,5,2779.6
USP47,0.0048825312,0.0028341284,0.0033728015,0.0045950008,0.0017312216,0.0034831367,0.001293941545331067,0.371487442721116,5,2816.6
LINGO1,0.0032368419,0.0031918613,0.004960771,0.0028168142,0.003175764,0.00347641048,0.0008466320115939964,0.24353626145839846,5,2782.4
DGKD,0.0022151442,0.003721852,0.0031592322,0.0052408595,0.0030443864,0.0034762948600000005,0.0011237839330969714,0.3232706022805474,5,2801.6
RAB25,0.0014250362,0.004223087,0.0030009602,0.0045916094,0.004132445,0.00347462756,0.0012909056181126366,0.37152344987231856,5,2832.6
MRC1,0.002773236,0.0033476178,0.0013340737,0.005263779,0.0046524378,0.00347422886,0.001555502448489705,0.4477259591038298,5,2853.2
KCTD6,0.0031812708,0.0037014731,0.0034904524,0.0037421563,0.0032448936,0.0034720492400000004,0.0002559705030124427,0.07372317767372523,5,2762.0
OR6K6,0.0054261247,0.002953339,0.003907861,0.0024081,0.0026599122,0.00347106738,0.0012317622379542864,0.3548655508825894,5,2811.8
KNG1,0.005093314,0.0022463333,0.0033721398,0.0026605371,0.003980149,0.00347049464,0.0011244516574049205,0.32400328311843196,5,2803.6
OR2B3,0.003903878,0.0037440513,0.004572455,0.0018230306,0.0033073141,0.0034701458,0.0010268563752112146,0.29591159403481393,5,2805.0
USH1C,0.0029804255,0.0034720683,0.0044837417,0.0029783377,0.003435143,0.00346994324,0.0006144726427628475,0.1770843498762382,5,2778.6
KLF2,0.003052162,0.0034603542,0.0047094068,0.0036207088,0.0024986602,0.0034682584000000002,0.000818078516280155,0.23587588406912097,5,2784.2
OR5B17,0.0015819569,0.0029793112,0.006783933,0.0012465506,0.004732562,0.00346486274,0.0023089657996273392,0.666394594213374,5,2969.2
SNAI2,0.010178591,0.0029456038,0.001080481,0.0021928302,0.0008970149,0.0034589041799999998,0.003848401780868362,1.1126072248894627,5,3164.0
PNN,0.0030877218,0.0031664213,0.0066049686,0.0024809842,0.0019490782,0.0034578348199999997,0.0018273573944782675,0.5284686775403192,5,2869.4
RPL3,0.0023927193,0.0033542635,0.0038468016,0.0040684664,0.0036049741,0.00345344498,0.0006501764733422512,0.1882689537860398,5,2788.6
ANK1,0.0027849288,0.002960482,0.0030607514,0.005665675,0.0027590974,0.00344618692,0.0012469915252731,0.3618467466277482,5,2814.6
MEX3C,0.003096878,0.0031083883,0.003139174,0.0044522905,0.0034333882,0.0034460238000000006,0.0005793940045845702,0.16813406935395228,5,2779.2
MDM4,0.0025070144,0.003560946,0.0012665526,0.008710957,0.0011712676,0.00344334752,0.0031039910612990712,0.9014457713809472,5,3045.4
TEC,0.0041883583,0.002995798,0.0032094622,0.003329878,0.003484972,0.0034416937000000002,0.0004540479687712743,0.13192573434738666,5,2775.4
GABRB1,0.0032882772,0.0029495754,0.0036032402,0.003998596,0.0033678024,0.00344149824,0.00038968391686959315,0.11323089238877342,5,2776.8
ATP6V1G3,0.0038004813,0.0029855478,0.0028746724,0.0038104646,0.0037326082,0.0034407548600000003,0.0004687562251716216,0.1362364493388005,5,2776.4
USP37,0.0048924675,0.0014346759,0.0020710784,0.0029063155,0.005898129,0.0034405332600000007,0.0018928912300957585,0.550173791982397,5,2925.2
GYPA,0.0044460366,0.0022778683,0.004815345,0.0043863854,0.0012676438,0.0034386558199999994,0.0015707483366712257,0.45679137979887324,5,2883.6
KNTC1,0.003218989,0.0030653717,0.003056095,0.0053943056,0.0024536664,0.00343768554,0.001132333082551436,0.32938820883292197,5,2809.6
SYT11,0.0048909793,0.0026097633,0.0033960522,0.0034321486,0.0028573528,0.0034372592399999997,0.0008854472261946405,0.25760268992531404,5,2799.4
CLDN18,0.009541679,0.0021982845,0.0013475945,0.0018893813,0.002198434,0.00343507466,0.003431336764611083,0.9989118444986237,5,3056.8
P3H2,0.0028625992,0.002015003,0.0040785624,0.0049180523,0.003271223,0.00342908798,0.0011162771820772482,0.32553179988028424,5,2839.4
LRPPRC,0.006711091,0.003016406,0.0026383805,0.0010751244,0.0037040915,0.0034290186800000006,0.0020726697763271498,0.6044498352884883,5,2918.2
OR2J1,0.0031596795,0.003169025,0.004065094,0.0032733306,0.003447937,0.00342301322,0.0003772096477997243,0.11019812766008666,5,2786.6
KCNJ6,0.0025951103,0.0031094572,0.004800053,0.0035139043,0.0030961544,0.00342293584,0.0008359241928880652,0.24421263849574965,5,2805.2
MYH3,0.0026416485,0.004870378,0.0014713877,0.0036046077,0.004515996,0.0034208035800000003,0.0013912046310984186,0.40668942210894743,5,2861.2
DET1,0.00442715,0.004835243,0.0031218883,0.0023716867,0.002338368,0.0034188672000000004,0.0011592041018978908,0.33906087428546233,5,2827.6
CD72,0.005080184,0.006888109,0.0018275109,0.0024230718,0.0008716947,0.0034181140800000004,0.002490367464745309,0.7285793880657455,5,3002.6
APBA1,0.005851944,0.0042196787,0.0016434025,0.003328205,0.0020450337,0.00341765278,0.0017036040781478535,0.49847195950311063,5,2872.0
MRS2,0.00399983,0.0023986856,0.0014930668,0.004254558,0.0049348837,0.00341620482,0.0014215875942712015,0.41613066814629734,5,2872.6
HSPA4,0.0032913433,0.004340754,0.003733464,0.005237464,0.00047411618,0.0034154282960000004,0.0017988817723875966,0.5266928819716016,5,2973.8
CD300LF,0.0040647453,0.0036107555,0.0034792307,0.0033777012,0.0025347108,0.0034134287,0.0005569790581059714,0.16317289946790786,5,2788.2
RAB27A,0.0074017765,0.004007535,0.0013341119,0.003149348,0.0011692864,0.0034124115600000005,0.002534232967296005,0.7426516182872164,5,2982.2
SDR9C7,0.005460059,0.0012052623,0.004725014,0.0042739604,0.0013935978,0.0034115786999999996,0.0019751686632375753,0.578960310438559,5,2971.6
C1GALT1C1L,0.004238423,0.0025945094,0.0024109078,0.005508541,0.0022841182,0.0034072998800000003,0.0014160634266100482,0.41559694669729164,5,2846.2
ADAMTS14,0.0051803445,0.0028981513,0.0033602295,0.0034513297,0.0021365054,0.0034053120800000003,0.0011204879071640853,0.32904118061451954,5,2817.6
GPAT3,0.003251088,0.0022593911,0.0024780743,0.0068467604,0.0021772431,0.0034025113799999998,0.001971571112031084,0.5794458539124957,5,2888.6
PTPRR,0.004957668,0.0025110075,0.0039136386,0.0043032626,0.0013029665,0.00339770864,0.0014742683310474702,0.433900751139,5,2883.0
GLG1,0.0037162465,0.0034715212,0.0029435302,0.0035593899,0.0032894195,0.00339602146,0.0002962456128043638,0.0872331392170778,5,2781.8
TIMM21,0.0020443576,0.0030063523,0.0061747706,0.0027762107,0.0029508108,0.0033905004000000004,0.0016033176172555253,0.4728852464537462,5,2876.6
SPSB4,0.0028393676,0.0035922623,0.006103173,0.0034595516,0.00095531484,0.0033899338679999995,0.001846479287548308,0.5446947815054863,5,2934.2
RAB38,0.0022438287,0.0022591762,0.002264578,0.0073069674,0.0028682621,0.00338856248,0.002206460939508932,0.6511495516260724,5,2928.0
PDE4C,0.0022413095,0.004984724,0.00316707,0.002818153,0.0037164881,0.0033855489200000006,0.0010423335234164529,0.30787725950699085,5,2829.8
PPP6R1,0.0027307486,0.005095898,0.0023184146,0.0033786949,0.0033914687,0.00338304496,0.0010598211834736333,0.31327434190340564,5,2824.4
IL20,0.0044069085,0.0026132995,0.0033123544,0.0024756424,0.004097834,0.0033812077600000002,0.0008631465226258708,0.25527757650298033,5,2828.4
HIP1R,0.008290938,0.0024988728,0.0013368783,0.0012414505,0.0035156056,0.0033767490399999995,0.0029008521792066432,0.8590665592390733,5,3042.2
FBLIM1,0.000702066,0.0031944034,0.0039605643,0.004641211,0.004372825,0.00337421394,0.0015905202598062399,0.47137504855612083,5,2951.2
VCAM1,0.0040641553,0.0033094154,0.003319277,0.002724087,0.003404271,0.0033642411400000003,0.0004760008349971018,0.14148832238497083,5,2799.6
ESRRB,0.0029755724,0.0035533367,0.003004189,0.0018964065,0.0053789685,0.00336169462,0.0012777020882701324,0.3800767864720956,5,2870.2
ZP3,0.008222302,0.0011130269,0.0017791846,0.0020974407,0.0035904152,0.00336047388,0.002865178537534835,0.8526114589335344,5,3069.8
NADK,0.0021082682,0.0032262534,0.002611883,0.003992989,0.0048498423,0.0033578471800000003,0.0010914075404783868,0.3250319272952698,5,2847.2
NEK6,0.0032328519,0.0032793744,0.0053208554,0.0019138322,0.0030374853,0.0033568798400000002,0.0012311569139328803,0.3667563251036356,5,2864.4
EZH1,0.0038109068,0.0032563952,0.0022790344,0.0047296765,0.0026708578,0.00334937414,0.0009660361881448894,0.2884228956711565,5,2829.8
PCDH7,0.0040452965,0.0024674577,0.0034737869,0.0040054447,0.002744112,0.0033472195599999997,0.0007201233748258476,0.21514076442175417,5,2834.6
KALRN,0.0074004643,0.00318208,0.0017130659,0.002007268,0.0024012884,0.00334083332,0.002335410788459107,0.6990503759879607,5,2957.6
EPB41L3,0.003356024,0.0033397384,0.0055833235,0.0016690172,0.0027262785,0.00333487632,0.0014319098696877876,0.4293742053041978,5,2891.0
MYCN,0.0025620228,0.0028605694,0.0023837676,0.0037828234,0.0050819367,0.00333422398,0.0011157678796579072,0.3346409498434197,5,2859.6
TRIM9,0.0034217124,0.0027167248,0.0031646024,0.005257379,0.0021088081,0.0033338453399999997,0.0011851054314282118,0.35547702744609383,5,2859.2
ATF6,0.0068094293,0.0021830956,0.0022291958,0.002209445,0.0032309021,0.0033324135599999997,0.0019936789246657507,0.5982687588949046,5,2927.6
MRPL3,0.0053328555,0.0044482388,0.0025659334,0.0026422576,0.0016716786,0.00333219278,0.0015057125696805753,0.45186838490196096,5,2881.8
IL15RA,0.0038538342,0.0029113514,0.004490524,0.002624071,0.0027747296,0.00333090204,0.0008067127394128521,0.24219047264831967,5,2835.6
CPD,0.0046519525,0.0041872077,0.0022539655,0.0043799733,0.0011790027,0.00333042034,0.0015304775504950564,0.45954486048300325,5,2905.2
KLF4,0.004257756,0.0030359274,0.004298481,0.0027260063,0.00233067,0.00332976814,0.0009011983559006517,0.270648981553608,5,2834.6
UVRAG,0.0031161876,0.0056999763,0.0022729097,0.0035813553,0.0019780614,0.0033296980599999996,0.0014723162293202143,0.4421770991812436,5,2871.8
NIPBL,0.004502463,0.003000424,0.0021934845,0.0036432326,0.0032960447,0.00332712976,0.0008476708884640624,0.25477542194328556,5,2835.2
ZNF189,0.0057500796,0.0023950464,0.002469842,0.0031222536,0.0028844902,0.0033243423600000004,0.0013885489542693726,0.41769132174141427,5,2874.6
GABRA4,0.004123406,0.0038907072,0.002573774,0.0023562307,0.0036755619,0.0033239359599999997,0.0008036198139500312,0.24176753812971513,5,2832.2
OPA1,0.0045695747,0.0020833467,0.00358764,0.0038171913,0.002561068,0.0033237641399999998,0.000998184052486185,0.30031735419294375,5,2863.8
PLEKHG5,0.0034301672,0.0027327077,0.00405198,0.0032307515,0.0031728968,0.0033237006400000007,0.00048020306915813555,0.1444784356867156,5,2833.4
NUF2,0.0049501923,0.0024782112,0.0029238816,0.0033993656,0.0028405036,0.00331843086,0.0009694390763062306,0.2921377956044655,5,2848.6
SLC17A7,0.0038073095,0.005289318,0.0016050567,0.002710341,0.0031680458,0.0033160142000000004,0.0013648634728700506,0.4115975959542183,5,2874.2
CCR3,0.0041729854,0.0028779078,0.0035280962,0.0034302464,0.0025627776,0.0033144026800000005,0.0006228396696155537,0.18791913045869055,5,2830.8
RIN2,0.0022216237,0.0029925203,0.0042925216,0.003520621,0.0035284336,0.0033111440399999996,0.000765305972126948,0.2311303775618738,5,2846.2
TSC22D1,0.0030624496,0.003928994,0.0005193975,0.004431977,0.0046124216,0.00331104794,0.0016723505917844164,0.5050819625959316,5,3002.6
OR10R2,0.0028890732,0.003880228,0.0011545524,0.004894862,0.0037350506,0.00331075324,0.0014000666443101798,0.4228846255875536,5,2911.2
SULT2B1,0.003939797,0.0038023773,0.0031460295,0.0024170582,0.003195415,0.0033001353999999998,0.0006074442814738196,0.18406647238589655,5,2838.6
PAX2,0.0031383042,0.0020086041,0.0055839363,0.0028746887,0.002887232,0.00329855306,0.0013473557975055264,0.40846873553264185,5,2904.2
PKP1,0.004246595,0.0033161035,0.0022430883,0.00407999,0.0025990547,0.0032969663,0.0008821885364461187,0.2675758428122601,5,2845.0
FPR2,0.0011901788,0.007896027,0.0020413548,0.0027267186,0.002623625,0.0032955808400000003,0.002643153158611742,0.8020295319509569,5,3024.6
OR4C6,0.0016738595,0.0030122139,0.003716369,0.0049072397,0.0031642937,0.00329479516,0.0011728189449541125,0.35596111078241127,5,2889.6
COL11A2,0.002275638,0.005137453,0.002776691,0.0034483157,0.0028336314,0.00329434582,0.001111163884504564,0.3372942445078714,5,2863.8
RPS24,0.0030080338,0.0034484933,0.0022953907,0.0039091283,0.0037978142,0.00329177206,0.0006586068888823463,0.20007669938189654,5,2840.8
MEIS1,0.0017868879,0.005887237,0.0018339641,0.002168292,0.0047333697,0.003281950140000001,0.0019017260244535892,0.5794500048235312,5,2963.8
KIZ,0.0024548096,0.0027514477,0.0049900506,0.00093325035,0.0052719153,0.00328029471,0.001827535213923873,0.5571253120497435,5,3004.4
OAS2,0.0044191703,0.005221033,0.0004118464,0.0037777724,0.0025371898,0.0032734023800000006,0.0018768956993638144,0.5733776302086682,5,3053.4
B2M,0.009214857,4.6534765e-06,0.0014720348,0.0027035377,0.0029682445,0.0032726654953,0.0035230807514222955,1.0765172170763944,5,3407.4
COL24A1,0.0030493662,0.0036539817,0.002634261,0.004234285,0.0027578443,0.00326594764,0.0006693937947721752,0.20496158192302652,5,2848.6
SCNN1B,0.003405402,0.003326967,0.001803374,0.0032160084,0.0045699337,0.00326433702,0.000982999635697141,0.3011330109833883,5,2876.6
FBXO32,0.0037667498,0.0019500763,0.001975548,0.004152949,0.00447577,0.00326421862,0.0012142773597548881,0.37199633392045545,5,2910.8
PHLDA1,0.0043726945,0.0030313514,0.001356289,0.0036728762,0.0038870256,0.0032640473399999995,0.0011702596676496236,0.35853023738608636,5,2892.6
DLC1,0.0039004819,0.0032728692,0.002596361,0.0029048612,0.003638364,0.0032625874599999994,0.0005291617928083129,0.16219083757782635,5,2840.2
OR6N2,0.003936846,0.0027469466,0.003876145,0.0018830261,0.0038616168,0.0032609160999999996,0.0009163752859936752,0.28101774406084085,5,2887.6
ZIM3,0.0027333205,0.004338069,0.0037091887,0.0037099118,0.0017945343,0.00325700486,0.000998919421678567,0.3066987814315288,5,2887.2
PPIF,0.003684787,0.002593798,0.0024980765,0.0042790244,0.0032216043,0.00325545804,0.0007490958434332506,0.23010459180522894,5,2861.6
KPNA7,0.0022445824,0.003076226,0.0020014907,0.0020637363,0.0068859844,0.0032544039600000004,0.0020752918213057946,0.637687222242009,5,2982.2
OR51B4,0.005333892,0.001822756,0.0033806849,0.0016946471,0.0040335804,0.00325311208,0.0015353975305992375,0.4719780606511527,5,2949.2
MTERF1,0.0021702223,0.004456428,0.004233736,0.0028087113,0.0025953935,0.00325289822,0.001026197874010099,0.31547186681115985,5,2883.2
TAF4,0.0028657487,0.0042348127,0.0016006946,0.004270286,0.0032814392,0.0032505962400000005,0.0011045002926305736,0.3397839076533767,5,2894.6
LRSAM1,0.0029481775,0.0038652248,0.002931582,0.0024305547,0.004051878,0.0032454834,0.0006865466712037099,0.21153911038451464,5,2865.4
AMOTL1,0.003091665,0.003976186,0.0071831336,0.00062722364,0.0013411643,0.0032438745079999996,0.0025760618174928414,0.7941311573982879,5,3128.4
FZD7,0.0026866728,0.006602881,0.0031860836,0.0026161205,0.001124236,0.00324319878,0.0020300048252318644,0.6259267355890731,5,2988.4
GJD2,0.003544927,0.0021094573,0.0012932288,0.0046495018,0.00461734,0.0032428909800000004,0.0015037240760839541,0.46369862118644334,5,2951.8
ZWINT,0.0026612952,0.0037838235,0.0033490472,0.004109615,0.002301609,0.0032410779799999997,0.000754873605881264,0.232908189972419,5,2868.8
GMFG,0.0036846818,0.0034075854,0.0040884325,0.0013475002,0.003662693,0.0032381785800000007,0.0010846511828688991,0.3349571853658852,5,2906.2
ARHGAP22,0.0028838723,0.0032114612,0.004734477,0.0021315662,0.0032271957,0.00323771448,0.0009473471151608458,0.29259748535974855,5,2890.6
ZNF627,0.0059471335,0.0027070986,0.0018741959,0.0030375202,0.0026079824,0.0032347861199999994,0.001574665434458662,0.4867912053668211,5,2929.6
MOGAT1,0.002667869,0.007071229,0.0019113229,0.0031563325,0.001358405,0.0032330316800000002,0.0022537851258954095,0.6971119831078826,5,3011.6
NF1,0.0020546976,0.005902231,0.0022558914,0.004496012,0.0014359213,0.0032289506599999995,0.0018902738606989089,0.5854142908144992,5,2973.8
MYO7A,0.00245371,0.004548908,0.0018508066,0.0025694917,0.004719018,0.0032283868600000002,0.0013131785597127635,0.4067599753868294,5,2919.8
ST6GALNAC3,0.0041256077,0.0038049077,0.0024624052,0.0030336769,0.002686105,0.0032225405,0.0007169240027232628,0.22247168118546928,5,2864.6
THSD4,0.0026425393,0.0051759426,0.0022240817,0.001905283,0.0041630417,0.00322217766,0.0013936292819314122,0.4325116207066659,5,2926.2
SLC16A10,0.006128667,0.002026685,0.00023242923,0.0006220276,0.0071006496,0.0032220916859999997,0.003186644141776059,0.9889985923187846,5,3400.8
INHBA,0.0057470435,0.0025296523,0.002406852,0.002950242,0.0024430624,0.0032153704400000004,0.0014317849625921774,0.44529393714031196,5,2916.8
ZNRF3,0.0034759173,0.004793369,0.0019064231,0.0034201057,0.0024722905,0.0032136211200000002,0.0011028798987000315,0.3431891494103796,5,2894.0
SARM1,0.0040794513,0.006517636,0.0025850572,0.0007724423,0.0020814482,0.003207207,0.0021967153136391534,0.6849309426049374,5,3054.4
CALU,0.0042875158,0.0032393138,0.0024358418,0.0026654094,0.0033879555,0.0032032072600000003,0.0007227096394390336,0.225620629818076,5,2867.3
MAP3K14,0.00266453,0.0032235738,0.004870383,0.0033980533,0.0018499804,0.0032013041,0.0011112192333509665,0.34711455039556116,5,2917.6
ST8SIA1,0.0030692318,0.0016124921,0.0036676761,0.0035459471,0.004110875,0.0032012444200000003,0.0009624665588895268,0.30065388099591805,5,2927.6
PDE4A,0.0030846542,0.0026323097,0.0034883972,0.0032277124,0.0035404884,0.00319471238,0.0003658245509399171,0.1145093853299924,5,2882.4
FGF21,0.008034614,0.0027709787,0.0012417916,0.0023051086,0.0016019611,0.0031908908,0.0027724662305772196,0.8688690413903288,5,3094.4
SCN7A,0.0045755324,0.0028048875,0.003074954,0.0041623656,0.0013178199,0.0031871118800000002,0.0012778652835819303,0.4009477331501554,5,2942.8
FBXL3,0.004630231,0.004589826,0.0021381387,0.0022822393,0.0022535108,0.00317878916,0.001307727365851565,0.41139166519982884,5,2930.4
GM2A,0.007057286,0.0043359674,0.0010343055,0.0017244475,0.0017397153,0.003178344340000001,0.0025083187414206938,0.7891903686624128,5,3093.6
CTSH,0.0030079246,0.0024448913,0.004195608,0.0040112673,0.0022124283,0.0031744239,0.0008984012477728118,0.2830123751817808,5,2915.6
SHANK3,0.0019109416,0.00224429,0.0069811237,0.0022980124,0.002435493,0.0031739721400000005,0.0021369730305699996,0.6732803365343967,5,3033.2
JAML,0.0014503435,0.0041272934,0.005049945,0.0025038775,0.0027303002,0.00317235192,0.0014181722194596704,0.4470412662979933,5,2967.2
CPM,0.0041884077,0.002474865,0.0030590598,0.0043940293,0.0017439778,0.0031720679200000004,0.0011252155682697014,0.35472619018501383,5,2929.6
ERP44,0.0048858924,0.0030378085,0.0033270144,0.0019818996,0.002594858,0.00316549458,0.001087276900041412,0.34347773233003354,5,2918.0
JMJD1C,0.004261247,0.003590566,0.0035676921,0.0021447972,0.0022630463,0.00316546972,0.0009218673928031282,0.2912260973398691,5,2908.6
RNF7,0.0041566305,0.0037175994,0.0018877848,0.002621195,0.0034387812,0.00316439818,0.0009070079968064681,0.28662890863073,5,2901.0
GC,0.0033105554,0.0013779004,0.007350441,0.0013396792,0.002441545,0.0031640241999999997,0.002479314729833617,0.7835953751028887,5,3106.4
HERPUD1,0.004207817,0.00086904335,0.0030643784,0.0033826153,0.004285845,0.00316193981,0.0013849740114492842,0.4380140340018946,5,3019.2
CDK12,0.002783734,0.0033963076,0.0035155653,0.0032939045,0.0027810128,0.00315410484,0.0003482929856689667,0.1104253039569118,5,2885.4
RNGTT,0.0039055953,0.0034488894,0.0024104333,0.0036046114,0.0023927973,0.0031524653399999996,0.0007048430851888263,0.22358472153379055,5,2889.6
GUCY1B2,0.0029800034,0.002686408,0.0043336824,0.0032186473,0.0025304179,0.0031498318,0.0007130067845972472,0.22636344727907287,5,2917.0
PROS1,0.00411037,0.0036925892,0.0025702456,0.0028561454,0.002519793,0.00314982864,0.0007135019241643487,0.22652087008909436,5,2889.2
SPTLC2,0.0027069445,0.0040267473,0.002509503,0.0031581037,0.0033472967,0.00314971904,0.0005946031605698275,0.18877974607215364,5,2892.6
ANKRD9,0.0013183069,0.0055772606,0.0014742105,0.0037898181,0.003582105,0.0031483402199999995,0.001778414479176226,0.5648736651390955,5,3014.6
NDUFAB1,0.0046745962,0.0034646622,0.0021051362,0.003336274,0.0021536874,0.0031468712000000004,0.0010656493427438126,0.3386377373004057,5,2914.6
FZR1,0.004721366,0.0049835695,0.002088921,0.0034755196,0.0004622719,0.0031463296,0.00188989648207648,0.6006670382138222,5,3086.4
MTDH,0.006167351,0.00043743706,0.00020347023,0.0004837224,0.008436245,0.003145645138,0.003879361096312454,1.233248165678011,5,3698.6
EPHX1,0.012834473,0.0017438177,0.00030969805,0.00036920691,0.00046127252,0.003143693636,0.005449668520554725,1.7335240489556167,5,3842.8
PKHD1,0.0055992794,0.002649781,0.0028906926,0.0025853526,0.0019645381,0.0031379287399999995,0.0014177311964022438,0.451804777568736,5,2951.2
NADSYN1,0.0030410232,0.002665354,0.0017402464,0.002547734,0.0056830626,0.00313548404,0.0015010196372606483,0.47872022887434257,5,2983.6
SPTSSA,0.0033970058,0.002517688,0.002936343,0.0033894842,0.003435233,0.0031351508,0.000401275372052061,0.12799236708233014,5,2897.0
RPL37A,0.0022542805,0.0047418764,0.0013484175,0.0026614768,0.004635661,0.0031283424399999996,0.001502130293466327,0.48016811531231446,5,2984.2
ULK3,0.0018703092,0.0024434614,0.0020314723,0.0049864477,0.004308626,0.00312806332,0.001423065162389452,0.4549348963912444,5,2979.8
ROR2,0.000920512,0.0053635268,0.0025151672,0.0038138446,0.0030230554,0.0031272212,0.0016376462176084612,0.5236745701290529,5,3019.4
MUCL1,0.0021510916,0.0028892201,0.0028124438,0.0047432776,0.003017586,0.00312272382,0.0009659341804794217,0.3093242426028638,5,2928.6
TECRL,0.0065880143,0.0012814091,0.00500534,0.001322684,0.0014106014,0.0031216097599999996,0.002505714569692095,0.8026994923581017,5,3162.2
SLC4A7,0.0031672774,0.0031098684,0.0032537195,0.0026828572,0.0033804707,0.0031188386399999997,0.00026417360575701544,0.08470255638394152,5,2890.6
CMAS,0.0064721256,0.0013556965,0.0022810819,0.0019170195,0.0035446694,0.00311411858,0.0020420963299980334,0.655754197387703,5,3062.6
LTBR,0.0034076967,0.0027658055,0.0033285639,0.0023642145,0.0036946798,0.00311219208,0.000536862601572555,0.17250304215559698,5,2916.0
PHLPP1,0.003107137,0.002891731,0.0019516598,0.0045396164,0.003068469,0.0031117226399999995,0.0009266761313605137,0.2978016483373061,5,2931.2
RIPK3,0.00045228418,0.0014860593,0.00023757691,0.0066539524,0.006728334,0.0031116413579999995,0.0033016426693276957,1.0610614429709917,5,3504.4
APOBEC1,0.0015380813,0.001228665,0.008907741,0.0017290158,0.0021367061,0.0031080418400000003,0.003258778516913569,1.0484989214024123,5,3249.6
GALNT11,0.0036341925,0.005135909,0.00090205803,0.0021578176,0.0036834269,0.0031026808060000003,0.0016193590302751005,0.5219225345847904,5,3032.0
VAT1,0.00274619,0.0027137946,0.0027741832,0.004288701,0.0029776297,0.0031000997,0.000672398174870002,0.216895661410503,5,2924.8
UQCRC1,0.0030670045,0.005080329,0.0026001693,0.0022323695,0.0025187265,0.00309971976,0.0011470923626264748,0.37006324811326646,5,2946.2
UGT1A9,0.0013059014,0.0060291886,0.003075232,0.004345642,0.00073572947,0.003098338694,0.0021760591918775023,0.7023309608118339,5,3126.6
RORA,0.0043812688,0.002533111,0.0031065259,0.0022127212,0.0032474687,0.0030962191200000003,0.0008324654159012415,0.26886514927962896,5,2941.2
AXIN1,0.01035609,0.0021970544,0.0013186939,0.0006913795,0.0009088659,0.0030944167400000005,0.004100047858251124,1.3249824450765875,5,3407.6
SEMA6C,0.0028809272,0.0042165197,0.002589603,0.0025783398,0.003201683,0.00309341454,0.0006777474059583172,0.21909362524633288,5,2918.0
GPX3,0.0031194044,0.0030106187,0.003155293,0.003450505,0.0026995377,0.00308707176,0.0002710216666508658,0.08779247381371717,5,2909.6
ARSA,0.0018314284,0.0029378196,0.006654321,0.0019434084,0.0020611743,0.00308563034,0.002042339631772847,0.661887331511281,5,3057.6
CTSO,0.0038249951,0.0014834291,0.004298036,0.003563376,0.0022474215,0.0030834515399999997,0.0011741430689489263,0.3807885590927518,5,2990.4
ATP13A4,0.0031165646,0.005355238,0.00269806,0.002602376,0.0016392823,0.00308230418,0.0013809135310057512,0.4480133855594198,5,2968.6
PRSS23,0.0034015786,0.0023133259,0.0029960563,0.0026616869,0.0040331897,0.00308116748,0.0006674200617168336,0.2166127177600984,5,2930.4
SLC26A3,0.0031287977,0.003557122,0.002368384,0.003478379,0.0028727674,0.00308109002,0.00048426985950269716,0.15717484927710654,5,2911.6
CAMKMT,0.0049447077,0.0035175097,0.0012639891,0.0016170545,0.0040507754,0.0030788072799999996,0.00158501202150509,0.514813652611959,5,3018.6
ACTR3B,0.0026004326,0.002894781,0.0029070517,0.0043001035,0.0026857175,0.0030776172599999998,0.0006961115098972312,0.22618521118419752,5,2931.0
CCR4,0.0049397764,0.0027153387,0.0030741242,0.0020949098,0.0025414703,0.0030731238800000005,0.0011013583864400301,0.35838398627784246,5,2961.6
SLIT3,0.0021208136,0.003922896,0.003990182,0.0030533131,0.0022736108,0.0030721630999999998,0.0008817046185351931,0.2869979847538671,5,2952.2
P2RY13,0.0061368956,0.0021964666,0.00077497953,0.002638133,0.0035741369,0.0030641223260000003,0.001992267462234068,0.6501918821350828,5,3096.6
SMYD1,0.003632032,0.0033480604,0.0016827832,0.0025273329,0.004127956,0.0030636329,0.0009658058532672031,0.3152485577717889,5,2952.8
GREM2,0.004326322,0.005234168,0.0011605527,0.0024885472,0.0020957764,0.0030610732599999995,0.0016729283935195008,0.5465169407672069,5,3030.2
COL7A1,0.004586436,0.0040929588,0.0021325457,0.0020321328,0.0024371915,0.0030562529600000003,0.0011938921046462086,0.3906391651056948,5,2971.8
OR14A16,0.0012405324,0.003077678,0.000565855,0.00931003,0.0010799805,0.00305481518,0.0036233531414163475,1.1861120650239625,5,3375.6
PRAG1,0.0025493756,0.0040839417,0.0021420023,0.002475499,0.004023183,0.00305480032,0.0009248163854529484,0.3027420088305308,5,2954.6
NRGN,0.005859492,0.00092063396,0.0028677974,0.0052291043,0.0003880747,0.003053020472,0.0024644948293016922,0.8072316749606429,5,3283.4
LCE2A,0.004941014,0.0031346781,0.0010571863,0.0028510578,0.0032794601,0.00305267926,0.0013826247516938038,0.4529217234875189,5,3011.2
SNRPE,0.0013871206,0.0017357841,0.0039861547,0.0032373345,0.0049095927,0.00305119732,0.0014884462544879548,0.48782366342926486,5,3057.0
OR10T2,0.0027489257,0.0026222435,0.00319895,0.004160274,0.0025223417,0.00305054698,0.0006721118955598147,0.22032504333364328,5,2949.2
MLXIP,0.0038322974,0.004528675,0.0013071464,0.0018370515,0.0037356606,0.00304816618,0.0013943964067178285,0.4574541952033037,5,3010.8
HPS1,0.0038385387,0.0058532897,0.0017486768,0.0026456811,0.0011400421,0.00304524568,0.001869824084590468,0.6140141982207714,5,3054.2
UAP1,0.0066076424,0.0017493395,0.0020467525,0.00230418,0.0025092275,0.0030434283799999997,0.0020126791328353476,0.6613196965835443,5,3067.8
ROBO4,0.0021258178,0.0037436716,0.0040489705,0.0024861745,0.0027468512,0.00303029712,0.0008278122461198355,0.2731785740270365,5,2968.6
SLAMF6,0.003976924,0.0023388292,0.004636905,0.0019542477,0.0022203252,0.0030254462199999998,0.001200961950242651,0.396953660026603,5,3001.4
DSE,0.0060821115,0.0029583573,0.0007909992,0.002155695,0.0031185434,0.0030211412799999995,0.0019432896496279542,0.6432303124956654,5,3107.0
USP16,0.006130893,0.002839034,0.0011022245,0.00093561376,0.0040901336,0.003019579772,0.002172447804631776,0.7194536884822448,5,3154.4
SIK2,0.0032688081,0.0019423513,0.0019201746,0.0033061425,0.004654676,0.0030184304999999996,0.0011387360252000306,0.3772609722834535,5,3001.8
RGMA,0.0034488356,0.0029016978,0.0028193,0.0030688613,0.0028467085,0.00301708064,0.000260072408017504,0.0862000188425537,5,2934.6
ZNF689,0.0031329726,0.0018296943,0.0014012429,0.004216219,0.004481561,0.00301233796,0.0013799249920739217,0.45809102776566335,5,3041.0
SST,0.0014230676,0.003084847,0.0024057678,0.0063507976,0.0017955139,0.00301199878,0.001970084908242988,0.6540789197275133,5,3071.6
RUNX3,0.003323488,0.0021597617,0.0033011755,0.002424448,0.0038432202,0.0030104186800000003,0.0006969736786024398,0.23152051348633,5,2965.6
STRA6,0.0051815254,0.0026744113,0.0017644607,0.00088950316,0.004536116,0.003009203312,0.0018169372723490262,0.6037934575917502,5,3107.8
SSTR2,0.003306187,4.3826694e-06,0.00055747066,0.00018969027,0.010979983,0.00300754271988,0.0046532544590540785,1.5471948006908915,5,3947.0
OPRK1,0.0035426,0.0028914614,0.003139321,0.0030576177,0.0023640376,0.00299900754,0.00042818476660600385,0.1427754885224476,5,2950.4
FLOT1,0.0035778342,0.0029918363,0.0016000965,0.0018173639,0.0050060293,0.00299863204,0.0013889259482517842,0.4631865229625787,5,3031.4
CHST6,0.0023957232,0.0030675018,0.00231453,0.0035659913,0.003630184,0.00299478606,0.0006238826341150937,0.20832293914013136,5,2956.2
WWC1,0.0032692547,0.00261049,0.0022846183,0.0035439625,0.0032603364,0.0029937323800000005,0.0005242759143656773,0.1751245094144578,5,2956.4
ABCC3,0.0023442951,0.005061082,0.0019969926,0.004161665,0.0013843236,0.0029896716599999997,0.001552689134998451,0.5193510564295382,5,3047.0
AQP1,0.0045208703,0.005166888,0.0016434414,0.0022135933,0.0014025971,0.0029894780199999998,0.0017333694983772032,0.5798234630864432,5,3073.2
PTPRZ1,0.0034567432,0.002816699,0.003723979,0.002299636,0.0026426937,0.0029879501799999998,0.0005881774250797476,0.19684980995223544,5,2968.0
IL16,0.0031115965,0.0028895254,0.0032246043,0.002664111,0.002997472,0.00297746184,0.00021528671316408036,0.07230544830897996,5,2953.8
CACNG8,0.0037129058,0.0041586813,0.0013619877,0.0037210076,0.0019278305,0.00297648258,0.0012450396961909836,0.41829228383758377,5,3018.2
DNAH8,0.005509321,0.0026558843,0.00334545,0.0019330852,0.0014174782,0.0029722437400000004,0.001594778478865939,0.5365570990708651,5,3058.8
LORICRIN,0.0023364513,0.004062025,0.0012445723,0.0041756085,0.0030329002,0.0029703114600000005,0.001227645216381713,0.4133052149291148,5,3029.0
POP4,0.003113281,0.0035040975,0.0015026995,0.0038481762,0.0028728999,0.00296823082,0.0008999120178446042,0.3031812794951722,5,2994.4
FMNL2,0.0038792554,0.0020333251,0.0028390372,0.0021144943,0.0039418098,0.0029615843600000005,0.0009215756454068886,0.3111765640897997,5,3007.0
FABP6,0.004541721,0.0024047913,0.0019666583,0.0038636846,0.0019990972,0.00295519048,0.0011765086214375383,0.3981160028092464,5,3020.8
FXYD7,0.0013518813,0.0043964465,0.0047555454,0.0014793731,0.0027923135,0.0029551119600000003,0.001588526274469811,0.53755197636228,5,3086.0
CACNA1G,0.003164269,0.0045298883,0.002751472,0.0021474329,0.0021808783,0.0029547881000000003,0.000976846856155961,0.33059793903866097,5,2995.4
FCAMR,0.0017281316,0.0032567885,0.0028120347,0.0036693497,0.0032972947,0.00295271984,0.000749025467949013,0.25367305688880154,5,2990.4
PEMT,0.0024465106,0.0016199076,0.0008215805,0.0010551625,0.008800642,0.00294876064,0.0033306617292939915,1.129512407386851,5,3370.2
SGCG,0.0023661356,0.0029209815,0.0060332688,0.0015129901,0.0019017085,0.0029470169,0.0018036181851507028,0.6120148768575785,5,3097.6
PPP1R14C,0.0030995207,0.003404317,0.0020310776,0.0016915223,0.0044878945,0.0029428664199999998,0.0011204697595371225,0.38074095104089795,5,3025.2
YBX3,0.0051699076,0.001590223,0.0021341252,0.0031197248,0.002694003,0.0029415967200000005,0.0013726455139357766,0.466632800003862,5,3058.8
PFDN4,0.0022234565,0.0035910686,0.0034820808,0.0017353963,0.0036488369,0.0029361678200000006,0.0008922755880142058,0.303891208784587,5,3011.4
RASA2,0.004112753,0.0025376836,0.0021407169,0.003785312,0.0021042621,0.00293614552,0.0009472324804956316,0.3226108767577813,5,3006.0
SLC16A7,0.0024778745,0.0029234611,0.0035521751,0.0024060407,0.0033038554,0.00293268136,0.000501454718726395,0.17098847681372212,5,2990.6
MSX2,0.0039727855,0.002480371,0.002959701,0.0032566215,0.0019914017,0.00293217614,0.0007546646078144403,0.2573735586752439,5,2999.2
DR1,0.0026740935,0.003558125,0.003033795,0.0021015366,0.0032814643,0.00292980288,0.000565835912483652,0.1931310520398055,5,2994.0
FOLR1,0.0024671503,0.0052487897,0.0011320544,0.004317293,0.0014749697,0.00292805142,0.001793411550308695,0.6124931884934913,5,3116.4
AP4E1,0.0040346985,0.001268337,0.0028927256,0.0017652651,0.0046762065,0.0029274465400000002,0.0014481612487476157,0.49468409720220397,5,3101.8
SPON1,0.0033062638,0.0030814877,0.0027949796,0.0025794227,0.002849394,0.00292230956,0.00027922192563989857,0.0955483736089542,5,2971.6
ZDHHC7,0.0015093997,0.001830212,0.0007156862,0.008823413,0.0017295477,0.00292165172,0.003328057936185308,1.1391015271954823,5,3366.4
TSLP,0.0031905351,0.003304666,0.0018272882,0.0023132376,0.0039378614,0.00291471766,0.000839529507199061,0.2880311594911258,5,3008.6
PDK4,0.004073818,0.0034367575,0.0023147224,0.0020179,0.0027275893,0.0029141574399999997,0.0008389473871956649,0.28788677498346316,5,3005.8
HSCB,0.0020734663,0.0028407786,0.004148287,0.0011571479,0.0043451744,0.00291297084,0.0013573970348852334,0.46598373600102133,5,3090.4
GTF2A1L,0.0037639064,0.0028869906,0.00089834275,0.00221854,0.004795163,0.00291258855,0.0014839452002298106,0.5094935912694605,5,3104.6
HGFAC,0.0026518493,0.0047787894,0.0019576633,0.0029118182,0.0022526693,0.0029105579,0.0011065764992061573,0.38019394811082685,5,3027.6
NRG1,0.003592281,0.0023729648,0.0027406425,0.0035053538,0.0022843345,0.00289911532,0.0006180427201208401,0.21318321346418193,5,2999.2
ATP2C2,0.0020018716,0.0013427967,0.00029035457,0.009508202,0.001318132,0.0028922713740000003,0.003748736700365408,1.2961220492878298,5,3541.0
EPHA5,0.003282794,0.0026868437,0.002159249,0.003927238,0.0023830836,0.0028878416600000003,0.0007180460023114593,0.24864451962766518,5,3012.6
SHB,0.0033679544,0.004403487,0.0024274443,0.003096676,0.0011386408,0.0028868405,0.0012086113092564376,0.41866230893478096,5,3055.8
NUAK1,0.0023863397,0.004597041,0.002162035,0.004027506,0.0012439074,0.00288336582,0.0013875262520752073,0.4812175556951034,5,3078.0
PAPSS2,0.002529902,0.0027197807,0.0005028317,0.0015378958,0.007098364,0.00287775484,0.002519671668921265,0.875568562651176,5,3290.8
FCGR2A,0.0026698273,0.002658889,0.0037649793,0.0027457625,0.0025404675,0.0028759851199999997,0.0005023625255306689,0.1746749390451189,5,3013.8
ANO6,0.0047755553,0.0016549032,0.003093739,0.0023482263,0.0024924835,0.00287298146,0.0011802947122556522,0.4108257323232612,5,3072.0
SLC7A8,0.0011055884,0.0011265618,0.011199323,0.00035297588,0.0005651346,0.002869916736,0.004668462316113231,1.6266891152458967,5,3787.4
IL17RB,0.00013611838,0.0019513257,0.0005637771,0.01113783,0.0005235445,0.002862519136,0.004677053606489026,1.6338942673496337,5,3826.4
DTNBP1,0.0026764611,0.003651328,0.001512035,0.004422181,0.0020482484,0.0028620507000000003,0.001180701622196874,0.412536934512332,5,3060.2
SPOPL,0.0021862183,0.0032090342,0.0020919282,0.0034979314,0.0033045178,0.00285792598,0.0006652578409548752,0.23277644194090544,5,3019.0
LRRFIP2,0.0046475,0.0016110769,0.0024418845,0.0026761922,0.0029119435,0.00285771942,0.0011142534676142214,0.3899100309904537,5,3065.2
GRM7,0.0029200867,0.003374287,0.002107925,0.0030576917,0.0028236387,0.0028567258200000003,0.00046745825659199453,0.163634274356786,5,3013.8
TNS1,0.0042384085,0.0025542672,0.0033934964,0.0022873548,0.0017701708,0.00284873954,0.0009737963297245055,0.34183410454032087,5,3056.8
HTR1E,0.0054431246,0.0017515891,0.0012893864,0.0026990995,0.003057599,0.0028481597199999996,0.0016149433331713056,0.567012910768679,5,3124.2
PKP2,0.004675205,0.0028488077,0.0014116224,0.0025015217,0.0027796596,0.00284336328,0.00117542221148055,0.413391500040948,5,3069.4
PTGER4,0.003413146,0.001932792,0.0020561423,0.0033089814,0.0034955917,0.00284133068,0.0007771246302134922,0.27350728152961495,5,3049.6
CDH3,0.0027830717,0.0019687759,0.0026042003,0.0031181364,0.0037304386,0.00284092458,0.0006496364840077541,0.22867079562096437,5,3039.8
DYNC2H1,0.003528709,0.002664651,0.0024331666,0.0028249791,0.0027529097,0.00284088308,0.00041182132730014975,0.14496243446250867,5,3015.2
LILRA1,0.0039191986,0.0015217491,0.0021272644,0.0034775548,0.0031331838,0.00283579014,0.000987774181946399,0.3483241471269094,5,3080.0
PDE6A,0.0021476576,0.003671334,0.0012708766,0.0038752747,0.0031714498,0.00282731854,0.0010969789241438042,0.38799268940662207,5,3080.2
KCNN1,0.003937097,0.0045711757,0.0024199302,0.0005137687,0.002687267,0.00282584772,0.001566104064533566,0.5542068149849086,5,3178.4
CDH12,0.0032566057,0.0046947515,0.0021338346,0.0027034553,0.0013347551,0.0028246804400000004,0.0012644728375555397,0.4476516421643574,5,3079.4
STX7,0.0037368578,0.0025141204,0.0019331573,0.0033107472,0.0026231164,0.00282359982,0.0007071442042463701,0.250440660619666,5,3038.0
CDH18,0.0035225807,0.0041767517,0.0015852061,0.002468387,0.002357172,0.0028220195,0.0010243207332659946,0.362974364020516,5,3061.8
ARHGAP32,0.002470797,0.0022915544,0.0014706806,0.0050612576,0.002795048,0.00281786752,0.001345891509845029,0.4776276742226082,5,3104.4
IL11RA,0.0027078625,0.0032106992,0.0033844123,0.0036962214,0.0010812236,0.0028160838,0.0010337809918064004,0.3670988028859086,5,3082.0
GBA3,0.008080653,0.0006401744,0.00053124066,0.00095050584,0.0038613165,0.0028127780800000003,0.003249754476728416,1.1553540252021643,5,3526.2
MIR30B,0.0030828612,0.003052285,0.003395984,0.001503067,0.0030259986,0.00281203916,0.0007468669518009669,0.2655962130345891,5,3054.0
CD84,0.0043415544,0.0038481615,0.002195511,0.0020278818,0.0016420083,0.0028110234,0.0012017636170088672,0.42751818323848434,5,3083.6
ZNF485,0.001640127,0.0016154477,0.0035334053,0.0037482588,0.003503446,0.0028081369599999998,0.001081671488684944,0.38519185641320863,5,3113.0
COPS7B,0.0038867013,0.004115898,0.0019006557,0.0022243534,0.0019085724,0.0028072361599999996,0.0011008040011559472,0.39213088547418373,5,3074.8
IGFBP5,0.003464919,0.004992538,0.0022929849,0.0017932731,0.0014587583,0.0028004946599999997,0.0014421192387587905,0.514951611712336,5,3109.6
EVPL,0.0040409486,0.0030803306,0.0032461374,0.0025537217,0.0010796342,0.0028001544999999997,0.0010997600443194825,0.39274977302841063,5,3093.4
HSPH1,0.005998819,0.0013418812,0.0016509,0.002620055,0.0023789497,0.00279812098,0.0018633726240508586,0.6659371190057903,5,3182.2
WNT7A,0.0044879136,0.0028014418,0.0017434738,0.0039060994,0.0010458085,0.0027969474199999998,0.001437523836434371,0.5139616948660305,5,3139.6
GFPT1,0.0038320266,0.0019811583,0.006300075,0.0009724785,0.0008910998,0.00279536764,0.0022896360601151163,0.8190822657284236,5,3293.2
RAB11B,0.00017227657,0.00016325641,0.00015270962,0.013312937,0.00016111648,0.002792459216,0.0058811299896575474,2.106075517937859,5,4444.4
WIPI1,0.0027716544,0.002838407,0.003069021,0.0029715037,0.002304687,0.0027910546199999995,0.0002953807953707078,0.10583124860906802,5,3039.0
GCKR,0.011694313,0.0006775228,0.0003322669,0.0006937743,0.00055705674,0.002790986748,0.00497920663441191,1.7840309123574205,5,3934.8
SLC28A3,0.0028600283,0.003344186,0.0019931835,0.004063327,0.0016720281,0.0027865505800000003,0.0009769987136245457,0.35061223027379806,5,3078.6
COL26A1,0.0034202123,0.0033906589,0.0024355561,0.002534146,0.0021479898,0.0027857126199999998,0.0005833385795469529,0.2094037178705652,5,3035.2
HS6ST3,0.00492329,0.0020770615,0.0019058855,0.0025839983,0.0024305861,0.0027841642799999997,0.001226000688393874,0.4403478261684594,5,3095.0
HLA-DQB2,0.0018912102,0.0031410675,0.0035843262,0.0019735615,0.0033022475,0.0027784825800000004,0.0007890392380718383,0.28398207127569547,5,3076.4
DUSP16,0.004640617,0.0027940501,0.0017032722,0.0026524544,0.0020682625,0.00277173124,0.0011340119122299566,0.40913487421311334,5,3090.4
NELL2,0.002265865,0.0021682805,0.0034871802,0.004280122,0.0016564375,0.0027715770399999997,0.0010783138869540413,0.3890614878791323,5,3104.6
NPY1R,0.003986245,0.0033120313,0.0009501184,0.001863494,0.0037199585,0.0027663694400000003,0.0013047152221032693,0.47163448353567305,5,3144.2
KLRB1,0.0025834558,0.0045997663,0.0023341808,0.0019132384,0.0023967973,0.00276548772,0.0010542770885096843,0.3812264581343664,5,3087.0
KCNK10,0.0036993315,0.0022464083,0.0034168926,0.0025405465,0.0019036302,0.00276136182,0.0007679758767991394,0.2781149037539526,5,3077.4
PTBP2,0.000943077,0.0024364865,0.003593792,0.004187146,0.0026238598,0.00275687226,0.0012405956449887037,0.4500011346150306,5,3157.4
AGBL3,0.002496158,0.003888554,0.0025711623,0.0016591323,0.0031586243,0.00275472618,0.0008290926317951614,0.3009709777380347,5,3081.6
FUT1,0.004770586,0.0027574194,0.0012480671,0.0028557358,0.0021371602,0.0027537937000000003,0.0012966597458529746,0.4708630664137893,5,3121.8
CPLX3,0.004227146,0.0017373459,0.0037381186,0.0021091497,0.0019360993,0.0027495719,0.001146399749144174,0.4169375418566701,5,3134.4
RGS16,0.0031327452,0.003936487,0.0012515823,0.003315419,0.0021102608,0.00274929886,0.0010640093191035113,0.38701115203732755,5,3103.0
GRIK2,0.0022335255,0.0033262456,0.002007193,0.003933489,0.0022372825,0.00274754712,0.0008387583836755952,0.3052753408922775,5,3079.2
DNMT3A,0.0026904168,0.0030766076,0.0030620443,0.0030698713,0.0018201703,0.00274382206,0.0005418266355844488,0.19747149185922383,5,3072.8
FMOD,0.011441473,0.0008672363,0.0006293787,0.0005286221,0.00024391293,0.002742124606,0.004868218843315713,1.7753455961350697,5,3934.6
EXOC2,0.0041182963,0.0015230175,0.0017663776,0.002886378,0.0034022182,0.0027392575200000002,0.0010941485708753393,0.39943253340976104,5,3129.8
ARHGAP28,0.010484873,0.00082039286,0.00018903764,0.0021192248,7.0314076e-05,0.0027367684752,0.00440703672801183,1.6103067424034723,5,3978.6
PRKD2,0.0028480696,0.0013822982,0.0013337022,0.0017055182,0.0064140554,0.00273672872,0.002144847831950349,0.7837268693370342,5,3269.2
HOXA9,0.0006268962,0.0035601468,0.0046465728,0.00289441,0.0019431949,0.00273424414,0.0015355327618361673,0.5615931435574613,5,3210.0
ALDH8A1,0.0027320643,0.002833988,0.002651781,0.0032767965,0.0021414724,0.00272722044,0.0004068932587437804,0.14919705527866328,5,3065.0
ANO7,0.0028702691,0.0027972127,0.0015160483,0.0040330347,0.0024181504,0.00272694304,0.0009073277487753573,0.33272706303955557,5,3104.4
MZT1,0.0010348519,0.0008381649,0.0033792346,0.0071905446,0.0011808875,0.0027247367,0.002700469489133961,0.9910937409599837,5,3413.0
CIITA,0.0035487318,0.0021653662,0.0031794691,0.0018187496,0.0029033667,0.0027231366799999996,0.0007161273173553758,0.2629788370943525,5,3099.4
KDM1A,0.0039946255,0.0028362342,0.001748033,0.0036205389,0.0014100056,0.00272188744,0.0011302586241525312,0.4152481133284965,5,3124.2
PPP1R3B,0.003241689,0.0028183335,0.0036253717,0.0022274903,0.0016952024,0.0027216173799999997,0.0007736746168567357,0.2842701632279905,5,3101.2
OTUD3,0.007151501,0.0012814312,0.0025043946,0.0011577543,0.0015098663,0.0027209894799999994,0.0025327454124691668,0.9308177892952263,5,3317.2
BCO1,0.0020198787,0.0027439534,0.0029169773,0.0025778133,0.0033134846,0.00271442146,0.00047482341042537384,0.1749261923479539,5,3084.0
MUC7,0.0045192423,0.003320662,0.0008222471,0.0033820977,0.0014952548,0.00270790078,0.001511388101668214,0.5581401330621183,5,3199.6
TMPRSS6,0.0021494725,0.002163098,0.003635267,0.0028460212,0.0027224023,0.0027032522,0.0006098851976027497,0.22561165310537795,5,3100.0
DUSP1,0.0017392747,0.004542622,0.002579393,0.0029874453,0.0016385103,0.00269744906,0.0011770883179074597,0.4363709162713381,5,3135.4
LIF,0.0010754754,0.0012042572,0.009367587,0.0010387626,0.0007995011,0.0026971166600000002,0.00373177596132653,1.3836168144564165,5,3606.8
NCK2,0.0045250854,0.0019536414,0.0018807059,0.002572944,0.002540253,0.0026945259400000003,0.0010724671561244325,0.39801700930161854,5,3131.6
DIO1,0.002038538,0.0043092365,0.0017782727,0.0031675482,0.0021778985,0.00269429878,0.0010449622100846025,0.3878419935611605,5,3121.6
KIAA0319,0.0013778857,0.003857852,0.0032728924,0.0020019915,0.0029593625,0.00269399682,0.0009963831792756976,0.3698531386075272,5,3134.4
CCND2,0.006387037,0.0026691766,0.0012308015,0.0010885949,0.0020908404,0.0026932900799999998,0.00216340084434236,0.803255787561643,5,3268.0
IL23R,0.003435257,0.0022570735,0.0030716693,0.0022739826,0.00236523,0.00268064248,0.000540049307728875,0.20146263881070592,5,3100.6
BCL6,0.0027740458,0.0041919365,0.0011422199,0.0032423406,0.0020255807,0.0026752246999999997,0.0011623189946886677,0.4344752777920553,5,3156.8
IPMK,0.0032945233,0.0027048949,0.0016657684,0.002746719,0.0029571224,0.0026738056,0.0006099140876618239,0.2281071173094349,5,3102.4
RGS8,0.0029630633,0.0024366714,0.00199789,0.003986653,0.001964391,0.00266973374,0.0008401665034835225,0.314700485256452,5,3126.4
IFT27,0.0033226674,0.0022642477,0.0019750162,0.002374352,0.0033933488,0.00266592642,0.0006488779550762701,0.24339679827932764,5,3111.6
SLC37A2,0.0028647212,0.0026278417,0.002887271,0.0023446004,0.0025949166,0.00266387018,0.00022261788932995016,0.0835693462096378,5,3101.0
NMNAT2,0.0016288501,0.0027077764,0.0026534314,0.003112938,0.003212295,0.0026630581800000004,0.0006276407578618058,0.2356842079438932,5,3118.6
ALDH1B1,0.0021040821,0.0014363873,0.001954282,0.002311883,0.005507886,0.00266290408,0.0016229532181294896,0.6094673970117203,5,3227.2
SLU7,0.0030010697,0.0020634728,0.0028567943,0.0032430524,0.0021500906,0.00266289596,0.0005269765178693761,0.1978960221447691,5,3110.4
FMO2,0.0040254504,0.0021125637,0.0012426308,0.0034853825,0.0024394307,0.00266109162,0.0011071334467628675,0.4160448435679443,5,3158.8
FXYD3,0.0017502704,0.004372774,0.0028323187,0.0018456192,0.0024955883,0.0026593141200000002,0.0010584353306780849,0.39801064594734104,5,3145.8
GARRE1,0.0024315808,0.0037440138,0.0011400424,0.0033455289,0.0026342492,0.00265908302,0.0010010171236661098,0.3764520009857044,5,3150.2
ZNF770,0.0017396793,0.0037208586,0.0018026978,0.0030054054,0.0030241956,0.00265856734,0.0008601324440169711,0.3235323142188947,5,3129.2
SERPINA5,5.6351547e-07,0.0024728344,0.0026143428,0.0032046568,0.004992147,0.0026569089030939997,0.0017920121959671,0.6744725774678545,5,3462.2
RUVBL2,0.008413921,0.00142982,0.0008120118,0.0020148112,0.0006050298,0.0026551187599999997,0.0032663076275817175,1.2301926666292389,5,3529.8
CSGALNACT2,0.00271367,0.0027650197,0.0024346,0.0020555574,0.0033017984,0.0026541291,0.0004587478806194531,0.1728430921538267,5,3109.8
CNGB3,0.004535198,0.00027432747,0.0017156284,0.0052310536,0.0014907065,0.0026493827939999995,0.002125831540620407,0.8023874637650444,5,3426.2
TOP3A,0.0021257587,0.0053266734,0.0016283647,0.0037288899,0.00043498568,0.0026489344759999998,0.0019074481837339278,0.7200813009970156,5,3313.0
NANOGP8,0.0010100683,0.0030104308,0.0014224745,0.0023114926,0.005488791,0.0026486514399999997,0.001767725777932565,0.6674059678960873,5,3259.8
PIBF1,0.0016118262,0.0052783084,0.00181832,0.0024428105,0.002082766,0.00264680622,0.001503506934256524,0.5680457159634921,5,3183.4
WFS1,0.007599,0.0023147834,0.0005746095,0.0015331601,0.0012068738,0.0026456853600000003,0.0028391049825240967,1.073107568060964,5,3426.0
CBLB,0.0025054333,0.0019695926,0.0014938749,0.0054700617,0.0017846117,0.0026447148400000004,0.0016218804090142027,0.6132534156363726,5,3216.8
LILRB1,0.0044191596,0.0027430276,0.0017750976,0.0029012721,0.0013841141,0.0026445342,0.001179988288010595,0.44619891397532124,5,3165.4
OLFM4,0.0036533037,0.0013507868,0.0013697622,0.0031108903,0.003710901,0.0026391288,0.001190684883116085,0.45116588592268975,5,3199.0
TLE5,0.002112125,0.003741489,0.0025856732,0.0031167322,0.0016336025,0.0026379243799999996,0.0008268871463923309,0.31346127760960724,5,3131.8
HNRNPH1,0.003561558,0.0026979852,0.00043389553,0.0061494447,0.0003347175,0.002635520186,0.0024160896882583845,0.9167411052636819,5,3500.6
TRIM46,0.0033574137,0.002121117,0.002436789,0.0017100419,0.0035389154,0.0026328554,0.0007902266182438838,0.30014053116775186,5,3138.4
PTPRC,0.0027561355,0.002185816,0.002365107,0.0030668194,0.0027815704,0.00263108966,0.00035254670940287886,0.13399266272167967,5,3116.8
SLC35B4,0.002856913,0.0022308677,0.00064079254,0.0031205963,0.004283997,0.0026266333080000002,0.0013364202701526492,0.5087959046595053,5,3243.2
DAAM2,0.0007916867,0.0038394295,0.0014914954,0.002749517,0.0042498633,0.0026243983800000002,0.001481248861762522,0.5644146380560263,5,3240.8
RSAD2,0.0029547436,0.002755446,0.0012552917,0.0046980064,0.0014557781,0.0026238531600000004,0.0013844020945354436,0.5276217875452464,5,3207.6
JARID2,0.0019899819,0.0036329976,0.0021498012,0.0026266759,0.002700719,0.00262003512,0.0006424044625252747,0.2451892562895396,5,3123.0
MT1HL1,0.004249175,0.002201437,0.0013307407,0.0022026957,0.0031114873,0.00261910714,0.0011076206894843753,0.4229001068984048,5,3177.0
B3GAT2,0.0031116572,0.0034502794,0.0016595575,0.0022607523,0.002608686,0.0026181864800000005,0.0007040438467275649,0.26890515710231794,5,3137.0
RBM22,0.0027633677,0.002849219,0.0016139466,0.0016376048,0.0042257584,0.0026179793,0.0010757298735076337,0.4109008323738976,5,3171.0
TREH,0.0030517473,0.0012171627,0.0038203867,0.0031220405,0.0018669409,0.00261565562,0.0010505159154447171,0.4016262337488898,5,3207.0
DACT1,0.0017807418,0.0028033324,0.003031309,0.003735017,0.0016931656,0.0026087131599999997,0.0008672929349655214,0.3324600604864973,5,3162.8
SALL1,0.0018516541,0.0035532033,0.0016340364,0.0028423064,0.0031511376,0.00260646756,0.0008312580364507179,0.31892130529747237,5,3154.4
ARHGAP44,0.0031138936,0.0032412158,0.0014956823,0.0013288328,0.0038393992,0.00260380474,0.00112323928482626,0.4313838390302109,5,3182.8
AEBP2,0.0024107364,0.0025670263,0.0031857023,0.002095308,0.0027490458,0.0026015637600000003,0.00040523807756579714,0.1557671135324383,5,3139.6
UGT1A3,0.0024226687,0.0024406891,0.00367543,0.0031515406,0.0012672191,0.0025915095,0.000907402550638417,0.3501444045018616,5,3179.4
NKX3-1,0.0042599323,0.0030549993,0.001184342,0.0022216463,0.0022234714,0.0025888782599999996,0.001145730555144434,0.4425586837538024,5,3188.2
ARL4C,0.00174652,0.0028830606,0.003332548,0.0021833142,0.0027888166,0.00258685188,0.0006232159306845196,0.2409167434374014,5,3155.2
RNF126,0.0021783195,0.0034837471,0.0023868622,0.0022571636,0.0026190626,0.0025850310000000002,0.0005293937399767351,0.2047920276301271,5,3137.0
DUT,0.0014797236,0.00052378897,0.00062656304,0.010032591,0.0002611428,0.002584761882,0.004188455140700942,1.6204413914755116,5,3888.6
TAP2,0.003617949,0.002142416,0.0031999578,0.0022740168,0.0016845056,0.0025837690400000004,0.0007982215338236047,0.30893687534223435,5,3167.2
RALGAPA2,0.0015207732,0.005848363,0.0017445462,0.0025196052,0.0012846963,0.00258359678,0.0018830517576868783,0.728848933496069,5,3270.0
TYR,0.0034123631,0.0032429164,0.0018086164,0.0029184986,0.0015157475,0.0025796283999999997,0.0008623417445399676,0.33428913425668894,5,3156.8
MED30,0.0043097255,0.0011835048,0.0006207207,0.00086868036,0.005904262,0.002577378672,0.0023853837700919898,0.9255076857763297,5,3485.2
PER1,0.002340056,0.002668689,0.0017094675,0.002075545,0.004063478,0.0025714470999999997,0.0009052736821578046,0.35204833969083194,5,3180.4
CD19,0.0012063751,0.0048804036,0.0008837582,0.004167752,0.0017172018,0.0025710981400000003,0.0018248917272491918,0.7097713225560467,5,3318.4
MKKS,0.0016696679,0.0033039944,0.002759041,0.004053839,0.0010583247,0.0025689733999999997,0.001211612282272681,0.47163286403536964,5,3216.8
AGBL4,0.0035762223,0.0016053863,0.0040311315,0.001395032,0.0022279248,0.0025671393799999997,0.001180613452329164,0.4598945665073955,5,3228.0
ZNF544,0.0014854706,0.0016729785,0.0017278376,0.0047188303,0.0032131518,0.00256365376,0.0013893346987975046,0.5419353894332067,5,3252.0
ZIC2,0.0035301,0.0012772571,0.0025816434,0.0016581503,0.0037181182,0.0025530538,0.0010887287532201375,0.4264417589712123,5,3226.4
ABCA3,0.0038982234,0.0018621546,0.00410553,0.001721757,0.0011734547,0.00255222394,0.0013501249860627894,0.5289994208199417,5,3257.0
PDE7A,0.0015848738,0.001984985,0.000747808,0.0073056137,0.0011356693,0.0025517899599999997,0.0026979058318361304,1.0572601484160282,5,3457.0
ANO4,0.0039961617,0.0016883622,0.0017677407,0.0020033112,0.0032959157,0.0025502983,0.0010369415851447105,0.40659619509792655,5,3215.6
ARHGAP15,0.0026089377,0.0022826104,0.0014275173,0.0032518457,0.0031733508,0.00254885238,0.0007443260850896514,0.29202400693352487,5,3180.4
MAP3K8,0.0032451907,0.0032637753,0.0016200328,0.002361085,0.002245887,0.0025471941600000002,0.0007045811719801864,0.27661070484716654,5,3165.0
APOC3,0.0029380426,0.0025139048,0.00078890956,0.0011769037,0.005315437,0.0025466395320000003,0.0017878966865463725,0.7020611531708415,5,3339.8
SND1,0.0022455575,0.0013872648,0.005271769,0.001667856,0.002158163,0.0025461220600000002,0.0015639936021047266,0.6142649744390991,5,3279.8
HDAC10,0.001400884,0.0005658291,0.010751453,2.1997823e-06,1.8688135e-06,0.00254444693916,0.004623454805758741,1.8170765263767243,5,4367.6
HHAT,0.0015591756,0.0020945258,0.003512352,0.0027861956,0.0027654285,0.0025435355,0.0007445300466863913,0.29271462760649153,5,3188.6
ABR,0.0046665394,0.00207082,0.0012066786,0.0040114108,0.0007474091,0.0025405715800000004,0.0017247083732801966,0.6788662783042689,5,3329.4
GP6,0.0026665563,0.0015889816,0.004519678,0.0026062988,0.0013192543,0.0025401538,0.0012583911310250463,0.49539958211390434,5,3250.0
GLRB,0.0040330826,0.0022073225,0.002051694,0.003131969,0.0012691184,0.0025386373,0.001065829579774379,0.4198431890110411,5,3207.8
ADD3,0.0012905018,0.00086519914,0.0034135722,0.0006152611,0.00648165,0.002533236848,0.0024683156157398693,0.9743722217243973,5,3514.8
MED4,0.0029090578,0.0015955769,0.0022516588,0.002950572,0.0029549669,0.00253236648,0.0006024439478726524,0.23789761577978727,5,3190.8
COL16A1,0.007936088,0.0016243329,0.0002939817,0.0006290466,0.0021764166,0.00253197316,0.0031138570848959373,1.2298144127625497,5,3642.6
ACP1,0.0028100396,0.0029380615,0.0018685919,0.0008236743,0.004218338,0.00253174106,0.0012692925667838455,0.5013516535470044,5,3256.2
ANKH,0.0028220431,0.0033291182,0.002167494,0.0019593642,0.0023714206,0.00252988802,0.0005491043274081092,0.21704689024461613,5,3161.2
HS3ST4,0.002724167,0.001369532,0.0026044385,0.0025263363,0.0034235225,0.00252959926,0.0007396490672840148,0.2923977244063611,5,3204.4
PTDSS2,0.005040706,0.0011505424,0.00081781775,0.000968498,0.0046615214,0.00252781711,0.0021283658106318933,0.8419777689660046,5,3440.2
CACNA1I,0.0030608133,0.0020286145,0.0030506137,0.0022176853,0.0022730154,0.00252614844,0.000491857750674906,0.19470659082682645,5,3180.4
FBP2,0.0030790165,0.0031785178,0.0018537522,0.003483591,0.0010303475,0.002525045,0.0010413304227172779,0.41240073848873104,5,3214.6
ECI2,0.0035793683,0.002007338,0.0021158147,0.0025916547,0.0023130376,0.00252144266,0.0006317449451185684,0.25054900321174406,5,3175.0
SSR2,0.0026871108,0.0018995521,0.0033079789,0.002477339,0.002233714,0.0025211389599999997,0.0005285748555086243,0.2096571684048008,5,3186.0
MDH1,0.0036644798,0.0034245406,0.001058625,0.002026034,0.00241382,0.0025174998800000003,0.0010628840422216017,0.42219824940829853,5,3225.2
KCNH1,0.0014159711,0.002800501,0.0038735243,0.0014267655,0.003064836,0.00251631958,0.0010748870714121634,0.42716635834155986,5,3238.6
DCTN4,0.0023273837,0.0032578644,0.0015512236,0.0026445303,0.0027958974,0.0025153798800000003,0.0006347426778645793,0.2523446589167197,5,3174.2
BBS12,0.0031975743,0.004398251,0.0011512109,0.00088176073,0.002945558,0.002514870986,0.0014769320680477634,0.5872794573835699,5,3300.2
EPHB4,0.0027662471,0.0033593578,0.0014254348,0.003200843,0.0018086229,0.00251210112,0.0008562308005522559,0.34084248987248406,5,3199.2
CXCR5,0.003220678,0.0014007614,0.0009175294,0.004266618,0.0027517483,0.0025114670200000002,0.0013615776126443184,0.5421443330935392,5,3297.8
TAF15,0.0017632085,0.0026412446,0.002674493,0.002339906,0.0031383028,0.00251143098,0.000506376039953375,0.2016284914799351,5,3186.6
MBTPS1,0.0024882131,0.0028850848,0.001273953,0.004742987,0.0011662133,0.0025112902399999997,0.0014543865352856897,0.5791391660430655,5,3268.8
ACVR1C,0.0043420293,0.0021856783,0.0018845515,0.0012862913,0.0028510257,0.00250991522,0.0011690234409411525,0.46576212281032836,5,3236.0
CAPN14,0.0040893536,0.00010250966,0.0034828412,0.0032431642,0.0016276501,0.002509103752,0.0016242578771036465,0.6473458404455993,5,3470.2
TCTN2,0.0030582887,0.002866386,0.0015401831,0.0027785755,0.0023006306,0.00250881278,0.000609125930425981,0.24279449438470296,5,3176.6
PSG3,0.003330953,0.0034292582,0.002366557,0.0025164299,0.0008996258,0.00250856478,0.0010164781686148809,0.4052030773607851,5,3223.2
ZNF747,0.0022668766,0.0028202462,0.0028016097,0.0036932523,0.0009406819,0.0025045333399999997,0.0010128047432700455,0.4043886048927764,5,3233.4
OPN5,0.008741318,0.0009972142,0.000611676,0.00048353264,0.001677033,0.002502154768,0.0035185783758746353,1.4062193197933452,5,3706.6
BTG2,0.0019682874,0.002647632,0.0019040474,0.003206899,0.0027809453,0.00250156222,0.0005563940269732342,0.22241862406014196,5,3191.8
PPL,0.0014499138,0.0012552326,0.00092899,0.0011748441,0.007688838,0.0024995637,0.002906900253078593,1.162963061544938,5,3538.0
MIR34AHG,0.008694684,0.0013390579,0.00045879377,0.0005616901,0.0014371637,0.002498277894,0.0034919575718209096,1.397745855337945,5,3706.4
BEST3,0.0047320044,0.004715529,0.0005909876,0.0013042468,0.0011208497,0.0024927235,0.0020534335430476684,0.8237710853400582,5,3416.4
ZNF668,0.002657577,0.0021830122,0.0016326894,0.0023837585,0.0036040684,0.0024922211,0.000726243074824979,0.2914039508071652,5,3211.0
PVR,0.0035239216,0.0030894324,0.0012288087,0.0027170395,0.0018991411,0.00249166866,0.000924603134383949,0.3710778841613512,5,3209.2
P2RY6,0.0022792004,0.0027750768,0.0009761803,0.0012368868,0.0051833936,0.00249014758,0.0016764558602154135,0.6732355438208258,5,3331.4
KIDINS220,0.003974025,0.0025710734,0.0019057075,0.002466179,0.0015228284,0.0024879626599999998,0.0009335775828077964,0.3752377790138524,5,3216.0
SMOX,0.0035444014,0.0024525397,0.0025671509,0.0021167784,0.0017341299,0.0024830000599999997,0.0006762963150035294,0.2723706398152602,5,3198.2
CDC42EP5,0.002503771,0.0021849016,0.002781653,0.0023410707,0.002593193,0.00248091786,0.00022953891382789096,0.09252177088518801,5,3187.0
KDM4C,0.0026538325,0.0022075144,0.0031429287,0.0014785405,0.00291764,0.00248009122,0.000659240179995521,0.2658128760261976,5,3211.6
SLC4A3,0.0015166432,0.0022224002,0.0030906028,0.0028231028,0.0027471827,0.00247998634,0.0006237699668243639,0.25152153330988264,5,3209.4
MYL2,0.0015201299,0.002332189,0.00265672,0.0051188814,0.00076912827,0.0024794097140000003,0.0016481204474026127,0.6647229129161234,5,3336.0
APC2,0.0024476834,0.002544367,0.002600891,0.0013818912,0.003405016,0.00247596972,0.0007213214311793682,0.2913288580844875,5,3210.0
HCAR3,0.0030029588,0.003029878,0.0026496784,0.0030774397,0.00061627163,0.002475245306,0.0010529657019000879,0.4253985248846636,5,3276.6
CHST2,0.0028107218,0.0028010712,0.0016843952,0.0025067555,0.0025646454,0.00247351782,0.00046182280949552717,0.18670688594251858,5,3193.2
MAGOH,0.002258992,0.0043758,0.0021431325,0.0016107804,0.0019549557,0.00246873212,0.001093956271179112,0.4431247369111526,5,3231.4
RNF114,0.0032449258,0.0022578586,0.002593765,0.002379089,0.001853712,0.0024658700800000003,0.0005120600970573591,0.20765899274683564,5,3199.8
RIIAD1,0.0020892238,0.0010847603,0.0045587453,0.0017561078,0.0028393427,0.00246563598,0.0013297271664824658,0.5393039269659206,5,3314.2
CD244,0.0018386104,0.0022233904,0.0026581278,0.0028532385,0.002750827,0.00246483882,0.000424400622598933,0.17218189650183008,5,3197.8
SLC39A8,0.002391067,0.0022044037,0.0022816823,0.002498219,0.0029426278,0.00246359996,0.00028991546868432704,0.11767960439661927,5,3194.2
CD58,0.0027127587,0.002162873,0.0027555132,0.0018548607,0.0028319517,0.00246359146,0.000431270394457367,0.1750575943534757,5,3205.4
OSBPL6,0.0027282732,0.004515104,0.0019890382,0.00080267846,0.00226832,0.0024606827719999996,0.0013509886709530015,0.5490300035119691,5,3296.2
GABRG1,0.0038328734,0.0018348075,0.0031312983,0.0019606946,0.0015300219,0.0024579391399999996,0.0009798510544077313,0.39864740280254923,5,3250.2
FXYD6,0.009249363,0.0006503237,0.00040469517,0.00030493605,0.0016771513,0.0024572938440000002,0.003835745439287252,1.5609632721186486,5,3881.0
NUB1,0.0027295325,0.0019154805,0.0026372597,0.0019452979,0.0030493082,0.00245537576,0.0005031564726887532,0.20492035511857998,5,3215.8
PNLIPRP1,0.0027411045,0.002719357,0.0019623206,0.0024592802,0.0023930164,0.0024550157399999997,0.00031556840981626796,0.1285402796709841,5,3197.2
MON1A,0.00404092,0.0023396285,0.0014732487,0.0010761186,0.0033121589,0.00244841494,0.001237750674055875,0.505531417013766,5,3284.6
COL8A2,0.0028155576,0.0038410285,0.0016706483,0.0020221358,0.0018862289,0.0024471198200000004,0.000891185428050132,0.36417727516510895,5,3231.8
KCNF1,0.0014475891,0.0013818133,0.0013065521,0.0034790738,0.004616474,0.0024463004599999997,0.001517057809054379,0.6201436961077051,5,3338.8
P4HA2,0.0054517793,0.001556617,0.0008324791,0.0019702937,0.00242001,0.00244623582,0.0017787729409369979,0.7271469604009796,5,3369.0
TREML2,0.0048138974,0.0013038346,0.002210001,0.0018343522,0.0020671962,0.00244585628,0.0013679163600844725,0.55927912497151,5,3296.8
CEP162,0.0024051885,0.0039862823,0.0016614324,0.0023443005,0.0018185719,0.0024431551199999998,0.0009210930739417826,0.37700965706253753,5,3236.2
CLEC4C,0.002500272,0.0021476718,0.0030222463,0.002651565,0.0018933814,0.0024430273,0.0004392052665689016,0.1797791070811618,5,3212.4
HMGA1,0.0012055999,0.0037506404,0.0021870385,0.0018636055,0.0032043085,0.0024422385599999997,0.001027361235462307,0.42066375180904,5,3256.4
ENPP2,0.0009066965,0.0005862313,0.00107827,0.009002197,0.0006265896,0.0024399968800000002,0.0036739853481845986,1.505733625439963,5,3803.6
CDH9,0.0031399191,0.0014917694,0.002272807,0.0030058355,0.0022784118,0.00243774856,0.0006639346223649005,0.27235566180168336,5,3235.2
GTF2I,0.002805356,0.0027186372,0.0025986142,0.002197088,0.0018561585,0.00243517078,0.00039876142317138956,0.16375090669057288,5,3211.6
UPF1,0.0040362976,0.002465725,0.00087755255,0.0017653947,0.00302149,0.00243329197,0.0012024004927599983,0.4941455886035732,5,3299.6
XCR1,0.001973675,0.0011329089,0.0043852828,0.003256575,0.0014018402,0.00243005638,0.0013651142300525228,0.5617623695021112,5,3338.2
OR2S2,0.0019186942,0.003747635,0.0011601122,0.0024222727,0.0028659767,0.00242293816,0.0009746918340063607,0.4022768100719338,5,3265.4
MSH2,0.0026688376,0.00249424,0.002395378,0.0025354547,0.0020177087,0.0024223238,0.00024656593906769656,0.10178900899528649,5,3206.4
KCNS3,0.0016185688,0.0017980473,0.0015846035,0.005266681,0.0018380389,0.0024211879,0.0015944645514815575,0.6585463901754827,5,3334.6
SLC25A37,0.0041665155,0.0019214171,0.003316076,0.0019555844,0.00073999417,0.0024199174339999997,0.0013360347022027801,0.5520992920797232,5,3337.0
CEMIP,0.003294895,0.0020432014,0.001633627,0.0024051673,0.0027130682,0.00241799178,0.0006348011017670512,0.26253236550169384,5,3237.0
SIPA1L1,0.0022986059,0.0025032943,0.0013533346,0.004422197,0.0015123026,0.00241794688,0.001223941978174573,0.5061905984363779,5,3279.6
NPNT,0.0021610407,0.0023972,0.0024351706,0.0034939493,0.0016023398,0.00241794008,0.0006873361607400247,0.28426517531403206,5,3231.4
PJA2,0.003144457,0.0027500377,0.002295921,0.0017657873,0.0021209298,0.0024154265600000004,0.0005400210843368645,0.22357172570664474,5,3219.8
TRIM10,0.0016639058,0.0022851706,0.0031311174,0.0025830725,0.0023909493,0.00241084312,0.0005297552982582684,0.21973860259238617,5,3235.2
MUC21,0.0022385286,0.0026590787,0.0019687412,0.0029915296,0.0021844227,0.0024084601599999996,0.00041085335181923854,0.17058756405554934,5,3221.2
TET2,0.00350972,0.0024102395,0.00074333756,0.0031007987,0.002266948,0.002406208752,0.0010588605521367892,0.44005348715346587,5,3303.8
HTRA1,0.0025815617,0.0021457344,0.002180954,0.0026710117,0.002447103,0.0024052729600000005,0.00023511901772098947,0.09775149084160054,5,3214.0
PRSS3,0.0022981232,0.0020313663,0.003917043,0.0025060857,0.0012471848,0.0023999606000000002,0.0009731297709371372,0.4054773944776998,5,3280.4
LOXL4,0.0032472436,0.0014881485,0.001640893,0.0039426023,0.0016759972,0.00239897692,0.0011213089438410703,0.4674113095848668,5,3300.8
PKD2,0.0076389234,0.00093738886,0.0009913581,0.0005727997,0.0018354699,0.0023951879919999995,0.002967619464039165,1.238992293695152,5,3639.2
NMU,0.002458235,0.0031653638,0.001665993,0.0025975308,0.0020832473,0.00239407398,0.0005628308891143875,0.23509335710435628,5,3228.6
CATSPER3,0.0017636849,0.0016735415,0.0012123173,0.0020199567,0.0052894326,0.0023917866,0.001645915050565293,0.6881529692345015,5,3375.0
CDH4,0.0027561453,0.0026608414,0.0025677423,0.0012086814,0.0027637368,0.0023914294399999996,0.0006659940659949554,0.2784920411429557,5,3257.6
ASIC5,0.0020249377,0.0024418975,0.0024591791,0.0018335568,0.0031964171,0.00239119764,0.0005245664837642489,0.21937395512160546,5,3241.0
EPHA4,0.00289499,0.0028198643,0.0016391632,0.0022030352,0.0023713186,0.00238567426,0.0005095992022562908,0.21360803979009724,5,3243.4
BASP1,0.0023770116,0.0031926385,0.0022654268,0.0022977032,0.0017880603,0.0023841680799999996,0.0005075913187907542,0.21290081141877978,5,3234.0
COQ2,0.007288917,0.0018635257,0.0006140994,0.0009552066,0.0011942411,0.0023831979599999997,0.0027802259805365555,1.1665946460178054,5,3578.2
OSM,0.0030532996,0.00209084,0.0027793373,0.002412707,0.001572575,0.00238175178,0.0005808196086005549,0.24386235941033071,5,3250.8
NLRC5,0.003975914,0.0034391996,0.0017570863,0.0017616845,0.00097436784,0.002381650448,0.0012663894516061558,0.5317276734163955,5,3314.2
BCAT1,0.0021006356,0.0016375068,0.0012576169,0.0025567997,0.0043486967,0.0023802511399999998,0.0012037554733368497,0.5057262459022915,5,3320.4
OR52K1,0.0004701037,0.00069074525,0.00030640725,0.00049458817,0.009934131,0.0023791950740000003,0.004225539671874453,1.7760375002669717,5,4074.8
CACNA1S,0.0032138773,0.0020897912,0.0013329705,0.0031272185,0.0020838203,0.0023695355600000002,0.0007939385448249052,0.33506082720484903,5,3268.8
KIF25,0.0030079852,0.0028533766,0.001811075,0.0024684914,0.0017016254,0.00236851072,0.0005936095687605043,0.25062566267823533,5,3249.6
ZNF423,0.0029580565,0.002438515,0.0006463753,0.0032230197,0.002566855,0.0023665643,0.0010109058237922043,0.42716178207885763,5,3335.6
IL20RB,0.0030948548,0.0023016315,0.0017978081,0.0018332342,0.002804586,0.0023664229199999998,0.0005775835093819569,0.2440745077730894,5,3257.4
PPP1R12C,0.0035281098,0.0019553571,0.001828786,0.0025664694,0.0019440439,0.00236455324,0.0007116793739921672,0.30097836747891,5,3261.8
NCR3,0.003812652,0.0023777785,0.0015324276,0.002135644,0.0019503813,0.0023617766799999998,0.0008679713844036836,0.3675078138224668,5,3274.2
COG7,0.0036082566,0.00354836,0.00096864504,0.0022970538,0.001375849,0.0023596328880000003,0.0012123043548135405,0.5137682056301041,5,3325.8
FTO,0.0035576778,0.0014719905,0.0007283897,0.0011359107,0.004887732,0.00235634014,0.001786959838740897,0.7583624318095675,5,3462.2
SELENBP1,0.0016769504,0.0025616963,0.0018319327,0.0033047602,0.0024013857,0.0023553450599999998,0.0006481260479566556,0.27517244032033916,5,3264.0
ATP10A,0.0030661882,0.0026628561,0.0016704361,0.002090779,0.0022753507,0.00235312202,0.0005351006636831869,0.22740030441905726,5,3259.4
SERPINB9,0.0056811124,0.0011902706,0.0007446661,0.0019491019,0.0021872886,0.0023504879200000003,0.0019497161414608068,0.8294942189963719,5,3461.6
KIAA0586,0.0020943126,0.001414308,0.002219161,0.0029140885,0.0030929693,0.00234696788,0.0006760487514077717,0.2880519828024965,5,3288.6
C9orf72,0.003313149,0.001776972,0.0013918534,0.0031384164,0.0021139157,0.0023468613,0.000844296889634144,0.3597557681121351,5,3288.8
TMOD1,0.0032998854,0.0018642686,0.0008345975,0.0014287751,0.004299962,0.00234549772,0.001421756639538162,0.6061641533116314,5,3379.6
ATG10,0.0018214561,0.002664426,0.0018753003,0.0038216545,0.0015427507,0.00234511752,0.0009247785377523215,0.39434208727941344,5,3292.0
UFL1,0.0030928748,0.0009636671,0.0035260904,0.0014546978,0.0026860777,0.0023446815600000003,0.0010921702394557787,0.465807493046424,5,3357.6
KCNK2,0.001974413,0.0021910942,0.002858808,0.0011841491,0.0035134384,0.0023443805399999997,0.0008856976866683337,0.3777960410251204,5,3304.8
UGT8,0.0065884874,0.0013050736,0.0011390526,0.0008464268,0.0018400203,0.0023438121399999997,0.002400190640400045,1.0240541890870338,5,3529.2
SYN3,0.0027513497,0.0032623527,0.0021875976,0.0014087618,0.0020973617,0.0023414847,0.0007016474325665311,0.2996592002358722,5,3264.6
ETNK2,0.0046027927,0.0025596842,0.0009733271,0.0011059716,0.0024618816,0.00234073144,0.001464066708512636,0.6254740221341394,5,3377.2
PTPRA,0.002343726,0.0019365505,0.0019971041,0.003506615,0.0018748008,0.00233175928,0.0006814367701661885,0.29224147449997007,5,3283.0
ARHGAP24,0.0030403924,0.002823952,0.0013508549,0.0033394217,0.0010963673,0.00233019766,0.0010305523614461047,0.44225963279274116,5,3313.6
QSOX1,0.0019793226,0.0023737273,0.00093083555,0.0047416408,0.0016146612,0.0023280374899999996,0.0014500215139406063,0.6228514446906981,5,3375.8
EIF4E2,0.0032663296,0.002782344,0.0011487652,0.0032270644,0.0012093583,0.0023267723,0.0010650298275392336,0.45772842814882814,5,3329.2
IPPK,0.0002975447,0.003034209,0.0017858451,0.0047081388,0.001795038,0.00232415512,0.0016480630371569127,0.7091019970977293,5,3447.4
KCNG2,0.001563715,0.0024265996,0.0020621063,0.0041284645,0.0014383099,0.00232383906,0.0010837074356964027,0.46634358392117,5,3321.4
EEFSEC,0.0019841865,0.0025219047,0.0024751022,0.0012140657,0.0034029074,0.0023196333,0.0008020865520091924,0.34578161643445643,5,3300.8
AGMO,0.002270235,0.0013824436,0.0030899874,0.0029198956,0.0019330662,0.00231912556,0.0007042651893676045,0.30367704168962917,5,3306.2
CHST10,0.0028486056,0.0015885577,0.003031226,0.0021544772,0.0019653526,0.00231764382,0.0006069223507546678,0.2618704157719402,5,3301.4
CACNB4,0.0034192582,0.0022648608,0.002333263,0.0013348197,0.0022336235,0.00231716504,0.0007398624478715981,0.3192963967174293,5,3282.6
STAT4,0.0026245997,0.0025840378,0.0029712296,0.0019175456,0.0014840877,0.00231630008,0.0006015079798547371,0.2596848245391146,5,3287.8
SLC27A6,0.0028962109,0.0015604265,0.0020580336,0.0032546911,0.0018117762,0.00231622766,0.0007261998740825924,0.3135269846844815,5,3305.6
ATXN2L,0.002697763,0.0014147913,0.0032886963,0.0018961175,0.0022831836,0.00231611034,0.0007213591980073125,0.3114528636866724,5,3314.4
AMY1C,0.0025062254,0.003075752,0.00062262174,0.0028258115,0.0025429118,0.002314664488,0.0009736948377571598,0.4206634882960886,5,3344.6
ZNF764,0.0019332579,0.0035550527,0.0009072481,0.004025022,0.0011502093,0.0023141579999999998,0.001409444235515705,0.60905272479913,5,3385.4
CALD1,0.0016648544,0.002380107,0.0021967902,0.004331803,0.0009866088,0.00231203268,0.0012522954199759467,0.5416426120654776,5,3350.6
LRFN2,0.002490359,0.0016868535,0.0017999678,0.0025928526,0.0029646615,0.00230693888,0.0005453242601908585,0.23638435544111963,5,3296.0
STARD13,0.0025390936,0.0019358238,0.0020073291,0.003180693,0.0018715853,0.0023069049600000003,0.000555510403362595,0.24080333303483595,5,3293.0
ARHGAP5,0.0048180944,0.0011795489,0.0016185507,0.003510712,0.0004030686,0.00230599492,0.0018113928212285973,0.7855146624644764,5,3510.8
SOSTDC1,0.0019557755,0.0019173094,0.001223792,0.002907562,0.0035136468,0.00230361714,0.000903489206006075,0.39220458570041505,5,3328.0
MCF2L,0.0029543324,0.0020717052,0.0028870236,0.0021535824,0.0014408645,0.0023015016199999998,0.0006293661015241145,0.2734589000741675,5,3298.8
CAPN10,0.0020686407,0.002271419,0.0033858987,0.0013954958,0.0023642986,0.00229715056,0.0007168928698134073,0.3120791829219097,5,3302.0
REG3A,0.0018154838,0.0016081438,0.0034568615,0.0022918778,0.002311079,0.00229668918,0.0007162198312061054,0.3118488289330058,5,3321.8
ROR1,0.0034172311,0.0023638315,0.0015325333,0.002440091,0.001713261,0.00229338958,0.0007424544735112498,0.3237367431970497,5,3299.8
WDR91,0.0009447499,0.0018768716,0.0030478486,0.004685739,0.00090905704,0.002292853228,0.0015969686532069903,0.6964984211396675,5,3450.6
OR13A1,0.0019821797,0.0018801375,0.0037023136,0.0022754967,0.0016231034,0.00229264618,0.000821933196829704,0.3585085234694627,5,3327.8
DENND2B,0.0016465342,0.0013347624,0.0037745931,0.0025125523,0.0021676887,0.00228722614,0.0009480235874752132,0.41448616334684474,5,3351.8
AQP9,0.0025301354,0.002448724,0.0023506994,0.0014403063,0.0026493731,0.00228384764,0.00048411824145165507,0.2119748414792044,5,3288.8
IL17F,0.0017564986,0.002437322,0.0027234848,0.0030401936,0.0014413827,0.0022797763400000002,0.0006664562496027537,0.2923340495773167,5,3308.0
ATP5MC2,0.0040842327,0.001952222,0.0010391226,0.000580972,0.003715442,0.0022743982600000002,0.0015691959531521959,0.6899389525351622,5,3474.4
NFKB2,1.7033986e-05,0.008260394,0.0013099058,0.0013792221,0.00039287636,0.0022718864492000004,0.003398511352116947,1.4958984210296535,5,3918.2
UBXN4,0.001636747,0.002048382,0.0020780566,0.0027946727,0.002800816,0.00227173486,0.0005108811476316561,0.22488590399658526,5,3301.6
MUC19,0.0022031737,0.002441716,0.0026006235,0.0021331138,0.0019764472,0.00227101484,0.0002490833025400799,0.10967929321856826,5,3285.0
KCNQ3,0.0027875286,0.0031509127,0.0018758855,0.0018338758,0.0017047139,0.0022705833,0.0006536283859032401,0.28786804954622897,5,3299.6
PTTG1,0.0020904846,0.0021341778,0.0021589943,0.0021676228,0.0027918036,0.00226861662,0.0002940009496728574,0.12959481433793665,5,3295.2
RPS26,0.0027423422,0.0018807147,0.001351232,0.0011495354,0.0042160507,0.0022679749999999998,0.001251131346044409,0.551651295117631,5,3387.6
MAP1B,0.0023193813,0.0015420576,0.0026334934,0.0016574581,0.0031811553,0.00226670914,0.0006837074508748263,0.3016299880781468,5,3329.6
OR2V2,0.0029909767,0.0022160783,0.0021288167,0.0019743717,0.002012606,0.00226456988,0.00041717742264337843,0.18421927551353745,5,3296.4
CNTN6,0.0027096395,0.0018293308,0.0015644303,0.0031567814,0.0020605316,0.00226414272,0.0006548640238031305,0.2892326610060741,5,3321.6
GALNT5,0.003045361,0.0025193566,0.0011798592,0.0034291972,0.001146578,0.0022640704,0.0010556289234267219,0.4662526940093037,5,3359.2
SLC10A2,0.0023758435,0.0029712406,0.0020610606,0.001982065,0.001924922,0.0022630263399999995,0.0004325329840292508,0.19113033568546572,5,3294.4
HOXD1,0.0028172256,0.0019496946,0.0018594025,0.0021675916,0.0025092731,0.00226063748,0.0003993565219328425,0.17665659596727668,5,3306.8
IRF1,0.0034657344,0.0020979377,0.0012075134,0.0014132559,0.003102321,0.00225735248,0.00100177752853606,0.4437842726874715,5,3353.4
DNAH5,0.0028452303,0.00241482,0.0017249532,0.0017789779,0.0025216297,0.00225712222,0.00048798815742551264,0.2161992616534131,5,3307.0
SAG,0.0025534574,0.0021907112,0.0012296643,0.0027555316,0.0025365467,0.0022531822399999997,0.0006071052364987993,0.26944346787448464,5,3315.4
HERC4,0.0022421298,0.0032946935,0.0011298623,0.0015955851,0.0029840476,0.00224926366,0.0009101149577630801,0.40462795622771947,5,3345.8
ACVRL1,0.0004479975,0.0007975202,0.0005849252,0.008956167,0.0004349128,0.0022443045399999995,0.003754878155585714,1.6730698034348381,5,3993.4
HPSE2,0.0034459254,0.0027393366,0.0012993722,0.0028505432,0.00087976013,0.0022429875060000003,0.0010967388756719756,0.4889634350339424,5,3377.6
SEMA4D,0.0031487292,0.002013593,0.001837493,0.0034882068,0.00070337555,0.00223827951,0.0011133598799473467,0.49741771524654077,5,3399.4
ABCB8,0.0024901174,0.003383595,0.0025731605,0.00088791887,0.001856296,0.002238217554,0.0009296101888315033,0.41533504514347275,5,3362.0
EYA2,0.0016820537,0.0034547725,0.0017639849,0.0015411229,0.002739805,0.0022363478,0.0008294176001829778,0.3708804150154899,5,3337.8
RASSF6,0.0027623018,0.001520692,0.0024119962,0.00028450368,0.00419947,0.002235792736,0.001456295462384213,0.6513553063016182,5,3509.2
NDST4,0.006113513,0.0014225901,0.0005313506,0.0010740513,0.0020370805,0.0022357171,0.0022356355727319054,0.9999635341751895,5,3592.8
MED24,0.0016750417,0.0023667957,0.0027576736,0.002424111,0.0019450978,0.00223374396,0.00042541434629011165,0.19044901918396756,5,3317.4
RASGRP3,0.0017089011,0.002766249,0.002788493,0.0015838505,0.0023112183,0.00223174238,0.0005690149149618198,0.2549644260292354,5,3322.4
ABLIM2,0.0013501479,0.0019576766,0.0023868505,0.0021463286,0.0033024747,0.00222869566,0.0007124072238221781,0.3196520891606071,5,3345.0
IL1A,0.0062366277,0.002119438,0.0010923402,0.0007247952,0.00095193356,0.002225026932,0.0023053487242041047,1.03609924493449,5,3585.4
CPEB1,0.0036671853,0.0009630591,0.0018420133,0.0025081825,0.0021370715,0.00222350234,0.0009883046875201129,0.444481064733268,5,3392.2
MED25,0.009080847,0.0009868675,0.00051917246,0.0003089254,0.00022010632,0.0022231837359999998,0.0038450091618220565,1.729505798175764,5,4072.4
ARHGAP9,0.0041633155,0.00061025436,0.00037341827,0.00024235624,0.005720153,0.002221899474,0.0025465539493832448,1.1461157352896716,5,3864.8
WDR46,0.004798166,0.0007323212,0.0031157164,0.00067034556,0.0017889373,0.002221097292,0.0017499767083627668,0.7878883625070696,5,3554.4
EVA1A,0.001345496,0.0010789707,0.0024877682,0.0032242932,0.002968742,0.00222105402,0.0009627588973550397,0.4334693747588542,5,3400.8
KCNG1,0.0037898393,0.0024942076,0.0015995614,0.0017268589,0.0014863297,0.00221935938,0.0009625470759570136,0.4337049171175754,5,3357.2
GPX5,0.003713842,0.0026905497,0.0029501962,0.0011916161,0.0005391447,0.00221706974,0.0013104362331707992,0.5910667623702262,5,3458.8
ATG16L1,0.00172345,0.0025608186,0.0025117248,0.0020609302,0.0022196923,0.00221532318,0.00034388097950663397,0.15522835792592302,5,3319.2
CLEC12A,0.0021436468,0.0028603487,0.00075808784,0.0026174993,0.002695793,0.0022150751280000003,0.0008569315656495279,0.38686343177138854,5,3379.2
NCL,0.0023713985,0.0019038364,0.002187877,0.0024422738,0.002158029,0.0022126829400000003,0.00021029215693198826,0.09503944425584455,5,3319.8
WDR11,0.0038533446,0.0016081262,0.001564948,0.0025068054,0.0015188535,0.00221041554,0.0010055721872078047,0.45492450130340867,5,3380.2
NPAS2,0.0018957865,0.0018080503,0.0036759782,0.0017015638,0.0019627688,0.00220882952,0.0008259857071091345,0.37394724202578317,5,3370.2
APOA5,0.0043895585,0.0010763501,0.0005763757,0.002651784,0.002343022,0.00220741806,0.0014930840839778524,0.6763938879696638,5,3501.0
BCL2L11,0.008190307,0.0012052094,0.0007027084,0.0003572747,0.0005781659,0.0022067330800000003,0.003359353514252385,1.5223198241322347,5,3893.6
RSPO3,0.0030387577,0.0027744472,0.0012783014,0.0014864372,0.002443798,0.0022043482999999997,0.0007828708657758442,0.3551484426376015,5,3354.8
VLDLR,0.0015473326,0.0017128538,0.0013733293,0.0056113033,0.0007697198,0.00220290776,0.0019383833458063405,0.8799203402898451,5,3528.0
NMBR,0.0027552,0.0020670977,0.0022002493,0.0019365328,0.0020430211,0.00220042018,0.00032402414310536655,0.14725557693502273,5,3327.8
RNF217,0.001770695,0.0075992844,0.0004732877,0.00035777508,0.000797653,0.002199739036,0.0030691399286219673,1.3952291059956294,5,3834.2
GFI1,0.001197521,0.004080723,0.0017655425,0.0025035858,0.0014359279,0.00219666004,0.001162621090765634,0.5292676470618703,5,3393.8
STAM,0.005732487,0.0017276305,0.0005491958,0.00072944636,0.0022398545,0.002195722832,0.002097067999308432,0.9550695419049285,5,3603.6
KLHL2,0.005071218,0.0012892674,0.00083246623,0.0011420741,0.002638208,0.002194646746,0.0017503260738238205,0.7975434210603571,5,3521.2
GBP3,0.0019752327,0.0033083102,0.0014293378,0.0023979787,0.0018615836,0.0021944886,0.0007117516092140257,0.32433597933205294,5,3347.8
BMP5,0.0021344128,0.0020421757,0.0014875082,0.0041015097,0.0012065438,0.00219443004,0.0011335115784346993,0.5165403124151086,5,3398.0
TRMT44,0.0020498969,0.002247362,0.0020894133,0.0011454779,0.003425681,0.0021915662200000002,0.0008140882396605523,0.3714641301874749,5,3374.4
IRF7,0.002225668,0.0030588023,0.0014381171,0.0023844535,0.0018433374,0.00219007566,0.0006081538932088923,0.2776862481586103,5,3344.0
GRM6,0.0017969782,0.0020496105,0.0011907713,0.0031516138,0.002753086,0.00218841196,0.0007769150011874548,0.35501313984203176,5,3374.8
MIR302E,0.0009041784,0.0012313202,0.0014289804,0.0032437071,0.00412247,0.0021861312199999996,0.0014138793348210206,0.6467495280640203,5,3485.4
CDH11,0.0011214914,0.0013414216,0.0047562565,0.0023250277,0.0013805277,0.00218494498,0.0015100346412509342,0.6911087716501375,5,3486.0
CNOT10,0.010390205,2.817956e-05,4.1353476e-05,0.00011587796,0.00033642,0.0021824071992,0.004589960902393883,2.103164296780369,5,4614.0
NCKIPSD,0.0025173277,0.0031787944,0.0017558131,0.0024323899,0.0010275762,0.00218238026,0.0008190036179758874,0.3752799789235114,5,3370.0
KCNB1,0.0020743718,0.0015436783,0.0018791057,0.002683313,0.0027137399,0.00217884174,0.0005110762054939781,0.23456325262704858,5,3358.4
CPPED1,0.0027345167,0.001845955,0.0020930683,0.0023043994,0.0019162004,0.00217882796,0.0003576627337172871,0.16415372864835417,5,3350.0
TAF7,0.003453228,0.0032692323,0.0010762169,0.0015584313,0.0015041245,0.0021722466,0.001103259765360706,0.5078888213523759,5,3403.0
CDK13,0.009561847,0.0002816454,5.0400464e-05,3.2829792e-07,0.0009599284,0.0021708299123840004,0.004149389487862101,1.9114300315243267,5,4485.0
WIPF3,0.004331643,0.001906083,0.0009108923,0.0007238063,0.002979309,0.00217034672,0.0015061674472700724,0.6939754986567642,5,3509.0
ARHGAP39,0.0006147235,0.0011826121,0.0015030066,0.0053014243,0.0022238183,0.00216511696,0.001847112299496798,0.8531235649721195,5,3560.8
CUL9,0.00079694507,0.0025199265,0.0019938839,0.001948937,0.0035616616,0.002164270814,0.0010030169512402585,0.46344336612222986,5,3426.6
PTPN2,0.0020000017,0.001498877,0.0022102534,0.0024848233,0.0026258598,0.00216396304,0.00044375260066623046,0.20506477812404342,5,3366.2
NCR3LG1,0.001420616,0.0034537003,0.0017375294,0.0029758126,0.0012197103,0.0021614737200000003,0.000993543485778568,0.45966022005512414,5,3395.6
UNC5B,0.0023316173,0.0021938446,0.0009608105,0.0013354908,0.0039805383,0.0021604603,0.001168634617276694,0.5409192741364857,5,3434.8
ZNF697,0.0023291355,0.0028413567,0.0014653954,0.0010989977,0.003064541,0.00215988526,0.0008542905764135896,0.39552590697044226,5,3394.2
PPARGC1B,0.0040603173,0.0018548563,0.00087611284,0.0013506897,0.0026509895,0.002158593128,0.001249872864764059,0.579021978969285,5,3454.6
ZNF746,0.0063806437,0.0012224357,0.0008161655,0.0014781805,0.0008836079,0.00215620666,0.0023765907251120937,1.1022091570351118,5,3639.0
COX10,0.0021800525,0.0027265751,0.0018239183,0.002054144,0.0019871176,0.0021543614999999998,0.00034470828584676503,0.16000484869728923,5,3349.8
CPE,0.0022958037,0.0026182882,0.0025014072,0.0014494703,0.0019036199,0.0021537178600000003,0.00047838673665977926,0.2221213583936102,5,3355.4
CRMP1,0.004371953,0.0016552662,0.00074374373,0.0013407685,0.002653925,0.0021531312859999997,0.001420223606113042,0.6596084573883445,5,3493.8
PREX2,0.0016349356,0.002392591,0.0011845301,0.004265227,0.0012845345,0.0021523636399999996,0.0012727393406038972,0.5913217064956076,5,3439.2
GAD2,0.0029719123,0.0019832999,0.0013393854,0.002247696,0.0022154346,0.00215154564,0.0005861397086536988,0.2724272717048655,5,3373.4
FGF12,0.0020840075,0.0019394344,0.0014384983,0.0032374894,0.002054819,0.0021508497199999995,0.0006607981081267312,0.3072265356255254,5,3378.8
SLC9C2,0.004411935,0.0008583964,0.0023104972,0.0011753289,0.0019970357,0.00215063864,0.0013949667510294152,0.6486290746777502,5,3496.0
ACAP2,0.0019561322,0.0011979697,0.0027780342,0.0019067788,0.0029076338,0.00214930974,0.0007020570698137923,0.3266430411345888,5,3409.8
ADGRF4,0.00271146,0.002308604,0.0023924226,0.0015177226,0.0018054191,0.00214712566,0.0004789652063172628,0.2230727410324288,5,3359.2
RHOD,0.0029893978,0.001669184,0.0011994335,0.0026202411,0.0022554693,0.00214674514,0.0007196434634988864,0.3352253838100625,5,3394.2
RPL22L1,0.005624082,0.0020538005,0.00084009365,0.00012117082,0.0020910725,0.002146043894,0.00211624058003201,0.9861124397076334,5,3690.8
SLCO3A1,0.0017114112,0.0013473982,0.0017882901,0.002901867,0.0029645828,0.00214270986,0.0007409364395218783,0.3457941055640068,5,3405.8
UNC79,0.0032836823,0.0023297798,0.000958283,0.002518917,0.0016185202,0.00214183646,0.0008882543351541709,0.4147162268188164,5,3409.4
MRPS6,0.0030062362,0.0024855274,0.00057533104,0.0026059472,0.0020279053,0.002140189428,0.0009417556912848703,0.44003380213168236,5,3444.2
FGD4,0.0026786053,0.0019075,0.0012875439,0.0026665113,0.002150012,0.0021380344999999998,0.0005805446569463325,0.2715319406428346,5,3376.2
PELI1,0.0019976331,0.002963111,0.0015583204,0.0024469255,0.0017178879,0.00213677558,0.0005719399253172811,0.2676649483785663,5,3368.4
SLC6A7,0.0018664484,0.0016197149,0.004309897,0.0012373322,0.0016425657,0.00213519164,0.0012365389694726013,0.5791231785979648,5,3461.6
WASHC4,0.002489841,0.0006316313,0.002748775,0.0022941974,0.0024965084,0.00213219062,0.0008542163084376065,0.40062848997882117,5,3466.0
SEC14L1,0.0017336585,0.0036199586,0.002469728,0.0018822426,0.00093884603,0.002128886746,0.0009965821141719067,0.4681235937254065,5,3420.2
GPR65,0.0014997983,0.0029172313,0.0020943952,0.0019729831,0.002156046,0.00212809078,0.0005107517693464673,0.2400046906581999,5,3369.2
HRNR,0.0024058053,0.0027616718,0.0013293865,0.001082822,0.0030564724,0.0021272316,0.0008762069325020402,0.4119001111595184,5,3417.2
GPNMB,0.0014899872,0.0027897202,0.0023161846,0.0026162027,0.0014237682,0.00212717258,0.0006353401217120417,0.2986782208860748,5,3379.8
P2RY1,0.0049459348,0.0007568596,0.00095756305,0.00070141605,0.0032689574,0.00212614618,0.0019057553331460143,0.8963425709261507,5,3642.0
SEMA6D,0.0020709422,0.0026126131,0.001089951,0.0027737657,0.0020769958,0.00212485356,0.0006586380726400904,0.3099686891552613,5,3393.2
TUBG2,0.002090441,0.002092874,0.0031997887,0.0014059751,0.0018298384,0.00212378344,0.000663608870278286,0.31246541327127303,5,3395.8
COL15A1,0.001626751,0.0015721947,0.00050469016,0.005400794,0.0015128497,0.0021234559120000005,0.001889761370021176,0.8899461294872297,5,3597.6
TMC2,0.0017959292,0.0018669094,0.0013796275,0.0014849763,0.0040860972,0.00212270792,0.0011164659431923069,0.5259630553374988,5,3438.4
SEL1L2,0.0027458067,0.0023028818,0.002362039,0.0016661389,0.0015194328,0.00211925984,0.000512428233190281,0.24179584943688687,5,3377.0
SERPINB2,0.0021821097,0.0022916447,0.0018593462,0.0015950644,0.002667767,0.0021191864,0.000411358323739225,0.19411144000321304,5,3373.4
BOC,0.0021988433,0.0032447411,0.00095589727,0.0024063485,0.0017867958,0.002118525194,0.0008395539888928755,0.39629171806435237,5,3414.0
ADI1,0.002913035,0.0031999233,0.001300544,0.0022956592,0.000849733,0.0021117789000000002,0.001013748422249263,0.48004477279759866,5,3443.0
NNT,0.0027514866,0.0023034904,0.0006621953,0.0017432254,0.0030945812,0.0021109957800000004,0.0009551179025287097,0.4524489871451612,5,3459.8
LCE3D,0.002651155,0.0015765533,0.0011096786,0.0032571116,0.0019593807,0.0021107758399999997,0.000853903566834741,0.4045448837593011,5,3435.6
MBD5,0.008541605,0.0005900269,0.00021323666,0.00077915937,0.00042530513,0.0021098666120000003,0.003601489475453798,1.7069749599193134,5,4112.4
RHOBTB3,0.003508524,0.0019640175,0.0005888082,0.0014171354,0.0030673707,0.00210917116,0.0011924576866227175,0.5653679081325564,5,3496.4
OCA2,0.0023850428,0.001511049,0.0020141797,0.0026157135,0.0020182545,0.0021088479,0.0004206331882725673,0.19946113148917347,5,3391.8
FAM13A,0.00015660476,0.002581191,0.0037469112,0.001622449,0.002432779,0.0021079869919999996,0.0013284506199194098,0.63019868004926,5,3562.4
CTDSP2,0.0031298706,0.0007705373,0.0032163013,0.0014695314,0.0019475069,0.0021067495,0.0010600412890778902,0.5031643719758283,5,3488.2
OR52N1,0.0028732526,0.0015302026,0.0020839297,0.0023781697,0.0016497847,0.0021030678599999997,0.0005483776195567457,0.26075127198070813,5,3407.6
WLS,0.0037581003,0.0018231221,0.0015240937,0.00039716976,0.0030080108,0.002102099332,0.0013116514824782018,0.6239721703494655,5,3536.0
ENPEP,0.001913572,0.0024789185,0.0024488003,0.0023344194,0.0013339513,0.0021019323,0.00048522177276425366,0.2308455761226247,5,3389.6
GALNT10,0.0013176834,0.0017872022,0.0034468055,0.0026827697,0.0012677934,0.00210045084,0.0009428592303717416,0.44888421686257685,5,3437.2
DAPP1,0.0020567467,0.0036056968,0.0020114556,0.0016863344,0.001101087,0.0020922641000000004,0.000928100345020785,0.44358661271336863,5,3422.2
PLCH2,0.0013064733,0.0023980802,0.0019121536,0.002420167,0.002407079,0.00208879062,0.0004873394269828699,0.23331176534241133,5,3396.6
RNF182,0.0034661696,0.0013675215,0.0015786691,0.002264708,0.0017565794,0.0020867295199999995,0.0008394813788572723,0.40229525236086777,5,3436.4
CHDH,0.0032596919,0.0026329465,0.002148971,0.00043313962,0.0019576957,0.0020864889439999998,0.0010522685886538094,0.5043250249083561,5,3496.6
CALCR,0.0017495132,0.0036324007,0.002312798,0.0013173441,0.0014089223,0.00208419566,0.0009493768549115061,0.45551234614484615,5,3426.2
ETV3,0.002992653,3.913276e-06,0.003512513,0.0019953349,0.0019055442,0.0020819916751999997,0.0013446884630471281,0.6458663975771926,5,3707.0
COPRS,0.0016492693,0.0009763875,0.0022078748,0.004297282,0.0012765713,0.0020814769799999996,0.001321142279119841,0.6347138555045856,5,3512.6
DCLRE1B,0.0044782427,0.0022179352,0.0010489991,0.0012122823,0.0014381412,0.0020791201,0.0014140783109691823,0.6801330577147431,5,3504.6
KMT5C,0.0014904201,0.002006255,0.0020289076,0.0016705458,0.003186034,0.0020764325,0.0006607861856567448,0.31823147906649735,5,3422.6
TRAT1,0.0019098211,0.002302393,0.0012284565,0.004000492,0.00093514385,0.0020752612900000003,0.001204410507908429,0.5803657176626799,5,3487.8
SH3PXD2A,0.0012712616,0.0019998811,0.0038629442,0.0018328242,0.0013794765,0.00206927752,0.0010476904421579578,0.5063073618844309,5,3471.6
OMA1,0.002563953,0.0028135933,0.0015451077,0.0004448473,0.0029751216,0.0020685245800000003,0.0010645172630582545,0.5146263541418755,5,3514.6
CREM,0.0015191006,0.0018095538,0.0042971256,0.0011707286,0.0015425838,0.00206781848,0.0012667126661089134,0.6125840727126655,5,3501.6
HLA-DMB,0.004405969,0.0018166577,0.0012571577,0.0016337478,0.0012229636,0.00206729916,0.001331296010176348,0.6439784023210013,5,3493.6
FMO4,0.0032045364,0.0031027074,0.000458377,0.0008166323,0.0027404183,0.00206453428,0.0013201541604081044,0.6394440495355226,5,3574.2
NT5C3A,0.0032177314,0.0024661478,0.0018946661,0.0014363268,0.0012789221,0.00205875884,0.0007955621553901259,0.38642804583664875,5,3429.0
ZCRB1,0.0015311091,0.0029253822,0.0013078903,0.0019873686,0.0025399807,0.00205834618,0.0006763734275622505,0.32860042403666545,5,3424.2
NAP1L1,0.00120047,0.002450788,0.0030215466,0.0023759946,0.0012155172,0.00205286328,0.0008106830559285745,0.3949035787364147,5,3454.2
TTLL10,0.0016773266,0.0025135037,0.004923419,0.0007896012,0.00034084206,0.0020489385120000003,0.0018110824289402775,0.883912532432441,5,3674.6
EARS2,0.00021002855,0.0028760897,0.0023413356,0.0028798766,0.0019348047,0.00204842703,0.0011016746704773032,0.5378149450006541,5,3538.4
ZMAT5,0.0016321107,0.0017615871,0.0035601198,0.001442549,0.0018449241,0.0020482581399999997,0.0008586781920593785,0.4192236199580677,5,3460.8
ABCB5,0.001967033,0.0034927155,0.001075683,0.0016202683,0.0020818734,0.00204751464,0.000897671921703449,0.43842027019814084,5,3454.0
ANO5,0.0010664812,0.0028884066,0.0026094108,0.0017267715,0.0019453459,0.0020472832000000005,0.0007243216721321922,0.35379652025288544,5,3440.2
TBX5,0.0004239747,0.00046639817,0.008135245,0.00058106065,0.0006289075,0.0020471172039999994,0.0034043797121214026,1.6630116270184028,5,4073.0
MBL2,0.0015653573,0.0011919916,0.0036534178,0.0013831524,0.0024413199,0.0020470478,0.001017322344543294,0.4969704882041807,5,3496.2
SKIL,0.0040461756,0.0013387564,0.0041216095,0.00017656173,0.0005465655,0.0020459337460000003,0.0019073642795916993,0.9322707948489448,5,3772.2
OR5V1,0.0022079335,0.0023302785,0.0017385352,0.0018378099,0.0021143435,0.00204578012,0.0002497924324402803,0.12210130991021668,5,3405.8
GALC,0.0013396078,0.0023849374,0.001998399,0.0026720914,0.0018320691,0.0020454209399999998,0.000513295614416525,0.25094864552258134,5,3420.2
FKBP9,0.008919195,0.00071797165,0.00058479107,5.6458384e-07,2.9340606e-07,0.00204456314198,0.003857081523992812,1.8865064349431289,5,4515.8
TNR,0.0030611304,0.0015960522,0.0017415027,0.0019202612,0.0018942758,0.00204264446,0.0005840452760454262,0.2859260568750306,5,3441.6
MGAT5,0.00089322875,0.0021544953,0.0023785504,0.0015782668,0.0031959047,0.00204008919,0.0008648877138939571,0.42394603046446083,5,3475.0
DOCK10,0.0012291301,0.0035264802,0.0019565076,0.0016000067,0.0018873782,0.00203990056,0.0008790608381981266,0.430933181467496,5,3447.0
ADAMTS5,0.0030271767,0.0019736777,0.0013538536,0.0015397266,0.0022956603,0.00203801898,0.00066432849710734,0.3259677675363652,5,3435.4
WWOX,0.0013698294,0.001551564,0.0026596882,0.0019478082,0.0026602657,0.0020378311,0.0006051688133007351,0.29696711042477225,5,3447.8
MCPH1,0.0018494102,0.0022173298,0.0029692235,0.0012600049,0.0018890374,0.0020370011600000003,0.0006249727474459131,0.30681020694456207,5,3442.6
CELSR2,0.0022242737,0.001955204,0.0015776167,0.002264695,0.0021534734,0.00203505256,0.0002820403978007282,0.13859121053892004,5,3420.2
AMBRA1,0.0023279684,0.0017632063,0.002164781,0.0029298384,0.0009887321,0.00203490524,0.0007197148120100996,0.35368468165628175,5,3452.4
HOXA2,0.0020535155,0.002368683,0.0017361618,0.0017312339,0.0022832528,0.0020345694,0.0002978648213299701,0.14640189778238583,5,3415.0
ZNF420,0.0019841185,0.0025616358,0.001565755,0.0021874951,0.0018570595,0.0020312127800000005,0.0003724818535165531,0.1833790419123658,5,3424.8
TMC6,0.0021335897,0.003489747,0.0026678033,0.0016242458,0.00024036107,0.002031149374,0.0012161231994263786,0.5987364666496352,5,3572.0
RGS1,0.0023026275,0.0015920233,0.0023498721,0.0021932046,0.001708278,0.0020292011,0.000353059874311943,0.17398959339808312,5,3433.0
CARD14,0.0023489888,0.002533421,0.00086420414,0.001303579,0.0030829483,0.0020266282480000002,0.0009152318412724344,0.4516032193746637,5,3487.8
PEX2,0.0025097271,0.001973369,0.002037874,0.001883747,0.001719519,0.0020248472199999997,0.0002962527620853381,0.14630869882881245,5,3425.4
ZNF516,0.0009911408,0.0020517467,0.0027654977,0.001988802,0.0023119182,0.00202182108,0.0006522075774100275,0.32258422066211095,5,3462.2
SHOC2,0.0028443686,0.0019061534,0.0030453024,0.00058970845,0.0017191768,0.00202094193,0.0009848875225047654,0.48734083245269966,5,3525.2
NLRP10,0.0019097406,0.0007560453,0.002780667,0.0027618909,0.0018935176,0.00202037228,0.0008298722967842745,0.4107521692904411,5,3511.4
PON1,0.0021148962,0.0025171523,0.0019855706,0.0022873112,0.0011711261,0.0020152112799999996,0.0005121715040649343,0.25415275765275314,5,3440.8
GBE1,0.0012715737,0.0021180748,0.0028335499,0.002516894,0.001335912,0.00201520088,0.0006975652145019969,0.3461517020089813,5,3456.4
RNF152,0.0019358068,0.002771452,0.0016470929,0.0012849183,0.0024363145,0.0020151169,0.0005967352750000916,0.29612935854991423,5,3449.4
PPFIA4,0.0027870946,0.0016045143,0.0011416413,0.0017009366,0.0028358027,0.0020139979000000003,0.0007582433433014991,0.3764866603393673,5,3482.8
CADM1,0.0016924625,0.0021363127,0.0018022923,0.0017444331,0.0026709149,0.0020092830999999998,0.00040842966481892563,0.20327133832904168,5,3437.8
ARHGAP8,0.0015425509,0.0012318427,0.0030800817,0.002024922,0.0021668987,0.0020092592,0.0007060363683146002,0.35139138261235797,5,3480.4
LCE1B,0.0030343276,0.0017821841,0.002502962,0.0006367607,0.0020742086,0.0020060886,0.0008991650396322164,0.44821800972909,5,3513.2
GJA5,0.0009884366,0.008081369,0.00050759176,7.550014e-06,0.00043926152,0.0020048417787999996,0.003414646252423332,1.703199867705856,5,4198.8
STK19,0.0006419518,0.0026306186,0.0025429106,0.0025688652,0.0016359815,0.0020040655399999998,0.0008649799264747987,0.4316125941044816,5,3503.4
IGFBP2,0.0042436286,0.0015712876,0.0010717617,0.0020412682,0.0010906117,0.0020037115600000004,0.001314145275869317,0.6558555143881671,5,3548.8
CACNA1E,0.002341918,0.0017847295,0.001635841,0.0022071362,0.0020306897,0.00200006288,0.0002914225143337024,0.1457066761489531,5,3443.8
LARGE1,0.0012438885,0.0023378134,0.001799444,0.0028238106,0.0017919415,0.0019993796,0.0006016634280063938,0.30092506095710575,5,3452.0
OVGP1,0.0014211516,0.0018960119,0.0029079523,0.0013409647,0.00242481,0.0019981781000000002,0.0006680252316244313,0.33431716203096773,5,3470.0
CCL21,0.0033513708,0.0015599141,0.00035029126,0.0029802495,0.0017107179,0.001990508712,0.0012026575113259596,0.6041960550464346,5,3612.8
HTR1B,0.0019378879,0.0013226917,0.00082416966,0.002056029,0.0038023933,0.0019886343119999996,0.0011287489088684802,0.5676000368983276,5,3555.0
SYNE3,0.007833746,0.00044705067,0.00030512578,0.0006195009,0.00073250674,0.001987586018,0.00327217011439598,1.646303649131416,5,4096.2
FAAP20,0.0025745288,0.0019145363,0.002056697,0.001963288,0.001421236,0.00198605722,0.0004110795144876134,0.20698271446963318,5,3454.6
ATP2B4,0.0015233714,0.0025455342,0.0016970787,0.0032428293,0.00091682066,0.001985126852,0.0009128718144659558,0.4598556578619873,5,3504.0
SYNE2,0.0027156076,0.0009328267,0.00059415324,0.002459451,0.003220806,0.0019845689079999998,0.0011540829822903318,0.5815282994901843,5,3601.4
SEMA3B,0.0021685543,0.0013817612,0.0020059117,0.001025201,0.0033360384,0.00198349332,0.0008866417058659134,0.4470101799313917,5,3513.6
CDH8,0.0016231237,0.0016468577,0.0016301086,0.002227634,0.0027849427,0.00198253334,0.0005172020244852228,0.26087935776415383,5,3476.6
PPP1R3A,0.002474652,0.0010132127,0.0022321239,0.002109987,0.0020732726,0.00198064964,0.0005631427513108049,0.2843222445494221,5,3490.2
SERPINA6,0.0039055124,0.0023241336,0.0013399733,0.0010689305,0.0012627085,0.00198025166,0.001181123885019511,0.5964514050802568,5,3524.2
PDE4B,0.0021743686,0.0015280495,0.0013372691,0.0015001553,0.0033594072,0.0019798499400000003,0.0008348886847764395,0.4216929111185262,5,3495.0
HYDIN,0.0033742515,0.0016832077,0.0017221994,0.0006487211,0.0024601624,0.00197770842,0.0010125854590127673,0.511999366930322,5,3543.0
RNF14,0.002982887,0.0021477188,0.0010986633,0.0017017549,0.0019478159,0.0019757679800000002,0.0006872104683810027,0.34781941773396013,5,3485.2
EXT1,0.0022908673,0.0020346404,0.0014787654,0.0017053771,0.0023625465,0.0019744393399999997,0.00037830712817996565,0.19160230477375198,5,3455.0
CUL2,0.0023835606,0.002824019,0.0015151377,0.0016274775,0.001510264,0.00197209176,0.0005991530500626305,0.3038160100940894,5,3462.2
KIF13A,0.0012529928,0.0036450813,0.0023753224,0.0012742977,0.0013009455,0.00196972794,0.0010507043088466437,0.5334261079967438,5,3507.8
RAB3A,0.0031689734,0.0020302571,0.0012227512,0.0024683399,0.00095434714,0.0019689337480000004,0.0009054607397067199,0.4598736451271999,5,3513.2
CTSB,0.0019851304,0.002873786,0.0020696884,0.0015137732,0.0013887692,0.0019662294400000003,0.0005858534138733067,0.2979578079521109,5,3463.6
AUTS2,0.0018457244,0.00243877,0.0019044031,0.0011402157,0.0024844492,0.00196271248,0.0005459915555925174,0.2781821388288709,5,3478.2
PUM2,0.0014532725,0.0031900366,0.0012602294,0.0015331517,0.0023754742,0.00196243288,0.0008084290903927858,0.4119524793086354,5,3484.8
KATNA1,0.002323067,0.0017687393,0.0016042616,0.0020485166,0.0020666185,0.0019622406000000003,0.00028023459041669885,0.1428135726152536,5,3463.4
KAZN,0.0028009051,0.003297645,0.0013590682,0.0021893396,0.00016298963,0.001961989506,0.001238886364121759,0.6314439299155757,5,3645.8
ITGBL1,0.0019082564,0.0017055635,0.0020252985,0.0019939076,0.0021767132,0.00196194784,0.00017304233063338286,0.08819925132840578,5,3465.0
DNAH11,0.003372036,0.0025500562,0.0015962615,0.00036736397,0.0019229599,0.0019617355139999997,0.0011193931518745594,0.5706136958249304,5,3583.4
HSPA12A,0.002250586,0.004449267,0.00020667832,0.0014410443,0.0014592139,0.0019613579040000002,0.0015712351710710237,0.8010955919195784,5,3695.6
MATN4,0.0019817443,0.0023707352,0.002182678,0.002016868,0.0012407122,0.00195854754,0.00042993024760945586,0.21951483884300088,5,3465.6
TBC1D1,0.0016003245,0.0023065358,0.002094241,0.0020226205,0.0017661654,0.0019579774400000005,0.0002779149588882956,0.14193981667546463,5,3462.2
GRB14,0.0018342559,0.0012622372,0.0036325143,0.001692715,0.0013525271,0.0019548499000000006,0.0009669954194905087,0.49466479216154063,5,3540.6
TRPC7,0.0034522798,0.0021107593,0.00077247113,0.0020733357,0.0013291204,0.001947593266,0.001008704193564189,0.5179234346172713,5,3542.6
ZFP1,0.0020041182,0.0008503461,0.0018320526,0.0024018558,0.0026331278,0.0019443001000000002,0.0006886134400644603,0.3541703464729854,5,3535.8
S1PR5,0.0028014379,0.0014936542,0.001843337,0.0025104333,0.001072572,0.0019442868799999999,0.0007121055333543034,0.36625538169259436,5,3508.6
OR6Y1,0.0003814685,0.0030459487,0.0031175474,0.0015294632,0.001644416,0.0019437687599999996,0.0011504999120188202,0.5918913482377505,5,3585.0
SERINC5,0.0018093673,0.0005506602,0.0027341254,0.0021340244,0.0024780338,0.0019412422200000001,0.0008522152391390992,0.43900510217581146,5,3582.8
PLSCR1,0.0018548043,0.0012691377,0.0007297315,0.0032000577,0.0026369886,0.00193814396,0.000999448055977507,0.5156727655965798,5,3579.8
EPHA3,0.0021578344,0.002973355,0.001135361,0.0026522796,0.0007620087,0.00193616774,0.0009562492617693453,0.4938876121184342,5,3544.0
LALBA,0.0028069252,0.0022634526,0.0013282233,0.0013208917,0.001951497,0.00193419796,0.0006351595404506202,0.3283839366941635,5,3489.8
SLC16A12,0.000768177,0.0028546639,0.0017819358,0.0018607365,0.002400384,0.0019331794400000001,0.000783065612562021,0.40506618080007145,5,3526.2
SPARC,0.0037297318,0.0016962459,0.0017641045,0.0011906279,0.0012710337,0.00193034876,0.0010370756875398139,0.5372478326350798,5,3542.4
ASAP2,0.0008280603,0.002198936,0.00048333724,0.0032870073,0.0028533665,0.0019301414679999997,0.001232224129492325,0.6384113029648276,5,3639.4
FBXO15,0.0019375144,0.0012626171,0.002947381,0.0019723675,0.0015241209,0.00192880018,0.0006416864794457001,0.3326868620707512,5,3520.6
ETS1,0.0019358919,0.0017422492,0.0016176807,0.0021689304,0.0021706098,0.0019270723999999996,0.00024888068438015627,0.12914962841051345,5,3486.6
SULT1A2,0.005583188,0.0019827916,0.0011661806,8.581565e-05,0.0008153188,0.0019266589299999997,0.002154963101358441,1.1184974505884346,5,3850.6
CR1L,0.0012914574,0.0016536986,0.0025683157,0.0021591834,0.0019394121,0.00192241344,0.00048576019997577304,0.2526824822738303,5,3503.8
GGT5,0.002599416,0.0033402296,0.0010007375,0.0018566714,0.0008110288,0.0019216166599999997,0.0010674170140739317,0.5554786426934557,5,3569.6
WWTR1,0.00034655273,0.0030642701,0.001010048,0.004010613,0.0011747953,0.001921255826,0.0015442706928114028,0.8037819180106434,5,3671.8
GLS,0.005410247,0.001646634,0.0007642953,0.0010298713,0.0007520612,0.00192062176,0.0019842262128313853,1.0331165949256897,5,3733.8
MAP1LC3B,0.005149289,0.0026843818,0.000472498,0.00066813,0.00062614813,0.0019200893859999998,0.0020216997885535233,1.052919620979314,5,3804.6
UGT1A5,0.0011781176,0.0023345249,0.0023821595,0.002388178,0.0013022693,0.0019170498600000001,0.0006197882969947101,0.32330317010884113,5,3504.2
TSKU,0.0013775167,0.00033442467,0.0036013555,0.00072329474,0.00354433,0.0019161843219999998,0.0015577044172822405,0.8129199260206872,5,3752.2
STX11,0.0028912916,0.0029298395,8.114498e-05,0.002976057,0.0006987105,0.0019154087159999997,0.0014098998194185125,0.7360830133230493,5,3798.8
FCAR,0.0029114378,0.0017127157,0.0018167697,0.000860394,0.0022402368,0.0019083108000000001,0.0007518652611107359,0.3939951820797408,5,3542.6
EN1,0.0023034795,0.0016874056,0.00085590937,0.0033626491,0.0013227866,0.0019064460340000003,0.0009708794044040861,0.5092614147419847,5,3566.2
KLHL42,0.0017858957,0.0028170738,0.00200529,0.0019264063,0.0009948649,0.00190590614,0.0006490228346345243,0.340532422354505,5,3514.8
ERO1B,0.0036508525,0.0017155916,0.00093256694,0.0015744529,0.0016543139,0.0019055555680000003,0.0010248909591635078,0.5378436485267102,5,3564.8
SERPINB5,0.0010257693,0.0019504965,0.0034777597,0.0024478438,0.00062396546,0.0019051669520000001,0.0011384658947225243,0.597567522115261,5,3621.8
RAB3C,0.00111374,0.0027857139,0.0012938974,0.0024029058,0.0019294459,0.0019051406,0.0007112846543119393,0.37335021589059586,5,3525.6
SUPT3H,0.0006889356,0.0036027366,0.0017216225,0.002045649,0.001460196,0.00190382794,0.0010738220716705062,0.5640331508479207,5,3573.4
MTMR3,0.0024131841,0.0018994656,0.0020313035,0.0020708486,0.0010862313,0.0019002066200000001,0.0004929521637418148,0.2594202959580336,5,3513.4
EPHB1,0.0020775003,0.0015676465,0.0010923361,0.002268324,0.0024939177,0.0018999449199999998,0.000566278855557447,0.2980501432417562,5,3534.0
MMP16,0.00094646635,0.0012740269,0.003761642,0.0015543115,0.0019587593,0.00189904121,0.001105636499685515,0.58220774455206,5,3600.0
CHST8,0.0010543487,0.0024599298,0.0017647268,0.0023523013,0.0018470341,0.0018956681399999997,0.0005599630274060895,0.29539085222273637,5,3524.6
UHRF1,0.0020272702,0.0019452797,0.00097508566,0.0026654094,0.0018612762,0.001894864232,0.0006043454502823316,0.31893865538031413,5,3527.3
SLC17A3,0.0020381229,0.0028456682,0.0016695559,0.0012419797,0.0016727333,0.0018936119999999998,0.0006022681293745835,0.3180525521461543,5,3512.4
PPP2R2B,0.0009153864,0.0041814754,0.0013386279,0.0024004364,0.0006023543,0.0018876560799999998,0.0014511453810815396,0.7687551755092695,5,3660.0
ZNF875,0.0020818007,0.0017055651,0.001161969,0.0015166062,0.002971405,0.0018874691999999998,0.0006909523422385476,0.36607343962939776,5,3542.2
EHD3,0.0018285506,0.0009951383,0.0023645721,0.0016302604,0.0026180216,0.0018873085999999996,0.0006378118963868933,0.33794785674525796,5,3552.0
KIF1A,0.0023350415,0.0014410506,0.0021205493,0.0018815043,0.0016515583,0.0018859407999999999,0.0003569365195336841,0.18926178357967766,5,3517.8
PIAS2,0.0024992751,0.0029703004,0.001285528,0.0017341202,0.00093650713,0.0018851461660000003,0.0008421669767882361,0.44673829116136343,5,3546.6
NBAS,0.0017279432,0.0023448428,0.0009406081,0.0018318025,0.0025687136,0.00188278204,0.0006321131156727591,0.3357335592986425,5,3538.2
CREG1,0.004671142,0.0018935753,0.00034277895,0.0010387907,0.0014621869,0.00188169477,0.001661015729998404,0.8827232537816981,5,3738.0
CLK2,0.0021679911,0.0022482427,0.00020958307,0.00222073,0.0025601445,0.001881338274,0.0009470373274991434,0.5033849258196421,5,3675.6
FTMT,0.001983062,0.0018950308,0.0010700246,0.0030369384,0.0014065744,0.00187832604,0.0007465808895922316,0.3974714046940602,5,3553.2
BTG4,0.0025138115,0.0025334752,0.000992398,0.0014059646,0.001943669,0.0018778636600000002,0.0006792136348790548,0.3616948606796378,5,3538.6
HEPHL1,0.0020091052,0.0010588296,0.0021649676,0.0034367233,0.00071448734,0.001876822608,0.0010669995578532962,0.5685138026924792,5,3619.4
GPAT4,0.0002910843,0.0002426627,0.008487992,0.00019881227,0.0001604585,0.0018762019539999997,0.0036964248888520478,1.9701636494788815,5,4437.8
CLVS2,0.001966967,0.0027955142,0.001501479,0.0014845212,0.0016148577,0.00187266782,0.0005512356059600576,0.2943584548593661,5,3520.2
TBCE,0.0017033388,0.0012338222,0.0020958448,0.0011607453,0.0031612378,0.00187099778,0.0008145299764713402,0.43534523941088815,5,3577.2
ZDHHC17,0.0024769825,0.0014997021,0.0027435971,0.0017424081,0.0008885419,0.00187024634,0.000749709873011439,0.4008615640501341,5,3569.6
COMP,5.7497193e-05,0.0054754317,0.0010115113,0.0027726917,2.4887315e-05,0.0018684038415999998,0.0023043755880804277,1.2333391404863978,5,4089.6
UTRN,0.0013459753,0.0011568755,0.0027395599,0.002748861,0.0013413696,0.00186652826,0.0008048399453665263,0.43119622810668096,5,3570.6
MGMT,0.0016915496,0.0015197905,0.0023666187,0.0017813894,0.0019726737,0.00186640438,0.00032382497472717724,0.17350204392853882,5,3524.6
HIP1,0.002421972,0.0009627825,0.0036968805,0.0012665861,0.0009669266,0.00186302954,0.0011879200316423043,0.6376281245880322,5,3645.8
NECTIN2,0.0029528898,0.0026010687,0.0008046389,0.0018786611,0.0010768162,0.0018628149400000001,0.0009315395142258556,0.5000708842424548,5,3591.0
MDC1,0.0029593918,0.0024455907,0.0014737474,0.0013409586,0.0010939244,0.0018627225799999997,0.0007995324581373366,0.4292278768303419,5,3551.0
PLAC8,0.0012881248,0.0023709382,0.0019214433,0.0018328894,0.0019000338,0.0018626858999999999,0.0003854140588996203,0.20691307047507063,5,3519.6
PTPN21,0.0023322317,0.0012001288,0.00074556767,0.0035915538,0.0014251666,0.0018589297139999998,0.001127801524838585,0.606694011260818,5,3631.2
SPATA5,0.0026524067,0.001652637,0.0023064443,0.001652314,0.0010151765,0.0018557957,0.0006377680113160624,0.343662834931702,5,3555.0
ABCC4,0.00076707633,0.0031383545,0.0016533182,0.0011368515,0.0025747411,0.001854068326,0.0009880552125092767,0.5329119745230343,5,3599.8
TTLL11,0.002692554,0.0013168368,0.0031809236,0.0011074664,0.0009670759,0.0018529713399999999,0.0010119763879372376,0.5461370967223043,5,3618.2
TUB,0.00087116513,0.0014451679,0.0006638303,0.0034636771,0.002817214,0.0018522108860000001,0.0012317099449436445,0.6649944421845085,5,3678.4
MSGN1,0.00012427481,0.0038625083,0.0018706147,0.0014913452,0.001910993,0.0018519472020000001,0.0013380093897708092,0.7224878702404871,5,3695.6
ABI1,0.0038659063,0.001258717,0.0007180023,0.00058181636,0.0028211642,0.001849121232,0.0014358236639846552,0.7764897396325258,5,3723.6
MFAP3,0.0037177245,0.0015912086,0.0006732618,0.002382371,0.00087821065,0.00184855531,0.0012417591931129293,0.6717457608087092,5,3663.0
STAP1,0.0032078987,0.0011830868,0.0022980934,0.00136417,0.0011838048,0.00184741074,0.000890121214075054,0.4818209588166918,5,3587.4
GABRR3,0.0018556195,0.0019679894,0.00078459113,0.003757783,0.0008621157,0.001845619746,0.0012004691343092974,0.6504422901364523,5,3649.4
MATN1,0.0011068229,0.0018917128,0.0008889887,0.0025555345,0.0027777893,0.00184416964,0.0008420209066246562,0.4565853858350342,5,3601.0
PDLIM1,0.0030904252,0.00083642406,0.0012901212,0.0030942296,0.00090903154,0.0018440463200000002,0.0011524763384051083,0.6249714694829944,5,3659.4
ZNF767P,0.003519286,0.001398912,0.0010163193,0.00077785907,0.002503257,0.001843126674,0.0011468450540364251,0.6222280162369487,5,3645.2
ACACB,0.0043218727,0.0021415884,0.0011825862,4.025201e-05,0.0015055075,0.001838361362,0.0015838091110391983,0.8615330716677662,5,3823.4
CWC27,0.0023825264,0.0010730049,0.0025092768,0.0017724356,0.0014451235,0.00183647344,0.000610528055950677,0.3324458947528678,5,3573.2
ZNF184,0.0024806703,0.001705596,0.0005538186,0.003227081,0.0012093103,0.0018352952400000002,0.0010493376466416628,0.5717541373025425,5,3649.4
IRF4,0.0015498314,0.002344794,0.0016528365,0.0017281424,0.0018989183,0.0018349045200000001,0.00031220932231625786,0.17015017343586786,5,3533.4
ARHGAP31,0.0012939895,0.00095086306,0.0006249382,0.0059055085,0.00039615508,0.001834290868,0.0023009754283587615,1.2544223320849905,5,3906.2
UBE2QL1,0.0026962722,0.002641066,0.0018351739,0.0015029019,0.0004809595,0.0018312746999999997,0.0009131234395542396,0.49862723465476794,5,3622.6
ZFP69B,0.00027203507,0.0024189563,0.0018118497,0.0035437737,0.0011096102,0.001831244994,0.0012480412341460431,0.6815260864795261,5,3677.8
ARSJ,0.0012571912,0.0020916187,0.0007160343,0.0014357249,0.0036492785,0.00182996952,0.0011294579404210595,0.6172004113057903,5,3639.2
DPF3,0.0027054665,0.0020640877,0.00085220626,0.002263503,0.0012638425,0.0018298211920000002,0.0007559395226885668,0.4131220722513999,5,3587.4
NRN1,0.0019758656,0.0013486784,0.0027066376,0.0009734495,0.0021434568,0.0018296175799999998,0.0006806933837850357,0.37204134417260887,5,3582.8
ADAMTS18,0.0013721251,0.0018943892,0.0012494052,0.0022702075,0.0023607796,0.0018293813199999997,0.0005065553839219824,0.27689983404989754,5,3558.4
SLC26A9,0.0032765288,0.0012591789,0.0012311962,0.0017695434,0.001587774,0.0018248442600000002,0.0008424731176147274,0.46166850294102757,5,3593.6
HNRNPU,0.0021296297,0.0021395744,0.0011919739,0.0024138656,0.0012489395,0.00182479662,0.0005637123686431646,0.3089179158185664,5,3555.8
SLC25A21,0.0016787801,0.0013624504,0.0026360278,0.001900947,0.0015452002,0.0018246811,0.000494255462891408,0.27087224331495957,5,3562.8
TRPM5,0.0011581604,0.00081886625,0.0009992688,0.0014405148,0.0047049397,0.0018243499900000002,0.001626398753516553,0.8914949228116875,5,3743.0
SFTPD,0.0036618097,0.0014713575,0.00096797955,0.0010785903,0.0019377016,0.00182348773,0.001095814149346552,0.6009440761888493,5,3634.2
LPAR1,0.001228458,0.003499327,0.0007225232,0.0020442642,0.0016180542,0.00182252532,0.001056593711954246,0.5797415818367044,5,3624.6
KCNJ1,0.001554727,0.0012179023,0.0016377695,0.002382788,0.002315654,0.00182176816,0.0005070717278442005,0.27834042716181867,5,3572.4
NUTF2,0.0010365953,0.0028287356,0.0014077476,0.0018711383,0.0019638427,0.0018216119000000002,0.0006753731066894321,0.3707557612515773,5,3569.8
ZMYND11,0.00050855527,0.0029499254,0.0030493366,0.0017429774,0.00085501437,0.0018211618080000002,0.0011667272778521985,0.6406499810873468,5,3671.6
GAP43,0.0011265089,0.00076262845,0.0003117365,0.006437854,0.0004621567,0.00182017691,0.0026001027442269474,1.4284890276005904,5,4041.2
HHEX,0.002079694,0.0020050516,0.0015805507,0.0014321636,0.0019921206,0.0018179161,0.0002911365214475505,0.16014849169747192,5,3541.0
PRNP,0.004529345,0.0013588011,0.0009507989,0.0012351577,0.0010104631,0.0018169131599999999,0.0015252957231347297,0.8394984178191157,5,3698.6
GAK,0.0013444301,0.0016775411,0.0018069181,0.0018355531,0.002391708,0.0018112300800000002,0.0003785960191227611,0.2090270161164511,5,3561.8
NPBWR2,0.002804679,0.0009519442,0.0032283315,0.0012873572,0.00077520724,0.001809503828,0.0011270825873082547,0.6228683078023611,5,3684.2
LSR,0.0029188332,0.00073729834,0.0024716724,0.0021148366,0.0007989368,0.001808315468,0.0009916110931918142,0.5483617824098678,5,3676.2
DUSP4,0.0010117296,0.0017538945,0.004402998,0.00090078387,0.0009662198,0.001807125154,0.0014918629092444291,0.8255448749314621,5,3722.0
CD44,0.0018907625,0.0019592457,0.0022660748,0.0015955656,0.001313393,0.0018050083199999997,0.0003637571729794576,0.2015265907358575,5,3554.0
CST5,0.0011519811,0.0018586199,0.0011730618,0.0023518405,0.0024873018,0.00180456102,0.0006311148828182449,0.34973319041228373,5,3590.8
NEDD9,0.0024972532,0.0009913824,0.0032118114,0.00069360633,0.0016262609,0.001804062846,0.0010473115070749892,0.5805293919760649,5,3676.0
MTHFS,0.0023925882,0.0023899619,0.0007966549,0.0016469944,0.0017820153,0.00180164294,0.0006575784886101224,0.3649882415713973,5,3593.2
PCNT,0.00015012658,3.710854e-06,0.00018214014,0.008491651,0.00016773572,0.0017990728587999997,0.003741947454610701,2.07993102464267,5,4636.6
DYRK1A,0.0031522647,0.0028436508,0.00089702546,0.0011891361,0.0008917668,0.0017947687720000001,0.0011103034779136346,0.6186331605694076,5,3654.4
RAD51B,0.002211806,0.0017616986,0.0015462751,0.0015580595,0.0018894238,0.0017934526000000003,0.0002746565960753811,0.15314405079642532,5,3560.2
KRT24,0.0015604435,0.0024252825,0.002233792,0.0017205013,0.0010197831,0.0017919604799999998,0.000559302312193649,0.31211754859328655,5,3575.0
CLEC2B,0.0014864685,0.002269563,0.0016653809,0.0008997886,0.0026367267,0.00179158554,0.000679531425697784,0.37929052815294767,5,3598.4
LTBP1,0.0025743414,0.0027169113,0.0017022665,0.001131885,0.00083158416,0.0017913976720000003,0.0008416827883764625,0.46984698123268653,5,3621.4
USP19,0.0018466008,0.002709881,0.00083657796,0.0019578952,0.0016037207,0.001790935132,0.0006747745354026863,0.37677218082664,5,3599.2
TSN,0.0020845192,0.0018946214,0.002024208,0.0013891708,0.0015599375,0.0017904913799999997,0.00030254428517903297,0.1689727683464374,5,3562.2
ADHFE1,0.0016921278,0.0029138618,0.0014011638,0.0011062337,0.0018374944,0.0017901763000000002,0.0006880461138435999,0.38434544901728385,5,3584.6
ARMC9,0.0050913673,0.0013520055,0.00027503155,0.0014154741,0.0008154119,0.00178985807,0.0019023726074133545,1.0628622678519724,5,3870.4
HSD17B1,0.0013917248,0.002005846,0.0014754008,0.002379776,0.0016928969,0.0017891289000000002,0.00040664672487960603,0.22728755031546694,5,3567.4
TXK,0.0019637265,0.0019784207,0.0028450356,0.0010863023,0.0010689863,0.0017884942799999998,0.0007405780254077703,0.4140790572770355,5,3606.8
PODXL,0.0018716066,0.0027547863,0.0017827174,0.00091955473,0.0016127909,0.001788291186,0.0006569986132131026,0.36738905741780165,5,3592.4
TNFRSF1B,0.008119564,0.00010006683,0.0003423881,0.00018919873,0.00017627333,0.001785498198,0.0035419419780178684,1.9837275568159762,5,4494.4
ADAMTS6,0.0017026723,0.0016278329,0.0030566682,0.0014516254,0.0010864261,0.0017850449799999997,0.0007496271516512905,0.41994860636581305,5,3607.8
GBGT1,0.0024113823,0.000822653,0.00065870973,0.0027234394,0.0023013286,0.001783502606,0.0009662102289571,0.5417487060050307,5,3685.6
MLLT3,0.0015918864,0.002730429,0.0019230563,0.0012558005,0.0014031758,0.0017808696000000002,0.0005865033947047407,0.32933539586769334,5,3579.6
MARK1,0.00023401581,0.0022400166,0.000969229,0.0023208242,0.0031324215,0.001779301422,0.0011598021696994595,0.6518300695762943,5,3722.6
PRDM1,0.0017841752,0.0017785225,0.0012485202,0.0017883299,0.0022931343,0.00177853642,0.0003694103002921508,0.20770465880712793,5,3578.8
CD83,0.0022837108,0.0013207396,0.001436784,0.0017075174,0.0021173416,0.0017732186799999997,0.00041870785118905033,0.23612871661663884,5,3589.6
QRSL1,8.773961e-07,0.008446619,0.00016945926,0.0001400137,0.000102332095,0.0017718602902199998,0.0037318467611675505,2.106174387318197,5,4674.6
COX16,0.0002535984,0.0032281168,0.0006366861,0.002016415,0.0027235674,0.0017716767399999999,0.0012922824664271964,0.7294121084567586,5,3757.4
BPNT2,0.0018705217,0.0018054371,0.0021426624,0.0010191211,0.00202047,0.0017716424600000003,0.0004406751977341169,0.24873822324969388,5,3590.0
SFRP5,0.0024947815,0.0029112794,0.0011627892,0.001709434,0.00057246577,0.0017701499740000002,0.000953190459346916,0.5384800572535646,5,3658.4
CTNNA3,0.001402282,0.0017649301,0.0013713365,0.0018337558,0.0024708265,0.0017686261799999999,0.00044423753946261336,0.25117661633992855,5,3586.2
ME3,0.0016135399,0.0015445318,0.0012523823,0.0022376894,0.0021923222,0.00176809312,0.0004302077957176822,0.24331738574814557,5,3594.0
ADAMTS19,0.000700693,0.0011586532,0.0038013235,0.0017880481,0.0013809099,0.00176592554,0.0012036477231193573,0.6815959653198953,5,3711.8
DNAH17,0.0019995708,0.0016715261,0.0012552026,0.0020932658,0.0017878127,0.0017614756,0.00032858445147128455,0.18653931480588465,5,3591.6
IRF8,0.0019212846,0.0013449203,0.0014239858,0.0018603224,0.002252806,0.00176066382,0.00037554279264941564,0.21329613773140157,5,3598.8
SLC39A7,0.0008815791,0.0071423654,0.00043405988,0.00023152279,0.00011172951,0.0017602513360000002,0.0030229387875188966,1.717333613498758,5,4271.6
MOS,0.0011245713,0.0015509786,0.0010808833,0.0038181331,0.0012191302,0.0017587393,0.001165879831040247,0.6629065666754856,5,3683.6
KRT25,0.002076853,0.00078890787,0.0009486274,0.0008095921,0.004160331,0.0017568622739999999,0.00144624998737328,0.8232005483733668,5,3775.4
DOCK7,0.0025378976,0.0015885833,0.0013065512,0.0015990166,0.001751821,0.00175677394,0.00046531029677706254,0.2648663474465374,5,3596.8
DNAJB4,0.0011769255,0.0026406085,0.0010344255,0.0009161272,0.00301486,0.0017565893400000002,0.0009910401501761182,0.5641843130939859,5,3669.0
PRRC2C,0.0012372608,0.0011569911,0.0029761726,0.000106680935,0.0033052287,0.001756466827,0.0013450915440152702,0.7657938785628259,5,3832.4
DPH5,0.0011612001,0.00319606,0.0011511915,0.0016660189,0.0016072143,0.00175633696,0.0008401765084617268,0.478368631758297,5,3621.0
METTL7A,0.001925697,0.001214537,0.00029034732,0.002110309,0.0032386119,0.001755900444,0.0010947362575655845,0.6234614617852358,5,3768.2
CENPA,0.00088964193,0.0026624033,0.0017218422,0.002347749,0.0011422286,0.001752773006,0.0007583106464394119,0.4326348271245637,5,3636.8
SLC30A5,1.4402085e-06,0.00433958,0.0011663422,0.0013518122,0.001903266,0.0017524881217,0.0016035940403846163,0.9150384647566403,5,3900.6
DSCC1,0.0021869414,0.0007823448,0.0011685885,0.003794901,0.00082952075,0.00175245929,0.0012741846034227428,0.7270837106993469,5,3739.8
TNFRSF13B,0.0015421293,0.0014939958,0.000771799,0.0017184524,0.003234039,0.0017520831,0.0009040147790268478,0.5159656976469026,5,3667.4
SGCD,0.0021112221,0.0019631293,0.001931815,0.0013350483,0.001413586,0.00175096014,0.0003515383626493316,0.2007689122205441,5,3582.6
ACOT6,0.0016752991,0.0013234067,0.002234577,0.0018467831,0.0016709504,0.0017502032600000001,0.00033090502343094316,0.1890666249992833,5,3602.8
CPEB3,0.001616915,0.0026999163,0.0024621645,0.0015329703,0.00042958467,0.0017483101540000001,0.0008969134748924391,0.5130173687090758,5,3675.0
SLC30A7,0.0019927952,0.0015144948,0.0013798437,0.0021198906,0.0017323812,0.0017478810999999998,0.00031166284836162296,0.17830895268655458,5,3595.2
SGMS1,0.0023915796,0.0029447577,0.0010453949,0.0008429513,0.0015130363,0.00174754396,0.0008964370684016854,0.5129696814045728,5,3649.6
SEMA3D,0.0013175751,0.0023285772,0.0026978292,0.00070848287,0.0016792996,0.0017463527940000001,0.0007921194718850899,0.4535850228010056,5,3642.0
EPHB3,0.0018459084,0.0020624357,0.0012716488,0.002060025,0.0014808939,0.00174418236,0.00035496433883309037,0.20351331774338685,5,3592.4
RIN3,0.001136092,0.002033996,0.0024756952,0.0017920337,0.0012808385,0.0017437310800000002,0.000549056721116122,0.3148746543624846,5,3606.0
EHD4,0.0009751367,0.0005632648,0.0022091873,0.0025009136,0.002463415,0.00174238348,0.0009072139611321892,0.5206741062146601,5,3715.0
SBDS,0.0030949,0.0003533106,0.0007107518,0.0024857244,0.0020663228,0.0017422019199999999,0.0011705319909738015,0.6718693037451144,5,3783.6
MTF2,0.0016071305,0.001758949,0.0018619373,0.0022790448,0.0012006257,0.00174153746,0.0003919069362596852,0.22503503097756233,5,3603.4
SFTA3,0.0017773523,0.0035814694,0.0010871557,6.99851e-05,0.0021847296,0.00174013842,0.0013043527621996883,0.7495683947945292,5,3816.2
ATG4C,0.000577311,0.000670978,0.0019399408,0.0020021254,0.0034964553,0.0017373621,0.001192522559991093,0.6863983967366925,5,3762.0
TRIP11,0.0031675927,0.0016290768,0.0020203309,0.0015533335,0.00029065617,0.0017321980140000003,0.001032478553256669,0.5960511124663308,5,3733.2
MITF,0.0020108772,0.0017005045,0.00066713063,0.002914844,0.0013562664,0.001729924546,0.0008296061359649405,0.4795620351669028,5,3670.0
B3GALNT1,0.002359442,0.0017158289,0.0006968821,0.001495376,0.0023820824,0.00172992228,0.0006971352978983685,0.4029864843976508,5,3656.0
NDUFB4,7.861021e-05,0.00030517267,0.00010957259,0.008030998,0.00011942655,0.0017287560039999997,0.003524185049274837,2.0385670627437125,5,4601.6
HNRNPAB,0.0016099429,0.0010907473,0.0017698782,0.0017513323,0.0024206326,0.0017285066599999998,0.00047488559081035824,0.27473749555026783,5,3631.6
BATF,0.002340553,0.0011679443,0.0017043836,0.0023994732,0.0010300395,0.0017284787199999998,0.0006378607354420611,0.36903013503230236,5,3644.2
BTN3A2,0.0012137268,0.0022614542,0.0022824162,0.0018340554,0.0010435254,0.0017270356,0.000577965441470301,0.3346575145702272,5,3617.0
UBA3,0.002299353,0.003292873,0.001224123,0.0005128352,0.0012912652,0.0017240898800000002,0.0010835647326492553,0.6284850605638118,5,3698.0
CD53,0.0009762609,0.001401659,0.0020427147,0.0013656002,0.002822897,0.00172182636,0.0007246719864257022,0.4208740226428536,5,3659.8
GALNTL5,0.0010189891,0.0028165758,0.0013353107,0.0018349078,0.0015876126,0.0017186792,0.0006842152673346561,0.3981052818551921,5,3633.8
DEPDC5,0.0030990061,0.002558202,0.00075257,0.0007564645,0.0014244529,0.0017181391,0.0010672268567267949,0.6211527673904836,5,3711.6
SLC18A1,0.0025112173,0.0021374216,0.00065260037,0.0013710752,0.0019173527,0.001717933434,0.0007246176282818331,0.4217961033534627,5,3659.2
TGFBR3,0.0032813381,0.0015707716,0.0011103086,0.0012223509,0.0014031474,0.00171758332,0.0008915983367327728,0.5191004863349353,5,3665.2
GNPDA1,0.0021849265,0.0017530229,0.001832908,0.0012206224,0.0015950637,0.0017173087,0.0003517620750420872,0.20483333895768838,5,3613.4
DNAH9,0.0013317553,0.0017435366,0.0017898076,0.0011945441,0.0025190574,0.0017157402000000002,0.0005173651808671463,0.30154051345719257,5,3629.4
NRG2,0.0019652615,0.0026895471,0.0013172306,0.0010663792,0.0015335613,0.0017143959400000002,0.0006372245451339998,0.3716904189203806,5,3632.0
PTHLH,0.0012790868,0.0019605712,0.0020115275,0.0018100771,0.0015087544,0.0017140033999999999,0.00031218024715935343,0.1821351387980639,5,3610.8
THSD7B,0.0015924665,0.0017413097,0.001197862,0.0014487158,0.0025871655,0.0017135039000000002,0.0005278984544787425,0.30808126814227993,5,3631.4
FAM83B,0.0025682012,0.0025639804,0.0013918084,0.00065164454,0.0013918309,0.0017134930880000003,0.0008349138526165294,0.4872583720725982,5,3668.6
WTIP,0.0020395848,0.0021060368,0.0012217561,0.0021718668,0.0010137146,0.00171059182,0.0005481755971341045,0.32045961562829434,5,3630.0
TMPRSS11D,0.001073735,0.00018269851,0.0067747007,0.00013327948,0.00038770607,0.0017104239519999999,0.002855835434202623,1.669665249287051,5,4285.4
PSD4,0.0019221606,0.0024768207,0.0016648368,0.0023041312,0.00018170547,0.001709930954,0.0009115566151067773,0.5330955691365169,5,3753.2
EDIL3,0.00068693963,0.00095563574,0.0009596388,0.004973854,0.0009606939,0.0017073524140000002,0.0018298174365322893,1.0717280284539366,5,3864.8
SPRED2,0.0018172036,0.0018101287,0.0022190742,0.0015496655,0.0011337178,0.00170595796,0.0003995001705295544,0.23417937598506497,5,3619.8
ZNF706,0.002123016,0.0024957415,0.00092773803,0.0019466835,0.0010309353,0.0017048228660000002,0.0006922643359228108,0.4060623245551956,5,3651.8
CCR1,0.002308649,0.0015399844,0.0017794122,0.0014407303,0.0014540104,0.00170455726,0.00036400299191967903,0.2135469429285579,5,3619.0
PPP1R12B,0.0020952593,0.0023104392,0.0008608092,0.0023627973,0.0008921238,0.0017042857599999998,0.0007623941740755913,0.44733940279803275,5,3669.0
TNS3,0.002279234,0.0022766432,0.001649949,0.001185325,0.0011224516,0.0017027205600000002,0.000563238406937336,0.33078734125189396,5,3629.8
SEPTIN8,0.0029662373,0.0005236412,0.0005512167,0.0004237717,0.004045553,0.00170208398,0.0016909491292817112,0.993458107326591,5,3949.4
KCNK9,0.0013455885,0.0016339216,0.0013676067,0.0022552214,0.001906398,0.00170174724,0.00038448499494374684,0.22593543030735094,5,3629.2
CLINT1,0.0013662372,0.002070858,0.0023005512,0.0016686779,0.0010759642,0.0016964577000000002,0.0004999835049361329,0.2947220581663385,5,3628.2
ZNF181,0.00019534692,0.0011332097,0.0026335807,0.0021169875,0.002403024,0.0016964297640000001,0.0010154878932743163,0.5986029689080109,5,3769.0
MYO1G,0.0022796288,0.0005825279,0.001542381,0.00056040834,0.0034768975,0.0016883687079999998,0.0012313523695015888,0.7293148491008333,5,3811.4
PSMD13,0.0043043606,0.0020456885,0.0012858966,6.876435e-05,0.0007329819,0.0016875383900000003,0.001633168208781305,0.9677813663138677,5,3924.2
LILRB2,0.003574783,0.00100365,0.00048189223,0.001267305,0.0021052735,0.001686580746,0.0012076912219045315,0.7160589404146628,5,3782.2
HYLS1,0.0019736704,0.0010378921,0.00061584316,0.003291265,0.0015077039,0.0016852749119999999,0.001031588139958788,0.6121186119922422,5,3743.6
MYL6,0.0024136608,0.002368808,0.0010516586,6.660018e-05,0.0025200087,0.001684147256,0.001085830919372887,0.6447363290261401,5,3835.2
PBRM1,0.0024296967,0.0017320537,0.001082915,0.0019658725,0.0012101892,0.0016841454200000002,0.0005530878272068525,0.32840859265398376,5,3656.4
KDM6B,0.00061446975,0.0017279666,0.00046134298,0.0054466166,0.00016725587,0.00168353036,0.002185092305705429,1.297922720981063,5,4067.6
ZNF596,0.0024921321,0.0016548402,0.0017862059,0.0008693831,0.0016082088,0.0016821540199999999,0.0005774300374360317,0.34326823261762424,5,3666.2
CSDE1,0.00071048713,0.0028216671,0.0015027327,0.0021326276,0.0012418029,0.001681863486,0.0008172597120556515,0.48592511750127354,5,3681.8
ATP8A2,0.0017250308,0.0016206955,0.0030202756,0.0007075517,0.0013304288,0.0016807964799999998,0.0008470147620857366,0.5039365397086842,5,3705.2
STRN,0.00046068363,0.0049973624,0.0016578331,0.000252562,0.0010344908,0.001680586386,0.0019330272066389344,1.1502099640588987,5,3935.2
TNFRSF10D,0.001498695,0.0016660134,0.0014614561,0.0013578965,0.0024042784,0.00167766788,0.00042104965138689635,0.25097318510198596,5,3644.2
NOX4,0.0021239263,0.0021480036,0.0010783256,0.0019017204,0.001121662,0.0016747275800000003,0.000533589795399258,0.31861289070026416,5,3652.6
DOCK8,0.0024638004,0.0026426814,0.0007849535,0.0017169388,0.0007638293,0.00167444068,0.0008920181442098008,0.532726034946667,5,3719.6
PCBD1,0.0018743399,0.0017828988,0.0014555992,0.001892465,0.0013619161,0.0016734438,0.0002473942722084022,0.14783542310079503,5,3637.0
CWC22,0.0021491768,0.0009917844,0.0014121323,0.0017777748,0.0020161169,0.00166939704,0.00047103424891979244,0.28215831083526566,5,3667.6
CGNL1,0.0020460335,0.0011735908,0.0029329858,0.0012330097,0.0009560224,0.0016683284399999997,0.0008190950773567456,0.49096752037431296,5,3707.4
OR2F2,0.0011753198,0.0026733314,0.0014182316,0.0015101857,0.0015641144,0.00166823658,0.0005812715691176387,0.3484347340696957,5,3648.6
PIWIL1,0.0015808886,0.0013899824,0.0014571772,0.0017179019,0.0021889238,0.0016669747799999998,0.0003174803082749259,0.1904529763041322,5,3646.8
TSEN15,0.0012197389,0.0032115714,0.001291744,0.0012311088,0.0013722333,0.00166527928,0.0008665209328237414,0.5203457121160731,5,3673.0
TMIGD3,0.00029177827,0.00057366886,0.000499267,0.0036920574,0.0032645226,0.001664258826,0.0016660662132909007,1.0010860013254337,5,3971.0
MOXD1,0.0020201826,0.0004036528,0.002332275,0.0015289825,0.0020175525,0.00166052908,0.0007591280267270251,0.45716033273384477,5,3748.2
ALAD,0.0021859477,0.0033012494,0.0006116966,0.00088429183,0.0013161639,0.001659869886,0.001094212837912134,0.6592160308113054,5,3747.0
KDM5A,0.0018063574,0.0011287847,0.0008454429,0.0016126485,0.0029013555,0.0016589178000000003,0.0007921984029896741,0.4775392746944267,5,3718.2
PPFIA3,0.0019039302,0.003678978,0.00053183903,0.0012310978,0.00094049016,0.001657267038,0.001235934407928125,0.7457666022366909,5,3776.4
CALY,0.00082031346,0.0020969785,0.0035829865,0.001318379,0.00044897522,0.0016535265359999998,0.0012426762622296207,0.7515308857611347,5,3806.2
SLC5A10,0.00014013462,0.0005595942,0.0002464805,0.00027694405,0.0070216614,0.0016489629540000002,0.0030074311597289623,1.8238318528828283,5,4391.6
OXTR,0.0029389858,0.0022072527,0.0012398298,0.0013593634,0.00049339444,0.0016477652280000002,0.0009437207797966495,0.5727276943100108,5,3740.4
DOT1L,0.001656463,0.0010885857,0.0013228315,0.0027145282,0.0014550987,0.0016475014199999998,0.0006311581823981584,0.38310023574860314,5,3685.6
TRIM6,0.0020495814,0.0014210772,0.0015055554,0.0014095884,0.0018486386,0.0016468882,0.00028728983639492026,0.17444404325376808,5,3658.0
ZNF175,0.0015010159,0.0021171789,0.0012533737,0.0024666507,0.0008930763,0.0016462590999999998,0.0006398333162390498,0.3886589396766584,5,3684.4
STX6,0.0012167406,0.0023371463,0.0009786773,0.0022246765,0.0014710397,0.0016456560799999998,0.0006067832053647432,0.36871811354699535,5,3678.2
FJX1,0.00027716876,0.0028669583,0.0027416311,0.00027731858,0.002062105,0.001645036348,0.0012856198114701686,0.781514531902713,5,3869.2
EPS8L2,0.0015126462,0.0028485786,0.0013243627,0.00053283654,0.002006169,0.0016449186079999997,0.0008567785344096474,0.5208637863555906,5,3723.2
CHST15,0.002400471,0.0015919051,0.0014408927,0.0018150111,0.0009712729,0.00164391056,0.0005239325660713294,0.31871111410789243,5,3678.2
CCL16,0.00074252713,0.00061001314,0.0062739565,0.00037549657,0.00021507262,0.0016434131920000001,0.0025965945024882223,1.580001009562434,5,4209.4
CTRB1,0.0019451976,0.0015603763,0.00203271,0.0019377299,0.0007393613,0.00164307502,0.000536994537984128,0.3268228969752872,5,3698.4
SPARCL1,0.0015889651,0.0007714358,0.0012575064,0.0020442663,0.002530947,0.00163862412,0.0006820040354492831,0.4162052951162974,5,3728.0
CRACR2A,0.0012818924,0.0018560367,0.0016596707,0.0014906023,0.0019041906,0.00163847854,0.0002585559016219374,0.15780243397141924,5,3656.8
KIR3DL3,0.0013213456,0.0023374846,0.0028959399,0.0005884861,0.0010476746,0.0016381861599999998,0.0009515677639544612,0.580866684867159,5,3743.8
APOA4,0.0020838194,0.001618467,0.0011627064,0.0014292353,0.0018714857,0.00163314276,0.00036160088145454375,0.2214141288264008,5,3673.4
EFNA5,0.0021964635,0.0013625581,0.0012195146,0.0022923807,0.0010799322,0.0016301698199999999,0.0005705757974310222,0.35001003602865266,5,3694.8
VLDLR-AS1,0.00108339,0.0006886743,0.002646367,0.0033505205,0.00037523493,0.0016288373459999999,0.0012992784398715529,0.7976723047652623,5,3874.8
ARFGAP1,0.0015612742,0.0035221167,0.0011118356,0.00069502584,0.0012442942,0.0016269093079999998,0.0011041083585373358,0.6786539072018979,5,3753.0
RPS3,0.0020784244,0.0023764358,0.0016785124,0.0010011205,0.0009992055,0.0016267397199999998,0.0006232861057758443,0.38315048075167446,5,3689.2
ZNF682,0.0042171082,0.00096406974,0.00024726475,0.00030019798,0.0024018886,0.0016261058539999997,0.0016891313094771646,1.0387585195158917,5,4021.4
SLC4A4,0.0014753463,0.0016958868,0.0011101856,0.0027317225,0.0011133922,0.00162530668,0.000666901753924307,0.4103236405355246,5,3698.2
MYO3B,0.00076486287,0.0015772718,0.00015562246,0.0033289762,0.002297962,0.0016249390660000001,0.00125075946364419,0.7697269945777708,5,3921.6
SNX2,0.0025097309,0.0027501623,0.0005464751,0.0012146014,0.0010998165,0.0016241572400000001,0.0009560591110135702,0.5886493545499142,5,3759.0
IFNL4,0.0022704287,0.0024309098,0.00030650405,0.000102871316,0.0030010676,0.0016223562931999998,0.0013242831275055234,0.8162714522427468,5,3970.8
ZNF302,0.0010899715,0.002763506,0.00159784,0.0015764921,0.0010675301,0.0016190679400000002,0.0006885017851352044,0.4252457652488655,5,3697.8
CRTC3,0.00025577995,0.0017220761,0.0018920748,0.001369262,0.002837591,0.00161535677,0.0009341881718648936,0.5783169323423788,5,3783.6
LRIG1,0.0021697208,0.002238422,0.000552254,0.0021995958,0.00090800616,0.001613599752,0.0008166060788801291,0.5060772213604858,5,3759.6
UTS2,0.0033202497,0.0010441352,0.0017043364,0.0008007884,0.0011960634,0.0016131146200000003,0.0010099721261870905,0.6261006587288201,5,3768.8
ZNF230,0.0025894986,0.00085598946,0.0010105765,0.002638395,0.0009709756,0.0016130870320000001,0.0009155816109409385,0.5675959156436504,5,3770.6
GSTCD,0.0019229716,4.6808487e-05,0.001326357,0.0014324359,0.0033302822,0.0016117710374,0.00118457338887773,0.7349514052495965,5,3920.8
CCR2,0.0012431567,0.0017033383,0.0025972382,0.0013294336,0.0011672032,0.001608074,0.0005900621306396938,0.366937174930814,5,3699.6
CX3CR1,0.0013761885,0.0022657393,0.001767053,0.0016624836,0.00096651836,0.001607596552,0.00048117610039889394,0.2993139664303622,5,3683.6
GATB,0.0011774075,0.00087626616,0.002172437,0.001820062,0.0019891686,0.001607068252,0.0005544566920248772,0.34501129079916465,5,3726.8
PRUNE1,0.00053116324,0.0011511326,0.0027734032,0.0003487262,0.003226377,0.0016061604479999999,0.0013163745235663304,0.8195784706350399,5,3903.4
CCL24,0.0037079998,0.0014506055,0.001488231,0.00081247656,0.00057074416,0.001606011404,0.0012407512090085357,0.7725668733847519,5,3821.4
PROX1,0.0011708247,0.0015125397,0.0017719989,0.0016914431,0.0018773535,0.00160483198,0.00027685484832021994,0.17251329221406714,5,3690.0
ORMDL3,0.0018798653,0.0020419497,0.00096560945,0.001929669,0.0012050917,0.0016044370299999999,0.0004849307353110514,0.3022435447722442,5,3698.2
MBD6,0.00057848246,0.0010669085,0.003051036,5.1506104e-05,0.0032705402,0.0016036946528000002,0.0014681331477989859,0.9154692542222248,5,4014.4
KCNIP1,0.002420129,0.00059908547,0.002281891,0.00084165455,0.0018749689,0.001603545784,0.00083517208757674,0.5208283392404467,5,3788.6
CES1P1,0.0010294798,0.0021561417,0.0027762556,0.0016197676,0.00043019518,0.0016023679760000004,0.0009202133127666105,0.5742833896766608,5,3783.8
REG3G,0.002549402,0.0019858016,0.0009187544,0.00091564254,0.0016370418,0.001601328468,0.0007042746274633704,0.4398064741476702,5,3731.4
BAG6,0.0025361856,0.0031165804,0.00027105684,0.0009171732,0.0011605591,0.001600311028,0.0011834176956511669,0.7394923080234919,5,3861.4
PABPC3,0.0010569954,0.001866404,0.00089700054,0.0025062556,0.0016706622,0.0015994635479999997,0.0006492927397818934,0.4059440683057652,5,3731.0
ASAP1,0.0014613234,0.0019105866,0.0006104501,0.003268696,0.00073041103,0.001596293426,0.0010765183305202824,0.6743862456527353,5,3809.2
FBXL21P,0.0022406974,0.0013269029,0.0015186279,0.0019113988,0.000971839,0.0015938932,0.0004957483213750754,0.3110298239399449,5,3714.2
EYA4,0.0008705148,0.0024702197,0.0019244892,0.0015836194,0.0011185132,0.0015934712600000002,0.0006376929050499997,0.40019103014760343,5,3717.4
ID3,0.002946862,0.0017568788,0.0009977926,0.0015148275,0.0007401475,0.00159130168,0.0008584177785621912,0.5394437706885291,5,3763.4
GYPC,0.0030162488,0.0010564805,0.0011087578,0.0012758232,0.0014899129,0.0015894446399999998,0.0008153443595444093,0.5129743679178467,5,3755.2
AGTPBP1,0.0021421283,0.0017486721,0.0010219831,0.0013865598,0.0016367375,0.00158721616,0.0004171927772988982,0.2628455958379974,5,3705.4
FRMD6,0.0017907101,0.0023155434,0.0008599218,0.0014150545,0.0015543068,0.0015871073200000002,0.0005318717049602723,0.33512018894870466,5,3707.0
NCALD,0.0017764303,0.0008980003,0.0009277159,0.0038765166,0.00045025256,0.0015857831320000002,0.0013674185121840402,0.8622985606231307,5,3892.4
LGALS9,0.0013639362,0.0018311001,0.0010286681,0.0024107026,0.0012884254,0.00158456648,0.0005451330074307618,0.3440265929585749,5,3717.2
HBS1L,0.00093655806,0.001866837,0.0022546095,0.0018559115,0.0010077953,0.001584342272,0.0005819884170054297,0.36733755533187573,5,3727.6
INPP5K,0.0021765253,0.0025407702,0.001208904,0.0011965908,0.0007960194,0.0015837619399999999,0.0007379348695552867,0.4659379992142549,5,3741.6
GCA,0.00036722008,0.00027987306,0.0033161696,0.0032238287,0.00071618473,0.0015806552339999998,0.0015511123060084995,0.9813096952731817,5,4013.6
CRISPLD2,0.0029106108,0.0013342774,0.002192007,0.00062173774,0.0008239071,0.001576508008,0.0009611632701584155,0.609678647543169,5,3811.6
DPF1,0.0012926668,0.00048999273,0.0019454261,0.002153551,0.0019971174,0.0015757508060000001,0.0006904834986753512,0.4381933336452637,5,3791.4
FAM91A1,0.0018215377,0.0016901543,0.00048170518,0.0026660229,0.0012128099,0.0015744459960000002,0.0008048052584366097,0.5111672680303285,5,3785.2
KCNA2,0.0011901964,0.0013896008,0.0021114931,0.0005299596,0.0026428145,0.0015728128799999998,0.0008219770141029109,0.522615897005441,5,3789.0
OR51L1,0.001181615,0.0020177006,0.0013093213,0.0011512716,0.0021986677,0.00157171524,0.0004974369205858196,0.31649303126043343,5,3712.8
CEACAM3,0.0020277281,0.0028043783,0.0012426478,0.00084555533,0.00093631627,0.00157132516,0.0008316746108302113,0.5292823102445654,5,3758.0
NEURL1B,0.0015188755,0.0018375665,0.0009369913,0.0020050998,0.0015541273,0.0015705320799999998,0.00040757450966598976,0.2595136481809336,5,3720.2
RAB3GAP2,0.0017263419,0.0010553253,0.00044726292,0.00063707697,0.003966705,0.0015665424179999998,0.0014286664979873342,0.9119871135128972,5,3933.2
ARAP3,0.0022879182,0.0017264006,0.0011991276,0.0016277811,0.0009867339,0.00156559228,0.0005051868183162017,0.3226809590017918,5,3722.4
LCE2D,0.0020991922,0.00085903204,0.0008640518,0.0020513316,0.0019386173,0.001562444988,0.0006424865986456237,0.41120590073896646,5,3776.8
PRPF4B,0.0012839345,0.0013065554,0.0023442842,0.0019032105,0.000956999,0.00155899672,0.0005560905169993703,0.3566976824681006,5,3742.8
ZNF250,0.00018162138,0.00027513498,0.00073599344,0.006366039,0.00023488872,0.001558735504,0.002696465989483703,1.7299060569057925,5,4332.0
ALPK1,0.0019959211,0.00083080493,0.00059486815,0.0011657791,0.0032056693,0.0015586085159999998,0.0010626452871540233,0.6817910182354113,5,3853.8
DNAJC13,0.002651077,0.0018583762,0.0013218276,0.00090899394,0.0010519745,0.001558449848,0.0007102975173700204,0.4557718160013709,5,3755.8
DSEL,0.0018301288,0.0012167362,0.0016574371,0.0007739512,0.0023094884,0.00155754834,0.0005873391520170675,0.37709208564086527,5,3760.8
NEUROG2,0.0022015113,0.0026709905,0.0006307068,0.0019239776,0.00035313476,0.001556064192,0.001012218904015225,0.6504994518987203,5,3855.8
CRBN,0.0015415837,0.0020292755,0.0007170263,0.0015454879,0.0019409986,0.0015548744,0.0005187490937990156,0.33362765108166653,5,3743.4
IL27,0.00090956845,0.0020917708,0.00084803184,0.0027322867,0.0011863217,0.001553595898,0.0008255947192929282,0.5314089206567462,5,3773.8
CAPG,0.0023260363,0.0008190518,0.001490165,0.0027114216,0.000413317,0.00155199834,0.0009722430567825764,0.6264459385843005,5,3847.8
LCE1C,0.0019441475,0.0014839163,0.0016634022,0.0008346842,0.0018153442,0.0015482988799999998,0.0004343527182152162,0.28053544688685444,5,3746.2
ARHGAP18,0.0031458347,0.001722233,0.0004548928,0.00042528732,0.001989092,0.001547467964,0.0011438269882821208,0.739160367058895,5,3900.0
ITLN1,0.00038383948,0.00143723,0.002560705,0.0018933712,0.0014621676,0.0015474626559999999,0.0007936873044905655,0.5128959341365622,5,3800.2
ELN,0.00058432005,0.0018812112,0.0015984107,0.002649614,0.0010195028,0.00154661175,0.0007961003466469319,0.5147383282500807,5,3782.2
USP1,0.0012317083,0.0013719038,0.00044495126,0.00095821347,0.003726191,0.0015465935659999999,0.0012688696866824405,0.8204286598476904,5,3892.0
KRT32,0.0032177896,0.0017723746,0.0008113835,0.0018051312,0.00012617339,0.001546570458,0.0011692777987321334,0.7560456057360778,5,3935.8
TOR1AIP1,0.0026981852,0.0019189536,0.0016020883,0.00056474423,0.00094648974,0.001546092214,0.0008354708875441654,0.5403758456183296,5,3800.4
XYLT2,0.0005835513,0.0007700219,0.005683573,0.00050688745,0.00017680801,0.001544168332,0.002323918278691704,1.5049643426385875,5,4220.4
ABCC12,0.0012151873,0.0008627844,0.0018741788,0.0007524084,0.003015583,0.00154402838,0.0009318482049650748,0.6035175370060716,5,3827.8
B3GNT2,0.001207548,0.0013046083,0.0011471133,0.0018281182,0.0022160257,0.0015406827,0.00046376558130295205,0.3010130387671336,5,3750.6
ZNF169,0.00081567775,0.0010258309,0.00052019616,0.0043308395,0.00101044,0.0015405968619999998,0.0015730725972167997,1.0210799697298099,5,3948.4
RPAP2,0.0026580296,0.0007190727,0.0017356399,0.0008907269,0.0016948517,0.00153966416,0.0007758416127450615,0.50390314518009,5,3813.6
SLC22A16,0.0012363858,0.0034111207,0.0007563113,0.0010263352,0.0012322793,0.00153248646,0.0010683753465506273,0.6971515732351902,5,3808.4
ARHGAP12,0.000105842024,0.007203182,0.00017036618,5.5002198e-05,0.00012536658,0.0015319517964000001,0.0031705842751437786,2.069637101242005,5,4654.6
CAVIN1,0.0013648977,0.0012636821,0.0011076175,0.0012947936,0.0026237578,0.00153094974,0.0006181048930528321,0.40373950685855436,5,3772.2
ROBO1,0.0016898199,0.0017895182,0.0012091063,0.0018972063,0.0010618449,0.00152949912,0.0003707672023247094,0.2424108634496693,5,3738.2
TDGF1,0.0018338813,0.000980926,0.0010212662,0.0018466045,0.0019637775,0.0015292911,0.00048503479191151327,0.3171631561260726,5,3771.0
PTPRN,0.0022597383,0.0017687251,0.0022096517,0.0012300279,0.0001777053,0.00152916966,0.0008617010592824103,0.5635091264382073,5,3869.4
MIR132,0.0012550208,0.0026668562,0.00017302617,0.002640058,0.0009055333,0.0015280988939999998,0.0010990453706477183,0.7192239814864485,5,3931.4
GFUS,0.0022711605,0.0030737112,0.00050301483,0.00084908574,0.0009378715,0.001526968754,0.0010955907245508761,0.7174938725372739,5,3857.4
STIM2,0.0033206707,0.0012135855,0.001987076,0.00055824197,0.0005388918,0.001523693194,0.00116639920432413,0.7655079178125737,5,3897.8
TMPRSS4,0.0009839116,0.0013906813,0.0007679467,0.002512707,0.0019607036,0.00152319004,0.0007157747959293991,0.46991824863127324,5,3800.2
CHMP6,0.0025821785,0.0012103791,0.0011641345,0.001315024,0.0013408605,0.00152251532,0.0005968255625666615,0.3919997091173188,5,3767.6
SLC14A2,0.0017373639,0.0013894385,0.0015358774,0.001294277,0.0016251811,0.00151642758,0.0001778310910240024,0.11726975515969078,5,3741.4
CNOT3,0.0024677117,0.0018893915,0.00044401397,0.0010337441,0.001742215,0.001515415254,0.0007870947672254415,0.5193921370052683,5,3838.0
FUT2,0.0024383082,0.0021814296,0.0009929469,0.00096394256,0.0009958859,0.0015145026320000001,0.0007318313325634768,0.48321562280617864,5,3784.4
ADGRF5,0.0006945417,0.0012271826,0.0025603552,0.0014375466,0.0016465676,0.00151323874,0.0006841147060811643,0.45208643421405165,5,3797.0
SLC26A6,0.00092202687,0.0024522627,0.0014951468,0.0011790455,0.0015162113,0.0015129386340000002,0.0005795080453351223,0.3830347327458902,5,3764.4
LYPD5,0.0017222246,0.0015401846,0.0022472031,0.0005245933,0.0015228707,0.00151141526,0.0006246200457259943,0.41326832026692273,5,3802.0
RNF6,0.002051148,0.0008753684,0.00046896498,0.002218302,0.0019368277,0.001510122216,0.000784733373907421,0.5196489168843675,5,3863.4
TAF1C,0.0014970407,0.0034789494,0.00096473284,0.00047057046,0.0011317467,0.0015086080200000002,0.001161650291453415,0.7700146599070943,5,3863.8
LSM4,0.0011623045,0.0021305662,0.00047144934,0.0015954336,0.0021536495,0.0015026806279999998,0.0007081485994330504,0.471256890012327,5,3820.0
IKZF3,0.001443035,0.0014516625,0.00237907,0.00011175944,0.002113069,0.001499719188,0.0008776973634095734,0.5852411374292381,5,3904.6
CLPTM1L,0.0016948037,0.0020580231,0.001643552,0.0012810935,0.0008173831,0.00149897108,0.0004700601112882607,0.3135885125203754,5,3771.0
FZD3,0.0016430968,0.0027992968,0.0013208666,0.0007009228,0.001028707,0.001498578,0.0008064380008166902,0.5381354863188237,5,3802.2
VPS37A,0.0012117595,0.0024755364,0.00082963397,0.0008896961,0.002084631,0.001498251394,0.0007413490129730842,0.49480949321451734,5,3802.6
COL6A5,1.647149e-06,0.0006003907,0.000323066,0.006277952,0.00028175424,0.0014969620177999999,0.0026810647930666023,1.7910038873309633,5,4488.0
TTBK1,0.0024399986,0.0023133405,0.0013460568,0.0012736548,9.739882e-05,0.001494089904,0.0009469907891969219,0.6338245019002029,5,3926.4
XXYLT1,0.0005392538,0.0011979976,0.005028924,0.00013237487,0.00056615245,0.0014929405439999999,0.002013067551738493,1.3483909723189171,5,4167.2
SLC24A3,0.0009051979,0.001475359,0.0015934039,0.0019236866,0.001564363,0.0014924020800000002,0.00036962321843586474,0.24766999683883092,5,3779.4
LTF,0.0010994265,0.0017656146,0.0016512123,0.0018826359,0.0010548081,0.00149073948,0.00038666932835039036,0.2593808868269795,5,3771.8
RDH13,0.0016902213,0.0012733318,0.0011463024,0.001367581,0.0019755512,0.00149059754,0.00033760417363492114,0.2264891525548346,5,3770.8
UNC5D,0.005628024,0.0011715653,0.0002909674,0.00023455982,0.00011842693,0.0014887086899999999,0.0023515769630772735,1.579608541868103,5,4344.8
IFT46,0.0026808947,0.0015790146,0.00079068827,0.0005948545,0.0017972087,0.001488532154,0.0008382783785657638,0.5631577230717745,5,3853.0
STIL,0.001689399,0.0022033437,0.0020852806,0.0008856348,0.00057864876,0.0014884613719999998,0.0007243591528045697,0.4866496144480193,5,3825.0
SCARB2,0.0015025431,0.0027463476,0.0012267801,0.0009460733,0.0010145658,0.0014872619800000001,0.0007364963996643683,0.4952028691437189,5,3793.8
AQP7,0.0014108585,0.0019231003,0.0009592877,0.0021884819,0.00094872847,0.001486091374,0.0005604173086378893,0.3771082441111655,5,3793.6
FBN2,0.0015266713,0.0006096932,0.0011052252,0.001009919,0.0031674323,0.0014837881999999998,0.0009960422240589326,0.6712832896628593,5,3887.8
ENC1,0.0013412796,0.0020932518,0.00065989053,0.002648074,0.00067556696,0.0014836125780000001,0.0008774030992200351,0.5913963741146141,5,3852.2
MLN,0.0016336886,0.0014494279,0.0014013612,0.0015881473,0.0013408702,0.00148269904,0.00012425318466193538,0.08380202678349032,5,3755.2
FGD5,0.0023927991,0.0014900635,0.0019971973,0.00075289886,0.000774749,0.001481541552,0.000729184420602533,0.4921795272081123,5,3835.0
PFKFB3,0.0011747399,0.0013308949,0.0019586002,0.0018935193,0.001044316,0.0014804140600000002,0.0004199083569774874,0.2836425080814805,5,3785.2
BBS9,0.0032630311,0.0009771787,0.00055900664,0.0010866817,0.0015111028,0.001479400188,0.0010530815261502245,0.7118300610559504,5,3891.6
TIMELESS,0.0017711589,0.0018557151,0.0011208728,0.0012157074,0.0014331224,0.00147931532,0.0003267083680670224,0.22085106782171524,5,3771.6
STOML1,0.00023795353,0.0017478224,0.0011093924,0.0013372744,0.0029630081,0.001479090166,0.0009964233221039156,0.6736731438074585,5,3892.2
RORB,0.0011968253,0.0014727118,0.0018611716,0.0017003854,0.00116124,0.00147846682,0.0003064713388534432,0.20728996735513022,5,3772.4
COLEC10,0.00095143553,0.0012103271,0.0011947905,0.0026643528,0.0013694341,0.001478068006,0.0006797694537373701,0.4599040443186281,5,3812.2
NUPR1,0.0018975502,0.0014930731,0.0005454723,0.0014922691,0.0019405877,0.00147379048,0.0005612396696251719,0.38081374336545576,5,3825.6
MTMR9,0.001543409,0.00045858242,0.00056487456,0.0008552675,0.003942512,0.0014729290959999998,0.0014438468758175684,0.9802555192497661,5,4015.6
ATXN3,0.0017639279,0.0014674304,0.0011226126,0.00075390656,0.002255994,0.001472774292,0.0005782767759230559,0.39264453424004764,5,3815.0
CARD11,0.001980555,0.0019434434,0.00082747673,0.0014987016,0.0011120837,0.001472452086,0.0005065937745224338,0.3440477142442201,5,3789.8
KCNQ5,0.0029828069,0.00091967674,0.0011898696,0.0015578052,0.00070420874,0.001470873436,0.0009033348826398761,0.6141486143746471,5,3870.8
UBE2Q1,0.00061706884,0.0015541938,0.0006852756,0.0030158986,0.0014805262,0.0014705926080000001,0.0009669907018761785,0.6575517220852088,5,3880.8
SYN2,0.0012196363,0.00085741276,0.0011666982,0.0017430736,0.0023565367,0.0014686715119999999,0.000589585612492742,0.4014414439685421,5,3824.8
MDGA1,0.0020470924,0.0011525594,0.00058075925,0.001899026,0.0016627258,0.0014684325699999999,0.0006011962122727276,0.4094135642011316,5,3839.4
COLGALT1,0.0009180809,0.0026993896,0.000646395,0.0013319644,0.0017461802,0.00146840202,0.0008046202892664602,0.5479564031561739,5,3842.2
ASCC1,0.0013693486,0.0019004403,0.0010094824,0.0012416984,0.0018133838,0.0014668707,0.00037995759900558645,0.25902596527804833,5,3784.8
KCNC2,0.0012177809,0.00097153336,0.0017694136,0.0012063398,0.002152778,0.0014635691320000002,0.0004840526023828745,0.33073436149982594,5,3808.8
CNTFR,0.0017068246,0.0018187799,0.001339783,0.0020947014,0.0003361054,0.00145923886,0.0006837542631126318,0.46856911630809484,5,3860.0
MCM4,0.00091823796,0.00063082844,0.0040895087,0.0007726002,0.0008701209,0.00145625924,0.0014761227471405832,1.0136400900299751,5,4008.8
COLEC12,0.0014480893,0.0016287641,0.001127394,0.0015322618,0.0015404664,0.0014553951200000001,0.0001941909640846015,0.13342834630681014,5,3781.0
PCSK5,0.00068175717,0.0010524001,0.00084688194,0.0014772221,0.0032155276,0.001454757782,0.001028317763056118,0.7068652773538613,5,3901.6
KCNK5,0.0013466707,0.002573484,0.00075896736,0.0012024627,0.0013869277,0.0014537024920000003,0.0006737216858101328,0.46345224660324286,5,3820.0
ARHGAP20,0.0020866585,0.001455402,0.0014656561,0.001247158,0.0009996983,0.00145091458,0.0004029642218601635,0.27773118239680483,5,3795.2
ADAM30,0.002808341,0.0009270929,0.0008139215,0.0015579256,0.0011464695,0.0014507500999999998,0.0008103847623180639,0.5585970749325221,5,3860.4
DPYD,0.0022542425,0.0018141665,0.00093860185,0.0009711836,0.0012740523,0.00145044935,0.0005703448594532653,0.3932194250376721,5,3813.4
EPB41L2,2.7559461e-05,0.00075187936,0.0017469926,0.0024236138,0.0022987418,0.0014497574042,0.0010328601429759803,0.7124365359223184,5,4022.2
PDHX,0.0010712587,0.0017150277,0.0012929111,0.0019844277,0.0011845016,0.0014496253599999998,0.00038550721191386026,0.2659357531616723,5,3796.8
AHI1,0.0017848357,0.0014192668,0.0016618932,0.0011927278,0.0011815935,0.0014480634,0.00027210773869014643,0.18791148142418795,5,3792.2
EPSTI1,0.0017055357,0.0010386616,0.0026793252,0.0009548962,0.0008589884,0.00144748142,0.0007648740073579125,0.5284171504998748,5,3857.0
PALB2,0.0016884555,0.0012689022,0.0004924756,0.0020858077,0.0017001156,0.00144715132,0.0006068935419606944,0.4193711698101442,5,3863.0
SRCAP,0.002699337,0.0017505926,0.0011755066,0.0007777665,0.000832067,0.00144705394,0.0008000376791206387,0.5528734327074488,5,3858.8
SV2A,0.0036116561,0.0003013477,0.0015404321,1.7700222e-05,0.0017563512,0.0014454974644,0.0014270222066719085,0.9872187546619045,5,4172.4
HAPLN1,0.00090318936,0.0027097703,0.001730341,0.0015846717,0.00029548435,0.0014446913419999998,0.0009104279357378192,0.630188545656709,5,3907.6
MAP3K21,0.002447188,0.0017586456,0.0010607479,0.00094915205,0.000999081,0.00144296291,0.0006509785368004908,0.4511401729657007,5,3832.2
GRID1,0.0017268166,0.0015102699,0.0023218924,0.00058898824,0.0010558206,0.001440757548,0.0006589286349270166,0.4573487300772528,5,3848.8
CDSN,0.0016172623,0.0023569332,0.00066992105,0.0009101714,0.0016419368,0.0014392449499999998,0.0006683382324030101,0.46436725895964426,5,3845.2
SIRPA,0.0026217387,0.0016389368,0.00036963102,0.0009053394,0.0016562695,0.001438383084,0.0008535797180922859,0.5934300309751737,5,3922.2
ATG3,0.0011087516,0.0015625458,0.001083681,0.0019272111,0.0015070412,0.00143784614,0.0003512663477538633,0.24430037260722712,5,3812.0
SHANK1,0.0024791597,0.0016516814,0.0012302534,0.0006879957,0.0011378364,0.00143738532,0.0006755432367819894,0.4699806150670785,5,3845.6
EBI3,0.0022188094,0.0023519306,0.00027223042,0.00090103864,0.0014380685,0.001436415512,0.0008792420213189719,0.6121084142949382,5,3932.4
KLF10,0.002572569,0.001301017,0.00037265307,0.0010267685,0.0019068056,0.0014359626340000001,0.0008411070862549168,0.5857444102928634,5,3921.2
ZNF45,0.0015695933,0.002250833,0.0009926236,0.0011117385,0.0012476634,0.00143449036,0.0005047245337775874,0.3518493730258232,5,3808.2
NAGPA,0.00067794044,0.0020861328,0.0020768095,0.0020263093,0.00030050884,0.001433540176,0.0008726022518690237,0.6087044273177201,5,3923.2
MANBA,0.0022341793,0.00235452,0.0009869771,0.0013420406,0.00024680994,0.0014329053880000001,0.0008810993466413012,0.6149040641623305,5,3913.4
ABCD4,0.0024249272,0.00078561384,0.0013756683,0.001491093,0.0010827129,0.0014320030479999999,0.0006189479407820246,0.4322252956419857,5,3845.0
CTLA4,0.0017759012,0.0010999608,0.0014253956,0.0017157973,0.0011387555,0.00143116208,0.0003142814890807873,0.2195988095777295,5,3812.2
MCUB,0.003211532,0.0016372945,0.00036995593,0.0013932125,0.0005095051,0.001424300006,0.001138971294471537,0.799670918818726,5,3990.0
ZNF704,0.0046349047,0.0006224472,0.00010312379,0.0010257025,0.0007269299,0.0014226216180000003,0.0018263110338158084,1.28376443230445,5,4217.6
SGF29,0.0020653494,0.0016231335,0.00058808096,0.0013314768,0.0014955131,0.001420710752,0.0005392968605937165,0.3795965222579779,5,3850.8
DNAJB6,0.0010833766,0.0031188356,0.0007094801,0.0011285825,0.0010613984,0.0014203346400000001,0.000964068844074438,0.6787617628437463,5,3883.6
DDIT4L,0.0014167533,0.0017142468,0.0015835662,0.0015857836,0.0007962531,0.0014193206,0.0003639669323992017,0.2564374337969883,5,3824.8
WDPCP,0.0010437793,0.0013815735,0.002203796,0.0010090563,0.0014383568,0.00141531238,0.0004812630799251975,0.34004018245441864,5,3834.0
OR52B4,0.0011627091,0.0014157803,0.002503011,0.0005248023,0.0014533602,0.00141193258,0.0007143695906031324,0.5059516302139104,5,3881.8
DSCAM,0.0013452354,0.0019114108,0.001245949,0.0015792188,0.000975925,0.0014115478,0.000353399244426555,0.25036293098013046,5,3812.0
ST6GAL1,0.0018853607,0.0009514645,0.0014994894,0.0014522801,0.0012684123,0.0014114014,0.0003413414041010115,0.24184573155518443,5,3829.4
SYNE4,0.0037055246,0.00080733316,0.00019048771,0.0017578048,0.0005893184,0.0014100937340000002,0.0014066215871951025,0.9975376482277896,5,4107.4
TTC23,0.0005826926,0.00087945524,0.0028037059,0.0004517919,0.0023269025,0.0014089096280000002,0.0010801849870519164,0.7666815284563563,5,3988.4
DSC3,0.0019744302,0.0005735738,0.0012440511,0.0025262632,0.0007166149,0.00140698664,0.0008325428371881973,0.5917204993419107,5,3929.0
SSB,0.002606972,0.0013754864,0.00050659146,0.0013236402,0.0012046451,0.001403467032,0.0007582043588587275,0.5402366721634025,5,3896.6
PLEKHH1,0.0013436526,0.00026127227,0.0025663113,0.0020414686,0.0008023951,0.0014030199740000002,0.0009258409557181742,0.6598915003886995,5,3982.6
SH3BP2,0.00092058827,0.0019820717,0.0013045274,0.0008534345,0.0019542049,0.0014029653539999998,0.0005439648514623386,0.38772507810790796,5,3850.0
LGI2,0.00031425105,0.0022349497,0.0014663312,0.0017405387,0.0012473698,0.00140068809,0.0007105722744485818,0.5073022891545982,5,3877.8
AK9,0.0028180787,0.0009743968,0.000484306,0.0013711886,0.0013540647,0.00140040696,0.0008708501744493384,0.6218550745058696,5,3927.4
PDP1,0.0014545079,0.0016925102,0.0013425091,0.00024718457,0.0022625537,0.001399853094,0.0007356664877803274,0.5255312081914271,5,3919.2
CD2,0.0010933776,0.0010125072,0.0020779874,0.0014003107,0.0014096508,0.0013987667400000002,0.00041949985417648,0.2999069410075335,5,3845.6
FGD3,0.0025251606,0.0017121143,0.0011494245,9.625177e-05,0.0015094458,0.001398479394,0.0008857082000311723,0.6333366110585483,5,3979.6
PROM1,0.0009864384,0.0009914206,0.0023212445,0.0011921343,0.0014992367,0.0013980949,0.0005567090076315676,0.39819114398569627,5,3865.0
CIAPIN1,0.00453437,0.00040379752,0.00032385084,0.0008496274,0.00087227725,0.0013967846019999999,0.0017717322948461829,1.2684363017098774,5,4175.8
TRIM2,0.0014850291,0.0014536189,0.0013245901,0.0011675184,0.001543792,0.0013949097,0.0001503212103581361,0.10776411574034943,5,3821.8
NECTIN1,0.0013664607,0.0015479717,0.0006783801,0.0015294829,0.001843406,0.00139314028,0.0004349986241809875,0.31224323237641766,5,3857.6
TAF11,0.0011612748,0.0010564347,0.0035799185,0.000624136,0.00053707283,0.0013917673659999998,0.001252331911777854,0.8998141085726924,5,4010.4
PAPPA2,0.0014451452,0.0009100449,0.0022702976,0.00093766756,0.0013915048,0.001390932012,0.0005506642155461808,0.39589585313691145,5,3872.0
MRPL4,0.00152141,0.0018618087,0.0013939675,0.0011651213,0.0009998417,0.0013884298400000002,0.00033266701832026873,0.23959944444889536,5,3830.8
PHF2,0.002206069,0.0015230862,0.00077225204,0.0010866434,0.0013493142,0.0013874729679999999,0.0005382707783047388,0.38795046153629914,5,3866.8
SLC35C1,0.0015167379,0.0024394586,0.0011684863,0.0009172244,0.000895373,0.0013874560399999999,0.0006392641171925756,0.4607454930194225,5,3864.0
TAF1A,0.0013350263,0.0009915511,0.0006903232,0.0023306813,0.001589267,0.0013873697800000002,0.0006276713537420654,0.45241821091278583,5,3894.4
CCDC59,0.0013048362,0.0018792457,0.0005076554,0.0012866157,0.0019543846,0.0013865475200000002,0.0005818730344888368,0.41965603493260495,5,3885.2
AGBL1,0.0009330141,0.0016468791,0.00085611286,0.0020906897,0.0014017073,0.001385680612,0.0005125593365818505,0.3698971697684766,5,3870.8
ETV7,0.0006085743,0.0022602365,0.00031747058,0.002594007,0.0011472744,0.0013855125560000001,0.001003332563820986,0.7241598493467467,5,3982.8
ETV5,0.0008814559,0.0012591154,0.0017448503,0.0010192313,0.002012296,0.0013833897800000002,0.0004811886015497217,0.34783298858093464,5,3872.6
LCE3A,0.001056656,0.0028862655,0.00031099562,0.0015686934,0.0010924333,0.001383008764,0.0009532066940246809,0.6892267922205885,5,3961.4
PEX5L,0.00018399704,0.0016487038,0.0018679369,0.0007581753,0.0024389029,0.0013795431880000001,0.0009012002408756467,0.6532598969823963,5,3964.6
TOMM40,0.0016241858,0.0016823858,0.0006392974,0.0020246338,0.0009228232,0.0013786652,0.0005753821931367706,0.41734729587485825,5,3890.0
SLCO2A1,0.0011025472,0.0011343849,0.00091937755,0.0020236017,0.0017119215,0.00137836657,0.0004674028147532833,0.33909906473811485,5,3877.0
TRMT9B,0.0019687463,0.0009871692,0.0009168457,0.0019215989,0.0010854447,0.00137596096,0.0005233213097179188,0.3803315100727268,5,3881.8
TNFSF4,0.001730596,0.000920028,0.0010674093,0.0018636141,0.001289779,0.00137428528,0.00041050696649475634,0.2987057872691151,5,3874.8
MIXL1,0.00073859433,0.0020537714,0.0015379818,0.0013423844,0.0011863222,0.001371810826,0.00048190198506012024,0.35128895028863133,5,3855.2
COPZ2,0.0011400493,0.0021121802,0.0008075186,0.0009922954,0.0018069559,0.00137179988,0.0005598368344023077,0.40810386599706344,5,3873.8
TMC1,0.0014064286,0.0011801834,0.0011250181,0.0023013218,0.0008374563,0.00137008164,0.000558644916315501,0.40774571383607544,5,3888.2
FLG2,0.0011303239,0.0006176557,0.0014452997,0.0011935781,0.0024625603,0.0013698835400000001,0.0006807990253361913,0.49697584171001224,5,3917.4
SELENOV,0.002988371,0.0006859885,0.0020132563,0.00069727376,0.00046119586,0.0013692170840000001,0.001093075659245656,0.7983216628092087,5,4017.6
XPO7,0.00202292,0.00031314822,0.0002032671,0.0023984348,0.0019025152,0.001368057064,0.0010302593814559707,0.7530821692800168,5,4105.8
KARS1,0.0018097739,0.0015163982,0.0011812736,0.0008599701,0.0014636369,0.00136621054,0.0003603046412556922,0.26372556110985074,5,3860.2
LBR,0.001014022,0.0019412497,0.0014698188,0.0015046954,0.00089948234,0.001365853648,0.000419062676411902,0.3068137475969915,5,3860.2
IRX5,0.0012598092,0.0011476405,0.0019346266,0.0009870107,0.0014969326,0.00136520392,0.00036846527448759265,0.2698976094996802,5,3863.0
KCNN2,0.0018215731,0.0017309872,0.0011569174,0.0011445653,0.00096653687,0.0013641159740000002,0.00038505337618759215,0.28227319636064324,5,3861.6
LHX3,0.0022789154,0.0010035784,0.0013296896,0.0015331857,0.000670388,0.00136315142,0.0006078381630089312,0.4459065618762523,5,3897.4
LRAT,0.0022107237,0.001420778,0.0007912295,0.0010675767,0.0013150915,0.0013610798799999998,0.0005334901568321126,0.3919609456221722,5,3885.4
GALR1,0.0021475414,0.0012027456,0.0010409928,0.0011485731,0.0012544075,0.00135885208,0.0004479287103388741,0.3296375793448203,5,3875.0
BACE2,0.0013719439,0.0011200854,0.0014952241,0.00066834415,0.0021306712,0.00135725375,0.0005357871389751087,0.3947582675495343,5,3896.2
OSCAR,0.0010681156,0.0022374971,0.0005444342,0.0022877126,0.00064707035,0.00135696597,0.0008498850753129931,0.6263127404093952,5,3958.2
MIR4491,7.954872e-05,0.0024832985,0.0010423948,3.9156406e-05,0.0031320367,0.0013552870251999998,0.001404177594619296,1.0360739596190567,5,4223.2
CDT1,0.0017963088,0.0020392938,0.00060670835,0.0009116114,0.0014027196,0.00135132839,0.0005961868545954703,0.4411857687645194,5,3903.0
ADA,0.0014493155,0.0014271148,0.0009309257,0.00090410537,0.0020402446,0.0013503411939999998,0.0004654816260243385,0.34471408270192977,5,3888.2
APTX,0.0018589854,2.2369266e-05,0.0014286899,0.0026013316,0.0008365805,0.0013495913332,0.0009819993794209585,0.7276272122262014,5,4094.0
ICE1,0.0009775332,0.0017950285,0.0014207889,0.0017551277,0.0007971142,0.0013491185,0.00045044428823534324,0.3338804472960257,5,3886.4
S1PR1,0.0007552396,0.0027299686,0.00087554165,0.00080902566,0.0015734888,0.001348652862,0.0008404991675544305,0.6232138686214649,5,3933.0
ZCCHC7,0.0015988684,0.002098706,0.0015939359,0.0011903087,0.00025715315,0.0013477944299999998,0.0006895273932953748,0.5115968562767951,5,3946.8
MEPE,0.0035998288,0.0012633061,0.00036124318,0.00068695453,0.0008248261,0.001347231742,0.001300219607890348,0.9651046418785669,5,4075.2
MTX2,0.00032172195,0.0019139494,0.0005430485,0.003146693,0.00080365676,0.0013458139220000002,0.0011782481119358944,0.8754911007198618,5,4041.6
LRIG2,0.0008287286,0.0008079536,0.0021345264,0.002149707,0.0007998458,0.00134415228,0.0007285344526836956,0.5420029140475777,5,3954.6
P2RY2,0.0018827042,0.0017925153,0.00086721353,0.0010923055,0.0010827074,0.001343489186,0.0004610629476809778,0.3431832220798968,5,3882.6
ATG4D,0.0018695983,0.002246395,0.0010853308,0.0014638066,4.520938e-05,0.001342068016,0.0008453804021281178,0.6299087617390308,5,4057.6
ZMAT3,0.0063185995,0.00020344717,4.7747046e-05,3.2185613e-05,7.110372e-05,0.0013346166098,0.002786954177489055,2.0882058240730994,5,4856.8
RHOBTB1,0.0013375636,0.0014284179,0.0004593223,0.0018070401,0.0016379429,0.00133405736,0.0005220480639223348,0.39132355142685527,5,3934.0
SAR1A,0.0013757339,0.0016674134,0.0011106911,0.00091677887,0.0015977551,0.001333674474,0.0003187525579452593,0.2390032681582682,5,3882.4
FOXK1,0.0017683241,0.0011207941,0.00070387125,0.0010308655,0.002038306,0.00133243219,0.0005520601411525407,0.41432513061136766,5,3922.8
CFAP410,0.00033968702,0.001650775,0.002140182,0.00048761317,0.002039166,0.0013314846379999998,0.0008591467043335751,0.6452546877477194,5,3992.2
PAX9,0.00060035806,0.00062640547,0.0026602012,0.0019385815,0.00082898483,0.001330906212,0.000924424333348295,0.6945826272454839,5,4001.4
ARFGEF2,0.0044119894,0.0011593325,0.00038988428,0.00053459674,0.00015715249,0.001330591082,0.0017620896334396487,1.3242908789010273,5,4263.4
LZTFL1,0.0019212671,0.0014242545,0.0014360123,0.0009545784,0.0009088485,0.00132899216,0.00041473611702365397,0.31206814419706885,5,3894.6
SLC7A2,0.0025808928,0.0015710082,0.0005524181,0.0010703322,0.0008636595,0.00132766216,0.0007925157508820331,0.5969257652730218,5,3964.2
GPR1,0.0014656372,0.0012303753,0.0012826651,0.00037033824,0.002262125,0.001322228168,0.0006745496323474011,0.5101612933928973,5,3956.4
LDLRAD4-AS1,0.0024033713,0.0007094569,0.0007887084,0.0009373799,0.0017709313,0.00132196956,0.0007379777769795294,0.5582411269587247,5,3969.0
KPNA3,0.0011568933,0.0030448819,0.0007490339,0.0002581584,0.0013953721,0.00132086792,0.0010560549728121458,0.7995159522173464,5,4021.4
GRAP2,0.0012687233,0.0018001745,0.0004467369,0.0011468311,0.001941573,0.00132080776,0.0005941638015122329,0.4498488118454368,5,3949.0
SEL1L,0.0014865438,0.0018734271,0.0006524928,0.0015191772,0.0010722893,0.00132078604,0.00046920499597313863,0.35524678620402333,5,3904.8
TNFRSF6B,0.001058511,0.0025302884,0.0006938888,0.00058407744,0.0017365012,0.001320653368,0.0008124412090315638,0.6151812646053568,5,3966.0
FLNB,0.0015050245,0.0016583387,0.0005604591,0.0020289752,0.0008457469,0.00131970888,0.0006027376986739606,0.4567201962556777,5,3944.6
NIPAL2,0.00027807342,0.000836559,0.00044460775,0.004866335,0.00016831244,0.0013187775220000002,0.0019992815263097023,1.5160112247573643,5,4338.8
PTPRN2,0.00062069367,0.0020196754,0.0018125732,0.00115527,0.0009852113,0.0013186847139999998,0.0005831839680930131,0.4422467037810929,5,3913.4
SMC2,0.0015414993,0.0022239892,0.000625943,0.0013061353,0.00089369435,0.00131825223,0.0006184430039410014,0.46913859871945857,5,3923.8
TRAPPC9,0.00200848,0.0018503945,0.0007937012,0.00088445365,0.0010508638,0.00131757863,0.0005688626954057252,0.4317485745846722,5,3921.4
ANO3,0.00084393006,0.0016095872,0.0031352323,0.00043309497,0.0005644324,0.001317255386,0.00111389147844592,0.8456154290842428,5,4056.2
SLC26A7,0.0015202126,0.0009584057,0.0007839258,0.002686751,0.0006357066,0.00131700034,0.000835827708678779,0.6346450211841091,5,3981.6
DAB1,0.0026521762,0.0014910348,0.0008134693,0.0008909901,0.0007329941,0.0013161329000000001,0.0008045294166966084,0.6112828094310296,5,3968.4
TRPM6,0.0017841514,0.0016683517,0.0009291725,0.0012676558,0.00092629046,0.0013151243719999998,0.00040223122149759204,0.3058503287304238,5,3904.2
DNAH12,0.0020927568,0.0022761482,0.0011069666,0.00047408228,0.0006244222,0.0013148752160000003,0.0008300647007361302,0.6312878139579521,5,3983.0
CARD6,0.0004467516,0.001039989,0.0020085725,0.0014073458,0.0016271884,0.00130596946,0.0005950022557916382,0.4556019677455843,5,3950.2
SMU1,0.0016034399,0.0011842888,0.00038531114,0.001965561,0.0013865087,0.0013050219080000002,0.0005900105226651549,0.4521077531712631,5,3979.6
MRPS33,0.0017102775,0.0013293844,0.00078668154,0.0007123592,0.0019814596,0.0013040324479999998,0.0005572958156174371,0.4273634574600993,5,3944.0
SNCA,0.0032464769,0.0009762809,0.0005719971,0.00094970065,0.00076731615,0.00130235434,0.0010988617524993645,0.843750213555064,5,4042.0
SPINK5,0.0014252956,0.0011878553,0.0015701359,0.0014528956,0.0008665167,0.00130053982,0.00027952289907820965,0.21492836649800515,5,3903.6
SLCO1B3,0.0024725893,0.0017797578,0.00066206575,0.0008739954,0.000711274,0.00129993645,0.0007968957777781452,0.6130267197124485,5,3986.2
TNFSF15,0.0015986089,0.0014584784,0.0008757331,0.0008894861,0.0016751906,0.0012994994199999998,0.0003884499570025938,0.29892276289172476,5,3922.6
MSL2,0.0014200679,0.0016968857,0.0007540345,0.0012228619,0.0013945844,0.0012976868799999999,0.0003481675707326316,0.2682985981430525,5,3912.8
DENND3,0.0017094036,0.000977459,0.0010461626,0.0008523334,0.0018926964,0.0012956110000000001,0.00047108266809983576,0.3635988488055718,5,3941.4
MSTN,0.00024391993,0.0012428338,0.004183402,0.00032997358,0.00047553034,0.00129513193,0.001662314889507141,1.2835100818703011,5,4230.0
OR2G2,0.0010898288,0.0015719715,0.00014285234,0.0030703428,0.0005970134,0.0012944017680000001,0.001127528073425329,0.8710804491309447,5,4147.2
PIAS1,0.0014394197,0.0019958697,0.0010846141,0.0010760225,0.00087590143,0.001294365486,0.00044156832905202904,0.34114655700270197,5,3917.4
ANTXR2,0.0018465585,0.0011232872,0.00082608615,0.001499028,0.0011749289,0.00129397775,0.00039039132040550353,0.30169863462142493,5,3921.8
MDGA2,0.00028435822,0.0014767977,0.000826041,0.0011387281,0.0027182614,0.0012888372839999999,0.0009116295545621788,0.7073271124907796,5,4023.0
TIMMDC1,0.0021202068,0.0009797905,0.0011748904,0.0017472027,0.00041949446,0.0012883169720000003,0.0006643650212440424,0.5156844438777154,5,3984.6
PCSK9,0.0015948347,0.001314519,0.0011546216,0.0011115992,0.0012463277,0.00128438044,0.00019067570953494053,0.14845734456602322,5,3911.6
ABHD17C,0.0010378455,0.0015568116,0.001227526,0.0016446415,0.00095315377,0.001283995674,0.000307298323691613,0.23932971887225613,5,3918.0
USP38,0.0010258853,0.0006656224,0.0007691455,0.0025648295,0.0013942583,0.0012839482,0.0007692155579031538,0.5991017066756694,5,4000.8
CLEC2D,0.0012738177,0.0013952325,0.0011813497,0.0009954259,0.0015695901,0.0012830831800000001,0.00021670599091504604,0.1688947328535988,5,3906.6
THSD7A,0.0015765881,0.0014795956,0.0004074382,0.0016532253,0.0012980213,0.0012829737,0.0005071352572971879,0.39528110147323203,5,3973.6
USP46,0.00088902365,0.00090836594,0.0010998001,0.00206172,0.001455944,0.001282970738,0.000491285229751031,0.382927852677986,5,3959.6
PATJ,0.0014320418,0.0010732425,0.0017240156,0.0012215489,0.0009638447,0.0012829387000000002,0.0003026312735069279,0.23588911419300693,5,3922.2
UBQLN4,0.00043945422,0.0009381335,0.0027534328,0.0012123565,0.001071316,0.0012829386040000001,0.0008721346808542251,0.6797945576936003,5,4008.8
LILRB4,0.0010566986,0.0011091171,0.0012573374,0.0012119558,0.0017738293,0.00128178764,0.0002863823871161651,0.22342420708329275,5,3926.6
DHX36,0.0016938017,0.0020801965,0.00034135333,0.00086558633,0.0014154923,0.0012792860320000002,0.0006860572427151875,0.5362813519058163,5,4006.2
USP43,0.0017655592,0.0011926492,0.0005979327,0.0011934873,0.0016443958,0.00127880484,0.000460672146156128,0.36023647373443474,5,3956.4
PLEKHG6,0.0016788377,0.0011380957,0.0013502729,0.0010084427,0.0012155673,0.0012782432600000001,0.0002559424403599528,0.20022983759754212,5,3915.2
YARS1,0.0015314061,0.0017841255,0.0012034968,0.0010363776,0.0008140512,0.0012738914399999998,0.000387128490282791,0.30389441213514323,5,3931.0
ZNF316,0.0001475495,0.0022560193,0.00080883555,0.0011383588,0.0020149865,0.00127314993,0.0008684881281991148,0.6821569932451826,5,4037.2
PADI6,0.0017467906,0.0024068449,0.0012074577,0.00054731884,0.00045021487,0.001271725382,0.000824311527255699,0.6481835928754774,5,4015.2
IL17C,0.00084117014,0.0024492403,0.00025876172,0.0022965837,0.0005116962,0.0012714904119999998,0.001027861035411591,0.8083907088177014,5,4115.8
NECTIN3,0.0008430781,0.0012178688,0.00075630285,0.002454759,0.001083132,0.00127102815,0.0006869193884063217,0.5404438826994679,5,3983.2
RND3,0.0019981002,0.002193773,0.00046844824,0.0004597814,0.0012255264,0.001269125848,0.0008192069245469154,0.6454891182288137,5,4029.8
KCNK12,0.0020915852,0.0017504687,0.0008840484,0.00068655435,0.0009300094,0.00126853321,0.00061457357722836,0.4844757491436586,5,3971.2
LMO2,0.0014644758,0.001192803,0.00025199534,0.0026776306,0.0007261317,0.0012626072880000002,0.0009161136766559091,0.7255729357519034,5,4088.0
UBE2U,0.0017593773,0.001039402,0.00083779095,0.0011030297,0.0015700794,0.00126193587,0.00038635211229018726,0.3061582775123012,5,3952.0
CHRNG,0.0013673467,0.0019395171,0.0006652173,0.0007141192,0.001608308,0.0012589016600000002,0.0005581960995768987,0.4433992878974348,5,3972.2
MTMR7,0.002289237,0.0010682328,0.0007933639,0.0013378635,0.0007973515,0.0012572097399999999,0.0006192576488058528,0.49256510596700664,5,3984.6
VRK2,0.0019344277,0.0014289906,0.0005713134,0.000981989,0.0013678393,0.001256912,0.0005115103934576257,0.40695799981034925,5,3976.4
PCBD2,0.0020446551,0.0014480012,0.00090603536,0.0013372753,0.00054765417,0.001256724226,0.0005678189508020498,0.4518246239346784,5,3981.2
PLPP3,0.0029051327,0.0011613438,0.00041008426,0.00068625924,0.0011188496,0.00125633392,0.000973086083794772,0.7745441465074604,5,4074.4
BTN2A1,0.001765023,0.0020813714,0.00048019498,0.0012747874,0.00067655684,0.001255586724,0.0006852594909245046,0.5457683470413188,5,4010.2
CD38,0.0016267886,0.0013300843,0.0013715542,0.0013716443,0.0005764528,0.00125530484,0.00039732890262580067,0.31651985236175834,5,3955.8
KLF6,0.0036025005,0.0002998711,0.00045920606,0.0009646626,0.0009492212,0.001255092292,0.0013448154376935256,1.0714872892339662,5,4177.8
RSPH4A,0.00070713536,0.0014244382,0.0019050833,0.0010756614,0.0011480346,0.001252070572,0.0004458234759480325,0.35606896761090273,5,3955.4
SLAMF7,0.0020207635,0.00048500663,0.0021712258,0.0009892308,0.00059402623,0.001252050592,0.000794705816894017,0.6347234065235097,5,4054.8
TYMP,0.0010505274,0.0031032898,0.00088689884,0.00064820517,0.0005708687,0.001251957982,0.0010523393018550388,0.8405548085359297,5,4051.6
LMO7,0.0013766023,0.0015224083,0.0010377672,0.0011743247,0.0011480601,0.00125183252,0.0001945372003399144,0.1554019385435956,5,3930.4
PADI3,0.0016267931,0.00058642984,0.0009315168,0.0009971185,0.0021133516,0.0012510419679999999,0.0006109520349238802,0.4883545480896931,5,4005.2
KCNV1,0.003075669,0.0011817978,0.00043302076,0.00034786732,0.0012145804,0.001250587056,0.001097755677900509,0.8777922917351136,5,4122.0
IL19,0.0024835055,0.0009706307,0.00084793015,0.0011656377,0.0007771673,0.00124897427,0.0007056779874404788,0.5650060248562837,5,4009.6
ETV1,0.0015642116,0.0006123026,0.0011312171,0.0015604409,0.0013748988,0.0012486142,0.0003973222688510487,0.31821059607607277,5,3973.8
SMARCC2,0.00089489017,0.0013750327,0.0007882357,0.0025352365,0.0006334016,0.0012453593339999999,0.0007724767318658537,0.6202842109712359,5,4026.4
UGT1A6,0.0007129479,0.0010397529,0.0005485594,0.003471334,0.00045258756,0.001245036352,0.0012643887719483863,1.0155436585584823,5,4140.8
TPCN2,0.00091546366,0.0018974347,0.0007732009,0.0013036827,0.0013294982,0.001243856032,0.00043801731977003496,0.35214470847220597,5,3963.8
ADAM19,0.0011634732,0.00095035875,0.0015682776,0.0013794098,0.0011553923,0.00124338233,0.0002366700984153617,0.1903437846147948,5,3945.8
BRD1,0.00093133043,0.0013554007,0.0008153676,0.001766174,0.0013485965,0.001243373846,0.00037996784865246367,0.30559421036146167,5,3963.8
KCNV2,0.00144275,0.0016932057,0.0008828959,0.0006708792,0.0015195349,0.00124185314,0.00044046775759431356,0.3546858669571134,5,3969.8
FBXL17,0.0012077737,0.00083331484,0.0019582862,0.0015254423,0.0006765735,0.001240278108,0.0005199261389124414,0.4192012545886534,5,3993.4
MIR17HG,9.7740536e-05,0.0018555676,0.002417671,0.0010468038,0.00077540084,0.0012386367552,0.0009115586920892079,0.73593706004794,5,4087.8
ATP2C1,0.0014918301,0.0019522897,0.0008439284,0.00056610676,0.0013364321,0.001238117412,0.0005456787645810671,0.4407326472370676,5,3984.8
ZFPM2,0.0011523964,0.000816533,0.00092723616,0.0016013907,0.0016894217,0.001237395592,0.00039286419352167144,0.3174928018667707,5,3980.2
AMPH,0.0032564502,0.0002045395,5.4066993e-05,0.0025898123,8.014153e-05,0.0012370021046000002,0.001558196628478755,1.259655600167808,5,4510.2
LAPTM4A,0.0011704541,0.0005533621,0.0025110943,0.0012051547,0.0007447996,0.0012369729599999999,0.0007645882508991607,0.6181123400621148,5,4041.8
MEX3B,0.0018284037,0.0006660974,0.0022292275,0.0009457845,0.00050990866,0.0012358843520000001,0.0007539339473069982,0.6100360006071167,5,4049.6
SCT,0.0013811304,0.0013580521,0.0011147372,0.00124725,0.0010756989,0.00123537372,0.00013827984199660847,0.11193361147152173,5,3939.6
SNRNP48,0.0003326585,0.00032452558,0.0017597448,0.003552874,0.00020543716,0.001235048008,0.0014449118024194984,1.1699235924920404,5,4270.8
DEPTOR,0.000906151,0.0012662772,0.0006037003,0.002361263,0.0010304577,0.00123356984,0.0006741577912720235,0.5465096254882686,5,4018.8
CA6,0.0008143872,0.0014752572,0.0018670986,0.0008985058,0.0011105372,0.0012331572,0.00043671777083601713,0.35414606575383667,5,3973.8
RAB11FIP4,0.0005412047,0.0006799331,0.00076409656,0.002879608,0.0012942675,0.001231821972,0.0009642871515388894,0.7828137291407962,5,4079.8
ATP12A,0.0022423004,0.0012440162,0.0010263126,0.0005747325,0.0010470656,0.00122688546,0.0006183100153005595,0.5039671880214144,5,4009.6
NLRP5,0.0009186243,0.002024685,0.0011631222,0.0013463794,0.00068151084,0.0012268643480000002,0.0005116852249486178,0.4170674824667884,5,3982.8
TRIM21,0.0012300938,0.0011119745,0.0009572457,0.0011131074,0.001718898,0.00122626388,0.00029195045683842833,0.23808126586785575,5,3968.4
SLC10A6,0.0010514598,0.002199379,0.000527731,0.00030863582,0.0020353934,0.0012245198040000001,0.00086054841746814,0.7027639852431001,5,4082.0
OR6S1,0.0010890237,0.0013403508,0.0011612546,0.00129127,0.0012351796,0.0012234157400000001,0.00010042612334561161,0.08208666936524096,5,3953.6
TAAR9,0.0010676002,0.0018954829,0.0010201394,0.0012113038,0.00092094217,0.001223093694,0.00039016357516134527,0.31899729111132613,5,3971.0
RHBDD2,0.0012281085,0.000125216,0.001101638,0.0007291169,0.0029229424,0.0012214043600000002,0.0010432636881345689,0.8541509448472647,5,4166.8
LINC02352,0.0019356203,0.00055832166,0.0008758359,0.0001318932,0.0025986796,0.001220070132,0.0010189594435251054,0.8351646489819204,5,4173.2
KIRREL3,0.0011581909,0.0009376793,0.001609057,0.0010649611,0.001298062,0.0012135900599999998,0.00025730137555184774,0.21201671308336834,5,3977.4
NECAP1,0.0017804691,0.0015121712,0.00146454,0.00091087713,0.0003879717,0.0012112058259999999,0.0005582854975369828,0.46093362957204176,5,4026.8
STRA8,0.00052547955,0.001802007,0.0010785898,0.0014201071,0.0012223197,0.00120970063,0.0004692029133402088,0.38786696617675465,5,3992.8
OR11H4,0.005774462,0.0002401739,1.7541588e-05,8.5022975e-07,6.6164434e-06,0.00120792883223,0.002554749830244931,2.1149837325503,5,5046.0
ERN1,0.002292625,0.0016811878,0.00056877587,0.00084824953,0.00064763427,0.001207694494,0.0007503924403973847,0.6213429340991801,5,4058.8
SGK3,0.0015272254,0.0018884038,0.00028124813,0.0005441118,0.0017932034,0.0012068385060000002,0.0007427864820621967,0.6154812581545162,5,4106.4
ACSF3,0.0006966409,0.0019508533,0.00051410956,0.0024889805,0.00037171226,0.0012044593040000003,0.0009532875536807912,0.7914651416738867,5,4122.4
SLC24A2,0.0016447674,0.0007397331,0.00097574294,0.0014679915,0.0011814097,0.001201928928,0.00036472637956706935,0.30345087057183245,5,4000.8
C8orf44-SGK3,0.0015880959,0.00082374073,0.0006404236,0.0021388265,0.00081027596,0.0012002725379999999,0.0006400380587055092,0.5332439412235468,5,4057.4
FAM110A,0.0025590318,0.000120214645,0.0014697866,0.0012789707,0.000565716,0.001198743949,0.0009346434255395468,0.779685625374153,5,4170.2
GORASP2,0.0015533678,0.0008065201,0.00076550414,0.0011765164,0.0016914227,0.001198666228,0.0004214619617899994,0.3516091068096726,5,4019.8
MPP7,0.00065180304,0.001509804,0.00037918505,0.00273727,0.00070933026,0.0011974784700000002,0.0009584048809867242,0.8003524948442071,5,4127.4
IL1RL2,0.0010974908,0.00087822095,0.0011048295,0.0014793633,0.0014262858,0.00119723807,0.0002511564714255328,0.20977989066579952,5,3994.2
SHC4,0.00092817354,0.002092032,0.0013137207,0.0004425283,0.0012063594,0.0011965627879999999,0.000603383762030063,0.5042641874552956,5,4027.0
FBLN2,0.0009864084,0.000695033,0.0001656803,0.0029422955,0.0011914854,0.00119618052,0.0010495264944349557,0.8773980823855548,5,4202.6
NCR1,0.001718719,0.0011937218,0.0009410193,0.0004997474,0.0016197076,0.00119458302,0.0005006349155501562,0.419087587190178,5,4030.4
PPP2R2C,0.000989906,0.0015283298,0.0012063121,0.0014147426,0.0008289523,0.00119364856,0.00028964153059865745,0.24265226826785385,5,3989.4
TIMD4,0.0006553385,0.00023667263,0.00012754257,0.0026091435,0.0023394907,0.0011936375799999998,0.0011894056044483973,0.9964545557022404,5,4315.0
MIR129-1,0.0017952961,0.0011289604,0.0005048539,0.0021963066,0.0003416216,0.0011934077199999998,0.0008018533531451851,0.6719022675210994,5,4117.2
RGS3,0.0016872878,0.0010988109,0.00096140563,0.0016467386,0.0005727788,0.001193404346,0.0004736507691813422,0.39689043430158766,5,4027.2
PARP2,0.0024140163,0.0005195252,3.8421465e-05,0.001406326,0.001585716,0.001192800993,0.0009323671950332318,0.7816619876281673,5,4271.6
OR2J3,0.0012260141,0.0010870585,0.0020211793,0.0007409117,0.00088532583,0.001192097886,0.0004993089329271217,0.4188489374832443,5,4019.8
MAFB,0.0014027234,0.0011173742,0.0015552724,0.00025572765,0.0016283373,0.00119188699,0.0005587790902549217,0.4688188519071944,5,4061.2
MLLT1,0.00068407936,0.0033052606,0.0005731146,0.00054796453,0.00084638415,0.001191360648,0.001187550297557747,0.996801681800847,5,4138.2
KCNJ10,0.0006905861,0.0011935546,0.0018016526,0.0013144602,0.0009387466,0.00118780002,0.0004189690306623892,0.3527269099241042,5,4010.6
ARIH2,0.0018687901,0.0011520964,0.0010608024,0.00034088411,0.0015161741,0.001187749422,0.000571455754028989,0.48112484287025736,5,4060.0
CRTC1,0.001961914,0.00095167826,0.00086296897,0.00087208004,0.0012900636,0.001187740974,0.0004665453029327663,0.3928005458644439,5,4023.2
CCL23,0.0007032842,0.0012135525,0.0021166059,0.0013571798,0.0005362331,0.0011853711000000002,0.000622755689582259,0.5253677009522663,5,4052.8
PYGO1,0.0013253742,0.0014805003,0.0011291553,0.000971791,0.0010112327,0.0011836107,0.00021551535635637429,0.1820829740356135,5,3984.6
S1PR2,0.0013497124,0.0011918113,0.0006991985,0.0019368227,0.0007382257,0.00118315412,0.0005069534685093415,0.4284762736652952,5,4038.4
THOC1,0.0011507897,0.0021004968,0.00085818913,0.0011667298,0.0006382859,0.0011828982660000002,0.0005579691078151871,0.4716966148762509,5,4025.8
EPM2A,0.0017321081,0.000781248,0.0012678856,0.0011562326,0.0009765967,0.0011828142,0.0003582766331420527,0.30290187008412034,5,4012.2
STC1,0.0013963876,0.0013468496,0.0017780665,0.00079476216,0.00059541914,0.0011822970000000001,0.0004802245607727116,0.40617929401217423,5,4031.0
SFTPC,0.0017905916,0.0019087027,0.00079489,0.0006748802,0.000741649,0.0011821427000000002,0.0006122528266195347,0.5179178678001688,5,4045.2
LINC-ROR,0.00032380119,1.7327142e-05,0.0018908344,0.0013665012,0.0023112681,0.0011819464064000001,0.0009880158640412037,0.8359227277068555,5,4242.8
SHMT2,0.00065880717,0.0021771325,0.0013560643,0.00088148017,0.00083554693,0.001181806214,0.0006133228188777779,0.5189707175442029,5,4027.4
EID2,0.00061834307,0.0017953217,0.0007020799,0.0014150903,0.0013722155,0.001180610094,0.000503661421495835,0.4266111428790096,5,4024.6
TMEM86B,0.0024027012,0.0010750424,0.001170846,0.00054417236,0.00070839014,0.00118023042,0.0007302038243472687,0.618695986794908,5,4077.2
HACE1,0.0010212922,0.00070704747,0.0013244329,0.001133446,0.0017148615,0.001180216014,0.0003734892869295784,0.31645841312027684,5,4026.2
MKLN1,5.024229e-05,0.0018281015,0.0015052152,0.00072765315,0.0017844841,0.001179139248,0.0007700921956664407,0.6530969068942745,5,4133.4
AIF1,0.0015800326,0.00052047695,0.0008427232,0.0013963531,0.0015542904,0.00117877525,0.0004731931005708082,0.40142775356948507,5,4050.4
TRPV3,0.00012935733,0.0021994587,0.00050455704,0.0009480096,0.002107309,0.001177738334,0.0009371586318163619,0.7957273740368562,5,4144.2
PLOD3,0.0023930997,0.0015488496,0.0009625091,0.0009576803,2.6101096e-05,0.0011776479592,0.000871183716319917,0.7397658268874594,5,4217.4
UNC5C,0.001418775,0.0007729,0.0018243502,0.0008333173,0.0010381336,0.00117749522,0.00044108238776305954,0.3745937820138748,5,4029.6
S100B,0.0005037196,0.0014291847,0.0018604322,0.0014302373,0.00066290936,0.001177296632,0.0005728003727803589,0.48653869994283555,5,4047.6
GAS1,0.0013161651,0.00063501514,0.0007105663,0.0017840401,0.0014375326,0.0011766638480000002,0.0004916933149085042,0.4178706737223596,5,4047.4
SYT2,0.0014647591,0.0017821966,0.0011603687,0.0009944311,0.00047581506,0.0011755141119999999,0.0004935396408694874,0.4198500348326635,5,4032.4
OR2V1,0.0018879321,0.00050649914,0.0005649232,0.0012883064,0.0016293182,0.0011753958080000001,0.00062181224351522,0.5290237035754513,5,4093.6
PON2,0.0007921126,0.0016421357,0.0013136548,0.000975087,0.0011444194,0.0011734819,0.00032593424735044346,0.2777497014231267,5,4002.0
KCNK17,0.0024246848,0.0006501687,0.0003692566,0.0007043932,0.0017186971,0.0011734400799999999,0.0008665228718067557,0.7384466293385478,5,4149.8
AFAP1L2,0.0025028002,0.0015474596,0.0014515624,0.00031543066,3.7855993e-05,0.0011710217706,0.0010012670844015868,0.8550371218876354,5,4269.6
NAA20,0.0010687321,0.0013513478,0.0023015104,0.00028486125,0.0008410281,0.00116949593,0.0007441689735456185,0.63631600115583,5,4100.0
PRM3,0.0016172362,0.0013776538,0.0010182267,0.0013035925,0.00052499014,0.0011683398679999998,0.00041834386251024183,0.35806692381932986,5,4037.0
FAF2,0.0011733227,0.0017724725,0.00079788355,0.00095119525,0.0011423095,0.0011674367,0.0003708315776166132,0.31764598253302573,5,4008.2
ARHGEF3,0.0012701935,0.0013806695,0.0003638395,0.0021190557,0.00069457554,0.001165666748,0.0006765641841202233,0.5804096113070417,5,4108.6
PLEK,0.0009710382,0.00095900835,0.001281252,0.0008311173,0.001777084,0.00116389997,0.00038068579475672844,0.3270777597465944,5,4037.2
TECTB,0.00069277297,0.0012503727,0.00024774406,0.0015176701,0.00210679,0.0011630699660000001,0.0007216251283753565,0.6204485967917741,5,4138.0
CDKN2D,0.0022590212,0.0017355719,0.00077939406,0.00047781644,0.0005632883,0.0011630183799999998,0.0007914204320467686,0.6804883273184116,5,4111.4
ANK3,0.0013671212,0.00057800615,0.0011467906,0.0014580232,0.0012627244,0.00116253311,0.00034681715933538454,0.2983288444450279,5,4035.4
ATP7B,0.00043267844,0.0017153133,0.0028649364,0.000637101,0.00016176826,0.0011623594800000002,0.0011196025830688492,0.9632154271833779,5,4227.2
AXL,0.0016606986,0.0023002338,0.0008910642,0.00017795627,0.0007778498,0.0011615605339999999,0.0008266793752547851,0.7116971961917442,5,4131.2
SNX9,0.0007939896,0.0014459749,0.00017730107,0.0026914822,0.0006915161,0.001160052774,0.0009677754547042265,0.8342512309739337,5,4204.0
RNU6-1,0.0021509049,0.00035611118,0.0007946319,0.0013041345,0.0011924268,0.001159641856,0.0006677292142731735,0.5758064102449693,5,4099.6
SLC15A4,0.0009769596,0.0010987994,0.00096103235,0.0014053222,0.001352697,0.00115896211,0.00020865471284074911,0.1800358364094829,5,4018.2
UGT1A8,0.002719807,0.0012169394,0.00055570516,0.00094558054,0.0003523592,0.0011580782600000001,0.0009353679927440562,0.8076897952855587,5,4153.6
CERS6,0.0013499365,0.0016944833,0.0008579943,0.0006094406,0.0012696732,0.00115630558,0.0004266237613150925,0.36895416635029343,5,4034.0
MYSM1,0.0010109135,0.0007671841,0.00044727762,0.00053241313,0.0030220496,0.00115596759,0.0010660109048847063,0.9221806165730878,5,4201.0
EIF5A2,0.00091720105,0.00079475506,0.0011721898,0.0012068641,0.0016884282,0.001155887642,0.00034418448415173914,0.2977663845909853,5,4041.4
LRP1,0.0007565433,0.00086006336,0.0004260973,0.001183834,0.0025481728,0.0011549421519999998,0.0008244416812213818,0.7138380738755666,5,4140.2
TPD52L1,0.0016605372,0.0005420546,0.00032472113,0.000441896,0.002804933,0.0011548283859999999,0.0010667039183838282,0.9236904212915912,5,4244.2
REV3L,0.0013052077,0.0014768126,0.0007634391,0.00069955335,0.0015266446,0.00115433147,0.0003952830524163786,0.3424346149173067,5,4036.4
USP45,3.7679883e-06,0.0012885478,0.00028786057,0.0021199659,0.0020713103,0.00115429051166,0.0009830923389856075,0.8516853678124839,5,4311.0
ZFP90,0.0011031249,0.0009947704,0.0013736156,0.00062586437,0.00166106,0.0011516870539999998,0.00039121084205292426,0.33968502180708227,5,4044.2
ADK,0.0009673696,0.0017863563,0.0014005733,0.0008933411,0.0007105474,0.00115163754,0.0004359097249249126,0.3785129520221376,5,4041.0
KIF26B,0.00066133455,0.00146462,0.00060246844,0.0018974906,0.0011198615,0.0011491550180000002,0.0005470871575712238,0.4760777693190421,5,4066.8
TRAFD1,0.0011973911,0.0019700718,0.0009818018,0.0007181786,0.0008711323,0.00114771512,0.0004917481876468555,0.42845840320275247,5,4039.6
TIAM2,0.0021784632,0.0019695414,0.0003795938,0.00080927217,0.00039877323,0.0011471287599999999,0.0008665024909185337,0.7553663730988087,5,4163.2
TNFSF12,0.0031853826,0.0008597656,0.0006940132,0.00022133341,0.0007736379,0.0011468265419999999,0.001166079114878211,1.0167876938430775,5,4228.6
ANO9,0.00035423264,0.0011658983,0.0004840447,0.00025773654,0.0034717973,0.001146741896,0.00134757361736868,1.1751324531433007,5,4285.8
DAG1,0.0012663321,0.0017806785,0.0008374694,0.0007466795,0.001099656,0.0011461631,0.0004105156022726846,0.35816508337485703,5,4033.0
RTEL1,0.001429382,0.0025883547,0.0006053506,0.0007850606,0.00031994042,0.0011456176640000002,0.0009035548076257607,0.7887053735457771,5,4145.6
PGBD5,0.0030029814,0.00036904277,0.0014641657,0.0007784002,0.0001121078,0.001145339574,0.0011572955956906706,1.0104388444807815,5,4292.6
OR12D2,0.001913038,0.0018916805,0.00057237904,0.00084484735,0.0005044556,0.001145280098,0.0007027974907031373,0.6136468204856008,5,4111.2
CENPX,0.0025155423,0.000989897,0.00077680015,0.0007813884,0.0006625188,0.0011452293300000002,0.0007750831418765776,0.6767929545400112,5,4111.4
GLRX,0.0020221714,0.0012541745,0.0005005406,0.0014303955,0.0005098462,0.0011434256399999998,0.0006483701108749947,0.567041780587494,5,4107.2
NRXN1,0.0017686926,0.001367281,0.00066462357,0.00083191396,0.001081973,0.001142896826,0.00043907173993062206,0.3841744328465062,5,4052.4
TP53AIP1,0.0006932437,0.0014163356,0.0005197188,0.0024340453,0.00065107417,0.001142883514,0.0008022252574743,0.7019309034098989,5,4129.6
IFT140,0.00077337376,0.0019857583,0.0010096148,0.0009766291,0.0009660536,0.001142285912,0.000480531860630978,0.42067564309676786,5,4040.8
PLCD3,0.0014439515,0.0016936987,0.00044691932,0.0017427867,0.00036849192,0.001139169628,0.0006778463449294919,0.5950354787105436,5,4135.0
KCTD13,5.3918693e-06,0.00049629825,0.00021305394,0.0044300025,0.0005449639,0.0011379420918600002,0.001853313234907488,1.6286533806638548,5,4576.0
ZIC1,0.0006902808,0.0016426453,0.0022150688,0.0004404396,0.00069062924,0.001135812748,0.0007586013032200693,0.6678929291433426,5,4128.0
DAPK2,0.0011062466,0.0014887745,0.0007952958,0.0012279869,0.0010514226,0.00113394528,0.0002534799210738535,0.22353805385904818,5,4033.8
MST1R,0.0014800854,0.0011196987,0.00065222976,0.00036883348,0.002040991,0.001132367668,0.0006633591316729623,0.5858160299159675,5,4123.0
PIK3C2B,0.001751653,0.002000453,0.0008327136,7.638312e-05,0.0010002838,0.001132297304,0.0007680215679878386,0.6782861402872673,5,4169.2
KIF12,0.001488784,0.0013419158,0.00051440584,0.0015941127,0.0007222559,0.001132294848,0.0004832752715898906,0.4268104482180693,5,4083.8
ALLC,0.001158354,0.00028737093,0.0017327839,0.0012001835,0.0012808305,0.001131904566,0.0005248412987676687,0.4636798141228353,5,4111.8
KCNMA1,0.0011584514,0.0018865466,0.00076042884,0.0011192139,0.0007347147,0.0011318710879999999,0.00046532364702834704,0.41111010958904104,5,4061.8
CFTR,0.00012572798,0.0030899518,0.0012523485,0.0010020026,0.0001861276,0.001131231696,0.0012012715513616925,1.061914686097774,5,4255.6
CLIC5,0.0012535315,0.0011060094,0.0010272069,0.0017156302,0.00054973643,0.0011304228860000002,0.00042013975336980424,0.37166600090384594,5,4071.2
RAG1,0.0010994107,0.0010547305,0.0012084574,0.0011400763,0.0011400209,0.00112853916,5.6894741651737895e-05,0.0504145036949696,5,4032.4
ARHGEF15,0.0010288041,0.0020946618,0.0015672324,0.0009454008,1.2688224e-06,0.00112747358448,0.0007810352412368847,0.6927304124797784,5,4279.2
OAZ2,0.00058609375,0.00092216785,0.00083469384,0.0020690255,0.0012243234,0.0011272608680000002,0.0005737730864012955,0.5089976088847036,5,4091.2
STXBP4,0.001131231,0.0021970645,0.00069261144,0.0011528296,0.0004402297,0.0011227932479999998,0.0006719340529334754,0.5984486049683436,5,4104.6
FBLL1,0.0019849297,0.00018285704,0.00086411793,0.0012090469,0.0013725079,0.001122691894,0.0006639784080944614,0.5914164087609075,5,4157.6
TRIM31,0.0012765056,0.00090003817,0.0010576453,0.0019402822,0.00043812123,0.0011225184999999998,0.0005510342885208465,0.49089105303907826,5,4106.4
PELP1,0.0004542744,0.0011358259,0.00075698935,0.0022517813,0.0009688944,0.00111355307,0.0006853414777445836,0.6154547063882493,5,4120.8
COL23A1,0.00090630923,0.0014287513,0.0009832042,0.0013031461,0.00094617327,0.00111351682,0.00023624789376080362,0.21216374060771137,5,4053.0
DAXX,0.0010120347,0.0021265189,0.00087903993,0.0004818323,0.0010679361,0.001113472386,0.0006108506715391945,0.5485997490549303,5,4097.0
HS3ST3A1,0.0019895649,0.0006015565,0.00021359613,0.00026880388,0.002484511,0.001111606482,0.0010526831909051756,0.9469926704738085,5,4314.8
RAB1A,0.0011060649,0.0018179474,0.0008557038,0.0009965023,0.0007696235,0.00110916838,0.0004167151290784953,0.3757005127377462,5,4071.8
ADAMTSL1,0.0016080171,0.0011550934,0.0008932568,0.0011692026,0.0007187452,0.00110886302,0.00033675319750315957,0.30369233298370757,5,4075.8
TCF21,0.0008981533,0.002318056,0.0005792622,7.8420984e-05,0.0016675385,0.0011082861968000001,0.000888953133665165,0.8020970902929908,5,4228.8
HOXA1,0.0008267371,0.000700991,0.0011306866,0.0013065414,0.0015645277,0.00110589676,0.00035110323877234886,0.3174828351720181,5,4086.2
ARNT2,0.0006902369,0.00040272647,0.0034612552,0.00037538604,0.0005868924,0.001103299402,0.0013245671616818988,1.2005509649337223,5,4318.0
DOK6,0.0010785633,0.00082024053,0.0011697579,0.0013243427,0.0011201717,0.001102615226,0.0001832303231338945,0.16617793661221808,5,4063.6
UBE2E3,0.0013001125,0.0013485337,0.0012794829,0.0009177427,0.0006651683,0.00110220802,0.0002984543843081083,0.2707786360582899,5,4068.4
SLC30A8,0.0006263248,0.0019002628,0.0005145492,0.001724329,0.0007369869,0.00110049054,0.0006574772602996761,0.5974401745422329,5,4132.4
TRIM29,0.0009391273,0.0011137893,0.00042514567,0.0013232544,0.0017001613,0.001100295594,0.0004721054472725121,0.4290714693823559,5,4122.2
UBE2G1,0.00078298245,0.0020104412,0.00055753114,0.0013330868,0.0008004553,0.001096899378,0.0005847401525642689,0.53308458760405,5,4112.4
CAPN8,0.0016593242,0.00050959224,0.0010782073,0.0008551508,0.0013643659,0.001093328088,0.0004448364006356491,0.4068645135143085,5,4123.0
PRDM2,0.0003666108,0.0013731262,0.0007833923,0.0020044122,0.00092459086,0.001090426472,0.0006246938464589906,0.5728894726053483,5,4130.0
GAL3ST2,0.0011026077,0.0012187285,0.001042721,0.00047537847,0.0016108407,0.001090055274,0.0004086563132060043,0.3748950378510845,5,4106.2
PTPRM,0.0005973893,0.001349512,0.0010984462,0.0008155824,0.0015860569,0.00108939736,0.00039732190020984624,0.3647171498651752,5,4094.8
ASB3,0.001891888,0.0009085559,0.0007786418,0.0010249991,0.00083942205,0.00108870137,0.0004582292680808587,0.42089528010868466,5,4110.0
SLCO1B1,0.0007421171,0.0016113812,0.00061035727,0.0007393684,0.001735289,0.001087702594,0.0005390343306171739,0.49557143063793585,5,4123.0
DHX16,0.00049117376,0.00086168025,0.002152185,0.0011850613,0.0007429792,0.0010866159020000003,0.0006458255519046072,0.5943457579775112,5,4144.2
COL13A1,0.0013650323,0.0014672175,0.00075547106,0.00087655504,0.0009564867,0.00108415252,0.00031347209092740745,0.2891402133413917,5,4085.2
SEPTIN5,0.0049788426,0.00018010502,0.00013136603,5.6214685e-05,7.404195e-05,0.001084114057,0.0021777680286181986,2.0087997333459526,5,4836.4
ELF5,0.00022504265,0.0003323027,0.0003773098,0.0037909911,0.00068610546,0.001082350342,0.0015238417628075586,1.4079006618058227,5,4415.2
GABRP,0.0013691519,0.001646531,0.00094707607,0.00056858873,0.00086846243,0.001079962026,0.00042676825965494707,0.39516969058220114,5,4105.0
CELA3B,0.0011431604,0.00078052946,0.00037590077,0.0013468371,0.0017387854,0.001077042626,0.0005231118611318556,0.4856928115042456,5,4159.8
VARS2,0.0011806283,0.0020461096,0.00074924773,0.00069636,0.0007088834,0.001076245806,0.0005783008707878225,0.5373315905751576,5,4124.0
HECW1,0.00084690284,0.0010744142,0.0013959482,0.0010800285,0.00097542023,0.001074542794,0.00020308666614515607,0.1889982114059536,5,4083.6
PSMF1,0.0008914437,0.0013599405,0.0006832331,0.001781337,0.0006503052,0.0010732519,0.0004867308443055412,0.4535103495326132,5,4131.8
LMAN2,0.0009669498,0.0010966228,0.0007777529,0.0015542504,0.00097043905,0.0010732029899999998,0.00029201713203108994,0.2720986940514301,5,4098.0
CEP120,0.0013111071,0.0017388948,0.0006339194,0.00088645326,0.0007785811,0.001069791132,0.00045120209988054155,0.4217665359003383,5,4117.2
DAPK1,0.00093997846,0.0011912172,0.00077553856,0.0015561165,0.00088224816,0.001069019776,0.0003121946311545371,0.29203821871536373,5,4103.6
HAND1,0.0014334449,0.0010811745,0.00042852107,0.0016795389,0.0007176338,0.0010680626340000001,0.000509753157175305,0.4772689736988823,5,4156.8
LITAF,0.000901887,0.001166241,0.0015241446,0.0015120866,0.00023515613,0.001067903066,0.0005329527399484628,0.4990647156251004,5,4163.4
DNAAF3,0.00076729996,0.0005198683,0.001038628,0.00043815587,0.002571228,0.001067036026,0.000872944011783543,0.8181017233841202,5,4231.2
RBBP8,0.0009232929,0.0006519679,0.0013599386,0.0013106227,0.0010891723,0.00106699888,0.00029092955712125917,0.27266153936474535,5,4101.2
NAV3,0.0009777596,0.001314432,0.0012217512,0.00087136123,0.0009478277,0.0010666263460000001,0.0001907945523629044,0.17887665448956047,5,4091.6
NKX2-5,0.001614052,0.0011061522,0.00094206695,0.0003618786,0.0013085359,0.0010665371300000001,0.000466889109140149,0.4377617018735662,5,4138.6
STK10,0.0015110142,0.00079086097,0.0006477864,0.0012755941,0.0010923996,0.0010635310540000002,0.0003511544839593951,0.330177931935963,5,4119.2
POLE,0.0009384275,0.001948921,0.0010791252,0.00037529858,0.0009705583,0.001062466116,0.0005661518422385838,0.532865786223891,5,4145.4
SLC6A13,0.0021928153,0.00022865743,0.0011238893,0.0009807146,0.0007756204,0.001060339406,0.0007186167564894971,0.677723333135746,5,4216.6
HTR1F,0.004368899,0.0002625154,0.00012236681,0.00025337067,0.0002937672,0.001060183816,0.0018507912962634533,1.7457267959874738,5,4636.2
KSR2,0.0024141648,0.0010860726,0.0003441668,0.0009918163,0.00046122444,0.0010594889879999999,0.0008231098254158925,0.7768932331894067,5,4235.0
CD5,0.0008560729,0.0009116638,0.0012078087,0.0008405633,0.0014790954,0.00105904082,0.00027804051935699406,0.2625399456812194,5,4115.2
ZNF300,0.0014215505,0.0013133145,0.0010626453,0.0006946005,0.0007947001,0.00105736218,0.0003157372478189293,0.2986084179963097,5,4119.6
SLITRK1,0.0014460187,0.00024281551,0.00021314723,0.0007944855,0.0025893636,0.001057166108,0.0009928961876121284,0.9392054664810805,5,4348.0
TGS1,0.0017351063,0.0012007152,0.0008784321,0.0006905112,0.00078038033,0.001057029026,0.0004252061811242123,0.40226537840050974,5,4131.0
EBF1,0.004072942,0.000332604,0.00030127086,0.00035305318,0.00020971092,0.0010539161920000001,0.001688577404676907,1.602193246004239,5,4537.2
GALNT17,0.0016248144,0.0008792396,0.00074730173,0.00090619444,0.0011079346,0.001053096954,0.00034466848298770947,0.3272903617074838,5,4126.6
COL3A1,0.00084748014,0.0021388524,0.00061777566,0.00085064734,0.00080593454,0.001052138016,0.0006149630677976972,0.5844889724027397,5,4152.0
PHF19,0.0014013839,0.00052364636,0.0010659206,0.0014440436,0.0008212529,0.001051249472,0.0003899871964509847,0.3709749273015423,5,4146.6
VASH1,0.0017040705,0.0014362264,0.0005465521,0.001090825,0.0004775669,0.00105104818,0.0005384653378435022,0.5123127065816356,5,4165.2
SCAF11,0.0011595141,0.00015653475,0.00114766,0.0016077791,0.0011806273,0.00105042305,0.0005357217299358782,0.5100056876473514,5,4202.0
OAT,0.0007259801,0.0013897052,0.0014989909,0.0008523141,0.00077264424,0.001047926908,0.00036673075644730335,0.3499583354980549,5,4124.0
ZFAND5,0.0015407491,0.0010229169,0.0012581386,0.0006185359,0.0007963762,0.00104734334,0.00036583495683499545,0.34929802182634345,5,4134.2
DDR2,0.00089789357,0.001029951,0.0018673912,0.00083659554,0.00059005857,0.001044377976,0.00048697952962492135,0.466286670933131,5,4155.6
NSMCE2,0.00021729448,0.0021509747,0.0007711197,0.0011316433,0.0009475951,0.001043725456,0.00070715513454855,0.6775298336199151,5,4180.0
SNRNP70,0.001605061,0.00095927645,0.001004172,0.00062700745,0.0010186067,0.0010428247199999999,0.0003528719651851798,0.33838089797600873,5,4134.8
METTL21A,0.002128634,0.00032098911,0.00016509846,0.0012030903,0.0013888117,0.001041324714,0.0008086737018513763,0.7765816857885276,5,4319.0
PLA1A,0.0018637839,0.001192244,0.00046351476,0.001301032,0.00038266554,0.0010406480400000002,0.0006193459410784396,0.595154093672669,5,4206.8
ASCC2,0.0015530398,0.0007017778,0.00068418233,0.0011518515,0.001102803,0.0010387308860000002,0.0003607829087036393,0.34733049105044056,5,4145.8
PRRG4,0.0009919202,0.0008681475,0.00054690964,0.0015906986,0.0011919905,0.001037933288,0.00038772791867783225,0.37355764880125153,5,4151.8
NFIC,0.00023490936,0.003011277,0.00081872166,5.539751e-05,0.0010665905,0.001037379206,0.0011782596093705604,1.1358041519973945,5,4351.4
CTHRC1,0.0018566906,0.00054708315,0.0006483273,0.0012672662,0.0008668795,0.00103724935,0.0005350095475487213,0.5157964645133027,5,4183.2
DDX6,0.0008395342,0.0015401655,0.0008428562,0.00081037707,0.0011464222,0.0010358710340000001,0.000313522277945208,0.3026653585770678,5,4126.8
IP6K2,0.0014946036,0.001626636,0.00068480603,0.0006691042,0.00070226786,0.001035483538,0.00048179188625768526,0.4652820335398565,5,4161.4
HERC6,8.353747e-07,0.0016693462,0.0022400818,0.0012566558,2.397869e-06,0.00103386340874,0.0010049260810861276,0.9720104924797182,5,4539.6
GFRA2,0.0018786929,0.0019845485,0.0005509213,0.00020667067,0.0005465595,0.0010334785739999999,0.0008325389297878931,0.8055696080525547,5,4266.4
DLGAP1,0.001064047,0.0013103395,0.0006139119,0.0007454401,0.0014333276,0.00103341322,0.00035230241969321896,0.34091146975381154,5,4144.8
P2RY14,0.00015563358,0.0046745455,0.00014760994,5.8031757e-05,0.00012513401,0.0010321909573999999,0.002036499538409487,1.972987191768521,5,4762.4
PDE1A,0.0011952543,0.0015080617,0.00064595387,0.0011777761,0.00063261617,0.001031932428,0.00038179720249438705,0.36998275481501497,5,4147.4
POGLUT1,0.001072126,0.0012970279,0.0008104075,0.0013208514,0.00065213477,0.0010305095139999999,0.0002952434318545426,0.286502383377843,5,4137.6
TDRD9,0.002041201,0.00042577987,0.0007248542,0.0016599172,0.00029832817,0.001030016088,0.0007766696098620582,0.7540363873054944,5,4268.0
TAPT1,0.0019524335,0.0003269077,0.0009320606,0.00068129395,0.0012543902,0.00102941719,0.0006178105784014753,0.6001556845980737,5,4216.4
BAMBI,0.004131227,0.00048756733,0.00029236128,1.7364035e-05,0.00016680677,0.0010190652830000002,0.0017482769587514968,1.7155691474493069,5,4696.0
ZNF768,0.0009769987,0.0018727109,0.00016316841,0.0017082655,0.00037354953,0.0010189386080000002,0.0007672560427085293,0.7529953587827238,5,4311.8
CCDC124,0.0007301909,0.001624675,0.0012628777,0.0008449955,0.00062222953,0.001016993726,0.0004175564275138617,0.41057915780481585,5,4158.6
EPHA10,0.0029240204,0.0005466557,0.0005735854,0.00039551267,0.00064473314,0.001016901462,0.0010699761845372904,1.0521925914364458,5,4326.8
BANP,9.092008e-05,0.00056054274,0.00032774665,0.0032877203,0.0008140792,0.001016201794,0.001297920623069914,1.2772272502698552,5,4431.2
CCDC187,0.0009950949,0.0012990616,0.0011796834,0.0010597275,0.00054132496,0.001014978472,0.00028921290526794774,0.28494486656259616,5,4156.2
TTC30A,0.00047403178,0.0021026423,0.00091718684,0.0013532598,0.00022462322,0.001014348788,0.0007457031628507264,0.7351545855553645,5,4235.6
CXCL16,1.0174135e-06,0.0024828368,0.00082177744,0.0009037413,0.0008611494,0.0010141044706999999,0.0009022312633735928,0.8896827589674414,5,4346.2
NRROS,0.0011087985,0.00071859907,0.002099509,0.0009679349,0.00017020151,0.001013008596,0.0007051048193146442,0.6960501836794327,5,4267.0
ABHD16A,0.00075504155,0.00071436923,0.0021498648,0.00064088777,0.0007933037,0.0010106934099999999,0.0006393144465672502,0.6325503265795017,5,4217.0
MPP4,0.0034147555,0.00076491316,0.00042207097,5.9319194e-05,0.00038952407,0.0010101165787999998,0.0013672382221920278,1.353544977765123,5,4482.6
ELAVL2,0.0011191237,0.0017434402,0.0005315701,0.0006700366,0.0009827072,0.00100937556,0.00047303692740011637,0.4686431355640475,5,4176.6
RASSF5,0.0008424346,0.0011719255,0.0006272394,0.0017162667,0.00068690337,0.0010089539140000002,0.00044833088230302067,0.44435219099910306,5,4185.4
COTL1,0.00065877056,0.0009844562,0.0005467115,0.0022568332,0.00059559994,0.0010084742799999998,0.0007184983713822973,0.7124607792499155,5,4238.6
NICN1,0.003613675,0.00010505903,0.0003939021,0.00068531645,0.00023765932,0.0010071223799999998,0.001473050102451805,1.4626326767277331,5,4524.8
BRINP1,0.0018909299,0.00064089074,0.0012198879,0.0009298059,0.00035028753,0.0010063603940000001,0.0005911677993994815,0.5874315035886452,5,4225.6
NFIX,0.0014668584,0.00032761102,0.0015825717,0.0015994114,5.327532e-05,0.0010059455680000002,0.000752472323244141,0.748024890392619,5,4361.4
SLCO4C1,0.0010508376,0.0007444638,0.00047694962,0.0023050043,0.0004515783,0.0010057667239999999,0.0007656861660666306,0.7612959822546592,5,4269.8
IRF2BP1,0.00056261267,0.0004678875,3.9520404e-05,0.0002387706,0.0037180253,0.0010053632948,0.0015300294400469876,1.5218672175130097,5,4617.2
ANXA5,0.000977964,0.00053592783,0.00047360628,0.0005603347,0.002473339,0.0010042343620000002,0.0008451157684834224,0.8415523312708775,5,4294.0
ADO,0.0011686122,0.0006013632,0.0008858255,0.001251347,0.0011134725,0.00100412408,0.00026284190649483014,0.26176237750899284,5,4161.2
OSBPL7,0.0011086485,0.0019394706,6.256322e-06,0.00041793627,0.0015407462,0.0010026115783999998,0.0007926390318532191,0.7905743848661096,5,4427.0
PRM1,0.0007319646,0.001370835,0.00097107963,0.00094217394,0.0009868058,0.0010005717939999999,0.0002311462016051574,0.23101410912364517,5,4144.2
CTU2,0.0011744411,0.0015085097,0.00037434502,0.0012326229,0.0007123587,0.001000455484,0.00045202485000933,0.451819053659493,5,4207.6
SBSPON,0.0019018671,0.001428453,0.00020365237,0.0012200079,0.00024545772,0.000999887618,0.00074980718393122,0.7498914582330791,5,4327.6
EOMES,0.0011278309,0.00097017596,0.00051515666,0.0013696897,0.0010141631,0.0009994032639999999,0.0003119184845105843,0.31210472863793287,5,4170.8
VPS35L,0.0021104608,0.0004643537,0.0010115213,0.00048507378,0.00092348,0.000998977916,0.0006691733681489037,0.6698580193127149,5,4248.8
ITGA8,0.002871587,0.0006767297,0.00030304617,0.0004043163,0.00073456997,0.000998049828,0.001062821643315578,1.064898378315815,5,4365.6
TSPAN33,0.0012842882,0.0023615411,0.00037479005,0.0004571802,0.00050991564,0.0009975430379999999,0.0008456221468695038,0.8477049256590611,5,4285.8
NR5A2,0.0012031277,0.0008644978,0.000781958,0.0012835517,0.0008380898,0.0009942450000000002,0.000231092460818208,0.2324300960208077,5,4167.8
GRM4,0.0019139368,0.00075328595,0.0016044508,0.0003257103,0.00037382336,0.0009942414419999998,0.0007259660883159187,0.730170819328932,5,4284.4
WDR4,0.0008904434,0.00056739,0.00041737946,0.0029262996,0.00016373227,0.000993048946,0.0011122424458919029,1.1200278197484768,5,4413.0
LCE3E,0.0008906163,0.0009328653,0.0010898383,0.0010729567,0.0009767602,0.00099260736,8.679328122722402e-05,0.08743969138736189,5,4160.0
CRHR1,0.00086945365,0.00082454307,0.002035719,0.00065101025,0.0005810108,0.000992347354,0.0005953138481322359,0.5999047064846971,5,4229.6
RHOB,0.0008915476,0.0015506314,0.0007445064,0.00070547714,0.0010633672,0.000991105948,0.00034300052393043294,0.34607856468078924,5,4174.0
SIGLEC15,0.001972715,0.0007819305,0.00037070297,0.0002930817,0.0015355132,0.000990788674,0.0007375342632104982,0.7443910922325483,5,4304.6
KRBA1,0.0009014807,0.00052736676,0.0017163971,0.00087247044,0.00093508203,0.000990559406,0.0004377058213975306,0.4418774065909285,5,4211.6
ZNF737,6.0676626e-05,0.0021338067,0.000681704,0.0016618968,0.0003993151,0.0009874798452000001,0.000875686063763836,0.8867887967743565,5,4327.0
MSRA,0.0010450835,0.0010786128,0.001096918,0.0011542167,0.0005554815,0.0009860625,0.0002439332956414417,0.24738117070818705,5,4180.0
KLRF1,0.00093335356,0.0009313376,0.0010835137,0.0010543991,0.0009239523,0.000985311252,7.712737742395055e-05,0.07827717106386049,5,4168.8
ITGB2,0.0009258672,0.0012749499,0.001043717,0.0007016527,0.0009764919,0.00098453574,0.00020698570067217924,0.2102368581075373,5,4163.8
DOCK3,0.0010243575,0.0010558867,0.00092452293,0.0010514853,0.00086536194,0.000984322874,8.509212809872475e-05,0.08644737448082991,5,4164.2
TOMM7,0.0011669659,0.000975006,0.00079873326,0.00076983706,0.00119431,0.000980970444,0.00019870288590675747,0.20255746452107937,5,4170.6
MICA,0.00039681612,0.0012695618,0.00040408963,0.0014266389,0.001403594,0.00098014009,0.0005325740122010744,0.5433651960926059,5,4233.8
CALCOCO1,0.00016939561,0.0007420042,0.0016116224,0.000918602,0.0014576718,0.000979859202,0.0005797862317021525,0.5917036146813187,5,4244.8
MANEA,0.002169387,0.00045774278,0.00044376656,0.00063348346,0.0011911357,0.0009791031,0.0007313665831758676,0.7469760673578376,5,4295.0
CST2,0.00072561536,0.0019111657,0.000858861,0.0012465281,0.00015234924,0.00097890388,0.0006523980312026422,0.6664577028774696,5,4276.8
USP34,0.0009878853,0.0011631171,0.0009995424,0.0013718859,0.00036746013,0.000977978166,0.00037507838099558246,0.38352428922792786,5,4205.8
TBC1D15,0.00219677,0.00014819851,0.0022846432,6.14149e-05,0.00019880722,0.000977966766,0.0011541833591587715,1.18018668863311,5,4534.8
VPS25,0.0011561003,0.0012441434,0.0013325433,0.00028138875,0.0008686604,0.00097656723,0.0004258711939671131,0.4360899904117335,5,4213.4
SETMAR,0.0005837589,0.0009078641,0.0011821098,0.0015694753,0.0006386473,0.0009763710799999999,0.00040834909038089213,0.41823144780250165,5,4204.8
KRT2,0.0012068308,0.0009619029,0.00012754998,0.001095558,0.0014796633,0.000974300996,0.0005102218696197225,0.5236799220307095,5,4302.6
TRPA1,0.0011287535,0.0010255469,0.00085272535,0.0014178455,0.00044443118,0.000973860486,0.000360123289673184,0.3697894050022931,5,4199.4
SIGLEC14,0.00062251143,0.0016748282,0.00029111034,0.0012993849,0.0009785077,0.0009732685140000001,0.0005447328807863676,0.5596943422607911,5,4250.8
WRN,0.00066343695,0.002159262,0.0007210207,0.00069154054,0.000620977,0.0009712474379999999,0.0006651437147305958,0.6848344600015263,5,4235.6
ZFP36L2,0.0010307956,0.00094706326,0.0011552857,0.0006701654,0.0010474601,0.0009701540120000002,0.0001833396612140748,0.18897995467350062,5,4185.2
EMP2,0.0013343453,0.0023020105,8.3431834e-05,0.00067089754,0.00045888452,0.0009699139388,0.0008723107045582976,0.8993691807724102,5,4390.0
LSM8,0.0009801106,0.0011870015,0.0011183593,0.0006063462,0.00095612573,0.000969588666,0.00022452065204301095,0.23156278524713175,5,4187.6
SSPOP,0.00077344483,0.0017814515,0.00043631374,0.0011847564,0.00066796836,0.0009687869660000001,0.0005289717765305137,0.5460145471553688,5,4240.0
ACO2,0.0011199836,0.00090758456,0.00075009407,0.00065695436,0.0014072945,0.0009683822179999999,0.00030164563308159313,0.3114943949555186,5,4202.2
TMX3,0.0010789918,0.0012167315,0.00081440946,0.0009209187,0.00079481356,0.000965173004,0.00018024068978356764,0.186744437563618,5,4185.2
GZMB,0.0009851847,0.0008942748,0.00046406788,0.00058491295,0.0018757874,0.000960845546,0.0005545845339109937,0.5771838525137876,5,4267.0
TRAF3IP2,0.0026845874,0.0009879408,0.00016865319,0.00011992817,0.0008325898,0.0009587398720000001,0.0010396102949244111,1.0843507454798031,5,4460.2
SOX9,0.001138614,0.0011603254,0.0007367564,0.0009405327,0.0008167448,0.0009585946599999999,0.0001889193511897815,0.19707949467377747,5,4194.0
SLC9A8,0.0010057614,0.0013150178,0.0006559449,0.0009941874,0.0008214072,0.0009584637399999999,0.0002454313498411888,0.2560674333294954,5,4199.8
CRPPA,0.0016004993,0.0007306499,0.0003826106,0.0010635187,0.001007806,0.0009570169,0.00044977115885761837,0.4699720128846402,5,4255.6
TPK1,0.0021756,0.0007711535,0.00047429302,0.0008266089,0.00053630833,0.00095679275,0.0006975876316827079,0.7290895877740586,5,4296.6
NT5C2,1.2491583e-05,0.00033444527,0.00038163795,0.0002659476,0.0037859841,0.0009561013006,0.0015883491783534984,1.661277081577791,5,4658.4
SORL1,0.00079661125,0.0008464691,0.0014615704,0.0003200903,0.0013552437,0.00095599695,0.00046281202975257676,0.4841145463409447,5,4248.0
ZNF462,0.001132393,0.00034121345,0.0013896495,0.00069857325,0.0012157377,0.0009555133800000001,0.0004274517229412823,0.4473529433374154,5,4240.6
HDAC11,0.0028536567,0.00055450137,0.0004231523,0.00045714318,0.00048022697,0.000953736104,0.0010631816929801386,1.114754583077143,5,4402.8
S100P,0.0013230968,0.0018642277,0.00040432726,0.00028936632,0.00088738237,0.00095368009,0.0006544200409946498,0.6862049945853959,5,4293.4
NSF,0.0012780362,0.0013528684,0.0007309873,0.0006952205,0.0007100959,0.0009534416599999999,0.0003317697261239986,0.3479706625405886,5,4210.6
NAPRT,0.002030734,0.0012782441,0.00035846425,0.0006010482,0.00049621525,0.0009529411600000001,0.0006988006542308663,0.7333093411883543,5,4312.0
CTC1,0.00068436563,0.0012166235,0.0008821569,0.0012908569,0.0006903844,0.000952877466,0.0002871387654441756,0.30133860405948104,5,4206.8
ARSI,0.0011377117,0.0010149078,0.00093725644,0.00097453594,0.00069683976,0.0009522503280000001,0.0001614604461835831,0.16955672414699666,5,4195.4
DEF6,0.0008831303,0.0007580155,0.00152467,0.0008554338,0.00073951244,0.0009521524080000002,0.0003258833490355642,0.3422596490829482,5,4222.8
FCER1A,0.00086106604,0.0009158405,0.0012574795,0.00094843266,0.0007693469,0.00095043312,0.00018456491048638907,0.19419031871110412,5,4205.4
CLDN5,0.0042741294,2.313238e-06,0.0002413844,9.27207e-05,0.00013808259,0.0009497260656,0.0018603910771022771,1.9588712413899627,5,4856.4
TAF1B,0.0012617963,0.0011377614,0.00037329103,0.0013548308,0.0006163411,0.000948804126,0.00043019576930359324,0.4534084090856844,5,4256.2
TNFSF18,0.0003682143,0.000777444,0.0013052298,0.00080262497,0.0014882858,0.000948359774,0.00044885853420398937,0.47329984517456913,5,4235.8
RBM5,0.0011467497,0.001547099,0.00033130808,0.001001714,0.00070932123,0.000947238402,0.00045787002198536685,0.4833735847476408,5,4263.0
INSIG1,0.0014767898,6.7380606e-05,0.0012861249,0.00018669649,0.0017184209,0.0009470825391999999,0.0007652719788572737,0.8080309235810624,5,4401.2
ADAMTS1,0.00015012943,0.00062222144,0.00042773376,0.00061599415,0.0029122548,0.0009456667159999999,0.00111600892243271,1.180129218413467,5,4428.0
SATB2,0.0005156397,0.0010261423,0.0015232537,0.001060724,0.000595124,0.00094417674,0.000406544447876223,0.4305808760722309,5,4232.4
ZFP36L1,0.0011600198,0.00090282963,0.0010096119,0.0006466674,0.001000586,0.0009439429459999999,0.00018991650068026758,0.20119489370098814,5,4207.4
EXTL2,0.0010542526,0.00037027383,0.0015676226,0.0011416711,0.00058478065,0.000943720156,0.00047390255190458194,0.5021642792003501,5,4270.6
GPR63,9.8416895e-05,0.0006889143,0.00051413575,0.0024597002,0.0009566797,0.000943569369,0.0009031015611617047,0.9571119949758613,5,4367.8
TENT4B,0.0005785519,0.0015312865,0.00046830886,0.001247213,0.0008841288,0.0009418978120000001,0.0004472807830482053,0.47487187819075777,5,4246.2
TRIM26,0.0010579616,0.0009712995,0.0015698571,0.0005850791,0.0005251141,0.00094186228,0.00042121739607857135,0.44721760816089945,5,4248.2
IZUMO3,0.0010033983,0.00047586652,0.0011652908,0.0011432389,0.00092114275,0.0009417874540000001,0.0002792135596887275,0.2964719465128142,5,4237.4
TRIM56,0.00075043266,0.0030828833,0.0005087395,0.00035261476,1.1989046e-05,0.0009413318532,0.0012267932909034564,1.3032527123490485,5,4543.4
LILRA6,0.0019700145,0.000825963,0.00032054228,0.0007100285,0.0008800288,0.0009413154159999999,0.000615251362959131,0.653608081309837,5,4305.2
HABP4,0.001024797,5.0151666e-06,0.0005186696,0.0027411587,0.00040895198,0.00093971848932,0.001070641249643348,1.13932125611159,5,4496.6
TBL1XR1,0.000355149,0.0015886122,0.0015326443,0.00082196144,0.00039499078,0.0009386715440000001,0.0005968532215016294,0.6358488497033093,5,4269.8
NT5M,0.0012182557,0.00072046876,0.0004388203,0.00056127884,0.0017544676,0.0009386582400000001,0.0005439621950311747,0.5795103817883436,5,4290.4
HS3ST3B1,0.001412666,0.0005474567,0.00023821344,0.00042792555,0.0020408838,0.000933429098,0.0007654993901707725,0.8200937723186047,5,4387.0
VPS16,0.00042958968,0.0020977159,0.0004370588,0.000725189,0.0009774844,0.000933407556,0.0006894030379443592,0.7385873764496923,5,4283.8
NFASC,0.0012861184,0.0020841437,0.0006685967,4.2311935e-05,0.0005791376,0.000932061667,0.0007807485114366613,0.8376575703940642,5,4381.8
ZFP42,0.0011672382,0.0008101746,0.00085487135,0.0004226756,0.0014007832,0.0009311485899999999,0.0003725898133396436,0.4001400177598332,5,4251.0
DCP1B,0.0014458732,0.0011515396,0.0009135517,0.0008126579,0.00032559672,0.000929843824,0.00041669769340966584,0.44813729214989745,5,4261.8
GABRG3,0.0015140483,0.0010504738,0.0005458525,0.0007762115,0.00076068804,0.0009294548280000001,0.00037266325665549706,0.4009482176313974,5,4251.8
TDH,0.00094629533,0.00060499855,0.0011483943,0.00060777104,0.00133079,0.0009276498439999999,0.0003232739013402417,0.34848698938631173,5,4249.0
RBMXL2,0.0010662645,0.00028829405,0.00060402014,0.00051281333,0.0021617475,0.000926627904,0.0007462920299011717,0.8053848008241846,5,4352.2
NR4A1,0.00090909144,0.001724805,0.00072742195,0.00062808674,0.00064125936,0.0009261328980000001,0.00046033629652953757,0.4970520942767952,5,4256.8
ADAM15,0.0015660813,0.00030409003,0.00038891015,0.0008972282,0.0014678545,0.000924832836,0.0005872326823020388,0.6349608917887067,5,4336.4
CD226,0.0012640746,0.0010080349,0.00045094383,0.0012887958,0.0006080318,0.0009239761860000001,0.00038059381702531175,0.4119086863839494,5,4264.2
FBXO45,0.00093396276,0.0015783411,0.00030509883,0.00083623966,0.00096395164,0.000923518798,0.00045293405783904616,0.4904437882801452,5,4286.0
ATXN1,0.0011063246,0.0013691818,0.0005948491,0.00064215704,0.0008974712,0.0009219967480000001,0.00032399404933784433,0.35140476367259843,5,4240.8
MYOCD,0.0011256968,0.0010279486,0.0009770227,0.00094675494,0.0005247727,0.0009204391480000001,0.00023137369303377714,0.2513731554514206,5,4235.8
MICAL2,0.0016976168,0.0007937204,0.0006317797,0.0005591025,0.00091376156,0.000919196192,0.0004566147335155397,0.4967543789776053,5,4273.4
PLCH1,0.0012792777,0.00051107374,0.0003239315,0.00013551477,0.0023414905,0.0009182576420000002,0.0009065919626751235,0.9872958538091027,5,4446.8
TRIM5,0.0012014543,0.0011930801,0.00040105634,0.0012944364,0.00050071365,0.0009181481579999999,0.00042984831644604974,0.4681687946555242,5,4285.8
RMND5A,0.0018622512,0.00054441276,8.221944e-05,4.1649502e-05,0.0020502696,0.0009161605004000001,0.0009720744085075597,1.0610306906739018,5,4588.2
FANCA,0.00033861827,0.0020314308,0.0005212701,1.1297618e-06,0.0016874516,0.0009159801063600001,0.0008895915281167451,0.9711908827931645,5,4495.6
CPA3,0.0039446335,0.00025390452,0.0001915338,0.00017551513,1.3127314e-05,0.0009157428528,0.0016955337784973113,1.8515391884446617,5,4838.2
TSPAN14,0.00040523428,0.00063042494,0.0013114744,0.0011035792,0.0011256612,0.0009152748039999998,0.0003801236253471921,0.4153109248566097,5,4252.0
ATP10B,0.0006688524,0.0005177178,0.0019158599,0.0006306607,0.00083966483,0.0009145511260000001,0.0005715473612865976,0.6249485075661013,5,4300.6
KCNN3,0.0013503665,0.00081161817,0.00043144912,0.00071722874,0.001255735,0.0009132795060000001,0.00038381384050543976,0.42025889991386683,5,4275.8
PTPRE,0.00032742246,0.0013233037,0.0009209808,0.0009608232,0.0010281067,0.000912127372,0.00036292102384671084,0.3978841497223601,5,4245.2
NID2,0.0016182782,0.000532564,0.00020893988,0.00035295755,0.0018476332,0.000912074566,0.0007624027846665854,0.835899621683547,5,4426.4
ARHGEF10,0.0007864371,0.0009798857,0.0018292607,0.0005765669,0.00038745656,0.000911921392,0.0005588834529693882,0.6128636282384614,5,4301.2
LRP12,0.0010008819,0.0008290553,0.0003758844,0.0017993653,0.0005461599,0.00091026936,0.00055304632057521,0.6075633706655907,5,4329.4
FOXN3,0.0016718901,0.00087976875,0.0009649554,9.338189e-05,0.00093461724,0.0009089226760000001,0.0005594362992991063,0.6154938303014746,5,4341.8
UBE2V2,0.001123602,0.0014560699,0.0005991328,0.00068579795,0.00068000326,0.000908921182,0.00036865153143561416,0.40559240860074286,5,4263.2
EGLN3,6.10671e-07,0.0007595897,0.0001224148,0.0035476813,0.00010884054,0.0009078274022,0.0015057471714331212,1.6586271440850335,5,4796.0
CUBN,0.00034166832,0.00091306434,0.0010794397,0.00099372,0.0012103491,0.000907648292,0.00033500412990945783,0.3690902443845042,5,4253.4
MAGI2,0.0005409018,0.0007407602,0.0015414109,0.0010704019,0.0006423797,0.0009071709000000001,0.00040646792347236334,0.4480610251854015,5,4277.0
HDGF,0.00066678907,0.0024038483,0.0012719394,7.125457e-05,0.00011056643,0.0009048795540000001,0.0009700761907589206,1.0720500717147605,5,4489.6
CARMIL1,0.0011089979,0.000592464,0.0019622762,0.00022817035,0.0006309522,0.00090457213,0.0006690154172414727,0.73959322319766,5,4354.6
DIP2A,3.6292292e-06,0.004502636,6.951413e-06,2.714304e-06,6.187503e-06,0.0009044236898399999,0.002011462592298441,2.224026874676719,5,5221.4
FKBP15,0.00015668177,0.00016436765,6.1602565e-05,0.0039820364,0.00014534123,0.000902005923,0.0017222823023432378,1.909391344809648,5,4836.0
MON1B,0.0006924861,0.0011156866,0.0019039552,0.00015378781,0.0006431263,0.0009018084020000001,0.0006558027810224519,0.7272085506943989,5,4351.4
LRRK2,0.0011868335,0.0007480867,0.0004929385,0.00083046115,0.0012504748,0.00090175893,0.00031571464178195314,0.350109803494769,5,4272.6
PRPF31,0.00093686965,0.0016750268,0.00053645286,0.0008012141,0.0005545691,0.0009008265020000001,0.0004645616697483183,0.5157060418592327,5,4288.6
MED12L,0.0034500968,0.00018067911,0.0006023622,4.4751073e-06,0.00026174518,0.0008998716794599999,0.0014420764940284239,1.6025357025279352,5,4710.6
KCNK3,0.0006057954,0.0015518435,0.000660846,0.00042781906,0.0012497897,0.0008992187320000001,0.0004780051132823645,0.531578242614239,5,4286.0
DYSF,0.0015673162,0.00092104066,0.0007870214,0.00018141128,0.0010369177,0.000898741448,0.0004984039700715877,0.5545576774952385,5,4318.8
ST8SIA4,0.0008957146,0.00045787374,0.00031203838,0.0024415506,0.00038115875,0.0008976672140000001,0.0008925721464729176,0.9943241020195235,5,4443.4
MGAT5B,0.0004318766,0.0015790513,0.00044122222,0.0005680853,0.0014648018,0.000897007444,0.0005744238203372234,0.640377985912482,5,4319.4
UBE2G2,0.00064865866,0.0016124543,0.00049609743,0.0007868161,0.0009396826,0.000896741818,0.0004325023439376759,0.4823041986625362,5,4280.8
RGS17,0.0012191881,0.0003368659,0.00015723528,0.00021394341,0.002555032,0.0008964529379999999,0.0010223064785698278,1.1403905718136294,5,4534.6
SLC26A8,0.00040856595,0.0011427919,0.00033066722,0.0014391927,0.0011583755,0.0008959186540000001,0.0004954791939111123,0.553040381176294,5,4314.4
TRIM22,0.00062740047,0.00094764435,0.0011304728,0.001230855,0.00054150796,0.0008955761160000001,0.0003031426724345806,0.3384890094976367,5,4271.6
OR5H15,0.0022688243,0.00038920733,0.00016050108,0.0010132464,0.0006435964,0.000895075102,0.000830646442354049,0.9280187109416982,5,4452.6
PCDH15,0.0012558174,0.0007230464,0.0010931634,0.0009620079,0.0004350447,0.0008938159599999999,0.0003221288161210403,0.36039725238408177,5,4279.6
PTPRD,0.00090711634,0.0012990806,0.00075447944,0.0006229377,0.0008827548,0.000893273776,0.0002536369972677036,0.28394094182801083,5,4263.6
OR1Q1,0.0013417327,0.00060546177,0.00055357604,0.00073804543,0.0012248135,0.0008927258880000001,0.0003651570334260647,0.4090360079555178,5,4286.8
ST8SIA5,0.00058604166,0.0014676172,0.00032399676,0.0013451529,0.0007320277,0.000890967244,0.000494597488373833,0.5551242110241181,5,4321.6
SMYD3,0.001188847,0.00034481823,0.0005863206,0.0018639693,0.0004659682,0.0008899846659999999,0.0006338716418392144,0.7122275990305821,5,4360.4
QPRT,0.0003544732,0.0031536298,0.0003955242,0.00011018297,0.00042282362,0.0008873267580000001,0.001272954023221763,1.4345944284278676,5,4528.4
NEFM,0.00199137,0.0007642571,0.00040801853,0.001025437,0.00024467663,0.0008867518520000001,0.0006884522444828287,0.7763753105562486,5,4388.8
PAX7,0.0013674931,0.00070577266,0.00056317775,0.0012539969,0.00054167275,0.0008864226320000002,0.00039449771385246434,0.44504472202201656,5,4303.0
MED9,0.004032792,0.00019118645,5.0060797e-05,6.830296e-05,8.432534e-05,0.0008853335094000001,0.0017603386464187906,1.9883339190581306,5,4934.0
CCL7,0.0012125538,0.00062751817,0.00036412833,0.00035978743,0.0018625502,0.000885307586,0.0006473692619833532,0.7312365467332086,5,4381.6
PSMA6,0.0012491286,0.00042761752,0.0006868417,0.001505758,0.0005541339,0.0008846959439999999,0.000467938962539655,0.5289263115912455,5,4322.0
EGR3,0.0007523265,0.0013538217,0.00041887953,0.0009977047,0.00089391123,0.0008833287320000001,0.0003418450417531037,0.38699640277647357,5,4292.6
CCDC88C,0.0013480703,0.001121686,0.0003107205,0.0006634023,0.00095849956,0.000880475732,0.0004045542888226327,0.45947238989050604,5,4323.4
PROK2,0.0008871133,0.0009367589,0.0006345965,0.0015750426,0.00036823613,0.000880349486,0.0004495778334527198,0.5106810881385803,5,4322.0
TGFBI,0.0016261635,0.00016401711,0.0021872695,0.00018588973,0.00023726803,0.000880121574,0.0009582847164874356,1.0888094835946331,5,4521.4
RPL39L,0.00042038484,0.0012693759,0.00087972055,0.00046159918,0.0013682694,0.000879869974,0.0004405468004407043,0.5006953452882622,5,4297.6
SLC44A2,0.0009774389,0.0011184083,0.0011820985,0.0006628353,0.0004417231,0.0008765008200000001,0.00031495328508395024,0.3593302800149693,5,4292.2
FBXL4,0.0007466215,0.0011268376,0.0007386401,0.0010731611,0.0006919315,0.0008754383600000001,0.00020692883729197346,0.2363716816018588,5,4278.2
UCN3,0.0011072698,0.00043334858,0.00038803602,0.0017205199,0.0007232465,0.00087448416,0.0005531886771710961,0.632588561891271,5,4372.0
ROBO2,0.000894436,0.0009730995,0.00041903835,0.0014198327,0.0006543009,0.00087214149,0.00037530394502322114,0.4303246082504585,5,4322.2
RUNX1T1,0.0015061153,0.0009638864,0.0006018582,0.00023757578,0.0010508484,0.0008720568160000001,0.00047906229795068646,0.5493475759390044,5,4340.0
TRPM3,0.00087454304,0.0008828895,0.0002449144,0.0015289183,0.00082573947,0.000871400942,0.00045470905344747255,0.5218138190255394,5,4362.2
OSBPL3,0.00038662925,0.0010363932,0.0007046866,0.0013467316,0.0008765388,0.0008701958900000001,0.0003591580716275572,0.412732438471477,5,4290.0
ASIC4,5.1204282e-05,0.0009885799,7.5045435e-05,0.002655476,0.00057492685,0.0008690464934,0.0010713809482936294,1.2328235099390707,5,4602.8
CDH23,0.0007421934,0.00069882354,0.00061385165,0.0010598727,0.001214717,0.0008658916579999999,0.0002578977242017459,0.29784063839744945,5,4296.2
SFRP1,0.0008879868,0.00182463,0.00040553504,0.00075155153,0.0004583222,0.0008656051140000001,0.0005724468833187621,0.6613256715564668,5,4356.2
UBD,0.00055955065,0.0009984365,0.0007154816,0.0004874257,0.0015568899,0.00086355687,0.00043437424230372706,0.503005948298144,5,4321.2
CYB5R3,0.0004988069,0.001514469,0.00047240476,0.0005617187,0.001266879,0.000862855672,0.0004907906065159305,0.5687980301251708,5,4333.4
B3GALT1,0.00089784025,0.00084875594,0.0007733417,0.001257362,0.00052845525,0.0008611510280000002,0.00026309685969881636,0.305517674768213,5,4308.4
TNFRSF9,0.0009489381,0.0006357077,0.00066795625,0.0008328932,0.001218102,0.00086071945,0.0002366786092751571,0.2749776472172868,5,4297.8
NECTIN4,0.001139775,0.000789906,0.00031908115,0.001202177,0.00084484316,0.000859156462,0.00035110243985634763,0.40865948798083723,5,4343.0
KCNH5,0.0008575299,0.0009710939,0.00069899217,0.000541731,0.0012243951,0.0008587484140000001,0.0002609322662397091,0.30385181734927674,5,4304.0
OR51Q1,0.00093223253,0.0010024708,0.0007019545,0.00091976544,0.00073447434,0.0008581795219999999,0.0001321040080288801,0.1539351669928103,5,4290.0
GPD1,0.0025382394,0.00063192524,0.0004934353,0.00026473266,0.00036229572,0.000858125664,0.0009493300861490824,1.1062832938988787,5,4476.0
AKAP12,0.001277846,0.0007793349,0.0007042233,0.0005775689,0.0009420886,0.00085621234,0.00027009380360936276,0.31545189317098926,5,4305.8
EXOC6B,3.4889727e-05,6.793015e-05,0.0019025154,0.0020747688,0.00019716778,0.0008554543713999999,0.0010380181169846025,1.213411435709688,5,4634.4
ESM1,0.0010217695,0.00031121535,0.0009395016,0.0012110205,0.0007840082,0.0008535030300000001,0.00034001233786438474,0.3983727367252401,5,4339.6
BCL11B,0.00027414545,0.0008831807,0.00043675094,0.0019711282,0.00070221076,0.0008534832100000001,0.0006674941280143544,0.7820823188945384,5,4395.4
MCFD2,6.936457e-07,0.0025711588,0.00039337674,0.001297674,1.4474394e-06,0.0008528701250199999,0.0010968849039591038,1.2861101260093752,5,4746.6
POP1,0.0008224948,0.0015625427,0.0006932745,0.0003836319,0.0008016193,0.00085271264,0.0004338316558447043,0.5087665357519554,5,4332.8
KRT4,0.00020963521,0.0020035894,0.0005793633,0.00081168313,0.00065726764,0.000852307736,0.0006805635731402196,0.7984951261080886,5,4367.6
SIGLEC5,0.001860091,0.00090247084,0.00024274999,0.0003524833,0.00090095896,0.000851750818,0.0006406820481996377,0.7521942270675198,5,4427.8
DHH,0.0005580295,0.00200664,0.00057538925,0.0006630082,0.00045151712,0.0008509168140000001,0.0006504276021715626,0.7643844750393691,5,4362.8
PNPLA3,0.0001640442,0.0002873872,0.0031972663,0.00012988847,0.00047258585,0.000850234404,0.0013188754098593012,1.5511903583935676,5,4627.0
LRP10,0.00078722194,0.0007181786,0.00075293705,0.00095308933,0.0010356345,0.0008494122840000002,0.00013768172816103975,0.16209057810263516,5,4299.0
MICALL2,0.0004578181,0.0018241953,0.0006014809,0.0009053206,0.00045746856,0.000849256692,0.0005748398485520617,0.6768740876192727,5,4348.6
SEPTIN9,0.0003737833,0.0006013787,0.0012066852,0.00029795032,0.0017640446,0.000848768424,0.0006237082699771712,0.7348391532260526,5,4386.6
SLC4A10,0.0006362593,0.0011574241,0.0005204335,0.0007075429,0.0012206171,0.0008484553800000001,0.00031876632229489363,0.3757019282438796,5,4311.0
CCN4,0.00055682927,0.0012657885,0.0010686003,0.00091128645,0.00043945442,0.0008483917879999999,0.0003460151786060212,0.40784833552163197,5,4321.6
CORIN,0.0010729057,0.0017847193,0.0004895788,0.0005293497,0.00036302602,0.0008479159039999999,0.0005901756342608666,0.696030858103667,5,4375.8
ITGAE,0.0027798456,0.00064209587,0.00030367973,0.000120782344,0.00039236865,0.0008477544388000001,0.0010962611041766845,1.293135198122285,5,4566.4
LCE3B,0.00086842285,0.0012033627,0.0004721277,0.0009436344,0.00075081445,0.0008476724199999999,0.00026766124126850294,0.3157602334973963,5,4322.8
KRT86,0.0010153513,0.001241586,0.00037326477,0.00049547787,0.0011111067,0.0008473573280000001,0.0003878739673524674,0.45774545700567465,5,4349.2
NCAM2,0.0011867654,0.00082264835,0.0011511527,0.00057968835,0.0004933996,0.00084673088,0.000318210148247264,0.37581025537566787,5,4327.2
OTX1,0.0005694074,0.0006356959,0.00066487986,0.0017222636,0.0006378109,0.000846011532,0.0004910998837670459,0.5804884037526878,5,4353.4
CDH15,0.0009735285,0.001948226,0.0006064237,0.0004120196,0.00028974123,0.0008459878059999999,0.0006682674021214383,0.7899255726641506,5,4397.0
GRXCR1,0.00048849906,0.00074807415,0.0011448192,0.0010980794,0.00074955524,0.0008458054099999999,0.0002736488328118828,0.3235363945140559,5,4317.4
HSD17B2,0.00073076884,0.0008468301,0.0010218259,0.0008381937,0.0007869486,0.0008449134279999999,0.00010924257340874443,0.12929439844190102,5,4304.0
IFI30,0.0007794897,0.00061817083,0.00031343164,0.00017605697,0.0023354592,0.0008445216679999999,0.0008670726978409563,1.0267027249808307,5,4496.4
FCRL3,7.17153e-05,2.1164276e-05,0.0010278269,0.0014287938,0.0016697347,0.0008438469952,0.0007633963718080029,0.9046620728051185,5,4529.8
ZNF112,0.000497402,0.0014146324,0.000818116,0.0008384518,0.00064444466,0.000842609372,0.0003486634975174286,0.41379019638702597,5,4317.0
IL22RA2,0.0007948858,0.0006308383,0.0006750046,0.0015070612,0.00059012976,0.000839583932,0.0003809239772021067,0.45370565429318704,5,4341.2
RGS21,0.00056321215,0.0009079721,0.0007383148,0.00074583455,0.0012406022,0.0008391871599999999,0.00025540044599573777,0.30434265223473844,5,4318.2
OR14J1,0.0012426577,0.0005267277,0.0006607202,0.0012340847,0.0005313581,0.0008391096800000001,0.0003684333772426868,0.43907654270260205,5,4351.4
MBD2,0.0016010711,1.3851952e-05,1.645132e-05,1.5063098e-05,0.002545948,0.0008384770940000001,0.0011758773447484963,1.4023965033307113,5,4895.8
SLC2A13,0.0006084773,0.00058715476,0.0015160402,0.0005973619,0.00088070915,0.000837948662,0.00039845742261544363,0.47551531577652145,5,4341.6
RAB5B,0.0014599026,0.0010667988,0.00071559224,0.0009243063,7.328358e-06,0.0008347856596000002,0.0005365416779706048,0.6427298693986868,5,4497.8
ICAM1,0.0007068649,0.0006468858,0.00040468146,0.0020514796,0.00036217956,0.000834418264,0.0006964839724601469,0.8346940647264487,5,4434.8
GFPT2,0.0011140888,0.0008989274,0.0004989858,0.0010667603,0.0005921356,0.0008341795800000001,0.0002772974041333636,0.33241931447586337,5,4339.4
TWSG1,0.0010316696,0.0015723702,1.8197228e-05,0.00023268699,0.0013141062,0.0008338060436000001,0.000678578863691126,0.813832987778941,5,4561.8
TJP3,0.00047968572,0.00075323717,0.0014462294,0.0010170018,0.00046734948,0.000832700714,0.0004107310262948395,0.4932516802127295,5,4347.0
ASTN1,0.0020918138,2.7269125e-05,0.0006776274,2.9493473e-05,0.0013347435,0.0008321894595999999,0.0008881611712795456,1.0672583761232077,5,4625.6
ZNF343,0.0012702262,0.0002921287,0.00030281313,0.0016545336,0.0006408314,0.000832106606,0.0006075872090163787,0.7301795282422968,5,4444.2
PDLIM5,0.0011074232,0.00093579094,0.0005936285,0.0005641871,0.0009586321,0.0008319323679999999,0.00024042196531460914,0.28899220004216636,5,4328.8
PHB,0.0010847945,0.0007750382,0.00012782004,0.001586238,0.0005797278,0.000830723708,0.0005467008324681757,0.6581018781616086,5,4455.8
ESYT1,0.00017175291,0.0023071268,0.0006248717,4.9026024e-05,0.0009968338,0.0008299222468,0.000907610085887173,1.0936085752451155,5,4506.8
TPO,0.00077975006,0.00038133687,0.0011098491,0.0009253455,0.00094450347,0.000828157,0.0002758278472297084,0.33306226624868035,5,4345.4
STON1-GTF2A1L,0.0009970607,0.00044036546,0.0010142856,0.000828238,0.000860714,0.0008281327520000001,0.00023163255167257582,0.2797046139198897,5,4343.0
UGT3A1,0.0008723781,0.00096777664,0.0006001139,0.0007831449,0.0009097554,0.000826633788,0.00014328781540271914,0.17333892889788233,5,4326.4
SLC9A9,0.00081083726,0.0009914736,0.00092003285,0.000898118,0.0005052755,0.000825147442,0.00019007575753428113,0.23035368936438044,5,4330.4
DNMT3L,0.00067388563,0.00069473067,0.0010202699,0.000578896,0.0011574771,0.00082505186,0.0002495216285205893,0.30243144778873576,5,4333.8
CHAF1A,0.0008037232,0.0005682352,0.00013415467,0.0008086292,0.0018095251,0.000824853474,0.0006150621316162693,0.7456622915505468,5,4480.6
C19orf12,0.0010731174,0.0010524298,0.00023350662,0.0004494622,0.0013153107,0.000824765344,0.0004595062358501685,0.557135722533667,5,4412.6
LIG3,0.0007687897,0.0014430122,2.9778435e-06,0.001107014,0.0007973797,0.0008238346887,0.0005341130709802469,0.6483255418912622,5,4540.6
ZNF766,0.0014504062,0.000593797,0.0005823409,0.00012943799,0.0013594058,0.0008230775780000002,0.0005641029984225841,0.6853582377900519,5,4430.0
MIR495,0.0015207318,0.0012810177,0.0002655688,0.0008073933,0.00023359766,0.000821661852,0.0005820157118282946,0.7083397025328793,5,4447.8
FBXO31,0.0005709494,0.0015243184,0.0008966612,0.00039253882,0.00072351284,0.000821596132,0.00043473774962309486,0.5291380189008665,5,4358.6
HHLA1,3.1186824e-05,0.0012768602,0.00052586285,0.00040978868,0.0018614084,0.0008210213908000001,0.0007365907443140051,0.8971638894770743,5,4493.8
APOBEC3A_B,0.0001944401,0.0011549375,0.0016961201,0.0009905738,5.8774793e-05,0.0008189692586,0.0006855013989587721,0.8370294632677828,5,4497.6
DMRT1,0.0007866784,0.00032061554,0.0008260081,0.0016295286,0.000523944,0.0008173549279999999,0.0004983678341612237,0.6097324639378986,5,4403.8
CYTL1,0.0008094199,0.00034288637,0.0010839946,0.0006476816,0.0011999293,0.000816782354,0.00034330403472180833,0.42031274676853303,5,4371.0
PRLHR,0.000744827,0.0005167294,0.0009871766,0.00059933634,0.0012306521,0.0008157442880000001,0.00029274950682998214,0.3588741118221377,5,4356.4
ATF5,0.001236134,0.0009960111,0.00085988344,0.0006210309,0.00036113424,0.000814838736,0.00033754681056493585,0.4142498333129512,5,4360.4
VIP,0.001959267,0.00062535383,0.00037531892,0.00044550316,0.00066666567,0.0008144217160000001,0.0006513757374509828,0.7998015335963643,5,4448.4
ARID1B,0.0010391902,0.0006181815,0.0006796209,0.0009341352,0.0007969017,0.0008136059000000001,0.0001745259974924796,0.21450925748262098,5,4347.8
CD200,0.0005497526,0.0010616757,0.0006362588,0.0014370334,0.00038179132,0.0008133023640000001,0.00042945733258894586,0.5280414168191767,5,4372.2
PDGFD,0.0009594279,0.0021463225,0.0002780595,0.00034967574,0.00033252043,0.0008132012140000001,0.0007954371662962251,0.9781554092665498,5,4491.0
SOX17,0.0013833087,0.0011388792,0.00048955507,0.00067208824,0.00037057916,0.000810882074,0.0004334846550775848,0.5345840893229376,5,4386.8
NTSR1,0.0006370463,0.0007644588,0.0008117808,0.0011399406,0.00069778087,0.000810201474,0.00019585956971592144,0.24174180867501288,5,4347.2
ENSA,0.0010894057,0.00031121727,0.0016787988,9.312305e-06,0.0009584887,0.000809444555,0.0006604565179057107,0.8159379340141595,5,4554.2
C1D,6.61005e-05,0.0012076206,0.0012923176,0.0005136465,0.00096662214,0.000809261468,0.0005139241285119877,0.6350532539033327,5,4411.0
ASGR2,0.003827674,6.3913125e-05,7.035543e-05,2.6840115e-05,5.6244957e-05,0.0008090055254,0.0016875690512299227,2.0859796357948617,5,5057.4
FEZ1,0.0006346018,0.00064760516,0.0010139258,0.00090584083,0.0008399377,0.000808382258,0.00016491739573040173,0.20400917276242564,5,4339.6
TNFAIP2,0.0012046682,0.0020444656,0.0004950937,0.00020369931,9.349124e-05,0.0008082836100000001,0.0008154454125403403,1.0088605069455017,5,4535.8
OR8B4,3.6017009e-06,0.0018319119,0.0011516565,0.00084960874,0.00018829636,0.00080501504018,0.0007414970214533628,0.9210971030896085,5,4552.2
IFNLR1,0.0011571216,0.0008908807,0.00032296331,0.0009781277,0.0006735876,0.0008045361819999999,0.00032053308334342435,0.39840729418360005,5,4392.8
NMRK1,0.00025646557,0.0016183793,0.0007978653,0.00080470793,0.0005388981,0.0008032632399999999,0.0005082622441515825,0.6327467993575587,5,4387.2
SSR3,0.0029879508,0.00071319717,0.00018774488,0.000113171714,4.8236285e-07,0.0008005093853699999,0.001253044294476377,1.5653086864149792,5,4840.8
ZNF14,0.0009215139,0.0013427665,0.00039234076,0.0007809809,0.0005637062,0.000800261652,0.0003646036550650727,0.45560555620010224,5,4392.8
AREL1,0.0009746639,0.0012986525,0.00024150744,0.0012335377,0.00024783323,0.0007992389540000001,0.000520556413021986,0.65131511723337,5,4463.0
NFIB,0.00017929943,0.0017039616,0.0009333312,0.0007896295,0.0003818974,0.0007976238259999999,0.0005905679641558928,0.7404091313539735,5,4416.0
RABEP1,0.00018999308,0.00062955555,0.00021473157,0.002489645,0.00046397094,0.0007975792279999999,0.0009632607827896941,1.207730528796688,5,4568.4
HMG20B,0.0017395837,0.0009526652,0.00042607856,0.00079923234,6.955195e-05,0.00079742235,0.0006283834731956016,0.7880183859852957,5,4517.8
ERRFI1,0.00074256095,0.0007117317,0.00040793183,0.00018163386,0.001941984,0.0007971684680000001,0.0006803072906165466,0.853404666548535,5,4484.8
SIGIRR,0.0010433819,0.0009772441,0.00047722907,0.00063236634,0.0008509961,0.000796243502,0.00023741439682524018,0.2981680807804447,5,4371.2
ZNF804B,0.0019344775,0.0008649038,0.0003216942,0.00043193728,0.00042235065,0.000795072686,0.0006704468556245301,0.8432522804896483,5,4482.6
PTPN14,0.0012635654,0.0016742446,0.00037696326,0.00049524603,0.00016441644,0.0007948871459999999,0.0006432082325516862,0.8091818263616584,5,4486.4
VIL1,0.000948929,0.0004890396,0.0017002209,0.00017636486,0.0006563395,0.0007941787720000002,0.0005785031503440366,0.7284293798072412,5,4461.0
HNF4G,0.001457569,0.00073059875,0.0007553204,0.00033933346,0.00068451336,0.000793466994,0.0004075988267205278,0.5136934866890353,5,4403.8
OR5K4,0.0009337452,0.0009843822,0.00054141576,0.0011420711,0.00036180738,0.000792684328,0.0003269205552461768,0.4124221253005229,5,4394.4
FBXO9,0.0012568986,0.0007890029,0.00071787596,0.0002971051,0.0009022996,0.000792636432,0.0003459476126431603,0.4364518191149209,5,4389.2
UNC13C,0.00041633376,0.00065810466,0.0006082085,0.00056587235,0.001714543,0.0007926124540000001,0.0005232231423746744,0.6601248059302818,5,4411.4
GGA2,0.00030047313,0.0012663963,0.0003002531,0.00094413594,0.0011510515,0.0007924619939999999,0.0004638231839141265,0.5852939162078309,5,4417.0
PWWP3A,0.0010172562,0.0002905523,0.00043702763,0.0021334763,7.4352094e-05,0.0007905329048,0.0008280643020839916,1.0474760722243266,5,4599.2
RHOH,0.0034300494,0.0002287913,0.00015655768,4.050879e-05,9.622404e-05,0.000790426242,0.0014772547563210792,1.8689343519051322,5,4901.0
PROKR2,0.0006331446,0.00084369717,0.0011347786,0.00079410186,0.0005362152,0.0007883874859999999,0.00022954837973324243,0.2911618763736218,5,4374.6
ONECUT1,0.002260759,0.0007053467,0.00035513393,0.00028470685,0.0003168081,0.000784550916,0.0008423909417840794,1.0737237374968274,5,4545.4
LSP1,0.0016168891,0.000638871,0.00033109938,0.00048526554,0.00084029505,0.0007824840139999999,0.0005030620166327477,0.6429038902164048,5,4450.8
EXTL1,0.00070499396,0.00051812397,0.0004223686,0.00037449982,0.0018917607,0.00078234941,0.0006329533613937887,0.8090417827423028,5,4481.2
ADGRL3,0.0012205136,0.0005549033,0.0008393371,0.0010773372,0.00021745419,0.0007819090779999999,0.00040407011258276876,0.5167737834894005,5,4425.6
CCT6B,0.0011843222,0.0009286978,0.00038422213,0.0009876483,0.00041708528,0.000780395142,0.00035953154566706124,0.46070448970972866,5,4417.4
TRAM1,0.00043503722,0.00047145196,0.002357148,0.0004074152,0.00022725193,0.000779660862,0.0008868407852433292,1.1374699288718808,5,4541.0
CHRAC1,0.00034425932,0.00023478369,0.0006727751,0.0005085754,0.0021355834,0.000779195382,0.0007761930131847005,0.9961468344337551,5,4507.8
PTGER3,0.0011583976,0.0008752099,0.0004561696,0.00020858098,0.0011941642,0.0007785044559999999,0.00043449864626603,0.5581196651057192,5,4440.8
TIE1,0.0014858772,0.00056929176,6.384197e-05,0.0013259918,0.0004427937,0.000777559286,0.0006056666279439539,0.7789330522431108,5,4561.0
LSAMP,0.0013021708,0.0009485012,0.000260959,0.0010136585,0.0003611621,0.00077729032,0.00044733749220393653,0.5755088937733542,5,4457.8
HNRNPD,0.00068695995,0.0010505196,0.00024291425,0.0013432362,0.00056193257,0.0007771125140000001,0.0004286738681333016,0.5516239417208787,5,4445.8
LHX4,0.001243218,0.00054454023,0.0006982322,0.00056984276,0.00082860386,0.00077688741,0.0002842438000986431,0.3658751531301596,5,4399.2
MYRF,0.0001339635,0.00018247744,0.0012208723,0.00230716,3.74917e-05,0.000776392988,0.000981355687612746,1.2639934965676762,5,4689.2
NQO2,0.0007056862,0.0018657963,0.00065134093,0.0003485654,0.00031005486,0.0007762887380000001,0.0006340237936418498,0.8167370755311019,5,4458.2
MICB,0.000916509,0.0007713213,0.00044753816,0.00099589,0.0007483524,0.000775922172,0.00021021882720789287,0.27092772290040046,5,4399.4
USP4,0.00059099705,0.0008627998,0.0007308066,0.00082887104,0.00086607283,0.000775909464,0.00011695208504271793,0.15072903536941257,5,4370.0
CACNA2D3,0.0005554766,0.0006017228,0.0006869036,0.0017074621,0.0003279129,0.0007758956,0.0005374348610079131,0.6926638854607671,5,4449.4
ACOXL,0.0013089085,0.00090469234,0.001017075,0.0005035449,0.00014441328,0.0007757268040000001,0.00045601632004458513,0.5878568559100417,5,4459.8
SCN8A,0.0018324823,0.00073011004,0.0003830266,0.00037493446,0.0005514617,0.00077440302,0.0006090868360846488,0.7865243553474892,5,4482.6
ISL1,0.000674085,0.0011332607,0.00057130156,0.0006841563,0.00080870144,0.000774301,0.0002176083309128394,0.2810384216381477,5,4385.0
NEUROG3,0.00075846305,0.0008913712,0.00061256974,0.0004992015,0.0011086116,0.000774043418,0.00023851428326182402,0.3081407033704975,5,4385.0
IL21,0.00030435793,0.00032191616,0.0022741072,0.0002881569,0.00067694567,0.0007730967720000001,0.0008545062997837011,1.1053031531526056,5,4532.6
SLITRK6,0.001041681,0.0011163183,0.00044973733,0.00054168573,0.00070870854,0.00077162618,0.0002967262775349621,0.38454666939237614,5,4412.6
ATG9B,0.00058218336,0.0013447583,0.00048453553,0.00051614665,0.0009275248,0.000771029728,0.0003661838477918753,0.474928312740589,5,4407.0
LILRA2,0.0010862466,0.0008425562,0.00042553988,0.0007648149,0.00073196896,0.0007702253080000001,0.00023738264463068462,0.3081989674515922,5,4409.6
CCL20,0.00016908863,0.00047765017,0.0002415437,0.00261973,0.00034192676,0.000769987852,0.0010405018896753892,1.3513224747283274,5,4630.8
CALCRL,0.0007456225,0.0008002213,0.00048900594,0.0014551397,0.00035940812,0.000769879512,0.00042381224589623927,0.55049165394109,5,4432.8
BICD1,0.00096151914,0.00063453853,0.0007708152,0.00094424584,0.00053329335,0.000768882412,0.0001880262357284083,0.24454485210465224,5,4396.0
MYO5B,0.0005506357,0.0009886757,0.0002843981,0.0014624273,0.0005541153,0.00076805042,0.0004630852319868039,0.6029359791077309,5,4455.0
IL17RD,0.0010738946,0.00047761787,0.00031334162,0.0015352315,0.00043693362,0.000767403842,0.0005203015653862361,0.6780022941118349,5,4484.2
TUT7,0.00086404197,0.00063903315,0.00090616,0.00059981394,0.00082236197,0.0007662822059999999,0.00013799611813369582,0.1800852441217927,5,4391.2
CYTH4,0.00074828556,0.0010500823,0.00067901274,0.00044195092,0.00090810325,0.000765486954,0.00023118345625743292,0.30200835566092865,5,4395.0
DDR1,0.00070135505,0.00068915286,0.00083805836,0.00066473434,0.0009329389,0.000765247902,0.00011553934579182246,0.15098289781632418,5,4383.0
TNFSF13,0.0006181785,0.0018609663,0.00049734017,0.00047919314,0.000368908,0.000764917222,0.0006190546962142445,0.8093093976830927,5,4462.6
UGT3A2,0.00082773104,0.0004346143,0.000933553,0.0012637007,0.00036296627,0.0007645130619999999,0.0003714270892948222,0.48583485064748605,5,4435.8
KCTD15,0.0008178443,0.00058958615,0.00064426113,0.0006219186,0.0011457445,0.000763870936,0.00023106963286086452,0.302498265048357,5,4401.6
MIR187,0.0012596451,0.0006189935,0.00072290935,0.00025150576,0.00096503936,0.0007636186139999999,0.000377970182269602,0.4949724578997783,5,4430.4
RDH14,0.00096811965,0.00051582145,0.00090571685,0.00068871386,0.00073874224,0.00076342281,0.000180031512064544,0.23582149983774256,5,4406.4
LIPI,0.002749707,0.00047666498,0.00021177717,0.00020351322,0.00017335423,0.00076300332,0.001117312248977335,1.464360926997454,5,4711.6
ETF1,0.00070723717,0.0013996101,0.00021480168,0.0003876444,0.0011019569,0.00076225005,0.0004910916678855381,0.644265838861589,5,4477.2
GPR75-ASB3,0.001203532,0.0006138204,0.00045470137,0.0009532558,0.00058103225,0.0007612683639999999,0.00030849051038790357,0.40523227415753166,5,4422.6
RBM17,0.00086596946,0.0010957227,0.0006402242,0.0006483737,0.0005493406,0.000759926132,0.00022086380780430304,0.29063852196137274,5,4402.6
ZP2,0.00039135522,0.0011633039,0.00045770046,0.0011267096,0.0006597442,0.0007597626759999999,0.0003655355304252465,0.4811180411621675,5,4422.2
SIGLEC6,0.00055031665,0.0007213989,0.00058347674,0.00087518565,0.0010608129,0.000758238168,0.00021234301732209817,0.28004791407717444,5,4399.6
LAT2,0.00043647664,0.0005024699,0.0022289709,0.00034765288,0.00027025968,0.000757166,0.0008274509339750161,1.0928263207473872,5,4546.0
TBX19,0.0019418453,0.0009818281,3.579707e-05,0.00043290303,0.00037670802,0.0007538163039999999,0.0007456792008190727,0.9892054561068141,5,4643.6
SLC25A28,0.0010432904,0.00027868882,0.001034295,0.000609982,0.0007991645,0.0007530841440000001,0.0003205275974129758,0.4256198991396846,5,4445.6
U2SURP,0.00060446333,0.0006905298,0.0014862732,0.0006825636,0.00029449502,0.00075166499,0.0004412579874439183,0.587040760597242,5,4449.6
OR6C1,0.0005754725,0.0015021479,0.00048815343,0.0010836958,0.00010655696,0.0007512053179999999,0.0005454618471204244,0.7261155293371132,5,4513.2
ANKS1B,0.0016471564,0.00040615365,0.0005664859,0.00040869147,0.0007268488,0.0007510672439999999,0.0005181262247347444,0.6898533105708767,5,4478.0
RSPO2,0.00074393523,0.0013622276,0.00061970466,0.0006261668,0.00040083978,0.000750574814,0.00036369017028909506,0.48454885976109385,5,4423.8
MMRN1,0.0010885149,0.0007408677,0.00017833294,0.0012535383,0.0004893209,0.000750114948,0.00043674457941479656,0.5822368699347618,5,4503.2
CARD9,0.003289587,0.00019226827,5.1748208e-05,0.00015470035,6.0781138e-05,0.0007498169932,0.0014210494822329603,1.8951950877617965,5,4949.6
MED26,0.0010241196,0.0011480032,0.0007862544,0.00029979166,0.00049077504,0.0007497887800000001,0.00035522788110481813,0.47377060124161646,5,4437.4
RBM28,0.001046613,0.0007143523,7.4420175e-05,0.0011263842,0.0007688506,0.0007461240549999999,0.0004146092819188644,0.555684110625363,5,4545.6
TRPV1,0.00021340948,0.0014472159,0.0009596434,0.0002734949,0.0008358553,0.000745923796,0.0005129168836661289,0.6876263854520186,5,4460.8
TTLL6,3.9037004e-05,0.00042734965,0.0031358919,8.978809e-06,0.00011691664,0.0007456348005999999,0.0013464642085767606,1.8057958232277829,5,4914.6
LIN52,0.0010883944,0.0004999889,0.000755084,0.0007746351,0.0006097464,0.0007455697600000001,0.00022204841390069196,0.29782379304210505,5,4430.6
PER3,0.0011430033,0.0008493852,0.00014196835,0.00053319125,0.0010571934,0.0007449482999999999,0.0004108764169149055,0.5515502443792483,5,4509.8
FUT9,0.0011155952,0.0009772528,0.00038936653,0.0005255461,0.0007104444,0.0007436410059999999,0.0003029447968476396,0.4073804354565671,5,4446.8
UGT1A4,0.00075582607,0.001032717,0.00092244765,0.0004939579,0.00051150855,0.000743291434,0.00024078607807439685,0.3239457190816985,5,4420.6
PABPC4L,0.00036022215,0.00017561081,0.0022667097,0.0006485998,0.0002562661,0.000741481712,0.000871198942037719,1.1749432628457315,5,4592.2
SLC22A4,0.000848421,0.0013561557,0.00051030284,0.0005591021,0.0004267845,0.0007401532280000001,0.00037914101184985106,0.5122466504325656,5,4448.2
MBP,0.00091465283,0.0009955282,0.00048563446,0.00065049186,0.0006541811,0.00074009769,0.0002096882465521909,0.2833250925998579,5,4427.6
MLPH,0.00076316984,0.00017208111,0.0017659192,0.00052465923,0.00047341065,0.000739848006,0.0006109460543451919,0.8257723875587385,5,4528.0
NOL6,0.0007822927,0.0008979507,0.00060224044,0.001191611,0.00022311155,0.000739441278,0.00035945771541594766,0.486120705065572,5,4464.6
SETX,0.0008521443,0.00043430092,0.0009705997,0.0006018991,0.00083594053,0.00073897691,0.0002164923228934324,0.29296222921692155,5,4435.2
POM121L2,0.0008212563,0.00029465085,0.0007088825,0.00089434837,0.00097434816,0.0007386972360000001,0.00026675866618936043,0.3611204336350873,5,4444.2
BEAN1,0.00063319335,0.00033535986,0.0008232096,0.0009119223,0.0009815212,0.000737041262,0.0002597648636505565,0.3524427695481675,5,4433.0
TRAIP,0.001329144,0.0005167715,0.00047988596,0.00028780103,0.0010713618,0.000736992858,0.0004412539705789149,0.598722179990128,5,4482.8
FREM1,0.0013979536,1.2797518e-05,8.0694204e-05,0.0021052011,8.503959e-05,0.0007363372024000001,0.0009603502777497906,1.3042262086169865,5,4838.8
MAS1,0.0010691938,0.0008292005,0.0011098043,0.00046261144,0.00021000896,0.0007361637999999999,0.00039078185762779955,0.5308354711652483,5,4478.4
CHCHD7,0.00045720933,0.00078679516,0.00041683373,0.0018260925,0.00018789846,0.000734965836,0.0006463132180094482,0.8793785865299026,5,4546.0
VPS29,0.0014220711,0.0010395566,0.00033959042,0.0006079037,0.00026083752,0.000733991868,0.0004904458686433549,0.6681897852352703,5,4504.4
STYK1,0.00020023255,0.000687784,0.0017605014,0.00033512764,0.0006860818,0.0007339454780000001,0.0006128099281460422,0.834952931130454,5,4506.4
MED13L,0.000506458,0.0009124343,0.00092951424,0.00061084866,0.00070753274,0.0007333575880000001,0.00018554290888705643,0.25300468955815375,5,4422.8
C15orf39,0.0004491907,0.0010433637,0.0006239388,0.00096475554,0.00058429135,0.000733108018,0.0002571927900212662,0.3508252313525592,5,4421.8
OR12D1,0.0004666767,0.00077345455,0.00034460658,0.00039289307,0.0016851135,0.00073254888,0.0005580335882829751,0.7617697651561149,5,4511.2
CHMP1A,0.0002498197,0.0011318866,0.0011723324,7.261561e-07,0.0011046104,0.00073187505122,0.0005612262520492211,0.7668334247952355,5,4603.6
GFER,0.0011120515,0.00063127995,0.0002799547,0.0013104271,0.00032551255,0.00073184516,0.00046334071198231834,0.633113037165291,5,4514.6
CD70,0.0007383329,0.0007863242,0.00029737374,0.0013461071,0.0004889415,0.000731415888,0.00039626205627341955,0.5417739247597798,5,4487.6
ZBP1,0.0018162451,0.0006846873,0.00038517447,0.0003452828,0.00041946347,0.000730170628,0.0006215557937679027,0.8512473248484362,5,4537.4
ZNF792,0.00058334856,0.0016006383,0.0001619649,0.00056900264,0.00073158543,0.0007293079659999999,0.000531060692876281,0.7281707010400061,5,4533.2
CTRB2,0.00033602424,0.00091325707,0.00033469865,0.0011958266,0.0008635043,0.0007286621720000001,0.00038074666149279864,0.5225283761441079,5,4472.4
SELENOP,0.0010706957,0.0005404426,0.00019550683,0.0011071509,0.0007126295,0.0007252851059999999,0.0003808286692148461,0.5250744377133896,5,4520.6
QTRT2,0.0012888482,0.00053804443,0.00034538444,0.00096686656,0.0004856898,0.0007249666859999999,0.0003913930091073866,0.5398772339000784,5,4492.6
PELO,0.0006284087,0.00032957038,0.0015475871,0.00011674237,0.0010017584,0.00072481339,0.0005676522665776031,0.7831702261703568,5,4535.0
PTPN7,0.0012893368,0.00095881446,0.00035380627,0.00028734363,0.00072725466,0.000723311164,0.00041906560691279664,0.579371130669838,5,4500.2
NDUFA5,0.0016188618,0.0010166158,0.0006174381,0.00034723946,1.3750399e-05,0.0007227811118000001,0.0006213196958531131,0.8596235924120799,5,4635.6
CNTN5,0.00064769655,0.0010116684,0.00061558536,0.0009181902,0.00041937758,0.0007225036180000001,0.0002402199594923572,0.33248270805525176,5,4439.0
CDV3,0.0011571657,0.0007007333,0.00047336417,0.00022236032,0.0010578566,0.000722296018,0.00039181636719448995,0.5424595421132309,5,4490.8
GFOD1,0.0007564214,0.0009821804,0.0005926542,0.00044470697,0.0008300648,0.0007212055540000001,0.00020867155955181475,0.28933714999068727,5,4442.4
ADIPOR1,0.0010610147,0.0011059819,0.0005908743,0.0005669553,0.00027390115,0.0007197454699999999,0.00035509612761405816,0.49336347697201655,5,4476.2
IGFBP7,0.0008142976,0.00120534,0.0006221727,0.00035845453,0.00059652666,0.000719358298,0.0003162182265667345,0.43958376159127105,5,4458.0
NDUFAF6,0.00069301605,0.0011009506,0.00057542784,0.0007478132,0.00047783094,0.000719007726,0.0002377851484650042,0.3307129254199477,5,4444.4
C8orf37,0.00059090403,0.0015969551,0.00064130616,0.00054417946,0.00021337355,0.00071734366,0.0005194845230501849,0.7241780362987873,5,4502.2
TOM1L1,0.0014265705,0.00021958134,0.00060245465,0.0009149347,0.00042264134,0.0007172365059999999,0.0004716622577381811,0.6576105005706181,5,4516.8
CCDC50,0.001084531,5.6467805e-05,0.00041320996,0.0010990079,0.00093204656,0.000717052645,0.0004625595231341808,0.6450844667537359,5,4559.2
CITED4,0.0016912566,0.0004811271,0.0005553381,0.00063249713,0.00022484547,0.0007170128799999999,0.0005657524487613522,0.7890408450701084,5,4540.0
RGMB,0.0012421752,0.00078880973,0.000197293,0.0007082976,0.00064642844,0.000716600794,0.0003728660194648187,0.5203259926402184,5,4515.4
KIF21B,0.0004914012,0.0006421412,0.0007967641,0.0010320786,0.00061603513,0.000715684046,0.00020755766706214224,0.29001298578918194,5,4441.2
TBX21,0.00082218344,0.0012038937,0.00033972634,0.00039796904,0.00080255413,0.0007132653299999999,0.0003533747902292456,0.4954324504027774,5,4491.0
HS3ST2,0.0008169493,0.0013808751,0.0005218994,0.00070097327,0.00014023171,0.000712185756,0.00045320715097745847,0.6363608751779901,5,4522.4
ADAMTS7,0.00072978024,0.0005416085,0.00089214183,0.00077448203,0.00062083657,0.000711769834,0.0001360284798147106,0.19111301619831023,5,4453.4
MIR181D,0.00096496666,0.0013012893,0.0009086099,0.0003678037,1.048914e-05,0.0007106317400000001,0.0005149001558308531,0.7245667859288878,5,4625.8
SIRPG,0.00038269325,0.00067593093,0.0008826823,0.00070026744,0.0008995679,0.000708228364,0.00020864120208116763,0.29459594205290485,5,4444.2
NREP,5.9136044e-05,0.00029346978,0.0015645627,0.00071249343,0.000909209,0.0007077741908,0.0005846076447853079,0.8259804502401021,5,4563.0
FMO6P,0.0005641638,0.0011379379,0.0008118508,0.0008118994,0.00020842032,0.000706854444,0.00034521327445653316,0.488379577134742,5,4486.6
OR13D1,0.0012580534,0.0010729751,7.759313e-05,0.0005835151,0.00054138,0.0007067033460000001,0.0004680888527792556,0.6623555066332678,5,4586.8
PA2G4,0.0029941949,0.00026755422,0.00023198193,1.0743952e-05,2.7766173e-05,0.0007064482349999999,0.00128414804684535,1.8177525021990468,5,4991.2
IER3,0.00057484437,0.0005992926,0.000761972,0.00029555155,0.0012944016,0.0007052124239999999,0.0003695951856050212,0.5240905761538615,5,4488.6
GPR25,0.00092651666,0.0010528953,0.00038763072,0.00060516945,0.0005516452,0.000704771466,0.0002758204137499438,0.391361493840535,5,4484.4
CIT,0.0013809643,0.000931252,0.00024376476,0.000696158,0.00026940712,0.0007043092360000001,0.00047714583758336497,0.6774663928776946,5,4550.2
SFPQ,0.00045820925,0.0012686499,0.0007071799,0.000702068,0.00038539604,0.0007043006180000001,0.0003466859090788644,0.49224138133421935,5,4465.8
TBX20,0.000974233,0.00023137679,0.00017550305,0.0018928103,0.00024635522,0.000704055672,0.0007413528609288373,1.0529747723257277,5,4668.8
BTN1A1,0.0009354948,0.00073554984,0.0007871062,0.00093045435,0.00012675764,0.000703072566,0.0003339078800555162,0.4749266237981986,5,4524.4
PCK2,0.0014438763,0.00063979276,0.00014984941,0.0010274069,0.0002497466,0.000702134394,0.0005407270932082768,0.7701190795223696,5,4596.4
STARD10,0.0010136566,0.0012139789,0.00045909185,0.0007157149,0.00010816034,0.000702120518,0.00043905869976381757,0.6253323874005027,5,4551.8
LDB2,0.0008673571,0.00020693018,0.0007022144,0.0009352111,0.000793556,0.0007010537559999999,0.0002894834125529797,0.4129261273838461,5,4505.2
CNTN4,0.0009767895,0.00079957285,0.0005105622,0.0009693551,0.00024726655,0.00070070924,0.00031620052631765064,0.4512578231702077,5,4498.2
PNKD,6.432432e-05,0.0008893077,0.0011530245,0.0008268494,0.00056961336,0.0007006238559999999,0.000411777146406982,0.587729268537756,5,4518.2
SUFU,0.0022822365,7.22721e-05,0.00093241275,0.00020916852,5.076157e-06,0.0007002332054,0.000958562043132617,1.3689182914212839,5,4831.2
DGKG,0.00046632995,0.00063993846,0.00026470533,0.00058822293,0.0015412521,0.0007000897539999999,0.0004919069270293607,0.7026340897275305,5,4538.2
RPSA,0.0005942772,0.0014810018,0.0006030883,0.00027286875,0.00054850586,0.000699948382,0.00045714455194686027,0.6531118061029538,5,4502.4
RNLS,0.00034859436,0.0004993748,0.00025738016,0.00036739814,0.0020214252,0.000698834532,0.0007443840544961787,1.0651792669229154,5,4614.4
TRIM71,0.0011690904,0.0005400153,0.0003339012,0.0005455346,0.0009023016,0.00069816862,0.0003333309040442725,0.4774361013880465,5,4514.2
NRCAM,0.0030605998,0.00014020022,0.0001555961,5.5167686e-05,7.680255e-05,0.0006976732712,0.0013215842313596445,1.8942738469635163,5,4971.2
GALNS,0.0010597657,0.0009631634,0.00025265652,0.000518399,0.0006941356,0.000697624044,0.0003285527399247915,0.47095959887069416,5,4523.0
KCNN4,0.00059369416,0.0014299024,0.00028609828,0.0007944455,0.00038049265,0.000696926598,0.0004545136821751982,0.652168655177655,5,4528.2
DNAH3,0.00088497566,0.0005777557,0.00036992895,0.00024239853,0.0014067015,0.000696352068,0.00046552823226203365,0.6685242331498809,5,4553.8
TCERG1,0.0008192431,0.00032170053,0.0006443616,0.0005194708,0.0011767489,0.000696304986,0.0003241284766554768,0.46549785391810594,5,4500.4
COMMD6,0.0012688237,0.0009700022,0.00014881852,9.694671e-05,0.0009901643,0.000694951086,0.0005357246838379154,0.7708811377235771,5,4615.6
CPLANE1,0.00057812675,0.0014856383,0.00050314143,0.00056871626,0.00033416934,0.000693958416,0.0004532435638189403,0.6531278436414846,5,4510.6
SHBG,0.0002324637,0.0010017608,0.0010053451,0.00080161914,0.00042372858,0.000692983464,0.0003497469051200809,0.504697331594742,5,4484.4
GRIK4,0.0021080456,0.00054111,0.00025076786,0.00047617443,8.601494e-05,0.000692422566,0.0008118553460357403,1.172485395335513,5,4703.2
PLIN2,1.0102192e-06,1.4297164e-05,1.0993679e-06,0.0034237115,7.608834e-07,0.0006881758269,0.0015292218453006874,2.222138275605111,5,5321.6
AGGF1,0.0004885732,0.00033118107,0.000527486,0.0007254165,0.0013664446,0.000687820274,0.0004045189889840833,0.5881172804512059,5,4517.0
CRYL1,0.00017688704,0.00021992266,0.0026650461,0.00022142702,0.00015462608,0.00068758178,0.0011058052886119974,1.6082527501121358,5,4767.2
SLC43A2,0.0007578496,0.0011554067,0.00075294764,0.0004927026,0.0002661007,0.0006850014479999999,0.0003330395333077539,0.4861880719816434,5,4506.4
PPA1,0.0005494789,0.0009932831,0.000926576,0.00081959413,0.00013183616,0.000684153658,0.00035208863738656694,0.5146338593231156,5,4534.8
B3GALT5,0.00094752334,0.0009931386,0.00034466252,0.0008193751,0.00031126995,0.000683193902,0.0003306856547276244,0.48402899053923987,5,4529.4
HEXD,0.0015579897,0.00033401584,0.00014281503,0.00063536974,0.00074149173,0.000682336408,0.0005442619872876584,0.7976446528523192,5,4621.4
ZNF101,0.0017180892,0.00047682293,0.000424647,0.00070408254,8.654323e-05,0.00068203698,0.0006198518822455707,0.9088244485593299,5,4642.0
RAPGEF5,0.00036473136,0.00048575096,0.0011986378,0.0007562133,0.00060195837,0.000681458358,0.0003232647914507847,0.4743720399871957,5,4500.8
STX2,0.00076477963,0.00049716793,0.00069992186,0.00067713636,0.000764365,0.0006806741560000001,0.00010969892116239032,0.16116216576671424,5,4490.6
FRAS1,0.00044700893,0.00093195855,0.0002818136,0.0016212598,0.00011596612,0.0006796014,0.0006083633357700194,0.8951766958838216,5,4633.8
AIM2,0.0010089914,0.0007349491,0.0002850544,0.0010123587,0.0003524978,0.00067877028,0.0003481914729133483,0.5129739518255695,5,4550.6
ZNF226,0.00044137158,0.0015518937,0.00034675564,0.0007735804,0.00027825308,0.0006783708799999999,0.0005240082440279376,0.7724509696346895,5,4558.8
RIT2,3.5076017e-05,0.0032673578,4.087721e-05,4.2953092e-05,2.7754768e-06,0.0006778079191600001,0.0014476932566578624,2.1358458875074415,5,5150.2
CARD18,0.0003448093,0.00034960406,0.0009328969,0.0007581916,0.0010011083,0.000677322032,0.00031410974739770034,0.4637524435314697,5,4499.0
RANBP3,0.0012005696,0.00040635548,0.0004026222,0.00081475556,0.00056198245,0.000677257058,0.00033721731128008163,0.497916274620916,5,4534.2
OTOA,0.00083081564,0.0006269042,0.0009033332,0.0008850595,0.00013870398,0.0006769633039999999,0.0003203306540371987,0.47318761909906826,5,4546.8
PLPPR1,0.00075427257,0.0010173887,0.0005406375,0.0006346188,0.00041670358,0.0006727242299999999,0.00022906834673364234,0.34050854201229286,5,4499.2
ICOSLG,0.00043350886,0.0006145123,0.0005341545,0.0005019313,0.0012757018,0.000671961752,0.0003437162565650707,0.5115116381878096,5,4511.4
IBTK,0.00055916444,7.847299e-05,0.0014599715,0.0011005527,0.00015620072,0.00067087247,0.000599083720634814,0.8929919581210629,5,4651.2
CLDN14,0.0004134003,0.0012084004,0.00054325437,0.0005967269,0.00058577606,0.000669511606,0.0003099372025481873,0.46293029093238347,5,4503.0
DLGAP2,0.0012509159,0.00027110835,0.00023752681,0.0012602118,0.00032771815,0.0006694962020000002,0.0005359842479070274,0.800578474240586,5,4625.2
WHRN,0.00047914818,0.0010177047,0.00047935444,0.0010099091,0.00035635705,0.000668494694,0.0003192050562584576,0.4774982645688099,5,4518.0
MARVELD3,0.00065235735,0.00042744557,0.0010768251,0.00020161507,0.0009829617,0.0006682409579999999,0.00036809121620050365,0.5508360596485672,5,4544.6
FUT10,0.0020507718,0.0002444341,0.00017947111,0.0002531494,0.0006089636,0.000667358002,0.0007914718338198843,1.185977888101931,5,4710.4
ATP10D,0.0007106756,0.0005327923,0.0004891513,0.0006832277,0.000919331,0.0006670355799999999,0.0001699144566722826,0.2547307246673148,5,4509.6
PSRC1,0.0012288346,0.00013068349,0.00044835193,0.0006750115,0.0008440153,0.000665379364,0.0004130635433657824,0.6207940397829688,5,4580.8
TSPAN8,0.0008771326,4.4793665e-05,8.592945e-06,0.0010350876,0.0013579339,0.000664708142,0.0006077927597767545,0.914375379768937,5,4794.2
TMEM38B,0.00044177743,0.00017094616,0.0006876156,0.00045980344,0.0015629875,0.000664626026,0.0005345361206337769,0.8042660078342718,5,4589.0
PRTG,0.000100136276,0.00055983814,0.001327725,0.0006967894,0.0006272422,0.0006623462032,0.00043924237993980315,0.6631613162688741,5,4553.4
TIMM44,0.001753441,0.00031595246,5.9934195e-05,0.0011770081,6.8606056e-07,0.0006614043631119999,0.0007707209750645982,1.1652795446317414,5,4892.4
APBB1IP,0.001151593,0.001685627,0.00015001374,0.00017437086,0.00014011461,0.0006603438420000001,0.0007175960380643789,1.0867005829735275,5,4727.2
SLC15A1,0.0006960135,0.00092248846,0.0005240915,0.0008059141,0.00035238266,0.000660178044,0.00022615673665448674,0.34256930946114095,5,4521.6
ARHGAP27,0.0007273315,0.0010939189,0.00062483444,0.00039457338,0.00045966715,0.000660065074,0.0002759711395690649,0.41809686717201594,5,4517.2
PRDM16,0.00068163814,0.0008442627,0.0005939481,0.0007324403,0.00044485636,0.0006594291200000001,0.00015026356726118546,0.22786917153610906,5,4505.6
PCTP,0.0003027998,0.0014293932,0.0001403599,0.000150872,0.0012731148,0.00065930794,0.0006373190716278056,0.9666485612592587,5,4661.6
MIB1,0.00014091369,0.0028628008,0.000108940585,9.898015e-05,8.164859e-05,0.000658656763,0.0012323425908290495,1.8709936040375093,5,4917.2
GPR35,0.0013628111,0.00056981225,0.00047545126,0.00061764475,0.00025738214,0.0006566203,0.0004183220967454242,0.6370837099392513,5,4569.8
ZDHHC19,0.00014025829,0.00059497583,0.00051096553,0.00093938725,0.0010938242,0.00065588222,0.0003750822417996,0.5718743859219114,5,4544.8
TSPAN15,0.00093847956,0.0007068564,0.0008010757,0.00048800875,0.00034114852,0.0006551137859999999,0.0002401960770015445,0.3666478742084425,5,4530.4
FOXP1,0.00018276922,0.000121497964,0.0004918225,0.0023427007,0.00013088313,0.0006539347028,0.0009562007765645075,1.462226690937601,5,4775.2
LAIR1,0.0006783727,0.0005296226,0.0004993283,0.0009180548,0.00064053293,0.000653182266,0.00016574834603238966,0.2537551226664651,5,4525.6
PHYKPL,0.0012574178,0.00071313226,0.0003852626,0.00039129044,0.00051404367,0.000652229354,0.00036346178168222983,0.5572606928117955,5,4565.2
BRSK1,9.716494e-05,0.0008223232,0.00023446721,0.00043238816,0.0016660931,0.0006504873220000001,0.0006300373603507107,0.9685620903626322,5,4659.8
DPPA3,0.0001907496,0.0013453492,0.001598083,8.439127e-05,2.9320887e-05,0.0006495787914,0.0007580299671538481,1.1669561524940022,5,4764.4
OR8B12,9.827886e-06,0.00074534677,0.00040470724,0.0012316867,0.0008554564,0.0006494049992000001,0.0004635865235663051,0.7138634967969076,5,4646.2
CD180,5.683105e-05,0.00014085385,0.0028338803,1.3577963e-05,0.000199673,0.0006489632326,0.001223543461805407,1.885381791050649,5,4967.8
LRRTM4,0.0009759025,0.0010065484,0.00042119308,0.00047291073,0.00036819972,0.000648950886,0.0003148246781325214,0.4851286667825297,5,4559.4
NCOA4,0.0004169761,0.0021907275,0.0002099654,0.00017907665,0.00024234506,0.000647818142,0.0008674242568640483,1.3389934622486201,5,4714.8
SPATA2,0.00097428943,0.0008362838,0.00055339787,0.0003581555,0.00050885166,0.0006461956519999999,0.00025210164657295573,0.3901320688133565,5,4546.6
KBTBD8,0.0005446768,0.00085523754,0.00042030518,0.00085035467,0.00055511197,0.000645137232,0.00019685186948776022,0.30513177619201526,5,4539.0
HLX,0.0005097119,0.00082986493,0.00091134815,0.0007068921,0.0002631549,0.0006441943960000001,0.0002612720406020004,0.4055794993317519,5,4537.2
NAT2,0.00033709698,0.00097042375,0.00042842506,0.0010983587,0.00038655114,0.000644171126,0.0003605329667192852,0.5596850777184403,5,4556.8
PGAP1,0.0010127052,0.0005325158,0.000809555,0.00031966268,0.00054275326,0.000643438388,0.0002698262088117541,0.41935049857757956,5,4555.2
NTNG1,0.00036622514,0.0011565763,0.00049653306,0.0007010234,0.00049558096,0.000643187772,0.0003110130284944406,0.48354934909185526,5,4534.2
PSTK,0.00032181686,0.0010997005,0.00056536763,0.0010579797,0.00016330458,0.0006416338539999999,0.00042428388391468696,0.6612554516406284,5,4587.2
GDAP1,0.0013443711,0.0005232324,0.00042128348,0.00048206127,0.0004366913,0.00064152791,0.00039492962424675826,0.6156078606880225,5,4586.4
CAV3,0.00015085096,0.00013352449,0.0027188952,5.6822355e-05,0.00013354285,0.0006387271709999999,0.00116341914073253,1.8214649283058761,5,4907.0
RCAN1,0.0011425214,0.00087379024,0.00032802988,0.00019654747,0.00062189304,0.0006325564059999999,0.00038768929649130447,0.6128928468891429,5,4611.0
CTNND2,0.0009109317,0.00084496895,0.00053912494,0.00065058906,0.00021671425,0.00063246578,0.0002759488930258193,0.43630644020901693,5,4575.0
SIGLEC1,0.0004076782,0.0011818364,0.00045701675,0.0007210768,0.00038698383,0.0006309183960000001,0.0003358650119558479,0.5323430321341397,5,4559.8
NFKBIZ,0.0002736903,0.00069925707,0.00050029263,0.0013731538,0.00030684622,0.000630648004,0.0004486872469572208,0.7114701768836816,5,4586.6
OR2B11,0.00050433294,0.001962766,0.00026947045,0.00029901467,0.00011550281,0.000630217374,0.0007576769410646056,1.2022469902021546,5,4722.6
POLR3B,0.0006201244,0.0013349276,0.0004012599,3.414294e-05,0.0007537391,0.0006288387880000002,0.000479503060683464,0.7625214440230489,5,4667.0
LGI1,0.00027177736,0.00077895453,0.00026876142,0.0011747985,0.0006462354,0.0006281054420000001,0.00038014973055423834,0.6052323465687124,5,4601.4
MORF4L1,0.00064062595,0.00024814287,0.00089412875,0.000986743,0.0003677716,0.0006274824340000001,0.0003208151283233617,0.5112734810411628,5,4584.4
TMED3,0.0007471573,0.00103594,0.0004790348,0.00048563842,0.00038765915,0.000627085934,0.0002649672161843268,0.42253732992251547,5,4563.2
HCN1,0.0011767524,7.47878e-05,0.00015112814,0.0015757955,0.00013324877,0.000622342522,0.0007031206794915472,1.1297969440236115,5,4808.6
LCOR,0.00096550485,0.00079554814,0.00046761433,2.6340894e-07,0.0008780727,0.0006214006857879999,0.0003949928146286041,0.6356491450081241,5,4722.4
NEK7,0.00058584654,0.00054956815,0.0006660114,0.00049026334,0.00081314263,0.000620966412,0.00012487509756238218,0.20109799040528809,5,4553.8
PPP4R1,0.0011299042,1.6364336e-05,0.0009766074,0.0007506983,0.00022924997,0.0006205648412000001,0.00047992530202759306,0.7733685026363254,5,4688.2
PXDN,0.0005459082,0.00083101785,0.000821358,0.00020081479,0.00070243026,0.00062030582,0.00026128226711112266,0.42121524365372337,5,4574.8
ADAMTS9,0.0006913047,0.0006908123,0.0004948978,0.00034356146,0.000880273,0.000620169852,0.0002061003755431089,0.332328917438426,5,4566.2
FMN1,0.0006543252,0.001327562,0.00046361983,0.00058547244,6.978278e-05,0.0006201524499999999,0.00045557874899608146,0.7346237993514039,5,4661.2
LINC00885,0.0005570725,0.0009655422,0.00019881944,0.0003966597,0.0009733732,0.0006182934080000001,0.0003447793831423441,0.5576306955262639,5,4617.2
NLRP7,0.00021224385,0.00080849207,0.0005547906,0.00055427203,0.0009566998,0.00061729967,0.00028447190837316603,0.46083275627405734,5,4565.4
CHIT1,0.00072052237,0.0009312786,0.00045131167,0.0005666988,0.0004147264,0.000616907568,0.00021235896464865374,0.34423141433832066,5,4573.0
MNX1,0.0010138154,0.00013637789,0.00047668003,0.0005448585,0.0009119533,0.0006167370239999999,0.00035367756067499894,0.5734657510605347,5,4625.2
STEAP4,0.0018769961,0.0007345076,0.0001483521,0.00015273657,0.00016796133,0.00061611074,0.0007480309766181772,1.214117735746949,5,4791.8
BTNL9,0.0001786522,0.00046308088,0.0011209208,0.0010803324,0.0002337122,0.0006153396959999999,0.00045589163444035473,0.7408779856132583,5,4624.8
GSDME,0.00026204836,0.00093463913,0.0002545525,0.0011242689,0.00049990724,0.000615083226,0.0003966319311215654,0.6448427047847431,5,4621.2
KHDRBS3,0.00059537636,0.0011488629,0.00049908226,0.00020813124,0.00062294875,0.000614880302,0.0003407480390781476,0.5541697107059832,5,4593.4
PCGF3,0.00059269567,0.0008623898,0.0009662141,0.0005256646,0.00012251257,0.000613895348,0.0003299883033686794,0.5375318520391841,5,4616.8
ANTXR1,0.0012501574,0.0007877096,0.0004488104,0.00027747804,0.00030343176,0.00061351744,0.0004098345286799451,0.6680079521128937,5,4625.0
COX7B2,0.0005688532,0.00050462317,6.7604946e-05,0.0018675363,5.4599666e-05,0.0006126434564,0.0007410839809986213,1.2096497126621744,5,4853.4
LAMB4,0.0008051348,0.0006621564,0.0007343821,0.0007093794,0.0001474229,0.0006116951199999999,0.00026462627347927304,0.43261138568388946,5,4606.6
ZNF738,0.00026695628,0.00092370517,0.0001627688,0.0015158058,0.00017992327,0.0006098318639999999,0.0005961450480843919,0.9775564106705844,5,4715.6
RYBP,5.440986e-05,0.00017342289,7.988849e-05,0.0025856458,0.000155,0.000609673408,0.0011057236299615763,1.8136327014636273,5,4974.0
NEK1,0.001545825,0.00048377694,3.2406795e-05,0.00010881337,0.0008763606,0.0006094365409999999,0.0006219825202238061,1.0205861945908592,5,4811.2
FRMD1,0.0003434379,0.00048124377,0.00024285099,0.0011629628,0.0008163068,0.0006093604519999999,0.00037774337329265665,0.6199013606033243,5,4633.0
LATS2,0.00021342705,0.0006489024,0.0013137384,0.00053032534,0.00034019168,0.000609316974,0.000428127751201898,0.7026355238249082,5,4600.2
NAB1,0.0006077766,0.0003307562,0.00040172102,0.00046904836,0.0012342323,0.000608706896,0.00036431001408417454,0.5984982533928358,5,4617.0
LHPP,0.0009812355,0.0006028343,0.000306209,0.00029399025,0.00085672666,0.0006081991419999999,0.00031260042658315314,0.5139770923635292,5,4621.8
ABCA12,0.0009237663,0.0005418771,0.0006240499,0.0004988826,0.0004442453,0.00060656424,0.00018910981937162333,0.31177212057806664,5,4582.0
NFAM1,4.833037e-05,0.00018258243,9.362412e-05,0.0026219566,8.605905e-05,0.0006065105140000001,0.0011277438980839753,1.8593971119253756,5,4999.2
ANXA6,0.0010728837,0.0004277878,0.00080063136,0.00037016743,0.0003501103,0.0006043161179999999,0.0003196496934911423,0.5289445109440923,5,4611.2
ITM2B,0.00057896995,0.0011165338,0.0005569097,0.00019289479,0.00057502574,0.000604066796,0.0003299173665566486,0.5461604060035914,5,4603.6
LAMP3,0.00014768176,0.0006011422,0.00058883446,0.00075090304,0.0009310627,0.000603924832,0.00029026495716087555,0.4806309358063878,5,4590.4
GLI1,0.00054027943,0.00092901615,0.00045999867,0.00041133942,0.00067640014,0.000603406762,0.00020784027012651392,0.3444447149342916,5,4586.8
FARS2,0.0007048969,0.00075625104,0.0002649759,0.0009348197,0.00035479636,0.00060314798,0.00028277128673118455,0.4688257212287846,5,4626.6
CSGALNACT1,0.00083054684,0.00058223895,0.00044680212,0.0005772453,0.0005786213,0.0006030909020000001,0.00013952056083020033,0.23134250635769052,5,4590.6
HNF4A,0.0010164385,0.0005146883,0.0004166954,0.00021297502,0.00085148035,0.000602455514,0.00032684103194649615,0.5425147987715092,5,4633.2
SHTN1,0.0010575479,0.00030942066,0.00039514978,0.00082711456,0.00042248794,0.0006023441680000001,0.0003235792505147194,0.5371999393455061,5,4629.6
GTF3C1,0.00053343497,0.0019615644,0.00030264305,9.28338e-05,0.000120315584,0.0006021583607999999,0.0007800642721995011,1.2954470501134348,5,4785.2
DDX42,0.0003161718,0.0013453393,0.0004416324,0.0007471255,0.00015900884,0.0006018555680000001,0.0004683138147265337,0.7781166107389632,5,4647.8
ANO1,0.0011532423,0.00063059595,0.0004038678,0.0008194602,1.1827078e-06,0.00060166979156,0.00043365077607017015,0.7207454689486856,5,4769.0
ERG,0.0007139529,0.0005487621,0.0004946758,0.00076439057,0.00048460966,0.0006012782060000001,0.00012945539187091465,0.21530032284408898,5,4582.8
USP12,0.0005042256,0.0003339665,0.0006886569,0.00081993523,0.0006594572,0.000601248286,0.00018688597972595745,0.3108299584008418,5,4584.6
HERC2P10,0.0006591134,0.00018897749,0.0011576357,0.00064015354,0.00033274636,0.000595725298,0.0003729399821628767,0.6260267667244118,5,4638.0
ADGRL2,0.0005462491,0.00040833236,0.00032863143,0.0012251944,0.00047001246,0.00059568395,0.0003608802436981081,0.6058250246596506,5,4637.2
CAPZA2,1.8433955e-05,0.0011088079,0.00065204623,0.0005259396,0.0006652517,0.0005940958770000001,0.0003903145487025878,0.6569891558136294,5,4664.0
EYA1,0.00041364226,0.00059704494,0.0005373062,0.00087027316,0.00054871757,0.000593396826,0.00016891411375657031,0.28465624748146245,5,4585.4
SYNJ2,0.0007958369,0.00060971064,0.00049871823,0.0006972612,0.00036380527,0.0005930664479999999,0.00016860583149292456,0.2842950095415355,5,4598.4
LAIR2,0.0011169142,0.0004126355,0.00047608672,0.00033856544,0.00061790616,0.000592421604,0.00031066128914016765,0.5243922352638707,5,4627.8
RHOBTB2,0.0005691272,0.0012642401,0.00033611446,0.0004977898,0.00029069776,0.000591593864,0.0003929265527709176,0.664182941510221,5,4642.2
VHL,0.0013642784,0.0005494531,0.00042319717,0.00017632329,0.00044185278,0.0005910209479999999,0.00045333350952092593,0.7670345882916589,5,4667.8
USP25,0.0018338804,0.00026897131,0.00016366671,0.00030817123,0.0003786247,0.0005906628699999999,0.0006993144356325198,1.1839485282569393,5,4776.8
RIDA,0.0013518075,0.0007965527,0.00035910544,0.00043438416,2.7417434e-06,0.0005889183086800001,0.0005112263887198977,0.8680769152274432,5,4801.2
KCNE4,0.00058823556,0.0010310294,0.00056355493,0.0005302949,0.00023110982,0.000588844922,0.00028616847130697793,0.4859827445484499,5,4611.6
CDCA7,0.00037465914,0.00013094311,0.00071608217,0.000696617,0.0010243732,0.0005885349239999999,0.000343888847290346,0.5843134082054,5,4633.2
RPP21,0.0008400684,0.00041568567,0.0007128904,0.00038061308,0.0005931243,0.00058847637,0.0001948478746418349,0.3311056901772197,5,4609.8
SH3GLB1,0.00034787497,0.0016544213,0.00037596276,0.00038862985,0.00017221496,0.000587820768,0.0006025984786429691,1.0251398239862275,5,4697.0
GPC6,0.0009807341,0.0006611891,0.0003686872,0.0005194869,0.00040636316,0.000587292092,0.00024767837145861835,0.42172945086857794,5,4626.0
XIRP2,0.00070526183,0.0003889153,0.0011229955,0.00045983685,0.0002549946,0.0005864008159999999,0.00034165437289351434,0.5826294295155182,5,4637.4
TBX3,0.00065744884,0.0002942807,0.0011040354,0.0003283822,0.00054373743,0.000585576914,0.0003266182492888386,0.557771731569388,5,4636.6
CDC42EP3,9.463697e-05,0.0013415514,0.0004257643,0.0008956888,0.00016964265,0.0005854568239999999,0.0005261250196937175,0.8986572504170138,5,4700.2
SIGLEC12,0.0005332468,0.0007528282,0.0006714814,0.0003543115,0.000615296,0.00058543278,0.0001520343925951033,0.2596957290213631,5,4599.4
CDC14A,0.00042403018,0.0013687097,0.00027912945,0.00046365213,0.00039044127,0.000585192546,0.00044335290395608224,0.7576188503878897,5,4654.4
HOPX,0.00086461747,0.00054358144,0.00013214641,0.0007908694,0.00059074967,0.000584392878,0.0002860905565522117,0.4895517507525335,5,4685.0
UGT1A7,0.0004846204,0.00068606535,0.001298487,0.00013197855,0.0003187309,0.00058397644,0.0004487416845010409,0.7684242955093203,5,4661.6
OSTF1,0.0009248532,0.00023114894,0.00025841346,0.001006758,0.0004983824,0.0005839112,0.00036494726676915095,0.6250047383388964,5,4681.0
SERPINE2,0.00072759367,0.0010477768,0.0003172727,0.00044609577,0.00037710957,0.000583169702,0.0003035907173116599,0.5205872600556671,5,4639.4
RBFOX1,0.0011285802,0.0002742941,0.0004207392,0.00028879746,0.0007985647,0.000582195132,0.0003715863593801394,0.6382505434280055,5,4667.2
IPO8,0.001966815,0.00014860339,0.00026232592,0.0004464661,8.372792e-05,0.0005815876659999999,0.0007865081653848923,1.3523467077530706,5,4857.0
PRDM14,0.0006967231,0.000829351,0.00010011594,0.0012039574,7.763324e-05,0.000581556136,0.0004867679131496084,0.8370093324053731,5,4784.4
IL1RL1,0.0006233211,0.0003081783,0.00033229223,0.00070319773,0.00093865785,0.000581129442,0.00026501398522629495,0.4560326255614063,5,4639.4
ATXN8OS,0.0006135995,0.0008800393,0.00067740836,0.00013005442,0.0006045264,0.000581125596,0.00027553907661589033,0.47414720417148914,5,4631.6
OR12D3,0.00080238015,0.0007601222,0.00050692563,0.00036131535,0.00047334374,0.0005808174139999999,0.0001913321684351148,0.32941878776918837,5,4614.8
ACOT11,0.0011349904,0.0005017208,0.0002158466,0.00071731827,0.0003328094,0.0005805370940000001,0.00036287316435315543,0.62506456194366,5,4682.8
SEPTIN12,0.0008850129,0.0005411389,0.00040709449,0.0006285034,0.0004384228,0.0005800344980000001,0.0001915959596839271,0.33031821442442394,5,4629.8
PBX3,0.0003747121,0.00078888034,0.00031727538,0.0008696986,0.00054841576,0.000579796436,0.00024480654614710424,0.4222284425134069,5,4626.8
LRRC1,0.0005988601,0.00094849605,0.00041559787,0.0004562282,0.00047967234,0.000579770912,0.00021711629258067337,0.37448634984411455,5,4619.4
INTS11,0.0013315864,0.00034808443,0.0002748299,0.0007586793,0.00018124931,0.0005788858680000001,0.000475057348322493,0.820640776676367,5,4717.6
JDP2,0.000689811,0.00040566653,0.00034712255,0.0013106167,0.00013722609,0.000578088574,0.0004545640084604571,0.7863224234223614,5,4713.8
ADAMTS20,0.0011358698,0.00032258636,0.00044973285,0.00045958278,0.0005118924,0.000575932838,0.0003206551067719915,0.5567578120488964,5,4654.6
DCAF17,0.0004973965,0.0009097781,0.00022288327,0.0010113331,0.00023460967,0.000575200128,0.0003702488425555136,0.6436869961119229,5,4681.6
TSEN34,0.0005558465,0.001009037,0.00037546488,0.0006119016,0.00032264617,0.0005749792299999999,0.0002709305351404344,0.4712005599583735,5,4636.6
CDH13,0.0005403898,0.00047949114,0.00040960222,0.00109735,0.00034639597,0.000574645826,0.00030115815269870973,0.5240761162314781,5,4652.2
MACO1,2.4470148e-05,5.0164388e-05,5.8521124e-05,0.002731539,8.043287e-06,0.0005745475894,0.0012059628224452845,2.098978125910634,5,5196.2
FAT4,0.00057746394,0.00054971734,0.00045289472,0.0004440747,0.00083718216,0.000572266572,0.00015921569046428597,0.2782194492120116,5,4624.6
INS-IGF2,0.001553759,0.00068848,0.00014120308,0.00023996126,0.00023690832,0.0005720623320000001,0.000588544911243421,1.0288125582151086,5,4778.2
NFATC2IP,0.00037409292,2.6618945e-05,0.0009759381,0.0008101016,0.000661044,0.0005695591130000001,0.00037562118960146395,0.6594946530185075,5,4696.2
UTP11,0.0002718431,0.0009958964,0.00059204584,0.0005452673,0.0004414515,0.000569300828,0.0002682840279936488,0.47125177902191423,5,4614.2
HELZ2,0.0004827356,0.0006615917,0.000121371624,0.00077134435,0.0008089006,0.0005691887748,0.00028057142062864505,0.49293210451529285,5,4687.8
CUX1,0.00032666436,0.0005475804,0.0011845473,0.00036664854,0.0003985344,0.000564795,0.0003563706161561834,0.6309733906217007,5,4643.8
DOCK5,0.0007934044,0.00066031946,0.00037496394,0.00063581666,0.00035829563,0.000564560018,0.00019046574592576092,0.33737023496722524,5,4646.0
RB1CC1,0.00032912023,0.00047852146,0.0012593546,0.00043133338,0.0003233115,0.000564328234,0.0003941839527123172,0.698501207211116,5,4659.8
GAPT,0.00020269078,0.00040470134,0.00046932054,0.0007505986,0.0009943222,0.000564326692,0.00031019361509272773,0.5496702876012955,5,4644.4
ARL4A,6.150753e-05,0.0009733927,4.091463e-05,0.0006717914,0.0010721607,0.000563953392,0.00049080689726331,0.8702969150034121,5,4800.2
SIX3,0.00012157571,0.0012199043,0.0005858501,0.00028166632,0.0006083766,0.000563474606,0.00042074557018052203,0.7466983706103733,5,4663.4
PADI4,0.00033114842,0.0010430688,0.00036015717,0.0008086166,0.00027367094,0.000563332386,0.00034256557340096356,0.6081055907922956,5,4660.8
GRP,1.65073e-05,0.0026761743,3.6729907e-05,5.9370235e-05,1.7980057e-05,0.0005613523598,0.0011823489553628556,2.106250975383992,5,5189.0
ADAMTS2,0.00044886614,0.000792099,0.0006096034,0.00058044866,0.00037162384,0.000560528208,0.00016169686783047506,0.28847231151384817,5,4621.2
XYLB,0.00029522335,0.0013507813,0.00029537943,3.2852655e-05,0.0008268037,0.000560208087,0.0005278574869354603,0.942252529345333,5,4767.2
RNASET2,0.00031592496,0.0007334333,0.00016780154,0.0011456977,0.0004373823,0.00056004796,0.00038779770865879137,0.6924366060699362,5,4703.2
RPP14,0.002562212,7.093992e-05,2.0414398e-05,7.313807e-05,6.625744e-05,0.0005585923656,0.0011202668905159348,2.0055177254573184,5,5155.4
CDH19,0.00039645258,0.0005488969,0.00031647872,0.00094589434,0.0005743179,0.000556408088,0.0002425018484344355,0.4358345136680247,5,4658.2
LMX1A,0.00081744517,0.00044595578,7.8438185e-05,0.00097067293,0.00046603632,0.0005557096769999999,0.0003494907994406066,0.6289089679476765,5,4749.4
CEP350,0.00011316558,4.687763e-05,2.352268e-05,0.0025465714,3.9824154e-05,0.0005539922888000001,0.0011144092443371061,2.011597032787266,5,5149.4
TRMT11,0.0007063155,0.0006554248,0.00012801393,0.00025877406,0.0010193221,0.000553570078,0.00036008097063785463,0.6504704371645149,5,4726.8
THG1L,0.00026924477,0.0006263738,0.0006120858,0.00039628748,0.000861401,0.00055307857,0.00022861640180658454,0.41335248589831375,5,4634.0
INSIG2,0.000958427,0.00050394627,0.00040765072,0.00080921187,8.514687e-05,0.0005528765460000001,0.00034366943831524885,0.6216024911920369,5,4738.2
RAB11FIP5,0.00010730862,2.8374488e-05,0.0011162058,0.0012447725,0.00026608544,0.0005525493696,0.0005813651280302817,1.0521505588742992,5,4791.0
UQCC2,0.0007594611,0.00036716787,0.00039280282,0.00038989374,0.0008498338,0.000551831866,0.00023320057730520156,0.4225935319675822,5,4668.6
SDK2,0.00030791265,0.0021766878,0.0001394515,7.231804e-05,6.20375e-05,0.000551681498,0.0009137208098879525,1.6562469707620184,5,4946.2
TAOK3,8.667377e-05,0.00086165813,0.0003216842,0.0010700407,0.00041463965,0.00055093929,0.00040394629364893354,0.733195655094654,5,4709.4
LILRA3,0.0006681309,0.0004948772,0.0004494037,0.00060183904,0.0005371446,0.0005502790880000001,8.655230516147865e-05,0.15728801448016982,5,4651.8
BACE1,0.0004154399,0.0014571205,0.00023589912,0.00044369962,0.00019921678,0.000550275184,0.0005181654283237106,0.9416478216537393,5,4739.0
ASB7,0.00058016024,0.00023541339,0.0017229373,5.9327245e-05,0.0001516894,0.0005499055150000001,0.0006846654889312762,1.245060233540804,5,4842.0
CDH7,0.00058645074,0.0006215958,0.00042432672,0.00049228535,0.00061911176,0.000548754074,8.710344836325186e-05,0.15872947917877667,5,4646.2
SLC23A1,0.00029504194,0.0010997761,0.00023804835,0.00054219825,0.00056795566,0.00054860406,0.0003409342804026079,0.6214578149542093,5,4687.4
CENPW,0.00091900723,0.00020405588,0.00043403317,0.0004191217,0.00076472416,0.0005481884279999999,0.0002883189037108631,0.5259485406555556,5,4695.6
HTD2,0.0006380937,0.0007897526,0.00035539118,0.0006037557,0.00035249454,0.0005478975440000001,0.0001903880132875914,0.3474883495509726,5,4666.0
MPDZ,9.04295e-05,0.00019440259,0.0015456171,0.00051655783,0.0003914911,0.000547699624,0.0005820491739849348,1.062716037184891,5,4750.6
INHBE,0.00091913866,0.0009121725,0.0003680342,0.00033876463,0.00019931913,0.000547485824,0.0003420927034996086,0.6248430342912562,5,4710.8
RGCC,9.7097225e-05,0.001043713,0.0004908387,0.00039176326,0.000711399,0.0005469622369999999,0.00035475902823465865,0.6485987591766024,5,4678.0
IFT88,0.0005000608,0.0006164995,0.0007179758,0.00046535512,0.00043476195,0.000546930634,0.00011782342235559227,0.21542662822501962,5,4637.4
LILRB5,0.001092014,0.0007757679,9.0272166e-05,0.0005112452,0.0002608934,0.0005460385332,0.0004003455060355068,0.7331817842402534,5,4768.2
KCNH7,0.0005983993,6.360574e-05,0.0001141078,0.0016946682,0.00025912188,0.000545980584,0.0006752256046469481,1.2367209099269876,5,4867.8
LTBP2,0.00073353853,0.0008554525,0.00013456172,0.00045915722,0.000544244,0.0005453907940000001,0.00027737875935016434,0.5085871679567886,5,4723.0
COL22A1,0.0005638209,0.00061110005,0.0006334513,0.0003949454,0.00051526306,0.0005437161419999999,9.478858381076975e-05,0.17433468769586347,5,4641.8
SCFD1,0.00034063097,0.0005857586,0.00045354784,0.00054133136,0.0007965524,0.000543564234,0.00016961222185542992,0.31203712688614815,5,4653.2
PRM2,0.000625773,0.0005645695,0.0007313095,0.0005951899,0.00019948534,0.000543265448,0.00020217741938284188,0.3721521774063605,5,4668.2
APOH,0.00065822137,0.0004730078,0.00047171683,0.0008586956,0.00025278586,0.000542885492,0.00022756540589776334,0.41917754158323195,5,4678.6
TRIB1,0.0002855601,0.00046067627,0.0002903298,0.0013059652,0.00036723996,0.000541954266,0.0004329828948339099,0.7989288432576152,5,4722.4
ZIC5,0.0008074944,0.0011191822,0.00048695767,0.00020919328,8.312112e-05,0.0005411897340000001,0.0004266096234417035,0.7882810715727719,5,4761.0
LRRC4C,0.00029198732,0.00017134647,0.0012721082,0.00056984345,0.00039934527,0.0005409261419999999,0.00043418550960785696,0.8026705975098852,5,4706.4
ADGRL4,0.0006185554,0.000707229,0.00026971212,2.911307e-05,0.001075855,0.000540092918,0.0004047647528151709,0.7494354014380372,5,4782.6
CEPT1,0.0005961623,0.0007425889,0.0003439915,0.0005826975,0.00043162223,0.000539412486,0.00015506683243820383,0.28747356886025777,5,4669.0
SORBS3,0.0006468522,0.00082376425,0.00031393513,8.0114754e-05,0.0008286898,0.0005386712268,0.0003308595924226978,0.6142143406993978,5,4731.8
SSU72,0.0013076655,0.00024999658,0.0002165729,0.0007523977,0.00016516155,0.0005383588459999999,0.0004908208869200124,0.9116983784455405,5,4793.6
LRRC25,0.00036186533,0.00060377165,5.3039577e-05,0.0010794279,0.00059072074,0.0005377650394,0.00037631745743727137,0.6997804428810389,5,4775.0
FOXM1,0.0005318195,0.0008245324,0.00037061633,0.0002227729,0.0007296652,0.000535881266,0.0002481116362191197,0.4629974062558844,5,4694.0
AQP12A,0.0008879566,0.0003889781,0.0001768993,0.00046475464,0.0007602151,0.000535760748,0.00028713682552295605,0.5359422589184456,5,4736.0
KIF1C,0.0001859694,0.0016710972,0.00024915457,0.00014038805,0.00043091836,0.000535505516,0.0006443595887724194,1.2032734855571858,5,4785.6
GPR135,0.0004484696,0.0002502536,0.0012503322,1.9610208e-05,0.0007079845,0.0005353300215999999,0.000473238288064462,0.8840122335191337,5,4802.0
TLN2,0.0005466135,0.0009975331,0.00041599676,0.00019792329,0.0005135742,0.0005343281700000001,0.0002925367625020303,0.5474851952911827,5,4693.8
CEP295,6.0895574e-05,0.0007888273,0.001419105,0.00025558137,0.00014642387,0.0005341666228,0.0005700674659661226,1.0672090722889744,5,4796.2
ANXA11,0.001024036,0.00036644086,0.00022747954,0.00050106546,0.0005454652,0.0005328974119999999,0.00030140346519520733,0.5655937867365874,5,4729.4
LY6D,0.00074852386,0.000531105,0.00023616682,0.0006511649,0.0004772906,0.0005288502360000001,0.00019464354608957855,0.3680504098131451,5,4709.6
FOXQ1,0.0008563653,0.0006405591,0.0003351657,0.0005980482,0.000214005,0.00052882866,0.00025552620484729744,0.48319280737790843,5,4714.2
FAM120B,0.00048169118,0.0003908664,0.00050012255,0.0005219676,0.00074177794,0.000527285134,0.00012986736078656247,0.24629437170243165,5,4670.2
MGAM2,0.00073156576,0.00042074156,0.00020331198,0.00059322536,0.0006796265,0.000525694232,0.00021539734340641372,0.40973883732171845,5,4726.0
NPAP1,5.7540416e-05,0.0010578999,0.0008103403,0.00030613426,0.00038466114,0.0005233152032,0.0004035786379282586,0.7711960888207167,5,4729.8
RAP1GAP2,6.868315e-05,0.00047798638,0.00028993288,0.0014654848,0.00031213654,0.00052284475,0.0005466925976007725,1.0456117185852445,5,4798.6
ABHD6,0.00033218457,0.00039508403,0.00022978982,0.001473032,0.00018392719,0.000522803522,0.0005376514232869732,1.0284005379882906,5,4796.0
H19,0.0009803128,0.0005981355,0.0002941627,0.00012300523,0.0006109945,0.0005213221459999999,0.0003297239839482246,0.6324764571736122,5,4752.6
PLEKHA6,0.0010300535,0.0010195915,0.00028193582,6.250218e-05,0.00019575145,0.00051796689,0.0004692657837873082,0.9059764105526285,5,4820.4
ELP1,0.00040209302,0.00042177184,0.00031980168,0.0011104059,0.00032899107,0.000516612702,0.0003349016138496421,0.6482643817178969,5,4732.2
ADGRG1,0.0008519826,0.00030988827,0.0010362018,0.00022584863,0.00015819551,0.000516423362,0.0003994331107550158,0.77346057546292,5,4774.4
CSNK1A1L,0.0003487028,0.00071806466,0.00046309654,0.0004120278,0.0006361432,0.0005156070000000001,0.0001556125723253163,0.30180461538597475,5,4681.4
IQSEC1,0.0010845183,0.00023175713,0.00042204108,0.00048319492,0.00035533347,0.0005153689800000001,0.000331558162858773,0.643341325779392,5,4747.0
B9D1,9.696417e-07,0.0017182268,0.00030968635,0.00054313254,5.444138e-07,0.0005145119490999999,0.0007105614743601395,1.3810397904326137,5,5031.6
PUS1,0.00036848412,0.0012100157,1.0603297e-05,0.0003575099,0.00062534906,0.0005143924154,0.0004460683695302766,0.8671752463212478,5,4856.2
ATAT1,0.00029317458,0.00010874172,0.0014885014,0.00024900257,0.00042626375,0.000513136804,0.0005569040941137644,1.0852936093700354,5,4793.4
MRPS10,0.00033897167,0.0010663354,0.0003476502,0.00030745397,0.0005013206,0.0005123463679999999,0.0003186651548078926,0.6219721163474563,5,4714.2
FBXW10,0.0005033315,0.0010453268,0.0003638219,0.0006441151,7.1624356e-07,0.0005114623087119999,0.00038253542368580105,0.74792495394065,5,4861.6
OR2T3,0.0005678262,0.00083826936,0.00018291906,0.0004272628,0.0005386241,0.0005109803039999999,0.0002375639712885358,0.4649180593241336,5,4743.4
SLC22A5,0.0009860618,0.0003928371,0.00016270424,0.00058358524,0.00042589463,0.000510216602,0.0003055587479095428,0.5988804494243855,5,4771.6
MSR1,0.00053105084,0.00046906754,0.00036901713,0.0005356551,0.00064340583,0.000509639288,0.00010056020938728485,0.1973164388128665,5,4710.2
SDHAF4,0.0008550014,0.000771447,8.6176304e-05,0.00060488883,0.00022636041,0.0005087747888,0.00033780720332157456,0.6639621513446631,5,4810.0
RPRM,0.0008026911,0.0005522886,0.00036416308,0.00062350556,0.00019840663,0.000508210994,0.000233817637599683,0.46007984943293656,5,4742.4
RGL2,0.0016999091,0.00045291826,0.00013266779,0.00014501337,0.00011027539,0.000508156782,0.0006809000669450607,1.339940921904415,5,4933.6
PEBP1,0.00038859737,0.0013644198,0.00024742924,0.00017279304,0.00036679214,0.000508006318,0.00048680395140358353,0.9582635769572919,5,4780.4
SUDS3,8.278957e-05,0.0007032522,0.00058342074,0.00048211814,0.0006856001,0.00050743615,0.0002533898656076884,0.4993532006099455,5,4715.4
MAGI1,0.0005427686,0.00042596593,0.00071700255,0.00054044556,0.00030969916,0.00050717636,0.00015165178509285554,0.29901193559742323,5,4704.0
NCOA7,0.00065951276,0.0008911909,0.0005731905,0.00025646362,0.00015380551,0.000506832658,0.00030114724693620286,0.5941749060223401,5,4748.6
MATR3,0.00034877134,0.0014199527,0.00018189607,0.00033727664,0.00024518036,0.000506615422,0.000515161700319026,1.0168693607574897,5,4796.0
RECK,0.0025287978,2.777809e-07,2.2384752e-07,1.7211725e-07,2.1590805e-07,0.000505937490744,0.0011308132907440708,2.235084988624123,5,5468.8
UBE2E2,4.7478396e-05,0.0003266754,0.0020263852,1.8520619e-05,0.00010692715,0.000505197353,0.000858903748270894,1.7001350920991345,5,5028.6
ZNF282,0.00027788524,0.00057682244,0.00024998336,0.0005985424,0.00082015025,0.000504676738,0.0002397094084279548,0.4749761389397638,5,4730.8
TAX1BP1,0.00029600956,0.0011519438,0.00033233178,0.0005239647,0.00020388876,0.00050162772,0.000381771651614626,0.7610656995084443,5,4755.4
EVI5,0.00011559798,0.0012254552,9.240949e-05,0.00044654115,0.0006280547,0.0005016117039999999,0.00046352536363064177,0.9240720659712555,5,4822.2
SLC6A6,7.179184e-05,0.002010288,4.2519958e-05,0.00024929247,0.0001322886,0.0005012361736,0.000847301357063371,1.6904234005655394,5,5007.0
EEF1A2,0.00037766818,0.0012896882,0.00018541915,9.931468e-05,0.00055353466,0.000501124974,0.00047458982191013894,0.9470488331921348,5,4807.2
TNIP1,0.00076544326,0.00039845784,0.0004162317,0.00025161286,0.0006694084,0.000500230812,0.00021105874393094102,0.42192271820901156,5,4738.2
SDR16C5,0.0011202516,0.0011851288,6.372672e-05,6.447692e-05,6.0920192e-05,0.0004989008464,0.0005972673783672561,1.1971664964632862,5,4985.6
NIPAL3,0.00078041136,0.0012998587,2.0301066e-05,0.00037947297,1.11269055e-05,0.0004982342003000001,0.0005481841878664506,1.1002540322129117,5,5013.2
CDS1,0.00034234373,0.00088857394,0.00032520265,0.0002645516,0.0006669733,0.000497529044,0.00026911188367579534,0.5408968318958991,5,4735.4
HSPBP1,0.0012597761,0.000117660566,4.0602812e-05,0.00035830468,0.00070841645,0.0004969521216,0.0004994891074367279,1.0051050910670425,5,4909.6
SLC6A20,0.0004285288,0.0010825106,0.00043126036,0.0001982916,0.0003398566,0.000496089592,0.00034122913137275417,0.6878377149520084,5,4747.2
CADM2,0.0002918471,0.0005818424,0.0003584806,0.0009665514,0.00028058197,0.0004958606939999999,0.0002897336536600308,0.5843045378790013,5,4743.4
NLRP12,0.00070621906,0.00081674894,0.00036031703,0.00022514098,0.00036862266,0.0004954097339999999,0.00025252210667459904,0.5097237485337724,5,4751.2
APCS,0.0005326303,0.00039155845,0.00034923435,0.00016053198,0.0010420235,0.0004951957159999999,0.00033334186389336924,0.6731517521718006,5,4768.6
ARID1A,5.148463e-06,0.00093968905,0.0006450307,0.0006937624,0.00018972563,0.0004946712486,0.00038500340345213083,0.778301557937222,5,4826.6
HELLS,0.00076858245,0.00055438245,0.0002799199,0.0003844284,0.0004852274,0.00049450812,0.00018503611433964926,0.3741821556734989,5,4745.8
DCD,0.0005704557,0.00067271315,0.00017093807,0.00028864914,0.000765459,0.0004936430119999999,0.0002539740153255429,0.5144892344298858,5,4771.4
VTI1A,0.000506448,0.0010345434,0.00027579907,0.00023433036,0.0004140365,0.000493031466,0.0003216253872208547,0.6523425164528033,5,4763.2
OR6F1,0.00030717993,0.00070922775,0.0002769926,0.0010433163,0.000118209835,0.000490985283,0.00037790148767340615,0.7696798677230537,5,4803.6
RCL1,0.0003647433,0.00037627717,0.00067260483,0.0005985101,0.00044244176,0.000490915432,0.00013783929484421548,0.2807801219095013,5,4706.8
AHSA1,0.00068831164,1.6405608e-06,0.0009013548,0.00069821,0.00016243807,0.00049039101416,0.00038654969846166814,0.7882479231879818,5,4854.2
ZNF202,4.5546376e-06,0.0013421603,0.0002630975,0.00069127674,0.00014197982,0.0004886137995200001,0.0005419732201113385,1.1092057175703125,5,4912.0
DNAJC5,0.00043675865,0.0010124429,0.00015657437,0.00039203351,0.0004383327,0.000487228426,0.0003159044201934947,0.6483702578418417,5,4779.8
TRMT10A,0.00085598225,0.00056655,0.000312906,0.0006156887,7.5851465e-05,0.000485395683,0.00029932250764276656,0.6166567155949892,5,4825.4
MTSS1,0.0010423873,0.0005099163,0.00018534713,0.0005619334,0.00012733636,0.00048538409799999993,0.00036569610213381355,0.7534159104936594,5,4844.2
NRXN3,0.000526536,0.0003483632,0.00043786113,0.00042246524,0.00067975547,0.000482996208,0.0001269223590097496,0.2627812742781401,5,4740.4
AOPEP,0.00016823092,0.00023081516,0.0003013447,0.001310941,0.00039472495,0.0004812113460000001,0.000471417596931268,0.9796477178891537,5,4818.8
KCNU1,8.97214e-05,0.00033990177,0.00037457363,0.0014096469,0.00019114706,0.00048099815199999994,0.0005316798889481452,1.1053678413054386,5,4844.8
SPNS1,0.0007251197,0.00040483254,0.0004701478,0.00050684076,0.00029553194,0.000480494548,0.00015857060642242407,0.33001541241717497,5,4748.6
RBM25,0.00028918422,0.0006021569,0.00023010018,0.0008170346,0.00045707703,0.00047911058600000003,0.0002386926470459002,0.49819948467158304,5,4766.4
CHN2,0.0004761463,0.0007715812,0.00025459798,0.00046798718,0.00042447489,0.00047895751000000004,0.00018645537641422035,0.389294191073902,5,4758.2
INPP1,0.00019728592,0.00065246364,0.00029190056,0.00038266406,0.0008461115,0.00047408513599999996,0.0002685094714567117,0.5663739507258286,5,4764.2
ZNF347,0.00043188868,0.0011652187,0.00019502334,5.7960613e-05,0.00052016607,0.0004740514806000001,0.00042796165004294127,0.9027746300913909,5,4854.8
SLC13A2,0.00038089932,0.0007257104,0.0003861856,0.00039457288,0.00047972339,0.00047341831800000006,0.0001466943793630343,0.30986206867270877,5,4742.0
NFIA,0.00019397303,0.00054998795,0.00071789045,0.00012546462,0.00077830144,0.00047312349800000006,0.00029905863149758106,0.632094226479491,5,4771.4
ESRRG,0.00040379402,0.0003771211,0.00027507625,0.000928554,0.00037913604,0.0004727362820000001,0.0002595648204755398,0.5490689637304795,5,4777.0
PPP2R3A,1.6525511e-06,0.00032528478,0.0016697197,1.0355498e-06,0.00036186713,0.00047191194218,0.000691234634887135,1.4647534277135954,5,5061.0
LHX2,0.00035047618,0.0005872644,0.00042272976,0.0005895596,0.00040851108,0.000471708204,0.00010992287532039034,0.23303151055729857,5,4738.6
BUB1,7.346369e-05,0.0008993217,0.00059211056,0.0003382104,0.0004531724,0.00047125575,0.00030582386203190033,0.6489551841688941,5,4774.2
SIRPB1,0.0010595027,0.00049400365,0.00023344214,0.00025365435,0.00031547164,0.00047121489599999996,0.0003445019245610792,0.7310930267388644,5,4828.0
PCF11,0.00059125945,0.0007803809,0.00051582296,0.00017608165,0.00029179998,0.00047106898799999995,0.00024045656098361937,0.510448717935173,5,4767.6
SNRPC,0.0007692461,0.0005808843,0.0004708896,0.0002396592,0.0002943739,0.00047101062,0.00021548819696319102,0.4575017798180241,5,4772.8
SPTSSB,0.00035964118,0.00076453877,0.00048065354,0.0005288484,0.00022105673,0.000470947724,0.00020277885063313983,0.4305761346733673,5,4754.8
CLPB,9.862323e-05,0.00011541627,7.5809156e-05,1.1931463e-05,0.0020517115,0.0004706983238,0.0008846853061838854,1.879516585148896,5,5132.0
PDE6D,0.00025037464,0.00088336895,0.00028815924,0.00047097178,0.00045963284,0.00047050149,0.0002511386143538779,0.5337679469492815,5,4767.4
EPS8L1,0.00013102293,7.1593706e-05,0.00017740214,0.00064720726,0.0013104058,0.00046752636719999996,0.0005236650322809849,1.1200759337215516,5,4896.4
ZNF224,0.00076068635,0.0009121618,0.00030138975,0.00013086878,0.00023143723,0.00046730878200000007,0.0003465259709595259,0.7415353280468114,5,4824.6
CAMK1D,0.00067610457,0.00046174868,0.0005393838,0.00039769185,0.00025990256,0.00046696629200000005,0.00015547079765095524,0.33293794501757146,5,4761.4
ABCB9,0.00061617646,0.00026653422,0.00028469504,0.00010562691,0.001059538,0.000466514126,0.00037992297076584167,0.8143868525984177,5,4839.0
IL21R,0.000229311,0.00058832875,0.000107100175,0.00047096994,0.0009365521,0.000466452393,0.0003245142701035944,0.6957071610598307,5,4830.4
OR2G3,0.0003052599,0.0005362335,0.00021002212,0.00011503174,0.001163162,0.000465941852,0.0004199727241693895,0.9013414922199122,5,4843.0
CACNB2,0.00080724095,0.0005692323,0.00024133918,0.00012456164,0.0005851688,0.00046550857400000004,0.00027764857591865437,0.5964413792272156,5,4822.0
SDF2L1,7.282958e-05,2.1020621e-06,8.9340414e-05,5.9888713e-05,0.0021020055,0.00046523325381999997,0.0009155727925234923,1.967986563741486,5,5150.6
RBBP6,0.00061703904,0.00084471656,0.00019543852,0.00010978921,0.0005587055,0.0004651377659999999,0.00030615325340728694,0.6581990880682155,5,4830.0
HVCN1,0.0006376888,0.00060998433,0.00047273334,0.00047620048,0.00012849102,0.000465019594,0.00020264835589747028,0.43578455297836394,5,4792.8
PPM1K,0.0012831263,0.00031601946,0.00036225468,0.00017046975,0.00018990428,0.00046435489399999994,0.0004648940974434147,1.001161188242833,5,4863.4
HIC1,0.00038663344,0.0011428344,0.00027571683,0.00016765507,0.00033878649,0.000462325246,0.00038914553702736494,0.8417137943346596,5,4818.8
NHLRC1,0.00089410355,0.00010771811,0.0008677859,0.00036757588,7.427728e-05,0.000462292144,0.0003987905864751492,0.8626376018951972,5,4885.4
SMOC2,0.0007227534,0.0002086506,0.00044238748,0.00023019823,0.00070385507,0.00046156895600000007,0.00024738022935243766,0.535955085663165,5,4802.6
APBA2,0.00056602183,0.00035412906,0.00018684578,0.00039180752,0.00080480915,0.000460722668,0.0002348422157981411,0.5097257680365341,5,4811.4
ELL2,0.00047302782,0.00020824194,0.00069346605,0.00035833687,0.0005597295,0.00045856043599999994,0.00018596319852366957,0.4055369454587434,5,4771.8
KDM5B,0.0005727336,0.00064210285,0.00037876875,0.0004472764,0.00025159447,0.0004584952139999999,0.00015496149646820087,0.3379784384580313,5,4776.6
SMC1B,0.00027114482,0.0006275581,0.0002533977,0.0009720174,0.00016485974,0.00045779555199999995,0.00033751733261953984,0.7372665180887119,5,4827.4
CASR,1.3733946e-06,0.001991988,0.00020893625,9.482726e-07,8.505629e-05,0.0004576604414400001,0.0008619226340448137,1.8833234337073743,5,5195.2
LINC00970,0.00027981543,0.0002645517,0.00057543913,0.000925662,0.0002388147,0.00045685659199999997,0.0002956802919053574,0.6472059221274352,5,4790.6
PACRG,0.00010495441,0.0007899667,0.00052506535,0.00049580535,0.00036070662,0.000455299686,0.0002500997938323394,0.5493080744895119,5,4779.4
SEC63,2.4631427e-05,0.00024790704,0.00057443354,0.00033706427,0.0010848392,0.0004537750954000001,0.00040403209200985104,0.8903796089860311,5,4860.6
SMG7,0.00021852968,0.0006057036,0.00033840744,0.00038972023,0.00071018,0.00045250819,0.000200979381732983,0.44414529101226435,5,4782.6
ALDH1A3,0.00037835346,0.001239831,0.00031866872,0.00012436288,0.00019875656,0.000451994524,0.0004514856171010338,0.998874086140552,5,4856.8
MFN2,7.5506905e-06,3.4383287e-05,0.00017841673,0.00013475552,0.0019036813,0.00045175750550000005,0.0008146792430395676,1.8033551919361914,5,5105.0
GRHL2,0.00051544793,0.00087269297,0.00030214325,0.0002919335,0.0002752342,0.00045149037000000007,0.0002551134033167769,0.5650472751318635,5,4807.6
ERI1,0.0008147382,0.0008509492,6.9636153e-06,0.00029750273,0.00028456651,0.0004509440510600001,0.0003676597117229939,0.8153111474888382,5,4953.4
PPRC1,2.0055154e-06,1.3712464e-06,3.8401544e-05,6.819911e-05,0.0021372314,0.00044944176316,0.0009439147557352832,2.1001936916112802,5,5276.2
MAS1L,9.832141e-05,0.0009311275,0.0005082512,0.00020237004,0.0005057259,0.00044915920999999995,0.0003251834646024338,0.7239826265667219,5,4808.6
SHANK2,0.00024323528,0.00021461221,7.182671e-05,0.00023378214,0.0014819361,0.00044907848799999995,0.0005815522611794115,1.2949902449556023,5,4956.4
APPBP2,0.0007209521,0.00040353643,0.0005120546,0.0005867873,2.1124859e-05,0.0004488910578,0.0002655481032024895,0.5915646983567279,5,4885.8
DHDH,7.798603e-05,0.0008826012,0.0002065794,0.00055300246,0.0005240333,0.000448840478,0.00031657364642352973,0.7053143866038075,5,4842.4
BCL2A1,0.000384443,0.0003109385,0.0007976915,0.0004159024,0.00033382734,0.000448560548,0.0001994828146422857,0.44471769871809075,5,4778.6
KANK1,0.00026439026,0.00024532882,0.00014775502,0.0013154912,0.00025194295,0.00044498164999999995,0.0004888427632146125,1.0985683639193042,5,4903.4
MAP2,0.00082448544,0.00031270483,8.9908404e-05,0.00017584604,0.00081728783,0.0004440465088,0.0003530718020281419,0.7951234724990635,5,4905.8
MEP1B,0.00019867328,0.00040452846,0.0007818023,0.00024024842,0.0005943706,0.00044392461199999994,0.0002449385592252288,0.5517571060584242,5,4792.2
OASL,0.00075174385,0.00045356769,0.0003558572,0.00025666627,0.00039118802,0.000441804606,0.0001873672222867141,0.42409522160281443,5,4816.2
EPHA7,0.001396527,0.00018555162,0.00015486863,0.00021072864,0.00025921085,0.000441377348,0.0005353102758700108,1.2128177358798458,5,4943.0
PRDM6,0.0005135087,0.00031784407,0.00013603282,0.0003518125,0.0008856465,0.000440968918,0.0002824423794489124,0.64050405350545,5,4862.6
SMG1,0.00042763655,0.0007546847,0.00020457568,0.0007019207,0.00011496105,0.00044075573599999996,0.00028672889729609526,0.6505392304096873,5,4868.2
CITED2,0.0005383391,0.0006731051,0.00034618317,0.00032266031,0.000320251,0.000440107736,0.00015883838613598456,0.360907962172209,5,4805.6
DHX29,0.0009364828,0.00019977518,0.00078800175,4.9277996e-06,0.00027120174,0.00044007785392,0.0004009641488576928,0.9111209420926291,5,4948.4
ACAA2,0.0015593123,0.0001726994,0.00024953342,0.00020267336,1.3013109e-05,0.00043944631780000004,0.000632302807226923,1.4388624539907862,5,5055.8
SSTR5,6.286123e-05,0.0007919472,0.0004731204,0.00044277465,0.00042528973,0.00043919864199999995,0.00025856252830504435,0.5887143164368991,5,4818.4
KLF3,0.0004720486,0.00071933743,0.00083706196,2.2018887e-05,0.00014070512,0.00043823439939999996,0.0003539013852514377,0.8075618567049387,5,4910.8
BRMS1L,0.00016576133,0.00011577044,0.0004743129,0.0006647008,0.00076974015,0.000438057124,0.000291851491778986,0.666240715626362,5,4835.0
PDE3A,0.00088641734,0.0004964963,0.00023143414,0.00025413968,0.00031780146,0.000437257784,0.0002717622740142503,0.6215150054692915,5,4861.4
CCL13,0.000787357,0.00021856473,0.000863723,0.000113629605,0.00019896515,0.000436447897,0.00035839363535306344,0.8211601838765726,5,4873.6
ACBD3,2.5860083e-05,0.0008341261,0.00040550326,0.00049818953,0.0004123155,0.0004351988946,0.0002881295188370873,0.662063995134714,5,4857.0
SLC45A3,0.0009150961,0.00051198516,0.00068464817,2.4631106e-05,3.398312e-05,0.0004340687312,0.0003962183803723689,0.9128010194998559,5,4991.6
OR52Z1,0.00033313953,0.00039612583,0.0004917108,0.00029754912,0.00065055,0.00043381505600000004,0.00014181889659862725,0.32691096041311035,5,4790.8
SLC14A1,0.00011502421,0.00043407833,0.00043749937,0.0008975884,0.00028276411,0.000433390884,0.00029135135586575475,0.6722600004335918,5,4834.4
GORAB,2.268341e-05,0.0013313738,0.0002692732,0.0005129276,2.887306e-05,0.0004330262140000001,0.0005412828869993865,1.2500002759634001,5,5013.4
PCARE,6.153112e-05,0.00052785664,0.00044964417,0.00018336052,0.00093922066,0.00043232262199999997,0.00034126268171903317,0.7893704015309039,5,4859.4
IGSF11,0.00012884777,0.00015195007,0.0009016665,0.00047243177,0.0005057665,0.000432132522,0.0003154330340208553,0.7299451394238162,5,4839.8
RFNG,0.0005420563,0.0006303227,0.0004208642,0.00029180752,0.00027009775,0.000431029694,0.00015606877577014301,0.3620835825063668,5,4812.6
EEF2KMT,0.0011174298,0.00048418512,0.00025688755,0.00026602723,2.4490088e-05,0.0004298039575999999,0.0004173693937542212,0.9710692197549492,5,4973.6
ADD2,0.0010674018,0.0003359213,0.00031741423,0.000105700135,0.00031851226,0.000428989945,0.00036925676351193406,0.8607585511402466,5,4891.8
SOX13,0.00023824246,0.00040431795,0.00063925,0.0006593615,0.00020075911,0.000428386204,0.00021584783180614075,0.503862705639654,5,4814.4
LPP,0.00048496382,0.00012007403,0.0005777662,0.0005249843,0.00043402446,0.00042836256200000003,0.0001802323401616894,0.42074718042630765,5,4823.6
CLDN17,6.7633175e-07,0.001257947,0.00035866693,0.00045952946,6.2461026e-05,0.00042785614955000005,0.0005027020389225025,1.1749323679260473,5,5018.8
ASIC2,0.00036546035,0.00018728268,0.00080791675,0.00039853677,0.0003748432,0.0004268079500000001,0.0002290629800365654,0.5366886442404959,5,4816.4
DACT2,0.000591425,0.00035101172,0.00021666154,0.00067738164,0.00029417276,0.000426130532,0.000198357208426882,0.4654846192219853,5,4850.2
GALNT6,0.00041108107,0.0004248212,0.0005196692,0.00023845553,0.00053547375,0.00042590015,0.00011848550901582418,0.2782002049443377,5,4809.0
PCSK6,0.0004193277,0.00094760815,0.00035008043,0.00014823655,0.00026357325,0.000425765216,0.00030879526813753523,0.7252712446512662,5,4849.0
ABCF1,0.00015707721,0.00055414485,0.00076517655,0.000399294,0.0002505053,0.000425239582,0.0002425335083134006,0.5703455618423607,5,4816.6
P2RX7,0.00031089658,0.00089383445,0.0005263343,0.00018825258,0.0002039608,0.000424655742,0.0002949580684455133,0.6945816087552475,5,4835.0
LHX9,0.0011987463,0.0002657505,0.00018676445,0.0002656919,0.0001974881,0.00042288824999999993,0.00043529253244934323,1.0293322939318916,5,4932.8
IZUMO1,0.00026746065,0.000546362,0.00028209158,0.00032739653,0.00068518764,0.00042169968,0.00018516194476296782,0.43908485954499143,5,4834.4
CDK14,0.00033466337,2.9214843e-05,0.00066662737,0.00046754122,0.00060892676,0.0004213947126,0.00025434435373691285,0.6035774681832419,5,4864.2
OR51E1,0.0005489881,0.00033942665,0.00037454357,0.0002862899,0.00055717333,0.00042128431,0.00012438141716570426,0.2952434121406141,5,4828.4
STMN2,9.1797185e-05,0.0005105264,0.00055288576,8.009157e-05,0.0008560999,0.000418280163,0.00033138980689295644,0.7922675665901863,5,4880.6
ROS1,5.2411106e-06,0.0012659432,0.0002516864,7.274139e-05,0.00049147377,0.00041741717412,0.0005103033384608204,1.2225259766482854,5,4999.6
PPP4R2,0.00036372538,0.00064711034,0.00036644776,0.00029906476,0.00040658732,0.00041658711200000004,0.0001344997909256878,0.3228611424870191,5,4817.6
SPOP,0.0006561916,0.00040579875,0.00030639948,0.00030637067,0.00039886375,0.00041472484999999996,0.00014327635466040078,0.34547328104501285,5,4843.0
DCAF5,0.0002518912,0.0010696648,0.00022534298,0.00036075935,0.00016039473,0.000413610612,0.000373803593435404,0.9037572600661512,5,4898.4
MSRB2,0.00026337706,0.0005383857,0.00023073719,0.0007060273,0.0003258967,0.00041288478999999996,0.0002029656663682858,0.4915794218728324,5,4856.0
CCR8,0.00032918906,2.8280044e-06,0.0002096633,0.0012892921,0.00022733798,0.00041166208888,0.0005047178502309794,1.2260488975415593,5,4998.8
SENP2,0.00037033847,0.00054572086,0.00052106066,0.00032948382,0.00028692634,0.00041070603,0.00011614123690199316,0.2827843479726684,5,4823.0
PKIA,0.0002620439,0.00016187994,0.00087057916,0.00057068665,0.00018142645,0.00040932322000000005,0.00030563520388688135,0.7466842557499702,5,4875.2
PNLIPRP3,0.0002962673,0.0012024521,0.000112864975,0.00027642766,0.00015681307,0.00040896502100000004,0.000450317809039821,1.101115708963826,5,4952.8
ADAP2,1.148189e-05,0.0006196093,0.00023884242,0.0006317574,0.000539596,0.000408257402,0.00027294868760800554,0.668570089043984,5,4926.4
TOX3,0.0005066684,0.0007414612,0.00019930248,0.000110425186,0.00048247847,0.0004080671472,0.000254255909368442,0.6230737051807487,5,4895.4
PTMA,0.0009560219,0.00037068027,0.0002866577,0.0002957129,0.00013105219,0.000408024992,0.0003184937982376497,0.7805742405054681,5,4920.0
EFHC1,0.00030173687,6.774615e-05,7.927598e-05,0.00043672702,0.0011474513,0.00040658746399999996,0.00044235944293701744,1.0879810178727436,5,4980.6
UBE3D,0.000542826,0.00015855952,0.00023967208,0.0006870685,0.00039925065,0.00040547535,0.00021601898152692327,0.5327549048960024,5,4889.0
MINK1,6.2032956e-07,0.0014210291,0.00040359533,3.2856823e-07,0.00019942652,0.00040499996955799993,0.0005920007276980049,1.4617303017185157,5,5139.4
SLC47A2,0.0012583114,0.0003485382,0.00019844706,0.00021435163,4.733629e-06,0.00040487638379999995,0.000492583061418119,1.2166258174777715,5,5066.8
UBE2K,4.408644e-05,0.0017385342,0.0001259525,2.2274107e-05,8.829008e-05,0.00040382746540000005,0.0007471975936842068,1.8502891895777596,5,5167.4
TTYH1,0.00036371738,0.0006498302,0.00049242424,0.00020038172,0.00031199423,0.00040366955399999996,0.00017305991925944226,0.4287167995321299,5,4839.2
TP53BP2,0.00080597546,1.2805594e-06,0.000371068,0.00035650804,0.00048171717,0.00040330984588,0.00028859348490449863,0.715562706570685,5,4948.2
EBF3,0.0003388464,0.00027683825,0.0010238393,0.00011435516,0.00025734157,0.000402244136,0.0003570725672805426,0.8877011131382723,5,4892.8
CA12,0.0008610587,0.00040638325,0.00042319615,4.163608e-05,0.00027855733,0.000402166302,0.000298455812907788,0.7421203900564199,5,4934.6
EDAR,0.0015952183,0.00014861001,0.00012215428,6.626854e-05,7.857996e-05,0.00040216621799999997,0.0006677585684314773,1.6604044261904598,5,5128.4
BRDT,0.00048171487,0.000484237,0.00032591732,0.00060532277,0.00011189737,0.00040181786599999996,0.00019000360373787608,0.4728600189665934,5,4896.0
RASA3,1.0990334e-06,0.0005251648,0.0014671265,1.2092511e-06,1.2250202e-05,0.00040136995729999996,0.0006369697321415573,1.5869890622268488,5,5237.2
UBASH3B,0.0004350176,0.0006821484,0.00016493196,0.00028261903,0.0004335359,0.00039965057799999995,0.0001942892647510678,0.48614783875295137,5,4884.6
CASP4,0.00045568543,0.00044308565,0.00034002445,0.0004281915,0.00032400564,0.000398198534,6.145726965405256e-05,0.15433826196369815,5,4855.0
RAP2B,5.4614364e-05,0.0009236179,0.00012444331,0.0004999748,0.00038582255,0.0003976945848,0.00034625417621546864,0.8706534849842105,5,4947.4
F11R,0.0008133709,0.00018563884,0.00020528687,0.00019822312,0.00058387005,0.00039727795600000005,0.00028689042675279346,0.7221403111346893,5,4929.8
RP1L1,0.00041412213,0.000554585,0.00048749102,0.00023166399,0.00029669743,0.00039691191399999993,0.0001329580640812972,0.3349812877657717,5,4850.0
EXPH5,0.00047525959,0.00012031478,1.8829722e-05,0.000726307,0.00064313115,0.00039676844840000005,0.0003141319025205093,0.7917260149774279,5,5007.4
SKAP2,0.00026063118,0.00032408518,0.00024260368,0.00033147837,0.0008231205,0.00039638378199999995,0.0002416718413305305,0.6096915471948611,5,4886.4
HECW2,0.00022180921,0.0005276086,0.00045290223,0.00022583698,0.00055097946,0.000395827296,0.00016114826710037167,0.407117621065657,5,4854.0
LILRA5,0.00081771775,0.00032985,0.00022875314,0.00039563738,0.00020438958,0.00039526956999999996,0.0002484477873974924,0.6285527808211809,5,4915.2
FBLN1,0.00021239667,0.00034911107,0.000991795,0.00021453222,0.00020794965,0.0003951569219999999,0.00033881055620335767,0.8574076204676929,5,4888.4
OR7A17,0.0005773577,0.0009794384,0.00021456198,0.0001869812,1.2118015e-05,0.00039409145900000007,0.00038640870899948903,0.9805051598428297,5,5028.4
RABGGTA,0.0005322701,0.00074832165,0.00016533904,0.0003750907,0.0001478948,0.000393783258,0.0002539061751163761,0.6447866179124764,5,4932.6
ZNF783,0.0007832001,0.000111458736,0.00016796436,0.0004315942,0.00047377025,0.0003935975292,0.0002693390989987879,0.6843007870151739,5,4941.6
DENND1A,0.00035609413,0.00060303736,0.00027109822,0.0006168615,0.00012042619,0.00039350348,0.00021491100799110374,0.5461476680996664,5,4905.2
FHIT,0.00021125497,0.00040293357,0.00021285514,0.0008472911,0.0002882888,0.000392524716,0.00026595385492473694,0.6775467737036384,5,4903.2
GTF3A,0.00029238735,0.0006441359,0.00030168894,0.00041368365,0.0003015325,0.00039068566800000003,0.00015024745551730443,0.38457375794318727,5,4864.2
DCTN6,0.00056444184,0.00060604635,0.000118322576,0.00028405007,0.0003789055,0.00039035326720000005,0.00020140907080545416,0.515966145871301,5,4918.4
LDLRAD4,0.0008766029,0.0004950059,6.1815044e-05,8.3310566e-05,0.00043316418,0.000389979718,0.00033594476479529233,0.8614416321909653,5,5007.6
CYBRD1,0.00075162295,0.0002018364,0.00019703788,0.00026596157,0.00053082523,0.00038945680599999997,0.000244247251934063,0.6271485006069274,5,4927.4
ADAMTS17,0.00023731565,0.0004101008,4.1110503e-05,0.0009306383,0.00032634588,0.0003891022266,0.0003323319208438121,0.8540992523937722,5,4977.4
PITPNM2,0.0003949983,0.0004506513,0.00037401012,0.00033415476,0.0003916467,0.000389092236,4.2061032236333424e-05,0.10810041513224496,5,4859.8
DZIP3,0.00059199316,0.00024297368,0.00039920636,0.00049773586,0.00020729768,0.000387841348,0.00016391048387383132,0.4226225097429048,5,4891.6
SAMD3,1.9349457e-06,0.0017428485,0.00011282291,7.907252e-06,7.176101e-05,0.00038745492354,0.0007590881413415465,1.9591650414610875,5,5271.0
PDCL,0.0003950952,0.00063320075,0.00036264723,0.00022607608,0.00031321155,0.000386046162,0.00015215953249566152,0.39414854355076195,5,4874.4
MAEA,0.00041703606,0.00045843312,0.0005422481,0.00028141346,0.00022395318,0.00038461678399999996,0.0001302029304927876,0.33852638758683923,5,4870.8
UNC13A,0.00022117236,0.0004579574,0.0003930077,0.0005170556,0.00033090886,0.000384020384,0.00011465833570039938,0.298573566606296,5,4869.6
ACOD1,0.00049590477,0.0007914738,0.00013653417,0.0004668006,2.2871209e-05,0.0003827169098,0.00030702549719036234,0.8022261084591417,5,5023.4
ICAM3,0.0009566855,0.00047960677,8.775758e-05,0.00021178665,0.00017671744,0.000382510788,0.0003526617772824306,0.9219655715499208,5,5004.6
MYO1E,0.00051705283,0.0004986705,0.00044132583,0.00035992466,9.552065e-05,0.000382498894,0.00017170273782242794,0.4488973445827217,5,4919.0
PTPRH,0.0001145167,0.0005707543,0.00027646084,0.00090062333,4.939154e-05,0.000382349342,0.00035281438169580806,0.9227539920699224,5,4988.0
GXYLT1,0.00039224158,0.00042733876,0.00015835845,0.00054612284,0.00038226703,0.00038126573200000005,0.00014063224930011952,0.36885625299291125,5,4908.4
PKIG,0.00052448804,0.00019825001,0.00011234723,0.00043556193,0.0006325007,0.00038062958199999996,0.00021931119873085358,0.5761801213097872,5,4949.8
UMOD,0.00054078095,0.00026075897,0.00017869199,0.0005022674,0.00041939545,0.000380378952,0.00015579991380685555,0.40959131147418365,5,4917.8
GUCY2C,0.00057301373,0.00051731884,0.00025112974,0.0002806825,0.00027689536,0.000379808034,0.00015265373893306704,0.40192340674148835,5,4907.6
CNTN3,0.00025870447,0.00042487876,0.00021030691,0.00077822653,0.00022166816,0.000378756966,0.00023935750906168963,0.6319553976511937,5,4922.2
NPBWR1,0.00031152368,0.00080211874,0.00019988278,0.00037659987,0.00020324624,0.000378674262,0.0002482740998636334,0.6556402818410547,5,4918.4
TRA2B,0.00017901947,8.3102495e-05,6.921219e-05,0.001447744,0.00011222366,0.000378260363,0.0005993531202209259,1.584498876560656,5,5109.6
TRAPPC12,0.00060111366,0.000706849,0.00024336291,8.7299064e-05,0.0002493976,0.0003776044468,0.00026319828326217746,0.6970211434018988,5,4943.2
OR1B1,0.00066770596,7.8120356e-05,0.00040045887,0.00019078786,0.0005487816,0.00037717092920000006,0.00024421970050384335,0.6475040402022673,5,4938.2
RAD18,0.0012097524,9.6906515e-05,0.00015210948,5.045502e-05,0.00037503996,0.000376852675,0.0004819595478947895,1.2789070633365929,5,5066.0
DHTKD1,0.00020491058,0.0010746798,0.00018036335,0.00014100793,0.00028328397,0.00037684912600000005,0.0003935456395051995,1.0443055651539428,5,4955.2
LIN28B,0.00039163893,0.0002704718,0.0004699791,0.00041973632,0.0003306277,0.00037649077,7.775467089195157e-05,0.20652477321542723,5,4878.0
ANKRA2,4.0690175e-05,0.00038709244,0.0006202722,0.0007779331,5.629628e-05,0.00037645683899999996,0.00033014552496119534,0.8769810792604444,5,4989.6
SIPA1L2,0.00037229696,0.00030795022,0.0004591394,0.00047021438,0.00027149246,0.000376218684,8.853612412149449e-05,0.23533154488811747,5,4878.2
KCNK18,0.0005877068,0.00036189533,0.00018922909,0.00040629442,0.00033476303,0.000375977734,0.00014363175206349787,0.38202196320353876,5,4914.8
DCHS2,5.043939e-05,0.00013122543,0.0005454046,0.0009377737,0.00021086812,0.000375142248,0.0003665572153549067,0.9771152604355741,5,4967.2
RPH3A,0.00040644518,0.000119073295,0.00070035347,0.00024760945,0.00039578494,0.000373853267,0.0002173683216890573,0.5814268347401048,5,4906.4
BSND,0.0002559764,0.00018219445,0.0003075226,0.00081971113,0.00030350522,0.00037378196,0.00025434517470577253,0.6804640189317123,5,4919.6
HSD17B8,0.0008728992,0.0004026619,0.00024443143,0.0002779034,6.915911e-05,0.000373411008,0.0003035913045501166,0.8130218393296981,5,4997.6
NSFL1C,0.00041023208,0.00069507776,0.00025675804,0.00029862078,0.0002044498,0.000373027692,0.00019530357074692698,0.5235631963401982,5,4912.2
COL27A1,0.0005834114,0.0003498,0.00011775846,0.0007096237,0.00010431215,0.00037298114199999996,0.00027178489442605304,0.728682670037117,5,4990.6
NTM,0.00066945434,0.0003680672,0.00021358614,0.0001940502,0.00041659508,0.000372350592,0.00019186176029062523,0.5152718013957803,5,4930.4
SPHKAP,0.00019920114,0.0005437793,0.00076063944,0.00028006025,7.784723e-05,0.000372305472,0.0002763089264809973,0.7421565012103752,5,4940.2
MYO5C,0.00010138863,0.0010941301,0.00023079403,0.0003989515,3.455494e-05,0.00037196384,0.0004269768922892237,1.1478989255762702,5,5030.2
KIF11,0.00058150786,0.00028338996,0.00027294894,0.00033529566,0.0003651709,0.000367662664,0.0001253556718316586,0.3409529552656959,5,4921.4
SLC52A3,0.0002262934,0.0007731296,7.037979e-05,0.00054899254,0.0002127297,0.000366305006,0.0002870720045801251,0.7836966459042197,5,4985.4
MED13,0.00038332838,0.000606313,0.00012906268,0.00056473707,0.00014551447,0.00036579112000000003,0.0002248888492725354,0.614801281322891,5,4969.4
BRD2,0.0006052056,0.00028176839,0.00023819869,0.00023577918,0.000466783,0.00036554697200000003,0.0001641349345134185,0.449011883795384,5,4932.8
ANO2,0.00029931433,0.00030770205,0.0002983472,0.0009133804,7.0854185e-06,0.0003651658797,0.00033198796335089364,0.9091428904136293,5,5045.8
PIGT,0.00045188516,0.0003371728,0.00016956768,0.00046762853,0.00039296364,0.000363843562,0.00012023421869045775,0.3304558091657473,5,4928.2
ABLIM3,0.00038992142,0.0003939991,0.00030379463,0.00050518353,0.00022343601,0.000363266938,0.00010593027202004756,0.2916044950395336,5,4914.0
STK38L,0.00072640914,0.00016607765,0.00039655395,0.00044240546,8.224203e-05,0.00036273764600000004,0.00025352534546564106,0.6989220673986538,5,4988.0
CDH16,0.00064390566,0.0006276191,5.2732674e-05,0.000118956574,0.00036988547,0.0003626198956,0.00027604390618260336,0.7612486505348919,5,5016.4
NUDT3,0.00027868937,0.0009601449,0.00016756123,0.0001049016,0.0002931724,0.0003608939,0.00034400404295022093,0.9531999375722917,5,4980.8
FEM1C,0.00088049495,0.000562759,0.00018439748,6.9124917e-06,0.00016833468,0.00036057972034,0.00035505885185300437,0.9846889101755644,5,5090.2
PLEKHA7,0.0010001116,0.00024241554,0.0004655784,4.0144428e-06,9.0155445e-05,0.0003604550855599999,0.0003982011205152552,1.104717720646425,5,5105.4
DNAH2,0.00041811846,0.00038995856,0.00022136785,0.00039151564,0.0003800204,0.00036019618199999994,7.887966034972462e-05,0.218990828586086,5,4920.4
CPEB4,0.0003474563,0.00036466113,0.00027947954,0.0001815469,0.00061661896,0.000357952566,0.00016150886556343303,0.451201865566269,5,4927.4
BCAS3,0.0005819246,0.00057160534,0.00010855471,0.00026323713,0.00026377878,0.00035782011200000005,0.00020967230294874567,0.5859712629812872,5,4977.4
TBCC,0.00015047049,0.0008813964,0.000105093146,0.00045955513,0.00019195135,0.0003576933032,0.00032359669889210906,0.9046764252982779,5,4998.4
ARL5B,0.00038096705,0.00016196174,0.00020047634,0.000265843,0.0007720371,0.00035625704599999994,0.0002468180664029201,0.692808939989134,5,4968.8
KIF24,0.00024785192,0.0009057544,0.00014876561,0.00034383978,0.0001348031,0.000356202962,0.0003185701388540323,0.8943500555563383,5,4997.4
NLRP2,0.00029421443,0.0002909675,0.00037858778,0.0003292971,0.0004835923,0.00035533182200000004,7.991792367846039e-05,0.22491068553511198,5,4908.8
TBC1D32,0.00015019749,0.00064556365,0.00041957456,0.0002585369,0.0003006415,0.00035490282,0.00018894516768557104,0.5323856476698918,5,4918.2
COMT,0.00048131283,6.9433872e-06,0.0004501042,0.00045660665,0.00037856612,0.00035470663744,0.00019813000064489026,0.5585742687953075,5,4977.6
ZNF248,8.6795764e-05,0.0005142261,0.00047360623,0.0003990401,0.00029972286,0.00035467821080000005,0.0001705494618853355,0.4808568913795126,5,4922.4
TLK1,0.0004077492,0.00021561397,0.0005855294,0.0003914867,0.00016958149,0.00035399215199999996,0.00016662905813791566,0.47071398955171095,5,4932.6
RNF41,0.00012176312,0.00067229976,0.00015921249,0.00029023035,0.0005260704,0.00035391522400000003,0.00023815207042067878,0.6729071095870087,5,4962.0
NUDT5,0.00033794844,0.00081310654,0.00023526807,0.00014771381,0.00022453573,0.000351714518,0.000266656432091098,0.7581615726510842,5,4965.2
TAGAP,0.0008135325,0.00017764002,4.0094335e-05,3.279275e-05,0.0006864943,0.000350110781,0.0003723105741460499,1.0634079107265477,5,5129.4
APOBR,0.00072179997,0.00064178096,0.00024621058,4.5370303e-05,9.344685e-05,0.00034972173259999997,0.0003133536236905374,0.8960084389406272,5,5051.2
PTPRU,3.288371e-05,0.00065861095,0.00035557218,0.0005983562,9.39415e-05,0.000347872908,0.00028419124015881746,0.8169398467753559,5,5020.2
DNAJB11,0.0002701462,0.00050109124,0.0003630224,0.00024405478,0.00035819426,0.000347301776,0.00010078430998295656,0.29019232537111056,5,4931.0
TFPI,0.00042748242,0.00044693597,0.00031476852,0.00036207883,0.00018145937,0.000346545022,0.00010622325851943995,0.30652080328956494,5,4944.8
PMP22,1.6094042e-05,0.0010115671,0.00028619208,9.461574e-05,0.00032074083,0.0003458419584,0.0003934547114917212,1.137671997093691,5,5045.2
ZNF703,0.0003303389,0.00049165025,0.00020244952,0.00044741505,0.000255493,0.000345469344,0.0001230255330440126,0.3561112879642733,5,4951.4
SI,0.00018532047,0.0008513756,0.00010690263,0.0003576184,0.00022407528,0.000345058476,0.00029723145568972143,0.8613944486607,5,5001.2
CLVS1,0.00041968274,0.0005275319,0.00012893988,0.0002731631,0.00036951897,0.00034376731800000006,0.0001511055129643168,0.43955752932952397,5,4975.8
HSF2,0.0008973197,8.793734e-05,0.00029442247,0.00037358634,6.479859e-05,0.00034361288800000006,0.0003365325902930307,0.9793945513854843,5,5065.4
STT3B,4.8357547e-06,1.9018617e-06,0.0016853899,5.3999656e-06,2.0265059e-05,0.0003435585082,0.0007501406045011098,2.1834435375543695,5,5391.8
ZNF717,0.00051725004,0.00028528608,0.00013143686,0.00066323526,0.00012015033,0.000343471714,0.00024013767915735088,0.6991483413896228,5,5026.4
PAX3,0.0003298099,0.00058185024,0.00018267069,0.00038876757,0.00022701752,0.000342023184,0.00015690023806093294,0.45874152806241614,5,4962.0
CHGB,7.366252e-05,0.0004978788,0.0001684076,0.00052504527,0.00044216035,0.000341430908,0.00020613925636139973,0.6037510123758325,5,4985.0
ACTL6A,0.00016959786,0.00088669406,0.00025741296,0.00017611738,0.00021560962,0.000341086376,0.00030702462541397504,0.9001374637548556,5,4982.8
PCLO,0.00017618608,0.00060164364,0.0005626015,4.4764667e-05,0.0003194734,0.0003409338574,0.00024105222735510516,0.7070351686200854,5,4978.8
SORBS2,0.00059386884,0.00013901947,8.4111416e-05,0.0003293321,0.0005493328,0.0003391329252,0.00023143670567579464,0.6824365565192684,5,5029.4
DEAF1,8.960247e-05,0.00074289134,0.000483864,0.00015960731,0.00021453237,0.000338099498,0.00027110090124208804,0.80183763313984,5,4972.8
CACNA2D4,0.0006304585,0.0003864491,0.00018236112,0.00020625288,0.00028382285,0.00033786889000000003,0.00018193070916008847,0.5384654063891128,5,4987.4
TARM1,0.0002840963,0.00060663605,0.00019971507,0.00037146057,0.00022278122,0.00033693784200000004,0.00016475966907113972,0.4889912872153425,5,4966.4
CD69,0.0005906001,0.00043812423,0.00028365216,0.00027274652,9.954919e-05,0.00033693444,0.0001856720819192852,0.5510629365145493,5,5004.6
PLPP4,0.00042881558,0.00045561377,0.00013656123,0.0003221014,0.0003404722,0.00033671283600000005,0.0001254079740511421,0.37244785657990803,5,4982.8
NOX3,0.00045725016,0.00015962629,0.00016542307,4.613104e-05,0.000851387,0.000335963512,0.00032578886683365404,0.9697150291536839,5,5060.6
GRID2,0.00020911514,4.9068105e-05,0.00096608006,0.0002833239,0.00017056568,0.000335630577,0.00036248212557773865,1.0800032846165226,5,5018.2
FAR2,0.00020955662,0.00021246567,0.00044832748,0.00051398645,0.000292434,0.000335354044,0.00013914130249620033,0.41490867632477496,5,4947.4
LY9,0.00044449713,0.0005248808,0.00021856843,7.3191266e-05,0.00041038802,0.0003343051292,0.00018427249028992463,0.551210478675254,5,4996.6
CIDEA,0.00017274797,0.0005052854,0.0002676427,0.00040322955,0.00032077395,0.000333935914,0.00012719260508407997,0.38088926572923204,5,4956.4
IER5,0.00081911194,0.0005014243,0.0001140045,0.00020849975,2.4810382e-05,0.0003335701744,0.0003252345766750977,0.9750109621164549,5,5121.8
SEMA6A,0.00043706468,0.00030678837,0.0003350302,7.822638e-05,0.00050484756,0.000332391438,0.00016275745641146374,0.48965598329119336,5,4984.2
CCK,0.000243158,4.247074e-06,0.00023686422,0.00035342787,0.00082387554,0.00033231454079999995,0.00030280600385610914,0.9112029919820746,5,5048.2
TMEM170A,4.642135e-05,3.7480797e-05,0.0008823666,0.0003064259,0.00038420036,0.0003313790014,0.00034444778437586564,1.039437571242152,5,5034.4
AK2,0.00028887627,0.00058036105,0.00027626718,0.00023940724,0.00026237153,0.000329456654,0.000141455129339614,0.4293588477336202,5,4966.0
STX8,0.00089792936,0.00033011535,0.00016516144,7.0745395e-05,0.00017847896,0.000328486101,0.0003316156051982409,1.0095270520996593,5,5078.2
PHOX2B,8.254328e-05,0.00076620013,0.00010527058,3.592324e-05,0.000648034,0.000327594246,0.00034985944376465913,1.0679657778991,5,5098.4
IPCEF1,0.00070756115,3.9820497e-05,1.371051e-05,1.0088341e-05,0.0008656321,0.00032736251960000006,0.00042308570113965975,1.2924072726976277,5,5250.4
ABCA13,0.0005731589,0.00044281804,0.00017364697,0.00028583696,0.0001578371,0.00032665959400000004,0.00017877015793055332,0.5472674344000846,5,5020.0
CAVIN2,0.0005151316,0.0005616378,0.00028771043,0.0001095861,0.00015595097,0.00032600338000000006,0.0002052520857008607,0.6296010970832899,5,5018.4
DDX47,7.789474e-05,0.00074881176,0.000330625,0.0002751341,0.00018983019,0.000324459158,0.0002556682816790472,0.7879829413816305,5,5004.8
CCL18,0.00040052907,0.00048698083,0.0002444812,0.0002933094,0.00019687614,0.00032443532799999997,0.0001181568134020585,0.3641921924176473,5,4985.6
ELP3,3.4359407e-05,0.00025676127,0.001069753,0.0001382472,0.00011805796,0.00032343576739999995,0.000424698390534233,1.3130841834477736,5,5090.6
ERLEC1,0.00029514366,0.0006683862,0.00024061906,0.00011068182,0.00030009332,0.000322984812,0.0002076402817962337,0.642879398911902,5,4995.4
IGF2BP1,0.0007079177,0.00032338328,0.00015459069,3.5090066e-05,0.00039306932,0.0003228102112,0.000257062802625024,0.796327977573666,5,5075.4
TPBG,0.0006954552,0.0001753947,0.00012714001,0.0005854632,2.0251326e-05,0.00032074088719999996,0.00029974552093722464,0.9345410357685906,5,5140.6
LYPD2,7.0641846e-08,0.0009988842,0.0004013804,0.00019915894,8.900039e-08,0.0003199166364472,0.0004143690672059794,1.2952407596169762,5,5228.2
HSD17B6,0.0002229482,0.00051645783,0.0001935236,0.00047173927,0.00019409615,0.00031975301,0.00016038024433604955,0.5015754013888706,5,5002.2
TEP1,0.00015198706,0.00026929338,0.00027329745,0.0006613851,0.00022974568,0.000317141734,0.00019851285717416967,0.625943658282986,5,5000.4
CLN5,0.0002828485,0.00026505007,0.00015526943,0.0005084803,0.00037310453,0.000316950566,0.00013213090933595828,0.41688175857669324,5,5007.6
RNF19B,0.0002657556,0.00047562842,0.0001193134,0.0003232995,0.00039888144,0.000316575672,0.00013565794266101976,0.4285166380726178,5,5010.2
KCNB2,0.00016729708,0.0005970534,9.28027e-05,0.0004952195,0.00022765844,0.000316006224,0.0002184287452495488,0.6912165921439218,5,5038.0
SRP54,0.0010510297,0.00016361671,7.890914e-05,4.4122655e-05,0.00024172958,0.000315881557,0.00041807138108113724,1.323506775931009,5,5163.0
KLK7,0.0005103824,0.00025247716,6.0582526e-05,0.0006217794,0.00013416208,0.00031587671319999996,0.00024167320355806795,0.7650871161403106,5,5093.8
CIP2A,0.00020191555,0.00035870302,0.0002813905,0.0006145664,0.00012171964,0.00031565902200000006,0.00018902565917083857,0.5988286283508746,5,5014.6
STAB1,0.0001820706,0.0007919274,0.00022962505,0.00021528458,0.00015234013,0.000314249552,0.0002687086874180905,0.8550805743649571,5,5032.8
CDKL2,0.000585259,0.00055524916,0.00016262975,0.00012546132,0.00014212074,0.000314143994,0.00023440603931516881,0.7461738686469008,5,5062.4
SLC25A26,0.00044018775,0.0004237073,0.0001659792,0.00030161827,0.00023898351,0.000314095206,0.0001179511899524474,0.37552687115016775,5,5008.2
DPH1,0.00030385653,0.00043798587,0.00025991618,0.00041422943,0.00015441432,0.000314080466,0.00011609687878490932,0.3696405582412417,5,5003.2
CDH20,0.00031364599,0.00047171352,5.936148e-05,0.00021832643,0.00050404214,0.000313417912,0.00018369962467421283,0.5861171861620111,5,5055.0
DNMT1,0.0003082643,0.00065031904,0.00025334535,8.43469e-05,0.00027017482,0.000313290082,0.00020705135492882126,0.6608934237784817,5,5012.2
SYT10,0.0006860618,0.000118522265,0.00031997816,8.8490175e-05,0.0003434469,0.00031129986000000005,0.00023893650495895267,0.7675445307265882,5,5051.0
LMAN2L,4.6895e-07,0.00059159397,0.00015680371,0.00029950845,0.00050556945,0.00031078890599999995,0.00024337630772917703,0.783092005636704,5,5109.8
ATP8A1,0.00044751057,0.00042855763,0.00022458346,4.1666095e-05,0.0004092886,0.000310321271,0.0001747296829289068,0.5630606060804217,5,5049.6
UHMK1,4.5655644e-05,0.0013147987,7.2689654e-05,4.2499934e-05,7.35854e-05,0.00030984586640000003,0.000561974776125832,1.813723651230972,5,5252.0
LAMA3,0.00060834247,0.00023330144,0.00026717663,0.0001808507,0.00025107307,0.000308148862,0.00017092361652224294,0.5546787205796754,5,5025.6
MYOF,0.00013288247,0.0006675617,0.00022044446,0.0003406709,0.00017641071,0.00030759404800000003,0.00021563803176229436,0.7010474785334414,5,5028.2
SLC41A1,0.00063393905,0.00014138504,0.00045836048,0.00026149387,4.2084866e-05,0.00030745266119999997,0.00023951892611834426,0.7790432685913089,5,5085.8
GPRC5A,8.172021e-06,0.00093742483,5.050622e-06,0.00041129434,0.00017530104,0.00030744857059999996,0.00038927110525042226,1.2661340545208646,5,5225.8
LILRA4,0.00066009565,0.00035774588,0.00017355132,0.00022371585,0.00012036144,0.000307094028,0.0002161194057074766,0.7037564589418737,5,5066.6
MRPL46,0.0001497487,0.00063702994,0.00022416006,0.00026139143,0.00025639782,0.00030574559,0.00019048821673744944,0.6230285013675895,5,5014.2
BET1L,0.0004954392,0.00038835985,0.00034773996,3.2676115e-05,0.00026026112,0.00030489524899999994,0.00017407216070551874,0.5709244774277173,5,5058.6
UBR5,0.00018223515,0.00021954744,0.0005118537,0.00035446422,0.00025267186,0.000304154474,0.00013261143458875513,0.43600027592806384,5,4988.0
DUSP22,0.0003018627,0.0007264642,0.00017657719,9.000294e-05,0.00022570863,0.00030412313199999996,0.0002483149941802244,0.8164949260756147,5,5051.0
TNIK,0.00084665266,0.00035435008,4.1792646e-05,0.0001316847,0.00014567442,0.0003040309012,0.0003242372910287961,1.0664616318572953,5,5151.4
LCA5,4.7827856e-05,0.0005938784,0.00027404522,0.00056111993,3.7508376e-05,0.00030287595639999997,0.00026817581438687467,0.8854311764275611,5,5116.4
NOSTRIN,0.00036236594,0.00021882591,0.0002908212,0.0002256778,0.00041253708,0.000302045586,8.47503029584572e-05,0.28058778835608345,5,5007.8
JAKMIP1,0.00040674146,0.0003111306,0.00039402375,0.00034540272,5.2787895e-05,0.000302017285,0.00014449306190214412,0.4784264645718675,5,5052.8
CD96,0.0004499112,0.00025184389,0.0006362996,9.547289e-05,7.079613e-05,0.000300864742,0.00024096255602802083,0.8008999473524911,5,5068.6
EZR,0.00010253406,0.00063719356,0.0004759305,0.0002486682,3.9160608e-05,0.00030069738560000006,0.00025214754885413893,0.8385425378774523,5,5074.8
SMIM20,0.0003904815,0.0003081869,0.00057163124,0.00022334997,9.59421e-06,0.00030064876399999997,0.00020751271238690663,0.6902164160798168,5,5100.0
MIR129-2,0.00072545186,0.0003308327,3.162306e-05,7.1645125e-05,0.00034162868,0.000300236285,0.0002774278010908041,0.9240315543166413,5,5149.8
GPRC5B,0.00014858838,0.00011440843,2.4192039e-05,0.0010085264,0.0002039775,0.0002999385498,0.0004014566296624211,1.3384629282568503,5,5177.0
ZNF311,0.0004652073,0.00048997346,0.00016411951,0.00015586856,0.00022341064,0.00029971589399999994,0.00016468627259192607,0.5494746054139061,5,5049.4
CAAP1,5.343526e-05,0.00024496662,0.0004163336,0.00027993912,0.0004952984,0.0002979946,0.00017020586521737904,0.5711709716128381,5,5033.8
KIF13B,0.00031852422,0.00039985604,0.00035925818,0.00022248941,0.00018884861,0.00029779529200000003,8.967179980665086e-05,0.30111893040488646,5,5014.6
MYBL2,0.00023086238,0.00014490446,0.00037175894,0.00013214584,0.00060907117,0.000297748558,0.00019853125994170117,0.666774883059891,5,5032.2
SERINC3,0.0003528442,0.00072022574,0.00014004708,2.3053257e-05,0.00025040883,0.00029731582140000003,0.00026650041143270656,0.8963546244455141,5,5119.6
LNPEP,0.00015873428,0.00044632523,0.00020408943,0.00029798,0.00037779828,0.000296985444,0.0001189297366630492,0.4004564501923845,5,5021.6
TBCD,0.00024148129,0.00044782157,0.0004421144,0.00025955177,9.243486e-05,0.00029668077799999994,0.0001501136395740033,0.5059769648237991,5,5038.4
PLCL1,0.00054137484,0.0002809839,0.00022094234,0.0003456295,9.238391e-05,0.000296262898,0.00016582385344791117,0.5597185964471028,5,5077.2
SPRY4,0.00039259894,0.000286716,0.00017642541,0.00033311953,0.00029043684,0.00029585934399999997,7.92532961062922e-05,0.26787491324354523,5,5031.4
GRPEL1,0.00056803675,0.00024263855,5.861557e-05,0.0003869991,0.00020894955,0.00029304790399999997,0.00019301414973722542,0.6586436794211824,5,5108.4
VSIR,0.0005601159,0.00013859279,7.889204e-06,0.00038515343,0.0003726279,0.0002928758448,0.00021869695732631611,0.7467224122756201,5,5161.4
IL22RA1,0.00025467164,0.00037803766,0.00021375302,0.0003125563,0.00030215975,0.00029223567400000003,6.2136904405246e-05,0.2126260067935648,5,5019.0
AGAP1,0.00045228688,0.00032934453,0.00010802012,0.00032990845,0.00024128157,0.00029216830999999994,0.00012742091875714187,0.43612162714410024,5,5062.2
IRGM,0.00016977258,0.000100892714,0.00021871639,0.0002489935,0.0007178234,0.0002912397168,0.00024495114887149606,0.8410636830817577,5,5070.2
KLF13,6.0481907e-05,0.00059462327,0.00031820787,8.381932e-06,0.00046802737,0.0002899444698,0.0002536099568456158,0.8746845801906575,5,5134.4
DSCAML1,0.0006194805,0.00018985326,0.0001247388,0.00016278584,0.00034338178,0.00028804803599999997,0.00020304681711461593,0.7049060980739197,5,5089.2
CHD7,0.00014293342,0.00032812264,0.00014465502,0.0004948124,0.00032870015,0.000287844726,0.00014801154736909339,0.5142062160593256,5,5057.4
RYK,2.6752675e-06,0.0007624092,0.00036528433,1.4311529e-06,0.0003038764,0.00028713527007999997,0.00031417239897085005,1.094161643337362,5,5219.8
ZNF549,0.00020022168,0.00036281755,0.00022932162,0.00039382695,0.0002493488,0.00028710732,8.578334009188468e-05,0.2987849285482679,5,5029.2
IMMP2L,0.0006184734,0.00026629283,0.00011137022,0.0003014251,0.00013501773,0.000286515856,0.00020276510014491925,0.7076924222473722,5,5106.6
FDX2,0.00014113453,0.00022328866,0.00011782584,0.0007466918,0.00020320114,0.00028642839400000003,0.00026090847669827896,0.9109029766730422,5,5096.4
STXBP3,0.00011515414,0.0004470692,0.00034398996,0.000314657,0.00021022162,0.00028621838399999996,0.00012753213182875554,0.4455763115088916,5,5032.0
MGST2,3.065396e-05,0.0008414891,0.00029806528,0.00025043305,9.585963e-06,0.0002860454706,0.0003360003827337971,1.174639759297755,5,5199.0
PEX19,0.00035506336,0.00046611505,0.00028642867,7.926437e-05,0.00024222115,0.00028581851999999995,0.00014306240459396416,0.50053581060445,5,5056.4
RASSF2,0.000258231,0.00051106734,0.00022326817,0.00034585033,8.968866e-05,0.0002856211,0.00015610989220616274,0.5465628842062535,5,5078.4
ARHGAP21,0.00050495524,0.00035365685,0.00025906984,0.00018688948,0.00012288967,0.000285492216,0.0001497253032201235,0.5244461839202071,5,5071.4
PRKD3,0.00030132206,0.0005580814,0.00016241004,0.00017520538,0.00022612275,0.00028462832600000004,0.0001623182502078099,0.570281435052286,5,5063.2
DSPP,0.00016165938,0.000194858,0.00038320763,0.00035866827,0.00032408777,0.00028449621,9.992100134949934e-05,0.3512208522900862,5,5025.8
GATA5,0.00036680442,0.0007879941,0.0001911513,3.2019558e-05,4.0645275e-05,0.0002837229306,0.0003131304789505149,1.1036488248881597,5,5189.2
CRB1,0.00055714627,0.00043507165,0.0002340047,5.7789084e-06,0.00018114706,0.00028262971767999996,0.00021674142023404413,0.7668741348687327,5,5161.8
INTS10,0.00045375963,0.00023759704,0.00036274095,0.00016728911,0.00018754756,0.000281786858,0.00012254766309520744,0.43489488461242376,5,5054.6
ATG16L2,0.00031855798,0.00026332974,0.00044081375,0.0003100885,7.261204e-05,0.000281080402,0.0001337300686289494,0.47577158591423035,5,5068.6
SATB1,5.4736032e-05,0.00052238075,9.9848236e-05,0.00045468085,0.00027138568,0.00028060630959999996,0.0002076852842229733,0.7401304857293677,5,5111.0
BDH2,0.0005153489,0.0002786275,0.00016053891,0.00019316861,0.0002538429,0.00028030536399999996,0.00013953974204982582,0.49781331351841646,5,5078.4
NIPAL1,0.00014804334,0.0005799754,0.00023446168,0.00037357677,6.439724e-05,0.000280090886,0.00020292403752011706,0.724493540000859,5,5102.4
CYTIP,0.00017846195,0.00015013668,0.00049551134,0.00018659541,0.00038926784,0.000279994644,0.00015352807014982675,0.5483250249237865,5,5036.6
MRPL15,0.00018323143,0.00058953936,0.00032424822,0.000117867094,0.00018392004,0.0002797612288,0.0001888483712965243,0.6750341071440286,5,5060.0
LINC00624,0.00011788603,9.872426e-05,0.00037931072,0.00046428776,0.00033351357,0.000278744468,0.00016265166087806656,0.5835152964473058,5,5060.4
SEPTIN7,0.00022198688,0.00016178649,0.00010631114,0.000485862,0.00041610975,0.000278411252,0.00016462091499470767,0.5912868600393624,5,5089.6
WDR1,0.00033791212,0.0006245761,0.00026153942,9.08495e-05,7.697815e-05,0.000278371058,0.00022327662848780014,0.8020827671237293,5,5110.2
NCAPH2,0.00023263073,0.0005277854,0.00018444838,0.0002801463,0.00016601654,0.00027820547000000003,0.00014641355226359206,0.5262784813813763,5,5070.6
CCL8,5.5057775e-05,0.00020385586,0.0009589137,0.00014671242,2.4789197e-05,0.0002778657904,0.00038736162219206026,1.394060138293513,5,5184.4
MDFIC,0.0001909312,0.00011117384,0.0006661974,0.00023272217,0.00018260024,0.00027672497000000003,0.0002220654366119408,0.8024770464766543,5,5065.6
FKRP,0.00016338725,0.00019190629,0.00015889159,0.00018690375,0.0006812062,0.000276459016,0.00022671398061264105,0.8200636169979028,5,5092.6
PPP1R17,0.00039206454,0.00031903957,5.5610067e-06,0.00013556755,0.0005265255,0.00027575163334,0.00020672724896683155,0.7496863988179471,5,5176.8
MYPN,0.0004524136,0.00018535845,4.4934288e-05,0.0006422018,4.468832e-05,0.00027391929159999997,0.00026472448744112374,0.9664324330529328,5,5205.8
TRPC4,0.0010029583,0.000118849304,0.00011335201,6.004629e-05,7.313293e-05,0.00027366776679999997,0.0004084675434590451,1.4925672403266936,5,5247.8
TRPV4,0.00018801985,0.0005934437,0.00030747103,0.0001401199,0.00013772251,0.000273355398,0.0001917358413358021,0.7014159688765397,5,5079.0
ICA1,0.00024267612,0.0002620172,0.0003710502,0.00039688824,9.308464e-05,0.00027314328,0.00012080121216545138,0.4422631673949708,5,5076.8
SIX2,0.00054099446,1.1202889e-05,0.00023021754,0.00027465154,0.00029923927,0.00027126113980000004,0.00018898756936821157,0.6966997539992329,5,5129.8
PPP2R3C,0.0002215153,0.00087514636,2.6752237e-05,2.6535865e-06,0.00022960153,0.0002711338027,0.00035384391721728276,1.305052758798941,5,5267.8
SMR3B,0.00020953505,0.00030967666,0.00027593537,0.00016050748,0.00039745393,0.000270621698,9.151046362394068e-05,0.3381490261137179,5,5055.2
CEP19,0.00024563994,0.00040978816,8.282039e-05,0.0005233393,9.041578e-05,0.00027040071400000003,0.0001946797618770957,0.7199676324711765,5,5139.2
HNRNPM,0.00027704219,0.0004336875,0.00032420194,1.7224198e-06,0.000310135,0.00026935780996,0.00016075031618844468,0.5967909978638314,5,5149.4
CHP2,0.0006944314,2.7253587e-05,7.735612e-05,0.00015499428,0.00037883493,0.00026657406340000004,0.00027440488846076894,1.0293757950825793,5,5187.8
TAF3,0.00023358004,0.00057430856,0.00028034355,0.00022397398,1.5887606e-05,0.00026561874719999997,0.00020039500282145373,0.7544460055395282,5,5156.2
PNOC,0.00046002908,0.0002454028,0.00019263997,0.00024189446,0.00018573273,0.00026513980800000003,0.0001123314677368362,0.4236688130091585,5,5096.4
SERBP1,9.753512e-05,0.0003715219,0.0001803582,0.00018418273,0.00048651246,0.000264022082,0.00015980461114099248,0.6052698695898947,5,5089.4
CD47,0.0001659032,0.00061061344,9.654428e-05,0.0003142137,0.00013126105,0.00026370713399999997,0.00021091816705888253,0.7998197237200362,5,5132.4
SEMA3C,0.0003024378,0.00011795501,0.000116617695,0.0004687631,0.00031108176,0.00026337107299999996,0.00014888820378097797,0.5653172236609979,5,5113.4
ZNF776,7.695433e-05,0.000816648,0.00014018125,0.00015555482,0.00012503371,0.000262874422,0.00031096729314098994,1.1829499833992594,5,5164.8
MGAT4A,1.0665625e-06,0.00033854487,0.00029783917,0.00010223158,0.0005726421,0.0002624648565,0.00022206598338053187,0.8460789240198024,5,5169.8
MED18,1.1157782e-06,0.0002828043,0.00018141378,0.00038551042,0.00045941953,0.00026205276163999996,0.00017973370280196063,0.6858683788605642,5,5165.6
GDF10,0.00025161006,0.00037016027,0.00036720428,6.0884386e-06,0.00031507682,0.00026202797372000005,0.00015098212440289765,0.5762061289083407,5,5144.6
CDK11B,0.00020468414,0.00046072723,0.00034305124,0.00012898112,0.00017145011,0.000261778768,0.0001371495384188619,0.5239139119902263,5,5085.2
SOAT2,0.0002835544,0.000564078,0.00025819876,5.1971118e-05,0.00014761408,0.00026108327160000004,0.0001929522140858437,0.7390447227942721,5,5130.4
PTPN3,0.00019719906,0.0005146799,0.00021649002,0.00012224533,0.00025321322,0.00026076550599999997,0.0001497651556445049,0.5743288594485535,5,5092.4
TCF3,0.00031549158,0.00040021326,0.000236002,0.00014483948,0.00020239156,0.000259787576,9.986920176016369e-05,0.3844263967425589,5,5088.8
ITIH4,0.0004180027,0.0005528642,4.944795e-05,5.6449306e-05,0.00022140809,0.0002596344492,0.00022247921870172804,0.8568940654340873,5,5186.6
FHL2,0.0010171661,0.00011554227,6.7967034e-05,4.9117036e-05,4.7996593e-05,0.0002595578066,0.0004243999558749795,1.6350883891117745,5,5315.2
NUDT12,0.0005942832,8.265863e-05,0.000112538284,0.00017279066,0.00032734533,0.0002579232208,0.00021039217808547345,0.815716310586152,5,5155.0
GJB2,0.00014864473,0.00057669816,0.00028450182,8.721175e-05,0.0001894706,0.00025730541199999997,0.00019241357246010783,0.7478022749871575,5,5112.0
ZNF675,0.00030095002,0.000345074,0.00017631637,0.00030173908,0.00015430944,0.00025567778199999996,8.475947878281768e-05,0.3315089724253697,5,5104.2
CHAF1B,9.085935e-05,0.00032117887,0.00019556623,0.00021047283,0.00045929948,0.000255475352,0.00014015525804636448,0.5486057928843345,5,5103.0
CLYBL,0.00012118895,0.0009385892,4.6280675e-05,0.00014023265,2.8788681e-05,0.0002550160312,0.00038506702412435405,1.5099718331917718,5,5270.2
IFT172,0.00012417512,0.00063210964,0.0002503319,9.55908e-05,0.00017165908,0.00025477330800000004,0.00021892085670986562,0.8592770507570816,5,5120.8
ADIPOQ,0.00019528487,0.0002984491,0.0002902671,0.00019377827,0.00028849384,0.000253254636,5.374056998398166e-05,0.21219974817748907,5,5079.4
SEC16A,0.000106156236,0.0010378473,3.7082533e-05,4.521767e-05,3.916413e-05,0.00025309357380000005,0.00043962141669773086,1.7369916197284767,5,5320.2
CRYAA,0.00024044486,8.198617e-05,6.95595e-05,0.00028850438,0.0005826974,0.00025263846199999996,0.00020797479513708848,0.8232111353539213,5,5163.2
OTUD7A,0.0004508224,0.00038693333,0.00017692934,0.00012932309,0.00011892553,0.00025258673800000004,0.0001550239270120989,0.6137453147365911,5,5141.0
DMBX1,0.00024427194,0.0005708292,0.00027130204,0.00011661448,5.986025e-05,0.000252575582,0.00019832398777928028,0.7852064962450735,5,5149.0
TTPA,0.00028240093,0.00047628133,0.00017536235,0.00012526811,0.00019717489,0.00025129752199999996,0.0001379890921248289,0.5491064576626782,5,5122.2
TNFSF8,0.00021288544,0.0004245277,0.0001261226,0.00038984005,0.00010239061,0.00025115327999999996,0.00014876167196931656,0.5923142710671212,5,5145.6
KCNG4,0.00038858483,0.00041735775,0.00021618849,9.740311e-05,0.00013354386,0.00025061560800000005,0.0001459482256786588,0.5823588835642622,5,5135.6
SRRM3,2.4300145e-05,0.00036401412,0.00021332997,0.000546032,0.00010233861,0.000250002969,0.0002089995013649875,0.8359880772655444,5,5178.8
MFSD4B,0.0003123094,0.00066851376,7.997875e-05,4.6579986e-05,0.00014187017,0.00024985041319999996,0.000255448186742339,1.0224044998391024,5,5201.6
ZFAND6,0.00031922344,0.00029902015,0.0003388009,0.00016252432,0.00012503576,0.00024892091400000006,9.790645194461026e-05,0.39332352742610543,5,5110.4
RASGEF1A,0.0004359666,0.0002543508,0.00013076236,0.00026347788,0.00015876893,0.000248665314,0.00011970377502194315,0.48138509185862227,5,5144.0
CLU,0.00022933798,0.00033371165,0.00015959909,0.00033257547,0.00018569405,0.00024818364800000003,8.14621871226382e-05,0.32823349877844565,5,5115.6
ZNF816,0.00017045604,0.00048261025,0.00015897691,0.00021593993,0.00020602105,0.000246800836,0.00013394311857156484,0.5427174427057647,5,5123.4
QPCT,0.00013446808,0.0007739585,1.1277909e-06,0.00011975474,0.00020308775,0.00024647937218,0.0003036939757283415,1.2321273502212533,5,5257.2
PM20D1,0.0001300546,0.00046378607,0.0001747556,0.00032828804,0.00013501504,0.00024637987,0.00014580649331024628,0.5917954795180559,5,5137.6
HIVEP2,3.0320605e-05,0.00031872734,5.9914368e-05,0.0002747118,0.0005464649,0.0002460278026,0.00021067644005334828,0.8563115136864141,5,5203.4
GRIP2,2.8530985e-05,0.00017564166,3.0027131e-05,0.0007858531,0.00020418994,0.00024484856319999997,0.0003130775344463447,1.2786578379494642,5,5264.8
DENND1B,0.00023393494,0.00023006945,0.00026216515,0.0003453829,0.0001525815,0.00024482678800000007,6.938615674848961e-05,0.28340916986783976,5,5115.4
PHOX2A,0.00050802284,2.9234612e-05,0.00016209493,0.00022250247,0.00030205466,0.0002447819024,0.00017774286406432884,0.7261274723401645,5,5171.4
SLC9A2,0.000980646,5.4375345e-05,4.939102e-05,4.6089044e-05,8.5506144e-05,0.00024320151060000004,0.00041254192367700114,1.69629671567098,5,5342.6
PGAM5,0.0002200916,0.00042487975,0.0003369353,6.602721e-05,0.00016713614,0.000243014,0.00014098188847436768,0.5801389569093455,5,5134.4
PHYH,0.00017397974,0.0004940882,0.00030998932,8.0490594e-05,0.0001540947,0.00024252851079999997,0.00016325516635010687,0.6731380397776594,5,5140.2
ADGRD1,8.75331e-05,0.00012889145,0.00039097757,0.00049096794,0.0001125282,0.000242179652,0.00018546947485414915,0.7658342611465523,5,5149.0
COL5A2,0.00012913058,0.00034611425,0.00024041897,0.00024817896,0.00023790632,0.000240349816,7.684904831309643e-05,0.319738328042225,5,5112.0
ITLN2,0.00020119586,4.9602986e-05,5.4477103e-05,0.00026390303,0.0006257001,0.00023897581579999998,0.0002353222294797825,0.9847114809170683,5,5208.2
RAB11FIP3,1.8479468e-05,0.00048671156,0.00020923566,9.9810175e-05,0.0003765,0.0002381473726,0.00019310143736061798,0.8108484895399513,5,5185.2
NFIL3,0.000117031756,0.00029096697,0.00048762863,0.0001278464,0.00016570215,0.0002378351812,0.000155815538188991,0.6551408307333759,5,5122.8
NMI,1.926509e-06,0.00022882858,0.0002935691,0.00035746087,0.00030738732,0.00023783447579999996,0.00013963174390086667,0.5870963132287261,5,5186.0
PTPRT,0.00030153175,0.00019553424,0.00022124055,0.000115922,0.00034812238,0.000236470184,9.102029742128638e-05,0.38491236350239566,5,5130.6
CHSY1,0.00021132884,0.000377104,0.00033692174,7.684519e-05,0.00017999897,0.000236439748,0.00012162401548630587,0.5143975009071058,5,5131.2
SLC16A9,0.00044868045,0.00037322444,0.000115145565,0.00018391047,5.9050595e-05,0.000236002304,0.00016784943122008053,0.7112194600442567,5,5199.8
SLCO4A1,0.00023202183,0.00037713564,0.00014711608,0.00012357684,0.00029995118,0.000235960314,0.00010555112316101843,0.4473257446208451,5,5138.4
TNFRSF19,0.00012993334,0.0004902874,4.4387612e-05,0.00048817263,2.3448869e-05,0.00023524597019999996,0.00023526246045809017,1.0000700979407902,5,5273.0
NKX6-1,0.00036045804,0.00016634443,0.00030564883,0.00014378314,0.00019719,0.00023468488800000003,9.38005589581324e-05,0.3996872562077043,5,5133.4
GPR85,0.0004646648,0.00029040515,0.00025066794,1.1080042e-05,0.00015288814,0.00023394121439999997,0.00016803127339728579,0.7182628072964548,5,5222.0
TOX,0.00011125028,0.0001818438,8.584873e-05,0.0005764942,0.00021218148,0.00023352369799999997,0.00019844001127027386,0.8497639124842649,5,5184.0
SYNGAP1,0.00021933584,0.00027475072,0.00021868438,0.000294102,0.00015833501,0.00023304159,5.3486155573353756e-05,0.2295133481253443,5,5134.8
PLIN5,0.00040349038,0.0003559917,8.5401625e-05,2.7219401e-05,0.00028974933,0.00023237048720000002,0.00016699054478659555,0.7186392161878444,5,5219.0
SLC25A17,2.708271e-06,1.354208e-06,0.00014340831,0.0003852898,0.00062883354,0.00023231882580000002,0.00027138293005257843,1.1681486815287545,5,5295.4
CYSTM1,0.0004610069,0.0003804892,7.4763564e-05,6.9299575e-05,0.00017371832,0.0002318555118,0.0001796417112649756,0.7748002618973132,5,5212.6
FHL5,6.810146e-05,0.00049631746,0.0001019511,0.00047443472,1.7912427e-05,0.00023174343340000002,0.0002335845246953449,1.0079445241158875,5,5268.8
ALCAM,0.0003279728,0.0001681737,0.0002220837,0.0001543632,0.0002856024,0.00023163916,7.463736813703308e-05,0.3222139474907139,5,5138.0
SLC2A4RG,0.00027262766,0.00045029673,0.00016879653,0.00020809415,5.171587e-05,0.00023030618799999998,0.00014693387960612768,0.6379936244098126,5,5193.6
SUPT6H,0.00018290414,0.0003118157,0.00022558472,0.00013513386,0.0002914281,0.00022937330399999998,7.365859715918353e-05,0.321129773494406,5,5130.6
ZMIZ1,0.00017998583,0.000339374,6.0247847e-05,0.00030880107,0.00025319448,0.00022832064540000003,0.00011181835035133646,0.48974261681609826,5,5173.2
DISP3,0.00053979177,0.00024983697,1.612089e-05,0.00016649252,0.00016834491,0.000228117412,0.0001936011036150593,0.8486906015532883,5,5260.8
TRA2A,0.00025875538,0.00013274176,0.00040494956,0.00024117262,9.666307e-05,0.00022685647799999999,0.00012118946051297372,0.5342120338876711,5,5159.6
DNAH7,0.00018491215,0.0003517918,0.00021696747,0.0002493046,0.00013006383,0.00022660797,8.267160927562708e-05,0.36482216082526614,5,5152.0
HACD1,9.278876e-05,0.000862055,4.7567548e-05,2.327003e-05,0.000101417754,0.00022541981839999998,0.0003573401149868394,1.5852204900314097,5,5330.8
TOX2,0.00029286605,0.00039589967,5.637201e-05,0.00021007186,0.00017133671,0.00022530926000000003,0.0001278182467499234,0.5673013472678547,5,5201.0
KIN,0.0010049909,6.1026534e-05,4.2702384e-05,1.5304158e-05,1.5218458e-06,0.00022510916435999998,0.00043658340967293603,1.939429746959308,5,5488.8
DNAJA3,0.00044542918,0.00023578237,9.7445576e-05,0.00024848004,9.733593e-05,0.0002248946192,0.00014302515993878712,0.6359652376191094,5,5212.4
DBN1,0.00018711631,0.00014936402,0.00032939107,0.00018100787,0.0002744433,0.000224264514,7.48844337176748e-05,0.3339112032573945,5,5132.8
CLMN,9.196593e-08,0.00012696596,0.00032766367,0.00036284784,0.00030371288,0.000224256463186,0.00015486212106371745,0.690558117539175,5,5224.8
TOMM40L,8.377445e-05,0.00045232533,0.00015633559,0.00030493422,0.00012264815,0.000224003548,0.00015264065560618908,0.681420705024677,5,5187.6
ZNF221,0.00016828679,0.00037481208,0.00011469102,0.0003279407,0.0001297224,0.000223090598,0.00011987962532195877,0.5373584830408621,5,5182.8
LINC01063,9.783918e-06,3.859366e-05,0.00014390379,0.0007352512,0.00018029701,0.00022156591560000002,0.0002957776024980758,1.334941801391747,5,5287.8
EMSY,2.4666399e-05,3.777062e-05,8.145197e-06,0.00080437213,0.00022589003,0.00022016887520000003,0.00033829371718558136,1.5365192599466089,5,5359.4
DDX18,3.8904884e-05,0.0002224994,0.00031583512,0.00042299955,9.993165e-05,0.00022003412079999997,0.00015621401858956823,0.709953610929093,5,5204.0
NALCN,0.00031058502,0.0002346222,0.00015113213,0.00021412509,0.00018587327,0.000219267542,5.991390467572925e-05,0.27324566203113293,5,5172.6
NEU3,0.00034445725,3.0343153e-05,0.00027931854,0.00028250486,0.00015694003,0.0002187127666,0.00012535265091948158,0.5731382436798346,5,5192.2
ATP9B,0.00017781,0.00046623166,1.4017396e-05,0.00014674646,0.00028736523,0.0002184341492,0.00016935964360556918,0.7753350116080163,5,5247.4
AMY2B,0.0002666319,0.00025776477,0.00018447128,0.00027106245,0.00011117208,0.000218220496,6.945872640406698e-05,0.3182960706132158,5,5181.4
CDX1,0.00029296993,8.474061e-06,0.00029249705,0.00013410198,0.00035743677,0.0002170959582,0.0001427837736814058,0.6576989035874451,5,5197.2
SCUBE3,0.00064970995,0.00019059471,3.8135306e-05,0.00013672262,5.7345445e-05,0.00021450160620000003,0.00025091360253218307,1.1697516255343687,5,5312.8
GRAMD1B,0.0003080946,0.0003111832,0.00016675856,9.2116934e-05,0.00019349465,0.0002143295888,9.461174580485637e-05,0.4414310984058416,5,5184.8
ETNK1,8.0544516e-05,0.00044242942,0.00024544573,0.00025505773,4.2354208e-05,0.0002131663208,0.00015978402616145736,0.7495744429129227,5,5227.4
INTS6,0.00013195892,0.00037056083,0.00010924294,0.00029233695,0.00016147409,0.00021311474600000003,0.0001130351764950926,0.5303958483243227,5,5196.8
GPR6,0.0006687993,2.7175181e-05,9.482859e-05,0.0001009954,0.00017272224,0.0002129041422,0.00026000751422144004,1.2212421587232043,5,5285.8
OR10G3,3.4342378e-07,0.0008797442,7.4762815e-05,5.488972e-07,0.00010631909,0.00021234368519600002,0.0003759635291001414,1.7705425464059128,5,5459.0
SLC52A1,8.879381e-05,0.00059168774,8.5816835e-05,0.00011546655,0.0001755419,0.000211461367,0.00021558709706694532,1.0195105617894986,5,5235.8
B3GNTL1,0.0001121632,0.00015865357,0.00017494486,0.00022617856,0.00038285428,0.000210958894,0.00010437086360412123,0.4947450265079662,5,5181.2
TULP1,0.00012043222,0.00016615534,0.00022829114,0.00045604215,8.3221574e-05,0.00021082848479999998,0.00014738163400461774,0.6990593996083102,5,5215.2
CHRD,0.0003345962,0.00012479136,0.00011354738,0.00024282592,0.00022905349,0.00020896287000000003,9.15464794541494e-05,0.43809926353973505,5,5201.8
RFT1,0.0003835862,0.00023947418,9.079175e-05,0.0001524374,0.00017735323,0.000208728552,0.00011133584844434011,0.5334001859234865,5,5217.8
ARHGEF16,0.00017899756,0.0002892038,0.000222814,0.000121261146,0.00022875148,0.00020820559719999997,6.246738072941364e-05,0.3000273843234299,5,5173.6
SH3TC2,0.00041359302,0.000109344815,6.474486e-05,0.00035793416,9.432916e-05,0.00020798920299999998,0.0001642594610325836,0.7897499421284075,5,5267.4
EIF2B5,0.0001952556,7.568179e-05,0.00012540648,0.00048556124,0.0001578162,0.00020794426199999996,0.0001612845762728948,0.7756144589981273,5,5226.4
TAOK2,1.1879079e-06,0.000371665,0.00017129323,4.1592244e-05,0.00045317292,0.00020778226038,0.00019918956143155642,0.9586456565987446,5,5296.4
NSD1,0.00014684217,0.00022284349,0.00023853991,0.0001696639,0.00025924094,0.00020742608199999997,4.7399733792599184e-05,0.22851385580622977,5,5169.8
SLC40A1,0.00020996746,0.00026416124,0.000258728,0.00012699951,0.00016684063,0.00020533936800000001,5.9057311289604696e-05,0.2876083230645021,5,5183.4
CA8,0.00025361156,0.00025667972,0.00012826624,0.00020956606,0.00017829318,0.000205283352,5.3980665161949603e-05,0.26295685761186127,5,5200.8
TRPM1,3.95921e-05,0.0007700592,3.5370773e-05,8.3000145e-05,9.3550916e-05,0.0002043146268,0.00031730437351304,1.5530183936544284,5,5352.6
ORM1,9.663181e-07,0.00040805215,0.00013483214,0.000245357,0.0002307187,0.00020398526161999998,0.0001500570208746189,0.7356267785373488,5,5274.6
OR8S1,0.000444415,0.00017358843,0.00018545687,7.487803e-05,0.00013982976,0.000203633618,0.0001412955370354551,0.6938713677201135,5,5235.4
GPR19,5.8924867e-05,0.0005192643,6.559858e-05,4.5886885e-05,0.00032624239,0.0002031834044,0.00021185664435740485,1.0426867537878741,5,5287.8
KIR3DX1,0.00026641556,0.00028172368,0.0002427702,1.0840159e-05,0.00021275863,0.00020290164579999997,0.0001104776072737988,0.5444884729160675,5,5248.2
LMCD1,0.000501692,8.266196e-05,0.00014714022,0.00022686171,5.5580345e-05,0.00020278724700000002,0.00017966648221213804,0.8859851143012856,5,5278.2
COX20,7.9898135e-05,0.00022518807,0.00020815156,0.00021840373,0.00027980667,0.00020228963299999997,7.383585601735968e-05,0.3650006919403512,5,5191.8
VPS54,6.8495196e-05,0.00024284761,0.00017391921,0.00026035533,0.0002607542,0.0002012743092,8.236406698642541e-05,0.4092130153808294,5,5200.4
IHO1,9.553897e-05,0.00044160197,0.00011360083,5.702522e-05,0.00029791179,0.000201135756,0.0001633787714957374,0.8122810918598551,5,5242.2
KLKB1,0.00016833511,0.0002960723,0.00022641693,0.00013997228,0.00017165163,0.00020048965000000002,6.191963489287909e-05,0.30884205191080477,5,5192.2
CNOT4,0.00016668453,0.00040327467,7.3467e-05,0.00012972267,0.0002292828,0.00020048633399999998,0.0001267244204740161,0.6320850800434912,5,5229.6
DENND5B,3.3223857e-06,0.00043729512,7.314009e-05,0.00029361597,0.0001907327,0.00019962125314000002,0.00017315716138105084,0.8674284859819552,5,5303.8
MTARC1,0.00013584428,0.0006811097,2.8973851e-05,7.3293435e-05,7.7116514e-05,0.00019926755600000002,0.0002720223639055824,1.365111156908967,5,5335.2
HYAL4,0.0004261703,0.00019422799,0.00020590698,0.00016867803,8.913988e-07,0.00019917493976000003,0.0001515281412549777,0.7607791494128964,5,5313.0
NEB,6.838098e-07,0.00028803604,0.00023941547,0.0001377062,0.00032842514,0.00019885333196,0.00013171733670490655,0.6623843583943664,5,5268.2
LECT2,8.932939e-05,9.523894e-06,0.00013546625,0.0001382707,0.0006202628,0.0001985706068,0.00024140984211579213,1.2157380490806464,5,5281.4
ZNF605,0.00010457682,0.00052889186,9.629806e-05,9.3828006e-05,0.0001691711,0.00019855316919999998,0.00018724447789164735,0.9430445187356262,5,5250.4
ZNF708,4.264889e-05,0.0003531746,0.0003236347,6.169295e-05,0.00021112108,0.000198454444,0.00014382971157831517,0.7247492607336885,5,5228.2
CABLES2,0.0005375194,0.00013833171,0.00011147804,4.1508923e-05,0.00016251048,0.00019826971059999998,0.0001949797277036367,0.9834065279744082,5,5297.6
OR51G2,9.108611e-05,0.0003231325,4.6777855e-05,0.00016709472,0.00036271533,0.000198161303,0.00013968089145010258,0.7048848051332331,5,5252.6
EMX2,0.00015885859,9.439896e-05,7.693506e-05,0.0004519085,0.00020205151,0.000196830524,0.00015116303111047897,0.7679857170449791,5,5252.6
PSCA,0.00015297612,0.0004719575,0.00010602299,0.00018265625,6.995887e-05,0.00019671434600000001,0.00015981342954344085,0.8124136993213542,5,5263.8
CUL4A,0.00031632892,0.00054035435,6.2883686e-05,5.808247e-05,3.2119299e-06,0.00019617227118,0.0002274682709042195,1.1595332486898902,5,5379.8
MUC16,0.00026265963,0.00034612455,0.00016163793,4.1442507e-07,0.00020730066,0.00019562743901400001,0.00012897903576533,0.6593095345694305,5,5302.8
SLC36A3,1.33497315e-05,0.0002698105,0.00031598742,0.00014412435,0.00023391488,0.00019543737629999997,0.00011972168758502612,0.6125833750513061,5,5234.4
ABCA8,0.00023121116,0.00045830768,0.0001628653,8.6300555e-05,3.8148082e-05,0.00019536655539999998,0.00016438692398492225,0.8414281740718159,5,5280.2
MAPRE2,0.00013798657,0.0002989734,0.00018443685,0.00019067609,0.000163608,0.00019513618199999997,6.159675393202526e-05,0.315660341924827,5,5209.2
LARP1,0.00036322206,0.00025832173,7.733734e-05,0.0002664776,7.5902403e-06,0.00019458979406,0.0001469552895501875,0.7552055351108249,5,5328.6
F11,0.00019498513,0.0002000962,0.00027232867,0.0001267433,0.0001784715,0.00019452496,5.228942238076884e-05,0.2688057223133157,5,5198.0
EIF4E3,0.000123607,0.00035101685,0.00026322104,7.879679e-05,0.00015586604,0.000194501544,0.00011082163459730022,0.569772518604275,5,5219.4
POLR1D,0.00018014142,0.0002681674,0.00019611699,0.00016192315,0.0001571941,0.00019270861199999998,4.4923839091667916e-05,0.23311796305018231,5,5211.2
MTIF3,0.00012901994,0.00011972345,7.9055215e-05,8.2185536e-05,0.00055303104,0.0001926030362,0.000202699113330571,1.0524190964470945,5,5274.6
TTK,7.553191e-06,0.0006058309,0.00016507553,0.00016225882,2.1868562e-05,0.00019251740060000002,0.0002428113834320321,1.2612438287411203,5,5357.4
OR1J1,0.00014891922,0.00022195028,0.00033905095,0.0001501175,0.000101960366,0.00019239966319999996,9.251680336177597e-05,0.48085740807978705,5,5216.8
SLC12A5,0.00030481166,0.00010196059,0.00029126182,5.805744e-05,0.00020448968,0.00019211623799999999,0.0001104343796382142,0.5748310543027301,5,5232.4
CYP17A1,8.483289e-06,0.00026072326,0.0003956332,0.00026802407,2.276402e-05,0.0001911255678,0.00016902988109435593,0.8843917799173489,5,5319.6
SDK1,0.00010010938,4.0339924e-05,2.6438218e-05,3.6975798e-05,0.00074785604,0.000190343872,0.0003129896543680726,1.6443379609724058,5,5385.6
ZMYM2,0.00021672877,0.00035667873,0.00016699513,6.9928414e-05,0.00013577542,0.0001892212928,0.00010767997624913584,0.5690690231302332,5,5245.4
FSCN1,0.00019519225,0.00027136796,9.735912e-05,0.00027872325,9.023498e-05,0.00018657551199999998,9.082438513093646e-05,0.486796922904526,5,5261.2
RTN4,0.00024413501,0.0003733394,0.00011015453,7.431179e-05,0.00013086728,0.000186561602,0.00012220941205892398,0.6550619781820054,5,5265.6
DNAJC5B,0.00049848406,0.00017862186,0.0001707346,2.4924097e-05,5.8776524e-05,0.0001863082282,0.00018712598796718135,1.004389284225834,5,5339.0
EHBP1,0.00023042074,0.00032124575,1.5864123e-05,0.00018284419,0.000175692,0.00018521336060000002,0.00011104498150614143,0.5995516799998144,5,5301.2
STK39,0.00032362563,0.00016862169,0.00019544575,8.862841e-05,0.00014345328,0.000183954952,8.746796656446644e-05,0.47548579482908643,5,5251.4
EEPD1,0.00026807687,0.00011722971,0.00011806562,0.0002736422,0.00014090344,0.00018358356800000003,8.026005324612906e-05,0.4371853871264178,5,5258.2
CEP43,0.00034405568,0.00012553328,7.2425275e-05,0.00011492366,0.0002534522,0.000182078019,0.00011298426448455137,0.6205266572268198,5,5273.2
MACF1,5.265252e-05,0.0005207685,6.174358e-05,2.955564e-05,0.00023530865,0.00018000577800000002,0.00020737507334508796,1.1520467601050448,5,5348.2
RGS13,0.0001486704,0.00012773182,0.00030929688,0.00013265392,0.000180698,0.000179810204,7.528802699826367e-05,0.4187083120058285,5,5228.2
VPS53,7.374157e-05,0.00045699027,0.00015249445,2.133705e-07,0.00020933914,0.0001785557601,0.00017460284006854413,0.9778617053337173,5,5359.6
KCTD1,1.2319297e-05,1.6399104e-05,1.1893422e-05,1.9994557e-05,0.0008301669,0.000178154656,0.00036450089371299616,2.045980171929922,5,5513.6
RBPJL,1.213266e-06,0.00044021982,0.00018098495,0.0002668968,1.3841959e-06,0.00017813980637999997,0.00018649221084587672,1.0468867943420785,5,5416.8
SMG6,0.00013684758,0.0004246852,0.00021981291,7.251699e-05,3.1784846e-05,0.0001771295052,0.00015556122337000004,0.8782343923693186,5,5312.4
UBE3B,0.00025112196,0.0004447008,6.4035594e-05,8.495442e-06,0.00011693479,0.00017705771720000004,0.00017458546557528638,0.9860370298238903,5,5373.4
RGL1,0.00010592416,0.0002566963,0.000109291446,0.00028704703,0.00012452355,0.00017669649719999998,8.782281821491764e-05,0.4970263678487773,5,5272.4
OR51B5,0.00026232074,0.00027755363,5.1306033e-05,0.00018850238,0.00010084733,0.0001761060226,9.88903084689753e-05,0.5615384812454182,5,5303.8
POU2F3,0.0004016589,2.3126773e-05,4.167422e-05,0.00017373386,0.00023843345,0.00017572544059999998,0.00015511146960355105,0.8826921649701703,5,5330.0
AKAP6,0.000521966,4.846893e-05,0.00013383554,0.00015214225,2.0996897e-05,0.00017548192340000003,0.0002014499322513601,1.1479811045389994,5,5371.0
OR13F1,0.000246121,0.00040784664,2.3942462e-06,7.591966e-05,0.00014411601,0.00017527951124000001,0.0001579864271269253,0.9013399570164461,5,5365.2
SEMA3F,0.00030801678,0.00018888629,1.2566158e-05,2.6912761e-05,0.00033910488,0.0001750973738,0.00015258705746604655,0.8714411538823809,5,5371.4
PARP10,0.0002715867,2.8800034e-06,1.7430737e-06,0.00038341724,0.00021436656,0.00017479871541999998,0.00016878945150352117,0.9656218073339958,5,5388.0
COG6,3.638016e-05,0.00033206097,0.00022433809,0.00011076684,0.00016983972,0.000174677156,0.00011232749179946657,0.643057709271764,5,5275.8
IFITM3,4.8681577e-05,0.0006931536,7.538758e-05,1.2383591e-05,3.7946615e-05,0.0001735105926,0.00029136693641541633,1.6792458146178697,5,5446.8
CAPN9,6.633068e-05,0.0003601086,0.00017389338,0.00014892421,0.00011580155,0.000173011684,0.00011207149036998003,0.6477683343627824,5,5277.6
ZNF624,0.00022705652,0.00011035703,1.4619067e-05,2.8862898e-05,0.0004803075,0.000172240603,0.00019179500077756988,1.1135295478358833,5,5387.0
GNPDA2,7.578454e-05,0.0005531404,7.237647e-05,1.5392758e-05,0.00014040337,0.0001714195076,0.00021792932191533085,1.2713215955786052,5,5381.2
KLF7,0.0003606841,8.715193e-05,6.987559e-05,0.00012630774,0.0002092309,0.000170650052,0.00011905365432661766,0.6976479229353979,5,5304.6
KLK4,0.0006554669,1.0121549e-05,0.0001002495,4.7451093e-05,3.806388e-05,0.0001702705844,0.00027318920669930434,1.6044415872651714,5,5439.4
PPM1F,0.00011882623,0.0004015193,0.00016871738,4.6287307e-05,0.000115484356,0.00017016691459999998,0.00013647182188110832,0.8019879904498682,5,5306.4
USP31,4.123828e-05,0.0002611449,8.081095e-05,0.0003939438,7.230575e-05,0.000169888736,0.00015209913717406892,0.8952867668287845,5,5339.8
NFRKB,8.171223e-05,0.00036327372,7.9546524e-05,0.0002453051,7.178065e-05,0.00016832364480000002,0.00013099154596895132,0.7782123903305075,5,5320.6
GJB5,0.00021147796,0.0003524652,3.5635745e-05,0.00017897053,5.8732756e-05,0.0001674564382,0.00012796117073275682,0.7641460197542695,5,5347.0
TPD52,0.00015959727,0.00020006247,1.8297414e-05,0.0003135351,0.0001429202,0.0001668824908,0.00010643388754883331,0.6377774387151783,5,5337.6
PLPPR5,0.00024900615,0.00018408123,6.205538e-05,0.00021586895,0.000121376426,0.00016647762720000002,7.49974511816983e-05,0.4504956758639955,5,5310.4
DCSTAMP,0.00027284844,0.0002347603,1.3892383e-05,0.00011851654,0.00019226938,0.0001664574086,0.00010274362306484222,0.6172367089513985,5,5342.4
RIMS2,0.00011448822,0.00040894575,1.4672459e-05,0.00012920782,0.00016478497,0.00016641984379999999,0.0001465694247190635,0.8807208405699964,5,5350.2
KCNA1,0.00029746705,0.00018701896,0.00014119591,0.000112437076,8.831351e-05,0.0001652865012,8.252614275060671e-05,0.4992914857018385,5,5303.2
CDH22,2.0001291e-05,1.4599652e-05,0.00022346772,0.00027540355,0.00029088993,0.0001648724286,0.00013702235358499274,0.831081065212093,5,5327.2
FLRT2,0.00022270136,0.0002657008,0.00017172519,2.9277326e-05,0.00013324896,0.0001645307272,9.075103021593403e-05,0.5515749657242992,5,5318.6
MAGI3,0.00016745126,0.0003843775,0.00019253728,3.0820134e-05,4.4116812e-05,0.00016386059719999998,0.0001427421524627134,0.8711194448320576,5,5354.4
MGAT3,7.8208264e-05,0.00031352605,0.0001557657,0.00017156359,9.188299e-05,0.0001621893188,9.357850111533929e-05,0.5769708005909653,5,5303.6
ADAM9,6.544104e-05,0.00043539464,3.9319097e-05,0.0001659632,9.9222685e-05,0.0001610681324,0.00016052353584804642,0.9966188435673847,5,5362.4
ADAM23,0.00039753038,5.044918e-05,8.2346116e-05,9.7270444e-05,0.00017396134,0.000160311492,0.00014016206722944395,0.874310790080127,5,5335.4
PLBD1,0.00014633572,0.00025787347,0.00014846436,0.00010026871,0.00014678472,0.000159945396,5.839832058913878e-05,0.3651141079993248,5,5294.2
ADIPOR2,0.0001520213,0.00018055111,0.00023817671,0.00010884047,0.00011925327,0.00015976857199999998,5.214146977997475e-05,0.3263562359434167,5,5285.4
MAP1LC3B2,0.00027136205,0.0001712867,3.2837488e-06,0.00030145916,4.944282e-05,0.00015936689576,0.00013164389376252747,0.8260429064313192,5,5409.4
PPM1L,0.00020891347,0.00028961638,0.00020751092,8.746096e-05,5.286182e-07,0.00015880606964,0.00011416668474186333,0.7189063050339927,5,5381.4
POU1F1,0.00015889875,0.00040692862,8.2146515e-05,4.2068783e-05,0.000103691826,0.0001587468988,0.00014500573466465065,0.9134397947977466,5,5353.6
TADA2B,9.617922e-05,0.00013735944,0.00024836435,0.0001146985,0.00019477791,0.000158275884,6.253161463243077e-05,0.3950798634138778,5,5279.2
ARPP19,0.00010356428,0.00016943539,0.00014278978,0.0002592236,0.00011594671,0.00015819195199999998,6.19271320136648e-05,0.39146828413663426,5,5305.8
TAPBP,0.00013295766,0.00023984682,0.00015544641,0.00014031502,0.00011701639,0.00015711645999999998,4.8272800701457646e-05,0.3072421610151963,5,5299.8
KCNS2,0.0003843608,0.0002569187,6.6724904e-05,7.199349e-05,6.76205e-07,0.00015613481979999999,0.00015928415323395245,1.0201706028033117,5,5441.8
SYNE1,0.00022210783,8.761891e-06,1.30156295e-05,2.2413021e-06,0.0005286203,0.00015494939052,0.00022856943276993656,1.4751231482929523,5,5496.2
TNIP3,5.5538258e-05,0.00030581868,0.00016459523,5.9254828e-05,0.00018931706,0.0001549048112,0.00010377347211737789,0.6699176824365665,5,5326.2
CACNG5,0.00012628835,0.00029082588,8.9863934e-05,0.00012241598,0.00014413685,0.0001547061988,7.85732626422795e-05,0.5078869706045644,5,5317.0
IKZF1,8.901942e-05,0.00019725905,0.0001301659,0.00029717642,5.8651684e-05,0.0001544544948,9.519931891469211e-05,0.61635835873837,5,5333.4
IL17B,8.955311e-05,0.00023840702,0.00013936943,0.00013856185,0.00016490096,0.000154158474,5.4426652636318994e-05,0.3530565088255803,5,5303.2
WNK1,0.00015676995,0.00021809262,0.00019181908,0.00016222906,4.1506828e-05,0.00015408350760000002,6.757998165326437e-05,0.4385932193904986,5,5327.0
ARFRP1,0.00011497744,0.00051235786,6.0388127e-05,5.3894182e-05,2.4111896e-05,0.00015314590100000002,0.00020346667154103902,1.328580590224475,5,5428.4
IGSF9B,2.6253278e-05,0.00020634968,0.00021824896,0.00016814869,0.00014586042,0.0001529722056,7.656500379347347e-05,0.5005157864669859,5,5322.2
AIRE,0.00047013516,0.0001531328,6.5547865e-05,3.6740636e-05,3.6608155e-05,0.0001524329232,0.00018390506836397062,1.2064655358126113,5,5436.6
MICU3,0.00022885589,8.735955e-05,5.5015167e-05,0.00026249723,0.00012724851,0.0001521952694,8.987958177491233e-05,0.5905543722169878,5,5349.6
MMAB,0.00015725088,0.00034804505,0.000106879335,1.4310493e-05,0.0001278925,0.0001508756516,0.00012250546812066112,0.811963141974998,5,5382.0
CRIM1,4.5165316e-06,0.0003522234,0.00030499802,4.5173263e-05,4.6411616e-05,0.00015066456612,0.00016416540373837417,1.0896085786197474,5,5412.2
ING1,0.0002506953,0.00025095802,2.333404e-05,0.00016085552,6.725729e-05,0.000150620034,0.00010408963304400289,0.6910742899181851,5,5389.6
RFX6,1.1767918e-06,0.00017963757,0.00017433692,0.00027301288,0.00011745184,0.00014912320035999997,9.975811496661352e-05,0.6689644181843358,5,5382.2
CPOX,9.80953e-05,0.00018833617,0.00012091534,0.0001313411,0.0002065305,0.000149043682,4.6230283685450385e-05,0.31017942568978124,5,5306.0
PRORP,0.00018450755,2.4371211e-05,0.0003528946,1.3260167e-06,0.00017643298,0.00014790647154,0.00014223248905987862,0.9616380377339547,5,5396.6
NMD3,0.0001070013,0.00027546266,0.00025720175,3.560076e-05,6.3523956e-05,0.0001477580852,0.0001113801416856292,0.7538006568971781,5,5358.4
IDO2,0.0001471712,0.00013903949,3.175331e-05,0.00027152905,0.0001475823,0.00014741507,8.492961870944112e-05,0.5761257564063235,5,5366.6
GP2,0.00023818249,0.00032751315,0.0001002927,3.991067e-05,2.8131453e-05,0.0001468060926,0.00013103290020463737,0.8925576444682063,5,5406.0
AGAP3,5.478491e-05,0.000327946,0.00017862994,7.170772e-05,9.9835364e-05,0.00014658078679999999,0.00011195767332142462,0.7637950086472358,5,5351.0
PARVB,0.00022898905,0.00012134748,0.0001161347,0.0001648428,0.00010091727,0.00014644626,5.189743062642359e-05,0.354378668505591,5,5333.6
BCL9L,0.00017770038,0.0002991145,9.353153e-05,2.1932594e-07,0.0001600188,0.00014611690718800002,0.0001102841419843649,0.75476646821212,5,5420.2
MYO1D,0.00010321076,0.00037413047,5.6148783e-05,7.990249e-05,0.00011643308,0.0001459651166,0.00012960589213150005,0.8879237392497658,5,5371.2
TRAK1,0.00014017742,0.00025627197,0.00014248054,6.822835e-05,0.00012223402,0.00014587846,6.859186156799836e-05,0.4701986953248503,5,5339.6
CERS4,0.0001690457,0.00036044625,0.00010467145,6.405228e-07,9.398895e-05,0.00014575857456,0.0001342205116360754,0.9208412749729857,5,5428.4
CCL25,0.0001699536,0.00025179138,0.00015976797,2.1534972e-06,0.00014374005,0.00014548129944000002,9.034756018236394e-05,0.6210252488129957,5,5395.0
UCMA,6.005063e-05,0.00028857368,7.407886e-05,0.00014200112,0.0001626761,0.000145476078,9.107676664796693e-05,0.6260600911166091,5,5351.6
HSPA13,3.206049e-05,0.00028188105,7.687819e-05,0.000114104325,0.00021927875,0.000144840561,0.00010320378396298415,0.7125337215656334,5,5363.2
SERTAD2,0.00010226958,0.00016767168,4.4946122e-05,0.00029738978,0.000105215186,0.0001434984696,9.636502980333434e-05,0.6715404705844635,5,5371.6
OPCML,0.00017448951,0.00022441546,0.00016872559,5.4920733e-05,9.2170274e-05,0.0001429443134,6.823392697808962e-05,0.4773462151456919,5,5349.4
IL17D,0.00018289412,0.0002459545,0.00014492916,2.6728103e-05,0.00011384083,0.0001428693426,8.149266440824081e-05,0.5703999397295527,5,5372.4
CD6,0.00029293526,0.00011352659,4.1797062e-05,0.000208738,5.116396e-05,0.0001416321744,0.00010763048696889867,0.7599296376325257,5,5404.2
CDC20B,0.00016509458,0.00034511922,1.2367926e-05,0.00016554391,1.8791614e-05,0.00014138345000000002,0.00013631578519895162,0.9641565911636164,5,5454.6
ACKR2,0.00018745066,0.00022220764,0.00015301887,5.9982525e-05,7.9336605e-05,0.00014039926000000003,6.93923607835289e-05,0.49425018895063183,5,5359.0
IRAG2,0.00016058919,0.00013246207,6.546876e-05,4.9445043e-05,0.0002935042,0.00014029385259999998,9.720975874061952e-05,0.6929010568822283,5,5368.2
DCUN1D4,4.8103688e-05,0.00022034279,0.00013348485,0.00018900177,0.00011026517,0.0001402396536,6.750442513778223e-05,0.48135048401019603,5,5356.4
CDKAL1,6.5217246e-05,0.00021386438,1.938937e-05,0.0003370736,6.4916545e-05,0.00014009222820000002,0.0001323544648841686,0.9447666482627091,5,5429.4
OR2H2,0.00015313312,0.00017672856,8.343093e-05,0.00015160626,0.00013468727,0.000139917228,3.494431912519358e-05,0.24974993876517895,5,5345.6
KRT82,6.410301e-05,0.00047475283,4.122207e-05,3.3338798e-05,8.342951e-05,0.0001393692436,0.0001885150742128452,1.3526303891976148,5,5453.8
GXYLT2,0.00025231004,0.00017843978,0.00012278587,9.347318e-05,4.9755363e-05,0.00013935284660000001,7.857199483891416e-05,0.5638348749663371,5,5371.2
OR4E1,0.00040467185,3.4787925e-05,7.5150406e-06,2.9632787e-07,0.00024907818,0.000139269864694,0.00018033686065689774,1.2948735252463197,5,5524.6
STARD3NL,9.742871e-05,0.00033706255,9.5322815e-05,0.00013311762,3.240381e-05,0.000139067101,0.00011647099419871705,0.83751651800606,5,5388.4
CNIH3,0.00021751225,4.285258e-07,0.00012894234,0.00022047856,0.00012776,0.00013902433516,8.97670231284475e-05,0.6456928783377144,5,5384.2
TECTA,6.9046975e-05,0.0002478219,0.000107354696,0.00015295546,0.000117397765,0.00013891535919999997,6.782041081413977e-05,0.4882139110081917,5,5355.2
PTGFRN,3.0675637e-05,0.00033961397,0.00025499225,1.8103028e-05,5.0954015e-05,0.00013886777999999998,0.00014815736611904095,1.0668951870552044,5,5433.0
SPIRE1,9.316173e-05,0.00033145715,0.00013484707,0.0001119727,2.2348444e-05,0.0001387574188,0.0001156459193450189,0.8334395403514013,5,5395.0
PHLDB2,0.0001810247,0.0001150442,0.0001274761,9.369677e-05,0.00017644458,0.00013873727000000003,3.8493149129048925e-05,0.27745355756999485,5,5337.2
SF3B1,0.0001322563,0.0002892051,0.000116595125,7.551496e-05,7.9986305e-05,0.000138711558,8.749511198758967e-05,0.6307701625526381,5,5364.6
CAST,5.4072123e-05,0.00013244255,0.00018730575,0.0001791001,0.00013660968,0.0001379060406,5.2907792051739144e-05,0.3836510121061306,5,5342.6
SH2D1B,0.0001787962,0.000117344425,8.8336295e-05,0.00022079263,8.3961306e-05,0.0001378461712,5.9858474801801535e-05,0.4342411129791433,5,5365.4
CISD1,0.00023248215,0.000115123046,1.4695153e-05,0.0001474391,0.00017943383,0.00013783465579999998,8.133271047123439e-05,0.5900744627624659,5,5395.8
MYORG,0.00022837383,0.00028126975,5.690486e-05,3.7479585e-05,8.255222e-05,0.00013731604900000003,0.00011005287744920576,0.80145677253797,5,5415.2
PINX1,4.7353104e-05,0.00034067477,0.00019542848,5.4894906e-05,4.7390506e-05,0.00013714835319999998,0.00013010079073974074,0.9486135830593463,5,5401.4
MBOAT2,6.722162e-05,0.00020027139,0.0001436813,0.00010139523,0.00017002507,0.00013651892200000003,5.308984976597193e-05,0.38888272034533,5,5343.6
EFEMP1,0.00027988266,0.00012772712,8.133991e-05,8.792926e-05,0.00010422341,0.00013622047199999998,8.2278020314723e-05,0.6040062782539984,5,5375.8
KRT80,0.000120923076,0.00015234544,0.00010950734,6.800556e-05,0.0002290406,0.0001359644032,6.015841350880134e-05,0.4424570850379854,5,5351.2
OR2B6,0.000121373974,0.0001434523,0.00014424935,7.132776e-05,0.00019907419,0.00013589551480000002,4.609313037821846e-05,0.339180659833068,5,5344.4
SLC13A1,0.00021669015,0.0002920839,9.911298e-05,6.949083e-05,9.736871e-07,0.00013567030942000002,0.00011714176003968205,0.8634295929630529,5,5450.0
NHLRC3,1.7366394e-05,0.0002801789,3.4111195e-05,6.570738e-05,0.00027974191,0.0001354211558,0.00013308261538981565,0.9827313509741559,5,5431.0
EP400,9.174369e-05,0.0003494076,0.00012970064,4.3623368e-05,6.166121e-05,0.0001352273016,0.00012409453974009736,0.9176737113868237,5,5398.2
LSM3,6.234108e-05,0.00021634916,0.00023685134,6.287131e-05,9.55101e-05,0.00013478459799999998,8.519458328010896e-05,0.6320795146052887,5,5367.4
DSC1,0.00051894446,5.791259e-07,6.624945e-05,2.9096434e-05,5.6069417e-05,0.00013418777738000002,0.000216593664254126,1.6141087398799716,5,5520.6
TUBD1,0.00017031412,0.00021582816,5.973499e-05,0.00019696707,2.5695435e-05,0.000133707955,8.547537517243505e-05,0.6392691831419832,5,5415.0
SEC62,5.830715e-05,0.00023591435,0.00011453721,2.0058559e-07,0.00025380746,0.000132553351118,0.0001103861282892926,0.8327675412070572,5,5445.2
DGCR6L,0.00011675455,0.0002661051,3.635934e-05,4.227635e-05,0.00019833213,0.000131965494,9.976724954022654e-05,0.7560101244362146,5,5411.8
NPPB,3.6411216e-06,6.320835e-05,0.00013376398,0.00042552056,2.8213997e-05,0.00013086960172,0.00017185085754757042,1.313145721305481,5,5479.8
COX18,0.00030865328,4.1408464e-05,4.7202906e-05,0.00010772948,0.00014447156,0.000129893138,0.00010877288091812144,0.837402826607526,5,5411.6
SLC20A2,9.373148e-05,0.00019477647,9.575542e-05,0.00014751135,0.000116441464,0.0001296432368,4.2349535845771465e-05,0.32666212978856657,5,5368.2
MYL6B,4.7900445e-05,0.00029637266,0.00015763912,2.5551934e-05,0.00011868946,0.00012923072379999998,0.00010749242735876857,0.8317869326889012,5,5418.2
NEUROG1,2.8931137e-05,0.00023605836,0.00013721801,0.00020039038,4.20948e-05,0.00012893853739999998,9.24552415113536e-05,0.7170489395620646,5,5418.8
PTPRK,0.0002108234,0.00020891259,4.865961e-05,3.80465e-05,0.0001374127,0.00012877096,8.348460858198983e-05,0.6483186005757031,5,5417.4
MIR372,0.00013861919,0.0001557837,4.8550897e-05,0.0002311996,6.5573644e-05,0.00012794540619999998,7.372932525568516e-05,0.5762561349051794,5,5411.8
ABHD5,0.00010369655,0.00027244992,9.8104814e-05,1.7615568e-05,0.00014769846,0.0001279130624,9.343831331349877e-05,0.7304829667927548,5,5419.4
LARS2,0.00016911681,0.00026704298,9.513269e-05,2.4125577e-05,7.159207e-05,0.00012540202540000002,9.492339724594932e-05,0.7569526643861472,5,5435.2
NEUROD1,0.00013882543,7.4909425e-05,9.7562704e-05,0.00012190002,0.00019235033,0.0001251095818,4.4717530724990796e-05,0.3574269059301643,5,5370.8
ATXN2,2.637903e-05,0.00032805014,0.00016970297,7.183995e-05,2.523912e-05,0.000124242242,0.00012818849764411927,1.0317625920185767,5,5450.6
PDLIM4,5.9218968e-05,0.0002584855,9.246406e-05,0.00011666162,9.23601e-05,0.0001238380496,7.799399220820268e-05,0.6298063677530874,5,5405.2
NEGR1,0.00028298367,0.00017752605,4.2718137e-05,4.2723255e-05,6.781047e-05,0.00012275231639999998,0.00010547864190869347,0.8592802563902858,5,5455.4
STON2,4.7311132e-05,0.0002655142,3.700774e-05,0.00010310555,0.00015844085,0.0001222758944,9.36522718165372e-05,0.7659095218733252,5,5430.6
NINJ1,0.00012049894,2.2553491e-05,0.00019980173,3.236684e-05,0.00023028557,0.00012110131419999998,9.447327715467807e-05,0.7801176872338029,5,5409.2
ZEB1,2.2453607e-05,0.00014100489,0.00023959612,9.5358584e-05,0.0001069611,0.0001210748602,7.910621306781832e-05,0.6533661318059347,5,5403.4
VPREB1,3.1606367e-05,0.0003316754,0.00012328016,8.027766e-05,3.095682e-05,0.00011955928140000001,0.00012463571900230924,1.0424595860970878,5,5458.4
CDC42EP4,0.00040875288,2.1517776e-06,9.8000775e-05,8.036423e-05,1.2568008e-06,0.00011810529268000002,0.0001683770969968425,1.4256524256965455,5,5540.8
TYW3,0.0001041231,0.00035063064,3.7884445e-05,6.5321e-05,3.0583502e-05,0.00011770853740000001,0.00013336452075488972,1.133006353665641,5,5480.6
ZNF26,8.194472e-05,0.00028170628,0.00015333321,3.7409274e-05,3.2420954e-05,0.00011736288759999999,0.00010388066919144164,0.8851236648632157,5,5453.4
CILK1,0.00022959041,0.00018177285,3.6522582e-05,4.6586945e-05,9.019172e-05,0.00011693290140000001,8.518420776311496e-05,0.7284879340479185,5,5456.0
UBASH3A,0.00014428177,1.0016057e-06,0.00013067607,8.064908e-05,0.00022650737,0.00011662317914,8.32158350984305e-05,0.7135445604559816,5,5420.2
OXGR1,2.480657e-05,2.4083274e-05,0.00026516273,0.00017698682,8.839101e-05,0.00011588608079999999,0.00010427850913465911,0.8998363601114995,5,5431.4
MYT1,7.391567e-05,0.00016313353,0.0001079474,8.795527e-05,0.00014356372,0.000115303118,3.742105746425226e-05,0.3245450609952478,5,5403.8
GATA6,0.00017921804,0.00011814779,0.00011252345,5.8208087e-05,0.000107557746,0.0001151310226,4.3071513890910926e-05,0.3741086713053387,5,5413.0
NANOS1,1.3420679e-05,0.000111191825,2.76124e-05,0.00026876797,0.00015159829,0.0001145182328,0.00010362470291402733,0.904875148527679,5,5482.8
MRPS9,0.00013952158,0.00019968746,8.288681e-05,8.085066e-05,6.8902445e-05,0.000114369791,5.498569568855913e-05,0.4807711477636532,5,5424.6
SMNDC1,0.00030290085,6.979705e-05,6.1790735e-05,8.899692e-05,4.7052505e-05,0.00011410761199999999,0.00010661883331031851,0.9343709104202313,5,5461.2
CETN3,2.5322846e-05,0.0003648223,3.0334626e-05,7.408318e-05,7.5403674e-05,0.00011399332519999999,0.00014217804621515542,1.2472488715080963,5,5496.8
GLTP,0.000112817026,0.0002859274,8.9500376e-05,1.9198522e-05,5.9009297e-05,0.00011329052419999997,0.00010267599858566121,0.9063070306250841,5,5476.6
ARL8A,0.00012962229,0.00028171105,3.8626727e-05,4.048272e-05,7.1756614e-05,0.0001124398802,0.00010152500525741277,0.9029270137679564,5,5478.8
GYG1,4.2567037e-05,0.00017592801,0.00010493975,0.00012580902,0.00010588283,0.0001110253294,4.7908592214389754e-05,0.4315104712888134,5,5428.0
NOS1AP,0.00037307374,2.09102e-05,3.706186e-05,8.4338826e-05,3.9466235e-05,0.00011097017219999998,0.00014840279570642567,1.3373214870655639,5,5520.2
TTR,0.00015475566,1.927217e-06,0.00014510198,9.4116374e-05,0.00015340364,0.0001098609742,6.528976456270394e-05,0.5942944256424038,5,5433.2
OR2AT4,7.7439596e-05,0.0001481508,9.053168e-05,0.00015447779,7.863614e-05,0.00010984720119999999,3.826397690035273e-05,0.3483382050916809,5,5425.8
SLC39A10,3.3246637e-05,0.00019408981,0.00011381798,0.00012978706,7.567633e-05,0.0001093235634,6.02994736342484e-05,0.5515688636458076,5,5440.8
MEG3,0.0002968332,4.1404834e-05,3.983824e-06,0.00015436641,4.7629983e-05,0.0001088436502,0.00011906204540809712,1.093881408693303,5,5524.0
ANXA3,0.00019644058,0.00014453774,1.271205e-05,0.00014698406,4.1645828e-05,0.00010846405160000001,7.771436869507846e-05,0.7164988542164918,5,5495.8
SNX18,3.3146927e-05,0.00022942916,9.493074e-05,4.5971512e-05,0.00013839224,0.0001083741158,7.951312903448905e-05,0.733691144306333,5,5458.8
ALKBH8,3.3963775e-06,0.0002162666,1.4651809e-05,8.5431006e-05,0.00022082683,0.00010811452450000001,0.00010561326474142632,0.9768647203496356,5,5518.2
TIMM22,4.485467e-05,0.00022144409,0.00012104532,1.928551e-07,0.00015214428,0.00010793624301999999,8.746163766772965e-05,0.8103083377797714,5,5510.6
LRRFIP1,0.00017885091,4.307902e-06,6.7666806e-06,4.2099614e-06,0.00034459322,0.00010774573480000001,0.00015228959928439826,1.4134164991967575,5,5572.0
LRRC8D,3.0853764e-07,8.783246e-08,0.00014607068,0.00016983191,0.00022029117,0.00010731802602,0.00010139283771025045,0.9447885082358362,5,5509.0
ULK2,6.441241e-05,0.00012807922,0.00014693945,8.849538e-05,0.00010755723,0.00010709673800000001,3.2387808970093516e-05,0.30241639077834015,5,5423.2
KLF9,5.9422342e-05,4.8189504e-05,0.00038231784,2.466249e-05,1.895718e-05,0.00010670987120000002,0.0001549619339029316,1.452179935748358,5,5509.8
TTBK2,4.20399e-06,5.184402e-07,0.00031467716,0.00016534224,4.785422e-05,0.00010651921004000002,0.00013410446441126082,1.2589697610496924,5,5513.2
SLC9A4,0.00039709738,4.726932e-05,2.8985e-05,2.2438187e-05,3.6574667e-05,0.00010647291079999999,0.00016272647516001417,1.5283368693252086,5,5569.6
CALCOCO2,0.00010945079,8.92884e-05,8.503742e-05,9.611596e-06,0.0002293235,0.0001045423412,7.940308797281065e-05,0.759530416684514,5,5475.6
MIR124-1,3.3524553e-05,0.00018712165,0.00015427805,5.001569e-05,9.582048e-05,0.00010415208460000001,6.592604619070053e-05,0.632978652745089,5,5459.2
CLTCL1,0.00012876342,3.1164554e-06,0.00013902424,0.0001313124,0.00011769761,0.00010398282507999999,5.690123936988741e-05,0.5472176710539457,5,5447.6
DPPA4,0.00019135149,9.9808036e-05,5.0144663e-05,0.00013880387,3.9598566e-05,0.000103941325,6.306165543584329e-05,0.6067043635997837,5,5473.8
CELSR3,7.90046e-06,0.00018481212,3.9203554e-05,0.00014765162,0.00013633326,0.00010318020279999999,7.568329246759696e-05,0.7335059479801388,5,5494.6
ZNF641,0.0001908616,7.848549e-05,3.7177684e-05,0.00016340303,4.4522043e-05,0.00010288996939999998,7.021633747411286e-05,0.6824410375819674,5,5483.6
HYAL2,7.810517e-05,0.0001960758,8.580681e-05,6.7229776e-05,8.6978514e-05,0.00010283921400000001,5.271273699665573e-05,0.5125742889930657,5,5450.6
ATP8B3,9.526856e-05,0.00017281249,0.00011094665,3.246199e-05,0.00010148005,0.000102593948,4.993446926303833e-05,0.486719443363641,5,5461.4
LYPD6B,8.788963e-08,0.00037167282,3.0703355e-05,5.2802876e-05,5.5307726e-05,0.000102114933326,0.0001523098643291783,1.491553285775861,5,5585.6
NLRP1,3.998406e-05,0.00017747623,9.71295e-05,8.4923464e-05,0.000109694076,0.000101841466,4.979217082397039e-05,0.4889184413740704,5,5455.0
UCHL1,0.00011789736,0.00017720008,0.00010774363,2.294287e-05,8.065508e-05,0.00010128780400000001,5.6222474755395016e-05,0.5550764508172673,5,5478.6
L3MBTL1,8.016842e-05,0.00011264399,7.5120006e-05,4.0769897e-05,0.00019748209,0.0001012368806,5.9530432876642945e-05,0.588031086337551,5,5459.2
PCSK1,7.414986e-05,0.00017551625,7.746213e-05,5.1987863e-05,0.00012487694,0.0001007986086,4.9496787524064124e-05,0.4910463369636644,5,5460.0
REXO2,2.7235512e-05,3.52655e-05,4.556988e-05,0.00012581413,0.00026641108,0.00010005922039999998,0.00010100354385677633,1.0094376455563145,5,5483.8
KCNE3,5.8972746e-05,0.00010087528,0.00014714872,8.448794e-05,0.00010838739,9.99744152e-05,3.2472960009225594e-05,0.32481270277263496,5,5446.2
CHRNA9,5.9386064e-05,0.00022752059,9.310595e-05,3.0574436e-05,8.764642e-05,9.964669200000001e-05,7.571396228500867e-05,0.759824142330873,5,5492.2
GALNT15,3.6228335e-05,6.088071e-05,0.00026136963,8.2873434e-05,5.447102e-05,9.91646258e-05,9.219547118193476e-05,0.9297213642279963,5,5466.6
ZKSCAN4,6.673988e-05,0.00012551254,8.617692e-05,9.134381e-05,0.00012506523,9.896767600000001e-05,2.5719981222857258e-05,0.2598826431253903,5,5446.4
FITM2,0.00010156779,0.00017688164,2.8011951e-05,9.177383e-05,9.612363e-05,9.88717682e-05,5.284849883315808e-05,0.5345155628880326,5,5480.0
HAVCR1,5.6501067e-05,0.0002109043,9.923238e-06,9.484055e-05,0.00012215276,9.886438300000001e-05,7.552592361749009e-05,0.7639346074459401,5,5506.6
DENND2D,6.342912e-05,7.195042e-05,0.00015265003,0.00010060232,0.00010113554,9.7953486e-05,3.491756364591006e-05,0.3564708625674645,5,5445.0
RBP3,0.00011820194,0.000116918636,2.364056e-05,4.5968947e-05,0.00018298453,9.75429226e-05,6.368656785743649e-05,0.6529081368476085,5,5492.4
CD207,5.0388975e-05,0.00029107078,2.541515e-06,7.087263e-05,7.2365656e-05,9.74479112e-05,0.0001118558759465345,1.1478529869866978,5,5547.8
MIR148A,0.00012644437,3.0612926e-05,5.739267e-05,0.00024124043,3.0500056e-05,9.723809039999999e-05,8.954079499326333e-05,0.9208407386953718,5,5508.6
SLCO2B1,8.813963e-05,0.0001412328,9.7672164e-05,5.7475572e-05,0.00010095828,9.70956892e-05,3.0055370418572442e-05,0.30954381874424597,5,5460.0
SOWAHC,1.3892726e-05,0.00021500608,0.00013105133,5.900775e-05,6.4825945e-05,9.67567662e-05,7.821450000678358e-05,0.8083620720137666,5,5500.6
LIMD1,7.973772e-05,0.00016508428,9.365712e-05,5.4201722e-05,8.944426e-05,9.64250204e-05,4.132722812995691e-05,0.4285944452852499,5,5469.6
OR2H1,9.414306e-05,0.00017583817,4.727856e-05,8.6580614e-05,7.457842e-05,9.56837648e-05,4.821428530423037e-05,0.503892017679371,5,5481.4
ATF7IP,0.0003269298,2.8209357e-05,5.426397e-05,5.8127323e-05,1.028849e-05,9.5563788e-05,0.0001308108283090854,1.368832599112599,5,5567.4
ZNF283,9.6754324e-05,0.00020569461,2.9926725e-05,0.00010467679,4.0033723e-05,9.541723439999999e-05,7.000886890994028e-05,0.7337130377983402,5,5508.8
EPB41L4B,0.00027797336,9.023545e-05,9.187037e-06,4.972498e-05,4.995692e-05,9.541554939999999e-05,0.00010599959800701966,1.1109258257545565,5,5554.4
SCARA5,6.8354595e-05,0.00011025909,3.8757502e-05,0.00021062682,4.771741e-05,9.51430834e-05,7.019818101746983e-05,0.7378169648164865,5,5506.4
ADARB1,6.8349866e-05,6.7349814e-05,0.00016051007,8.366451e-05,9.525409e-05,9.502567e-05,3.838908145547752e-05,0.40398643288153113,5,5454.2
LLGL2,1.7684568e-05,0.00029070466,4.715839e-05,4.201198e-05,6.813934e-05,9.31397876e-05,0.00011189139040465173,1.2013275237987735,5,5546.6
COL5A3,7.068236e-05,0.00019543513,0.00012259452,6.018277e-07,7.432293e-05,9.272735354e-05,7.202907752259072e-05,0.7767834923868433,5,5539.0
ATP11B,3.722163e-05,0.00019817619,7.693657e-05,0.00012548252,2.5028192e-05,9.25690204e-05,7.089718498889621e-05,0.7658845765304892,5,5515.2
RETNLB,7.8865545e-05,8.2961895e-05,1.988613e-06,0.00024957527,4.828937e-05,9.23361386e-05,9.366999384085006e-05,1.014445646754066,5,5552.6
OR6C6,5.2149884e-05,0.00026781714,5.121166e-05,4.493715e-05,4.2841453e-05,9.179145739999999e-05,9.8481780403969e-05,1.072886118092826,5,5536.8
MYO1B,0.00028319584,5.9131908e-05,1.3711731e-05,3.9350296e-05,6.35283e-05,9.178361500000001e-05,0.00010879752833575646,1.1853698324669,5,5562.4
SSH1,0.00011921559,0.00015315642,6.8161404e-05,5.609595e-06,0.00011219137,9.16668758e-05,5.683201858414303e-05,0.6199842428156914,5,5528.6
PDSS1,5.2193478e-05,0.0002334998,9.496689e-05,3.3264587e-05,4.1809773e-05,9.11469056e-05,8.303737683471842e-05,0.9110279310976237,5,5529.2
TRIM69,9.456623e-07,7.517244e-07,0.0001706314,9.0684196e-05,0.00019142714,9.088802454e-05,9.038990864796109e-05,0.9945194551805921,5,5533.8
RAB28,8.134995e-05,0.0001490852,2.4982606e-05,8.238476e-05,0.00011572822,9.07061472e-05,4.6126417896579055e-05,0.5085258201395534,5,5505.8
SELENOK,0.00011773552,0.00024922905,1.783506e-05,6.6566696e-05,3.2383346e-07,9.0338031892e-05,9.990156561916673e-05,1.1058638706962316,5,5597.2
KIF14,9.094242e-05,0.00011361338,6.539864e-05,9.926547e-05,8.000489e-05,8.984495999999999e-05,1.8366666515425435e-05,0.2044262306469438,5,5481.2
FBXL16,1.3010948e-05,0.00016959425,7.09045e-05,0.00013126725,6.429217e-05,8.98138236e-05,6.121866957632903e-05,0.6816174517741947,5,5519.0
OR2F1,3.3912493e-05,0.000117746684,7.0512935e-05,9.3484065e-05,0.00012931658,8.899455140000001e-05,3.823712251912251e-05,0.4296568937940903,5,5491.6
IFT81,0.00010146887,0.00012197967,0.000115288014,3.806354e-05,6.770044e-05,8.89001068e-05,3.529282984091161e-05,0.39699423444237764,5,5491.4
USP6NL,0.00010782088,9.924971e-05,6.618406e-05,8.933095e-05,7.8005476e-05,8.81182152e-05,1.6560121986745904e-05,0.18793074677193305,5,5486.0
ST20-MTHFS,0.00012281089,0.00018847971,0.000110677654,3.906713e-06,1.4006024e-05,8.797619819999999e-05,7.805291914038905e-05,0.8872049569924364,5,5573.8
TMEM17,3.5436882e-05,0.00013348149,0.000108724606,8.297144e-05,7.900872e-05,8.792462760000001e-05,3.6630102808604884e-05,0.4166079949209234,5,5493.4
MUSK,0.00010367442,0.00011109675,9.670676e-05,5.8141835e-05,6.9501984e-05,8.78243498e-05,2.284998534319104e-05,0.2601782466391916,5,5489.2
ZNF680,0.00015782534,5.9693044e-05,6.778537e-05,1.7717945e-05,0.00013179681,8.69637018e-05,5.687233813889874e-05,0.6539778891852409,5,5525.6
PLOD1,1.0173624e-05,6.5018205e-05,0.00019548675,0.00014741818,1.6213133e-05,8.68619784e-05,8.187781758610762e-05,0.9426197640705318,5,5542.8
KANSL1,6.4138185e-05,0.00010501944,7.6513163e-07,8.3480603e-07,0.0002549864,8.514879253199999e-05,0.00010477422359196807,1.2304839619727148,5,5615.2
DSG3,0.000147221,1.5302071e-06,7.981647e-05,0.000118419244,7.74989e-05,8.489716422000001e-05,5.486024891891917e-05,0.6461964828030762,5,5517.6
CPB1,4.1070626e-07,0.0001529407,0.00016403498,6.6136265e-05,3.99229e-05,8.4689110252e-05,7.142324127324658e-05,0.8433580310469712,5,5565.4
ZNF836,9.1326794e-05,0.00014251345,0.0001125815,5.3328036e-05,2.3628952e-05,8.46757464e-05,4.7110395693840684e-05,0.5563623315618117,5,5522.6
OR1J2,7.631126e-05,5.829498e-05,0.000108465,8.935422e-05,9.0628855e-05,8.4610863e-05,1.8635615252679343e-05,0.2202508589550652,5,5484.0
SERPINB8,0.00016633172,9.275769e-05,2.3961566e-05,4.952672e-05,8.934511e-05,8.438456119999999e-05,5.402791086039379e-05,0.6402582426463314,5,5538.4
SEPTIN3,6.427214e-05,4.7954563e-05,0.0001007113,3.123135e-05,0.0001768859,8.42110506e-05,5.783560250019937e-05,0.686793503799362,5,5510.0
VGLL4,0.00021592173,4.2616673e-05,6.406114e-05,8.9617344e-05,7.5348744e-06,8.395035228e-05,7.967424050475637e-05,0.9490638018887461,5,5558.4
MLF1,1.3333848e-05,0.00036182135,4.109522e-05,2.5636534e-06,1.6075394e-07,8.379496506799998e-05,0.00015626893103877517,1.864896427988988,5,5697.6
OR10C1,2.2766946e-05,0.00013157364,9.488675e-05,8.620227e-05,8.3077204e-05,8.370136200000001e-05,3.916795588524602e-05,0.46794884753782157,5,5513.0
ADGRB1,0.00014086423,7.919638e-05,8.128252e-05,0.00011514491,1.7862646e-06,8.365486092e-05,5.2422581533520205e-05,0.626653143128795,5,5551.0
DNAJC15,3.868762e-05,0.0001912014,0.000110506444,3.2944175e-05,4.264068e-05,8.319606379999999e-05,6.812122020151689e-05,0.8188034035513697,5,5544.4
PRICKLE2,0.00025258053,7.7876975e-05,4.9626717e-05,6.4399924e-06,2.5725205e-05,8.244988388e-05,9.879005684494048e-05,1.198183092516206,5,5603.4
SKAP1,8.537622e-05,0.00010866199,0.00018710828,2.8484615e-06,2.6284522e-05,8.20558947e-05,7.269658866034383e-05,0.8859398697208262,5,5567.6
AP3S1,3.2579206e-05,0.00024285853,5.18481e-05,2.9194745e-05,5.2362284e-05,8.1768573e-05,9.068288151574058e-05,1.1090187609821758,5,5574.8
SF3A2,7.221355e-05,0.00016421467,9.0286136e-05,3.1161428e-05,4.8602207e-05,8.129559819999999e-05,5.1529551442382826e-05,0.6338541395022643,5,5540.0
SPDEF,0.00019308676,5.4508688e-05,1.0971153e-05,9.6573836e-05,4.6482557e-05,8.032459880000001e-05,7.000176461353794e-05,0.8714860162306585,5,5564.6
ST8SIA6,7.278376e-05,0.00015566158,5.9006925e-05,6.892202e-05,4.4721288e-05,8.021911460000001e-05,4.354459527601934e-05,0.5428206917160282,5,5534.2
TNFAIP8,0.00014696378,9.032854e-05,8.048866e-05,3.774628e-05,4.381804e-05,7.986906e-05,4.3833465285890876e-05,0.5488165916299864,5,5540.0
TXNRD3,9.827814e-07,0.00026107067,6.781815e-05,5.2046767e-07,6.718692e-05,7.9515797814e-05,0.00010683948785286374,1.3436259308216734,5,5655.0
SOX5,1.5941265e-05,0.00019057954,7.7775665e-05,0.00010793793,4.8274223e-06,7.941236446e-05,7.544206660695366e-05,0.9500040342578369,5,5586.2
ZNF10,6.1664585e-05,0.00012694087,7.365768e-05,4.0321476e-05,9.442904e-05,7.94027302e-05,3.3017633730446754e-05,0.41582491744656347,5,5528.0
SNRNP35,5.312457e-05,0.00013972074,9.1844704e-05,2.7386237e-05,8.333645e-05,7.908254019999999e-05,4.243902634922161e-05,0.5366421746430144,5,5539.8
BARX2,3.0900999e-06,0.000106188854,0.00010150607,0.00011972922,6.4172e-05,7.893724878e-05,4.713488400086644e-05,0.5971184039138796,5,5554.4
SLPI,9.289526e-07,0.00015421076,4.0861814e-05,0.00019798006,1.8964478e-07,7.8834246276e-05,9.161530643034263e-05,1.1621257354271637,5,5655.6
MYCBP2,2.2184187e-05,0.0001623962,8.507445e-05,6.610224e-05,5.733144e-05,7.861770340000001e-05,5.2093688859910877e-05,0.6626203336780615,5,5545.4
SMAP1,4.8337955e-05,0.00029649516,2.7798656e-05,3.615149e-06,1.42030385e-05,7.80899917e-05,0.00012323074358577113,1.5780606567252478,5,5660.8
PPP1R18,2.3382487e-05,0.00020254908,9.454857e-05,6.129914e-05,6.1840983e-06,7.759267505999999e-05,7.778980350580403e-05,1.0025405548352548,5,5589.4
NKD2,7.899665e-05,8.889678e-05,8.6419794e-05,7.267043e-05,6.059486e-05,7.75157028e-05,1.141048369382513e-05,0.14720222202287933,5,5515.0
PPIP5K2,6.446388e-05,0.00013418561,5.234407e-05,6.2210405e-05,7.387653e-05,7.7416099e-05,3.264538892825187e-05,0.42168734087533744,5,5533.4
PAN2,3.2825068e-05,0.00014678415,2.1423519e-05,6.379337e-05,0.00012157684,7.72805894e-05,5.493430971864492e-05,0.710842271586569,5,5565.8
HTR3C,5.3915603e-05,0.00014709438,5.4666423e-05,2.4986919e-05,0.00010413125,7.695891500000002e-05,4.844160669259917e-05,0.6294476304999773,5,5556.8
TPSD1,6.185634e-05,9.666623e-05,9.4786315e-05,4.6668054e-05,8.475823e-05,7.69470338e-05,2.1866910479511213e-05,0.28418133097043713,5,5524.6
PICALM,2.0944812e-05,0.000110859895,7.912982e-05,9.459141e-05,7.610727e-05,7.632664140000001e-05,3.391607413151911e-05,0.44435433695788307,5,5537.4
NABP2,3.3614415e-05,9.21872e-05,6.480671e-05,0.00012156815,6.912116e-05,7.6259527e-05,3.281497738649906e-05,0.43030659482714945,5,5538.0
CTNNAL1,3.6628095e-05,0.000110144516,5.9935835e-05,7.129427e-05,0.00010190117,7.598077720000001e-05,3.0278147763577392e-05,0.39849747369493066,5,5537.4
INF2,0.00017589956,0.00010264186,3.3550892e-05,4.3843207e-05,2.3879515e-05,7.59630068e-05,6.372251370717555e-05,0.838862446229229,5,5584.6
GEMIN6,6.2005192e-06,0.00014590286,0.0001686462,6.4369215e-06,5.192589e-05,7.582247814000001e-05,7.707159467534804e-05,1.0164742246097738,5,5604.8
UBE2L3,0.000113407055,1.2349668e-06,0.00012590692,6.0419046e-05,7.779688e-05,7.575297356000001e-05,4.930894546639267e-05,0.6509176227562554,5,5538.2
SCG2,6.497513e-05,0.00014728321,6.891116e-05,3.5372857e-05,5.793842e-05,7.489615539999999e-05,4.249643660032187e-05,0.5674047803036079,5,5555.4
KRT3,1.7004995e-05,0.00022294327,3.095028e-05,2.1779684e-05,7.994717e-05,7.45250798e-05,8.667000397410895e-05,1.1629642558813997,5,5612.2
CARD10,1.46144375e-05,0.000121498764,8.9581845e-05,2.4528743e-05,0.00012230499,7.45057559e-05,5.1973719059447136e-05,0.6975799175731486,5,5565.6
PVT1,0.00014248252,6.923156e-05,1.9273248e-05,0.00012329608,1.7825847e-05,7.442185100000001e-05,5.7646249069987864e-05,0.7745876821847371,5,5588.6
FBLN5,7.729294e-05,0.00018473993,2.4008326e-05,6.9364345e-05,1.5226093e-05,7.41263268e-05,6.754466053766289e-05,0.9112101388742074,5,5596.8
IGSF5,6.205402e-05,0.000120609315,0.00013338475,1.7861092e-05,3.6138317e-05,7.400949879999999e-05,5.1055770475483644e-05,0.6898542930746566,5,5572.2
P2RX6,0.00018417172,1.762559e-06,8.232963e-05,3.954454e-05,5.8693033e-05,7.33002964e-05,6.863758544492079e-05,0.9363889208628192,5,5572.8
HRG,7.771544e-05,5.7939036e-05,0.00011906791,6.693258e-05,4.470644e-05,7.327228120000001e-05,2.8320879137315057e-05,0.3865155918922728,5,5532.4
KCNAB1,6.969985e-05,0.00018017541,4.2777738e-05,5.3621818e-05,1.8784798e-05,7.30119228e-05,6.270096883989787e-05,0.8587771207129182,5,5586.8
RP9,1.1662407e-05,9.1210786e-05,8.4082014e-05,0.000158038,1.8549927e-05,7.27086268e-05,6.0026226514050874e-05,0.8255722760266856,5,5586.6
UPF2,3.4143304e-05,0.00020079623,2.9675284e-05,4.765186e-05,4.9060258e-05,7.22653872e-05,7.233894423370187e-05,1.0010178736536526,5,5593.0
GIMAP2,3.8216163e-05,0.00013922567,6.209748e-05,8.8723056e-05,3.093627e-05,7.183972780000001e-05,4.394445454020177e-05,0.6117012951739186,5,5566.0
TRDMT1,2.118196e-05,0.00017431611,3.2424836e-05,4.173252e-05,8.919292e-05,7.176966919999999e-05,6.29060902117002e-05,0.8764996538635321,5,5591.2
PPP4R3B,5.656859e-05,0.00012900909,0.00010278263,2.3955843e-05,4.5389927e-05,7.154121599999999e-05,4.3159644519057954e-05,0.6032836305027015,5,5571.0
FYCO1,2.7708915e-05,0.00021882504,6.147513e-06,1.6781976e-05,8.589292e-05,7.10712728e-05,8.816684943204968e-05,1.2405413039408757,5,5646.0
SLURP1,9.7211516e-05,5.9580823e-05,1.1082955e-05,2.5722831e-05,0.00016106397,7.0932419e-05,6.035107982622445e-05,0.8508250624615588,5,5591.2
LRRC59,6.678754e-05,7.626722e-05,0.00017656878,2.4331239e-05,1.04138e-05,7.087371580000001e-05,6.526644789186797e-05,0.920883675353564,5,5591.2
KCNH8,0.00010109099,9.590079e-05,6.167952e-05,7.245637e-05,2.1336995e-05,7.0492933e-05,3.193602144808069e-05,0.4530386251353833,5,5568.6
AKAP3,0.00013834295,1.6551853e-06,0.00013434743,6.383403e-05,1.0821773e-05,6.980027366e-05,6.523466590420833e-05,0.934590403212014,5,5596.2
CYP4V2,6.9654125e-05,0.00015447439,3.9974744e-05,3.3827415e-05,5.100922e-05,6.97879788e-05,4.9260630981793256e-05,0.7058612647740596,5,5584.0
SPATA18,2.160164e-05,9.2044036e-05,5.360253e-05,8.6429936e-05,9.488328e-05,6.97122844e-05,3.1567088539529086e-05,0.4528195971659923,5,5560.6
OLIG3,7.403484e-05,1.9269663e-05,0.00011210581,7.663689e-05,6.5503074e-05,6.95100554e-05,3.3263405889511295e-05,0.4785409204192822,5,5541.8
ARSG,4.2242067e-05,5.9763282e-05,7.501647e-05,6.590113e-05,0.00010252997,6.90905838e-05,2.2199790007219665e-05,0.3213142629027787,5,5547.8
KLF15,1.0655593e-06,0.000113497175,9.741901e-05,3.2016777e-07,0.00012881462,6.822330641400001e-05,6.263868373823643e-05,0.9181420108566072,5,5650.6
PTTG1IP,8.145349e-05,7.738995e-05,6.413591e-05,2.1836067e-05,9.429399e-05,6.782188140000001e-05,2.7867645822175932e-05,0.4108946146424055,5,5572.2
CLEC16A,0.00016174663,8.220146e-05,3.89019e-05,2.2254135e-05,3.1904954e-05,6.74018158e-05,5.7512083327665136e-05,0.8532720171563262,5,5612.4
FOXL1,1.8855346e-05,0.00015711758,0.00011749585,2.662733e-06,3.886611e-05,6.69995238e-05,6.69322726558089e-05,0.9989962444450823,5,5633.4
PSD3,8.656773e-05,0.000112820744,1.0287194e-05,9.793944e-05,2.6865315e-05,6.68960846e-05,4.546088125512722e-05,0.6795746197547595,5,5603.8
TRNT1,0.00011501595,5.8239635e-05,7.1607545e-05,2.6063866e-05,6.0366416e-05,6.625868240000001e-05,3.209567207932174e-05,0.484399491761124,5,5576.8
LMF1,5.816373e-06,0.000119591714,0.00011688906,3.4205994e-05,5.3053e-05,6.591122819999999e-05,5.065145955543183e-05,0.7684799834367497,5,5601.4
VAX2,3.721131e-05,0.00020075885,3.106546e-07,6.923902e-05,2.1696711e-05,6.584330912000001e-05,7.949367322456809e-05,1.2073158880834827,5,5654.6
EPC1,2.0582755e-05,9.89757e-05,7.712779e-05,4.8593418e-05,8.016967e-05,6.50898666e-05,3.071472600792156e-05,0.4718818398672453,5,5579.4
U2AF1L5,5.371525e-05,9.152385e-05,0.000110535875,3.249012e-05,3.708294e-05,6.5069607e-05,3.4426030937309564e-05,0.5290646820305763,5,5586.6
KCNA10,4.004695e-05,0.00012474981,5.787333e-05,3.7902268e-05,6.424623e-05,6.496371759999999e-05,3.527865002845728e-05,0.5430515883601046,5,5588.0
ABCA10,3.55234e-05,0.00010842571,8.0530415e-05,3.830104e-05,6.158419e-05,6.4872951e-05,3.049703896459466e-05,0.47010408027522377,5,5581.6
PAPOLG,8.535629e-05,0.00015985442,2.913235e-05,2.1231506e-05,2.8031758e-05,6.47212648e-05,5.911888735772816e-05,0.9134383813483226,5,5630.2
ZNF527,7.499676e-05,4.5970704e-05,4.955683e-05,8.482089e-05,6.5614106e-05,6.4191858e-05,1.6511512313478673e-05,0.2572212867475915,5,5564.6
SIK3,1.4118871e-05,0.00022617151,1.30111475e-05,1.3561457e-05,5.0608585e-05,6.34943141e-05,9.234403985880637e-05,1.4543670747174253,5,5678.6
MPZ,6.073661e-05,4.9893377e-05,0.00011061906,4.9421797e-05,4.4528948e-05,6.303995839999999e-05,2.7248948380474654e-05,0.43224883188493124,5,5572.6
LLGL1,0.000100781275,0.00012479167,2.93618e-05,5.4453376e-05,5.5118863e-07,6.1987861926e-05,5.085504013166625e-05,0.8204031975223809,5,5648.6
GCM2,5.69891e-05,1.8947947e-05,0.00010219581,3.841487e-05,9.305323e-05,6.19201914e-05,3.540770089743027e-05,0.5718280272859472,5,5580.2
DCBLD2,0.00016807402,3.134357e-05,2.7987911e-05,3.4802903e-05,4.6566274e-05,6.17549356e-05,5.984546415167771e-05,0.9690798568605051,5,5622.2
OR5K3,1.5049791e-05,0.00018025565,2.5572885e-05,3.225506e-05,5.5206543e-05,6.16679858e-05,6.790805720928637e-05,1.1011881826256498,5,5644.8
NCS1,9.2468e-06,4.054278e-05,7.001951e-05,9.3370596e-05,9.4037794e-05,6.1443496e-05,3.645754721343741e-05,0.5933507952320521,5,5590.6
RABEP2,4.092724e-05,0.00015911937,6.3749954e-05,2.8128816e-06,3.964074e-05,6.125003712e-05,5.890571884981319e-05,0.9617254391928962,5,5649.4
DPRX,3.4931738e-06,0.00018036203,5.1948966e-05,3.706587e-05,3.2660755e-05,6.110615896000001e-05,6.894227570799728e-05,1.128237756739493,5,5652.8
FLI1,8.2711806e-05,8.103656e-05,2.253137e-05,7.291132e-05,4.562481e-05,6.09631732e-05,2.6129346437983505e-05,0.42860870040773247,5,5599.4
DUOXA2,2.9336463e-06,3.3500072e-07,0.00014972143,0.00011004628,4.129867e-05,6.086700540400001e-05,6.655266196534755e-05,1.0934111432558484,5,5635.4
COMMD10,7.039572e-05,6.0574235e-05,2.5960024e-05,2.4937654e-05,0.0001219125,6.0756026600000007e-05,3.977055628353839e-05,0.6545944247700094,5,5608.4
WDR45B,7.7728e-05,7.775312e-05,2.2270968e-05,7.555273e-05,4.925286e-05,6.051153559999999e-05,2.45408597785081e-05,0.4055567179906124,5,5601.0
FAM3C,0.00012974237,0.00010213457,2.2312375e-05,4.3889548e-05,4.230059e-06,6.04617844e-05,5.345195038319414e-05,0.8840617410423987,5,5655.4
RBM47,2.3274579e-05,2.2653905e-05,9.59044e-05,1.987906e-05,0.00013717606,5.9777600799999994e-05,5.384746989256474e-05,0.9007967729036851,5,5614.0
SNAPC4,3.941181e-05,3.233631e-05,2.7641187e-05,1.7047238e-05,0.0001804657,5.9380449000000006e-05,6.817486984470855e-05,1.1481029697958085,5,5633.2
RNF125,0.00010054436,1.8810185e-06,0.00015545069,2.2065824e-05,1.5911164e-05,5.91706113e-05,6.616623591462353e-05,1.1182280267336622,5,5640.6
ACYP2,4.5729375e-05,0.00012695354,6.77383e-05,1.0815826e-05,4.392976e-05,5.9033360200000003e-05,4.30667277794511e-05,0.7295320414346175,5,5632.8
SPCS2,6.0120597e-05,1.1163891e-05,8.8147666e-05,7.538861e-05,6.0300037e-05,5.902416020000001e-05,2.9195073259460216e-05,0.49462920201718025,5,5584.6
SSPN,1.0478509e-05,1.8798793e-05,9.4316354e-05,0.00015851812,1.2668081e-05,5.8955971399999996e-05,6.570428111421301e-05,1.1144635488817172,5,5640.2
KATNAL2,1.6004386e-05,0.0001637973,4.6495727e-05,4.9803148e-06,6.1869854e-05,5.862951636e-05,6.307362744094477e-05,1.0757998932424548,5,5662.6
ADGRV1,5.6041026e-06,0.00014664861,4.8142014e-05,3.3470144e-05,5.868033e-05,5.850904012e-05,5.3155355050856386e-05,0.9084981558719235,5,5644.8
TSEN2,2.3386103e-05,0.0001452372,7.7396064e-05,2.0496862e-05,2.504096e-05,5.8311437800000006e-05,5.402998458752095e-05,0.9265760994067093,5,5646.2
SCHIP1,4.1934118e-06,0.000116725256,1.1620016e-06,0.0001633384,5.029713e-06,5.808975648e-05,7.660997361049371e-05,1.3188207052799426,5,5713.4
GJA3,5.2286716e-05,8.38485e-05,7.156351e-05,2.3540219e-05,5.897984e-05,5.8043757e-05,2.27661063285593e-05,0.3922231692989705,5,5610.4
PARVG,4.3927645e-05,2.170337e-05,5.512091e-05,6.914997e-05,0.000100308716,5.80421222e-05,2.931768277423165e-05,0.505110455355329,5,5593.0
CEP72,4.8681708e-05,7.78252e-05,7.52478e-05,3.3524255e-05,5.2221687e-05,5.750013e-05,1.8765376162122075e-05,0.32635363019391567,5,5603.6
OR10P1,4.6515393e-05,0.00016180644,2.3425679e-05,1.9067182e-05,3.3477863e-05,5.68585114e-05,5.961048858082219e-05,1.0484004437165442,5,5668.0
PAPPA,4.0204606e-05,0.00017402903,2.3060988e-05,2.0239886e-05,2.4915054e-05,5.6489912799999995e-05,6.616113748691556e-05,1.1712026839403364,5,5677.2
ALG12,0.0002177595,6.054848e-05,4.9423323e-07,5.936359e-07,4.4160026e-07,5.5967489877999996e-05,9.410673506077722e-05,1.6814535593058497,5,5770.6
PGM5,6.893226e-06,0.00010022392,2.466869e-05,1.6912865e-05,0.0001310048,5.59407002e-05,5.590703869457405e-05,0.9993982644960538,5,5670.0
QTRT1,4.2610645e-05,9.780732e-05,7.4008094e-05,4.2527445e-05,2.2396347e-05,5.58699702e-05,2.984145177785112e-05,0.5341232807360817,5,5625.8
KCNA3,4.6549572e-05,6.216949e-05,6.59012e-05,5.0482515e-05,5.3671938e-05,5.575494300000001e-05,8.077270677928716e-06,0.14487093418656558,5,5599.8
COL8A1,3.6887148e-05,6.917158e-05,7.735998e-05,7.260475e-05,2.1719257e-05,5.5548543e-05,2.4723007366373374e-05,0.44507031203992825,5,5613.2
TSHZ1,0.00011591648,3.0849027e-05,3.0514911e-05,2.456029e-05,7.574259e-05,5.551665960000001e-05,3.952563381799174e-05,0.7119598711949834,5,5629.4
PEG10,8.378875e-06,0.00012495901,7.5903605e-05,4.337368e-05,2.4667008e-05,5.545643559999999e-05,4.625735922956334e-05,0.8341206701997874,5,5647.2
XPO6,1.3710138e-05,0.00024006711,5.6221074e-07,2.8615696e-06,1.9404055e-05,5.5321016667999996e-05,0.00010356535711057092,1.872079787182897,5,5759.8
TFCP2,7.1917704e-05,8.452594e-05,6.850346e-05,3.620051e-05,1.0958204e-05,5.442116359999999e-05,3.0132037081662382e-05,0.5536823376864067,5,5639.0
TRIM63,1.1962377e-05,7.821524e-05,0.00010708904,5.7881065e-05,1.691499e-05,5.4412542399999996e-05,4.050152910676542e-05,0.7443417881309186,5,5640.2
ICAM4,7.5217875e-05,6.839649e-05,6.447344e-05,2.4331683e-05,3.8905535e-05,5.426500459999999e-05,2.1649774013416012e-05,0.39896382895388194,5,5624.2
BIRC6,7.422133e-05,6.0696693e-05,5.7873407e-05,5.2507417e-05,2.3776374e-05,5.38150442e-05,1.860292648518503e-05,0.34568263878123934,5,5618.6
POMGNT2,5.8706057e-05,9.623218e-05,2.2895067e-05,3.4796103e-05,5.61986e-05,5.37656014e-05,2.80471462247157e-05,0.5216559564925781,5,5642.4
CTCFL,1.15210605e-05,2.3624934e-06,3.9008624e-05,8.4206185e-05,0.00012842972,5.310561658e-05,5.278217257347847e-05,0.9939094199945068,5,5639.8
ICAM5,4.6415003e-05,0.00012901562,2.57707e-05,1.8517552e-05,4.407443e-05,5.2758661e-05,4.424812212201047e-05,0.8386892556278195,5,5666.0
BNIP2,0.000111100235,8.673315e-05,3.607668e-05,2.5716403e-05,3.3391702e-06,5.259312764000001e-05,4.474853749536526e-05,0.8508438174977732,5,5679.4
SPOCK1,0.00013468823,4.9921146e-06,3.873054e-05,1.803453e-05,6.5737775e-05,5.2436637920000004e-05,5.139209469828422e-05,0.98007989712633,5,5656.0
GPR75,1.9915991e-05,0.00016556439,3.8068698e-05,1.7155004e-05,1.9638761e-05,5.20685688e-05,6.399557701992548e-05,1.2290634925215282,5,5696.8
KRT73,3.3700497e-05,0.00016985237,1.1874154e-05,1.9905592e-05,2.4781053e-05,5.202273319999999e-05,6.634202280332388e-05,1.2752506206906462,5,5704.0
HOXA7,2.0114186e-07,0.0002026595,5.319272e-05,7.91224e-07,2.5858188e-08,5.13740888096e-05,8.761352714946044e-05,1.7054030383715257,5,5790.2
ANXA4,8.1632505e-05,5.9775244e-05,2.2423865e-05,4.296429e-05,4.9461865e-05,5.12515538e-05,2.1786307966723267e-05,0.42508580426147524,5,5635.2
RAB27B,8.838593e-06,7.032083e-05,8.53557e-05,8.8585686e-05,2.4963688e-06,5.1119435559999997e-05,4.2120088859147115e-05,0.8239544978877916,5,5668.6
IGF2BP2,4.3733115e-05,7.791657e-05,4.254088e-05,4.123899e-05,4.945722e-05,5.0977355e-05,1.5382790641743945e-05,0.3017573320888058,5,5632.6
TMEM98,6.376808e-05,7.246602e-05,3.8774313e-05,5.142738e-05,2.7132184e-05,5.071359539999999e-05,1.8321616061694168e-05,0.36127622025580486,5,5635.4
SIPA1L3,7.697331e-06,5.7241567e-05,6.4841e-05,4.1156138e-05,8.250966e-05,5.068913919999999e-05,2.8261850179813115e-05,0.5575523795798276,5,5641.8
BANK1,1.9026502e-05,2.1669318e-06,0.00018549738,1.61861e-05,3.0482002e-05,5.0671783159999996e-05,7.604106718529461e-05,1.5006589948727318,5,5674.4
CSMD3,9.4503004e-05,5.693757e-05,4.7591362e-05,3.2949927e-05,2.0073354e-05,5.04110434e-05,2.8372139178581456e-05,0.5628159479551946,5,5648.6
MPHOSPH6,2.7316073e-06,0.00017912296,1.6132277e-05,2.667642e-05,2.7087188e-05,5.0350090459999996e-05,7.26677988002949e-05,1.4432506106026748,5,5722.4
SLC13A5,6.853827e-05,3.7433416e-05,7.606127e-05,1.7799455e-05,5.1605923e-05,5.02876668e-05,2.3557464889471335e-05,0.46845412381453605,5,5636.2
EXTL3,1.9842682e-05,4.1667794e-05,0.00014347197,2.056696e-05,2.3011182e-05,4.97121176e-05,5.3174675412168796e-05,1.0696521890302415,5,5664.6
SDHAF3,3.1479772e-06,0.00016125289,1.9668785e-05,4.050576e-05,2.3674324e-05,4.9649947240000005e-05,6.378649798848636e-05,1.2847243861136952,5,5715.6
TERC,1.39561635e-05,0.00015505288,2.7238686e-05,3.628055e-05,1.535032e-05,4.9575719900000004e-05,5.9668389297282756e-05,1.2035808943902548,5,5700.8
AKAP11,2.3633123e-05,4.2396052e-05,0.00010136214,2.0943877e-05,5.9540613e-05,4.9575161000000006e-05,3.288419374344887e-05,0.6633199586270403,5,5642.4
HNRNPA3P1,7.9996076e-05,7.9494275e-05,1.812701e-05,3.2146996e-05,3.5743524e-05,4.91015762e-05,2.873806429569527e-05,0.5852778366755418,5,5662.2
ACP3,3.8003583e-07,0.00011505168,5.075983e-05,3.826613e-07,7.6831595e-05,4.8681160426e-05,4.9667789757266695e-05,1.0202671695299141,5,5730.4
AQP4,3.1069754e-05,3.037185e-05,6.346525e-05,5.6553952e-05,5.9165843e-05,4.81253298e-05,1.608047314703946e-05,0.3341374119173197,5,5633.2
CD8B2,5.3534586e-05,9.7320255e-05,4.816907e-05,2.3814511e-05,1.7745138e-05,4.8116712e-05,3.147766757748565e-05,0.6541940683204964,5,5675.2
SUV39H2,6.5415006e-05,5.1833922e-05,4.194258e-05,3.3763255e-05,4.7445636e-05,4.80800798e-05,1.1807136535864663e-05,0.24557231570702723,5,5641.0
CHST9,7.5520824e-05,4.9549024e-05,3.5012377e-05,2.5821817e-05,5.422832e-05,4.8026472399999995e-05,1.9099305271696147e-05,0.3976828677447513,5,5648.6
GRAMD4,1.1301072e-05,1.8814584e-06,0.00021883752,3.4969735e-06,3.1314646e-06,4.77296977e-05,9.572425104870806e-05,2.005549074506459,5,5744.0
CABLES1,3.8864553e-05,5.500937e-05,3.0502239e-05,6.7671805e-05,4.6042558e-05,4.7618105000000004e-05,1.4394804374201254e-05,0.30229687582488324,5,5645.6
ZNF251,6.801597e-05,0.00012384403,1.5256483e-06,5.066152e-07,4.3157317e-05,4.7409916100000004e-05,5.14542357123572e-05,1.0853053526571668,5,5733.0
AKAP10,6.514422e-05,8.5862455e-05,4.8483766e-05,2.1899034e-05,1.299681e-05,4.6877256999999995e-05,3.0116045493503924e-05,0.6424447039105536,5,5679.8
SLC39A11,0.00013995988,7.216507e-08,5.0778945e-05,3.7397826e-05,2.776326e-07,4.5697289734e-05,5.7281623355457336e-05,1.2535015465663006,5,5722.2
NCAPD3,3.0133018e-05,8.621058e-05,4.3902517e-05,3.1566706e-05,3.535415e-05,4.54333942e-05,2.3415273775411963e-05,0.515375841662562,5,5673.6
MPV17L2,5.9540213e-05,9.75793e-05,2.3352883e-05,1.3952861e-08,4.547421e-05,4.51921117722e-05,3.697425805421388e-05,0.8181573421616171,5,5723.2
TFF2,7.014435e-05,3.455141e-05,3.5830617e-05,4.8061862e-05,3.595576e-05,4.4908799799999996e-05,1.5137871739560455e-05,0.33708030067551387,5,5653.2
MMP26,4.9343216e-05,4.469949e-05,6.6952653e-06,2.1308515e-05,9.821814e-05,4.405292526e-05,3.491123982927717e-05,0.7924840319509164,5,5689.8
TTLL8,0.00016515466,5.3883632e-05,2.1632502e-07,1.5758219e-07,3.325189e-07,4.3948943622e-05,7.162775559665765e-05,1.6297947047992791,5,5804.8
DNAH1,5.2057185e-05,6.707567e-05,2.7268672e-05,2.7400565e-05,4.3935914e-05,4.35476012e-05,1.6969562005839476e-05,0.38967845617727104,5,5677.0
DAZL,0.00013135058,3.0481864e-05,1.607169e-05,2.5724898e-05,1.2833869e-05,4.3292580199999995e-05,4.973846395763394e-05,1.148891189387551,5,5712.2
MYO1A,4.1275518e-05,9.539813e-05,2.4057423e-05,1.7903007e-05,3.737889e-05,4.32025936e-05,3.069450196495497e-05,0.710478223810965,5,5699.8
CNTNAP2,9.331136e-06,3.7330163e-05,5.6312725e-05,3.426665e-05,7.77471e-05,4.2997554800000004e-05,2.5625185035040112e-05,0.5959684255124226,5,5671.4
ADAMTS8,3.575489e-05,6.0369915e-05,5.274131e-05,3.1323678e-05,3.421696e-05,4.2881350600000005e-05,1.2869601637425567e-05,0.30012118222380724,5,5669.8
RSU1,3.0680298e-05,0.00012261671,2.352489e-05,2.4169934e-05,1.2509921e-05,4.2700350599999995e-05,4.5148761977160014e-05,1.057339374097786,5,5722.8
VPS41,3.3771724e-07,9.1930924e-05,5.5544864e-05,1.026534e-07,6.496375e-05,4.2575981728000005e-05,4.0906506232122015e-05,0.9607883264667022,5,5751.8
SERINC2,1.396722e-07,0.000104593266,3.4536493e-05,6.0301852e-05,1.2416231e-05,4.239750284e-05,4.1639149430390275e-05,0.9821132529320983,5,5735.4
TIMM17A,1.6427526e-05,0.00010705872,1.5017149e-05,6.0196635e-05,1.1330167e-05,4.2006039400000004e-05,4.149222433723766e-05,0.9877680669231971,5,5717.4
ZNF91,8.32675e-05,1.7751632e-05,1.350141e-05,4.569834e-05,4.915564e-05,4.187490439999999e-05,2.814232664919972e-05,0.6720570960682534,5,5678.6
GJA4,6.5668646e-05,5.0347677e-05,9.69906e-06,3.1840395e-05,4.9499577e-05,4.1411071e-05,2.1394895896878035e-05,0.5166467657134015,5,5689.0
CAPN15,2.7264048e-07,9.7810414e-05,3.0887277e-05,3.2087006e-05,4.5071873e-05,4.1225842096e-05,3.565169949423167e-05,0.8647900850930303,5,5729.4
ZNF740,2.012916e-05,2.0947566e-05,4.486675e-05,5.43279e-05,6.5660664e-05,4.1186408e-05,2.0237658923471307e-05,0.4913674172185957,5,5668.8
ITIH2,6.692812e-05,9.892239e-06,7.422187e-05,3.3935677e-05,1.9508823e-05,4.08973458e-05,2.8527949042711564e-05,0.6975501339921077,5,5682.0
TRAF3IP1,0.0001556928,2.469194e-06,5.300541e-07,6.9236035e-07,4.354045e-05,4.058497169e-05,6.69088491192772e-05,1.6486114522968442,5,5772.6
IMPACT,6.053512e-05,4.2242267e-05,3.65118e-05,3.9202816e-05,2.4138482e-05,4.0526096999999997e-05,1.3131315806887213e-05,0.32402123024300156,5,5682.2
FCGR2C,2.8491799e-05,6.929139e-05,3.8920643e-05,1.7767641e-05,4.811611e-05,4.05175166e-05,1.968755406978323e-05,0.4859022892282404,5,5694.0
DISP1,5.5680972e-05,1.7661236e-07,7.548003e-05,2.4692186e-05,4.307706e-05,3.9821372072e-05,2.8871549762743415e-05,0.7250264935758997,5,5691.6
MIR29B2CHG,2.783515e-05,5.1760057e-05,5.0856317e-05,5.8391517e-05,9.6241065e-06,3.96934295e-05,2.0399846881150347e-05,0.5139351055859345,5,5691.8
GTF2IRD1,4.4096527e-05,5.072203e-05,4.6448346e-05,2.913481e-05,2.7009399e-05,3.94822224e-05,1.070971786253421e-05,0.27125418002139134,5,5684.8
RPEL1,1.3460104e-06,0.00010629393,5.470343e-05,3.2071053e-05,2.9059174e-06,3.9464068160000004e-05,4.342410036599927e-05,1.1003452606544268,5,5754.0
SLC20A1,0.00011076776,2.5912675e-05,1.29149275e-05,2.1391676e-05,2.5503277e-05,3.92980631e-05,4.0292961097979874e-05,1.025316718420656,5,5719.0
ST8SIA3,1.096806e-05,3.936222e-05,7.840212e-05,6.403651e-05,3.4873578e-06,3.925125356e-05,3.2504256918266324e-05,0.8281074862635883,5,5705.8
PMPCA,7.245567e-05,2.77353e-05,5.0126495e-05,1.797095e-05,2.7952156e-05,3.92481142e-05,2.198830490222901e-05,0.5602385070065101,5,5690.6
UGGT2,2.492086e-05,1.0657695e-05,5.6662164e-05,8.1703685e-05,2.1261714e-05,3.90412236e-05,2.9375599904029863e-05,0.7524251853630393,5,5686.8
FREM2,1.4256013e-05,0.00010362323,2.5430063e-05,2.2679002e-05,2.9054645e-05,3.90085906e-05,3.653031149358373e-05,0.9364683761115874,5,5723.4
TMEFF2,1.9591107e-05,9.0223584e-05,2.5587879e-05,5.3753407e-05,2.0301231e-06,3.823722002e-05,3.4503519112651775e-05,0.9023542792756557,5,5736.0
RAB29,3.2986554e-05,3.0956908e-05,4.6440266e-05,1.3076888e-05,6.723926e-05,3.81399752e-05,2.0136880019600883e-05,0.5279730758608591,5,5697.6
ERC2,5.770719e-05,3.3533583e-05,3.3170127e-05,3.168627e-05,3.4020955e-05,3.802362500000001e-05,1.1037924245888786e-05,0.2902912135781053,5,5692.8
ZNF7,3.894216e-05,0.00010784123,2.7288563e-05,1.3581118e-06,1.4543088e-05,3.799463056e-05,4.149178986036299e-05,1.0920435137496698,5,5758.2
IDNK,3.971253e-05,6.0355767e-05,3.1785232e-05,3.4477547e-05,2.3327782e-05,3.79317716e-05,1.3865377736081634e-05,0.3655346732099809,5,5699.4
JADE2,2.1206837e-05,4.807525e-05,2.7022501e-05,3.4749693e-05,5.837697e-05,3.7886250199999996e-05,1.5245877945302287e-05,0.40241190048684966,5,5696.4
RAB11FIP2,3.3408e-05,6.611899e-05,2.1324442e-05,3.5270776e-05,3.094275e-05,3.74129916e-05,1.6921649181801007e-05,0.45229340018350755,5,5706.6
RXYLT1,3.4351294e-06,3.1031865e-05,5.04621e-05,4.446349e-05,5.753924e-05,3.738636488e-05,2.1332281780427183e-05,0.5705898888243874,5,5698.6
LMOD1,2.741727e-05,4.2294294e-05,3.9080223e-05,4.2690364e-05,3.294847e-05,3.68861242e-05,6.574874338064052e-06,0.17824790434512638,5,5691.6
PKD1L1,0.00013881212,2.4431392e-06,1.2298209e-05,1.175098e-05,1.9040648e-05,3.686901924e-05,5.729316809462431e-05,1.5539650708274255,5,5758.8
AKAP7,5.144691e-07,0.000119009215,2.3981007e-05,2.3824288e-05,1.6313961e-05,3.672858802e-05,4.6976969790012955e-05,1.279030104953459,5,5775.4
UNC80,1.38729e-05,7.176646e-05,3.9774495e-05,4.174014e-05,1.6411657e-05,3.67131304e-05,2.3437174753555796e-05,0.6383867160931554,5,5713.8
PHF10,3.1677708e-05,3.6385314e-05,6.995617e-05,1.977412e-05,2.4166693e-05,3.6392001e-05,1.9839292883640058e-05,0.5451553181601654,5,5707.6
TTL,8.761657e-05,2.429709e-05,2.4990952e-05,2.3729266e-05,2.042386e-05,3.6211547599999995e-05,2.878971529540684e-05,0.7950423885061141,5,5719.4
ZDHHC2,1.0772937e-05,4.0895666e-05,6.1856066e-05,3.618847e-05,3.0072388e-05,3.59571054e-05,1.8466667995443708e-05,0.513574932965647,5,5703.4
SLC9A3,3.919005e-05,6.465232e-05,2.8856022e-05,2.1051968e-05,2.278073e-05,3.5306218e-05,1.7874243863291728e-05,0.5062633404487483,5,5724.2
PTP4A3,2.7558222e-06,6.597903e-05,1.426503e-05,9.0152644e-05,2.7942394e-06,3.518935312e-05,4.033662159141118e-05,1.146273461005616,5,5763.4
MOBP,4.054727e-05,3.930408e-05,2.698803e-05,5.216278e-05,1.6755403e-05,3.51515126e-05,1.3608825528505529e-05,0.38714765089527126,5,5711.4
MICU2,3.6785925e-05,6.534724e-05,2.4291625e-05,1.3553326e-05,3.339094e-05,3.467381119999999e-05,1.9370278153291313e-05,0.5586428916499181,5,5729.2
STOML3,1.5096476e-05,5.6768906e-05,3.239935e-05,8.983154e-06,5.91429e-05,3.44781572e-05,2.3104075469146504e-05,0.6701076085686652,5,5727.0
DLEU1,2.3960189e-05,7.5124044e-05,2.8838045e-05,3.7717732e-06,3.8779865e-05,3.409478324e-05,2.6244896955547476e-05,0.7697628335339279,5,5745.0
ANO10,4.9058588e-05,9.259255e-05,8.636062e-06,1.3566425e-05,5.4911015e-06,3.3868945299999995e-05,3.7193345316118224e-05,1.0981548136994461,5,5772.6
SOX8,2.9278565e-06,8.0904596e-05,1.1297005e-05,1.7708186e-05,5.6318866e-05,3.38313019e-05,3.3333008779847896e-05,0.9852712401779576,5,5762.2
KRT78,3.3864504e-05,2.8684051e-05,4.2857475e-05,1.5151483e-05,4.82651e-05,3.37645226e-05,1.2895880731768353e-05,0.3819358231283967,5,5714.2
OR5AU1,8.4492945e-07,0.00015364197,7.1211603e-06,2.0309186e-07,3.2251082e-06,3.300725196199999e-05,6.749134932357111e-05,2.0447430583215884,5,5864.0
UBR1,2.9152118e-06,3.1551065e-07,8.3848165e-05,3.176237e-05,4.386862e-05,3.254197549e-05,3.419618365197659e-05,1.0508330590589043,5,5742.0
TFEC,9.802051e-08,0.000111954,8.534512e-06,2.3615236e-07,3.8977018e-05,3.1959940574e-05,4.7483208378699325e-05,1.4857101585892116,5,5829.8
IL17RA,4.1113468e-05,2.1601158e-05,4.785061e-05,2.0956519e-05,2.668189e-05,3.1640728999999996e-05,1.2165817272303821e-05,0.3844986401009857,5,5723.6
RPH3AL,6.5412037e-06,9.5346346e-05,5.8885444e-06,1.1869011e-07,4.9956652e-05,3.1570287242e-05,4.08676338323702e-05,1.2944967373626344,5,5805.6
PTF1A,7.382066e-05,3.749878e-05,1.7868744e-05,1.6882546e-05,1.0042666e-05,3.12226792e-05,2.5915909081877896e-05,0.8300347614588404,5,5756.0
OR5AC2,2.7194195e-05,4.349493e-05,3.111527e-05,1.9025512e-05,3.4881305e-05,3.11422424e-05,9.068798727494248e-06,0.2912057073800905,5,5734.8
OSBPL1A,6.285933e-05,1.4235446e-05,4.401697e-05,1.3998349e-05,2.036729e-05,3.1095477000000005e-05,2.1607717175993927e-05,0.6948829624319294,5,5737.4
SERPINI1,9.849638e-06,1.2883509e-05,6.81862e-06,7.1667215e-05,5.2639996e-05,3.07717956e-05,2.950481153169712e-05,0.9588264498837734,5,5741.2
TAC4,1.039394e-05,3.6841026e-05,9.706485e-05,5.3906724e-06,3.2567134e-06,3.058944036e-05,3.952207141074039e-05,1.2920168184057745,5,5774.0
ELSPBP1,4.4857068e-05,3.5939403e-05,3.0047348e-05,2.2602495e-05,1.9285479e-05,3.05463586e-05,1.0296148810011843e-05,0.33706632416774696,5,5738.6
SLC12A7,3.2526536e-05,3.1629676e-05,3.4055043e-05,2.5147874e-05,2.7863738e-05,3.0244573399999998e-05,3.6500090091910468e-06,0.12068310440083929,5,5730.0
GULP1,3.1262298e-05,4.0557872e-05,1.1058146e-05,2.4382825e-05,3.9178372e-05,2.9287902600000003e-05,1.2094581890066303e-05,0.4129548658792078,5,5748.0
GHDC,3.0863448e-05,2.330602e-05,4.576819e-06,4.2866668e-05,4.3679418e-05,2.9058474600000005e-05,1.6125587700100942e-05,0.5549357948782673,5,5746.0
GPR12,2.3298719e-05,1.157459e-05,5.9127502e-05,4.3531676e-05,7.718158e-06,2.9050129e-05,2.183969858519e-05,0.7517935147616728,5,5741.4
CLCN6,1.69857e-06,1.8073208e-05,5.2576892e-05,4.6270827e-05,2.6146568e-05,2.8953213e-05,2.077886723429321e-05,0.7176705132619724,5,5745.6
HRH4,3.7374084e-05,2.3028539e-05,3.550004e-05,2.2340895e-05,2.624025e-05,2.8896761599999997e-05,7.070020472787352e-06,0.24466480260498644,5,5739.0
KCNA6,1.5126708e-05,5.4449883e-05,3.2717457e-05,2.2470302e-05,1.8868916e-05,2.8726653200000005e-05,1.5802582769904347e-05,0.5501017699445874,5,5753.8
NSG1,3.2186817e-05,3.0481406e-05,2.3769317e-05,2.7687747e-05,2.7337197e-05,2.8292496800000003e-05,3.22856503874325e-06,0.11411382535680803,5,5743.6
C6orf201,6.112348e-05,4.794739e-06,6.20879e-05,7.823501e-06,4.225447e-06,2.80110134e-05,3.069997503081409e-05,1.0959965850722877,5,5771.8
AS3MT,1.3707919e-06,6.663168e-05,4.6579884e-05,2.2085796e-05,2.649556e-06,2.7863541579999997e-05,2.8391298088312944e-05,1.0189407547779843,5,5796.8
CBFA2T3,4.284725e-06,5.887627e-05,3.9449562e-05,9.939788e-06,2.5711724e-05,2.7652413799999998e-05,2.2235411909470762e-05,0.8041038323197219,5,5773.0
FAM161A,4.883411e-06,0.00010438552,2.926968e-06,4.3222494e-06,2.1647966e-05,2.763322288e-05,4.358352001752647e-05,1.5772145075799595,5,5823.0
MCC,8.8663386e-05,8.237128e-06,3.819298e-05,2.0923555e-06,9.4816096e-07,2.7626802092000002e-05,3.733907473259598e-05,1.3515525469887228,5,5800.8
DELEC1,6.1570245e-05,5.34411e-05,3.434835e-06,1.6600485e-05,2.345732e-06,2.7478479400000007e-05,2.812644991914718e-05,1.0235810180656202,5,5799.0
TACC1,4.0507966e-06,8.991312e-05,1.4001243e-06,1.5688218e-05,2.5984033e-05,2.7407258379999996e-05,3.6291319708384246e-05,1.324149946164161,5,5807.2
SPATA17,4.6654794e-05,1.3676051e-05,3.199774e-05,1.5293537e-05,2.4449007e-05,2.6414225800000003e-05,1.3515261128018643e-05,0.5116659950721948,5,5758.4
NDN,4.2506537e-05,1.2706843e-05,3.633474e-05,4.0102473e-06,3.560981e-05,2.6233635460000004e-05,1.6819671385233927e-05,0.641149085527238,5,5765.4
HIF1AN,1.4881579e-06,1.0974131e-06,8.7479544e-05,1.9659603e-05,2.1408965e-05,2.62267366e-05,3.557289964620278e-05,1.3563601216860042,5,5785.6
NABP1,1.23357395e-05,5.816132e-05,2.9121391e-05,1.3303833e-05,1.794595e-05,2.6173646700000003e-05,1.908346937103829e-05,0.7291100697495961,5,5780.6
ZNF266,1.6998629e-05,7.001243e-05,3.5692792e-05,2.3452057e-07,6.4903097e-06,2.5885736254e-05,2.8091331207248005e-05,1.0852050307399383,5,5812.6
CPLX2,3.525224e-05,5.5860233e-05,2.1209804e-05,8.544588e-06,6.59546e-06,2.5492464999999998e-05,2.0494652103478872e-05,0.8039494063629733,5,5792.8
INO80D,6.4571e-07,3.9111495e-05,3.1262938e-05,3.5534307e-05,2.0007781e-05,2.53124462e-05,1.554747476526097e-05,0.6142225307825433,5,5785.2
PBK,1.4927521e-05,1.643776e-05,5.619308e-05,1.0826414e-05,2.784523e-05,2.5246000999999998e-05,1.8415063930799506e-05,0.7294249861908628,5,5761.8
TRAM1L1,1.2578473e-05,5.3966578e-05,3.5557536e-05,2.05651e-05,2.524784e-06,2.5038494199999994e-05,2.0184243877791143e-05,0.806128504236934,5,5793.2
ZNF90,3.5321376e-05,1.9692004e-06,3.189497e-05,1.6519723e-05,3.809264e-05,2.475958188e-05,1.5227708789028665e-05,0.6150228571238161,5,5766.4
OR5H6,2.3674447e-05,2.166617e-05,3.1974352e-05,1.1585966e-05,3.4397366e-05,2.4659660199999994e-05,9.071669348008731e-06,0.36787487233943045,5,5767.0
DNAJB9,6.7279965e-05,1.27402445e-05,1.4000307e-05,9.7275615e-06,1.8839997e-05,2.4517614999999998e-05,2.412944171375718e-05,0.9841675755882936,5,5785.4
PDCD11,2.8595716e-07,2.1450353e-05,6.4935666e-05,3.153775e-05,3.4991785e-06,2.4341780932e-05,2.608209426366817e-05,1.0714949056739036,5,5806.4
PIGN,1.0840795e-05,2.1339596e-05,2.91791e-05,5.096641e-05,8.885622e-06,2.42423046e-05,1.7047020527824792e-05,0.7031930672063575,5,5774.8
GATC,8.022419e-07,6.6141605e-05,9.035622e-06,2.6962218e-05,1.8186965e-05,2.422573038e-05,2.539830113480771e-05,1.0484018742227788,5,5814.4
TGFBRAP1,4.5350338e-05,3.6340767e-05,2.228802e-05,1.1521065e-05,4.8056177e-06,2.406116154e-05,1.684630349161082e-05,0.7001450642191575,5,5794.2
DNAH14,3.442284e-05,6.86801e-07,1.02311e-05,2.3229308e-05,5.0074894e-05,2.37289886e-05,1.950544972478622e-05,0.8220093175309723,5,5777.2
SLC39A12,3.143317e-05,3.0297737e-05,2.6574002e-05,1.3230809e-05,1.6417647e-05,2.3590672999999997e-05,8.279021722288781e-06,0.35094470269198264,5,5785.0
ISCU,4.3317137e-05,9.923456e-06,2.9873328e-05,2.5071406e-06,3.0788964e-05,2.328200512e-05,1.666772561568631e-05,0.7159059337792255,5,5786.2
RSPH1,4.176162e-06,7.109139e-05,3.160772e-05,5.6013705e-06,3.5460898e-06,2.3204546460000002e-05,2.9249654899917988e-05,1.2605139665340386,5,5825.0
KRIT1,5.2258525e-05,1.1725679e-06,3.4665703e-05,2.0334708e-05,7.4282307e-06,2.317194692e-05,2.072451842384488e-05,0.8943796779526232,5,5790.4
OR7G1,1.51663235e-05,4.747693e-05,1.2967297e-05,2.325152e-07,3.9623817e-05,2.3093376540000003e-05,1.972186463734077e-05,0.8540052427231919,5,5811.6
ADAMTS15,3.1033756e-05,2.676098e-05,2.8694449e-05,1.4249679e-05,1.4242494e-05,2.29962716e-05,8.129804961986808e-06,0.35352708923418735,5,5786.8
PTPRO,1.5811178e-05,3.0655185e-05,1.5626818e-05,1.4646581e-05,3.7424164e-05,2.28327852e-05,1.0515953880637682e-05,0.46056378091962613,5,5783.0
ZKSCAN7,2.7161963e-05,2.7240097e-07,3.9984698e-05,9.484883e-06,3.6782858e-05,2.2737360594000002e-05,1.7281683401197946e-05,0.760056706219379,5,5785.4
DNMBP,1.4006724e-06,6.436981e-07,4.7254947e-05,4.1874453e-05,2.2140954e-05,2.26629449e-05,2.1857793500065484e-05,0.9644727812961978,5,5790.8
ARL3,1.1036125e-06,3.8894294e-05,4.3673135e-05,2.68076e-05,2.3822874e-06,2.2572185780000003e-05,1.9988319361684995e-05,0.8855287457094903,5,5812.0
PRR5L,1.4510244e-05,1.8200233e-05,1.7242282e-05,6.0762617e-05,1.7336622e-06,2.248980764e-05,2.2389930335157004e-05,0.9955589969268854,5,5795.0
PNPT1,3.155657e-05,4.5214852e-05,2.3805407e-05,4.4931153e-06,7.368776e-06,2.248774406e-05,1.6977125303473767e-05,0.754950130087605,5,5807.0
HES2,7.760886e-06,5.2210744e-05,3.997295e-05,7.4164545e-06,4.558257e-06,2.23838583e-05,2.2105575170628657e-05,0.9875676871412582,5,5812.6
ZNF107,1.2051312e-05,3.236708e-05,1.624413e-05,3.1183714e-07,4.959788e-05,2.2114447828e-05,1.9180306810073826e-05,0.867320177254838,5,5809.2
TPPP,1.8535922e-05,5.5320073e-05,9.5082e-06,8.659627e-06,1.7673563e-05,2.1939477e-05,1.9202457278183604e-05,0.8752468109510361,5,5810.4
LINC01311,8.9065625e-06,5.796008e-05,1.2170501e-05,2.1202126e-05,8.389377e-06,2.1725729300000002e-05,2.089673448799728e-05,0.9618427165065192,5,5815.8
CMC1,8.056184e-06,6.940735e-05,1.6876369e-05,1.4097578e-05,9.4377995e-08,2.1706371799e-05,2.7431787649451638e-05,1.2637665982813122,5,5837.6
BCL11A,1.9247605e-05,4.5909786e-05,1.2912871e-05,1.7947881e-05,1.0685314e-05,2.13406914e-05,1.4178309197353622e-05,0.6643790930482047,5,5807.2
TCF20,9.877283e-06,4.278328e-05,2.1994085e-05,3.8991084e-06,2.5678297e-05,2.0846410679999996e-05,1.5111447101012392e-05,0.7248944354487981,5,5809.2
ZNF521,3.5282497e-05,1.3518861e-05,2.7243279e-05,7.638232e-06,2.0291383e-05,2.07948504e-05,1.0928909418496239e-05,0.5255584535725364,5,5796.8
RSPH3,3.907754e-06,1.5138345e-05,1.7341812e-05,4.3668126e-05,2.3236133e-05,2.0658433999999998e-05,1.4647073961978464e-05,0.7090118235476351,5,5793.4
INO80C,2.285648e-05,2.1769071e-07,4.6950936e-05,2.0055897e-05,1.1876394e-05,2.0391479542000003e-05,1.7256027989303758e-05,0.8462371724308574,5,5802.6
CELSR1,4.3860244e-05,2.9725306e-05,1.4935198e-05,1.6149967e-08,1.2156317e-05,2.0138642993400002e-05,1.695823218661223e-05,0.8420742247712479,5,5833.6
DNAAF4,3.6054138e-05,4.8424852e-05,2.2513668e-06,2.438392e-06,1.1436881e-05,2.0121125959999998e-05,2.0990386273696738e-05,1.0432013752821188,5,5835.2
ZNF281,1.1152507e-05,4.7122125e-05,4.4859007e-08,1.5112924e-05,2.6908048e-05,2.0068092601399996e-05,1.791421854937745e-05,0.8926717105205959,5,5821.4
GCM1,2.5362891e-05,2.3936876e-05,2.2722486e-06,3.3432778e-05,1.4199074e-05,1.984077352e-05,1.1963447079673078e-05,0.6029728159345008,5,5807.6
PREP,3.236078e-06,1.8439938e-05,1.8789002e-05,4.622565e-05,7.946958e-06,1.89275252e-05,1.6675123079118642e-05,0.8809985934726766,5,5814.8
ATXN10,1.3344637e-05,2.4155099e-05,1.2188638e-05,3.7350153e-05,7.0589867e-06,1.8819502739999998e-05,1.2084140909746773e-05,0.6421073434667581,5,5811.8
ZFP57,5.17355e-06,3.1640513e-05,1.8270184e-05,2.6249672e-05,1.1134321e-05,1.8493647999999997e-05,1.0777645944252275e-05,0.5827755532198016,5,5816.6
ABHD2,1.2396003e-05,2.7882536e-05,1.3768332e-05,6.151594e-06,3.178529e-05,1.8396751000000002e-05,1.0915679119670704e-05,0.5933482015205132,5,5814.6
SLN,1.3461531e-06,6.3834195e-06,5.79358e-05,5.7097805e-07,2.5217189e-05,1.829070793e-05,2.4303290664095766e-05,1.3287233472376465,5,5838.2
OXA1L,8.9692134e-07,5.6136192e-05,2.611574e-05,1.6614555e-06,4.990817e-06,1.7960225168e-05,2.3711435237972613e-05,1.3202192631871692,5,5866.6
PCDH8,8.4400135e-06,1.200366e-05,4.801636e-05,8.615602e-06,1.2452877e-05,1.7905702500000004e-05,1.693461205809262e-05,0.9457664148107352,5,5818.8
SYNGR1,3.4763354e-05,6.8297313e-06,1.6407725e-05,4.4786325e-06,2.610491e-05,1.771687056e-05,1.2810507538875298e-05,0.7230683034845911,5,5814.6
MMP28,3.0135616e-06,6.721005e-05,6.15066e-08,8.7465503e-07,1.7388e-05,1.7709554646000002e-05,2.8553642912089793e-05,1.6123298119492298,5,5877.4
SVIL,3.203222e-07,5.9218764e-05,2.0937743e-05,5.932794e-07,7.298978e-06,1.767381732e-05,2.46838087869399e-05,1.3966314316832544,5,5878.2
NLRP6,1.3852409e-05,3.7720347e-05,3.0483789e-05,6.481657e-07,4.841424e-06,1.750922694e-05,1.608547146993627e-05,0.9186854179831807,5,5843.6
SERP1,2.0241001e-05,1.1428003e-05,2.8004877e-05,2.0512902e-05,6.7846418e-06,1.7394284959999997e-05,8.345287237456827e-06,0.47977179036952083,5,5816.6
CDCA7L,2.4086994e-05,3.4481935e-05,7.8059784e-08,8.151037e-07,2.6517473e-05,1.71959130968e-05,1.5768139132552493e-05,0.9169701570245081,5,5844.6
MBNL1,9.16103e-06,4.7553855e-05,3.6155766e-06,1.2630171e-05,1.2655365e-05,1.712319952e-05,1.7407079478880265e-05,1.0165786749461565,5,5842.6
FAT1,1.07763135e-05,1.2505222e-05,2.1505915e-05,3.1636097e-05,8.626612e-06,1.70100319e-05,9.53374312250514e-06,0.5604776745013124,5,5819.6
RNF138,3.4073928e-05,6.343556e-07,2.0948635e-05,8.576261e-06,2.070609e-05,1.6987853920000003e-05,1.2841717141134054e-05,0.7559352229898414,5,5824.2
POSTN,4.192803e-05,7.1953873e-06,9.894992e-06,7.697278e-06,1.5152936e-05,1.6373724660000003e-05,1.4628819386572901e-05,0.8934325995056093,5,5831.0
ARRDC4,1.675314e-05,2.6920981e-05,2.0999578e-05,8.0385325e-06,8.601912e-06,1.62628287e-05,8.102501191323992e-06,0.4982221322496001,5,5831.8
DGLUCY,3.9890206e-06,2.67389e-05,1.1848353e-05,3.6698177e-05,1.5359856e-06,1.616208724e-05,1.5118818195296512e-05,0.9354496093721439,5,5845.6
PWRN1,5.207493e-06,3.8710612e-05,5.960209e-06,1.0544681e-05,1.833307e-05,1.5751213e-05,1.3855881009909566e-05,0.8796707282105553,5,5846.6
SORCS1,1.4338979e-05,2.456676e-05,8.68182e-06,1.5056335e-05,1.5036548e-05,1.5536088400000002e-05,5.710665453734293e-06,0.3675742121636159,5,5834.4
PIWIL3,2.843414e-05,3.01225e-05,2.673294e-06,7.646231e-06,6.52713e-06,1.5080658999999999e-05,1.3104853297260638e-05,0.8689841271035065,5,5853.0
CASTOR1,1.454157e-05,1.4891593e-05,4.046847e-05,3.4135385e-06,1.365278e-06,1.49360899e-05,1.5564351784505072e-05,1.0420633438009148,5,5848.0
MYO1H,2.1756307e-05,2.1349779e-05,2.8187994e-06,3.380692e-06,2.5052295e-05,1.4871574479999999e-05,1.084347169129291e-05,0.7291407984995621,5,5845.4
SFSWAP,1.7118915e-06,4.2952074e-06,1.5805622e-07,6.406591e-05,3.6833806e-06,1.4782889143999999e-05,2.7598656762780406e-05,1.8669325389605593,5,5864.6
CELF2,9.065506e-06,2.2834745e-05,1.4663687e-05,2.275658e-05,3.890857e-06,1.4642274999999999e-05,8.361404043247671e-06,0.5710454176859587,5,5844.4
SAMSN1,3.321804e-05,1.6654772e-05,1.664473e-05,3.5628043e-06,2.4055291e-06,1.4497175080000001e-05,1.2505062642952496e-05,0.8625861641282251,5,5854.2
ADAM28,1.0774847e-05,3.076892e-05,3.3363094e-06,1.3998657e-05,1.1700113e-05,1.411576928e-05,1.0130832350278489e-05,0.7176960850892066,5,5852.4
MYRIP,1.3316701e-05,3.23719e-05,9.693455e-07,5.086196e-06,1.8520826e-05,1.40529937e-05,1.232549483431867e-05,0.8770725368160288,5,5855.8
PRAM1,1.2494858e-05,3.406159e-05,1.3667927e-05,5.873013e-08,9.625928e-06,1.3981806626e-05,1.2433150995430114e-05,0.8892378022386557,5,5871.4
CCDC9,9.448203e-06,3.8381936e-06,3.0650437e-05,9.828185e-06,1.6086353e-05,1.397027432e-05,1.0283125846329944e-05,0.7360718630706131,5,5839.6
EOGT,2.435411e-06,1.2665334e-05,2.8071001e-05,2.3789221e-07,2.5249803e-05,1.3731888241999998e-05,1.2738802730250756e-05,0.9276803383301783,5,5865.4
FBN3,1.6699363e-05,2.6494858e-05,5.584846e-06,1.4680248e-07,1.7629016e-05,1.3310977096000001e-05,1.0451434467751977e-05,0.7851741004717583,5,5873.6
ACAP3,2.1416205e-05,2.6374157e-05,2.8063905e-06,6.808735e-06,7.5545954e-06,1.299201658e-05,1.0266378762544708e-05,0.7902067165114953,5,5862.0
CATSPER4,1.709299e-05,2.1336724e-05,1.3691382e-05,5.7219545e-06,7.0941373e-06,1.298743756e-05,6.606434642055951e-06,0.5086788376487064,5,5855.0
OR11H6,6.1638843e-07,5.0279406e-05,9.639918e-06,4.278332e-07,3.5896344e-06,1.2910636006e-05,2.1218933334593926e-05,1.6435234735711537,5,5908.8
GJB6,9.967563e-07,1.7028144e-05,3.3594213e-05,1.7988849e-06,1.0791245e-05,1.2841848640000002e-05,1.3366412489574553e-05,1.040848001271455,5,5874.6
PRAP1,1.1336324e-05,2.1858674e-05,1.048585e-05,1.3921637e-05,6.5729096e-06,1.283507892e-05,5.6917875937650584e-06,0.44345559768206383,5,5856.2
CFHR4,1.8807333e-06,3.5090325e-05,2.0013422e-05,2.4555502e-06,4.3299283e-06,1.2753991759999999e-05,1.4550443320553496e-05,1.1408540631324273,5,5881.8
FOXP2,2.4222834e-06,3.2395666e-05,5.076396e-06,1.1563847e-05,1.2051777e-05,1.270199388e-05,1.1762026530977116e-05,0.9259984410398028,5,5870.4
CRX,9.145697e-06,2.4654713e-05,6.502343e-06,2.492464e-06,1.9685996e-05,1.2496242599999999e-05,9.310605927259314e-06,0.7450724369947264,5,5866.4
PAFAH2,5.410506e-06,2.293153e-05,1.5423268e-05,1.3723242e-05,4.919822e-06,1.2481673600000002e-05,7.52623709655634e-06,0.6029830083488434,5,5861.8
PSD2,1.3992738e-05,1.460599e-05,1.28115735e-05,3.7322875e-06,1.5835416e-05,1.2195601000000002e-05,4.8552813327950806e-06,0.398117430440294,5,5856.4
DNAJC10,5.4847706e-06,3.1840493e-05,3.021903e-06,3.1065736e-07,1.9596766e-05,1.2050917992e-05,1.3332650000690168e-05,1.1063596988661815,5,5884.6
MIR138-1,2.0604106e-05,1.4475003e-05,9.541482e-06,7.4242485e-06,6.3333764e-06,1.167564318e-05,5.889029604824458e-06,0.5043858838468253,5,5863.0
MOCOS,1.0146894e-05,3.52249e-07,2.010468e-05,9.732433e-06,1.789173e-05,1.1645597199999999e-05,7.81051020863533e-06,0.6706835273879582,5,5861.2
KIAA1217,1.8005857e-06,4.3938857e-05,7.744442e-06,1.88009e-06,1.4545644e-06,1.1363707820000001e-05,1.8397165978290374e-05,1.618940425933124,5,5907.0
OR6J1,6.1794333e-07,5.014271e-05,3.582879e-06,5.256688e-07,1.7472378e-06,1.1323287786e-05,2.173565721473583e-05,1.9195535453589354,5,5925.6
EPPK1,1.45218255e-05,1.0325398e-07,5.5596903e-08,1.041178e-05,3.0875843e-05,1.11936598766e-05,1.2709542722069945e-05,1.1354233434087855,5,5870.2
WDFY2,2.2268749e-05,1.0001527e-05,4.0557916e-06,1.0312657e-05,9.079466e-06,1.1143638119999998e-05,6.7130733341104635e-06,0.6024130774726256,5,5865.2
GLB1L3,7.0734213e-06,1.4074743e-05,2.3078028e-05,1.09175535e-05,4.4702844e-07,1.1118154848e-05,8.397217225115834e-06,0.7552707566963214,5,5877.2
ANKS1A,2.095603e-05,2.5673222e-05,6.247868e-07,2.1658796e-06,5.312896e-06,1.0946562879999999e-05,1.153734787209761e-05,1.0539699080500429,5,5886.0
PNRC1,5.3909157e-06,1.5108361e-05,1.7768167e-05,7.26777e-07,1.5227129e-05,1.084426994e-05,7.372838877649986e-06,0.6798833778984652,5,5877.8
AKR7A2,4.72381e-05,6.445728e-07,5.345279e-07,4.8119705e-07,4.7854896e-06,1.0736777469999998e-05,2.0487067841027892e-05,1.9081207464969372,5,5901.8
HDDC3,1.1445069e-05,1.3629603e-05,1.46905695e-05,6.807948e-06,5.629779e-06,1.04405937e-05,4.049107867908892e-06,0.3878235265403434,5,5869.8
ADGRA2,2.0552511e-06,7.369437e-06,2.4084638e-06,6.797791e-06,3.199101e-05,1.012439058e-05,1.246446566117806e-05,1.2311324383119622,5,5879.6
JADE1,9.649321e-06,5.897218e-06,1.5800517e-05,5.55943e-06,1.2537084e-05,9.888714e-06,4.3787934310386805e-06,0.44280716694189765,5,5871.0
ERC1,8.626152e-06,7.850078e-06,8.847865e-06,1.3060846e-05,1.0196505e-05,9.716289199999999e-06,2.0519485466240866e-06,0.21118644210632254,5,5875.2
RPRD1A,1.0718727e-05,2.720162e-07,9.042913e-06,6.6560947e-06,2.118422e-05,9.574794179999999e-06,7.606423807482054e-06,0.794421651733307,5,5877.8
DYRK3,1.26346e-05,2.439116e-05,2.9825053e-06,4.886564e-06,1.3065313e-06,9.24027212e-06,9.51485061201511e-06,1.0297154118893104,5,5896.8
LYZL1,7.2156877e-06,3.6661504e-06,2.4791372e-05,1.0916405e-06,5.513295e-06,8.455629120000001e-06,9.410349555742348e-06,1.1129094502837356,5,5894.0
GAS8,1.2070012e-05,1.0618879e-05,3.4182722e-06,3.6909277e-08,1.5819427e-05,8.3926998954e-06,6.484576720224298e-06,0.7726448939010037,5,5904.0
TMEM132E,1.3549341e-05,5.8772907e-06,6.0505826e-08,3.110667e-06,1.5609248e-05,7.6414105052e-06,6.698879537412504e-06,0.8766548443973661,5,5896.6
RTN4R,1.09367575e-05,2.6539828e-07,1.3637069e-05,1.0037851e-05,1.3129401e-06,7.2380031760000005e-06,6.0454852224005305e-06,0.8352421345221761,5,5904.0
PRMT8,4.3653195e-06,2.38293e-05,8.9450805e-07,1.0542732e-06,5.2704527e-06,7.0827706899999995e-06,9.562330493741512e-06,1.350083309522126,5,5920.0
CECR2,3.4812085e-06,4.176571e-06,1.1203963e-05,1.2809292e-06,1.4729714e-05,6.97447714e-06,5.711390857295139e-06,0.8188987851919661,5,5906.2
CCNO,3.0908539e-06,2.1458843e-06,7.4109325e-06,3.8481157e-06,1.7994163e-05,6.8979898799999996e-06,6.514727399667836e-06,0.944438526730317,5,5902.6
HORMAD2,3.819121e-06,8.22616e-06,1.2546193e-05,6.0673683e-06,2.9889582e-06,6.729560100000001e-06,3.839735858855465e-06,0.5705775417408732,5,5906.8
PLCXD3,1.9382057e-06,1.2086551e-05,4.6038203e-06,1.5676746e-06,1.3415447e-05,6.72233972e-06,5.646217385817946e-06,0.8399184838903003,5,5913.4
IFRD1,6.0979996e-06,1.011882e-05,6.728864e-06,6.585051e-06,4.0227737e-06,6.71070166e-06,2.1927009093168107e-06,0.32674689181709365,5,5903.8
MIR122,1.8809873e-06,1.4991288e-05,1.0040313e-05,5.5744576e-06,2.8546648e-07,6.554502476e-06,6.0297858454016635e-06,0.9199456202023508,5,5921.6
TCOF1,6.3187385e-06,1.46455295e-05,3.439758e-07,7.3176634e-06,4.0497694e-06,6.535135319999999e-06,5.2665256928324326e-06,0.8058785985218794,5,5910.0
ECHDC3,6.250093e-06,1.1266114e-05,4.5881492e-07,8.1144026e-07,1.37586085e-05,6.509014136e-06,6.006682036262649e-06,0.922825163804906,5,5915.2
RP1,3.7982863e-06,1.2294147e-05,7.2128482e-06,3.163527e-06,5.7295188e-06,6.43966546e-06,3.6430427188792785e-06,0.5657192507138838,5,5910.2
WDR26,3.7867862e-06,1.5785528e-08,9.80452e-06,9.345156e-06,8.610325e-06,6.312514545600001e-06,4.263186870338544e-06,0.6753547797066233,5,5910.2
RPGRIP1,1.2144224e-07,2.4792831e-05,4.104453e-06,1.6444386e-07,1.5543746e-06,6.147508939999999e-06,1.0547861667000846e-05,1.715794441284838,5,5954.0
URAD,7.234006e-06,9.562287e-06,7.966427e-06,2.932174e-06,1.7657319e-06,5.89212518e-06,3.367561894373192e-06,0.571536040307479,5,5916.2
AIPL1,5.790627e-06,2.7526933e-06,1.7752709e-05,1.441869e-07,3.0141873e-06,5.8908807e-06,6.925696645990304e-06,1.1756640473113475,5,5925.0
GPSM1,5.1075385e-06,7.871877e-07,8.969528e-06,8.520754e-06,5.9085337e-06,5.85870838e-06,3.2806533781374297e-06,0.5599618832943909,5,5909.0
SHF,7.104002e-07,4.9487234e-08,5.376595e-06,1.0446015e-05,1.18538965e-05,5.6872787868e-06,5.41579363629018e-06,0.9522644905081972,5,5926.4
GPR156,6.707602e-06,1.0081833e-05,8.519028e-06,1.3851081e-06,1.6167827e-06,5.662070759999999e-06,3.9826625386337656e-06,0.703393282678397,5,5922.8
INTU,8.840998e-07,1.4474857e-05,6.8982094e-06,2.4276385e-06,3.2143002e-06,5.57982098e-06,5.441542845811722e-06,0.9752181773064199,5,5932.6
TANGO2,3.3993115e-06,5.4358456e-08,1.0230689e-05,1.0703137e-05,3.4053578e-06,5.5585707512e-06,4.687492142308111e-06,0.8432909019456417,5,5920.6
SS18,1.2077985e-06,2.2656193e-06,5.8015426e-06,1.3484624e-05,4.884149e-06,5.52874668e-06,4.82453368695544e-06,0.872627010459347,5,5918.0
ZNF76,6.1635897e-06,4.9490354e-06,5.944644e-07,2.1682467e-06,1.301643e-05,5.37835324e-06,4.804464151420401e-06,0.8932965049020098,5,5916.0
PDLIM3,2.0375046e-07,8.5014235e-06,6.653192e-06,2.665035e-06,8.0805885e-06,5.220797892e-06,3.629578091085984e-06,0.6952152077458709,5,5931.4
ARVCF,4.7892895e-06,4.8239366e-07,4.0525742e-06,6.363723e-06,8.289822e-06,4.795560472e-06,2.907940560512404e-06,0.6063817936383232,5,5919.4
MAL,7.465973e-09,4.1367675e-06,1.3562802e-05,3.923389e-06,1.4700402e-06,4.6200929346e-06,5.2889083229492146e-06,1.1447623235758826,5,5940.6
IQSEC3,5.8992173e-06,1.1949464e-06,1.3901214e-06,1.9178883e-06,1.2419789e-05,4.5643924800000005e-06,4.793802247084911e-06,1.0502607451243786,5,5925.0
LINC00895,1.0382351e-05,4.836127e-07,9.897534e-07,3.0319995e-06,6.772454e-06,4.33203412e-06,4.190264352923012e-06,0.9672740880727438,5,5925.8
B4GALNT3,8.642382e-06,6.355811e-06,2.323166e-06,6.3130574e-07,3.6603888e-06,4.322610707999999e-06,3.1959496556243683e-06,0.7393563453931944,5,5932.8
OR6B3,7.187914e-06,9.474585e-07,3.40645e-07,6.9361556e-07,1.2044967e-05,4.242920012e-06,5.2016897670770405e-06,1.2259693212140246,5,5935.0
SYTL3,4.0975456e-06,1.9693825e-06,2.892095e-06,1.0876863e-05,5.784193e-07,4.082861080000001e-06,4.010127974232814e-06,0.9821857505455006,5,5930.8
POC1A,3.8596118e-06,6.000494e-06,5.796531e-06,1.3866907e-06,2.6749924e-06,3.94366398e-06,1.9886157639469528e-06,0.5042558833693921,5,5935.6
B4GALNT4,1.1973561e-06,5.140894e-06,1.7608404e-06,4.6526634e-06,6.486807e-06,3.847712179999999e-06,2.2729115871532576e-06,0.5907176734703836,5,5933.6
GSC2,4.7714775e-06,1.8182607e-07,8.364158e-06,2.0453574e-06,3.7245018e-06,3.8174641540000005e-06,3.0801556380427116e-06,0.8068590859760333,5,5937.0
RIOK2,2.277617e-06,8.1073495e-06,3.0284334e-06,2.5237696e-06,3.934681e-07,3.26612752e-06,2.884196128350577e-06,0.8830629271788436,5,5949.2
CCDC188,9.574167e-06,1.300306e-07,7.395322e-07,3.715686e-06,1.3800367e-06,3.1078904999999998e-06,3.861489237316797e-06,1.2424791791463687,5,5946.0
CELF4,3.7666957e-06,2.1351757e-07,6.297841e-06,1.7559561e-06,2.184424e-06,2.8436868739999996e-06,2.3086090162954153e-06,0.8118365764540276,5,5950.6
NME8,2.1453864e-08,6.83941e-06,3.7615528e-06,5.3449185e-08,2.0371403e-06,2.5426012298e-06,2.861641191341398e-06,1.1254777814948567,5,5974.0
CALHM1,1.8974121e-07,6.1765973e-06,4.485353e-06,1.1606484e-06,6.109494e-08,2.41468697e-06,2.7614316464664583e-06,1.143598189237116,5,5970.0
GAREM1,3.6636325e-06,4.5419597e-07,1.0653732e-06,3.362803e-06,3.3171507e-06,2.3726310740000002e-06,1.494034708956443e-06,0.6296953307779374,5,5949.2
SETBP1,3.6955419e-06,1.8903423e-06,4.2173965e-06,1.0605952e-06,9.4512774e-07,2.3618007279999997e-06,1.5119914362613837e-06,0.640185862565025,5,5954.4
C22orf39,1.5475528e-06,1.6042834e-07,4.3994673e-06,9.016917e-07,2.6847374e-06,1.938775508e-06,1.6585068526792893e-06,0.8554403776176077,5,5963.8
CDC37L1,6.385583e-07,6.258177e-07,8.928249e-07,3.57923e-07,2.9667365e-07,5.6235951e-07,2.4053265593693924e-07,0.42772043801115633,5,5991.2
TESK1,2.3897715e-07,1.3320903e-07,3.5238438e-07,2.3546498e-07,1.1151236e-07,2.1430957999999998e-07,9.652105729313138e-08,0.45038144021901116,5,6003.6
