gene,degree,importance_sum,importance_mean,n_nodes
SRC,632,0.5114749,0.0016185914,2
MAPK3,1016,0.47480848,0.0009346624,2
ATP1A4,162,0.3965287,0.002447708,1
PIK3R1,908,0.35673124,0.0007857516,2
RELA,542,0.34119844,0.0012590348,2
UBC,296,0.33542418,0.0011331898,1
RAC1,582,0.29585445,0.001016682,2
HRAS,3176,0.24522118,0.00061768555,8
STAT3,618,0.23289917,0.0011305785,3
MAPK14,572,0.22274067,0.0007788135,2
RHOA,209,0.21653819,0.0010360678,1
CALM1,247,0.21158236,0.00085660873,1
ITPR1,519,0.19927883,0.0011519007,3
PPP2R5D,113,0.19860552,0.001757571,1
JAK2,3738,0.1952974,0.0010971765,21
ATP1B1,166,0.19456404,0.0011720726,1
PIK3CD,190,0.19038616,0.0010020324,1
MAPK8,616,0.18858682,0.0006122949,2
PIK3R2,1100,0.18647595,0.00067809434,4
ADCY1,248,0.18142888,0.0014631362,2
ATP1B2,165,0.17550948,0.0010636938,1
MAP2K1,336,0.17456487,0.0005195383,1
TNF,173,0.17209701,0.0009947805,1
CYCS,396,0.16084199,0.0016246666,4
ADCY7,318,0.16082923,0.0015172568,3
EGFR,615,0.15994577,0.0007802232,3
NUP160,184,0.15734771,0.0017103013,2
CCND1,656,0.15645266,0.0009539797,4
NFKBIA,10200,0.15373679,0.0007686839,51
PIK3CB,470,0.15163717,0.0006452645,2
H2BC6,88,0.15143783,0.0017208845,1
MAPK10,154,0.15123013,0.0009820138,1
GNAS,264,0.14747036,0.0011171997,2
FOS,808,0.14492889,0.0007174697,4
PTPN11,1393,0.14086972,0.00070788804,7
H2BC3,89,0.14080364,0.0015820633,1
H2BC13,88,0.14032257,0.0015945747,1
CYP2C8,89,0.14004655,0.0015735568,1
GSK3B,852,0.14001982,0.00065737,4
PRKACG,187,0.13928917,0.0007448619,1
FGG,85,0.13695584,0.0016112452,1
H2BC11,264,0.13615847,0.0015472554,3
IFNG,2910,0.13498203,0.0013915673,30
BRAF,141,0.13299376,0.0009432181,1
FRS2,160,0.13295573,0.0016619468,2
NUP62,89,0.13267493,0.0014907296,1
CACNA2D2,1290,0.13243046,0.0010265927,10
NFKB1,286,0.1323287,0.00046268778,1
MAP2K4,405,0.13199402,0.0009777335,3
UBE2N,82,0.13171001,0.0016062196,1
PPP2CA,153,0.13100082,0.0008562145,1
TRAF6,322,0.13067162,0.000811625,2
MAPK1,1044,0.13057289,0.00025013962,2
PLCG1,233,0.12981512,0.00055714644,1
IGF1,243,0.12751952,0.001574315,3
GNB4,89,0.12737085,0.0014311331,1
PTPN6,78,0.124572985,0.0015970896,1
RPA3,75,0.12398844,0.0016531792,1
SMARCA4,39,0.12316199,0.0031579996,1
ADCY5,114,0.12131927,0.0010642041,1
IL1B,590,0.118253365,0.0010021471,5
NUP85,93,0.117514685,0.0012635988,1
RAP1B,70,0.11609337,0.0016584767,1
PLCB2,234,0.11542623,0.000986549,2
ROCK2,74,0.11522572,0.0015571043,1
GNAI2,297,0.113963865,0.0011511501,3
MNAT1,67,0.11369816,0.0016969875,1
GRB2,386,0.11343973,0.00029388533,1
CCNH,213,0.11317251,0.0015939791,3
CCNE1,184,0.11185895,0.0012158582,2
FYN,4752,0.10909238,0.0006198431,27
GNB1,156,0.10880496,0.0006974677,1
FGB,158,0.10809079,0.0013682379,2
PPP3R1,67,0.10624474,0.0015857425,1
GGT1,70,0.10406959,0.0014867084,1
ITGB1,625,0.10403045,0.00083224353,5
PPP2R1B,119,0.103262015,0.00086774805,1
CYP4A11,64,0.10324161,0.0016131501,1
CUL1,366,0.10278534,0.0008425028,3
WNT3A,57,0.10252353,0.0017986584,1
TBK1,65,0.10098957,0.0015536858,1
FAS,158,0.100634106,0.0012738495,2
PAK2,98,0.10008974,0.0010213238,1
CYP1A2,136,0.100081235,0.0014717829,2
DRD1,630,0.099714465,0.0011079385,7
H2BC4,178,0.09927584,0.0011154588,2
GNG2,312,0.098603524,0.00094811077,3
RHEB,54,0.09787733,0.0018125431,1
H2AZ2,63,0.09779844,0.0015523562,1
CSNK2B,59,0.09632347,0.0016326011,1
ITPR3,784,0.09572595,0.0008546961,7
MAP2K3,122,0.09530529,0.0007811909,1
CALM3,232,0.09530486,0.0004107968,1
CYP4F3,118,0.09498188,0.0016098623,2
JAG1,58,0.09476344,0.0016338525,1
CDK1,242,0.09467188,0.00078241224,2
KCNJ11,66,0.09419271,0.0014271623,1
CCND3,50,0.09408015,0.001881603,1
FOXO1,276,0.09371414,0.0010186319,3
PEDS1,54,0.093283184,0.0017274664,1
GNAI1,315,0.09315709,0.0008872104,3
GRIN2A,721,0.09266237,0.0008996347,7
ADCY8,1792,0.092632286,0.000827074,16
IFNAR2,94,0.09249075,0.0019678883,2
ABCC8,207,0.09197732,0.0013330047,3
FBXW11,186,0.09138721,0.0014739874,3
PIK3CG,249,0.091172755,0.0010984669,3
IFNA13,55,0.090489075,0.001645256,1
PTEN,1044,0.09048881,0.0007800759,9
ADCY3,216,0.090109155,0.0008343441,2
PRKCA,260,0.08963119,0.00034473537,1
ERBB2,97,0.08849637,0.0009123337,1
POLR2H,80,0.08824948,0.0011031185,1
PPP2R5E,55,0.08762464,0.0015931752,1
PLCB1,178,0.08757388,0.0004919881,1
CSNK2A2,165,0.087113,0.0015838728,3
PLA2G4A,316,0.086862944,0.0010995308,4
VEGFA,300,0.08604691,0.0008604692,3
FGF20,1274,0.08556618,0.00094028766,14
IQGAP1,58,0.085516535,0.001474423,1
CYP3A4,100,0.08474017,0.0008474017,1
KAT5,56,0.08337435,0.0014888278,1
H3-3A,67,0.082531855,0.0012318187,1
YWHAB,190,0.08252497,0.0008686839,2
DVL3,55,0.08247003,0.0014994551,1
CSK,57,0.082306504,0.0014439737,1
IFNA2,52,0.08068846,0.0015517012,1
SLC8A1,1404,0.080455,0.0010314743,18
FGA,164,0.08038211,0.0009802696,2
AGTR1,240,0.08027028,0.00066891906,2
PTGS2,230,0.07949199,0.00069123466,2
YWHAQ,396,0.07914408,0.0011991528,6
LTA4H,124,0.07823947,0.001261927,2
MAP3K7,3680,0.07799273,0.00048745456,23
CXCL8,184,0.07798561,0.00084766967,2
CDKN2A,81,0.077928685,0.00096208253,1
ADCY2,119,0.0776255,0.0006523151,1
COPA,33,0.077320166,0.0023430353,1
PC,50,0.07697134,0.0015394267,1
GNG4,90,0.07689587,0.00085439853,1
SLC22A2,250,0.07676704,0.0015353408,5
E2F3,583,0.076606005,0.0014453962,11
IL2,1368,0.07634272,0.0010045094,18
IFNA5,51,0.07631783,0.001496428,1
SHC2,54,0.076156616,0.0014103077,1
PLG,55,0.07588119,0.001379658,1
ACADM,57,0.07511006,0.0013177204,1
RRM2,57,0.074825026,0.0013127198,1
RXRA,88,0.07454581,0.00084711146,1
GNAO1,46,0.074196085,0.0016129584,1
NTRK1,92,0.07375198,0.001603304,2
IFNAR1,147,0.073521174,0.0015004323,3
RYR2,154,0.07309576,0.0009492956,2
TCF7L2,330,0.07308421,0.001328804,6
SSTR1,13,0.073037624,0.005618279,1
TYK2,320,0.07223304,0.00090291305,4
TNNT1,156,0.071969636,0.0013840314,3
CDK9,46,0.07188388,0.001562693,1
SERPINE1,42,0.07101146,0.0016907491,1
LEF1,69,0.07082455,0.0010264427,1
H3C11,71,0.070379145,0.0009912556,1
KITLG,172,0.07003878,0.0016288089,4
ACADSB,120,0.07002271,0.0017505678,3
DYNC1H1,58,0.06942462,0.0011969763,1
CYP4F2,64,0.06927012,0.0010823456,1
PSMD7,39,0.06919579,0.0017742511,1
HMOX1,43,0.06907708,0.0016064438,1
DUSP6,230,0.06897808,0.0014995235,5
TSC1,53,0.06865109,0.0012953036,1
IL12B,464,0.06861136,0.0011829545,8
STAT5A,264,0.06839509,0.00051814463,2
GRM1,39,0.06762553,0.0017339879,1
KCNH2,171,0.06762007,0.001186317,3
BTRC,96,0.06750265,0.00070315256,1
GRIN2B,378,0.06748637,0.0010712122,6
ACE,47,0.067296535,0.0014318412,1
MRE11,51,0.06723827,0.0013183975,1
RPS6KA2,148,0.066882454,0.0009038169,2
HSD3B1,37,0.06603529,0.0017847377,1
FGF6,316,0.06584209,0.0008334441,4
GNAI3,84,0.065677874,0.00078187947,1
STAT5B,378,0.06536111,0.000518739,3
NR3C2,220,0.065224685,0.0014823792,5
AKT3,424,0.0647117,0.00030524386,2
CDC16,88,0.06465975,0.0014695398,2
DYNC1I2,216,0.064441085,0.0011933533,4
GAD1,41,0.0643614,0.0015697903,1
GOT2,240,0.06427355,0.0013390322,5
PRKCQ,1275,0.06425046,0.00075588777,15
UBE2S,84,0.06413999,0.0015271427,2
SEH1L,1400,0.064138986,0.0009162712,20
WNT11,176,0.06411137,0.0014570765,4
PARP1,52,0.06403453,0.0012314332,1
LMNA,38,0.06390976,0.0016818359,1
CACNA1A,86,0.06382365,0.00074213545,1
CYP1A1,45,0.06321295,0.0014047323,1
BDNF,102,0.063199796,0.0012392118,2
SCN5A,122,0.06297352,0.0010323528,2
ACTB,174,0.062909886,0.00072310213,2
PPP2R1A,292,0.062766254,0.00042990583,2
TLR2,106,0.06272906,0.0011835672,2
HCN4,55,0.062254965,0.0011319085,1
IL6ST,42,0.062036805,0.0014770668,1
PLCG2,210,0.0619995,0.00059047143,2
KCNK1,224,0.061649077,0.0011008764,4
CHEK2,42,0.061463375,0.0014634137,1
PML,46,0.060996193,0.0013260042,1
GNG12,214,0.060975213,0.0005698618,2
SMAD2,320,0.060938604,0.0007617326,4
MEF2A,162,0.06086262,0.0011270856,3
BAK1,810,0.060840413,0.0011266744,15
MSMO1,72,0.060361817,0.0016767172,2
HTR1A,938,0.060144607,0.0008976807,14
PCSK2,275,0.0600184,0.0010912436,5
FOXO3,192,0.059702538,0.0006219015,2
DLD,2231,0.059414722,0.00061252294,23
PLD1,56,0.059410013,0.0010608931,1
SLC7A6,37,0.05907754,0.0015966903,1
RFC5,124,0.05845087,0.00094275596,2
ACADS,98,0.058324896,0.001190304,2
SYNJ1,26,0.057979643,0.0022299862,1
HRH2,72,0.057866614,0.001607406,2
UBE2I,204,0.057529587,0.0008460234,3
CYP2C9,61,0.057047397,0.0009352032,1
VEGFC,238,0.056916676,0.0016740198,7
CD3D,45,0.056880206,0.0012640046,1
BCAR1,520,0.056673408,0.0008718986,8
GUCY1B1,76,0.05641422,0.0014845848,2
VAV2,92,0.05621474,0.00061102974,1
POLR2D,60,0.05593262,0.0009322103,1
MYC,177,0.055553734,0.0003138629,1
AOX1,96,0.055292383,0.0011519246,2
THBS1,200,0.05508613,0.0011017226,4
CAMK2D,540,0.054960586,0.0005088943,5
BLM,74,0.054858558,0.0014826637,2
MAX,28,0.054767888,0.001955996,1
CCL4,190,0.05467642,0.0014388531,5
TUBB1,35,0.054483507,0.0015566716,1
GTF2F1,53,0.054438267,0.0010271372,1
CREBBP,340,0.05432014,0.00031953026,2
PSMA1,33,0.054236945,0.0016435438,1
YES1,64,0.05423625,0.00084744144,1
FGFR3,158,0.054138042,0.0006852917,2
PTGS1,73,0.053856585,0.00073776144,1
SLC2A1,50,0.05371403,0.0010742806,1
GAB2,79,0.053647377,0.0006790807,1
SDHB,42,0.05363962,0.0012771338,1
DCTN2,33,0.05353101,0.0016221518,1
FURIN,165,0.05346312,0.00097205676,3
SYK,672,0.05344527,0.0005567215,7
CYP4F8,61,0.053348083,0.00087455875,1
KAT2A,45,0.05333044,0.0011851209,1
TRAF3,66,0.053318672,0.00080785865,1
SIRT1,46,0.05331692,0.0011590635,1
PPARGC1A,318,0.053293686,0.0010055412,6
FASLG,4416,0.053211506,0.0005783859,48
ERBIN,58,0.05311469,0.001831541,2
WIPF1,24,0.053016458,0.0022090191,1
CASP10,35,0.052833483,0.001509528,1
APC,64,0.052797187,0.00082495605,1
HMGCR,48,0.05271008,0.0010981266,1
HSPB1,33,0.052449934,0.001589392,1
ACAT2,50,0.052301466,0.0010460294,1
RPS29,240,0.05223073,0.0017410243,8
JUN,285,0.052149672,0.00018298131,1
HLA-DRA,1044,0.052096594,0.00089821714,18
POLR2E,711,0.05189763,0.000656932,9
FZD1,168,0.051700663,0.00092322606,3
GSS,30,0.05140517,0.0017135056,1
FNTB,10,0.051336475,0.0051336475,1
PDHB,462,0.051256895,0.0012204022,11
TAB2,612,0.05096918,0.0004996978,6
HLA-F,352,0.050819185,0.0015880995,11
F2,89,0.050748065,0.000570203,1
SHH,88,0.05065533,0.0011512574,2
MAT2B,99,0.050651256,0.0015348865,3
ITGAM,210,0.05062456,0.001446416,6
FSHB,62,0.050570194,0.0016312965,2
SMO,66,0.05054829,0.0015317664,2
ESR1,158,0.050454788,0.0006386682,2
HCK,49,0.050442263,0.0010294339,1
DDB2,51,0.050207905,0.0009844687,1
NCOR2,65,0.05000012,0.00076923263,1
OPRM1,462,0.049992923,0.0006492587,6
UGT2B7,35,0.049863074,0.0014246593,1
CYP2B6,92,0.049761772,0.0005408888,1
COPB1,33,0.049761157,0.0015079138,1
ITGA6,225,0.049715213,0.0011047826,5
CYP11A1,37,0.049401935,0.0013351875,1
POM121C,112,0.049312904,0.0008805876,2
AQP3,70,0.04916004,0.0014045726,2
LAMTOR2,27,0.049149804,0.0018203631,1
KCNA5,572,0.049038492,0.0009430479,11
RUNX2,111,0.048998658,0.0013242881,3
CCKBR,96,0.04896688,0.001530215,3
VAV1,321,0.04876962,0.0004557908,3
MCEE,35,0.048535228,0.0013867208,1
MMP2,47,0.04842106,0.0010302353,1
UGT1A1,44,0.047927186,0.0010892543,1
HLA-G,231,0.047774352,0.0014477076,7
PSMB1,288,0.04775048,0.0013264023,8
CXCR2,33,0.047727197,0.0014462788,1
MEF2C,81,0.047705263,0.00058895384,1
VKORC1,30,0.047576655,0.0015858884,1
NOD2,200,0.04749374,0.0011873435,5
RIPK1,93,0.04740979,0.0005097827,1
RBL1,35,0.04735237,0.0013529249,1
DYNC1I1,123,0.047231603,0.0011519903,3
TPTEP2-CSNK1E,41,0.047220662,0.0011517234,1
B4GALT1,76,0.047216844,0.0012425486,2
PLA2G4E,34,0.047041543,0.0013835748,1
PPP1R12A,27,0.046995077,0.0017405584,1
DLL1,196,0.046962023,0.0009584087,4
TUBB2B,28,0.046936147,0.001676291,1
SLC38A4,43,0.046790414,0.0010881491,1
MAPRE1,33,0.04678089,0.0014176028,1
CFLAR,34,0.046688225,0.0013731831,1
BRK1,29,0.04666678,0.0016091992,1
PLA2G4F,35,0.04652831,0.0013293803,1
TAT,58,0.046436086,0.0016012443,2
RAC2,2044,0.0463868,0.00063543563,28
IL10RB,44,0.046309635,0.0021049832,2
FGF9,294,0.04623804,0.00047181675,3
RPLP2,27,0.046132565,0.0017086135,1
TFRC,120,0.04584852,0.0011462129,3
BUB3,264,0.04582327,0.0013885839,8
XPO1,1798,0.045816142,0.00073897006,29
KCNJ3,432,0.04577812,0.0006358072,6
TRIO,136,0.045776624,0.0013463714,4
PSMD12,40,0.045600805,0.0011400201,1
TSHB,31,0.045582816,0.0014704134,1
PSEN2,152,0.045562077,0.001199002,4
ST3GAL3,34,0.045451935,0.0013368216,1
TXNRD1,26,0.045308635,0.0017426398,1
DOCK1,392,0.045168154,0.00092179904,8
EDNRA,30,0.045044336,0.0015014779,1
ASS1,99,0.044744838,0.0013559043,3
PTGDR,168,0.044733185,0.0021301517,8
PIK3C3,342,0.044704553,0.00078429043,6
CAMK2A,240,0.04464629,0.00037205243,2
YAP1,33,0.04447144,0.0013476193,1
CDC42,161,0.04443043,0.0002759654,1
GLUD1,53,0.044354513,0.0008368776,1
KLC1,22,0.04422797,0.0020103622,1
GADD45A,1536,0.04412869,0.0006895108,24
ARF6,27,0.044105984,0.0016335549,1
CSNK1A1,90,0.043771498,0.00097269996,2
EDN1,250,0.043726023,0.00087452045,5
PDK1,27,0.04362566,0.0016157652,1
PSMD1,38,0.04355537,0.001146194,1
ATF6B,30,0.043518737,0.0014506245,1
HMGB1,30,0.043463953,0.0014487985,1
CD14,106,0.043419812,0.00081924174,2
HLA-DQB1,1118,0.043340705,0.0010079234,26
PMAIP1,224,0.043287504,0.0013527345,7
IL10,870,0.043141887,0.0007438256,15
PTGIR,28,0.042822346,0.0015293695,1
CLCNKA,31,0.0426251,0.0013750033,1
PELI2,144,0.04260834,0.0017753476,6
NCOA1,112,0.04258751,0.0007604913,2
TGFA,312,0.04256414,0.0005456941,4
MED1,56,0.04255064,0.0015196656,2
ALOX5,170,0.042325918,0.000497952,2
FDFT1,82,0.042319547,0.0010321841,2
NOTCH4,558,0.042267386,0.001363464,18
NUP93,79,0.042095393,0.00053285307,1
KCNJ5,71,0.04206756,0.00059250084,1
BCL10,105,0.041996043,0.001199887,3
F13A1,175,0.04199275,0.0011997928,5
HSPA1B,34,0.041902352,0.0012324221,1
PTH,46,0.04187532,0.0018206662,2
LYN,2147,0.041817848,0.00037006944,19
F13B,32,0.041789483,0.0013059214,1
STX4,21,0.04164741,0.00198321,1
FGF4,300,0.041643735,0.0004164373,3
MYH11,23,0.041601762,0.0018087722,1
PRL,182,0.04143196,0.0015935369,7
CYP2S1,52,0.041373294,0.0015912806,2
TAOK1,23,0.041362327,0.001798362,1
WNT9A,33,0.04135331,0.0012531306,1
FOSL1,27,0.041349772,0.001531473,1
FUS,210,0.04126308,0.0009824543,5
MAP3K2,21,0.041203357,0.0019620645,1
NFATC1,67,0.041160554,0.00061433663,1
EPS15,23,0.041118987,0.0017877821,1
RPL10L,50,0.04099369,0.0016397478,2
C3AR1,26,0.040880874,0.0015723413,1
DEPDC1B,42,0.040849514,0.001945215,2
AKR1B1,86,0.040813215,0.0009491446,2
SULT1A1,25,0.04073583,0.0016294331,1
KIF18A,26,0.04073468,0.0015667184,1
CLASP1,37,0.040684253,0.0010995744,1
TFAP2A,200,0.040445294,0.0016178117,8
SDC3,25,0.04037275,0.0016149101,1
CD3E,86,0.040354975,0.00093848776,2
CEBPA,87,0.040351044,0.0013914151,3
NOS2,1856,0.040316507,0.00069511216,32
IL6,284,0.040257756,0.00028350533,2
MAD2L1,102,0.04018544,0.0011819247,3
CALCA,312,0.040174104,0.0016739209,13
GLI2,104,0.04002115,0.001539275,4
CSF1R,57,0.039963882,0.00070112076,1
COL4A3,36,0.039959136,0.001109976,1
CEP290,23,0.03990253,0.0017348926,1
PPP2R5C,62,0.039886765,0.00064333493,1
RAB7A,45,0.03987901,0.0008862002,1
IFNGR1,328,0.03976164,0.0009697961,8
APOB,424,0.039752558,0.00075004826,8
NME7,32,0.039717544,0.0012411732,1
ACSL6,87,0.039686788,0.00136851,3
IL2RA,1980,0.039602812,0.0007200511,36
IGF1R,74,0.03959037,0.000535005,1
UPB1,24,0.03943506,0.0016431274,1
GNA14,42,0.039419338,0.0009385557,1
UGT1A10,99,0.03923644,0.0011889831,3
IL15,96,0.039141323,0.0016308884,4
ADRB2,196,0.039098267,0.0007979238,4
IGF2,128,0.038947094,0.0012170967,4
KIF2A,81,0.038889397,0.0014403481,3
PTGIS,142,0.03888535,0.000547681,2
MOV10L1,4,0.038883522,0.009720881,1
TSC2,68,0.038859855,0.00057146844,1
PDE10A,120,0.038776904,0.0012925635,4
MAVS,90,0.038759712,0.0012919904,3
HTR7,26,0.038719323,0.0014892047,1
HLA-DQA2,1118,0.03870636,0.0009001479,26
TP73,32,0.03868957,0.001209049,1
ALDH4A1,31,0.038680162,0.0012477472,1
WNT4,330,0.038632948,0.0007024173,6
MCM6,24,0.03859271,0.0016080296,1
CSF2,385,0.038532894,0.0007005981,7
VWF,123,0.038523223,0.00093959086,3
PDGFB,1900,0.038350448,0.0005046112,25
GCK,98,0.038297795,0.0007815876,2
CACNA1H,126,0.038289573,0.000607771,2
DIAPH1,34,0.038186606,0.0011231354,1
NDUFA4,168,0.03815707,0.0013627525,6
CXCR4,162,0.037834574,0.00070064026,3
CXCR1,128,0.03779078,0.0011809618,4
ZAP70,96,0.03749884,0.0007812258,2
SKA2,18,0.037476365,0.0020820203,1
MAML2,74,0.03743516,0.001011761,2
SYT1,192,0.03740957,0.001558732,8
KTN1,19,0.03729154,0.0019627127,1
LDLR,41,0.037183877,0.00090692384,1
RPL23,27,0.037130784,0.0013752142,1
CTDP1,75,0.037030984,0.0014812393,3
PNMT,22,0.036947686,0.0016794403,1
MGST1,84,0.036853306,0.0013161894,3
TNFRSF1A,380,0.036853075,0.00048490887,5
RRAS2,21,0.03665782,0.0017456105,1
TLN1,51,0.036596797,0.0007175843,1
MEN1,21,0.036596306,0.0017426813,1
RPL31,26,0.036575772,0.0014067604,1
GUCY1A2,152,0.036506344,0.0009606932,4
NELFE,52,0.036430113,0.0014011583,2
ST3GAL1,372,0.036421157,0.0011748761,12
NRG3,1012,0.03640754,0.00082744414,23
SLC3A1,70,0.03639534,0.0010398668,2
ALDH9A1,37,0.036328148,0.0009818418,1
IL4,354,0.03612287,0.000612252,6
PRKCB,418,0.036115658,0.00017280219,2
CDH2,425,0.036079835,0.0014431933,17
F5,92,0.036058795,0.0007838868,2
ADCY10,37,0.036041092,0.00097408355,1
KCNJ4,132,0.0360319,0.0005459379,2
CXCL1,58,0.035981573,0.0012407438,2
SLC12A3,33,0.035893504,0.001087682,1
SLC1A5,396,0.03584002,0.0010860612,12
BMP2,78,0.035704065,0.00091548887,2
ADRA1B,87,0.035676528,0.0012302251,3
KLC3,20,0.0356191,0.0017809549,1
RBPJ,1485,0.035556734,0.00079014956,33
CYP2C18,21,0.03550624,0.0016907734,1
MAPKAPK2,1701,0.035369955,0.0004366661,21
SH3GL3,22,0.035332415,0.0016060189,1
KLB,34,0.03529122,0.001037977,1
EIF2S2,28,0.03528892,0.0012603186,1
KCND3,56,0.035219803,0.00062892505,1
STK11,210,0.035174053,0.001004973,6
LAMC1,40,0.035166606,0.00087916513,1
TOP2A,18,0.035140507,0.0019522504,1
CENPO,21,0.035127405,0.0016727336,1
GRB7,104,0.035041258,0.0013477406,4
RMI2,391,0.035031773,0.0015231207,17
KCNQ1,65,0.035011213,0.0005386341,1
TRAF1,60,0.034992304,0.00116641,2
RXRG,93,0.034987308,0.0011286228,3
LMAN1,69,0.034965757,0.0015202503,3
CDH1,420,0.034938738,0.0004991248,6
CPS1,324,0.034927182,0.0009701996,9
GRK6,20,0.03487753,0.0017438766,1
STEAP3,24,0.034863543,0.0014526476,1
CKB,24,0.03481898,0.0014507909,1
INCENP,44,0.034810342,0.0015822882,2
PIP4K2C,56,0.034743764,0.0012408487,2
GBA,18,0.03471535,0.0019286306,1
CD40,1050,0.034588598,0.0009882457,30
HSD3B2,35,0.0345752,0.0009878629,1
IL1R1,736,0.03438379,0.0007474736,16
LCP2,30,0.034317784,0.0011439262,1
OGDH,32,0.034316346,0.0010723858,1
GMPR,23,0.0342269,0.0014881261,1
ACLY,21,0.034221854,0.0016296121,1
GTF2H4,50,0.034213495,0.0006842699,1
LPIN2,18,0.03420797,0.0019004428,1
C3,165,0.034181386,0.00062147976,3
CHRM2,600,0.034168836,0.0004555845,8
HSPA1L,22,0.034098163,0.0015499165,1
HLA-DRB1,378,0.03408698,0.0006312404,7
EHMT2,24,0.03400805,0.0014170021,1
TNRC6A,32,0.033920407,0.0010600127,1
PIP5K1B,180,0.03381764,0.00093937886,5
PPBP,20,0.033768915,0.0016884457,1
NDUFV3,21,0.033711858,0.0016053265,1
RIPK2,300,0.03368642,0.0005614405,5
INSR,70,0.03368275,0.00048118213,1
ANPEP,20,0.03359037,0.0016795185,1
SOCS1,2576,0.03356013,0.00059928803,46
PDIA6,20,0.03353325,0.0016766625,1
IVD,26,0.03353303,0.0012897319,1
MALT1,99,0.033502363,0.0010152231,3
SOCS2,22,0.033457387,0.0015207903,1
LAMB2,32,0.03337646,0.0010430143,1
DAAM1,114,0.033268258,0.001750961,6
THEM4,20,0.033253234,0.0016626617,1
IL11,50,0.033212826,0.001328513,2
KIAA1549,37,0.03314549,0.0008958241,1
BCKDHB,96,0.0331128,0.001034775,3
SHC3,54,0.033089966,0.00061277713,1
CSF1,124,0.03308447,0.001067241,4
RPL27,27,0.033049807,0.001224067,1
LBP,21,0.03293498,0.0015683323,1
TNFSF11,175,0.032831587,0.0013132634,7
NDUFB6,19,0.032755397,0.0017239683,1
HLA-E,2016,0.032742582,0.0009095162,56
IL1RAP,60,0.03272541,0.001090847,2
CALCB,126,0.032703046,0.0015572881,6
PLA2G6,28,0.032684617,0.0011673077,1
RPLP1,26,0.032652386,0.001255861,1
GRIN1,111,0.032647327,0.00029412005,1
HLA-B,1406,0.032495767,0.00087826396,38
NDC80,20,0.032492682,0.0016246341,1
TCF7L1,112,0.032437883,0.00057924795,2
DHFR,68,0.03234514,0.0009513277,2
LEP,29,0.03229575,0.0011136465,1
GCDH,29,0.0322908,0.0011134759,1
MMP13,42,0.032256193,0.0015360094,2
MMP7,19,0.0322527,0.0016975105,1
AOC1,180,0.032151442,0.0010717147,6
PYGL,22,0.032133143,0.0014605974,1
HLA-A,1166,0.03205003,0.00060471747,22
BDKRB2,116,0.0318989,0.001099962,4
ALDH5A1,36,0.03188955,0.0017716417,2
RPL5,84,0.031889465,0.0011389095,3
GRIN3A,408,0.031860128,0.0004685313,6
CBS,90,0.031801496,0.0007066999,2
PBX1,252,0.031766508,0.0022690361,18
HLA-C,828,0.031648256,0.0008791183,23
TEAD1,76,0.03163545,0.0016650237,4
CBX4,26,0.03160502,0.0012155777,1
NOS3,78,0.031573705,0.0004047911,1
IL2RB,396,0.031375796,0.0007130863,9
SCN10A,122,0.031309064,0.00051326334,2
FGF10,73,0.031202177,0.0004274271,1
MCM3,75,0.031101411,0.0012440564,3
STAT1,850,0.030988151,0.00018228326,5
TRAF2,93,0.030980937,0.00033312835,1
SH3GL2,136,0.030895706,0.00090869726,4
PROC,44,0.03082015,0.0014009159,2
PTPRJ,36,0.03074352,0.0017079734,2
HSPA7,15,0.03073058,0.0020487055,1
TAB1,106,0.030658878,0.0002892347,1
SDHC,1189,0.03062238,0.0007468873,29
ADCY9,214,0.030590996,0.00028589717,2
KCNE2,162,0.03051219,0.00056504057,3
UBE2D1,264,0.03045747,0.0004614768,4
HLA-DPA1,1161,0.030385176,0.00070663204,27
SNTB1,357,0.030367719,0.00059544545,7
SPG7,3,0.030352397,0.010117466,1
DBH,22,0.030220335,0.0013736516,1
MAP4K4,300,0.030080834,0.0015040417,15
POLR2A,136,0.03006512,0.0004421341,2
PRKAG2,65,0.02991251,0.00046019247,1
AMPD1,23,0.02984714,0.0012977017,1
GNAT3,23,0.029817706,0.001296422,1
PDGFC,100,0.029767474,0.0014883738,5
CDC37,152,0.029694129,0.00078142446,4
CDKN1C,18,0.029633509,0.001646306,1
UBE2J2,32,0.029617159,0.0018510724,2
NDUFA12,72,0.029616913,0.0016453841,4
PAK5,34,0.029610261,0.00087089004,1
AGPAT1,19,0.02958077,0.0015568826,1
COX7C,135,0.029485937,0.0010920719,5
SLC32A1,38,0.029435873,0.0015492565,2
TP53,225,0.029409988,0.00013071105,1
CEP250,17,0.029409606,0.0017299769,1
FGF2,250,0.0293823,0.0002350584,2
KIT,427,0.029381678,0.00048166682,7
NPY,175,0.029374508,0.0011749802,7
MCCC2,27,0.0292828,0.0010845482,1
NOTCH1,284,0.02927282,0.00041229324,4
FANCD2,19,0.029241607,0.001539032,1
ANAPC1,88,0.029184764,0.00066329003,2
VAMP3,104,0.029131567,0.0011204449,4
SCARB1,24,0.029130243,0.0012137601,1
CEP192,18,0.02911526,0.0016175144,1
FGFR2,946,0.029069157,0.00033801346,11
ARPC2,160,0.029060673,0.0007265168,4
INPP5D,648,0.029058091,0.00053811277,12
CAMK2G,216,0.029042713,0.000268914,2
CHMP4B,18,0.029025642,0.0016125357,1
CD3G,58,0.028974403,0.0004995587,1
HLA-DQA1,308,0.02896518,0.0006582996,7
TEK,69,0.028939417,0.0012582355,3
MYLK,80,0.028877322,0.00036096651,1
RAMP1,32,0.02885115,0.0018031969,2
LPIN3,18,0.028829949,0.0016016639,1
CSF3R,40,0.028766217,0.0014383108,2
DDX58,38,0.02869875,0.00075523026,1
TPM1,59,0.028656343,0.00048570073,1
SAA1,19,0.028642671,0.001507509,1
SELE,17,0.028642103,0.0016848296,1
SULT2A1,38,0.028615318,0.0015060694,2
RUNX1,494,0.02856502,0.000751711,13
TNFSF10,108,0.028558932,0.00079330365,3
TNKS,180,0.028549513,0.0014274757,9
GSTA5,18,0.028527908,0.0015848838,1
ECHS1,88,0.028526647,0.00032416644,1
GNG7,182,0.02851842,0.00031338923,2
TUBAL3,27,0.028414575,0.0010523917,1
IL18,98,0.02839616,0.00057951343,2
ATP5MC3,152,0.028323635,0.0014907178,8
SLC1A1,1066,0.028209958,0.0006880478,26
GHRH,21,0.02816329,0.001341109,1
CCL2,1377,0.028131641,0.0005516008,27
JAK1,468,0.028126007,0.00018029491,3
MGST3,23,0.02810515,0.0012219631,1
DMGDH,17,0.028102323,0.0016530779,1
HES5,125,0.02809314,0.0011237257,5
CREB3L2,129,0.028083047,0.0006530941,3
FTH1,40,0.02807245,0.0014036224,2
ACTN1,840,0.028018031,0.000667096,20
CAPZB,24,0.028017584,0.0011673993,1
MC3R,34,0.027941324,0.0016436072,2
SLC9A1,56,0.027858783,0.0009949565,2
TCF7,156,0.027787054,0.0005343664,3
H2AC1,19,0.02777356,0.0014617663,1
RASGRF1,248,0.027766636,0.0008956979,8
BLNK,38,0.027735969,0.0014597878,2
GABRA5,45,0.027677974,0.0018451982,3
LDHC,17,0.027641172,0.0016259513,1
BCL2,630,0.027633775,0.00021931568,5
EFNA1,108,0.027552864,0.0015307147,6
NRIP1,552,0.027529685,0.0011470702,23
SCTR,17,0.027515436,0.001618555,1
EGR2,110,0.027401676,0.0012455307,5
TBP,102,0.02739982,0.00053725136,2
CHPT1,16,0.027386127,0.0017116329,1
GPX4,275,0.027324384,0.0010929754,11
MYH9,34,0.027256371,0.00080165797,1
HSPA6,168,0.027185505,0.0011327293,7
CYP4F12,44,0.027142156,0.0012337344,2
AP1B1,20,0.027044153,0.0013522076,1
POLR2B,61,0.027019871,0.00044294872,1
LY96,120,0.02692802,0.00067320047,3
YWHAZ,415,0.02686272,0.00032364723,5
NEDD1,224,0.026862334,0.0016788959,14
ALK,64,0.026859147,0.00083934836,2
RPS14,165,0.026785845,0.0008116923,5
SOD2,64,0.026666192,0.0008333185,2
ATRIP,27,0.026639372,0.0009866434,1
MCCC1,140,0.026632607,0.0009511645,5
TH,116,0.026624402,0.0009180828,4
DRD2,162,0.026620815,0.0009859562,6
CD86,104,0.026602622,0.0005115889,2
COL4A1,84,0.026596414,0.00063324795,2
KL,160,0.026594713,0.0006648678,4
DNMT3B,38,0.026557824,0.0013977801,2
GAL,15,0.026557628,0.0017705086,1
ACKR3,120,0.026532747,0.0017688498,8
SMAD6,50,0.026460677,0.001058427,2
KRAS,891,0.026434964,8.9006615e-05,3
WASL,120,0.026336499,0.00043894164,2
ASNS,18,0.026320975,0.0014622764,1
PANK1,19,0.026213046,0.001379634,1
RLN2,112,0.026167748,0.0016354843,7
XRCC5,25,0.026138557,0.0010455423,1
UGT2B15,50,0.02612866,0.0010451465,2
POU2F1,20,0.026101252,0.0013050626,1
MAD1L1,104,0.026048567,0.0010018679,4
EPN1,28,0.026028605,0.0018591861,2
ALDH1A2,90,0.025994888,0.0014441605,5
APP,264,0.025983512,0.0005905344,6
TALDO1,17,0.025972081,0.0015277695,1
SOD3,17,0.025916386,0.0015244933,1
PTK2,298,0.025900615,0.00017382964,2
TFAP2C,153,0.02589178,0.0015230459,9
GABRG2,136,0.025846522,0.0015203836,8
PTK2B,64,0.025720473,0.0004018824,1
NCSTN,44,0.025690632,0.000583878,1
XDH,294,0.025661072,0.00061097794,7
ATP2B1,28,0.025642458,0.0009158021,1
NDUFB1,19,0.02563285,0.0013490975,1
SLC14A2,320,0.02561821,0.0008005691,10
CASP1,54,0.025611795,0.00047429252,1
EIF4G2,12,0.025584767,0.002132064,1
TMPRSS2,15,0.02554375,0.0017029166,1
KCNE1,55,0.025500603,0.00046364733,1
TNFAIP3,476,0.025460497,0.0007488381,14
PPP1R1B,30,0.025414288,0.0016942859,2
ACTR2,792,0.025361018,0.00057638675,18
APOE,123,0.025350133,0.000618296,3
CALML5,50,0.025342532,0.00050685066,1
ITGAX,85,0.02520352,0.0014825598,5
TIRAP,56,0.02519038,0.00089965644,2
COX6B1,27,0.025185926,0.00093281205,1
DCN,51,0.025181824,0.0014812838,3
ARHGEF2,44,0.025165249,0.001143875,2
CKAP4,30,0.025143273,0.0016762184,2
ERCC2,52,0.025077626,0.00048226205,1
PGM2,75,0.025052728,0.0010021091,3
ACOX3,29,0.025027007,0.0008630002,1
IL7R,754,0.024985654,0.0008615743,26
CCR6,171,0.024979977,0.0013147356,9
PHC1,25,0.024967195,0.0009986878,1
NBEA,66,0.024955487,0.0011343403,3
VANGL1,24,0.024907567,0.0010378152,1
TNPO1,14,0.024899278,0.0017785198,1
GRIA1,180,0.024881052,0.00055291224,4
ABCB11,34,0.02487265,0.001463097,2
C1S,17,0.024815114,0.0014597126,1
EIF3F,30,0.02477742,0.001651828,2
CEP78,17,0.024718048,0.0014540028,1
GRM3,162,0.024699897,0.0013722165,9
MMP9,897,0.024679605,0.00035767542,13
GRM5,90,0.024671307,0.0008223769,3
HSPG2,56,0.024666462,0.0008809451,2
SIAH1,17,0.024665887,0.0014509344,1
PIK3AP1,18,0.024642024,0.0013690013,1
CRADD,17,0.024632905,0.0014489944,1
PSMD5,25,0.024494657,0.0009797863,1
GSTT2,18,0.02449306,0.0013607255,1
GPX7,15,0.024490833,0.0016327222,1
SEC23A,64,0.024459904,0.001528744,4
KIF3B,13,0.024432035,0.0018793873,1
GPX6,102,0.02442076,0.0014365154,6
CR1,60,0.024405016,0.0012202507,3
AGL,17,0.024388842,0.0014346378,1
SPP1,188,0.024364397,0.0005183914,4
ALDH7A1,150,0.024308203,0.00048616403,3
CAB39,13,0.024304762,0.0018695971,1
C1QA,20,0.024294574,0.0012147287,1
KDR,354,0.024277702,0.0004114865,6
ACER1,15,0.024268202,0.0016178802,1
MYOD1,16,0.02423943,0.0015149644,1
DRD4,210,0.024228899,0.0011537571,10
BSG,18,0.024162056,0.0013423364,1
PFKFB2,14,0.024132125,0.0017237233,1
SPTBN5,18,0.024101863,0.0013389924,1
LAMC2,62,0.024097051,0.00077732425,2
SMARCC1,17,0.02409492,0.0014173483,1
TRPC6,92,0.024062146,0.0010461803,4
IL33,75,0.02405967,0.001603978,5
FLT3,176,0.02405754,0.00054676225,4
ABCC1,37,0.024039567,0.000649718,1
CCR7,256,0.023966365,0.0014978978,16
H4C8,470,0.0239523,0.0002548117,5
PRKN,54,0.023940843,0.0008866979,2
SLC29A1,14,0.023919597,0.0017085427,1
FST,20,0.02390594,0.002390594,2
FLT1,152,0.023893632,0.00062877976,4
PSMD3,39,0.023867985,0.0006119996,1
B4GALT5,165,0.023851389,0.0015900926,11
GRB10,1036,0.023829496,0.00085105345,37
BDKRB1,21,0.023783302,0.0011325382,1
PTBP1,12,0.023765132,0.0019804277,1
MAP3K4,34,0.023764629,0.0013979193,2
GHRHR,34,0.023763806,0.0013978708,2
PREX1,100,0.023710748,0.0009484299,4
PFKL,37,0.023646716,0.00063910044,1
GATA4,264,0.023606757,0.0010730344,12
RAD50,47,0.0235921,0.0005019596,1
CYP2R1,140,0.023589205,0.0016849432,10
ENTPD1,17,0.023586728,0.0013874546,1
CBL,208,0.023569832,0.00022663301,2
CACNG3,85,0.02356517,0.0013861863,5
ARHGEF12,68,0.023548007,0.0006925884,2
AAMP,12,0.023547161,0.0019622634,1
FRAT2,17,0.023518797,0.0013834586,1
THBS3,13,0.023507003,0.001808231,1
MAPK11,176,0.023405625,0.0001329865,1
VPS37C,13,0.023346445,0.0017958804,1
EREG,57,0.023337929,0.00040943734,1
TLR3,56,0.023283256,0.00083154486,2
MAP2K6,144,0.023267923,0.0001615828,1
QDPR,28,0.02325945,0.0016613894,2
WT1,16,0.02320511,0.0014503194,1
ALDH1A1,35,0.023201361,0.000662896,1
LRRC7,54,0.023164697,0.0012869276,3
SMARCB1,18,0.023089912,0.0012827729,1
EDN3,90,0.023076411,0.0012820229,5
UGT2A1,15,0.02306953,0.0015379688,1
ELL,24,0.023056518,0.0009606883,1
GTF2H3,50,0.02300425,0.00046008502,1
APIP,28,0.02300018,0.00164287,2
GPR37,13,0.022985818,0.0017681399,1
XRCC3,14,0.022969566,0.0016406833,1
AHR,160,0.022952083,0.0014345052,10
MYL12A,16,0.022930084,0.0014331302,1
POLR3F,14,0.022927763,0.0016376973,1
NR3C1,275,0.022907356,0.00041649738,5
SERPING1,16,0.02289481,0.0014309257,1
G6PC2,38,0.022892267,0.0012048562,2
MTHFR,58,0.022867171,0.0007885231,2
PFKP,23,0.022850942,0.0009935192,1
BCAT2,65,0.02284146,0.0017570353,5
CENPF,168,0.0228179,0.0009507459,7
GPR83,30,0.02280615,0.0015204102,2
PLA2G4D,36,0.022782411,0.00063284475,1
ARNT,30,0.022766082,0.0007588694,1
LPL,180,0.022642659,0.00062896276,5
RFC3,488,0.022637438,0.0003711055,8
CTSC,32,0.022631878,0.0014144924,2
SLC38A9,40,0.022605188,0.0011302594,2
CDA,72,0.022592008,0.00094133365,3
GABARAPL1,28,0.022561416,0.0016115297,2
ASCL1,11,0.02255961,0.0020508736,1
PTGFR,17,0.022553489,0.0013266758,1
NOG,56,0.022545494,0.0016103925,4
RPS6KA4,56,0.022544889,0.0016103492,4
IDH3A,25,0.022510499,0.00090041995,1
ABCA1,66,0.022506393,0.0010230179,3
DROSHA,10,0.022490716,0.0022490716,1
GSTO1,20,0.022467319,0.001123366,1
THRA,76,0.022456264,0.0011819087,4
IL17A,152,0.022448331,0.0011814911,8
ARNTL,78,0.022396557,0.0017228121,6
NCOA3,54,0.022365559,0.00082835404,2
PLD2,49,0.022359509,0.0004563165,1
ELOC,49,0.022341236,0.0004559436,1
KCNJ2,1190,0.022291083,0.00031844404,17
KIF2B,156,0.022255227,0.00085597025,6
CHRNA7,64,0.022225436,0.0013890897,4
RAB4A,19,0.022120645,0.0011642445,1
NFATC2,126,0.022058109,0.0003501287,2
DICER1,70,0.022030126,0.0015735803,5
GCH1,60,0.021994779,0.0014663186,4
HAL,12,0.021987936,0.0018323279,1
IL18R1,114,0.021967819,0.001156201,6
GLDC,68,0.021951793,0.0012912819,4
INHBB,17,0.021937475,0.0012904396,1
SNAP25,25,0.021929806,0.00087719224,1
CCT8,14,0.021916429,0.0015654592,1
DCTD,28,0.021889608,0.0015635435,2
RRM1,41,0.021839261,0.0005326649,1
RASGRF2,30,0.021785699,0.00072619,1
ACTN4,27,0.021763515,0.0008060561,1
ABCG1,15,0.021756316,0.001450421,1
LPAR3,17,0.02174206,0.0012789448,1
BCR,26,0.021736272,0.00083601044,1
AP1G1,17,0.021731313,0.0012783125,1
NAMPT,144,0.021702426,0.0012056903,8
CES2,17,0.021698881,0.0012764047,1
TLR4,984,0.02169112,0.00026452582,12
HLA-DPB1,516,0.021690845,0.00050443824,12
TUBG1,72,0.021685362,0.0012047424,4
CTBP2,64,0.021636914,0.0013523072,4
NR1D1,12,0.021617442,0.0018014535,1
ABCB1,42,0.021594273,0.0005141494,1
GLYAT,24,0.021551918,0.0017959933,2
HIPK2,22,0.021517886,0.0009780857,1
KCND2,120,0.021496156,0.00035826926,2
DOCK2,50,0.021459354,0.0008583742,2
SSTR3,180,0.021433832,0.0014289222,12
LIPC,224,0.021352565,0.0013345353,14
CD247,57,0.021349547,0.00037455346,1
MAN2A2,14,0.021330278,0.0015235913,1
MYLIP,56,0.021328958,0.001523497,4
VCAN,40,0.021248665,0.0010624332,2
ITPK1,30,0.021222586,0.0014148391,2
PRKCI,86,0.021209102,0.00049323495,2
NT5C1B-RDH14,26,0.02120439,0.001631107,2
SMARCA2,162,0.021194268,0.0011774594,9
ARHGEF28,112,0.02114366,0.0013214787,7
RASAL2,13,0.021094827,0.001622679,1
MCM8,22,0.021068305,0.0009576502,1
MMP8,11,0.021044323,0.0019131203,1
RAMP2,15,0.021017015,0.0014011343,1
MFN1,15,0.021013469,0.0014008979,1
LYPLA1,11,0.020975923,0.0019069021,1
NEO1,10,0.0209403,0.00209403,1
PPID,10,0.020922426,0.0020922427,1
IL5RA,50,0.020898748,0.00083594996,2
CKAP5,32,0.020872561,0.00065226754,1
USP8,42,0.020811386,0.0009910184,2
SPTB,36,0.020798879,0.0011554933,2
TACR1,90,0.020736493,0.0011520274,5
GRIN3B,15,0.020723095,0.0013815396,1
BMP6,38,0.020692168,0.0010890615,2
HDAC3,68,0.020630706,0.00030339274,1
PRKAR1A,262,0.020622013,0.00015741994,2
CCL3L3,28,0.02061048,0.0014721771,2
SLC25A12,36,0.020569067,0.0011427259,2
SLC7A5,132,0.020557621,0.0004672187,3
COP1,14,0.020511614,0.0014651153,1
RXFP2,17,0.0205053,0.001206194,1
PKN1,26,0.020472884,0.0007874186,1
HK1,41,0.020388586,0.0004972826,1
FUT8,84,0.020385291,0.0016987743,7
ATG14,26,0.020358548,0.0015660422,2
ITGAL,306,0.020355187,0.000598682,9
CNTRL,44,0.020317852,0.0009235388,2
SLC34A1,11,0.020311566,0.001846506,1
NDRG1,104,0.020305963,0.0015619971,8
CYP26B1,120,0.020254886,0.0008439535,5
HSP90B1,28,0.020244539,0.00072301924,1
PI4K2B,26,0.020210428,0.0015546483,2
NELFCD,54,0.02018544,0.00074760895,2
GDF7,26,0.020181203,0.0015524002,2
UGT2B28,84,0.020167802,0.0009603715,4
CTR9,20,0.02015886,0.0020158861,2
PRKCG,122,0.020144274,0.000165117,1
APOC1,12,0.020120203,0.0016766837,1
UQCR10,36,0.020064076,0.0011146709,2
HTR4,22,0.02006054,0.0009118427,1
VPS37B,39,0.020042405,0.0015417235,3
IL3,141,0.020012414,0.00042579602,3
WNT2B,40,0.019958531,0.0004989633,1
SDC1,296,0.019953765,0.0005392909,8
SMAD3,105,0.019949045,0.00018999091,1
CDK5RAP2,16,0.01994017,0.0012462606,1
ANXA2,22,0.019916017,0.001810547,2
IL1RN,36,0.019874608,0.0016562175,3
NTRK2,390,0.019870257,0.0005094938,10
CR2,42,0.019835645,0.0014168317,3
ABAT,59,0.019823762,0.00033599595,1
CHRM3,774,0.019823484,0.0004610113,18
MAN1A2,15,0.019806357,0.0013204238,1
SLC6A11,36,0.019782798,0.0010990443,2
FGD2,24,0.019698922,0.0016415769,2
GNE,14,0.019698147,0.0014070105,1
TNKS2,34,0.019682888,0.001157817,2
CASP12,39,0.019653821,0.0015118323,3
ATG5,988,0.01965344,0.0007559015,38
NTRK3,72,0.019652788,0.0010918215,4
XBP1,30,0.019613553,0.0013075701,2
CD28,2703,0.019596292,0.00038424102,53
ACSS3,30,0.019577628,0.0013051752,2
IL22,24,0.019556385,0.0016296986,2
ADCYAP1R1,125,0.019550651,0.0007820261,5
NR2C1,13,0.019546524,0.0015035787,1
ACSBG1,18,0.019517647,0.0010843137,1
CCL11,448,0.019489715,0.00069606124,16
SBF2,10,0.019486306,0.0019486307,1
TIAM1,102,0.019483631,0.00038203198,2
ATP2B2,27,0.01943152,0.0007196859,1
ADAM17,58,0.019406425,0.00033459353,1
OS9,100,0.01938017,0.00096900854,5
PDCD6IP,65,0.019363303,0.0014894849,5
MUC1,12,0.019352738,0.0016127281,1
GMNN,9,0.019288154,0.0021431283,1
SULT1E1,48,0.019286959,0.0012054349,3
MAP3K9,36,0.019248223,0.0016040186,3
RCC2,18,0.019234389,0.0010685772,1
KCNJ12,34,0.019212063,0.0011301213,2
WDR33,42,0.01920179,0.0013715564,3
ZBTB16,14,0.019199405,0.0013713861,1
SEC61B,14,0.019180093,0.0013700066,1
CHMP7,18,0.019163039,0.0010646132,1
MSRB3,12,0.01914591,0.0015954925,1
CDK8,174,0.019092454,0.0006583605,6
ARHGAP45,10,0.018995648,0.0018995649,1
HAAO,147,0.018985,0.00090404757,7
PPARG,366,0.018967187,0.0003109375,6
SLC22A1,80,0.01896398,0.00094819895,4
PISD,12,0.018958226,0.0015798522,1
HIBADH,175,0.018955378,0.00075821514,7
MC2R,63,0.018951176,0.0009024369,3
NINL,18,0.018907271,0.0010504039,1
MYO10,85,0.018906273,0.0011121337,5
PKP4,13,0.018893892,0.0014533763,1
ITPKA,26,0.018875994,0.0014519994,2
TNC,100,0.018865671,0.0007546268,4
SMPD3,156,0.018851696,0.0015709747,13
SPDL1,18,0.018828904,0.0010460502,1
CCKAR,26,0.018804751,0.0014465194,2
IL4R,252,0.01880466,0.000671595,9
DKK2,190,0.018792622,0.0009890853,10
PTGER4,2781,0.018770516,0.00069520425,103
DHODH,12,0.018762741,0.0015635617,1
NCOA2,147,0.01874419,0.00038253446,3
CEP152,16,0.018718483,0.0011699052,1
RNF111,40,0.018695671,0.00093478354,2
IPMK,784,0.018694693,0.0011684183,49
TLE3,187,0.018690748,0.0010994556,11
PRKCH,32,0.018688684,0.0005840214,1
NMNAT1,14,0.01868626,0.0013347327,1
ACO1,30,0.018681347,0.0012454231,2
SETD1A,11,0.018666118,0.0016969199,1
TRIB3,92,0.01861428,0.00080931647,4
PLEKHG3,27,0.018543078,0.0020603419,3
NGFR,138,0.01850308,0.00040224087,3
MUC3A,9,0.018490342,0.0020544825,1
CS,64,0.018483019,0.0005775943,2
ITK,29,0.018444704,0.0006360243,1
BRIP1,52,0.01843062,0.00070887,2
NEIL3,60,0.018426457,0.0015355381,5
IFIH1,156,0.018382305,0.00070701167,6
CYP4F22,32,0.018373854,0.0011483659,2
HDAC4,96,0.01835541,0.0003824044,2
ARRB1,146,0.018316025,0.00025090447,2
ACOT7,26,0.01831277,0.0014086748,2
MBOAT1,77,0.018296635,0.0016633306,7
MAP1LC3A,13,0.018267648,0.0014052037,1
ALMS1,17,0.018250424,0.0010735544,1
FCGR3A,196,0.018240875,0.00065145985,7
RAB14,19,0.018231882,0.00095957273,1
IRF5,240,0.018223885,0.0012149258,16
PDE11A,12,0.018217295,0.001518108,1
GLI3,186,0.018200606,0.0005871163,6
LTBR,154,0.018194916,0.0016540831,14
FABP1,36,0.018180702,0.0010100389,2
GRM8,102,0.01813729,0.0010668994,6
FZD6,46,0.018113771,0.00039377765,1
RALGDS,25,0.018112445,0.00072449783,1
IRF6,22,0.018074302,0.0016431183,2
CYTH3,14,0.018047633,0.0012891166,1
RPL37,26,0.01804615,0.0006940827,1
LIMK1,114,0.018040879,0.00047475996,3
FBP1,30,0.018032147,0.0006010716,1
PLA2G2E,264,0.018024897,0.0007510374,11
CCL22,33,0.018007083,0.0016370075,3
TRIM33,33,0.017989038,0.001635367,3
ARHGAP35,40,0.017986063,0.00044965156,1
PIM1,56,0.017961344,0.0012829532,4
HDAC2,88,0.01786469,0.00020300783,1
CNTN1,13,0.017864639,0.001374203,1
PTPN12,22,0.017844494,0.0016222268,2
SMYD2,48,0.017802328,0.0014835272,4
ORAI2,12,0.017745832,0.0014788193,1
POU5F1,30,0.017720567,0.0011813712,2
RASGRP1,2080,0.017698882,0.00044247202,52
RAB3IP,11,0.017667074,0.0016060976,1
SP3,72,0.017643237,0.0014702698,6
ENAH,48,0.017634187,0.0011021367,3
AQR,11,0.017626459,0.0016024053,1
CTF1,11,0.017619409,0.0016017645,1
MAPK12,110,0.017611453,0.00016010411,1
KCNMB1,15,0.01759232,0.0011728214,1
CHRNA3,15,0.017587481,0.0011724987,1
FARP2,14,0.017556092,0.0012540065,1
EXOC2,456,0.017511254,0.0014592713,38
ARHGEF25,30,0.017486807,0.0011657872,2
CACNA2D1,70,0.017484497,0.0012488926,5
POLR1F,11,0.017484283,0.0015894803,1
MTAP,30,0.01747942,0.0011652946,2
RAPGEF4,20,0.017452516,0.0008726258,1
RIMS1,78,0.017446438,0.0013420336,6
SPRED1,39,0.017437495,0.0013413457,3
ACP6,7,0.017412283,0.002487469,1
ST6GALNAC2,34,0.017403921,0.0010237601,2
PPP1R14A,11,0.017385677,0.001580516,1
GRIA4,48,0.017385598,0.0007243999,2
HNMT,13,0.017364783,0.0013357525,1
DIAPH3,506,0.01735547,0.000788885,23
FBXL7,24,0.017345535,0.0014454612,2
ACTN2,31,0.017319454,0.0005586921,1
CNOT1,11,0.017248372,0.0015680338,1
PDE3B,29,0.01721231,0.000593528,1
DTX1,10,0.017211787,0.0017211788,1
GPR17,13,0.017194757,0.0013226736,1
CCL17,26,0.017183017,0.0013217705,2
ARPC5,117,0.017180866,0.00044053502,3
LIG4,15,0.01716597,0.001144398,1
EZH2,70,0.0171567,0.0004901914,2
GABRB2,80,0.01713934,0.0010712087,5
ATP6V1A,29,0.017114723,0.0005901629,1
EFNA3,98,0.017105915,0.0012218511,7
CCL1,224,0.017080093,0.0012200066,16
TERT,28,0.01701748,0.00060776714,1
RAD51B,715,0.016993318,0.0013071784,55
NDUFV2,76,0.016992083,0.00089432014,4
CYP2J2,138,0.016990477,0.0002462388,2
TMED10,60,0.01697951,0.0011319673,4
RORA,308,0.016919374,0.0007690625,14
SPTA1,19,0.016909525,0.000889975,1
PLXNA4,42,0.016901048,0.0012072177,3
AREG,54,0.016898353,0.00031293245,1
SFRP2,33,0.0168624,0.0015329454,3
PDE9A,8,0.016862262,0.0021077828,1
HHIP,26,0.01685386,0.0012964508,2
RTF1,20,0.016826412,0.0016826412,2
TUBGCP2,10,0.016813561,0.0016813561,1
ANXA1,34,0.01679175,0.0009877499,2
TNS4,8,0.016754206,0.0020942758,1
CNOT2,10,0.016750894,0.0016750895,1
IL23R,312,0.016742874,0.0013952396,26
LHCGR,23,0.016706178,0.0007263556,1
CCNG2,36,0.016679894,0.0018533216,4
NEFL,110,0.016676916,0.0007580416,5
REL,62,0.016676515,0.0005379521,2
SLC29A2,11,0.016655121,0.0015141019,1
ETS1,1617,0.016642727,0.000504325,49
CCL3,78,0.016639037,0.00063996296,3
VPS52,4,0.016619727,0.0041549318,1
GABRA4,56,0.0165956,0.0011854001,4
MGAT4C,9,0.016557824,0.0018397582,1
ATP4A,27,0.016551988,0.0006130366,1
VAPA,66,0.016551701,0.0015047,6
TRPC3,1539,0.016543137,0.0006127088,57
PRCC,16,0.016536307,0.0020670383,2
GABBR2,27,0.016525619,0.00061205996,1
GUCY1A1,22,0.016516,0.00075072725,1
PFKFB3,240,0.01648204,0.0010988027,16
SETD7,20,0.016452124,0.0016452125,2
INPP5E,72,0.016418446,0.0009121358,4
VAV3,78,0.016411887,0.00021040882,1
IL1R2,285,0.01638297,0.0008622615,15
DSG1,36,0.016374614,0.00090970076,2
MAPK13,97,0.016356986,0.00016862873,1
PSTPIP1,13,0.016320542,0.0012554263,1
ITGB4,38,0.016307067,0.00042913333,1
MADCAM1,18,0.016286783,0.0018096425,2
FGF18,170,0.016258962,0.00019128191,2
NT5C1A,26,0.016255602,0.0012504309,2
CXCR6,12,0.016253188,0.0013544323,1
ERBB3,196,0.016241143,0.00033145188,4
CHP1,9,0.016206779,0.0018007532,1
PPP3CA,172,0.016193636,0.00018829809,2
IL10RA,120,0.016190335,0.00080951676,6
DGKD,52,0.016188119,0.0012452399,4
SCN3B,10,0.016188111,0.0016188112,1
NRP1,176,0.016187469,0.000735794,8
VNN1,13,0.016183855,0.0012449119,1
IL6R,42,0.016149996,0.0003845237,1
KIF6,8,0.01612649,0.0020158112,1
CEP41,18,0.016105996,0.0008947776,1
SGK1,99,0.016091751,0.00048762883,3
MTRR,130,0.016077287,0.0012367144,10
CD163,22,0.016060997,0.0014600905,2
GSN,104,0.016055042,0.0006175017,4
ORC3,48,0.016046315,0.00066859653,2
SLC35D1,10,0.016046008,0.0016046008,1
FGF19,183,0.016045699,0.00026304423,3
CDC7,168,0.01604335,0.0007639691,8
GOT1,540,0.01604198,0.0002673663,9
PARD6G,10,0.016037794,0.0016037794,1
HAO2,9,0.016026622,0.0017807358,1
PAH,14,0.016013244,0.0011438031,1
DERA,60,0.015965227,0.0013304355,5
FADS2,20,0.015950436,0.0007975218,1
PPARA,46,0.015926957,0.0003462382,1
AGAP2,22,0.015925875,0.0014478068,2
TNFRSF10A,36,0.015921045,0.00044225124,1
ALG10B,162,0.015915385,0.0002947293,3
USO1,15,0.015913423,0.0010608949,1
RPN2,11,0.015912136,0.0014465578,1
SPRY1,11,0.015906306,0.0014460278,1
EXOC5,8,0.0159036,0.00198795,1
CBSL,58,0.015902994,0.0005483791,2
TRIM36,4,0.015891515,0.0039728787,1
PEX5,11,0.015880432,0.0014436756,1
NRBF2,50,0.015866976,0.0015866976,5
CCN2,15,0.0158644,0.0010576267,1
SUCLA2,9,0.015857903,0.0017619892,1
F2RL1,11,0.015856808,0.001441528,1
HTR5A,39,0.01585231,0.0012194085,3
CPSF2,64,0.015840182,0.0009900114,4
RAB39A,9,0.015837405,0.0017597117,1
SPHK2,28,0.015825002,0.00056517863,1
WAPL,24,0.015771963,0.0013143301,2
RGS9,75,0.015756534,0.00063026143,3
SOCS6,70,0.015741428,0.0011243878,5
SIRT5,7,0.015722252,0.002246036,1
ARCN1,93,0.015708467,0.00050672475,3
CYP24A1,168,0.01568796,0.0007470456,8
ITGA9,28,0.015629563,0.0005581987,1
DAGLB,12,0.015603076,0.0013002564,1
WWP2,15,0.015595416,0.0010396944,1
ADRA1D,95,0.015590055,0.0008205292,5
TGOLN2,12,0.015581536,0.0012984613,1
SDC2,80,0.015579719,0.00038949298,2
MGLL,22,0.015549517,0.00070679624,1
CASP2,31,0.015541808,0.00050134864,1
WWOX,121,0.015529611,0.0014117828,11
PLXNA2,77,0.0155210225,0.0014110021,7
MTR,43,0.015500071,0.00036046677,1
CXCL11,18,0.015488426,0.00086046814,1
UQCRFS1,144,0.015471542,0.0008595302,8
AGPAT4,24,0.015426358,0.0012855299,2
RASSF1,12,0.015416991,0.0012847492,1
PLXNB1,12,0.015408932,0.0012840776,1
PTCH1,112,0.015396925,0.00054989016,4
KIF4B,169,0.015396366,0.0011843358,13
PSAT1,168,0.015389858,0.0007328504,8
ITGB6,50,0.015340893,0.0006136357,2
LIN7A,18,0.015329618,0.001703291,2
PRDM9,27,0.015302788,0.0017003096,3
PAPSS1,105,0.0152816,0.00072769524,5
E2F7,54,0.015280866,0.001697874,6
PHGDH,34,0.015267312,0.0008980772,2
E2F8,7,0.015254377,0.0021791968,1
GGA3,8,0.015250399,0.0019062998,1
GUCA1A,9,0.015225136,0.0016916818,1
GPC5,72,0.015218683,0.00084548234,4
GALC,372,0.015217292,0.0012681077,31
COL6A3,23,0.015209363,0.00066127663,1
AVPR1A,28,0.015179259,0.0010842328,2
SRSF6,28,0.015175826,0.0010839875,2
TRMT112,13,0.015162444,0.0011663418,1
GPHN,22,0.015154641,0.0013776948,2
PGM1,100,0.015120202,0.00030240405,2
MTNR1A,11,0.015100603,0.001372782,1
ADRA2C,42,0.015094446,0.0007187831,2
RGMA,110,0.01507945,0.001507945,11
PRCP,8,0.015057597,0.0018821997,1
CNOT6,10,0.01505271,0.001505271,1
GDA,30,0.015038024,0.00050126744,1
GABPA,8,0.015027108,0.0018783885,1
VIPR2,34,0.014973303,0.00088078255,2
MFGE8,30,0.014954173,0.0014954173,3
ITGB8,110,0.014915046,0.0006779566,5
MUC4,9,0.014886489,0.0016540544,1
TFAP2B,90,0.014885869,0.0009923913,6
TENT4A,8,0.014869726,0.0018587158,1
PLXNA1,28,0.014868549,0.0010620393,2
BBS5,8,0.014853664,0.001856708,1
DEK,40,0.014823934,0.0014823935,4
DGKQ,26,0.014819377,0.0011399521,2
IL5,600,0.014815502,0.00029631003,12
CAMKK2,36,0.014789677,0.00041082437,1
CTSH,99,0.01477561,0.0016417343,11
TNFRSF11A,48,0.014772077,0.0009232548,3
FUCA2,18,0.014746964,0.0016385517,2
SLC22A3,26,0.01474215,0.0011340115,2
MRAS,25,0.014714023,0.00058856094,1
CPLX1,22,0.014712665,0.001337515,2
HYAL1,20,0.0147055555,0.0014705556,2
JAK3,77,0.014704858,0.00019097218,1
CROT,24,0.014685577,0.0012237981,2
CD9,84,0.014671243,0.0010479459,6
DHRS3,42,0.014668345,0.001047739,3
IRF8,418,0.014663524,0.0013330476,38
BTG1,8,0.014648352,0.001831044,1
PDE8A,11,0.014640116,0.0013309197,1
BIN1,10,0.014616865,0.0014616865,1
NT5E,28,0.014594558,0.0005212342,1
SNAI1,240,0.01458559,0.0009115994,15
PLB1,68,0.01457446,0.0008573212,4
SH3RF1,66,0.01456512,0.0013241018,6
COL5A1,14,0.014560167,0.0010400119,1
IDI1,41,0.014551923,0.00035492494,1
EGR1,141,0.014549307,0.00030955972,3
DUSP10,48,0.014546274,0.0012121894,4
CHST11,30,0.014545973,0.0009697316,2
ACTN3,11,0.014540516,0.0013218651,1
REST,21,0.014528061,0.0006918124,1
CABIN1,10,0.014526209,0.0014526208,1
MUC15,9,0.0145243155,0.0016138129,1
CHRNB4,16,0.014513679,0.0009071049,1
SLC7A1,11,0.014493601,0.0013176001,1
MTMR2,24,0.014480766,0.0012067305,2
KIF1B,9,0.014459957,0.001606662,1
UGGT1,9,0.014406269,0.0016006966,1
APH1B,37,0.014381357,0.00038868532,1
DPM3,27,0.014364106,0.0015960118,3
YEATS4,27,0.014353664,0.0015948516,3
MSH3,8,0.014342476,0.0017928095,1
CDC25B,25,0.014333475,0.000573339,1
CHSY3,121,0.014308011,0.0013007282,11
NCF4,96,0.014305168,0.0004470365,3
NOD1,39,0.014288829,0.00036638023,1
DYNLRB1,9,0.014287136,0.0015874595,1
ATP6V0A4,23,0.014261232,0.00062005356,1
ATP2C2,10,0.014232689,0.0028465376,2
TTC21B,9,0.014215289,0.0015794765,1
GOLGA4,8,0.014193112,0.001774139,1
RNF103-CHMP3,19,0.014163626,0.00074545405,1
CYLD,72,0.014148216,0.00058950897,3
UST,60,0.014111931,0.001411193,6
FFAR2,10,0.014099956,0.0014099956,1
KDELR2,26,0.014093926,0.0010841482,2
FNBP1L,20,0.0140913315,0.0014091332,2
WDR19,9,0.014074625,0.0015638473,1
RPL38,135,0.014074089,0.0005212625,5
FERMT2,27,0.014066634,0.0015629594,3
FSTL3,8,0.014064519,0.0017580648,1
PLA2G2A,165,0.0140627595,0.00042614425,5
KCNK10,180,0.014054474,0.0015616083,20
AGO1,35,0.014051722,0.0004014778,1
CYFIP2,31,0.014037176,0.00045281212,1
GPX3,418,0.014029553,0.00063770695,19
DGKE,14,0.014009245,0.0010006604,1
B4GALT6,46,0.014003645,0.0006088541,2
LPCAT1,26,0.013962887,0.0010740682,2
TJP2,36,0.0139564965,0.00077536097,2
CLIP1,48,0.013955709,0.0005814879,2
PRKCE,201,0.01394128,0.00020807878,3
HS3ST1,18,0.013936147,0.0015484609,2
GPCPD1,32,0.0139267715,0.0017408464,4
SGMS2,9,0.013902003,0.001544667,1
NEIL2,30,0.01389723,0.0013897229,3
INPP5A,11,0.013894887,0.0012631716,1
RAMP3,30,0.013889956,0.00092599704,2
RHOJ,8,0.013889564,0.0017361955,1
MMP10,9,0.013887283,0.0015430315,1
SLC6A1,32,0.013876146,0.0008672591,2
PARVA,36,0.013862468,0.0015402741,4
CYP2W1,9,0.013852549,0.0015391721,1
ATP6V1C1,56,0.013836671,0.0004941668,2
ERBB4,624,0.013825628,0.00026587743,12
XCL1,48,0.01381224,0.00115102,4
EXO1,28,0.0138118705,0.0004932811,1
ARHGAP17,26,0.0137963025,0.0010612541,2
ARHGAP10,14,0.013793428,0.0009852449,1
SCN2B,36,0.013747495,0.0011456246,3
TNFRSF10B,41,0.013746389,0.0003352778,1
SP100,48,0.013734614,0.0011445511,4
CBX6,14,0.01371318,0.0009795128,1
NUP210,162,0.013698961,0.00016912297,2
PANK2,18,0.013676725,0.0015196361,2
TTN,9,0.013653873,0.001517097,1
MRPL51,6,0.013646239,0.0022743733,1
GNRHR,22,0.013646157,0.0012405599,2
RPL17,26,0.01364222,0.00052470074,1
LRP2,72,0.013635082,0.0007575046,4
RLBP1,6,0.013631797,0.0022719663,1
SH2D2A,11,0.013631361,0.0012392146,1
ABCG8,18,0.0136130545,0.0007562808,1
HARS1,10,0.013581951,0.0013581951,1
CTSL,36,0.013576404,0.00037712234,1
MUC2,13,0.013574765,0.0010442127,1
A1BG,7,0.013574074,0.0019391534,1
CORO1A,9,0.013571635,0.0015079594,1
CDH6,99,0.013561479,0.001506831,11
HERC1,5,0.013555812,0.0027111624,1
PLEKHG4,7,0.013553897,0.001936271,1
CBLIF,6,0.013552549,0.0022587583,1
CHST14,10,0.01354566,0.0013545661,1
PARK7,72,0.013536417,0.0007520232,4
NMNAT3,66,0.013536274,0.0012305704,6
CDS2,9,0.013532627,0.0015036253,1
CD109,14,0.013528699,0.0019326713,2
RALBP1,78,0.013525746,0.000520221,3
BNIP3,18,0.013516054,0.0015017837,2
ITGA1,92,0.013505447,0.00029359668,2
SV2B,45,0.013499444,0.0014999383,5
PLK2,45,0.013497762,0.0008998508,3
FOSL2,40,0.01349559,0.0016869487,5
NUMB,22,0.013487722,0.00061307824,1
TANK,72,0.013484634,0.00056185975,3
APLNR,10,0.013473023,0.0013473022,1
ARSB,20,0.013464457,0.0006732229,1
LYZ,7,0.01346065,0.00192295,1
RPE65,50,0.013450357,0.0013450359,5
POLD3,104,0.013443585,0.0002585305,2
HMGA2,30,0.013438734,0.0013438734,3
GLP1R,21,0.01343357,0.0006396938,1
ABCA4,6,0.0134233935,0.0022372322,1
IL9,168,0.0134061305,0.00063838717,8
CETP,84,0.013405357,0.0009575255,6
GADD45G,180,0.013405032,0.00037236203,5
MMAA,8,0.013404431,0.0016755539,1
TNXB,26,0.013404042,0.0010310803,2
TUBGCP3,20,0.013401238,0.0013401238,2
ACADL,32,0.01337927,0.0004181022,1
FSHR,286,0.013376418,0.0005144776,11
SPP2,48,0.013347875,0.0016684844,6
KCNA4,5,0.013341054,0.0026682108,1
PER2,8,0.013321569,0.0016651961,1
RAB11B,13,0.013312937,0.0010240721,1
ZDHHC21,7,0.013281932,0.0018974189,1
TAL1,9,0.013258857,0.0014732063,1
IRS1,112,0.013251555,0.00011831745,1
DNAL4,16,0.013238771,0.0016548464,2
SH2B3,34,0.0132332975,0.0007784292,2
NTF3,203,0.013218118,0.00045579716,7
BLVRA,16,0.013210559,0.00082565995,1
POLR1A,32,0.013204434,0.0008252771,2
TSHR,150,0.013204024,0.00052816095,6
PTPRC,800,0.013199356,0.0004124799,25
FBXO5,60,0.01319559,0.000879706,4
NANS,14,0.013191515,0.00094225106,1
SPCS3,54,0.013190021,0.001465558,6
CXCL12,364,0.013173215,0.00025333106,7
SDC4,124,0.013139464,0.0004238537,4
RGS18,130,0.01309129,0.0010070222,10
UTS2B,8,0.0130870845,0.0016358856,1
MIA3,11,0.013058376,0.0011871251,1
PRC1,7,0.013051778,0.0018645397,1
FMO3,32,0.013046019,0.0008153762,2
EFNB2,11,0.013045305,0.0011859369,1
GHSR,13,0.013038737,0.0010029797,1
DPYS,23,0.013027586,0.00056641677,1
ACOT12,12,0.013016683,0.0010847236,1
SLC30A1,8,0.012989862,0.0016237327,1
TEC,84,0.01296144,0.00046290856,3
M6PR,11,0.012923852,0.0011748956,1
ADAMTS3,21,0.01291721,0.0018453157,3
CDC27,44,0.012903844,0.00029326917,1
CNGB1,48,0.012890498,0.00080565613,3
CAND1,9,0.012848974,0.0014276638,1
CDH10,6,0.012839169,0.0021398615,1
SC5D,123,0.012825307,0.00031281236,3
STAB2,16,0.012785258,0.0015981572,2
RUNX3,253,0.012769725,0.0005552054,11
CD34,6,0.01275929,0.0021265482,1
EDEM2,7,0.012759058,0.0018227225,1
RIT1,27,0.012755412,0.001417268,3
CCT5,10,0.012744944,0.0012744943,1
TFF3,7,0.012722978,0.0018175683,1
EIF4H,10,0.012714094,0.0012714093,1
UPP2,17,0.012691104,0.00074653554,1
CYP2F1,38,0.012685079,0.00066763576,2
B4GALNT1,40,0.012670761,0.0015838451,5
CLDN16,10,0.012668965,0.0012668965,1
AKAP1,6,0.012658408,0.0021097346,1
NDUFAF2,7,0.012651719,0.0018073885,1
SLC6A15,88,0.012645948,0.0015807435,11
CREB1,240,0.0126395775,5.2664906e-05,1
UNC13B,13,0.012625814,0.0009712165,1
RETSAT,10,0.012623001,0.0012623001,1
SEMA3E,24,0.012601531,0.0015751914,3
ACBD6,5,0.012599424,0.0025198848,1
HCLS1,11,0.0125886155,0.0011444195,1
HS6ST1,54,0.01257126,0.0013968068,6
RPL3,884,0.012567677,0.0004833722,34
NMT1,26,0.012564193,0.0009664764,2
HPSE,12,0.012554656,0.0010462214,1
COL11A2,88,0.012549238,0.0011408399,8
NHEJ1,7,0.0125479475,0.0017925639,1
GLO1,39,0.012545378,0.000965029,3
DHCR7,57,0.012513802,0.00065862125,3
MCHR2,50,0.012510726,0.0012510726,5
EIF3E,48,0.01250765,0.00078172813,3
SPRED2,456,0.012502564,0.0010418803,38
ORAI1,24,0.012472213,0.00051967555,1
TNFSF13B,33,0.012417474,0.0011288613,3
AGXT2,15,0.012415499,0.00082769996,1
DNAJC7,7,0.012412779,0.0017732541,1
KIF5A,23,0.012403929,0.00053930125,1
MRPS23,12,0.0123997815,0.0020666304,2
CDK5R1,38,0.012396748,0.00032623022,1
MADD,17,0.012386236,0.0007286021,1
GSTA3,34,0.012359478,0.0007270281,2
EPHB2,20,0.012357856,0.00061789283,1
CHMP4C,18,0.012355596,0.000686422,1
HAUS6,16,0.012353773,0.0007721108,1
IL7,125,0.01234231,0.00049369235,5
RRAGC,72,0.012338216,0.00051409233,3
HACD4,7,0.012333786,0.0017619694,1
AGA,21,0.0123310955,0.0017615851,3
ARHGEF38,24,0.012326397,0.0015407996,3
FANCF,16,0.012310408,0.001538801,2
DGKH,117,0.012307183,0.0009467064,9
SAMHD1,16,0.0123069165,0.0015383646,2
GCNT3,24,0.012297176,0.001537147,3
DAB2IP,9,0.012266756,0.0013629729,1
GABRB3,119,0.01226481,0.0007214594,7
WHAMM,6,0.012251079,0.0020418465,1
TAS2R1,7,0.012242682,0.0017489546,1
RAB5C,46,0.012239115,0.0005321355,2
F7,42,0.012232712,0.00029125504,1
SEPHS2,64,0.012229912,0.001528739,8
ENG,7,0.012219708,0.0017456727,1
HIF3A,30,0.012177616,0.0012177617,3
GALNT18,48,0.012148029,0.0015185036,6
SCNN1A,210,0.012123144,0.00034637554,6
SETD2,10,0.012104665,0.0012104665,1
GALNT12,16,0.012094965,0.0015118707,2
FGF23,206,0.012067849,0.00011716358,2
MC4R,234,0.012037624,0.0006687569,13
ATF3,16,0.0120314425,0.00075196516,1
PHKG2,8,0.012027505,0.0015034381,1
RGS12,10,0.012015593,0.0012015593,1
WNT2,129,0.011995153,0.00027895704,3
FCGR3B,32,0.011994085,0.00074963033,2
UBE2Q2,18,0.01198595,0.0013317722,2
PRDM1,1068,0.011978298,0.0009981914,89
NAGLU,16,0.011969357,0.0014961696,2
SLC28A1,10,0.011956815,0.0011956815,1
TXNL4A,7,0.01195548,0.0017079257,1
NTN4,8,0.0119503485,0.0014937936,1
RNF40,5,0.01194747,0.0023894939,1
CD33,6,0.0119466055,0.0019911008,1
LPIN1,20,0.011942978,0.0005971489,1
MRPL42,6,0.01192167,0.001986945,1
RASA1,58,0.011921543,0.00020554384,1
ACOX2,148,0.011920957,0.00032218802,4
TYRP1,80,0.011910307,0.0014887884,10
PROK1,7,0.011905183,0.0017007404,1
KDM4C,176,0.01190229,0.0010820264,16
SLC27A2,37,0.011872905,0.00032088935,1
RPA1,86,0.011865695,0.0001379732,1
IGF2R,42,0.0118624335,0.00084731664,3
NR2F2,30,0.011862254,0.001977042,5
FOLR2,9,0.011857978,0.0013175531,1
VAMP1,8,0.011854872,0.001481859,1
S100A7A,5,0.011850944,0.0023701887,1
MRPS5,7,0.011834821,0.0016906887,1
PRKD1,140,0.01181039,0.0005905195,7
HTR2A,147,0.011804924,0.00056213926,7
VARS1,8,0.011803649,0.0014754562,1
CLDN23,40,0.01178759,0.0011787589,4
UGP2,128,0.011782982,0.0003682182,4
SRGAP1,14,0.01177659,0.000841185,1
CD22,11,0.011752896,0.001068445,1
FRAT1,26,0.011752308,0.00045201185,1
GABRA6,52,0.011729368,0.0009022591,4
XCL2,33,0.011724316,0.0010658469,3
SPATA13,9,0.011701699,0.0013001888,1
GLP2R,15,0.011699102,0.0007799401,1
VDAC1,140,0.011691849,0.00033405283,4
HGF,142,0.011677673,0.00016447427,2
IYD,6,0.011662271,0.0019437118,1
ALDH18A1,32,0.011647718,0.0014559648,4
CDC42EP5,126,0.011631144,0.001661592,18
SMARCE1,280,0.011624856,0.0005812428,14
C5,31,0.01162043,0.0003748526,1
CRK,106,0.011613378,0.00010956017,1
SNX5,6,0.011610688,0.0019351146,1
NXT1,18,0.01159113,0.0012879033,2
UBAP1,24,0.0115790125,0.0009649177,2
MARK3,34,0.011572117,0.00068071275,2
RHOF,8,0.011569059,0.0014461324,1
MLKL,9,0.011567401,0.0012852667,1
TACC3,18,0.011561818,0.0012846466,2
SLC5A12,32,0.011560808,0.001445101,4
STX18,7,0.011559818,0.0016514026,1
RPL21,130,0.011557529,0.00044452032,5
DLK1,18,0.011556432,0.001284048,2
PSMB7,36,0.011556365,0.00032101013,1
ARHGAP26,30,0.011542699,0.0007695133,2
BBS4,9,0.011541725,0.001282414,1
ITPR2,396,0.011535425,0.00011651944,4
TRPM7,9,0.011533544,0.001281505,1
TRIM27,45,0.011530512,0.0007687008,3
SLC26A3,504,0.011527301,0.0005489191,24
SCN3A,9,0.011512339,0.0012791487,1
CPSF6,14,0.01151008,0.001644297,2
NCAPD2,7,0.011503569,0.001643367,1
BRD7,7,0.011487277,0.0016410396,1
SLC5A9,7,0.0114841,0.0016405856,1
CCN1,13,0.011443836,0.00088029506,1
TGFBR3,135,0.011435609,0.0012706232,15
CDC5L,5,0.011425005,0.002285001,1
NEDD4,29,0.011413003,0.00039355183,1
IL15RA,320,0.011407806,0.00071298785,20
HSD17B12,30,0.011385873,0.0007590582,2
SLC1A2,30,0.011374825,0.00075832166,2
COL11A1,70,0.011366655,0.0011366655,7
ELOVL4,30,0.011359724,0.0011359724,3
POLD1,52,0.0113463625,0.00021819927,1
IL1F10,7,0.011345799,0.0016208284,1
SUMO3,23,0.011344273,0.00049322925,1
C4BPB,7,0.011333536,0.0016190766,1
SF3B4,7,0.011327907,0.0016182725,1
ATP6V1G3,696,0.011302748,0.00047094782,29
GLYATL3,7,0.011283217,0.0016118882,1
HSD17B7,38,0.011264363,0.0002964306,1
ARHGAP25,5,0.011262964,0.002252593,1
ARHGAP15,35,0.011259546,0.0016085065,5
DYNC1LI1,45,0.011241595,0.00024981322,1
H6PD,6,0.011223755,0.0018706258,1
FABP5,13,0.011217847,0.0008629113,1
THBS2,20,0.011206871,0.00056034356,1
CAP1,15,0.011194576,0.00074630504,1
JARID2,119,0.011194238,0.0015991769,17
COG3,22,0.011184698,0.0010167907,2
RNPS1,15,0.011162803,0.00074418687,1
EIF3B,15,0.011159747,0.00074398314,1
XYLT1,84,0.01115563,0.00079683075,6
SMUG1,11,0.011154198,0.001014018,1
ATP8B2,7,0.011150837,0.0015929767,1
SLC5A8,26,0.011140328,0.0008569483,2
SELP,32,0.0111380555,0.00069612847,2
IL17RB,3,0.01113783,0.00371261,1
H1-3,9,0.01111682,0.0012352023,1
PF4,23,0.011111557,0.00048311116,1
EXOC6,40,0.011106214,0.0013882767,5
TLL1,40,0.011098567,0.0013873209,5
FAN1,6,0.011088674,0.0018481123,1
ARHGAP42,10,0.011074292,0.0011074292,1
NUP88,76,0.011058771,0.00014551014,1
RAB44,12,0.0110509675,0.001841828,2
CH25H,56,0.011039777,0.0007885555,4
NARS2,16,0.011024624,0.001378078,2
PDCD1LG2,18,0.011017981,0.0018363303,3
CD36,45,0.010993679,0.00024430398,1
COL4A4,38,0.010992594,0.0002892788,1
PPP6R3,39,0.010988501,0.0008452693,3
ITSN2,7,0.010982688,0.0015689554,1
RARS1,22,0.010975041,0.000997731,2
PIK3C2G,22,0.010975008,0.000498864,1
MAG,17,0.0109746065,0.0006455651,1
IGFBP4,7,0.010919158,0.0015598797,1
UROC1,7,0.010915087,0.0015592981,1
ACSL3,39,0.0109119555,0.00027979372,1
SOST,10,0.010907483,0.0010907484,1
MIA2,8,0.010905986,0.0013632482,1
SV2C,24,0.010884163,0.0013605204,3
TAC1,32,0.010877309,0.00067983184,2
GABBR1,175,0.01087016,0.0004348064,7
SLC1A3,112,0.010780095,0.00067375595,7
PCDH7,80,0.010769127,0.0010769127,8
C7,51,0.010764622,0.0006332131,3
ALPL,36,0.010764459,0.00059802545,2
PDE7A,20,0.010741255,0.0010741255,2
PPA2,14,0.01073313,0.0015333043,2
MAPK4,17,0.010732783,0.0006313402,1
MOCS1,12,0.010730792,0.0017884653,2
RPTOR,112,0.0107286535,0.0001915831,2
CLCA2,14,0.010727407,0.0015324868,2
HSPA4L,5,0.010724632,0.0021449265,1
SEMA6D,112,0.010721403,0.0013401754,14
KYNU,56,0.010704687,0.0007646205,4
B3GNT2,1066,0.010672489,0.00082096073,82
DHRS9,36,0.010669871,0.00088915596,3
ITPKB,44,0.010662762,0.000969342,4
FGF5,84,0.010658231,0.0001268837,1
SLC36A4,8,0.010655145,0.0013318931,1
ARID3A,7,0.010646809,0.0015209727,1
TARS1,28,0.010629209,0.0015184584,4
CHST1,7,0.010628342,0.0015183345,1
EIF4E,210,0.010624759,0.00015178228,3
IRAK3,7,0.010624418,0.001517774,1
SLC39A6,9,0.010607097,0.0011785664,1
GFRA1,19,0.010604126,0.00055811193,1
IL12RB1,48,0.010602672,0.000441778,2
SERPINA1,50,0.010602041,0.00042408163,2
VANGL2,56,0.010601947,0.0007572819,4
DKK1,72,0.010593673,0.0002942687,2
AMY2A,8,0.010592508,0.0013240635,1
SLC38A1,36,0.010589315,0.0005882953,2
TACR3,33,0.0105880825,0.0009625529,3
NDC1,56,0.010583081,0.0001889836,1
GPLD1,7,0.010573661,0.001510523,1
TNIP2,160,0.010560821,0.00033002565,5
ARHGAP33,8,0.010555525,0.0013194407,1
H2BC5,176,0.01053833,0.00011975375,2
NR4A3,20,0.010536153,0.0010536152,2
ERP29,14,0.010532327,0.00075230905,1
ITGB3,96,0.010526345,0.00010964943,1
SLC5A11,7,0.010524378,0.0015034826,1
PTPN22,6,0.010520356,0.0017533926,1
CD2,280,0.010515633,0.0013144541,35
TAP2,90,0.0105118295,0.00070078863,6
CAP2,8,0.010488395,0.0013110493,1
PTPRF,33,0.010486316,0.0009533015,3
ASB4,7,0.010463263,0.0014947519,1
PDE4D,70,0.010461292,0.00029889407,2
TLE1,312,0.0104601765,0.00043584066,13
CP,15,0.01045943,0.0006972953,1
PTPN2,612,0.01045387,0.0005807705,34
YY1AP1,5,0.010440574,0.0020881149,1
MBIP,12,0.01042216,0.00260554,3
MRPS11,7,0.010417952,0.0014882789,1
GPC1,130,0.010406168,0.00040023722,5
TTC8,16,0.010399045,0.0012998807,2
EED,145,0.010395941,0.00035848073,5
CDON,72,0.010394712,0.0008662261,6
S100A7,7,0.010378785,0.0014826836,1
SCN1A,10,0.010376428,0.0010376428,1
MYO19,5,0.010375852,0.0020751704,1
CIITA,90,0.010361728,0.0010361728,9
FCN2,8,0.010359144,0.001294893,1
ANGPT2,15,0.010359088,0.00069060584,1
CALML6,46,0.010356674,0.0002251451,1
DNAJC6,7,0.010345275,0.0014778964,1
CHRNA5,10,0.010336133,0.0010336132,1
MTHFD1L,15,0.010332539,0.0006888359,1
HAO1,8,0.010313557,0.0012891947,1
KIR2DL4,5,0.010296115,0.002059223,1
PDE8B,11,0.010293813,0.00093580125,1
SLC2A10,14,0.010293245,0.0014704636,2
MARCKS,32,0.010292471,0.0012865589,4
SLC19A1,10,0.010285158,0.0010285157,1
CEBPG,16,0.010282774,0.0012853468,2
PLA2G4C,37,0.010282186,0.0002778969,1
NDUFS4,19,0.010281189,0.00054111524,1
ALOX5AP,14,0.010276775,0.00073405536,1
TPST2,7,0.010266144,0.001466592,1
HCRTR1,22,0.0102551,0.00093228184,2
PAX5,20,0.010248905,0.0010248906,2
CA2,13,0.010241498,0.00078780757,1
PPIF,143,0.010228693,0.0009298811,13
ANKRD27,4,0.010227114,0.0025567785,1
MYLK4,20,0.010217308,0.0010217308,2
IL37,16,0.010215366,0.0012769208,2
ACVR2A,220,0.010195663,0.00050978316,11
CLEC7A,8,0.010186302,0.0012732877,1
PLPPR3,6,0.010182605,0.0016971008,1
RNF144B,24,0.01016266,0.0016937766,4
CDH8,189,0.01015625,0.0014508928,27
PEAK1,6,0.010146582,0.0016910969,1
ATG12,21,0.010099309,0.00048091947,1
HSD17B13,3,0.010088374,0.0033627914,1
FOLH1,7,0.010086904,0.0014409863,1
PLEKHG1,12,0.0100792665,0.0016798778,2
YAF2,6,0.010075149,0.0016791915,1
ACER3,22,0.010074682,0.00091588014,2
NCR2,18,0.010069079,0.0016781798,3
SLC19A3,21,0.01006415,0.0014377357,3
OR8B8,8,0.01006268,0.00251567,2
KRT1,7,0.010041104,0.0014344434,1
CDC42BPA,10,0.0100409025,0.0010040903,1
ARAP2,154,0.010040212,0.000717158,11
DUT,15,0.010032591,0.00066883944,1
KCNQ4,9,0.010012168,0.0011124632,1
NTPCR,7,0.010011347,0.0014301924,1
SLC2A7,7,0.010002328,0.001428904,1
RGS4,104,0.010000768,0.0007692898,8
GUCA1B,14,0.009998015,0.001428288,2
RSPO4,5,0.00997393,0.001994786,1
OTUB1,5,0.009971407,0.0019942815,1
ARHGAP40,12,0.009965656,0.0016609428,2
UCK2,20,0.009965144,0.0009965143,2
GML,7,0.009959724,0.0014228177,1
KCTD3,25,0.009945805,0.0019891611,5
FSTL1,24,0.0099398345,0.0012424793,3
MAPKAPK5,48,0.009935576,0.0004139823,2
LRP5,108,0.009933229,0.00027592303,3
SLC6A9,35,0.009928042,0.0014182918,5
CTPS1,18,0.009916682,0.0005509268,1
SALL4,20,0.009906035,0.0009906035,2
SLC26A4,8,0.009895665,0.0012369581,1
NLN,6,0.009893175,0.0016488625,1
HMGCLL1,30,0.009892804,0.0009892804,3
ATP10A,32,0.009892203,0.0012365254,4
USP13,9,0.009888185,0.0010986873,1
AP4B1,6,0.009886257,0.0016477095,1
GALNT3,60,0.009880232,0.0006586821,4
LIFR,48,0.009874569,0.00041144041,2
ST6GALNAC1,9,0.009874513,0.0010971682,1
RAB32,7,0.009873238,0.0014104627,1
HLA-DOA,1247,0.009865347,0.0003401844,43
WDR77,7,0.009857205,0.0014081721,1
CDC42EP1,11,0.009845223,0.0008950203,1
KIR3DL2,18,0.009826155,0.0016376926,3
AP2A1,56,0.009787685,0.0001747801,1
CDH3,90,0.009785505,0.0010872784,10
CBLB,406,0.009783985,0.0003373788,14
TFAP2D,21,0.0097762635,0.0013966091,3
FPR3,42,0.009776088,0.000698292,3
ENPP2,36,0.009774552,0.0016290919,6
SLC2A13,112,0.009767718,0.0013953883,16
CNDP1,12,0.009756334,0.00081302784,1
AHCYL1,24,0.009734655,0.00081122125,2
MTNR1B,44,0.009728603,0.00088441843,4
DPYSL4,5,0.009709688,0.0019419376,1
TP63,243,0.009698087,0.00035918842,9
STK24,4,0.009692129,0.0024230322,1
BLK,414,0.009680662,0.00042089832,18
SLC25A20,16,0.009671904,0.000604494,1
GJA1,324,0.009663676,0.00026843545,9
DGKB,52,0.009660276,0.0007430981,4
SEC16B,24,0.009659151,0.0012073938,3
CRLF1,6,0.009651228,0.001608538,1
IRF4,756,0.009646615,0.00053592306,42
FPGS,13,0.009635779,0.0007412138,1
MMP24,5,0.009630418,0.0019260837,1
PLEK,273,0.009625973,0.001375139,39
XCR1,429,0.009607456,0.00073903514,33
SGK2,7,0.009605922,0.0013722746,1
SLC6A5,7,0.009604606,0.0013720866,1
CISH,22,0.009601859,0.00043644814,1
PSAP,20,0.009596224,0.0004798112,1
FCER1G,22,0.009595238,0.00043614718,1
SLC36A1,11,0.009584324,0.0008713022,1
GLYCTK,19,0.009581438,0.0005042862,1
GALNT14,16,0.009575096,0.001196887,2
SLC2A9,21,0.009567709,0.0013668155,3
SSC5D,3,0.009566886,0.0031889621,1
MAPKAPK3,48,0.009566468,0.00019930142,1
SEMA3A,32,0.009558294,0.0011947867,4
DLC1,24,0.009535878,0.0007946565,2
NOTCH2,32,0.00953458,0.00029795562,1
SLC19A2,9,0.009531165,0.0010590183,1
NKD1,96,0.009515,0.00079291663,8
OR10A4,4,0.009509896,0.002377474,1
CLEC4E,12,0.009506112,0.001584352,2
RPL30,28,0.009496218,0.00033915063,1
MAF,187,0.009492136,0.00055836095,11
MT1X,7,0.0094919335,0.0013559905,1
AKAP13,22,0.009489771,0.00043135323,1
EIF2AK2,34,0.009485962,0.00027899886,1
RAB38,45,0.009474161,0.0010526846,5
GP6,49,0.009467152,0.0013524502,7
SLC16A7,96,0.009457944,0.001182243,12
OSBP,5,0.00945136,0.0018902721,1
ADRB1,78,0.0094377715,0.00012099707,1
PDP2,6,0.009409359,0.0015682265,1
AK3,56,0.009401434,0.000671531,4
CCR4,391,0.009399067,0.0005528863,23
ESPN,4,0.009394183,0.0023485457,1
ATIC,112,0.009392547,0.00033544813,4
RRAGD,24,0.00939111,0.00039129626,1
RUFY1,6,0.009387289,0.0015645482,1
IL26,12,0.009380644,0.0015634408,2
PRKG1,34,0.009378221,0.00027583004,1
SMARCD3,84,0.009377837,0.00044656364,4
TUFM,6,0.009366751,0.0015611252,1
AK5,22,0.009344286,0.00084948057,2
PDE4A,126,0.009329557,0.0006663969,9
TRIM3,4,0.009326825,0.0023317062,1
RPN1,11,0.009318116,0.00084710144,1
IQGAP2,48,0.009310754,0.0005819221,3
OR14A16,3,0.00931003,0.0031033435,1
ATN1,5,0.009303483,0.0018606966,1
SPEN,10,0.009268051,0.0009268051,1
GABRA1,20,0.009267464,0.0004633732,1
DDX17,7,0.009260444,0.0013229206,1
LCLAT1,10,0.009251699,0.0009251699,1
CYTH1,12,0.009246822,0.00077056856,1
SH3D19,4,0.0092459675,0.0023114919,1
MED16,6,0.009243226,0.0015405376,1
MX1,13,0.009242304,0.00071094645,1
TOM1,5,0.009221976,0.0018443952,1
CCR3,900,0.009169004,0.0003056335,30
BATF3,5,0.009168372,0.0018336743,1
ACOT13,4,0.009161881,0.0022904703,1
CDH9,60,0.009154905,0.0015258174,10
TCF12,13,0.00914425,0.00070340384,1
TLR10,21,0.009142238,0.001306034,3
AGT,81,0.009140409,0.00011284455,1
CADM1,184,0.009135757,0.0011419696,23
GPR39,14,0.009134589,0.0006524706,1
ETV6,60,0.009128945,0.0009128945,6
CRY2,5,0.009104842,0.0018209685,1
LRP6,84,0.009100566,0.00021668014,2
DOK5,42,0.00909588,0.0012994115,6
SEPSECS,14,0.009091545,0.0012987922,2
AKR1D1,74,0.009084813,0.0002455355,2
PTPRS,6,0.009084783,0.0015141304,1
UGT2B4,112,0.009084447,0.00032444455,4
HRH1,14,0.009083018,0.00064878695,1
TNS3,49,0.0090696905,0.00129567,7
CYB5B,4,0.009057466,0.0022643665,1
MCM7,27,0.009053942,0.0003353312,1
LMO1,25,0.00904548,0.001809096,5
RBCK1,28,0.009019035,0.0006442168,2
HPGDS,18,0.009012196,0.00050067756,1
KEAP1,208,0.009007187,0.0003464303,8
TNRC6C,96,0.009002671,0.00028133346,3
RGS1,720,0.008996945,0.00059979636,48
IFNL1,10,0.008995613,0.00089956133,1
IFNGR2,108,0.008984086,0.00024955795,3
ST6GAL2,50,0.008968614,0.0008968614,5
ASB2,14,0.008960786,0.0012801123,2
ACVRL1,13,0.008956167,0.0006889359,1
PLXNC1,18,0.008951939,0.0014919898,3
CNR1,40,0.0089414995,0.00044707497,2
ETNPPL,18,0.008940195,0.0014900326,3
CDCA8,19,0.008922529,0.0004696068,1
SLC11A1,48,0.008920086,0.00074334047,4
ARHGEF10L,30,0.008905984,0.0005937323,2
ARHGAP23,12,0.008903209,0.0014838683,2
FRS3,32,0.008902096,0.0002781905,1
TCF4,20,0.008893235,0.00044466174,1
MRPS21,7,0.008891777,0.0012702539,1
E2F6,5,0.008886064,0.0017772128,1
GBP2,6,0.0088858465,0.0014809744,1
SLU7,18,0.008876782,0.000986309,2
ZDHHC7,15,0.008876054,0.0017752108,3
IL18RAP,132,0.008875176,0.00073959795,11
CWC15,5,0.008868306,0.0017736612,1
SLC2A12,8,0.008867542,0.0011084428,1
CPNE8,8,0.008866489,0.0011083111,1
DLG5,30,0.008862719,0.00088627194,3
CHURC1-FNTB,9,0.0088590775,0.000984342,1
MAP2K5,76,0.008841818,0.00023267942,2
SLC1A4,36,0.008830783,0.000490599,2
DERL1,16,0.008815373,0.00055096083,1
RPS20,180,0.008813047,0.00029376821,6
IL36G,14,0.008798694,0.0012569564,2
SLC39A8,176,0.008776753,0.00079788663,16
FAR1,20,0.00877253,0.0017545058,4
CSNK1G3,45,0.00876747,0.0009741633,5
NLGN1,28,0.008746362,0.0012494803,4
PAG1,75,0.008739059,0.00058260385,5
GSC,10,0.008724406,0.0017448813,2
IDI2,11,0.008721711,0.0007928828,1
KLHL11,7,0.008720811,0.0012458302,1
ARRB2,77,0.008719592,0.00011324146,1
MDM4,28,0.008710957,0.0003111056,1
MCOLN2,5,0.008704088,0.0017408176,1
FKBP5,34,0.00869642,0.0005115541,2
SNRPB2,16,0.008677504,0.001084688,2
ZNF423,21,0.008669223,0.0012384603,3
IL20,40,0.008669049,0.0010836311,5
FRK,36,0.008638271,0.0009598079,4
ADRA1A,152,0.008626168,0.00011350221,2
KMT2B,10,0.00862023,0.000862023,1
CLDN10,30,0.008620144,0.0008620144,3
FCGR2B,13,0.008618839,0.00066298764,1
USH1C,15,0.008615435,0.001723087,3
SUMF1,18,0.008613627,0.00095706974,2
TSC22D1,8,0.008612424,0.002153106,2
IL17RC,4,0.008609309,0.0021523272,1
CLASP2,46,0.008608768,0.00037429426,2
RAB23,7,0.008605171,0.0012293102,1
MOCS3,6,0.008604257,0.0014340429,1
KIF20B,9,0.008594588,0.00095495424,1
POFUT1,7,0.008592605,0.0012275149,1
CHID1,4,0.008587255,0.0021468138,1
TRHR,22,0.008586595,0.00078059954,2
RAB3IL1,5,0.008581606,0.0017163211,1
IRS2,704,0.008578571,9.748376e-05,8
HLA-DOB,493,0.0085559245,0.00029503187,17
DEFB123,5,0.0085470695,0.001709414,1
SLC25A2,24,0.008535492,0.000711291,2
DSC2,10,0.00853546,0.0017070919,2
DDHD1,15,0.008522923,0.0017045845,3
SYT9,14,0.008513953,0.0012162789,2
OTUB2,4,0.008506922,0.0021267305,1
PCNT,22,0.008491651,0.00038598414,1
GSTA4,34,0.008488378,0.0004993163,2
PPM1B,35,0.008487903,0.0012125575,5
IL36A,12,0.008487796,0.0014146327,2
STX1B,10,0.008473744,0.0008473744,1
BABAM2,17,0.008464277,0.0004978986,1
KLK5,3,0.008445764,0.0028152547,1
GMPS,35,0.008444737,0.00024127819,1
EIF3H,112,0.00844233,0.00052764564,7
CDH12,30,0.008433535,0.0014055892,5
PTPRR,15,0.008432854,0.0016865708,3
ADRA2A,63,0.008420786,0.00040098978,3
RGS14,39,0.008416572,0.0006474286,3
DGKI,13,0.008406493,0.0006466533,1
WNT3,138,0.008379685,0.00018216704,3
ABO,32,0.008378524,0.0010473155,4
CYB5A,7,0.008378447,0.001196921,1
RPTN,3,0.008367223,0.0027890743,1
LCE1D,4,0.00836464,0.00209116,1
UGT2B10,56,0.00836226,0.00029865213,2
LEPR,120,0.008352218,0.0004176109,6
ELAVL1,34,0.0083522145,0.0004913067,2
ALDH1L2,6,0.008338906,0.0013898177,1
MTF2,150,0.008323733,0.0013872889,25
SLC27A3,14,0.008319395,0.001188485,2
FERMT3,6,0.008314757,0.0013857927,1
BHMT2,7,0.008313895,0.0011876993,1
TNFRSF8,6,0.008312369,0.0013853948,1
PIK3R5,82,0.008312167,0.00020273577,2
SPRY2,92,0.0082961265,0.00036070115,4
NPAS2,35,0.008289365,0.0011841949,5
ANK3,30,0.008285738,0.0005523825,2
ADAMTS16,12,0.008271517,0.0013785863,2
TBC1D4,33,0.008267558,0.00075159624,3
CTH,230,0.008261847,0.00017960538,5
PI3,6,0.008254669,0.0013757781,1
NUBPL,6,0.00825282,0.00137547,1
CD58,63,0.008250709,0.0011786727,9
RIC1,7,0.008249471,0.0011784958,1
CACNA1C,206,0.008242418,8.0023485e-05,2
CACNA1B,20,0.008229293,0.00041146466,1
CDK6,74,0.008224221,0.00011113812,1
MZT1,99,0.008220187,0.00091335416,11
IVL,20,0.008215626,0.0016431251,4
DEFB124,5,0.008208004,0.0016416007,1
SCN9A,9,0.008200173,0.00091113034,1
CTDSP1,24,0.008192325,0.0013653875,4
LMBRD1,5,0.008191882,0.0016383764,1
SAR1B,17,0.008185992,0.00048152893,1
ASB18,7,0.008178967,0.0011684239,1
KLF4,304,0.008178079,0.00043042516,16
ANO6,42,0.008175778,0.0013626296,7
CLCNKB,4,0.008174472,0.002043618,1
PLRG1,5,0.0081625935,0.0016325187,1
DYNC2I1,16,0.008148205,0.0010185256,2
TRIM24,88,0.00814587,0.00037026682,4
FANCI,22,0.008121547,0.0007383225,2
RCN1,5,0.008116225,0.001623245,1
CFB,13,0.008104895,0.00062345347,1
CRP,40,0.008104448,0.0008104448,4
GRIP1,11,0.008087149,0.00073519535,1
ANP32A,12,0.008072425,0.0013454041,2
SLC22A11,12,0.008070856,0.0013451427,2
TNFSF4,119,0.008067191,0.0011524559,17
STIM1,16,0.008061378,0.00050383614,1
KIFC1,48,0.00805957,0.0010074462,6
MYB,125,0.008050041,0.00032200167,5
SORBS1,36,0.0080462545,0.0008940283,4
FZD10,72,0.008045653,0.00022349038,2
NDUFB4,38,0.008044101,0.00042337374,2
RGS5,52,0.008033128,0.00061793294,4
FXYD4,33,0.008002559,0.00072750525,3
FILIP1,10,0.007989031,0.0015978063,2
SLC24A4,20,0.00798475,0.0015969499,4
FCN1,9,0.007983896,0.00088709954,1
DOCK4,39,0.007978447,0.0006137267,3
ATP8B4,18,0.007971998,0.0013286663,3
MUC21,90,0.007963491,0.00088483235,10
TRAPPC11,20,0.007962381,0.0015924762,4
MME,36,0.007958428,0.0006632023,3
PIK3R6,42,0.0079564145,0.00018943843,1
IWS1,15,0.007954717,0.0015909434,3
SLC8A3,25,0.007954374,0.00031817495,1
COL9A1,26,0.007952857,0.0003058791,1
ATP8B1,14,0.007943386,0.0011347694,2
LY6G6F,4,0.007942395,0.0019855988,1
ITGA11,21,0.0079359785,0.00037790375,1
RAG2,6,0.007934914,0.0013224856,1
ST8SIA2,60,0.007927932,0.00052852876,4
HS3ST4,168,0.007922193,0.0009902741,21
RNF43,6,0.0079203015,0.0013200502,1
FXN,12,0.00791855,0.0013197584,2
GSTO2,23,0.00791845,0.00034428044,1
RHPN2,9,0.007905332,0.00087837025,1
SH2B2,32,0.007901608,0.0004938505,2
PHIP,6,0.0078914985,0.0013152497,1
FER,18,0.007882042,0.00087578245,2
WNT9B,102,0.007870303,0.00023147948,3
LAMB1,36,0.007870115,0.00021861431,1
SLC1A7,11,0.007859125,0.0007144659,1
GGA1,14,0.007857259,0.0011224656,2
NPFFR2,20,0.007850571,0.0007850571,2
POLR3A,28,0.007845443,0.0005603888,2
EPS15L1,20,0.007844977,0.0007844977,2
GRIK2,110,0.007815052,0.00078150514,11
AP3B1,9,0.007810884,0.000867876,1
H4C5,94,0.0078105615,8.309108e-05,1
TBPL2,18,0.007808794,0.0013014657,3
KCNK2,120,0.0078073386,0.0007807338,12
BRD4,5,0.00780595,0.00156119,1
F3,41,0.007802862,0.00019031372,1
SKI,42,0.007802841,0.00037156383,2
CYSLTR2,84,0.0078017097,0.00027863248,3
CDK12,30,0.007800121,0.0015600241,6
PINK1,30,0.0077961395,0.00051974267,2
SDCBP,23,0.0077941353,0.00033887546,1
ABCC11,4,0.0077840122,0.0019460031,1
TBC1D1,20,0.007780678,0.0015561357,4
GDI2,8,0.0077804485,0.00097255607,1
HFE,5,0.0077801114,0.0015560223,1
PEX13,12,0.0077776965,0.0006481414,1
TRIOBP,4,0.0077677434,0.0019419359,1
RPL18,26,0.007767707,0.00029875798,1
NSUN2,4,0.0077673835,0.0019418459,1
FYB1,12,0.007767367,0.0006472806,1
LTF,55,0.0077542462,0.0007049315,5
TTC5,14,0.0077477237,0.0011068177,2
MRM1,8,0.0077440566,0.0019360142,2
MRPL33,7,0.0077328635,0.0011046948,1
TUSC3,36,0.007731693,0.000859077,4
ALDOB,30,0.0077247825,0.00025749273,1
SEC24C,17,0.0077188076,0.0004540475,1
CHST8,24,0.0077159368,0.0009644921,3
MYF6,4,0.007707801,0.0019269503,1
SKA1,18,0.0077045844,0.00042803248,1
POP4,20,0.007694467,0.0015388933,4
CD2BP2,6,0.0076927245,0.0012821207,1
MVK,38,0.007690353,0.0002023777,1
COL6A6,19,0.007684112,0.00040442694,1
MRPL9,7,0.0076646786,0.0010949541,1
KIF26A,16,0.00765503,0.00095687876,2
VCAM1,627,0.007654675,0.00023195983,19
OAS3,16,0.0076376246,0.00047735154,1
ISG20,12,0.007629752,0.001907438,3
MECOM,39,0.007629408,0.0005868776,3
PAX8,6,0.007626983,0.0012711638,1
DEFB112,5,0.007614796,0.0015229592,1
CYP7B1,24,0.0076139006,0.00031724587,1
NCK2,126,0.0076135336,0.0001812746,3
OR10A2,8,0.0076111965,0.0019027991,2
IDUA,11,0.007608366,0.00069166964,1
PRXL2B,48,0.0076078996,0.0001584979,1
CRYBA4,7,0.0076013324,0.0010859047,1
LGALS9,65,0.007598016,0.0015196032,13
ESD,6,0.0075951,0.00126585,1
SMURF1,78,0.007578854,0.0001943296,2
MLLT3,90,0.007576687,0.0012627811,15
BARD1,70,0.0075764693,0.00021647054,2
CBLL1,5,0.0075741443,0.0015148289,1
GRIK1,27,0.007573227,0.0008414697,3
VAC14,12,0.007573095,0.00063109124,1
CNEP1R1,12,0.0075703654,0.0012617275,2
NCAM1,23,0.0075701443,0.0003291367,1
FOXO6,38,0.007568176,0.00039832506,2
CACNG2,18,0.00756777,0.00042043166,1
ME1,44,0.007561031,0.0003436832,2
GTF2A1,25,0.007560322,0.0003024129,1
GCLC,42,0.007557276,0.00017993514,1
NBAS,50,0.007554141,0.0015108282,10
SALL1,55,0.0075472533,0.0015094505,11
PHLPP1,40,0.0075313463,0.0009414183,5
KCNK9,135,0.0075274194,0.00083637994,15
IL12RB2,480,0.007526878,0.00037634387,24
CHST12,10,0.0075111417,0.00075111416,1
CXXC4,8,0.0075099706,0.0009387463,1
CXCL5,17,0.007503814,0.00044140083,1
DACT1,24,0.007501632,0.001875408,6
GAS2,7,0.0074980366,0.0010711481,1
OR4A47,3,0.0074936096,0.0024978698,1
SNAPC3,7,0.0074833417,0.0010690488,1
SEMA5A,10,0.007481949,0.00074819487,1
GLRA3,4,0.007478689,0.0018696722,1
DNM2,48,0.007478618,0.00015580455,1
TERF2IP,23,0.0074758837,0.00032503842,1
LGALS1,6,0.0074750567,0.0012458428,1
KIR2DL1,12,0.007473908,0.0012456513,2
ST6GALNAC5,16,0.00747344,0.00093418,2
RAB12,70,0.007466753,0.0010666789,10
SLC2A11,7,0.007463604,0.0010662292,1
MED24,24,0.007456527,0.0012427545,4
GHR,48,0.007452294,0.00031051226,2
LILRB4,170,0.007445672,0.0014891343,34
PEX14,24,0.0074419454,0.0006201621,2
CPE,30,0.0074339584,0.0014867916,6
SLIT3,16,0.007433726,0.00092921575,2
ELK3,8,0.007433053,0.0018582633,2
STAT2,48,0.0074282885,0.00015475601,1
ATP6V0A1,182,0.007420001,0.00028538465,7
ADO,483,0.0074169426,0.0010595632,69
DAB2,32,0.007415359,0.00046345993,2
IKBKE,53,0.0074135032,0.00013987742,1
GOLGA5,5,0.0074088457,0.0014817691,1
TCN2,16,0.0074022324,0.00092527905,2
AUH,50,0.0073921815,0.00029568726,2
GPAT3,20,0.0073907706,0.00073907705,2
C2,18,0.0073906127,0.0004105896,1
LCE1F,4,0.007381959,0.0018454897,1
SMC6,5,0.007381928,0.0014763856,1
VAPB,17,0.0073803714,0.0004341395,1
RORC,12,0.007378768,0.00061489735,1
RAB19,3,0.0073741176,0.0024580392,1
TNFSF14,36,0.0073710624,0.00081900693,4
HPR,4,0.00737096,0.00184274,1
PDS5A,12,0.007370145,0.0006141788,1
PTPRZ1,32,0.007365683,0.0009207104,4
LEMD2,10,0.0073652887,0.0007365289,1
POU4F2,8,0.007356736,0.000919592,1
RAP1A,96,0.0073403115,7.6461576e-05,1
LCK,114,0.0073399963,6.438593e-05,1
CPN1,7,0.0073220897,0.0010460129,1
CCL19,165,0.007314459,0.0004876306,11
CAMKK1,26,0.0073121297,0.00028123576,1
ZNF212,4,0.0073019923,0.0018254981,1
TREH,48,0.0072896588,0.0012149431,8
SEC11C,54,0.0072881137,0.0008097905,6
OR10W1,3,0.007277823,0.002425941,1
ACTR3C,9,0.0072767246,0.00080852496,1
PHLDA1,20,0.007276542,0.0014553084,4
FKBPL,10,0.0072760433,0.0014552088,2
EDIL3,30,0.0072724014,0.0024241337,10
MVB12B,26,0.0072665634,0.0005589664,2
RGS21,185,0.0072592665,0.0014518533,37
DSCAM,49,0.007255493,0.001036499,7
PLCH2,18,0.00725304,0.00080589333,2
PPCDC,8,0.007252248,0.000906531,1
IRAG1,12,0.0072482834,0.0012080473,2
IGFBP3,200,0.00724495,0.00028979802,8
GPD1L,7,0.0072442656,0.0010348951,1
RYR3,21,0.0072392793,0.0003447276,1
MAP3K5,53,0.0072299214,0.00013641361,1
SLC38A3,11,0.0072195632,0.0006563239,1
NMS,24,0.0072145234,0.0009018154,3
LTK,4,0.007212676,0.001803169,1
KIF3A,24,0.0072122863,0.00030051192,1
MYBPC1,3,0.007210236,0.002403412,1
UTP20,8,0.0072062556,0.0018015639,2
HEY1,90,0.0072005913,0.00024001971,3
PLK1,66,0.007199053,0.000109076565,1
H4-16,95,0.0071975198,7.576337e-05,1
TCAP,3,0.007190209,0.0023967363,1
CDH18,54,0.007165683,0.0011942803,9
EEA1,15,0.0071580163,0.0014316033,3
MIRLET7I,5,0.0071544694,0.0014308939,1
POLI,9,0.007150668,0.0007945187,1
F12,36,0.0071491273,0.00019858687,1
MSX2,28,0.007139454,0.0010199221,4
RAP1GAP,11,0.007118419,0.00064712897,1
GREM2,30,0.0071152574,0.0014230515,6
SCIN,12,0.0071085915,0.0011847652,2
BCL3,5,0.0071078185,0.0014215637,1
GJD2,20,0.007105003,0.0014210007,4
SEC61G,42,0.007101907,0.00050727907,3
COL4A2,37,0.0070998194,0.00019188701,1
THRB,18,0.007096316,0.0003942398,1
FAH,21,0.0070805363,0.0003371684,1
SOCS7,4,0.0070792735,0.0017698184,1
ACTR3B,54,0.007076502,0.00078627793,6
MMP15,21,0.007076261,0.0010108944,3
OR2AG2,3,0.0070420904,0.0023473634,1
NDUFS2,21,0.0070386375,0.00033517322,1
ACER2,32,0.0070307944,0.0008788493,4
AP1M1,20,0.00702762,0.000351381,1
LGR5,10,0.0070251552,0.0014050312,2
CD68,5,0.0070244325,0.0014048865,1
LGMN,8,0.0070209643,0.00087762054,1
DCTPP1,5,0.0069777495,0.0013955499,1
CHL1,18,0.006972322,0.0011620537,3
SGCG,48,0.0069659576,0.001160993,8
MSX1,8,0.0069651837,0.0017412959,2
UTP15,10,0.0069636307,0.0013927261,2
DLG2,21,0.006945637,0.00033074463,1
NHLRC2,4,0.0069410047,0.0017352512,1
WDR11,45,0.0069402065,0.0013880413,9
CRNKL1,5,0.006934653,0.0013869306,1
NPR2,10,0.006931463,0.00069314626,1
UHRF1BP1L,5,0.0069302656,0.0013860532,1
SLC44A5,18,0.0069278167,0.00076975743,2
VDR,114,0.0069236555,0.00018220146,3
PTCD3,12,0.0069229724,0.0011538288,2
DRD3,60,0.0069223684,0.00034611844,3
CD5,120,0.006916635,0.0017291588,30
DBNL,15,0.006916068,0.0004610712,1
OR2J2,16,0.0069056465,0.0017264116,4
EDN2,42,0.0069002532,0.0003285835,2
GREB1,14,0.006898857,0.000985551,2
CTNNA2,14,0.0068908455,0.0004922032,1
HSD17B4,88,0.0068837963,0.00015644993,2
SKIV2L,8,0.0068801087,0.0008600136,1
CTSO,25,0.0068797665,0.0013759533,5
NPHS1,6,0.0068768985,0.0011461497,1
EGR4,8,0.006871631,0.00085895386,1
NUAK1,42,0.0068676258,0.0011446044,7
TMPRSS6,20,0.006858621,0.0017146552,5
ASB13,7,0.006857121,0.0009795887,1
POLN,5,0.006853424,0.0013706848,1
LRP8,12,0.0068512573,0.0005709381,1
LAG3,4,0.0068500005,0.0017125001,1
DAP3,7,0.006844491,0.0009777845,1
SEC24B,17,0.006842845,0.0004025203,1
PTPRD,65,0.006837701,0.0013675403,13
FA2H,12,0.006835046,0.0011391743,2
THSD7A,24,0.0068347864,0.0017086966,6
NET1,15,0.0068321745,0.0004554783,1
DLL3,22,0.0068319915,0.00031054506,1
PACS1,7,0.006830642,0.000975806,1
KDM3A,13,0.0068295137,0.0005253472,1
DEFB1,7,0.006815529,0.000973647,1
OXSM,5,0.0068117017,0.0013623403,1
IL20RA,54,0.006792011,0.0007546679,6
SYT11,15,0.0067896433,0.0013579287,3
ZNF154,4,0.0067894235,0.0016973559,1
SLC23A2,5,0.006789135,0.001357827,1
OPN4,8,0.0067868386,0.00084835483,1
SLC10A2,77,0.0067848354,0.0009692621,11
TNFRSF11B,112,0.0067828926,0.0004239308,7
LILRA1,25,0.0067808507,0.0013561702,5
UTS2,296,0.006777959,0.00084724487,37
MMP11,5,0.006775288,0.0013550576,1
MRPL19,8,0.006765745,0.00084571814,1
GTF2I,30,0.0067565353,0.0013513071,6
CD48,8,0.006741331,0.0016853327,2
GNA12,36,0.006731849,0.0001869958,1
H3C6,71,0.006723679,9.469971e-05,1
RAET1E,4,0.0067206565,0.0016801641,1
NPY2R,40,0.006705339,0.0006705339,4
PANK3,14,0.006704174,0.00095773913,2
HIPK1,8,0.00670331,0.0008379138,1
INTS7,3,0.006700195,0.0022333984,1
DNAH5,32,0.0066974466,0.0016743616,8
IGFBP1,18,0.006694995,0.00037194416,1
RHOU,10,0.0066899336,0.0013379867,2
CLDN24,6,0.0066857086,0.0011142847,1
MUCL1,36,0.0066834125,0.0007426014,4
STXBP2,6,0.0066798343,0.0011133057,1
PLPP1,66,0.0066779796,0.00020236301,2
MAPT,30,0.006667489,0.00022224964,1
PPFIA2,10,0.006665346,0.00066653464,1
ZNF689,16,0.006660747,0.0016651867,4
RIPK3,31,0.0066539524,0.00021464363,1
CDK2,128,0.006647868,5.193647e-05,1
CYS1,10,0.0066475747,0.0013295149,2
CARD8,9,0.0066469302,0.0007385478,1
EPHA4,165,0.0066363895,0.00060330814,15
TNR,30,0.006620236,0.00066202367,3
OSMR,17,0.0066189743,0.00038935142,1
WWC1,14,0.0066178185,0.00094540266,2
PLEC,28,0.006615465,0.00047253323,2
CD2AP,18,0.0066152075,0.00073502306,2
EVC2,8,0.0066092755,0.00082615943,1
PRSS23,8,0.006608558,0.0016521395,2
RBX1,101,0.00660633,6.540921e-05,1
RNGTT,64,0.006605268,0.00041282925,4
CCNC,21,0.0065981396,0.00031419712,1
FCER2,18,0.006593572,0.0007326191,2
SYN3,12,0.0065894136,0.0010982356,2
LAMA2,64,0.0065808874,0.00020565273,2
SLC44A1,36,0.0065807016,0.0005483918,3
GPIHBP1,14,0.006577696,0.00046983545,1
SPAM1,7,0.006569325,0.000938475,1
PIP5K1C,43,0.0065590087,0.00015253508,1
STON1,4,0.006553882,0.0016384705,1
SERPINB6,21,0.006547352,0.0009353359,3
SELL,27,0.006545425,0.0007272694,3
HLA-DQB2,288,0.006544017,0.0003635565,16
CHERP,5,0.006540571,0.0013081142,1
UBE2V1,285,0.0065395636,0.000114729184,5
OAZ1,6,0.006538023,0.0010896705,1
MCOLN3,5,0.0065303496,0.0013060699,1
COL26A1,14,0.0065284753,0.00093263935,2
NMNAT2,78,0.0065237205,0.00050182466,6
MUC13,16,0.0065208934,0.00040755584,1
PRMT6,20,0.0065208017,0.00065208017,2
TRIM31,68,0.006516584,0.001629146,17
IL1RL2,168,0.006513171,0.00093045295,24
CHST6,42,0.006510777,0.000930111,6
CBR4,10,0.0065027047,0.0013005409,2
HOMER2,10,0.006495397,0.0012990795,2
ZNF773,4,0.006489715,0.0016224288,1
ABL2,46,0.00648863,0.00028211434,2
SST,80,0.006488089,0.00016220222,2
TXN,59,0.0064867972,0.000109945715,1
KMT5A,72,0.0064866818,0.00036037122,4
SEMA7A,6,0.006485614,0.0010809357,1
YBX3,12,0.0064837746,0.0021612581,4
LOXL1,15,0.006478276,0.0012956552,3
TRIT1,4,0.006473379,0.0016183448,1
GAP43,28,0.006472597,0.0009246567,4
ACVR1,45,0.006467601,0.0004311734,3
BPIFB4,3,0.0064673545,0.0021557848,1
ITGA2,44,0.006466214,0.00014695941,1
KDSR,16,0.006465581,0.0004040988,1
THOC5,9,0.0064648152,0.0007183128,1
GDF2,14,0.0064640995,0.00046172139,1
UVRAG,8,0.006458123,0.0016145308,2
ACTR5,4,0.0064527728,0.0016131932,1
SSR2,24,0.006449668,0.001612417,6
ENPP6,6,0.0064462502,0.001074375,1
ENTPD5,32,0.0064443913,0.00020138723,1
CNTN6,112,0.00643571,0.00080446375,14
OR52E4,3,0.0064324583,0.0021441528,1
NEDD4L,128,0.0064249886,0.0002007809,4
P4HA2,63,0.00642139,0.00071348774,7
HTR3D,10,0.0064196438,0.0012839288,2
IL4I1,29,0.0064052767,0.00022087162,1
ACTA2,14,0.006395672,0.00045683372,1
CYB5R2,5,0.0063868994,0.0012773799,1
GALNT2,14,0.006386655,0.00045618965,1
PAX2,35,0.0063846,0.00091208576,5
GRM7,68,0.006379121,0.00037524244,4
HDAC7,40,0.006377572,0.00015943931,1
SLC17A1,8,0.006376974,0.0015942435,2
ZFP1,56,0.0063693225,0.0015923306,14
CHST3,10,0.0063684955,0.00063684955,1
ZNF250,4,0.006366039,0.0015915098,1
GNPAT,14,0.0063646017,0.0004546144,1
GALNT10,24,0.0063634887,0.0007954361,3
NMB,8,0.0063601695,0.0007950212,1
CDH5,108,0.0063561923,0.00035312178,6
LTA,48,0.0063519124,0.00026466302,2
IFI16,6,0.0063495873,0.0010582645,1
HERPUD1,6,0.006346722,0.002115574,2
FARP1,63,0.006345998,0.00070511084,7
SLC24A5,12,0.0063437703,0.0015859426,3
QRFPR,40,0.0063302526,0.0007912816,5
TCL1B,3,0.0063240505,0.0021080167,1
TNFSF18,285,0.0063237827,0.0012647564,57
RGS10,26,0.006321674,0.00048628263,2
SGCD,84,0.006321319,0.0010535532,14
NCEH1,16,0.006313845,0.00078923063,2
RING1,135,0.0063096643,0.00023369126,5
TRIM6-TRIM34,4,0.0063086804,0.0015771701,1
SCNN1D,31,0.006304063,0.00020335687,1
TRIM14,4,0.00630041,0.0015751024,1
WIF1,36,0.006296451,0.00034980287,2
ST6GALNAC3,72,0.006295114,0.00034972854,4
ATP11A,7,0.0062924237,0.0008989177,1
PCK1,106,0.006290583,0.000118690245,2
BST1,119,0.0062885606,0.0003699153,7
PPP5C,32,0.0062856684,0.00039285427,2
TET3,8,0.0062794834,0.0015698709,2
COL6A5,19,0.006277952,0.00033041852,1
GPR15,11,0.0062707197,0.0005700654,1
DEFA5,8,0.006267662,0.00078345777,1
OR11A1,8,0.006260022,0.0015650055,2
ADH7,51,0.006254705,0.00036792384,3
SPTSSA,20,0.0062527973,0.0012505595,4
PSMB9,189,0.0062498576,0.0002314762,7
PDHX,444,0.0062490674,0.0005207556,37
WARS1,11,0.006247425,0.00056794775,1
STK38,8,0.0062353257,0.0007794157,1
OR8A1,3,0.0062347716,0.0020782573,1
GBP5,5,0.0062342156,0.0012468431,1
CTSF,5,0.00623025,0.00124605,1
MSRA,16,0.006222427,0.0015556067,4
CCRL2,24,0.006220963,0.00077762036,3
AGO2,33,0.006205604,0.00018804861,1
ABLIM2,12,0.0061996374,0.001033273,2
IDE,32,0.006180457,0.0007725571,4
KCNS3,15,0.006173785,0.0020579281,5
BPIFA2,3,0.0061699226,0.0020566408,1
SLC15A4,224,0.006169471,0.00088135304,32
KAT8,8,0.0061543165,0.0015385791,2
SLC4A7,154,0.006152685,0.00043947744,11
ZNF564,4,0.006152598,0.0015381495,1
HNRNPH1,12,0.0061494447,0.0005124537,1
CPM,6,0.0061469143,0.0020489716,2
IL17F,30,0.006141118,0.0010235196,5
ZNF563,4,0.006138663,0.0015346657,1
GINS3,14,0.006138447,0.000876921,2
RHCG,4,0.0061227633,0.0015306908,1
LCN9,4,0.0061193286,0.0015298321,1
ZFP36L1,450,0.006115496,0.0010192493,75
NTNG2,5,0.006105144,0.0012210289,1
SRP9,5,0.00610504,0.001221008,1
PITX2,65,0.0060991654,0.0004691666,5
SIKE1,7,0.0060838806,0.00086912577,1
NCR1,32,0.0060677193,0.0015169298,8
OR52E8,3,0.0060676243,0.0020225414,1
SULT1B1,6,0.0060659777,0.0010109963,1
KCNC1,8,0.006062279,0.0015155697,2
PDE1C,22,0.006053627,0.00027516487,1
TRAPPC4,14,0.00603547,0.000431105,1
DTNBP1,12,0.0060348623,0.0015087156,3
YKT6,21,0.006030575,0.00028717023,1
NMBR,90,0.006025566,0.00060255657,9
ZNF133,4,0.0060212365,0.0015053091,1
RIN2,24,0.0060198465,0.0010033078,4
DCK,17,0.006017537,0.00035397275,1
SOAT1,33,0.0060165813,0.00018232064,1
TNNI3,61,0.0060134768,9.8581586e-05,1
SAP18,19,0.00600344,0.0003159705,1
FBXO32,64,0.0060028764,0.00037517978,4
HTR3E,10,0.0060027586,0.0012005516,2
ADAMTS18,36,0.0060017165,0.0010002861,6
CDH17,14,0.0059925355,0.00085607654,2
ZNF274,5,0.0059904708,0.0011980941,1
DSC3,30,0.00598864,0.001996213,10
OR10D3,3,0.0059854826,0.001995161,1
HYKK,4,0.0059824428,0.0014956107,1
BAAT,74,0.0059800595,0.00016162323,2
SLC7A10,36,0.00596378,0.00049698167,3
TLL2,8,0.005962323,0.00074529037,1
PRAG1,25,0.0059541855,0.0011908371,5
EFNA4,39,0.005950689,0.00045774528,3
TMEM132A,4,0.0059459195,0.0014864799,1
GYPA,16,0.005944817,0.0014862042,4
GFI1,16,0.0059408997,0.0014852249,4
CRTAP,4,0.0059376075,0.0014844019,1
KMO,14,0.0059349868,0.00042392762,1
EVL,15,0.0059319623,0.00039546416,1
ANO5,6,0.0059288153,0.0019762716,2
UBE2D2,32,0.0059225336,0.00018507917,1
SQSTM1,45,0.005922274,0.0001316061,1
BCL2L14,24,0.005912109,0.0007390136,3
ADGRG6,3,0.0059063504,0.0019687836,1
PLPPR4,12,0.0059021637,0.000983694,2
FGFBP1,16,0.0058936416,0.0007367052,2
NPSR1,14,0.005890495,0.00042074965,1
ELF2,6,0.005890089,0.0009816815,1
SHB,60,0.005880743,0.00058807427,6
LCE1E,8,0.005870175,0.0014675438,2
VLDLR,56,0.005867553,0.0004191109,4
PPP1R12C,42,0.0058674584,0.0009779098,7
UBE3C,10,0.0058642016,0.0011728404,2
GNLY,4,0.0058621163,0.0014655291,1
CACNA1D,50,0.0058618565,0.00011723713,1
KRT24,32,0.005847778,0.0014619445,8
KDM4B,33,0.005846537,0.0005315034,3
PTPRB,6,0.005844752,0.0009741253,1
PDPN,3,0.005840024,0.0019466747,1
DHX15,12,0.0058338875,0.00097231456,2
CDC42SE2,5,0.0058302614,0.0011660523,1
MTERF1,12,0.005826713,0.0014566783,3
DDC,205,0.005823356,0.00014203307,5
COLEC11,11,0.0058149346,0.0005286304,1
SLC28A3,72,0.005813653,0.0004844711,6
OR4X1,3,0.0058125597,0.0019375199,1
KCNF1,9,0.0058067404,0.0019355802,3
CFH,8,0.0058046747,0.00072558434,1
SETD6,4,0.0057996153,0.0014499038,1
CMKLR1,15,0.0057954215,0.0011590844,3
C9orf72,12,0.0057906094,0.0014476524,3
ASPG,4,0.005782446,0.0014456115,1
PIP4K2A,31,0.00578042,0.00018646516,1
CWC27,12,0.0057773427,0.0014443357,3
ACHE,20,0.005775371,0.00028876856,1
RNF220,4,0.005770199,0.0014425498,1
TACR2,11,0.0057685603,0.0005244146,1
SELENOS,6,0.0057662837,0.0009610473,1
ACSF2,5,0.005765451,0.0011530903,1
UBE2R2,18,0.005759726,0.00063996954,2
FOXP1,24,0.005754031,0.0019180102,8
ZNF764,12,0.005751019,0.0014377547,3
KHDRBS2,8,0.005747985,0.0014369963,2
IFT74,5,0.005732126,0.0011464253,1
HPX,3,0.0057317833,0.0019105944,1
RNF114,32,0.0057302928,0.0014325732,8
CD46,16,0.0057232114,0.00071540143,2
OR5AR1,3,0.005709635,0.0019032117,1
SRGAP3,12,0.005705547,0.00047546226,1
H4C4,94,0.0057037356,6.0678038e-05,1
NCR3,16,0.005700243,0.0014250608,4
DEFB136,5,0.005697403,0.0011394806,1
OR5AN1,6,0.005693986,0.0018979954,2
ZNF713,4,0.0056932494,0.0014233124,1
DDAH1,55,0.0056879777,0.0011375955,11
AGMO,12,0.0056773894,0.0014193474,3
TRRAP,19,0.0056713903,0.00029849424,1
MYH10,42,0.0056663104,0.0002698243,2
SULT1C4,6,0.0056657605,0.0009442934,1
ANK1,17,0.005665675,0.00033327498,1
ZNF671,4,0.0056641917,0.0014160479,1
CSF2RB,96,0.0056641637,0.00017700512,3
EPHA1,9,0.0056637377,0.0006293042,1
KRR1,12,0.00566257,0.0014156424,3
UVSSA,12,0.0056620347,0.00094367244,2
DOK4,5,0.0056614215,0.0011322843,1
SLC30A7,30,0.0056590843,0.00056590844,3
CD74,90,0.0056528086,0.0005652809,9
CRHBP,6,0.005648955,0.00094149244,1
TEAD3,15,0.0056363125,0.00037575417,1
AGPAT5,24,0.005634296,0.0004695247,2
OR2Y1,3,0.005632938,0.001877646,1
USP47,12,0.005631078,0.0014077695,3
SYS1,4,0.0056295106,0.0014073777,1
NDUFS8,19,0.0056266948,0.00029614184,1
OR56B1,3,0.0056253355,0.0018751118,1
DNAJC19,2,0.0056230584,0.0028115292,1
DEFB115,5,0.005621561,0.0011243122,1
RAB25,8,0.0056187804,0.0014046951,2
GADL1,8,0.005617603,0.0007022004,1
SPRR2G,3,0.005604851,0.0018682837,1
CLEC2B,44,0.005603845,0.0014009613,11
SCRIB,20,0.005600205,0.00028001025,1
OR6P1,3,0.0055990196,0.0018663398,1
GLMN,5,0.0055934605,0.0011186921,1
PABPC1,120,0.0055924887,0.00023302036,5
ADSS2,30,0.0055909413,0.0001863647,1
SPOPL,30,0.0055908044,0.0011181609,6
EXTL2,72,0.005588139,0.0013970347,18
RSPO3,460,0.005586546,0.0005586546,46
KLF5,14,0.005581041,0.0007972915,2
DIO3,22,0.005578085,0.0005070986,2
OR7A10,4,0.0055758986,0.0013939746,1
TRPM8,5,0.0055677933,0.0011135587,1
RAB6B,12,0.005564235,0.00046368627,1
BMP7,308,0.005561055,0.00019860911,11
GNA15,46,0.0055551343,0.00012076379,1
BRAP,14,0.0055520697,0.0007931528,2
ULBP3,8,0.005550661,0.0013876653,2
ELAC2,14,0.005547916,0.00079255947,2
FLRT1,5,0.0055460418,0.0011092083,1
OR51E2,6,0.005543977,0.0018479924,2
EFNA5,216,0.0055383504,0.00030768613,12
PANK4,6,0.005538257,0.0009230428,1
IFNL2,10,0.005536593,0.0011073187,2
AQP9,91,0.00553559,0.0007907985,13
TTC30B,5,0.0055302493,0.0011060499,1
CPB2,12,0.0055260784,0.00046050653,1
P4HA3,17,0.0055255,0.00032502942,1
RAD23B,56,0.005521805,0.00039441464,4
MMUT,117,0.0055206963,0.00014155632,3
CATSPERG,3,0.005516466,0.001838822,1
WDR41,3,0.0055160075,0.0018386692,1
KNTC1,36,0.0055148825,0.00030638237,2
ELOVL6,60,0.0055089416,0.00045907847,5
C1GALT1C1L,2,0.005508541,0.0027542706,1
NLRP4,7,0.0055008656,0.00078583794,1
ULK3,8,0.005497904,0.001374476,2
SPRR2A,3,0.005496175,0.0018320583,1
FBN1,52,0.0054836646,0.00042182032,4
PIGK,10,0.0054832874,0.0010966575,2
ESAM,4,0.0054817144,0.0013704286,1
INO80,4,0.0054809568,0.0013702392,1
FOSB,24,0.005472155,0.00022800645,1
ALDH3A2,59,0.005469462,9.270274e-05,1
FBXL19,7,0.0054690116,0.0007812874,1
TNFRSF21,30,0.0054688375,0.00054688373,3
ZNF175,48,0.0054629627,0.0013657407,12
LYPD4,3,0.0054608,0.0018202667,1
CLEC4G,4,0.005455505,0.0013638763,1
TMBIM1,3,0.005449803,0.001816601,1
KDM6B,9,0.0054466166,0.00060517964,1
OR5L1,3,0.005445653,0.0018152177,1
CHST10,64,0.005443804,0.0006804755,8
AEBP2,72,0.0054363427,0.0006040381,8
ZFHX3,10,0.0054312213,0.0010862442,2
KLHL25,7,0.005428052,0.000775436,1
SLC35D2,13,0.0054279743,0.00041753647,1
CHRM5,18,0.0054255235,0.00030141798,1
SLC13A3,7,0.0054233335,0.00077476195,1
LCE1C,15,0.005419315,0.0018064382,5
ASAP1,112,0.00541749,0.00038696357,8
FIBP,2,0.0054138214,0.0027069107,1
PLEKHA5,6,0.0054137954,0.00090229925,1
PJA2,16,0.005410964,0.001352741,4
COL15A1,14,0.0054102773,0.0007728968,2
PFAS,25,0.005403455,0.0002161382,1
ZWINT,36,0.005400472,0.0003000262,2
HHAT,14,0.0053935316,0.00077050447,2
NGEF,26,0.0053882706,0.00020724117,1
SEMA5B,5,0.005387446,0.0010774892,1
KCNG2,9,0.005385487,0.0017951623,3
CES5A,5,0.005384476,0.0010768952,1
LCE2B,8,0.0053833122,0.0013458281,2
IL36B,6,0.0053713983,0.00089523307,1
OR5D14,3,0.0053713247,0.0017904416,1
JUND,30,0.0053698826,0.00017899608,1
SARS1,20,0.005367793,0.00026838965,1
BCO1,30,0.005366565,0.00053665653,3
COL1A2,39,0.0053656558,0.00013758092,1
MPHOSPH10,5,0.0053544072,0.0010708815,1
SPTLC2,85,0.0053516524,0.0003148031,5
MYL7,8,0.0053512524,0.00066890655,1
SGIP1,4,0.0053462214,0.0013365553,1
LIPG,32,0.005343518,0.0006679398,4
HEYL,16,0.0053414516,0.00033384073,1
COL25A1,14,0.0053376453,0.0007625207,2
IL11RA,26,0.0053326027,0.0004102002,2
GPAM,350,0.005325675,0.00015216215,10
PRICKLE1,7,0.0053176335,0.00075966195,1
LCE2A,6,0.0053149103,0.0017716368,2
PADI1,3,0.0053146807,0.0017715603,1
CCR1,595,0.005313833,0.0003125784,35
YPEL5,4,0.0053092306,0.0013273077,1
ARHGAP39,19,0.0053014243,0.00027902232,1
TBC1D3B,4,0.005295736,0.001323934,1
MYCN,9,0.0052954517,0.0017651506,3
TMEM30A,3,0.0052838833,0.0017612944,1
CWC22,52,0.005281142,0.0013202855,13
CD53,6,0.005280041,0.0017600138,2
PXMP4,3,0.0052743405,0.0017581135,1
WASF3,150,0.005274272,0.00021097087,6
ACAN,36,0.0052685626,0.00043904688,3
MRC1,11,0.005263779,0.00047852535,1
OR1F12,6,0.005261032,0.0017536773,2
TRIM9,4,0.005257379,0.0013143447,1
ABCG2,78,0.0052521327,0.00020200509,3
OR4C6,6,0.0052479785,0.0017493261,2
USP20,4,0.0052465643,0.0013116411,1
CCL21,140,0.005242371,0.00037445503,10
AK4,33,0.005240714,0.00047642854,3
HSPA4,10,0.005237464,0.00052374636,1
CNGB3,3,0.0052310536,0.0017436845,1
IP6K3,24,0.0052297227,0.00065371534,3
NRGN,6,0.0052291043,0.0008715174,1
PRPF4B,24,0.0052290596,0.0017430198,8
FAM20B,14,0.005227816,0.00037341542,1
GALNT1,105,0.005217131,0.00024843484,5
ZNF25,4,0.0052157165,0.0013039291,1
GABRB1,60,0.0052156025,0.00034770684,4
SEMA4D,45,0.005198135,0.0005775705,5
MGAT5,96,0.005196596,0.0006495745,12
FCHO2,4,0.005192605,0.0012981512,1
GLG1,12,0.005186714,0.0012966786,3
GPR65,28,0.0051849145,0.0007407021,4
KSR1,30,0.005180429,0.00017268097,1
UBAC1,4,0.0051780185,0.0012945046,1
EHD3,28,0.0051771007,0.0012942752,7
RXFP1,36,0.005171553,0.0002873085,2
SYMPK,15,0.005166931,0.00034446208,1
GDF6,52,0.005161798,0.0003970614,4
MFSD2A,5,0.0051600197,0.0010320039,1
ANK2,42,0.0051565506,0.00036832504,3
ADCYAP1,24,0.005155045,0.00021479354,1
CKM,7,0.005149831,0.0007356902,1
LAT,245,0.005149563,0.00010509312,5
ANO3,30,0.005148432,0.0017161442,10
HIVEP3,5,0.005146955,0.0010293911,1
PHF20,10,0.0051468424,0.00051468424,1
CFHR1,10,0.0051457016,0.0010291403,2
ZNF568,4,0.0051423246,0.0012855812,1
KCNAB2,7,0.0051381085,0.0007340155,1
HS6ST3,27,0.00513089,0.00057009887,3
CD8A,19,0.005129954,0.00026999757,1
PCDH15,140,0.005127774,0.0012819435,35
HTR3B,5,0.0051198476,0.0010239695,1
SEM1,48,0.0051190085,0.00031993803,3
MYL2,31,0.0051188814,0.00016512521,1
LINGO1,16,0.005109325,0.00063866563,2
C6,17,0.005104688,0.00030027577,1
RIPOR2,4,0.0050995424,0.0012748856,1
MRPL28,7,0.0050914274,0.00072734675,1
ATP13A2,8,0.0050864965,0.0012716241,2
SLC24A3,24,0.0050738365,0.0012684591,6
KRT38,5,0.005071031,0.0010142062,1
CXCL13,75,0.0050701513,0.00033801008,5
ARHGAP32,19,0.0050612576,0.00026638198,1
DCUN1D5,6,0.005058534,0.001686178,2
TMEM186,5,0.005041363,0.0010082726,1
OR51V1,3,0.005032654,0.0016775513,1
EFHD2,10,0.005023086,0.0010046172,2
WLS,9,0.005021963,0.0016739876,3
FGF14,26,0.005021562,0.000386274,2
PODXL,45,0.0050212527,0.0010042505,9
CCNG1,112,0.005021104,0.0003586503,8
ANO4,9,0.005013024,0.0016710078,3
FBXL20,7,0.0050054197,0.00071506,1
LMX1B,5,0.0050034863,0.0010006973,1
SCN7A,27,0.005002054,0.0005557838,3
CREM,49,0.0049977996,0.0007139713,7
ENTPD7,4,0.0049977982,0.0012494496,1
RPGRIP1L,12,0.0049948646,0.00083247747,2
FGF21,252,0.004990751,0.00017824111,9
NOS1,53,0.0049894094,9.4139796e-05,1
RNF20,11,0.0049871835,0.00045338031,1
JAML,18,0.00498338,0.0008305633,3
PKHD1,45,0.0049804864,0.00055338733,5
QKI,6,0.004974339,0.00082905655,1
HUS1,26,0.0049729664,0.00019126794,1
HDAC9,30,0.0049653114,0.00016551038,1
OCA2,12,0.0049583465,0.0016527821,4
DNER,9,0.0049579553,0.00055088394,1
ESPNL,4,0.0049566827,0.0012391707,1
NIPAL2,8,0.004955059,0.0024775295,4
EDC3,4,0.004954862,0.0012387155,1
LARGE1,28,0.0049524843,0.0012381211,7
UBE3A,51,0.0049504396,0.00029120233,3
SLC15A2,5,0.0049500577,0.0009900115,1
NLRP3,99,0.004947347,0.0001499196,3
SRP68,4,0.0049449727,0.0012362432,1
OR52K2,6,0.004942371,0.001647457,2
FBXO15,70,0.004941522,0.0007059317,10
MATN1,21,0.0049302257,0.0016434087,7
PERP,75,0.004927802,0.0003285201,5
OR10T2,6,0.004925438,0.0016418126,2
ATP9A,6,0.004924096,0.0016413655,2
TNFRSF18,22,0.004923901,0.00044762736,2
HLCS,9,0.0049191313,0.00054657017,1
P3H2,4,0.0049180523,0.0012295131,1
NPS,84,0.004917781,0.00035127008,6
RAB3A,48,0.00491485,0.00020478542,2
KIF13A,16,0.0049111834,0.0012277958,4
SIPA1L1,16,0.004911085,0.0012277713,4
PFDN4,24,0.0049101473,0.00081835786,4
NMU,45,0.0049084527,0.0005453836,5
MTMR6,8,0.0049068322,0.00061335403,1
KLK8,4,0.0049007433,0.0012251858,1
OR10R2,6,0.004894862,0.0016316206,2
CYP3A7-CYP3A51P,25,0.0048942994,0.00019577198,1
CXCL6,16,0.004891078,0.00030569237,1
GP1BA,36,0.004885791,0.00027143283,2
CYP19A1,33,0.0048857597,0.00014805332,1
ICOS,300,0.00488426,0.00024421298,15
B9D2,23,0.004880706,0.0002122046,1
GALR1,200,0.0048739584,0.00048739585,20
NCF2,176,0.0048725163,0.000110739005,4
TAF2,40,0.0048708403,0.00024354202,2
MCPH1,10,0.004860588,0.00097211753,2
SPTBN1,37,0.0048543196,0.00013119783,1
NEK6,81,0.0048528397,0.0005392044,9
ECE1,10,0.0048499834,0.00048499834,1
TYR,57,0.0048481184,0.0002551641,3
C4BPA,8,0.0048448704,0.0006056088,1
PTBP2,6,0.0048428406,0.0016142803,2
OR6B2,3,0.0048408234,0.0016136077,1
DR1,6,0.0048318836,0.0016106279,2
CTNNA3,40,0.0048304508,0.00048304512,4
SAA4,3,0.004823376,0.001607792,1
ABCB4,9,0.0048215445,0.0005357272,1
OR5D13,6,0.004820583,0.001606861,2
KIFAP3,13,0.004813654,0.00037028108,1
SLC26A2,15,0.004809449,0.00032062994,1
TRPM6,10,0.004806759,0.00096135173,2
OR5AK2,3,0.004806293,0.0016020978,1
DHX37,4,0.004805809,0.0012014522,1
CXCR5,300,0.004798821,0.00031992144,20
USP15,22,0.0047986023,0.00043623656,2
CASP5,6,0.0047958028,0.00079930044,1
GRK5,32,0.0047949655,0.00029968534,2
OTUD3,225,0.004793947,0.0005326608,25
CD274,32,0.004791607,0.0005989509,4
IZUMO1R,5,0.004786629,0.00095732586,1
IL34,6,0.0047862483,0.00079770805,1
ZNF770,6,0.0047843726,0.001594791,2
SUCLG2,52,0.004783988,0.00018399954,2
CEMIP,10,0.0047839643,0.00095679285,2
COPRS,12,0.00478183,0.0015939435,4
CDH11,180,0.004778362,0.00053092913,20
STARD13,32,0.0047761826,0.0005970228,4
QSOX1,33,0.0047750967,0.0004340997,3
GNPDA1,435,0.004769107,0.00031794046,29
CNTN5,78,0.0047641825,0.0015880609,26
KLRB1,28,0.0047590667,0.0011897667,7
NUP35,158,0.0047474382,6.0094157e-05,2
KIF16B,32,0.0047465316,0.00059331645,4
ST3GAL6,19,0.004745962,0.00024978747,1
MIS18BP1,8,0.004740896,0.001185224,2
PTPRM,30,0.004733934,0.001577978,10
MMP16,84,0.0047329604,0.0007888268,14
EZH1,3,0.0047296765,0.0015765588,1
KCNH5,48,0.0047202036,0.0015734012,16
ICE1,30,0.004719974,0.0015733248,10
ZNF544,4,0.0047188303,0.0011797076,1
AGBL3,6,0.004718238,0.001572746,2
MORF4L1,96,0.004718161,0.0011795403,24
GCC1,10,0.004714885,0.000942977,2
PKP2,56,0.0047118464,0.0006731209,8
IPPK,12,0.0047081388,0.0003923449,1
DHCR24,37,0.004706714,0.00012720848,1
PRLR,63,0.0046989303,0.00022375857,3
RSAD2,7,0.0046980064,0.00067114376,1
STOM,80,0.0046909205,0.00023454602,4
PREX2,26,0.0046892622,0.00036071247,2
B4GALT4,14,0.00468662,0.00033475857,1
MAP3K20,4,0.004686516,0.001171629,1
WDR91,5,0.004685739,0.0009371478,1
ATG16L1,150,0.004679203,0.0004679203,15
PTPRN2,12,0.004673037,0.0011682593,3
RGS6,64,0.004670535,0.00029190845,4
EN1,8,0.0046701347,0.0023350674,4
SLC15A3,8,0.0046630464,0.0011657616,2
DNM3,22,0.0046501625,0.00021137102,1
FGFBP2,18,0.004649585,0.0007749309,3
TDGF1,66,0.004647929,0.0007746549,11
KCNJ8,55,0.004643309,8.44238e-05,1
FBLIM1,3,0.004641211,0.0015470703,1
TLR9,36,0.004639412,0.00012887255,1
FGF1,105,0.004633011,4.4123914e-05,1
PIGP,5,0.0046296744,0.0009259349,1
SERPINA4,4,0.004625377,0.0011563442,1
GOSR2,28,0.004623918,0.0003302798,2
RNASEL,11,0.004623469,0.00042031537,1
MSI2,7,0.0046223365,0.0006603338,1
LPA,6,0.0046223267,0.00077038776,1
RAPGEF5,8,0.004617674,0.0011544185,2
DIO2,36,0.004614569,0.0003845474,3
WNT7B,42,0.0046120207,0.00010981002,1
TG,4,0.0046093166,0.0011523291,1
FBXW12,14,0.004608714,0.0006583877,2
KDM4A,11,0.004603504,0.0004185004,1
LAMA4,24,0.0045934855,0.00019139523,1
AGBL1,24,0.0045910804,0.0015303601,8
ALDH2,90,0.004588149,5.0979434e-05,1
HOXA1,57,0.0045881197,0.0015293732,19
NUDT7,21,0.0045878883,0.0006554127,3
GRIK3,27,0.0045859986,0.0005095554,3
PARP8,8,0.0045824787,0.00057280983,1
RPAP2,12,0.0045822235,0.0015274079,4
MC5R,32,0.004574744,0.0002859215,2
AUTS2,25,0.0045648315,0.0009129663,5
PPT1,8,0.0045621577,0.0005702697,1
C1GALT1,8,0.004558213,0.00056977663,1
OAZ3,4,0.004547516,0.001136879,1
PTPN5,4,0.0045419065,0.0011354766,1
EVA1A,20,0.00453676,0.00113419,5
SRPK1,3,0.004529797,0.0015099323,1
ENPEP,20,0.0045288466,0.0011322116,5
MAN2A1,65,0.004521872,0.00034783632,5
WNT5A,325,0.00452008,6.953969e-05,5
LORICRIN,6,0.004519793,0.0015065977,2
ATG7,20,0.004517505,0.00022587525,1
F2RL3,20,0.0045134006,0.00022567002,1
FBF1,4,0.0045121023,0.0011280256,1
ARL4C,16,0.0045043924,0.0011260981,4
IQCB1,5,0.0044977777,0.0008995555,1
TFAM,36,0.004496944,0.00037474532,3
NF1,23,0.004496012,0.00019547877,1
TAF6,22,0.004494992,0.00020431782,1
AP1S3,17,0.0044929152,0.00026428912,1
SCNN1B,66,0.0044927695,0.00013614453,2
SLC4A3,24,0.004492665,0.0011231663,6
LCE2C,3,0.004492406,0.0014974686,1
FCGR2A,899,0.0044863867,0.000154703,31
PPARD,120,0.004483579,0.00014945262,4
VRK1,9,0.004473591,0.0004970657,1
ZNF771,3,0.00447178,0.0014905933,1
SLC17A3,6,0.004471159,0.0014903864,2
ZNF184,16,0.0044705854,0.0011176463,4
TAS1R2,24,0.004469986,0.00055874826,3
UBR4,24,0.0044682105,0.0005585263,3
PRKAR2A,174,0.0044674436,5.1349925e-05,2
PRR5,78,0.0044673565,0.00017182139,3
CHRNA1,13,0.0044619287,0.00034322529,1
SPTLC3,24,0.004460012,0.0005575015,3
ADAMTSL1,16,0.0044574514,0.0011143629,4
UGT3A1,56,0.004455891,0.0011139727,14
SLC24A2,80,0.004455105,0.000891021,16
TIMELESS,28,0.004454506,0.00063635805,4
MSH5,2,0.004453143,0.0022265716,1
MEX3C,8,0.0044527487,0.0011131872,2
KIAA0319,8,0.004445867,0.0011114668,2
PGM2L1,16,0.0044437908,0.00027773692,1
CAVIN1,121,0.004440483,0.0004036803,11
KCTD13,7,0.0044300025,0.0006328575,1
MERTK,8,0.0044299006,0.0011074751,2
RAB3C,6,0.00442944,0.00147648,2
AGBL4,6,0.004427381,0.0014757935,2
ORMDL3,24,0.004424801,0.0014749337,8
PTPRA,28,0.0044171745,0.00031551247,2
GALNTL6,7,0.0044097123,0.0006299589,1
OSBPL5,12,0.00440904,0.00073484,2
PSMB2,33,0.0044039874,0.00013345416,1
COL24A1,12,0.004403361,0.0007338936,2
BCO2,7,0.0044030556,0.00062900793,1
LIMS2,4,0.0043934365,0.0010983591,1
RTN4RL2,3,0.0043927105,0.0014642369,1
SPSB1,7,0.004391119,0.0006273027,1
PLEKHG4B,10,0.004390662,0.0008781324,2
SLC27A6,28,0.004384485,0.00062635506,4
PKP1,24,0.004383982,0.00036533186,2
TNK2,6,0.0043817405,0.0007302901,1
NRXN1,28,0.0043802788,0.00062575407,4
CPD,10,0.0043799733,0.00043799734,1
KRT27,4,0.0043790406,0.0010947601,1
SPSB4,21,0.0043785907,0.00062551297,3
ANG,24,0.0043759085,0.00054698857,3
INHBA,161,0.004372883,0.00019012536,7
HACE1,52,0.0043637347,0.0010909337,13
NCR3LG1,6,0.0043635177,0.001454506,2
NUB1,12,0.0043630595,0.0014543532,4
PTTG1,340,0.0043565165,0.0002562657,20
PDE6A,34,0.004349105,0.0002558297,2
ATXN2L,12,0.004348047,0.0010870118,3
CRISPLD2,15,0.00433739,0.0014457966,5
CALD1,5,0.004331803,0.0008663606,1
ZNF169,4,0.0043308395,0.0010827099,1
BAG5,4,0.0043214313,0.0010803578,1
NRG1,220,0.0043202834,7.8550605e-05,4
FOLR1,14,0.004317293,0.00030837808,1
RNF126,8,0.004313156,0.001078289,2
ERCC4,144,0.0043131434,0.00026957146,9
GPR18,16,0.0043121614,0.00053902017,2
ANAPC10,44,0.004309683,9.794734e-05,1
FGFBP3,6,0.004298066,0.0007163443,1
RBM17,198,0.0042938762,0.00071564596,33
VAT1,3,0.004288701,0.001429567,1
TNN,20,0.004284619,0.00042846188,2
KCNQ3,22,0.0042785006,0.0003889546,2
COL19A1,12,0.0042763497,0.0007127249,2
SDR9C7,3,0.0042739604,0.0014246535,1
CAMK1G,5,0.0042732605,0.0008546521,1
ELOVL7,14,0.0042729317,0.00061041885,2
CPN2,4,0.004271821,0.0010679553,1
DCUN1D1,6,0.0042710546,0.0014236848,2
TAF4,21,0.004270286,0.00020334695,1
ASIP,3,0.00426732,0.00142244,1
TRIM10,12,0.004266649,0.0010666623,3
UGT2A2,15,0.0042628124,0.0002841875,1
USP12,208,0.0042626425,0.0010656606,52
BMP5,26,0.0042553353,0.0003273335,2
MRS2,2,0.004254558,0.002127279,1
HLA-DMA,155,0.004246385,0.00013698015,5
TSN,15,0.00424233,0.0014141101,5
PDE2A,17,0.0042422516,0.00024954422,1
MED13L,111,0.004241797,0.0014139323,37
UBA7,20,0.0042403094,0.00021201547,1
CD19,60,0.0042370427,0.00014123476,2
ANKH,6,0.004236389,0.0014121295,2
KIF17,9,0.004234802,0.00047053356,1
MBD4,10,0.0042278455,0.00042278453,1
AGBL2,3,0.004202766,0.001400922,1
BTN3A2,18,0.004202526,0.001400842,6
CDH13,49,0.0041907593,0.0005986799,7
AGTPBP1,15,0.0041805366,0.0013935122,5
GCNT4,6,0.004177048,0.0006961746,1
CAPN10,6,0.004172918,0.0013909726,2
CCR9,15,0.0041676415,0.00027784277,1
ABCC3,29,0.004161665,0.00014350569,1
UGT1A3,76,0.0041552978,0.00010934993,2
KCNC2,12,0.004154303,0.0013847677,4
UQCC1,2,0.0041475343,0.0020737671,1
OLFM4,9,0.0041471138,0.0013823713,3
SLC16A3,16,0.004146191,0.00025913693,1
FOXK1,28,0.0041455636,0.0010363909,7
RGS8,20,0.0041417335,0.00041417335,2
OR52E6,3,0.0041402434,0.0013800812,1
SLAMF7,40,0.004139133,0.0010347832,10
SLC4A4,32,0.0041368115,0.00051710143,4
SLC4A2,9,0.0041333833,0.00045926482,1
SLC44A4,9,0.0041312026,0.0004590225,1
DCTN5,16,0.004126876,0.00025792976,1
PADI3,39,0.0041235583,0.0013745193,13
BCHE,51,0.004122639,0.00024250819,3
AZIN2,6,0.0041226353,0.0006871059,1
SESN1,13,0.00411136,0.00031625846,1
PDHA2,147,0.0041079507,0.0001956167,7
IDH1,26,0.004102616,0.00015779292,1
MGAM,36,0.00410098,0.0002278322,2
KCNIP1,6,0.004087882,0.0013626274,2
GLB1,665,0.0040852516,0.00011672147,19
NAGK,40,0.0040787496,0.00020393748,2
ADAMTS12,4,0.004076434,0.0010191085,1
PPP1R3B,4,0.0040762927,0.0020381464,2
NADSYN1,54,0.0040760334,0.00022644631,3
PLA2R1,2,0.0040735723,0.0020367862,1
MBL2,476,0.0040722424,0.00029087448,34
KLF2,21,0.004071605,0.0005816578,3
ABCB5,12,0.0040700254,0.001356675,4
SLC26A1,12,0.0040689665,0.00033908055,1
ADAMTS7,80,0.0040562414,0.0010140603,20
ABLIM1,7,0.0040562083,0.0005794583,1
MKKS,2,0.004053839,0.0020269195,1
GATA3,78,0.0040519643,0.00010389652,2
WNT7A,126,0.004048715,9.639797e-05,3
TRIM26,24,0.004047913,0.0010119783,6
NRP2,39,0.00404539,0.00031118383,3
HTR3A,6,0.004044181,0.0006740302,1
ELMO1,165,0.004033899,0.00012223936,5
ANO7,3,0.0040330347,0.0013443449,1
DOCK9,20,0.0040326226,0.00040326227,2
PEDS1-UBE2V1,54,0.0040325373,7.4676616e-05,1
SIGLEC11,3,0.0040291008,0.0013430336,1
CD83,15,0.0040255175,0.0013418391,5
PDE4C,28,0.0040184762,0.00028703402,2
GAN,21,0.004017722,0.00057396025,3
CIDEC,3,0.004014679,0.0013382264,1
ABR,20,0.0040114108,0.00020057053,1
WWTR1,20,0.004010613,0.00020053066,1
GBP4,5,0.004009862,0.0008019724,1
FBXO11,16,0.004009682,0.0005012103,2
MOS,72,0.004007735,0.00044530386,8
USP3,8,0.0040059024,0.0010014756,2
ID4,70,0.004001699,0.0004001699,7
GC,25,0.003998509,0.00079970184,5
NADK,10,0.003992989,0.0003992989,1
LILRB1,20,0.0039904946,0.0007980989,4
ULK1,84,0.0039865687,0.00014237745,3
FKBP15,1,0.0039820364,0.0039820364,1
UTP25,4,0.0039756987,0.0009939247,1
MNDA,3,0.003975161,0.0013250536,1
FBXW2,66,0.0039729215,0.0003611747,6
OR5M1,3,0.00396822,0.0013227401,1
ANGPT4,12,0.003966524,0.00033054364,1
LAMA1,66,0.0039622635,0.00012006858,2
OR10A6,3,0.003960318,0.001320106,1
ZNF215,3,0.0039563086,0.0013187695,1
ITLN1,30,0.003945098,0.0013150326,10
LOXL4,6,0.0039426023,0.0006571004,1
HNF1A,13,0.003940055,0.00030308118,1
ZNF627,8,0.0039330577,0.0009832644,2
ABCC9,59,0.0039322483,6.6648274e-05,1
MAP3K14,240,0.0039314767,6.552461e-05,4
ASH1L,6,0.00392927,0.0006548783,1
IL20RB,54,0.0039288993,0.0004365444,6
LCE4A,6,0.003928454,0.0013094847,2
EPHA5,7,0.003927238,0.00056103396,1
STARD3,8,0.0039258637,0.00049073296,1
MST1,12,0.003925195,0.00032709958,1
SYT7,3,0.0039211665,0.0013070555,1
ZFP36L2,66,0.003918911,0.0013063037,22
RPS24,30,0.0039091283,0.00013030428,1
COL28A1,10,0.003908851,0.0007817702,2
KLRF1,87,0.0039008413,0.0013002804,29
CST5,15,0.003898175,0.0012993917,5
OPRK1,144,0.0038954257,0.00021641253,8
POLG,4,0.003885822,0.0009714555,1
ZFP90,64,0.0038845085,0.0009711271,16
ENPP3,13,0.0038839553,0.00029876578,1
PITPNB,12,0.003881251,0.0006468751,2
MUC5B,12,0.0038806433,0.00032338695,1
RELN,16,0.003878518,0.00024240738,1
NCALD,7,0.0038765166,0.0005537881,1
FABP6,14,0.0038636846,0.00027597748,1
TAS2R38,8,0.0038573355,0.00048216694,1
GPD2,38,0.003846244,0.00020243389,2
SPRR2F,3,0.0038448288,0.0012816096,1
HTR1E,70,0.003841679,0.00027440564,5
PIGU,5,0.0038352949,0.000767059,1
LRRK2,230,0.003828682,0.0003828682,23
ZNF135,8,0.0038246824,0.0009561706,2
OPA1,4,0.0038171913,0.00095429784,1
ELF5,4,0.0038166388,0.0019083194,2
ROR2,17,0.0038138446,0.0002243438,1
UTRN,6,0.0038123466,0.0019061733,3
ADORA1,48,0.0038094607,0.00015872752,2
SPON1,10,0.0038062697,0.000761254,2
LCE3D,15,0.0037988652,0.0012662883,5
ZNF485,6,0.0037983689,0.0012661229,2
KMT5C,40,0.0037965062,0.00075930124,8
DSCC1,14,0.0037953441,0.000542192,2
OR5V1,20,0.0037912629,0.0009478157,5
ANKRD9,3,0.0037898181,0.0012632727,1
RASA2,26,0.0037854798,0.00029119075,2
NTN1,16,0.0037831229,0.00023644518,1
ADAM12,9,0.0037797373,0.0004199708,1
PLCE1,28,0.0037790253,0.00013496519,1
OAS2,17,0.0037777724,0.0002222219,1
PPP1R14C,9,0.003776979,0.0012589929,3
GABRR3,20,0.003769505,0.00037695048,2
CLINT1,40,0.0037689728,0.00075379456,8
OR13A1,6,0.0037575136,0.0012525045,2
MDGA2,6,0.0037534384,0.0012511462,2
CLEC4C,15,0.0037512903,0.0007502581,3
CD80,200,0.003748859,7.497718e-05,4
FH,35,0.0037438625,0.0001069675,1
TRMT9B,27,0.0037332107,0.0012444035,9
CTDSP2,16,0.0037305944,0.0009326486,4
TOP3A,26,0.0037288899,0.00014341885,1
CACNG8,21,0.0037210076,0.00017719084,1
MTX2,6,0.0037178397,0.0018589199,3
CASP14,15,0.003717405,0.00074348104,3
ZIM3,4,0.0037099118,0.00092747796,1
TRIM72,2,0.0037084466,0.0018542233,1
ZNF747,9,0.003693252,0.0012310841,3
TMIGD3,14,0.0036920574,0.0002637184,1
ARC,26,0.0036894088,0.00028380068,2
FCAMR,2,0.0036693497,0.0018346749,1
OR6N2,6,0.00366842,0.0012228066,2
CCDC187,30,0.0036678386,0.0007335677,6
ARSI,184,0.003665483,0.0004581854,23
ADGRF4,4,0.003658122,0.001829061,2
LRFN2,18,0.0036542823,0.0012180941,6
THRAP3,3,0.0036462042,0.0012154015,1
VMP1,2,0.0036457279,0.0018228639,1
REG3A,12,0.0036449467,0.0009112367,3
NIPBL,5,0.0036432326,0.0007286465,1
COQ6,8,0.0036339029,0.00045423786,1
MIR181C,3,0.0036319385,0.0012106461,1
OR52M1,3,0.0036301399,0.0012100466,1
CHST2,36,0.003628457,0.00040316186,4
RGS7,96,0.0036254432,0.0002265902,6
KDM1A,34,0.0036205389,0.000106486434,1
MBTPS1,42,0.0036167437,0.00017222589,2
GALM,17,0.0036119488,0.00021246758,1
OLA1,4,0.0036107113,0.0009026778,1
GPR161,7,0.0036101043,0.0005157292,1
MYH3,3,0.0036046077,0.0012015359,1
ETV1,16,0.0036043783,0.0018021892,8
EEFSEC,8,0.0035947142,0.00089867855,2
FTMT,40,0.0035942742,0.00035942742,4
IZUMO3,45,0.0035940541,0.001198018,15
NPTN,4,0.003591683,0.00089792075,1
PTPN21,1,0.0035915538,0.0035915538,1
BCL6,40,0.003584229,0.00017921145,2
PIGR,10,0.0035836913,0.0007167383,2
PHACTR2,8,0.0035770342,0.00089425856,2
HIKESHI,4,0.0035751578,0.00089378946,1
ZNRF3,10,0.003570877,0.0007141754,2
OR12D2,42,0.003569851,0.0011899503,14
BRINP1,33,0.0035696393,0.0011898796,11
NEDD9,12,0.0035661676,0.0008915419,3
RAB31,22,0.0035656155,0.00032414685,2
ART1,6,0.0035608152,0.0005934692,1
PPP2R2A,31,0.0035597924,0.000114832015,1
TRDN,16,0.0035571617,0.0004446452,2
SGPP2,16,0.0035561242,0.00022225776,1
SNRNP48,4,0.003552874,0.0008882185,1
UIMC1,18,0.003549696,0.00019720533,1
EGLN3,52,0.0035482184,0.00027293988,4
ST8SIA1,14,0.0035459471,0.00025328193,1
ZFP69B,4,0.0035437737,0.0008859434,1
PRDM2,20,0.0035372511,0.0017686256,10
NUF2,72,0.0035369382,0.00019649656,4
UAP1,45,0.003530681,0.00023537873,3
OR52J3,3,0.003522323,0.0011741077,1
GBE1,42,0.0035212664,0.00025151903,3
LRPPRC,12,0.003514874,0.0008787185,3
COASY,18,0.0035144303,0.00039049226,2
KCNJ6,22,0.0035139043,0.00015972293,1
PDK4,36,0.0035119022,0.00029265854,3
ARHGAP5,62,0.003511302,0.00011326781,2
OR9G4,3,0.0035107452,0.0011702484,1
NPNT,2,0.0034939493,0.0017469747,1
CCDC59,6,0.00349141,0.001745705,3
FMO2,9,0.0034853825,0.00038726474,1
FBP2,15,0.003483591,0.0002322394,1
OR4C16,3,0.0034828915,0.0011609638,1
IRX5,20,0.0034828712,0.0017414356,10
FMO1,12,0.0034794468,0.0002899539,1
TPK1,96,0.0034773455,0.00043466818,12
FZR1,31,0.0034755196,0.000112113536,1
ESRRB,32,0.0034728087,0.0004341011,4
TET2,12,0.003467262,0.0008668155,3
TUB,2,0.0034636771,0.0017318386,1
NCL,16,0.003456545,0.00043206813,2
ADAMTS14,7,0.0034513297,0.0004930471,1
NF2,135,0.0034474274,0.0002298285,9
LAPTM4A,14,0.0034468316,0.0017234158,7
LRRTM3,3,0.0034423904,0.0011474635,1
ABHD17C,15,0.0034410097,0.0006882019,3
NAT8B,3,0.003439548,0.001146516,1
ATG10,49,0.0034383044,0.00049118634,7
HEPHL1,1,0.0034367233,0.0034367233,1
OR8B3,3,0.0034322632,0.0011440878,1
KIF1A,96,0.0034312324,0.00042890405,12
RNF182,24,0.00342995,0.0008574875,6
GALNT5,8,0.0034291972,0.00042864966,1
CRBN,28,0.003426377,0.00085659424,7
ZNF596,12,0.003425162,0.0008562905,3
PLIN2,9,0.0034237115,0.00038041238,1
DNMT3A,273,0.0034218444,0.00016294498,13
RPH3A,16,0.003420306,0.001710153,8
PUM2,8,0.003407152,0.001703576,4
SLC2A2,98,0.0034067328,6.952516e-05,2
PTPN1,225,0.003404954,7.566565e-05,5
FAF1,6,0.0034049028,0.0005674838,1
TJP1,116,0.0034038846,0.00011737533,4
EPAS1,38,0.003400197,0.00017895774,2
IQCE,6,0.003397144,0.00056619063,1
DPH5,10,0.003384032,0.0006768064,2
CLIC5,16,0.0033836167,0.0008459042,4
RET,21,0.0033831252,0.0001611012,1
MUC7,10,0.0033820977,0.00033820976,1
GABRR1,10,0.003380284,0.0003380284,1
SDCCAG8,18,0.0033798288,0.00018776827,1
PPP6R1,8,0.0033786949,0.00042233686,1
CD300LF,3,0.0033777012,0.0011259004,1
SLCO3A1,54,0.0033745137,0.00056241895,9
VLDLR-AS1,1,0.0033505205,0.0033505205,1
RNLS,78,0.003349969,0.0005583282,13
CX3CR1,98,0.0033494185,0.00023924418,7
GARRE1,8,0.0033455289,0.0004181911,1
ARHGAP24,8,0.0033394217,0.0004174277,1
MIR129-1,6,0.0033381544,0.0016690772,3
NDUFAB1,24,0.003336274,0.00013901142,1
MAT1A,44,0.0033339835,0.0001515447,2
TAP1,19,0.0033320992,0.00017537364,1
APBA1,9,0.003328205,0.00036980057,1
BEST3,6,0.0033269331,0.0011089777,2
BAIAP2L1,10,0.0033257557,0.00033257558,1
KPNA7,15,0.0033252623,0.0006650525,3
KAT2B,132,0.00332306,5.0349394e-05,2
NAA35,4,0.0033214483,0.0008303621,1
EXT1,44,0.0033199163,0.00030181056,4
RGS16,17,0.003315419,0.00019502465,1
STX7,2,0.0033107472,0.0016553736,1
GYPC,21,0.0033083302,0.0011027768,7
ATP6V1G1,29,0.0033076862,0.000114058144,1
SIK2,2,0.0033061425,0.0016530713,1
SELENBP1,2,0.0033047602,0.0016523801,1
DUSP1,44,0.0033046207,0.00015021002,2
ALDH8A1,10,0.0033018154,0.00066036306,2
CD209,11,0.003298347,0.00029984972,1
KCNB1,12,0.0032960512,0.0008240128,3
OR2J1,8,0.0032958814,0.00082397036,2
HYLS1,1,0.003291265,0.003291265,1
PPM1E,5,0.0032900453,0.0006580091,1
FBXO45,8,0.003288045,0.0016440225,4
BANP,6,0.0032877203,0.00054795336,1
PRG3,4,0.0032871468,0.0008217867,1
ASAP2,8,0.0032870073,0.00041087592,1
KCNK6,7,0.0032817507,0.00046882153,1
IP6K1,8,0.0032792846,0.00040991057,1
LMO4,3,0.0032784578,0.0010928193,1
CACNA1E,55,0.0032772992,0.0002979363,5
BCAT1,192,0.0032749258,0.00010234143,6
COLEC10,12,0.0032744268,0.0005457378,2
ARHGAP31,28,0.0032732543,0.00046760775,4
NECTIN3,48,0.0032707218,0.00040884022,6
FBN2,12,0.0032634754,0.0010878252,4
MYH8,3,0.0032629338,0.0010876446,1
LSM4,117,0.003259147,0.00036212744,13
MLXIPL,11,0.0032495705,0.0002954155,1
ATG2B,7,0.003248042,0.000464006,1
MIR302E,4,0.0032437071,0.0016218536,2
CAPN14,4,0.0032431642,0.0016215821,2
ATP2B4,21,0.0032428293,0.00015442044,1
S100A10,3,0.0032392933,0.0010797644,1
SNRPE,15,0.0032373345,0.0002158223,1
PLEKHG5,15,0.0032307515,0.00021538344,1
ENPP1,22,0.0032281452,0.00014673387,1
ME3,27,0.0032275536,0.00035861705,3
EIF4E2,14,0.0032270644,0.0002305046,1
ANGPT1,20,0.0032246066,0.00016123033,1
PROM1,8,0.0032235265,0.0016117633,4
OR52N1,6,0.0032205763,0.0010735255,2
GUCY1B2,12,0.0032186473,0.0002682206,1
SLC35B4,12,0.0032110559,0.00053517596,2
BTG2,13,0.003206899,0.00024668453,1
SERPINA5,5,0.0032046568,0.00064093136,1
B3GAT2,36,0.0032031294,0.00026692744,3
GGH,11,0.0032021794,0.00029110722,1
EPHB4,13,0.003200843,0.0002462187,1
PLSCR1,2,0.0032000577,0.0016000288,1
PCBD1,28,0.003198199,0.00045688555,4
GLRB,8,0.003197122,0.0007992805,2
ARAP3,91,0.0031961086,0.00024585452,7
HGS,47,0.0031913,6.79e-05,1
SLC39A14,11,0.00318835,0.00028985,1
UGT1A9,135,0.0031771576,7.06035e-05,3
HERC4,15,0.0031765124,0.00063530245,3
EPHA3,27,0.003172605,0.00035251174,3
GATAD2A,22,0.0031716556,0.00014416616,1
DIO1,12,0.0031675482,0.00026396234,1
RNF6,12,0.0031656031,0.0005276005,2
MOGAT1,7,0.0031563325,0.00045090466,1
DDO,12,0.0031563095,0.00026302578,1
RDH13,45,0.0031529819,0.0006305964,9
GRM6,17,0.0031516138,0.00018538904,1
RAB27A,12,0.003149348,0.00026244568,1
OSTF1,30,0.0031393194,0.0010464397,10
TBX3,96,0.0031386712,0.0010462238,32
SPRR2B,3,0.0031303263,0.001043442,1
FRMD6,6,0.0031225027,0.0015612514,3
ZNF189,4,0.0031222536,0.0007805634,1
MCU,12,0.0031206198,0.00026005166,1
CHST15,22,0.0031205418,0.00028368563,2
GCA,6,0.0031187749,0.0010395916,2
SLCO4C1,49,0.0031187155,0.0004455308,7
NELL2,15,0.0031176347,0.0006235269,3
CREB5,76,0.0031171322,8.2029794e-05,2
TLE5,9,0.0031167322,0.00034630357,1
TUBGCP5,11,0.003112529,0.0002829572,1
SLIT2,198,0.0031091855,0.00017273253,11
OSM,144,0.0031032993,0.0001939562,9
SEC24D,17,0.0031024842,0.00018249906,1
CPEB4,260,0.0031004162,0.00077510404,65
MED4,18,0.0031000555,0.00051667594,3
RPL24,26,0.0030995694,0.00011921421,1
PDLIM1,1,0.0030942296,0.0030942296,1
KIDINS220,48,0.0030880675,0.00019300422,3
ASIC5,12,0.0030870617,0.0007717654,3
CYP3A43,20,0.003084237,0.00015421186,1
GRB14,48,0.0030798595,0.00038498244,6
PCGF5,6,0.0030781787,0.0005130298,1
HCAR3,9,0.0030774397,0.00034193776,1
IGFBP5,18,0.0030761291,0.00034179213,2
INTS1,3,0.0030719566,0.0010239856,1
STON1-GTF2A1L,44,0.003071809,0.00076795224,11
OR2G2,3,0.0030703428,0.0010234476,1
RPP21,228,0.003067632,0.000766908,57
SYN2,36,0.003062887,0.0005104811,6
RCHY1,14,0.0030618191,0.00021870136,1
SMYD1,6,0.0030580983,0.0010193661,2
LCE1B,12,0.003053988,0.0010179961,4
CD82,10,0.0030461275,0.00060922554,2
ELAVL2,16,0.0030419785,0.0007604946,4
IL13,204,0.0030411948,8.9446905e-05,6
FLG,3,0.003036079,0.0010120263,1
OR6Y1,9,0.0030309428,0.0010103142,3
RBFOX1,156,0.0030277546,0.0005046258,26
CLDN8,10,0.0030269795,0.00030269794,1
ENC1,4,0.0030180176,0.0015090088,2
COL21A1,6,0.003016511,0.00050275185,1
UBE2Q1,5,0.0030158986,0.00060317974,1
KLRC4,2,0.0030114264,0.0015057132,1
ZNF678,3,0.0030100553,0.0010033518,1
KMT2A,14,0.003007635,0.00021483107,1
RAB26,3,0.0029981823,0.0009993941,1
FZD7,208,0.0029970165,5.763493e-05,4
CTLA4,888,0.0029952354,0.00012480147,37
JAG2,38,0.0029855536,7.85672e-05,1
ATG4C,20,0.0029781612,0.0007445403,5
STX11,1,0.002976057,0.002976057,1
KCNV2,18,0.0029755458,0.0009918485,6
WIPI1,11,0.0029715037,0.0002701367,1
TECRL,35,0.002961905,0.00059238094,7
MLN,252,0.0029589233,0.00021135167,18
CTNND2,12,0.0029584977,0.0014792489,6
TRPC7,56,0.0029572076,0.00021122911,4
NIPSNAP2,6,0.0029568537,0.00049280893,1
WDR4,6,0.002950713,0.0009835709,2
S1PR5,52,0.0029500271,0.00022692519,4
TRIM46,8,0.0029414198,0.00073535496,2
EPHB1,33,0.0029371763,0.00026701603,3
ANLN,9,0.0029369735,0.0003263304,1
AMBRA1,14,0.0029298384,0.00020927416,1
EYA1,161,0.002928492,0.00041835598,23
CUL2,450,0.0029238942,0.00016243856,25
HCAR1,9,0.002921512,0.00032461243,1
ELN,6,0.0029207382,0.0009735794,2
EPHA8,12,0.0029188474,0.00048647454,2
MITF,23,0.002914844,0.00012673235,1
FAM91A1,12,0.0029146536,0.00048577564,2
KIAA0586,2,0.0029140885,0.0014570443,1
SOX6,7,0.0029135589,0.0004162227,1
HGFAC,4,0.0029118182,0.00072795455,1
TNFSF15,204,0.0029106266,0.0004851044,34
SOSTDC1,6,0.002907562,0.00096918736,2
AMY1C,30,0.0029072717,0.00019381812,2
AEN,3,0.0029063504,0.00096878345,1
USP37,4,0.0029063155,0.0007265789,1
SND1,32,0.0028975983,0.0003621998,4
HOXA9,2,0.00289441,0.001447205,1
HAPLN1,8,0.0028894143,0.0014447072,4
RPS6KA1,206,0.0028811623,2.797245e-05,2
EARS2,14,0.0028798766,0.00020570548,1
RAB11FIP4,1,0.002879608,0.002879608,1
PF4V1,3,0.0028795556,0.00095985184,1
FBXO7,14,0.0028795388,0.0004113627,2
MFAP3,6,0.0028731194,0.0009577065,2
OR2S2,12,0.0028716438,0.00071791094,3
OR10K2,3,0.0028700198,0.00095667323,1
PRSS3,20,0.0028688065,0.00028688065,2
KAZN,9,0.002868586,0.00095619535,3
SLC30A8,80,0.0028665815,0.00028665815,8
CNTNAP1,6,0.0028616767,0.00047694612,1
PROS1,22,0.0028561454,0.0001298248,1
FUT1,13,0.0028557358,0.00021967199,1
CD244,3,0.0028532385,0.0009510795,1
HOXA2,20,0.0028517128,0.0005703425,4
TSPAN33,14,0.002850992,0.001425496,7
HPSE2,8,0.0028505432,0.0003563179,1
PRM1,16,0.0028494378,0.0014247189,8
GIPR,16,0.0028440093,0.00017775058,1
TTLL12,3,0.002843905,0.00094796834,1
KNG1,90,0.0028438852,6.319745e-05,2
RNF34,11,0.0028419972,0.00025836338,1
TRIM39,4,0.0028414312,0.0007103578,1
EOMES,296,0.0028342765,0.00035428457,37
LITAF,18,0.002832683,0.0014163415,9
DOK6,30,0.0028298988,0.0005659797,6
TRPA1,36,0.002824721,0.00047078682,6
IRF2,26,0.0028235014,0.0002171924,2
NAP1L1,6,0.0028137097,0.0014068548,3
SIGLEC6,63,0.0028110503,0.0009370168,21
BATF,15,0.0028091478,0.0009363826,5
APOA5,27,0.002801215,0.0003112461,3
SLC25A28,34,0.0027977051,0.0013988526,17
LMO2,24,0.0027963019,0.00046605032,4
COTL1,27,0.002796003,0.0009320011,9
UBXN4,1,0.0027946727,0.0027946727,1
RALGAPA2,6,0.0027945614,0.0009315205,2
PPL,12,0.0027924753,0.00046541254,2
UNC5B,60,0.0027816354,0.00023180296,5
BCL11B,14,0.0027804577,0.0013902289,7
UBD,72,0.0027793061,0.00069482654,18
TCTN2,6,0.0027785755,0.00046309593,1
TIMM21,2,0.0027762107,0.0013881053,1
COMP,13,0.0027726917,0.00021328397,1
ARSJ,56,0.002772339,0.00034654237,7
OR2V2,9,0.002763904,0.0009213013,3
NLRP10,1,0.0027618909,0.0027618909,1
MAFB,14,0.0027585195,0.0013792597,7
LAIR1,130,0.0027540217,0.00055080437,26
TRPM3,12,0.002753933,0.00068848324,3
DCTN4,48,0.0027529858,0.00017206161,3
SLC26A7,18,0.0027513523,0.00045855867,3
ADAMTS19,8,0.0027503865,0.0006875966,2
HBS1L,20,0.0027497488,0.00054994976,4
DAAM2,2,0.002749517,0.0013747585,1
SMOX,66,0.0027448358,0.0002495305,6
HABP4,4,0.0027411587,0.0006852897,1
GMDS,13,0.002740803,0.000210831,1
HNRNPAB,6,0.0027401317,0.0013700658,3
AIF1,8,0.0027398616,0.0013699308,4
TSLP,10,0.0027332297,0.0005466459,2
MACO1,6,0.002731539,0.00045525652,1
CREG1,12,0.0027287577,0.0006821894,3
MUC19,72,0.0027285859,0.0003031762,8
EVC,8,0.0027278285,0.00034097856,1
FLNB,105,0.0027273458,0.00018182305,7
DDX6,130,0.002726895,0.000545379,26
FPR2,19,0.0027267186,0.0001435115,1
ALDH1L1,13,0.0027258496,0.00020968074,1
GBGT1,1,0.0027234394,0.0027234394,1
TRAT1,28,0.0027181173,0.00019415123,2
PVR,11,0.0027170395,0.0002470036,1
DOT1L,7,0.0027145282,0.00038778974,1
CCL20,38,0.002713895,0.00014283656,2
TSPAN8,3,0.002711948,0.002711948,3
CAPG,1,0.0027114216,0.0027114216,1
SLC17A7,14,0.002710341,0.00019359578,1
MAP1B,25,0.0027086348,0.00054172694,5
FBLL1,2,0.0027080707,0.0027080707,2
GABRG1,64,0.0027046176,0.0003380772,8
B2M,35,0.0027035377,7.724393e-05,1
HNF1B,2,0.002703513,0.0013517565,1
LAIR2,105,0.0027020262,0.00090067537,35
SNX9,14,0.002700697,0.00038581388,2
FBXL17,35,0.0026953488,0.00038504982,5
STXBP4,12,0.0026883932,0.0008961311,4
ARID5B,12,0.0026872393,0.0004478732,2
SIRPG,150,0.0026842013,0.00044736688,25
OR1M1,3,0.002683061,0.00089435367,1
LRRFIP2,2,0.0026761922,0.0013380961,1
PCSK5,99,0.002673342,0.000297038,11
ENGASE,5,0.0026713868,0.00053427735,1
HTRA1,3,0.0026710117,0.0008903372,1
DDR2,12,0.0026702518,0.00066756294,3
SLC6A19,12,0.002668665,0.00022238876,1
SHANK3,44,0.0026680543,0.00024255039,4
UGT1A6,108,0.0026672268,7.408964e-05,3
SOCS5,22,0.002666529,0.00024241174,2
FGD4,15,0.0026665113,0.00017776742,1
CALU,10,0.0026654094,0.00026654094,1
UHRF1,4,0.0026654094,0.00066635234,1
LCE5A,3,0.0026653653,0.00088845514,1
SGF29,6,0.0026652329,0.00088841096,2
IL16,13,0.002664111,0.00020493162,1
RPL37A,26,0.0026614768,0.000102364495,1
HTR1B,84,0.0026581073,0.00018986482,6
ASIC4,1,0.002655476,0.002655476,1
WFS1,30,0.0026550302,0.00044250503,5
DUSP16,15,0.0026524544,0.00017683029,1
HPS1,5,0.0026456811,0.0005291362,1
CGNL1,4,0.002644904,0.001322452,2
HSPH1,22,0.0026426115,0.0002402374,2
MRPL3,7,0.0026422576,0.00037746536,1
MIR132,7,0.002640058,0.00037715115,1
ZNF230,4,0.002638395,0.00065959874,1
P2RY13,12,0.002638133,0.00021984441,1
CACNA1I,39,0.0026356305,0.00020274082,3
OR13J1,3,0.0026347348,0.00087824493,1
GPR63,5,0.0026319309,0.0026319309,5
BAZ1B,9,0.0026314398,0.0002923822,1
MRPL4,35,0.002631404,0.00037591488,5
CTRB1,35,0.0026297506,0.00052595005,7
SUPT3H,18,0.002628116,0.0004380193,3
NFAM1,4,0.0026219566,0.00065548916,1
RNF7,14,0.002621195,0.00018722822,1
RHOD,9,0.0026202411,0.0002911379,1
REV3L,30,0.0026187755,0.00026187755,3
CLEC12A,3,0.0026174993,0.0008724998,1
GPNMB,4,0.0026162027,0.0006540507,1
TIMD4,1,0.0026091435,0.0026091435,1
MRPS6,7,0.0026059472,0.00037227818,1
ACOXL,10,0.0026054876,0.00052109757,2
UGT3A2,36,0.002603692,0.000650923,9
DSE,27,0.002602812,0.00028920133,3
ATP13A4,3,0.002602376,0.0008674587,1
APTX,1,0.0026013316,0.0026013316,1
ETV7,1,0.002594007,0.002594007,1
DLGAP4,3,0.0025933303,0.0008644434,1
FIG4,16,0.0025927478,0.00016204674,1
ALDH1B1,228,0.0025922218,6.821636e-05,6
ECI2,14,0.0025916547,0.00018511819,1
KLK3,17,0.0025867908,0.00015216417,1
SRGAP2,18,0.0025859172,0.00014366207,1
RYBP,7,0.0025856458,0.00036937796,1
CYP27C1,3,0.0025852183,0.00086173945,1
PDE4B,80,0.0025839866,0.00016149916,5
POM121L2,12,0.0025799042,0.0012899521,6
SEMA6C,2,0.0025783398,0.0012891699,1
CFI,8,0.0025745824,0.0003218228,1
OR11H7,3,0.0025742038,0.00085806794,1
ERRFI1,81,0.0025710345,0.0008570115,27
CTRB2,36,0.0025700498,0.0012850249,18
MYO7A,4,0.0025694917,0.00064237294,1
LRRTM4,21,0.0025689772,0.0008563258,7
STK19,1,0.0025688652,0.0025688652,1
ZFPM2,30,0.0025679022,0.00051358045,6
USP38,1,0.0025648295,0.0025648295,1
LDHB,18,0.0025647178,0.00014248432,1
PFKFB4,12,0.002560603,0.00021338358,1
LCE3A,15,0.0025539862,0.0008513288,5
EVPL,4,0.0025537217,0.0006384304,1
PKIG,4,0.0025529878,0.0012764939,2
TPRKB,3,0.0025516679,0.00085055595,1
PPP1R3A,8,0.002547867,0.0006369667,2
ZNF668,6,0.0025414436,0.0008471479,2
BRD1,30,0.0025390475,0.00025390476,3
MSH2,19,0.0025354547,0.00013344498,1
PECAM1,20,0.002530754,0.0001265377,1
NLK,30,0.0025261636,8.420545e-05,1
UNC79,3,0.002518917,0.000839639,1
PSG3,2,0.0025164299,0.0012582149,1
TNFRSF9,280,0.0025152045,0.00031440056,35
TMPRSS4,2,0.002512707,0.0012563535,1
DENND2B,4,0.0025125523,0.0006281381,1
OR52N2,3,0.0025101386,0.00083671283,1
CPEB1,3,0.0025081825,0.00083606085,1
PABPC3,3,0.0025062556,0.0008354185,1
SLC25A37,4,0.0025032135,0.0012516067,2
ADAMTS5,80,0.002501325,0.0002501325,8
EHD4,2,0.0025009136,0.0012504568,1
NID2,16,0.002494079,0.0012470395,8
CACNA2D3,132,0.0024932593,0.00020777159,11
MAP3K8,1375,0.002492261,4.5313835e-05,25
MDH1,87,0.0024922455,8.59395e-05,3
ROR1,24,0.0024919882,0.0002076657,2
ACSF3,7,0.0024889805,0.00035556866,1
TLR5,18,0.002487186,0.00013817701,1
ROBO4,2,0.0024861745,0.0012430872,1
SBDS,1,0.0024857244,0.0024857244,1
MAN1A1,45,0.0024837034,0.00016558023,3
ST8SIA4,120,0.0024829765,0.0002069147,10
MARCO,4,0.0024815414,0.00062038534,1
PNN,2,0.0024809842,0.0012404921,1
CLVS2,16,0.0024779746,0.00061949366,4
TP53AIP1,28,0.0024713352,0.00017652393,2
KIF25,8,0.0024684914,0.00030856143,1
SETD3,4,0.0024652712,0.0006163178,1
MGMT,36,0.0024649429,0.00041082382,6
SYNE2,3,0.002459451,0.000819817,1
PNLIPRP1,15,0.0024592802,0.00016395202,1
NPY1R,52,0.0024484005,0.00018833851,4
SERPINB5,6,0.0024478438,0.00040797397,1
KCNJ1,12,0.002447025,0.00040783748,2
PELI1,28,0.0024469255,8.7390195e-05,1
ABCB8,8,0.0024466682,0.00061166706,2
PIBF1,3,0.0024428105,0.00081427017,1
TRMT61A,3,0.0024418463,0.00081394875,1
DYRK2,8,0.002437025,0.00030462813,1
PROX1,10,0.0024368155,0.0012184078,5
ADAM19,9,0.0024341613,0.0008113871,3
NCKIPSD,15,0.0024323899,0.00016215933,1
NKX3-1,15,0.0024318467,0.00048636933,3
GALNT13,24,0.0024316143,0.0003039518,3
LRSAM1,5,0.0024305547,0.00048611095,1
ADGRL2,32,0.0024295999,0.0012147999,16
EPB41L2,4,0.0024236138,0.00060590345,1
CD72,8,0.0024230718,0.00030288397,1
GAD2,108,0.0024223132,8.971531e-05,4
ADGRE1,5,0.0024214035,0.0004842807,1
MED30,54,0.0024190438,0.00040317394,9
SULT2B1,13,0.0024170582,0.00018592755,1
HNRNPU,7,0.0024138656,0.00034483796,1
TMC1,8,0.0024128961,0.00060322403,2
OR6K6,3,0.0024081,0.0008027,1
KCNMA1,57,0.0024065326,0.00012665962,3
BOC,14,0.0024063485,0.00017188203,1
DEPTOR,30,0.0024058272,0.00024058273,3
PPP2R2B,20,0.0024004364,0.000120021825,1
ARHGEF3,28,0.0023993345,0.00017138102,2
XPO7,1,0.0023984348,0.0023984348,1
GBP3,6,0.0023979787,0.0003996631,1
SLAMF6,16,0.0023889851,0.0005972463,4
MYH14,20,0.0023861665,0.00011930832,1
IRF7,52,0.0023844535,4.5854875e-05,1
HSD17B1,11,0.002379776,0.00021634327,1
ITGBL1,15,0.00237785,0.00047557,3
PRRG4,4,0.0023764037,0.0011882018,2
IFT27,8,0.002374352,0.000296794,1
EXOC4,9,0.002373716,0.00026374625,1
GM2A,18,0.0023680036,0.00026311152,2
PPP1R12B,24,0.0023627973,9.8449884e-05,1
ZNF804B,15,0.0023592194,0.00078640645,5
MARK1,4,0.0023539811,0.0011769906,2
HLA-DMB,348,0.0023539183,8.1169586e-05,12
CLEC2D,27,0.0023536705,0.0007845568,9
AICDA,8,0.0023512086,0.00058780215,2
RAB2A,11,0.0023501385,0.00021364895,1
CENPA,24,0.002347749,9.782287e-05,1
DNAJA4,3,0.0023450553,0.0007816851,1
CEP162,4,0.0023443005,0.0005860751,1
TAF15,21,0.002339906,0.000111424095,1
LRP12,36,0.0023344862,0.00038908105,6
TAF1A,11,0.0023306813,0.00021188012,1
SNAI2,36,0.0023300806,0.00012944892,2
IL27,32,0.0023211022,0.00029013777,4
TUBG2,40,0.0023187208,0.00023187208,4
UBQLN4,8,0.0023180551,0.0011590276,4
COL18A1,60,0.0023155638,0.00015437092,4
NANOGP8,4,0.0023114926,0.0011557463,2
CPPED1,6,0.0023109505,0.00077031687,2
RAB17,3,0.0023102635,0.0007700878,1
MYRF,1,0.00230716,0.00230716,1
LALBA,16,0.002305018,0.00028812725,2
PSD4,1,0.0023041312,0.0023041312,1
ROBO2,99,0.0022994252,0.00020903866,9
BASP1,5,0.0022977032,0.00045954064,1
COG7,11,0.0022970538,0.00020882307,1
IL17C,3,0.0022965837,0.0007655279,1
ADI1,7,0.0022956592,0.0003279513,1
TRMT44,6,0.0022953441,0.0007651147,2
WASHC4,1,0.0022941974,0.0022941974,1
KCNIP3,12,0.0022912002,0.0003818667,2
OSCAR,6,0.0022877126,0.00038128544,1
LILRB2,56,0.002287418,0.000326774,8
TNS1,5,0.0022873548,0.00045747095,1
PON1,9,0.0022873112,0.0002541457,1
FBXL3,12,0.0022822393,0.0001901866,1
NECTIN2,28,0.0022723633,0.00016231166,2
ANTXR2,24,0.0022713677,0.00037856126,4
ATP2A2,80,0.002265289,2.8316112e-05,1
PLEKHA1,21,0.0022652687,0.0003236098,3
CELSR2,4,0.002264695,0.0011323475,2
OR2F2,8,0.0022633672,0.0005658418,2
PELP1,9,0.0022517813,0.00025019792,1
EIF5A2,10,0.0022502295,0.0004500459,2
SLC25A13,11,0.0022491892,0.00020447174,1
AQP7,16,0.002243774,0.00028047175,2
ACVR1C,30,0.0022421118,0.00022421118,3
DOCK7,30,0.0022394846,0.00022394845,3
NDST3,9,0.0022343232,0.00024825812,1
UQCRC1,19,0.0022323695,0.00011749313,1
STX6,6,0.0022246765,0.00037077942,1
COPS7B,14,0.0022243534,0.00015888238,1
CLK2,1,0.00222073,0.00222073,1
GTF2A1L,2,0.00221854,0.00110927,1
RGS3,105,0.002217201,0.00014781339,7
TFR2,4,0.0022157838,0.00055394595,1
OR10G4,3,0.0022141077,0.0007380359,1
AQP1,40,0.0022135933,5.5339835e-05,1
ATF6,15,0.002209445,0.00014729633,1
INPP4B,60,0.0022092513,0.00014728343,4
UBE2E1,48,0.002203935,4.5915313e-05,1
MT1HL1,4,0.0022026957,0.0005506739,1
PGLYRP3,3,0.0022003332,0.0007334444,1
LRIG1,7,0.0021995958,0.00031422797,1
CCN4,4,0.0021955713,0.0010977857,2
MYO9B,17,0.0021952207,0.00012913063,1
FGF12,15,0.0021946968,0.0004389394,3
TUT7,33,0.0021926453,0.0007308817,11
ZNF420,7,0.0021874951,0.0003124993,1
TXK,21,0.0021846585,0.00031209408,3
PSMA6,1518,0.0021817964,6.611505e-05,46
EPHB3,30,0.0021788105,0.00021788105,3
TRIB1,114,0.002177851,0.00036297514,19
WTIP,6,0.0021718668,0.0003619778,1
MEIS1,3,0.002168292,0.000722764,1
HOXD1,1,0.0021675916,0.0021675916,1
CARD11,150,0.0021654658,8.661864e-05,6
GALNT11,9,0.0021578176,0.00023975752,1
MCF2L,20,0.0021535824,0.00010767912,1
DPF1,4,0.002153551,0.00053838774,1
TAF1B,72,0.0021517347,0.00017931122,6
LRIG2,1,0.002149707,0.002149707,1
CACNA1G,65,0.0021474329,3.3037428e-05,1
HRNR,6,0.002147246,0.00071574864,2
CADM2,20,0.0021456415,0.0004291283,4
JMJD1C,4,0.0021447972,0.0005361993,1
MTMR9,304,0.0021437057,0.00026796322,38
PCSK9,78,0.0021414172,0.0001647244,6
C8orf44-SGK3,3,0.0021388265,0.00071294216,1
RCAN2,4,0.0021365704,0.0005341426,1
ARSA,60,0.0021350586,0.00010675294,3
GBA3,35,0.0021346689,0.00042693378,7
PWWP3A,1,0.0021334763,0.0021334763,1
CSDE1,1,0.0021326276,0.0021326276,1
ARHGAP22,7,0.0021315662,0.00030450945,1
GAS1,90,0.0021311427,0.00023679362,10
DMRT1,8,0.002127759,0.00053193973,2
SLC16A12,4,0.002126944,0.001063472,2
USP45,4,0.0021199659,0.00052999146,1
ARHGAP28,5,0.0021192248,0.00042384496,1
ZNF181,1,0.0021169875,0.0021169875,1
USP46,8,0.002115381,0.00052884524,2
LSR,10,0.0021148366,0.00021148365,1
FMNL2,9,0.0021144943,0.00023494381,1
METTL7A,3,0.002110309,0.0007034363,1
CPLX3,2,0.0021091497,0.0010545749,1
RNF213,9,0.0021085688,0.00023428543,1
SMARCC2,32,0.0021072156,0.00013170097,2
CCR2,506,0.0021058316,9.15579e-05,22
FREM1,2,0.0021052011,0.0010526006,1
DLGAP1,35,0.0020999096,0.00041998192,7
NAV3,12,0.0020994747,0.0010497373,6
CD38,136,0.0020989631,0.00012346842,8
OSBPL10,5,0.0020981214,0.0004196243,1
KRBA1,12,0.002097644,0.00069921464,4
ZP3,4,0.0020974407,0.00052436016,1
ZNF516,6,0.0020948658,0.0006982886,2
CNTFR,13,0.0020947014,0.00016113088,1
DNAH17,3,0.0020932658,0.00069775525,1
DDAH2,4,0.0020931028,0.0005232757,1
LCE3E,27,0.0020927137,0.00069757126,9
SLC18A1,90,0.0020897116,0.0001393141,6
CD44,64,0.0020860955,6.5190485e-05,2
PALB2,13,0.0020858077,0.00016044675,1
APOBEC1,8,0.0020783045,0.00051957613,2
PER1,6,0.002075545,0.00034592417,1
EXOC6B,1,0.0020747688,0.0020747688,1
NEURL1B,34,0.0020696078,0.00012174164,2
OAZ2,4,0.0020690255,0.0005172564,1
KCTD6,192,0.0020684453,0.00012927783,12
ARL4A,7,0.0020592941,0.0020592941,7
ZFP42,18,0.002056995,0.0010284975,9
CSGALNACT2,11,0.0020555574,0.00018686886,1
COX10,12,0.002054144,0.00017117866,1
NT5C3A,42,0.0020537325,0.0001466952,3
DAPP1,33,0.002051973,0.00018654298,3
LCE2D,3,0.0020513316,0.0006837772,1
CCL23,84,0.002051172,0.00017093099,7
MATN4,4,0.002050938,0.001025469,2
LRRC4C,14,0.0020505867,0.0010252934,7
KATNA1,1,0.0020485166,0.0020485166,1
SPARCL1,4,0.0020442663,0.0005110666,1
PLEKHH1,1,0.0020414686,0.0020414686,1
IGFBP2,5,0.0020412682,0.00040825363,1
CACNA1S,72,0.0020384071,5.6622426e-05,2
CD1E,3,0.0020377126,0.00067923754,1
COL7A1,20,0.0020321328,0.00010160664,1
S1PR2,91,0.0020304644,0.00015618955,7
CD84,4,0.0020278818,0.00050697045,1
TECTB,6,0.002027769,0.0006759231,2
NAGPA,1,0.0020263093,0.0020263093,1
CHCHD7,6,0.0020251279,0.0010125639,3
ARHGAP8,28,0.002024922,7.2318646e-05,1
TOMM40,10,0.0020246338,0.00020246339,1
SLCO2A1,5,0.0020236017,0.00040472034,1
RARB,105,0.002023116,9.633885e-05,5
CAMKMT,16,0.002022531,0.0002528164,2
COL8A2,7,0.0020221358,0.00028887653,1
TMEM86B,72,0.0020209511,0.00033682518,12
CATSPER3,3,0.0020199567,0.0006733189,1
TRIM21,44,0.0020164326,0.00018331206,4
COX16,2,0.002016415,0.0010082074,1
ARHGAP20,49,0.0020163585,0.00028805123,7
HLA-DRB5,80,0.0020152414,5.038103e-05,2
RUVBL2,8,0.0020148112,0.0002518514,1
SHISA5,12,0.0020119927,0.00033533212,2
KALRN,25,0.002007268,8.0290716e-05,1
DNMT3L,75,0.0020037177,0.00040074353,15
PSMF1,14,0.0020027892,0.00028611274,2
APOA4,34,0.002001972,0.00011776305,2
ETV3,1,0.0019953349,0.0019953349,1
CMAS,28,0.0019887355,0.00014205254,2
ZCRB1,13,0.0019873686,0.0001528745,1
ZNF767P,9,0.0019861998,0.00066206657,3
SLC16A10,77,0.0019858677,0.00018053342,7
ERP44,3,0.0019818996,0.0006606332,1
GATB,6,0.0019767673,0.0009883837,3
FBLN2,9,0.0019734944,0.0006578315,3
NR5A2,48,0.001971755,0.0001643129,4
TIMMDC1,15,0.0019717317,0.00039434634,3
EVI5,3,0.001969287,0.001969287,3
PBRM1,10,0.0019658725,0.00019658725,1
SMU1,1,0.001965561,0.001965561,1
FAAP20,2,0.001963288,0.000981644,1
USP19,4,0.0019578952,0.0004894738,1
PIAS2,36,0.0019556116,0.00010864509,2
PTPRH,11,0.0019513826,0.0019513826,11
IRF1,377,0.0019509841,6.7275316e-05,13
IL22RA2,70,0.0019500835,0.00027858335,10
LGI2,6,0.00194956,0.00097478,3
CCNA1,81,0.0019495249,2.4068207e-05,1
SERPINB9,3,0.0019491019,0.00064970064,1
CUL9,3,0.001948937,0.00064964563,1
GALNT16,8,0.0019477357,0.00024346696,1
KLHL2,28,0.0019476394,0.0002782342,4
ZNF706,3,0.0019466835,0.0006488945,1
SLC26A9,12,0.0019463284,0.0003243881,2
PAX9,1,0.0019385815,0.0019385815,1
UGT1A5,42,0.0019382412,9.2297196e-05,2
ATG3,8,0.0019272111,0.00024090138,1
KLHL42,7,0.0019264063,0.0002752009,1
NEUROG2,1,0.0019239776,0.0019239776,1
MYO3B,16,0.0019238582,0.00048096455,4
UBE2U,15,0.0019191023,0.00038382047,3
STAT4,30,0.0019175456,6.391819e-05,1
INSIG2,4,0.0019168255,0.0019168255,4
ST8SIA5,16,0.0019079968,0.0002384996,2
CALCR,34,0.0019074264,0.00011220155,2
ACAP2,2,0.0019067788,0.0009533894,1
MICB,45,0.0019056698,0.00038113396,9
NRN1,12,0.0019053249,0.00047633122,3
THSD4,5,0.001905283,0.0003810566,1
NOX4,18,0.0019017204,0.00010565113,1
SLC25A21,4,0.001900947,0.00047523674,1
NDUFAF6,12,0.0018981115,0.00031635194,2
PTDSS2,60,0.0018979245,0.00018979244,6
KIF26B,8,0.0018974906,0.00023718632,1
KCNIP4,24,0.0018956694,0.00047391735,6
FAM120B,24,0.0018944388,0.0006314796,8
TBX20,2,0.0018928103,0.00094640517,1
CLDN18,30,0.0018897448,0.00018897449,3
RAB1A,156,0.0018888931,7.264973e-05,6
DAPK1,66,0.00188597,0.00017145181,6
ASB3,105,0.0018852318,0.00026931884,15
PTHLH,40,0.0018848001,9.424001e-05,2
PEX2,8,0.001883747,0.00023546838,1
IFT22,5,0.0018831656,0.0003766331,1
SEC14L1,2,0.0018822426,0.0009411213,1
VRK2,108,0.0018793157,0.00010440642,6
OR2B3,8,0.0018771457,0.00046928643,2
FBXL4,21,0.0018757662,0.00026796662,3
PRNP,80,0.0018738862,0.00011711789,5
NUTF2,1,0.0018711383,0.0018711383,1
KCNK5,20,0.0018689963,0.00037379927,4
COX7B2,12,0.0018675363,0.00015562803,1
SMYD3,6,0.0018639693,0.00031066153,1
HMGA1,26,0.0018636055,7.167713e-05,1
TNRC6B,31,0.0018615868,6.005119e-05,1
INSIG1,3,0.0018586814,0.0018586814,3
LPAR1,46,0.0018569065,8.073506e-05,2
GGT5,24,0.0018566714,7.736131e-05,1
PAX7,18,0.0018542096,0.00061806984,6
ACOT6,10,0.0018467831,0.00018467831,1
FXYD3,10,0.0018456192,0.00018456191,1
MLXIP,3,0.0018370515,0.0006123505,1
GALNTL5,6,0.0018349078,0.00030581796,1
TREML2,3,0.0018343522,0.0006114507,1
PLAC8,5,0.0018328894,0.00036657788,1
SH3PXD2A,7,0.0018328242,0.00026183203,1
TDRD9,6,0.0018279417,0.00060931395,2
PIWIL1,8,0.0018263024,0.0004565756,2
OR6S1,12,0.0018233638,0.00060778786,4
RPS26,120,0.0018219379,6.0731265e-05,4
HNRNPD,63,0.0018215134,0.0002602162,9
UBE2E3,252,0.0018212006,0.00020235563,28
FLOT1,18,0.0018173639,0.00010096466,1
CDSN,6,0.0018171384,0.00060571276,2
MTHFS,42,0.0018132167,0.0001295155,3
LRRC25,2,0.0018117818,0.0018117818,2
SCN11A,8,0.0018103233,0.00022629042,1
RHOBTB1,7,0.0018070401,0.0002581486,1
CARD6,6,0.0018062415,0.00090312073,3
KRT32,4,0.0018051312,0.0004512828,1
IKZF3,8,0.0017996817,0.00089984084,4
MEX3B,4,0.001798768,0.001798768,4
DET1,10,0.0017960151,0.00035920303,2
CERS6,45,0.0017954318,0.00019949241,5
RIN3,4,0.0017920337,0.00044800842,1
HAND1,10,0.0017850442,0.00035700883,2
OR12D1,6,0.0017798473,0.0017798473,6
CTHRC1,4,0.0017711951,0.00088559755,2
PRM2,4,0.0017708346,0.0017708346,4
RABEP1,15,0.001770583,0.00035411658,3
PDE7B,18,0.0017660157,0.00019622396,2
UPF1,6,0.0017653947,0.00029423245,1
AP4E1,6,0.0017652651,0.00029421085,1
ESM1,5,0.0017640656,0.0017640656,5
IL19,63,0.0017635854,0.00019595392,7
SYNE4,1,0.0017578048,0.0017578048,1
RIIAD1,1,0.0017561078,0.0017561078,1
SKAP2,92,0.0017555618,0.00043889045,23
SERINC5,9,0.0017462358,0.0005820786,3
ADAMTSL3,4,0.0017459524,0.0004364881,1
PARD3,147,0.0017439115,8.30434e-05,7
CDKAL1,20,0.0017436014,0.0017436014,20
NNT,8,0.0017432254,0.00021790317,1
ZMYND11,1,0.0017429774,0.0017429774,1
PLCD3,17,0.0017427867,0.00010251687,1
ZDHHC17,1,0.0017424081,0.0017424081,1
PROK2,56,0.0017341671,0.00021677089,7
UBE2G1,45,0.0017284424,0.000115229486,3
KCNG1,6,0.0017268589,0.00057561963,2
SYDE2,5,0.0017229251,0.00034458502,1
OTX1,1,0.0017222636,0.0017222636,1
ABCA3,7,0.001721757,0.0002459653,1
UCN3,5,0.0017205199,0.00034410396,1
DYSF,12,0.0017193378,0.0008596689,6
HHEX,30,0.0017192233,0.00028653725,5
GRAP2,78,0.0017191755,6.6122135e-05,3
TNFRSF13B,10,0.0017184524,0.00017184524,1
PKD2,10,0.0017181796,0.0003436359,2
MICA,36,0.0017179432,0.00028632386,6
DOCK8,10,0.0017169388,0.00017169389,1
TPCN2,14,0.0017164943,0.00024521345,2
KCTD15,25,0.0017163359,0.00034326717,5
RASSF5,12,0.0017162667,0.00014302223,1
SAG,18,0.0017150795,0.00028584656,3
SLC37A2,15,0.0017142877,0.00034285756,3
TGS1,156,0.0017142086,0.00014285071,13
CEP350,2,0.0017134387,0.0017134387,2
CDH19,14,0.0017130345,0.00085651723,7
LBR,117,0.0017123091,4.390536e-05,3
CD6,32,0.0017096059,0.0017096059,32
SFRP5,4,0.001709434,0.0004273585,1
SLC9A8,60,0.0017083257,0.00042708142,15
ZNF768,2,0.0017082655,0.0017082655,2
PRKD2,10,0.0017055182,0.00017055182,1
ICAM1,138,0.001702866,3.7018828e-05,3
RNF14,6,0.0017017549,0.00028362582,1
PPFIA4,10,0.0017009366,0.00017009366,1
RORB,6,0.0017003854,0.00028339756,1
OR51B4,3,0.0016946471,0.00056488236,1
RHBDD2,2,0.0016930012,0.0016930012,2
B3GALNT1,14,0.0016925486,0.00024179267,2
FARS2,14,0.0016854315,0.00024077593,2
SMAD7,156,0.0016801482,4.3080723e-05,4
MCFD2,18,0.0016762166,0.0001862463,2
MEPE,12,0.0016732131,0.00041830327,3
KCNN2,72,0.0016669232,0.00013891027,6
SEL1L2,1,0.0016661389,0.0016661389,1
RUNX1T1,24,0.0016626104,0.0004156526,6
TRIM29,20,0.0016621938,0.00033243874,4
ZNF737,4,0.0016618968,0.0004154742,1
CALCRL,119,0.0016602073,9.765925e-05,7
ZIC2,4,0.0016581503,0.0004145376,1
RP1L1,4,0.0016579652,0.0016579652,4
NLRP7,28,0.0016564523,0.00082822616,14
SPINK5,9,0.0016549552,0.00055165176,3
ZNF343,4,0.0016545336,0.0004136334,1
ZNF704,18,0.0016534006,0.0005511335,6
ADGRL3,4,0.0016531618,0.0008265809,2
SPATA5,1,0.001652314,0.001652314,1
OSBPL3,20,0.0016517821,0.00033035642,4
RNF146,12,0.001649869,0.00013748909,1
SOX9,198,0.0016431577,7.4688985e-05,9
DPF3,8,0.0016384809,0.00040962023,2
RBM22,10,0.0016376048,0.00032752095,2
MANEA,15,0.001635672,0.0003271344,3
FCRL3,4,0.0016346285,0.0016346285,4
TMC6,3,0.0016242458,0.00054141524,1
NEK1,4,0.0016240047,0.0016240047,4
GAB1,108,0.0016232723,1.5030299e-05,1
FAM13A,7,0.001622449,0.00023177844,1
SNCA,88,0.0016215281,0.00014741163,8
P2RY2,63,0.0016214527,7.721203e-05,3
FRAS1,2,0.0016212598,0.0008106299,1
CES1P1,2,0.0016197676,0.0016197676,2
MPDZ,4,0.001616227,0.001616227,4
KDM5A,3,0.0016126485,0.0005375495,1
NFKBIZ,15,0.001611911,0.0005373036,5
MAGOH,15,0.0016107804,0.00010738536,1
SCAF11,1,0.0016077791,0.0016077791,1
LILRA2,70,0.00160298,0.00032059595,14
PDE1A,81,0.0016021241,5.9337926e-05,3
DOCK10,12,0.0016000067,0.00013333389,1
NFIX,1,0.0015994114,0.0015994114,1
BRDT,10,0.0015988934,0.0015988934,10
LHX3,10,0.0015957153,0.00031914306,2
SERPINB2,9,0.0015950644,0.00017722938,1
CCL24,12,0.0015949752,0.0003987438,3
FBXL21P,72,0.0015947856,0.0001993482,9
KIF12,8,0.0015941127,0.00019926409,1
OR2V1,12,0.0015927891,0.00053092965,4
PHB,8,0.0015913411,0.00039783528,2
KCNU1,30,0.0015904482,0.00026507472,5
DDR1,15,0.0015901395,0.0005300465,5
MTTP,9,0.0015898786,0.00017665318,1
CLEC16A,45,0.0015897921,0.0015897921,45
DDIT4L,1,0.0015857836,0.0015857836,1
GLRX,14,0.0015810519,0.00022586455,2
KIR3DL3,12,0.0015799362,0.00052664545,4
ADGRL4,10,0.0015796153,0.0015796153,10
RNF123,8,0.0015777635,0.00019722043,1
ZNF302,4,0.0015764921,0.00039412302,1
SETMAR,4,0.0015759517,0.00078797585,2
HCN1,5,0.0015757955,0.0003151591,1
ERO1B,4,0.0015744529,0.0003936132,1
ALPK1,6,0.0015738046,0.00052460155,2
SPARC,34,0.0015690315,9.2295966e-05,2
ATP10B,90,0.0015690237,0.0005230079,30
LMX1A,7,0.0015664066,0.0015664066,7
PPP2R2C,72,0.0015629306,8.682948e-05,4
RNF152,20,0.0015624997,0.00031249993,4
TAF7,21,0.0015584313,7.421101e-05,1
ADAM30,3,0.0015579256,0.00051930855,1
THSD7B,12,0.0015578861,0.00038947153,3
LMAN2,10,0.0015542504,0.00015542503,1
KRT25,20,0.0015537605,0.00038844012,5
TRIP11,11,0.0015533335,0.00014121213,1
FRMD1,8,0.0015516178,0.0007758089,4
CD69,36,0.0015506704,0.0015506704,36
TMEM38B,5,0.0015435411,0.0015435411,5
PAPSS2,20,0.0015378958,7.689479e-05,1
SLITRK1,33,0.0015341886,0.00051139615,11
SCT,115,0.0015332518,6.6663124e-05,5
CPEB3,2,0.0015329703,0.0007664852,1
INS-IGF2,4,0.0015310766,0.0007655383,2
NECTIN1,10,0.0015294829,0.00015294828,1
MAP3K21,8,0.0015263624,0.0003815906,2
COL22A1,80,0.0015217089,0.00030434178,16
SEL1L,20,0.0015191772,7.595886e-05,1
ZNF875,4,0.0015166062,0.00037915155,1
ZNF738,3,0.0015158058,0.00050526863,1
ID3,11,0.0015148275,0.00013771158,1
CTSB,19,0.0015137732,7.9672274e-05,1
EMP2,2,0.0015128949,0.0015128949,2
CAV1,75,0.0015044966,2.0059953e-05,1
FOXN3,5,0.0015039727,0.0015039727,5
NUPR1,4,0.0015031536,0.0007515768,2
MIR30B,2,0.001503067,0.0007515335,1
UBE2QL1,1,0.0015029019,0.0015029019,1
TRA2B,26,0.0014999544,0.00011538111,2
NTSR1,72,0.0014963731,0.00012469776,6
DYNC2H1,66,0.0014963583,0.00013603257,6
STOML1,2,0.0014929567,0.0014929567,2
MSGN1,1,0.0014913452,0.0014913452,1
ABCD4,6,0.001491093,0.00024851548,1
CRACR2A,4,0.0014906023,0.00037265057,1
GSTCD,2,0.0014875433,0.0014875433,2
TMC2,4,0.0014849763,0.00037124407,1
ICA1,3,0.0014846646,0.0014846646,3
NLRC5,8,0.0014839435,0.0003709859,2
GPR35,156,0.0014816008,0.00024693346,26
NRXN3,40,0.001480446,0.0002960892,8
FXYD7,10,0.0014793731,0.0001479373,1
ZNF746,4,0.0014781805,0.00036954513,1
CDCA7,4,0.0014727067,0.0014727067,4
OR14J1,24,0.0014702148,0.0003675537,6
MIR187,4,0.0014694288,0.0014694288,4
RAP1GAP2,3,0.0014654848,0.00048849493,1
PLPPR1,25,0.001465455,0.000293091,5
SLC6A7,33,0.0014646162,0.00013314694,3
ATG4D,4,0.0014638066,0.00036595165,1
MYO5B,1,0.0014624273,0.0014624273,1
CAAP1,13,0.0014619405,0.0014619405,13
GAK,15,0.0014591446,0.0002918289,3
PADI4,44,0.001458422,0.0003646055,11
UFL1,4,0.0014546978,0.00036367445,1
PHF19,3,0.0014440436,0.00048134787,1
ZMAT5,4,0.001442549,0.00036063726,1
RHOBTB3,14,0.0014421699,0.00020602427,2
CA6,6,0.0014410613,0.00048035377,2
HSPA12A,4,0.0014410443,0.00036026107,1
TRPM5,5,0.0014405148,0.00028810295,1
SLC26A8,2,0.0014391927,0.0014391927,2
AMPH,14,0.001438932,0.00020556171,2
ADGRF5,1,0.0014375466,0.0014375466,1
CD200,4,0.0014370334,0.00035925835,1
GABRG3,60,0.0014303395,9.535597e-05,4
S100B,7,0.0014302373,0.00020431961,1
KBTBD8,49,0.001429652,0.00020423601,7
OR8B12,6,0.001428905,0.00047630165,2
TMOD1,4,0.0014287751,0.00035719379,1
KCNH1,3,0.0014267655,0.0004755885,1
RNU6-1,6,0.0014258648,0.0007129324,3
SERBP1,24,0.0014227194,0.0014227194,24
OR2J3,24,0.00142207,0.0003555175,6
STRA8,1,0.0014201071,0.0014201071,1
ARMC9,2,0.0014154741,0.00070773705,1
EID2,2,0.0014150903,0.00070754514,1
TRIM6,4,0.0014095884,0.0003523971,1
PARP2,57,0.0014081675,7.4114076e-05,3
BTG4,1,0.0014059646,0.0014059646,1
TNIP1,63,0.0014043734,0.00020062478,9
TRIM22,10,0.0014029702,0.00028059405,2
MANBA,16,0.0013996442,0.00017495552,2
RBBP8,64,0.0013978792,4.3683725e-05,2
RBMXL2,2,0.0013966328,0.0013966328,2
CD70,10,0.0013952933,0.00027905864,2
MCUB,3,0.0013932125,0.00046440415,1
IP6K2,30,0.0013921958,0.00013921958,3
ZNF717,20,0.0013865307,0.00034663267,5
SATB2,377,0.0013857496,0.00010659611,29
FMN1,2,0.0013839867,0.0013839867,2
CR1L,14,0.0013820102,0.00019743002,2
APC2,22,0.0013818912,6.281323e-05,1
TMX3,12,0.0013815649,0.00034539122,3
TFDP1,57,0.0013811267,2.4230292e-05,1
OVGP1,6,0.0013811205,0.0004603735,2
NFKB2,92,0.0013792221,1.4991545e-05,1
DDX18,15,0.0013774487,0.0013774487,15
USP34,7,0.0013718859,0.0001959837,1
PIGT,12,0.0013698691,0.00022831152,2
DNAH8,8,0.0013698213,0.0003424553,2
CRTC3,1,0.001369262,0.001369262,1
DENND3,12,0.0013666725,0.0003416681,3
LINC-ROR,1,0.0013665012,0.0013665012,1
EPB41L3,16,0.0013659329,0.00017074161,2
STAP1,2,0.00136417,0.000682085,1
MDGA1,9,0.0013611708,0.00045372362,3
OXTR,15,0.0013593634,9.062423e-05,1
TNFRSF10D,17,0.0013578965,7.987626e-05,1
TTC30A,4,0.0013532598,0.00033831495,1
TWSG1,2,0.0013527393,0.0013527393,2
SLC30A5,10,0.0013518122,0.00013518121,1
PPARGC1B,17,0.0013506897,7.945234e-05,1
ASCC2,20,0.0013494141,0.00033735353,5
CENPW,120,0.0013493982,0.00033734954,30
GMFG,3,0.0013475002,0.00044916675,1
CELA3B,2,0.0013468371,0.0006734186,1
NLRP5,1,0.0013463794,0.0013463794,1
ABCA12,12,0.0013438024,0.0003359506,3
MIXL1,4,0.0013423844,0.0003355961,1
JDP2,6,0.0013422373,0.0013422373,6
MDC1,24,0.0013409586,5.5873275e-05,1
CRMP1,5,0.0013407685,0.0002681537,1
MTMR7,9,0.0013378635,0.0001486515,1
PCBD2,3,0.0013372753,0.00044575843,1
CACNB4,18,0.0013348197,7.415665e-05,1
COLGALT1,6,0.0013319644,0.00022199407,1
ARHGAP44,7,0.0013288328,0.00018983326,1
YEATS2,3,0.0013271665,0.00044238882,1
DCAF17,12,0.0013264576,0.0003316144,3
TIE1,1,0.0013259918,0.0013259918,1
SSB,1,0.0013236402,0.0013236402,1
RASGRP3,40,0.0013230762,6.6153814e-05,2
UGT1A8,147,0.0013230128,6.300061e-05,7
ASIC2,20,0.0013213074,0.00026426147,4
ABCC4,90,0.0013187394,4.3957978e-05,3
CALY,1,0.001318379,0.001318379,1
AOPEP,6,0.0013176297,0.0004392099,2
CHMP6,18,0.001315024,7.3056886e-05,1
KCNJ10,15,0.0013144602,8.763068e-05,1
GABRP,14,0.0013128535,0.00018755053,2
PCLO,6,0.001312701,0.001312701,6
NPBWR2,18,0.0013112625,0.00014569583,2
GFER,2,0.0013104271,0.00065521355,1
SMC2,9,0.0013061353,0.00014512615,1
PRM3,2,0.0013035925,0.0013035925,2
CARD14,2,0.001303579,0.0006517895,1
COL23A1,12,0.0013031461,0.00010859551,1
PLA1A,9,0.001301032,0.00014455912,1
SIGLEC14,4,0.0012993849,0.00032484622,1
TRIM5,6,0.0012944364,0.0002157394,1
ZNF300,16,0.0012941121,0.00032352802,4
RMND5A,2,0.0012940019,0.0012940019,2
CYP1B1,38,0.0012926352,3.4016717e-05,1
ETV5,16,0.0012923218,0.00016154023,2
CTC1,7,0.0012908569,0.00018440813,1
CCR8,16,0.0012892921,8.058076e-05,1
CD226,4,0.0012887958,0.00032219896,1
MTSS1,9,0.0012837657,0.00042792188,3
CLPTM1L,1,0.0012810935,0.0012810935,1
FAM110A,1,0.0012789707,0.0012789707,1
STK10,11,0.0012755941,0.0001159631,1
OR5K4,6,0.0012750545,0.00042501817,2
LINC00970,2,0.0012748054,0.0012748054,2
BTN2A1,3,0.0012747874,0.0004249291,1
SIRPA,45,0.0012742268,8.494846e-05,3
TTBK1,1,0.0012736548,0.0012736548,1
LDB2,22,0.0012717885,0.00063589425,11
EPM2A,8,0.0012713184,0.0003178296,2
HIP1,7,0.0012665861,0.00018094087,1
IFNLR1,33,0.0012639561,0.000114905095,3
CEP120,12,0.0012628738,0.0004209579,4
MMRN1,8,0.0012612394,0.00031530985,2
DLGAP2,3,0.0012602118,0.0004200706,1
B3GALT1,7,0.001257362,0.00017962314,1
HERC6,4,0.0012566558,0.00031416395,1
DUSP4,120,0.0012499704,3.1249263e-05,3
MTMR3,39,0.0012482038,9.601567e-05,3
TENT4B,2,0.001247213,0.001247213,2
OR5B17,3,0.0012465506,0.00041551687,1
CST2,3,0.0012465281,0.0012465281,3
PEMT,45,0.0012460841,8.307228e-05,3
LILRA3,56,0.0012455086,0.00017792979,8
RAB11FIP5,2,0.0012447725,0.0012447725,2
PRDM14,12,0.0012445865,0.00041486218,4
PTGFRN,14,0.0012439509,0.0012439509,14
EMSY,33,0.0012438745,0.0012438745,33
ABHD16A,2,0.0012417305,0.0012417305,2
ASCC1,5,0.0012416984,0.00024833967,1
HIP1R,5,0.0012414505,0.0002482901,1
PLEKHA7,4,0.0012413345,0.0012413345,4
BBS9,32,0.0012385958,0.00015482448,4
P2RY6,12,0.0012368868,0.0001030739,1
AREL1,4,0.0012335377,0.00030838442,1
CTU2,4,0.0012326229,0.00030815572,1
TSEN15,4,0.0012311088,0.0003077772,1
PPFIA3,10,0.0012310978,0.00012310978,1
ROBO1,45,0.001230952,8.206346e-05,3
PTPRN,1,0.0012300279,0.0012300279,1
SLC22A4,66,0.0012287912,0.00020479853,11
DAPK2,8,0.0012279869,0.00015349836,1
MAGI3,32,0.001224011,0.001224011,32
MSL2,4,0.0012228619,0.00030571548,1
PATJ,7,0.0012215489,0.00017450699,1
NRROS,4,0.0012211254,0.0006105627,2
SBSPON,4,0.0012200079,0.00030500197,1
TRIM2,20,0.0012190777,0.00030476943,5
NEK7,242,0.0012153747,0.00011048861,22
SNX2,7,0.0012146014,0.00017351449,1
DCLRE1B,2,0.0012122823,0.00060614117,1
TAAR9,14,0.0012113038,8.652169e-05,1
GFPT1,48,0.0012074262,5.0309427e-05,2
UGT8,105,0.0012048496,8.0323305e-05,7
METTL21A,3,0.0012030903,0.0004010301,1
NECTIN4,6,0.001202177,0.00020036283,1
P2RY1,209,0.0012002669,6.317194e-05,11
ALLC,2,0.0012001835,0.00060009176,1
FOXQ1,8,0.0011982525,0.0005991263,4
INPP5K,16,0.0011965908,7.478693e-05,1
PLEKHG6,35,0.001196407,0.0001709153,5
DNAH9,3,0.0011945441,0.00039818138,1
FLG2,3,0.0011935781,0.00039785937,1
FUT2,22,0.0011935483,0.0001085044,2
USP43,4,0.0011934873,0.00029837183,1
AHI1,6,0.0011927278,0.00019878797,1
GPX5,16,0.0011916161,7.4476004e-05,1
NOL6,5,0.001191611,0.00023832222,1
ZCCHC7,1,0.0011903087,0.0011903087,1
GALNT17,40,0.0011894396,0.00014867994,5
DYRK1A,9,0.0011891361,0.00013212622,1
HNF4G,24,0.0011877632,0.00019796053,4
SLC6A13,28,0.001185068,8.464772e-05,2
DHX16,6,0.0011850613,0.00019751022,1
LRP1,19,0.001183834,6.230705e-05,1
SLC26A6,8,0.0011790455,0.00014738069,1
TIMM44,2,0.0011770081,0.0005885041,1
APOC3,19,0.0011769037,6.19423e-05,1
GORASP2,5,0.0011765164,0.00023530328,1
NDST4,27,0.0011761574,0.00013068416,3
SLC9C2,3,0.0011753289,0.0003917763,1
LGI1,4,0.0011747984,0.0005873992,2
ST6GAL1,72,0.0011746945,4.8945603e-05,3
LMO7,8,0.0011743247,0.00014679058,1
SLC7A2,30,0.0011735517,7.823677e-05,2
STIL,2,0.0011667319,0.0011667319,2
THOC1,10,0.0011667298,0.000116672985,1
DSEL,25,0.0011662428,0.00023324853,5
AK9,10,0.0011651956,0.00023303911,2
BRMS1L,4,0.0011632772,0.0011632772,4
SIPA1L2,4,0.0011628458,0.0011628458,4
TBCE,3,0.0011607453,0.00038691508,1
HSCB,2,0.0011571479,0.00057857396,1
IKZF1,86,0.0011531609,0.00057658047,43
OR51L1,3,0.0011512716,0.0003837572,1
ACOT11,20,0.001150487,0.00028762175,5
SMIM20,33,0.0011494966,0.0011494966,33
KLF6,12,0.0011480751,0.00038269168,4
GFPT2,26,0.0011470891,8.823762e-05,2
RAG1,6,0.0011400763,0.00019001272,1
ZNF316,1,0.0011383588,0.0011383588,1
SELENOP,14,0.0011378238,0.00016254626,2
TSPAN14,10,0.001137706,0.0002275412,2
FTO,4,0.0011359107,0.0002839777,1
ABHD6,120,0.0011358637,0.00011358637,12
LTBP1,11,0.001131885,0.00010289864,1
WHRN,10,0.0011317051,0.00022634104,2
NSMCE2,5,0.0011316433,0.00022632866,1
GPR75-ASB3,21,0.0011308393,0.00016154848,3
CNOT3,20,0.0011286424,0.00011286425,2
DNAJB6,8,0.0011285825,0.00014107281,1
ZP2,4,0.0011267096,0.0002816774,1
RBM28,1,0.0011263842,0.0011263842,1
GSDME,3,0.0011242689,0.0003747563,1
CCT6B,40,0.0011217647,0.000112176465,4
SFTPD,18,0.0011190624,0.00018651038,3
USP1,24,0.0011144959,0.00013931199,3
EXPH5,2,0.0011141177,0.0011141177,2
TOM1L1,5,0.0011135181,0.0011135181,5
ZNF45,4,0.0011117385,0.00027793463,1
NFIC,2,0.0011109905,0.0011109905,2
ELP1,6,0.0011104059,0.00018506765,1
GLS,50,0.0011083384,4.433353e-05,2
TTLL11,3,0.0011074664,0.00036915546,1
GRXCR1,24,0.0011070204,0.0002767551,6
LIG3,15,0.001107014,7.380093e-05,1
ADHFE1,10,0.0011062337,0.00011062337,1
ETNK2,11,0.0011059716,0.00010054288,1
KCNQ5,25,0.0011011891,0.00022023784,5
KRT2,4,0.0011010977,0.00055054884,2
KCNH7,6,0.0011005783,0.00036685946,2
IBTK,2,0.0011005527,0.0011005527,2
CCDC50,1,0.0010990079,0.0010990079,1
ZNF697,3,0.0010989977,0.00036633256,1
CAST,24,0.0010968074,0.00018280123,4
RHOB,124,0.0010943998,3.5303223e-05,4
VASH1,3,0.001090825,0.00036360833,1
TRIM71,49,0.0010892494,0.00015560703,7
CCND2,52,0.0010885949,2.0934518e-05,1
NEURL1,19,0.0010882091,5.7274163e-05,1
OR6C1,3,0.0010836958,0.00036123194,1
BRD2,78,0.001082727,0.00018045449,13
STX2,16,0.0010819117,0.00027047793,4
PBX3,24,0.0010804932,0.0003601644,8
BTNL9,3,0.0010803324,0.0003601108,1
HECW1,4,0.0010800285,0.00027000712,1
TRAPPC9,30,0.00107926,0.000107926004,3
ARID1B,48,0.001079127,8.992724e-05,4
CRB1,5,0.0010766862,0.0010766862,5
MON1A,4,0.0010761186,0.00026902964,1
PIAS1,38,0.0010760225,2.8316383e-05,1
RSPH4A,1,0.0010756614,0.0010756614,1
LILRB5,65,0.0010755575,0.00021511152,13
PYGO1,16,0.0010754557,0.00013443196,2
SIRPB1,91,0.0010730819,0.00015329741,13
EYA2,8,0.0010724019,0.00026810047,2
MAGI2,5,0.0010704019,0.00021408037,1
TAOK3,11,0.0010700407,9.727643e-05,1
REXO2,22,0.0010690581,0.0010690581,22
PHF2,6,0.0010690322,0.0003563441,2
SERPINA6,5,0.0010689305,0.0002137861,1
LRAT,16,0.0010675767,6.672354e-05,1
NRG2,47,0.0010663792,2.268892e-05,1
KIRREL3,3,0.0010649611,0.00035498702,1
SRSF3,14,0.0010638675,7.599053e-05,1
CRPPA,2,0.0010635187,0.00053175935,1
CDH23,5,0.0010598727,0.00021197453,1
STARD10,10,0.0010595503,0.00021191007,2
RCL1,105,0.0010581922,0.00021163844,21
PSTK,7,0.0010579797,0.00015113995,1
LCE3B,9,0.0010557931,0.00035193106,3
NAT2,30,0.0010548155,0.000105481544,3
NFIB,6,0.0010519145,0.00052595726,3
RGMB,12,0.0010517418,0.00017529029,2
DOCK3,11,0.0010514853,9.5589574e-05,1
PRTG,2,0.0010493596,0.0010493596,2
MOXD1,6,0.0010471422,0.0005235711,3
MIR17HG,1,0.0010468038,0.0010468038,1
OR6F1,3,0.0010433163,0.00034777212,1
UBE2G2,30,0.0010406885,6.937923e-05,2
PTPRT,10,0.0010389673,0.0010389673,10
LIF,28,0.0010387626,3.7098664e-05,1
SSPOP,8,0.001037568,0.000259392,2
DOCK5,60,0.0010368292,0.00010368292,6
YARS1,11,0.0010363776,9.421615e-05,1
HTD2,24,0.0010303836,0.00012879795,3
PCK2,26,0.0010274069,3.951565e-05,1
KLF10,2,0.0010267685,0.00051338424,1
SLC22A16,6,0.0010263352,0.00017105586,1
NEFM,5,0.001025437,0.0002050874,1
SEMA3B,2,0.001025201,0.0005126005,1
HSF2,8,0.0010221109,0.0010221109,8
PRDM6,3,0.001021824,0.001021824,3
ZNF14,15,0.0010193356,0.00020386711,3
BPNT2,10,0.0010191211,0.00010191211,1
SPNS1,2,0.0010191172,0.0010191172,2
TJP3,2,0.0010170018,0.0005085009,1
MPP7,50,0.0010164896,0.000101648955,5
ADA,70,0.0010144666,2.8984763e-05,2
OR5H15,3,0.0010132464,0.0003377488,1
AIM2,9,0.0010123587,0.0001124843,1
VIL1,10,0.0010112659,0.00050563295,5
WDPCP,2,0.0010090563,0.0005045282,1
ADAMTS2,16,0.0010090366,0.00012612957,2
GPRC5B,2,0.0010085264,0.0010085264,2
PRIM2,30,0.0010064516,3.3548386e-05,1
EYA4,8,0.001004512,0.000251128,2
CDH7,112,0.0010036563,0.00014337948,16
CFTR,36,0.0010020026,2.7833406e-05,1
RBM5,5,0.001001714,0.00020034281,1
RPS3,32,0.0010011205,3.1285017e-05,1
EGR3,12,0.0009977047,8.3142055e-05,1
ONECUT1,36,0.0009953863,0.00024884657,9
SYT2,12,0.0009944311,8.286926e-05,1
CUBN,14,0.00099372,7.098e-05,1
OR10G9,3,0.0009933022,0.00033110075,1
COPZ2,11,0.0009922954,9.0208676e-05,1
APOBEC3A_B,1,0.0009905738,0.0009905738,1
CNTN3,18,0.0009886936,0.00032956453,6
LILRA6,15,0.0009863527,0.00019727054,3
DPPA3,2,0.0009803991,0.0009803991,2
ITM2B,3,0.0009781219,0.0009781219,3
IFT140,10,0.0009766291,9.766291e-05,1
PON2,7,0.000975087,0.00013929814,1
IL1A,240,0.00097376923,1.2172116e-05,3
COL3A1,48,0.0009735939,4.0566414e-05,2
SMC1B,7,0.0009720174,0.00013885963,1
DPYD,24,0.0009711836,4.0465984e-05,1
QTRT2,3,0.00096686656,0.00032228886,1
BSND,18,0.00096663943,0.00032221313,6
C15orf39,1,0.00096475554,0.00096475554,1
HELZ2,45,0.0009630319,0.000107003536,5
RPRM,14,0.00096180115,0.00048090058,7
ZNF101,12,0.00096061913,0.00024015478,3
ISL1,36,0.0009600036,0.00010666707,4
MARVELD3,2,0.0009591944,0.0009591944,2
PLOD3,7,0.0009576803,0.00013681148,1
COQ2,10,0.0009552066,9.5520656e-05,1
EPSTI1,6,0.0009548962,0.00015914936,1
NT5M,60,0.00095355214,7.9462676e-05,5
LRP10,6,0.00095308933,0.00015884823,1
PKIA,120,0.0009528849,0.0003176283,40
COLEC12,14,0.0009526402,0.00013609146,2
UBE3D,32,0.0009524262,0.00023810656,8
FAF2,8,0.00095119525,0.00011889941,1
SYNE3,3,0.0009511476,0.0009511476,3
C1D,4,0.000950995,0.000950995,4
TPO,32,0.00095000095,5.937506e-05,2
FCER1A,8,0.00094843266,0.00011855408,1
TRPV3,5,0.0009480096,0.00018960192,1
MYOCD,2,0.00094675494,0.00047337747,1
SCARB2,7,0.0009460733,0.00013515333,1
ARHGEF15,17,0.0009454008,5.561181e-05,1
BICD1,5,0.00094424584,0.00018884917,1
GGA2,7,0.00094413594,0.00013487657,1
SLC15A1,15,0.0009423076,0.00018846152,3
DCSTAMP,3,0.00094218436,0.00094218436,3
CDC42EP3,20,0.0009420273,9.420274e-05,2
FAM83B,42,0.00093945925,0.00013420846,6
STYK1,2,0.0009387731,0.0009387731,2
PAPPA2,2,0.00093766756,0.00046883378,1
LDLRAD4-AS1,1,0.0009373799,0.0009373799,1
MSR1,85,0.0009360147,0.00018720294,17
USP16,4,0.00093561376,0.00023390344,1
SLITRK6,20,0.0009349406,0.00023373515,5
KIZ,2,0.00093325035,0.00046662518,1
ADAMTS17,4,0.0009306383,0.00023265957,1
BTN1A1,6,0.00093045435,0.00031015146,2
UQCC2,3,0.0009256185,0.0009256185,3
MBP,12,0.0009252819,0.00015421365,2
LHX2,48,0.0009243256,0.00015405427,8
RAB5B,21,0.0009243063,4.4014585e-05,1
DEF6,22,0.00092317315,8.392484e-05,2
OR51Q1,3,0.00091976544,0.00030658848,1
PCTP,5,0.00091861514,0.00091861514,5
CALCOCO1,1,0.000918602,0.000918602,1
SH3BP2,20,0.00091835635,0.00018367128,4
EBF3,4,0.00091758056,0.00091758056,4
SLC35C1,11,0.0009172244,8.338404e-05,1
BAG6,2,0.0009171732,0.0004585866,1
SAR1A,4,0.00091677887,0.00022919472,1
DNAJB4,1,0.0009161272,0.0009161272,1
REG3G,3,0.00091564254,0.00030521417,1
SOX17,36,0.0009146252,7.621876e-05,3
SLC14A1,8,0.000913268,0.000228317,2
BEAN1,2,0.0009119223,0.0009119223,2
TPBG,8,0.00091178133,0.00091178133,8
CDT1,16,0.0009116114,5.6975714e-05,1
NECAP1,6,0.00091087713,0.00015181286,1
SHANK2,132,0.0009103265,0.00022758162,33
DNAJC13,3,0.00090899394,0.00030299797,1
CSGALNACT1,33,0.00090777205,8.252473e-05,3
HS3ST2,27,0.000907667,0.000100851896,3
FEZ1,1,0.00090584083,0.00090584083,1
MICALL2,1,0.0009053206,0.0009053206,1
CDK14,5,0.0009053177,0.0009053177,5
CXCL16,13,0.0009037413,6.951856e-05,1
EBI3,7,0.00090103864,0.00012871981,1
ADAM15,4,0.0008972282,0.00022430705,1
TBL1XR1,66,0.0008938896,2.7087563e-05,2
KCNV1,15,0.00089359994,0.00029786662,5
ADK,13,0.0008933411,6.8718546e-05,1
DAB1,8,0.0008909901,0.00011137376,1
VPS37A,13,0.0008896961,6.843817e-05,1
STRA6,3,0.00088950316,0.00029650106,1
AQP12A,27,0.0008882455,0.00029608185,9
OTOA,3,0.0008850595,0.00029501982,1
ALAD,17,0.00088429183,5.2017167e-05,1
STIM2,4,0.0008838281,0.00044191405,2
EMX2,16,0.0008822715,0.00044113575,8
BBS12,2,0.00088176073,0.00044088037,1
TRAF3IP2,112,0.0008816103,0.00022040258,28
SHMT2,40,0.00088148017,2.2037004e-05,1
HLX,6,0.0008773312,0.00029244373,2
ADAMTS6,8,0.0008758432,0.0002189608,2
PEX5L,2,0.0008753261,0.0008753261,2
SFRP1,32,0.0008742077,5.463798e-05,2
SLCO1B3,20,0.0008739954,4.3699773e-05,1
NTM,18,0.0008731589,0.00029105297,6
CRTC1,4,0.00087208004,0.00021802001,1
CHIT1,39,0.00087177753,6.70598e-05,3
WIPF3,42,0.0008686078,4.1362277e-05,2
DHX36,6,0.00086558633,0.00014426438,1
OSBPL6,15,0.0008627444,0.00017254888,3
ARHGAP18,24,0.0008613486,0.00014355809,4
PRKD3,16,0.000860928,0.000107616,2
KARS1,11,0.0008599701,7.81791e-05,1
APOH,5,0.0008586956,0.00017173911,1
CAPN8,6,0.0008551508,0.0004275754,3
OAT,21,0.0008523141,4.0586387e-05,1
SORBS2,4,0.00085026975,0.00085026975,4
CIAPIN1,2,0.0008496274,0.0004248137,1
OR8B4,3,0.00084960874,0.0002832029,1
POGLUT1,10,0.0008495212,0.00016990425,2
GFUS,13,0.00084908574,6.5314285e-05,1
ERN1,21,0.00084824953,4.0392835e-05,1
ADAMTS1,36,0.0008468904,9.409893e-05,4
CEACAM3,5,0.00084555533,0.00016911107,1
CCDC124,1,0.0008449955,0.0008449955,1
SGMS1,19,0.0008429513,4.4365857e-05,1
PELO,8,0.00084022636,0.00042011318,4
ZNF112,4,0.0008384518,0.00020961295,1
HSD17B2,11,0.0008381937,7.619942e-05,1
SPRY4,102,0.0008377975,0.00041889874,51
NSF,54,0.000831087,3.0781e-05,2
USP4,4,0.00082887104,0.00020721776,1
DCC,114,0.0008283543,4.3597596e-05,6
KRT4,4,0.0008274013,0.00041370065,2
SHTN1,5,0.00082711456,0.00016542291,1
PNKD,2,0.0008268734,0.0008268734,2
TAPT1,4,0.0008248647,0.0008248647,4
LDLRAD4,2,0.000823892,0.000823892,2
ACP1,8,0.0008236743,0.00010295929,1
DCP1B,18,0.0008235942,0.0001372657,3
OPCML,9,0.00082330575,0.00027443524,3
STC1,2,0.00082195294,0.00082195294,2
GRIP2,21,0.0008218056,0.00011740081,3
LILRA5,55,0.0008208299,0.00016416598,11
PPA1,7,0.00081959413,0.00011708488,1
ANO1,3,0.0008194602,0.0002731534,1
B3GALT5,7,0.0008193751,0.00011705358,1
RBM25,1,0.0008170346,0.0008170346,1
FMO4,5,0.0008166323,0.00016332646,1
RANBP3,3,0.00081475556,0.0002715852,1
IL17RD,27,0.00081380806,9.042312e-05,3
PDLIM5,20,0.0008123027,0.00020307567,5
FMO6P,2,0.0008118994,0.0004059497,1
LINC01063,4,0.00081128284,0.00081128284,4
SLCO1B1,54,0.000810706,3.0026147e-05,2
KANK1,10,0.0008105078,0.00016210155,2
NFATC2IP,3,0.0008101016,0.0008101016,3
TIAM2,14,0.00080927217,5.7805155e-05,1
S1PR1,21,0.00080902566,3.852503e-05,1
CHAF1A,2,0.0008086292,0.0004043146,1
MIR495,1,0.0008073933,0.0008073933,1
NMRK1,6,0.00080470793,0.00013411799,1
KCNK17,21,0.000801848,0.00011454971,3
SHBG,1,0.00080161914,0.00080161914,1
PRPF31,5,0.0008012141,0.00016024281,1
NCAM2,12,0.0008009444,0.0004004722,6
HMG20B,9,0.00079923234,8.8803594e-05,1
NEUROG3,8,0.00079729024,0.00039864512,4
ANXA11,4,0.00079599215,0.00039799607,2
KCNN4,7,0.0007944455,0.00011349221,1
CFAP298,1,0.000794438,0.000794438,1
PROKR2,9,0.00079410186,8.823354e-05,1
UBE2V2,48,0.0007927868,3.3032786e-05,2
VARS2,14,0.00079165405,0.00011309344,2
TTYH1,57,0.00079101167,0.00026367055,19
HOPX,1,0.0007908694,0.0007908694,1
CDH4,18,0.0007896967,8.7744076e-05,2
TTLL10,3,0.0007896012,0.0002632004,1
LYPD5,9,0.00078815495,0.0002627183,3
GRIK4,24,0.000787705,9.8463126e-05,3
TGFBI,60,0.00078525895,0.00026175298,20
RTEL1,13,0.0007850606,6.0389277e-05,1
ARNT2,24,0.0007826469,9.783086e-05,3
CENPX,8,0.0007813884,9.767355e-05,1
MBD5,4,0.00077915937,0.00019478984,1
PGBD5,1,0.0007784002,0.0007784002,1
SIGLEC12,36,0.0007781714,0.00025939045,12
ANKRA2,1,0.0007779331,0.0007779331,1
SRCAP,1,0.0007777665,0.0007777665,1
DEAF1,4,0.0007766475,0.0007766475,4
SLC9A9,24,0.00077593623,0.00019398406,6
CYTH4,165,0.00077563175,7.051198e-05,15
UNC5C,14,0.000775289,0.00011075557,2
LIN52,9,0.0007746351,8.607057e-05,1
ZNF226,4,0.0007735804,0.0001933951,1
MCM4,26,0.0007726002,2.9715391e-05,1
SARM1,7,0.0007724423,0.000110348905,1
TOMM7,8,0.00076983706,9.622963e-05,1
H19,9,0.00076965225,0.00025655076,3
AASS,15,0.000766014,5.10676e-05,1
PCGF3,2,0.0007649894,0.0007649894,2
ERG,5,0.00076439057,0.00015287811,1
ZNF282,8,0.0007600464,0.0001900116,2
INTS11,3,0.0007586793,0.0002528931,1
CARD18,3,0.0007581916,0.0007581916,3
PPP4R1,2,0.00075403374,0.00075403374,2
ATXN3,12,0.00075390656,6.2825544e-05,1
FGD5,6,0.00075289886,0.00012548314,1
ABCC12,1,0.0007524084,0.0007524084,1
SSU72,1,0.0007523977,0.0007523977,1
KIF21B,16,0.0007506187,9.382734e-05,2
GAPT,2,0.0007505986,0.0007505986,2
CSTF3,13,0.0007489779,5.7613684e-05,1
EPS8L1,8,0.0007483962,0.0007483962,8
DDX42,6,0.0007471255,0.00012452091,1
FDX2,11,0.0007466918,6.788107e-05,1
KIR3DX1,29,0.0007459608,0.0007459608,29
KSR2,57,0.0007437467,3.914456e-05,3
RDH14,24,0.0007435591,0.00012392651,4
GPR25,44,0.0007430408,6.754917e-05,4
DEPDC5,4,0.00074197137,0.00037098568,2
SMOC2,7,0.0007405313,0.0007405313,7
GRAMD1B,3,0.00074044405,0.00074044405,3
COL16A1,18,0.0007395084,8.216761e-05,2
OR1Q1,4,0.00073804543,0.00018451136,1
PRDM16,9,0.0007324403,8.1382255e-05,1
ANXA5,49,0.0007318015,0.00010454307,7
TOR1AIP1,14,0.0007302,0.000104314284,2
STAM,33,0.00072944636,2.2104436e-05,1
DACT2,6,0.0007293132,0.0003646566,3
MKLN1,1,0.00072765315,0.00072765315,1
AGGF1,4,0.0007254165,0.00018135413,1
VPS16,14,0.000725189,5.1799212e-05,1
ABLIM3,12,0.00072492595,0.00012082099,2
HS3ST3A1,90,0.000724404,8.0489335e-05,10
UBASH3A,20,0.0007241027,0.0007241027,20
TSKU,1,0.00072329474,0.00072329474,1
SIGLEC1,4,0.0007210768,0.0001802692,1
TRAFD1,1,0.0007181786,0.0007181786,1
KCNN3,5,0.00071722874,0.00014344575,1
CHRNG,9,0.0007141192,7.934657e-05,1
SEPTIN7,12,0.000713051,0.00017826275,3
NREP,1,0.00071249343,0.00071249343,1
MRPS33,6,0.0007123592,0.00011872654,1
TBC1D32,6,0.00071080093,0.00071080093,6
XIRP2,12,0.0007094888,0.0001773722,3
LAMB4,10,0.0007093794,7.093794e-05,1
SEMA3D,1,0.00070848287,0.00070848287,1
ICOSLG,210,0.0007080864,0.0001180144,35
ATP8A2,3,0.0007075517,0.00023585057,1
SLC4A10,4,0.0007075429,0.00017688572,1
MSRB2,12,0.0007060273,5.883561e-05,1
KHDRBS3,36,0.00070567965,0.00017641991,9
TMEM170A,4,0.0007031371,0.0007031371,4
PABPC4L,24,0.0007027017,0.00023423388,8
SFPQ,13,0.000702068,5.4005228e-05,1
SMG1,4,0.0007019207,0.00017548018,1
ITGB2,44,0.0007016527,1.5946653e-05,1
NTNG1,6,0.0007010234,0.00011683723,1
FZD3,47,0.0007009228,1.4913251e-05,1
ZDHHC19,3,0.0006991763,0.0006991763,3
ZNF462,2,0.00069857325,0.00069857325,2
AHSA1,1,0.00069821,0.00069821,1
SELENOV,1,0.00069727376,0.00069727376,1
SYNJ2,18,0.0006972612,3.8736733e-05,1
GZMB,78,0.0006951702,2.6737316e-05,3
KLF13,5,0.0006950313,0.0006950313,5
ARFGAP1,18,0.00069502584,3.8612547e-05,1
U2SURP,10,0.0006946545,0.00013893089,2
GCKR,7,0.0006937743,9.911061e-05,1
ARID1A,15,0.0006937624,4.6250825e-05,1
UNC13C,22,0.00069349335,0.00034674667,11
WRN,35,0.00069154054,1.9758301e-05,1
AXIN1,71,0.0006913795,9.737739e-06,1
ZNF202,3,0.00069127674,0.00023042558,1
CRYAA,6,0.0006906988,0.0006906988,6
LTBP2,8,0.00069013156,0.00017253289,2
DGKG,39,0.0006897189,5.3055293e-05,3
SHANK1,6,0.0006879957,0.00011466595,1
KCNK12,3,0.00068655435,0.00022885145,1
RSPO2,10,0.000686444,0.0001372888,2
PLPP3,19,0.00068625924,3.611891e-05,1
NICN1,3,0.00068531645,0.00022843882,1
ATP10D,3,0.0006832277,0.00022774258,1
LILRA4,80,0.000681303,0.0001362606,16
KCNA1,27,0.00067900884,0.00022633627,9
TRMT10A,6,0.000678268,0.00022608934,2
LSM8,18,0.0006775125,0.00011291874,3
SOX13,12,0.0006764377,0.00016910942,3
LECT2,21,0.0006761848,0.0006761848,21
PSRC1,1,0.0006750115,0.0006750115,1
SFTPC,3,0.0006748802,0.00022496008,1
CYTL1,2,0.0006743753,0.0006743753,2
WDR46,4,0.00067034556,0.00016758639,1
BACE2,1,0.00066834415,0.00066834415,1
MAP1LC3B,14,0.00066813,4.772357e-05,1
FBXW10,20,0.00066776655,6.677666e-05,2
LRRC1,10,0.000667622,0.0001335244,2
MED13,24,0.0006676018,0.00011126697,4
FBLN1,15,0.00066693506,0.00022231168,5
SPOCK1,5,0.0006658047,0.0006658047,5
CCDC88C,5,0.0006634023,0.00013268046,1
DHH,22,0.0006630082,3.0136736e-05,1
SLC44A2,13,0.0006628353,5.098733e-05,1
TEP1,3,0.0006615659,0.0006615659,3
PRLHR,35,0.0006583284,9.404692e-05,5
ACO2,29,0.00065695436,2.26536e-05,1
SCFD1,39,0.0006566493,5.0511484e-05,3
DAG1,92,0.00065572106,2.850961e-05,4
OR12D3,52,0.00065410533,0.00016352633,13
LY6D,3,0.0006511649,0.00021705497,1
HS3ST3B1,72,0.0006511281,7.2347575e-05,8
CRHR1,20,0.00065101025,3.2550513e-05,1
UGT1A4,76,0.00064938195,1.7088998e-05,2
HYDIN,1,0.0006487211,0.0006487211,1
TYMP,23,0.00064820517,2.8182834e-05,1
MAS1,12,0.0006467039,0.000107783984,2
BEGAIN,3,0.00064471515,0.00021490506,1
CIT,24,0.00064434943,5.369579e-05,2
MYSM1,12,0.0006440304,0.0001610076,3
TSPAN15,4,0.00064307306,0.00032153653,2
MYPN,3,0.0006422018,0.0006422018,3
ATXN1,3,0.00064215704,0.00021405234,1
HERC2P10,2,0.00064015354,0.00064015354,2
UMOD,6,0.0006397964,0.00021326545,2
ATP7B,5,0.000637101,0.00012742021,1
RAB3GAP2,8,0.00063707697,7.963462e-05,1
ANTXR1,21,0.0006366677,9.095253e-05,3
ANXA6,40,0.00063581264,0.00015895316,10
HEXD,2,0.00063536974,0.00031768487,1
CITED4,5,0.00063249713,0.00012649942,1
SIGIRR,6,0.00063236634,0.00010539439,1
COL13A1,28,0.0006318837,9.0269095e-05,4
ADAP2,2,0.0006317574,0.0006317574,2
CHGB,8,0.00062991766,0.00015747942,2
SEPTIN12,3,0.0006285034,0.00020950113,1
LSAMP,6,0.00062834687,0.00020944896,2
NR4A1,28,0.00062808674,2.243167e-05,1
AMOTL1,3,0.00062722364,0.00020907454,1
IFI30,35,0.0006271505,8.959293e-05,5
SNRNP70,8,0.00062700745,7.837593e-05,1
GPRC5A,6,0.0006257143,0.00031285716,3
NLRP2,8,0.0006248625,0.0006248625,8
TAF11,21,0.000624136,2.9720763e-05,1
ESRRG,15,0.0006235245,0.0001247049,3
DZIP3,12,0.00062302506,0.00015575626,3
KLK7,2,0.0006217794,0.0003108897,1
GFOD1,10,0.0006215924,0.00012431848,2
ATF5,5,0.0006210309,0.00012420618,1
CCL18,40,0.00062101206,0.00015525302,10
LCA5,4,0.0006209498,0.0003104749,2
ZFAND5,2,0.0006185359,0.00030926795,1
DENND1A,4,0.0006168615,0.00015421538,1
PTPRE,4,0.00061531115,0.00030765557,2
ADD3,8,0.0006152611,7.6907636e-05,1
CIP2A,1,0.0006145664,0.0006145664,1
SEPTIN8,15,0.00061312574,0.00020437525,5
TSEN34,4,0.0006119016,0.0001529754,1
ARHGAP27,24,0.00061163213,0.00010193869,4
LZTFL1,21,0.0006093867,8.7055254e-05,3
PDGFD,147,0.00060797535,2.895121e-05,7
VPS29,6,0.0006079037,0.00010131728,1
TDH,3,0.00060777104,0.00020259035,1
MAS1L,24,0.0006052015,0.00030260076,12
SDHAF4,1,0.00060488883,0.00060488883,1
TMEM17,267,0.0006033409,0.00020111362,89
SETX,2,0.0006018991,0.00030094956,1
NAPRT,10,0.0006010482,6.0104816e-05,1
UTP11,8,0.000600316,0.000150079,2
PTPRU,5,0.0005983562,0.00011967124,1
CLDN14,10,0.0005967269,5.967269e-05,1
TNFSF8,85,0.0005957672,0.00011915344,17
DUSP22,10,0.0005956116,0.0005956116,10
IFT46,6,0.0005948545,9.914241e-05,1
FUT9,44,0.000594264,5.4024e-05,4
MGAM2,3,0.00059322536,0.00019774179,1
SHOC2,13,0.00058970845,4.5362187e-05,1
FBXW7,114,0.0005890459,1.5501208e-05,3
GRID1,2,0.00058898824,0.00029449412,1
C19orf12,2,0.0005887556,0.0005887556,2
ACBD3,15,0.00058767444,0.00011753489,3
APPBP2,1,0.0005867873,0.0005867873,1
TNFRSF6B,18,0.00058407744,3.244875e-05,1
ARFGEF2,14,0.0005838445,8.3406354e-05,2
OR13D1,3,0.0005835151,0.00019450503,1
CEPT1,16,0.0005826975,3.6418594e-05,1
ABI1,33,0.00058181636,1.7630799e-05,1
TBX5,6,0.00058106065,9.684344e-05,1
ATP5MC2,20,0.000580972,2.90486e-05,1
EEF2KMT,24,0.00058090844,0.00019363614,8
USP25,120,0.0005779459,0.00011558919,24
AKAP12,7,0.0005775689,8.250984e-05,1
LATS2,22,0.0005766295,5.2420863e-05,2
ARHGEF10,17,0.0005765669,3.39157e-05,1
TOX,2,0.0005764942,0.0002882471,1
FHL5,6,0.0005756134,0.0005756134,6
ATP12A,5,0.0005747325,0.000114946495,1
FBXO9,14,0.00057467236,8.2096056e-05,2
MON1B,12,0.00057308056,0.00014327014,3
KCNA2,9,0.0005716397,0.00019054655,3
ANO2,8,0.0005708768,0.0001427192,2
KCNB2,9,0.0005705974,0.00019019913,3
LHX4,5,0.00056984276,0.00011396855,1
ZNF792,4,0.00056900264,0.00014225066,1
CPLANE1,3,0.00056871626,0.00018957209,1
MGAT5B,2,0.0005680853,0.00028404265,1
ADIPOR1,10,0.0005669553,5.669553e-05,1
ATP2C1,4,0.00056610676,0.00014152669,1
ITLN2,8,0.0005655782,0.0005655782,8
ERI1,4,0.0005640176,0.0005640176,4
SH3TC2,4,0.0005626892,0.0005626892,4
CYB5R3,12,0.0005617187,4.680989e-05,1
MIR34AHG,2,0.0005616901,0.00028084504,1
MYO1G,1,0.00056040834,0.00056040834,1
MICAL2,1,0.0005591025,0.0005591025,1
TRMT11,36,0.00055883994,0.00018627998,12
SPTSSB,12,0.0005559714,0.00013899285,3
RPL39L,69,0.0005539988,2.4086907e-05,3
DHDH,3,0.00055300246,0.00018433416,1
AKAP6,5,0.0005526502,0.0005526502,5
ALDOA,48,0.00055249006,1.1510209e-05,1
CDH22,40,0.0005524747,0.00027623735,20
GXYLT1,8,0.00055171706,0.00027585853,4
SLC52A3,5,0.00054899254,0.00010979851,1
MLLT1,6,0.00054796453,9.132742e-05,1
PADI6,4,0.00054731884,0.00013682971,1
SRRM3,1,0.000546032,0.000546032,1
ICAM3,44,0.00054511195,4.9555634e-05,4
MNX1,1,0.0005448585,0.0005448585,1
C8orf37,1,0.00054417946,0.00054417946,1
SGK3,7,0.0005441118,7.773026e-05,1
NAB1,18,0.0005436194,6.040215e-05,2
KCNE4,8,0.00054351153,0.00013587788,2
PTMA,10,0.0005432181,0.00027160905,5
B9D1,6,0.00054313254,9.052209e-05,1
DCAF5,6,0.00054221903,0.00018073969,2
SLC23A1,6,0.00054219825,9.0366375e-05,1
CCL7,44,0.0005401004,4.9100036e-05,4
PER3,3,0.00053319125,0.00017773041,1
EPS8L2,4,0.00053283654,0.00013320913,1
RNASET2,27,0.00053247024,0.00017749007,9
TPD52L1,8,0.000532318,0.0001330795,2
EBF1,15,0.00053192803,0.00017730935,5
CORIN,5,0.0005293497,0.00010586994,1
FMOD,8,0.0005286221,6.6077766e-05,1
ZNF703,9,0.0005283296,0.00017610985,3
IL1RL1,147,0.0005272144,7.531634e-05,21
CAPZA2,20,0.0005259396,2.629698e-05,1
HDGF,2,0.0005251123,0.0005251123,2
LPP,3,0.0005249843,0.00017499477,1
OR52B4,1,0.0005248023,0.0005248023,1
KCNK3,22,0.00052472646,4.7702408e-05,2
MLPH,1,0.00052465923,0.00052465923,1
TAX1BP1,10,0.0005239647,5.239647e-05,1
VIP,100,0.00052344374,2.093775e-05,4
CEP19,3,0.0005233393,0.00017444644,1
CLVS1,20,0.00052288384,0.00010457677,4
MTDH,6,0.0005217354,0.00017391182,2
SNRPC,48,0.000520951,8.682516e-05,8
GPC6,14,0.0005194869,3.710621e-05,1
TCERG1,1,0.0005194708,0.0005194708,1
GALNS,7,0.000518399,7.4057e-05,1
LIN28B,6,0.0005173669,0.00017245564,2
ATG9B,4,0.00051614665,0.00012903666,1
DPH1,8,0.00051547016,0.00012886754,2
TRAM1,20,0.00051539193,0.00010307838,4
FAT4,30,0.0005148908,0.00017163026,10
TRAIP,12,0.0005148709,0.00012871773,3
TARM1,6,0.0005142438,0.0001714146,2
KCNN1,5,0.0005137687,0.00010275374,1
GORAB,1,0.0005129276,0.0005129276,1
UBA3,12,0.0005128352,4.273627e-05,1
RAP2B,20,0.0005114232,0.0001278558,5
CHRAC1,2,0.0005085754,0.0005085754,2
CLN5,1,0.0005084803,0.0005084803,1
OPN5,14,0.0005077626,7.2537514e-05,2
LSP1,6,0.00050751783,0.00016917262,2
SEMA3C,8,0.0005073276,0.0002536638,4
XYLT2,13,0.00050688745,3.899134e-05,1
CCL16,44,0.0005057262,4.5975106e-05,4
BCL2L11,98,0.0005005019,1.0214324e-05,2
UNC13A,6,0.000499592,0.00016653066,2
RHOBTB2,8,0.0004977898,6.222373e-05,1
PACRG,1,0.00049580535,0.00049580535,1
KRT86,4,0.0004954779,0.00024773896,2
OR52K1,3,0.00049458817,0.00016486272,1
IER3,42,0.00049379107,7.054158e-05,6
SLC43A2,8,0.0004927026,6.158782e-05,1
FCAR,15,0.00049107074,9.821414e-05,3
PVT1,8,0.0004891161,0.0004891161,8
TNFRSF19,1,0.00048817263,0.00048817263,1
CFAP410,1,0.00048761317,0.00048761317,1
HSD17B6,10,0.0004863118,9.726236e-05,2
TMED3,11,0.00048563842,4.4148946e-05,1
EIF2B5,11,0.00048556124,4.414193e-05,1
VPS35L,3,0.00048507378,0.00016169126,1
IQSEC1,4,0.00048319492,0.00012079873,1
SUDS3,15,0.00048211814,3.2141208e-05,1
GDAP1,6,0.00048206127,0.0001606871,2
DAXX,45,0.0004818323,1.0707385e-05,1
IMMP2L,5,0.00048134994,0.00048134994,5
CDH20,22,0.00048075747,0.00024037874,11
GPR85,3,0.00048028538,0.00048028538,3
HDAC11,60,0.0004799655,2.3998276e-05,3
TNFSF13,12,0.00047919314,3.9932762e-05,1
NPBWR1,45,0.00047868342,5.3187046e-05,5
SIX2,3,0.00047844392,0.00047844392,3
CDKN2D,19,0.00047781644,2.5148234e-05,1
CSNK1A1L,54,0.00047662048,2.6478914e-05,3
HVCN1,6,0.00047620048,7.936675e-05,1
GAL3ST2,1,0.00047537847,0.00047537847,1
DNAH12,10,0.00047408228,4.7408226e-05,1
RB1CC1,39,0.00047294315,3.6380243e-05,3
IGSF11,1,0.00047243177,0.00047243177,1
PDE6D,14,0.00047097178,3.364084e-05,1
TAF1C,11,0.00047057046,4.2779135e-05,1
IPO8,18,0.00046819705,0.00015606568,6
CHN2,7,0.00046798718,6.685531e-05,1
DNAH2,6,0.0004679779,0.00015599263,2
SIGLEC5,10,0.0004673779,9.347558e-05,2
ACOD1,2,0.0004668006,0.0004668006,2
ITGA8,52,0.00046674517,1.7951737e-05,2
ETNK1,30,0.00046593547,4.6593545e-05,3
IFT88,14,0.00046535512,3.3239652e-05,1
COL27A1,15,0.00046510017,9.302003e-05,3
DELEC1,4,0.00046431067,0.00046431067,4
LINC00624,1,0.00046428776,0.00046428776,1
CDC14A,10,0.00046365213,4.6365214e-05,1
PTPN14,2,0.00046186062,0.00046186062,2
RND3,5,0.0004597814,9.195628e-05,1
ADAMTS20,4,0.00045958278,0.000114895694,1
TBCC,3,0.00045955513,0.00015318504,1
CLDN17,10,0.00045952946,4.5952947e-05,1
CYBRD1,15,0.00045912885,0.00015304294,5
COMT,37,0.00045660665,1.234072e-05,1
DDX47,8,0.00045613875,0.00011403469,2
TULP1,2,0.00045604215,0.00045604215,2
HNF4A,112,0.00045499034,3.249931e-05,8
SATB1,11,0.00045468085,4.1334624e-05,1
FHIT,10,0.0004533258,9.066517e-05,2
TTC23,1,0.0004517919,0.0004517919,1
PDLIM4,17,0.0004501432,0.0004501432,17
KDM5B,9,0.0004472764,4.9697377e-05,1
MST1R,28,0.00044683804,6.3834006e-05,4
OMA1,4,0.0004448473,0.000111211826,1
IL21R,66,0.00044479643,7.4132746e-05,11
SLC22A5,52,0.00044446197,3.4189383e-05,4
ZMIZ1,54,0.0004442124,0.0001480708,18
NPPB,14,0.0004441861,6.3455154e-05,2
BACE1,6,0.00044369962,7.394994e-05,1
INTS10,15,0.0004434023,0.00014780076,5
SSTR5,13,0.00044277465,3.4059587e-05,1
SHC4,28,0.0004425283,1.5804582e-05,1
STK38L,2,0.00044240546,0.00022120273,1
SERPINE2,8,0.0004412477,0.00011031193,2
ZIC1,2,0.0004404396,0.0002202198,1
FAR2,35,0.00043923254,8.7846514e-05,7
DNAAF3,1,0.00043815587,0.00043815587,1
CYTIP,2,0.00043794856,0.00043794856,2
EFHC1,1,0.00043672702,0.00043672702,1
ABCF1,6,0.00043526257,0.00014508751,2
RIDA,3,0.00043438416,0.00014479471,1
IRGM,4,0.00043319096,0.00043319096,4
CHDH,19,0.00043313962,2.2796821e-05,1
TBX19,1,0.00043290303,0.00043290303,1
BRSK1,1,0.00043238816,0.00043238816,1
ZNF783,1,0.0004315942,0.0004315942,1
AKAP11,44,0.00043062234,0.00043062234,44
ATXN8OS,6,0.00043027604,0.00043027604,6
CASP4,14,0.0004281915,3.0585106e-05,1
OR2T3,3,0.0004272628,0.00014242093,1
EEPD1,12,0.00042694327,0.00010673582,3
CHD7,4,0.00042692866,0.00021346433,2
OR51E1,9,0.00042029642,0.0001400988,3
OSBPL7,5,0.00041793627,8.3587256e-05,1
UBASH3B,10,0.0004172433,0.00020862166,5
BCL2A1,10,0.0004159024,4.159024e-05,1
DCD,9,0.00041469885,0.00013823295,3
GTF3A,11,0.00041368365,3.7607606e-05,1
TBX21,33,0.00041239487,3.7490445e-05,3
CDH15,10,0.0004120196,4.120196e-05,1
GLI1,19,0.00041133942,2.1649443e-05,1
HHLA1,1,0.00040978868,0.00040978868,1
ANKS1B,1,0.00040869147,0.00040869147,1
NKX2-5,16,0.00040830925,5.1038656e-05,2
KCNK18,7,0.00040629442,5.804206e-05,1
CRYL1,30,0.00040566048,8.113209e-05,6
NMI,8,0.0004052333,0.000101308324,2
CIDEA,4,0.00040322955,0.00010080739,1
ELL2,6,0.0004020146,0.00013400486,2
MYCBP2,6,0.00040081787,0.00020040893,3
INHBE,22,0.00040075678,3.6432433e-05,2
ADGRD1,2,0.0004006787,0.0004006787,2
VTI1A,18,0.00039997057,6.666176e-05,3
ZNF248,4,0.0003990401,9.976002e-05,1
MYO5C,1,0.0003989515,0.0003989515,1
LINC00885,3,0.0003966597,0.0003966597,3
THG1L,3,0.00039628748,0.00013209583,1
FKRP,8,0.00039608442,0.00039608442,8
EPHA10,4,0.00039551267,9.887817e-05,1
USP31,4,0.00039522556,0.00039522556,4
OLIG3,54,0.00039506814,0.00039506814,54
SLC13A2,6,0.00039457288,6.576215e-05,1
ZNF549,4,0.00039382695,9.845674e-05,1
ABCA13,12,0.00039337252,9.834313e-05,3
FBXO31,7,0.00039253882,5.6076973e-05,1
DNAJC5,8,0.00039203351,4.900419e-05,1
APBA2,4,0.00039180752,9.795188e-05,1
RGCC,7,0.00039176326,5.596618e-05,1
TLK1,3,0.0003914867,0.00013049557,1
PHYKPL,7,0.00039129044,5.5898632e-05,1
SMG7,1,0.00038972023,0.00038972023,1
SH3GLB1,4,0.00038862985,9.715746e-05,1
ETF1,9,0.0003876444,4.30716e-05,1
GRPEL1,2,0.0003869991,0.00019349955,1
MED18,2,0.00038551042,0.00019275521,1
SLC25A17,9,0.0003852898,4.2809977e-05,1
VSIR,1,0.00038515343,0.00038515343,1
HELLS,3,0.0003844284,0.0001281428,1
NSFL1C,18,0.0003840827,6.401379e-05,3
POP1,5,0.0003836319,7.6726385e-05,1
PARP10,7,0.00038341724,5.4773893e-05,1
TOX2,3,0.00038340126,0.00038340126,3
PNOC,32,0.00038293056,4.786632e-05,4
INPP1,9,0.00038266406,4.251823e-05,1
SLC5A10,14,0.00038225818,5.460831e-05,2
ZNF682,8,0.0003809129,9.522823e-05,2
ANO9,6,0.00038064132,0.00012688045,2
NIPAL3,2,0.00037947297,0.00018973649,1
DCHS2,4,0.00037938886,0.00037938886,4
POU1F1,4,0.0003756558,0.0001878279,2
MEG3,2,0.00037550344,0.00037550344,2
TFPI,40,0.0003754359,4.6929486e-05,5
POLE,40,0.00037529858,9.382465e-06,1
RABGGTA,10,0.0003750907,3.7509068e-05,1
SCN8A,9,0.00037493446,4.1659383e-05,1
KIF11,16,0.00037477099,4.6846373e-05,2
EXTL1,4,0.00037449982,9.3624956e-05,1
NIPAL1,4,0.00037357677,0.00018678838,2
IL21,108,0.00037106356,6.184393e-05,18
GPR1,1,0.00037033824,0.00037033824,1
EPHX1,18,0.00036920691,2.0511496e-05,1
STEAP4,6,0.00036859885,0.00018429942,3
MIR181D,4,0.0003678037,9.1950926e-05,1
NHLRC1,2,0.00036757588,0.00036757588,2
DNAH11,4,0.00036736397,9.184099e-05,1
PGAP1,15,0.00036691525,7.338305e-05,3
CUX1,10,0.00036664854,3.6664853e-05,1
PTPRK,26,0.00036640264,0.00018320132,13
CLMN,1,0.00036284784,0.00036284784,1
MYO1E,3,0.00035992466,0.00011997489,1
SUFU,51,0.0003588155,2.1106795e-05,3
DSPP,4,0.00035866827,8.966707e-05,1
IGFBP7,11,0.00035845453,3.2586777e-05,1
HSPBP1,1,0.00035830468,0.00035830468,1
OTUD7A,20,0.000357891,7.15782e-05,4
RNF217,4,0.00035777508,8.944377e-05,1
SI,14,0.0003576184,2.5544172e-05,1
PUS1,5,0.0003575099,7.1501985e-05,1
TP53BP2,17,0.00035650804,2.0971062e-05,1
LAMP3,3,0.00035607294,0.00035607294,3
UBR5,2,0.00035446422,0.00017723211,1
CCK,18,0.00035342787,1.9634881e-05,1
ADAMTS9,14,0.00035320054,5.045722e-05,2
SLC7A8,38,0.00035297588,9.2888395e-06,1
TRIM56,4,0.00035261476,8.815369e-05,1
ADAM23,42,0.0003493305,0.00017466526,21
PRUNE1,1,0.0003487262,0.0003487262,1
NQO2,4,0.0003485654,8.714135e-05,1
LAT2,7,0.00034765288,4.9664697e-05,1
APCS,12,0.0003476362,0.000115878735,4
NDUFA5,25,0.00034723946,1.3889578e-05,1
GUCY2C,20,0.0003466232,3.466232e-05,2
PLCL1,2,0.0003456295,0.00017281475,1
JAKMIP1,1,0.00034540272,0.00034540272,1
ZBP1,14,0.0003452828,2.4663057e-05,1
KIF24,3,0.00034383978,0.00011461326,1
RIMS2,2,0.00034321545,0.00034321545,2
ARIH2,5,0.00034088411,6.817682e-05,1
MYOF,4,0.0003406709,8.5167725e-05,1
MAP1LC3B2,5,0.0003383918,0.0003383918,5
BUB1,27,0.0003382104,1.2526311e-05,1
MATR3,2,0.00033727664,0.00016863832,1
SEC63,2,0.00033706427,0.00016853213,1
PITPNM2,5,0.00033415476,6.683095e-05,1
GRM4,34,0.00033310405,1.9594354e-05,2
CLU,13,0.00033257547,2.5582729e-05,1
NFIA,3,0.00033248417,0.00033248417,3
ABCB9,20,0.00033072665,8.268166e-05,5
MSTN,18,0.00032997358,1.8331866e-05,1
KPNA3,12,0.00032986782,5.4977972e-05,2
SENP2,10,0.00032948382,3.294838e-05,1
PM20D1,5,0.00032828804,6.565761e-05,1
ZNF221,4,0.0003279407,8.198518e-05,1
IZUMO1,3,0.00032739653,0.000109132176,1
HTR1F,30,0.000324952,2.1663465e-05,2
CD47,24,0.00032381451,2.6984542e-05,2
RNF19B,4,0.0003232995,8.082487e-05,1
PPP4R2,12,0.00032281465,5.3802443e-05,2
CITED2,12,0.00032266031,2.688836e-05,1
PLPP4,7,0.0003221014,4.6014487e-05,1
DENND1B,84,0.00031992554,7.9981386e-05,21
LY9,9,0.0003186326,0.0003186326,9
MRPL46,24,0.00031765725,5.2942876e-05,4
SCUBE3,26,0.00031721857,0.00015860928,13
AFAP1L2,1,0.00031543066,0.00031543066,1
STXBP3,5,0.000314657,6.29314e-05,1
NPAP1,3,0.00031399177,0.00031399177,3
LHX9,55,0.00031332046,6.266409e-05,11
ACAA2,165,0.00031331734,5.6966787e-06,3
IL22RA1,10,0.0003125563,3.125563e-05,1
NALCN,6,0.0003110282,0.00010367608,2
ATG16L2,1,0.0003100885,0.0003100885,1
MED25,5,0.0003089254,6.178508e-05,1
SLC10A6,3,0.00030863582,0.00010287861,1
MRPS10,7,0.00030745397,4.3921995e-05,1
SPOP,8,0.00030637067,3.8296334e-05,1
SERTAD2,6,0.00030617687,0.00015308843,3
FXYD6,10,0.00030493605,3.0493606e-05,1
TOMM40L,2,0.00030493422,0.00015246711,1
CISD1,11,0.0003041907,0.0003041907,11
IDO2,40,0.0003025484,3.0254843e-05,4
ZNF675,4,0.00030173908,7.543477e-05,1
SLC25A26,4,0.00030161827,7.540457e-05,1
MED26,5,0.00029979166,5.9958333e-05,1
FSCN1,4,0.00029976957,0.00014988479,2
LMAN2L,9,0.00029950845,3.3278717e-05,1
SIGLEC15,9,0.00029940862,9.980288e-05,3
OR2B11,3,0.00029901467,9.967156e-05,1
SEPTIN9,2,0.00029795032,0.00014897516,1
OR52Z1,2,0.00029754912,0.00014877456,1
MGST2,46,0.00029724988,1.2923907e-05,2
SSR3,10,0.0002945443,5.890886e-05,2
SYNGAP1,12,0.000294102,2.4508501e-05,1
LHPP,5,0.00029399025,5.879805e-05,1
DENND5B,4,0.00029361597,7.340399e-05,1
F11R,126,0.00029340535,1.3971683e-05,6
NANOS1,3,0.00029292432,0.00029292432,3
INTS6,3,0.00029233695,9.744565e-05,1
GRHL2,4,0.0002919335,0.0002919335,4
RFNG,9,0.00029180752,3.2423057e-05,1
EPHA7,108,0.0002908909,4.848182e-05,18
RNF41,13,0.00029023035,2.2325412e-05,1
S100P,6,0.00028936632,4.822772e-05,1
RBBP6,40,0.0002880587,2.8805869e-05,4
PTPN7,11,0.00028734363,2.6122148e-05,1
RGL1,6,0.00028704703,4.784117e-05,1
RASGEF1A,20,0.00028685835,5.737167e-05,4
GXYLT2,4,0.00028531766,0.00014265883,2
NAA20,1,0.00028486125,0.00028486125,1
RASSF6,2,0.00028450368,0.00014225184,1
DCTN6,17,0.00028405007,1.6708827e-05,1
TPD52,12,0.00028333324,7.083331e-05,3
GRID2,2,0.0002833239,0.00014166195,1
DMBX1,2,0.00028274485,0.00028274485,2
NEU3,18,0.00028250486,1.5694714e-05,1
EHBP1,8,0.0002822353,0.0002822353,8
SIX3,1,0.00028166632,0.00028166632,1
MAEA,2,0.00028141346,0.00028141346,2
VPS25,4,0.00028138875,7.034719e-05,1
IRF2BP1,2,0.00028034078,0.00028034078,2
NCAPH2,6,0.0002801463,4.6691053e-05,1
ARL5B,12,0.00027844336,0.00013922168,6
HSD17B8,6,0.0002779034,4.6317233e-05,1
MIR148A,4,0.00027784484,0.00027784484,4
FJX1,1,0.00027731858,0.00027731858,1
PNLIPRP3,5,0.00027642766,5.528553e-05,1
HIVEP2,1,0.0002747118,0.0002747118,1
SLC41A1,12,0.00027403617,6.850904e-05,3
TRPV1,10,0.0002734949,2.734949e-05,1
RFX6,1,0.00027301288,0.00027301288,1
RPSA,32,0.00027286875,8.527149e-06,1
LNPEP,110,0.00027179084,2.4708255e-05,10
AMY2B,8,0.00027106245,3.3882807e-05,1
FUT10,8,0.00027092645,6.773161e-05,2
WNK1,3,0.00026936908,0.00026936908,3
CYP17A1,35,0.00026802407,7.657831e-06,1
RBPJL,8,0.0002668968,3.33621e-05,1
LARP1,1,0.0002664776,0.0002664776,1
NT5C2,42,0.0002659476,6.332086e-06,1
GPD1,17,0.00026473266,1.557251e-05,1
CDS1,11,0.0002645516,2.4050147e-05,1
PAX3,64,0.00026392634,3.2990793e-05,8
RGS17,70,0.0002633057,1.880755e-05,5
BCAS3,1,0.00026323713,0.00026323713,1
MICU3,3,0.00026249723,8.749907e-05,1
VGLL4,2,0.00026126858,0.00026126858,2
VPS54,4,0.00026035533,6.508883e-05,1
ARHGAP21,68,0.00025962022,1.5271777e-05,4
TBCD,3,0.00025955177,8.6517255e-05,1
ARPP19,5,0.0002592236,5.184472e-05,1
OASL,8,0.00025666627,3.2083284e-05,1
NCOA7,2,0.00025646362,0.00012823181,1
CEP295,2,0.00025558137,0.00025558137,2
PDE3A,14,0.00025413968,1.8152834e-05,1
STRN,15,0.000252562,1.6837466e-05,1
SDK1,40,0.0002522127,6.305317e-05,10
CCL13,132,0.0002513544,2.0946198e-05,11
RETNLB,3,0.00024957527,0.00024957527,3
DNAH7,3,0.0002493046,8.3101535e-05,1
ATAT1,2,0.00024900257,0.00012450128,1
KCNH8,252,0.00024877474,8.292492e-05,84
EZR,31,0.0002486682,8.021555e-06,1
DNAJA3,3,0.00024848004,8.282668e-05,1
COL5A2,12,0.00024817896,2.068158e-05,1
PDP1,5,0.00024718457,4.9436912e-05,1
ORM1,8,0.000245357,3.0669624e-05,1
NFRKB,5,0.0002453051,4.906102e-05,1
CA8,18,0.00024475483,0.00012237742,9
MEP1B,4,0.00024407537,0.00012203769,2
DNAJB11,15,0.00024405478,1.6270318e-05,1
TAF3,40,0.00024367703,1.2183851e-05,2
CHRD,5,0.00024282592,4.8565184e-05,1
LIPI,10,0.00024281783,4.856357e-05,2
DNAH3,4,0.00024239853,6.0599632e-05,1
ARHGAP9,12,0.00024235624,2.0196354e-05,1
TRA2A,1,0.00024117262,0.00024117262,1
SLC6A6,18,0.00024062574,2.6736194e-05,2
SLC6A20,74,0.00024018927,6.491602e-06,2
NUDT12,126,0.00023984307,2.664923e-05,14
AK2,12,0.00023940724,1.9950603e-05,1
CPA3,18,0.00023902988,3.9838313e-05,3
GALNT6,8,0.00023845553,2.980694e-05,1
MFSD4B,21,0.00023766595,7.922198e-05,7
UNC5D,6,0.00023455982,3.9093302e-05,1
FYCO1,10,0.00023300601,0.00023300601,10
SLC16A9,6,0.00023296283,0.00011648142,3
MDFIC,2,0.00023272217,0.00023272217,2
UGT1A7,75,0.0002317193,9.268772e-06,3
SLC39A7,9,0.00023152279,2.5724754e-05,1
MIR372,2,0.0002311996,0.0001155998,1
SORL1,4,0.00023094972,0.00011547486,2
COG6,66,0.00023068067,2.0970969e-05,6
SH2D1B,12,0.0002302309,5.7557725e-05,3
CARMIL1,2,0.00022817035,0.000114085175,1
GP2,9,0.00022738571,7.5795244e-05,3
LMCD1,2,0.00022686171,0.000113430855,1
B3GNTL1,4,0.00022617856,5.654464e-05,1
PDCL,4,0.00022607608,5.651902e-05,1
ADGRG1,1,0.00022584863,0.00022584863,1
HECW2,4,0.00022583698,5.6459245e-05,1
NOSTRIN,3,0.0002256778,7.522593e-05,1
NLRP12,2,0.00022514098,0.00011257049,1
SLC9A2,76,0.00022502961,5.6257402e-05,19
IGSF9B,3,0.00022340483,0.00022340483,3
FOXM1,11,0.0002227729,2.0252082e-05,1
PHOX2A,2,0.00022250247,0.00022250247,2
KIF13B,9,0.00022248941,2.4721046e-05,1
CDV3,2,0.00022236032,0.00011118016,1
APBB1IP,96,0.00022135556,9.2231485e-06,4
TNFSF12,8,0.00022133341,2.7666676e-05,1
CNIH3,9,0.00022047856,2.4497618e-05,1
DUSP5,36,0.00021994986,1.8329156e-05,3
SEMA3F,2,0.00021853589,0.00021853589,2
COX20,2,0.00021840373,0.000109201865,1
OR2AT4,6,0.00021685909,7.228636e-05,2
ZNF816,1,0.00021593993,0.00021593993,1
PLPPR5,5,0.00021586895,4.317379e-05,1
SLC47A2,8,0.0002156431,5.3910775e-05,2
STAB1,3,0.00021528458,7.1761526e-05,1
KIF1C,16,0.00021459602,2.6824502e-05,2
ZNF311,28,0.00021422321,5.3555803e-05,7
SPATA2,3,0.00021410115,0.00021410115,3
SCARA5,3,0.00021062682,7.020894e-05,1
CHAF1B,1,0.00021047283,0.00021047283,1
ZIC5,2,0.00020919328,0.00010459664,1
PTGER3,19,0.00020858098,1.0977947e-05,1
IER5,1,0.00020849975,0.00020849975,1
SLC2A4RG,1,0.00020809415,0.00020809415,1
SSPN,4,0.00020763729,0.00020763729,4
GFRA2,10,0.00020667067,2.0667067e-05,1
CACNA2D4,9,0.00020625288,2.2916987e-05,1
TNFAIP2,1,0.00020369931,0.00020369931,1
NEUROG1,6,0.00020287078,6.7623594e-05,2
SKIL,63,0.00020178857,9.608979e-06,3
PXDN,5,0.00020081479,4.016296e-05,1
RASSF2,4,0.00020074894,0.00020074894,4
GJB5,3,0.00019916742,0.00019916742,3
LYPD2,3,0.00019915894,6.638631e-05,1
GPAT4,12,0.00019881227,1.6567688e-05,1
SLPI,3,0.00019798006,6.599335e-05,1
TLN2,7,0.00019792329,2.8274755e-05,1
PLCH1,33,0.00019741485,1.7946802e-05,3
KLF3,4,0.00019739261,0.00019739261,4
TUBD1,1,0.00019696707,0.00019696707,1
STARD3NL,30,0.00019659313,3.9318627e-05,6
RCAN1,8,0.00019654747,2.4568433e-05,1
FLI1,8,0.00019630998,4.9077495e-05,2
ADIPOQ,21,0.00019377827,9.227537e-06,1
BDH2,9,0.00019316861,2.146318e-05,1
CAMK1D,25,0.00019294351,3.8588703e-05,5
MAPRE2,3,0.00019256097,0.00019256097,3
OR1B1,6,0.00019236439,6.412146e-05,2
POLR1D,50,0.0001906513,7.626053e-06,2
SSTR2,15,0.00018969027,1.2646018e-05,1
TNFRSF1B,22,0.00018919873,8.599943e-06,1
DCUN1D4,3,0.00018900177,6.300059e-05,1
OR51B5,3,0.00018850238,6.283413e-05,1
P2RX7,18,0.00018825258,1.0458477e-05,1
OR7A17,5,0.0001869812,3.739624e-05,1
EFEMP1,15,0.00018418078,6.139359e-05,5
COX18,4,0.00018360504,9.180252e-05,2
PCARE,1,0.00018336052,0.00018336052,1
SLCO4A1,48,0.00018288799,2.2860999e-05,6
PSCA,3,0.00018265625,6.0885417e-05,1
STK39,10,0.00018193232,9.096616e-05,5
DBN1,9,0.00018100787,2.0111986e-05,1
LAMA3,34,0.0001808507,5.319138e-06,1
SRP54,18,0.00018047058,3.007843e-05,3
GALNT15,32,0.00017975524,2.2469405e-05,4
SPHKAP,6,0.00017958706,0.00017958706,6
NCOA4,8,0.00017907665,2.2384582e-05,1
AXL,8,0.00017795627,2.2244534e-05,1
CABLES1,8,0.0001774296,4.43574e-05,2
OXGR1,6,0.00017698682,2.9497804e-05,1
VHL,37,0.00017632329,4.7654944e-06,1
ACTL6A,21,0.00017611738,8.386542e-06,1
PCF11,11,0.00017608165,1.6007423e-05,1
MAP2,4,0.00017584604,4.396151e-05,1
ZFAND6,6,0.00017576506,8.788253e-05,3
CNTN4,33,0.00017495107,5.831703e-05,11
TTK,6,0.00017420283,5.8067606e-05,2
POU2F3,2,0.00017373386,8.686693e-05,1
PEBP1,12,0.00017279304,1.4399419e-05,1
CCL8,69,0.00017251751,5.7505833e-05,23
MGAT3,9,0.00017156359,1.9062622e-05,1
PPM1K,3,0.00017046975,5.682325e-05,1
LRRC8D,2,0.00016983191,8.4915955e-05,1
NSD1,8,0.0001696639,2.1207987e-05,1
CAVIN2,12,0.00016931226,5.6437417e-05,4
HYAL4,4,0.00016867803,4.2169508e-05,1
HIC1,8,0.00016765507,2.0956884e-05,1
OR51G2,3,0.00016709472,5.569824e-05,1
DISP3,1,0.00016649252,0.00016649252,1
WDR1,12,0.00016597233,2.7662056e-05,2
ADAM9,7,0.0001659632,2.3709028e-05,1
CDC20B,1,0.00016554391,0.00016554391,1
TTBK2,5,0.00016534224,3.306845e-05,1
PARVB,7,0.0001648428,2.3548972e-05,1
ZNF641,4,0.00016340303,4.085076e-05,1
SCHIP1,2,0.0001633384,8.16692e-05,1
ELP3,20,0.00016309065,3.261813e-05,4
DSCAML1,5,0.00016278584,3.2557167e-05,1
SLC52A1,8,0.00016257062,4.0642655e-05,2
ING1,1,0.00016085552,0.00016085552,1
SMR3B,1,0.00016050748,0.00016050748,1
CACNB2,56,0.00015965595,5.701998e-06,2
ATP11B,14,0.0001588348,2.2690685e-05,2
RAB28,3,0.0001585144,0.0001585144,3
RP9,3,0.00015809052,0.00015809052,3
ZNF776,3,0.00015555482,5.1851606e-05,1
STMN2,20,0.0001550141,3.100282e-05,4
CHP2,1,0.00015499428,0.00015499428,1
DPPA4,9,0.00015486633,5.1622108e-05,3
CARD9,11,0.00015470035,1.40636685e-05,1
RGL2,12,0.0001546129,2.5768819e-05,2
PREP,53,0.00015384269,0.00015384269,53
CEP43,240,0.00015325248,6.38552e-06,10
PTX3,6,0.00015312525,2.5520874e-05,1
TECTA,3,0.00015295546,5.0985152e-05,1
ALCAM,80,0.00015162873,3.0325744e-05,16
OR2H2,4,0.00015160626,3.7901566e-05,1
OR1J1,3,0.0001501175,5.0039165e-05,1
CAPN9,3,0.00014892421,4.9641403e-05,1
PCSK6,13,0.00014823655,1.1402812e-05,1
NUDT5,24,0.00014771381,6.154742e-06,1
CELSR3,1,0.00014765162,0.00014765162,1
SLC20A2,5,0.00014751135,2.9502271e-05,1
PLOD1,5,0.00014741818,2.9483635e-05,1
ANXA3,1,0.00014698406,0.00014698406,1
ATP9B,3,0.00014674646,4.8915488e-05,1
PICALM,72,0.00014523567,1.21029725e-05,6
CD207,15,0.00014511721,2.9023444e-05,3
SLC39A10,27,0.00014509125,1.612125e-05,3
TCF3,21,0.00014483948,6.897118e-06,1
SLC36A3,1,0.00014412435,0.00014412435,1
NKX6-1,3,0.00014378314,4.792771e-05,1
UCMA,6,0.00014200112,2.3666855e-05,1
FHL2,110,0.00014135164,1.4135164e-05,11
DHTKD1,19,0.00014100793,7.42147e-06,1
TAPBP,11,0.00014031502,1.27559115e-05,1
CLYBL,1,0.00014023265,0.00014023265,1
TRPV4,8,0.0001401199,1.7514987e-05,1
QRSL1,2,0.0001400137,7.000685e-05,1
KLKB1,40,0.00013997228,3.499307e-06,1
IL17B,5,0.00013856185,2.771237e-05,1
RGS13,176,0.000137945,1.2540454e-05,16
NEB,4,0.0001377062,3.442655e-05,1
SDK2,8,0.00013600897,3.400224e-05,2
OR2G3,6,0.00013544987,4.5149955e-05,2
SUPT6H,5,0.00013513386,2.7026772e-05,1
MFN2,16,0.00013475552,8.42222e-06,1
MAGI1,48,0.00013464542,2.2440905e-05,8
CDX1,1,0.00013410198,0.00013410198,1
TMPRSS11D,1,0.00013327948,0.00013327948,1
GPR6,2,0.00013241157,0.00013241157,2
XXYLT1,1,0.00013237487,0.00013237487,1
MYBL2,17,0.00013214584,7.773285e-06,1
LINC02352,1,0.0001318932,0.0001318932,1
TNIK,3,0.0001316847,4.3894903e-05,1
FAM161A,28,0.00013165674,0.00013165674,28
CPOX,14,0.0001313411,9.381508e-06,1
CLTCL1,18,0.0001313124,7.295133e-06,1
FBXL16,7,0.00013126725,1.8752466e-05,1
SPDEF,32,0.00013099708,6.549854e-05,16
ZNF224,4,0.00013086878,3.2717195e-05,1
BANK1,30,0.00013057422,0.00013057422,30
PNPLA3,10,0.00012988847,1.2988848e-05,1
CNOT4,10,0.00012972267,1.2972267e-05,1
ZNF766,1,0.00012943799,0.00012943799,1
CDK11B,10,0.00012898112,1.2898112e-05,1
TRPC4,28,0.00012866087,1.8380126e-05,4
BARX2,3,0.00012807573,0.00012807573,3
NFIL3,4,0.0001278464,6.39232e-05,2
SLC40A1,10,0.00012699951,1.2699951e-05,1
F11,30,0.0001267433,4.2247766e-06,1
KLF7,1,0.00012630774,0.00012630774,1
GYG1,24,0.00012619725,1.0516438e-05,2
CNTNAP2,13,0.00012550062,0.00012550062,13
CDKL2,1,0.00012546132,0.00012546132,1
TTPA,4,0.00012526811,3.1317028e-05,1
RPL22L1,50,0.00012438471,4.9753885e-06,2
ALDH1A3,11,0.00012436288,1.1305717e-05,1
TRPM1,10,0.00012417296,2.4834591e-05,2
HSPA13,8,0.00012306389,3.0765972e-05,2
DGCR6L,3,0.00012291213,0.00012291213,3
CACNG5,10,0.00012241598,1.2241598e-05,1
NLRP1,24,0.00012231199,1.5288999e-05,3
PTPN3,9,0.00012224533,1.3582814e-05,1
NEUROD1,3,0.00012190002,4.063334e-05,1
NABP2,4,0.00012156815,3.0392037e-05,1
SEMA6A,28,0.00012151296,1.7358994e-05,4
ARHGEF16,13,0.000121261146,9.32778e-06,1
SYT10,32,0.00012118713,3.0296782e-05,8
OR2H1,15,0.00012109432,2.4218863e-05,3
ITGAE,9,0.000120782344,1.342026e-05,1
RFT1,12,0.00012076814,3.0192035e-05,3
MYT1,12,0.000119970355,1.999506e-05,2
TOX3,4,0.00011990752,5.995376e-05,2
QPCT,3,0.00011975474,3.9918246e-05,1
EEF1A2,18,0.00011972015,1.3302239e-05,2
CDH16,3,0.000118956574,3.965219e-05,1
TAGAP,266,0.000118790216,1.697003e-05,38
DSG3,8,0.000118419244,1.48024055e-05,1
MRPL15,7,0.000117867094,1.6838156e-05,1
MIB1,42,0.00011627521,5.5369146e-06,2
CNOT10,11,0.00011587796,1.0534361e-05,1
SMNDC1,15,0.000115724455,2.3144888e-05,3
ADGRB1,2,0.00011514491,5.7572455e-05,1
TADA2B,8,0.0001146985,1.4337313e-05,1
OR2F1,10,0.00011340828,2.2681656e-05,2
SPIRE1,1,0.0001119727,0.0001119727,1
KIF14,24,0.00011077422,1.3846778e-05,3
AIRE,24,0.000110772264,5.5386132e-05,12
ERLEC1,13,0.00011068182,8.513986e-06,1
UGGT2,14,0.00011022157,1.5745938e-05,2
QPRT,15,0.00011018297,7.3455312e-06,1
DUOXA2,2,0.00011004628,5.502314e-05,1
ADIPOR2,10,0.00010884047,1.0884047e-05,1
SOX5,4,0.00010793793,2.6984482e-05,1
VPREB1,6,0.00010709674,5.354837e-05,3
PRRC2C,1,0.000106680935,0.000106680935,1
USP6NL,16,0.0001063291,1.3291137e-05,2
ADD2,2,0.000105700135,5.2850068e-05,1
NUDT3,4,0.0001049016,2.62254e-05,1
ZNF283,1,0.00010467679,0.00010467679,1
STON2,4,0.00010310555,2.5776388e-05,1
IFNL4,1,0.000102871316,0.000102871316,1
PAPOLG,60,0.00010281691,5.1408457e-05,30
PPP1R17,2,0.00010252347,0.00010252347,2
MGAT4A,11,0.00010223158,9.29378e-06,1
MBOAT2,10,0.00010139523,1.0139523e-05,1
DENND2D,4,0.00010060232,2.515058e-05,1
PLBD1,8,0.00010026871,1.2533589e-05,1
ZNF605,8,0.000100065765,2.5016441e-05,2
RAB11FIP3,6,9.9810175e-05,1.663503e-05,1
SLCO2B1,20,9.89972e-05,9.899721e-06,2
KCNG4,6,9.740311e-05,3.2467706e-05,2
COMMD6,3,9.694671e-05,3.231557e-05,1
EDAR,28,9.6847216e-05,1.3835316e-05,4
CD96,21,9.638593e-05,3.2128642e-05,7
FGD3,13,9.625177e-05,7.4039826e-06,1
PARVG,6,9.6041535e-05,3.2013842e-05,2
IFT172,7,9.55908e-05,1.3655829e-05,1
ZEB1,12,9.5358584e-05,7.946549e-06,1
HAVCR1,1,9.484055e-05,9.484055e-05,1
PMP22,6,9.461574e-05,1.576929e-05,1
ZMYM2,16,9.447889e-05,1.18098615e-05,2
AGAP1,6,9.442834e-05,9.442834e-05,6
TTR,14,9.4116374e-05,6.7225983e-06,1
PHLDB2,2,9.369677e-05,4.6848385e-05,1
NCS1,1,9.3370596e-05,9.3370596e-05,1
TSHZ1,2,9.329169e-05,9.329169e-05,2
GTF3C1,7,9.28338e-05,1.3261971e-05,1
CLDN5,17,9.27207e-05,5.454159e-06,1
ST8SIA6,36,9.230155e-05,1.0255728e-05,4
SLC13A1,18,9.2251204e-05,1.53752e-05,3
FITM2,3,9.177383e-05,3.0591276e-05,1
TYW3,24,9.146468e-05,1.52441135e-05,4
ZKSCAN4,3,9.134381e-05,3.0447938e-05,1
PSD3,8,9.1230024e-05,9.1230024e-05,8
TRIM69,4,9.0684196e-05,2.2671049e-05,1
PTP4A3,2,9.0152644e-05,9.0152644e-05,2
OR1J2,3,8.935422e-05,2.9784738e-05,1
GIMAP2,1,8.8723056e-05,8.8723056e-05,1
RAB27B,13,8.8585686e-05,6.8142836e-06,1
ULK2,12,8.849538e-05,7.3746146e-06,1
HRG,10,8.785938e-05,1.7571876e-05,2
ALKBH8,6,8.774745e-05,2.9249151e-05,2
PPM1L,5,8.746096e-05,1.7492192e-05,1
TRAPPC12,4,8.7299064e-05,2.1824766e-05,1
GJB2,10,8.721175e-05,8.721176e-06,1
SPATA18,2,8.6429936e-05,8.6429936e-05,2
ABCA8,3,8.6300555e-05,2.8766852e-05,1
OR10C1,3,8.620227e-05,2.873409e-05,1
COL8A1,14,8.615026e-05,1.230718e-05,2
DNMT1,58,8.600952e-05,2.9658456e-06,2
MED9,12,8.598264e-05,2.8660877e-05,4
SULT1A2,13,8.581565e-05,6.601204e-06,1
OR2B6,10,8.499916e-05,1.6999833e-05,2
ZNF527,1,8.482089e-05,8.482089e-05,1
KCNE3,6,8.448794e-05,1.4081324e-05,1
EPB41L4B,9,8.378397e-05,2.792799e-05,3
ADARB1,5,8.366451e-05,1.6732902e-05,1
MTIF3,4,8.2185536e-05,2.0546384e-05,1
SDF2L1,28,8.213548e-05,5.86682e-06,2
SLC9A4,130,8.138751e-05,1.6277503e-05,26
ARSG,18,8.1093975e-05,9.010442e-06,2
ABHD5,24,8.0956845e-05,1.0119606e-05,3
MRPS9,7,8.085066e-05,1.1550094e-05,1
HNRNPA3P1,2,8.081466e-05,8.081466e-05,2
OR8S1,9,8.075987e-05,2.6919957e-05,3
PHYH,14,8.0490594e-05,5.749328e-06,1
CDC42EP4,8,8.036423e-05,1.0045529e-05,1
SORBS3,2,8.0114754e-05,4.0057377e-05,1
MYO1D,1,7.990249e-05,7.990249e-05,1
PEX19,6,7.926437e-05,1.3210728e-05,1
EIF4E3,5,7.879679e-05,1.5759357e-05,1
TPSD1,2,7.8582525e-05,7.8582525e-05,2
TCF21,1,7.8420984e-05,7.8420984e-05,1
KCNA3,10,7.686616e-05,1.5373233e-05,2
CHSY1,11,7.684519e-05,6.985926e-06,1
TIMM17A,4,7.6735334e-05,3.8367667e-05,2
PIK3C2B,21,7.638312e-05,3.6372915e-06,1
ST8SIA3,20,7.5958946e-05,7.595895e-06,2
OR13F1,3,7.591966e-05,2.5306554e-05,1
SF3B1,11,7.551496e-05,6.8649965e-06,1
SPCS2,9,7.538861e-05,8.376513e-06,1
GRP,30,7.4971205e-05,4.998081e-06,2
SLC9A3,98,7.441754e-05,5.3155386e-06,7
ASB7,14,7.437494e-05,1.0624991e-05,2
RTN4,9,7.431179e-05,8.256866e-06,1
IGF2BP2,8,7.419014e-05,3.709507e-05,4
CETN3,1,7.408318e-05,7.408318e-05,1
MOBP,12,7.3973446e-05,1.8493361e-05,3
MTARC1,3,7.3293435e-05,2.4431145e-05,1
SOWAHC,14,7.325146e-05,1.0464493e-05,2
RPP14,4,7.313807e-05,1.8284518e-05,1
ROS1,3,7.274139e-05,2.424713e-05,1
NKD2,11,7.267043e-05,6.6064026e-06,1
WDR45B,4,7.252204e-05,3.626102e-05,2
SMG6,2,7.251699e-05,3.6258494e-05,1
KCNS2,3,7.199349e-05,2.399783e-05,1
TRAK1,20,7.194579e-05,7.1945788e-06,2
ATXN2,6,7.183995e-05,1.1973326e-05,1
AGAP3,1,7.170772e-05,7.170772e-05,1
SERPINI1,1,7.1667215e-05,7.1667215e-05,1
MIR129-2,2,7.1645125e-05,3.5822562e-05,1
CTNNAL1,2,7.129427e-05,3.5647136e-05,1
STX8,1,7.0745395e-05,7.0745395e-05,1
SELENOK,3,7.0491595e-05,7.0491595e-05,3
SFTA3,2,6.99851e-05,3.499255e-05,1
FBLN5,3,6.9364345e-05,2.3121449e-05,1
CYSTM1,3,6.9299575e-05,2.3099858e-05,1
VAX2,1,6.923902e-05,6.923902e-05,1
MUSK,12,6.895267e-05,1.7238168e-05,3
MBNL1,8,6.8843176e-05,6.8843176e-05,8
PSMD13,39,6.876435e-05,1.7631884e-06,1
PPRC1,5,6.819911e-05,1.3639821e-05,1
KRT80,2,6.800556e-05,3.400278e-05,1
HYAL2,8,6.7229776e-05,8.403722e-06,1
MYL6,22,6.660018e-05,3.0272809e-06,1
ATF7IP,9,6.643497e-05,2.2144994e-05,3
CPB1,15,6.631286e-05,1.3262572e-05,3
PGAM5,9,6.602721e-05,7.336357e-06,1
PPIP5K2,24,6.5939916e-05,1.0989986e-05,4
GTF2IRD1,12,6.57382e-05,3.28691e-05,6
NHLRC3,3,6.570738e-05,2.190246e-05,1
CSMD3,18,6.508577e-05,6.508577e-05,18
SERINC3,6,6.498501e-05,2.1661672e-05,2
TMEM98,3,6.493347e-05,6.493347e-05,3
SDR16C5,14,6.461951e-05,9.231359e-06,2
SFSWAP,1,6.406591e-05,6.406591e-05,1
AKAP3,1,6.383403e-05,6.383403e-05,1
GPR12,54,6.381595e-05,6.381595e-05,54
PAN2,5,6.379337e-05,1.2758674e-05,1
LSM3,8,6.287131e-05,7.858914e-06,1
PLEKHA6,6,6.250218e-05,1.0417029e-05,1
APOBR,12,6.2196006e-05,1.5549002e-05,3
ZNF708,4,6.169295e-05,1.5423237e-05,1
TBC1D15,1,6.14149e-05,6.14149e-05,1
PPP1R18,1,6.129914e-05,6.129914e-05,1
IL17RA,12,6.106575e-05,1.0177625e-05,2
UPF2,10,6.089238e-05,1.2178476e-05,2
UBE2L3,17,6.0419046e-05,3.5540615e-06,1
SERINC2,3,6.0301852e-05,2.0100617e-05,1
ACKR2,7,5.9982525e-05,8.568933e-06,1
UHMK1,15,5.9760267e-05,1.1952053e-05,3
MIR124-1,6,5.952312e-05,2.976156e-05,3
MPP4,1,5.9319194e-05,5.9319194e-05,1
TNIP3,6,5.9254828e-05,9.875805e-06,1
KCNAB1,8,5.868603e-05,1.4671507e-05,2
PIGN,10,5.8489757e-05,1.1697952e-05,2
MIR29B2CHG,1,5.8391517e-05,5.8391517e-05,1
GATA6,12,5.8208087e-05,4.850674e-06,1
CLCN6,14,5.811573e-05,8.302247e-06,2
CUL4A,20,5.808247e-05,2.9041234e-06,1
SLC12A5,6,5.805744e-05,9.676241e-06,1
P2RY14,11,5.8031757e-05,5.2756145e-06,1
ZNF347,4,5.7960613e-05,1.4490153e-05,1
TRIM63,11,5.7881065e-05,5.261915e-06,1
IHO1,1,5.702522e-05,5.702522e-05,1
CAV3,13,5.6822355e-05,4.3709506e-06,1
TMEFF2,6,5.662188e-05,5.662188e-05,6
AQP4,8,5.6553952e-05,7.069244e-06,1
ITIH4,4,5.6449306e-05,1.4112326e-05,1
SEPTIN5,5,5.6214685e-05,1.1242937e-05,1
CD180,2,5.5475182e-05,5.5475182e-05,2
CTCFL,7,5.5200253e-05,5.5200253e-05,7
NRCAM,8,5.5167686e-05,6.8959607e-06,1
ARHGAP12,8,5.5002198e-05,6.8752747e-06,1
TULP4,3,5.4909942e-05,1.8303313e-05,1
PINX1,1,5.4894906e-05,5.4894906e-05,1
DSC1,14,5.4734453e-05,7.819208e-06,2
LYPD6B,6,5.4617987e-05,1.8205996e-05,2
LLGL1,3,5.4453376e-05,1.8151126e-05,1
ZNF740,3,5.43279e-05,1.81093e-05,1
LIMD1,8,5.4201722e-05,6.7752153e-06,1
UBE2E2,18,5.400019e-05,9.000031e-06,3
NOS1AP,4,5.397982e-05,2.698991e-05,2
ARFRP1,4,5.3894182e-05,1.3473546e-05,1
ATP8A1,30,5.3754888e-05,5.3754884e-06,3
NMD3,8,5.356136e-05,2.678068e-05,4
RIT2,16,5.3499534e-05,6.687442e-06,2
ZNF836,2,5.3328036e-05,5.3328036e-05,2
BIRC6,3,5.2507417e-05,1.7502472e-05,1
PCSK1,8,5.1987863e-05,6.498483e-06,1
SOAT2,9,5.1971118e-05,5.7745688e-06,1
MBD6,4,5.1506104e-05,1.2876526e-05,1
RAD18,7,5.045502e-05,7.2078597e-06,1
CD8B2,24,4.9665072e-05,8.277512e-06,4
POMGNT2,16,4.966038e-05,1.2415095e-05,4
RAB11FIP2,8,4.964558e-05,4.964558e-05,8
PHOX2B,6,4.9535836e-05,2.4767918e-05,3
SERPINB8,2,4.952672e-05,2.476336e-05,1
IRAG2,3,4.9445043e-05,1.6481681e-05,1
MPZ,6,4.9421797e-05,8.236966e-06,1
ESYT1,15,4.9026024e-05,3.2684015e-06,1
NDN,18,4.8975566e-05,1.632519e-05,6
EPC1,7,4.8593418e-05,6.941917e-06,1
IDNK,2,4.8233815e-05,4.8233815e-05,2
TFF2,2,4.8061862e-05,2.4030931e-05,1
KLK4,1,4.7451093e-05,4.7451093e-05,1
GHDC,6,4.7302063e-05,1.5767355e-05,2
RSPH1,16,4.7113317e-05,4.7113317e-05,16
FAM3C,16,4.687979e-05,1.1719948e-05,4
LLGL2,6,4.6861223e-05,1.5620408e-05,2
INO80D,15,4.679791e-05,9.359584e-06,3
CILK1,2,4.6586945e-05,2.3293473e-05,1
PPM1F,5,4.6287307e-05,9.257461e-06,1
NOX3,10,4.613104e-05,4.613104e-06,1
BNIP2,12,4.6085905e-05,1.5361968e-05,4
SNX18,4,4.5971512e-05,1.1492878e-05,1
RBP3,1,4.5968947e-05,4.5968947e-05,1
GPR19,1,4.5886885e-05,4.5886885e-05,1
ZNF91,1,4.569834e-05,4.569834e-05,1
ZFP57,12,4.5648343e-05,4.5648343e-05,12
SEC16A,9,4.521767e-05,5.024185e-06,1
CRIM1,1,4.5173263e-05,4.5173263e-05,1
OR6C6,3,4.493715e-05,1.497905e-05,1
HRH4,40,4.4546072e-05,4.4546073e-06,4
RXYLT1,1,4.446349e-05,4.446349e-05,1
INF2,2,4.3843207e-05,2.1921604e-05,1
EP400,7,4.3623368e-05,6.2319095e-06,1
PEG10,2,4.337368e-05,4.337368e-05,2
ANXA4,2,4.296429e-05,2.1482145e-05,1
ERC2,3,4.291613e-05,4.291613e-05,3
LMOD1,2,4.2690364e-05,2.1345182e-05,1
ZDHHC2,4,4.26267e-05,2.131335e-05,2
QTRT1,3,4.2527445e-05,1.4175815e-05,1
HACD1,21,4.231844e-05,6.0454913e-06,3
NFASC,10,4.2311935e-05,4.2311935e-06,1
FAT1,27,4.2064254e-05,1.4021419e-05,9
DNMBP,6,4.1874453e-05,6.9790754e-06,1
UNC80,3,4.174014e-05,1.391338e-05,1
TRDMT1,4,4.173252e-05,1.043313e-05,1
MPHOSPH6,6,4.172199e-05,4.172199e-05,6
CA12,3,4.163608e-05,1.3878694e-05,1
TAOK2,6,4.1592244e-05,6.932041e-06,1
CABLES2,2,4.1508923e-05,2.0754462e-05,1
DAZL,16,4.125508e-05,2.062754e-05,8
SIPA1L3,1,4.1156138e-05,4.1156138e-05,1
L3MBTL1,6,4.0769897e-05,6.7949827e-06,1
NEGR1,12,4.0686973e-05,1.0171743e-05,3
RHOH,8,4.050879e-05,5.0635986e-06,1
SDHAF3,1,4.050576e-05,4.050576e-05,1
ARL8A,4,4.048272e-05,1.012068e-05,1
ZNF10,4,4.0321476e-05,1.0080369e-05,1
ACACB,27,4.025201e-05,1.4908152e-06,1
P2RX6,8,3.954454e-05,4.9430673e-06,1
MYO1B,3,3.9350296e-05,3.9350296e-05,3
IMPACT,4,3.9202816e-05,9.800704e-06,1
MIR4491,1,3.9156406e-05,3.9156406e-05,1
PRR5L,2,3.88627e-05,3.88627e-05,2
GCM2,1,3.841487e-05,3.841487e-05,1
ABCA10,4,3.830104e-05,9.57526e-06,1
DLEU1,5,3.8111968e-05,3.8111968e-05,5
IFT81,7,3.806354e-05,5.4376483e-06,1
KCNA10,3,3.7902268e-05,1.2634089e-05,1
TNFAIP8,4,3.774628e-05,9.43657e-06,1
MYORG,1,3.7479585e-05,3.7479585e-05,1
ZNF26,4,3.7409274e-05,9.352319e-06,1
FLRT2,10,3.7405982e-05,7.481197e-06,2
ATXN10,2,3.7350153e-05,1.8675077e-05,1
SLC12A7,12,3.7140235e-05,6.190039e-06,2
DPRX,1,3.706587e-05,3.706587e-05,1
DGLUCY,1,3.6698177e-05,3.6698177e-05,1
TERC,5,3.628055e-05,7.25611e-06,1
TFCP2,2,3.620051e-05,1.8100254e-05,1
PMPCA,24,3.576764e-05,5.961273e-06,4
SCG2,4,3.5372857e-05,8.843214e-06,1
SLC39A11,6,3.5175683e-05,1.17252275e-05,2
IGF2BP1,9,3.5090066e-05,3.8988965e-06,1
STT3B,32,3.4845354e-05,8.7113385e-06,8
DCBLD2,2,3.4802903e-05,3.4802903e-05,2
JADE2,3,3.4749693e-05,1.1583231e-05,1
SOX8,9,3.4739565e-05,1.1579854e-05,3
KIN,6,3.4628414e-05,1.1542805e-05,2
LMF1,4,3.4205994e-05,8.5514985e-06,1
POLR3B,15,3.414294e-05,2.276196e-06,1
HIF1AN,24,3.4052016e-05,4.256502e-06,3
ITIH2,8,3.3935677e-05,8.483919e-06,2
CYP4V2,10,3.3827415e-05,3.3827414e-06,1
SUV39H2,6,3.3763255e-05,5.6272092e-06,1
SS18,9,3.3755816e-05,3.3755816e-05,9
RSU1,12,3.3696342e-05,8.4240855e-06,3
CEP72,16,3.3524255e-05,2.095266e-06,1
ADGRV1,1,3.3470144e-05,3.3470144e-05,1
GCM1,1,3.3432778e-05,3.3432778e-05,1
KRT82,2,3.3338798e-05,1.6669399e-05,1
PDSS1,6,3.3264587e-05,5.544098e-06,1
DNAJC15,2,3.2944175e-05,1.6472088e-05,1
XYLB,4,3.2852655e-05,8.213164e-06,1
BET1L,11,3.2676115e-05,2.970556e-06,1
U2AF1L5,3,3.249012e-05,1.083004e-05,1
ATP8B3,6,3.246199e-05,5.4103316e-06,1
NINJ1,1,3.236684e-05,3.236684e-05,1
OR5K3,6,3.225506e-05,1.0751685e-05,2
ZMAT3,3,3.2185613e-05,1.0728538e-05,1
CAPN15,2,3.2087006e-05,1.6043503e-05,1
RPEL1,5,3.2071053e-05,6.4142105e-06,1
SYNGR1,24,3.204466e-05,1.0681553e-05,8
GATA5,2,3.2019558e-05,1.6009779e-05,1
ICAM5,15,3.1851447e-05,6.3702896e-06,3
GJA4,2,3.1840395e-05,1.5920197e-05,1
UBR1,4,3.176237e-05,7.940593e-06,1
CLPB,4,3.158271e-05,3.158271e-05,4
NCAPD3,5,3.1566706e-05,6.313341e-06,1
PDCD11,4,3.153775e-05,7.884438e-06,1
ADAMTS8,6,3.1323678e-05,5.220613e-06,1
SEPTIN3,2,3.123135e-05,1.5615675e-05,1
SF3A2,6,3.1161428e-05,5.1935713e-06,1
RSPH3,24,3.094088e-05,3.094088e-05,24
CHRNA9,11,3.0574436e-05,2.7794943e-06,1
MACF1,2,2.955564e-05,1.477782e-05,1
ASTN1,1,2.9493473e-05,2.9493473e-05,1
AP3S1,5,2.9194745e-05,5.838949e-06,1
MBD2,24,2.9165498e-05,4.8609163e-06,4
DHX29,2,2.9024246e-05,2.9024246e-05,2
ZNF624,4,2.8862898e-05,7.2157245e-06,1
SLC39A12,9,2.8839955e-05,9.613318e-06,3
NSG1,1,2.7687747e-05,2.7687747e-05,1
DNAH1,4,2.7400565e-05,6.8501413e-06,1
SNRNP35,4,2.7386237e-05,6.8465592e-06,1
SORCS1,7,2.7305809e-05,2.7305809e-05,7
ADAMTS15,8,2.7258753e-05,6.8146883e-06,2
PLIN5,1,2.7219401e-05,2.7219401e-05,1
GATC,1,2.6962218e-05,2.6962218e-05,1
ASGR2,4,2.6840115e-05,6.7100286e-06,1
RBM47,3,2.6831758e-05,2.6831758e-05,3
ARL3,7,2.68076e-05,3.829657e-06,1
IL17D,6,2.6728103e-05,4.4546837e-06,1
SNAPC4,14,2.6355181e-05,3.765026e-06,2
TRNT1,5,2.6063866e-05,5.2127734e-06,1
BCL11A,15,2.598118e-05,2.598118e-05,15
CHST9,7,2.5821817e-05,3.688831e-06,1
SLURP1,1,2.5722831e-05,2.5722831e-05,1
MYL6B,6,2.5551934e-05,4.2586557e-06,1
ZNF521,60,2.5351072e-05,4.2251786e-06,10
UBE2K,18,2.528511e-05,2.8094564e-06,2
HTR3C,5,2.4986919e-05,4.9973837e-06,1
DNAJC5B,2,2.4938117e-05,2.4938117e-05,2
COMMD10,3,2.4937654e-05,8.3125515e-06,1
DISP1,3,2.4692186e-05,8.230729e-06,1
KLF9,1,2.466249e-05,2.466249e-05,1
SLC45A3,5,2.4631106e-05,4.926221e-06,1
CARD10,1,2.4528743e-05,2.4528743e-05,1
GULP1,1,2.4382825e-05,2.4382825e-05,1
ICAM4,6,2.4331683e-05,4.0552804e-06,1
LRRC59,2,2.4331239e-05,1.2165619e-05,1
LARS2,9,2.4125577e-05,2.6806197e-06,1
FCGR2C,10,2.4024415e-05,4.8048832e-06,2
PPP4R3B,3,2.3955843e-05,7.985281e-06,1
AKAP7,1,2.3824288e-05,2.3824288e-05,1
TTL,3,2.3729266e-05,7.909755e-06,1
GJA3,2,2.3540219e-05,1.1770109e-05,1
RAB29,9,2.3337823e-05,7.779275e-06,3
DNAH14,3,2.3229308e-05,7.743102e-06,1
FOXP2,3,2.3063318e-05,2.3063318e-05,3
UCHL1,10,2.294287e-05,2.294287e-06,1
LINC01311,3,2.2926819e-05,2.2926819e-05,3
TSEN2,8,2.2838796e-05,5.709699e-06,2
CELF2,1,2.275658e-05,2.275658e-05,1
FREM2,2,2.2679002e-05,1.1339501e-05,1
ELSPBP1,1,2.2602495e-05,2.2602495e-05,1
CMC1,30,2.2515565e-05,2.2515565e-05,30
KCNA6,3,2.2470302e-05,7.4901004e-06,1
BAMBI,26,2.2166994e-05,1.7051534e-06,2
AS3MT,5,2.2085796e-05,4.4171593e-06,1
RNF125,3,2.2065824e-05,7.3552746e-06,1
NABP1,9,2.2011276e-05,7.337092e-06,3
AKAP10,3,2.1899034e-05,7.2996777e-06,1
PTTG1IP,3,2.1836067e-05,7.2786893e-06,1
KRT3,2,2.1779684e-05,1.0889842e-05,1
AIPL1,7,2.1485734e-05,2.1485734e-05,7
SLC20A1,4,2.1391676e-05,5.347919e-06,1
MMP26,1,2.1308515e-05,2.1308515e-05,1
EXTL3,4,2.056696e-05,5.14174e-06,1
TRAM1L1,1,2.05651e-05,2.05651e-05,1
SERP1,2,2.0512902e-05,1.0256451e-05,1
GNPDA2,56,2.0415891e-05,2.5519864e-06,7
PNPT1,15,2.036865e-05,6.78955e-06,5
KRIT1,1,2.0334708e-05,2.0334708e-05,1
PAPPA,2,2.0239886e-05,1.0119943e-05,1
INO80C,4,2.0055897e-05,5.0139743e-06,1
KCTD1,5,1.9994557e-05,3.9989113e-06,1
MICU2,12,1.9977893e-05,6.659298e-06,4
KRT73,2,1.9905592e-05,9.952796e-06,1
TCOF1,24,1.9876752e-05,1.9876752e-05,24
PHF10,1,1.977412e-05,1.977412e-05,1
GPR135,2,1.9610208e-05,1.9610208e-05,2
MIR138-1,8,1.9405175e-05,9.702588e-06,4
GLTP,4,1.9198522e-05,4.7996305e-06,1
OR10P1,3,1.9067182e-05,6.3557272e-06,1
OR5AC2,3,1.9025512e-05,6.3418374e-06,1
MYO1A,1,1.7903007e-05,1.7903007e-05,1
IGSF5,2,1.7861092e-05,8.930546e-06,1
SLC13A5,5,1.7799455e-05,3.559891e-06,1
ZNF680,4,1.7717945e-05,4.429486e-06,1
SV2A,9,1.7700222e-05,1.9666913e-06,1
MPV17L2,3,1.7514301e-05,1.7514301e-05,3
PRICKLE2,4,1.7438622e-05,8.719311e-06,2
GPR75,2,1.7155004e-05,8.577502e-06,1
INTU,28,1.692247e-05,8.461235e-06,14
PGM5,1,1.6912865e-05,1.6912865e-05,1
PTF1A,2,1.6882546e-05,8.441273e-06,1
CRX,3,1.6578402e-05,1.6578402e-05,3
ZNF90,1,1.6519723e-05,1.6519723e-05,1
HOXA7,2,1.629514e-05,1.629514e-05,2
TPPP,12,1.608756e-05,5.36252e-06,4
TACC1,2,1.5688218e-05,7.844109e-06,1
SPATA17,1,1.5293537e-05,1.5293537e-05,1
RTN4R,15,1.5246069e-05,5.082023e-06,5
KRT78,2,1.5151483e-05,7.5757416e-06,1
ZNF281,3,1.5112924e-05,1.5112924e-05,3
PTPRO,3,1.4646581e-05,4.8821935e-06,1
MOCOS,12,1.4546013e-05,2.4243354e-06,2
MMAB,6,1.4310493e-05,2.385082e-06,1
ADAM28,1,1.3998657e-05,1.3998657e-05,1
OSBPL1A,5,1.3998349e-05,2.7996698e-06,1
PCDH8,3,1.3943428e-05,1.3943428e-05,3
PRAP1,1,1.3921637e-05,1.3921637e-05,1
PAFAH2,3,1.3723242e-05,4.574414e-06,1
XPO6,4,1.3600815e-05,1.3600815e-05,4
ANO10,3,1.3566425e-05,4.522142e-06,1
SIK3,1,1.3561457e-05,1.3561457e-05,1
RNF138,8,1.3270671e-05,3.3176677e-06,2
ERC1,3,1.3060846e-05,4.353615e-06,1
PA2G4,8,1.2690935e-05,3.1727338e-06,2
GJB6,7,1.260672e-05,1.260672e-05,7
IFITM3,5,1.2383591e-05,2.4767182e-06,1
DYRK3,15,1.2095222e-05,1.2095222e-05,15
SETBP1,9,1.2046258e-05,1.2046258e-05,9
PNRC1,3,1.1961052e-05,1.1961052e-05,3
PKD1L1,1,1.175098e-05,1.175098e-05,1
OR5H6,3,1.1585966e-05,3.8619887e-06,1
TGFBRAP1,2,1.1521065e-05,5.7605325e-06,1
TMEM132E,5,1.1091414e-05,1.1091414e-05,5
GLB1L3,1,1.09175535e-05,1.09175535e-05,1
SYTL3,1,1.0876863e-05,1.0876863e-05,1
PBK,2,1.0826414e-05,5.413207e-06,1
ACYP2,2,1.0815826e-05,5.407913e-06,1
ABHD2,4,1.0750937e-05,5.3754684e-06,2
FEM1C,6,1.0709926e-05,3.569975e-06,2
TANGO2,1,1.0703137e-05,1.0703137e-05,1
PWRN1,1,1.0544681e-05,1.0544681e-05,1
SHF,1,1.0446015e-05,1.0446015e-05,1
EPPK1,1,1.041178e-05,1.041178e-05,1
WDFY2,1,1.0312657e-05,1.0312657e-05,1
DNAJB9,4,1.02845115e-05,5.1422558e-06,2
HORMAD2,24,9.958455e-06,9.958455e-06,24
CBFA2T3,2,9.939788e-06,9.939788e-06,2
CCDC9,1,9.828185e-06,9.828185e-06,1
CALCOCO2,4,9.611596e-06,2.402899e-06,1
ZKSCAN7,3,9.484883e-06,3.1616275e-06,1
CDCA7L,2,9.464111e-06,9.464111e-06,2
WDR26,1,9.345156e-06,9.345156e-06,1
ENSA,6,9.312305e-06,1.5520509e-06,1
IPCEF1,2,9.3068475e-06,9.3068475e-06,2
STOML3,3,8.983154e-06,2.9943847e-06,1
TTLL6,3,8.978809e-06,2.9929363e-06,1
LYZL1,14,8.7609305e-06,4.3804653e-06,7
CECR2,2,8.662204e-06,8.662204e-06,2
CPLX2,2,8.544588e-06,4.272294e-06,1
GPSM1,1,8.520754e-06,8.520754e-06,1
UBE3B,5,8.495442e-06,1.6990883e-06,1
ARRDC4,2,8.0385325e-06,8.0385325e-06,2
SAMD3,1,7.907252e-06,7.907252e-06,1
TAC4,4,7.82435e-06,3.912175e-06,2
C6orf201,1,7.823501e-06,7.823501e-06,1
POSTN,2,7.697278e-06,3.848639e-06,1
PIWIL3,2,7.646231e-06,7.646231e-06,2
SKAP1,9,7.5906646e-06,2.5302215e-06,3
GJA5,3,7.550014e-06,2.5166712e-06,1
HES2,2,7.4164545e-06,3.7082273e-06,1
DIP2A,2,7.16359e-06,7.16359e-06,2
RP1,6,7.147901e-06,7.147901e-06,6
JADE1,6,6.9731395e-06,2.32438e-06,2
ACAP3,1,6.808735e-06,6.808735e-06,1
HDDC3,1,6.807948e-06,6.807948e-06,1
ADGRA2,1,6.797791e-06,6.797791e-06,1
RPRD1A,3,6.6560947e-06,2.2186982e-06,1
IFRD1,1,6.585051e-06,6.585051e-06,1
CCDC188,4,6.5599734e-06,6.5599734e-06,4
GEMIN6,4,6.4369215e-06,1.6092304e-06,1
ECHDC3,4,6.424817e-06,6.424817e-06,4
PSD2,2,6.3818793e-06,6.3818793e-06,2
ARVCF,1,6.363723e-06,6.363723e-06,1
ANKS1A,5,6.314629e-06,6.314629e-06,5
GDF10,11,6.0884386e-06,5.5349443e-07,1
MYRIP,2,5.945749e-06,5.945749e-06,2
CATSPER4,3,5.7219545e-06,1.9073182e-06,1
SSH1,5,5.609595e-06,1.121919e-06,1
MIR122,2,5.5744576e-06,2.7872288e-06,1
GRAMD4,2,5.4788966e-06,5.4788966e-06,2
KATNAL2,1,4.9803148e-06,4.9803148e-06,1
RIOK2,4,4.8898933e-06,4.8898933e-06,4
URAD,2,4.750363e-06,4.750363e-06,2
B4GALNT4,1,4.6526634e-06,4.6526634e-06,1
MED12L,1,4.4751073e-06,4.4751073e-06,1
LRRFIP1,11,4.2099614e-06,3.8272375e-07,1
MAL,2,3.923389e-06,3.923389e-06,2
ST20-MTHFS,1,3.906713e-06,3.906713e-06,1
TCF20,1,3.8991084e-06,3.8991084e-06,1
CCNO,1,3.8481157e-06,3.8481157e-06,1
SVIL,12,3.7101145e-06,1.8550572e-06,6
SLN,2,3.6895726e-06,3.6895726e-06,2
SMAP1,1,3.615149e-06,3.615149e-06,1
SAMSN1,1,3.5628043e-06,3.5628043e-06,1
C22orf39,2,3.5621188e-06,3.5621188e-06,2
CASTOR1,2,3.4135385e-06,3.4135385e-06,2
MYO1H,1,3.380692e-06,3.380692e-06,1
GAREM1,1,3.362803e-06,3.362803e-06,1
LINC00895,1,3.0319995e-06,3.0319995e-06,1
CFHR4,12,3.0289302e-06,5.0482174e-07,2
GSC2,2,2.8912625e-06,2.8912625e-06,2
RABEP2,2,2.8128816e-06,1.4064408e-06,1
PDLIM3,2,2.665035e-06,2.665035e-06,2
FOXL1,1,2.662733e-06,2.662733e-06,1
PPP2R3C,9,2.6535865e-06,2.9484295e-07,1
SLIT1,11,2.576248e-06,2.3420438e-07,1
MLF1,1,2.5636534e-06,2.5636534e-06,1
ISCU,2,2.5071406e-06,1.2535703e-06,1
DNAAF4,1,2.438392e-06,2.438392e-06,1
NLRP6,2,2.2887732e-06,2.2887732e-06,2
SYNE1,1,2.2413021e-06,2.2413021e-06,1
GPR156,3,2.2299894e-06,2.2299894e-06,3
HDAC10,25,2.1997823e-06,8.7991296e-08,1
ZNF76,1,2.1682467e-06,2.1682467e-06,1
CCL25,13,2.1534972e-06,1.6565363e-07,1
PRMT8,2,2.021485e-06,2.021485e-06,2
KIAA1217,2,1.9688518e-06,1.9688518e-06,2
IQSEC3,1,1.9178883e-06,1.9178883e-06,1
CELF4,1,1.7559561e-06,1.7559561e-06,1
HNRNPM,11,1.7224198e-06,1.5658362e-07,1
RASA3,30,1.720135e-06,1.7201349e-07,3
OXA1L,7,1.6614555e-06,2.3735079e-07,1
PLCXD3,1,1.5676746e-06,1.5676746e-06,1
MCC,2,1.4846793e-06,1.4846793e-06,2
RYK,17,1.4311529e-06,8.4185466e-08,1
POC1A,1,1.3866907e-06,1.3866907e-06,1
ZNF7,1,1.3581118e-06,1.3581118e-06,1
PRORP,3,1.3260167e-06,4.4200556e-07,1
CALHM1,1,1.1606484e-06,1.1606484e-06,1
FANCA,8,1.1297618e-06,1.4122023e-07,1
PPP2R3A,15,1.0355498e-06,6.903665e-08,1
CASR,11,9.482726e-07,8.62066e-08,1
MMP28,1,8.7465503e-07,8.7465503e-07,1
OR11H4,3,8.5022975e-07,2.8340992e-07,1
KANSL1,4,8.3480603e-07,2.0870151e-07,1
MUC16,18,7.763972e-07,8.6266354e-08,2
CHMP1A,6,7.261561e-07,1.2102602e-07,1
TXNRD3,14,7.055296e-07,1.0078995e-07,2
OR6B3,3,6.9361556e-07,2.3120519e-07,1
TRAF3IP1,6,6.9236035e-07,1.1539339e-07,1
CERS4,9,6.405228e-07,7.11692e-08,1
B4GALNT3,1,6.3130574e-07,6.3130574e-07,1
COL5A3,8,6.018277e-07,7.522846e-08,1
OR4E1,30,5.9712045e-07,1.9904016e-07,10
ALG12,7,5.936359e-07,8.480513e-08,1
FKBP9,4,5.6458384e-07,1.4114596e-07,1
OR10G3,3,5.488972e-07,1.8296574e-07,1
OR6J1,3,5.256688e-07,1.7522292e-07,1
ZNF251,1,5.066152e-07,5.066152e-07,1
AKR7A2,7,4.8119705e-07,6.874244e-08,1
OR11H6,3,4.278332e-07,1.4261107e-07,1
ACP3,4,3.826613e-07,9.566533e-08,1
CDK13,16,3.6848252e-07,4.6060315e-08,2
CDC37L1,4,3.57923e-07,8.948075e-08,1
MINK1,5,3.2856823e-07,6.571365e-08,1
KLF15,5,3.2016777e-07,6.403356e-08,1
OR5AU1,6,3.1798925e-07,1.0599642e-07,2
ZNF107,1,3.1183714e-07,3.1183714e-07,1
DNAJC10,1,3.1065736e-07,3.1065736e-07,1
SEC62,6,2.9356772e-07,1.4678386e-07,3
LCOR,1,2.6340894e-07,2.6340894e-07,1
EOGT,1,2.3789221e-07,2.3789221e-07,1
TFEC,1,2.3615236e-07,2.3615236e-07,1
TESK1,4,2.3546498e-07,5.8866245e-08,1
RECK,10,2.3545095e-07,4.709019e-08,2
ZNF266,3,2.3452057e-07,7.817352e-08,1
OR7G1,3,2.325152e-07,7.750507e-08,1
BCL9L,4,2.1932594e-07,5.4831485e-08,1
VPS53,4,2.133705e-07,5.3342625e-08,1
TIMM22,2,1.928551e-07,9.642755e-08,1
RPGRIP1,1,1.6444386e-07,1.6444386e-07,1
TTLL8,3,1.5758219e-07,5.2527398e-08,1
FBN3,3,1.4680248e-07,4.8934158e-08,1
RPH3AL,1,1.1869011e-07,1.1869011e-07,1
VPS41,2,1.026534e-07,5.13267e-08,1
CELSR1,4,1.0019066e-07,5.009533e-08,2
PRAM1,1,5.873013e-08,5.873013e-08,1
NME8,1,5.3449185e-08,5.3449185e-08,1
GAS8,1,3.6909277e-08,3.6909277e-08,1
