pathway,degree,in_importance_sum,in_importance_mean,n_nodes
Signal Transduction,5012,3.3556955,0.0006695322,1
Immune System,4304,2.9032962,0.0006745577,1
Metabolism,2573,1.979295,0.00076925574,1
Metabolism of proteins,2398,1.5955139,0.0006653519,1
Gene expression (Transcription),2048,1.4792426,0.0007222864,1
Cytokine Signaling in Immune system,1963,1.421891,0.0007243459,1
RNA Polymerase II Transcription,1853,1.3707391,0.0007397405,1
Post-translational protein modification,1987,1.3512033,0.0006800218,1
Generic Transcription Pathway,1770,1.2952366,0.0007317721,1
Innate Immune System,1768,1.168514,0.00066092424,1
Adaptive Immune System,1977,1.137175,0.0005752023,1
Disease,1664,1.1282473,0.0006780332,1
Signaling by GPCR,1759,1.1246243,0.00063935434,1
GPCR downstream signalling,1581,1.0887244,0.0006886302,1
Developmental Biology,1346,1.0887084,0.00080884725,1
Hemostasis,1258,0.97818285,0.00077756983,1
Pathways in cancer - Homo sapiens (human),1439,0.96933943,0.00067362015,1
Cytokine-cytokine receptor interaction - Homo sapiens (human),1340,0.9376075,0.00069970713,1
Infectious disease,1100,0.82973534,0.00075430487,1
Herpes simplex virus 1 infection - Homo sapiens (human),906,0.8054108,0.0008889744,1
GPCR ligand binding,1193,0.7513963,0.0006298376,1
Class A/1 (Rhodopsin-like receptors),1028,0.7325777,0.0007126242,1
Transport of small molecules,1138,0.7178868,0.000630832,1
Signaling by Receptor Tyrosine Kinases,1053,0.685641,0.00065113103,1
Vitamin D Receptor Pathway,861,0.6724888,0.00078105554,1
Signaling by Rho GTPases,920,0.6558881,0.00071292184,1
Human T-cell leukemia virus 1 infection - Homo sapiens (human),911,0.655064,0.00071906036,1
"Signaling by Rho GTPases, Miro GTPases and RHOBTB3",931,0.6502847,0.0006984798,1
Neuronal System,852,0.64230025,0.00075387355,1
Cell adhesion molecules - Homo sapiens (human),925,0.6249601,0.00067563256,1
Signaling by Interleukins,911,0.6116801,0.00067143806,1
EGFR1,991,0.607239,0.0006127538,1
Neuroactive ligand-receptor interaction - Homo sapiens (human),840,0.5833419,0.00069445465,1
Interferon Signaling,741,0.57288545,0.00077312475,1
JAK STAT pathway and regulation,907,0.5686559,0.0006269635,1
Human cytomegalovirus infection - Homo sapiens (human),763,0.56833994,0.0007448754,1
VEGFA-VEGFR2 Signaling Pathway,848,0.5573224,0.0006572198,1
Epstein-Barr virus infection - Homo sapiens (human),777,0.55421984,0.0007132816,1
Neutrophil degranulation,761,0.5522509,0.0007256911,1
Allograft Rejection,820,0.54696405,0.00066702935,1
Pathways of neurodegeneration - multiple diseases - Homo sapiens (human),766,0.545095,0.0007116123,1
Interferon gamma signaling,686,0.5443675,0.00079353864,1
GPCR signaling-cholera toxin,732,0.54092276,0.0007389655,1
GPCR signaling-G alpha s Epac and ERK,736,0.5281875,0.0007176461,1
Metabolism of lipids,782,0.5268989,0.00067378377,1
Human papillomavirus infection - Homo sapiens (human),766,0.52236474,0.0006819383,1
Nuclear Receptors Meta-Pathway,661,0.5203023,0.0007871442,1
GPCR signaling-G alpha q,741,0.5199114,0.00070163485,1
Cell Cycle,618,0.5114951,0.000827662,1
Immunoregulatory interactions between a Lymphoid and a non-Lymphoid cell,616,0.5074686,0.0008238126,1
GPCR signaling-pertussis toxin,727,0.5042212,0.00069356425,1
Nervous system development,781,0.5032134,0.00064431934,1
"GPCRs, Class A Rhodopsin-like",812,0.49828717,0.00061365415,1
Axon guidance,759,0.49483475,0.0006519562,1
IL-18 signaling pathway,719,0.4948121,0.0006881949,1
GPCR signaling-G alpha i,727,0.48974076,0.00067364617,1
G alpha (i) signalling events,799,0.48813328,0.00061093026,1
"Platelet activation, signaling and aggregation",637,0.4877435,0.00076568837,1
PI3K-Akt signaling pathway - Homo sapiens (human),737,0.4855703,0.0006588471,1
GPCR signaling-G alpha s PKA and ERK,759,0.48511907,0.00063915557,1
Toxoplasmosis - Homo sapiens (human),626,0.47893858,0.0007650776,1
TCR,736,0.47475833,0.00064505206,1
Metabolism of RNA,689,0.47127765,0.0006840024,1
Vesicle-mediated transport,703,0.46744204,0.0006649247,1
MAPK family signaling cascades,652,0.4642957,0.00071210996,1
Peptide ligand-binding receptors,673,0.4638577,0.0006892388,1
Th17 cell differentiation - Homo sapiens (human),663,0.4637279,0.00069943874,1
Human immunodeficiency virus 1 infection - Homo sapiens (human),512,0.45823413,0.00089498854,1
Focal Adhesion-PI3K-Akt-mTOR-signaling pathway,649,0.45365342,0.00069900375,1
Viral carcinogenesis - Homo sapiens (human),574,0.45105657,0.00078581285,1
Hematopoietic cell lineage - Homo sapiens (human),514,0.4478949,0.00087139086,1
Chemokine signaling pathway - Homo sapiens (human),682,0.4476355,0.00065635704,1
MAPK signaling pathway - Homo sapiens (human),747,0.44569397,0.00059664523,1
RHO GTPase cycle,651,0.44555485,0.00068441604,1
PI3K-Akt signaling pathway,699,0.44315022,0.0006339774,1
Influenza A - Homo sapiens (human),597,0.4417442,0.00073994003,1
Kaposi sarcoma-associated herpesvirus infection - Homo sapiens (human),661,0.43909743,0.00066429266,1
Allograft rejection - Homo sapiens (human),591,0.4390504,0.0007428941,1
Membrane Trafficking,655,0.42955163,0.000655804,1
G alpha (q) signalling events,671,0.428331,0.00063834724,1
Cellular responses to stress,664,0.42258734,0.00063642673,1
"Cell Cycle, Mitotic",513,0.42045432,0.0008195991,1
JAK-STAT signaling pathway - Homo sapiens (human),639,0.41707397,0.0006526979,1
Tuberculosis - Homo sapiens (human),572,0.41317117,0.0007223272,1
Ras signaling pathway - Homo sapiens (human),604,0.4100985,0.000678971,1
Cellular senescence - Homo sapiens (human),548,0.40924847,0.00074680377,1
RAF/MAP kinase cascade,601,0.4056066,0.00067488616,1
Th1 and Th2 cell differentiation - Homo sapiens (human),594,0.404864,0.00068158924,1
Viral myocarditis - Homo sapiens (human),562,0.40377015,0.0007184522,1
Graft-versus-host disease - Homo sapiens (human),539,0.4011946,0.00074433134,1
Phagosome - Homo sapiens (human),617,0.3938356,0.0006383073,1
Type I diabetes mellitus - Homo sapiens (human),556,0.39183336,0.0007047363,1
Lipid and atherosclerosis - Homo sapiens (human),515,0.38683465,0.00075113523,1
Metabolism of amino acids and derivatives,496,0.38458374,0.00077537046,1
MAPK1/MAPK3 signaling,603,0.38291162,0.000635011,1
Transcriptional Regulation by TP53,454,0.3826913,0.0008429324,1
Intracellular signaling by second messengers,590,0.38004225,0.0006441394,1
Ebola Virus Pathway on Host,563,0.37936363,0.00067382527,1
Metabolism of carbohydrates,506,0.378002,0.0007470395,1
Autoimmune thyroid disease - Homo sapiens (human),602,0.3772594,0.0006266768,1
JAK STAT MolecularVariation 1,455,0.37650427,0.0008274819,1
Diseases of signal transduction by growth factor receptors and second messengers,645,0.3754543,0.0005820997,1
Cellular responses to external stimuli,666,0.37397975,0.00056153117,1
Class I MHC mediated antigen processing & presentation,632,0.37358773,0.0005911198,1
Leishmania infection,565,0.37295642,0.00066009985,1
Endocytosis - Homo sapiens (human),512,0.37149477,0.0007255757,1
Chemokine signaling pathway,582,0.3615363,0.0006211964,1
Natural killer cell mediated cytotoxicity - Homo sapiens (human),467,0.35676736,0.0007639558,1
MAPK Signaling Pathway,648,0.3559294,0.0005492738,1
SLC-mediated transmembrane transport,552,0.3556188,0.000644237,1
JAK-STAT-Core,438,0.35414535,0.00080855103,1
Sensory Perception,444,0.3525551,0.000794043,1
Anti-inflammatory response favouring Leishmania parasite infection,452,0.35039818,0.0007752172,1
CD4 T cell receptor signaling,577,0.3466144,0.0006007182,1
Direct p53 effectors,331,0.34464,0.0010412084,1
Coronavirus disease - COVID-19 - Homo sapiens (human),464,0.34334275,0.00073996285,1
Rap1 signaling pathway - Homo sapiens (human),500,0.34038985,0.0006807797,1
Leishmaniasis - Homo sapiens (human),532,0.33785257,0.00063506124,1
CD4 T cell receptor signaling-NFkB cascade,491,0.337405,0.0006871792,1
Antigen processing and presentation - Homo sapiens (human),452,0.33593616,0.0007432216,1
Transcriptional misregulation in cancer - Homo sapiens (human),435,0.33578664,0.00077192334,1
Inflammatory bowel disease - Homo sapiens (human),513,0.33559886,0.0006541888,1
Osteoclast differentiation - Homo sapiens (human),574,0.33456722,0.00058286975,1
Viral protein interaction with cytokine and cytokine receptor - Homo sapiens (human),577,0.33263946,0.00057649816,1
Leishmania parasite growth and survival,452,0.3317633,0.0007339896,1
Chagas disease - Homo sapiens (human),362,0.32839477,0.00090716785,1
PIP3 activates AKT signaling,518,0.3270123,0.0006312979,1
Extracellular matrix organization,527,0.32391897,0.000614647,1
Shigellosis - Homo sapiens (human),508,0.323074,0.0006359725,1
Amyotrophic lateral sclerosis - Homo sapiens (human),471,0.32079583,0.0006810952,1
Transmission across Chemical Synapses,429,0.3174081,0.00073987903,1
Measles - Homo sapiens (human),448,0.31405506,0.00070101576,1
Mesodermal commitment pathway,426,0.31308338,0.0007349375,1
MicroRNAs in cancer - Homo sapiens (human),422,0.31077904,0.0007364432,1
Signaling by WNT,424,0.30940887,0.0007297379,1
Rheumatoid arthritis - Homo sapiens (human),514,0.30882072,0.00060081854,1
Alzheimer disease - Homo sapiens (human),504,0.30822963,0.0006115667,1
Axon guidance - Homo sapiens (human),487,0.30566102,0.0006276407,1
Salmonella infection - Homo sapiens (human),456,0.30350694,0.0006655854,1
Focal adhesion - Homo sapiens (human),366,0.30241886,0.00082628103,1
T cell receptor signaling pathway - Homo sapiens (human),536,0.30166405,0.0005628061,1
Calcium signaling pathway - Homo sapiens (human),493,0.30138597,0.00061133056,1
IL12-mediated signaling events,460,0.3002152,0.00065264176,1
Transcriptional regulation by RUNX1,414,0.29687706,0.00071709434,1
Deubiquitination,469,0.29683694,0.0006329146,1
B Cell Receptor Signaling Pathway,438,0.2959205,0.00067561754,1
Interferon alpha/beta signaling,371,0.2956166,0.00079681026,1
Ectoderm Differentiation,386,0.2952042,0.0007647777,1
Cell-Cell communication,421,0.2949301,0.00070054654,1
G alpha (s) signalling events,337,0.29097077,0.0008634148,1
Breast cancer - Homo sapiens (human),296,0.29077807,0.0009823584,1
NF-kappa B signaling pathway - Homo sapiens (human),415,0.28859392,0.00069540704,1
BCR,434,0.28750265,0.00066244847,1
Intestinal immune network for IgA production - Homo sapiens (human),459,0.28734344,0.0006260206,1
Regulation of actin cytoskeleton - Homo sapiens (human),434,0.28348604,0.0006531936,1
Male infertility,387,0.2796821,0.00072269276,1
RHO GTPase Effectors,382,0.27836335,0.00072869984,1
Spinal Cord Injury,442,0.27794042,0.00062882446,1
Neural Crest Differentiation,409,0.27762118,0.0006787804,1
Insulin Signaling,393,0.2748842,0.0006994509,1
Ras signaling,451,0.2739174,0.0006073557,1
Modulators of TCR signaling and T cell activation,407,0.2735095,0.0006720135,1
cAMP signaling pathway - Homo sapiens (human),436,0.27080885,0.0006211212,1
"Growth hormone synthesis, secretion and action - Homo sapiens (human)",265,0.26954347,0.0010171451,1
TNFalpha,409,0.26880753,0.00065723114,1
Signaling by NOTCH,270,0.2687445,0.00099535,1
Systemic lupus erythematosus - Homo sapiens (human),450,0.26741257,0.00059425016,1
Fluid shear stress and atherosclerosis - Homo sapiens (human),373,0.265998,0.0007131314,1
PD-L1 expression and PD-1 checkpoint pathway in cancer - Homo sapiens (human),361,0.2637151,0.0007305127,1
C-type lectin receptor signaling pathway - Homo sapiens (human),282,0.26273224,0.0009316746,1
Cushing syndrome - Homo sapiens (human),250,0.262546,0.001050184,1
Huntington disease - Homo sapiens (human),343,0.26215267,0.0007642935,1
Prion disease - Homo sapiens (human),373,0.26209474,0.0007026669,1
Pathogenic Escherichia coli infection - Homo sapiens (human),451,0.26206967,0.00058108574,1
Signaling by Nuclear Receptors,431,0.26147625,0.0006066734,1
Myometrial relaxation and contraction pathways,375,0.25940084,0.0006917356,1
Hippo-Merlin Signaling Dysregulation,350,0.25888145,0.0007396613,1
Cell junction organization,290,0.25864097,0.0008918654,1
Brain-derived neurotrophic factor (BDNF) signaling pathway,350,0.2569969,0.00073427684,1
IL-7 signaling,396,0.25413018,0.0006417429,1
Hippo signaling pathway - Homo sapiens (human),219,0.2520998,0.0011511407,1
Selective expression of chemokine receptors during T-cell polarization,323,0.25172192,0.00077932485,1
T-cell receptor (TCR) signaling pathway,470,0.24923927,0.0005302963,1
Regulation of toll-like receptor signaling pathway,412,0.24922293,0.00060491,1
VEGF,374,0.24921724,0.00066635624,1
CD4 T cell receptor signaling-JNK cascade,347,0.24655595,0.0007105359,1
Calcineurin-regulated NFAT-dependent transcription in lymphocytes,387,0.24613017,0.00063599524,1
Hepatitis C - Homo sapiens (human),306,0.24569719,0.00080293196,1
M Phase,363,0.24547048,0.0006762272,1
PDGFR-beta signaling pathway,363,0.2452924,0.00067573664,1
IL23-mediated signaling events,286,0.24499637,0.0008566307,1
Acute viral myocarditis,340,0.24298784,0.0007146701,1
TNFR2 non-canonical NF-kB pathway,312,0.24241246,0.000776963,1
Hepatitis B - Homo sapiens (human),355,0.24199446,0.0006816745,1
ADORA2B mediated anti-inflammatory cytokines production,307,0.24132986,0.00078609074,1
Type II interferon signaling (IFNG),316,0.2392202,0.00075702596,1
Inflammatory mediator regulation of TRP channels - Homo sapiens (human),286,0.23899487,0.0008356464,1
Chromatin organization,310,0.2388258,0.0007704058,1
CXCR4-mediated signaling events,315,0.2353851,0.0007472543,1
NOD-like receptor signaling pathway - Homo sapiens (human),392,0.23519878,0.0005999969,1
Yersinia infection - Homo sapiens (human),420,0.23450172,0.00055833743,1
Gastrin signaling pathway,327,0.23390843,0.0007153163,1
Primary focal segmental glomerulosclerosis (FSGS),153,0.23367824,0.0015273087,1
Cell surface interactions at the vascular wall,324,0.23309152,0.0007194183,1
Proteoglycans in cancer - Homo sapiens (human),367,0.23281455,0.00063437206,1
O-linked glycosylation,296,0.23246661,0.0007853602,1
Validated targets of C-MYC transcriptional repression,237,0.23093162,0.000974395,1
Focal Adhesion,381,0.23006317,0.00060384034,1
Chromatin modifying enzymes,310,0.22989829,0.0007416074,1
DNA Repair,285,0.2291622,0.0008040779,1
Regulatory circuits of the STAT3 signaling pathway,296,0.22841161,0.0007716609,1
TCR signaling,358,0.22781622,0.00063635816,1
Necroptosis - Homo sapiens (human),262,0.22740698,0.0008679656,1
Wnt signaling pathway - Homo sapiens (human),336,0.22649209,0.0006740836,1
Pathways Regulating Hippo Signaling,328,0.22602011,0.0006890857,1
Organelle biogenesis and maintenance,228,0.22557665,0.0009893713,1
Transport of inorganic cations/anions and amino acids/oligopeptides,329,0.22469978,0.0006829781,1
Breast cancer pathway,297,0.22252059,0.0007492276,1
Apoptosis,391,0.2224468,0.00056891766,1
T-Cell antigen Receptor (TCR) pathway during Staphylococcus aureus infection,415,0.22238953,0.0005358784,1
Adipogenesis,326,0.22222374,0.00068166794,1
IL-17 signaling pathway - Homo sapiens (human),349,0.22143932,0.0006344966,1
Thymic Stromal LymphoPoietin (TSLP) Signaling Pathway,267,0.2208776,0.00082725694,1
Signaling pathways regulating pluripotency of stem cells - Homo sapiens (human),300,0.2203314,0.000734438,1
SUMOylation,306,0.2196578,0.0007178359,1
SUMO E3 ligases SUMOylate target proteins,305,0.21935576,0.00071919925,1
Sudden Infant Death Syndrome (SIDS) Susceptibility Pathways,309,0.21874574,0.000707915,1
SHP2 signaling,250,0.21871468,0.00087485876,1
Prolactin Signaling Pathway,318,0.2182813,0.0006864192,1
Glycosaminoglycan metabolism,314,0.21717833,0.0006916507,1
Factors involved in megakaryocyte development and platelet production,258,0.21708344,0.0008414087,1
EPO signaling,373,0.21693791,0.000581603,1
Calcium Regulation in the Cardiac Cell,400,0.2164632,0.00054115796,1
Staphylococcus aureus infection - Homo sapiens (human),355,0.2163459,0.0006094251,1
Downstream TCR signaling,303,0.21592951,0.00071263866,1
Platelet activation - Homo sapiens (human),306,0.21541528,0.00070397154,1
Antigen processing: Ubiquitination & Proteasome degradation,429,0.2151311,0.0005014711,1
PD-1 signaling,163,0.2140944,0.0013134626,1
Proteasome Degradation,268,0.21402912,0.0007986161,1
Arrhythmogenic right ventricular cardiomyopathy - Homo sapiens (human),179,0.21205577,0.0011846691,1
Genotoxicity pathway,272,0.21171048,0.00077834737,1
AP-1 transcription factor network,297,0.21149972,0.00071212027,1
IL4,312,0.2112604,0.0006771166,1
Phospholipase D signaling pathway - Homo sapiens (human),292,0.21121806,0.0007233495,1
Muscle contraction,264,0.20991921,0.00079514855,1
Neurotransmitter receptors and postsynaptic signal transmission,289,0.20990196,0.00072630437,1
Cell-cell junction organization,240,0.20964965,0.00087354024,1
Negative regulation of the PI3K/AKT network,374,0.20918567,0.00055932,1
Chemokine receptors bind chemokines,369,0.20877655,0.0005657901,1
TNF signaling pathway - Homo sapiens (human),327,0.2076511,0.00063501863,1
Toll-like Receptor Cascades,297,0.2061546,0.0006941232,1
Ub-specific processing proteases,345,0.20590596,0.0005968289,1
Ciliary landscape,293,0.20581491,0.00070244,1
KitReceptor,299,0.20506448,0.0006858344,1
Spinocerebellar ataxia - Homo sapiens (human),320,0.20393309,0.0006372909,1
B cell receptor signaling pathway - Homo sapiens (human),319,0.20387293,0.0006391001,1
CDC42 GTPase cycle,269,0.20252565,0.00075288344,1
Pre-implantation embryo,238,0.20252554,0.00085094763,1
Olfactory transduction - Homo sapiens (human),268,0.20215614,0.00075431395,1
Regulation of TP53 Activity,242,0.20197076,0.0008345899,1
Toll-like receptor signaling pathway - Homo sapiens (human),276,0.20129113,0.0007293157,1
EGF-EGFR signaling pathway,307,0.20098099,0.0006546612,1
Signaling events mediated by Stem cell factor receptor (c-Kit),255,0.20070738,0.0007870878,1
HIF-1 signaling pathway - Homo sapiens (human),260,0.20026463,0.0007702486,1
Response to elevated platelet cytosolic Ca2+,228,0.19967157,0.0008757525,1
Apoptosis - Homo sapiens (human),289,0.19861823,0.0006872603,1
Interleukin-1 family signaling,282,0.19844535,0.00070370693,1
TCF dependent signaling in response to WNT,274,0.1976293,0.0007212748,1
Asthma - Homo sapiens (human),301,0.19750877,0.0006561753,1
Parkinson disease - Homo sapiens (human),305,0.19579813,0.00064196106,1
Costimulation by the CD28 family,417,0.19510187,0.0004678702,1
Potassium Channels,317,0.19494584,0.0006149711,1
TGF_beta_Receptor,311,0.19391213,0.0006235117,1
JAK STAT MolecularVariation 2,264,0.19372782,0.0007338175,1
Integrin,232,0.19370057,0.00083491625,1
Toll-like Receptor Signaling Pathway,279,0.19337507,0.0006931006,1
Prolactin,272,0.19329286,0.0007106355,1
keratinocyte differentiation,245,0.19211647,0.00078414887,1
Metapathway biotransformation Phase I and II,254,0.19128174,0.0007530777,1
IL5,235,0.19098681,0.00081270986,1
Pertussis - Homo sapiens (human),201,0.19087048,0.0009496044,1
Novel intracellular components of RIG-I-like receptor (RLR) pathway,192,0.19067386,0.000993093,1
Ion channel transport,312,0.19031365,0.0006099797,1
RAC1 GTPase cycle,316,0.1902164,0.0006019507,1
Biological oxidations,240,0.18993364,0.0007913902,1
Peptide GPCRs,325,0.18862227,0.0005803762,1
Toll Like Receptor 7/8 (TLR7/8) Cascade,223,0.18828674,0.0008443351,1
Cell Cycle Checkpoints,252,0.18827768,0.0007471336,1
Epithelial to mesenchymal transition in colorectal cancer,295,0.18814285,0.0006377724,1
Folate Metabolism,205,0.18803956,0.0009172661,1
TNFs bind their physiological receptors,249,0.18690981,0.0007506418,1
Amoebiasis - Homo sapiens (human),238,0.18585151,0.0007808887,1
Gastric cancer - Homo sapiens (human),272,0.18520229,0.00068089075,1
Mitotic Metaphase and Anaphase,204,0.18407027,0.00090230524,1
EGF-Core,311,0.18387386,0.0005912343,1
Hepatitis B infection,292,0.18341619,0.0006281376,1
Mitotic Prometaphase,236,0.18332008,0.00077677995,1
Apelin signaling pathway - Homo sapiens (human),216,0.18257636,0.0008452609,1
Kit receptor signaling pathway,277,0.18235157,0.0006583089,1
Small cell lung cancer - Homo sapiens (human),231,0.18202446,0.0007879847,1
Corticotropin-releasing hormone signaling pathway,208,0.18201576,0.00087507576,1
Cilium Assembly,191,0.18144616,0.00094997993,1
Hepatocellular carcinoma - Homo sapiens (human),280,0.17875594,0.00063841406,1
Thermogenesis - Homo sapiens (human),238,0.178687,0.00075078575,1
Protein digestion and absorption - Homo sapiens (human),211,0.17817852,0.00084444793,1
Diabetic cardiomyopathy - Homo sapiens (human),251,0.17729045,0.00070633646,1
Asparagine N-linked glycosylation,302,0.17724206,0.0005868942,1
Neutrophil extracellular trap formation - Homo sapiens (human),280,0.17611615,0.0006289863,1
MHC class II antigen presentation,274,0.1753915,0.00064011494,1
Thyroid hormone signaling pathway - Homo sapiens (human),220,0.17536819,0.00079712813,1
The citric acid (TCA) cycle and respiratory electron transport,204,0.17524858,0.00085906166,1
Senescence and Autophagy in Cancer,291,0.17496337,0.0006012487,1
Platelet degranulation ,222,0.17494501,0.0007880406,1
RHOA GTPase cycle,270,0.17476915,0.0006472931,1
Death Receptor Signalling,263,0.17413698,0.0006621178,1
Glutamatergic synapse - Homo sapiens (human),258,0.17276628,0.00066963676,1
Signaling by NTRKs,265,0.17262037,0.0006513976,1
PI3K/AKT Signaling in Cancer,346,0.17168444,0.00049619784,1
TYROBP causal network in microglia,214,0.17161888,0.0008019574,1
Apoptosis-related network due to altered Notch3 in ovarian cancer,176,0.17149775,0.000974419,1
Fc epsilon receptor (FCERI) signaling,304,0.17070293,0.0005615228,1
Signaling by SCF-KIT,248,0.16989365,0.00068505504,1
Toll Like Receptor 4 (TLR4) Cascade,272,0.16982639,0.00062436174,1
HIV Infection,271,0.16974406,0.00062636187,1
Cholinergic synapse - Homo sapiens (human),250,0.16965018,0.00067860074,1
Purine metabolism,274,0.16952726,0.0006187126,1
IL4-mediated signaling events,294,0.16910705,0.000575194,1
Endosomal/Vacuolar pathway,170,0.16887829,0.0009934017,1
Small cell lung cancer,232,0.1688468,0.00072778796,1
Downstream signaling in naïve CD8+ T cells,313,0.16861826,0.0005387165,1
IL2,280,0.16814283,0.0006005101,1
Olfactory Signaling Pathway,206,0.16727124,0.00081199635,1
FoxO signaling pathway - Homo sapiens (human),263,0.16647,0.0006329658,1
CD4 T cell receptor signaling-ERK cascade,236,0.16633268,0.0007047995,1
Betaxolol Action Pathway,133,0.16629632,0.0012503483,1
Relaxin signaling pathway - Homo sapiens (human),257,0.16544287,0.0006437466,1
Phospholipid metabolism,263,0.16503623,0.0006275142,1
Malaria - Homo sapiens (human),209,0.16478926,0.0007884654,1
Nonalcoholic fatty liver disease,269,0.16438411,0.00061109336,1
Nucleotide-binding Oligomerization Domain (NOD) pathway,204,0.16420871,0.00080494466,1
"Antigen Presentation: Folding, assembly and peptide loading of class I MHC",175,0.16419822,0.00093827554,1
Regulation of Actin Cytoskeleton,318,0.16416974,0.0005162571,1
Constitutive Signaling by Aberrant PI3K in Cancer,326,0.16377832,0.00050238747,1
"PI5P, PP2A and IER3 Regulate PI3K/AKT Signaling",353,0.16333404,0.00046270268,1
Metabolism of vitamins and cofactors,255,0.16285601,0.000638651,1
G2/M Transition,119,0.16255032,0.0013659691,1
IL2-mediated signaling events,280,0.16251284,0.000580403,1
RHO GTPases Activate Formins,181,0.16199802,0.00089501665,1
O-linked glycosylation of mucins,196,0.16173282,0.00082516746,1
IL6,230,0.16148016,0.00070208765,1
Non-alcoholic fatty liver disease - Homo sapiens (human),209,0.16051245,0.0007680021,1
Vascular smooth muscle contraction - Homo sapiens (human),219,0.16002283,0.0007306978,1
IL-4 signaling pathway,218,0.15988639,0.0007334238,1
Osteoblast differentiation,254,0.15965804,0.000628575,1
MyD88-independent TLR4 cascade ,246,0.15952604,0.0006484798,1
IL-3 signaling pathway,234,0.15948705,0.0006815686,1
chaperones modulate interferon signaling pathway,116,0.15944296,0.0013745083,1
cGMP-PKG signaling pathway - Homo sapiens (human),242,0.15869117,0.00065574865,1
IL-6 signaling pathway,212,0.15858652,0.0007480496,1
Glucocorticoid Receptor Pathway,228,0.15839109,0.0006946978,1
Interleukin-1 signaling,202,0.1583029,0.00078367774,1
Interleukin-2 family signaling,206,0.15798777,0.0007669309,1
Development and heterogeneity of the ILC family,189,0.15790422,0.0008354721,1
Arrhythmogenic Right Ventricular Cardiomyopathy,197,0.15755889,0.0007997913,1
Inflammatory Response Pathway,233,0.15718713,0.0006746229,1
Toll Like Receptor TLR6:TLR2 Cascade,249,0.15708429,0.00063086057,1
Antigen processing-Cross presentation,195,0.15693702,0.0008048052,1
DNA Double-Strand Break Repair,199,0.15691234,0.00078850426,1
Adherens junctions interactions,191,0.15672043,0.0008205258,1
Calcium signaling in the CD4+ TCR pathway,174,0.15654166,0.0008996647,1
Processing of Capped Intron-Containing Pre-mRNA,207,0.15634759,0.0007553024,1
Overview of leukocyte-intrinsic Hippo pathway functions,161,0.15618321,0.00097008207,1
Toll Like Receptor 9 (TLR9) Cascade,229,0.15570518,0.0006799353,1
C-type lectin receptors (CLRs),248,0.15568423,0.00062775903,1
Toll Like Receptor TLR1:TLR2 Cascade,249,0.15489233,0.00062205753,1
mTOR signaling pathway - Homo sapiens (human),253,0.15474889,0.0006116557,1
Oxytocin signaling pathway - Homo sapiens (human),247,0.15401205,0.0006235306,1
Apoptosis Modulation and Signaling,243,0.15353324,0.000631824,1
MyD88 cascade initiated on plasma membrane,225,0.1528682,0.0006794142,1
Phosphatidylinositol signaling system - Homo sapiens (human),194,0.15286303,0.00078795373,1
IL12 signaling mediated by STAT4,224,0.15280662,0.0006821724,1
Lung fibrosis,260,0.1526115,0.0005869673,1
Retrograde endocannabinoid signaling - Homo sapiens (human),208,0.15208799,0.00073119224,1
Lysosome - Homo sapiens (human),158,0.15206403,0.00096243055,1
Programmed Cell Death,253,0.15190221,0.000600404,1
Oocyte meiosis - Homo sapiens (human),224,0.15186337,0.00067796145,1
Notch Signaling Pathway Netpath,155,0.15171497,0.0009788062,1
Adherens junction - Homo sapiens (human),227,0.15108812,0.00066558644,1
"Parathyroid hormone synthesis, secretion and action - Homo sapiens (human)",191,0.1509163,0.0007901377,1
Dilated cardiomyopathy - Homo sapiens (human),164,0.15077238,0.0009193438,1
AGE-RAGE pathway,202,0.15021355,0.00074363145,1
Post-translational protein phosphorylation,156,0.14977579,0.0009601012,1
Notch,245,0.1497708,0.00061130937,1
Chronic myeloid leukemia - Homo sapiens (human),189,0.14944573,0.0007907181,1
MyD88:MAL(TIRAP) cascade initiated on plasma membrane,249,0.14927968,0.0005995168,1
DNA damage response (only ATM dependent),266,0.14911033,0.00056056515,1
Mitotic Anaphase,200,0.14902113,0.0007451057,1
Regulation of mRNA stability by proteins that bind AU-rich elements,154,0.14864007,0.00096519524,1
Mitotic G2-G2/M phases,130,0.14809832,0.0011392179,1
NRF2 pathway,217,0.14807811,0.0006823876,1
NO-cGMP-PKG mediated Neuroprotection,181,0.14801206,0.00081774616,1
Fragile X Syndrome,222,0.148006,0.0006666937,1
Glycerophospholipid metabolism,199,0.14763904,0.0007419047,1
Chromosomal and microsatellite instability in colorectal cancer,201,0.14741877,0.0007334267,1
IFN-gamma pathway,208,0.14716592,0.0007075285,1
Endoderm differentiation,205,0.14683463,0.00071626646,1
Melanoma,214,0.14572981,0.00068098045,1
Toll Like Receptor 10 (TLR10) Cascade,225,0.14512753,0.00064501126,1
Translation,214,0.14490858,0.0006771429,1
Phosphatidylinositol phosphate metabolism,153,0.14490509,0.0009470921,1
Tight junction - Homo sapiens (human),234,0.14470461,0.00061839574,1
Glucocorticoid receptor regulatory network,202,0.14427993,0.00071425707,1
Wnt Mammals,217,0.14409493,0.00066403195,1
HDR through Homologous Recombination (HRR) or Single Strand Annealing (SSA),153,0.14358379,0.00093845616,1
RNA transport - Homo sapiens (human),215,0.14349762,0.00066743075,1
Keratinization,138,0.14334802,0.0010387538,1
TCR signaling in naïve CD4+ T cells,333,0.1432113,0.00043006398,1
Selenium Micronutrient Network,194,0.14280742,0.00073612074,1
Signaling by the B Cell Receptor (BCR),280,0.14277454,0.00050990906,1
Platelet homeostasis,211,0.14274968,0.0006765388,1
Cardiac conduction,201,0.14274354,0.0007101669,1
Prolactin signaling pathway - Homo sapiens (human),196,0.14252594,0.0007271732,1
Adrenergic signaling in cardiomyocytes - Homo sapiens (human),207,0.1424557,0.0006881918,1
AndrogenReceptor,223,0.14206007,0.0006370407,1
il-2 receptor beta chain in t cell activation,216,0.14184861,0.0006567065,1
Pancreatic secretion - Homo sapiens (human),204,0.14184098,0.0006952989,1
BCR signaling pathway,270,0.14179948,0.0005251833,1
Prostate cancer - Homo sapiens (human),241,0.1417742,0.00058827474,1
RAC1-PAK1-p38-MMP2 Pathway,184,0.1412143,0.000767469,1
Alprenolol Action Pathway,133,0.1410731,0.0010606999,1
Signaling events mediated by PTP1B,236,0.14024998,0.0005942796,1
Renin secretion - Homo sapiens (human),212,0.13994932,0.0006601383,1
TGF-beta Signaling Pathway,232,0.13975313,0.0006023842,1
C-MYB transcription factor network,216,0.13974376,0.00064696185,1
Transport to the Golgi and subsequent modification,189,0.13956857,0.000738458,1
"Non-genomic actions of 1,25 dihydroxyvitamin D3",236,0.13935684,0.00059049507,1
Leptin,194,0.1391014,0.0007170175,1
Epigenetic regulation of gene expression,164,0.13896556,0.000847351,1
TRIF(TICAM1)-mediated TLR4 signaling ,245,0.13871194,0.0005661712,1
IL-1 signaling pathway,211,0.1384378,0.0006561033,1
Insulin resistance - Homo sapiens (human),196,0.13834107,0.0007058218,1
EPH-Ephrin signaling,209,0.13824391,0.0006614541,1
Fc gamma R-mediated phagocytosis - Homo sapiens (human),273,0.13818845,0.0005061848,1
Gap junction - Homo sapiens (human),177,0.13777505,0.0007783901,1
Toll Like Receptor 5 (TLR5) Cascade,225,0.13776942,0.0006123085,1
Prostaglandin Synthesis and Regulation,202,0.13775928,0.0006819767,1
IL1,186,0.13761996,0.00073989225,1
Mitotic Spindle Checkpoint,142,0.13755307,0.00096868357,1
Gastrin,181,0.13688664,0.0007562798,1
"Interleukin-3, Interleukin-5 and GM-CSF signaling",222,0.13620226,0.0006135237,1
Thromboxane A2 receptor signaling,159,0.13559718,0.0008528125,1
Gastric acid secretion - Homo sapiens (human),197,0.13518287,0.0006862075,1
GMCSF-mediated signaling events,198,0.13509247,0.0006822852,1
Choline metabolism in cancer - Homo sapiens (human),203,0.13470162,0.0006635548,1
Signaling by ERBB2 KD Mutants,71,0.13467637,0.0018968502,1
B cell receptor signaling,264,0.1346674,0.00051010377,1
Insulin Pathway,149,0.13445826,0.0009024044,1
MyD88 dependent cascade initiated on endosome,223,0.13394964,0.00060067105,1
Signaling by NOTCH3,96,0.13283661,0.0013837147,1
Cytokines and Inflammatory Response,158,0.13264173,0.00083950465,1
RAC3 GTPase cycle,153,0.1325953,0.00086663594,1
TGF-beta Receptor Signaling,138,0.13196783,0.0009562886,1
Neurotrophin signaling pathway - Homo sapiens (human),266,0.13190725,0.00049589196,1
Intra-Golgi and retrograde Golgi-to-ER traffic,201,0.13154003,0.00065442803,1
ESR-mediated signaling,240,0.1311585,0.00054649374,1
Autophagy - animal - Homo sapiens (human),254,0.13106798,0.0005160156,1
Estrogen signaling pathway - Homo sapiens (human),191,0.1310085,0.0006859084,1
Tyrosine metabolism,197,0.13065378,0.00066321716,1
FCERI mediated NF-kB activation,184,0.13062294,0.00070990727,1
TGF-beta signaling pathway - Homo sapiens (human),168,0.13037676,0.0007760521,1
Regulation of Insulin-like Growth Factor (IGF) transport and uptake by Insulin-like Growth Factor Binding Proteins (IGFBPs),170,0.13026237,0.00076624926,1
mechanism of gene regulation by peroxisome proliferators via ppara,168,0.13024649,0.00077527674,1
DAP12 interactions,210,0.13014852,0.00061975484,1
Nebivolol Action Pathway,133,0.13009219,0.0009781368,1
Homology Directed Repair,158,0.12990002,0.00082215207,1
Clathrin-mediated endocytosis,200,0.12985152,0.0006492576,1
EGFR Tyrosine Kinase Inhibitor Resistance,191,0.12977616,0.00067945634,1
Host Interactions of HIV factors,192,0.12947729,0.0006743609,1
HIF-1-alpha transcription factor network,197,0.12939517,0.0006568283,1
t cell receptor signaling pathway,210,0.12937593,0.0006160759,1
Progesterone-mediated oocyte maturation - Homo sapiens (human),169,0.12922376,0.00076463766,1
IL2 signaling events mediated by STAT5,149,0.12888785,0.0008650191,1
Integrin-mediated Cell Adhesion,177,0.12806459,0.00072352873,1
Angiopoietin Like Protein 8 Regulatory Pathway,207,0.12799163,0.00061831705,1
Longevity regulating pathway - Homo sapiens (human),165,0.12789476,0.00077511976,1
ATF-2 transcription factor network,154,0.12760387,0.0008285966,1
Signaling by Insulin receptor,194,0.12682673,0.0006537461,1
TLR NFkB,216,0.12682538,0.0005871545,1
Toll Like Receptor 3 (TLR3) Cascade,231,0.12678401,0.00054884853,1
Cytosolic DNA-sensing pathway,148,0.12641595,0.00085416186,1
Translocation of ZAP-70 to Immunological synapse,150,0.12632099,0.00084213994,1
Protein processing in endoplasmic reticulum - Homo sapiens (human),170,0.12553434,0.0007384373,1
hiv-1 nef: negative effector of fas and tnf,148,0.12523954,0.0008462131,1
LPA receptor mediated events,194,0.12516025,0.0006451559,1
Adipocytokine signaling pathway - Homo sapiens (human),171,0.12501892,0.0007311048,1
CLEC7A (Dectin-1) signaling,144,0.12478109,0.00086653535,1
Autophagy,161,0.124710135,0.0007745971,1
Toll Like Receptor 2 (TLR2) Cascade,249,0.124581605,0.00050032773,1
Generation of second messenger molecules,168,0.12418362,0.0007391882,1
G Protein Signaling Pathways,194,0.12396093,0.00063897384,1
AGE-RAGE signaling pathway in diabetic complications - Homo sapiens (human),209,0.12379386,0.0005923151,1
SARS-CoV Infections,151,0.12359444,0.00081850623,1
Signaling by FGFR,170,0.123387136,0.0007258067,1
Keratan sulfate biosynthesis,128,0.12332864,0.000963505,1
Regulation of KIT signaling,121,0.12330499,0.0010190496,1
Cell cycle - Homo sapiens (human),158,0.12325336,0.0007800846,1
Regulation of Telomerase,127,0.123215094,0.0009701976,1
Melanogenesis - Homo sapiens (human),170,0.12309737,0.00072410214,1
Oncostatin M Signaling Pathway,194,0.123094715,0.00063450885,1
Phosphorylation of CD3 and TCR zeta chains,181,0.12263801,0.00067755807,1
Beta3 integrin cell surface interactions,119,0.12251259,0.0010295175,1
Endothelins,161,0.12250549,0.0007609037,1
Signaling events mediated by focal adhesion kinase,185,0.12236073,0.00066140934,1
Cellular Senescence,201,0.121662796,0.00060528755,1
ErbB1 downstream signaling,156,0.12164441,0.0007797718,1
Pyruvate metabolism and Citric Acid (TCA) cycle,141,0.121544704,0.0008620192,1
"GPCRs, Other",160,0.12149143,0.00075932144,1
Wnt signaling,192,0.12138316,0.00063220394,1
p53 transcriptional gene network,147,0.12136818,0.0008256339,1
Metabolism of water-soluble vitamins and cofactors,169,0.12126811,0.0007175628,1
Separation of Sister Chromatids,166,0.12120739,0.00073016505,1
ESC Pluripotency Pathways,234,0.12051366,0.0005150157,1
Melanoma - Homo sapiens (human),198,0.12046609,0.0006084146,1
LncRNA involvement in canonical Wnt signaling and colorectal cancer,174,0.12043157,0.0006921355,1
Semaphorin interactions,148,0.12033119,0.00081304857,1
TRAF6 mediated induction of NFkB and MAP kinases upon TLR7/8 or 9 activation,222,0.12032617,0.0005420098,1
IL27-mediated signaling events,151,0.12029352,0.0007966458,1
EML4 and NUDC in mitotic spindle formation,160,0.12007329,0.00075045804,1
Signaling events mediated by Hepatocyte Growth Factor Receptor (c-Met),210,0.119770065,0.0005703336,1
Amino Acid metabolism,183,0.11974872,0.0006543646,1
Signaling by VEGF,205,0.11957627,0.00058329885,1
nfkb activation by nontypeable hemophilus influenzae,117,0.11937812,0.0010203258,1
Inositol phosphate metabolism - Homo sapiens (human),138,0.11931153,0.00086457626,1
Protein-protein interactions at synapses,185,0.11917456,0.0006441868,1
Pancreatic adenocarcinoma pathway,163,0.119064614,0.0007304578,1
Sphingolipid metabolism,186,0.11896965,0.00063962175,1
Homologous DNA Pairing and Strand Exchange,102,0.11882406,0.0011649417,1
TGF-beta receptor signaling in skeletal dysplasias,142,0.11878516,0.0008365152,1
Morphine addiction - Homo sapiens (human),182,0.11868483,0.00065211445,1
Development of pulmonary dendritic cells and macrophage subsets,144,0.11844366,0.0008225254,1
Late Phase of HIV Life Cycle,139,0.11823962,0.0008506447,1
Stimuli-sensing channels,197,0.1180322,0.0005991482,1
Pre-NOTCH Expression and Processing,135,0.11791428,0.00087343913,1
"Transport of bile salts and organic acids, metal ions and amine compounds",170,0.11783733,0.00069316075,1
Pancreatic cancer - Homo sapiens (human),153,0.117787994,0.00076985615,1
Cellular response to starvation,144,0.117640935,0.0008169509,1
Sphingolipid signaling pathway - Homo sapiens (human),203,0.11746747,0.0005786575,1
Neddylation,297,0.117345765,0.0003951036,1
Nifedipine Action Pathway,133,0.11701394,0.000879804,1
Pathways in clear cell renal cell carcinoma,174,0.11677256,0.0006711067,1
Colorectal cancer - Homo sapiens (human),179,0.11669976,0.000651954,1
Phase II - Conjugation of compounds,136,0.11662953,0.0008575701,1
Oxymorphone Action Pathway,66,0.11657367,0.0017662677,1
Pathogenesis of SARS-CoV-2 Mediated by nsp9-nsp10 Complex,107,0.11635107,0.0010873931,1
Presynaptic phase of homologous DNA pairing and strand exchange,100,0.11631876,0.0011631877,1
Aldosterone synthesis and secretion - Homo sapiens (human),140,0.11626587,0.0008304705,1
DDX58/IFIH1-mediated induction of interferon-alpha/beta,140,0.116092466,0.0008292319,1
Keratan sulfate/keratin metabolism,147,0.115958214,0.0007888314,1
FoxO family signaling,152,0.11583027,0.00076204125,1
Cargo recognition for clathrin-mediated endocytosis,151,0.115538016,0.00076515245,1
Signaling by NTRK1 (TRKA),198,0.115405425,0.00058285566,1
Serotonergic synapse - Homo sapiens (human),182,0.115302995,0.00063353294,1
Amplification  of signal from unattached  kinetochores via a MAD2  inhibitory signal,129,0.11517127,0.0008928005,1
SARS-CoV-2 innate immunity evasion and cell-specific immune response,128,0.115167916,0.00089974934,1
superpathway of inositol phosphate compounds,145,0.11511825,0.00079391897,1
Amplification of signal from the kinetochores,129,0.1150913,0.00089218066,1
Ciliopathies,323,0.11505455,0.00035620603,1
Wnt Canonical,217,0.11497453,0.0005298365,1
Labetalol Action Pathway,135,0.11492315,0.00085128256,1
Netrin-UNC5B signaling pathway,186,0.11484737,0.00061745895,1
PTEN Regulation,137,0.11466507,0.00083697133,1
Mexiletine Action Pathway,133,0.11463805,0.00086194027,1
EPO Receptor Signaling,129,0.113987386,0.00088362314,1
"Relationship between inflammation, COX-2 and EGFR",139,0.11393577,0.0008196818,1
mRNA Splicing,165,0.113850966,0.00069000584,1
FOXO-mediated transcription,176,0.113656916,0.0006457779,1
Leukocyte transendothelial migration - Homo sapiens (human),232,0.1129535,0.00048686852,1
Leptin signaling pathway,168,0.11292155,0.0006721521,1
FGF,171,0.112491675,0.00065784605,1
Resolution of Sister Chromatid Cohesion,134,0.11196989,0.0008355962,1
Wnt signaling pathway and pluripotency,208,0.11180247,0.0005375119,1
Signaling events mediated by VEGFR1 and VEGFR2,202,0.11178834,0.00055340765,1
Interactions between immune cells and microRNAs in tumor microenvironment,203,0.111766785,0.0005505753,1
CDC42 signaling events,133,0.111612596,0.0008391924,1
Cell cycle,153,0.11142908,0.00072829466,1
mRNA Splicing - Major Pathway,161,0.111253195,0.00069101364,1
Oxprenolol Action Pathway,133,0.11095019,0.00083421194,1
inactivation of gsk3 by akt causes accumulation of b-catenin in alveolar macrophages,127,0.110509396,0.0008701527,1
HIV-1 Nef: Negative effector of Fas and TNF-alpha,135,0.110444725,0.0008181091,1
Voltage gated Potassium channels,188,0.11035692,0.0005870049,1
RANKL-RANK signaling pathway,210,0.11020514,0.0005247864,1
Metoprolol Action Pathway,133,0.110195525,0.0008285378,1
Fibroblast growth factor-1,149,0.10985252,0.0007372653,1
Regulation of TP53 Expression and Degradation,122,0.10983258,0.00090026704,1
Cargo trafficking to the periciliary membrane,93,0.10975237,0.0011801331,1
Netrin-1 signaling,142,0.10971475,0.00077263906,1
Dopaminergic synapse - Homo sapiens (human),186,0.10970081,0.0005897893,1
Resolution of D-loop Structures through Synthesis-Dependent Strand Annealing (SDSA),90,0.10958921,0.0012176579,1
AMPK signaling pathway - Homo sapiens (human),169,0.109140344,0.00064580084,1
Insulin signaling pathway - Homo sapiens (human),177,0.10906068,0.000616162,1
signal transduction through il1r,146,0.10902515,0.0007467476,1
Circadian entrainment - Homo sapiens (human),153,0.10870017,0.0007104586,1
Resolution of D-Loop Structures,90,0.1085407,0.0012060078,1
HIV Life Cycle,145,0.10850994,0.0007483444,1
TNF-alpha signaling pathway,224,0.108434565,0.00048408288,1
Nisoldipine Action Pathway,133,0.10831338,0.00081438635,1
Nadolol Action Pathway,133,0.108214535,0.0008136431,1
HDR through Homologous Recombination (HRR),109,0.10820516,0.0009927079,1
Selenoamino acid metabolism,151,0.108061515,0.00071563915,1
Epithelial cell signaling in Helicobacter pylori infection - Homo sapiens (human),175,0.10798763,0.00061707216,1
Carvedilol Action Pathway,135,0.10797513,0.0007998158,1
Legionellosis - Homo sapiens (human),139,0.10784616,0.0007758717,1
RAC2 GTPase cycle,159,0.10778804,0.0006779122,1
Sulfur amino acid metabolism,112,0.10732364,0.00095824676,1
Effects of PIP2 hydrolysis,188,0.10729435,0.00057071465,1
FGF signaling pathway,139,0.10703382,0.00077002746,1
Formation of the cornified envelope,110,0.10688181,0.00097165286,1
il12 and stat4 dependent signaling pathway in th1 development,104,0.10675518,0.0010264921,1
GABAergic synapse - Homo sapiens (human),148,0.10669845,0.0007209355,1
Vitamin B12 metabolism,138,0.10641897,0.0007711519,1
RUNX1 and FOXP3 control the development of regulatory T lymphocytes (Tregs),141,0.10641249,0.0007546985,1
Bile secretion - Homo sapiens (human),160,0.1063688,0.000664805,1
IRS-related events triggered by IGF1R,119,0.10626389,0.00089297385,1
Mitotic G1 phase and G1/S transition,122,0.10611639,0.0008698065,1
Beta-catenin independent WNT signaling,157,0.10602114,0.0006752939,1
Endocrine and other factor-regulated calcium reabsorption - Homo sapiens (human),56,0.1057691,0.0018887339,1
Oxidative phosphorylation - Homo sapiens (human),129,0.10542741,0.0008172667,1
Nitrendipine Action Pathway,133,0.105339564,0.0007920268,1
L1CAM interactions,146,0.10526707,0.00072100735,1
Alcoholism - Homo sapiens (human),202,0.105205834,0.00052082096,1
Primary immunodeficiency - Homo sapiens (human),148,0.105082184,0.0007100148,1
Notch-mediated HES/HEY network,133,0.10467584,0.0007870364,1
Glioma - Homo sapiens (human),166,0.10442403,0.00062906044,1
Nimodipine Action Pathway,133,0.10417957,0.00078330503,1
Propranolol Action Pathway,133,0.104018606,0.0007820948,1
Sotalol Action Pathway,133,0.104010634,0.0007820348,1
Glycosaminoglycan biosynthesis - keratan sulfate - Homo sapiens (human),116,0.10384883,0.00089524855,1
RIG-I-like receptor signaling pathway - Homo sapiens (human),165,0.10382822,0.00062926195,1
Resolution of D-loop Structures through Holliday Junction Intermediates,88,0.10378493,0.0011793743,1
IL-1 JNK,148,0.103697136,0.0007006563,1
Pindolol Action Pathway,133,0.10334716,0.0007770463,1
"Urea cycle and metabolism of arginine, proline, glutamate, aspartate and asparagine",125,0.103005864,0.0008240469,1
ras-independent pathway in nk cell-mediated cytotoxicity,146,0.102689296,0.00070335134,1
Ubiquitin mediated proteolysis - Homo sapiens (human),232,0.102632135,0.00044237988,1
Eicosanoid ligand-binding receptors,118,0.102630936,0.0008697537,1
RalA downstream regulated genes,87,0.102605104,0.001179369,1
Non-small cell lung cancer,138,0.10254985,0.00074311486,1
Regulation of nuclear beta catenin signaling and target gene transcription,169,0.10240559,0.00060595025,1
Inositol phosphate metabolism,174,0.102344826,0.00058818865,1
Mammary gland development pathway - Pregnancy and lactation (Stage 3 of 4),92,0.102333255,0.001112318,1
Hypertrophic cardiomyopathy - Homo sapiens (human),142,0.10229206,0.0007203666,1
Control of immune tolerance by vasoactive intestinal peptide,183,0.10222228,0.0005585917,1
Interleukin-12 family signaling,103,0.102217555,0.0009924035,1
GnRH signaling pathway - Homo sapiens (human),127,0.102191165,0.00080465485,1
Timolol Action Pathway,133,0.102026746,0.0007671184,1
Quinethazone Action Pathway,73,0.10200352,0.0013973085,1
IL-1 NFkB,198,0.10188427,0.000514567,1
African trypanosomiasis - Homo sapiens (human),153,0.10172767,0.0006648867,1
Phase I - Functionalization of compounds,105,0.101669945,0.0009682852,1
VEGFA-VEGFR2 Pathway,183,0.10166624,0.00055555324,1
ion channels and their functional role in vascular endothelium,175,0.10156877,0.000580393,1
Ceramide signaling pathway,118,0.10140592,0.0008593722,1
TCR signaling in naïve CD8+ T cells,297,0.10133363,0.0003411907,1
Complement system,172,0.101295695,0.00058892847,1
Cellular response to heat stress,105,0.101244256,0.00096423103,1
p38 MAPK Signaling Pathway,92,0.10115556,0.0010995169,1
IL-2 signaling pathway,160,0.100920476,0.000630753,1
Dobutamine Action Pathway,133,0.10086528,0.0007583856,1
Phenytoin (Antiarrhythmic) Action Pathway,153,0.10060194,0.00065752905,1
Fc epsilon RI signaling pathway - Homo sapiens (human),200,0.100420244,0.0005021012,1
no2-dependent il-12 pathway in nk cells,122,0.10018922,0.0008212231,1
Penbutolol Action Pathway,133,0.10014024,0.0007529341,1
SRP-dependent cotranslational protein targeting to membrane,127,0.1001261,0.00078839454,1
Oncostatin_M,135,0.10003539,0.0007410029,1
Basal cell carcinoma - Homo sapiens (human),134,0.09993858,0.0007458103,1
activation of csk by camp-dependent protein kinase inhibits signaling through the t cell receptor,150,0.09991385,0.0006660923,1
Prostanoid ligand receptors,114,0.09987111,0.0008760623,1
Isradipine Action Pathway,133,0.099858575,0.00075081637,1
Signaling by TGFB family members,141,0.09976278,0.00070753746,1
Insulin receptor signalling cascade,153,0.09942322,0.000649825,1
Disopyramide Action Pathway,133,0.09938617,0.0007472644,1
Regulation of IFNG signaling,164,0.0993117,0.00060555915,1
Ribosome biogenesis in eukaryotes - Homo sapiens (human),125,0.098988734,0.0007919099,1
NOTCH3 Intracellular Domain Regulates Transcription,72,0.0989723,0.0013746152,1
IL-7 signaling pathway,132,0.09867204,0.00074751547,1
mBDNF and proBDNF regulation of GABA neurotransmission,121,0.098558165,0.0008145303,1
GABA receptor activation,127,0.09849472,0.000775549,1
Glioblastoma signaling pathways,152,0.09848308,0.000647915,1
cd40l signaling pathway,115,0.09843497,0.0008559563,1
Downstream signaling events of B Cell Receptor (BCR),173,0.09821941,0.0005677423,1
Bevantolol Action Pathway,133,0.0980058,0.0007368857,1
Phosphodiesterases in neuronal function,115,0.09790526,0.00085135014,1
Cortisol synthesis and secretion - Homo sapiens (human),116,0.097863704,0.00084365264,1
Complement and coagulation cascades - Homo sapiens (human),124,0.09769418,0.0007878563,1
Diltiazem Action Pathway,133,0.0976452,0.00073417445,1
PKC-gamma calcium signaling pathway in ataxia,86,0.09751239,0.001133865,1
Signaling events mediated by HDAC Class I,128,0.0974798,0.0007615609,1
Ephrin B reverse signaling,119,0.09721893,0.0008169658,1
Esmolol Action Pathway,133,0.09664313,0.00072664005,1
IL1 and megakaryocytes in obesity,135,0.09653396,0.0007150664,1
Homologous recombination - Homo sapiens (human),78,0.09629367,0.0012345343,1
Salivary secretion - Homo sapiens (human),148,0.096282,0.000650554,1
Integration of energy metabolism,151,0.09627491,0.0006375822,1
Transcriptional regulation by RUNX3,130,0.09625267,0.0007404052,1
Muscle/Heart Contraction,133,0.096194476,0.00072326674,1
Ghrelin,139,0.09613276,0.0006916026,1
Non-small cell lung cancer - Homo sapiens (human),137,0.09611911,0.00070159935,1
Canonical NF-kappaB pathway,127,0.09609662,0.0007566663,1
tRNA processing,148,0.095936924,0.00064822246,1
Amiodarone Action Pathway,133,0.0959198,0.00072120153,1
Transcriptional Regulation by MECP2,176,0.09587767,0.0005447595,1
Aryl Hydrocarbon Receptor Pathway,115,0.09584203,0.00083340897,1
Purine metabolism - Homo sapiens (human),152,0.0958399,0.0006305257,1
Interleukin receptor SHC signaling,139,0.095824845,0.0006893874,1
Aryl Hydrocarbon Receptor Netpath,116,0.0957276,0.00082523795,1
Isoprenaline Action Pathway,133,0.09544014,0.00071759504,1
Golgi-to-ER retrograde transport,130,0.09527003,0.0007328464,1
Lidocaine (Antiarrhythmic) Action Pathway,136,0.09488463,0.0006976811,1
Fatty acid metabolism,161,0.0948145,0.00058890996,1
Overview of interferons-mediated signaling pathway,95,0.09463095,0.0009961153,1
G2/M Checkpoints,104,0.09457699,0.0009093942,1
Glycerophospholipid metabolism - Homo sapiens (human),124,0.09444578,0.0007616595,1
Thyroid hormones production and their peripheral downstream signaling effects,127,0.0943369,0.0007428102,1
CD40/CD40L signaling,145,0.093980186,0.0006481392,1
ErbB4 signaling events,119,0.093959294,0.0007895739,1
RHOB GTPase cycle,134,0.09385988,0.0007004469,1
T-Cell Receptor and Co-stimulatory Signaling,220,0.09371042,0.00042595647,1
BDNF,138,0.09361984,0.00067840464,1
Alpha6Beta4Integrin,128,0.093477145,0.0007302902,1
Polythiazide Action Pathway,73,0.09341421,0.0012796468,1
Levobunolol Action Pathway,133,0.09333888,0.0007017961,1
Thermogenesis,147,0.093285844,0.00063459756,1
Endometrial cancer,145,0.09316808,0.0006425385,1
"Glycine, serine, alanine and threonine metabolism",95,0.093102865,0.0009800302,1
TNF receptor superfamily (TNFSF) members mediating non-canonical NF-kB pathway,70,0.09309346,0.0013299066,1
ncRNAs involved in Wnt signaling in hepatocellular carcinoma,148,0.09297754,0.0006282266,1
tRNA processing in the nucleus,103,0.09294933,0.00090242067,1
Ether lipid metabolism - Homo sapiens (human),67,0.09285495,0.0013858947,1
Glycosphingolipid metabolism,168,0.09260886,0.0005512432,1
Validated transcriptional targets of TAp63 isoforms,112,0.09258644,0.0008266647,1
Practolol Action Pathway,133,0.0924467,0.00069508795,1
Fibrin Complement Receptor 3 Signaling Pathway,119,0.09235794,0.00077611714,1
Chloroprocaine Action Pathway,66,0.0923011,0.0013985016,1
Bupranolol Action Pathway,133,0.092276156,0.0006938057,1
Atenolol Action Pathway,133,0.092253454,0.00069363497,1
Opioid Signalling,132,0.09225154,0.0006988753,1
Parasite infection,142,0.09224295,0.00064959825,1
p73 transcription factor network,115,0.09211639,0.0008010121,1
Sensory processing of sound by inner hair cells of the cochlea,97,0.09176225,0.0009460026,1
Cancer immunotherapy by PD-1 blockade,94,0.0916272,0.0009747575,1
Procainamide (Antiarrhythmic) Action Pathway,133,0.09162677,0.0006889231,1
Carteolol Action Pathway,133,0.091586046,0.0006886169,1
Visual phototransduction,131,0.09147506,0.0006982829,1
Notch signaling pathway - Homo sapiens (human),122,0.09142818,0.00074941135,1
Verapamil Action Pathway,133,0.091399126,0.00068721146,1
Acute myeloid leukemia - Homo sapiens (human),127,0.091353066,0.0007193155,1
Cellular response to chemical stress,122,0.091264546,0.0007480701,1
N-Glycan biosynthesis,64,0.091128066,0.001423876,1
Transcriptional regulation by the AP-2 (TFAP2) family of transcription factors,90,0.09104437,0.0010116041,1
Interleukin-6 family signaling,69,0.09078088,0.0013156648,1
Regulation of TP53 Activity through Phosphorylation,89,0.090712324,0.0010192395,1
Osteopontin-mediated events,120,0.09049438,0.0007541198,1
TNF related weak inducer of apoptosis (TWEAK) Signaling Pathway,147,0.09033922,0.0006145525,1
Acebutolol Action Pathway,133,0.090279385,0.00067879236,1
Signaling by FGFR1,125,0.090193234,0.0007215459,1
Arf6 trafficking events,98,0.09016855,0.0009200873,1
Immune response to tuberculosis,146,0.09011812,0.00061724737,1
Bisoprolol Action Pathway,133,0.09007618,0.00067726447,1
Hepatitis C and Hepatocellular Carcinoma,143,0.08991363,0.00062876666,1
Transcriptional regulation of white adipocyte differentiation,112,0.08977873,0.0008015958,1
Presenilin action in Notch and Wnt signaling,145,0.089622274,0.0006180846,1
nf-kb signaling pathway,133,0.08957004,0.0006734589,1
IL17 signaling pathway,119,0.089400604,0.00075126556,1
3-Methylglutaconic Aciduria Type I,66,0.08928495,0.0013528023,1
White fat cell differentiation,137,0.08921329,0.0006511919,1
Neurotransmitter release cycle,99,0.08917572,0.0009007649,1
Pathways affected in adenoid cystic carcinoma,138,0.08867359,0.0006425623,1
eicosanoid metabolism,120,0.08866661,0.0007388884,1
Angiopoietin receptor Tie2-mediated signaling,148,0.08862346,0.0005988071,1
Cytoplasmic Ribosomal Proteins,89,0.08845231,0.0009938462,1
Degradation of cysteine and homocysteine,80,0.08809336,0.001101167,1
Fc-epsilon receptor I signaling in mast cells,155,0.08781859,0.00056657154,1
Arginine Proline metabolism,122,0.087773964,0.00071945874,1
Signaling by Hedgehog,124,0.08772079,0.0007074257,1
Sphingolipid metabolism - Homo sapiens (human),107,0.08770076,0.0008196333,1
EGF-Ncore,143,0.08756928,0.0006123726,1
Interferon type I signaling pathways,176,0.087552786,0.000497459,1
Aquaporin-mediated transport,72,0.08744073,0.0012144545,1
Fcgamma receptor (FCGR) dependent phagocytosis,157,0.087393016,0.0005566434,1
Peptide chain elongation,95,0.08728584,0.0009187983,1
Endochondral Ossification,140,0.087204,0.0006228857,1
Felodipine Action Pathway,133,0.08701489,0.0006542473,1
Linoleate metabolism,119,0.086743966,0.0007289409,1
Validated targets of C-MYC transcriptional activation,126,0.08673212,0.0006883502,1
FLT3 Signaling,125,0.08666913,0.00069335307,1
Pre-NOTCH Transcription and Translation,105,0.08663787,0.0008251226,1
Protein localization,139,0.086534284,0.0006225488,1
FCGR3A-mediated IL10 synthesis,164,0.08647664,0.00052729656,1
Ribosome - Homo sapiens (human),105,0.08638018,0.00082266843,1
Splicing factor NOVA regulated synaptic proteins,108,0.0862046,0.00079819077,1
Mitophagy - animal - Homo sapiens (human),96,0.08620386,0.00089795684,1
Alpha9 beta1 integrin signaling events,101,0.086038925,0.0008518705,1
Glutaminolysis and Cancer,100,0.08590379,0.0008590379,1
Central carbon metabolism in cancer - Homo sapiens (human),121,0.08589451,0.000709872,1
Integrins in angiogenesis,113,0.08578631,0.0007591709,1
"Respiratory electron transport, ATP synthesis by chemiosmotic coupling, and heat production by uncoupling proteins.",93,0.085734844,0.00092188007,1
Sensory processing of sound,108,0.08546885,0.00079137826,1
Metipranolol Action Pathway,133,0.08519762,0.00064058363,1
Notch signaling pathway,112,0.08511301,0.0007599376,1
Renal cell carcinoma - Homo sapiens (human),173,0.08509936,0.0004919038,1
Differentiation Pathway,112,0.08504088,0.0007592936,1
Regulation of TP53 Expression,90,0.08499466,0.0009443851,1
Arachidonic acid metabolism,151,0.08498242,0.0005627975,1
22q11.2 copy number variation syndrome,152,0.08490397,0.00055857876,1
Glycerophospholipid biosynthesis,139,0.084877215,0.00061062747,1
Rab regulation of trafficking,109,0.08467714,0.00077685446,1
EPHA forward signaling,147,0.0845844,0.0005754041,1
FCGR3A-mediated phagocytosis,142,0.084507555,0.0005951236,1
Fosphenytoin (Antiarrhythmic) Action Pathway,133,0.08446607,0.00063508324,1
Endometrial cancer - Homo sapiens (human),125,0.08440191,0.0006752153,1
Synaptic vesicle cycle - Homo sapiens (human),149,0.08438997,0.0005663756,1
mRNA Processing,115,0.08428757,0.0007329354,1
COVID-19 adverse outcome pathway,116,0.08425869,0.00072636805,1
IL3,163,0.084258385,0.0005169226,1
TNF,151,0.08418643,0.000557526,1
Beta1 integrin cell surface interactions,130,0.08418095,0.0006475458,1
Flecainide Action Pathway,133,0.08416783,0.00063284085,1
Class B/2 (Secretin family receptors),128,0.0840565,0.0006566914,1
PRC2 methylates histones and DNA,97,0.08404724,0.00086646643,1
FOXP3 in COVID-19,101,0.08395748,0.00083126215,1
Cytosolic DNA-sensing pathway - Homo sapiens (human),104,0.08387357,0.00080647663,1
Thyroid hormone synthesis - Homo sapiens (human),109,0.08385954,0.0007693536,1
VEGF signaling pathway - Homo sapiens (human),125,0.08380685,0.0006704548,1
Degradation of the extracellular matrix,153,0.08364558,0.0005467032,1
Cyclin D associated events in G1,78,0.08345676,0.0010699584,1
Collagen formation,136,0.08345089,0.0006136095,1
Glucose metabolism,133,0.08335524,0.00062673114,1
Interleukin-11 Signaling Pathway,116,0.083269745,0.0007178426,1
E2F transcription factor network,67,0.08316451,0.0012412614,1
MicroRNAs in cardiomyocyte hypertrophy,133,0.083148316,0.0006251753,1
Post-translational modification: synthesis of GPI-anchored proteins,120,0.0831449,0.0006928742,1
Tocainide Action Pathway,133,0.082845405,0.00062289776,1
IL6-mediated signaling events,106,0.08269642,0.00078015495,1
Potential therapeutics for SARS,111,0.082658656,0.00074467255,1
HIF-2-alpha transcription factor network,96,0.082647435,0.0008609108,1
1D-<i>myo</i>-inositol hexakisphosphate biosynthesis II (mammalian),74,0.08258359,0.0011159945,1
Neuroinflammation,107,0.082514524,0.0007711638,1
Activation of NMDA receptors and postsynaptic events,118,0.08249108,0.0006990769,1
Endochondral Ossification with Skeletal Dysplasias,140,0.08238545,0.0005884675,1
Sufentanil Action Pathway,66,0.08230263,0.0012470095,1
Development of ureteric collection system,117,0.082217194,0.00070271106,1
Regulation of insulin secretion,121,0.08216311,0.000679034,1
Amlodipine Action Pathway,133,0.08192851,0.0006160038,1
Insulin secretion - Homo sapiens (human),137,0.08159959,0.00059561746,1
Taurine and Hypotaurine Metabolism,70,0.081474304,0.0011639186,1
Signaling by Non-Receptor Tyrosine Kinases,149,0.08131767,0.0005457562,1
Validated nuclear estrogen receptor alpha network,92,0.08116973,0.0008822797,1
Signaling by ERBB4,137,0.0807643,0.00058952044,1
TGF-beta super family signaling pathway canonical,187,0.08061875,0.0004311163,1
Glycosphingolipid biosynthesis - lacto and neolacto series - Homo sapiens (human),103,0.08059378,0.0007824639,1
Taste transduction - Homo sapiens (human),147,0.080546156,0.00054793304,1
Arbutamine Action Pathway,133,0.08039431,0.0006044685,1
Interleukin-17 signaling,160,0.08038063,0.00050237897,1
miRNAs involvement in the immune response in sepsis,147,0.08017101,0.00054538104,1
Oncogenic MAPK signaling,109,0.08013242,0.0007351598,1
Macroautophagy,152,0.080084465,0.0005268715,1
Quinidine Action Pathway,133,0.080024384,0.0006016871,1
Signaling by PDGF,123,0.0800056,0.00065045204,1
Signal transduction through IL1R,124,0.080000296,0.0006451637,1
ceramide signaling pathway,98,0.07991796,0.0008154894,1
RMTs methylate histone arginines,95,0.07990293,0.00084108347,1
TSLP,105,0.0797643,0.00075966,1
Signaling events regulated by Ret tyrosine kinase,117,0.079520404,0.0006796616,1
IGF1R signaling cascade,119,0.07946208,0.00066774857,1
Regulation of nuclear SMAD2/3 signaling,131,0.079296865,0.00060531957,1
Gene Silencing by RNA,103,0.079256766,0.00076948316,1
Signaling by Type 1 Insulin-like Growth Factor 1 Receptor (IGF1R),119,0.079042725,0.00066422456,1
the 41bb-dependent immune response,98,0.078995004,0.00080607145,1
Coregulation of Androgen receptor activity,125,0.078929596,0.00063143676,1
p75 NTR receptor-mediated signalling,131,0.07886449,0.000602019,1
Transcriptional regulation of pluripotent stem cells,134,0.0788214,0.0005882194,1
Sensory processing of sound by outer hair cells of the cochlea,92,0.07873576,0.0008558235,1
Small Ligand GPCRs,131,0.07858924,0.00059991784,1
Purine nucleotides nucleosides metabolism,134,0.07848055,0.00058567576,1
RAGE,101,0.078404404,0.00077628123,1
Epinephrine Action Pathway,133,0.07812507,0.0005874065,1
"Signaling by phosphorylated juxtamembrane, extracellular and kinase domain KIT mutants",109,0.07808052,0.000716335,1
Interactome of polycomb repressive complex 2 (PRC2),62,0.07800843,0.0012582005,1
Glycolysis and Gluconeogenesis,156,0.07789821,0.0004993475,1
Host-pathogen interaction of human coronaviruses - interferon induction,121,0.07784294,0.0006433301,1
IL-5 signaling pathway,134,0.07781665,0.00058072124,1
Butyrate Response Factor 1 (BRF1) binds and destabilizes mRNA,98,0.077645555,0.0007923016,1
Monoamine GPCRs,115,0.07762715,0.0006750187,1
toll-like receptor pathway,129,0.07759706,0.0006015276,1
Imatinib and Chronic Myeloid Leukemia,95,0.07752367,0.00081603864,1
NOTCH1 Intracellular Domain Regulates Transcription,109,0.07738862,0.00070998736,1
Eukaryotic Translation Initiation,115,0.07735843,0.000672682,1
"superpathway of D-<i>myo</i>-inositol (1,4,5)-trisphosphate metabolism",82,0.07731745,0.0009428957,1
Ibutilide Action Pathway,133,0.07728371,0.0005810805,1
"Alzheimer,s disease",131,0.07726139,0.0005897816,1
DAP12 signaling,128,0.0772093,0.00060319767,1
Serotonin and anxiety,75,0.07718897,0.0010291863,1
Signaling by NOTCH1,136,0.077153474,0.00056730496,1
Estrogen-dependent gene expression,155,0.07713429,0.0004976406,1
Warburg Effect,97,0.07711106,0.0007949594,1
Ferroptosis - Homo sapiens (human),100,0.077079386,0.0007707939,1
ErbB signaling pathway,158,0.07696281,0.00048710636,1
Canonical and non-canonical Notch signaling,90,0.07692148,0.0008546831,1
Interleukin-23 signaling,65,0.07677529,0.0011811584,1
Circadian Clock,76,0.07656879,0.001007484,1
Longevity regulating pathway - multiple species - Homo sapiens (human),127,0.07645216,0.0006019855,1
Signaling by KIT in disease,109,0.076124705,0.0006983918,1
GPVI-mediated activation cascade,134,0.07606494,0.0005676488,1
Regulation of signaling by CBL,73,0.07606189,0.0010419437,1
"D-<i>myo</i>-inositol (1,3,4)-trisphosphate biosynthesis",80,0.076056845,0.00095071056,1
Signaling events mediated by TCPTP,123,0.07597238,0.00061766163,1
Cocaine addiction - Homo sapiens (human),90,0.07595285,0.00084392057,1
CRH,88,0.07595003,0.0008630685,1
"Plasma lipoprotein assembly, remodeling, and clearance",96,0.075949274,0.00079113827,1
The oncogenic action of D-2-hydroxyglutarate in  Hydroxygluaricaciduria ,77,0.07584767,0.0009850346,1
Integrin cell surface interactions,144,0.07581409,0.0005264867,1
ROS and RNS production in phagocytes,114,0.07577768,0.00066471647,1
Integrin-linked kinase signaling,106,0.07559011,0.0007131143,1
Cholesterol metabolism - Homo sapiens (human),88,0.07558356,0.0008589041,1
Signaling by Retinoic Acid,131,0.075514704,0.0005764481,1
p53 signaling pathway - Homo sapiens (human),133,0.07524449,0.000565748,1
RHO GTPases activate PKNs,73,0.07519337,0.0010300461,1
MAP kinase activation,160,0.07509544,0.00046934647,1
Formation of the beta-catenin:TCF transactivating complex,70,0.074997485,0.0010713927,1
The Overlap Between Signal Transduction Pathways that Contribute to a Range of LMNA Laminopathies,97,0.07486275,0.0007717809,1
EPHB-mediated forward signaling,116,0.07485709,0.00064531976,1
Netrin-mediated signaling events,105,0.074804194,0.0007124209,1
Ovarian steroidogenesis - Homo sapiens (human),77,0.07478961,0.00097129366,1
Class I PI3K signaling events,154,0.07453613,0.00048400083,1
Signaling by ERBB2,119,0.07447873,0.0006258717,1
Serotonin and anxiety-related events,75,0.07443094,0.0009924126,1
Spliceosome - Homo sapiens (human),121,0.074256785,0.00061369245,1
EPO signaling pathway,112,0.07404786,0.00066114165,1
Caspase Cascade in Apoptosis,106,0.07402044,0.000698306,1
Photodynamic therapy-induced HIF-1 survival signaling,92,0.07392178,0.00080349756,1
Genes controlling nephrogenesis,145,0.073871575,0.0005094591,1
Bacterial invasion of epithelial cells - Homo sapiens (human),114,0.07383778,0.0006476998,1
COPI-dependent Golgi-to-ER retrograde traffic,99,0.07368577,0.0007443007,1
Lysine degradation - Homo sapiens (human),102,0.07342059,0.00071980973,1
Thyroid cancer - Homo sapiens (human),101,0.073258564,0.0007253323,1
Role of Calcineurin-dependent NFAT signaling in lymphocytes,123,0.073167905,0.000594861,1
FOXA1 transcription factor network,85,0.073149264,0.0008605796,1
Retinol metabolism - Homo sapiens (human),100,0.07307603,0.00073076034,1
Signaling by PTK6,149,0.07302665,0.00049011176,1
RHOQ GTPase cycle,116,0.072842635,0.00062795373,1
Phase 4 - resting membrane potential,84,0.07272345,0.0008657553,1
Signaling by RAS mutants,81,0.07263988,0.00089678867,1
Taurine and hypotaurine metabolism - Homo sapiens (human),79,0.07239667,0.0009164136,1
Oxidative Damage,76,0.07234579,0.0009519183,1
Post NMDA receptor activation events,100,0.07233236,0.0007233236,1
role of egf receptor transactivation by gpcrs in cardiac hypertrophy,92,0.07227038,0.0007855476,1
Bopindolol Action Pathway,133,0.07221489,0.0005429691,1
RHOD GTPase cycle,113,0.07197089,0.0006369105,1
Metabolism of steroids,139,0.07190252,0.0005172843,1
Resistin as a regulator of inflammation,92,0.07184994,0.00078097766,1
RNA Polymerase II Pre-transcription Events,68,0.071837395,0.0010564323,1
ifn gamma signaling pathway,67,0.07169265,0.0010700396,1
RHOC GTPase cycle,131,0.07165957,0.00054701965,1
Leptin Insulin Overlap,91,0.071645506,0.00078731327,1
Reproduction,65,0.07157412,0.0011011403,1
Signaling by CSF3 (G-CSF),130,0.07144171,0.0005495516,1
Thyroid stimulating hormone (TSH) signaling pathway,112,0.07141497,0.00063763367,1
Notch Signaling,93,0.07125434,0.00076617574,1
Neurotrophic factor-mediated Trk receptor signaling,118,0.07120338,0.0006034185,1
Histidine metabolism,90,0.07116634,0.00079073705,1
Leishmania phagocytosis,142,0.07115502,0.0005010917,1
VxPx cargo-targeting to cilium,60,0.071086824,0.0011847804,1
roles of  arrestin dependent recruitment of src kinases in gpcr signaling,100,0.071066625,0.00071066624,1
Signaling by NOTCH4,76,0.071055576,0.0009349418,1
bone remodeling,82,0.071009144,0.00086596515,1
Neurodegeneration with brain iron accumulation (NBIA) subtypes pathway,108,0.07095649,0.00065700454,1
ER to Golgi Anterograde Transport,114,0.07091756,0.0006220839,1
ECM-receptor interaction - Homo sapiens (human),120,0.07089546,0.00059079553,1
Extra-nuclear estrogen signaling,94,0.07087041,0.0007539405,1
Ovarian tumor domain proteases,106,0.07077181,0.00066765863,1
Prion disease pathway,126,0.07075161,0.0005615207,1
Amine ligand-binding receptors,120,0.07059546,0.00058829546,1
BDNF-TrkB Signaling,106,0.070448324,0.0006646068,1
MECP2 and Associated Rett Syndrome,125,0.07040501,0.00056324,1
Electron Transport Chain (OXPHOS system in mitochondria),80,0.07022177,0.0008777721,1
Genes related to primary cilium development (based on CRISPR),171,0.070191115,0.00041047437,1
Transcriptional regulation by RUNX2,141,0.07014831,0.00049750577,1
PI3K-AKT-mTOR signaling pathway and therapeutic opportunities,89,0.070143975,0.0007881346,1
Heparan sulfate/heparin (HS-GAG) metabolism,128,0.070013136,0.0005469776,1
G2/M DNA damage checkpoint,86,0.06999619,0.0008139092,1
The oncogenic action of Succinate,80,0.06997793,0.0008747241,1
Long-term potentiation - Homo sapiens (human),105,0.069814384,0.0006648989,1
Inactivation of CSF3 (G-CSF) signaling,118,0.069806606,0.0005915814,1
trefoil factors initiate mucosal healing,85,0.069775715,0.00082089077,1
RHOG GTPase cycle,123,0.06975402,0.00056710583,1
Antigen activates B Cell Receptor (BCR) leading to generation of second messengers,107,0.06970029,0.0006514046,1
The oncogenic action of 2-hydroxyglutarate,76,0.069652826,0.00091648457,1
TAK1 activates NFkB by phosphorylation and activation of IKKs complex,106,0.06959992,0.000656603,1
influence of ras and rho proteins on g1 to s transition,80,0.06959131,0.00086989143,1
Fc Epsilon Receptor I Signaling in Mast Cells,145,0.06957848,0.00047985162,1
Protein ubiquitination,107,0.06949539,0.0006494896,1
Citric Acid Cycle,73,0.069337815,0.0009498331,1
the information processing pathway at the ifn beta enhancer,116,0.06924084,0.0005969038,1
O-glycosylation of TSR domain-containing proteins,85,0.06921993,0.0008143521,1
Cytochrome P450 - arranged by substrate type,57,0.06910098,0.0012122979,1
Regulation of lipolysis in adipocytes - Homo sapiens (human),95,0.06909944,0.0007273625,1
Selenocysteine synthesis,105,0.0689691,0.0006568486,1
Trichlormethiazide Action Pathway,73,0.068964176,0.00094471476,1
PCP/CE pathway,81,0.068929955,0.0008509871,1
Androgen receptor signaling pathway,138,0.06887036,0.00049906055,1
heparan sulfate biosynthesis (late stages),81,0.06886165,0.0008501438,1
Ferroptosis,95,0.06880673,0.00072428136,1
Type II diabetes mellitus - Homo sapiens (human),98,0.06872419,0.0007012673,1
Cardiac Progenitor Differentiation,101,0.068642125,0.000679625,1
HGF,80,0.06858691,0.00085733633,1
Inositol Metabolism,65,0.06858124,0.0010550959,1
Glucose Transporter Defect (SGLT2),73,0.06856837,0.0009392928,1
Pyrimidine metabolism,125,0.068334706,0.0005466776,1
Ebstein-Barr virus LMP1 signaling,95,0.06824116,0.00071832794,1
RET signaling,88,0.06819843,0.00077498215,1
Platelet calcium homeostasis,107,0.06819526,0.0006373389,1
Nicotine addiction - Homo sapiens (human),89,0.06808052,0.0007649497,1
Posttranslational regulation of adherens junction stability and dissassembly,121,0.06802097,0.0005621568,1
RHOJ GTPase cycle,115,0.067921095,0.00059061823,1
HATs acetylate histones,102,0.06789906,0.0006656771,1
G1 Phase,78,0.06786123,0.00087001576,1
IGF-Ncore,103,0.067837946,0.00065862085,1
Neurexins and neuroligins,130,0.06776427,0.0005212636,1
Kidney Function,73,0.06768123,0.0009271401,1
Hedgehog signaling events mediated by Gli proteins,94,0.06762345,0.00071939843,1
Loss of proteins required for interphase microtubule organization from the centrosome,58,0.06757821,0.0011651416,1
Other semaphorin interactions,76,0.06755278,0.0008888524,1
taurine biosynthesis,69,0.06749659,0.0009782114,1
Fas ligand pathway and stress induction of heat shock proteins,129,0.06746734,0.00052300264,1
Mucin type O-glycan biosynthesis - Homo sapiens (human),71,0.0674458,0.0009499408,1
Recruitment of mitotic centrosome proteins and complexes,79,0.06738587,0.00085298566,1
Glyoxylate metabolism and glycine degradation,97,0.06722322,0.0006930229,1
Selective autophagy,91,0.06706656,0.00073699513,1
Deactivation of the beta-catenin transactivating complex,87,0.06700746,0.0007702007,1
ErbB signaling pathway - Homo sapiens (human),148,0.066916816,0.00045214064,1
Lysinuric Protein Intolerance,73,0.06681583,0.0009152854,1
Heroin Action Pathway,70,0.066717416,0.0009531059,1
Chlorthalidone Action Pathway,73,0.06670386,0.00091375154,1
akt signaling pathway,111,0.06666808,0.0006006133,1
Antimicrobial peptides,83,0.06663853,0.00080287387,1
Regulation of retinoblastoma protein,88,0.06651495,0.0007558517,1
Levorphanol Action Pathway,66,0.066316456,0.0010047947,1
Glutamate Neurotransmitter Release Cycle,62,0.066137254,0.0010667299,1
Mechanoregulation and pathology of YAP-TAZ via Hippo and non-Hippo mechanisms,70,0.06604916,0.0009435594,1
Peroxisome - Homo sapiens (human),110,0.06602826,0.0006002569,1
Intrinsic Pathway for Apoptosis,77,0.06601698,0.0008573634,1
mapkinase signaling pathway,126,0.06597276,0.00052359333,1
Chlorothiazide Action Pathway,73,0.06577511,0.0009010289,1
Interleukin-20 family signaling,84,0.06566837,0.00078176626,1
Recruitment of NuMA to mitotic centrosomes,78,0.0656142,0.0008412077,1
Non-integrin membrane-ECM interactions,116,0.065566905,0.00056523195,1
Glucagon signaling pathway - Homo sapiens (human),99,0.065543644,0.000662057,1
Nalbuphine Action Pathway,74,0.06550909,0.00088525796,1
Respiratory electron transport,83,0.065461524,0.0007886931,1
Trk receptor signaling mediated by PI3K and PLC-gamma,111,0.065417305,0.00058934506,1
Regulation of Androgen receptor activity,99,0.065193415,0.00065851933,1
Long-term depression - Homo sapiens (human),103,0.065135054,0.00063237915,1
Morphine Action Pathway,88,0.06508143,0.00073956174,1
"D-<i>myo</i>-inositol (1,4,5,6)-tetrakisphosphate biosynthesis",51,0.06506103,0.0012757066,1
HCMV Infection,81,0.065010935,0.00080260413,1
Inositol Phosphate Metabolism,61,0.06497607,0.0010651815,1
ECM proteoglycans,76,0.06496154,0.0008547571,1
TNF receptor signaling pathway ,91,0.06494555,0.00071368733,1
L13a-mediated translational silencing of Ceruloplasmin expression,114,0.06491379,0.0005694192,1
Signaling by NOTCH1 in Cancer,93,0.06486501,0.0006974732,1
PI Metabolism,126,0.06479499,0.00051424594,1
Constitutive Signaling by NOTCH1 PEST Domain Mutants,93,0.06472551,0.0006959732,1
Proteasome - Homo sapiens (human),104,0.064584605,0.00062100583,1
Lidocaine (Local Anaesthetic) Action Pathway,69,0.06457893,0.0009359265,1
Glycosphingolipid biosynthesis - neolactoseries,100,0.0645089,0.000645089,1
Mitotic Prophase,134,0.06450838,0.00048140582,1
IFN gamma signaling,70,0.06448983,0.0009212832,1
tnfr2 signaling pathway,82,0.064460434,0.00078610284,1
Oxidative Stress Induced Senescence,108,0.064423025,0.0005965095,1
rac1 cell motility signaling pathway,73,0.06440402,0.0008822468,1
Collagen biosynthesis and modifying enzymes,102,0.064401016,0.0006313825,1
Serotonin Receptor 2 and ELK-SRF-GATA4 signaling,119,0.06435772,0.0005408212,1
Citrate cycle,74,0.06433749,0.0008694256,1
Methionine and cysteine metabolism,118,0.06410974,0.0005433029,1
2-ketoglutarate dehydrogenase complex deficiency,73,0.06410078,0.0008780929,1
Centrosome maturation,79,0.064082175,0.00081116677,1
Wnt,125,0.06404771,0.00051238167,1
Copper homeostasis,72,0.06390553,0.0008875768,1
BMP receptor signaling,89,0.063633405,0.0007149821,1
SUMOylation of transcription cofactors,60,0.06340809,0.0010568015,1
IGF1 pathway,99,0.06336347,0.000640035,1
Histone Modifications,80,0.063280165,0.00079100206,1
Iminoglycinuria,73,0.06326195,0.00086660206,1
bioactive peptide induced signaling pathway,101,0.063249685,0.0006262345,1
Bladder cancer - Homo sapiens (human),81,0.063033596,0.00077819254,1
Cap-dependent Translation Initiation,115,0.06297943,0.00054764724,1
Head and Neck Squamous Cell Carcinoma,139,0.06295047,0.00045288107,1
Oxidation by Cytochrome P450,59,0.0627686,0.0010638746,1
PI3K Cascade,100,0.06259401,0.0006259401,1
Activation of GABAB receptors,83,0.06253832,0.0007534737,1
Diphenoxylate Action Pathway,66,0.06250289,0.0009470135,1
Regulation of HSF1-mediated heat shock response,92,0.06237967,0.0006780399,1
GTP hydrolysis and joining of the 60S ribosomal subunit,109,0.062068526,0.000569436,1
miRNA regulation of DNA damage response,80,0.062000006,0.0007750001,1
IL-7,116,0.06185849,0.00053326285,1
Hedgehog,136,0.061817024,0.00045453693,1
NR1H2 and NR1H3-mediated signaling,71,0.061814517,0.000870627,1
Procaine Action Pathway,66,0.061792787,0.00093625434,1
G-protein mediated events,88,0.061700277,0.0007011395,1
Photodynamic therapy-induced NF-kB survival signaling,99,0.061492708,0.00062113843,1
Transcriptional regulation by small RNAs,78,0.06145775,0.00078791985,1
Activation of NF-kappaB in B cells,100,0.06145284,0.00061452837,1
Levomethadyl Acetate Action Action Pathway,66,0.061438233,0.0009308823,1
Structural Pathway of Interleukin 1 (IL-1),132,0.06138178,0.0004650135,1
Cardiac muscle contraction - Homo sapiens (human),93,0.061324652,0.00065940485,1
Dihydromorphine Action Pathway,66,0.061291814,0.0009286638,1
Association Between Physico-Chemical Features and Toxicity Associated Pathways,99,0.061243538,0.0006186216,1
Hypertrophy Model,67,0.061232086,0.00091391173,1
Blue diaper syndrome,73,0.06117791,0.00083805353,1
Negative regulation of activity of TFAP2 (AP-2) family transcription factors,46,0.061039202,0.0013269392,1
Notch-HLH transcription pathway,76,0.061006635,0.00080271886,1
N-glycan antennae elongation in the medial/trans-Golgi,68,0.060888864,0.00089542445,1
G1 to S cell cycle control,78,0.06073478,0.000778651,1
insulin Mam,94,0.060725372,0.0006460146,1
Cell migration and invasion through p75NTR,104,0.060712457,0.0005837736,1
RHOF GTPase cycle,102,0.060687874,0.00059497915,1
Cystinuria,73,0.060679153,0.0008312213,1
Drug metabolism - cytochrome P450 - Homo sapiens (human),72,0.06067318,0.0008426831,1
Metachromatic Leukodystrophy (MLD),59,0.060619477,0.0010274488,1
JAK-STAT-Ncore,133,0.06061724,0.00045576872,1
Glycolysis,106,0.060605813,0.00057175296,1
Signaling by MET,103,0.06056788,0.00058803766,1
role of nicotinic acetylcholine receptors in the regulation of apoptosis,62,0.06055592,0.0009767084,1
CD28 co-stimulation,161,0.060528085,0.00037595083,1
The influence of laminopathies on Wnt signaling,74,0.060500044,0.00081756816,1
TLR p38,141,0.060490742,0.00042901235,1
heparan sulfate biosynthesis,91,0.06038961,0.00066362205,1
Tryptophan metabolism,88,0.06036684,0.00068598683,1
mTOR signaling pathway,82,0.060366664,0.00073617883,1
Formation of RNA Pol II elongation complex ,56,0.060313415,0.0010770253,1
Initiation of transcription and translation elongation at the HIV-1 LTR,73,0.06030274,0.00082606496,1
E3 ubiquitin ligases ubiquitinate target proteins,66,0.060247827,0.0009128459,1
Pregnane X receptor pathway,68,0.060206346,0.0008853874,1
Hydrocodone Action Pathway,66,0.060159866,0.0009115131,1
Constitutive Signaling by NOTCH1 HD+PEST Domain Mutants,93,0.060038477,0.000645575,1
Signaling by NOTCH1 HD+PEST Domain Mutants in Cancer,93,0.060019247,0.00064536824,1
Validated transcriptional targets of AP1 family members Fra1 and Fra2,83,0.060013987,0.0007230601,1
AMP-activated protein kinase (AMPK) signaling,84,0.059987366,0.0007141353,1
Alvimopan Action Pathway,66,0.059901748,0.00090760225,1
Arginine and proline metabolism - Homo sapiens (human),90,0.05985383,0.00066504255,1
The oncogenic action of L-2-hydroxyglutarate in  Hydroxygluaricaciduria,77,0.059826054,0.00077696174,1
Cocaine Action Pathway,66,0.05974749,0.00090526504,1
p75(NTR)-mediated signaling,73,0.059715923,0.00081802637,1
Glycerolipid metabolism - Homo sapiens (human),101,0.05963264,0.0005904222,1
Stabilization and expansion of the E-cadherin adherens junction,63,0.059602033,0.000946064,1
Regulation of PLK1 Activity at G2/M Transition,68,0.059599053,0.0008764567,1
Integrin signaling,96,0.059536017,0.00062016683,1
Signaling mediated by p38-alpha and p38-beta,92,0.059525587,0.00064701727,1
Ethacrynic Acid Action Pathway,73,0.059516422,0.00081529346,1
One-carbon metabolism and related pathways,103,0.05947047,0.0005773832,1
Arachidonic acid metabolism - Homo sapiens (human),78,0.0594138,0.00076171535,1
SUMOylation of DNA damage response and repair proteins,62,0.059406493,0.0009581692,1
Heart Development,69,0.05933361,0.0008599074,1
DNA damage response,69,0.059301157,0.00085943704,1
Nicotine Action Pathway,77,0.059270572,0.0007697477,1
Loss of Nlp from mitotic centrosomes,58,0.05925111,0.0010215709,1
stathmin and breast cancer resistance to antimicrotubule agents,54,0.059230506,0.0010968612,1
Tandem pore domain potassium channels,58,0.059229795,0.0010212034,1
Regulation of actin dynamics for phagocytic cup formation,126,0.059216555,0.00046997267,1
Spironolactone Action Pathway,73,0.05921142,0.0008111154,1
Methadone Action Pathway,70,0.059097804,0.00084425433,1
Aminosugars metabolism,103,0.05909645,0.000573752,1
Pyrimidine nucleotides nucleosides metabolism,48,0.059058968,0.0012303952,1
Hippo-Yap signaling pathway,51,0.0590546,0.0011579333,1
Synaptic signaling pathways associated with autism spectrum disorder,92,0.059049286,0.00064184004,1
Common Pathways Underlying Drug Addiction,82,0.058994353,0.0007194433,1
Signaling by NOTCH1 PEST Domain Mutants in Cancer,93,0.05887107,0.0006330223,1
Regulation of Microtubule Cytoskeleton,81,0.0587268,0.0007250222,1
insulin,94,0.05867236,0.0006241741,1
Aurora A signaling,91,0.058621414,0.00064419134,1
HCMV Early Events,80,0.05857105,0.00073213817,1
Joubert Syndrome,137,0.058570467,0.00042752165,1
Cyclothiazide Action Pathway,73,0.058504727,0.0008014346,1
Interleukin-2 signaling,81,0.05849075,0.000722108,1
Indapamide Action Pathway,73,0.058481947,0.0008011226,1
IL1-mediated signaling events,99,0.058398865,0.00058988755,1
Isovaleric Aciduria,66,0.058345508,0.00088402285,1
IL5-mediated signaling events,78,0.058328077,0.00074779586,1
erythropoietin mediated neuroprotection through nf-kb,79,0.058307216,0.00073806604,1
Furosemide Action Pathway,73,0.05827116,0.00079823507,1
Oxybuprocaine Action Pathway,66,0.058239356,0.00088241446,1
Extracellular vesicle-mediated signaling in recipient cells,61,0.058185037,0.0009538531,1
Ketobemidone  Action Pathway,66,0.058178697,0.0008814954,1
Metabolic reprogramming in colon cancer,52,0.058154125,0.0011183486,1
Interleukin-4 and Interleukin-13 signaling,106,0.058139246,0.00054848345,1
Signaling downstream of RAS mutants,81,0.058100417,0.0007172891,1
Pathogenic Escherichia coli infection,94,0.058082577,0.00061789976,1
Nectin adhesion pathway,76,0.05804498,0.00076374976,1
Urokinase-type plasminogen activator (uPA) and uPAR-mediated signaling,82,0.058029708,0.00070767937,1
Disruption of postsynaptic signaling by CNV,70,0.057973064,0.00082818663,1
Triamterene Action Pathway,73,0.057929207,0.0007935508,1
AURKA Activation by TPX2,58,0.05791733,0.0009985747,1
"Valine, leucine and isoleucine degradation - Homo sapiens (human)",89,0.057912666,0.00065070414,1
Nuclear Events (kinase and transcription factor activation),113,0.0579093,0.00051247166,1
Response of EIF2AK4 (GCN2) to amino acid deficiency,101,0.05789445,0.0005732124,1
DNA Repair Pathways Full Network,89,0.05788429,0.0006503853,1
Hedgehog signaling pathway - Homo sapiens (human),99,0.05787037,0.0005845492,1
Elevation of cytosolic Ca2+ levels,84,0.057853397,0.0006887309,1
Formation of a pool of free 40S subunits,104,0.05784242,0.0005561771,1
Methyclothiazide Action Pathway,73,0.05783506,0.0007922611,1
chrebp regulation by carbohydrates and camp,93,0.057823107,0.00062175386,1
"Nucleotide-binding domain, leucine rich repeat containing receptor (NLR) signaling pathways",94,0.057691216,0.00061373634,1
TGF-Ncore,81,0.057676494,0.0007120555,1
Peptide hormone metabolism,65,0.057672456,0.0008872686,1
Bendroflumethiazide Action Pathway,73,0.057647686,0.0007896943,1
atm signaling pathway,86,0.057638187,0.00067021145,1
RUNX1 interacts with co-factors whose precise effect on RUNX1 targets is not known,73,0.057636693,0.00078954373,1
Signaling by BRAF and RAF fusions,94,0.057632826,0.00061311515,1
Nanomaterial induced apoptosis,75,0.05762689,0.0007683585,1
p38 MAPK signaling pathway,78,0.05755301,0.00073785905,1
"D-<i>myo</i>-inositol (3,4,5,6)-tetrakisphosphate biosynthesis",51,0.057530396,0.001128047,1
Nitric oxide stimulates guanylate cyclase,62,0.05740009,0.00092580786,1
Proteoglycan biosynthesis,67,0.05739043,0.0008565736,1
segmentation clock,73,0.0573727,0.0007859274,1
Chromosome Maintenance,89,0.057341095,0.000644282,1
Glycine Serine metabolism,78,0.05727034,0.00073423516,1
Glutathione metabolism - Homo sapiens (human),62,0.0572621,0.00092358224,1
RNA Polymerase II Transcription Elongation,56,0.057207614,0.0010215646,1
Amiloride Action Pathway,73,0.057156276,0.00078296266,1
il 2 signaling pathway,89,0.057138253,0.00064200285,1
IL11,55,0.057124462,0.0010386265,1
tpo signaling pathway,58,0.056975797,0.0009823414,1
Citrate cycle (TCA cycle) - Homo sapiens (human),91,0.056905393,0.000625334,1
STING pathway in Kawasaki-like disease and COVID-19,101,0.056885377,0.0005632216,1
Endothelin Pathways,62,0.05686808,0.0009172271,1
Benzocaine Action Pathway,66,0.056795087,0.00086053164,1
ErbB2/ErbB3 signaling events,90,0.05679467,0.0006310519,1
NHR,90,0.056768302,0.00063075894,1
Androgen and estrogen biosynthesis and metabolism,100,0.056695327,0.00056695327,1
"Valine, leucine and isoleucine degradation",92,0.056693137,0.0006162297,1
Anchoring of the basal body to the plasma membrane,70,0.056426704,0.0008060958,1
Synthesis of IPs in the nucleus,54,0.05640816,0.0010445955,1
Metolazone Action Pathway,73,0.056357443,0.0007720198,1
Lysinuric protein intolerance (LPI),73,0.056345426,0.0007718551,1
Nephrotic syndrome,96,0.056342985,0.0005869061,1
Alpha-synuclein signaling,104,0.056319162,0.00054153043,1
Glypican 1 network,131,0.056286074,0.00042966468,1
Ethylmorphine Action Pathway,66,0.056280173,0.0008527299,1
Downstream signal transduction,86,0.056222495,0.0006537499,1
Amphetamine addiction - Homo sapiens (human),95,0.05620859,0.00059166935,1
O-Glycan biosynthesis,62,0.056179326,0.00090611813,1
"1D-<i>myo</i>-inositol hexakisphosphate biosynthesis V (from Ins(1,3,4)P3)",52,0.056139022,0.0010795966,1
Signaling by FGFR2,112,0.05613703,0.0005012235,1
Nuclear signaling by ERBB4,83,0.05613381,0.00067631097,1
Validated transcriptional targets of deltaNp63 isoforms,85,0.056119706,0.00066023186,1
Naloxone Action Pathway,66,0.056025315,0.0008488684,1
Dibucaine Action Pathway,66,0.055929728,0.00084742013,1
Regulation of IFNA signaling,80,0.055928033,0.00069910043,1
Beta2 integrin cell surface interactions,120,0.05591034,0.00046591953,1
Mepivacaine Action Pathway,66,0.055807393,0.00084556657,1
EPHB forward signaling,74,0.05577553,0.0007537234,1
Escitalopram Action Pathway,66,0.05574578,0.00084463303,1
Hydroflumethiazide Action Pathway,73,0.055654034,0.00076238404,1
Synthesis of PIPs at the plasma membrane,109,0.05550642,0.0005092332,1
Integrated breast cancer pathway,101,0.05550486,0.0005495531,1
Signaling by RAF1 mutants,81,0.05547534,0.0006848807,1
FGFR3 signaling in chondrocyte proliferation and terminal differentiation,95,0.055470407,0.00058389903,1
Retinoblastoma gene in cancer,82,0.055423487,0.0006758962,1
Positive epigenetic regulation of rRNA expression,61,0.0553502,0.0009073803,1
Retinoic acid receptors-mediated signaling,64,0.055272706,0.000863636,1
Negative regulators of DDX58/IFIH1 signaling,70,0.05524042,0.00078914885,1
Leukotriene metabolism,82,0.05511614,0.000672148,1
Alfentanil Action Pathway,66,0.05510467,0.0008349192,1
16p11.2 distal deletion syndrome,70,0.05507963,0.00078685186,1
Role of Osx and miRNAs in tooth development,62,0.05502099,0.00088743534,1
CD28 dependent Vav1 pathway,95,0.05500829,0.0005790346,1
Xanthine Dehydrogenase Deficiency (Xanthinuria),38,0.054982916,0.0014469188,1
Mammalian disorder of sexual development,77,0.054974224,0.00071395095,1
Ca2+ pathway,88,0.054968815,0.0006246456,1
Mitophagy,65,0.054948714,0.0008453648,1
Carfentanil Action Pathway,66,0.054839138,0.000830896,1
Microglia Pathogen Phagocytosis Pathway,105,0.05483716,0.0005222587,1
Globoid Cell Leukodystrophy,59,0.05481646,0.0009290925,1
Nonsense Mediated Decay (NMD) enhanced by the Exon Junction Complex (EJC),103,0.054706737,0.0005311334,1
IL-1 p38,152,0.054617938,0.00035932855,1
Platelet Aggregation (Plug Formation),104,0.05458829,0.0005248874,1
"Hedgehog ,on, state",65,0.054587804,0.0008398124,1
Remifentanil Action Pathway,66,0.054496985,0.0008257119,1
Signaling of Hepatocyte Growth Factor Receptor,67,0.054431938,0.00081241695,1
integrin signaling pathway,87,0.05441723,0.0006254854,1
Codeine Action Pathway,68,0.054410953,0.0008001611,1
Methadyl Acetate Action Pathway,66,0.054348927,0.0008234686,1
FOXO-mediated transcription of cell cycle genes,57,0.054303825,0.0009526987,1
Proparacaine Action Pathway,66,0.054292113,0.0008226078,1
PI3K-AKT-mTOR - VitD3 signaling,61,0.054272287,0.0008897096,1
Plasma membrane estrogen receptor signaling,69,0.05418922,0.00078535103,1
superpathway of conversion of glucose to acetyl CoA and entry into the TCA cycle,92,0.05411753,0.00058823405,1
N-Glycan biosynthesis - Homo sapiens (human),64,0.054109942,0.00084546785,1
Intracellular Signalling Through Adenosine Receptor A2b and Adenosine,82,0.05410788,0.0006598522,1
Chondroitin sulfate/dermatan sulfate metabolism,84,0.05408095,0.0006438208,1
Dectin-2 family,93,0.05404518,0.00058113097,1
Nuclear Envelope Breakdown,84,0.05401158,0.000642995,1
Dimethylthiambutene Action Pathway,66,0.053973846,0.00081778556,1
Atypical NF-kappaB pathway,73,0.05386185,0.00073783356,1
CTLA4 inhibitory signaling,109,0.053849995,0.00049403665,1
inhibition of cellular proliferation by gleevec,62,0.05383066,0.0008682365,1
PDGF,82,0.053788073,0.00065595214,1
Signaling by TGF-beta Receptor Complex,97,0.0537292,0.0005539093,1
Gaucher Disease,59,0.053718403,0.0009104814,1
Macrophage markers,51,0.053704914,0.0010530375,1
Neural Crest Cell Migration during Development,79,0.053642996,0.00067902525,1
Fabry disease,59,0.053571455,0.0009079908,1
Desipramine Action Pathway,66,0.053508554,0.0008107357,1
Amyloid fiber formation,69,0.05334655,0.00077313837,1
Mitochondrial CIV Assembly,82,0.05330898,0.0006501095,1
CD28 dependent PI3K/Akt signaling,128,0.053264547,0.00041612927,1
Kinesins,66,0.05325352,0.0008068715,1
Oxycodone Action Pathway,66,0.05315525,0.0008053826,1
Dezocine Action Pathway,66,0.053141963,0.0008051813,1
Buprenorphine Action Pathway,66,0.05309822,0.00080451847,1
Interactions of Rev with host cellular proteins,64,0.053080525,0.0008293832,1
IL3-mediated signaling events,76,0.05307787,0.00069839304,1
HS-GAG biosynthesis,89,0.05304795,0.0005960444,1
Synaptic Vesicle Pathway,80,0.053021554,0.0006627694,1
mucin core 1 and core 2 <i>O</i>-glycosylation,57,0.053005856,0.0009299273,1
HDR through Single Strand Annealing (SSA),54,0.052991495,0.000981324,1
role of erbb2 in signal transduction and oncology,73,0.052975167,0.0007256872,1
Pyruvate dehydrogenase deficiency (E2),73,0.052944314,0.00072526454,1
Hydrochlorothiazide Action Pathway,73,0.05285563,0.0007240497,1
Mineral absorption - Homo sapiens (human),80,0.05285062,0.00066063274,1
Fluoxetine Action Pathway,68,0.052800387,0.0007764763,1
Cytosolic sensors of pathogen-associated DNA ,74,0.05278759,0.0007133458,1
GABA B receptor activation,83,0.052687313,0.0006347869,1
the co-stimulatory signal during t-cell activation,188,0.052678607,0.00028020536,1
S1P3 pathway,79,0.052605957,0.0006658982,1
Hartnup Disorder,73,0.052595068,0.0007204804,1
Cytoprotection by HMOX1,82,0.05258031,0.0006412233,1
Growth hormone receptor signaling,119,0.052452605,0.00044077818,1
Torsemide Action Pathway,73,0.052419327,0.000718073,1
role of mef2d in t-cell apoptosis,100,0.052273385,0.00052273384,1
ID,40,0.05220294,0.0013050735,1
Bumetanide Action Pathway,73,0.052118506,0.0007139521,1
Nuclear Receptor transcription pathway,92,0.052065656,0.000565931,1
-arrestins in gpcr desensitization,86,0.0520071,0.00060473377,1
Processing of DNA double-strand break ends,81,0.0519971,0.0006419395,1
Pyruvate kinase deficiency,49,0.051992014,0.0010610615,1
The role of Nef in HIV-1 replication and disease pathogenesis,122,0.051984258,0.00042610048,1
Oncogene Induced Senescence,77,0.0519258,0.0006743611,1
Congenital lactic acidosis,73,0.051921844,0.00071125815,1
Beta-Ketothiolase Deficiency,66,0.051744148,0.00078400224,1
TRAF6 mediated NF-kB activation,68,0.05174044,0.00076088886,1
The oncogenic action of Fumarate,80,0.051723927,0.0006465491,1
Signaling by FGFR3,78,0.05170009,0.00066282164,1
Nonsense Mediated Decay (NMD) independent of the Exon Junction Complex (EJC),98,0.05151772,0.000525691,1
Nonsense-Mediated Decay (NMD),103,0.051478118,0.00049978757,1
Wnt Signaling Pathway,98,0.051460728,0.00052510947,1
p53 pathway,65,0.051388305,0.0007905893,1
TNF signaling,76,0.051386014,0.00067613175,1
Methylmalonic Aciduria,66,0.051374175,0.0007783966,1
Signaling by FGFR4,79,0.051342048,0.00064989936,1
CRMPs in Sema3A signaling,58,0.051341895,0.0008852051,1
Eukaryotic Translation Termination,93,0.051315997,0.00055178493,1
Mitochondrial complex II deficiency,73,0.05131137,0.00070289546,1
Bile acid biosynthesis,67,0.051306557,0.0007657695,1
Proximal tubule transport,84,0.05130651,0.0006107918,1
Fas,75,0.05124758,0.00068330107,1
inositol pyrophosphates biosynthesis,61,0.051208526,0.00083948404,1
G alpha (z) signalling events,73,0.05115544,0.00070075947,1
fmlp induced chemokine gene expression in hmc-1 cells,88,0.0511048,0.0005807364,1
role of -arrestins in the activation and targeting of map kinases,89,0.051089875,0.00057404354,1
Pyruvate dehydrogenase deficiency (E3),73,0.051069234,0.00069957855,1
Krabbe disease,59,0.05105304,0.0008653058,1
Erythropoietin activates STAT5,53,0.051022492,0.00096268853,1
Synaptic adhesion-like molecules,44,0.050966278,0.0011583245,1
IRS-mediated signalling,111,0.050841145,0.00045802834,1
Levallorphan Action Pathway,66,0.05078034,0.0007693991,1
wnt signaling pathway,88,0.050745174,0.00057664973,1
TP53 Regulates Transcription of DNA Repair Genes,52,0.050724488,0.00097547093,1
Rev-mediated nuclear export of HIV RNA,62,0.05067595,0.00081735407,1
Plasma lipoprotein remodeling,64,0.050649703,0.0007914016,1
3-hydroxyisobutyric acid dehydrogenase deficiency,66,0.050617475,0.00076693145,1
Fentanyl Action Pathway,66,0.050556704,0.00076601066,1
Drug metabolism - other enzymes - Homo sapiens (human),82,0.050510455,0.0006159812,1
TLR JNK,140,0.050495423,0.0003606816,1
activation of camp-dependent protein kinase pka,89,0.050486144,0.00056726,1
RHOH GTPase cycle,62,0.050448794,0.00081369025,1
Signaling by NOTCH2,66,0.050380874,0.00076334656,1
Growth hormone signaling,82,0.050342754,0.000613936,1
a6b1 and a6b4 Integrin signaling,82,0.05034213,0.0006139284,1
Fatty acid beta-oxidation,55,0.050327245,0.00091504084,1
NF-kB is activated and signals survival,61,0.050243203,0.00082365907,1
Naltrexone Action Pathway,66,0.05021165,0.00076078257,1
S Phase,70,0.0501735,0.00071676425,1
3-Methylthiofentanyl Action Pathway,66,0.05017051,0.0007601593,1
Tryptophan degradation,70,0.050121654,0.0007160236,1
Fumarase deficiency,73,0.050109114,0.00068642624,1
Ropivacaine Action Pathway,66,0.05010187,0.0007591192,1
Regulated Necrosis,102,0.05008463,0.00049102574,1
trans-Golgi Network Vesicle Budding,80,0.049935743,0.0006241968,1
TCA cycle,75,0.049900383,0.0006653384,1
Mercaptopurine Action Pathway,54,0.049898274,0.00092404214,1
double stranded rna induced gene expression,72,0.049893524,0.00069296564,1
Hydromorphone Action Pathway,66,0.049869325,0.00075559586,1
Regulation of p38-alpha and p38-beta,93,0.049830347,0.0005358102,1
Syndecan-4-mediated signaling events,90,0.049788482,0.0005532054,1
corticosteroids and cardioprotection,62,0.04972879,0.00080207724,1
Supression of HMGB1 mediated inflammation by THBD,55,0.049660664,0.00090292114,1
TRP channels,90,0.049633607,0.0005514845,1
Transcription factor regulation in adipogenesis,67,0.049575925,0.00073993916,1
"Hedgehog ,off, state",68,0.049521595,0.00072825875,1
Signal attenuation,52,0.04945317,0.0009510225,1
Termination of O-glycan biosynthesis,54,0.04935093,0.0009139061,1
FGFRL1 modulation of FGFR1 signaling,52,0.049349442,0.0009490277,1
PLC beta mediated events,80,0.049349423,0.0006168678,1
Sphingolipid Metabolism,59,0.04934147,0.0008362961,1
Reelin signaling pathway,73,0.04924719,0.00067461905,1
Amino acid transport across the plasma membrane,57,0.049100403,0.0008614106,1
Methylmalonate Semialdehyde Dehydrogenase Deficiency,66,0.049082298,0.0007436712,1
3q29 copy number variation syndrome,84,0.04902848,0.0005836724,1
Interleukin-12 signaling,63,0.049028397,0.0007782285,1
Anileridine Action Pathway,66,0.048962474,0.00074185565,1
TWEAK,76,0.048946097,0.0006440276,1
Metabolism of nucleotides,73,0.048877638,0.00066955667,1
Protein folding,76,0.048873354,0.00064307044,1
Syndecan-3-mediated signaling events,74,0.04885665,0.000660225,1
Levobupivacaine Action Pathway,66,0.048847772,0.00074011774,1
Paradoxical activation of RAF signaling by kinase inactive BRAF,81,0.048678137,0.00060096465,1
Exercise-induced Circadian Regulation,51,0.048626807,0.0009534668,1
Neural Crest Cell Migration in Cancer,92,0.04850181,0.0005271936,1
Pentazocine Action Pathway,66,0.048499245,0.000734837,1
Pyruvate metabolism,121,0.048432935,0.0004002722,1
Regulation of PTEN gene transcription,74,0.048283294,0.00065247697,1
Signaling by moderate kinase activity BRAF mutants,81,0.0482124,0.00059521483,1
Other types of O-glycan biosynthesis - Homo sapiens (human),68,0.048208214,0.00070894434,1
Nanoparticle triggered autophagic cell death,85,0.0481056,0.00056594826,1
Ca-dependent events,61,0.047984406,0.0007866296,1
GABA receptor Signaling,54,0.04793162,0.0008876226,1
3-Methylcrotonyl Coa Carboxylase Deficiency Type I,66,0.047893446,0.00072565826,1
Regulation of RAC1 activity,63,0.047879346,0.0007599896,1
G alpha (12/13) signalling events,70,0.047849514,0.00068356446,1
Glycosaminoglycan biosynthesis - heparan sulfate / heparin - Homo sapiens (human),67,0.047844347,0.0007140947,1
MECP2 regulates neuronal receptors and channels,97,0.047819637,0.00049298594,1
RND2 GTPase cycle,56,0.047773957,0.0008531064,1
TGF-beta receptor signaling,83,0.047738828,0.0005751666,1
Tramadol Action Action Pathway,66,0.047690444,0.00072258245,1
Eukaryotic Translation Elongation,97,0.04763206,0.00049105217,1
"GPCRs, Class B Secretin-like",52,0.047627334,0.00091591023,1
Autophagy - other - Homo sapiens (human),84,0.047594726,0.0005666039,1
Role of Altered Glycolysation of MUC1 in Tumour Microenvironment,58,0.04758444,0.0008204214,1
Cysteine and methionine metabolism - Homo sapiens (human),86,0.047478955,0.00055208086,1
Vitamin D-sensitive calcium signaling in depression,70,0.047414374,0.0006773482,1
Envelope proteins and their potential roles in EDMD physiopathology,67,0.047309395,0.0007061104,1
RAC1 signaling pathway,79,0.047301117,0.00059874833,1
Metabolism of xenobiotics by cytochrome P450 - Homo sapiens (human),75,0.04728389,0.0006304519,1
Class C/3 (Metabotropic glutamate/pheromone receptors),40,0.047279205,0.0011819801,1
FGFR1 mutant receptor activation,70,0.047161955,0.0006737422,1
CAMKK2 Pathway,80,0.047061186,0.00058826484,1
Vitamin D in inflammatory diseases,77,0.04695047,0.0006097464,1
Nicotine Activity on Dopaminergic Neurons,57,0.046908513,0.0008229564,1
N-cadherin signaling events,71,0.046905093,0.0006606351,1
cadmium induces dna synthesis and proliferation in macrophages,77,0.046899814,0.0006090885,1
Regulation of pyruvate dehydrogenase (PDH) complex,84,0.046868443,0.0005579577,1
Cardiac Hypertrophic Response,110,0.046820454,0.0004256405,1
TP53 Regulates Metabolic Genes,75,0.046773653,0.0006236487,1
Canonical NF-KB pathway,56,0.04668042,0.00083357893,1
NOTCH4 Intracellular Domain Regulates Transcription,54,0.046636693,0.0008636425,1
Statin inhibition of cholesterol production,55,0.04657034,0.0008467334,1
IL-23 signaling,39,0.04641281,0.001190072,1
Ribosomal scanning and start codon recognition,44,0.04640352,0.0010546255,1
Heme signaling,67,0.046351463,0.0006918129,1
Thioguanine Action Pathway,54,0.046320036,0.0008577784,1
Prolactin receptor signaling,48,0.04615794,0.0009616238,1
RNA polymerase II transcribes snRNA genes,56,0.046042807,0.000822193,1
RAB GEFs exchange GTP for GDP on RABs,95,0.04593025,0.00048347632,1
Glucuronidation,76,0.045853097,0.0006033302,1
Hypothesized Pathways in Pathogenesis of Cardiovascular Disease,50,0.04579285,0.00091585703,1
Mitochondrial CII Assembly,32,0.04578998,0.0014309369,1
RhoA signaling pathway,63,0.04575184,0.0007262197,1
Uptake and actions of bacterial toxins,45,0.04562147,0.0010138104,1
Tryptophan metabolism - Homo sapiens (human),75,0.04548546,0.0006064728,1
"Valine, Leucine and Isoleucine Degradation",66,0.045425363,0.0006882631,1
Imipramine Action Pathway,69,0.04541714,0.00065821945,1
Alpha4 beta1 integrin signaling events,76,0.045399945,0.0005973677,1
Hedgehog Signaling Pathway,88,0.045372345,0.00051559485,1
Regulation of PTEN stability and activity,65,0.045358974,0.0006978304,1
erk and pi-3 kinase are necessary for collagen binding in corneal epithelia,62,0.045343805,0.00073135167,1
IL2 signaling events mediated by PI3K,101,0.045303497,0.0004485495,1
Transcriptional regulation of granulopoiesis,46,0.04529572,0.0009846896,1
RUNX1 regulates genes involved in megakaryocyte differentiation and platelet function,66,0.04520855,0.00068497803,1
Ion transport by P-type ATPases,74,0.04512736,0.00060982915,1
"Cell death signalling via NRAGE, NRIF and NADE",62,0.045118514,0.000727718,1
leucine degradation,49,0.045009702,0.0009185654,1
Prader-Willi and Angelman Syndrome,60,0.044985678,0.0007497613,1
pten dependent cell cycle arrest and apoptosis,77,0.04497348,0.0005840712,1
Signaling by FGFR1 in disease,85,0.044930726,0.0005285968,1
Influenza Infection,68,0.044922296,0.000660622,1
DNA Double Strand Break Response,71,0.04492018,0.00063267857,1
Propoxyphene Action Pathway,66,0.044814754,0.00067901146,1
Intracellular Signalling Through Adenosine Receptor A2a and Adenosine,82,0.04473278,0.0005455217,1
TGF-B Signaling in Thyroid Cells for Epithelial-Mesenchymal Transition,43,0.0447202,0.0010400047,1
NOTCH4 Activation and Transmission of Signal to the Nucleus,25,0.04464838,0.0017859351,1
Sema3A PAK dependent Axon repulsion,57,0.044588383,0.00078225235,1
GnRH secretion - Homo sapiens (human),97,0.04451388,0.000458906,1
Arf6 signaling events,51,0.04437789,0.0008701547,1
3-Methylglutaconic Aciduria Type III,66,0.044343304,0.0006718682,1
Regulation of necroptotic cell death,72,0.04433013,0.00061569625,1
Pyruvate metabolism - Homo sapiens (human),78,0.044305354,0.00056801736,1
RUNX3 regulates NOTCH signaling,56,0.044293847,0.00079096155,1
Regulation of Ras family activation,91,0.04426107,0.0004863854,1
Arginine biosynthesis - Homo sapiens (human),63,0.044250812,0.0007023938,1
Prilocaine Action Pathway,66,0.044180416,0.0006694002,1
Nuclear Envelope (NE) Reassembly,60,0.04417781,0.0007362969,1
Vitamin A and carotenoid metabolism,50,0.044173967,0.00088347937,1
Nephrin family interactions,70,0.04415199,0.00063074275,1
Nuclear receptors,74,0.044115815,0.00059615966,1
mRNA surveillance pathway - Homo sapiens (human),103,0.04410806,0.0004282336,1
Sodium/Calcium exchangers,48,0.04408864,0.00091851334,1
Synthesis of substrates in N-glycan biosythesis,93,0.04408766,0.00047406086,1
Negative regulation of FGFR1 signaling,63,0.04408357,0.0006997392,1
Mammary gland development pathway - Embryonic development (Stage 1 of 4),62,0.044062283,0.00071068195,1
Intracellular trafficking proteins involved in CMT neuropathy,52,0.044049624,0.00084710814,1
Sarcosinemia,51,0.044042796,0.0008635842,1
Dopaminergic Neurogenesis,40,0.04404244,0.001101061,1
IL8- and CXCR2-mediated signaling events,88,0.043955415,0.0004994934,1
TP53 Regulates Transcription of Cell Cycle Genes,55,0.043844834,0.00079717877,1
SUMOylation of chromatin organization proteins,88,0.043818843,0.0004979414,1
RIP-mediated NFkB activation via ZBP1,58,0.043743696,0.00075420167,1
SARS-CoV-2 Infection,43,0.043742336,0.0010172636,1
RAF activation,62,0.04368996,0.0007046767,1
Regulation of RAS by GAPs,64,0.04364349,0.0006819295,1
Deadenylation-dependent mRNA decay,76,0.043611944,0.0005738414,1
Citalopram Action Pathway,69,0.04341478,0.00062919967,1
Eplerenone Action Pathway,73,0.043394778,0.000594449,1
Ovarian infertility,60,0.0433499,0.00072249834,1
TRAF6 mediated IRF7 activation,25,0.043322243,0.0017328897,1
stress induction of hsp regulation,87,0.043305915,0.00049776916,1
Assembly of collagen fibrils and other multimeric structures,59,0.043280594,0.0007335694,1
RIPK1-mediated regulated necrosis,72,0.04327,0.0006009722,1
Vasopressin regulates renal water homeostasis via Aquaporins,48,0.04321453,0.0009003027,1
Bupivacaine Action Pathway,66,0.04302962,0.000651964,1
Negative regulation of NOTCH4 signaling,33,0.042970728,0.0013021433,1
DAG and IP3 signaling,73,0.042875092,0.00058733,1
WNT-Ncore,84,0.042872958,0.00051039236,1
TCA Cycle (aka Krebs or citric acid cycle),61,0.042828843,0.00070211216,1
activated TAK1 mediates p38 MAPK activation,78,0.042805083,0.0005487831,1
Detoxification of Reactive Oxygen Species,44,0.04279861,0.00097269565,1
Negative regulation of FGFR2 signaling,72,0.04272846,0.00059345085,1
NCAM signaling for neurite out-growth,101,0.04260219,0.00042180385,1
MAPK targets/ Nuclear events mediated by MAP kinases,63,0.042507466,0.00067472167,1
TP53 network,52,0.04242522,0.0008158696,1
Diseases associated with the TLR signaling cascade,55,0.04227915,0.00076871185,1
Type 2 papillary renal cell carcinoma,84,0.04223853,0.0005028396,1
CREB1 phosphorylation through NMDA receptor-mediated activation of RAS signaling,57,0.04219461,0.0007402563,1
Nicotinate metabolism,77,0.042170323,0.0005476665,1
Glycosaminoglycan biosynthesis - chondroitin sulfate / dermatan sulfate - Homo sapiens (human),39,0.04214651,0.0010806798,1
Kisspeptin-kisspeptin receptor system in the ovary,79,0.04211171,0.0005330596,1
LKB1 signaling events,51,0.042100642,0.0008255028,1
Beta5 beta6 beta7 and beta8 integrin cell surface interactions,51,0.04208256,0.00082514825,1
TP53 Regulates Transcription of Cell Death Genes,61,0.042015456,0.00068877795,1
Chemical carcinogenesis - Homo sapiens (human),84,0.04200978,0.0005001164,1
Glycolysis / Gluconeogenesis - Homo sapiens (human),78,0.041999653,0.00053845707,1
p38 signaling mediated by MAPKAP kinases,57,0.041975323,0.00073640916,1
NOD1/2 Signaling Pathway,79,0.04190163,0.0005304004,1
3-Methylglutaconic Aciduria Type IV,66,0.041886024,0.00063463673,1
regulation of spermatogenesis by crem,61,0.041747015,0.0006843773,1
Regulation of mitotic cell cycle,60,0.041687354,0.0006947892,1
PKMTs methylate histone lysines,69,0.04166591,0.0006038538,1
rho cell motility signaling pathway,56,0.041620024,0.0007432147,1
Downregulation of ERBB2 signaling,63,0.041614093,0.0006605412,1
PIWI-interacting RNA (piRNA) biogenesis,5,0.04158246,0.008316493,1
NLR Proteins,61,0.04155115,0.0006811664,1
G13 Signaling Pathway,38,0.04151793,0.001092577,1
NOTCH-Core,48,0.04149841,0.00086455024,1
Receptor Mediated Mitophagy,51,0.04146932,0.00081312394,1
Branched-chain amino acid catabolism,58,0.04139865,0.0007137698,1
Sterol regulatory element-binding proteins (SREBP) signaling,70,0.041376065,0.00059108663,1
Signaling by FGFR in disease,101,0.041332215,0.00040922986,1
PECAM1 interactions,73,0.041330904,0.0005661768,1
lck and fyn tyrosine kinases in initiation of tcr activation,85,0.04125794,0.00048538754,1
Chaperonin-mediated protein folding,73,0.041185375,0.0005641832,1
Diseases of Immune System,55,0.041078627,0.00074688415,1
Downstream signaling of activated FGFR4,61,0.041067775,0.0006732422,1
Syndecan-1-mediated signaling events,81,0.041040905,0.00050667784,1
Apoptosis - multiple species - Homo sapiens (human),45,0.041008286,0.00091129524,1
NGF-stimulated transcription,64,0.040958613,0.00063997833,1
Nicotinate and nicotinamide metabolism - Homo sapiens (human),75,0.040933624,0.00054578163,1
Melatonin metabolism and effects,44,0.04092527,0.00093011983,1
Metabolism of fat-soluble vitamins,75,0.04075844,0.0005434459,1
fas signaling pathway (cd95),88,0.040756248,0.00046313918,1
Argininosuccinic Aciduria,34,0.04075262,0.0011986064,1
Isobutyryl-coa dehydrogenase deficiency,66,0.040751074,0.0006174405,1
Vitamin D Metabolism,32,0.040704582,0.0012720182,1
Calmodulin induced events,55,0.040638197,0.0007388763,1
Xenobiotics metabolism,60,0.040617205,0.0006769534,1
COPI-mediated anterograde transport,65,0.040586453,0.00062440697,1
SUMOylation of transcription factors,40,0.040583946,0.0010145986,1
Syndecan interactions,60,0.04055293,0.00067588215,1
Ras activation upon Ca2+ influx through NMDA receptor,48,0.04051053,0.0008439694,1
Peroxisomal protein import,72,0.040467445,0.0005620478,1
Calcitonin-like ligand receptors,33,0.04045494,0.0012259072,1
Negative regulation of FGFR3 signaling,58,0.040422685,0.00069694285,1
Collagen chain trimerization,77,0.04033211,0.0005237936,1
RUNX1 regulates transcription of genes involved in differentiation of HSCs,58,0.04032643,0.0006952833,1
Degradation of beta-catenin by the destruction complex,63,0.04029154,0.00063954823,1
p75NTR signals via NF-kB,68,0.04023557,0.00059169956,1
Neovascularisation processes,81,0.040234603,0.0004967235,1
Transcription of the HIV genome,48,0.04012655,0.0008359698,1
Fanconi anemia pathway - Homo sapiens (human),51,0.040097248,0.00078622054,1
RNA degradation - Homo sapiens (human),95,0.04008942,0.0004219939,1
Bladder cancer,74,0.03992221,0.0005394893,1
2-aminoadipic 2-oxoadipic aciduria,34,0.039885692,0.0011731086,1
Type I collagen synthesis in the context of Osteogenesis imperfecta,50,0.03985849,0.0007971698,1
UCH proteinases,105,0.039825294,0.0003792885,1
B-WICH complex positively regulates rRNA expression,58,0.03969262,0.00068435556,1
vegf hypoxia and angiogenesis,51,0.039614584,0.00077675655,1
Signaling events mediated by HDAC Class II,62,0.03952152,0.00063744385,1
Caspase activation via extrinsic apoptotic signalling pathway,93,0.039409395,0.00042375695,1
"FOXO-mediated transcription of oxidative stress, metabolic and neuronal genes",47,0.039362747,0.0008375053,1
Adenylate cyclase inhibitory pathway,35,0.039273955,0.001122113,1
tnf/stress related signaling,38,0.039258026,0.0010331059,1
IL-12 signaling,60,0.039251216,0.00065418694,1
Maple Syrup Urine Disease,66,0.03919165,0.00059381285,1
Propionic Acidemia,66,0.039170418,0.0005934912,1
GPCR Dopamine D1like receptor,63,0.039146658,0.0006213755,1
Norepinephrine Neurotransmitter Release Cycle,32,0.039141573,0.0012231742,1
2-Methyl-3-Hydroxybutryl CoA Dehydrogenase Deficiency,66,0.0390654,0.00059189997,1
Caspase activation via Death Receptors in the presence of ligand,75,0.039060794,0.0005208106,1
antigen processing and presentation,72,0.03905378,0.0005424136,1
Nef-mediates down modulation of cell surface receptors by recruiting them to clathrin adapters,83,0.038989358,0.0004697513,1
Negative regulation of FGFR4 signaling,63,0.038974512,0.00061864307,1
Extracellular vesicles in the crosstalk of cardiac cells,77,0.03894892,0.0005058301,1
Receptor-type tyrosine-protein phosphatases,42,0.03891907,0.0009266445,1
Cancer immunotherapy by CTLA4 blockade,114,0.038817346,0.00034050303,1
ZBP1(DAI) mediated induction of type I IFNs,59,0.03877051,0.0006571273,1
Downstream signaling of activated FGFR3,56,0.038762942,0.0006921954,1
Galactose metabolism,65,0.038756754,0.00059625774,1
Retinoid metabolism and transport,73,0.03872291,0.00053045084,1
FCERI mediated Ca+2 mobilization,73,0.03863744,0.00052928,1
RND1 GTPase cycle,56,0.03863736,0.0006899528,1
"Biosynthesis of the N-glycan precursor (dolichol lipid-linked oligosaccharide, LLO) and transfer to a nascent protein",100,0.038578585,0.00038578585,1
Circadian rhythm - Homo sapiens (human),44,0.038573757,0.0008766763,1
COPII-mediated vesicle transport,64,0.038549587,0.0006023373,1
PI-3K cascade:FGFR2,57,0.038479745,0.00067508325,1
Urea Cycle,34,0.038470723,0.0011314919,1
Dopamine Neurotransmitter Release Cycle,34,0.03843656,0.0011304871,1
Matrix Metalloproteinases,43,0.03835194,0.0008919056,1
FRS-mediated FGFR2 signaling,66,0.038296808,0.00058025465,1
CXCR3-mediated signaling events,64,0.038289636,0.00059827557,1
FCERI mediated MAPK activation,73,0.038287245,0.0005244828,1
Vibrio cholerae infection - Homo sapiens (human),68,0.03826704,0.00056275056,1
NOTCH2 intracellular domain regulates transcription,47,0.03819892,0.00081274303,1
Fat digestion and absorption - Homo sapiens (human),46,0.0381767,0.00082992826,1
MAPK6/MAPK4 signaling,52,0.038128994,0.0007332499,1
Signal regulatory protein family interactions,81,0.038128667,0.00047072428,1
Physiological and pathological hypertrophy of the heart,54,0.038073555,0.00070506585,1
Na+/Cl- dependent neurotransmitter transporters,46,0.038061537,0.0008274247,1
DNA Replication,61,0.038022168,0.00062331423,1
"GPCRs, Class C Metabotropic glutamate, pheromone",40,0.037960522,0.00094901305,1
Complement and Coagulation Cascades,57,0.037947457,0.0006657449,1
GDNF-RET signaling axis,84,0.037918225,0.00045140745,1
RAS processing,35,0.03783863,0.0010811037,1
Signaling by Leptin,52,0.037813317,0.00072717917,1
PI3K events in ERBB2 signaling,53,0.037754126,0.000712342,1
Golgi Associated Vesicle Biogenesis,63,0.037744567,0.0005991201,1
Apoptosis Modulation by HSP70,63,0.03773669,0.00059899513,1
Regulation of apoptosis by parathyroid hormone-related protein,40,0.03773269,0.00094331725,1
Signaling by Erythropoietin,82,0.03772852,0.00046010388,1
Factors and pathways affecting insulin-like growth factor (IGF1)-Akt signaling,65,0.03772194,0.00058033754,1
IL-6-type cytokine receptor ligand interactions,49,0.037702832,0.00076944556,1
FAS (CD95) signaling pathway,74,0.037637364,0.000508613,1
Various types of N-glycan biosynthesis - Homo sapiens (human),44,0.03749702,0.00085220503,1
Citric acid cycle (TCA cycle),66,0.037467502,0.0005676894,1
3-Phosphoglycerate dehydrogenase deficiency,51,0.037459932,0.0007345085,1
Regulation by c-FLIP,58,0.037388775,0.00064463407,1
acetylation and deacetylation of rela in nucleus,56,0.037363466,0.00066720473,1
BMP2 signaling TGF-beta MV,76,0.03729802,0.0004907634,1
Signaling by EGFR,67,0.037288196,0.00055654027,1
Negative regulation of MAPK pathway,57,0.037262555,0.000653729,1
Galanin receptor pathway,39,0.037220284,0.0009543663,1
TGF-beta receptor signaling activates SMADs,54,0.037192643,0.0006887526,1
Binding and Uptake of Ligands by Scavenger Receptors,58,0.03719015,0.0006412095,1
Sialic acid metabolism,78,0.037117437,0.00047586457,1
Betazole Action Pathway,50,0.03709536,0.0007419072,1
SHC-mediated cascade:FGFR1,47,0.037083693,0.00078901474,1
Signaling by ERBB2 in Cancer,71,0.037070587,0.000522121,1
growth hormone signaling pathway,42,0.037055988,0.0008822854,1
Sphingolipid de novo biosynthesis,57,0.0370306,0.00064965966,1
GPCR Adenosine A2A receptor,62,0.037028126,0.00059722783,1
Interleukin-10 signaling,33,0.037011653,0.0011215652,1
RNA Polymerase I Transcription,48,0.0369637,0.0007700771,1
nfat and hypertrophy of the heart ,57,0.036879346,0.0006470061,1
3-Hydroxy-3-Methylglutaryl-CoA Lyase Deficiency,66,0.03675354,0.0005568718,1
TFAP2 (AP-2) family regulates transcription of growth factors and their receptors,43,0.036740657,0.00085443386,1
Starch and sucrose metabolism - Homo sapiens (human),47,0.0367102,0.00078106805,1
Negative regulation of NMDA receptor-mediated neuronal transmission,37,0.036653675,0.0009906399,1
"Primary hyperoxaluria II, PH2",49,0.036642835,0.00074781297,1
NO metabolism in cystic fibrosis,50,0.036483053,0.0007296611,1
Signaling by ROBO receptors,123,0.03648176,0.00029659967,1
Parkin-Ubiquitin Proteasomal System pathway,50,0.036464795,0.0007292959,1
SHC1 events in ERBB2 signaling,67,0.036464248,0.0005442425,1
Isovaleric acidemia,66,0.036460795,0.0005524363,1
Transport of Mature Transcript to Cytoplasm,55,0.03631141,0.0006602075,1
Recruitment and ATM-mediated phosphorylation of repair and signaling proteins at DNA double strand breaks,71,0.036258128,0.00051067787,1
Transport of Mature mRNA derived from an Intron-Containing Transcript,44,0.036192015,0.0008225458,1
RUNX2 regulates bone development,81,0.036173083,0.00044658128,1
SUMOylation of RNA binding proteins,43,0.03604114,0.00083816604,1
RUNX1 regulates transcription of genes involved in WNT signaling,62,0.036017228,0.00058092305,1
N-Glycan antennae elongation,43,0.036006417,0.00083735853,1
PPAR signaling pathway - Homo sapiens (human),65,0.03597249,0.00055342296,1
3-hydroxyisobutyric aciduria,66,0.0359679,0.0005449682,1
Regulation of Wnt-B-catenin Signaling by Small Molecule Compounds,34,0.03596494,0.0010577923,1
G1/S Transition,57,0.035927743,0.00063031126,1
"GABA synthesis, release, reuptake and degradation",36,0.035910267,0.0009975075,1
IL-2 signaling,54,0.035853054,0.00066394545,1
Activation of APC/C and APC/C:Cdc20 mediated degradation of mitotic proteins,49,0.03582466,0.0007311155,1
Nucleotide Excision Repair,74,0.035795324,0.0004837206,1
Citrullinemia Type I,34,0.03577436,0.001052187,1
Leigh Syndrome,49,0.035772365,0.0007300483,1
Tyrosine metabolism - Homo sapiens (human),50,0.035767555,0.0007153511,1
Telomere Maintenance,52,0.03576432,0.00068777543,1
Activated PKN1 stimulates transcription of AR (androgen receptor) regulated genes KLK2 and KLK3,44,0.035749353,0.0008124853,1
SEMA3A-Plexin repulsion signaling by inhibiting Integrin adhesion,56,0.035704993,0.00063758914,1
PDGF Pathway,47,0.035697713,0.0007595258,1
dermatan sulfate biosynthesis,38,0.035624463,0.0009374859,1
Angiogenesis,75,0.03562323,0.0004749764,1
Glutathione metabolism,38,0.035601888,0.00093689177,1
Signaling by NTRK2 (TRKB),76,0.035545044,0.00046769794,1
agrin in postsynaptic differentiation,76,0.03547915,0.00046683094,1
ABC-family proteins mediated transport,44,0.035477635,0.00080630986,1
Defensins,43,0.03547149,0.0008249184,1
Base Excision Repair,52,0.035426952,0.00068128755,1
Ammonia Recycling,39,0.035328493,0.00090585876,1
sonic hedgehog receptor ptc1 regulates cell cycle,49,0.03530812,0.0007205739,1
Transcription-Coupled Nucleotide Excision Repair (TC-NER),54,0.03528859,0.0006534924,1
VEGFR2 mediated cell proliferation,43,0.03527958,0.0008204553,1
DroToll-like,100,0.035206407,0.00035206406,1
Porphyrin metabolism,61,0.035094146,0.00057531387,1
Fructose Mannose metabolism,65,0.035050213,0.000539234,1
Glycolysis Gluconeogenesis,60,0.03494416,0.0005824027,1
Azathioprine Action Pathway,54,0.03491128,0.00064650516,1
TLR ECSIT MEKK1 JNK,58,0.034901664,0.00060175284,1
MAP2K and MAPK activation,53,0.034900643,0.0006585027,1
Adenylosuccinate Lyase Deficiency,38,0.034899414,0.0009184056,1
Platelet Adhesion to exposed collagen,67,0.034870066,0.0005204487,1
sprouty regulation of tyrosine kinase signals,79,0.034859113,0.0004412546,1
Signaling by ERBB2 TMD/JMD mutants,68,0.034833215,0.00051225314,1
CaM pathway,55,0.034821942,0.00063312624,1
Infection with Mycobacterium tuberculosis,55,0.034821298,0.0006331145,1
Erythropoietin activates RAS,63,0.03479813,0.0005523513,1
NRF2-ARE regulation,62,0.034795795,0.0005612225,1
"POU5F1 (OCT4), SOX2, NANOG activate genes related to proliferation",33,0.034795534,0.0010544101,1
Omeprazole Action Pathway,50,0.03478337,0.0006956674,1
Hedgehog Signaling Pathway Netpath,30,0.03477791,0.0011592637,1
Fertilization,39,0.03477598,0.0008916918,1
Energy Metabolism,51,0.03472761,0.00068093353,1
Mitochondrial biogenesis,37,0.0347232,0.0009384649,1
AICA-Ribosiduria,38,0.03471046,0.00091343315,1
E-cadherin signaling in keratinocytes,47,0.034707837,0.0007384646,1
Cargo concentration in the ER,41,0.03466934,0.00084559363,1
Trk receptor signaling mediated by the MAPK pathway,72,0.034662798,0.00048142776,1
Translation inhibitors in chronically activated PDGFRA cells,49,0.034661826,0.0007073842,1
Dimethylglycine Dehydrogenase Deficiency,51,0.034620136,0.0006788262,1
Synthesis of PA,55,0.034409832,0.0006256333,1
Regulation of FZD by ubiquitination,64,0.034313966,0.0005361557,1
Activation of the TFAP2 (AP-2) family of transcription factors,33,0.03429971,0.0010393851,1
HIV Transcription Elongation,32,0.034283135,0.001071348,1
Plexin-D1 Signaling,42,0.03423149,0.0008150355,1
Famotidine Action Pathway,50,0.034201898,0.000684038,1
Regulation of RhoA activity,65,0.034194984,0.00052607665,1
proteolysis and signaling pathway of notch,45,0.034192506,0.0007598335,1
p38 mapk signaling pathway,58,0.034175996,0.00058924133,1
Interleukin-7 signaling,51,0.03415047,0.00066961703,1
Noncanonical Wnt signaling pathway,74,0.03414745,0.000461452,1
Senescence-Associated Secretory Phenotype (SASP),67,0.034137383,0.0005095132,1
angiotensin ii mediated activation of jnk pathway via pyk2 dependent signaling,51,0.0341264,0.00066914514,1
Eicosanoid metabolism via cyclooxygenases (COX),36,0.03411044,0.0009475123,1
Interleukin-27 signaling,42,0.034088995,0.00081164273,1
Metiamide Action Pathway,50,0.0340629,0.000681258,1
Osteoclast Signaling,55,0.034033403,0.00061878917,1
"Parkinson,s disease pathway",77,0.03403094,0.00044196026,1
Regulation of APC/C activators between G1/S and early anaphase,39,0.03391904,0.00086971896,1
Downstream signaling of activated FGFR2,70,0.033899125,0.00048427322,1
Cleavage of the damaged pyrimidine ,30,0.033870507,0.0011290169,1
Ornithine Transcarbamylase Deficiency (OTC Deficiency),34,0.033800926,0.0009941449,1
Platelet sensitization by LDL,31,0.033769175,0.0010893282,1
Argininemia,34,0.033767402,0.0009931589,1
valine degradation,46,0.033690784,0.00073240837,1
Activation of Matrix Metalloproteinases,49,0.033660382,0.00068694656,1
Apoptotic cleavage of cellular proteins,47,0.033637237,0.0007156859,1
Recycling pathway of L1,35,0.03359716,0.00095991883,1
Alpha 6 Beta 4 signaling pathway,62,0.03357398,0.0005415158,1
SARS-CoV-1 Infection,40,0.03355965,0.00083899125,1
Signaling by FGFR2 in disease,62,0.033531882,0.00054083683,1
stat3 signaling pathway,36,0.033497464,0.0009304851,1
"Alanine, aspartate and glutamate metabolism - Homo sapiens (human)",48,0.03345407,0.00069695985,1
Other interleukin signaling,35,0.033430915,0.00095516903,1
CHL1 interactions,34,0.033375364,0.0009816283,1
Serotonin Neurotransmitter Release Cycle,31,0.033368725,0.0010764105,1
BBSome-mediated cargo-targeting to cilium,26,0.03332512,0.0012817354,1
Triacylglyceride synthesis,40,0.03331175,0.00083279377,1
APC/C:Cdc20 mediated degradation of mitotic proteins,48,0.033311248,0.00069398433,1
phospholipases,45,0.033288326,0.00073974056,1
Activation of BH3-only proteins,45,0.033279624,0.0007395472,1
chondroitin sulfate biosynthesis,42,0.0332691,0.0007921214,1
isoleucine degradation,42,0.033268202,0.00079210004,1
Oxidative Stress,52,0.03324333,0.0006392948,1
multi-step regulation of transcription by pitx2,50,0.03323817,0.0006647634,1
NAD Metabolism in Oncogene-Induced Senescence and Mitochondrial Dysfunction-Associated Senescence,46,0.03322277,0.0007222341,1
EGF,41,0.03321232,0.0008100566,1
Cell-extracellular matrix interactions,39,0.03315019,0.00085000484,1
Carbamoyl Phosphate Synthetase Deficiency,34,0.033091202,0.0009732707,1
Nuclear Pore Complex (NPC) Disassembly,66,0.03307367,0.0005011162,1
SUMOylation of immune response proteins,59,0.033042245,0.000560038,1
il-7 signal transduction,49,0.03295252,0.0006725004,1
Nongenotropic Androgen signaling,47,0.032940455,0.00070086075,1
Ranitidine Action Pathway,50,0.03293964,0.0006587928,1
Signaling by BMP,38,0.032938454,0.0008668014,1
Pyruvate Dehydrogenase Complex Deficiency,49,0.032913905,0.00067171233,1
Mammary gland development pathway - Puberty (Stage 2 of 4),35,0.032898597,0.00093995995,1
Propanoate metabolism - Homo sapiens (human),44,0.032897722,0.0007476755,1
Dual incision in TC-NER,52,0.032890428,0.00063250825,1
Ion homeostasis,60,0.03282748,0.0005471247,1
cystic fibrosis transmembrane conductance regulator (cftr) and beta 2 adrenergic receptor (b2ar) pathway,51,0.03281897,0.0006435092,1
Dicoumarol Action Pathway,21,0.032789882,0.001561423,1
Acyl chain remodelling of PS,34,0.032748,0.0009631764,1
Complement cascade,77,0.032711376,0.00042482305,1
SHC-mediated cascade:FGFR4,47,0.03266414,0.00069498166,1
Downstream signaling of activated FGFR1,64,0.03264682,0.00051010656,1
MFAP5 effect on permeability and motility of endothelial cells via cytoskeleton rearrangement,55,0.032641347,0.000593479,1
PI-3K cascade:FGFR1,48,0.03263508,0.00067989755,1
chondroitin sulfate biosynthesis (late stages),32,0.032597937,0.0010186855,1
Cdc20:Phospho-APC/C mediated degradation of Cyclin A,28,0.03251684,0.0011613157,1
FRS-mediated FGFR1 signaling,57,0.032495726,0.00057010044,1
Bile acid and bile salt metabolism,52,0.032491792,0.0006248421,1
Fatty acyl-CoA biosynthesis,39,0.03248411,0.0008329259,1
proteasome complex,64,0.03242434,0.0005066303,1
Linoleic acid metabolism - Homo sapiens (human),36,0.032410473,0.0009002909,1
Iron uptake and transport,71,0.032400735,0.00045634838,1
Carboxyterminal post-translational modifications of tubulin,28,0.032387823,0.001156708,1
Alkaptonuria,36,0.032362714,0.0008989643,1
Gap-filling DNA repair synthesis and ligation in TC-NER,44,0.032359373,0.0007354403,1
IL8- and CXCR1-mediated signaling events,55,0.032338895,0.0005879799,1
Dimerization of procaspase-8,57,0.0323345,0.0005672719,1
SHC-mediated cascade:FGFR3,42,0.032323003,0.0007695953,1
Role of phospholipids in phagocytosis,78,0.032317888,0.0004143319,1
"Base-Excision Repair, AP Site Formation",30,0.032272615,0.0010757538,1
RAB geranylgeranylation,52,0.03222004,0.0006196161,1
TWIK related potassium channel (TREK),32,0.03217,0.0010053125,1
Adenylate cyclase activating pathway,27,0.032137673,0.0011902842,1
FRS-mediated FGFR4 signaling,57,0.03213626,0.00056379405,1
Heparin Action Pathway,21,0.03209832,0.0015284914,1
S1P2 pathway,43,0.032097705,0.00074645824,1
Assembly of active LPL and LIPC lipase complexes,38,0.032094985,0.00084460486,1
LIF signaling,33,0.032088425,0.0009723765,1
IkBA variant leads to EDA-ID,55,0.032056257,0.00058284105,1
Signalling to ERKs,65,0.032016534,0.0004925621,1
15q13.3 copy number variation syndrome,53,0.03201144,0.0006039894,1
ccr3 signaling in eosinophils,76,0.032006696,0.00042114072,1
16p11.2 proximal deletion syndrome,67,0.032005586,0.0004776953,1
PINK1-PRKN Mediated Mitophagy,55,0.03199966,0.000581812,1
Pyruvate Decarboxylase E1 Component Deficiency (PDHE1 Deficiency),49,0.031995576,0.0006529709,1
Serotonin Receptor 2 and STAT3 Signaling,31,0.031970102,0.0010312937,1
Trans-sulfuration and one-carbon metabolism,65,0.031955525,0.0004916235,1
Steroid hormone biosynthesis - Homo sapiens (human),68,0.03194988,0.0004698512,1
Pyruvate Metabolism,49,0.031932488,0.0006516834,1
NRAGE signals death through JNK,51,0.031891692,0.0006253273,1
Constitutive Androstane Receptor Pathway,36,0.031810585,0.0008836274,1
Glycine and Serine Metabolism,51,0.031686645,0.00062130677,1
Glutamate Metabolism,31,0.031637147,0.0010205532,1
Miscellaneous transport and binding events,17,0.031637117,0.001861007,1
3-phosphoinositide biosynthesis,32,0.031608168,0.0009877553,1
Interleukin-6 signaling,49,0.031603757,0.00064497464,1
SUMOylation of intracellular receptors,56,0.031591766,0.0005641387,1
"Unblocking of NMDA receptors, glutamate binding and activation",39,0.03155705,0.0008091551,1
Erythropoietin activates Phosphoinositide-3-kinase (PI3K),59,0.031555496,0.00053483894,1
Apoptotic execution phase,50,0.031530574,0.0006306115,1
Fluoropyrimidine Activity,31,0.0314754,0.0010153354,1
NAD+ biosynthetic pathways,46,0.031432215,0.00068330904,1
PPAR signaling pathway,60,0.031411637,0.00052352727,1
retinol biosynthesis,24,0.031300887,0.0013042036,1
Regulation of Complement cascade,38,0.03128565,0.0008233066,1
Processing of SMDT1,14,0.031251278,0.0022322342,1
Synthesis of DNA,52,0.03125103,0.0006009813,1
Aldosterone-regulated sodium reabsorption - Homo sapiens (human),53,0.03121366,0.00058893696,1
il 3 signaling pathway,46,0.031199966,0.0006782601,1
IL-5 signaling,53,0.03118887,0.00058846927,1
EPHA-mediated growth cone collapse,58,0.031113334,0.0005364368,1
Postmitotic nuclear pore complex (NPC) reformation,34,0.031069795,0.0009138175,1
Role of LAT2/NTAL/LAB on calcium mobilization,64,0.031037392,0.00048495925,1
Disulfiram Action Pathway,43,0.030972637,0.0007202939,1
Globo Sphingolipid Metabolism,43,0.030958083,0.0007199554,1
Global Genome Nucleotide Excision Repair (GG-NER),57,0.03087857,0.00054172927,1
Follicle Stimulating Hormone (FSH) signaling pathway,36,0.030839179,0.00085664383,1
"Glycine, serine and threonine metabolism - Homo sapiens (human)",54,0.03082279,0.0005707924,1
APC:Cdc20 mediated degradation of cell cycle proteins prior to satisfation of the cell cycle checkpoint,28,0.03077322,0.0010990436,1
Depyrimidination,30,0.03073322,0.0010244406,1
il 4 signaling pathway,48,0.030702846,0.00063964265,1
Response of Mtb to phagocytosis,46,0.030649312,0.0006662894,1
rRNA processing,46,0.030631017,0.0006658917,1
RAS and bradykinin pathways in COVID-19,44,0.030607985,0.00069563603,1
Interleukin-15 signaling,38,0.03056736,0.0008044042,1
DCC mediated attractive signaling,60,0.030566774,0.00050944625,1
Glycosphingolipid biosynthesis - ganglioseries,42,0.030565267,0.0007277445,1
HSF1-dependent transactivation,32,0.030522004,0.0009538126,1
telomeres telomerase cellular aging and immortality,28,0.03047985,0.001088566,1
Inactivation of APC/C via direct inhibition of the APC/C complex,24,0.03046689,0.0012694538,1
Pirenzepine Action Pathway,50,0.03045263,0.0006090526,1
Regulation of RUNX1 Expression and Activity,37,0.030429995,0.0008224323,1
mets affect on macrophage differentiation,71,0.030381305,0.0004279057,1
Nicotinate Nicotinamide metabolism,58,0.030376405,0.0005237311,1
Signaling events mediated by the Hedgehog family,46,0.030366456,0.00066014036,1
TNFR1-induced NFkappaB signaling pathway,40,0.030354477,0.00075886195,1
Tumor suppressor activity of SMARCB1,59,0.030305669,0.0005136554,1
Mitochondrial iron-sulfur cluster biogenesis,23,0.030222487,0.0013140212,1
Internalization of ErbB1,64,0.030200472,0.00047188238,1
Inwardly rectifying K+ channels,56,0.030196,0.0005392143,1
Interactions of Vpr with host cellular proteins,34,0.030189341,0.0008879218,1
IL-10 Anti-inflammatory Signaling Pathway,42,0.030115882,0.0007170448,1
Regucalcin in proximal tubule epithelial kidney cells,38,0.030105429,0.0007922481,1
Collagen degradation,48,0.03003243,0.0006256756,1
Glyoxylate and dicarboxylate metabolism - Homo sapiens (human),44,0.03001993,0.00068227114,1
A tetrasaccharide linker sequence is required for GAG synthesis,42,0.030013086,0.0007145973,1
Interleukin-36 pathway,32,0.02997611,0.00093675347,1
Adenine phosphoribosyltransferase deficiency (APRT),38,0.029963791,0.00078852085,1
Nizatidine Action Pathway,50,0.02994371,0.0005988742,1
Signal amplification,38,0.029916245,0.0007872696,1
SUMOylation of DNA replication proteins,38,0.029896868,0.0007867597,1
Elastic fibre formation,59,0.029887754,0.00050657213,1
FOXO-mediated transcription of cell death genes,68,0.029873017,0.00043930908,1
Glucagon signaling in metabolic regulation,47,0.029778942,0.0006335945,1
Vasopressin-regulated water reabsorption - Homo sapiens (human),44,0.029764993,0.0006764771,1
EPH-ephrin mediated repulsion of cells,55,0.029749677,0.0005409032,1
One-carbon metabolism,52,0.029662449,0.0005704317,1
Vpr-mediated nuclear import of PICs,34,0.029617041,0.00087108946,1
IGF signaling,50,0.029607572,0.0005921514,1
Aurora B signaling,21,0.029594943,0.001409283,1
Tie2 Signaling,43,0.02951447,0.000686383,1
Formation of HIV elongation complex in the absence of HIV Tat,32,0.029473772,0.0009210554,1
Esomeprazole Action Pathway,50,0.029465545,0.0005893109,1
PTF1A related regulatory pathway,48,0.029455263,0.0006136513,1
HIV elongation arrest and recovery,25,0.029439963,0.0011775985,1
RNA Polymerase I Promoter Escape,32,0.029421259,0.00091941433,1
Neurotoxicity of clostridium toxins,21,0.029404148,0.0014001975,1
Host-pathogen interaction of human coronaviruses - apoptosis,61,0.029387819,0.00048176752,1
epo signaling pathway,37,0.02938525,0.0007941959,1
Glycerolipid Metabolism,38,0.02934611,0.00077226607,1
Mitochondrial translation,32,0.02931743,0.00091616967,1
GRB2:SOS provides linkage to MAPK signaling for Integrins ,21,0.029291337,0.0013948256,1
Prostaglandin formation from arachidonate,47,0.02925665,0.0006224819,1
ATM Signaling Network in Development and Disease,38,0.029255027,0.00076986913,1
Gastric Cancer Network 1,43,0.029238937,0.0006799753,1
Proton/oligopeptide cotransporters,38,0.02921852,0.0007689084,1
Mitochondrial Electron Transport Chain,39,0.029192135,0.0007485163,1
IL-6 signaling,31,0.029164098,0.00094077736,1
Ephrin signaling,46,0.029158218,0.0006338743,1
PI-3K cascade:FGFR3,43,0.029137755,0.0006776222,1
superpathway of tryptophan utilization,50,0.02913009,0.0005826018,1
S1P1 pathway,57,0.029118339,0.00051084807,1
CREB1 phosphorylation through the activation of Adenylate Cyclase,26,0.02910222,0.0011193161,1
Type I interferon induction and signaling during SARS-CoV-2 infection,37,0.029060785,0.0007854266,1
Phosphatidylinositol Phosphate Metabolism,48,0.029052623,0.000605263,1
RANKL,52,0.029040977,0.00055848033,1
citrulline-nitric oxide cycle,37,0.029029088,0.00078456994,1
Long-term potentiation,42,0.029013162,0.0006907896,1
Biosynthesis of specialized proresolving mediators (SPMs),24,0.028997524,0.0012082302,1
FRS-mediated FGFR3 signaling,52,0.02899492,0.0005575946,1
Vitamin D (calciferol) metabolism,30,0.028983627,0.00096612086,1
Synthesis of IP3 and IP4 in the cytosol,45,0.028972521,0.00064383383,1
3-phosphoinositide degradation,39,0.028943878,0.0007421507,1
Syndecan-2-mediated signaling events,71,0.028932769,0.00040750377,1
Insulin-mediated glucose transport,43,0.028929118,0.0006727702,1
FGF23 signaling in hypophosphatemic rickets and related disorders,49,0.028836139,0.0005884926,1
phospholipids as signalling intermediaries,40,0.02880946,0.0007202365,1
"POU5F1 (OCT4), SOX2, NANOG repress genes related to differentiation",51,0.028803667,0.00056477776,1
TSH,34,0.028738994,0.0008452645,1
Basal transcription factors - Homo sapiens (human),36,0.028718974,0.00079774926,1
bcr signaling pathway,62,0.028713714,0.00046312442,1
role of erk5 in neuronal survival pathway,37,0.028705982,0.00077583734,1
Acyl chain remodelling of PC,45,0.028657608,0.0006368357,1
Cleavage of the damaged purine,25,0.028655814,0.0011462326,1
Rett syndrome causing genes,83,0.0285975,0.0003445482,1
miRNA regulation of p53 pathway in prostate cancer,35,0.028595792,0.00081702264,1
Erythropoietin activates Phospholipase C gamma (PLCG),51,0.028585589,0.00056050176,1
Repression of WNT target genes,42,0.02851014,0.00067881285,1
Assembly and cell surface presentation of NMDA receptors,47,0.028509509,0.0006065853,1
The phototransduction cascade,39,0.028483255,0.00073033985,1
Formation of Fibrin Clot (Clotting Cascade),39,0.028480638,0.0007302728,1
Activation of kainate receptors upon glutamate binding,36,0.028448757,0.00079024327,1
Valdecoxib Action Pathway,20,0.028447375,0.0014223687,1
Nephrin/Neph1 signaling in the kidney podocyte,61,0.028389264,0.00046539778,1
Hippo signaling pathway - multiple species - Homo sapiens (human),50,0.028337661,0.0005667532,1
Lansoprazole Action Pathway,50,0.028302854,0.0005660571,1
IL-10 signaling,33,0.028295912,0.0008574519,1
Mitochondrial protein import,34,0.028284289,0.00083189085,1
Rap1 signalling,66,0.028262848,0.00042822497,1
Effects of nitric oxide,43,0.02824897,0.0006569528,1
Cannabinoid receptor signaling,24,0.028247278,0.00117697,1
Hawkinsinuria,36,0.028244754,0.0007845765,1
Differentiation of white and brown adipocyte,47,0.02824097,0.0006008717,1
FGFR3c ligand binding and activation,34,0.028235793,0.00083046453,1
FasL/ CD95L signaling,51,0.028205136,0.0005530419,1
MFAP5-mediated ovarian cancer cell motility and invasiveness,33,0.028197184,0.0008544601,1
JNK (c-Jun kinases) phosphorylation and  activation mediated by activated human TAK1,57,0.028155027,0.0004939478,1
Serotonin Receptor 4-6-7 and NR3C Signaling,41,0.028053846,0.00068424013,1
Tat-mediated HIV elongation arrest and recovery,25,0.028046174,0.001121847,1
Regulation of sister chromatid separation at the metaphase-anaphase transition,36,0.027974341,0.00077706506,1
Cell Differentiation - Index expanded,39,0.027926972,0.00071607623,1
Cholesterol metabolism (includes both Bloch and Kandutsch-Russell pathways),37,0.027901651,0.0007540987,1
APC/C-mediated degradation of cell cycle proteins,60,0.027870163,0.00046450272,1
Smooth Muscle Contraction,50,0.027830817,0.00055661635,1
Regulation of TNFR1 signaling,32,0.027827004,0.0008695939,1
IL-3 signaling,35,0.027822737,0.00079493533,1
il-10 anti-inflammatory signaling pathway,38,0.027796965,0.0007314991,1
mRNA Capping,26,0.027785702,0.0010686808,1
SUMOylation of ubiquitinylation proteins,44,0.027735068,0.00063034246,1
amb2 Integrin signaling,53,0.02772681,0.00052314735,1
FGFR2 ligand binding and activation,50,0.027701173,0.0005540235,1
ERBB2 Activates PTK6 Signaling,49,0.02769844,0.00056527427,1
Suppression of phagosomal maturation,36,0.027696531,0.0007693481,1
Steroid biosynthesis - Homo sapiens (human),35,0.027687244,0.0007910641,1
"Hyperglycinemia, non-ketotic",51,0.027667576,0.0005425015,1
Pre-NOTCH Processing in the Endoplasmic Reticulum,26,0.027638972,0.0010630374,1
Roxatidine acetate Action Pathway,50,0.027600814,0.00055201625,1
PAR1-mediated thrombin signaling events,39,0.027467297,0.0007042897,1
superpathway of methionine degradation,53,0.027458005,0.00051807554,1
C21-steroid hormone biosynthesis and metabolism,38,0.02743495,0.0007219724,1
pyruvate decarboxylation to acetyl CoA,41,0.02730613,0.00066600315,1
pertussis toxin-insensitive ccr5 signaling in macrophage,48,0.02728631,0.0005684648,1
Negative regulation of MET activity,58,0.027247606,0.00046978632,1
Bicarbonate transporters,23,0.027226659,0.0011837678,1
FOXA2 and FOXA3 transcription factor networks,41,0.027220326,0.00066391035,1
TNFR1-mediated ceramide production,19,0.027185237,0.0014308019,1
GPCR GroupI metabotropic glutamate receptor,48,0.02717813,0.000566211,1
Circadian rhythm pathway,24,0.027130943,0.001130456,1
Activated NOTCH1 Transmits Signal to the Nucleus,32,0.027071936,0.000845998,1
ErbB receptor signaling network,54,0.02703877,0.00050071796,1
ABC transporters - Homo sapiens (human),54,0.0270245,0.0005004537,1
FTO Obesity Variant Mechanism,20,0.027019769,0.0013509884,1
Overview of nanoparticle effects,38,0.027010204,0.0007107949,1
Regulation of RUNX2 expression and activity,41,0.026994605,0.000658405,1
IL-9 signaling pathway,38,0.026976904,0.0007099185,1
FGFR2 mutant receptor activation,44,0.02694574,0.0006124032,1
Sumoylation by RanBP2 regulates transcriptional repression,40,0.026877455,0.0006719364,1
Homocarnosinosis,31,0.026861506,0.0008665002,1
PI-3K cascade:FGFR4,48,0.026853384,0.0005594455,1
Activated NTRK2 signals through FYN,41,0.026851596,0.000654917,1
CASP8 activity is inhibited,58,0.026816702,0.00046235693,1
LDLRAD4 and what we know about it,23,0.026796713,0.0011650745,1
FGFR4 ligand binding and activation,35,0.026775833,0.0007650238,1
sphingomyelin metabolism/ceramide salvage,15,0.026741456,0.0017827637,1
Valine Leucine Isoleucine degradation,52,0.026718963,0.0005138262,1
SIRT1 negatively regulates rRNA expression,33,0.026655778,0.00080775085,1
RXR and RAR heterodimerization with other nuclear receptor,51,0.026649904,0.0005225471,1
Acetylcholine Neurotransmitter Release Cycle,23,0.026620932,0.0011574319,1
Synthesis of PC,28,0.026611263,0.00095040223,1
triacylglycerol biosynthesis,38,0.026604053,0.00070010667,1
Folate biosynthesis - Homo sapiens (human),30,0.026595788,0.00088652625,1
Viral Messenger RNA Synthesis,33,0.026542792,0.000804327,1
Renin-angiotensin-aldosterone system (RAAS),49,0.02648703,0.0005405516,1
Translocation of SLC2A4 (GLUT4) to the plasma membrane,40,0.026447872,0.00066119677,1
Cimetidine Action Pathway,50,0.026445167,0.0005289033,1
p53 signaling pathway,37,0.026421605,0.0007140974,1
Dihydropyrimidine Dehydrogenase Deficiency (DHPD),51,0.02636576,0.0005169757,1
regulation of ck1/cdk5 by type 1 glutamate receptors,32,0.026321854,0.00082255795,1
il 6 signaling pathway,50,0.026287086,0.0005257417,1
NAD salvage,21,0.026220812,0.0012486101,1
"PTK6 Regulates RHO GTPases, RAS GTPase and MAP kinases",38,0.026218452,0.00068995927,1
FOXM1 transcription factor network,60,0.026215289,0.0004369215,1
Phenprocoumon Action Pathway,21,0.026202735,0.0012477493,1
Succinic semialdehyde dehydrogenase deficiency,31,0.026161885,0.00084393175,1
Formation of Incision Complex in GG-NER,41,0.026133524,0.00063740305,1
Recognition and association of DNA glycosylase with site containing an affected pyrimidine,30,0.026112963,0.00087043206,1
alk in cardiac myocytes,63,0.026096785,0.0004142347,1
TP53 Regulates Transcription of Genes Involved in G2 Cell Cycle Arrest,29,0.02607192,0.0008990317,1
glutathione redox reactions I,38,0.026064714,0.00068591355,1
"Activation of the mRNA upon binding of the cap-binding complex and eIFs, and subsequent binding to 43S",49,0.026054462,0.0005317237,1
Negative epigenetic regulation of rRNA expression,44,0.026031094,0.00059161574,1
Signaling by FGFR3 point mutants in cancer,48,0.026008043,0.0005418342,1
Gastric Acid Production,50,0.025993042,0.0005198608,1
Pre-NOTCH Processing in Golgi,31,0.025984418,0.000838207,1
HDMs demethylate histones,39,0.025972089,0.000665951,1
rRNA modification in the nucleus and cytosol,44,0.025956338,0.0005899168,1
Vitamin B3 (nicotinate and nicotinamide) metabolism,67,0.025947206,0.00038727172,1
NR1H2 & NR1H3 regulate gene expression linked to lipogenesis,24,0.02593466,0.0010806109,1
GRB2 events in ERBB2 signaling,57,0.025866317,0.00045379502,1
PKA activation,35,0.025816912,0.00073762605,1
Cooperation of PDCL (PhLP1) and TRiC/CCT in G-protein beta folding,36,0.025813203,0.0007170334,1
cell cycle: g2/m checkpoint,41,0.025799958,0.00062926725,1
NOTCH-Ncore,36,0.025783502,0.00071620836,1
ATM Signaling Pathway,32,0.025781538,0.0008056731,1
gata3 participate in activating the th2 cytokine genes expression,54,0.025759147,0.00047702124,1
TFAP2 (AP-2) family regulates transcription of cell cycle factors,19,0.025731374,0.0013542828,1
Ibuprofen Action Pathway,41,0.025704926,0.0006269494,1
Laminin interactions,39,0.025684612,0.0006585798,1
Signaling by high-kinase activity BRAF mutants,36,0.025674883,0.0007131912,1
TFAP2 (AP-2) family regulates transcription of other transcription factors,23,0.025664367,0.001115842,1
4-Hydroxybutyric Aciduria/Succinic Semialdehyde Dehydrogenase Deficiency,31,0.025658336,0.00082768826,1
Aggrephagy,27,0.025633669,0.0009493951,1
APC-Cdc20 mediated degradation of Nek2A,25,0.025628282,0.0010251313,1
COPI-independent Golgi-to-ER retrograde traffic,31,0.0255713,0.0008248806,1
"Cobalamin (Cbl, vitamin B12) transport and metabolism",23,0.025537826,0.0011103402,1
BMP Signaling Pathway in Eyelid Development,46,0.025512218,0.0005546134,1
Histidine degradation,29,0.025509654,0.00087964325,1
Nuclear Receptors in Lipid Metabolism and Toxicity,42,0.025476832,0.00060659123,1
Vitamins,23,0.025473703,0.0011075523,1
Host-pathogen interaction of human coronaviruses - MAPK signaling,41,0.025401084,0.00061953865,1
"Gamma carboxylation, hypusine formation and arylsulfatase activation",53,0.025392253,0.0004790991,1
superoxide radicals degradation,30,0.025378313,0.00084594375,1
Fatty acid Metabolism,12,0.025375599,0.0021146333,1
PLK1 signaling events,35,0.025347449,0.00072421285,1
Mitochondrial DNA depletion syndrome,38,0.025323266,0.00066640176,1
links between pyk2 and map kinases,40,0.025283149,0.00063207874,1
Transcriptional regulation of testis differentiation,40,0.025268544,0.0006317136,1
Osteoblast Signaling,44,0.025224255,0.0005732785,1
Regulation of Glucokinase by Glucokinase Regulatory Protein,36,0.025214398,0.0007004,1
Renin-angiotensin system - Homo sapiens (human),83,0.025192553,0.00030352475,1
Wnt signaling in kidney disease,49,0.02519085,0.00051409897,1
Glycosphingolipid biosynthesis - ganglio series - Homo sapiens (human),45,0.025187496,0.00055972213,1
HS-GAG degradation,51,0.025157833,0.00049329083,1
fc epsilon receptor i signaling in mast cells,61,0.025156438,0.00041240064,1
TLR ECSIT MEKK1 p38,33,0.025134865,0.0007616626,1
Mannose type O-glycan biosynthesis - Homo sapiens (human),40,0.025123825,0.00062809564,1
Pyrimidine metabolism - Homo sapiens (human),40,0.025119735,0.0006279934,1
Nef and signal transduction,40,0.025098506,0.00062746264,1
ucalpain and friends in cell spread,39,0.025054876,0.0006424327,1
Eicosanoid metabolism via lipooxygenases (LOX),30,0.02499245,0.00083308166,1
"Tyrosinemia, transient, of the newborn",36,0.024985764,0.000694049,1
Activation of RAS in B cells,65,0.024982547,0.00038434687,1
Ardeparin Action Pathway,21,0.024980977,0.0011895703,1
Amplification and Expansion of Oncogenic Pathways as Metastatic Traits,57,0.024975091,0.0004381595,1
Transferrin endocytosis and recycling,47,0.024964426,0.000531158,1
Signaling by FGFR3 in disease,48,0.024957076,0.00051993906,1
RNA Polymerase I Transcription Termination,43,0.024935937,0.0005799055,1
Tat-mediated elongation of the HIV-1 transcript,32,0.024912624,0.0007785195,1
ncRNAs involved in STAT3 signaling in hepatocellular carcinoma,40,0.024907067,0.0006226767,1
triacylglycerol degradation,34,0.024854895,0.0007310263,1
regulation of bad phosphorylation,35,0.024827743,0.0007093641,1
Amino sugar and nucleotide sugar metabolism - Homo sapiens (human),68,0.024812782,0.00036489384,1
Association of TriC/CCT with target proteins during biosynthesis,34,0.024807667,0.0007296373,1
Familial lipoprotein lipase deficiency,38,0.02478098,0.00065213104,1
Inhibition of nitric oxide production,32,0.024729416,0.00077279424,1
eIF5A regulation in response to inhibition of the nuclear export system,30,0.024671366,0.0008223789,1
role of mitochondria in apoptotic signaling,24,0.024665335,0.0010277223,1
Gout or Kelley-Seegmiller Syndrome,38,0.024623126,0.000647977,1
downregulated of mta-3 in er-negative breast tumors,29,0.02461906,0.00084893306,1
Propanoate metabolism,33,0.02456698,0.0007444539,1
"BMAL1:CLOCK,NPAS2 activates circadian gene expression",23,0.024561254,0.0010678807,1
Mitochondrial translation elongation,31,0.024534816,0.00079144567,1
Pantothenate and CoA biosynthesis - Homo sapiens (human),34,0.024506686,0.0007207849,1
Retinol Metabolism,32,0.024503123,0.0007657226,1
Alpha6 beta4 integrin-ligand interactions,16,0.024498846,0.0015311779,1
Acyl chain remodelling of PE,34,0.02443859,0.0007187821,1
Fanconi anemia pathway,32,0.024413502,0.00076292193,1
Wnt-beta-catenin signaling pathway in leukemia,39,0.024348596,0.000624323,1
Signal transduction by L1,31,0.02434764,0.0007854078,1
Depurination,25,0.024344966,0.0009737986,1
TGF-Core,73,0.02430165,0.0003328993,1
"Transport of vitamins, nucleosides, and related molecules",47,0.02429467,0.0005169079,1
Regulation of TLR by endogenous ligand,35,0.024286069,0.0006938877,1
CDP-diacylglycerol biosynthesis,32,0.024269735,0.00075842923,1
Biosynthesis of DHA-derived SPMs,23,0.024267238,0.0010550973,1
Nicotinamide salvaging,42,0.024221767,0.00057670876,1
Hyperinsulinism-Hyperammonemia Syndrome,31,0.024218319,0.0007812361,1
DNA methylation,55,0.024163496,0.0004393363,1
protein citrullination,26,0.024125567,0.0009279064,1
Translation initiation complex formation,49,0.024062417,0.00049106975,1
SHC1 events in ERBB4 signaling,53,0.024053322,0.00045383626,1
NAD+ metabolism,34,0.024019254,0.0007064487,1
Joubert syndrome,48,0.02400908,0.0005001892,1
Sulindac Action Pathway,20,0.023937352,0.0011968676,1
"Inactivation, recovery and regulation of the phototransduction cascade",39,0.02389972,0.00061281334,1
Glutamate Glutamine metabolism,36,0.02389064,0.0006636289,1
RND3 GTPase cycle,50,0.023885192,0.00047770384,1
alpha-Linolenic acid metabolism - Homo sapiens (human),31,0.023879634,0.00077031075,1
Common Pathway of Fibrin Clot Formation,20,0.023806222,0.001190311,1
tRNA modification in the nucleus and cytosol,44,0.023783123,0.00054052554,1
activation of pkc through g-protein coupled receptors,40,0.023776399,0.00059441,1
Dopamine beta-hydroxylase deficiency,36,0.023772316,0.0006603421,1
ERK/MAPK targets,28,0.023769358,0.00084890565,1
Non Ketotic Hyperglycinemia,51,0.023747208,0.0004656315,1
Formation of the Early Elongation Complex,29,0.02374175,0.00081868103,1
VEGFR1 specific signals,45,0.023740519,0.0005275671,1
Dopamine receptors,26,0.023740284,0.00091308786,1
Chondroitin sulfate biosynthesis,28,0.023631023,0.0008439651,1
skeletal muscle hypertrophy is regulated via akt-mtor pathway,30,0.023630872,0.00078769575,1
Indomethacin Action Pathway,25,0.023617238,0.0009446895,1
Monoamine oxidase-a deficiency (MAO-A),36,0.023614176,0.00065594935,1
tgf beta signaling pathway,50,0.023611825,0.0004722365,1
g-protein signaling through tubby proteins,37,0.023604963,0.00063797197,1
Vitamin A (retinol) metabolism,52,0.023593636,0.00045372377,1
EPHA2 forward signaling,30,0.023586532,0.00078621774,1
Aminoacyl-tRNA biosynthesis - Homo sapiens (human),28,0.023572685,0.0008418816,1
Recognition and association of DNA glycosylase with site containing an affected purine,25,0.023572536,0.0009429015,1
actions of nitric oxide in the heart,48,0.023553511,0.00049069815,1
SARS coronavirus and innate immunity,36,0.02352597,0.00065349916,1
RA biosynthesis pathway,35,0.023503087,0.0006715168,1
Ganglio Sphingolipid Metabolism,24,0.023499837,0.0009791598,1
thrombin signaling and protease-activated receptors,60,0.023494227,0.00039157044,1
Myogenesis,47,0.023448106,0.0004988959,1
Selenocompound metabolism - Homo sapiens (human),26,0.0234386,0.00090148463,1
gamma-aminobutyric acid receptor life cycle pathway,21,0.023437414,0.0011160674,1
Mitochondrial translation initiation,31,0.023372903,0.00075396465,1
HuR (ELAVL1) binds and stabilizes mRNA,35,0.023365194,0.00066757697,1
Biosynthesis of electrophilic ?-3 PUFA oxo-derivatives,4,0.0233034,0.00582585,1
Nuclear import of Rev protein,35,0.023277424,0.00066506927,1
Signalling to RAS,44,0.023273176,0.0005289358,1
Glutaric Aciduria Type I,44,0.023261122,0.0005286619,1
SHC-mediated cascade:FGFR2,56,0.02319993,0.00041428447,1
RHOV GTPase cycle,25,0.023191297,0.0009276519,1
RNA Polymerase I Promoter Clearance,37,0.02319128,0.0006267914,1
Xanthinuria type II,38,0.023181701,0.00061004475,1
Formation of the HIV-1 Early Elongation Complex,29,0.023161067,0.0007986575,1
SUMOylation of SUMOylation proteins,36,0.02315728,0.00064325775,1
NGF,23,0.023145866,0.001006342,1
SARS-CoV-2 mitochondrial interactions,24,0.023062207,0.0009609253,1
Glycerol Kinase Deficiency,38,0.02304972,0.00060657156,1
Inhibition  of voltage gated Ca2+ channels via Gbeta/gamma subunits,48,0.023039494,0.00047998945,1
"fructose 2,6-bisphosphate synthesis",18,0.023016911,0.0012787173,1
Transcriptional activation of mitochondrial biogenesis,23,0.022992743,0.0009996844,1
Cellular roles of Anthrax toxin,50,0.022972303,0.00045944605,1
Arginine and Proline Metabolism,27,0.022964738,0.0008505459,1
Gastric Cancer Network 2,33,0.022958366,0.0006957081,1
Budding and maturation of HIV virion,24,0.022954745,0.00095644774,1
2-oxoglutarate decarboxylation to succinyl-CoA,24,0.02294185,0.0009559104,1
Meiosis,26,0.022917287,0.0008814341,1
"Formation of the ternary complex, and subsequently, the 43S complex",40,0.022883425,0.0005720856,1
Synthesis of Leukotrienes (LT) and Eoxins (EX),36,0.022875031,0.0006354175,1
Prolinemia Type II,27,0.022865407,0.0008468669,1
Rabeprazole Action Pathway,50,0.022848507,0.00045697016,1
Glucagon-like Peptide-1 (GLP1) regulates insulin secretion,38,0.022829419,0.0006007742,1
IRAK1 recruits IKK complex,17,0.022789825,0.001340578,1
EGFR downregulation,34,0.022779422,0.000669983,1
Nectin/Necl  trans heterodimerization,34,0.022761628,0.00066945964,1
Myoadenylate deaminase deficiency,38,0.022753589,0.00059877866,1
Vitamin A Deficiency,32,0.02275193,0.0007109978,1
Ketorolac Action Pathway,20,0.022720708,0.0011360354,1
Transcriptional activity of SMAD2/SMAD3:SMAD4 heterotrimer,38,0.022720369,0.00059790444,1
Anistreplase Action Pathway,21,0.022717668,0.0010817937,1
Acyl chain remodelling of PG,24,0.022708047,0.0009461686,1
"Kallmann,s Syndrome",30,0.02269146,0.000756382,1
TP53 regulates transcription of several additional cell death genes whose specific roles in p53-dependent apoptosis remain uncertain,31,0.022678223,0.00073155557,1
Activated point mutants of FGFR2,44,0.022676658,0.0005153786,1
Reactions specific to the complex N-glycan synthesis pathway,24,0.022665793,0.00094440806,1
Sema4D in semaphorin signaling,27,0.022662273,0.0008393434,1
Caloric restriction and aging,19,0.022657018,0.0011924746,1
Signaling events mediated by PRL,35,0.02265679,0.0006473369,1
Lepirudin Action Pathway,21,0.022631127,0.0010776727,1
Negative regulation of TCF-dependent signaling by WNT ligand antagonists,38,0.022597555,0.0005946725,1
Methionine Metabolism,23,0.022586603,0.0009820262,1
FLT3 signaling in disease,42,0.022583928,0.0005377126,1
Hypothetical Craniofacial Development Pathway,20,0.022542657,0.0011271329,1
Visual signal transduction: Cones,29,0.022542318,0.00077732134,1
Acyl chain remodelling of PI,25,0.022498764,0.00089995057,1
TBC/RABGAPs,22,0.022472965,0.0010214983,1
MAP3K1 role in promoting and blocking gonadal determination,46,0.022470852,0.0004884968,1
Porphyrin and chlorophyll metabolism - Homo sapiens (human),51,0.02246815,0.00044055196,1
Warfarin Action Pathway,21,0.022461955,0.0010696169,1
WNT ligand biogenesis and trafficking,35,0.022414468,0.0006404134,1
p130Cas linkage to MAPK signaling for integrins,29,0.022402102,0.00077248627,1
RHO GTPases Activate NADPH Oxidases,54,0.022401797,0.0004148481,1
ERCC6 (CSB) and EHMT2 (G9a) positively regulate rRNA expression,25,0.022398846,0.00089595385,1
ADP signalling through P2Y purinoceptor 1,29,0.022347813,0.00077061425,1
Abortive elongation of HIV-1 transcript in the absence of Tat,22,0.022325078,0.0010147763,1
Fatty acid degradation - Homo sapiens (human),35,0.022282433,0.00063664094,1
Oxidative phosphorylation,32,0.022255471,0.00069548347,1
Hyperornithinemia-hyperammonemia-homocitrullinuria [HHH-syndrome],27,0.022177454,0.00082138716,1
Purine Metabolism,38,0.022115242,0.00058198004,1
NR1H3 & NR1H2 regulate gene expression linked to cholesterol transport and efflux,39,0.022095656,0.0005665553,1
Lumiracoxib Action Pathway,20,0.022089204,0.0011044602,1
tsp-1 induced apoptosis in microvascular endothelial cell,35,0.022057539,0.0006302154,1
D-glyceric acidura,38,0.02203276,0.0005798095,1
Collecting duct acid secretion - Homo sapiens (human),46,0.02201268,0.00047853653,1
Mercaptopurine Metabolism Pathway,24,0.02201258,0.00091719086,1
JNK signaling in the CD4+ TCR pathway,67,0.021997394,0.00032831932,1
NOTCH3 Activation and Transmission of Signal to the Nucleus,24,0.021974776,0.00091561564,1
Aprotinin Action Pathway,21,0.021966849,0.0010460404,1
MAPK Cascade,35,0.021963734,0.0006275353,1
ERBB2 Regulates Cell Motility,51,0.021955043,0.00043049105,1
Transfer of Acetyl Groups into Mitochondria,20,0.021945907,0.0010972953,1
Basigin interactions,24,0.02190846,0.0009128525,1
Hematopoietic Stem Cell Gene Regulation by GABP alpha-beta Complex,48,0.021906495,0.0004563853,1
Methionine Cysteine metabolism,38,0.021899324,0.000576298,1
ATM pathway,16,0.021843044,0.0013651903,1
LPA4-mediated signaling events,33,0.021797452,0.00066052884,1
eNOS activation,18,0.02175697,0.0012087205,1
Adenosine Deaminase Deficiency,38,0.021693854,0.0005708909,1
Phospholipase C-mediated cascade: FGFR1,36,0.021642681,0.0006011856,1
il22 soluble receptor signaling pathway,39,0.021597495,0.0005537819,1
WNT-Core,60,0.02156365,0.00035939415,1
Export of Viral Ribonucleoproteins from Nucleus,29,0.021553421,0.00074322143,1
Methionine De Novo and Salvage Pathway,21,0.021507658,0.0010241742,1
BMP Signalling Pathway,34,0.021489933,0.00063205685,1
Monoamine Transport,52,0.021488547,0.0004132413,1
VEGF and VEGFR signaling network,31,0.021438029,0.0006915493,1
Fructose and mannose metabolism - Homo sapiens (human),29,0.021379286,0.0007372168,1
Selenoamino Acid Metabolism,26,0.021369845,0.0008219171,1
aspirin blocks signaling pathway involved in platelet activation,28,0.021338306,0.00076208235,1
Guanidinoacetate Methyltransferase Deficiency (GAMT Deficiency),27,0.021321122,0.00078967115,1
FGFR1c ligand binding and activation,30,0.0212676,0.00070892,1
Lamivudine Metabolism Pathway,23,0.021255461,0.0009241505,1
Salicylate-sodium Action Pathway,20,0.02124166,0.0010620829,1
Interleukin-38 signaling,25,0.021237185,0.00084948743,1
Phase 0 - rapid depolarisation,31,0.021232931,0.0006849333,1
hypoxia and p53 in the cardiovascular system,50,0.02123133,0.00042462663,1
Xanthinuria type I,38,0.021229075,0.0005586599,1
Signaling by NODAL,36,0.021219455,0.0005894293,1
Farnesoid X receptor pathway,37,0.02121704,0.0005734335,1
Carprofen Action Pathway,20,0.02120626,0.001060313,1
Complex I biogenesis,26,0.021200411,0.00081540045,1
Pantoprazole Action Pathway,50,0.021196425,0.0004239285,1
Recycling of bile acids and salts,26,0.021187108,0.00081488874,1
VEGFR3 signaling in lymphatic endothelium,33,0.021173818,0.00064163085,1
Tenecteplase Action Pathway,21,0.021167362,0.0010079696,1
Signaling by ERBB2 ECD mutants,26,0.021161973,0.00081392203,1
Pausing and recovery of HIV elongation,25,0.021092799,0.00084371195,1
NAD <i>de novo</i> biosynthesis,33,0.021082949,0.0006388772,1
Ascorbate and aldarate metabolism - Homo sapiens (human),57,0.021058287,0.00036944365,1
Regulation of cytoplasmic and nuclear SMAD2/3 signaling,23,0.020961983,0.0009113906,1
Retrograde neurotrophin signalling,11,0.020953296,0.0019048451,1
Dopa-responsive dystonia,10,0.020913824,0.0020913824,1
Phospholipase C-mediated cascade; FGFR4,36,0.020883849,0.0005801069,1
Nef mediated downregulation of CD28 cell surface expression,53,0.020784333,0.00039215724,1
Prolonged ERK activation events,18,0.020783609,0.0011546449,1
G protein gated Potassium channels,48,0.020778656,0.00043288866,1
Biosynthesis of unsaturated fatty acids - Homo sapiens (human),24,0.02077799,0.00086574955,1
Celecoxib Action Pathway,25,0.020755786,0.00083023147,1
lissencephaly gene (lis1) in neuronal migration and development,19,0.020740718,0.0010916167,1
Coagulation ,21,0.020686664,0.0009850792,1
repression of pain sensation by the transcriptional regulator dream,32,0.020670518,0.0006459537,1
Urokinase Action Pathway,21,0.02066231,0.0009839195,1
Acetylsalicylic Acid Action Pathway,20,0.020637168,0.0010318584,1
Serotonin receptors,39,0.020635508,0.0005291156,1
PDGF receptor signaling network,38,0.020614302,0.0005424816,1
NR1H2 & NR1H3 regulate gene expression linked to gluconeogenesis ,26,0.020592967,0.0007920372,1
L-arginine:glycine amidinotransferase deficiency,27,0.020521205,0.0007600446,1
Somatic sex determination,37,0.02051766,0.00055453135,1
Interaction between L1 and Ankyrins,31,0.020477215,0.0006605553,1
RUNX2 regulates osteoblast differentiation,73,0.020469453,0.00028040347,1
Biosynthesis of EPA-derived SPMs,17,0.020463608,0.0012037416,1
Reteplase Action Pathway,21,0.02045511,0.0009740529,1
Tranexamic Acid Action Pathway,21,0.020452596,0.00097393314,1
Beta defensins,39,0.020437742,0.0005240447,1
"mRNA decay by 5, to 3, exoribonuclease",44,0.020432118,0.0004643663,1
BMP2-WNT4-FOXO1 pathway in primary endometrial stromal cell differentiation,20,0.020383693,0.0010191847,1
DNA replication - Homo sapiens (human),23,0.020364953,0.00088543276,1
Synthesis of very long-chain fatty acyl-CoAs,31,0.020364296,0.00065691274,1
NoRC negatively regulates rRNA expression,33,0.02035275,0.00061675,1
Mefenamic Acid Action Pathway,20,0.020343598,0.0010171799,1
Metastatic brain tumor,19,0.020306585,0.0010687676,1
Intracellular Signalling Through PGD2 receptor and Prostaglandin D2,14,0.020302715,0.0014501939,1
NGF-independant TRKA activation,18,0.020290047,0.0011272249,1
FGFR3 ligand binding and activation,34,0.02028874,0.00059672765,1
Galactose metabolism - Homo sapiens (human),46,0.020224482,0.00043966266,1
Disassembly of the destruction complex and recruitment of AXIN to the membrane,27,0.020220144,0.00074889424,1
2-oxobutanoate degradation,30,0.02021357,0.0006737857,1
Tight junction interactions,37,0.020207452,0.00054614735,1
Simplified Interaction Map Between LOXL4 and Oxidative Stress Pathway,26,0.020193724,0.0007766817,1
IFN alpha signaling,24,0.020160314,0.0008400131,1
Effects of Botulinum toxin,18,0.020158375,0.0011199097,1
eumelanin biosynthesis,13,0.0201448,0.0015495999,1
RNA Polymerase II Transcription Initiation,34,0.020140758,0.00059237523,1
FGFR2c ligand binding and activation,43,0.020136751,0.00046829655,1
Vitamin B5 - CoA biosynthesis from pantothenate,21,0.020093987,0.00095685653,1
Transcriptional cascade regulating adipogenesis,24,0.020075656,0.0008364857,1
Phenylalanine degradation,28,0.020034146,0.0007155052,1
Vitamin digestion and absorption - Homo sapiens (human),30,0.020022368,0.00066741224,1
H19 action Rb-E2F1 signaling and CDK-Beta-catenin activity,29,0.020016527,0.00069022505,1
Metal ion SLC transporters,44,0.019995853,0.00045445122,1
Leukotriene C4 Synthesis Deficiency,20,0.019991621,0.0009995811,1
Eukaryotic Transcription Initiation,29,0.019975044,0.0006887946,1
PKA-mediated phosphorylation of CREB,36,0.019962074,0.00055450207,1
G1/S DNA Damage Checkpoints,9,0.01995803,0.002217559,1
Unfolded protein response,27,0.01994737,0.0007387915,1
Multifunctional anion exchangers,37,0.019890953,0.0005375933,1
MTOR signalling,25,0.019849058,0.00079396233,1
human cytomegalovirus and map kinase pathways,14,0.01984755,0.0014176822,1
ADP signalling through P2Y purinoceptor 12,18,0.019839402,0.0011021891,1
Lysine metabolism,41,0.019834459,0.00048376727,1
Creation of C4 and C2 activators,41,0.019823723,0.00048350543,1
TPO signaling,24,0.019822638,0.00082594325,1
TRAF6-mediated induction of TAK1 complex within TLR4 complex,49,0.019794215,0.00040396355,1
miR-509-3p alteration of YAP1-ECM axis,32,0.01977048,0.0006178275,1
Signaling by activated point mutants of FGFR3,30,0.019726148,0.00065753824,1
RNA Pol II CTD phosphorylation and interaction with CE,26,0.019708078,0.00075800304,1
Tyrosine Metabolism,36,0.01969629,0.0005471192,1
Reduction of cytosolic Ca++ levels,23,0.019693155,0.0008562241,1
Alanine Aspartate Asparagine metabolism,29,0.01967603,0.0006784838,1
Formation of HIV-1 elongation complex containing HIV-1 Tat,32,0.01967593,0.0006148728,1
Biosynthesis of E-series 18(S)-resolvins,15,0.01967213,0.0013114753,1
Fenoprofen Action Pathway,20,0.019647675,0.0009823837,1
Amino acids regulate mTORC1,43,0.019646794,0.00045690217,1
EV release from cardiac cells and their functional effects,36,0.019631352,0.0005453153,1
Salicylic Acid Action Pathway,20,0.01959582,0.000979791,1
Inhibition of the proteolytic activity of APC/C required for the onset of anaphase by mitotic spindle checkpoint components,24,0.019501401,0.0008125584,1
how progesterone initiates the oocyte maturation,32,0.019495875,0.0006092461,1
g-secretase mediated erbb4 signaling pathway,40,0.019488493,0.00048721232,1
FGFR1 ligand binding and activation,35,0.019457422,0.00055592635,1
RUNX1 regulates transcription of genes involved in BCR signaling,34,0.01945118,0.00057209353,1
Diflunisal Action Pathway,20,0.019450637,0.00097253185,1
Switching of origins to a post-replicative state,33,0.019450156,0.00058939867,1
Mitochondrial complex III assembly,15,0.019434158,0.0012956106,1
Vitamin E metabolism,26,0.019415414,0.00074674666,1
Nateglinide Action Pathway,16,0.019399963,0.0012124977,1
glycine cleavage,27,0.019366499,0.00071727776,1
Magnesium salicylate Action Pathway,20,0.01936316,0.00096815795,1
Regulation of RUNX3 expression and activity,16,0.019360283,0.0012100177,1
Gastrin-CREB signalling pathway via PKC and MAPK,28,0.019352306,0.00069115375,1
Influenza Viral RNA Transcription and Replication,33,0.019350898,0.00058639084,1
y branching of actin filaments,29,0.01934464,0.0006670566,1
RUNX1 regulates transcription of genes involved in differentiation of myeloid cells,24,0.019331686,0.0008054869,1
Lesch-Nyhan Syndrome (LNS),38,0.019317089,0.00050834444,1
RHOU GTPase cycle,26,0.019296285,0.0007421648,1
Methylation,22,0.019270567,0.0008759349,1
"Regulation of glycolysis by fructose 2,6-bisphosphate metabolism",24,0.019269867,0.0008029111,1
ras signaling pathway,22,0.019259423,0.0008754283,1
Signaling by FGFR3 fusions in cancer,19,0.019246852,0.0010129922,1
Molecules associated with elastic fibres,47,0.01920727,0.00040866534,1
Class I PI3K signaling events mediated by Akt,30,0.019196797,0.00063989323,1
Photodynamic therapy-induced unfolded protein response,22,0.019175919,0.00087163266,1
Purine Nucleoside Phosphorylase Deficiency,38,0.019170178,0.00050447835,1
Deregulation of Rab and Rab Effector Genes in Bladder Cancer,18,0.019156136,0.0010642298,1
RHO GTPases Activate WASPs and WAVEs,52,0.01913569,0.000367994,1
Activation of G protein gated Potassium channels,48,0.01913475,0.00039864064,1
EGR2 and SOX10-mediated initiation of Schwann cell myelination,28,0.019134348,0.0006833696,1
Lysine Degradation,34,0.019127183,0.0005625642,1
RNA Polymerase II Promoter Escape,34,0.01910816,0.0005620047,1
Aspartate and asparagine metabolism,21,0.01909083,0.00090908713,1
Glucagon-type ligand receptors,39,0.01907009,0.00048897666,1
Nicotinate and Nicotinamide Metabolism,46,0.0190528,0.0004141913,1
Putative anti-Inflammatory metabolites formation from EPA,29,0.01900471,0.00065533485,1
FGFR3 mutant receptor activation,30,0.019002283,0.0006334094,1
Cytosolic sulfonation of small molecules,20,0.018973319,0.00094866595,1
Negative regulation of FLT3,19,0.018958306,0.0009978056,1
effects of calcineurin in keratinocyte differentiation,17,0.018954208,0.0011149534,1
TRAF3-dependent IRF activation pathway,17,0.018942218,0.0011142482,1
Iron metabolism in placenta,11,0.018928843,0.0017208039,1
RUNX3 regulates p14-ARF,44,0.018887453,0.00042926028,1
Xenobiotics,17,0.018882083,0.0011107108,1
Phenylbutazone Action Pathway,20,0.018873198,0.0009436599,1
SHC-related events triggered by IGF1R,20,0.018848129,0.0009424064,1
VEGF binds to VEGFR leading to receptor dimerization,20,0.018838514,0.0009419257,1
Glycosphingolipid biosynthesis - globo and isoglobo series - Homo sapiens (human),24,0.018837066,0.00078487775,1
VEGF ligand-receptor interactions,20,0.018827947,0.00094139733,1
Etodolac Action Pathway,20,0.018823514,0.0009411757,1
Activation of ATR in response to replication stress,32,0.01881998,0.0005881244,1
Initial triggering of complement,46,0.018803077,0.00040876254,1
phosphoinositides and their downstream targets,36,0.018780505,0.0005216807,1
MET promotes cell motility,24,0.01877961,0.0007824837,1
RHOBTB GTPase Cycle,41,0.018774293,0.0004579096,1
Nucleobase catabolism,34,0.018733174,0.0005509757,1
RHOBTB2 GTPase cycle,33,0.018705536,0.0005668344,1
Gluconeogenesis,39,0.018625792,0.0004775844,1
Prolidase Deficiency (PD),27,0.01862019,0.0006896366,1
IKK complex recruitment mediated by RIP1,34,0.018619033,0.0005476186,1
HH-Ncore,35,0.0186152,0.00053186284,1
Transcriptional Regulation by VENTX,25,0.018576836,0.00074307347,1
Nucleotide excision repair - Homo sapiens (human),39,0.018565563,0.0004760401,1
NEP/NS2 Interacts with the Cellular Export Machinery,29,0.018559858,0.0006399951,1
ISG15 antiviral mechanism,36,0.018556712,0.0005154642,1
Aminocaproic Acid Action Pathway,21,0.018554855,0.0008835645,1
Phospholipase C-mediated cascade; FGFR3,31,0.018554742,0.00059854006,1
transcription factor creb and its extracellular signals,39,0.018552944,0.00047571652,1
Lovastatin Action Pathway,14,0.018536989,0.0013240706,1
Toll-like Receptor Signaling related to MyD88,34,0.018529328,0.0005449802,1
Molybdenum Cofactor Deficiency,38,0.01852691,0.00048755025,1
BMP signaling Dro,37,0.018523656,0.0005006393,1
Tiaprofenic Acid Action Pathway,20,0.018519027,0.00092595135,1
Zinc homeostasis,41,0.018477459,0.00045066973,1
Presynaptic depolarization and calcium channel opening,37,0.018455597,0.0004987999,1
Packaging Of Telomere Ends,20,0.01843388,0.000921694,1
Endogenous TLR signaling,28,0.018377436,0.000656337,1
Threonine and 2-Oxobutanoate Degradation,30,0.018377421,0.00061258074,1
Argatroban Action Pathway,21,0.018377094,0.0008750997,1
Genes targeted by miRNAs in adipocytes,37,0.018356947,0.0004961337,1
cyclins and cell cycle regulation,20,0.018347342,0.00091736706,1
erk1/erk2 mapk signaling pathway,30,0.018342547,0.0006114182,1
Signaling by FLT3 fusion proteins,31,0.018286387,0.0005898834,1
Intraflagellar transport proteins binding to dynein,24,0.018236578,0.0007598574,1
Nonhomologous End-Joining (NHEJ),32,0.018236034,0.00056987605,1
Glycosphingolipid biosynthesis - globoseries,26,0.018204318,0.0007001661,1
Acetaminophen  Action Pathway,20,0.018173983,0.0009086992,1
chromatin remodeling by hswi/snf atp-dependent complexes,33,0.018145172,0.0005498537,1
melanocyte development and pigmentation pathway,33,0.018110095,0.00054879073,1
Translation of structural proteins,36,0.018110022,0.00050305616,1
Pentose and glucuronate interconversions - Homo sapiens (human),61,0.018082317,0.00029643142,1
how does salmonella hijack a cell,27,0.018068638,0.0006692088,1
Degradation of AXIN,14,0.018057099,0.0012897927,1
Plasma lipoprotein clearance,38,0.018016448,0.00047411706,1
RNA Polymerase II Transcription Initiation And Promoter Clearance,34,0.018004553,0.0005295457,1
regulation of cell cycle progression by plk3,16,0.017973883,0.0011233677,1
"Hyperlysinemia I, Familial",34,0.017961765,0.0005282872,1
Beta Ureidopropionase Deficiency,20,0.017961033,0.00089805166,1
Nef mediated downregulation of MHC class I complex cell surface expression,28,0.017957482,0.00064133864,1
IL-13 signaling,37,0.017942052,0.00048492034,1
Lornoxicam Action Pathway,20,0.017933242,0.0008966621,1
Tolmetin Action Pathway,20,0.017919093,0.00089595467,1
Fanconi Anemia Pathway,27,0.017906357,0.0006631984,1
FLT3 signaling through SRC family kinases,39,0.017879428,0.00045844688,1
RNA polymerase - Homo sapiens (human),23,0.017868476,0.00077689026,1
Antrafenine Action Pathway,20,0.0178556,0.00089277996,1
"NAD metabolism, sirtuins and aging",26,0.017829625,0.0006857548,1
Cellular hexose transport,22,0.017802633,0.0008092106,1
Lissencephaly gene (LIS1) in neuronal migration and development,25,0.017801998,0.0007120799,1
Signaling by FLT3 ITD and TKD mutants,32,0.017775264,0.000555477,1
Cyclin E associated events during G1/S transition ,20,0.017736716,0.0008868358,1
"Homocystinuria-megaloblastic anemia due to defect in cobalamin metabolism, cblG complementation type",23,0.017705645,0.0007698107,1
Hyperornithinemia with gyrate atrophy (HOGA),27,0.01769055,0.0006552056,1
Hyperprolinemia Type I,27,0.017683411,0.00065494113,1
2-Hydroxyglutric Aciduria (D And L Form),31,0.01768188,0.0005703832,1
Acetylcholine regulates insulin secretion,28,0.01763235,0.0006297268,1
PI3K events in ERBB4 signaling,43,0.017631419,0.000410033,1
L-kynurenine degradation,22,0.017607892,0.0008003587,1
Carbohydrate digestion and absorption - Homo sapiens (human),37,0.017599484,0.00047566174,1
Activation of the pre-replicative complex,24,0.017596105,0.00073317107,1
role of ppar-gamma coactivators in obesity and thermogenesis,17,0.017593095,0.001034888,1
Synthesis of PIPs at the late endosome membrane,49,0.017591752,0.00035901534,1
Ketoprofen Action Pathway,20,0.017582806,0.0008791403,1
Alteplase Action Pathway,21,0.017574636,0.00083688746,1
Retrograde transport at the Trans-Golgi-Network,39,0.017542653,0.0004498116,1
Phenylalanine metabolism - Homo sapiens (human),25,0.017538685,0.0007015474,1
Rofecoxib Action Pathway,20,0.017521117,0.00087605586,1
Proton-coupled monocarboxylate transport,14,0.017490922,0.0012493515,1
Glycine N-methyltransferase Deficiency,23,0.017489944,0.00076043233,1
Signaling by PDGFR in disease,44,0.017489916,0.00039749808,1
Oxaprozin Action Pathway,20,0.017485663,0.00087428314,1
Lysosome Vesicle Biogenesis,30,0.017476646,0.0005825549,1
Biopterin metabolism,25,0.017465023,0.00069860095,1
ID signaling pathway,16,0.017455775,0.001090986,1
RNA Polymerase I Transcription Initiation,35,0.017451245,0.000498607,1
ACE Inhibitor Pathway,19,0.017445011,0.0009181585,1
rRNA processing in the nucleus and cytosol,44,0.01743445,0.0003962375,1
Tamoxifen metabolism,31,0.017434321,0.0005623975,1
Pentose phosphate pathway,30,0.017430602,0.0005810201,1
Flurbiprofen Action Pathway,20,0.017427279,0.0008713639,1
RNA Polymerase II HIV Promoter Escape,34,0.017422674,0.0005124316,1
lectin induced complement pathway,43,0.017411096,0.00040490922,1
TGF-beta signaling TAK1,38,0.017370494,0.00045711827,1
TCA Cycle and Deficiency of Pyruvate Dehydrogenase complex (PDHc),40,0.01736984,0.000434246,1
Acetaminophen Metabolism Pathway,31,0.017365733,0.00056018494,1
Inositol transporters,17,0.017363593,0.0010213879,1
Signaling by EGFR in Cancer,31,0.017305922,0.00055825553,1
Cystathionine Beta-Synthase Deficiency,23,0.017301742,0.0007522497,1
Arachidonic Acid Metabolism,20,0.017292557,0.0008646279,1
mRNA Splicing - Minor Pathway,26,0.017290775,0.0006650298,1
MET interacts with TNS proteins,15,0.017274585,0.0011516389,1
"1,25-dihydroxyvitamin D<sub>3</sub> biosynthesis",10,0.017265081,0.0017265081,1
Ornithine Aminotransferase Deficiency (OAT Deficiency),27,0.017221771,0.0006378434,1
Formation of TC-NER Pre-Incision Complex,28,0.017213657,0.0006147735,1
Activation of BAD and translocation to mitochondria ,21,0.017195247,0.0008188213,1
Fondaparinux Action Pathway,21,0.017180912,0.00081813865,1
Butyrophilin (BTN) family interactions,20,0.017176997,0.00085884985,1
Intracellular Signalling Through FSH Receptor and Follicle Stimulating Hormone,20,0.017147042,0.0008573521,1
Interconversion of nucleotide di- and triphosphates,19,0.017125411,0.0009013374,1
Signaling events mediated by HDAC Class III,39,0.017115068,0.0004388479,1
adp-ribosylation factor,53,0.01708075,0.0003222783,1
Degradation of GLI2 by the proteasome,20,0.017073287,0.00085366436,1
Surfactant metabolism,30,0.017072946,0.0005690982,1
fibrinolysis pathway,12,0.017050788,0.001420899,1
Nepafenac Action Pathway,20,0.01703935,0.0008519675,1
RNA Polymerase II Transcription Pre-Initiation And Promoter Opening,34,0.017013485,0.0005003966,1
exRNA mechanism of action and biogenesis,11,0.017011547,0.0015465043,1
Segawa syndrome,10,0.01700906,0.0017009061,1
Pausing and recovery of Tat-mediated HIV elongation,25,0.016970262,0.00067881047,1
Insertion of tail-anchored proteins into the endoplasmic reticulum membrane,28,0.016939124,0.0006049687,1
Validated nuclear estrogen receptor beta network,30,0.016937766,0.0005645922,1
Histidine metabolism - Homo sapiens (human),22,0.016896326,0.0007680148,1
regulation of eif-4e and p70s6 kinase,32,0.016892487,0.0005278902,1
N-glycan trimming in the ER and Calnexin/Calreticulin cycle,17,0.01689215,0.0009936559,1
Endosomal Sorting Complex Required For Transport (ESCRT),18,0.0168682,0.0009371222,1
signaling pathway from g-protein families,30,0.016802171,0.00056007237,1
Meloxicam Action Pathway,20,0.016790297,0.00083951483,1
Assembly Of The HIV Virion,13,0.016787546,0.0012913496,1
Signaling by activated point mutants of FGFR1,30,0.01677869,0.0005592897,1
Methadone Metabolism Pathway,24,0.016731609,0.00069715036,1
cdk regulation of dna replication,16,0.016728332,0.0010455208,1
Butanoate metabolism,30,0.016708711,0.00055695703,1
cxcr4 signaling pathway,26,0.016704602,0.0006424847,1
Trisalicylate-choline Action Pathway,20,0.01661938,0.000830969,1
Ephrin A  reverse signaling,40,0.016606206,0.00041515514,1
RNA Polymerase III Abortive And Retractive Initiation,24,0.016599279,0.00069163664,1
IRAK1 recruits IKK complex upon TLR7/8 or 9 stimulation,17,0.016559416,0.0009740833,1
Scavenging by Class A Receptors,42,0.01655142,0.00039408143,1
E-cadherin signaling in the nascent adherens junction,38,0.016548445,0.00043548542,1
Hydrolysis of LPC,13,0.016538186,0.0012721681,1
Folate metabolism,23,0.016533004,0.00071882625,1
GAB1 signalosome,28,0.016523046,0.0005901088,1
The activation of arylsulfatases,38,0.016519539,0.0004347247,1
Deadenylation of mRNA,27,0.016510915,0.00061151537,1
Biosynthesis of D-series resolvins,15,0.016467387,0.0010978258,1
Insulin receptor recycling,42,0.016454797,0.0003917809,1
Signaling by cytosolic FGFR1 fusion mutants,40,0.016440824,0.0004110206,1
Morphine Metabolism Pathway,28,0.01643991,0.0005871396,1
SRF and miRs in Smooth Muscle Differentiation and Proliferation,29,0.016422054,0.0005662777,1
Biosynthesis of aspirin-triggered D-series resolvins,15,0.016414143,0.0010942762,1
Visual signal transduction: Rods,21,0.016397862,0.00078085053,1
egf signaling pathway,36,0.016376402,0.00045490006,1
VLDLR internalisation and degradation,15,0.016375793,0.0010917195,1
Intra-Golgi traffic,51,0.016349759,0.0003205835,1
Attenuation phase,21,0.016339783,0.0007780849,1
chondroitin and dermatan biosynthesis,16,0.016336165,0.0010210103,1
pdgf signaling pathway,40,0.016296223,0.00040740558,1
IRAK2 mediated activation of TAK1 complex,32,0.016292283,0.00050913385,1
miRNA targets in ECM and membrane receptors,28,0.016260432,0.00058072974,1
Chylomicron remodeling,20,0.016245756,0.0008122878,1
Signaling by WNT in cancer,11,0.016238576,0.0014762342,1
igf-1 signaling pathway,34,0.016236806,0.0004775531,1
Nabumetone Action Pathway,20,0.016230648,0.00081153243,1
Metabolism of Spingolipids in ER and Golgi apparatus,16,0.016228577,0.0010142861,1
Pancreas Function,16,0.016223615,0.0010139759,1
Regulation of cytoskeletal remodeling and cell spreading by IPP complex components,29,0.0162068,0.0005588551,1
SUMOylation of DNA methylation proteins,27,0.01618471,0.0005994337,1
Metabolism of nitric oxide: NOS3 activation and regulation,22,0.016150407,0.00073410943,1
Methylenetetrahydrofolate Reductase Deficiency (MTHFRD),32,0.01613696,0.00050428,1
Amyotrophic lateral sclerosis (ALS),37,0.016109517,0.00043539234,1
Signal Transduction of S1P Receptor,32,0.016096627,0.0005030196,1
"Glycogenosis, Type III. Cori disease, Debrancher glycogenosis",19,0.016090013,0.00084684277,1
Thrombin signalling through proteinase activated receptors (PARs),24,0.016084546,0.00067018945,1
Pentose phosphate pathway - Homo sapiens (human),22,0.016058765,0.00072994386,1
"Synthesis And Processing Of GAG, GAGPOL Polyproteins",10,0.016054934,0.0016054934,1
Purinergic signaling,32,0.016030677,0.00050095865,1
Dual Incision in GG-NER,36,0.016003823,0.00044455065,1
Abacavir transport and metabolism,18,0.016000316,0.0008889064,1
Alpha-protein kinase 1 signaling pathway,34,0.0159978,0.0004705235,1
Ethanol effects on histone modifications,30,0.01599111,0.000533037,1
Inhibition of exosome biogenesis and secretion by Manumycin A in CRPC cells,29,0.015970523,0.0005507077,1
Acrosome Reaction and Sperm:Oocyte Membrane Binding,22,0.015964923,0.00072567834,1
Glutathione conjugation,20,0.015954489,0.00079772447,1
Vitamin B6 metabolism - Homo sapiens (human),10,0.01589229,0.001589229,1
Bivalirudin Action Pathway,21,0.015876746,0.0007560355,1
Abacavir transmembrane transport,15,0.01585119,0.001056746,1
MicroRNA for Targeting Cancer Growth and Vascularization in Glioblastoma,16,0.015818896,0.000988681,1
Cholesterol biosynthesis,20,0.015818128,0.00079090643,1
Chk1/Chk2(Cds1) mediated inactivation of Cyclin B:Cdk1 complex,16,0.015800688,0.000987543,1
PKA activation in glucagon signalling,34,0.015797876,0.0004646434,1
Hormone ligand-binding receptors,23,0.01579522,0.0006867487,1
Organic cation transport,27,0.015785271,0.00058463967,1
Deposition of new CENPA-containing nucleosomes at the centromere,45,0.015784299,0.0003507622,1
Base excision repair - Homo sapiens (human),20,0.015756326,0.0007878163,1
Tyrosinemia Type I,36,0.015746692,0.0004374081,1
Hyperphenylalaninemia due to 6-pyruvoyltetrahydropterin synthase deficiency (ptps),10,0.015686454,0.0015686455,1
"ERK Pathway in Huntington,s Disease",27,0.015679225,0.00058071205,1
neuroregulin receptor degredation protein-1 controls erbb3 receptor recycling,37,0.015674688,0.00042364022,1
IGF-Core,31,0.015664529,0.0005053074,1
Dermatan sulfate biosynthesis,20,0.015635207,0.0007817604,1
DNA Replication Pre-Initiation,25,0.015627144,0.0006250858,1
Protein export - Homo sapiens (human),32,0.015625838,0.00048830744,1
Toxicity of botulinum toxin type D (botD),10,0.015617288,0.0015617288,1
Methionine Adenosyltransferase Deficiency,23,0.015606819,0.0006785573,1
Energy dependent regulation of mTOR by LKB1-AMPK,20,0.015588716,0.0007794358,1
Phototransduction - Homo sapiens (human),19,0.015584253,0.0008202238,1
MED and Pseudoachondroplasia genes,9,0.0155839315,0.001731548,1
Mono-unsaturated fatty acid beta-oxidation,17,0.01555963,0.00091527234,1
Cyclin A:Cdk2-associated events at S phase entry,20,0.015557064,0.0007778532,1
p38MAPK events,39,0.015555443,0.00039885752,1
TFAP2A acts as a transcriptional repressor during retinoic acid induced cell differentiation,11,0.015540627,0.0014127842,1
Sulfation Biotransformation Reaction,16,0.015527022,0.0009704389,1
Salla Disease/Infantile Sialic Acid Storage Disease,44,0.015518383,0.00035269052,1
"Creatine deficiency, guanidinoacetate methyltransferase deficiency",27,0.015500047,0.00057407585,1
regulation of map kinase pathways through dual specificity phosphatases,16,0.015493745,0.00096835906,1
Neurophilin interactions with VEGF and VEGFR,21,0.01549357,0.000737789,1
let-7 inhibition of ES cell reprogramming,30,0.01548488,0.00051616266,1
Fosphenytoin (Antiarrhythmic) Metabolism Pathway,9,0.015479475,0.0017199417,1
Degradation of Superoxides,13,0.015473087,0.0011902375,1
DARPP-32 events,35,0.015471039,0.0004420297,1
Hyperlysinemia II or Saccharopinuria,34,0.015464772,0.00045484622,1
"Signaling by PDGFRA transmembrane, juxtamembrane and kinase domain mutants",28,0.015435219,0.0005512578,1
Cells and molecules involved in local acute inflammatory response,57,0.015414185,0.0002704243,1
The canonical retinoid cycle in rods (twilight vision),18,0.015411214,0.0008561786,1
Activation and oligomerization of BAK protein,15,0.015384589,0.0010256392,1
mcalpain and friends in cell motility,40,0.015308507,0.00038271266,1
CREB phosphorylation,31,0.015307363,0.0004937859,1
Gene regulatory network modelling somitogenesis,24,0.0153030045,0.00063762517,1
Salsalate Action Pathway,20,0.015283868,0.00076419336,1
role of pi3k subunit p85 in regulation of actin organization and cell migration,30,0.015282998,0.0005094333,1
Tenoxicam Action Pathway,20,0.015281723,0.00076408614,1
Striated Muscle Contraction Pathway,17,0.015281049,0.0008988852,1
Zinc influx into cells by the SLC39 gene family,22,0.0152782,0.0006944636,1
"D-<i>myo</i>-inositol (1,4,5)-trisphosphate biosynthesis",24,0.015255647,0.00063565193,1
SCF-beta-TrCP mediated degradation of Emi1,10,0.015248807,0.0015248808,1
FCGR activation,47,0.015240164,0.00032425878,1
Zinc transporters,35,0.01521973,0.00043484944,1
Inhibition of DNA recombination at telomere,22,0.015215554,0.0006916161,1
ALK1 signaling events,35,0.0152126085,0.00043464595,1
Phenindione Action Pathway,21,0.015196341,0.0007236353,1
Arginine: Glycine Amidinotransferase Deficiency (AGAT Deficiency),27,0.015187408,0.0005624966,1
HDACs deacetylate histones,33,0.015167529,0.0004596221,1
Fructose and mannose metabolism,20,0.015164321,0.0007582161,1
Irinotecan Action Pathway,24,0.015140316,0.00063084654,1
cell cycle: g1/s check point,21,0.015134772,0.00072070345,1
Ras signaling in the CD4+ TCR pathway,50,0.015128969,0.00030257937,1
Activated NTRK2 signals through FRS2 and FRS3,22,0.015122231,0.00068737415,1
Mitochondrial translation termination,30,0.015100952,0.00050336507,1
Activated NTRK2 signals through RAS,24,0.015097519,0.0006290633,1
ctcf: first multivalent nuclear factor,17,0.015089963,0.0008876449,1
RUNX1 regulates transcription of genes involved in differentiation of keratinocytes,14,0.015085369,0.0010775264,1
mtor signaling pathway,21,0.015060083,0.0007171468,1
Apoptotic factor-mediated response,12,0.01502378,0.0012519817,1
CD209 (DC-SIGN) signaling,23,0.014953207,0.00065013947,1
G beta:gamma signalling through PI3Kgamma,19,0.014926129,0.0007855857,1
S-Adenosylhomocysteine (SAH) Hydrolase Deficiency,23,0.014908716,0.00064820505,1
Cooperation of Prefoldin and TriC/CCT  in actin and tubulin folding,15,0.01489961,0.0009933073,1
"Synthesis, secretion, and inactivation of Glucose-dependent Insulinotropic Polypeptide (GIP)",14,0.014877933,0.0010627095,1
IL9,21,0.014871815,0.0007081817,1
Pamidronate Action Pathway,14,0.014865338,0.0010618098,1
Striated Muscle Contraction,15,0.014864835,0.000990989,1
Synthesis of 5-eicosatetraenoic acids,16,0.014860652,0.0009287908,1
Crosslinking of collagen fibrils,11,0.014856516,0.0013505924,1
"Metabolic pathway of LDL, HDL and TG, including diseases",21,0.014836151,0.0007064834,1
Formation of ATP by chemiosmotic coupling,9,0.01483423,0.0016482477,1
Nucleosome assembly,45,0.014817874,0.0003292861,1
De novo fatty acid biosynthesis,17,0.014803062,0.0008707684,1
Metabolism of amine-derived hormones,20,0.014779837,0.00073899183,1
HIV Transcription Initiation,34,0.014769824,0.0004344066,1
RUNX3 regulates RUNX1-mediated transcription,24,0.014766459,0.0006152691,1
Airway smooth muscle cell contraction,30,0.014712695,0.0004904232,1
Type III interferon signaling,21,0.014705081,0.00070024194,1
G-protein beta:gamma signalling,23,0.014703404,0.00063927844,1
Streptokinase Action Pathway,21,0.01469455,0.0006997405,1
Thiamine metabolic pathways,17,0.014681996,0.0008636468,1
Suprofen Action Pathway,20,0.01463214,0.000731607,1
Interleukin-18 signaling,19,0.014625096,0.0007697419,1
Antiviral mechanism by IFN-stimulated genes,40,0.014590332,0.0003647583,1
"bile acid biosynthesis, neutral pathway",24,0.014576886,0.0006073702,1
Rapid glucocorticoid signaling,11,0.014564561,0.001324051,1
Cell Differentiation - Index,12,0.0145248715,0.001210406,1
Condensation of Prophase Chromosomes,34,0.014516592,0.00042695858,1
Organic cation/anion/zwitterion transport,29,0.014498709,0.0004999555,1
SNARE interactions in vesicular transport - Homo sapiens (human),23,0.014470937,0.00062917115,1
Glibenclamide Action Pathway,16,0.01444585,0.0009028656,1
Etoricoxib Action Pathway,20,0.014444121,0.0007222061,1
Interleukin-33 signaling,28,0.014432115,0.0005154327,1
Ibuprofen Metabolism Pathway,25,0.014430377,0.00057721505,1
Dicumarol Action Pathway,21,0.014429472,0.00068711775,1
Signaling by PDGFRA extracellular domain mutants,28,0.014412207,0.0005147217,1
"Glycogenosis, Type VI. Hers disease",19,0.014411558,0.0007585031,1
Pyridoxine dependency with seizures,34,0.014397491,0.0004234556,1
LGI-ADAM interactions,34,0.014383916,0.00042305634,1
Synthesis of active ubiquitin: roles of E1 and E2 enzymes,49,0.014360047,0.00029306218,1
Phospholipase C-mediated cascade; FGFR2,45,0.014323651,0.00031830336,1
Resolution of Abasic Sites (AP sites),26,0.014319081,0.0005507339,1
nitric oxide signaling pathway,25,0.014318359,0.00057273434,1
pkc-catalyzed phosphorylation of inhibitory phosphoprotein of myosin phosphatase,21,0.014300492,0.0006809758,1
Pyrimidine Metabolism,20,0.01429203,0.0007146015,1
MECP2 regulates transcription factors,34,0.014289066,0.00042026665,1
Diclofenac Action Pathway,20,0.0142888175,0.0007144409,1
2-oxoisovalerate decarboxylation to isobutanoyl-CoA,26,0.01428809,0.0005495419,1
Aflatoxin activation and detoxification,12,0.014274925,0.001189577,1
Membrane binding and targetting of GAG proteins,10,0.014255599,0.0014255599,1
Aryl hydrocarbon receptor signalling,14,0.0142463595,0.0010175972,1
XAV939 stabilizes AXIN,11,0.0142270755,0.0012933705,1
Cristae formation,9,0.014223635,0.0015804039,1
RUNX3 regulates YAP1-mediated transcription,18,0.014186785,0.0007881547,1
tRNA Aminoacylation,23,0.014165426,0.0006158881,1
TP53 Regulates Transcription of Genes Involved in G1 Cell Cycle Arrest,13,0.014159508,0.0010891929,1
Target Of Rapamycin (TOR) Signaling,28,0.014118613,0.00050423614,1
NCAM1 interactions,45,0.014118218,0.0003137382,1
Meiotic recombination,25,0.014107393,0.00056429574,1
Signaling by Ligand-Responsive EGFR Variants in Cancer,25,0.014105722,0.0005642289,1
RNA Pol II CTD phosphorylation and interaction with CE during HIV infection,26,0.014087167,0.0005418141,1
Ximelagatran Action Pathway,21,0.014074652,0.0006702215,1
Phosphorylation of Emi1,8,0.014039118,0.0017548897,1
Urea cycle,14,0.014021261,0.0010015186,1
Enoxaparin Action Pathway,21,0.014013567,0.0006673127,1
IRAK2 mediated activation of TAK1 complex upon TLR7/8 or 9 stimulation,32,0.013998048,0.000437439,1
Lysine degradation,26,0.013963274,0.00053704897,1
Maturation of protein 3a,27,0.013957561,0.0005169467,1
Robo4 and VEGF Signaling Pathways Crosstalk,25,0.013954461,0.0005581784,1
APC/C:Cdh1 mediated degradation of Cdc20 and other APC/C:Cdh1 targeted proteins in late mitosis/early G1,36,0.013948604,0.00038746124,1
"2,-deoxy-α-D-ribose 1-phosphate degradation",14,0.013940358,0.0009957398,1
cdc25 and chk1 regulatory pathway in response to dna damage,12,0.0139012225,0.0011584352,1
Neurotransmitter clearance,15,0.01387024,0.00092468265,1
NAD biosynthesis from 2-amino-3-carboxymuconate semialdehyde,17,0.013864689,0.0008155699,1
"Incretin synthesis, secretion, and inactivation",14,0.0138615,0.0009901071,1
BMP2 signaling TAK1,35,0.013856182,0.0003958909,1
Phytochemical activity on NRF2 transcriptional activation,25,0.013821297,0.0005528519,1
HSP90 chaperone cycle for steroid hormone receptors (SHR),16,0.013818301,0.0008636438,1
STAT5 Activation,18,0.013814259,0.00076745887,1
intrinsic prothrombin activation pathway,24,0.013806559,0.0005752733,1
TRIF-mediated programmed cell death,19,0.01380617,0.0007266405,1
GPR40 Pathway,19,0.013783174,0.0007254302,1
Scavenging by Class B Receptors,12,0.01378014,0.0011483451,1
regulation of splicing through sam68,18,0.013757699,0.00076431665,1
Blood Clotting Cascade,20,0.013748361,0.00068741804,1
G2 Phase,13,0.013746553,0.0010574271,1
Toxicity of botulinum toxin type B (botB),9,0.013707989,0.0015231099,1
Activation of Na-permeable kainate receptors,14,0.013696389,0.0009783135,1
Degradation of DVL,10,0.013693183,0.0013693182,1
Acenocoumarol Action Pathway,21,0.013691338,0.00065196847,1
Bromfenac Action Pathway,20,0.013671219,0.00068356097,1
"Adrenaline,noradrenaline inhibits insulin secretion",22,0.013669337,0.0006213335,1
Phenylalanine and tyrosine metabolism,12,0.013661124,0.001138427,1
Peroxisomal lipid metabolism,21,0.013655574,0.0006502654,1
cardiac protection against ros,18,0.013625347,0.00075696374,1
Translesion synthesis by Y family DNA polymerases bypasses lesions on DNA template,24,0.0136182085,0.00056742533,1
"TICAM1,TRAF6-dependent induction of TAK1 complex",34,0.013614734,0.00040043335,1
Naproxen Action Pathway,20,0.013606773,0.00068033865,1
"G(M2)-Gangliosidosis: Variant B, Tay-sachs disease",44,0.013605519,0.00030921635,1
Lectin pathway of complement activation,39,0.013599764,0.00034871188,1
Lysine catabolism,32,0.013576872,0.00042427724,1
oxidative stress induced gene expression via nrf2,22,0.013559608,0.0006163458,1
Hypoxic and oxygen homeostasis regulation of HIF-1-alpha,46,0.013542125,0.00029439403,1
Triglyceride metabolism,28,0.0135313,0.00048326072,1
Nitrogen metabolism - Homo sapiens (human),23,0.013529242,0.00058822794,1
Mitochondrial Gene Expression,18,0.01352343,0.00075130165,1
Downregulation of TGF-beta receptor signaling,49,0.013520888,0.0002759365,1
MAP3K8 (TPL2)-dependent MAPK1/3 activation,43,0.013499334,0.000313938,1
Autosomal recessive Osteopetrosis pathways,14,0.013489997,0.0009635712,1
FGFR3b ligand binding and activation,22,0.013486193,0.00061300874,1
<i>N</i>-acetylglucosamine degradation II,38,0.013469956,0.00035447252,1
ATR signaling pathway,32,0.013430697,0.00041970928,1
Transcriptional Regulation by E2F6,31,0.013417028,0.00043280734,1
Gliclazide Action Pathway,16,0.013413191,0.0008383244,1
SHC1 events in EGFR signaling,21,0.013395991,0.00063790433,1
Other glycan degradation - Homo sapiens (human),30,0.013392719,0.00044642398,1
Autodegradation of Cdh1 by Cdh1:APC/C,15,0.013364353,0.0008909569,1
RHO GTPases activate PAKs,27,0.013356533,0.0004946864,1
RAF-independent MAPK1/3 activation,25,0.013335548,0.00053342193,1
"Synthesis, secretion, and inactivation of Glucagon-like Peptide-1 (GLP-1)",13,0.013311142,0.001023934,1
Molybdenum cofactor biosynthesis,7,0.013309123,0.0019013033,1
Extension of Telomeres,31,0.013287501,0.00042862908,1
Bone morphogenic protein (BMP) signaling and regulation,13,0.013267012,0.0010205394,1
Orc1 removal from chromatin,17,0.013243235,0.0007790138,1
Saccharopinuria/Hyperlysinemia II,34,0.013191135,0.00038797455,1
Interleukin-37 signaling,10,0.013171833,0.0013171833,1
RNA Polymerase III Transcription Initiation From Type 1 Promoter,20,0.013166807,0.00065834034,1
HSF1 activation,18,0.013160609,0.0007311449,1
Histidinemia,12,0.013156885,0.0010964071,1
Miscellaneous substrates,10,0.013151458,0.0013151459,1
Tamoxifen Action Pathway,13,0.013138583,0.0010106602,1
FBXL10 enhancement of MAP-ERK signaling in diffuse large B-cell lymphoma,22,0.013121137,0.0005964153,1
miRNAs involved in DNA damage response,12,0.013091637,0.0010909698,1
Regulation of lipid metabolism by PPARalpha,39,0.013079478,0.00033537124,1
"Synthesis of IP2, IP, and Ins in the cytosol",46,0.01306993,0.0002841289,1
S1P4 pathway,20,0.013058216,0.0006529108,1
Listeria monocytogenes entry into host cells,19,0.013053542,0.0006870285,1
SMAD2/SMAD3:SMAD4 heterotrimer regulates transcription,24,0.013050612,0.0005437755,1
"Glutamate binding, activation of AMPA receptors and synaptic plasticity",33,0.013030234,0.00039485557,1
Digestion and absorption,24,0.012997581,0.0005415659,1
the visual cycle I (vertebrates),14,0.012975938,0.0009268527,1
Downregulation of SMAD2/3:SMAD4 transcriptional activity,22,0.012974464,0.0005897484,1
Somatroph axis (GH) and its relationship to dietary restriction and aging,14,0.01296763,0.0009262593,1
ahr signal transduction pathway,11,0.012954232,0.0011776575,1
er associated degradation (erad) pathway,13,0.0129441265,0.000995702,1
tryptophan degradation to 2-amino-3-carboxymuconate semialdehyde,16,0.012940616,0.0008087885,1
selenocysteine biosynthesis,12,0.012924297,0.0010770247,1
Eicosanoid Synthesis,22,0.0129092615,0.0005867846,1
Mitochondrial Fatty Acid Beta-Oxidation,26,0.012905773,0.0004963759,1
Butanoate metabolism - Homo sapiens (human),16,0.012905243,0.0008065777,1
PPAR-alpha pathway,20,0.012880927,0.00064404635,1
calcium signaling by hbx of hepatitis b virus,21,0.012865343,0.0006126354,1
GLI proteins bind promoters of Hh responsive genes to promote transcription,18,0.012860282,0.00071446015,1
Codeine and Morphine Metabolism,30,0.012843719,0.00042812395,1
Cell-type Dependent Selectivity of CCK2R Signaling,24,0.012843288,0.00053513696,1
Transcription co-factors SKI and SKIL protein partners,45,0.012834014,0.0002852003,1
"Valine, leucine and isoleucine biosynthesis - Homo sapiens (human)",11,0.012829121,0.0011662837,1
Pravastatin Action Pathway,14,0.012825713,0.00091612234,1
Antipyrine Action Pathway,20,0.012807354,0.00064036774,1
RUNX1 regulates transcription of genes involved in interleukin signaling,18,0.012798937,0.00071105204,1
tnfr1 signaling pathway,15,0.012777943,0.0008518629,1
control of skeletal myogenesis by hdac and calcium/calmodulin-dependent kinase (camk),10,0.012740699,0.0012740699,1
HH-Core,29,0.012732954,0.00043906737,1
NOTCH2 Activation and Transmission of Signal to the Nucleus,20,0.012730046,0.0006365023,1
VEGFR2 mediated vascular permeability,24,0.012720257,0.00053001073,1
RHO GTPases activate IQGAPs,18,0.012698247,0.00070545817,1
Spry regulation of FGF signaling,22,0.012679521,0.0005763419,1
Biosynthesis of E-series 18(R)-resolvins,15,0.012654697,0.0008436464,1
"mRNA 3,-end processing",19,0.012653216,0.00066595874,1
Regulation of localization of FOXO transcription factors,22,0.012649585,0.0005749811,1
Glycine degradation,27,0.012646313,0.00046838194,1
Insulin Signalling,26,0.012634754,0.00048595207,1
internal ribosome entry pathway,12,0.012633386,0.0010527822,1
Sphingosine 1-phosphate (S1P) pathway,25,0.012632813,0.0005053125,1
Oxygen-dependent proline hydroxylation of Hypoxia-inducible Factor Alpha,45,0.0126323085,0.00028071797,1
ERKs are inactivated,17,0.012621284,0.00074242847,1
Synthesis of PE,12,0.012605725,0.001050477,1
Gemcitabine Metabolism Pathway,14,0.01258542,0.0008989586,1
Glutamate and glutamine metabolism,13,0.012584558,0.0009680429,1
Phase 2 - plateau phase,23,0.012574928,0.000546736,1
Glycogen metabolism,22,0.012532998,0.0005696817,1
S1P5 pathway,14,0.012517803,0.0008941288,1
APC/C:Cdc20 mediated degradation of Cyclin B,16,0.012503827,0.0007814892,1
TP53 Regulates Transcription of Genes Involved in Cytochrome C Release,25,0.012501762,0.0005000705,1
Betaine Metabolism,11,0.012474354,0.0011340323,1
NOTCH1 regulation of endothelial cell calcification,25,0.012460124,0.00049840496,1
TLR4 Signaling and Tolerance,33,0.012459976,0.00037757502,1
nerve growth factor pathway (ngf),25,0.012393174,0.00049572694,1
Activation of Ca-permeable Kainate Receptor,23,0.012382668,0.0005383769,1
FGFR2 alternative splicing,29,0.012362471,0.0004262921,1
regulation of pgc-1a,24,0.012349873,0.000514578,1
Insulin processing,25,0.012325,0.000493,1
TRAIL signaling pathway,24,0.01229125,0.0005121354,1
Amino Sugar Metabolism,44,0.012286494,0.00027923848,1
Adrenoceptors,20,0.012277802,0.0006138901,1
GRB2 events in EGFR signaling,21,0.012257988,0.0005837137,1
IL-4 signaling,20,0.0122571755,0.0006128588,1
terminal <i>O</i>-glycans residues modification,23,0.012200752,0.0005304675,1
SREBF and miR33 in cholesterol and lipid homeostasis,13,0.012191341,0.0009377955,1
NAD Biosynthesis II (from tryptophan),17,0.012159372,0.00071525713,1
BDNF activates NTRK2 (TRKB) signaling,12,0.012158402,0.0010132001,1
Medium chain acyl-coa dehydrogenase deficiency (MCAD),12,0.012158032,0.0010131693,1
DNA Damage Bypass,30,0.012152507,0.00040508356,1
Translesion synthesis by POLI,17,0.01214891,0.00071464176,1
Tryptophan Metabolism,22,0.0121366475,0.0005516658,1
Pentose Phosphate Pathway,11,0.01208237,0.0010983973,1
Hypermethioninemia,23,0.012081107,0.0005252655,1
regulation of eif2,7,0.01206698,0.0017238542,1
Canonical Wnt signaling pathway,18,0.01206547,0.0006703039,1
Mycophenolic Acid Metabolism Pathway,24,0.012056217,0.00050234236,1
Passive transport by Aquaporins,28,0.012052952,0.0004304626,1
Reelin signalling pathway,33,0.012042007,0.00036490933,1
HDL remodeling,15,0.01201093,0.0008007287,1
glutamate dependent acid resistance,5,0.012004135,0.0024008271,1
Degradation of beta catenin,17,0.011996658,0.00070568576,1
dermatan sulfate biosynthesis (late stages),12,0.011968975,0.0009974146,1
Lysosomal Acid Lipase Deficiency (Wolman Disease),14,0.011940381,0.0008528843,1
Piroxicam Action Pathway,20,0.0119403405,0.000597017,1
Prostaglandin Leukotriene metabolism,15,0.011932457,0.00079549715,1
role of mal in rho-mediated activation of srf,26,0.011931544,0.00045890553,1
EGFR-dependent Endothelin signaling events,18,0.011929661,0.00066275895,1
Glycogen Synthesis and Degradation,34,0.011915619,0.00035045936,1
Simplified Depiction of MYD88 Distinct Input-Output Pathway,31,0.01191399,0.00038432225,1
Cholesterol Biosynthesis Pathway,13,0.011908603,0.0009160464,1
Prefoldin mediated transfer of substrate  to CCT/TriC,14,0.011880237,0.00084858836,1
Cell recruitment (pro-inflammatory response),24,0.011846281,0.000493595,1
superpathway of cholesterol biosynthesis,20,0.011830367,0.00059151836,1
Vitamin B1 (thiamin) metabolism,17,0.011824643,0.0006955672,1
Desmosterolosis,14,0.011795806,0.0008425576,1
guanosine nucleotides degradation,9,0.011788474,0.0013098305,1
Sialuria or French Type Sialuria,44,0.011780467,0.0002677379,1
DNA strand elongation,25,0.01177466,0.00047098642,1
APC/C:Cdc20 mediated degradation of Securin,34,0.011746793,0.0003454939,1
RUNX1 regulates estrogen receptor mediated transcription,38,0.01172961,0.00030867395,1
Signaling by FGFR4 in disease,18,0.01172271,0.00065126165,1
Meiotic synapsis,19,0.01172268,0.00061698316,1
TWIK-releated acid-sensitive K+ channel (TASK),17,0.011711884,0.00068893435,1
CDK-mediated phosphorylation and removal of Cdc6,19,0.011703017,0.0006159483,1
beta-Alanine metabolism - Homo sapiens (human),33,0.011694316,0.00035437322,1
Tachykinin receptors bind tachykinins,11,0.011690835,0.0010628031,1
trka receptor signaling pathway,17,0.011690285,0.00068766385,1
FSH,19,0.011678106,0.00061463716,1
Trafficking of AMPA receptors,33,0.0116659375,0.00035351326,1
catecholamine biosynthesis,11,0.01165469,0.0010595173,1
Synthesis of bile acids and bile salts,30,0.011652709,0.00038842362,1
D-<i>myo</i>-inositol-5-phosphate metabolism,19,0.011632986,0.00061226246,1
Felodipine Metabolism Pathway,12,0.011604657,0.0009670548,1
Regulation of signaling by NODAL,25,0.011603013,0.0004641205,1
Thiamine Metabolism,14,0.0115854405,0.00082753145,1
Activated NTRK2 signals through CDK5,17,0.011580328,0.0006811958,1
RUNX3 regulates WNT signaling,28,0.011573658,0.00041334494,1
purine nucleotides degradation,21,0.011572155,0.000551055,1
Fatty acid transporters,10,0.011565938,0.0011565938,1
Serotonin Transporter Activity,23,0.011552919,0.0005023008,1
Cholesteryl ester storage disease,14,0.011551807,0.00082512904,1
Estrogen metabolism,20,0.011531286,0.0005765643,1
Nanomaterial-induced inflammasome activation,18,0.011528156,0.0006404531,1
NF-kB activation through FADD/RIP-1 pathway mediated by caspase-8 and -10,12,0.011526599,0.00096054986,1
RUNX2 regulates chondrocyte maturation,9,0.011524603,0.0012805114,1
GP1b-IX-V activation signalling,14,0.01152063,0.00082290213,1
the igf-1 receptor and longevity,21,0.011518314,0.00054849114,1
Pyroptosis,30,0.011512374,0.0003837458,1
Glycerolipids and Glycerophospholipids,30,0.0114998855,0.00038332952,1
Ibandronate Action Pathway,14,0.011499279,0.0008213771,1
"Chondrodysplasia Punctata II, X Linked Dominant (CDPX2)",14,0.011498152,0.0008212966,1
Eicosanoids,11,0.011482836,0.0010438942,1
Toxicity of botulinum toxin type A (botA),10,0.01144749,0.001144749,1
Transaldolase deficiency,11,0.011445885,0.0010405349,1
Regulation of cholesterol biosynthesis by SREBP (SREBF),29,0.011438137,0.00039441852,1
Translesion synthesis by REV1,16,0.011417093,0.0007135683,1
RNA Polymerase III Transcription Initiation From Type 3 Promoter,22,0.011400401,0.00051820005,1
Triglyceride biosynthesis,17,0.011370391,0.00066884654,1
tRNA charging,20,0.011364819,0.00056824094,1
LDL clearance,21,0.011352793,0.0005406092,1
UMP Synthase Deiciency (Orotic Aciduria),20,0.011344364,0.0005672182,1
urea cycle,12,0.011341716,0.000945143,1
WNT mediated activation of DVL,11,0.011340185,0.0010309259,1
Sulindac Metabolic Pathway,9,0.01133462,0.0012594023,1
Translation Factors,28,0.011285752,0.0004030626,1
p53-Dependent G1/S DNA damage checkpoint,9,0.0112837,0.0012537445,1
Cytochrome c-mediated apoptotic response,11,0.011277233,0.001025203,1
Steroid Biosynthesis,23,0.011274588,0.0004901995,1
Signaling mediated by p38-gamma and p38-delta,11,0.011254711,0.0010231555,1
Termination of translesion DNA synthesis,20,0.011252001,0.00056260003,1
LDL remodeling,15,0.01123924,0.00074928266,1
malate-aspartate shuttle,17,0.011228706,0.00066051213,1
Hyperphenylalaninemia due to dhpr-deficiency,10,0.011226375,0.0011226374,1
Cytosolic tRNA aminoacylation,13,0.011214238,0.0008626337,1
Small interfering RNA (siRNA) biogenesis,12,0.0112140225,0.0009345019,1
Repaglinide Action Pathway,16,0.011206716,0.00070041977,1
purine nucleotides <i>de novo</i> biosynthesis,31,0.011204603,0.0003614388,1
Disorders of transmembrane transporters,13,0.0111900885,0.00086077605,1
Fatty acids,14,0.011189606,0.0007992576,1
Constitutive Signaling by EGFRvIII,23,0.0111792395,0.0004860539,1
DNA Damage/Telomere Stress Induced Senescence,15,0.011176414,0.00074509426,1
Prostacyclin signalling through prostacyclin receptor,13,0.011159283,0.0008584064,1
Tay-Sachs Disease,44,0.011155071,0.00025352434,1
"Phenylalanine, tyrosine and tryptophan biosynthesis - Homo sapiens (human)",18,0.011134415,0.00061857863,1
FGFR2b ligand binding and activation,21,0.011123788,0.00052970415,1
Interleukin-1 processing,11,0.011115403,0.0010104912,1
Formation of apoptosome,11,0.011110982,0.0010100893,1
Etoposide Metabolism Pathway,13,0.011107257,0.00085440435,1
Sodium/Proton exchangers,75,0.011103163,0.00014804216,1
induction of apoptosis through dr3 and dr4/5 death receptors,16,0.011096252,0.00069351576,1
CD163 mediating an anti-inflammatory response,12,0.011093818,0.0009244848,1
Glycogen breakdown (glycogenolysis),11,0.011081557,0.0010074143,1
Hyperprolinemia Type II,27,0.011064674,0.00040980274,1
Tryptophan catabolism,20,0.011057738,0.0005528869,1
cell to cell adhesion signaling,21,0.011048355,0.00052611216,1
Presynaptic function of Kainate receptors,16,0.011047982,0.00069049885,1
C-MYC pathway,22,0.011026685,0.00050121295,1
Smith-Lemli-Opitz Syndrome (SLOS),14,0.011019341,0.00078709575,1
UDP-<i>N</i>-acetyl-D-galactosamine biosynthesis II,41,0.011007601,0.0002684781,1
Vitamin B5 (pantothenate) metabolism,10,0.01100134,0.001100134,1
Depolymerisation of the Nuclear Lamina,11,0.010998848,0.0009998953,1
Acetylcholine binding and downstream events,10,0.010982522,0.0010982521,1
RHO GTPases activate KTN1,8,0.010964856,0.001370607,1
Somitogenesis in the context of spondylocostal dysostosis,24,0.010933705,0.00045557102,1
Osteopontin Signaling,30,0.0109336255,0.00036445417,1
Hfe effect on hepcidin production,12,0.010922241,0.00091018673,1
Role of ABL in ROBO-SLIT signaling,21,0.0109222075,0.0005201051,1
threonine degradation,26,0.010907728,0.00041952802,1
MicroRNA (miRNA) biogenesis,8,0.010905319,0.0013631649,1
Canonical and non-canonical TGF-B signaling,13,0.010879521,0.00083688623,1
Synthesis of 12-eicosatetraenoic acid derivatives,11,0.010875387,0.0009886716,1
DNA Damage Recognition in GG-NER,13,0.010861497,0.0008354998,1
phosphorylation of mek1 by cdk5/p35 down regulates the map kinase pathway,21,0.010838442,0.00051611627,1
Alanine and aspartate metabolism,24,0.010806394,0.0004502664,1
Methylation Pathways,8,0.010783824,0.001347978,1
Chylomicron assembly,15,0.0107793575,0.0007186238,1
Activation of gene expression by SREBF (SREBP),27,0.010779154,0.00039922792,1
Digestion of dietary carbohydrate,18,0.010761705,0.00059787254,1
Trans-sulfuration pathway,22,0.01075368,0.00048880366,1
Hedgehog ligand biogenesis,18,0.010747891,0.00059710507,1
Tamoxifen Metabolism Pathway,13,0.010745348,0.00082656526,1
STAT5 activation downstream of FLT3 ITD mutants,19,0.010724956,0.00056447135,1
Condensation of Prometaphase Chromosomes,8,0.010702514,0.0013378143,1
DSCAM interactions,19,0.010675082,0.0005618464,1
RNA Polymerase III Transcription,24,0.01064824,0.0004436767,1
Signaling by NOTCH1 HD Domain Mutants in Cancer,17,0.0106457565,0.00062622095,1
glutathione-mediated detoxification,15,0.010645169,0.00070967793,1
Glycosaminoglycan degradation,30,0.010644514,0.00035481714,1
Signaling by EGFRvIII in Cancer,23,0.010640747,0.00046264118,1
Fatty acid elongation - Homo sapiens (human),24,0.010638515,0.00044327148,1
Toxicity of botulinum toxin type G (botG),9,0.010624363,0.0011804848,1
Carnitine palmitoyl transferase deficiency (II),12,0.010585867,0.00088215555,1
Intraflagellar transport,28,0.01058028,0.00037786714,1
Trehalose Degradation,15,0.010553909,0.0007035939,1
Squalene and cholesterol biosynthesis,24,0.010551635,0.00043965146,1
Plasma lipoprotein assembly,20,0.010549985,0.00052749924,1
Thromboxane signalling through TP receptor,13,0.010545357,0.0008111813,1
Wnt signaling network,40,0.010531663,0.0002632916,1
Eicosanoid metabolism via cytochrome P450 monooxygenases (CYP) pathway,7,0.010524718,0.0015035311,1
Caffeine and Theobromine metabolism,12,0.010519469,0.00087662245,1
ifn alpha signaling pathway,19,0.010478857,0.0005515188,1
GLI3 is processed to GLI3R by the proteasome,22,0.010477799,0.00047626358,1
Methionine salvage pathway,14,0.010469897,0.00074784976,1
map kinase inactivation of smrt corepressor,21,0.010469648,0.00049855467,1
a4b7 Integrin signaling,29,0.010443217,0.00036011095,1
Signaling by Activin,30,0.01043734,0.00034791132,1
Interleukin-9 signaling,25,0.010421051,0.00041684203,1
G beta:gamma signalling through PLC beta,13,0.010385511,0.0007988855,1
Oxysterols derived from cholesterol,11,0.010375313,0.0009432103,1
Dual hijack model of Vif in HIV infection,15,0.010371771,0.00069145137,1
"TICAM1, RIP1-mediated IKK complex recruitment",19,0.0103605585,0.00054529257,1
Ligand-receptor interactions,26,0.010356063,0.0003983101,1
RUNX2 regulates genes involved in cell migration,10,0.010350803,0.0010350803,1
melatonin degradation I,9,0.010328282,0.0011475869,1
Irinotecan Metabolism Pathway,24,0.010313767,0.0004297403,1
hop pathway in cardiac development,15,0.010303786,0.0006869191,1
RNA Polymerase II Transcription Termination,20,0.010301124,0.0005150562,1
nsp1 from SARS-CoV-2 inhibits translation initiation in the host cell,14,0.01029629,0.00073544926,1
retinoate biosynthesis I,9,0.0102925645,0.0011436183,1
NTF3 activates NTRK3 signaling,11,0.01028835,0.00093530456,1
Transport of glycerol from adipocytes to the liver by Aquaporins,15,0.01027731,0.00068515405,1
Mammary gland development pathway - Involution (Stage 4 of 4),25,0.010227538,0.0004091015,1
sodd/tnfr1 signaling pathway,10,0.010222482,0.0010222482,1
MAP kinase cascade,18,0.0102116065,0.0005673115,1
mir-124 predicted interactions with cell cycle and differentiation,11,0.010207632,0.0009279665,1
Maturity onset diabetes of the young - Homo sapiens (human),44,0.010203027,0.00023188698,1
Relaxin receptors,10,0.010184533,0.0010184533,1
phospholipase c-epsilon pathway,17,0.0101811215,0.0005988895,1
GDP-glucose biosynthesis II,8,0.010177332,0.0012721665,1
Formation of Senescence-Associated Heterochromatin Foci (SAHF),6,0.010163328,0.001693888,1
Thiamine metabolism - Homo sapiens (human),22,0.010129788,0.00046044492,1
Heme degradation,22,0.010125815,0.0004602643,1
Regulation of TP53 Activity through Methylation,16,0.010115667,0.0006322292,1
Regulation of TP53 Activity through Acetylation,14,0.010092894,0.000720921,1
Sphingolipid pathway,32,0.010092554,0.0003153923,1
Regulation of expression of SLITs and ROBOs,59,0.010030958,0.00017001624,1
Hh mutants abrogate ligand secretion,10,0.010030575,0.0010030575,1
Dectin-1 mediated noncanonical NF-kB signaling,12,0.010024592,0.00083538267,1
Fructose metabolism,5,0.010013282,0.0020026565,1
Gemcitabine Action Pathway,14,0.010009753,0.00071498234,1
Vasopressin Regulation of Water Homeostasis,17,0.010004861,0.00058852124,1
Mevalonic aciduria,14,0.009985352,0.0007132394,1
Saturated fatty acids beta-oxidation,22,0.009974815,0.0004534007,1
Toxicity of botulinum toxin type E (botE),7,0.009954905,0.0014221293,1
Synthesis of 15-eicosatetraenoic acid derivatives,13,0.009943918,0.00076491677,1
Vitamin D3 (cholecalciferol) metabolism,18,0.009934976,0.0005519431,1
Nicotine Metabolism Pathway,11,0.009925872,0.000902352,1
RNA Polymerase III Chain Elongation,16,0.009914251,0.0006196407,1
overview of telomerase rna component gene hterc transcriptional regulation,7,0.009909233,0.0014156047,1
trehalose degradation,11,0.009906441,0.00090058555,1
sarcosine oncometabolite pathway ,14,0.009869837,0.0007049884,1
Regulated proteolysis of p75NTR,15,0.00986628,0.000657752,1
Assembly of the pre-replicative complex,12,0.009806504,0.0008172086,1
Secretion of Hydrochloric Acid in Parietal Cells,6,0.009795457,0.0016325762,1
Apoptotic cleavage of cell adhesion  proteins,17,0.009768308,0.00057460635,1
SCF(Skp2)-mediated degradation of p27/p21,12,0.009766007,0.0008138339,1
Constitutive Signaling by AKT1 E17K in Cancer,20,0.00976254,0.00048812703,1
RNA Polymerase III Transcription Initiation,24,0.00974621,0.00040609206,1
Dopamine metabolism,15,0.009742312,0.0006494875,1
Toxicity of botulinum toxin type F (botF),10,0.009732486,0.00097324856,1
Estrogen-dependent nuclear events downstream of ESR-membrane signaling,20,0.009730192,0.00048650958,1
Biogenic Amine Synthesis,19,0.009722669,0.0005117194,1
MNGIE (Mitochondrial Neurogastrointestinal Encephalopathy),20,0.009710267,0.00048551336,1
Sperm Motility And Taxes,9,0.009707118,0.0010785687,1
TP53 Regulates Transcription of Death Receptors and Ligands,25,0.009693083,0.00038772332,1
Estrogen Receptor Pathway,26,0.00967061,0.00037194652,1
InlB-mediated entry of Listeria monocytogenes into host cell,12,0.009643014,0.00080358447,1
Prostaglandin formation from dihomo gama-linoleic acid,13,0.0096426625,0.00074174325,1
NEIL3-mediated resolution of ICLs,5,0.009607696,0.0019215392,1
Digestion,22,0.009584111,0.0004356414,1
Sema4D induced cell migration and growth-cone collapse,24,0.009570563,0.00039877347,1
Phase 3 - rapid repolarisation,11,0.009570302,0.0008700275,1
Phospholipid Biosynthesis,31,0.009555232,0.00030823328,1
Transport of organic anions,28,0.009528754,0.00034031266,1
RORA activates gene expression,14,0.00952108,0.0006800772,1
estrogen responsive protein efp controls cell cycle and breast tumors growth,15,0.009510281,0.0006340187,1
Synthesis of PIPs at the Golgi membrane,15,0.009495674,0.0006330449,1
rb tumor suppressor/checkpoint signaling in response to dna damage,14,0.009484266,0.0006774476,1
"Synthesis, secretion, and deacylation of Ghrelin",18,0.009465215,0.0005258453,1
transcriptional activation of dbpb from mrna,26,0.009448399,0.00036339994,1
btg family proteins and cell cycle regulation,9,0.009441188,0.0010490208,1
Sucrase-isomaltase deficiency,19,0.009437836,0.0004967282,1
SMAC (DIABLO) binds to IAPs ,4,0.009432416,0.002358104,1
Bile acids synthesis and enterohepatic circulation,11,0.009424995,0.0008568177,1
Regulation of the apoptosome activity,11,0.009400022,0.0008545475,1
Activated NTRK3 signals through PI3K,16,0.009381766,0.0005863604,1
Carnitine palmitoyl transferase deficiency (I),12,0.009378476,0.00078153965,1
Unwinding of DNA,9,0.009377853,0.0010419837,1
cGMP effects,20,0.009346963,0.00046734815,1
tumor suppressor arf inhibits ribosomal biogenesis,12,0.009327624,0.000777302,1
"Metabolism of ingested SeMet, Sec, MeSec into H2Se",10,0.0093231695,0.00093231694,1
west nile virus,8,0.009307113,0.0011633891,1
CLEC7A (Dectin-1) induces NFAT activation,22,0.0093020955,0.00042282252,1
Activation of TRKA receptors,18,0.00929638,0.0005164656,1
Frs2-mediated activation,14,0.009271903,0.0006622788,1
extrinsic prothrombin activation pathway,20,0.009262643,0.00046313214,1
Killing mechanisms,15,0.009250876,0.000616725,1
DNA Mismatch Repair,18,0.009247918,0.0005137732,1
Risedronate Action Pathway,14,0.009239969,0.00065999775,1
Vinorelbine Action Pathway,9,0.009226303,0.0010251447,1
Signalling to p38 via RIT and RIN,9,0.00921216,0.0010235733,1
Long chain acyl-CoA dehydrogenase deficiency (LCAD),12,0.009194029,0.00076616905,1
Arf1 pathway,19,0.009193418,0.00048386407,1
Telomere C-strand (Lagging Strand) Synthesis,23,0.00919248,0.00039967304,1
wnt lrp6 signalling,17,0.00918882,0.0005405188,1
<i>N</i>-acetylglucosamine degradation I,36,0.009183676,0.00025510212,1
Nucleotide Excision Repair ,14,0.009151998,0.0006537141,1
VLDL clearance,17,0.009150795,0.00053828204,1
Protein repair,7,0.009139714,0.0013056734,1
regulators of bone mineralization,14,0.009137415,0.00065267255,1
Ionotropic activity of kainate receptors,23,0.0091188215,0.0003964705,1
Degradation of GLI1 by the proteasome,12,0.009099651,0.00075830426,1
Regulation of CDC42 activity,21,0.0090984125,0.00043325772,1
Translesion synthesis by POLK,16,0.009077002,0.00056731264,1
Simvastatin Action Pathway,14,0.00907658,0.0006483272,1
NGF processing,15,0.009073377,0.0006048918,1
miRNA Biogenesis,6,0.009067643,0.0015112739,1
Cellular response to hypoxia,49,0.009059797,0.00018489381,1
Coenzyme A biosynthesis,9,0.009042436,0.0010047151,1
Hh mutants are degraded by ERAD,10,0.009011648,0.0009011648,1
coenzyme A biosynthesis,9,0.008976896,0.000997433,1
RUNX1 regulates expression of components of tight junctions,18,0.008951232,0.00049729063,1
Phenylalanine metabolism,9,0.008948604,0.0009942893,1
Sealing of the nuclear envelope (NE) by ESCRT-III,9,0.008946793,0.0009940881,1
Asymmetric localization of PCP proteins,22,0.008946141,0.0004066428,1
TFs regulate miRNAs related to cardiac hypertrophy,13,0.008945751,0.0006881347,1
Release of Hh-Np from the secreting cell,8,0.008926254,0.0011157817,1
Advanced glycosylation endproduct receptor signaling,14,0.008915577,0.0006368269,1
Metal sequestration by antimicrobial proteins,7,0.008899307,0.0012713296,1
regulation of transcriptional activity by pml,14,0.00889549,0.00063539215,1
Hyaluronan metabolism,10,0.0088777,0.00088777003,1
Lysosphingolipid and LPA receptors,24,0.008876562,0.00036985675,1
Phosphorylation of the APC/C,16,0.00886985,0.00055436563,1
Drug Induction of Bile Acid Pathway,17,0.008848641,0.00052050827,1
multiple antiapoptotic pathways from igf-1r signaling lead to bad phosphorylation,18,0.008844546,0.0004913637,1
Atorvastatin Action Pathway,14,0.008831506,0.00063082186,1
Capecitabine Action Pathway,5,0.008817775,0.001763555,1
noradrenaline and adrenaline degradation,17,0.008810778,0.0005182811,1
Signaling by NTRK3 (TRKC),17,0.008804798,0.0005179293,1
Defective CFTR causes cystic fibrosis,10,0.008796527,0.0008796527,1
Activation of NLRP3 Inflammasome by SARS-CoV-2,13,0.008792321,0.0006763324,1
CLEC7A/inflammasome pathway,8,0.008788261,0.0010985326,1
Resolution of AP sites via the multiple-nucleotide patch replacement pathway,20,0.0087834485,0.00043917244,1
TP53 Regulates Transcription of Caspase Activators and Caspases,15,0.008782036,0.00058546907,1
dicer pathway,5,0.008777533,0.0017555065,1
SARS-CoV-2 altering angiogenesis via NRP1,20,0.008777394,0.0004388697,1
histamine degradation,7,0.008770186,0.0012528838,1
Glycosylphosphatidylinositol (GPI)-anchor biosynthesis - Homo sapiens (human),12,0.00875766,0.00072980503,1
apoptotic signaling in response to dna damage,10,0.008747001,0.00087470014,1
Response of EIF2AK1 (HRI) to heme deficiency,10,0.00872501,0.000872501,1
Zoledronate Action Pathway,14,0.008712674,0.00062233384,1
carm1 and regulation of the estrogen receptor,16,0.008702053,0.0005438783,1
Tgif disruption of Shh signaling,12,0.008675772,0.000722981,1
Signaling by Hippo,15,0.008644421,0.0005762947,1
Netrin mediated repulsion signals,24,0.008637585,0.00035989936,1
"cholesterol biosynthesis II (via 24,25-dihydrolanosterol)",15,0.008630725,0.0005753816,1
cholesterol biosynthesis III (via desmosterol),15,0.008624412,0.0005749608,1
Activation of PPARGC1A (PGC-1alpha) by phosphorylation,11,0.008623106,0.0007839188,1
Gap-filling DNA repair synthesis and ligation in GG-NER,18,0.008612712,0.000478484,1
Postsynaptic nicotinic acetylcholine receptors,10,0.008611026,0.0008611026,1
Dihydropyrimidinase Deficiency,20,0.008605097,0.00043025488,1
Mucopolysaccharidosis VI. Sly syndrome,19,0.00859155,0.00045218685,1
Leucine Stimulation on Insulin Signaling,23,0.008575055,0.00037282848,1
Glucose-6-phosphate dehydrogenase deficiency,11,0.008566326,0.000778757,1
Synthesis of PIPs at the early endosome membrane,16,0.008544744,0.0005340465,1
NRIF signals cell death from the nucleus,15,0.00854233,0.0005694887,1
BH3-only proteins associate with and inactivate anti-apoptotic BCL-2 members,14,0.008539728,0.00060998055,1
superpathway of purine nucleotide salvage,29,0.008538956,0.00029444674,1
Chylomicron clearance,12,0.00853116,0.00071093,1
Very-long-chain acyl coa dehydrogenase deficiency (VLCAD),12,0.008524711,0.0007103926,1
Interaction With Cumulus Cells And The Zona Pellucida,8,0.008521969,0.0010652462,1
RUNX3 Regulates Immune Response and Cell Migration,21,0.008519043,0.00040566872,1
Muscarinic acetylcholine receptors,27,0.008509446,0.00031516465,1
ApoE and miR-146 in inflammation and atherosclerosis,22,0.008497082,0.000386231,1
Hypoxia-mediated EMT and Stemness,6,0.008474441,0.0014124069,1
PI3K/AKT activation,20,0.008463902,0.00042319513,1
Regulation of gap junction activity,15,0.008453938,0.00056359585,1
NTF3 activates NTRK2 (TRKB) signaling,17,0.008449843,0.0004970496,1
"Tetrahydrobiopterin (BH4) synthesis, recycling, salvage and regulation",9,0.008445965,0.00093844056,1
Localization of the PINCH-ILK-PARVIN complex to focal adhesions,9,0.008441255,0.00093791727,1
Regulation of TP53 Degradation,33,0.008390482,0.00025425703,1
Nanoparticle triggered regulated necrosis,14,0.008380203,0.0005985859,1
Steroids metabolism,14,0.008372557,0.0005980398,1
RNA Polymerase III Transcription Initiation From Type 2 Promoter,19,0.008348459,0.0004393926,1
Intracellular Signalling Through Histamine H2 Receptor and Histamine,9,0.008327195,0.00092524395,1
nicotine degradation IV,17,0.008326647,0.00048980274,1
Activated NTRK2 signals through PLCG1,13,0.008313225,0.0006394788,1
Photodynamic therapy-induced NFE2L2 (NRF2) survival signaling,31,0.008312358,0.00026814057,1
Purinergic signaling in leishmaniasis infection,24,0.008303748,0.0003459895,1
Recognition of DNA damage by PCNA-containing replication complex,23,0.008301916,0.00036095286,1
G0 and Early G1,12,0.008293456,0.0006911214,1
Constitutive Signaling by Ligand-Responsive EGFR Cancer Variants,25,0.008290186,0.0003316074,1
Highly calcium permeable postsynaptic nicotinic acetylcholine receptors,9,0.008268502,0.0009187224,1
Congenital disorder of glycosylation CDG-IId,9,0.008243092,0.0009158992,1
multi-drug resistance factors,6,0.008221117,0.0013701861,1
Choline catabolism,8,0.008201538,0.0010251922,1
"Tristetraprolin (TTP, ZFP36) binds and destabilizes mRNA",24,0.008201515,0.0003417298,1
Cerivastatin Action Pathway,14,0.008195958,0.0005854256,1
Glypican 3 network,11,0.008185238,0.00074411253,1
Amino Acid conjugation,3,0.0081324745,0.0027108248,1
LncRNA-mediated mechanisms of therapeutic resistance,8,0.008127514,0.0010159393,1
TP53 regulates transcription of additional cell cycle genes whose exact role in the p53 pathway remain uncertain,15,0.0081265215,0.0005417681,1
Melanin biosynthesis,13,0.008111549,0.0006239653,1
"urate biosynthesis/inosine 5,-phosphate degradation",9,0.0081043085,0.00090047874,1
Metalloprotease DUBs,15,0.008102279,0.00054015196,1
Scavenging of heme from plasma,5,0.008101262,0.0016202524,1
superpathway of melatonin degradation,9,0.008095622,0.00089951354,1
Histidine Metabolism,12,0.008054521,0.00067121006,1
Fluvastatin Action Pathway,14,0.008050118,0.0005750084,1
ceramide <i>de novo</i> biosynthesis,13,0.008047716,0.00061905506,1
Sorafenib Metabolism Pathway,13,0.008037717,0.0006182859,1
Trifunctional protein deficiency,12,0.008027465,0.00066895544,1
RNA Polymerase III Transcription Termination,16,0.007994204,0.00049963774,1
Complement Activation,12,0.00797644,0.0006647033,1
RHO GTPases Activate ROCKs,17,0.00797623,0.00046919,1
Fatty Acid Biosynthesis,15,0.0079759285,0.00053172855,1
caspase cascade in apoptosis,9,0.007970297,0.0008855885,1
Celecoxib Metabolism Pathway,8,0.007967735,0.0009959668,1
EGFR Transactivation by Gastrin,16,0.007965851,0.00049786567,1
Codeine Metabolism Pathway,8,0.007935855,0.0009919818,1
Ketone body metabolism,6,0.0079309065,0.0013218177,1
Valproic acid pathway,9,0.007914751,0.00087941677,1
Glycosaminoglycan degradation - Homo sapiens (human),31,0.007886465,0.00025440208,1
GABA shunt,9,0.007879757,0.0008755286,1
Catecholamine biosynthesis,11,0.0078788595,0.00071625994,1
Galactose Metabolism,13,0.007875187,0.00060578366,1
Expression and Processing of Neurotrophins,15,0.007873208,0.00052488054,1
Scavenging by Class H Receptors,13,0.007854642,0.00060420326,1
GLUT-1 deficiency syndrome,9,0.007848528,0.0008720587,1
Pterine Biosynthesis,10,0.007844109,0.0007844109,1
Aspartate Metabolism,8,0.007825737,0.0009782171,1
PTK6 promotes HIF1A stabilization,27,0.007815061,0.0002894467,1
tryptophan degradation,17,0.0078140665,0.00045965097,1
cbl mediated ligand-induced downregulation of egf receptors pathway,11,0.0078096604,0.00070996914,1
Conversion from APC/C:Cdc20 to APC/C:Cdh1 in late anaphase,15,0.00780823,0.00052054867,1
GRB7 events in ERBB2 signaling,14,0.0077996165,0.0005571155,1
Non-homologous end-joining - Homo sapiens (human),5,0.007795497,0.0015590994,1
yaci and bcma stimulation of b cell immune responses,9,0.0077935616,0.0008659513,1
Nevirapine Metabolism Pathway,7,0.007773836,0.001110548,1
VLDL assembly,10,0.007767462,0.0007767462,1
BARD1 signaling events,16,0.007741299,0.0004838312,1
"COVID-19, thrombosis and anticoagulation",5,0.0077294353,0.0015458871,1
Signaling by membrane-tethered fusions of PDGFRA or PDGFRB,15,0.007729057,0.00051527045,1
Fatty Acid Omega Oxidation,10,0.007714061,0.0007714061,1
prion pathway,23,0.007713142,0.00033535398,1
G-protein activation,18,0.0077129523,0.00042849735,1
Tyrosinemia Type 2 (or Richner-Hanhart syndrome),15,0.007707569,0.0005138379,1
ornithine <i>de novo </i> biosynthesis,6,0.007704024,0.0012840041,1
hypoxia-inducible factor in the cardivascular system,13,0.007690029,0.0005915407,1
Pyrimidine catabolism,17,0.0076742745,0.0004514279,1
Biotin transport and metabolism,9,0.0076680877,0.00085200975,1
Negative feedback regulation of MAPK pathway,7,0.007663623,0.0010948033,1
4-hydroxyproline degradation,6,0.0076177963,0.0012696327,1
Catecholamine Biosynthesis,11,0.0076008076,0.0006909825,1
Processive synthesis on the C-strand of the telomere,9,0.0075962967,0.00084403297,1
Mismatch repair - Homo sapiens (human),18,0.0075948155,0.00042193418,1
Hydrolysis of LPE,5,0.007579922,0.0015159844,1
Synthesis of PIPs at the ER membrane,4,0.0075678644,0.0018919661,1
TCA cycle in senescence,19,0.0075558787,0.00039767782,1
phenylalanine degradation/tyrosine biosynthesis,8,0.0075491886,0.00094364857,1
visceral fat deposits and the metabolic syndrome,19,0.0075390246,0.00039679077,1
Aromatic L-Aminoacid Decarboxylase Deficiency,11,0.007524482,0.0006840438,1
ARMS-mediated activation,11,0.0075235697,0.0006839609,1
MTHFR deficiency,21,0.007480593,0.00035621872,1
Classical Kir channels,21,0.0074531473,0.00035491178,1
Alendronate Action Pathway,14,0.0074418862,0.0005315633,1
glycoaminoglycan-protein linkage region biosynthesis,10,0.007435452,0.00074354524,1
Metabolism of porphyrins,25,0.0074325325,0.0002973013,1
Metabolism of cofactors,13,0.007431424,0.000571648,1
Beta-Alanine Metabolism,7,0.007377472,0.0010539246,1
Dopamine Activation of Neurological Reward System,13,0.007371568,0.0005670437,1
Valproic Acid Metabolism Pathway,8,0.007360059,0.00092000735,1
Hypoacetylaspartia,8,0.0073591257,0.0009198907,1
Translesion Synthesis by POLH,14,0.007330493,0.00052360666,1
Omega-3-Omega-6 FA synthesis,8,0.0073139807,0.0009142476,1
Hypercholesterolemia,14,0.007311597,0.00052225695,1
Transcription from mitochondrial promoters,6,0.007308539,0.0012180898,1
Release of apoptotic factors from the mitochondria,4,0.0072820904,0.0018205226,1
Trafficking of GluR2-containing AMPA receptors,17,0.007278556,0.00042815035,1
AUF1 (hnRNP D0) binds and destabilizes mRNA,17,0.007277534,0.00042809022,1
superpathway of geranylgeranyldiphosphate biosynthesis I (via mevalonate),5,0.007272749,0.0014545498,1
EGFR interacts with phospholipase C-gamma,10,0.0072507784,0.0007250778,1
Malate-Aspartate Shuttle,7,0.0072424198,0.0010346314,1
Acyl chain remodeling of CL,6,0.007233601,0.0012056002,1
Estrogen signaling pathway,23,0.0072333673,0.00031449422,1
NTRK3 as a dependence receptor,4,0.0072302446,0.0018075611,1
Purine catabolism,15,0.007212586,0.00048083905,1
Malonic Aciduria,9,0.007207159,0.00080079545,1
Fatty acid biosynthesis - Homo sapiens (human),14,0.0072064823,0.00051474874,1
nicotine degradation III,11,0.007202349,0.000654759,1
Cyclin A/B1/B2 associated events during G2/M transition,16,0.0071803555,0.00044877222,1
Type I hemidesmosome assembly,11,0.0071764663,0.000652406,1
Activation of the AP-1 family of transcription factors,15,0.0071615344,0.00047743562,1
TCA Cycle Nutrient Utilization and Invasiveness of Ovarian Cancer,13,0.007153292,0.00055025326,1
EDA signaling in hair follicle development,18,0.007131294,0.000396183,1
Pilocytic astrocytoma,10,0.007094691,0.0007094691,1
Phenylketonuria,15,0.00708804,0.000472536,1
Vitamin B9 (folate) metabolism,16,0.007087283,0.00044295518,1
Composition of Lipid Particles,12,0.007080834,0.0005900695,1
Fructosuria,9,0.0070801415,0.00078668236,1
TICAM1-dependent activation of IRF3/IRF7,9,0.00706919,0.0007854656,1
Malonyl-coa decarboxylase deficiency,9,0.007067072,0.00078523025,1
Initiation of Nuclear Envelope (NE) Reformation,18,0.0070638927,0.0003924385,1
Metabolism of folate and pterines,14,0.007055068,0.0005039334,1
Phase 1 - inactivation of fast Na+ channels,13,0.0070490055,0.0005422312,1
Heroin Metabolism Pathway,10,0.007048793,0.0007048793,1
Ifosfamide Metabolism Pathway,5,0.0070475237,0.0014095048,1
e2f1 destruction pathway,8,0.0070452215,0.0008806527,1
Glycogen synthesis,17,0.007044134,0.00041436084,1
CYP2E1 reactions,7,0.007044079,0.001006297,1
Transport of Mature mRNA Derived from an Intronless Transcript,11,0.00703548,0.0006395891,1
cholesterol biosynthesis I,15,0.007034961,0.0004689974,1
MAPK pathway in congenital thyroid cancer,14,0.007027759,0.0005019828,1
Omega-3 fatty acid metabolism,13,0.007010493,0.0005392687,1
Antagonism of Activin by Follistatin,11,0.0069997082,0.0006363371,1
Short Chain Acyl CoA Dehydrogenase Deficiency (SCAD Deficiency),12,0.006998472,0.000583206,1
Metabolism of polyamines,10,0.0069961837,0.00069961837,1
hiv-1 defeats host-mediated resistance by cem15,4,0.0069925934,0.0017481484,1
pyrimidine deoxyribonucleotides biosynthesis from CTP,6,0.006990224,0.0011650374,1
NR1H2 & NR1H3 regulate gene expression to limit cholesterol uptake ,5,0.0069885515,0.0013977103,1
Synthesis of Ketone Bodies,6,0.006977853,0.0011629754,1
Etoposide Action Pathway,13,0.006965157,0.0005357813,1
signal dependent regulation of myogenesis by corepressor mitr,6,0.006959711,0.0011599519,1
fatty acid β-oxidation (peroxisome),16,0.0069474475,0.00043421547,1
Downregulation of ERBB2:ERBB3 signaling,16,0.0069442075,0.00043401297,1
TNFR1-induced proapoptotic signaling,8,0.0069042486,0.0008630311,1
Hyperphenylalaniemia due to guanosine triphosphate cyclohydrolase deficiency,10,0.006883545,0.0006883545,1
Beta-catenin phosphorylation cascade,15,0.0068731983,0.0004582132,1
Lagging Strand Synthesis,16,0.006872206,0.00042951287,1
akap95 role in mitosis and chromosome dynamics,8,0.0068667633,0.0008583454,1
Sulfite oxidase deficiency,8,0.0068352628,0.00085440784,1
G beta:gamma signalling through CDC42,11,0.006822812,0.00062025565,1
adenosine nucleotides degradation,20,0.006822703,0.00034113514,1
Ubiquitin-dependent degradation of Cyclin D,9,0.0068087815,0.00075653126,1
Ethylmalonic Encephalopathy,12,0.006805978,0.0005671648,1
Metabolism of steroid hormones,19,0.006805542,0.00035818643,1
Sepiapterin reductase deficiency,10,0.006804743,0.0006804743,1
Clopidogrel Metabolism Pathway,7,0.0067878193,0.00096968847,1
Corticotropin Activation of Cortisol Production,9,0.006763947,0.00075154967,1
ER Quality Control Compartment (ERQC),11,0.006762353,0.00061475934,1
Regulation of MECP2 expression and activity,29,0.0067622866,0.0002331823,1
ER-Phagosome pathway,13,0.0067599146,0.0005199934,1
MASTL Facilitates Mitotic Progression,8,0.0067516933,0.00084396166,1
Metabolism of Angiotensinogen to Angiotensins,20,0.006744284,0.0003372142,1
Canavan Disease,8,0.006743091,0.0008428864,1
TRAIL  signaling,7,0.0067414446,0.0009630635,1
Signaling by Overexpressed Wild-Type EGFR in Cancer,9,0.0067006536,0.0007445171,1
AKT phosphorylates targets in the nucleus,11,0.006688569,0.0006080517,1
Pathways of nucleic acid metabolism and innate immune sensing,7,0.006680244,0.0009543206,1
Starch and Sucrose Metabolism,19,0.0066788252,0.0003515171,1
RHO GTPases activate CIT,19,0.0066684997,0.00035097366,1
Ribose-5-phosphate isomerase deficiency,11,0.006659343,0.00060539483,1
Removal of aminoterminal propeptides from gamma-carboxylated proteins,8,0.006656222,0.00083202776,1
Astrocytic Glutamate-Glutamine Uptake And Metabolism,11,0.0066477824,0.00060434383,1
Galactosemia,13,0.0066434927,0.0005110379,1
Transport of Mature mRNAs Derived from Intronless Transcripts,11,0.0066288398,0.0006026218,1
sphingosine and sphingosine-1-phosphate metabolism,7,0.006614018,0.00094485976,1
Nucleotide salvage,13,0.006613994,0.0005087688,1
ABC transporter disorders,13,0.0065992833,0.00050763716,1
Activation of SMO,11,0.0065924283,0.00059931166,1
SMAC(DIABLO)-mediated dissociation of IAP:caspase complexes ,4,0.006590473,0.0016476182,1
YAP1- and WWTR1 (TAZ)-stimulated gene expression,13,0.0065843207,0.0005064862,1
Suppression of apoptosis,9,0.0065798284,0.00073109206,1
"Activation of NIMA Kinases NEK9, NEK6, NEK7",34,0.0065707914,0.00019325857,1
Tramadol Metabolism Pathway,14,0.006563582,0.0004688273,1
Intrinsic Pathway of Fibrin Clot Formation,13,0.0065589314,0.0005045332,1
Glutathione Synthetase Deficiency,4,0.006525751,0.0016314378,1
Activation of IRF3/IRF7 mediated by TBK1/IKK epsilon,24,0.0065253084,0.00027188784,1
"Carnosinuria, carnosinemia",7,0.006519446,0.00093134947,1
Zinc efflux and compartmentalization by the SLC30 family,13,0.0065180175,0.00050138595,1
Transmission across Electrical Synapses ,4,0.0065027354,0.0016256839,1
cysteine biosynthesis,14,0.006491927,0.00046370906,1
"SUMO is transferred from E1 to E2 (UBE2I, UBC9)",4,0.0064888513,0.0016222128,1
Regulation of FOXO transcriptional activity by acetylation,11,0.00646766,0.0005879691,1
Nicotine Metabolism,10,0.0064672087,0.0006467209,1
asparagine degradation,13,0.006464369,0.00049725914,1
Sulfate/Sulfite Metabolism,8,0.0064516277,0.00080645346,1
Pantothenate and CoA Biosynthesis,6,0.0064478624,0.0010746437,1
Organic anion transporters,5,0.006428597,0.0012857195,1
Serine biosynthesis,16,0.006422532,0.00040140824,1
Activation of NOXA and translocation to mitochondria,9,0.0064202338,0.00071335933,1
Defective ABCC8 can cause hypo- and hyper-glycemias,3,0.006415082,0.0021383606,1
Beta Oxidation of Very Long Chain Fatty Acids,6,0.006412437,0.0010687396,1
Folding of actin by CCT/TriC,8,0.006397663,0.0007997079,1
Wolman disease,14,0.006397474,0.00045696244,1
FBXL7 down-regulates AURKA during mitotic entry and in early mitosis,7,0.0063919025,0.0009131289,1
Omega-6 fatty acid metabolism,18,0.00638585,0.00035476944,1
Excitatory Neural Signalling Through 5-HTR 4 and Serotonin,8,0.0063793045,0.00079741306,1
Formyl peptide receptors bind formyl peptides and many other ligands,20,0.00637592,0.000318796,1
serine biosynthesis (phosphorylated route),11,0.006363888,0.00057853526,1
Arf6 downstream pathway,14,0.0063590915,0.00045422083,1
regulation of p27 phosphorylation during cell cycle progression,8,0.0063433987,0.00079292484,1
classical complement pathway,11,0.0063408166,0.00057643786,1
Methylmalonic Aciduria Due to Cobalamin-Related Disorders,9,0.006336656,0.0007040729,1
Creatine metabolism,7,0.0063224137,0.00090320193,1
Nucleotide metabolism,8,0.0063049607,0.0007881201,1
phospholipase c delta in phospholipid associated cell signaling,5,0.006300511,0.0012601021,1
15q11.2 copy number variation syndrome,4,0.0062970016,0.0015742504,1
Proximal tubule bicarbonate reclamation - Homo sapiens (human),26,0.006296587,0.00024217644,1
Folate-Alcohol and Cancer Pathway Hypotheses,8,0.0062955967,0.0007869496,1
Aromatase deficiency,10,0.006276684,0.0006276684,1
nuclear receptors coordinate the activities of chromatin remodeling complexes and coactivators to facilitate initiation of transcription in carcinoma cells,12,0.0062608942,0.00052174117,1
Neurotransmitter uptake and metabolism In glial cells,11,0.0062591857,0.0005690169,1
Wax and plasmalogen biosynthesis,12,0.00625201,0.0005210008,1
Primary bile acid biosynthesis - Homo sapiens (human),15,0.0062352186,0.00041568125,1
pyrimidine ribonucleosides degradation,7,0.0062333723,0.00089048175,1
mTORC1-mediated signalling,13,0.0062302635,0.00047925103,1
Intracellular Signalling Through Prostacyclin Receptor and Prostacyclin,8,0.0062257457,0.0007782182,1
Sulfur metabolism - Homo sapiens (human),8,0.0062255044,0.00077818806,1
Bevacizumab Action Pathway,13,0.0062171794,0.00047824456,1
Pentose phosphate cycle,10,0.00619856,0.000619856,1
Terminal pathway of complement,5,0.006196183,0.0012392367,1
"Deregulated CDK5 triggers multiple neurodegenerative pathways in Alzheimer,s disease models",10,0.0061707897,0.000617079,1
Estrogen-stimulated signaling through PRKCZ,11,0.0061601303,0.00056001183,1
Sphingolipid Metabolism (integrated pathway),24,0.006158964,0.0002566235,1
Lactose Synthesis,9,0.006142767,0.0006825297,1
protein kinase a at the centrosome,11,0.006130048,0.0005572771,1
Phytanic acid peroxisomal oxidation,13,0.006127349,0.00047133456,1
PTK6 Regulates Proteins Involved in RNA Processing,12,0.0061207954,0.0005100663,1
acetone degradation I (to methylglyoxal),4,0.006108874,0.0015272185,1
InlA-mediated entry of Listeria monocytogenes into host cells,8,0.006106647,0.0007633309,1
tetrahydrobiopterin <i>de novo</i> biosynthesis,4,0.006104149,0.0015260372,1
Constitutive Signaling by Overexpressed ERBB2,19,0.006094901,0.00032078425,1
Sema4D mediated inhibition of cell attachment and migration,10,0.0060853004,0.00060853,1
"Glycogenosis, Type IV. Amylopectinosis, Anderson disease",19,0.0060617933,0.00031904175,1
CD22 mediated BCR regulation,21,0.006054634,0.0002883159,1
ABO blood group biosynthesis,7,0.00605238,0.00086462573,1
"Gamma-carboxylation, transport, and amino-terminal cleavage of proteins",8,0.006036276,0.0007545345,1
RUNX3 regulates CDKN1A transcription,13,0.006030132,0.00046385633,1
role of brca1 brca2 and atr in cancer susceptibility,9,0.006029368,0.0006699298,1
Caffeine Metabolism,12,0.006027974,0.0005023312,1
Blood group systems biosynthesis,17,0.0060156696,0.0003538629,1
phospho-PLA2 pathway,6,0.006010534,0.0010017556,1
b cell survival pathway,9,0.0060008853,0.00066676503,1
Regulation of BACH1 activity,10,0.0059992336,0.00059992337,1
folate transformations,10,0.005993566,0.0005993566,1
Classical pathway of steroidogenesis with glucocorticoid and mineralocorticoid metabolism,6,0.005991833,0.0009986388,1
Transcription of E2F targets under negative control by DREAM complex,4,0.005979461,0.0014948653,1
Congenital Erythropoietic Porphyria (CEP) or Gunther Disease,9,0.0059767603,0.00066408445,1
rRNA modification in the mitochondrion,2,0.005969882,0.002984941,1
Congenital Bile Acid Synthesis Defect Type III,15,0.0059680087,0.00039786723,1
Regulation of HMOX1 expression and activity,19,0.0059601786,0.0003136936,1
Early Phase of HIV Life Cycle,6,0.005953111,0.0009921852,1
"Folate malabsorption, hereditary",11,0.005937648,0.0005397862,1
Downregulation of ERBB4 signaling,16,0.0059336456,0.00037085285,1
G1/S-Specific Transcription,14,0.005914588,0.00042247056,1
endocytotic role of ndk phosphins and dynamin,15,0.0059088836,0.00039392558,1
"4-hydroxytamoxifen, Dexamethasone, and Retinoic Acids Regulation of p27 Expression",13,0.005904425,0.00045418652,1
Androgen and Estrogen Metabolism,10,0.005901205,0.0005901205,1
transcription regulation by methyltransferase of carm1,16,0.005890467,0.0003681542,1
pelp1 modulation of estrogen receptor activity,7,0.0058798464,0.00083997805,1
brca1 dependent ub ligase activity,6,0.0058762506,0.0009793751,1
generation of amyloid b-peptide by ps1,7,0.0058723055,0.0008389008,1
Gap junction trafficking and regulation,20,0.005866965,0.00029334825,1
Congenital Bile Acid Synthesis Defect Type II,15,0.0058584437,0.0003905629,1
sumoylation by ranbp2 regulates transcriptional repression,9,0.0058402284,0.00064891425,1
Activation of RAC1,21,0.005837104,0.00027795733,1
MECP2 regulates transcription of neuronal ligands,9,0.0058352426,0.0006483603,1
One carbon pool by folate - Homo sapiens (human),17,0.005834374,0.00034319848,1
Methotrexate Action Pathway,11,0.005830667,0.0005300606,1
ALK2 signaling events,14,0.0058205067,0.0004157505,1
Adrenal Hyperplasia Type 5 or Congenital Adrenal Hyperplasia due to 17 Alpha-hydroxylase Deficiency,6,0.0058013503,0.0009668917,1
ROBO receptors bind AKAP5,13,0.0058000633,0.00044615872,1
DNA-PK pathway in nonhomologous end joining,4,0.0057840813,0.0014460203,1
Vinblastine Action Pathway,9,0.0057783104,0.00064203446,1
The retinoid cycle in cones (daylight vision),4,0.0057774815,0.0014443704,1
serine and glycine biosynthesis,12,0.0057696276,0.0004808023,1
p53-Dependent G1 DNA Damage Response,9,0.0057649985,0.0006405554,1
Glycogen synthetase deficiency,19,0.0057610804,0.00030321477,1
Bile Acid Biosynthesis,15,0.005759463,0.00038396422,1
Propanoate Metabolism,9,0.005745136,0.00063834846,1
Lactose Intolerance,5,0.0057283803,0.001145676,1
1q21.1 copy number variation syndrome,29,0.0057268403,0.00019747726,1
Calnexin/calreticulin cycle,11,0.0057174996,0.0005197727,1
Hereditary Coproporphyria (HCP),9,0.005705049,0.0006338943,1
Biosynthesis of protectins,5,0.0056900727,0.0011380145,1
L-cysteine degradation I,9,0.005682715,0.0006314128,1
phospholipase c signaling pathway,4,0.0056738686,0.0014184671,1
Doxorubicin Metabolism Pathway,18,0.0056666853,0.00031481584,1
Congenital Lipoid Adrenal Hyperplasia (CLAH) or Lipoid CAH,6,0.005665326,0.000944221,1
Attachment and Entry,5,0.005651258,0.0011302516,1
Aspirin and miRNAs,16,0.0056377677,0.00035236048,1
"SMAC, XIAP-regulated apoptotic response",4,0.005630894,0.0014077235,1
Activation of AMPA receptors,6,0.0056204153,0.0009367359,1
Tyrosine hydroxylase deficiency,11,0.0056151156,0.00051046506,1
Hijack of ubiquitination by SARS-CoV-2,28,0.00560442,0.00020015785,1
Hyaluronan uptake and degradation,8,0.0056042885,0.00070053607,1
AlphaE beta7 integrin cell surface interactions,7,0.0055955146,0.00079935923,1
E2F mediated regulation of DNA replication,11,0.0055897236,0.00050815666,1
glycogenolysis,9,0.0055788234,0.0006198693,1
gluconeogenesis,13,0.0055618123,0.00042783172,1
cysteine biosynthesis/homocysteine degradation (trans-sulfuration),7,0.00556158,0.0007945114,1
Wax biosynthesis,11,0.005549017,0.00050445605,1
Clopidogrel Action Pathway,7,0.0055458164,0.00079225947,1
WNT5:FZD7-mediated leishmania damping,15,0.0055455603,0.000369704,1
Chaperone Mediated Autophagy,13,0.0055290433,0.000425311,1
Teniposide Metabolism Pathway,2,0.005528034,0.002764017,1
Lactose Degradation,5,0.0055180835,0.0011036167,1
mechanism of protein import into the nucleus,4,0.0055170506,0.0013792627,1
eukaryotic protein translation,5,0.00551424,0.001102848,1
Imipramine Metabolism Pathway,3,0.0055044377,0.0018348126,1
Telmisartan Action Pathway,4,0.0054932004,0.0013733001,1
guanosine nucleotides <i>de novo</i> biosynthesis,4,0.00549121,0.0013728025,1
Mitochondrial transcription termination,3,0.0054887086,0.0018295696,1
17-alpha-hydroxylase deficiency (CYP17),6,0.005476,0.0009126666,1
Galactosemia III,8,0.005474795,0.0006843494,1
Synthesis of dolichyl-phosphate mannose,3,0.005467294,0.0018224312,1
S-adenosyl-L-methionine biosynthesis,5,0.0054548807,0.0010909762,1
MET activates PTK2 signaling,6,0.0054490995,0.0009081832,1
Synthesis of (16-20)-hydroxyeicosatetraenoic acids (HETE),8,0.005429167,0.00067864585,1
Mitochondrial tRNA aminoacylation,11,0.0054219114,0.000492901,1
RUNX2 regulates genes involved in differentiation of myeloid cells,3,0.0053837365,0.0017945789,1
PDGFR-alpha signaling pathway,22,0.0053796005,0.0002445273,1
G beta:gamma signalling through BTK,10,0.0053629978,0.0005362998,1
KIT mutants bind TKIs,7,0.0053585647,0.00076550926,1
Dissolution of Fibrin Clot,11,0.0053200205,0.00048363823,1
Intracellular Signalling Through LHCGR Receptor and Luteinizing Hormone/Choriogonadotropin,8,0.0053179576,0.0006647447,1
Orexin and neuropeptides FF and QRFP bind to their respective receptors,9,0.005311632,0.0005901813,1
Glycoprotein hormones,3,0.005309812,0.0017699372,1
proline biosynthesis,4,0.005306538,0.0013266345,1
Histidine catabolism,3,0.005290689,0.001763563,1
Pyrimidine salvage,8,0.0052890517,0.00066113146,1
AMPK inhibits chREBP transcriptional activation activity,11,0.0052871103,0.00048064638,1
Constitutive Signaling by NOTCH1 HD Domain Mutants,17,0.0052649146,0.00030970084,1
mitochondrial fatty acid beta-oxidation of saturated fatty acids,5,0.0052628806,0.0010525761,1
Di-unsaturated fatty acid beta-oxidation,14,0.0052562677,0.0003754477,1
Tyrosinemia Type 3 (TYRO3),15,0.005222305,0.00034815367,1
Metabolism of ingested H2SeO4 and H2SeO3 into H2Se,7,0.005221028,0.00074586115,1
Kynurenine Pathway and links to Cellular Senescence,6,0.005218825,0.0008698041,1
Androgen biosynthesis,5,0.0052131778,0.0010426355,1
27-Hydroxylase Deficiency,15,0.005204871,0.00034699138,1
21-hydroxylase deficiency (CYP21),6,0.0051892,0.00086486666,1
Degradation of GABA,3,0.0051789526,0.0017263176,1
4-hydroxybenzoate biosynthesis,2,0.005178158,0.002589079,1
the prc2 complex sets long-term gene silencing through modification of histone tails,16,0.005168797,0.0003230498,1
Irinotecan pathway,18,0.005168201,0.00028712227,1
DDX1 as a regulatory component of the Drosha microprocessor,3,0.005168138,0.0017227127,1
Mitochondrial LC-Fatty Acid Beta-Oxidation,7,0.0051656216,0.00073794596,1
Lipid Metabolism Pathway,13,0.0051642326,0.00039724866,1
Peptide hormone biosynthesis,4,0.0051631555,0.0012907889,1
Cohesin Loading onto Chromatin,4,0.0051422454,0.0012855614,1
Irbesartan Action Pathway,4,0.005138739,0.0012846848,1
Excitatory Neural Signalling Through 5-HTR 7 and  Serotonin ,8,0.005128118,0.0006410148,1
Mismatch Repair,8,0.005121628,0.0006402035,1
Regulation of TP53 Activity through Association with Co-factors,17,0.005112154,0.00030071495,1
CaMK IV-mediated phosphorylation of CREB,14,0.005110815,0.00036505822,1
Steroidogenesis,6,0.0051048817,0.00085081364,1
Galactose catabolism,4,0.0050967373,0.0012741843,1
stearate biosynthesis,10,0.00509408,0.000509408,1
Zellweger Syndrome,15,0.005067126,0.0003378084,1
Cyclophosphamide Action Pathway,5,0.005063924,0.0010127848,1
Lidocaine metabolism,3,0.005059284,0.0016864281,1
Gamma-glutamyl-transpeptidase deficiency,4,0.005051951,0.0012629877,1
Polymerase switching on the C-strand of the telomere,18,0.00505013,0.0002805628,1
MET activates PTPN11,11,0.0050214436,0.00045649486,1
Lisinopril Action Pathway,4,0.005016126,0.0012540316,1
Processing of Capped Intronless Pre-mRNA,11,0.00501485,0.00045589544,1
Conjugation of carboxylic acids,3,0.005008807,0.0016696024,1
Cilazapril Action Pathway,4,0.005004155,0.0012510387,1
Synthesis of epoxy (EET) and dihydroxyeicosatrienoic acids (DHET),8,0.005001051,0.00062513136,1
Protein methylation,19,0.0049839397,0.00026231262,1
thiamin salvage III,12,0.004979242,0.00041493683,1
Cerebrotendinous Xanthomatosis (CTX),15,0.0049751108,0.00033167406,1
RUNX3 regulates BCL2L11 (BIM) transcription,16,0.004974126,0.00031088287,1
Thyroxine biosynthesis,9,0.0049643936,0.0005515993,1
Mineralocorticoid biosynthesis,2,0.0049630823,0.0024815411,1
"Fructose-1,6-diphosphatase deficiency",11,0.0049035563,0.00044577784,1
Mitochondrial fatty acid synthesis pathway,6,0.0048936256,0.0008156043,1
sumoylation as a mechanism to modulate ctbp-dependent gene responses,11,0.004887143,0.00044428575,1
TGF-beta receptor signaling in EMT (epithelial to mesenchymal transition),22,0.004885963,0.00022208923,1
Benazepril Action Pathway,4,0.004883457,0.0012208642,1
Gamma-Glutamyltransferase Deficiency,4,0.0048763687,0.0012190922,1
<i>S</i>-methyl-5-thio-α-D-ribose 1-phosphate degradation,3,0.004869677,0.0016232257,1
ca-calmodulin-dependent protein kinase activation,12,0.0048664324,0.00040553603,1
Anchoring fibril formation,10,0.004855779,0.0004855779,1
Phenylalanine and Tyrosine Metabolism,15,0.004850703,0.0003233802,1
Fatty Acids bound to GPR40 (FFAR1) regulate insulin secretion,5,0.0048477333,0.0009695467,1
fatty acid activation,6,0.004836923,0.0008061538,1
fatty acid β-oxidation,12,0.004831951,0.00040266258,1
4-hydroxy-2-nonenal detoxification,5,0.004827215,0.000965443,1
Metabolism of non-coding RNA,16,0.004815962,0.00030099764,1
Josephin domain DUBs,8,0.0048044245,0.00060055306,1
CDT1 association with the CDC6:ORC:origin complex,6,0.0047884556,0.0007980759,1
γ-linolenate biosynthesis,7,0.004786308,0.0006837583,1
visual signal transduction,6,0.0047832755,0.0007972126,1
Vitamin B6 metabolism,10,0.0047743004,0.00047743003,1
superpathway of choline degradation to L-serine,6,0.004767335,0.0007945558,1
Glutathione Metabolism,4,0.004766017,0.0011915043,1
Glucose-Alanine Cycle,6,0.0047659385,0.0007943231,1
Phenylacetate Metabolism,2,0.0047623175,0.0023811588,1
Inflammasomes,16,0.004760568,0.0002975355,1
Golgi Cisternae Pericentriolar Stack Reorganization,16,0.004752556,0.00029703474,1
Synthesis of pyrophosphates in the cytosol,12,0.004736263,0.00039468857,1
insulin signaling pathway,20,0.0047315997,0.00023657999,1
Activated NTRK3 signals through PLCG1,12,0.0047154548,0.00039295456,1
"Fructose intolerance, hereditary",9,0.0046921447,0.00052134943,1
Erlotinib Action Pathway,7,0.004687154,0.00066959346,1
Caspase activation via Dependence Receptors in the absence of ligand,18,0.004672985,0.00025961027,1
dolichyl-diphosphooligosaccharide biosynthesis,3,0.004672158,0.001557386,1
NIK-->noncanonical NF-kB signaling,12,0.0046609235,0.0003884103,1
Binding of TCF/LEF:CTNNB1 to target gene promoters,13,0.00465114,0.00035778,1
RHOBTB1 GTPase cycle,12,0.0045887213,0.00038239345,1
eicosapentaenoate biosynthesis,5,0.004587581,0.0009175162,1
Perindopril Action Pathway,4,0.0045824293,0.0011456073,1
Ifosfamide Action Pathway,5,0.004578028,0.0009156056,1
Carnitine Synthesis,3,0.004536983,0.0015123277,1
Pregnenolone biosynthesis,11,0.0045037465,0.0004094315,1
Latent infection - Other responses of Mtb to phagocytosis,5,0.0044971043,0.0008994209,1
MET activates RAS signaling,14,0.004478073,0.00031986236,1
Hyper-IgD syndrome,14,0.0044757817,0.00031969868,1
CREB3 factors activate genes,5,0.0044744182,0.00089488365,1
D-galactose degradation V (Leloir pathway),6,0.004465376,0.00074422936,1
palmitate biosynthesis,6,0.0044641336,0.00074402225,1
Gamma-carboxylation of protein precursors,5,0.0044630244,0.0008926049,1
CS/DS degradation,4,0.004455152,0.001113788,1
thyroid hormone metabolism II (via conjugation and/or degradation),15,0.004454189,0.00029694595,1
P2Y receptors,18,0.0044509517,0.0002472751,1
Free fatty acids regulate insulin secretion,7,0.0044466043,0.00063522917,1
glycolysis,7,0.004445715,0.0006351021,1
Signaling by MRAS-complex mutants,6,0.004437348,0.00073955796,1
Gap junction degradation,13,0.0044353576,0.00034118135,1
Post-chaperonin tubulin folding pathway,6,0.0044190255,0.00073650427,1
C20 prostanoid biosynthesis,6,0.0044076513,0.00073460856,1
Corticosterone methyl oxidase II deficiency - CMO II,6,0.004374137,0.00072902284,1
"TET1,2,3 and TDG demethylate DNA",5,0.004369909,0.0008739818,1
zymosterol biosynthesis,6,0.0043413043,0.00072355074,1
Phosphoenolpyruvate carboxykinase deficiency 1 (PEPCK1),11,0.0043342886,0.00039402625,1
Class IB PI3K non-lipid kinase events,8,0.0043249964,0.00054062455,1
superpathway of pyrimidine deoxyribonucleoside salvage,5,0.004323399,0.0008646798,1
Regulation of commissural axon pathfinding by SLIT and ROBO,27,0.0043094424,0.00015960897,1
Uptake and function of diphtheria toxin,6,0.004297952,0.00071632536,1
Oxidation of Branched Chain Fatty Acids,8,0.004292497,0.0005365621,1
Interaction between PHLDA1 and AURKA,4,0.004286656,0.001071664,1
Sphingolipid Metabolism (general overview),24,0.004285488,0.000178562,1
"Gamma-glutamyl cycle for the biosynthesis and degradation of glutathione, including diseases",3,0.0042805932,0.0014268644,1
Activation of PUMA and translocation to mitochondria,13,0.004272255,0.000328635,1
Uptake and function of anthrax toxins,16,0.00427198,0.00026699874,1
Regulation of PTEN localization,11,0.0042514214,0.00038649284,1
Modulation by Mtb of host immune system,5,0.0042483527,0.00084967056,1
SARS-CoV-2 and angiotensin-converting enzyme 2 receptor- molecular mechanisms,7,0.0042449855,0.0006064265,1
Leptin and adiponectin,10,0.004243037,0.00042430373,1
Stabilization of p53,5,0.004242196,0.00084843923,1
"Glycogenosis, Type IA. Von gierke disease",11,0.004229355,0.00038448683,1
Caffeine metabolism - Homo sapiens (human),12,0.0042139823,0.0003511652,1
Aflatoxin B1 metabolism,5,0.004185819,0.0008371638,1
Fluoroacetic acid toxicity,6,0.0041705193,0.00069508655,1
Activated NTRK3 signals through RAS,11,0.004168681,0.000378971,1
Polo-like kinase mediated events,11,0.0041641626,0.00037856025,1
PTK6 Regulates Cell Cycle,7,0.0041582775,0.0005940396,1
Familial Hypercholanemia (FHCA),15,0.0041343626,0.00027562416,1
reversal of insulin resistance by leptin,8,0.0041271048,0.0005158881,1
superpathway of pyrimidine deoxyribonucleotides <i>de novo</i> biosynthesis,6,0.0041245753,0.0006874292,1
PAR4-mediated thrombin signaling events,13,0.004122143,0.00031708792,1
Lidocaine (Local Anaesthetic) Metabolism Pathway,5,0.004121095,0.00082421897,1
Paclitaxel Action Pathway,7,0.0041066217,0.00058666023,1
Terpenoid backbone biosynthesis - Homo sapiens (human),7,0.0041008606,0.00058583723,1
CREB1 phosphorylation through the activation of CaMKII/CaMKK/CaMKIV cascasde,7,0.0040679066,0.0005811295,1
Regulation of gene expression by Hypoxia-inducible Factor,6,0.0040647862,0.00067746436,1
hydrogen sulfide biosynthesis (trans-sulfuration),7,0.0040606363,0.0005800909,1
MAPK3 (ERK1) activation,5,0.0040551163,0.0008110233,1
Biosynthesis of maresin-like SPMs,5,0.004043197,0.00080863934,1
PP2A-mediated dephosphorylation of key metabolic factors,6,0.0040412154,0.0006735359,1
Cellular Proteostasis,5,0.004041168,0.00080823357,1
Class I peroxisomal membrane protein import,10,0.00403346,0.00040334597,1
Excitatory Neural Signalling Through 5-HTR 6 and Serotonin ,7,0.0040287157,0.0005755308,1
Beta-oxidation of pristanoyl-CoA,11,0.004025703,0.00036597298,1
Processing of Intronless Pre-mRNAs,10,0.0040145046,0.00040145047,1
Dimethyl-branched-chain fatty acid mitochondrial beta-oxidation,11,0.00400831,0.0003643918,1
acetate conversion to acetyl-CoA,2,0.0040044715,0.0020022357,1
Formation of tubulin folding intermediates by CCT/TriC,9,0.0040034116,0.00044482353,1
Conjugation of salicylate with glycine,3,0.003989932,0.0013299774,1
Signaling by FGFR2 amplification mutants,11,0.0039700577,0.00036091433,1
Transcription of E2F targets under negative control by p107 (RBL1) and p130 (RBL2) in complex with HDAC1,5,0.003940612,0.0007881224,1
ATP sensitive Potassium channels,6,0.0039376332,0.0006562722,1
Synthesis of bile acids and bile salts via 7alpha-hydroxycholesterol,16,0.0039307037,0.00024566898,1
Ramipril Action Pathway,4,0.003927906,0.0009819765,1
cyclin e destruction pathway,10,0.0039250646,0.00039250645,1
17-Beta Hydroxysteroid Dehydrogenase III Deficiency,10,0.0039213784,0.00039213785,1
Aurora C signaling,3,0.0039154394,0.0013051465,1
Fibronectin matrix formation,5,0.0039149327,0.0007829865,1
Purine salvage,6,0.0039055725,0.00065092876,1
Proteoglycan syndecan-mediated signaling events,15,0.003902373,0.00026015818,1
p75NTR regulates axonogenesis,8,0.0039022418,0.00048778023,1
UTP and CTP dephosphorylation I,2,0.003890062,0.001945031,1
Regulation of gene expression in beta cells,5,0.0038822938,0.00077645876,1
Calcineurin activates NFAT,8,0.0038773224,0.0004846653,1
tyrosine degradation,3,0.0038731513,0.0012910505,1
CHILD Syndrome,14,0.0038582233,0.00027558737,1
PLK3 signaling events,4,0.0038563975,0.00096409937,1
Suppression of autophagy,2,0.0038492098,0.0019246049,1
GABA-Transaminase Deficiency,7,0.0038490088,0.0005498584,1
Beta oxidation of octanoyl-CoA to hexanoyl-CoA,2,0.0038477585,0.0019238793,1
spliceosomal assembly,12,0.003847285,0.00032060707,1
Diseases of programmed cell death,11,0.0038437997,0.00034943633,1
Signaling by extracellular domain mutants of KIT,7,0.00384143,0.0005487757,1
Type II diabetes mellitus,16,0.0038374374,0.00023983984,1
Inactivation of CDC42 and RAC1,21,0.0038362953,0.00018268073,1
Polymerase switching,14,0.0038257008,0.00027326433,1
Transport of nucleosides and free purine and pyrimidine bases across the plasma membrane,9,0.0038205779,0.00042450865,1
SARS-CoV-2 Genome Replication and Transcription,6,0.0038157725,0.00063596206,1
MAPK and NFkB signaling pathways inhibited by Yersinia YopJ,5,0.0038148665,0.00076297333,1
glycogen biosynthesis,14,0.0038114414,0.00027224582,1
pyrimidine deoxyribonucleosides degradation,5,0.0038088374,0.0007617675,1
fosb gene expression and drug abuse,4,0.0037969493,0.0009492373,1
Replication of the SARS-CoV-2 genome,6,0.0037881536,0.00063135894,1
N-glycan trimming and elongation in the cis-Golgi,7,0.0037873234,0.0005410462,1
sulfate activation for sulfonation,6,0.003784919,0.0006308198,1
superpathway of steroid hormone biosynthesis,9,0.003776448,0.00041960535,1
Transport of connexins along the secretory pathway,10,0.0037720425,0.00037720424,1
Aromatic amines can be N-hydroxylated or N-dealkylated by CYP1A2,2,0.0037667945,0.0018833972,1
molybdenum cofactor biosynthesis,3,0.0037536067,0.0012512022,1
AKT phosphorylates targets in the cytosol,7,0.0037492868,0.0005356124,1
"<i>S</i>-methyl-5,-thioadenosine degradation",2,0.0037401728,0.0018700864,1
Invadopodia formation,6,0.0037388497,0.0006231416,1
NR1H2 & NR1H3 regulate gene expression to control bile acid homeostasis,7,0.003733913,0.0005334161,1
Cysteine Metabolism,15,0.0037319022,0.00024879348,1
Removal of the Flap Intermediate from the C-strand,6,0.0037137463,0.00061895774,1
Glycogen Storage Disease Type 1A (GSD1A) or Von Gierke Disease,11,0.0037135782,0.00033759803,1
FOXA2 pathway,20,0.003712024,0.00018560121,1
inhibition of matrix metalloproteinases,16,0.0037037197,0.00023148248,1
Ca2+ activated K+ channels,13,0.0037022424,0.00028478788,1
Telomere Extension By Telomerase,9,0.0036905864,0.00041006517,1
"Endohydrolysis of 1,4-alpha-D-glucosidic linkages in polysaccharides by alpha-amylase",11,0.003686039,0.00033509446,1
Short-chain 3-hydroxyacyl-CoA dehydrogenase deficiency (SCHAD),9,0.0036745323,0.00040828137,1
Omega-9 FA synthesis,7,0.0036667592,0.00052382273,1
Inhibition of Signaling by Overexpressed EGFR,9,0.003649614,0.00040551266,1
thyroid hormone metabolism I (via deiodination),6,0.0036448608,0.0006074768,1
p75NTR recruits signalling complexes,13,0.003644373,0.0002803364,1
mevalonate pathway,5,0.003634804,0.0007269608,1
Signaling by FGFR2 fusions,11,0.0036188858,0.0003289896,1
Regulation of thyroid hormone activity,6,0.0035980358,0.0005996726,1
"Glycogenosis, Type IC",11,0.0035972607,0.0003270237,1
Glucocorticoid biosynthesis,4,0.0035933335,0.0008983334,1
Interleukin-1 Induced Activation of NF-kappa-B,12,0.003577401,0.00029811673,1
Cori Cycle,6,0.0035770102,0.0005961684,1
basic mechanism of action of ppara pparb(d) and pparg and effects on gene expression,13,0.0035769392,0.00027514918,1
MicroRNA network associated with chronic lymphocytic leukemia,8,0.0035760647,0.0004470081,1
3-Beta-Hydroxysteroid Dehydrogenase Deficiency,6,0.0035737732,0.00059562887,1
bupropion degradation,3,0.0035715718,0.001190524,1
Cholesterol biosynthesis via lathosterol,7,0.0035633894,0.0005090556,1
Maturation of nucleoprotein,9,0.0035546974,0.00039496637,1
histidine degradation,2,0.003550531,0.0017752656,1
Spermidine and Spermine Biosynthesis,3,0.0035497877,0.0011832626,1
Acetylcholine inhibits contraction of outer hair cells,11,0.0035476591,0.00032251448,1
Scavenging by Class F Receptors,10,0.003522458,0.0003522458,1
Synthesis and degradation of ketone bodies - Homo sapiens (human),5,0.0035216964,0.0007043393,1
AKT-mediated inactivation of FOXO1A,5,0.0035151336,0.0007030267,1
Signalling to STAT3,5,0.003513098,0.0007026196,1
Olmesartan Action Pathway,4,0.00350286,0.000875715,1
Synthesis of Prostaglandins (PG) and Thromboxanes (TX),7,0.003500768,0.0005001097,1
Ethanol metabolism resulting in production of ROS by CYP2E1,3,0.0034997389,0.0011665797,1
Caspase-mediated cleavage of cytoskeletal proteins,9,0.0034979507,0.0003886612,1
Losartan Action Pathway,4,0.0034900159,0.00087250397,1
Vincristine Action Pathway,8,0.0034892736,0.0004361592,1
Establishment of Sister Chromatid Cohesion,3,0.0034847558,0.0011615852,1
chondroitin sulfate degradation (metazoa),6,0.003481826,0.00058030436,1
p53-Independent DNA Damage Response,2,0.003481498,0.001740749,1
Reuptake of GABA,6,0.0034762123,0.00057936873,1
FLT3 mutants bind TKIs,4,0.0034717813,0.0008679453,1
SOS-mediated signalling,21,0.0034698506,0.00016523099,1
ethanol degradation II,4,0.0034672702,0.00086681754,1
APEX1-Independent Resolution of AP Sites via the Single Nucleotide Replacement Pathway,4,0.0034583102,0.00086457754,1
Gap junction trafficking,14,0.0034570033,0.0002469288,1
overview of telomerase protein component gene htert transcriptional regulation,7,0.0034461075,0.0004923011,1
guanosine deoxyribonucleotides <i>de novo</i> biosynthesis,3,0.003401387,0.0011337957,1
basic mechanisms of sumoylation,4,0.0033857431,0.0008464358,1
Mismatch repair (MMR) directed by MSH2:MSH3 (MutSbeta),8,0.0033842793,0.00042303492,1
Regulation of ornithine decarboxylase (ODC),3,0.0033678075,0.0011226025,1
Venlafaxine Metabolism Pathway,2,0.0033640075,0.0016820037,1
Activation of caspases through apoptosome-mediated cleavage,4,0.0033632112,0.0008408028,1
Amino acid conjugation of benzoic acid,2,0.003362069,0.0016810345,1
Doxepin Metabolism Pathway,4,0.0033503848,0.0008375962,1
deregulation of cdk5 in alzheimers disease,7,0.00334157,0.00047736714,1
Rosuvastatin Action Pathway,14,0.0033396292,0.00023854493,1
Conjugation of benzoate with glycine,3,0.003321595,0.0011071983,1
Sensing of DNA Double Strand Breaks,3,0.0033126585,0.0011042195,1
aspartate biosynthesis,9,0.0033086617,0.00036762908,1
purine deoxyribonucleosides salvage,4,0.0033044235,0.0008261059,1
HIF1A and PPARG regulation of glycolysis,10,0.0033017178,0.00033017178,1
Fructose and Mannose Degradation,9,0.003299676,0.00036663067,1
5-Oxoprolinuria,4,0.0032931054,0.00082327635,1
Fosinopril Action Pathway,4,0.0032905517,0.0008226379,1
Kennedy pathway from sphingolipids,16,0.003290175,0.00020563594,1
Pyrophosphate hydrolysis,3,0.0032900372,0.001096679,1
Fanconi-bickel syndrome,5,0.0032890618,0.00065781234,1
pyrimidine ribonucleosides salvage I,5,0.0032850185,0.0006570037,1
Electric Transmission Across Gap Junctions,4,0.0032838888,0.0008209722,1
methionine salvage,2,0.0032787775,0.0016393887,1
granzyme a mediated apoptosis pathway,5,0.003267676,0.00065353524,1
Lipid particle organization,4,0.00325735,0.0008143375,1
purine ribonucleosides degradation to ribose-1-phosphate,5,0.00324967,0.000649934,1
ethanol degradation IV,4,0.0032475325,0.00081188313,1
rRNA processing in the mitochondrion,2,0.003239045,0.0016195225,1
5-oxoprolinase deficiency,4,0.0032320241,0.00080800604,1
TLR3-mediated TICAM1-dependent programmed cell death,4,0.0032273703,0.0008068426,1
Signaling by juxtamembrane domain KIT mutants,7,0.0032260213,0.00046086017,1
Unfolded Protein Response (UPR),8,0.0032137502,0.00040171877,1
COX reactions,1,0.0032040963,0.0032040963,1
Pyrimidine biosynthesis,1,0.0031965913,0.0031965913,1
Carnitine-acylcarnitine translocase deficiency,6,0.003193113,0.0005321855,1
Classical antibody-mediated complement activation,2,0.0031778417,0.0015889208,1
phosphatidylcholine biosynthesis,2,0.003176353,0.0015881765,1
Vitamin H (biotin) metabolism,5,0.0031677824,0.0006335565,1
RHOT2 GTPase cycle,5,0.0031671934,0.0006334387,1
ROS sensing by NFE2L2,10,0.0031599759,0.00031599757,1
Candesartan Action Pathway,4,0.0031552017,0.0007888004,1
Alpha-defensins,4,0.0031516554,0.00078791386,1
"Progressive trimming of alpha-1,2-linked mannose residues from Man9/8/7GlcNAc2 to produce Man5GlcNAc2",4,0.003151401,0.00078785024,1
PCNA-Dependent Long Patch Base Excision Repair,16,0.0031473015,0.00019670634,1
Corticosterone methyl oxidase I deficiency (CMO I),6,0.0031258734,0.0005209789,1
Drug-mediated inhibition of ERBB2 signaling,7,0.0031225807,0.00044608297,1
Lewis blood group biosynthesis,12,0.003109932,0.000259161,1
SLIT2:ROBO1 increases RHOA activity,16,0.0031062376,0.00019413985,1
TRKA activation by NGF,2,0.003103205,0.0015516025,1
Axonal growth inhibition (RHOA activation),8,0.0030934606,0.00038668257,1
Acetylcholine Synthesis,11,0.0030908855,0.0002809896,1
Ion influx/efflux at host-pathogen interface,4,0.0030734276,0.0007683569,1
Biotin metabolism - Homo sapiens (human),2,0.0030643297,0.0015321649,1
methylglyoxal degradation I,3,0.0030638292,0.0010212763,1
Ubiquinone and other terpenoid-quinone biosynthesis - Homo sapiens (human),5,0.0030629525,0.0006125905,1
L-cysteine degradation II,9,0.0030604366,0.00034004851,1
Gamma-cystathionase deficiency (CTH),9,0.0030592605,0.00033991784,1
Trihydroxycoprostanoyl-CoA beta-oxidation,8,0.0030532859,0.00038166074,1
Liver X receptor pathway,4,0.0030506977,0.00076267443,1
DNA Damage Reversal,13,0.0030452686,0.00023425143,1
rna polymerase iii transcription,6,0.0030395538,0.0005065923,1
Processing and activation of SUMO,5,0.003031323,0.00060626457,1
Adrenal Hyperplasia Type 3 or Congenital Adrenal Hyperplasia due to 21-hydroxylase Deficiency,6,0.0030286824,0.0005047804,1
Inhibition of TSC complex formation by PKB,2,0.0030284012,0.0015142006,1
RNA Polymerase I Promoter Opening,2,0.0030157194,0.0015078597,1
methionine degradation,7,0.003007522,0.00042964602,1
Tyrosine catabolism,3,0.0030059593,0.0010019864,1
Apoptosis induced DNA fragmentation,2,0.0030014333,0.0015007167,1
RSK activation,8,0.0030008038,0.00037510047,1
Binding and entry of HIV virion,3,0.0029946482,0.0009982161,1
"Homocystinuria, cystathionine beta-synthase deficiency",9,0.0029893583,0.00033215093,1
Highly calcium permeable nicotinic acetylcholine receptors,4,0.002983508,0.000745877,1
PTK6 Expression,8,0.0029777116,0.00037221395,1
Arylamine metabolism,12,0.0029771456,0.00024809546,1
PLCG1 events in ERBB2 signaling,5,0.0029723134,0.0005944627,1
Attachment of GPI anchor to uPAR,8,0.0029678578,0.00037098222,1
PI and PC transport between ER and Golgi membranes,2,0.0029665616,0.0014832808,1
KSRP (KHSRP) binds and destabilizes mRNA,3,0.002965484,0.0009884947,1
Dipyridamole (Antiplatelet) Action Pathway,2,0.002961974,0.001480987,1
Reversal of alkylation damage by DNA dioxygenases,7,0.0029607005,0.0004229572,1
Neurofascin interactions,6,0.002953316,0.00049221935,1
Vasopressin-like receptors,3,0.0029420608,0.000980687,1
role of parkin in ubiquitin-proteasomal pathway,12,0.0029397353,0.00024497794,1
Acute Intermittent Porphyria,9,0.0029311758,0.00032568618,1
Nucleotide-like (purinergic) receptors,21,0.0029225384,0.0001391685,1
opposing roles of aif in apoptosis and cell survival,1,0.0029190527,0.0029190527,1
4-aminobutyrate degradation,3,0.002916908,0.00097230263,1
platelet amyloid precursor protein pathway,8,0.0029006961,0.00036258702,1
HDL assembly,4,0.0028926963,0.0007231741,1
Formation of annular gap junctions,13,0.0028723893,0.00022095302,1
Negative regulation of TCF-dependent signaling by DVL-interacting proteins,3,0.0028722987,0.0009574329,1
Triglyceride catabolism,11,0.002865736,0.00026052145,1
attenuation of gpcr signaling,13,0.0028651461,0.00022039586,1
Synthesis of bile acids and bile salts via 24-hydroxycholesterol,5,0.0028603582,0.00057207164,1
CMP-<i>N</i>-acetylneuraminate biosynthesis I (eukaryotes),4,0.0028533626,0.00071334065,1
retinoate biosynthesis II,7,0.002847653,0.00040680758,1
fatty acid α-oxidation III,3,0.0028476017,0.00094920053,1
Apparent mineralocorticoid excess syndrome,6,0.0028455942,0.0004742657,1
Heroin metabolism,4,0.002843176,0.000710794,1
heme degradation,2,0.0028260497,0.0014130248,1
"Glycogenosis, Type VII. Tarui disease",5,0.0028161774,0.0005632355,1
MET activates STAT3,5,0.0028134154,0.0005626831,1
RHOBTB3 ATPase cycle,7,0.0028090815,0.00040129735,1
Amino Acid Metabolism Pathway Excerpt (Histidine catabolism extension),2,0.0028037834,0.0014018917,1
mechanism of acetaminophen activity and toxicity,3,0.00276835,0.00092278334,1
Transport of fatty acids,5,0.0027506135,0.0005501227,1
Porphyrin Metabolism,9,0.0027503497,0.0003055944,1
Trafficking and processing of endosomal TLR,7,0.0027491217,0.0003927317,1
Endoplasmic reticulum stress response in coronavirus infection,7,0.0027491115,0.0003927302,1
Docetaxel Action Pathway,7,0.0027471296,0.00039244708,1
dermatan sulfate degradation (metazoa),4,0.002734065,0.00068351626,1
Transport and synthesis of PAPS,8,0.0027318134,0.00034147667,1
RHOT1 GTPase cycle,3,0.0027288643,0.0009096214,1
PI5P Regulates TP53 Acetylation,5,0.0027268073,0.0005453614,1
Mtb iron assimilation by chelation,5,0.0027246734,0.00054493465,1
Vitamin C (ascorbate) metabolism,7,0.0027231562,0.00038902232,1
epoxysqualene biosynthesis,2,0.0027209339,0.0013604669,1
Phosphate bond hydrolysis by NTPDase proteins,3,0.0027183776,0.0009061259,1
Alpha Linolenic Acid and Linoleic Acid Metabolism,4,0.0027090006,0.00067725015,1
Endogenous sterols,8,0.00268999,0.00033624875,1
alternative complement pathway,8,0.002685797,0.00033572462,1
Rescinnamine Action Pathway,4,0.0026839098,0.00067097746,1
Microbial modulation of RIPK1-mediated regulated necrosis,3,0.0026786565,0.0008928855,1
Beta-mercaptolactate-cysteine disulfiduria,15,0.0026735237,0.00017823491,1
Signaling by FGFR2 IIIa TM,14,0.0026707759,0.0001907697,1
Removal of the Flap Intermediate,6,0.0026696825,0.00044494707,1
Polyol Pathway,3,0.0026676776,0.00088922586,1
Replication of the SARS-CoV-1 genome,6,0.0026643798,0.0004440633,1
Benazepril Metabolism Pathway,1,0.0026554484,0.0026554484,1
Lactose synthesis,5,0.0026496435,0.0005299287,1
Biosynthesis of maresins,7,0.0026495997,0.00037851423,1
Ureidopropionase deficiency,7,0.0026494844,0.0003784978,1
pentose phosphate pathway,2,0.0026427323,0.0013213662,1
Methionine metabolism leading to sulfur amino acids and related disorders,8,0.0026422064,0.0003302758,1
Mitotic Metaphase/Anaphase Transition,5,0.0026308799,0.00052617595,1
FGFR1c and Klotho ligand binding and activation,6,0.0026191548,0.0004365258,1
The role of GTSE1 in G2/M progression after G2 checkpoint,7,0.002607226,0.00037246084,1
Citalopram Metabolism Pathway,3,0.002599825,0.0008666083,1
Rosiglitazone Metabolism Pathway,4,0.0025973488,0.0006493372,1
Pyruvaldehyde Degradation,3,0.0025952887,0.0008650962,1
Transport of nucleotide sugars,5,0.0025845927,0.00051691855,1
Hyaluronan biosynthesis and export,2,0.0025818972,0.0012909486,1
The alternative pathway of fetal androgen synthesis,3,0.002581341,0.000860447,1
androgen biosynthesis,3,0.0025762217,0.0008587406,1
Abnormal conversion of 2-oxoglutarate to 2-hydroxyglutarate,1,0.0025719367,0.0025719367,1
glutamate biosynthesis/degradation,1,0.0025664852,0.0025664852,1
Toxicity of botulinum toxin type C (botC),2,0.0025621927,0.0012810964,1
Peroxiredoxin 2 induced ovarian failure,5,0.002561043,0.0005122086,1
Forasartan Action Pathway,4,0.0025589566,0.00063973916,1
Plasmalogen Synthesis,5,0.002554415,0.000510883,1
Triosephosphate isomerase,11,0.002554334,0.00023221219,1
Mitochondrial Beta-Oxidation of Short Chain Saturated Fatty Acids,9,0.0025498911,0.00028332125,1
Activation of RAC1 downstream of NMDARs,6,0.0025462483,0.0004243747,1
adenosine deoxyribonucleotides <i>de novo</i> biosynthesis,3,0.0025458476,0.00084861583,1
Butyrate Metabolism,3,0.0025457572,0.00084858574,1
HDR through MMEJ (alt-NHEJ),9,0.0025457384,0.0002828598,1
PLC-gamma1 signalling,3,0.0025442326,0.0008480775,1
ABC transporters in lipid homeostasis,8,0.0025426433,0.00031783042,1
betaKlotho-mediated ligand binding,4,0.0025413039,0.00063532597,1
Enalapril Action Pathway,4,0.002535649,0.0006339123,1
Vitamin B6-dependent and responsive disorders,4,0.002527412,0.000631853,1
oxidative ethanol degradation III,4,0.0025261454,0.00063153636,1
Arachidonate production from DAG,14,0.0025237687,0.0001802692,1
Catalytic cycle of mammalian Flavin-containing MonoOxygenases (FMOs),5,0.0025219154,0.00050438306,1
"Phase I biotransformations, non P450",5,0.002515389,0.00050307775,1
Mitotic Telophase/Cytokinesis,5,0.0025057148,0.00050114293,1
α-tocopherol degradation,1,0.0024886152,0.0024886152,1
Organic anion transport,2,0.0024781174,0.0012390587,1
Cysteine formation from homocysteine,9,0.0024643266,0.00027381408,1
Hair Follicle Development- Cytodifferentiation - Part 3 of 3,1,0.002459102,0.002459102,1
NTF4 activates NTRK2 (TRKB) signaling,10,0.00245317,0.000245317,1
Erythrocytes take up carbon dioxide and release oxygen,3,0.0024468086,0.0008156029,1
ALKBH3 mediated reversal of alkylation damage,6,0.0024464042,0.00040773404,1
Galactosemia II (GALK),8,0.0024328511,0.0003041064,1
Propionyl-CoA catabolism,5,0.0024296865,0.0004859373,1
GABA synthesis,5,0.0024153318,0.00048306637,1
cycling of ran in nucleocytoplasmic transport,3,0.002407838,0.00080261263,1
NADE modulates death signalling,4,0.0023684055,0.00059210137,1
thioredoxin pathway,3,0.0023661328,0.00078871095,1
L-glutamine tRNA biosynthesis,4,0.0023655833,0.00059139583,1
Presynaptic nicotinic acetylcholine receptors,5,0.0023628697,0.00047257394,1
"Adrenoleukodystrophy, X-linked",6,0.0023524985,0.00039208308,1
Miro GTPase Cycle,5,0.0023433194,0.00046866387,1
Vitamins B6 activation to pyridoxal phosphate,2,0.0023418146,0.0011709073,1
Interactions of Tat with host cellular proteins,1,0.002337553,0.002337553,1
Mitochondrial calcium ion transport,20,0.002335001,0.00011675005,1
Carbamazepine Metabolism Pathway,5,0.0023124279,0.00046248556,1
asparagine biosynthesis,10,0.0023112467,0.00023112466,1
Activation of C3 and C5,6,0.0022895986,0.00038159976,1
Benzo(a)pyrene metabolism,4,0.0022867094,0.00057167734,1
Vindesine Action Pathway,8,0.0022848477,0.00028560596,1
SCFA and skeletal muscle substrate metabolism,5,0.0022724033,0.00045448067,1
NS1 Mediated Effects on Host Pathways,6,0.0022662098,0.00037770162,1
Gap junction assembly,10,0.002259828,0.00022598279,1
Beta oxidation of butanoyl-CoA to acetyl-CoA,3,0.002259593,0.00075319764,1
Synthesis of PG,3,0.0022548493,0.00075161643,1
Synthesis of PIPs in the nucleus,3,0.002250341,0.0007501137,1
ATF6 (ATF6-alpha) activates chaperones,3,0.002238932,0.0007463107,1
NFG and proNGF binds to p75NTR,3,0.002237475,0.000745825,1
Alternative complement activation,4,0.002231733,0.00055793324,1
Histamine receptors,7,0.0022304952,0.00031864218,1
IRF3-mediated induction of type I IFN,1,0.0022252102,0.0022252102,1
Mitochondrial Beta-Oxidation of Medium Chain Saturated Fatty Acids,6,0.0022248637,0.00037081062,1
Spirapril Action Pathway,4,0.0022128038,0.00055320095,1
Sulfur relay system - Homo sapiens (human),2,0.002202083,0.0011010414,1
Disinhibition of SNARE formation,6,0.002196059,0.00036600986,1
pentose phosphate pathway (oxidative branch),1,0.0021915485,0.0021915485,1
Moexipril Action Pathway,4,0.0021795498,0.00054488744,1
"Cystinosis, ocular nonnephropathic",15,0.002170474,0.00014469826,1
leukotriene biosynthesis,5,0.002165384,0.00043307678,1
rho-selective guanine exchange factor akap13 mediates stress fiber formation,9,0.002164693,0.00024052145,1
Transport of connexons to the plasma membrane,10,0.002164683,0.00021646831,1
Trafficking of myristoylated proteins to the cilium,3,0.0021551813,0.00071839377,1
Prevention of phagosomal-lysosomal fusion,4,0.0021540676,0.0005385169,1
Clomipramine Metabolism Pathway,3,0.0021350884,0.00071169616,1
adenosine ribonucleotides <i>de novo</i> biosynthesis,22,0.0021316519,9.6893265e-05,1
Proline catabolism,1,0.0021208327,0.0021208327,1
Circadian rhythm related genes,9,0.0020794927,0.00023105474,1
glycine betaine degradation,2,0.0020711832,0.0010355916,1
Late endosomal microautophagy,9,0.0020635535,0.00022928373,1
Pexophagy,4,0.0020616243,0.0005154061,1
The NLRP3 inflammasome,7,0.0020567535,0.00029382194,1
MGMT-mediated DNA damage reversal,6,0.002056157,0.00034269283,1
Ubiquitin Mediated Degradation of Phosphorylated Cdc25A,2,0.0020509313,0.0010254657,1
Nicotine Activity on Chromaffin Cells,5,0.0020372882,0.00040745764,1
Microtubule-dependent trafficking of connexons from Golgi to the plasma membrane,9,0.0020235446,0.0002248383,1
NrCAM interactions,5,0.002016513,0.00040330258,1
Vatalanib Action Pathway,6,0.0020135872,0.00033559787,1
Serotonin and melatonin biosynthesis,5,0.0019984515,0.0003996903,1
Carnitine synthesis,1,0.001996516,0.001996516,1
tRNA modification in the mitochondrion,3,0.00199263,0.00066421,1
Trastuzumab Action Pathway,3,0.0019903951,0.00066346506,1
RHO GTPases Activate Rhotekin and Rhophilins,6,0.0019862717,0.00033104527,1
STING mediated induction of host immune responses,2,0.0019787839,0.0009893919,1
Activation of BIM and translocation to mitochondria ,4,0.0019634415,0.0004908604,1
"Glycogenosis, Type IB",11,0.0019541,0.00017764546,1
diphthamide biosynthesis,2,0.0019387737,0.00096938683,1
Vitamin B2 (riboflavin) metabolism,13,0.0019368307,0.00014898698,1
Thyroid hormone synthesis,5,0.0019338058,0.00038676115,1
methylglyoxal degradation III,2,0.0019206567,0.0009603283,1
Glutathione synthesis and recycling,4,0.0019030877,0.00047577193,1
LTC4-CYSLTR mediated IL4 production,5,0.0018964116,0.00037928234,1
Autodegradation of the E3 ubiquitin ligase COP1,3,0.0018959984,0.00063199946,1
Cholesterol biosynthesis via desmosterol,7,0.0018926662,0.0002703809,1
Quinapril Metabolism Pathway,1,0.0018859404,0.0018859404,1
Reversible hydration of carbon dioxide,4,0.0018844109,0.0004711027,1
Regulation of PTEN mRNA translation,7,0.0018780755,0.0002682965,1
Molybdenum cofactor (Moco) biosynthesis,2,0.0018713167,0.00093565835,1
folate polyglutamylation,3,0.0018436235,0.0006145412,1
Signaling by MAP2K mutants,5,0.0018430228,0.00036860455,1
MECP2 regulates transcription of genes involved in GABA signaling,5,0.0018394425,0.0003678885,1
Cetuximab Action Pathway,3,0.0018353479,0.0006117826,1
Metabolism of vitamin K,1,0.0018326798,0.0018326798,1
Activation of AMPK downstream of NMDARs,5,0.0018214455,0.0003642891,1
glutamine degradation/glutamate biosynthesis,3,0.0018192191,0.00060640636,1
lactose degradation III,20,0.0018174826,9.0874135e-05,1
Nucleobase biosynthesis,9,0.0018151876,0.00020168751,1
Constitutive Signaling by NOTCH1 t(7;9)(NOTCH1:M1580_K2555) Translocation Mutant,5,0.0018111636,0.00036223273,1
Regulation of beta-cell development,5,0.0018096998,0.00036193995,1
Cimetidine Metabolism Pathway,2,0.0018075763,0.00090378814,1
Captopril Action Pathway,4,0.0018041132,0.0004510283,1
Integrated Cancer Pathway,5,0.0017970246,0.00035940492,1
2-LTR circle formation,3,0.0017936178,0.0005978726,1
Fructose biosynthesis,2,0.0017919287,0.00089596433,1
Type II Na+/Pi cotransporters,1,0.0017894995,0.0017894995,1
Quinapril Action Pathway,4,0.001775343,0.00044383574,1
Formation of the Editosome,2,0.0017747341,0.00088736706,1
glutathione biosynthesis,2,0.001772907,0.0008864535,1
Pyruvate Carboxylase Deficiency,1,0.0017678647,0.0017678647,1
PTK6 Activates STAT3,3,0.0017651715,0.0005883905,1
Teniposide Action Pathway,2,0.0017563519,0.00087817595,1
Mismatch repair (MMR) directed by MSH2:MSH6 (MutSalpha),7,0.0017521643,0.00025030918,1
Nucleotide Sugars Metabolism,8,0.0017513535,0.00021891919,1
UTP and CTP <i>de novo</i> biosynthesis,2,0.0017470705,0.00087353523,1
Proprotein convertase subtilisin-kexin type 9 (PCSK9) mediated LDL receptor degradation,7,0.0017309068,0.0002472724,1
Regulation of innate immune responses to cytosolic DNA,9,0.0017270566,0.00019189517,1
aspirin-triggered lipoxin biosynthesis,4,0.0017265477,0.00043163693,1
Eprosartan Action Pathway,4,0.0017194536,0.0004298634,1
O2/CO2 exchange in erythrocytes,3,0.0017163599,0.00057211996,1
Cyclophosphamide Metabolism Pathway,5,0.0017140452,0.00034280904,1
Displacement of DNA glycosylase by APEX1,2,0.0017048594,0.0008524297,1
p53-Independent G1/S DNA damage checkpoint,2,0.0017046529,0.00085232646,1
Signaling by kinase domain mutants of KIT,7,0.0017021933,0.00024317046,1
Synthesis of bile acids and bile salts via 27-hydroxycholesterol,5,0.0016938461,0.00033876923,1
Capecitabine Metabolism Pathway,5,0.0016817249,0.000336345,1
Oligomerization of connexins into connexons,10,0.0016800106,0.00016800106,1
Thyroxine (Thyroid Hormone) Production,9,0.0016575195,0.00018416884,1
mRNA capping,4,0.0016484595,0.00041211487,1
HIPK2 in kidney fibrosis,2,0.0016446903,0.00082234514,1
Prednisone Action Pathway,1,0.0016443644,0.0016443644,1
Primary Hyperoxaluria Type I,1,0.0016442778,0.0016442778,1
Phosphorylation of proteins involved in the G2/M transition by Cyclin A:Cdc2 complexes,3,0.0016438139,0.000547938,1
pentose phosphate pathway (non-oxidative branch),1,0.0016358494,0.0016358494,1
SARS-CoV-1 Genome Replication and Transcription,6,0.0016342517,0.00027237527,1
Glycosphingolipid biosynthesis - lactoseries,8,0.0016333609,0.00020417011,1
arsenate detoxification I (glutaredoxin),4,0.0016268935,0.00040672338,1
pyrimidine deoxyribonucleosides salvage,4,0.0016254147,0.00040635368,1
Cross-presentation of particulate exogenous antigens (phagosomes),8,0.001624207,0.00020302588,1
Effect of progerin on genes involved in Hutchinson-Gilford progeria syndrome,9,0.0016231292,0.00018034769,1
Vitamin B6 Metabolism,4,0.0016193582,0.00040483955,1
Valsartan Action Pathway,4,0.001617657,0.00040441426,1
Glycerol Phosphate Shuttle,3,0.0016093762,0.00053645874,1
propionyl-CoA degradation,4,0.0016029536,0.0004007384,1
Mitochondrial Beta-Oxidation of Long Chain Saturated Fatty Acids,6,0.0015945701,0.0002657617,1
PKA-mediated phosphorylation of key metabolic factors,2,0.001593053,0.0007965265,1
"mRNA decay by 3, to 5, exoribonuclease",5,0.0015914387,0.00031828773,1
11-beta-hydroxylase deficiency (CYP11B1),6,0.0015762816,0.0002627136,1
apoptotic dna-fragmentation and tissue homeostasis,4,0.0015727269,0.00039318172,1
Panitumumab Action Pathway,3,0.001552921,0.0005176403,1
Highly sodium permeable postsynaptic acetylcholine nicotinic receptors,3,0.0015526221,0.00051754067,1
Response to metal ions,2,0.0015482021,0.00077410106,1
Inhibition of replication initiation of damaged DNA by RB1/E2F1,6,0.0015463866,0.0002577311,1
Cation-coupled Chloride cotransporters,4,0.0015423417,0.00038558542,1
"Degradation pathway of sphingolipids, including diseases",24,0.0015368346,6.403478e-05,1
Mitochondrial ABC transporters,2,0.0015280746,0.0007640373,1
Axonal growth stimulation,4,0.0015064336,0.0003766084,1
Trandolapril Action Pathway,4,0.0015063942,0.00037659856,1
Activation of AKT2,5,0.0015020182,0.00030040363,1
Competing endogenous RNAs (ceRNAs) regulate PTEN translation,7,0.0014984775,0.00021406822,1
serotonin degradation,6,0.0014927867,0.0002487978,1
Ceramide signalling,3,0.0014842625,0.0004947542,1
E2F-enabled inhibition of pre-replication complex formation,5,0.0014832247,0.00029664492,1
TRAF6 mediated IRF7 activation in TLR7/8 or 9 signaling,4,0.001483046,0.0003707615,1
Metabolism of ingested MeSeO2H into MeSeH,1,0.0014790854,0.0014790854,1
metabolism of anandamide an endogenous cannabinoid,6,0.0014787912,0.0002464652,1
Moexipril Metabolism Pathway,1,0.0014757175,0.0014757175,1
Tandem of pore domain in a weak inwardly rectifying K+ channels (TWIK),5,0.0014694522,0.00029389042,1
Temocapril Action Pathway,4,0.0014625445,0.00036563614,1
Conversion of Angiotensinogen to Angiotensin II,1,0.0014496555,0.0014496555,1
ketogenesis,5,0.0014457001,0.00028914,1
"tRNA-derived small RNA (tsRNA or tRNA-related fragment, tRF) biogenesis",5,0.0014376098,0.00028752195,1
Angiotensin Metabolism,4,0.0014369577,0.00035923944,1
pyrimidine deoxyribonucleotides <i>de novo</i> biosynthesis,5,0.0014289882,0.00028579764,1
Rhesus glycoproteins mediate ammonium transport.,1,0.0014271791,0.0014271791,1
SDK interactions,12,0.0014220265,0.00011850221,1
Synthesis of diphthamide-EEF2,4,0.0014132208,0.0003533052,1
7-oxo-C and 7beta-HC pathways,7,0.0014129702,0.00020185289,1
Leading Strand Synthesis,14,0.0014118553,0.00010084681,1
STAT6-mediated induction of chemokines,1,0.0014014596,0.0014014596,1
"Activation, myristolyation of BID and translocation to mitochondria",5,0.0013987985,0.0002797597,1
Alternative NF-kappaB pathway,7,0.0013979442,0.00019970631,1
Breakdown of the nuclear lamina,1,0.0013835942,0.0013835942,1
UTP and CTP dephosphorylation II,2,0.0013829715,0.00069148577,1
polyadenylation of mrna,5,0.0013741385,0.0002748277,1
alpha-linolenic (omega3) and linoleic (omega6) acid metabolism,3,0.0013730809,0.00045769362,1
Integration of provirus,3,0.0013667735,0.00045559116,1
dTMP <i>de novo</i> biosynthesis (mitochondrial),3,0.0013657132,0.00045523772,1
POLB-Dependent Long Patch Base Excision Repair,4,0.0013631948,0.0003407987,1
Synthesis of PS,6,0.0013574448,0.0002262408,1
Direct Reversal Repair,6,0.0013520567,0.0002253428,1
Keratan sulfate degradation,19,0.0013518492,7.114996e-05,1
Ethanol oxidation,11,0.0013513824,0.00012285294,1
Interconversion of polyamines,6,0.0013292392,0.00022153987,1
Glial Cell Differentiation,11,0.0013244395,0.000120403594,1
Trandolapril Metabolism Pathway,1,0.0013240123,0.0013240123,1
thymine degradation,3,0.0013139237,0.00043797458,1
Biosynthesis of DPA-derived SPMs,4,0.0013133228,0.0003283307,1
"Sodium-coupled sulphate, di- and tri-carboxylate transporters",6,0.0013043495,0.00021739159,1
"<i>trans, trans</i>-farnesyl diphosphate biosynthesis",2,0.0012894198,0.0006447099,1
mRNA Editing,3,0.0012853856,0.00042846185,1
Vpu mediated degradation of CD4,2,0.0012804886,0.0006402443,1
miR-517 relationship with ARCN1 and USP1,6,0.0012627331,0.00021045552,1
Metallothioneins bind metals,2,0.0012614125,0.00063070626,1
Lipoate metabolism,8,0.0012535107,0.00015668884,1
Regulation of cortical dendrite branching,16,0.0012520402,7.825251e-05,1
phosphatidylserine biosynthesis II,6,0.0012471623,0.00020786039,1
oleate biosynthesis,1,0.0012427857,0.0012427857,1
glycine biosynthesis,1,0.0012351425,0.0012351425,1
Pentose Phosphate Metabolism,1,0.0012332711,0.0012332711,1
IRF3 mediated activation of type 1 IFN,2,0.0012310352,0.0006155176,1
Prednisolone Action Pathway,5,0.0012303183,0.00024606366,1
Glycine Metabolism,3,0.0012261379,0.00040871263,1
Synthesis of Lipoxins (LX),3,0.0012258858,0.0004086286,1
MET Receptor Activation,3,0.0012171875,0.00040572917,1
MET activates RAP1 and RAC1,7,0.0012126318,0.00017323311,1
CMP phosphorylation,1,0.0012057167,0.0012057167,1
Opsins,3,0.0012045391,0.00040151304,1
NOSTRIN mediated eNOS trafficking,6,0.0012026036,0.00020043393,1
Biosynthesis of DPAn-3 SPMs,4,0.0011984247,0.00029960618,1
Transfer of LPS from LBP carrier to CD14,3,0.0011950532,0.00039835108,1
Biosynthesis of DPAn-3-derived protectins and resolvins,2,0.0011861172,0.0005930586,1
Telomere C-strand synthesis initiation,3,0.001183301,0.00039443365,1
MAPK1 (ERK2) activation,2,0.0011581396,0.0005790698,1
glutaryl-CoA degradation,3,0.0011365813,0.00037886042,1
Homocysteine Degradation,9,0.0011362897,0.00012625441,1
Regulation of Apoptosis,4,0.00113517,0.0002837925,1
OAS antiviral response,5,0.0011325012,0.00022650024,1
Neurodegenerative Diseases,10,0.0011267493,0.000112674934,1
alpha-synuclein and parkin-mediated proteolysis in parkinson`s disease,10,0.0011220356,0.000112203554,1
ARL13B-mediated ciliary trafficking of INPP5E,5,0.001110809,0.0002221618,1
t(4;14) translocations of FGFR3,2,0.001093887,0.0005469435,1
Spirapril Metabolism Pathway,1,0.0010902339,0.0010902339,1
mitochondrial fatty acid beta-oxidation of unsaturated fatty acids,1,0.001086434,0.001086434,1
Non-homologous end joining,4,0.001081127,0.00027028174,1
formaldehyde oxidation,1,0.0010802211,0.0010802211,1
"Cerebral organic acidurias, including diseases",3,0.0010801937,0.00036006456,1
Lamin A-processing pathway,1,0.0010788215,0.0010788215,1
CDC6 association with the ORC:origin complex,3,0.001077422,0.0003591407,1
lysine degradation I (saccharopine pathway),5,0.001076237,0.00021524739,1
Carnitine metabolism,6,0.0010596184,0.00017660308,1
Computational Model of Aerobic Glycolysis,3,0.0010562163,0.0003520721,1
Arachidonate Epoxygenase - Epoxide Hydrolase,4,0.0010542545,0.00026356362,1
Formation of xylulose-5-phosphate,7,0.0010483083,0.00014975833,1
Hypophosphatasia,4,0.0010456283,0.00026140708,1
Synthesis and processing of ENV and VPU,3,0.0010390966,0.00034636553,1
Phosphorylation of proteins involved in G1/S transition by active Cyclin E:Cdk2 complexes,3,0.001034264,0.00034475466,1
Linoleic acid (LA) metabolism,1,0.0010089985,0.0010089985,1
MET activates PI3K/AKT signaling,6,0.000999309,0.0001665515,1
Synthesis of glycosylphosphatidylinositol (GPI),3,0.0009958528,0.00033195093,1
Plasmalogen biosynthesis,1,0.000989054,0.000989054,1
FMO oxidises nucleophiles,4,0.0009829719,0.00024574297,1
Vif-mediated degradation of APOBEC3G,3,0.0009802144,0.00032673814,1
Purine ribonucleoside monophosphate biosynthesis,8,0.0009746123,0.00012182654,1
Fluoxetine Metabolism Pathway,2,0.0009706969,0.00048534846,1
Beta oxidation of decanoyl-CoA to octanoyl-CoA-CoA,2,0.00096192374,0.00048096187,1
SLBP independent Processing of Histone Pre-mRNAs,1,0.0009572452,0.0009572452,1
"Formation of the active cofactor, UDP-glucuronate",5,0.000948086,0.00018961719,1
aspirin triggered resolvin E biosynthesis,4,0.00094689033,0.00023672258,1
Temocapril Metabolism Pathway,1,0.0009300557,0.0009300557,1
Digestion of dietary lipid,2,0.0009252584,0.0004626292,1
Omeprazole Metabolism Pathway,1,0.00092520367,0.00092520367,1
γ-glutamyl cycle,4,0.00092474977,0.00023118744,1
DEx/H-box helicases activate type I IFN and inflammatory cytokines production ,6,0.00092242967,0.00015373828,1
IRS activation,10,0.00092047954,9.204795e-05,1
guanosine ribonucleotides <i>de novo</i> biosynthesis,2,0.0009165095,0.00045825474,1
lactate fermentation (reoxidation of cytosolic NADH),2,0.00091317896,0.00045658948,1
estradiol biosynthesis I,5,0.0008996379,0.00017992758,1
ATR Signaling,3,0.0008961015,0.0002987005,1
biotin-carboxyl carrier protein assembly,2,0.00089167536,0.00044583768,1
Post-transcriptional silencing by small RNAs,7,0.0008769076,0.00012527252,1
uracil degradation,3,0.00087371055,0.00029123685,1
d4gdi signaling pathway,5,0.00087095273,0.00017419054,1
Riboflavin Metabolism,5,0.0008624679,0.00017249359,1
Lactic Acidemia,1,0.0008520395,0.0008520395,1
"WNT5A-dependent internalization of FZD2, FZD5 and ROR2",8,0.0008475174,0.000105939675,1
Synthesis of UDP-N-acetyl-glucosamine,9,0.0008459,9.3988885e-05,1
ketolysis,2,0.00084415893,0.00042207947,1
PAOs oxidise polyamines to amines,6,0.0008439295,0.00014065491,1
Processive synthesis on the lagging strand,6,0.0008298576,0.0001383096,1
snRNP Assembly,16,0.0008272402,5.170251e-05,1
Signaling by MST1,5,0.00081936596,0.00016387319,1
Fructose catabolism,3,0.00080919417,0.0002697314,1
acyl-CoA hydrolysis,2,0.00080870645,0.00040435322,1
Ficolins bind to repetitive carbohydrate structures on the target cell surface,2,0.0007863975,0.00039319874,1
Phosphonate and phosphinate metabolism - Homo sapiens (human),2,0.0007815524,0.0003907762,1
Prednisone Metabolism Pathway,1,0.0007773009,0.0007773009,1
Activation of the phototransduction cascade,6,0.0007753796,0.00012922993,1
proline degradation,1,0.0007736175,0.0007736175,1
Biosynthesis of DPAn-3-derived 13-series resolvins,2,0.0007715578,0.0003857789,1
Soluble ACE2-mediated cell entry of SARS-CoV-2,3,0.00076884206,0.00025628068,1
Amine Oxidase reactions,6,0.00076197274,0.00012699545,1
inhibition of huntingtons disease neurodegeneration by histone deacetylase inhibitors,3,0.0007521669,0.0002507223,1
progesterone biosynthesis,2,0.0007491247,0.00037456234,1
aspirin triggered resolvin D biosynthesis,4,0.00074516924,0.00018629231,1
G2/M DNA replication checkpoint,2,0.00074403425,0.00037201712,1
spermine and spermidine degradation I,6,0.00074194325,0.00012365721,1
Vitamin C metabolism,1,0.0007384863,0.0007384863,1
Long-chain-3-hydroxyacyl-coa dehydrogenase deficiency (LCHAD),5,0.0007379683,0.00014759366,1
choline degradation,4,0.0007349459,0.00018373647,1
Homologous recombination,6,0.00073324284,0.00012220714,1
srebp control of lipid synthesis,3,0.00072919694,0.00024306565,1
Cholesterol Biosynthesis with Skeletal Dysplasias,10,0.00072591036,7.2591036e-05,1
Activation of BMF and translocation to mitochondria,2,0.00072571007,0.00036285503,1
Physiological factors,2,0.00071086956,0.00035543478,1
Pantoprazole Metabolism Pathway,1,0.00070818944,0.00070818944,1
Gefitinib Action Pathway,3,0.0007016375,0.00023387915,1
Sodium-coupled phosphate cotransporters,3,0.00070122996,0.00023374333,1
Prednisolone Metabolism Pathway,5,0.00069880637,0.00013976128,1
WNT5A-dependent internalization of FZD4,11,0.00069855043,6.350459e-05,1
UDP-<i>N</i>-acetyl-D-glucosamine biosynthesis II,7,0.0006968399,9.954855e-05,1
tRNA splicing,4,0.0006926765,0.00017316913,1
NR1H2 & NR1H3 regulate gene expression linked to triglyceride lipolysis in adipose,1,0.00069252774,0.00069252774,1
mRNA Editing: C to U Conversion,2,0.0006867276,0.0003433638,1
Stimulation of the cell death response by PAK-2p34,1,0.0006763966,0.0006763966,1
Rabeprazole Metabolism Pathway,1,0.00067015644,0.00067015644,1
Vitamins A and D - action mechanisms,4,0.0006630918,0.00016577294,1
Nucleotide GPCRs,17,0.00066215807,3.8950475e-05,1
Ubiquinol biosynthesis,3,0.0006325145,0.00021083816,1
Recycling of eIF2:GDP,2,0.0006320383,0.00031601914,1
glutathione redox reactions II,2,0.00063138234,0.00031569117,1
Signaling by NOTCH1 t(7;9)(NOTCH1:M1580_K2555) Translocation Mutant,5,0.0006186296,0.00012372593,1
Mitochondrial transcription initiation,3,0.00061318127,0.00020439376,1
ubiquinol-10 biosynthesis,3,0.00061140914,0.00020380305,1
Sterols are 12-hydroxylated by CYP8B1,2,0.00060319045,0.00030159522,1
Porphyria Variegata (PV),9,0.00060257537,6.6952816e-05,1
The IPAF inflammasome,1,0.0005908351,0.0005908351,1
Metabolism of Tetrahydrocannabinol (THC),1,0.00058931264,0.00058931264,1
Riboflavin metabolism - Homo sapiens (human),3,0.00058683835,0.00019561278,1
alpha-linolenic acid (ALA) metabolism,3,0.00058408425,0.00019469475,1
creatine-phosphate biosynthesis,2,0.00058190455,0.00029095227,1
Beta oxidation of hexanoyl-CoA to butanoyl-CoA,3,0.0005768379,0.0001922793,1
LRR FLII-interacting protein 1 (LRRFIP1) activates type I IFN production,3,0.00057659607,0.00019219868,1
superpathway of pyrimidine ribonucleotides <i>de novo</i> biosynthesis,2,0.00057484786,0.00028742393,1
pregnenolone biosynthesis,1,0.0005633122,0.0005633122,1
Model for regulation of MSMP expression in cancer cells and its proangiogenic role in ovarian tumors,22,0.00056218385,2.555381e-05,1
Cam-PDE 1 activation,4,0.0005579643,0.00013949108,1
"fatty acid β-oxidation (unsaturated, odd number)",1,0.0005568477,0.0005568477,1
Cilostazol Action Pathway,2,0.00055507326,0.00027753663,1
lipoxin biosynthesis,2,0.00054748746,0.00027374373,1
L-carnitine biosynthesis,1,0.0005469496,0.0005469496,1
Acyl chain remodeling of DAG and TAG,2,0.0005414586,0.0002707293,1
degradation of the rar and rxr by the proteasome,1,0.0005376319,0.0005376319,1
acetyl-CoA biosynthesis from citrate,1,0.00053702947,0.00053702947,1
The AIM2 inflammasome,2,0.00050760084,0.00025380042,1
SARS-CoV-2 and COVID-19 Pathway,2,0.0005049815,0.00025249075,1
Vitamin K Metabolism,2,0.0005036717,0.00025183585,1
L-dopachrome biosynthesis,3,0.00049687794,0.00016562598,1
putrescine degradation III,8,0.00049680134,6.210017e-05,1
Free fatty acid receptors,1,0.0004961657,0.0004961657,1
Leukotriene receptors,4,0.00048737464,0.00012184366,1
Biosynthesis of DPAn-3-derived maresins,2,0.00048233598,0.00024116799,1
Alanine Metabolism,1,0.00048160763,0.00048160763,1
The NLRP1 inflammasome,8,0.0004810618,6.0132727e-05,1
D-glucuronate degradation,6,0.00047321973,7.8869954e-05,1
Ubiquinone Biosynthesis,2,0.0004635689,0.00023178445,1
HCN channels,2,0.00045893088,0.00022946544,1
Signalling to ERK5,2,0.0004541081,0.00022705406,1
Evolocumab Mechanism,7,0.00044985535,6.426505e-05,1
thyronamine and iodothyronamine metabolism,6,0.0004481873,7.4697884e-05,1
Glycerophospholipid catabolism,1,0.0004407485,0.0004407485,1
Biotinidase Deficiency,1,0.00042430052,0.00042430052,1
β-alanine degradation,1,0.00041896984,0.00041896984,1
Heme biosynthesis,6,0.00041654825,6.942471e-05,1
"Neomycin, kanamycin and gentamicin biosynthesis - Homo sapiens (human)",3,0.00041345938,0.00013781979,1
Felbamate Metabolism,1,0.0004085185,0.0004085185,1
Abacavir metabolism,3,0.00040450238,0.00013483413,1
Adrenaline signalling through Alpha-2 adrenergic receptor,5,0.00040076493,8.015298e-05,1
lysine degradation II (pipecolate pathway),4,0.00039727343,9.931836e-05,1
"D-<i>myo</i>-inositol (1,4,5)-trisphosphate degradation",6,0.00039058036,6.509673e-05,1
Influenza A virus infection,5,0.00038912462,7.782492e-05,1
D-Glutamine and D-glutamate metabolism - Homo sapiens (human),4,0.00038579,9.64475e-05,1
ionomycin and phorbal ester signaling pathway,7,0.000384185,5.488357e-05,1
PKB-mediated events,1,0.00036918762,0.00036918762,1
Nef Mediated CD8 Down-regulation,1,0.00036337558,0.00036337558,1
"tryptophan degradation X (mammalian, via tryptamine)",6,0.00033899472,5.649912e-05,1
NAD phosphorylation and dephosphorylation,2,0.00033806986,0.00016903493,1
NOSIP mediated eNOS trafficking,1,0.00033438025,0.00033438025,1
PDE3B signalling,1,0.000326013,0.000326013,1
Biotin Metabolism,1,0.00032327318,0.00032327318,1
"Multiple carboxylase deficiency, neonatal or early onset form",1,0.00031430236,0.00031430236,1
miR-222 in Exercise-Induced Cardiac Growth,2,0.00031150377,0.00015575188,1
Role of second messengers in netrin-1 signaling,8,0.00029176628,3.6470785e-05,1
Felbamate Metabolism Pathway,1,0.00028042923,0.00028042923,1
pyrimidine deoxyribonucleotide phosphorylation,1,0.00027564872,0.00027564872,1
Enalapril Metabolism Pathway,1,0.00027164613,0.00027164613,1
Extrinsic Pathway of Fibrin Clot Formation,7,0.00025740886,3.6772693e-05,1
Beta oxidation of myristoyl-CoA to lauroyl-CoA,1,0.000254138,0.000254138,1
Insulin effects increased synthesis of Xylulose-5-Phosphate,1,0.00024305157,0.00024305157,1
Agmatine biosynthesis,1,0.00024006162,0.00024006162,1
fatty acid elongation -- saturated,3,0.00022581242,7.527081e-05,1
Potassium transport channels,3,0.00022557378,7.519126e-05,1
heme biosynthesis,2,0.0002202056,0.0001101028,1
GDP-L-fucose biosynthesis I (from GDP-D-mannose),2,0.00020979485,0.00010489742,1
Gastric acid production,12,0.00020582073,1.7151728e-05,1
NADPH regeneration,1,0.00020240158,0.00020240158,1
(S)-reticuline biosynthesis,3,0.00019342569,6.447523e-05,1
NR1D1 (REV-ERBA) represses gene expression,2,0.00019245462,9.622731e-05,1
FGFR1b ligand binding and activation,4,0.00018862965,4.7157413e-05,1
Hydroxycarboxylic acid-binding receptors,2,0.000183317,9.16585e-05,1
Vitamin B12 Disorders,1,0.00017604507,0.00017604507,1
Proton-coupled neutral amino acid transporters,1,0.00017307342,0.00017307342,1
phenylethylamine degradation I,2,0.00016862186,8.431093e-05,1
Hypusine synthesis from eIF5A-lysine,2,0.0001660352,8.30176e-05,1
Ramipril Metabolism Pathway,1,0.00015977366,0.00015977366,1
TYSND1 cleaves peroxisomal proteins,3,0.00015649572,5.216524e-05,1
glycerol-3-phosphate shuttle,3,0.00015471195,5.157065e-05,1
sucrose degradation,4,0.00015430343,3.8575858e-05,1
GDP-fucose biosynthesis,3,0.0001517739,5.05913e-05,1
phosphatidylethanolamine biosynthesis II,5,0.00014900666,2.9801333e-05,1
tetrapyrrole biosynthesis,1,0.00013778839,0.00013778839,1
ascorbate recycling (cytosolic),3,0.00013695177,4.565059e-05,1
Assembly of the ORC complex at the origin of replication,2,0.00012604776,6.302388e-05,1
Beta oxidation of lauroyl-CoA to decanoyl-CoA-CoA,2,0.00012386993,6.193497e-05,1
p75NTR negatively regulates cell cycle via SC1,5,0.00012333502,2.4667004e-05,1
Insulin-like Growth Factor-2 mRNA Binding Proteins (IGF2BPs/IMPs/VICKZs) bind RNA,5,0.00012312665,2.462533e-05,1
ChREBP activates metabolic gene expression,1,0.00012096064,0.00012096064,1
Benzene metabolism,2,0.00011957665,5.9788326e-05,1
PERK regulates gene expression,1,0.00011639817,0.00011639817,1
Regulation of PAK-2p34 activity by PS-GAP/RHG10,2,0.00011127865,5.5639324e-05,1
PTK6 Down-Regulation,5,0.000109983295,2.1996659e-05,1
serotonin and melatonin biosynthesis,5,0.00010985739,2.1971478e-05,1
"inosine-5,-phosphate biosynthesis",4,0.00010946578,2.7366445e-05,1
Levomethadyl Acetate Metabolism Pathway,1,0.00010467545,0.00010467545,1
Metabolism of serotonin,1,0.00010284517,0.00010284517,1
Fatty Acid Elongation In Mitochondria,5,0.00010241424,2.0482848e-05,1
antisense pathway,2,9.699413e-05,4.8497066e-05,1
Alpha-oxidation of phytanate,4,9.658964e-05,2.414741e-05,1
Estrogen biosynthesis,2,9.6174146e-05,4.8087073e-05,1
Intestinal hexose absorption,2,9.381991e-05,4.6909954e-05,1
Beta-oxidation of very long chain fatty acids,4,9.188928e-05,2.297232e-05,1
putrescine biosynthesis II,1,9.176255e-05,9.176255e-05,1
Cilazapril Metabolism Pathway,1,9.0052745e-05,9.0052745e-05,1
Threonine catabolism,2,8.987166e-05,4.493583e-05,1
PTK6 Regulates RTKs and Their Effectors AKT1 and DOK1,3,8.97672e-05,2.99224e-05,1
5-aminoimidazole ribonucleotide biosynthesis,1,8.616573e-05,8.616573e-05,1
wybutosine biosynthesis,4,8.385096e-05,2.096274e-05,1
Transport of the SLBP Dependant Mature mRNA,3,8.0249214e-05,2.6749738e-05,1
Intracellular metabolism of fatty acids regulates insulin secretion,2,7.5352684e-05,3.7676342e-05,1
Aripiprazole Metabolic Pathway,1,7.523858e-05,7.523858e-05,1
Artemether Metabolism Pathway,5,7.510751e-05,1.5021503e-05,1
Esomeprazole Metabolism Pathway,1,7.2243354e-05,7.2243354e-05,1
Synthesis of wybutosine at G37 of tRNA(Phe),4,6.9249014e-05,1.7312253e-05,1
Transport of the SLBP independent Mature mRNA,3,6.743973e-05,2.247991e-05,1
TWIK-related alkaline pH activated K+ channel (TALK),3,6.611729e-05,2.2039096e-05,1
Oleoyl-phe metabolism,1,6.60887e-05,6.60887e-05,1
Serotonin clearance from the synaptic cleft,1,6.606372e-05,6.606372e-05,1
HDL clearance,2,6.424411e-05,3.2122054e-05,1
Autointegration results in viral DNA circles,1,6.296145e-05,6.296145e-05,1
Acetylation,3,5.765751e-05,1.9219171e-05,1
Reactions specific to the hybrid N-glycan synthesis pathway,1,5.712965e-05,5.712965e-05,1
hemoglobins chaperone,2,5.620873e-05,2.8104365e-05,1
Intestinal absorption,2,5.6156987e-05,2.8078493e-05,1
7-(3-amino-3-carboxypropyl)-wyosine biosynthesis,4,5.4605756e-05,1.3651439e-05,1
anthrax toxin mechanism of action,1,5.423333e-05,5.423333e-05,1
Nef Mediated CD4 Down-regulation,2,5.3806638e-05,2.6903319e-05,1
Interconversion of 2-oxoglutarate and 2-hydroxyglutarate,1,5.265283e-05,5.265283e-05,1
C6 deamination of adenosine,1,5.222665e-05,5.222665e-05,1
Fosinopril Metabolism Pathway,1,5.0713432e-05,5.0713432e-05,1
glutamate removal from folates,1,4.814648e-05,4.814648e-05,1
Lansoprazole Metabolism Pathway,1,4.6415662e-05,4.6415662e-05,1
Ethanol Degradation,7,4.5810524e-05,6.5443605e-06,1
glycerol degradation,2,4.49987e-05,2.249935e-05,1
Heme Biosynthesis,2,4.4366985e-05,2.2183493e-05,1
adenine and adenosine salvage III,2,4.4227134e-05,2.2113567e-05,1
Tirofiban Action Pathway,1,4.3985703e-05,4.3985703e-05,1
Defective factor XII causes hereditary angioedema,2,4.3371147e-05,2.1685573e-05,1
Cross-presentation of soluble exogenous antigens (endosomes),4,4.3300646e-05,1.0825162e-05,1
Defects of contact activation system (CAS) and kallikrein/kinin system (KKS),2,4.2071097e-05,2.1035548e-05,1
SUMO is proteolytically processed,2,3.9569895e-05,1.9784948e-05,1
Inhibition of membrane repair,1,3.792148e-05,3.792148e-05,1
Hormonal control of pubertal growth spurt,2,3.787169e-05,1.8935845e-05,1
Cytosolic iron-sulfur cluster assembly,1,3.7447076e-05,3.7447076e-05,1
Adenosine P1 receptors,3,3.671246e-05,1.2237487e-05,1
Synthesis of PI,2,3.596505e-05,1.7982526e-05,1
Erythrocytes take up oxygen and release carbon dioxide,2,3.5829897e-05,1.7914948e-05,1
3-oxo-10R-octadecatrienoate beta-oxidation,6,3.393687e-05,5.6561453e-06,1
Inhibition of PKR,1,3.3553275e-05,3.3553275e-05,1
Phytanic Acid Peroxisomal Oxidation,3,3.1079217e-05,1.0359739e-05,1
<i>myo</i>-inositol <i>de novo</i> biosynthesis,1,3.0757055e-05,3.0757055e-05,1
fatty acid α-oxidation,3,2.8942517e-05,9.647506e-06,1
estradiol biosynthesis II,1,2.7702587e-05,2.7702587e-05,1
Integration of viral DNA into host genomic DNA,1,2.7529934e-05,2.7529934e-05,1
Intestinal infectious diseases,2,2.5096957e-05,1.25484785e-05,1
dopamine degradation,2,2.3612776e-05,1.1806388e-05,1
Diseases of metabolism,1,2.060829e-05,2.060829e-05,1
Lysosomal oligosaccharide catabolism,2,2.0298341e-05,1.01491705e-05,1
SLBP Dependent Processing of Replication-Dependent Histone Pre-mRNAs,1,2.0278541e-05,2.0278541e-05,1
SUMO is conjugated to E1 (UBA2:SAE1),1,2.011717e-05,2.011717e-05,1
Diseases of hemostasis,2,2.0069156e-05,1.0034578e-05,1
Disorders of Folate Metabolism and Transport,3,1.9858378e-05,6.6194593e-06,1
Transcriptional  activation of  cell cycle inhibitor p21 ,1,1.8483446e-05,1.8483446e-05,1
Vitamin E,1,1.8373516e-05,1.8373516e-05,1
Enzymatic degradation of Dopamine by monoamine oxidase,1,1.789274e-05,1.789274e-05,1
Mitochondrial Uncoupling,1,1.6167034e-05,1.6167034e-05,1
purine deoxyribonucleosides degradation,2,1.5295196e-05,7.647598e-06,1
Signaling by cytosolic PDGFRA and PDGFRB fusion proteins,1,1.3369333e-05,1.3369333e-05,1
resolvin D biosynthesis,2,1.3358671e-05,6.6793355e-06,1
APOBEC3G mediated resistance to HIV-1 infection,1,1.2273036e-05,1.2273036e-05,1
adenine and adenosine salvage II,1,1.2136376e-05,1.2136376e-05,1
DNA replication initiation,2,1.11709505e-05,5.5854753e-06,1
Resolution of AP sites via the single-nucleotide replacement pathway,1,1.0527452e-05,1.0527452e-05,1
Phosphate bond hydrolysis by NUDT proteins,1,8.673894e-06,8.673894e-06,1
glucocorticoid biosynthesis,1,8.196351e-06,8.196351e-06,1
phytol degradation,1,7.800146e-06,7.800146e-06,1
thio-molybdenum cofactor biosynthesis,2,7.5704856e-06,3.7852428e-06,1
Disorders of the Krebs cycle,1,6.8116574e-06,6.8116574e-06,1
thyroid hormone biosynthesis,2,6.2348286e-06,3.1174143e-06,1
Ultraconserved region 339 modulation of tumor suppressor microRNAs in cancer,1,6.0974894e-06,6.0974894e-06,1
Defective pyroptosis,1,5.8419796e-06,5.8419796e-06,1
Electron transport from NADPH to Ferredoxin,1,4.8547727e-06,4.8547727e-06,1
Refsum Disease,3,4.499412e-06,1.4998041e-06,1
heme biosynthesis from uroporphyrinogen-III I,1,4.4634853e-06,4.4634853e-06,1
tRNA processing in the mitochondrion,1,4.233678e-06,4.233678e-06,1
Abciximab Action Pathway,1,4.068213e-06,4.068213e-06,1
2-amino-3-carboxymuconate semialdehyde degradation to glutaryl-CoA,1,3.4219227e-06,3.4219227e-06,1
mRNA Editing: A to I Conversion,1,3.147176e-06,3.147176e-06,1
Transcriptional activation of p53 responsive genes  ,1,2.9515852e-06,2.9515852e-06,1
TWIK-related spinal cord K+ channel (TRESK),1,2.917127e-06,2.917127e-06,1
phosphatidylcholine biosynthesis pathway,1,2.9153282e-06,2.9153282e-06,1
Lipophagy,1,2.8785273e-06,2.8785273e-06,1
Glycolysis in senescence,1,2.3501973e-06,2.3501973e-06,1
L-dopa degradation,1,2.2673507e-06,2.2673507e-06,1
Enzymatic degradation of dopamine by COMT,1,2.2533227e-06,2.2533227e-06,1
Formation of editosomes by ADAR proteins,1,2.247632e-06,2.247632e-06,1
glycine/serine biosynthesis,1,2.1584528e-06,2.1584528e-06,1
IRE1alpha activates chaperones,1,1.985184e-06,1.985184e-06,1
Tenofovir Metabolism Pathway,1,1.7882027e-06,1.7882027e-06,1
RHO GTPases regulate CFTR trafficking,1,1.5779888e-06,1.5779888e-06,1
Adefovir Dipivoxil Metabolism Pathway,1,1.3500081e-06,1.3500081e-06,1
fatty acid biosynthesis initiation,1,1.1536802e-06,1.1536802e-06,1
Eptifibatide Action Pathway,1,8.7597346e-07,8.7597346e-07,1
Dopamine clearance from the synaptic cleft,1,3.382887e-07,3.382887e-07,1
HCMV Late Events,1,7.238516e-08,7.238516e-08,1
