gene,importance_sum,degree,importance_mean
MAPK3,0.46214676,508,0.0009097377146322896
SRC,0.32989419,316,0.0010439689400829847
UBC,0.31638205,296,0.0010688582787642608
PIK3CD,0.3102364,190,0.0016328231284492894
RAC1,0.24508452,291,0.0008422148596380174
PIK3R1,0.24275377,454,0.0005346999425720013
ATP1B1,0.21923363,166,0.0013206845306488405
CALM1,0.19941454,247,0.0008073463010401861
RELA,0.19933207,271,0.0007355427060180044
PPP2R5D,0.19929025,113,0.0017636304935522839
MAP2K1,0.19531304,336,0.0005812887989339375
TNF,0.18076542,173,0.0010448868219563037
PIK3CB,0.17717114,235,0.0007539197485497657
CALM3,0.17715316,232,0.0007635911862398016
MAPK8,0.16970335,308,0.0005509849008801695
ATP1B2,0.1680106,165,0.0010182461052229911
GRB2,0.16639517,386,0.0004310755763646852
H2BC3,0.16507925,89,0.0018548230441768519
NFKB1,0.15839453,286,0.0005538270294249474
H2BC6,0.15545626,88,0.0017665484073487196
PPP2R1B,0.15085152,119,0.0012676598144178632
ITPR1,0.14909774,173,0.0008618366511570925
GNB4,0.14896525,89,0.0016737669036629495
NUP62,0.14673558,89,0.0016487143682629875
PRKACG,0.14216012,187,0.0007602145327603754
UBE2N,0.14145833,82,0.001725101616324448
MAPK14,0.14100751,286,0.0004930332615658954
NUP85,0.13694844,93,0.001472563833318731
HRAS,0.13479948,397,0.0003395452907764041
FOXO3,0.13450731,96,0.0014011178476115067
H2AZ2,0.13432066,63,0.002132073990882389
BRAF,0.13414127,141,0.0009513564989076438
H2BC13,0.13368972,88,0.001519201323390007
GNB1,0.13325572,156,0.0008542033342214731
FOS,0.13252239,202,0.0006560514321421633
PLCG1,0.13208117,233,0.0005668719566942796
RHOA,0.13158792,209,0.0006296072850387062
FGG,0.13114484,85,0.0015428804299410651
CYP2C8,0.13068777,89,0.0014684019463785578
PTPN6,0.13052356,78,0.0016733790055299418
ADCY1,0.12808673,124,0.0010329575067566288
RAP1B,0.12267073,70,0.0017524390348366329
RPA3,0.12260658,75,0.0016347544391949972
GNAS,0.12195075,132,0.0009238693411603118
ADCY5,0.12107393,114,0.0010620520303123875
PRKCA,0.11757573,260,0.00045221433616601505
MAPK1,0.11532336,522,0.00022092597180856143
POLR2H,0.11221571,80,0.0014026964083313942
GSK3B,0.11117867,213,0.000521965569733454
TBK1,0.10944455,65,0.0016837623256903429
GNG4,0.109240934,90,0.001213788158363766
ROCK2,0.10912882,74,0.0014747137556204925
PAK2,0.10628093,98,0.0010844992891866335
PIK3R2,0.10558788,275,0.0003839559175751426
CYP3A4,0.10476938,100,0.0010476937890052794
MNAT1,0.103436306,67,0.0015438254644621664
PPP2CA,0.10032814,153,0.0006557394768677506
WNT3A,0.10000115,57,0.0017544061206934745
MAPK10,0.099491626,154,0.0006460495196379624
KCNJ11,0.0992959,66,0.0015044833223025005
NUP160,0.09913248,92,0.001077526937360349
CYP4A11,0.09885207,64,0.001544563565403223
CXCL8,0.098613694,92,0.0010718879816324813
PPP3R1,0.09773791,67,0.0014587747516916758
FGB,0.09628073,79,0.0012187434336807155
PEDS1,0.09507857,54,0.0017607143079793012
RXRA,0.09507792,88,0.0010804308747703378
PPP2R5E,0.094943106,55,0.0017262382940812545
DVL3,0.094164245,55,0.001712077178738334
KAT5,0.094137594,56,0.0016810284661395209
CCND3,0.09145715,50,0.0018291430175304414
TRAF6,0.09121325,161,0.0005665419172055973
CDK1,0.09096185,121,0.0007517508361950393
GGT1,0.09064296,70,0.0012948994125638689
IQGAP1,0.089530095,58,0.001543622335483288
MAP2K3,0.08947086,122,0.0007333677323138127
FRS2,0.088757455,80,0.0011094681918621062
CSNK2B,0.08779877,59,0.0014881146913867885
YWHAB,0.08771358,95,0.0009233008089818452
JAG1,0.08732793,58,0.0015056539198447917
FAS,0.08646758,79,0.0010945263165461866
ADCY7,0.08609944,106,0.000812258852540322
IFNA13,0.086000614,55,0.001563647524877028
CSK,0.08599715,57,0.0015087219183905084
STAT5A,0.08549627,132,0.0006476990088368907
SHC2,0.08490689,54,0.001572349833117591
CUL1,0.08363107,122,0.0006855005612138842
IFNA2,0.08361832,52,0.0016080446254748565
CCND1,0.08331223,164,0.0005080013922074946
ADCY2,0.083219536,119,0.0006993238289817041
AGTR1,0.08302456,120,0.0006918713450431823
CCNE1,0.08293149,92,0.000901429225569186
ACADM,0.08151121,57,0.0014300211741213214
GNAI1,0.08106394,105,0.0007720375344866798
IFNA5,0.080949455,51,0.0015872442254833148
H3-3A,0.08024702,67,0.0011977167494261443
DYNC1H1,0.080235384,58,0.0013833686966320563
H3C11,0.07894431,71,0.001111891697829878
NME7,0.078709856,32,0.0024596829898655415
ERBB2,0.078219555,97,0.0008063871682304697
PLCB2,0.078157246,117,0.0006680106505369529
TRAF3,0.07792164,66,0.001180630854584954
MRE11,0.07719841,51,0.001513694285177717
PLCB1,0.077094145,178,0.0004331131748269113
LEF1,0.07676964,69,0.0011126035149546637
RAB7A,0.076314196,45,0.0016958710220124986
EGFR,0.07587359,205,0.00037011507807708366
PTGS2,0.07551636,115,0.0006566639827645343
PTGS1,0.074804276,73,0.0010247161127116583
RHEB,0.07467786,54,0.0013829233745733898
PARP1,0.074528694,52,0.0014332441183236928
GNAI3,0.07309712,84,0.0008702037767285393
PC,0.07285702,50,0.0014571404457092284
CYP4F2,0.07249038,64,0.0011326621752232313
STAT3,0.07232735,206,0.00035110365563225976
BTRC,0.07214152,96,0.0007514741737395525
CYP4F3,0.071878225,59,0.0012182749934115651
GNG12,0.07101048,107,0.0006636493256158918
AREG,0.07046868,54,0.0013049755383420874
PPP2R1A,0.07027854,146,0.00048135986475095357
FGA,0.06982504,82,0.0008515248574861666
JUN,0.06899498,285,0.0002420876371233087
LMNA,0.06864813,38,0.001806529728989852
CREBBP,0.068365395,170,0.000402149382759543
PSMD7,0.06830758,39,0.0017514763734279536
DDB2,0.06825611,51,0.0013383550971162086
PPP2R5C,0.06816135,62,0.0010993766688531445
H2BC11,0.06815881,88,0.0007745319638739933
FOXO1,0.06803497,92,0.000739510535545971
IGF1,0.06794371,81,0.000838811198870341
ACE,0.06777346,47,0.0014419885391884662
CDK9,0.06691344,46,0.0014546400179033694
GNAO1,0.06643711,46,0.0014442850066267927
CYCS,0.06617339,99,0.0006684180763032702
CXCL1,0.06601359,29,0.0022763306724614112
CYP1A1,0.06572179,45,0.0014604841669400533
H2BC4,0.0655265,89,0.0007362528128570385
GNG2,0.065428846,104,0.0006291235152345437
PLG,0.06525883,55,0.0011865241961045699
PSMD12,0.06514107,40,0.001628526672720909
PRKCB,0.064908095,209,0.0003105650464313452
SERPINE1,0.064719036,42,0.0015409294338453385
ACTB,0.064648114,87,0.0007430817717793344
RRM2,0.06412036,57,0.0011249185915578877
ADCY3,0.0635847,108,0.0005887472243220718
CHEK2,0.063530445,42,0.001512629645211356
CACNA1A,0.06326004,86,0.0007355818741543349
CYP2B6,0.06312296,92,0.000686119108096413
PML,0.062731944,46,0.001363737913577453
DERL1,0.061719764,16,0.0038574852515012026
ATF6B,0.061622467,30,0.002054082229733467
POLR2D,0.06155196,60,0.0010258659720420837
PTPN11,0.06119506,199,0.00030751286739080997
CD3D,0.061121453,45,0.001358254502216975
HSD3B2,0.06106035,35,0.0017445814396653857
MMP2,0.06097466,47,0.0012973332183158143
ACTN4,0.060533285,27,0.002241973523740415
OGDH,0.060014162,32,0.0018754425691440701
CYP1A2,0.060010716,68,0.0008825105341041789
HMOX1,0.05950299,43,0.0013837904431099116
PSMA1,0.059421614,33,0.0018006549640135331
DCTN2,0.0590188,33,0.0017884484294689064
KCNJ5,0.05894714,71,0.000830241387159052
ITGB1,0.058859535,125,0.00047087627649307253
MAPRE1,0.058702424,33,0.001778861338442022
GNAI2,0.05867929,99,0.0005927201021801342
SLC2A1,0.058429226,50,0.0011685845255851746
TSHB,0.058201894,31,0.0018774804569059802
CXCR2,0.05744523,33,0.001740764600761009
CYP2C9,0.057361975,61,0.0009403602510202126
IL6ST,0.05727468,42,0.0013636828710635502
F2,0.05708654,89,0.0006414217811621976
CDC42,0.05682404,161,0.000352944345763011
DYRK2,0.05594809,8,0.006993511226028204
FGF9,0.055766866,98,0.0005690496490926159
MCEE,0.055619508,35,0.0015891288008008685
ACAT2,0.05549366,50,0.0011098732054233551
SLC7A6,0.055490203,37,0.0014997352216694806
TSC1,0.055406127,53,0.001045398625000468
GRM1,0.054144517,39,0.0013883209381348048
HCK,0.054007422,49,0.001102192289367014
AKT3,0.053975493,212,0.00025460138073507343
RIPK1,0.0537043,93,0.0005774655809966467
HCN4,0.053199284,55,0.0009672597050666809
CFLAR,0.052972574,34,0.0015580168760874692
GAB2,0.05269155,79,0.0006669816337054289
CCNH,0.05253626,71,0.0007399473286850352
RFC5,0.052234434,62,0.0008424908643768679
CSF1R,0.05209006,57,0.0009138607011552443
IL18,0.0517668,49,0.0010564653392957182
GAD1,0.05175745,41,0.0012623768572400257
TPTEP2-CSNK1E,0.051712796,41,0.00126128770956179
LAMTOR2,0.05156397,27,0.0019097766942448085
TUBB1,0.051401757,35,0.001468621620110103
UGT1A1,0.051369578,44,0.0011674904010512612
HSD3B1,0.05067037,37,0.0013694694718799077
MAP2K4,0.05038572,135,0.00037322756316926747
PIK3CG,0.05031033,83,0.0006061485373830221
BDNF,0.050244614,51,0.0009851885192534503
PTGIS,0.050220113,71,0.000707325538699056
ATP1A4,0.050025184,162,0.0003087974302930596
IGF1R,0.04954036,74,0.0006694643179307113
ARRB2,0.049317706,77,0.0006404896931988853
CYP11A1,0.049316328,37,0.0013328737302406414
CYP4F8,0.04926207,61,0.0008075749043558464
COPB1,0.049183965,33,0.0014904231736154268
HSPA1B,0.049026877,34,0.0014419669614118688
IL1B,0.048449848,118,0.0004105919309086719
SYNJ1,0.048441377,26,0.0018631298668109453
ARC,0.04813967,13,0.0037030514616232654
VAV2,0.04802214,92,0.0005219797806247421
IFNAR2,0.047986146,47,0.0010209818311194157
CASP10,0.047891166,35,0.0013683190303189414
GTF2F1,0.04785237,53,0.0009028749224149956
LTA4H,0.04765555,62,0.0007686378854897714
PSMD1,0.047615387,38,0.0012530364880436345
PLD1,0.047585554,56,0.0008497420432312148
RPLP2,0.047569275,27,0.0017618249963831018
UBE2I,0.04756251,68,0.0006994486731641433
NFATC1,0.047336094,67,0.0007065088668865944
YAP1,0.047244836,33,0.0014316616862109213
RBL1,0.0471219,35,0.0013463400304317475
FGF2,0.047099333,125,0.0003767946660518646
SMAD2,0.04705296,80,0.0005881620105355978
CAMK2D,0.04702693,108,0.0004354345232800201
SIRT1,0.04690154,46,0.0010195986732192662
CAMK2A,0.046860773,120,0.00039050644263625143
EIF2S2,0.046834815,28,0.0016726719747696603
CLCNKA,0.046407793,31,0.0014970255715231742
ST3GAL3,0.04627263,34,0.0013609597569002824
PRKCG,0.04624636,122,0.00037906853268381024
KCNJ4,0.046202026,66,0.0007000307016300433
PPP1R12A,0.046086974,27,0.0017069249793335243
IFNL1,0.04598695,10,0.004598695039749146
PRKAG2,0.045922257,65,0.0007064962616333594
PLA2G4A,0.045891605,79,0.000580906396425223
VKORC1,0.04568269,30,0.0015227563679218292
JAK1,0.045586135,156,0.0002922188156308272
GLUD1,0.045368813,53,0.0008560153392125976
HMGCR,0.045303542,48,0.0009438237951447567
HSPB1,0.045211967,33,0.0013700596085100462
KCNH2,0.044780534,57,0.0007856233993120361
CSNK2A2,0.04476099,55,0.0008138361979614604
ADCY10,0.044754587,37,0.0012095834355096559
GSS,0.04471056,30,0.0014903520544370015
MYC,0.04470754,177,0.0002525849741394237
F13B,0.04461205,32,0.0013941265642642975
LAMB2,0.044517692,32,0.001391177880577743
SHH,0.044356182,44,0.0010080950503999536
WNT9A,0.044305768,33,0.0013425990261814811
KAT2A,0.044120036,45,0.0009804452459017436
PTGIR,0.043997783,28,0.0015713494004947798
HDAC2,0.043992598,88,0.0004999158819290725
MYLK,0.043977816,80,0.000549722695723176
C3AR1,0.043851312,26,0.0016865889326884197
PLA2G4E,0.04371194,34,0.0012856453438015545
BCL2,0.043333355,126,0.00034391551855064576
MEF2C,0.04306329,81,0.0005316455607061033
ADCY9,0.0429574,107,0.0004014710190697251
CACNA1H,0.04276744,63,0.0006788482386914511
PTEN,0.042047344,116,0.00036247710472550886
YES1,0.042027827,64,0.0006566848023794591
NUP93,0.042023625,79,0.0005319446230990977
EHMT2,0.042013217,24,0.0017505506984889507
SCN10A,0.041970626,61,0.000688043041307418
STAT5B,0.041946493,126,0.0003329086753111037
ABCC8,0.041870728,69,0.0006068221468856369
SDHB,0.04183802,42,0.0009961433353878203
FGFR3,0.041832063,79,0.0005295197892038128
COL4A3,0.04181448,36,0.0011615133326914576
ARF6,0.04159231,27,0.0015404559671878815
HTR7,0.04158174,26,0.001599297643854068
CDKN2A,0.04134522,81,0.000510434815545141
KRAS,0.041321643,297,0.00013913011009042913
AMPD1,0.041283637,23,0.0017949407515318496
TUBB2B,0.041079856,28,0.00146713773054736
FOSL1,0.041077357,27,0.0015213835846494745
MCM6,0.041040584,24,0.0017100243518749874
KCNE1,0.041038916,55,0.0007461621002717452
VEGFA,0.040885936,100,0.0004088593646883965
MEN1,0.04056573,21,0.0019317013876778738
CEP290,0.04056178,23,0.0017635556666747384
TCF7L1,0.04028483,56,0.0007193719835153648
TAB2,0.040259443,102,0.0003947004237595726
SLC19A2,0.040243175,9,0.004471463875638114
FURIN,0.04020925,55,0.0007310772483999079
RPL31,0.040138204,26,0.0015437770634889603
SULT1A1,0.04008268,25,0.0016033071279525756
APC,0.040019862,64,0.000625310349278152
MEF2A,0.039951388,54,0.0007398405146819574
UBE2S,0.039913986,42,0.0009503329971006938
TNNT1,0.039808895,52,0.000765555681517491
KCNK1,0.03969901,56,0.0007089109026959964
GMPR,0.039660875,23,0.0017243858588778455
GRIN2A,0.039637692,103,0.00038483196381226326
FSHB,0.039541103,31,0.0012755194498646643
PYGL,0.039427955,22,0.001792179759253155
TXNRD1,0.039398093,26,0.0015153112606360363
NCOA1,0.03936442,56,0.0007029360692415919
SLC12A3,0.039258096,33,0.0011896392838521438
ALDH3A2,0.03921309,59,0.0006646286633055089
KIF18A,0.039082333,26,0.0015031666709826542
DPYS,0.03907359,23,0.001698851747357327
TP73,0.038809475,32,0.0012127960799261928
HMGB1,0.03869385,30,0.0012897949665784836
CLASP1,0.038680226,37,0.0010454115029927846
STEAP3,0.038603142,24,0.0016084642459948857
ABCB11,0.038577702,17,0.002269276582142886
AKR1B1,0.038563974,43,0.0008968366093413774
PDK1,0.038500853,27,0.0014259575141800775
SLC3A1,0.038267694,35,0.0010933626975331988
TIAM1,0.03818589,51,0.0007487429561568241
FGF6,0.038157124,79,0.0004830015705356115
IL6,0.038154446,142,0.0002686932787928783
CYP2C18,0.03805454,21,0.0018121209882554553
NOS3,0.0380026,78,0.0004872128080863219
INSR,0.037799142,70,0.000539987747158323
MCCC2,0.037719075,27,0.0013970027643221397
FYN,0.03763709,176,0.00021384709345346147
NCOR2,0.037573226,65,0.0005780496276341952
TGFA,0.037496466,78,0.00048072392550798564
EDNRA,0.037383433,30,0.0012461144477128982
GTF2H4,0.037220277,50,0.0007444055378437042
NR3C1,0.037005685,55,0.0006728306412696839
IVD,0.036912274,26,0.00141970283136918
FGF4,0.03687154,100,0.00036871541291475294
PLA2G4F,0.0368528,35,0.0010529371244566781
GNG7,0.036809415,91,0.0004044990618150313
RPS6KA2,0.036600795,74,0.0004946053330157254
ENTPD1,0.03659986,17,0.0021529329173705157
PRKAR1A,0.036529955,131,0.00027885461467823
YWHAQ,0.03644004,66,0.0005521218320637038
DUSP6,0.036406383,46,0.0007914431069208229
CDC16,0.036395866,44,0.0008271787823601203
DIAPH1,0.036284175,34,0.0010671816108857885
THBS1,0.036242522,50,0.0007248504459857941
CKB,0.036236674,24,0.0015098613997300465
RPL23,0.036235347,27,0.0013420499033398097
MAP2K6,0.036161654,144,0.0002511225951214631
MSMO1,0.03615959,36,0.0010044330524073706
LBP,0.03608956,21,0.001718550388302122
CENPO,0.036078826,21,0.0017180393139521282
SLC25A20,0.036000025,16,0.002250001532956958
DRD1,0.035986256,90,0.0003998472872707579
BRK1,0.035968415,29,0.001240290187556168
STX4,0.035896197,21,0.0017093427124477568
ANPEP,0.035843935,20,0.0017921967431902886
HIPK2,0.035786178,22,0.0016266444528644736
SH3GL3,0.035784397,22,0.0016265635124661706
DYNC1I2,0.035774026,54,0.0006624819641863858
CD3E,0.03569536,43,0.0008301246304844701
AQP3,0.035514154,35,0.001014690101146698
ACADSB,0.035474405,40,0.0008868601173162461
ALDH4A1,0.03541603,31,0.0011424525610862239
PDIA6,0.035415217,20,0.001770760864019394
MAP3K7,0.035409726,160,0.00022131078876554965
KCNQ1,0.03524776,65,0.000542273257787411
DBH,0.0352365,22,0.0016016591001640666
BDKRB1,0.03517412,21,0.0016749581055981772
SDC3,0.03493772,25,0.001397508829832077
GUCY1B1,0.034857623,38,0.0009173058757656499
SLC38A4,0.03469753,43,0.0008069192774074022
ACOX3,0.034664124,29,0.0011953146293245513
PLD2,0.034659833,49,0.0007073435248160848
GRIN1,0.03458155,111,0.0003115454906815881
GSTA5,0.03458075,18,0.0019211526960134506
YWHAZ,0.03457194,83,0.0004165293761046536
FABP5,0.034416877,13,0.0026474520564079285
PPP5C,0.034389593,16,0.002149349544197321
SOCS2,0.034356043,22,0.0015616383064876902
JAK2,0.03433104,178,0.00019287100333846018
TLN1,0.03432399,51,0.0006730194185294357
TAOK1,0.03429731,23,0.0014911873832992885
WIPF1,0.03425474,24,0.001427280871818463
KLB,0.034233868,34,0.0010068784741794363
CHMP4B,0.0342161,18,0.0019008943604098426
ERBIN,0.03415731,29,0.0011778382648681771
KCND3,0.034141663,56,0.0006096725618200642
GCDH,0.03414097,29,0.0011772748468251064
H4C8,0.03413452,94,0.0003631331739907569
COX6B1,0.034063477,27,0.0012616102618199807
CEP152,0.03402643,16,0.00212665181607008
NFKBIA,0.033988543,200,0.0001699427142739296
IFNAR1,0.033978358,49,0.0006934358757369372
HRH2,0.03393146,36,0.0009425405619872941
DDX58,0.033909384,38,0.0008923522147693132
KCNA5,0.03387966,52,0.0006515319244219706
TLR2,0.033853292,53,0.0006387413672681125
CXCR4,0.033678696,54,0.0006236795473981787
PNMT,0.03345771,22,0.0015208050608634949
NFATC2,0.033421945,63,0.0005305070607435136
GNAT3,0.033420637,23,0.0014530711847802868
LEP,0.03337599,29,0.0011508961946799837
CRK,0.033299845,106,0.0003141494784152733
ACLY,0.03325958,21,0.0015837896083082473
TNRC6A,0.033223033,32,0.0010382197797298431
KIAA1549,0.033190213,37,0.0008970327876709603
FBXW11,0.03318159,62,0.0005351869209158805
CSNK1A1,0.03315041,45,0.0007366757425996992
HSPA1L,0.033013847,22,0.0015006293966011567
MYH11,0.032952376,23,0.001432711987391762
ADCY8,0.03292017,112,0.00029393009442303864
GOT2,0.03290867,48,0.0006855973042547703
PPBP,0.032905515,20,0.0016452757641673087
CHST12,0.032563157,10,0.0032563157379627227
PCSK2,0.03254399,55,0.0005917089229280298
KLC1,0.03239443,22,0.0014724741605195131
GHRH,0.03230317,21,0.001538246160461789
FGF10,0.03229929,73,0.0004424560457876284
SAA1,0.03227765,19,0.0016988237437449004
FRAT2,0.0322665,17,0.0018980294904288124
BMP2,0.032244533,39,0.0008267829051384559
ACTN2,0.0322371,31,0.0010399064950404628
FZD1,0.032200508,56,0.0005750090682080814
SPTBN5,0.032071635,18,0.0017817575070593092
CACNA2D2,0.03191098,129,0.00024737192447795423
PLCG2,0.03189205,105,0.00030373381007285346
HDAC3,0.031682666,68,0.00046592156457550386
GMPS,0.031642042,35,0.0009040583457265582
NCSTN,0.0313848,44,0.0007132909006693146
GRIN3B,0.031189539,15,0.0020793025692303975
RPLP1,0.031091625,26,0.0011958317258037054
MAT2B,0.031024216,33,0.0009401277497862325
FGF20,0.03102355,91,0.0003409181404244769
ANAPC1,0.030971687,44,0.0007039019837975502
AP2A1,0.030968443,56,0.0005530079028436116
TOP2A,0.030852478,18,0.0017140265554189682
WASL,0.030768646,60,0.0005128107654551665
LCP2,0.030675126,30,0.0010225042079885802
ZAP70,0.030527454,48,0.0006359886222829422
CD247,0.030433081,57,0.0005339137033412331
SMARCC1,0.030403627,17,0.0017884486519238528
CEP250,0.030390054,17,0.001787650234559003
H3C6,0.030354824,71,0.0004275327312274718
CDKN1C,0.030219968,18,0.0016788871337970097
SMO,0.030204158,33,0.0009152775235248334
AOX1,0.030110508,48,0.0006273022542397181
UBE2D1,0.030060682,66,0.000455464885541887
KCNJ3,0.030004498,72,0.0004167291335761547
XRCC5,0.02997305,25,0.0011989220231771469
TAT,0.029951999,29,0.0010328275504811056
ABCC1,0.029940356,37,0.0008091987991655195
B4GALT1,0.029931007,38,0.0007876580777136903
IL10RB,0.029884422,22,0.0013583828271789985
NTRK1,0.029854873,46,0.0006490189825063167
CD14,0.02982912,53,0.0005628135898765528
CCL4,0.029724581,38,0.0007822258201868911
KCNE2,0.029721798,54,0.0005504036736157206
PLA2G6,0.029403748,28,0.0010501338568116938
DMGDH,0.029392116,17,0.001728947986574734
LPIN2,0.029385606,18,0.0016325336570541065
KTN1,0.029376412,19,0.001546126937395648
FANCD2,0.02933694,19,0.001544049499850524
SIAH1,0.029277373,17,0.0017221984179580912
NDUFB1,0.029263172,19,0.001540166963087885
DHFR,0.029185824,34,0.0008584065910647897
ALDH9A1,0.029088777,37,0.0007861831502334491
POLR2B,0.029025907,61,0.0004758345360150103
POM121C,0.029016523,56,0.0005181521909045321
INCENP,0.029014288,22,0.001318831250748851
CYP2S1,0.029012628,26,0.0011158703038325678
TFRC,0.028884865,40,0.0007221216335892677
CEP78,0.028776722,17,0.0016927483546383241
TPM1,0.028767932,59,0.00048759207129478455
SKA2,0.028730549,18,0.0015961416065692902
ABCB1,0.028674582,42,0.0006827281433201971
POLR3F,0.028671805,14,0.0020479860582521985
TP53,0.028562296,225,0.00012694353858629863
CALML5,0.028460188,50,0.00056920375674963
CAPZB,0.028444998,24,0.0011852082485953967
PAK5,0.028423533,34,0.0008359862601055819
UPB1,0.028396346,24,0.001183181069791317
PFKL,0.028351294,37,0.0007662511858585718
PHC1,0.028297031,25,0.0011318812519311905
SERPING1,0.028281126,16,0.001767570385709405
CASP1,0.02828068,54,0.0005237162803058271
RYR2,0.028232846,77,0.0003666603429750963
RAD50,0.02821822,47,0.0006003876791355457
GBA,0.028216947,18,0.0015676081594493655
KLC3,0.028199598,20,0.001409979909658432
MMP7,0.028094146,19,0.0014786392842468462
SCN5A,0.02806501,61,0.00046008214598796407
KDR,0.02806346,59,0.000475651852912822
RXFP2,0.027949832,17,0.0016441077870481154
ATP6V1G1,0.027813615,29,0.0009590901819796398
GAL,0.027751565,15,0.0018501043319702148
SLC22A2,0.027688112,50,0.0005537622421979905
ATRIP,0.027660673,27,0.0010244693883039334
ASS1,0.027528385,33,0.0008341934757702278
GRK6,0.027505279,20,0.0013752639293670653
ATP2B1,0.0274784,28,0.000981371450637068
CYP2J2,0.027455356,69,0.00039790370973987854
SOD3,0.027348531,17,0.001608737141770475
SMARCB1,0.02713583,18,0.0015075461318095524
F3,0.027103089,41,0.000661050946247287
GNA14,0.027100485,42,0.0006452496385290509
H2AC1,0.0270988,19,0.001426252585492636
DLL1,0.02708732,49,0.0005528024416797015
BLM,0.027052507,37,0.0007311488325531418
ITPR3,0.027050495,112,0.00024152227810450962
BCHE,0.027048737,17,0.001591102165334365
RCC2,0.027026745,18,0.0015014858088559574
SELE,0.026945489,17,0.0015850287369068932
PDS5A,0.026945045,12,0.002245420434822639
PTK2B,0.02693344,64,0.00042083498556166887
LDLR,0.026886454,41,0.0006557671671233526
LPAR3,0.026856929,17,0.001579819356693941
LDHC,0.026770094,17,0.0015747114358579412
AP1B1,0.02676923,20,0.0013384615071117879
CYP26B1,0.026749935,24,0.0011145806250472863
IDH3A,0.026749182,25,0.0010699672996997832
HDAC4,0.026620198,48,0.00055458745919168
GRIN2B,0.026585676,63,0.0004219948535873776
MED1,0.026546475,28,0.0009480883766497884
KIF2A,0.026526097,27,0.0009824480447504255
ARRB1,0.026517699,73,0.0003632561444011453
CCNC,0.026484184,21,0.001261151617481595
KITLG,0.026466401,43,0.0006154977045086927
CRADD,0.026360901,17,0.0015506412395659614
RRM1,0.026315525,41,0.0006418420774180715
PTH,0.026295668,23,0.0011432898919219556
RPL17,0.026244827,26,0.00100941640826372
TRAF2,0.026211794,93,0.00028184725232021783
CES2,0.026204543,17,0.0015414437169537826
SCTR,0.02618916,17,0.0015405388001133414
VANGL1,0.026165925,24,0.001090246873597304
IL2,0.02614831,76,0.0003440567096205134
CCKBR,0.02614269,32,0.0008169590728357434
ADRB2,0.026117371,49,0.0005330075794944957
MFN1,0.026086787,15,0.0017391191174586614
SYK,0.026071236,96,0.00027157537018259365
EPS15,0.02601192,23,0.001130953026206597
PTK2,0.025904864,149,0.0001738581481395952
CHPT1,0.025877496,16,0.001617343514226377
GSTT2,0.025842696,18,0.0014357053571277196
PANK1,0.025806842,19,0.0013582548616748106
POLR2A,0.025792535,68,0.0003793019910945612
ARNT,0.025781542,30,0.0008593847354253133
HNMT,0.025752867,13,0.001980989741591307
HSD17B7,0.025690844,38,0.0006760748495396815
CLIP1,0.025669578,24,0.0010695657692849636
KCND2,0.02557341,60,0.0004262235015630722
INHBB,0.025558453,17,0.0015034384148962358
EDN1,0.025553659,50,0.0005110731720924378
MYH9,0.025504768,34,0.0007501402321983786
NUP88,0.02548865,76,0.0003353769792930076
TCF7L2,0.025471196,55,0.00046311264688318423
CEP192,0.025445305,18,0.0014136280450556013
THBS3,0.02541257,13,0.0019548131296267877
MGST3,0.02540865,23,0.0011047239050917003
CKAP5,0.025384352,32,0.0007932609878480434
LHCGR,0.025335617,23,0.0011015485810196917
AGPAT1,0.025321519,19,0.0013327115264378097
RUNX2,0.025287056,37,0.0006834339551829003
RAB4A,0.025179325,19,0.00132522761429611
TCF7,0.025136417,52,0.0004833926303455463
RPL27,0.025106356,27,0.0009298650202927766
NDC80,0.025051588,20,0.0012525794096291064
CEBPA,0.025008209,29,0.00086235203619661
IL5RA,0.02499019,25,0.0009996075928211212
SNAP25,0.02496419,25,0.0009985675662755966
BSG,0.024960626,18,0.0013867014398177464
ITPR2,0.024935996,99,0.0002518787490900117
IFNG,0.02489069,97,0.00025660504308558
PHGDH,0.024865953,17,0.0014627031324540869
BCR,0.02480867,26,0.000954179594723078
CCN2,0.024757124,15,0.0016504749655723572
FTH1,0.0247219,20,0.0012360950000584125
SLC8A3,0.024702849,25,0.0009881139546632767
C1QA,0.024699507,20,0.0012349753640592098
UGT2A1,0.024683256,15,0.001645550380150477
MYOD1,0.024682326,16,0.0015426453901454806
GCK,0.024628656,49,0.0005026256323468929
VNN1,0.024627358,13,0.0018944121324099028
MMP13,0.024617685,21,0.0011722707145270846
HK1,0.024616372,41,0.0006003993131765505
SMARCA4,0.02460356,39,0.0006308605273564657
MCM3,0.024550838,25,0.0009820335358381271
MCM8,0.024545891,22,0.0011157223277471282
NR3C2,0.024511341,44,0.0005570759319446304
ITGA6,0.024509745,45,0.000544660993748241
WNT11,0.02448498,44,0.0005564768375320868
RPL37,0.024418985,26,0.0009391917488895929
VIPR2,0.024374938,17,0.0014338198610964943
IDI1,0.024321849,41,0.0005932158177218786
KL,0.024289954,40,0.0006072488613426685
SEC24B,0.02418488,17,0.0014226400457760867
GML,0.024101792,7,0.003443113129053797
MAP3K2,0.024068028,21,0.001146096558797927
HTR4,0.024038406,22,0.0010926548222249205
ACSL6,0.023998385,29,0.000827530527423168
ADRA1B,0.023986243,29,0.0008271118176394496
PSEN2,0.023982884,38,0.0006311285358510519
KIT,0.02394164,61,0.000392485898537714
UGT2B15,0.02390831,25,0.0009563323855400085
CDK5RAP2,0.023885163,16,0.00149282265920192
PSMD3,0.023818549,39,0.0006107320197117635
TNPO1,0.02378881,14,0.0016992006983075822
MAN1A2,0.023787508,15,0.0015858338524897893
CASP2,0.023768036,31,0.0007667108288695735
KCNMB1,0.023752946,15,0.0015835297604401906
CREB3L2,0.023743302,43,0.0005521698053493056
ITGB6,0.023716496,25,0.0009486598521471024
RASGRF2,0.023698939,30,0.0007899646336833636
PSTPIP1,0.023698265,13,0.0018229434409966837
NINL,0.023696406,18,0.001316466989616553
IL12B,0.023695795,58,0.00040854818733601736
C1S,0.02365494,17,0.0013914670356932808
ABAT,0.023595037,59,0.00039991588031841537
ARPC2,0.023590695,40,0.0005897673778235913
NDUFB6,0.023526361,19,0.0012382295374807558
IL1RAP,0.023486529,30,0.0007828842848539352
EREG,0.023460824,57,0.00041159340425541525
WNT2B,0.023386763,40,0.0005846690852195025
GTF2H3,0.023364523,50,0.0004672904685139656
ARHGAP35,0.023295613,40,0.0005823903251439333
MAVS,0.023270342,30,0.0007756780833005905
PIP4K2C,0.023268519,28,0.0008310185346220221
GPX7,0.02323293,15,0.0015488619605700175
RRAS2,0.023195244,21,0.001104535446280525
TIRAP,0.023175435,28,0.0008276941121688911
PDE8A,0.023171498,11,0.0021064997735348616
MTR,0.023024764,43,0.0005354596258595933
MTNR1A,0.022978999,11,0.002088999883695082
CHRNB4,0.02294965,16,0.0014343531802296638
ATP6V0A4,0.022897331,23,0.0009955361323512118
IL11,0.022858938,25,0.000914357528090477
CYP4F12,0.022842335,22,0.0010382879356091673
FDFT1,0.022833109,41,0.0005569050951701839
SCARB1,0.02282182,24,0.0009509091420720021
HTR1A,0.022810962,67,0.0003404621201664654
CD86,0.02272318,52,0.00043698421751077357
MYL12A,0.022703685,16,0.0014189803041517735
TBP,0.022683037,51,0.00044476544009704216
NMNAT1,0.022652984,14,0.001618070261819022
MAD2L1,0.022627536,34,0.0006655157708069857
AP1G1,0.022594357,17,0.0013290798181996627
RHOF,0.022555688,8,0.0028194610495120287
TEAD3,0.022538494,15,0.0015025662879149118
THEM4,0.022495082,20,0.0011247540824115276
RASA1,0.022424813,58,0.0003866347131030313
CS,0.022418197,32,0.0007005686638876796
ATP2B2,0.022400143,27,0.0008296349120360834
PPP3CA,0.022334706,86,0.00025970588416554205
RPL10L,0.022263918,25,0.0008905567228794098
CYFIP2,0.022239776,31,0.0007174121396195504
GDA,0.022231126,30,0.0007410375401377678
PIK3C3,0.022204787,57,0.00038955765858031155
MAP1LC3A,0.022195946,13,0.0017073804942461161
ALMS1,0.022181282,17,0.0013047812835258596
TMPRSS2,0.022176404,15,0.0014784269034862519
FUS,0.022167757,42,0.0005278037417502631
MGST1,0.02216501,28,0.0007916074911398548
MAX,0.022119377,28,0.0007899777431573186
CD3G,0.022100152,58,0.00038103711116930535
POLR2E,0.022048168,79,0.00027909073271328887
TNFRSF1A,0.022023521,76,0.00028978317583862106
CDH1,0.02200166,70,0.00031430942139455253
STK24,0.021939516,4,0.005484879016876221
RAMP2,0.02192223,15,0.0014614820480346679
CAV1,0.021853734,75,0.00029138311743736266
PKN1,0.0218103,26,0.0008388577172389397
DEPDC1B,0.021792704,21,0.0010377478209279832
NR1D1,0.021763679,12,0.0018136398866772652
CBX4,0.021757133,26,0.0008368128194258764
MMP8,0.02174042,11,0.0019764017991044307
SLC32A1,0.021726472,19,0.0011434985422774365
NR2C1,0.021692388,13,0.0016686452122835012
DHODH,0.021691633,12,0.0018076361157000065
VDAC1,0.021672476,35,0.0006192136023725782
SLC8A1,0.021645522,78,0.00027750668903956044
CXCR1,0.021634113,32,0.0006760660326108336
WNT4,0.021591445,55,0.0003925717351111499
AGL,0.021583375,17,0.0012696102699812722
SHC3,0.021582024,54,0.00039966711429534135
UBE2V1,0.02158125,57,0.0003786184089748483
VAV3,0.021566253,78,0.00027649042507012683
MAPK13,0.021528365,97,0.00022194190814937514
CDC7,0.02151153,21,0.0010243585954109828
MAN2A2,0.021507813,14,0.0015362723331366266
MUC1,0.021483297,12,0.0017902747107048829
BLNK,0.021454517,19,0.001129185094645149
CBL,0.021441687,104,0.00020617006633144157
GRB7,0.0214336,26,0.0008243692035858447
INPP5D,0.021406021,54,0.00039640779572504536
EIF4E,0.021377027,70,0.00030538610049656457
DAGLB,0.021328827,12,0.001777402280519406
ASNS,0.02130539,18,0.0011836327612400055
TYK2,0.021299766,80,0.00026624707970768213
PPP1R1B,0.021295594,15,0.0014197062700986862
CAMK2G,0.0212853,108,0.00019708610381241197
SEC61B,0.021277633,14,0.001519830897450447
ALOX5,0.021258904,85,0.0002501047490274205
CCL3,0.021246603,26,0.0008171770291832777
ABCG1,0.021230446,15,0.0014153630783160529
NCOA3,0.021223487,27,0.0007860550863875283
ALDH7A1,0.021213194,50,0.0004242638871073723
PROC,0.02116345,22,0.0009619750251824206
IL15,0.021117724,24,0.0008799051865935326
EZH2,0.021109775,35,0.000603136420249939
FGF23,0.021107856,103,0.00020493064256547723
NELFCD,0.021083234,27,0.0007808605140006101
VAV1,0.021072337,107,0.00019693773274666795
SLC9A1,0.021040522,28,0.0007514471986464091
DYNC1I1,0.02103947,41,0.0005131577845753693
TLR3,0.020939982,28,0.0007478564844599792
SULT2A1,0.020853542,19,0.0010975548311283714
RGS12,0.02083152,10,0.00208315197378397
BCL10,0.020787962,35,0.000593941765172141
HSPA7,0.020745905,15,0.0013830603410800299
SLC35D1,0.020626746,10,0.0020626746118068695
SPDL1,0.020618321,18,0.001145462298558818
PIP5K1C,0.020611718,43,0.0004793422859768535
ACSBG1,0.020534087,18,0.0011407826095819473
IL6R,0.020531673,42,0.0004888493567705154
M6PR,0.020530963,11,0.0018664512105963447
RXRG,0.020521458,31,0.0006619825238181699
PPARGC1A,0.020509029,53,0.00038696280768457447
ERCC2,0.020475687,52,0.0003937632203675233
PSMD5,0.02044848,25,0.0008179391920566559
STK11,0.020398581,35,0.0005828166114432472
CNOT1,0.020369126,11,0.001851738684556701
APOE,0.020329231,41,0.0004958349121053045
COPA,0.02030393,33,0.0006152705825639493
RNF103-CHMP3,0.020303132,19,0.001068585895394024
POU2F1,0.020301273,20,0.0010150636546313763
GPR37,0.020223796,13,0.0015556766436650203
ASCL1,0.02017951,11,0.0018345009196888316
COL6A3,0.02015608,23,0.0008763513001410857
VEGFC,0.020079782,34,0.0005905818303718287
SETD2,0.020056281,10,0.0020056281238794325
KIF3B,0.020056168,13,0.0015427821244184787
IL4,0.019985333,59,0.0003387344590688156
ACER1,0.019945506,15,0.001329700400431951
GUCY1A1,0.019944876,22,0.0009065852923826737
RALGDS,0.019943852,25,0.0007977540791034699
DOCK1,0.01994114,49,0.0004069620401275401
IL22,0.019922271,12,0.001660189280907313
SAP18,0.019917928,19,0.0010483119832841975
MC3R,0.019917032,17,0.001171590102946057
RPN2,0.019824281,11,0.0018022073940797286
ITGAM,0.019815063,35,0.000566144660115242
CTDP1,0.01973797,25,0.000789518803358078
MSRB3,0.019737853,12,0.0016448210614422958
VPS37C,0.019733803,13,0.0015179848728271632
CCT8,0.019725576,14,0.0014089697173663548
SMAD3,0.019718006,105,0.0001877905357451666
LIG4,0.019706976,15,0.0013137983779112497
DYNC1LI1,0.019705225,45,0.00043789388404952154
ITK,0.019563416,29,0.0006746005523821403
GSTO2,0.019516304,23,0.0008485349624053291
F13A1,0.0194808,35,0.0005565942930323737
EVL,0.019433064,15,0.001295537625749906
UGT2B7,0.019380018,35,0.0005537148032869611
RAB14,0.019329494,19,0.0010173417823879343
GNE,0.019329213,14,0.0013806580432823726
PTGFR,0.019275494,17,0.0011338525835205527
GUCY1A2,0.019261241,38,0.0005068747620833548
ORAI1,0.019248944,24,0.0008020393239955107
G6PC2,0.019237233,19,0.0010124859645178443
RAMP1,0.019202087,16,0.0012001304421573877
SLC38A9,0.019197566,20,0.000959878321737051
CAMKK2,0.01912637,36,0.0005312880708111657
SETD1A,0.019090818,11,0.0017355289310216904
MALT1,0.01908793,33,0.0005784220993518829
CDC37,0.019082962,38,0.0005021832001052404
RAB5C,0.019082677,23,0.0008296815921431003
TNFRSF10A,0.019067436,36,0.0005296510126855639
SH2D2A,0.019031052,11,0.0017300955951213837
NDUFA4,0.018979326,28,0.0006778330675193242
UGGT1,0.018952059,9,0.002105784292022387
USP13,0.018941931,9,0.0021046590473916796
APOC1,0.01892954,12,0.0015774616040289402
LIMK1,0.018923156,38,0.0004979777885110755
OR10G9,0.0189161,3,0.00630536675453186
SLC25A12,0.018888708,18,0.0010493726780017216
CDA,0.018885272,24,0.0007868863176554441
FGF5,0.018867398,84,0.00022461187715331712
LAMA2,0.018861484,32,0.0005894213682040572
ACOT7,0.01886007,13,0.001450774618066274
APOB,0.018856328,53,0.0003557797732218257
PMAIP1,0.01884264,32,0.0005888324812985957
SPTB,0.01883796,18,0.0010465533576077884
TALDO1,0.01880452,17,0.0011061482569750618
FCER1G,0.018797023,22,0.0008544101464477452
DLD,0.01875414,97,0.00019334164476886238
RAB39A,0.018723683,9,0.0020804092701938418
GPR83,0.018706461,15,0.0012470974276463191
VPS37B,0.018706016,13,0.0014389243263464707
DROSHA,0.018655483,10,0.0018655482679605484
SLC34A1,0.018653821,11,0.001695801927284761
ALDH5A1,0.018630484,18,0.0010350268955032031
PGM2,0.018617544,25,0.0007447017729282379
TUBG1,0.018533923,18,0.0010296623739931318
RNPS1,0.01852321,15,0.001234880710641543
TNFSF10,0.018486151,36,0.000513504207548168
UGT2B4,0.018467136,28,0.0006595405616930553
ITGA9,0.018449556,28,0.0006589127172316824
RPA1,0.018422455,86,0.00021421458832053251
SEH1L,0.018418757,70,0.0002631251034992082
PTBP1,0.018368844,12,0.0015307369952400525
CTF1,0.018349726,11,0.0016681568866426294
NOD2,0.018331924,40,0.00045829811133444307
ATP4A,0.018323226,27,0.0006786379963159561
SLC29A1,0.01831951,14,0.00130853642310415
DNMT3B,0.018242622,19,0.0009601379891759471
ESR1,0.018231953,79,0.00023078420965731898
ACADL,0.018227743,32,0.0005696169682778418
RFC3,0.018204898,61,0.000298440944953043
CHRNA3,0.018147621,15,0.0012098414202531178
XRCC3,0.01813361,14,0.0012952578919274466
CHMP7,0.018132526,18,0.0010073625793059666
SRGAP1,0.018120954,14,0.001294353843799659
CDK8,0.01810415,29,0.0006242810652173799
LPIN3,0.018078614,18,0.0010043674459060032
PISD,0.018062875,12,0.0015052395562330882
PDE10A,0.01804295,30,0.0006014316653211912
ALDOA,0.018010156,48,0.00037521158810704947
ARSB,0.018009279,20,0.0009004639461636544
GRIA1,0.017935878,45,0.0003985750592417187
ELOC,0.017916862,49,0.0003656502432969152
MAP3K5,0.017898586,53,0.0003377091631574451
BDKRB2,0.017813787,29,0.0006142685125614034
E2F3,0.017800076,53,0.00033585048930824925
POLD1,0.017798657,52,0.0003422818576487211
ARPC5,0.017797371,39,0.000456342855707193
SERPINA1,0.017756687,25,0.0007102674990892411
DNAJC7,0.017737523,7,0.002533931817327227
GMNN,0.017735947,9,0.001970660769277149
CDC25B,0.017733425,25,0.0007093369960784913
BCAR1,0.017678626,65,0.00027197885971802933
SPTA1,0.017674394,19,0.0009302312606259397
CSF2,0.017665477,55,0.0003211904994466088
NOD1,0.017665192,39,0.00045295365345783724
IFNGR2,0.017655205,36,0.000490422360599041
MAP3K4,0.017625041,17,0.0010367671356481664
PPID,0.017602844,10,0.0017602844163775444
GLP1R,0.017548151,21,0.0008356262530599322
WT1,0.017529525,16,0.0010955953039228916
AGT,0.017516218,81,0.00021624960649160692
SMAD6,0.017501164,25,0.000700046569108963
NEDD4,0.017492458,29,0.0006031882146309162
PLK2,0.017485652,15,0.0011657101412614187
CDC42BPA,0.017476523,10,0.0017476523295044898
CCT5,0.017462313,10,0.0017462313175201417
IGF2,0.017396308,32,0.0005436346400529146
AQR,0.017396087,11,0.0015814624388109553
SLC35D2,0.017393421,13,0.00133795549090092
HSP90B1,0.017392423,28,0.0006211579644254275
BIN1,0.017369743,10,0.0017369743436574936
INPP5E,0.01736171,18,0.0009645394360025724
PDHB,0.017334828,42,0.00041273400364887146
UGT1A10,0.017295668,33,0.000524111148534399
AAMP,0.017291624,12,0.0014409686749180157
QDPR,0.017245725,14,0.0012318374855177744
BAK1,0.017226107,54,0.00031900198923216923
ALDH1A1,0.017204486,35,0.0004915567381041391
PPP1R14A,0.017168764,11,0.0015607967295429924
FGFR2,0.017167214,86,0.00019961877097917158
MGLL,0.017156437,22,0.0007798380472443321
ELL,0.017144311,24,0.0007143463008105755
COL4A4,0.01712918,38,0.0004507678707963542
TERT,0.01709035,28,0.0006103696567671639
CKAP4,0.017070916,15,0.0011380610366662344
CEP41,0.01706115,18,0.0009478416500820054
SLC7A1,0.01705289,11,0.0015502627938985825
BMP7,0.017049285,28,0.0006089030232812677
TRAF1,0.01704096,30,0.000568032016356786
GRIN3A,0.01701575,68,0.0002502316115971874
EIF4G2,0.016986579,12,0.0014155482252438862
NELFE,0.016962994,26,0.0006524228419248874
CAP2,0.016940113,8,0.00211751414462924
MUC3A,0.016927753,9,0.0018808614048692915
EIF2AK2,0.016887097,34,0.000496679314357393
GPR17,0.016883228,13,0.001298709844167416
ARHGEF12,0.016848342,34,0.0004955394850934253
ST6GALNAC1,0.016827391,9,0.00186971016228199
SCN3B,0.016819155,10,0.0016819154843688011
NGFR,0.016818369,46,0.0003656167132051095
OPRM1,0.01681419,77,0.0002183661155112378
HSPG2,0.016765984,28,0.0005987851348306451
ACADS,0.016763942,49,0.0003421212717586634
SLC6A11,0.016731795,18,0.0009295441624191073
DAB2IP,0.016679648,9,0.0018532942566606733
TNNI3,0.016668594,61,0.0002732556313276291
ZBTB16,0.016633037,14,0.0011880741055522645
FRAT1,0.016615938,26,0.000639074553663914
TNFRSF10B,0.016606037,41,0.0004050252822841086
HAL,0.016582562,12,0.0013818801380693913
F5,0.016578624,46,0.00036040487010841787
FARP2,0.016576856,14,0.0011840611696243286
GGA3,0.016562961,8,0.002070370130240917
CACNA1C,0.016531095,103,0.00016049606707489606
POLR1F,0.01652988,11,0.0015027164058251815
HACD4,0.016515093,7,0.00235929898917675
LMAN1,0.01649451,23,0.00071715263892775
MMP9,0.016473865,69,0.00023875166864498803
PLXNB1,0.016468726,12,0.0013723938415447872
BCKDHB,0.016452687,32,0.0005141464644111693
EIF3B,0.016447108,15,0.001096473882595698
BUB3,0.016442215,33,0.0004982489415190437
ECE1,0.016412564,10,0.0016412563621997834
FST,0.016371021,10,0.0016371021047234535
COL6A6,0.016353257,19,0.0008606977368655958
IFNGR1,0.016320582,41,0.00039806298729850025
CDON,0.016286656,12,0.001357221355040868
ATP6V1C1,0.016282931,28,0.000581533248935427
ACTN3,0.016279874,11,0.0014799885790456426
KDELR2,0.016267864,13,0.0012513741564292174
CSF3R,0.016232653,20,0.0008116326294839382
H4C5,0.016206788,94,0.00017241263722485685
AGO1,0.016184125,35,0.0004624035741601672
COL5A1,0.016170295,14,0.001155021068240915
TXNL4A,0.016153457,7,0.0023076366633176804
PLB1,0.016134407,17,0.000949082786546034
KIF1B,0.016125942,9,0.001791771294342147
PLA2G4D,0.016094744,36,0.00044707622792985704
CNOT2,0.01608254,10,0.0016082540154457093
CHMP4C,0.016029948,18,0.0008905526871482531
AOC1,0.015976932,30,0.0005325643966595331
PGM1,0.01597197,50,0.0003194393962621689
CDS2,0.015928416,9,0.0017698239535093307
INPP5A,0.01591437,11,0.0014467608522285116
CCN1,0.0159057,13,0.0012235154326145465
IL10,0.01587117,58,0.0002736408777278045
SPP1,0.015864413,47,0.0003375407070555586
GABPA,0.0158545,8,0.0019818125292658806
KMT2B,0.015848294,10,0.0015848293900489808
ARHGAP10,0.015842754,14,0.0011316253138439997
DOCK2,0.015834684,25,0.000633387342095375
IQCE,0.01576342,6,0.002627236768603325
SELP,0.015747536,16,0.0009842209983617067
UBA7,0.015712349,20,0.0007856174372136593
FAH,0.01569847,21,0.0007475461988222031
CNTN1,0.015692115,13,0.0012070857561551607
TRIO,0.0156921,34,0.0004615323508487028
PLEKHG4,0.015678642,7,0.0022398060453789575
JAK3,0.015678585,77,0.00020361798150198801
GHRHR,0.015669562,17,0.0009217389366206
HLA-DPB1,0.015658857,43,0.00036415947211343187
PPARG,0.01565048,61,0.00025656523152453
IGFBP1,0.015634453,18,0.0008685807180073527
APP,0.015632356,44,0.00035528080876577985
LYZ,0.015631454,7,0.0022330648664917263
NTF3,0.015613708,29,0.000538403714268372
HLA-G,0.015566148,33,0.00047170145042014843
PDE11A,0.01556387,12,0.0012969891540706158
CNOT6,0.015557136,10,0.001555713638663292
ARHGEF2,0.015552187,22,0.0007069176062941551
NT5E,0.015506097,28,0.0005537891826991524
CLDN16,0.015478383,10,0.001547838281840086
KIF6,0.015478263,8,0.0019347828347235918
FADS2,0.015402336,20,0.0007701167836785316
TNFRSF11B,0.015398675,16,0.0009624171652831137
RAPGEF4,0.01537607,20,0.0007688034791499376
PTPRJ,0.015368159,18,0.0008537866071694427
GRM5,0.0153525295,30,0.0005117509824534257
SPEN,0.015342817,10,0.0015342816710472106
GABARAPL1,0.015331008,14,0.0010950719671589987
IDI2,0.015287681,11,0.0013897891410372474
UPP2,0.015281778,17,0.000898928107584224
NHEJ1,0.015280882,7,0.0021829831280878614
NTN4,0.015278456,8,0.0019098069751635194
SLC27A2,0.015218749,37,0.0004113175327310691
GOLGA4,0.0152024515,8,0.001900306437164545
VAMP1,0.015186799,8,0.0018983498448505998
NMB,0.015182467,8,0.0018978083971887827
PSMB1,0.015179699,36,0.00042165831352273625
KIF2B,0.015173621,26,0.0005836007901682303
CYLD,0.015168467,24,0.0006320194418852528
AKAP1,0.01514376,6,0.002523959924777349
PRKCI,0.015136484,43,0.0003520112571328185
FLT3,0.015127053,44,0.0003437966489317742
DGKE,0.015073801,14,0.0010767000993447645
SLC29A2,0.015072606,11,0.0013702368702400815
XBP1,0.015064949,15,0.0010043299446503321
HGF,0.015037584,71,0.00021179695941612753
FGF18,0.015030489,85,0.0001768292859196663
EPHB2,0.015023056,20,0.0007511528208851814
A1BG,0.01502124,7,0.0021458914769547327
KCNJ12,0.01500009,17,0.0008823582354713889
SBF2,0.014991241,10,0.0014991240575909614
MT1X,0.014988828,7,0.0021412612072059085
DCN,0.014988212,17,0.0008816595244057038
BRIP1,0.014971612,26,0.0005758312315895007
MOCS1,0.01497038,6,0.0024950633135934672
MSH3,0.014959256,8,0.0018699070205911994
SGK1,0.014955859,33,0.00045320783939325446
HLA-A,0.014954762,53,0.00028216531324499057
WNT7B,0.014909123,42,0.0003549791207270963
ALG10B,0.014899858,54,0.00027592330136232905
DYNLRB1,0.014877787,9,0.0016530874288744396
TUBGCP2,0.014867323,10,0.0014867323450744152
EGR1,0.014865196,47,0.0003162807725528453
POLI,0.014849394,9,0.0016499326253930728
LAMC1,0.014837115,40,0.00037092787679284813
NUP210,0.014831193,81,0.00018310114557360424
SPRY1,0.014825412,11,0.0013477647338401187
HLA-DQA1,0.014806465,44,0.00033651057376780295
CD163,0.014775626,11,0.0013432387601245534
EGR2,0.014767535,22,0.0006712515923109921
NOTCH1,0.014756108,71,0.0002078325028570605
CHRM5,0.014754654,18,0.00081970299490624
ENAH,0.014734011,16,0.000920875696465373
PDE3B,0.014728996,29,0.0005078964128062643
HLA-F,0.014704252,32,0.00045950786443427205
NR4A3,0.014695311,10,0.0014695310965180397
CSF1,0.014680975,31,0.00047357984247707553
MUC15,0.0146794105,9,0.001631045610540443
WNT2,0.014672157,43,0.0003412129617361135
BHMT2,0.014641265,7,0.0020916093406932695
MTAP,0.0146387825,15,0.0009759188319245975
PKP4,0.01463418,13,0.0011257061448234778
CREB1,0.014628754,240,6.0953141655772924e-05
GPLD1,0.014606138,7,0.002086591108569077
FGF19,0.014578772,61,0.00023899625864673833
GUCA1A,0.014575381,9,0.0016194867591063182
TNS4,0.014572498,8,0.0018215622985735536
TLR4,0.014561763,82,0.000177582476015498
TAL1,0.014540071,9,0.0016155634075403214
NANS,0.014501323,14,0.0010358087851532868
THBS2,0.014495547,20,0.0007247773464769125
LPIN1,0.014485342,20,0.0007242671214044094
GLI2,0.014461229,26,0.0005562011009225479
KCNQ4,0.014434606,9,0.001603845092985365
NEFL,0.014395164,22,0.0006543256511742419
EFNB2,0.014391516,11,0.001308319666846232
ADRA2C,0.014373364,21,0.0006844459012860344
SPHK2,0.014362582,28,0.0005129493573414427
PI4K2B,0.014344872,13,0.0011034516904216546
LEPR,0.014332986,20,0.0007166493218392133
ATN1,0.014327949,5,0.0028655897825956345
RPL38,0.0142871495,27,0.0005291536864307192
KCNIP3,0.014275777,6,0.0023792961922784648
RNF111,0.014272836,20,0.0007136418018490076
CPS1,0.014272071,36,0.0003964464283651776
TAC1,0.014266573,16,0.0008916608057916164
DSG1,0.014261717,18,0.000792317609820101
GABBR2,0.014252976,27,0.000527887984558388
FGFBP3,0.01425215,6,0.002375358405212561
REST,0.014233819,21,0.000677800914716153
PIP5K1B,0.014233459,36,0.00039537385520007875
ITGB4,0.014226789,38,0.0003743891751295642
MMP10,0.014222927,9,0.0015803252657254536
CD22,0.014178958,11,0.001288996162739667
ORC3,0.014153906,24,0.0005897460893417398
RAMP3,0.014152358,15,0.0009434905524055164
NCF2,0.0141400965,44,0.00032136582938784903
TNFSF11,0.014098771,25,0.0005639508366584778
PSAP,0.014094949,20,0.0007047474384307862
PIK3R6,0.014086437,42,0.00033539136694300743
APLNR,0.014058113,10,0.001405811309814453
NT5C1B-RDH14,0.014024674,13,0.0010788210739309972
PCK1,0.014008148,53,0.0002643046724908757
CTSC,0.014006893,16,0.0008754308219067752
MRAS,0.013987526,25,0.000559501051902771
GOT1,0.013973788,60,0.00023289647263785202
FFAR2,0.0139629105,10,0.0013962910510599614
HCAR1,0.013957883,9,0.0015508759145935376
PIK3AP1,0.01395527,18,0.0007752927744554149
CAP1,0.013932668,15,0.0009288445115089416
RASAL2,0.013924127,13,0.0010710867265096079
ATG14,0.013915131,13,0.0010703946821964704
CHST1,0.013901928,7,0.0019859897771051954
SLC30A1,0.013884934,8,0.0017356167081743479
CHST14,0.013876381,10,0.001387638133019209
KIF3A,0.013873909,24,0.0005780795278648535
ADAM17,0.013869069,58,0.0002391218721609691
MUC13,0.013840519,16,0.0008650324307382107
IQGAP2,0.013832856,16,0.0008645534981042147
WWP2,0.013812708,15,0.0009208471824725469
FRS3,0.013801429,32,0.0004312946693971753
LAMA4,0.013770175,24,0.0005737572986011704
NDUFA12,0.013756863,18,0.0007642701578636965
EIF4H,0.013753345,10,0.0013753345236182212
MLKL,0.013738463,9,0.0015264958557155398
TGOLN2,0.013737456,12,0.0011447879951447248
PFKFB2,0.013727336,14,0.0009805240136172091
XPO1,0.013721959,62,0.00022132191506604994
SLC5A11,0.013702373,7,0.001957481860050133
H1-3,0.013700198,9,0.001522244264682134
SUMF1,0.01368599,9,0.0015206655694378747
MCCC1,0.013631049,28,0.0004868231647248779
CHRM2,0.0136112105,75,0.00018148280680179595
CXCL12,0.013604678,52,0.0002616284271845451
HLA-DRB1,0.013598917,54,0.0002518317972620328
SLC5A9,0.013596422,7,0.0019423460055674826
CALCB,0.013582664,21,0.0006467935052655992
POFUT1,0.013580773,7,0.0019401104322501592
FKBP5,0.013542774,17,0.0007966337725520134
TNIP2,0.013536323,32,0.0004230100894346833
MGAT4C,0.0135133825,9,0.0015014869471391041
CABIN1,0.013507025,10,0.0013507025316357613
PRKCH,0.013485592,32,0.0004214247455820441
CAB39,0.013478865,13,0.0010368357627437664
PPP2R2A,0.013478037,31,0.00043477538612581067
GRIA4,0.013465233,24,0.0005610513811310133
VCAN,0.01344904,20,0.0006724520120769739
ANK2,0.013442935,14,0.000960209673004491
PAH,0.013417249,14,0.0009583749010094575
FXYD4,0.013409515,11,0.0012190468101338906
DEFB1,0.0134067945,7,0.0019152563597474778
RPS29,0.013390032,30,0.0004463343881070614
LRRC7,0.013386314,18,0.0007436841001941098
DCTD,0.013365982,14,0.0009547130071691104
RAB3IP,0.013364449,11,0.0012149499221281571
FABP1,0.013353736,18,0.0007418742299907737
PRL,0.01333475,26,0.0005128750076087621
PTGDR,0.013328018,21,0.0006346675079493295
SOCS5,0.013322638,11,0.0012111489407040856
TRMT112,0.013320755,13,0.0010246734779614669
ECHS1,0.01331399,88,0.0001512953418899666
DTX1,0.013299414,10,0.0013299413956701755
DRD2,0.013269365,27,0.0004914579568085847
TSC2,0.0132581,68,0.00019497205229366526
C2,0.0132546695,18,0.0007363705274959406
PLA2G2A,0.01325193,33,0.0004015736225428003
F2RL1,0.013235448,11,0.0012032225389372218
CBSL,0.013232468,29,0.0004562919895196783
RAC2,0.013224143,73,0.0001811526384051532
C3,0.013203779,55,0.00024006871337240392
ABCG2,0.013179286,26,0.0005068956301189386
PRKCE,0.0131743075,67,0.00019663145571057475
GABRB2,0.0131542515,16,0.0008221407188102603
H2BC5,0.013141012,88,0.0001493296797641299
BLVRA,0.0131386295,16,0.0008211643435060978
SLC5A8,0.013135685,13,0.0010104372810858947
ACO1,0.013111633,15,0.0008741088832418124
MC2R,0.013093253,21,0.0006234882222045036
MAP2K5,0.013084948,38,0.0003443407384972823
RPN1,0.013079548,11,0.0011890498413281007
MRPS11,0.013054727,7,0.0018649609493357794
ITSN2,0.013044922,7,0.0018635602401835577
RPS6KA1,0.013030159,103,0.0001265064008461619
GADD45A,0.013010995,64,0.00020329680410213768
GNA12,0.012994956,36,0.00036097100625435513
MAD1L1,0.012988762,26,0.0004995677691812699
SGK2,0.012982354,7,0.0018546219382967269
TNRC6B,0.01297698,31,0.00041861225280069537
NCAM1,0.012975847,23,0.0005641672760248184
NDC1,0.012969586,56,0.00023159975119467293
ASB4,0.012943991,7,0.001849141637129443
WAPL,0.012917085,12,0.0010764237182835739
SLC6A1,0.012903303,16,0.0008064564317464828
ERP29,0.012902292,14,0.0009215923159250192
CYP2F1,0.012902143,19,0.0006790601795441226
TMED10,0.012892584,15,0.0008595056210954984
RAB26,0.012882485,3,0.004294161684811115
UGT2B10,0.012871529,28,0.00045969746341662746
TUBAL3,0.012870245,27,0.00047667572895685834
COX7C,0.012856185,27,0.0004761550161573622
STX18,0.012848509,7,0.0018355012206094606
APIP,0.012842618,14,0.0009173298520701272
EPHX1,0.012834473,18,0.0007130262545413441
TANK,0.012827137,24,0.0005344640230759978
SULT1E1,0.012825062,16,0.0008015663479454815
FOLH1,0.012814218,7,0.0018306025969130652
CRNKL1,0.012788241,5,0.0025576481595635412
XCL1,0.012780054,12,0.0010650044617553551
RPS14,0.012773973,33,0.0003870900889689272
MAML2,0.012772045,37,0.0003451904080606796
GHSR,0.012764897,13,0.0009819151690373053
MTHFR,0.012751906,29,0.000439720902720402
SLC1A1,0.012721398,41,0.0003102779979022538
PER2,0.012714754,8,0.0015893442323431373
SOD2,0.012698167,32,0.0003968177188653499
MRPL42,0.012658072,6,0.0021096786173681417
LPL,0.01263597,36,0.0003509991543574466
EPS15L1,0.012614416,10,0.0012614415958523751
EIF3H,0.012592996,16,0.0007870622212067246
TLL2,0.012586803,8,0.001573350396938622
BBS4,0.012570871,9,0.001396763448913892
HIBADH,0.012562847,25,0.0005025138705968857
SLC38A1,0.012557075,18,0.0006976152977181806
RPL5,0.012522399,28,0.0004472285509109497
CCL22,0.012499715,11,0.001136337745596062
ANXA2,0.012496806,11,0.0011360732499848712
CCL17,0.012495467,13,0.0009611898030226047
UGT2B28,0.012484897,21,0.0005945189013367607
IRF6,0.012476314,11,0.0011342103508385744
ACSL3,0.012474781,39,0.0003198661769811924
SC5D,0.012474463,41,0.0003042552029577697
SGMS2,0.012462747,9,0.0013847496981422107
EXO1,0.012461059,28,0.0004450378141232899
TNKS2,0.012437389,17,0.0007316111313069568
DGKQ,0.012428505,13,0.0009560388727830007
FOLR2,0.012404967,9,0.001378329677714242
CTSL,0.012396838,36,0.0003443565995742877
MAG,0.0123950215,17,0.0007291189120972858
ITPK1,0.012357533,15,0.000823835531870524
SLC6A5,0.012354892,7,0.0017649845353194646
CCKAR,0.012334557,13,0.0009488120961647767
PLA2G4C,0.012322117,37,0.00033303017954568605
ATF3,0.012321153,16,0.0007700720452703536
MAPK11,0.012278211,176,6.976256422190504e-05
WDR19,0.012277717,9,0.001364190752307574
DNM2,0.012270559,48,0.0002556366380304098
PAPSS1,0.012254827,21,0.0005835631773585365
FCN1,0.012226097,9,0.0013584552539719476
SUCLA2,0.012189282,9,0.0013543646782636642
SLC26A4,0.01218168,8,0.001522709964774549
NUMB,0.012168534,22,0.0005531151863661679
ERBB3,0.012147521,49,0.0002479085850776458
PLK1,0.0121428305,66,0.00018398228073210427
RPE65,0.012129712,10,0.0012129711918532847
HCLS1,0.012106785,11,0.0011006167835809968
ORAI2,0.012103646,12,0.0010086371718595426
SLC38A3,0.012100448,11,0.0011000407182357528
PREX1,0.012093467,25,0.00048373866826295853
TRAPPC4,0.0120924665,14,0.0008637476047234875
WHAMM,0.0120888855,6,0.0020148142551382384
TRPC6,0.012085414,23,0.000525452763490055
TFAP2A,0.01207702,25,0.00048308078199625013
PEX5,0.0120702125,11,0.001097292046655308
IRS2,0.012069739,88,0.00013715612956068733
HLA-DRA,0.0120668495,58,0.00020804912943778368
XDH,0.012052373,42,0.00028696126260218166
CLASP2,0.0120257,23,0.0005228565195980279
DKK1,0.0119508365,36,0.0003319676810254653
FBXL7,0.011889331,12,0.0009907775868972142
LYN,0.011886077,113,0.00010518652213885721
ACSS3,0.011878113,15,0.0007918742174903552
FZD6,0.011877216,46,0.0002582003564938255
CBS,0.011876175,45,0.0002639150040017234
CPNE8,0.011869687,8,0.0014837108319625258
STAB2,0.01186767,8,0.0014834587927907705
COP1,0.011860787,14,0.0008471990669412273
FASLG,0.0118499305,92,0.00012880359249918357
EPN1,0.0118450895,14,0.0008460778210844312
GLYAT,0.011825767,12,0.0009854806121438742
TEK,0.011820903,23,0.0005139523064312727
CXCL13,0.01181727,15,0.0007878179972370465
SH3GL2,0.011815146,34,0.0003475042826989118
MTMR6,0.011787381,8,0.0014734226278960705
NOTCH2,0.011783191,32,0.0003682247188407928
NCF4,0.011769733,32,0.000367804168490693
KLHL11,0.011760194,7,0.0016800276935100555
SLC2A11,0.011741182,7,0.0016773116907903127
KCNJ2,0.011713286,70,0.0001673326561493533
GCKR,0.011694313,7,0.0016706161467092378
TH,0.011681195,29,0.00040279983960348983
KDSR,0.011646568,16,0.0007279104902409017
TTN,0.011637616,9,0.0012930684412519138
SYT1,0.011628126,24,0.00048450524142632884
PLXNA1,0.011620514,14,0.0008300367210592542
SEC23A,0.011619665,16,0.0007262290455400944
MRPL33,0.011617952,7,0.0016597074323466846
CRY2,0.01160682,5,0.0023213639855384828
ABCG8,0.011588945,18,0.0006438302807509899
DHRS9,0.011579862,12,0.0009649884887039661
PFKP,0.011572623,23,0.0005031575084380481
ITPKA,0.011553856,13,0.0008887581240672332
NPR2,0.011539289,10,0.001153928879648447
CROT,0.011533319,12,0.0009611099182317654
SOAT1,0.011519284,33,0.0003490692117449009
CASP12,0.011507457,13,0.0008851890094005144
SDC2,0.011507281,40,0.0002876820275560021
MAPK4,0.011496153,17,0.000676244278164471
NEDD4L,0.011494985,32,0.0003592182765714824
MOCS3,0.0114943,6,0.0019157167213658492
NEURL1,0.011477789,19,0.0006040941531720914
TERF2IP,0.011453125,23,0.0004979619432402694
FMOD,0.011441473,8,0.0014301841147243977
PANK2,0.011437041,9,0.0012707823059625095
HDAC7,0.011390017,40,0.0002847504336386919
KIF20B,0.0113874795,9,0.0012652754990590943
SF3B4,0.0113848625,7,0.0016264089250138827
VAMP3,0.011377304,26,0.0004375886100416
REL,0.011369732,31,0.00036676555511451535
DLL3,0.0113543,22,0.0005161045542494817
SIKE1,0.011313904,7,0.0016162720109735215
ENPP1,0.011300333,22,0.0005136514929207889
COL4A1,0.0112978015,42,0.0002689952740357036
HES5,0.011287699,25,0.00045150797814130783
DEFB136,0.011284471,5,0.002256894111633301
MUC2,0.011283417,13,0.0008679551717180472
SLC15A2,0.0112821665,5,0.002256433293223381
MAPKAPK2,0.011277411,81,0.00013922729793890024
MAPKAPK3,0.011244569,48,0.00023426185362040997
CDC42EP1,0.011243747,11,0.001022158783267845
ALDH1L2,0.011238189,6,0.001873031569023927
H4C4,0.011227381,94,0.000119440227826225
HAO2,0.01122457,9,0.0012471744169791539
HTR5A,0.011215324,13,0.0008627171986378157
TRHR,0.011209734,11,0.0010190667076544328
WDR33,0.01120329,14,0.0008002349973789283
SDC1,0.011194445,37,0.00030255257277875334
NAA35,0.01118952,4,0.0027973800897598267
RUFY1,0.011158449,6,0.0018597414406637351
PARD6G,0.011153812,10,0.00111538115888834
FNBP1L,0.011152958,10,0.0011152957566082477
PLXNA4,0.011130028,14,0.000795002028878246
PHKG2,0.011125374,8,0.0013906717067584395
ARHGAP42,0.011125207,10,0.001112520694732666
AHCYL1,0.011097094,12,0.0009247578370074431
GPC1,0.011096286,26,0.00042678021754209814
SFRP2,0.011088579,11,0.0010080526328899643
FCN2,0.011086836,8,0.0013858545571565628
PIP4K2A,0.011086152,31,0.00035761780436000516
LCK,0.011074027,114,9.714058812773019e-05
CYTH3,0.011068682,14,0.0007906201561646802
SKA1,0.011065836,18,0.0006147686702509721
PAX8,0.011037646,6,0.0018396076435844104
EIF3F,0.011034552,15,0.0007356368005275726
ADCYAP1R1,0.0110189635,25,0.00044075854122638703
MX1,0.011000316,13,0.0008461781275960115
STK38,0.010992557,8,0.0013740696012973785
CAND1,0.010986407,9,0.0012207119208243159
ATP8B2,0.01098213,7,0.0015688756746905191
THRB,0.010980485,18,0.0006100269448426035
TRIB3,0.010976057,23,0.00047721985079672027
RGS9,0.010971041,25,0.0004388416558504105
ERBB4,0.010953484,52,0.0002106439250593002
LIN7A,0.010948199,9,0.0012164665386080742
MED16,0.010933625,6,0.001822270763417085
CPN1,0.010929589,7,0.0015613698799695288
AKAP13,0.010917227,22,0.0004962375810877843
MTMR2,0.010915624,12,0.0009096353314816952
COG3,0.010913766,11,0.0009921605444767258
ARHGAP33,0.010911481,8,0.0013639351818710566
LAMC2,0.010911209,31,0.0003519744702404545
PTCH1,0.0108921705,28,0.00038900608862085003
CHP1,0.010884113,9,0.0012093458531631364
OSBP,0.010874612,5,0.002174922451376915
ARHGAP45,0.01087145,10,0.0010871450416743756
TRRAP,0.010863486,19,0.0005717624076887181
ATG12,0.010854711,21,0.0005168909916565532
RNF40,0.010852192,5,0.0021704383194446563
SRSF6,0.010848426,14,0.0007748875900038651
POLR1A,0.010842719,16,0.0006776699447073042
KIF5A,0.010835842,23,0.00047112357519243074
SLC22A3,0.010835841,13,0.0008335262537002563
NOG,0.010832518,14,0.0007737513099397932
MYL7,0.010831193,8,0.0013538991333916783
E2F8,0.010818227,7,0.0015454610277499472
MARK3,0.010812483,17,0.0006360283998005531
MRPS21,0.010797281,7,0.0015424686883177077
XCL2,0.01078625,11,0.0009805682030591097
SRSF3,0.010784085,14,0.0007702917791903019
PDGFB,0.010776238,76,0.0001417925997980331
UQCR10,0.0107588945,18,0.0005977163608703348
NPY,0.010757802,25,0.00043031208217144014
ACOT12,0.010751672,12,0.000895972674091657
PRKG1,0.010747344,34,0.00031609835979693076
VARS1,0.010742543,8,0.0013428179081529379
SLC28A1,0.010723039,10,0.0010723038576543331
NDUFS2,0.010719197,21,0.0005104379462344306
PTPN22,0.010716436,6,0.001786072738468647
EDEM2,0.010703194,7,0.001529027707874775
TNC,0.0106991995,25,0.00042796798050403595
NT5C1A,0.010678931,13,0.0008214562414930417
CDK2,0.010674552,128,8.339493797393516e-05
CNDP1,0.010670634,12,0.000889219498882691
AP4B1,0.010665106,6,0.0017775176092982292
GSTA3,0.010662576,17,0.0006272103637456894
GRIK1,0.010661721,9,0.0011846356921725804
NTPCR,0.010653574,7,0.0015219391456672124
UROC1,0.010642772,7,0.0015203959441610745
PDE1C,0.010639068,22,0.0004835939881476489
FAN1,0.010634268,6,0.0017723779504497845
MMAA,0.010631659,8,0.0013289573835209012
GPR39,0.01063121,14,0.0007593721550490175
SUMO3,0.010628171,23,0.00046209440283153367
UBE2Q2,0.01061954,9,0.001179948863055971
GBP4,0.010619481,5,0.0021238962188363077
GALNT2,0.010609775,14,0.0007578410607363496
HRH1,0.010602525,14,0.0007573232453848634
CDCA8,0.010599561,19,0.000557871633454373
CYP4F22,0.010585096,16,0.00066156848333776
MAPK12,0.010563698,110,9.603361514481632e-05
FCGR3B,0.010562455,16,0.0006601534551009536
USO1,0.010559689,15,0.0007039792835712433
TNFAIP3,0.010554369,34,0.00031042260610881974
CCL3L3,0.010552509,14,0.0007537506254655975
DNAJC6,0.010551097,7,0.0015072995530707495
RNF123,0.010546188,8,0.001318273483775556
CD2BP2,0.0105418805,6,0.0017569800838828087
CDH10,0.010531545,6,0.0017552574475606282
MRPS5,0.010530117,7,0.001504302423979555
ITGAL,0.010513638,34,0.00030922465135945995
GLP2R,0.010510435,15,0.0007006956885258357
ADRA1A,0.010500849,76,0.00013816906874509235
CD209,0.010494281,11,0.0009540255096825687
ARHGAP28,0.010484873,5,0.0020969746634364127
GDF7,0.010484737,13,0.0008065182572373977
IFIH1,0.010482734,26,0.00040318207958569896
MRPL19,0.010481086,8,0.0013101357035338879
C4BPB,0.0104644215,7,0.0014949173533490726
SSTR1,0.010460704,13,0.000804669510286588
ANGPT4,0.010459886,12,0.0008716571610420942
GFRA1,0.01045065,19,0.0005500342108701405
CYP3A7-CYP3A51P,0.0104424665,25,0.00041769865900278093
PEAK1,0.010436556,6,0.0017394260503351688
DCTPP1,0.010411987,5,0.0020823974162340166
TCF4,0.010411724,20,0.000520586222410202
RPL21,0.01041153,26,0.0004004434539148441
ARHGAP25,0.010403119,5,0.0020806238055229185
STAT1,0.010401883,170,6.118754801504752e-05
YAF2,0.010398175,6,0.0017330291060109932
SLC26A1,0.01039562,12,0.0008663016681869825
CNOT10,0.010390205,11,0.0009445641189813614
HSD17B4,0.01038911,44,0.00023611613803289154
EDN3,0.0103738345,18,0.0005763241400321325
OAZ1,0.0103646405,6,0.0017274400840202968
CHERP,0.010360841,5,0.00207216814160347
AXIN1,0.01035609,71,0.00014586042297977796
VRK1,0.010354331,9,0.0011504811959134208
RPTOR,0.010341282,56,0.0001846657500469259
HYAL1,0.010340744,10,0.001034074369817972
FYB1,0.010338021,12,0.0008615017868578434
NTRK3,0.01033077,18,0.0005739316758182314
RPS6KA4,0.0103287455,14,0.0007377675335322108
HSPA6,0.010327589,24,0.0004303161986172199
AKR1D1,0.010323998,37,0.00027902696180988004
SMUG1,0.010310825,11,0.0009373477236791091
MMUT,0.0103035,39,0.00026419231047232944
DDHD1,0.010302238,5,0.002060447633266449
RBCK1,0.010300795,14,0.0007357710440243993
MADD,0.010295014,17,0.0006055890527718208
CHRNA5,0.010272025,10,0.0010272025130689145
RAB32,0.010269376,7,0.0014670537784695625
DGKI,0.010268585,13,0.0007898911403921935
AGAP2,0.010259932,11,0.0009327210824597965
POU5F1,0.010250381,15,0.0006833587462703387
GLYATL3,0.01023953,7,0.0014627900506768907
SULT1C4,0.010234872,6,0.0017058119798700015
CD274,0.010233657,8,0.0012792071793228388
IL3,0.010228271,47,0.00021762278010236457
LCLAT1,0.010203466,10,0.0010203465819358826
CRYBA4,0.010194781,7,0.001456397319478648
WARS1,0.010188433,11,0.000926221212880178
NCOA2,0.010180933,49,0.00020777415104058323
APH1B,0.01017973,37,0.0002751278414114102
SNAI2,0.010178591,18,0.0005654772847063012
GJA1,0.010173476,36,0.0002825965639203787
BMP6,0.010167696,19,0.0005351418727322629
CENPF,0.010159288,24,0.00042330365007122356
IL4R,0.010153665,28,0.00036263090026165756
MCM7,0.010151589,27,0.00037598478849287385
C7,0.010147263,17,0.0005968978409381473
EIF3E,0.0101384595,16,0.0006336537189781666
ST6GALNAC2,0.010125261,17,0.0005956035764778362
PDGFC,0.010123109,20,0.0005061554722487927
SNAPC3,0.010116209,7,0.0014451727537172182
CD33,0.010114812,6,0.0016858020486931007
FERMT3,0.010082884,6,0.0016804806267221768
RRAGD,0.010071848,24,0.0004196603161593278
RIT1,0.01005994,9,0.0011177710774872038
SIRT5,0.010055785,7,0.0014365407239113534
ADSS2,0.010034276,30,0.000334475872417291
SLC36A1,0.0100262975,11,0.0009114815938201817
PPA2,0.010021968,7,0.0014317096876246588
PACS1,0.010012532,7,0.001430361664720944
PLPPR3,0.010011613,6,0.0016686022281646729
SLC7A5,0.01000874,44,0.00022747136906466702
GLO1,0.0100084385,13,0.0007698798838716287
SMARCE1,0.009978204,20,0.0004989102017134428
CAMK1G,0.00997407,5,0.0019948139786720278
HAO1,0.009968668,8,0.001246083527803421
NET1,0.009951186,15,0.000663412424425284
FUCA2,0.009943062,9,0.0011047847155067655
C5,0.009939096,31,0.00032061599795856784
TFF3,0.009926522,7,0.00141807459294796
GSTA4,0.009906657,17,0.0005827445317717159
IL1R1,0.009900548,46,0.00021522929487021074
SKI,0.009881813,21,0.00047056252757708233
CR1,0.009866229,20,0.0004933114629238844
TUBGCP5,0.009854496,11,0.0008958633142438802
TNRC6C,0.009847592,32,0.0003077372384723276
SLC19A1,0.009809412,10,0.0009809412062168122
NOS2,0.009808931,58,0.00016911949255856974
B4GALT6,0.009801072,23,0.00042613356819619304
CYP1B1,0.009796362,38,0.0002577990097434897
OSMR,0.009778524,17,0.000575207283391672
NTRK2,0.0097645875,39,0.00025037403863209946
TEAD1,0.009763199,19,0.0005138525739312172
CDH17,0.0097629065,7,0.001394700924200671
RASSF1,0.009762342,12,0.0008135285073270401
SMAD7,0.009751124,39,0.0002500288283977753
HTR3E,0.009741957,5,0.0019483914598822593
CETP,0.009740758,14,0.000695768411138228
GRM3,0.009739398,18,0.0005410776680542363
SLC19A3,0.009736095,7,0.0013908706605434418
FGD2,0.009732705,12,0.0008110587174693743
DHCR24,0.009714231,37,0.0002625467809470924
LPCAT1,0.00970774,13,0.0007467491982074884
POU4F2,0.009703643,8,0.001212955336086452
UTS2B,0.009694435,8,0.001211804337799549
CTPS1,0.009692813,18,0.000538489626099666
RETSAT,0.0096895285,10,0.0009689528495073318
ACER2,0.00968162,8,0.0012102024629712105
ARHGEF25,0.009674666,15,0.0006449777632951736
ST3GAL1,0.009667014,31,0.0003118391539300642
KLHL25,0.009666725,7,0.0013809607231191226
IL33,0.00965197,15,0.0006434646745522817
SLC22A1,0.009647306,20,0.00048236530274152755
OAS3,0.009646,16,0.0006028750212863088
ADRB1,0.009628035,78,0.00012343634779636675
BRD7,0.009617524,7,0.0013739320316484996
ENTPD5,0.0096173715,32,0.0003005428588949144
GBP2,0.009605609,6,0.001600934813419978
CA2,0.009596469,13,0.0007381899139055839
ALK,0.009582653,32,0.0002994578971993178
LIFR,0.009570205,24,0.0003987585272019108
CDK13,0.009561847,8,0.0011952308705076575
IGF2R,0.009560327,14,0.0006828805032585349
THRA,0.009553699,19,0.0005028262538345237
CYP2W1,0.009544343,9,0.0010604825284745959
CLDN18,0.009541679,10,0.0009541679173707962
CDC27,0.009521838,44,0.00021640541539950803
PDE4D,0.009520097,35,0.00027200276298182353
FBXW7,0.009517366,38,0.000250457001751975
CALCA,0.009501037,24,0.0003958765494947632
MMP24,0.009482269,5,0.0018964538350701333
ATIC,0.009482107,28,0.00033864668304366726
CLDN24,0.009471613,6,0.001578602163741986
CACNG2,0.009455124,18,0.0005252846620149083
FMO1,0.009454743,12,0.000787895250444611
RGS5,0.009434448,13,0.0007257267402914854
RRAGC,0.0094246855,24,0.0003926952291900913
ALDH1A2,0.009418688,18,0.0005232604323989815
CDK6,0.009415674,74,0.00012723883815311097
YKT6,0.009411998,21,0.00044819038538705734
EFNA1,0.009405991,18,0.0005225550590289964
DLK1,0.00939932,9,0.0010443688887688848
IDUA,0.009395157,11,0.000854105180637403
CNEP1R1,0.009394238,6,0.0015657062952717145
PPCDC,0.009379364,8,0.001172420452348888
ARHGAP23,0.00937623,6,0.0015627049530545871
GPD2,0.009368968,19,0.0004931035892743813
IL1RN,0.00935713,12,0.0007797608462472757
STX1B,0.009354631,10,0.0009354631416499615
DAAM1,0.009353685,19,0.0004922992206717792
TENT4A,0.00934485,8,0.0011681062169373035
AGPAT4,0.009344574,12,0.0007787145053346952
MTHFD1L,0.009313356,15,0.0006208904087543488
SULT1B1,0.00931176,6,0.00155195997407039
RALBP1,0.009309946,26,0.0003580748318479611
FBP1,0.009296628,30,0.00030988759050766627
KDM3A,0.009294557,13,0.000714965952703586
LRP2,0.009293418,18,0.0005163010209798813
PSMB7,0.009282012,36,0.0002578336538539992
ELOVL4,0.009279537,10,0.0009279537014663219
PRCC,0.009272883,8,0.001159110339358449
UBAP1,0.009261046,12,0.0007717538004120191
FSTL3,0.009258327,8,0.0011572908842936158
MCU,0.009256738,12,0.0007713948531697193
SSTR3,0.009255764,15,0.000617050938308239
SLC27A3,0.009255282,7,0.0013221830927899905
FXYD6,0.009249363,10,0.0009249363094568253
TTC21B,0.009246693,9,0.0010274103325274256
PTPN5,0.00924611,4,0.00231152749620378
ZNF274,0.009242699,5,0.0018485397100448608
HEY1,0.009241952,30,0.0003080650543173154
TXN,0.009236527,59,0.0001565512995851242
FGF1,0.0092348205,105,8.795067135776792e-05
IL17A,0.009228928,19,0.0004857330534018968
ANGPT2,0.0092205405,15,0.0006147027015686035
AK3,0.009217831,14,0.0006584165218685355
EPHA1,0.009215547,9,0.0010239496413204405
B2M,0.009214857,35,0.0002632816189101764
HLA-DQB1,0.009203274,43,0.00021402962332548096
SH3RF1,0.0091955345,11,0.0008359576829455116
DDO,0.009178667,12,0.0007648889441043139
SEMA7A,0.009171618,6,0.0015286030247807503
HPGDS,0.009154124,18,0.0005085624547468291
CISH,0.009148175,22,0.0004158261316743764
RCN1,0.009121796,5,0.0018243592232465744
FANCF,0.009120601,8,0.001140075153671205
YEATS4,0.009120315,9,0.0010133683681488037
HPSE,0.009118837,12,0.0007599031087011099
USP8,0.009115901,21,0.0004340905163969312
GABRG2,0.009095835,17,0.0005350490922436994
CACNG3,0.00909294,17,0.0005348788245635875
TCF12,0.0090882685,13,0.0006990975771959012
SPRED1,0.009084386,13,0.0006987989092102417
MED25,0.009080847,5,0.0018161693587899208
PINK1,0.009080638,15,0.0006053758785128594
CFB,0.009074473,13,0.0006980363709422258
FBXW12,0.009057608,7,0.0012939440618668283
COL9A1,0.009052906,26,0.00034818869943802175
LRP6,0.0090491595,42,0.00021545617796835445
SLC2A7,0.009039714,7,0.001291387714445591
RBPJ,0.00903603,45,0.00020080065975586575
SLC2A12,0.009030437,8,0.001128804637119174
UBE2E1,0.009016417,48,0.00018784202014406523
SMARCA2,0.00900982,18,0.0005005455782843961
HHIP,0.009006182,13,0.0006927832101400082
BCL3,0.009001503,5,0.0018003005534410477
PELI2,0.00899346,24,0.0003747274943937858
FCGR2B,0.008992786,13,0.0006917527375312952
LAMB1,0.008991965,36,0.00024977680813107226
CHRNA1,0.008988474,13,0.0006914210434143359
GTF2A1,0.008975317,25,0.000359012670814991
GAB1,0.008969516,108,8.305107001905088e-05
MST1,0.008968559,12,0.0007473799244811138
RLBP1,0.008955137,6,0.0014925228121380012
FCGR3A,0.008952424,28,0.000319729426077434
CFI,0.0089348,8,0.001116849947720766
LEMD2,0.008934075,10,0.0008934075012803078
ASB13,0.008923955,7,0.0012748507516724722
FKBP9,0.008919195,4,0.0022297988180071115
NGEF,0.008918488,26,0.0003430187845459351
PRCP,0.008896307,8,0.001112038386054337
EXOC5,0.008895915,8,0.0011119893752038479
FMO3,0.008892955,16,0.0005558097036555409
BRD4,0.008883475,5,0.0017766950652003289
PIK3R5,0.008883129,41,0.00021666167985375334
SOCS7,0.008883057,4,0.0022207642905414104
CYB5A,0.008880352,7,0.0012686216671551978
NDUFV2,0.008867817,19,0.0004667272105028755
DERA,0.008864223,12,0.0007386852521449327
GLDC,0.008857916,17,0.0005210538887802293
KIR2DL1,0.008852778,6,0.0014754630004366238
CDK5R1,0.008838957,38,0.00023260413620032763
TULP4,0.008838556,3,0.002946185258527597
EPAS1,0.008822167,19,0.000464324594328278
SEC24D,0.008805311,17,0.0005179594873505481
IFT74,0.008795691,5,0.0017591381445527076
CYP24A1,0.008791488,21,0.000418642269713538
E2F6,0.008784267,5,0.001756853424012661
VAC14,0.008777087,12,0.0007314238852510849
TAF6,0.008776574,22,0.0003989351997998628
NDRG1,0.008771127,13,0.000674702083835235
IRAK3,0.008754529,7,0.0012506470084190369
ELF2,0.008752695,6,0.0014587825474639733
UTP25,0.008751435,4,0.0021878588013350964
NXT1,0.008743721,9,0.0009715245622727606
OPN5,0.008741318,7,0.0012487597497446196
GSN,0.008737953,26,0.0003360751299903943
DNM3,0.008730591,22,0.0003968450579453598
PTPRB,0.008717364,6,0.0014528939500451088
TFAP2C,0.008714514,17,0.00051261846195249
ARCN1,0.008713857,31,0.0002810921700250718
CCNA1,0.008697068,81,0.00010737121381141521
BAG5,0.008695999,4,0.0021739997901022434
MIR34AHG,0.008694684,2,0.004347342066466808
RPL30,0.008694288,28,0.0003105102971728359
SLC26A2,0.008679113,15,0.0005786075567205747
NRP1,0.008679109,22,0.00039450494064526123
HSD17B12,0.008670101,15,0.0005780067294836044
SKIV2L,0.008664891,8,0.0010831113904714584
HS3ST1,0.008661412,9,0.0009623790780703226
RORC,0.008649063,12,0.0007207552747180065
ITGB3,0.008643228,96,9.00336211392035e-05
OS9,0.00863933,20,0.00043196650221943855
FBXL19,0.008637585,7,0.0012339406779834203
CYB5R2,0.008629531,5,0.0017259061336517335
MUC4,0.008624304,9,0.0009582560095522138
RIPK2,0.008617309,60,0.00014362181536853313
HMGA2,0.008609758,10,0.0008609757758677005
SYT9,0.008606083,7,0.001229440394256796
GADL1,0.008602244,8,0.001075280481018126
IL2RB,0.0085981935,44,0.00019541348923336375
PRKN,0.00859244,27,0.0003182385116815567
GABRA5,0.008590635,15,0.0005727089941501617
GABRA6,0.008585109,13,0.0006603930288782486
JAG2,0.008580364,38,0.00022579906018156754
NMT1,0.008575492,13,0.0006596532005530137
SMURF1,0.008569459,39,0.0002197297289967537
MYO19,0.008569328,5,0.0017138656228780746
B9D2,0.008561121,23,0.00037222266521142876
RCHY1,0.008549499,14,0.0006106785232467311
MBD5,0.008541605,4,0.0021354013588279486
KRT27,0.0085320175,4,0.002133004367351532
AGXT2,0.008525684,15,0.0005683789029717445
OLA1,0.008520289,4,0.002130072331055999
TRIM27,0.008518264,15,0.0005678842465082804
ATP2A2,0.0085181445,80,0.0001064768061041832
CTBP2,0.008517978,16,0.0005323736113496125
HARS1,0.008516182,10,0.0008516182191669941
GPX6,0.008504165,17,0.0005002450197935104
SDCBP,0.008500001,23,0.00036956527796776396
GREB1,0.008494028,7,0.001213432555752141
ATP8B1,0.008485436,7,0.00121220520564488
MYO10,0.00848458,17,0.0004990929189850302
SLC1A7,0.008484297,11,0.000771299766545946
NEIL3,0.008479571,12,0.0007066309141616026
RNF146,0.008479166,12,0.0007065971537182728
SLC1A5,0.008475589,33,0.0002568360192306114
COL4A2,0.008470842,37,0.00022894166712019896
S100A7,0.008466175,7,0.0012094535465751375
NPHS1,0.008463262,6,0.001410543608168761
PRDM9,0.008462095,9,0.000940232744647397
ZDHHC21,0.008453339,7,0.0012076199054718018
GSTO1,0.008449732,20,0.0004224866162985563
GPX4,0.008444723,25,0.0003377889096736908
BCAT2,0.0084427325,13,0.0006494409619615629
DEFB123,0.0084378775,5,0.0016875755041837691
FSHR,0.008437672,26,0.0003245258345626868
CNTRL,0.008432666,22,0.00038330299271778625
CTR9,0.008426278,10,0.000842627789825201
CYTH1,0.0084206965,12,0.0007017247068385283
CYP2R1,0.008415752,14,0.0006011251493224076
ZNF25,0.008414397,4,0.00210359925404191
FCHO2,0.008414319,4,0.0021035796962678432
RUVBL2,0.008413921,8,0.0010517401387915015
STIM1,0.008413611,16,0.0005258506862446666
TPST2,0.00838389,7,0.001197698526084423
RAB23,0.008382986,7,0.0011975694713847978
BNIP3,0.008367747,9,0.000929749674267239
TUBGCP3,0.008358925,10,0.0008358924649655819
DEFB115,0.008344089,5,0.0016688177362084388
FBF1,0.0083364565,4,0.002084114123135805
MRPL51,0.008333449,6,0.0013889082086582978
EED,0.008327511,29,0.00028715555652462205
SEC24C,0.00832348,17,0.0004896164926535943
GLRA3,0.008313957,4,0.0020784891676157713
SLC39A14,0.008305143,11,0.0007550129666924477
SPTBN1,0.008299106,37,0.00022430015677535857
POLN,0.008296131,5,0.001659226231276989
CYP27C1,0.008295131,3,0.0027650436386466026
HIP1R,0.008290938,5,0.0016581876203417777
ME1,0.008286586,22,0.0003766630014235323
CSTF3,0.008273603,13,0.000636431030355967
ALPL,0.008266409,18,0.0004592449404299259
DOK4,0.008265985,5,0.0016531970351934433
ZNF154,0.008265503,4,0.0020663756877183914
PARK7,0.008243935,18,0.0004579963990383678
RUNX1,0.008237094,38,0.0002167656233436183
OR2Y1,0.008229404,3,0.002743134585519632
ZP3,0.008222302,4,0.002055575605481863
ARHGAP17,0.0082133785,13,0.0006317983453090375
GRIP1,0.008208073,11,0.0007461884313009002
SDHC,0.008203507,41,0.00020008554636705213
HLA-DMA,0.008200436,31,0.00026453019029671146
MRPL9,0.008195718,7,0.001170816831290722
BCL2L11,0.008190307,49,0.000167149119079113
TRIT1,0.008187675,4,0.0020469187293201685
PRC1,0.00818474,7,0.0011692486171211516
MIS18BP1,0.008183187,4,0.0020457967184484005
SNX5,0.008173415,6,0.0013622359062234561
ZNF713,0.008173224,4,0.0020433058962225914
OR1M1,0.008164216,3,0.0027214052776495614
CNGB1,0.008162358,16,0.0005101473652757704
GPR161,0.008125418,7,0.0011607739808303969
TNFRSF1B,0.008119564,22,0.00036907107145948845
ACTN1,0.008115598,42,0.00019322852382347699
ZNF212,0.008101045,4,0.002025261288508773
OR56B1,0.008084789,3,0.0026949296394983926
GBA3,0.008080653,5,0.0016161305829882622
HAAO,0.008073676,21,0.0003844607798826127
TNFSF13B,0.00806875,11,0.0007335226982831955
CDC42SE2,0.008063658,5,0.0016127316281199454
GNPAT,0.008056184,14,0.0005754417340670313
STON1,0.0080558015,4,0.002013950375840068
HLA-DOB,0.008049213,29,0.000277559080257498
NEDD1,0.008047729,16,0.000502983049955219
UCK2,0.008045417,10,0.0008045417256653309
FGF21,0.008034614,28,0.00028695049695670605
GAS2,0.008032916,7,0.0011475594448191778
GADD45G,0.008032551,36,0.00022312641764680544
AVPR1A,0.00803218,14,0.0005737271692071642
RPL18,0.008025873,26,0.0003086874404778847
DEFA5,0.008013388,8,0.0010016735177487135
FA2H,0.008004982,6,0.001334163670738538
IP6K3,0.008002541,8,0.0010003176284953952
MVB12B,0.008000365,13,0.0006154127275714508
HNF1A,0.007996443,13,0.0006151109790572753
RPL24,0.0079948,26,0.0003074923028739599
OR9G4,0.00799017,3,0.0026633900900681815
RBX1,0.007985167,101,7.906106143894762e-05
PPARD,0.007980393,30,0.0002660131081938744
PSMB9,0.007980067,27,0.00029555804751537463
HTR3A,0.007971206,6,0.0013285342914362748
DIO3,0.007954164,11,0.0007231058552861214
LY96,0.0079438565,40,0.00019859641324728727
COL16A1,0.007936088,9,0.0008817875964774026
FBXO11,0.007934196,8,0.0009917744901031256
CCL2,0.007927607,51,0.0001554432708550902
SIGLEC11,0.007921202,3,0.0026404007027546563
HLA-C,0.007912079,36,0.0002197799686756399
LYPLA1,0.007896096,11,0.0007178269496018237
RMI2,0.007883942,23,0.00034278007629125017
ASPG,0.00788317,4,0.0019707924220710993
YY1AP1,0.00787585,5,0.0015751700848340988
DHCR7,0.007866668,19,0.0004140351359781466
SMARCD3,0.007865991,21,0.0003745710211140769
NRG3,0.007864777,44,0.00017874493178996173
ACTR5,0.007852479,4,0.0019631197210401297
PRG3,0.007834915,4,0.0019587287679314613
SYNE3,0.007833746,1,0.007833746261894703
SCN3A,0.007831973,9,0.0008702192248569594
IL5,0.007828223,50,0.00015656445175409316
PDCD6IP,0.0078274235,13,0.0006021095009950491
CD46,0.007822975,8,0.0009778718231245875
DDAH2,0.007821134,4,0.001955283572897315
FGFBP1,0.0078137,8,0.000976712442934513
PRMT6,0.007813362,10,0.0007813362404704094
CTH,0.0078050443,46,0.00016967487602454165
IRS1,0.0077984217,112,6.962876484197165e-05
PDE8B,0.0077964454,11,0.0007087677632543174
HLA-DPA1,0.007791445,43,0.00018119639825335768
SLC25A2,0.0077870903,12,0.0006489241883779565
IL9,0.0077711456,21,0.0003700545501141321
PLEKHG3,0.007769768,9,0.0008633075695898798
HEYL,0.0077641066,16,0.0004852566635236144
SCN2B,0.0077625522,12,0.0006468793532500664
RTF1,0.0077592735,10,0.0007759273517876864
DUSP10,0.0077589788,12,0.0006465815628568331
POLD3,0.007757318,52,0.00014917919627175882
S100A7A,0.0077563655,5,0.0015512730926275254
PI3,0.0077518392,6,0.001291973205904166
PTPN12,0.0077255685,11,0.0007023244080218402
ASB18,0.007718493,7,0.0011026418900915555
ENTPD7,0.007716309,4,0.001929077203385532
GLI3,0.007714635,31,0.00024885920086695305
IL10RA,0.0077110557,20,0.00038555278442800047
NTNG2,0.007710675,5,0.0015421349555253983
TNN,0.0077080703,10,0.0007708070334047079
CXCR6,0.007707287,12,0.0006422739243134856
ATG2B,0.007698529,7,0.0010997898477528776
PLRG1,0.0076749325,5,0.0015349864959716796
FANCI,0.00767357,11,0.0006975972686301578
SPAM1,0.0076593687,7,0.0010941955260932446
FER,0.007652072,9,0.0008502301966978444
ACKR3,0.0076457583,15,0.000509717222303152
P4HA3,0.007642721,17,0.0004495718132923631
IYD,0.007639729,6,0.0012732881586998701
PKD2,0.0076389234,5,0.0015277846716344357
CASP5,0.007638774,6,0.0012731289801498253
CR2,0.007637068,14,0.0005455048688288246
BTG1,0.0076367212,8,0.0009545901557430625
SAR1B,0.0076241954,17,0.0004484820837045417
TTLL12,0.0076206904,3,0.0025402301301558814
CXXC4,0.0076113488,8,0.0009514185949228704
CACNA1B,0.0076096063,20,0.0003804803127422929
PPFIA2,0.0076093078,10,0.0007609307765960693
VAPB,0.0076019843,17,0.0004471755476997179
WFS1,0.007599,6,0.0012664999812841415
SOCS6,0.007595523,14,0.0005425373424908944
CPSF6,0.0075860126,7,0.001083716084914548
RARS1,0.007581902,11,0.0006892638365653428
FBXO5,0.0075780037,15,0.0005052002457280953
NPFFR2,0.0075768153,10,0.0007576815318316221
EVC2,0.0075722327,8,0.0009465290931984782
GCH1,0.0075597055,15,0.0005039803683757782
MLXIPL,0.007544284,11,0.0006858440200713547
MYLK4,0.00754147,10,0.0007541470229625701
IGFBP4,0.007530853,7,0.0010758361646107265
NOTCH4,0.0075159757,31,0.0002424508303163513
ACER3,0.007515527,11,0.0006832297129387206
KCNA4,0.007515218,5,0.0015030436217784882
CSF2RB,0.0075133564,32,0.00023479238734580576
PIK3C2G,0.007511645,22,0.0003414384131743149
ARHGEF28,0.00750429,16,0.0004690181231126189
AP1S3,0.007498324,17,0.00044107787749346564
HIPK1,0.0074918475,8,0.00093648093752563
TAS2R1,0.0074775596,7,0.001068222802132368
SNRPB2,0.0074740658,8,0.0009342582197859883
ACHE,0.0074708,20,0.0003735400037840009
GABBR1,0.0074695316,25,0.00029878126457333565
ADAMTS3,0.007462589,7,0.0010660841528858458
TRIM14,0.0074591087,4,0.0018647771794348955
PFAS,0.007458904,25,0.00029835615307092665
TRIM33,0.007455618,11,0.0006777834655209022
ESPN,0.007451166,4,0.0018627914832904935
SETD6,0.007448661,4,0.0018621652852743864
HLA-DQA2,0.0074468227,43,0.0001731819234961687
AMY2A,0.007438861,8,0.0009298576042056084
CPLX1,0.007435685,11,0.0006759713657877662
TNK2,0.007430678,6,0.0012384462946405013
MYLIP,0.0074277795,14,0.0005305556779993432
ELAVL1,0.007425722,17,0.0004368071882602047
GALNT12,0.0074249106,8,0.0009281138190999627
PABPC1,0.007424026,24,0.00030933440818140906
ACTR2,0.0074216635,44,0.00016867417037825692
MRPL28,0.0074145664,7,0.0010592237647090638
ALOX5AP,0.0074128695,14,0.0005294906773737498
RAP1A,0.007409502,96,7.718231063336134e-05
SAMHD1,0.007402242,8,0.0009252802701666951
RAB27A,0.0074017765,12,0.0006168147083371878
KALRN,0.0074004643,25,0.0002960185706615448
RHCG,0.0073939287,4,0.001848482177592814
MAPKAPK5,0.0073799705,24,0.00030749877138684195
SOCS1,0.0073707215,56,0.00013162002765706608
LGMN,0.0073704533,8,0.0009213066659867764
PDE7B,0.007364586,9,0.0008182873328526815
BAAT,0.007364458,37,0.00019903940375189523
RCAN2,0.0073580584,4,0.0018395145889371634
MTRR,0.0073430613,13,0.0005648508667945862
DEFB124,0.0073422696,5,0.0014684539288282394
GCNT4,0.0073348484,6,0.0012224747333675623
ATP6V1A,0.007326593,29,0.0002526411433415166
FRK,0.0073048244,9,0.0008116471581161022
CARD8,0.007301094,9,0.0008112326678302553
DPM3,0.007294479,9,0.0008104976473583116
YPEL5,0.0072940993,4,0.001823524828068912
GPC5,0.0072931866,18,0.0004051770342306958
COQ2,0.007288917,10,0.00072889169678092
RGS10,0.007285504,13,0.0005604233950949633
ELK3,0.007277689,4,0.001819422235712409
TMEM132A,0.007276011,4,0.0018190027913078666
GBP5,0.0072596064,5,0.0014519212767481805
GPHN,0.0072503253,11,0.0006591204807839611
SRP9,0.007247294,5,0.0014494587667286396
NAGLU,0.0072390046,8,0.0009048755746334791
SLC15A3,0.0072381906,4,0.0018095476552844048
SYS1,0.007234173,4,0.001808543223887682
MARCKS,0.0072229113,8,0.0009028639178723097
PRXL2B,0.0072209085,48,0.00015043559445378682
MIRLET7I,0.0072205462,5,0.0014441092498600483
GNA15,0.007219889,46,0.0001569541130700837
RLN2,0.007206788,16,0.00045042423880659044
PHIP,0.007205253,6,0.0012008755002170801
NDST3,0.007202113,9,0.0008002347830269071
KLK8,0.0071991985,4,0.0017997996183112264
WNT3,0.0071987133,46,0.00015649376639529416
CHRM3,0.007194449,43,0.000167312771948271
KCNAB2,0.007193219,7,0.0010276027023792267
OTUB2,0.007185733,4,0.001796433236449957
ST6GALNAC5,0.007177943,8,0.000897242862265557
OXSM,0.0071688397,5,0.0014337679371237756
NOS1,0.0071666054,53,0.00013521897061815802
DCTN5,0.0071622855,16,0.0004476428439375013
MFGE8,0.0071594743,10,0.0007159474305808544
OTUD3,0.007151501,9,0.0007946111986206637
GPCPD1,0.007151221,8,0.0008939026156440377
FGFBP2,0.0071413154,6,0.0011902192297081153
TACC3,0.007139343,9,0.000793260315226184
KLK5,0.0071194437,3,0.0023731479110817113
UNC13B,0.0071174763,13,0.0005474981780235583
ACOX2,0.007116328,37,0.00019233318901545294
CHURC1-FNTB,0.0071102194,9,0.0007900243832005395
ACAN,0.007107322,12,0.0005922768420229355
HLA-B,0.0070997356,37,0.00019188474461033538
CRTAP,0.0070957653,4,0.0017739413306117058
PPT1,0.0070938584,8,0.0008867323049344122
IL36G,0.007091261,7,0.001013037282973528
LIPC,0.00708557,16,0.0004428481333889067
ART1,0.0070814043,6,0.0011802340547243755
DEK,0.0070793848,10,0.0007079384755343199
KRT38,0.0070714056,5,0.0014142811298370362
GM2A,0.007057286,9,0.0007841428741812706
SLIT1,0.0070456197,11,0.0006405108777636832
ENPP3,0.0070410674,13,0.0005416205654350611
TACR3,0.0070347725,11,0.0006395247764885426
OR5L1,0.007034051,3,0.0023446837440133095
AHR,0.007027768,16,0.0004392355040181428
LMBRD1,0.0070257853,5,0.0014051570557057857
PDHA2,0.0070157303,21,0.0003340823930643854
MBOAT1,0.0070127407,11,0.0006375218826261433
RAB3IL1,0.0070054675,5,0.0014010935090482235
IL13,0.0069949105,34,0.00020573266288813422
IL4I1,0.0069903447,29,0.00024104636997498315
RELN,0.006979619,16,0.000436226197052747
NAMPT,0.006969732,18,0.0003872073462439908
CD8A,0.00696855,19,0.00036676578517807156
TBC1D4,0.0069641224,11,0.0006331020373512398
UQCRFS1,0.0069594355,18,0.00038663530722260475
IL12RB1,0.0069574467,24,0.0002898936121103664
TLE3,0.0069563584,17,0.00040919755530707976
TNFRSF11A,0.006955435,16,0.00043471468961797655
ARHGEF10L,0.006955005,15,0.00046366701523462933
CD36,0.0069505493,45,0.0001544566514591376
HIF3A,0.0069501386,10,0.0006950138602405786
CBLL1,0.006946969,5,0.0013893937692046165
SRGAP2,0.00694568,18,0.0003858711053099897
NPTN,0.0069408696,4,0.0017352174036204815
CLEC4E,0.0069373385,6,0.0011562230841567118
TP63,0.0069333203,27,0.00025678964124785527
MCOLN2,0.0069291927,5,0.0013858385384082795
VDR,0.006926635,38,0.0001822798635418478
DAP3,0.006925533,7,0.0009893618657120637
SEMA3E,0.00692087,8,0.0008651087409816682
PXMP4,0.006913651,3,0.0023045502603054047
SEPSECS,0.0068946574,7,0.0009849510554756438
CALML6,0.006890267,46,0.00014978841595027757
DKK2,0.006886574,19,0.00036245126179174374
PROK1,0.0068829977,7,0.000983285385050944
ANXA1,0.006882367,17,0.00040484512882197607
SLC22A11,0.0068766484,6,0.0011461080672840278
PIM1,0.0068741203,14,0.0004910085948982409
TUFM,0.0068703433,6,0.0011450572249790032
CLEC7A,0.0068673696,8,0.000858421204611659
TACR1,0.0068672393,18,0.00038151329176293477
SETD3,0.006855186,4,0.0017137965187430382
LCN9,0.006853337,4,0.0017133342335000634
TACR2,0.0068344725,11,0.0006213156845081936
RYR3,0.006826493,21,0.0003250710932271821
FZD10,0.0068260604,36,0.00018961278773430322
CBX6,0.0068250336,14,0.00048750239823545726
ZNF771,0.0068214266,3,0.0022738088543216386
USP15,0.0068153664,11,0.0006195787679065357
ALDH18A1,0.006811845,8,0.000851480639539659
ATF6,0.0068094293,15,0.000453961951037248
CRLF1,0.0068027717,6,0.0011337952843556802
PTPRS,0.0068019764,6,0.0011336627261092265
PLEC,0.006794691,14,0.00048533507755824497
ACTA2,0.006793784,14,0.00048527028411626816
SPRR2G,0.006792564,3,0.002264187981685003
STXBP2,0.0067910235,6,0.0011318372562527657
CXCL11,0.0067879898,18,0.0003771105419016547
STOM,0.0067738844,20,0.0003386942204087973
PEX14,0.006768481,12,0.0005640400728831688
TAB1,0.0067674825,106,6.38441744980947e-05
RIC1,0.006766857,7,0.0009666938733841692
TAP1,0.0067557185,19,0.00035556413135246227
HCRTR1,0.006753806,11,0.0006139823658899827
ITGB8,0.006750217,22,0.0003068280533294786
RGS6,0.006745837,16,0.00042161482269875705
PHF20,0.0067450786,10,0.0006745078600943089
DAB2,0.0067417617,16,0.0004213601059745997
CLEC4G,0.006738237,4,0.0016845592763274908
SALL4,0.00673762,10,0.000673762010410428
GUCA1B,0.006737579,7,0.000962511303701571
CLDN8,0.00673117,10,0.0006731170229613781
CCR7,0.0067288126,16,0.00042055078665725887
IL1F10,0.0067275553,7,0.0009610793287200588
SELENOS,0.0067216805,6,0.0011202800863732894
MAN1A1,0.0067183296,15,0.00044788864130775133
SV2C,0.0067163575,8,0.0008395446930080652
NBEA,0.0067147072,22,0.00030521396547555923
FAM20B,0.006711703,14,0.0004794073424168995
LRPPRC,0.006711091,4,0.0016777727287262678
PRIM2,0.006707243,30,0.00022357477185626826
CNR1,0.0067048757,20,0.00033524378668516876
FBXW2,0.006697417,11,0.0006088560701093891
SCNN1D,0.006692886,31,0.00021589954473799275
NUBPL,0.006689328,6,0.0011148879614969094
PTCD3,0.006688243,6,0.001114707129697005
WNT9B,0.0066874907,34,0.00019669090397655964
ENG,0.006685696,7,0.0009550994395145348
BST1,0.006684269,17,0.00039319228380918503
AK4,0.0066829887,11,0.0006075444292615761
PEX13,0.0066809794,12,0.0005567482827852169
F12,0.0066765253,36,0.00018545903731137514
PRKCQ,0.0066743935,85,7.852227700983776e-05
CORO1A,0.006661106,9,0.0007401228778892093
HAUS6,0.006660248,16,0.00041626550955697894
TOM1,0.0066555073,5,0.0013311014510691166
LGALS1,0.0066522816,6,0.0011087136032680671
EDC3,0.0066460012,4,0.0016615003114566207
ACTR3C,0.0066423225,9,0.0007380358357396391
QKI,0.006641828,6,0.0011069713315616052
SP3,0.0066387784,12,0.0005532315311332544
KIF26A,0.0066383393,8,0.0008297924068756402
CYP3A43,0.0066323467,20,0.0003316173329949379
RAB6B,0.006631521,12,0.0005526267535363635
LCE1D,0.0066283164,4,0.0016570790903642774
CNTNAP1,0.0066197193,6,0.001103286553795139
OR10W1,0.006619354,3,0.0022064512595534325
SLC1A4,0.0066156695,18,0.0003675371925863955
RNF220,0.0066085136,4,0.0016521284123882651
UAP1,0.0066076424,15,0.0004405094931523005
SEC16B,0.006589959,8,0.0008237448637373745
ADAM12,0.006589301,9,0.0007321445478333367
UGT8,0.0065884874,15,0.0004392324946820736
TECRL,0.0065880143,5,0.0013176028616726399
IZUMO1R,0.0065619177,5,0.0013123835436999799
CD80,0.0065602306,50,0.00013120461255311966
OR6B2,0.0065557105,3,0.0021852368178466954
CKM,0.006552977,7,0.0009361395745405129
CHST3,0.0065468475,10,0.0006546847522258759
SEMA5A,0.006546745,10,0.0006546745076775551
KCNK6,0.006526051,7,0.0009322930127382278
ZNF671,0.0065236688,4,0.0016309171915054321
ANP32A,0.006520804,6,0.0010868006696303685
SMC6,0.0065205093,5,0.001304101850837469
LY6G6F,0.0065113725,4,0.00162784312851727
ADAMTS16,0.0065105907,6,0.001085098444794615
OR8A1,0.006505484,3,0.0021684947423636913
SNTB1,0.0065047806,51,0.00012754471789972455
LGR5,0.0064963787,5,0.0012992757372558116
UVSSA,0.0064947656,6,0.001082460939263304
DDC,0.0064934962,41,0.00015837795714416155
DYNC2I1,0.0064864056,8,0.0008108007023110986
NEO1,0.006485,10,0.0006484999787062407
CHST11,0.006482834,15,0.00043218893309434253
BATF3,0.006480965,5,0.001296192966401577
ADRA1D,0.006476246,19,0.00034085504318538467
VANGL2,0.006472346,14,0.0004623104219457933
TAF2,0.0064722453,20,0.0003236122662201524
CMAS,0.0064721256,14,0.0004622946892465864
CHRNA7,0.006467681,16,0.00040423005702905357
MADCAM1,0.006467523,9,0.0007186136725876066
HSPA4L,0.006465044,5,0.0012930087745189668
GCLC,0.0064625884,42,0.00015387115334825858
MMP15,0.006455496,7,0.0009222137076514107
MIA3,0.006450136,11,0.0005863760174675422
PPP6R3,0.006446737,13,0.0004959028357496628
B4GALT5,0.0064422325,15,0.00042948216820756595
CD109,0.006438688,7,0.000919812558484929
SYDE2,0.0064361924,5,0.0012872384861111641
IL18R1,0.006425278,19,0.0003381725155601376
SETD7,0.006419494,10,0.0006419493816792965
ABCB4,0.0063969237,9,0.0007107692977620496
H4-16,0.0063887425,95,6.72499208073867e-05
CCND2,0.006387037,52,0.00012282763894360798
NLN,0.006385881,6,0.0010643134980152051
ZNF746,0.0063806437,4,0.00159516092389822
TBPL2,0.0063739824,6,0.0010623304018129904
ACVR1,0.006371896,15,0.00042479305217663446
SLC25A13,0.006371222,11,0.0005792019973424348
NRBF2,0.006368038,10,0.0006368037778884172
ALDH2,0.006365322,90,7.072580046951771e-05
IL7R,0.0063636983,29,0.0002194378717706121
ST8SIA2,0.006362963,15,0.00042419753347833954
SV2B,0.006356578,9,0.000706286428289281
RNF43,0.0063562575,6,0.0010593762466063101
HLA-DOA,0.0063527874,29,0.00021906163350775325
HMGCLL1,0.0063416557,10,0.0006341655738651752
SH3D19,0.0063401735,4,0.001585043384693563
MFSD2A,0.006340056,5,0.00126801123842597
TCN2,0.006337783,8,0.0007922228542156518
SQSTM1,0.006337693,45,0.00014083762135770587
SCN11A,0.0063276505,8,0.0007909563137218356
SLC1A2,0.006323161,15,0.00042154407128691673
NIPSNAP2,0.006321734,6,0.001053622302909692
GOLGA5,0.0063192314,5,0.0012638462707400323
ZMAT3,0.0063185995,3,0.002106199817111095
SH2B3,0.00631859,17,0.0003716817728298552
ANKRD27,0.0063163443,4,0.0015790860634297132
FPR3,0.006312261,14,0.00045087577642074654
TMEM186,0.0063016512,5,0.0012603302486240864
TRIM3,0.006300463,4,0.0015751157188788056
SP100,0.006297874,12,0.0005248228165631493
EGR4,0.006293119,8,0.0007866398664191365
SAA4,0.0062911147,3,0.002097038241724173
TNFRSF8,0.0062874276,6,0.0010479046031832695
IL2RA,0.0062808804,55,0.00011419782584363763
CBLIF,0.006276091,6,0.0010460151825100183
CCL11,0.006275238,28,0.00022411564298506294
ARHGAP40,0.0062533366,6,0.0010422227593759696
GPD1L,0.006253143,7,0.0008933061201657568
LRP5,0.006249889,36,0.00017360802222457196
SCN9A,0.0062494087,9,0.0006943787448108196
NLRP4,0.006245806,7,0.0008922579831310681
DPYSL4,0.006243768,5,0.0012487536296248436
SMYD2,0.0062393667,12,0.0005199472264697155
IL1A,0.0062366277,80,7.795784622430802e-05
BABAM2,0.0062180627,17,0.00036576839492601505
GP1BA,0.006209061,18,0.0003449478341887395
SLC16A3,0.0062076696,16,0.00038797935121692717
PLEKHG1,0.006205732,6,0.0010342886671423912
LCE1F,0.0062048263,4,0.0015512065729126334
TRIM6-TRIM34,0.0062043723,4,0.0015510930679738522
SEPHS2,0.0061981212,8,0.0007747651543468237
GALNT14,0.0061956663,8,0.0007744582835584879
CEBPG,0.006192878,8,0.000774109736084938
NARS2,0.006186408,8,0.0007733009988442063
WDR77,0.0061855298,7,0.0008836471076522555
KCNIP4,0.0061826496,4,0.0015456624096259475
NLK,0.0061823707,30,0.0002060790235797564
ULK1,0.0061784307,28,0.00022065824097288505
PLCE1,0.0061762966,28,0.00022058202219860896
MTDH,0.006167351,3,0.0020557836008568606
UGP2,0.006159205,32,0.00019247515592724085
RSPO4,0.006158217,5,0.001231643371284008
CYP7B1,0.0061410884,24,0.00025587868488704163
PGM2L1,0.006138146,16,0.00038363412022590637
P2RY13,0.0061368956,12,0.0005114079685881734
USP16,0.006130893,4,0.0015327231958508492
SLC16A10,0.006128667,11,0.0005571515384045514
ELMO1,0.0061220434,33,0.00018551646534240606
FLRT1,0.006120985,5,0.00122419698163867
CD34,0.0061208755,6,0.0010201459129651387
OR10G4,0.0061185258,3,0.0020395085836450257
RING1,0.0061169043,27,0.00022655201179009896
NDST4,0.006113513,9,0.0006792792119085789
FARP1,0.0061117196,9,0.0006790799606177541
PDP2,0.006109842,6,0.0010183070165415604
CTDSP1,0.006102843,6,0.0010171405350168545
CD28,0.006099687,51,0.00011960170505677953
ZNF564,0.006086657,4,0.0015216642059385777
DICER1,0.006086489,14,0.00043474922754934857
PTPN1,0.006084816,45,0.00013521813477079074
CATSPERG,0.006082367,3,0.0020274557173252106
DSE,0.0060821115,9,0.000675790167103211
DLGAP4,0.006081179,3,0.0020270595947901406
CMKLR1,0.0060658837,5,0.0012131767347455026
SERPINA4,0.0060618753,4,0.0015154688153415918
OSBPL5,0.0060616233,6,0.001010270556434989
GGA1,0.0060595996,7,0.0008656570820936135
TJP2,0.006055612,18,0.0003364228953917821
TNFSF14,0.0060504708,9,0.0006722745278643237
LRRTM3,0.0060482286,3,0.0020160761972268424
PIGR,0.006046994,5,0.0012093988247215749
CD1E,0.0060343626,3,0.0020114541985094547
ATP6V0A1,0.0060244557,26,0.00023170983275541893
SLC24A5,0.006014921,4,0.0015037301927804947
THOC5,0.0060105138,9,0.0006678348614109887
TAS2R38,0.0060048164,8,0.000750602048356086
HSPH1,0.005998819,11,0.0005453471941026775
SLC39A6,0.005997592,9,0.0006663991241819329
PF4,0.005994172,23,0.0002606161667600922
SGPP2,0.0059903753,16,0.0003743984561879188
DDX17,0.0059873774,7,0.000855339624519859
SPRR2A,0.005983634,3,0.001994544640183449
ELOVL6,0.005977628,12,0.000498135651772221
GRM8,0.005976377,17,0.00035155159147346723
IKBKE,0.0059713344,53,0.00011266668696167335
TUSC3,0.0059611294,9,0.0006623477157619265
OR10D3,0.0059605036,3,0.0019868345310290656
KRT1,0.0059560183,7,0.0008508597633668355
TRDN,0.005954296,8,0.0007442869828082621
GATAD2A,0.005951948,22,0.00027054309082979506
NMS,0.0059499633,8,0.0007437454187311232
ABCA1,0.005948806,22,0.0002704002809795466
ZNF627,0.0059471335,4,0.0014867833815515041
TNXB,0.0059444024,13,0.00045726172482738126
TNFRSF21,0.0059441435,10,0.0005944143515080214
BLK,0.005940383,23,0.0002582775145445181
HS6ST1,0.0059402795,9,0.0006600310508575705
CLCA2,0.005939044,7,0.0008484348654747009
FBN1,0.0059388713,13,0.0004568362536911781
PPM1E,0.005938854,5,0.001187770813703537
KIF17,0.0059298915,9,0.0006588768317467637
EVC,0.005929242,8,0.0007411552360281348
OR10K2,0.005914872,3,0.001971624015520016
KEAP1,0.005912058,26,0.000227386848284648
FGF14,0.005906037,13,0.00045431054268891993
JUND,0.005900899,30,0.00019669663161039352
FERMT2,0.0058961282,9,0.0006551253609359264
GDF2,0.0058813207,14,0.00042009433465344567
ADH7,0.0058722068,17,0.0003454239272019442
NRGN,0.005859492,6,0.0009765819801638524
FKBPL,0.005858404,5,0.0011716808192431926
SLC6A19,0.0058574085,12,0.00048811737603197497
APBA1,0.005851944,9,0.000650215997464127
SLC4A2,0.0058507496,9,0.0006500832839972443
NDUFV3,0.0058398307,21,0.00027808717762430507
COL1A2,0.005837785,39,0.00014968679692500676
TJP1,0.0058333306,29,0.00020114932980003027
DNER,0.005822008,9,0.0006468897788888878
CD9,0.0058208853,14,0.0004157775214740208
PLXNC1,0.0058188923,6,0.0009698153783877691
TTC5,0.005812286,7,0.0008303265619490828
TFAM,0.005811806,12,0.00048431715307136375
AUH,0.005810347,25,0.0002324138768017292
IL34,0.005807889,6,0.0009679815266281366
PTPRF,0.0058021434,11,0.0005274675786495209
HPX,0.005802123,3,0.001934040958682696
CRHBP,0.0057953987,6,0.0009658997878432274
KLK3,0.0057860143,17,0.0003403537797138971
CACNA2D1,0.005785355,14,0.00041323963419667313
RHPN2,0.0057846485,9,0.0006427387189533976
MSH5,0.0057816654,2,0.0028908327221870422
OR11H4,0.005774462,3,0.0019248207099735737
GATA4,0.005773703,22,0.0002624410500919277
TRPC3,0.0057641077,27,0.00021348546983467208
CLDN10,0.005758978,10,0.0005758977960795165
ZNF189,0.0057500796,4,0.0014375199098140001
DSC2,0.0057495935,5,0.0011499186977744103
INHBA,0.0057470435,23,0.0002498714577244676
PARD3,0.005742779,21,0.0002734656667425519
STAM,0.005732487,33,0.00017371172593398526
MARCO,0.0057276743,4,0.0014319185866042972
SDC4,0.005719777,31,0.00018450894182728183
OR6P1,0.005719725,3,0.0019065750141938527
XYLT1,0.005717963,14,0.0004084259271621704
CCL1,0.0057171774,14,0.00040836981497704983
TCAP,0.0057154186,3,0.001905139535665512
CES5A,0.0057116207,5,0.0011423241347074508
KIFAP3,0.0057020984,13,0.00043862295122100756
CDC5L,0.005697902,5,0.0011395803652703763
FPGS,0.0056869397,13,0.00043745689953749
KRR1,0.0056820204,4,0.0014205051120370626
SERPINB9,0.0056811124,3,0.0018937041362126668
RAB31,0.005646786,11,0.00051334419880401
AEN,0.0056389757,3,0.0018796585500240326
UGT2A2,0.005638281,15,0.0003758853922287623
IFNL2,0.0056341095,5,0.0011268218979239464
UNC5D,0.005628024,6,0.000938004037986199
GSC,0.005624648,5,0.0011249296367168427
RPL22L1,0.005624082,25,0.0002249632775783539
SARS1,0.0056215804,20,0.0002810790203511715
OR4X1,0.0056099673,3,0.0018699890933930874
PKHD1,0.0055992794,9,0.0006221421580347749
CH25H,0.005594162,14,0.0003995829860546759
SLC5A12,0.0055925017,8,0.0006990627152845263
GGH,0.0055900174,11,0.0005081834017553113
ITGAX,0.005585203,17,0.0003285413498387617
MNDA,0.005584663,3,0.0018615542600552242
SULT1A2,0.005583188,13,0.00042947600237452064
OR5AN1,0.0055820197,3,0.001860673228899638
SESN1,0.0055761863,13,0.0004289374113656007
PRLR,0.0055742506,21,0.00026544050446578434
BARD1,0.0055700433,35,0.00015914409554430416
SLC2A2,0.0055645364,49,0.00011356196803401927
SLC36A4,0.0055619488,8,0.0006952435942366719
IL37,0.005561465,8,0.0006951831164769828
MAN2A1,0.005560316,13,0.00042771662657077494
CWC15,0.0055445465,5,0.0011089093051850796
RAP1GAP,0.0055358033,11,0.0005032548426904461
MYO9B,0.005534076,17,0.0003255338901106049
C1GALT1,0.0055276877,8,0.0006909609655849636
GNLY,0.0055272696,4,0.0013818173902109265
UIMC1,0.005520028,18,0.0003066682256758213
DEFB112,0.0055147354,5,0.0011029470711946487
AICDA,0.005514067,4,0.0013785167830064893
ADGRE1,0.0055126725,5,0.001102534495294094
IL36B,0.0055119433,6,0.0009186572084824244
DNAH8,0.005509321,4,0.0013773302780464292
PAG1,0.0055037583,15,0.00036691722149650253
NSUN2,0.005499605,4,0.0013749012723565102
CBR4,0.0054965806,5,0.0010993161238729953
FLT1,0.0054888567,38,0.00014444359725243166
RIMS1,0.0054874164,13,0.00042210895424852
FBXL20,0.0054771304,7,0.00078244720186506
RNF20,0.005474405,11,0.0004976731725037098
MPHOSPH10,0.0054719886,5,0.0010943977162241937
UBE2J2,0.005470183,16,0.00034188645076937973
LTA,0.005468704,24,0.00022786265860001245
SDR9C7,0.005460059,3,0.0018200196015338104
CD40,0.005459731,35,0.00015599231368729045
MYF6,0.0054584173,4,0.0013646043371409178
BAIAP2L1,0.005456162,10,0.0005456162150949239
SPSB1,0.005454337,7,0.0007791910320520401
P4HA2,0.0054517793,9,0.0006057532607681222
CP,0.0054510916,15,0.00036340610434611637
HTR1E,0.0054431246,14,0.0003887946118733713
OR10A4,0.0054394836,4,0.0013598708901554346
LTK,0.005433063,4,0.0013582657556980848
BCO2,0.005430407,7,0.0007757724129727908
OR6K6,0.0054261247,3,0.001808708223203818
PLA2G2E,0.0054177754,24,0.00022574064011375108
GLS,0.005410247,25,0.00021640988066792488
HTR3D,0.0054085464,5,0.0010817092843353748
GABRA1,0.0054069157,20,0.00027034578379243613
KHDRBS2,0.005397764,4,0.0013494410086423159
RAG2,0.005393031,6,0.0008988385088741779
ITGA1,0.0053913863,46,0.00011720405081691949
SH2B2,0.005383756,16,0.0003364847507327795
COL19A1,0.005381203,6,0.0008968671318143606
ANLN,0.005372742,9,0.0005969713545507855
EFHD2,0.0053723007,5,0.0010744601488113404
MC4R,0.0053717685,18,0.0002984315829558505
PECAM1,0.005367541,20,0.00026837706100195645
HIKESHI,0.0053613978,4,0.0013403494376689196
GCNT3,0.005358181,8,0.0006697726203128695
HIVEP3,0.0053564725,5,0.0010712944902479648
DNAL4,0.005351895,8,0.0006689868750981987
CD2AP,0.0053481013,9,0.0005942334731419882
SOST,0.0053462326,10,0.0005346232559531927
CPB2,0.005342931,12,0.0004452442517504096
NCAPD2,0.005341744,7,0.0007631062929119382
HUS1,0.005336876,26,0.0002052644625879251
ARHGEF38,0.0053355177,8,0.000666939711663872
OR51B4,0.005333892,3,0.0017779640232523282
MRPL3,0.0053328555,7,0.0007618365011044911
B4GALNT1,0.005330768,8,0.0006663459935225546
TTC8,0.0053291377,8,0.0006661422085016966
SLIT2,0.0053211297,18,0.0002956183161586523
RASGRF1,0.0053190184,31,0.0001715812381477125
RAET1E,0.005289199,4,0.0013222997076809406
DRD4,0.005288966,21,0.0002518555238133385
RARB,0.0052889027,21,0.0002518525081021445
GNRHR,0.0052876007,11,0.00048069097101688385
EXOC6,0.005285772,8,0.0006607215036638081
SLC44A1,0.005283218,12,0.0004402681564291318
HLA-E,0.005277624,36,0.0001466006635584765
F2RL3,0.005269094,20,0.00026345469523221255
OR52E4,0.005265654,3,0.0017552180215716362
H6PD,0.0052604508,6,0.000876741794248422
CD68,0.0052566207,5,0.0010513241402804851
NPSR1,0.005249892,14,0.00037499227827148777
RGS4,0.0052427743,13,0.0004032903279249485
HTR3B,0.005241243,5,0.0010482486337423324
EDN2,0.0052399826,21,0.00024952298207652
LMO4,0.0052345623,3,0.001744854108740886
SLC2A10,0.0052330284,7,0.0007475754911346095
DIO2,0.005231343,12,0.000435945267478625
GALM,0.0052311504,17,0.0003077147309394444
SRGAP3,0.005230191,12,0.000435849263643225
UST,0.0052296086,10,0.0005229608621448278
SLC1A3,0.005228992,16,0.0003268120053689927
ZNF568,0.005220492,4,0.0013051229761913419
NCR2,0.0052191336,6,0.0008698555951317152
ASB2,0.0052119223,7,0.0007445603342992919
GALNTL6,0.005211516,7,0.0007445022596844605
ABL2,0.005210932,23,0.00022656225558856258
MC5R,0.0052097784,16,0.0003256111522205174
SLC24A4,0.005207755,5,0.0010415510274469852
SYMPK,0.005207127,15,0.0003471417973438899
IP6K1,0.0052051335,8,0.000650641683023423
STARD3,0.005204183,8,0.0006505228811874986
GABRB3,0.0052040596,17,0.000306121155838756
LYPD4,0.0052011376,3,0.001733712541560332
NPY2R,0.0051964424,10,0.0005196442361921072
STRA6,0.0051815254,3,0.0017271751227478187
ADAMTS14,0.0051803445,7,0.0007400492073169776
CXCL5,0.00517997,17,0.0003047041211496381
YBX3,0.0051699076,3,0.0017233025282621384
VAPA,0.005156885,11,0.00046880771829323334
ARID5B,0.005156582,6,0.0008594303702314695
MAP1LC3B,0.005149289,14,0.00036780635959335735
MYH14,0.0051481347,20,0.00025740673299878836
DLG2,0.0051404056,21,0.00024478121971090633
SPP2,0.005119524,8,0.0006399404956027865
AGO2,0.0051184287,33,0.000155103900893168
PSAT1,0.005117081,21,0.00024367052884328934
FOSB,0.005117054,24,0.00021321058738976717
ITGA11,0.0051159523,21,0.00024361677822612581
PDPN,0.0051149894,3,0.0017049964517354965
KMO,0.005114609,14,0.0003653292078524828
CAMKK1,0.0051104673,26,0.00019655643532482477
MTNR1B,0.0051103886,11,0.0004645807837898081
BBS5,0.0051072976,8,0.0006384121952578425
AZIN2,0.0051055653,6,0.0008509275503456593
RGS14,0.0050984975,13,0.00039219211500424606
KNG1,0.005093314,45,0.00011318476042813725
ARMC9,0.0050913673,2,0.0025456836447119713
CD72,0.005080184,8,0.000635022995993495
COL18A1,0.005074487,15,0.0003382991378506025
KLHL2,0.005071218,7,0.0007244597322174481
OR1F12,0.005068099,3,0.001689366375406583
ARNTL,0.0050675333,13,0.000389810257519667
MIA2,0.005066961,8,0.0006333701312541962
CFHR1,0.005065127,5,0.0010130253620445728
FNTB,0.005064872,10,0.0005064872093498707
MGAM,0.0050645573,18,0.00028136429480380483
TRPM7,0.005063318,9,0.0005625909090869956
MAP3K9,0.0050631743,12,0.0004219311910370986
RHOJ,0.0050611235,8,0.0006326404400169849
PF4V1,0.005060532,3,0.0016868440434336662
ASIP,0.0050540064,3,0.0016846687843402226
LAT,0.0050466517,49,0.00010299289180916183
SLC23A2,0.0050446284,5,0.0010089256800711155
SCNN1A,0.0050437083,35,0.0001441059501043388
CTSF,0.0050419443,5,0.0010083888657391072
PTDSS2,0.005040706,10,0.0005040706135332584
SPCS3,0.005036424,9,0.0005596026571260558
DIAPH3,0.005032634,22,0.00022875608622350475
LMO1,0.005029923,5,0.0010059845633804798
ATG7,0.0050283833,20,0.000251419167034328
RNF34,0.005023415,11,0.00045667410912838847
SPTLC3,0.0050217533,8,0.000627719156909734
SPRY2,0.0050151767,23,0.0002180511617790098
SORBS1,0.0050117928,9,0.0005568658622602621
EPHA8,0.004997097,6,0.0008328494926293691
SEPTIN5,0.0049788426,5,0.0009957685135304928
GRK5,0.004978494,16,0.0003111558617092669
CCL19,0.00497816,15,0.0003318773272136847
HDAC9,0.00496862,30,0.0001656206635137399
ACSF2,0.004961041,5,0.0009922081604599952
OR8B3,0.004959531,3,0.0016531770428021748
PTPRR,0.004957668,5,0.0009915336035192014
RNF213,0.004956749,9,0.0005507498669127623
NUF2,0.0049501923,18,0.00027501068284942047
P2RY1,0.0049459348,19,0.0002603123552705112
MSX1,0.0049449806,4,0.001236245152540505
CAMKMT,0.0049447077,8,0.0006180884665809572
LCE2A,0.004941014,3,0.0016470047024389107
CCR4,0.0049397764,17,0.00029057508115382753
ATP5MC3,0.0049385303,19,0.0002599226457900123
TLR9,0.0049331575,36,0.000137032151946591
HS6ST3,0.00492329,9,0.0005470322341554695
GOSR2,0.004921164,14,0.0003515117069972413
PDE2A,0.0049197003,17,0.0002893941367373747
GALNT13,0.004917632,8,0.0006147039821371436
COLEC11,0.0049136854,11,0.0004466986706988378
GINS3,0.0049108407,7,0.000701548664697579
UTP15,0.004908113,5,0.0009816225618124008
FXN,0.004901858,6,0.000816976341108481
ATG5,0.0049012187,26,0.0001885084112962851
USP37,0.0048924675,4,0.0012231168802827597
SYT11,0.0048909793,5,0.0009781958535313607
OPN4,0.004888685,8,0.0006110856193117797
FH,0.0048881485,35,0.00013966138607689313
ERP44,0.0048858924,3,0.0016286307945847511
KMT5A,0.0048826067,18,0.00027125592653950054
USP47,0.0048825312,4,0.0012206328101456165
GRB10,0.0048788656,28,0.00017424519839031355
ST6GAL2,0.0048732087,10,0.0004873208701610565
FSTL1,0.004873161,8,0.0006091451505199075
ADRA2A,0.0048635607,21,0.0002315981269237541
CYB5B,0.0048539927,4,0.001213498180732131
PLXNA2,0.0048512286,11,0.0004410207779570059
MYH10,0.0048495764,21,0.000230932209108557
C6,0.0048453477,17,0.00028502045418409743
NLRP3,0.004842292,33,0.00014673612278067705
DDAH1,0.004840444,5,0.0009680887684226036
DHX15,0.0048298473,6,0.0008049745423098406
SLC11A1,0.004820096,12,0.000401674653403461
NLGN1,0.0048189503,7,0.0006884214734392506
ARHGAP5,0.0048180944,31,0.0001554224009235059
TRIM39,0.004814301,4,0.0012035752879455686
TREML2,0.0048138974,3,0.0016046324744820595
KIR2DL4,0.0048127947,5,0.0009625589475035668
INPP4B,0.004808262,15,0.000320550799369812
ABCC9,0.0048060045,59,8.145770279027648e-05
AASS,0.0048053665,15,0.00032035776724418004
WDR46,0.004798166,4,0.0011995414970442653
MYB,0.004788975,25,0.00019155900925397874
ESD,0.004787909,6,0.0007979848111669222
CXCL6,0.0047864383,16,0.0002991523942910135
MME,0.004780091,12,0.00039834090663741034
KIFC1,0.00477676,8,0.0005970950005576015
ANO6,0.0047755553,6,0.000795925889785091
NDUFS4,0.004771507,19,0.0002511319410251944
IFI16,0.004771199,6,0.0007951998462279638
FUT1,0.004770586,13,0.0003669681385732614
EFNA3,0.004767802,14,0.0003405572913054909
PPM1B,0.0047673704,7,0.000681052915751934
RET,0.004758542,21,0.0002265972351389272
DHRS3,0.0047567827,14,0.0003397701906838587
CIDEC,0.0047527617,3,0.00158425389478604
CFH,0.004752264,8,0.0005940329865552485
ANGPT1,0.004749426,20,0.00023747130762785673
IL26,0.004736107,6,0.0007893511404593786
BEST3,0.0047320044,3,0.0015773347889383633
RTN4RL2,0.0047294176,3,0.0015764725394546986
IL36A,0.0047238604,6,0.0007873100694268942
ADCYAP1,0.0047231177,24,0.00019679657028367123
FZR1,0.004721366,31,0.00015230212480791153
OAZ3,0.0047067935,4,0.0011766983661800623
PRKD1,0.0047006304,20,0.00023503152187913655
NCEH1,0.0046998523,8,0.000587481539696455
ELOVL7,0.004696988,7,0.0006709982907133443
NTN1,0.004696473,16,0.000293529563350603
DOCK9,0.0046875225,10,0.0004687522538006306
TRIM72,0.004686987,2,0.002343493513762951
AGA,0.0046853656,7,0.000669337942131928
NF2,0.004682791,15,0.00031218606357773145
THRAP3,0.0046810005,3,0.0015603334953387578
CCRL2,0.004680787,8,0.0005850984016433358
ITGA2,0.004678104,44,0.00010632054710930044
PKP2,0.004675205,7,0.0006678864093763488
NDUFAB1,0.0046745962,24,0.00019477484359716377
CREG1,0.004671142,4,0.0011677854927256703
CREB5,0.004670911,38,0.0001229187106027415
ABR,0.0046665394,20,0.00023332696873694657
OR51V1,0.0046618236,3,0.0015539412076274555
CRP,0.004661808,10,0.00046618077903985976
NUP35,0.004657509,79,5.895580766321737e-05
IL7,0.0046543092,25,0.00018617236986756325
CPD,0.0046519525,10,0.00046519525349140165
LRRFIP2,0.0046475,2,0.00232374994084239
UHRF1BP1L,0.0046464875,5,0.0009292975068092346
C4BPA,0.0046439683,8,0.0005804960383102298
DRD3,0.0046429094,20,0.000232145469635725
CFAP298,0.004642645,1,0.00464264489710331
DUSP16,0.004640617,15,0.00030937446281313895
CHID1,0.004634981,4,0.0011587452609091997
ZNF704,0.0046349047,3,0.0015449682250618935
HPR,0.0046333494,4,0.0011583373416215181
KSR1,0.0046325726,30,0.00015441908811529478
SCN1A,0.004632391,10,0.00046323910355567933
FBXL3,0.004630231,12,0.00038585256940374774
WNT5A,0.0046290327,65,7.121588748234968e-05
OR5AK2,0.0046253353,3,0.0015417784452438354
COL21A1,0.0046247803,6,0.0007707967112461726
CD48,0.0046094377,4,0.001152359414845705
OR11H7,0.004608452,3,0.0015361506181458633
UBR4,0.004604703,8,0.0005755878519266844
PIGP,0.0046031894,5,0.000920637883245945
ETNK2,0.0046027927,11,0.000418435697528449
UBE2D2,0.004598192,32,0.00014369349810294807
PPARA,0.0045954743,46,9.99016160874263e-05
SPRR2F,0.004591384,3,0.0015304613237579663
RAB12,0.004590318,7,0.0006557597246553217
KIR3DL2,0.004586965,6,0.0007644941409428915
COL7A1,0.004586436,20,0.00022932179272174835
PITX2,0.0045857723,13,0.0003527517143923503
GATA3,0.004584353,39,0.00011754751157684204
SERPINB6,0.0045810915,7,0.0006544416371200766
MUC5B,0.004580671,12,0.0003817225806415081
GALNT3,0.004576088,15,0.000305072528620561
RNF144B,0.0045760334,6,0.0007626722411562999
SCN7A,0.0045755324,9,0.0005083924883769618
MCOLN3,0.004574502,5,0.0009149003773927689
OPA1,0.0045695747,4,0.0011423936812207103
SELL,0.0045469906,9,0.000505221179789967
E2F7,0.004543835,9,0.0005048705368406243
ICOS,0.004543514,20,0.00022717569954693316
FABP6,0.004541721,14,0.0003244086567844663
ADAMTS12,0.0045409566,4,0.0011352391447871923
GDF6,0.004539879,13,0.00034922146453307226
MTTP,0.004537322,9,0.0005041468992001481
OR5D14,0.0045370087,3,0.0015123362342516582
TLR10,0.0045368997,7,0.0006481285340019635
CNGB3,0.004535198,3,0.0015117327372233074
CIAPIN1,0.00453437,2,0.0022671849001199007
SDCCAG8,0.0045341784,18,0.0002518988007472621
ZNF678,0.004534101,3,0.0015113670378923416
PRNP,0.004529345,16,0.000283084053080529
ATP8B4,0.004529081,6,0.0007548468032230934
NCK2,0.0045250854,42,0.00010774012965460618
NRIP1,0.004524273,24,0.0001885113694394628
DGKH,0.004522373,13,0.00034787484373037633
FCER2,0.0045219706,9,0.0005024411819047398
TRPM8,0.004521474,5,0.0009042947553098202
AQP1,0.0045208703,40,0.00011302175698801875
MUC7,0.0045192423,10,0.00045192423276603223
MAP4K4,0.0045191995,20,0.00022595997434109448
GLB1,0.0045077186,35,0.0001287919602223805
NIPBL,0.004502463,5,0.0009004926308989525
ZNF563,0.0045021484,4,0.0011255370918661356
PERP,0.0044977707,15,0.0002998513790468375
PANK3,0.004489454,7,0.0006413505678730351
WNT7A,0.0044879136,42,0.0001068550849422103
SEC61G,0.0044806,14,0.0003200428493853126
DCLRE1B,0.0044782427,2,0.0022391213569790125
TNKS,0.0044682655,20,0.00022341327276080846
CCR9,0.0044668727,15,0.0002977915108203888
RAB19,0.0044638715,3,0.0014879571584363778
GHR,0.004459853,24,0.00018582720076665282
ITPKB,0.00445788,11,0.00040526180104775864
TTC30B,0.0044502295,5,0.0008900458924472332
GYPA,0.0044460366,4,0.0011115091620013118
DET1,0.00442715,5,0.0008854299783706665
OAS2,0.0044191703,17,0.00025995119529611925
LILRB1,0.0044191596,5,0.0008838319219648838
NHLRC2,0.004413746,4,0.0011034364579245448
PRICKLE1,0.004413482,7,0.0006304974002497536
ARFGEF2,0.0044119894,7,0.0006302841939032078
SLC9C2,0.004411935,3,0.0014706449583172798
IL20,0.0044069085,8,0.00055086356587708
HLA-DMB,0.004405969,29,0.00015192995939789148
OSBPL10,0.004403412,5,0.0008806823752820492
PBX1,0.004398524,14,0.00031418027356266975
SEMA5B,0.0043980596,5,0.0008796119131147861
MYH8,0.004397352,3,0.0014657840753595035
APOA5,0.0043895585,9,0.0004877287170125379
RPGRIP1L,0.004388689,6,0.0007314481772482395
RORA,0.0043812688,22,0.00019914857958528128
CCNG2,0.004373535,9,0.00048594833869073127
PHLDA1,0.0043726945,5,0.0008745389059185982
CRMP1,0.004371953,5,0.0008743906393647194
HTR1F,0.004368899,15,0.0002912599282960097
FOSL2,0.0043677827,8,0.0005459728417918086
SEMA3A,0.004353396,8,0.000544174516107887
INTS7,0.0043521575,3,0.0014507191566129525
FLG,0.0043462794,3,0.0014487598091363907
EXOC4,0.0043439926,9,0.00048266584053635597
KIF4B,0.004342258,13,0.00033401984434861404
ACVR1C,0.0043420293,10,0.0004342029336839914
CD84,0.0043415544,4,0.001085388590581715
WIPF3,0.004331643,21,0.00020626872511846677
GREM2,0.004326322,5,0.0008652644231915474
ACACB,0.0043218727,27,0.00016006936008731523
FIG4,0.0043202806,16,0.0002700175391510129
KMT2A,0.0043173847,14,0.0003083846199193171
IGFBP3,0.0043103974,25,0.00017241589725017548
MED30,0.0043097255,6,0.0007182875803361336
PSMD13,0.0043043606,39,0.0001103682204698905
PSMB2,0.004303878,33,0.00013042055070400238
STAT2,0.004296266,48,8.95055418368429e-05
FOXO6,0.004289065,19,0.00022574026431692275
CALU,0.0042875158,10,0.0004287515766918659
NAT8B,0.0042839814,3,0.0014279937992493312
CLDN5,0.0042741294,17,0.00025141937658190727
GLMN,0.0042650774,5,0.0008530154824256897
OR13J1,0.0042645223,3,0.0014215074479579926
JMJD1C,0.004261247,4,0.0010653117205947638
NKX3-1,0.0042599323,5,0.0008519864641129971
KLF4,0.004257756,19,0.00022409241156358468
IL18RAP,0.0042545707,12,0.00035454755804191035
ACVR2A,0.0042529646,20,0.00021264823153614997
MT1HL1,0.004249175,4,0.0010622937697917223
PKP1,0.004246595,12,0.0003538829041644931
CTNNA2,0.0042465013,14,0.0003033215180039406
KLF5,0.0042456803,7,0.0006065257558865207
IGFBP2,0.0042436286,5,0.0008487257175147534
KDM4A,0.004239418,11,0.00038540164347399366
C1GALT1C1L,0.004238423,2,0.0021192114800214767
TNS1,0.0042384085,5,0.0008476817049086094
ABO,0.0042370856,8,0.0005296356976032257
DOCK4,0.004231046,13,0.0003254650733791865
CPLX3,0.004227146,2,0.002113573020324111
SLC7A10,0.004222077,12,0.00035183973765621584
ZNF682,0.0042171082,4,0.001054277061484754
MBD4,0.0042151543,10,0.0004215154331177473
SRPK1,0.0042142337,3,0.0014047445729374886
HERPUD1,0.004207817,3,0.001402605635424455
CLCNKB,0.004202363,4,0.0010505907703191042
ESPNL,0.0041938317,4,0.001048457925207913
PLPPR4,0.0041885623,6,0.0006980937129507462
CPM,0.0041884077,3,0.0013961358927190304
TEC,0.0041883583,28,0.00014958422564502274
RGS18,0.0041799815,13,0.0003215370413202506
BPIFB4,0.004174757,3,0.0013915856058398883
FUT8,0.0041731577,12,0.0003477631447215875
CCR3,0.0041729854,30,0.0001390995147327582
LMX1B,0.0041719945,5,0.000834398902952671
SLC25A37,0.0041665155,2,0.002083257772028446
ST3GAL6,0.0041661775,19,0.00021927249862959512
ARHGAP9,0.0041633155,12,0.0003469429599742095
DCUN1D1,0.004162237,3,0.0013874123493830364
B4GALT4,0.004157041,14,0.0002969315142503807
RNF7,0.0041566305,14,0.0002969021775892803
DNAJA4,0.0041463384,3,0.001382112813492616
LIPG,0.0041333204,8,0.0005166650516912341
BAMBI,0.004131227,13,0.0003177866769524721
ST6GALNAC3,0.0041256077,18,0.00022920042586823305
GABRA4,0.004123406,14,0.00029452900136155743
IVL,0.0041205054,5,0.0008241010829806328
OTUB1,0.0041193594,5,0.0008238718844950199
EXOC2,0.0041182963,12,0.0003431913598130147
GALNT18,0.004112756,8,0.0005140944849699736
RASA2,0.004112753,13,0.000316365621984005
GPIHBP1,0.0041124094,14,0.0002937435305544308
PROS1,0.00411037,22,0.00018683499233289197
UBE3C,0.0041067814,5,0.000821356289088726
IL1R2,0.004105029,19,0.00021605416642207849
IDE,0.004103383,8,0.0005129228811711073
WIF1,0.0041022208,18,0.0002279011532664299
SCIN,0.004099998,6,0.0006833330262452364
YEATS2,0.004098473,3,0.001366157705585162
TET3,0.00409736,4,0.001024340046569705
RGS7,0.0040937066,16,0.0002558566629886627
CAPN14,0.0040893536,2,0.0020446768030524254
LCE5A,0.0040849466,3,0.00136164886256059
BCL2L14,0.0040848656,8,0.0005106081953272223
ATP5MC2,0.0040842327,20,0.0002042116364464164
GCC1,0.0040802774,5,0.0008160554803907871
SARM1,0.0040794513,7,0.000582778759832893
CDH2,0.0040769097,25,0.00016307638958096504
KIF16B,0.0040760543,8,0.0005095067899674177
PDK4,0.004073818,12,0.00033948485118647415
EBF1,0.004072942,3,0.0013576472798983257
CLDN23,0.0040674414,10,0.0004067441448569298
LRP8,0.004065527,12,0.0003387939262514313
CD300LF,0.0040647453,3,0.001354915089905262
VCAM1,0.0040641553,33,0.00012315622051105356
AP1M1,0.0040633236,20,0.00020316618029028177
PPARGC1B,0.0040603173,17,0.0002388421939138104
TCL1B,0.004048924,3,0.0013496413206060727
SKIL,0.0040461756,21,0.0001926750299476442
PCDH7,0.0040452965,10,0.0004045296460390091
DBNL,0.004043107,15,0.00026954046140114464
EVPL,0.0040409486,4,0.0010102371452376246
MON1A,0.00404092,4,0.0010102300439029932
UPF1,0.0040362976,6,0.0006727162593354782
AP4E1,0.0040346985,6,0.000672449745858709
GLRB,0.0040330826,4,0.001008270657621324
MED9,0.004032792,3,0.001344264019280672
NDUFS8,0.004027835,19,0.00021199132070729606
IRAG1,0.0040266127,6,0.0006711021220932404
IRF5,0.00402641,15,0.00026842734465996426
AGPAT5,0.004026258,12,0.00033552149155487615
FMO2,0.0040254504,9,0.0004472722713318136
ALDOB,0.004014112,30,0.0001338037351767222
DLG5,0.004010997,10,0.00040109967812895775
IQCB1,0.004006316,5,0.0008012631908059121
DCC,0.0040039048,19,0.00021073182946757267
CCR6,0.0040017366,19,0.00021061771794369348
PIGU,0.0040015685,5,0.0008003137074410916
MRS2,0.00399983,2,0.001999915111809969
SSC5D,0.003999102,3,0.0013330339764555295
ANO4,0.0039961617,3,0.0013320539146661758
KDM1A,0.0039946255,34,0.00011748898610034409
ADAMTSL3,0.0039942684,4,0.0009985670913010836
PGLYRP3,0.00399379,3,0.0013312633770207565
NPY1R,0.003986245,13,0.00030663423240184784
TFAP2B,0.003983725,15,0.00026558165748914085
ISG20,0.00397986,4,0.0009949649684131145
SLAMF6,0.003976924,4,0.0009942309698089957
NLRC5,0.003975914,4,0.000993978464975953
KIDINS220,0.003974025,16,0.00024837657110765576
MSX2,0.0039727855,7,0.0005675407924822398
RAD23B,0.003963614,14,0.00028311527733291896
ABLIM1,0.003963553,7,0.0005662218401474613
OR51E2,0.00396159,3,0.001320530039568742
GMDS,0.0039601033,13,0.0003046233278627579
OR52N2,0.0039549815,3,0.0013183271512389183
CPA3,0.0039446335,6,0.0006574389214317004
SULT2B1,0.003939797,13,0.0003030613208046326
KCNN1,0.003937097,5,0.0007874193601310253
OR6N2,0.003936846,3,0.0013122819364070892
OR7A10,0.003922197,4,0.0009805492591112852
LILRA1,0.0039191986,5,0.0007838397286832333
RNGTT,0.0039055953,16,0.00024409970501437783
SERPINA6,0.0039055124,5,0.0007811024785041809
CDH6,0.0039042414,9,0.0004338045966707998
OR2B3,0.003903878,4,0.0009759694803506136
DLC1,0.0039004819,12,0.0003250401544695099
ABCA3,0.0038982234,7,0.0005568890566272395
PCGF5,0.0038952297,6,0.0006492049433290958
HFE,0.0038873015,5,0.0007774603087455034
COPS7B,0.0038867013,14,0.0002776215218805841
VWF,0.0038842708,41,9.473831188387987e-05
FMNL2,0.0038792554,9,0.00043102837581601407
BPIFA2,0.0038703277,3,0.0012901092413812876
ABI1,0.0038659063,33,0.00011714867485517806
UBE2R2,0.003863058,9,0.0004292286725507842
FAF1,0.0038621766,6,0.0006436960926900307
PIGK,0.0038573863,5,0.00077147725969553
PARVA,0.0038562072,9,0.00042846747156646516
IL15RA,0.0038538342,16,0.00024086463963612914
WDR11,0.0038533446,5,0.0007706689182668924
TLL1,0.0038513874,8,0.00048142342711798847
COL11A1,0.0038442262,10,0.0003844226244837046
VPS52,0.003842154,4,0.0009605385130271316
UQCC1,0.0038417275,2,0.0019208637531846762
CDH5,0.0038390292,18,0.00021327940178000263
ADORA1,0.0038389424,24,0.00015995593275874853
HPS1,0.0038385387,5,0.0007677077315747738
GABRG1,0.0038328734,8,0.0004791091778315604
MLXIP,0.0038322974,3,0.0012774324665466945
GFPT1,0.0038320266,24,0.0001596677757333964
ASGR2,0.003827674,4,0.0009569185203872621
CTSO,0.0038249951,5,0.0007649990264326334
NCR3,0.003812652,4,0.0009531630203127861
EZH1,0.0038109068,3,0.0012703022609154384
SLC17A7,0.0038073095,14,0.0002719506820929902
ZNF133,0.0038054574,4,0.000951364345382899
CACNA1D,0.0038050057,50,7.610011380165815e-05
ATP6V1G3,0.0038004813,24,0.0001583533885423094
HLCS,0.0037949195,9,0.0004216577185110913
KCNG1,0.0037898393,3,0.0012632797782619793
UBE3A,0.00378438,17,0.00022261058363844366
QRFPR,0.0037713458,8,0.0004714182286988944
FBXO32,0.0037667498,16,0.00023542185954283923
GTF2A1L,0.0037639064,2,0.0018819532124325633
BRAP,0.00375818,7,0.0005368828507406371
WLS,0.0037581003,3,0.0012527001090347767
IL12RB2,0.003757501,20,0.00018787505105137824
CPSF2,0.0037507375,16,0.00023442109522875398
NDUFAF2,0.0037438227,7,0.0005348318123391696
RASGRP1,0.0037398967,40,9.349741740152239e-05
CYSLTR2,0.0037374143,28,0.00013347908056208065
STX7,0.0037368578,2,0.0018684288952499628
SPARC,0.0037297318,17,0.0002193959868129562
NRP2,0.0037276403,13,0.000286741558319101
ZNF215,0.0037232153,3,0.001241071770588557
PFKFB4,0.0037229196,12,0.0003102433014040192
RXFP1,0.0037193862,18,0.00020663256550000774
MFAP3,0.0037177245,3,0.001239241488898794
GLG1,0.0037162465,4,0.0009290616144426167
GRIK3,0.0037160765,9,0.00041289738793339994
GPX5,0.003713842,16,0.00023211512598209083
CACNG8,0.0037129058,21,0.00017680503827120577
CCL24,0.0037079998,4,0.0009269999573007226
LPA,0.0037070718,6,0.0006178452943762144
ARAP2,0.003705627,14,0.00026468764657952955
SYNE4,0.0037055246,1,0.003705524606630206
OR52J3,0.003705431,3,0.0012351436695704858
ARHGAP26,0.003704985,15,0.0002469989936798811
PLEKHG4B,0.0037029102,5,0.0007405820302665234
KCNK10,0.0036993315,9,0.00041103683825996186
IWS1,0.0036977488,5,0.0007395497523248196
POLR3A,0.0036935892,14,0.0002638278030125158
PPIF,0.003684787,11,0.0003349806436083534
GMFG,0.0036846818,3,0.0012282272800803185
GIPR,0.0036820716,16,0.0002301294734934345
NEIL2,0.0036777742,10,0.00036777742207050323
CSNK1G3,0.003670603,9,0.00040784478187561035
CPEB1,0.0036671853,3,0.0012223951052874327
MDH1,0.0036644798,29,0.00012636137323389794
SNAI1,0.0036624845,16,0.0002289052790729329
SFTPD,0.0036618097,6,0.0006103016203269362
HLA-DRB5,0.0036608693,40,9.152173297479748e-05
WDR41,0.0036586355,3,0.0012195451805988948
USP20,0.0036573238,4,0.0009143309434875846
TPRKB,0.0036570337,3,0.0012190112223227818
OLFM4,0.0036533037,3,0.0012177679066856701
SEM1,0.0036520106,16,0.00022825066116638482
CYP19A1,0.0036510832,33,0.00011063888527904496
ERO1B,0.0036508525,4,0.0009127131197601557
COL25A1,0.0036484827,7,0.0005212118183927876
NPS,0.0036458874,14,0.0002604205261117646
OR52K2,0.0036366095,3,0.0012122031766921282
GALNT11,0.0036341925,9,0.00040379916835162375
SMYD1,0.003632032,3,0.00121067735987405
SPRR2B,0.0036273277,3,0.001209109245489041
TLE1,0.0036220655,24,0.0001509193971287459
ZNF135,0.00361854,4,0.0009046350023709238
TAP2,0.003617949,15,0.0002411966056873401
NICN1,0.003613675,3,0.0012045583377281825
SV2A,0.0036116561,9,0.0004012951265192694
COG7,0.0036082566,11,0.00032802332531322133
TRIOBP,0.003603185,4,0.0009007962653413415
KLF6,0.0036025005,3,0.001200833513091008
MEPE,0.0035998288,4,0.0008999572019092739
NRG1,0.003592281,55,6.531419825147499e-05
GALNT16,0.00359137,8,0.0004489212587941438
BEGAIN,0.0035877896,3,0.0011959298669050138
TARS1,0.0035850273,7,0.0005121467568512474
HGS,0.0035831695,47,7.623764983517059e-05
HTR2A,0.003582268,21,0.00017058419152384712
ECI2,0.0035793683,14,0.0002556691677974803
FLOT1,0.0035778342,18,0.00019876856822520494
AGBL4,0.0035762223,3,0.001192074113835891
LILRB2,0.003574783,7,0.0005106832832098007
ULBP3,0.00357228,4,0.0008930700132623315
HNRNPH1,0.003561558,12,0.0002967964974232018
MRM1,0.00355879,4,0.0008896975195966661
FTO,0.0035576778,4,0.0008894194616004825
LIMS2,0.0035510876,4,0.0008877718937583268
COL28A1,0.0035500168,5,0.0007100033573806286
CIITA,0.0035487318,10,0.0003548731794580817
POLG,0.0035455914,4,0.0008863978437148035
GJD2,0.003544927,5,0.0007089854218065739
SMOX,0.0035444014,11,0.0003222183070399544
OPRK1,0.0035426,18,0.00019681110926386382
MMP11,0.0035324527,5,0.0007064905483275651
ZIC2,0.0035301,4,0.0008825249969959259
AK5,0.0035291542,11,0.0003208322027190165
DYNC2H1,0.003528709,11,0.00032079173251986504
PPP1R12C,0.0035281098,6,0.0005880182919402918
PVR,0.0035239216,11,0.0003203565085476095
CDH18,0.0035225807,6,0.000587096787057817
ZNF767P,0.003519286,3,0.0011730953119695187
TET2,0.00350972,4,0.0008774300222285092
SPATA13,0.0035092584,9,0.0003899175984164079
RHOBTB3,0.003508524,7,0.0005012177196996552
OR8B8,0.0035079918,4,0.0008769979467615485
ATP9A,0.0035063613,3,0.001168787091349562
SCRIB,0.0034933928,20,0.00017466964200139046
EFNA4,0.0034895774,13,0.00026842903417463484
S100A10,0.0034843106,3,0.001161436860760053
ZNRF3,0.0034759173,5,0.0006951834540814162
ID4,0.003475558,10,0.0003475558012723923
RNF182,0.0034661696,4,0.0008665423956699669
IRF1,0.0034657344,29,0.00011950808352437513
IGFBP5,0.003464919,9,0.0003849910054769781
NMNAT3,0.0034648539,11,0.0003149867142465982
SMPD3,0.00346107,12,0.0002884224910909931
PTPRZ1,0.0034567432,8,0.00043209290015511215
TAF7,0.003453228,21,0.00016443942496109577
TRPC7,0.0034522798,14,0.0002465914169858609
DGKB,0.003450558,13,0.0002654275427070948
MED12L,0.0034500968,1,0.003450096817687154
RGMA,0.0034488356,10,0.0003448835574090481
LDHB,0.0034473187,18,0.0001915177045803931
HPSE2,0.0034459254,8,0.0004307406779844314
HOMER2,0.0034450602,5,0.0006890120450407267
PAX5,0.003440955,10,0.0003440954955294728
TFAP2D,0.003438414,7,0.0004912020106400762
COASY,0.003437843,9,0.0003819825489901834
IL23R,0.003435257,12,0.00028627140757938224
PLEKHG5,0.0034301672,15,0.00022867781420548756
RHOH,0.0034300494,8,0.0004287561750970781
GAN,0.003427448,7,0.0004896354262850114
TRIM9,0.0034217124,4,0.0008554281084798276
COL26A1,0.0034202123,7,0.0004886017580117498
CACNB4,0.0034192582,18,0.0001899587870058086
MERTK,0.003418489,4,0.0008546222234144807
ROR1,0.0034172311,12,0.00028476926187674206
MPP4,0.0034147555,1,0.003414755454286933
IL17RC,0.0034146928,4,0.0008536732057109475
KAT8,0.0034141673,4,0.0008535418310202658
PTGER4,0.003413146,27,0.0001264128109647168
TYR,0.0034123631,19,0.00017959805891702048
PLPP1,0.0034111803,33,0.0001033691012046554
LTBR,0.0034076967,11,0.0003097906116057526
INTS1,0.003407689,3,0.0011358963480840127
SCNN1B,0.003405402,33,0.00010319399844967958
PRSS23,0.0034015786,4,0.0008503946592099965
SPTSSA,0.0033970058,5,0.0006794011685997247
MAF,0.0033907373,17,0.00019945513785761947
ESAM,0.00338749,4,0.0008468725136481225
ANG,0.0033806863,8,0.0004225857846904546
CHL1,0.003377648,6,0.0005629413450757662
HYDIN,0.0033742515,1,0.003374251537024975
DNAH11,0.003372036,4,0.0008430089801549911
SHB,0.0033679544,10,0.0003367954399436712
SGIP1,0.003366882,4,0.0008417204953730106
ARID3A,0.0033628577,7,0.000480408248092447
TRMT61A,0.0033606587,3,0.0011202195504059393
COQ6,0.003360069,8,0.0004200086113996804
TRIM46,0.0033574137,4,0.0008393534226343036
EPB41L3,0.003356024,8,0.00041950299055315554
OR2AG2,0.0033558428,3,0.0011186142607281606
PLEKHA5,0.0033515277,6,0.0005585879553109407
CCL21,0.0033513708,14,0.00023938362885798727
CYS1,0.003347608,5,0.0006695216055959463
TRIM24,0.0033428448,22,0.00015194748993963003
TSHR,0.0033418878,25,0.00013367551378905772
GPAM,0.003333919,35,9.525482808904988e-05
ACOT13,0.0033321108,4,0.0008330277050845325
PSG3,0.003330953,2,0.0016654764767736197
RUNX3,0.003323488,23,0.00014449947554132214
IFT27,0.0033226674,8,0.0004153334302827716
STIM2,0.0033206707,2,0.0016603353433310986
UTS2,0.0033202497,8,0.00041503121610730886
AP3B1,0.0033179165,9,0.0003686573925531573
KYNU,0.0033157123,14,0.000236836594662496
C9orf72,0.003313149,4,0.0008282872731797397
GC,0.0033105554,5,0.0006621110718697309
GABRR1,0.0033077025,10,0.00033077024854719637
SPON1,0.0033062638,5,0.0006612527649849653
SSTR2,0.003306187,15,0.0002204124660541614
TMOD1,0.0032998854,4,0.0008249713573604822
DCK,0.0032994547,17,0.00019408557016183347
PLEKHA1,0.0032988791,7,0.0004712684479142938
CEMIP,0.003294895,5,0.0006589789874851704
IPMK,0.0032945233,16,0.00020590770873241127
HSPA4,0.0032913433,10,0.00032913433387875556
CARD9,0.003289587,11,0.0002990533724765886
MECOM,0.00328901,13,0.00025300076231360435
GABRB1,0.0032882772,15,0.00021921847946941851
SLC17A1,0.003284711,4,0.0008211777312681079
UNC79,0.0032836823,3,0.001094560759762923
EPHA5,0.003282794,7,0.00046897057576903274
TGFBR3,0.0032813381,9,0.00036459312670760683
SLC26A9,0.0032765288,6,0.0005460881317655245
LAG3,0.003274656,4,0.0008186639752238989
MAT1A,0.0032721322,22,0.00014873328407041052
WWC1,0.0032692547,7,0.000467036385089159
SIK2,0.0032688081,2,0.0016344040632247925
CHSY3,0.0032676125,11,0.0002970556855540384
PDCD1LG2,0.003266719,6,0.0005444531561806798
EIF4E2,0.0032663296,14,0.00023330926030342068
TNFRSF18,0.003263618,11,0.00029669255441562694
BBS9,0.0032630311,8,0.00040787889156490564
CHDH,0.0032596919,19,0.00017156273028568218
CDH12,0.0032566057,6,0.0005427676175410548
AMPH,0.0032564502,7,0.00046520716776805263
GPAT3,0.003251088,10,0.000325108808465302
KCNC1,0.0032510576,4,0.0008127643959596753
MVK,0.003249166,38,8.55043702023594e-05
KDM4B,0.0032487076,11,0.00029533705674111843
LOXL4,0.0032472436,6,0.0005412072641775012
SNCA,0.0032464769,11,0.0002951342612504959
MAP3K8,0.0032451907,55,5.900346758690747e-05
RNF114,0.0032449258,4,0.0008112314390018582
SLC44A4,0.0032432692,9,0.00036036324066420394
PPP1R3B,0.003241689,2,0.0016208444721996784
CD74,0.0032414,10,0.00032414000015705823
LINGO1,0.0032368419,8,0.0004046052345074713
ADGRG6,0.003236508,3,0.001078835998972257
NEK6,0.0032328519,9,0.000359205761924386
KCNJ8,0.0032234634,55,5.860842595046217e-05
CXCR5,0.003220678,15,0.00021471187161902587
KNTC1,0.003218989,18,0.00017883271599809328
KRT32,0.0032177896,4,0.0008044473943300545
NT5C3A,0.0032177314,14,0.00022983795497566462
MCHR2,0.003217145,10,0.00032171451020985843
OR52E6,0.0032156706,3,0.0010718901952107747
ZNF773,0.003214031,4,0.0008035077480599284
CACNA1S,0.0032138773,36,8.927437011152506e-05
MCUB,0.003211532,3,0.0010705106736471255
GALNT1,0.0032100084,21,0.0001528575417718717
STAP1,0.0032078987,2,0.001603949349373579
MSI2,0.0032063979,7,0.00045805683891688077
FMO4,0.0032045364,5,0.0006409072782844305
BBS12,0.0031975743,2,0.0015987871447578073
CPN2,0.003190672,4,0.0007976680062711239
TSLP,0.0031905351,5,0.0006381070241332054
TAS1R2,0.0031875735,8,0.00039844668935984373
TNFSF12,0.0031853826,8,0.00039817282231524587
TMEM30A,0.0031819772,3,0.0010606590658426285
KCTD6,0.0031812708,16,0.00019882942433468997
INO80,0.0031770705,4,0.000794267631135881
RNASEL,0.003176006,11,0.0002887278202582489
RAB3A,0.0031689734,24,0.00013204055721871555
TRIP11,0.0031675927,11,0.00028796297159384596
SLC4A7,0.0031672774,14,0.00022623410248862847
CACNA1G,0.003164269,65,4.868106200144841e-05
OR2J1,0.0031596795,4,0.0007899198681116104
DHX37,0.003158663,4,0.0007896657334640622
NUDT7,0.0031563055,7,0.0004509007890841791
DYRK1A,0.0031522647,9,0.00035025163864096004
SEMA4D,0.0031487292,9,0.0003498588016049729
ARHGAP18,0.0031458347,6,0.0005243057773138086
PJA2,0.003144457,4,0.0007861142512410879
PRKAR2A,0.0031429534,87,3.6125900973191206e-05
CDH9,0.0031399191,6,0.0005233198559532563
PAX2,0.0031383042,7,0.0004483291746250221
ZNF689,0.0031329726,4,0.0007832431583665311
RGS16,0.0031327452,17,0.00018427912693689852
CTDSP2,0.0031298706,4,0.000782467657700181
SLC26A3,0.0031287977,21,0.00014899036891403652
PRR5,0.0031225272,26,0.00012009719816538003
UTP20,0.003122059,4,0.0007805147324688733
OR5M1,0.0031219586,3,0.001040652859956026
GPX3,0.0031194044,22,0.00014179111035032705
HNF1B,0.0031186535,2,0.0015593267744407058
ATP11A,0.003117316,7,0.0004453308481190886
TRAPPC11,0.003117173,5,0.0006234345957636834
ATP13A4,0.0031165646,3,0.0010388548641155164
UVRAG,0.0031161876,4,0.0007790469098836184
ARHGAP44,0.0031138936,7,0.00044484193702893596
POP4,0.003113281,5,0.0006226561963558197
B3GAT2,0.0031116572,12,0.0002593047684058547
IL16,0.0031115965,13,0.0002393535732363279
PHLPP1,0.003107137,8,0.000388392130844295
NKD1,0.003100226,12,0.0002583521612298985
PPP1R14C,0.0030995207,3,0.0010331735635797183
DEPDC5,0.0030990061,2,0.0015495030675083399
MEX3C,0.003096878,4,0.0007742195157334208
SBDS,0.0030949,1,0.0030948999337852
IL20RB,0.0030948548,9,0.0003438727516267035
UFL1,0.0030928748,4,0.0007732186932116747
AMOTL1,0.003091665,3,0.0010305549949407578
PDLIM1,0.0030904252,1,0.0030904251616448164
PNN,0.0030877218,2,0.0015438608825206757
PDE4A,0.0030846542,14,0.00022033244437937225
MIR30B,0.0030828612,2,0.0015414305962622166
FBP2,0.0030790165,15,0.0002052677640070518
ETNPPL,0.003077177,6,0.0005128628496701518
KCNV1,0.003075669,3,0.001025223017980655
ST8SIA1,0.0030692318,14,0.00021923083945044449
UQCRC1,0.0030670045,19,0.00016142128917731737
ATP10A,0.0030661882,8,0.00038327352376654744
TSC22D1,0.0030624496,4,0.0007656124071218073
TNR,0.0030611304,10,0.00030611304100602865
CACNA1I,0.0030608133,13,0.00023544717651720231
NRCAM,0.0030605998,8,0.0003825749736279249
TCTN2,0.0030582887,6,0.0005097147853424152
OSM,0.0030532996,16,0.00019083122606389225
KLF2,0.003052162,7,0.00043602314378534047
TREH,0.0030517473,6,0.000508624555853506
COL24A1,0.0030493662,6,0.0005082276960213979
NAGK,0.0030476404,20,0.00015238202176988126
GALNT5,0.003045361,8,0.0003806701279245317
PARP8,0.0030449596,8,0.0003806199529208243
KCTD3,0.003044161,5,0.0006088322028517723
GPR18,0.003041199,8,0.0003801498678512871
NADSYN1,0.0030410232,18,0.00016894573087079657
ARHGAP24,0.0030403924,8,0.000380049052182585
RSPO3,0.0030387577,10,0.0003038757713511586
LCE1B,0.0030343276,3,0.001011442548284928
LCE4A,0.0030336487,3,0.0010112162368992965
SLC6A9,0.003033626,7,0.00043337512761354446
KAT2B,0.0030306766,66,4.59193428413886e-05
ADAMTS5,0.0030271767,10,0.00030271767172962427
WASF3,0.0030199566,25,0.00012079826556146144
PADI1,0.0030175904,3,0.001005863460401694
GYPC,0.0030162488,3,0.0010054162703454494
RPS24,0.0030080338,30,0.00010026779491454363
KIF25,0.0030079852,8,0.00037599814822897315
CTSH,0.0030079246,9,0.00033421384998493723
MRPS6,0.0030062362,7,0.0004294623088623796
SOX6,0.0030031512,7,0.0004290215937154634
PGBD5,0.0030029814,1,0.00300298142246902
HCAR3,0.0030029588,9,0.0003336620930996206
SLU7,0.0030010697,9,0.0003334521833393309
ATP13A2,0.002995503,4,0.0007488757255487144
PA2G4,0.0029941949,4,0.0007485487149097025
ETV3,0.002992653,1,0.0029926530551165342
OR2V2,0.0029909767,3,0.0009969922248274088
PHACTR2,0.0029908605,4,0.0007477151229977608
RHOD,0.0029893978,9,0.00033215531665417884
SELENOV,0.002988371,1,0.002988371066749096
SSR3,0.0029879508,5,0.0005975901614874602
ALDH1L1,0.0029863168,13,0.00022971667707539522
DNAJC19,0.0029857089,2,0.0014928544405847788
TFDP1,0.002985055,57,5.2369387591617146e-05
RPTN,0.0029832304,3,0.0009944101329892874
RNF14,0.002982887,6,0.0004971478289614121
KCNQ5,0.0029828069,5,0.0005965613760054112
SLC2A9,0.0029820537,7,0.00042600766755640507
USH1C,0.0029804255,5,0.0005960850976407528
GUCY1B2,0.0029800034,12,0.0002483336138539016
FIBP,0.0029774152,2,0.0014887076104059815
VMP1,0.002975814,2,0.0014879070222377777
ZFHX3,0.0029757384,5,0.0005951476749032735
ESRRB,0.0029755724,8,0.00037194654578343034
GAD2,0.0029719123,27,0.00011007082476108162
SEPTIN8,0.0029662373,3,0.0009887457514802616
RGS8,0.0029630633,10,0.0002963063307106495
MDC1,0.0029593918,24,0.00012330799169527987
ZNF423,0.0029580565,7,0.00042257950242076604
RSAD2,0.0029547436,7,0.00042210622424525876
MCF2L,0.0029543324,20,0.00014771661954000593
NECTIN2,0.0029528898,14,0.00021092069800943136
LRSAM1,0.0029481775,5,0.0005896355025470257
ID3,0.002946862,11,0.00026789654723622584
ETV6,0.0029463628,10,0.000294636283069849
OXTR,0.0029389858,15,0.00019593238830566405
APOC3,0.0029380426,19,0.00015463382250776418
HERC1,0.0029325832,5,0.0005865166429430246
EPHA10,0.0029240204,4,0.0007310051005333662
GRM7,0.0029200867,17,0.00017176980755346662
LSR,0.0029188332,10,0.00029188331682235004
ADI1,0.002913035,7,0.0004161478552435126
LCE2B,0.0029121183,4,0.0007280295831151307
FCAR,0.0029114378,5,0.0005822875536978245
CRISPLD2,0.0029106108,3,0.0009702035846809546
MED4,0.0029090578,6,0.0004848429622749488
PLPP3,0.0029051327,19,0.00015290172182415662
SLC27A6,0.0028962109,7,0.0004137444110321147
MYBPC1,0.0028961138,3,0.0009653712622821331
EPHA4,0.00289499,11,0.0002631809012117711
STX11,0.0028912916,1,0.002891291631385684
SUCLG2,0.002889787,26,0.00011114565691409203
OR10R2,0.0028890732,3,0.0009630244070043167
ARHGAP22,0.0028838723,7,0.00041198175001357285
SEMA6C,0.0028809272,2,0.001440463587641716
OR52N1,0.0028732526,3,0.000957750870535771
ITGA8,0.002871587,26,0.00011044565158394667
ANO7,0.0028702691,3,0.0009567563732465109
TAF4,0.0028657487,21,0.00013646422441871393
SLC37A2,0.0028647212,5,0.0005729442462325096
P3H2,0.0028625992,4,0.0007156498031690717
MBIP,0.002861216,4,0.0007153039914555848
SLC28A3,0.0028600283,12,0.00023833569139242172
SLC35B4,0.002856913,6,0.0004761521704494953
HDAC11,0.0028536567,20,0.00014268283266574144
HYKK,0.0028490946,4,0.0007122736424207687
CHST10,0.0028486056,8,0.00035607570316642523
PRKD2,0.0028480696,10,0.0002848069649189711
DNAH5,0.0028452303,4,0.0007113075698725879
SHOC2,0.0028443686,13,0.00021879758255986066
SPSB4,0.0028393676,7,0.00040562394341187816
NR2F2,0.002838535,6,0.00047308916691690683
ANKH,0.0028220431,3,0.0009406810471167167
OR4A47,0.0028216962,3,0.0009405654078970352
AK9,0.0028180787,5,0.0005636157467961312
HOXD1,0.0028172256,1,0.002817225642502308
COL8A2,0.0028155576,7,0.0004022225205387388
CHST2,0.0028107218,9,0.00031230241681138676
ACP1,0.0028100396,8,0.00035125494468957186
ADAM30,0.002808341,3,0.0009361136859903733
LALBA,0.0028069252,8,0.0003508656518533826
GTF2I,0.002805356,5,0.0005610711872577667
NPBWR2,0.002804679,9,0.00031163101084530354
S1PR5,0.0028014379,13,0.00021549522017057126
KAZN,0.0028009051,3,0.0009336350485682487
RPS20,0.0027985699,30,9.328566181162992e-05
KCNQ3,0.0027875286,11,0.0002534116872332313
PPFIA4,0.0027870946,10,0.00027870945632457733
LOXL1,0.0027857611,5,0.0005571522284299135
ANK1,0.0027849288,17,0.00016381933956461793
CDK12,0.002783734,5,0.0005567467771470547
CDH3,0.0027830717,9,0.0003092301905983024
LAMA1,0.002781786,33,8.429654619910501e-05
ITGAE,0.0027798456,9,0.0003088717348873615
BCL6,0.0027740458,20,0.0001387022901326418
MRC1,0.002773236,11,0.00025211236524310977
WIPI1,0.0027716544,11,0.00025196858173744244
RHOU,0.0027685137,5,0.000553702749311924
EPHB4,0.0027662471,13,0.00021278824155720381
RBM22,0.0027633677,5,0.0005526735447347164
RASSF6,0.0027623018,2,0.0013811509124934673
LCE2C,0.0027612038,3,0.000920401265223821
AGBL2,0.0027584995,3,0.0009194998225818077
CDH4,0.0027561453,9,0.0003062383685674932
PTPRC,0.0027561355,32,8.612923556938767e-05
NMBR,0.0027552,10,0.0002755200024694204
NNT,0.0027514866,8,0.0003439358260948211
SYN3,0.0027513497,6,0.00045855828405668336
LIPI,0.002749707,5,0.0005499414168298244
OR10T2,0.0027489257,3,0.0009163085681696733
TMBIM1,0.0027488517,3,0.000916283888121446
VAT1,0.00274619,3,0.0009153966481486956
SEL1L2,0.0027458067,1,0.0027458067052066326
ELAC2,0.0027453762,7,0.0003921966001923595
RAB2A,0.0027424619,11,0.0002493147145618092
RPS26,0.0027423422,30,9.14114061743021e-05
PNLIPRP1,0.0027411045,15,0.00018274029716849327
CPPED1,0.0027345167,3,0.0009115055824319521
ZIM3,0.0027333205,4,0.0006833301158621907
ALDH8A1,0.0027320643,5,0.00054641286842525
PPP6R1,0.0027307486,8,0.0003413435770198703
NUB1,0.0027295325,3,0.0009098441805690527
OSBPL6,0.0027282732,5,0.0005456546321511268
EEA1,0.0027251397,5,0.0005450279451906681
HS3ST4,0.002724167,8,0.00034052086994051933
UGT1A8,0.002719807,21,0.00012951461775671867
SYNE2,0.0027156076,3,0.0009052025464673837
CSGALNACT2,0.00271367,11,0.0002466972747986967
CD58,0.0027127587,7,0.0003875369605209146
ADGRF4,0.00271146,2,0.0013557299971580505
CNTN6,0.0027096395,8,0.00033870493643917143
IL11RA,0.0027078625,13,0.0002082971175416158
SPTLC2,0.0027069445,17,0.00015923202804782812
DPF3,0.0027054665,4,0.0006763666169717908
TYRP1,0.0027026143,8,0.0003378267865628004
SRCAP,0.002699337,1,0.0026993369683623314
DOK5,0.002698697,7,0.00038552813098898957
TOR1AIP1,0.0026981852,7,0.00038545502216688225
ATXN2L,0.002697763,4,0.0006744407583028078
UBE2QL1,0.0026962722,1,0.0026962722185999155
TTLL11,0.002692554,3,0.0008975179710735878
DNMT3A,0.0026904168,21,0.00012811508384488878
SSR2,0.0026871108,4,0.0006717776996083558
FZD7,0.0026866728,52,5.166678546139827e-05
UBAC1,0.0026848295,4,0.0006712073809467256
TRAF3IP2,0.0026845874,4,0.0006711468449793756
IFT46,0.0026808947,6,0.0004468157809848587
FGD4,0.0026786053,15,0.0001785736841460069
DTNBP1,0.0026764611,4,0.0006691152811981738
DR1,0.0026740935,3,0.0008913644899924597
FCGR2A,0.0026698273,29,9.206301083081756e-05
MSH2,0.0026688376,19,0.00014046513426460718
MOGAT1,0.002667869,7,0.0003811241393642766
GP6,0.0026665563,7,0.0003809366109115737
CD82,0.0026655947,5,0.000533118937164545
MAP3K14,0.00266453,60,4.440883252148827e-05
ABCC11,0.0026619907,4,0.0006654976750724018
ZWINT,0.0026612952,18,0.0001478497352865007
SLC44A5,0.0026605604,9,0.0002956178246272935
RPAP2,0.0026580296,3,0.000886009850849708
ZNF668,0.002657577,3,0.0008858589765926202
ACBD6,0.0026572593,5,0.0005314518697559833
KDM4C,0.0026538325,11,0.0002412575043060563
SPATA5,0.0026524067,1,0.002652406692504883
DAB1,0.0026521762,8,0.0003315220237709582
HGFAC,0.0026518493,4,0.0006629623239859939
LCE3D,0.002651155,3,0.0008837183316548666
DNAJC13,0.002651077,3,0.0008836923322329918
SYT7,0.0026499936,3,0.0008833312119046847
OR2J2,0.0026496262,4,0.0006624065572395921
THSD4,0.0026425393,5,0.0005285078659653664
MYH3,0.0026416485,3,0.0008805495065947374
ABCA4,0.002636806,6,0.0004394676846762498
STAT4,0.0026245997,30,8.748665762444337e-05
SIRPA,0.0026217387,15,0.0001747825803856055
RIPOR2,0.0026178595,4,0.0006544648786075413
ARHGAP15,0.0026089377,7,0.00037270538242799897
SSB,0.002606972,1,0.002606971887871623
ACTR3B,0.0026004326,9,0.0002889369562682178
GGT5,0.002599416,24,0.00010830900282599032
OR52M1,0.0025974447,3,0.0008658148969213167
KCNJ6,0.0025951103,22,0.00011795956048775803
ZNF230,0.0025894986,4,0.0006473746616393328
SEC11C,0.0025868348,9,0.00028742609235147637
KLRB1,0.0025834558,4,0.0006458639400079846
FAR1,0.002582705,5,0.0005165410228073597
CHMP6,0.0025821785,18,0.00014345435839560296
HTRA1,0.0025815617,3,0.0008605205609152714
SLC7A2,0.0025808928,15,0.00017205951735377312
OR4C16,0.0025755875,3,0.0008585291604200999
PANK4,0.002575467,6,0.00042924451796958846
FAAP20,0.0025745288,2,0.0012872644001618028
LTBP1,0.0025743414,11,0.00023403103378686038
KLF10,0.002572569,2,0.0012862845323979855
FAM83B,0.0025682012,7,0.000366885880274432
OMA1,0.002563953,4,0.000640988233499229
RPP14,0.002562212,4,0.000640553014818579
MYCN,0.0025620228,3,0.0008540075893203417
GPR15,0.0025600682,11,0.00023273346860977736
FAM110A,0.0025590318,1,0.0025590318255126476
SAG,0.0025534574,6,0.00042557623237371445
REG3G,0.002549402,3,0.0008498006500303745
PRAG1,0.0025493756,5,0.0005098751280456781
STARD13,0.0025390936,8,0.000317386700771749
IRF2,0.002538242,13,0.00019524937782150047
GPD1,0.0025382394,17,0.00014930819709073096
DOCK7,0.0025378976,10,0.0002537897555157542
BAG6,0.0025361856,2,0.0012680927757173777
AQP9,0.0025301354,7,0.0003614479210227728
PAPSS2,0.002529902,20,0.00012649509590119125
RECK,0.0025287978,5,0.0005057595670223236
FGD3,0.0025251606,13,0.00019424311959972748
FBXO7,0.0025214336,7,0.00036020480495478423
NCKIPSD,0.0025173277,15,0.0001678218444188436
CENPX,0.0025155423,8,0.0003144427901133895
BTG4,0.0025138115,1,0.002513811457902193
SLC18A1,0.0025112173,15,0.00016741448392470676
SNX2,0.0025097309,7,0.0003585329811487879
PEX2,0.0025097271,8,0.0003137158928439021
ENPP6,0.0025089518,6,0.00041815863611797494
MDM4,0.0025070144,28,8.953622974721449e-05
AMY1C,0.0025062254,15,0.00016708169132471085
CBLB,0.0025054333,29,8.639425103520525e-05
CDC42EP5,0.002503771,7,0.00035768158600798676
AFAP1L2,0.0025028002,1,0.0025028001982718706
CLEC4C,0.002500272,5,0.0005000543780624867
PIAS2,0.0024992751,18,0.00013884861901816394
NEDD9,0.0024972532,4,0.0006243133102543652
AGBL3,0.002496158,3,0.000832052668556571
MAP3K20,0.00249532,4,0.0006238300120458007
SFRP5,0.0024947815,4,0.0006236953777261078
ZNF596,0.0024921321,4,0.0006230330327525735
TG,0.002490629,4,0.0006226572440937161
LRFN2,0.002490359,3,0.000830119630942742
ABCB8,0.0024901174,4,0.0006225293618626893
WASHC4,0.002489841,1,0.00248984107747674
MBTPS1,0.0024882131,21,0.00011848633931506247
IL19,0.0024835055,9,0.00027594505809247494
ZNF184,0.0024806703,4,0.0006201675860211253
SHANK1,0.0024791597,6,0.0004131932898114125
SLC16A7,0.0024778745,8,0.0003097343142144382
ZDHHC17,0.0024769825,1,0.0024769825395196676
PPP1R3A,0.002474652,4,0.0006186629761941731
SLCO1B3,0.0024725893,20,0.00012362946290522814
ARHGAP32,0.002470797,19,0.0001300419435689324
CNOT3,0.0024677117,10,0.0002467711688950658
FOLR1,0.0024671503,14,0.00017622502387634346
DOCK8,0.0024638004,10,0.00024638003669679164
NMU,0.002458235,9,0.00027313722401029535
KIZ,0.0024548096,2,0.0012274048058316112
MYO7A,0.00245371,4,0.0006134274881333113
APC2,0.0024476834,22,0.00011125833473422311
MAP3K21,0.002447188,4,0.0006117969751358032
PEMT,0.0024465106,15,0.00016310070641338824
TTBK1,0.0024399986,1,0.0024399985559284687
FUT2,0.0024383082,11,0.00022166438231414014
GARRE1,0.0024315808,8,0.00030394759960472584
PBRM1,0.0024296967,10,0.00024296967312693597
ABCD4,0.0024249272,6,0.00040415453258901834
KCNK17,0.0024246848,7,0.00034638354554772377
UGT1A3,0.0024226687,38,6.375444048133336e-05
HIP1,0.002421972,7,0.00034599601557212215
KCNIP1,0.002420129,3,0.0008067096738765637
KSR2,0.0024141648,19,0.00012706130694009756
PARP2,0.0024140163,19,0.00012705348873216855
MYL6,0.0024136608,22,0.00010971185243265195
MTMR3,0.0024131841,13,0.00018562954993775257
GBGT1,0.0024113823,1,0.002411382272839546
AEBP2,0.0024107364,9,0.00026785960007045005
HRNR,0.0024058053,3,0.0008019350934773684
CEP162,0.0024051885,4,0.0006012971280142665
LDLRAD4-AS1,0.0024033713,1,0.0024033712688833475
TMEM86B,0.0024027012,6,0.0004004501970484853
CHST15,0.002400471,11,0.00021822462705048648
CHST6,0.0023957232,7,0.00034224617827151505
PLOD3,0.0023930997,7,0.00034187138745827336
FGD5,0.0023927991,6,0.00039879985464115936
RPL3,0.0023927193,26,9.202766411293011e-05
MTHFS,0.0023925882,14,0.00017089915594884327
SGMS1,0.0023915796,19,0.00012587260847028934
SLC39A8,0.002391067,11,0.0002173697364262559
NUAK1,0.0023863397,6,0.00039772328455001116
OCA2,0.0023850428,3,0.0007950142802049717
CUL2,0.0023835606,18,0.00013242003559652303
CWC27,0.0023825264,4,0.000595631601754576
BASP1,0.0023770116,5,0.00047540231607854364
SLC10A2,0.0023758435,7,0.0003394062098647867
NCL,0.0023713985,8,0.00029642481240443885
SGCG,0.0023661356,6,0.0003943559325610598
B3GALNT1,0.002359442,7,0.00033706313531313626
TFR2,0.002353951,4,0.0005884877755306661
CARD14,0.0023489888,2,0.0011744943913072348
ABCC3,0.0023442951,29,8.083776378169142e-05
PTPRA,0.002343726,14,0.00016740900796971152
CACNA1E,0.002341918,11,0.00021290163170884955
BATF,0.002340553,3,0.0007801843651880821
PER1,0.002340056,6,0.0003900093336900075
LORICRIN,0.0023364513,3,0.000778817106038332
KIF1A,0.0023350415,8,0.00029188019107095897
ERCC4,0.002332846,16,0.000145802870974876
PTPN21,0.0023322317,1,0.002332231728360057
UNC5B,0.0023316173,12,0.00019430144069095454
ZNF697,0.0023291355,3,0.0007763785154869159
AMBRA1,0.0023279684,14,0.00016628345474600792
DCTN4,0.0023273837,16,0.0001454614830436185
CAPG,0.0023260363,1,0.002326036337763071
KATNA1,0.002323067,1,0.0023230670485645533
MAP1B,0.0023193813,5,0.0004638762678951025
ANAPC10,0.0023183813,44,5.269048481502316e-05
CCR1,0.002308649,17,0.00013580288299742867
MOV10L1,0.0023038178,4,0.0005759544437751174
EN1,0.0023034795,2,0.0011517397360876203
RGS1,0.0023026275,15,0.0001535085029900074
SRP68,0.0023000785,4,0.0005750196287408471
UBA3,0.002299353,12,0.00019161275122314692
SIPA1L1,0.0022986059,4,0.0005746514652855694
PRSS3,0.0022981232,10,0.00022981232032179833
PDE9A,0.0022973702,8,0.00028717127861455083
CPE,0.0022958037,5,0.00045916074886918066
CASP14,0.002293202,5,0.00045864041894674303
ERN1,0.002292625,21,0.00010917261464609986
EXT1,0.0022908673,11,0.00020826066082174128
MTMR7,0.002289237,9,0.0002543596654302544
ARAP3,0.0022879182,13,0.00017599371046974108
USP3,0.002286699,4,0.0005716747255064547
CD83,0.0022837108,3,0.0007612369178483883
SUFU,0.0022822365,17,0.0001342492041123264
MRPS23,0.002280723,6,0.0003801205117876331
MYO1G,0.0022796288,1,0.0022796287667006254
TNS3,0.002279234,7,0.0003256048408469984
P2RY6,0.0022792004,12,0.0001899333631930252
LHX3,0.0022789154,5,0.00045578307472169397
COL11A2,0.002275638,11,0.00020687618631530893
GFUS,0.0022711605,13,0.0001747046525661762
IFNL4,0.0022704287,1,0.0022704286966472864
AGMO,0.002270235,4,0.0005675587453879416
OR5H15,0.0022688243,3,0.0007562747535606226
ZNF747,0.0022668766,3,0.000755625544115901
NELL2,0.002265865,5,0.00045317299664020537
ONECUT1,0.002260759,4,0.0005651897517964244
PTPRN,0.0022597383,1,0.002259738277643919
CDKN2D,0.0022590212,19,0.00011889585048744553
MAGOH,0.002258992,15,0.00015059947036206723
HSD17B13,0.0022575853,3,0.0007525284308940172
RPL37A,0.0022542805,26,8.67030959433088e-05
DPYD,0.0022542425,24,9.392677263046305e-05
HSPA12A,0.002250586,4,0.0005626464844681323
OR5D13,0.0022504875,3,0.0007501624835034212
SND1,0.0022455575,8,0.00028069468680769205
KPNA7,0.0022445824,5,0.0004489164799451828
RAB38,0.0022438287,9,0.0002493143029924896
ATP12A,0.0022423004,5,0.00044846008531749246
HERC4,0.0022421298,5,0.00044842595234513284
IL20RA,0.002242115,9,0.00024912389926612377
PDE4C,0.0022413095,14,0.00016009353566914797
FBXL21P,0.0022406974,8,0.0002800871734507382
MUC21,0.0022385286,9,0.00024872539668447443
MIR181C,0.0022370147,3,0.0007456715684384108
MANBA,0.0022341793,8,0.00027927241171710193
GRIK2,0.0022335255,10,0.00022335255052894354
IRF7,0.002225668,52,4.280130647552701e-05
CELSR2,0.0022242737,2,0.0011121368734166026
PFDN4,0.0022234565,6,0.00037057608521233004
RIN2,0.0022216237,6,0.00037027061140785616
EBI3,0.0022188094,7,0.00031697277777961323
DGKD,0.0022151442,13,0.00017039570957422256
RAD51B,0.002211806,13,0.00017013891528432185
LRAT,0.0022107237,16,0.00013817023136653006
OR5V1,0.0022079335,4,0.0005519833648577332
PHF2,0.002206069,3,0.0007353563172121843
MUC19,0.0022031737,9,0.00024479707806474634
NEUROG2,0.0022015113,1,0.0022015112917870283
BOC,0.0021988433,14,0.00015706023467438563
TBC1D15,0.00219677,1,0.002196769928559661
EFNA5,0.0021964635,18,0.0001220257513018118
SLC6A13,0.0021928153,14,0.00015662966429122856
DSCC1,0.0021869414,7,0.00031242020694272857
SPOPL,0.0021862183,5,0.00043724365532398223
ALAD,0.0021859477,17,0.00012858516043599914
GNPDA1,0.0021849265,15,0.00014566176881392797
SHISA5,0.0021822124,6,0.00036370207089930773
SERPINB2,0.0021821097,9,0.00024245663856466612
GLYCTK,0.002180403,19,0.00011475805781389538
COX10,0.0021800525,12,0.00018167103795955578
TIAM2,0.0021784632,14,0.00015560451096722057
RNF126,0.0021783195,4,0.0005445798742584884
INPP5K,0.0021765253,16,0.0001360328315058723
TPK1,0.0021756,8,0.00027195000438950956
PDE4B,0.0021743686,16,0.00013589803711511195
MTERF1,0.0021702223,4,0.0005425555864349008
LRIG1,0.0021697208,7,0.0003099601183618818
MANEA,0.002169387,5,0.0004338773898780346
SEMA3B,0.0021685543,2,0.0010842771735042334
CLK2,0.0021679911,1,0.002167991129681468
NPNT,0.0021610407,2,0.0010805203346535563
EPHA3,0.0021578344,9,0.00023975937316815057
MUCL1,0.0021510916,9,0.00023901017589701546
RNU6-1,0.0021509049,2,0.0010754524264484644
TMPRSS6,0.0021494725,4,0.0005373681196942925
CWC22,0.0021491768,4,0.0005372941959649324
PDE6A,0.0021476576,17,0.00012633279787705224
GALR1,0.0021475414,10,0.0002147541381418705
OR10A2,0.0021437244,4,0.0005359310889616609
CLEC12A,0.0021436468,3,0.0007145489410807689
AGTPBP1,0.0021421283,3,0.0007140427672614654
KLRC4,0.0021393532,2,0.0010696765966713428
BMP5,0.0021344128,13,0.00016418559691653802
TMC6,0.0021335897,3,0.0007111965678632259
HNRNPU,0.0021296297,7,0.00030423281714320183
METTL21A,0.002128634,3,0.0007095446344465017
ROBO4,0.0021258178,2,0.0010629089083522558
TOP3A,0.0021257587,26,8.175994914311629e-05
NOX4,0.0021239263,18,0.00011799590558641487
ZNF706,0.002123016,3,0.0007076719775795937
SLIT3,0.0021208136,8,0.0002651016984600574
TIMMDC1,0.0021202068,5,0.0004240413662046194
PON1,0.0021148962,9,0.00023498846631911065
TLE5,0.002112125,9,0.00023468056072791418
SGCD,0.0021112221,6,0.00035187035488585633
VPS35L,0.0021104608,3,0.0007034869243701299
NADK,0.0021082682,10,0.00021082682069391013
GRIK4,0.0021080456,8,0.000263505702605471
ALDH1B1,0.0021040821,38,5.5370582757811794e-05
BCAT1,0.0021006356,32,6.564486102433875e-05
LCE2D,0.0020991922,3,0.0006997307452062765
PPP1R12B,0.0020952593,24,8.730246918275952e-05
KIAA0586,0.0020943126,2,0.001047156285494566
PITPNB,0.0020936183,6,0.00034893637833495933
DNAH12,0.0020927568,10,0.00020927567966282367
FILIP1,0.0020925275,5,0.0004185054916888475
ASTN1,0.0020918138,1,0.0020918138325214386
KCNK12,0.0020915852,3,0.0006971950642764568
PTTG1,0.0020904846,17,0.00012296968249275405
TUBG2,0.002090441,10,0.00020904410630464553
RIIAD1,0.0020892238,1,0.002089223824441433
ARHGAP20,0.0020866585,7,0.00029809407091566494
TSN,0.0020845192,3,0.0006948397494852543
FGF12,0.0020840075,5,0.00041680149734020234
APOA4,0.0020838194,17,0.00012257760938476115
OR11A1,0.0020827074,4,0.0005206768400967121
ZNF875,0.0020818007,4,0.0005204501794651151
HHEX,0.002079694,6,0.0003466156776994467
RPS3,0.0020784244,32,6.495076377177611e-05
EPHB1,0.0020775003,11,0.0001888636668974703
KRT25,0.002076853,4,0.0005192132666707039
KCNB1,0.0020743718,4,0.0005185929476283491
HSCB,0.0020734663,2,0.0010367331560701132
SEMA6D,0.0020709422,8,0.00025886777439154685
CAPN10,0.0020686407,3,0.0006895468880732855
SGF29,0.0020653494,3,0.0006884497900803884
DAPP1,0.0020567467,11,0.00018697697669267654
NF1,0.0020546976,23,8.933467830976714e-05
HOXA2,0.0020535155,5,0.0004107031039893627
RNF6,0.002051148,6,0.0003418580163270235
FUT10,0.0020507718,4,0.0005126929609104991
TRMT44,0.0020498969,3,0.0006832989553610483
TRIM6,0.0020495814,4,0.0005123953451402485
MDGA1,0.0020470924,3,0.0006823641403267781
CGNL1,0.0020460335,2,0.0010230167536064982
PCBD2,0.0020446551,3,0.0006815517166008552
SLC13A3,0.0020443657,7,0.0002920522487589291
TIMM21,0.0020443576,2,0.001022178796119988
TDRD9,0.002041201,3,0.0006804003690679868
WTIP,0.0020395848,6,0.0003399307994792859
DIO1,0.002038538,12,0.00016987816585848728
SLC17A3,0.0020381229,3,0.0006793742844214042
NAPRT,0.002030734,10,0.0002030733972787857
CEACAM3,0.0020277281,5,0.0004055456258356571
UHRF1,0.0020272702,4,0.0005068175378255546
ASIC5,0.0020249377,4,0.0005062344134785235
XPO7,0.00202292,1,0.0020229199435561895
OR10A6,0.0020226089,3,0.0006742029606054226
GLRX,0.0020221714,7,0.0002888816275766918
SLAMF7,0.0020207635,4,0.0005051908665336668
MOXD1,0.0020201826,2,0.0010100912768393755
BCO1,0.0020198787,10,0.00020198787096887828
MITF,0.0020108772,23,8.742944539889045e-05
HEPHL1,0.0020091052,1,0.002009105170145631
TRAPPC9,0.00200848,10,0.00020084800198674201
ZFP1,0.0020041182,4,0.0005010295426473022
ATP2C2,0.0020018716,5,0.0004003743175417185
PTPN2,0.0020000017,18,0.00011111120693385601
DNAH17,0.0019995708,3,0.0006665235850960016
RND3,0.0019981002,5,0.0003996200393885374
PELI1,0.0019976331,28,7.13440406668399e-05
ALPK1,0.0019959211,3,0.0006653070449829102
SLC6A15,0.001995083,8,0.00024938536807894707
SLC30A7,0.0019927952,10,0.00019927951507270336
NEFM,0.00199137,5,0.00039827399887144567
JARID2,0.0019899819,7,0.0002842831225799663
HS3ST3A1,0.0019895649,9,0.00022106276204188666
CTSB,0.0019851304,19,0.00010448054557568149
FBLL1,0.0019849297,1,0.0019849296659231186
EEFSEC,0.0019841865,4,0.0004960466176271439
ZNF420,0.0019841185,7,0.00028344549770866124
FTMT,0.001983062,10,0.00019830618984997272
OR13A1,0.0019821797,3,0.0006607265677303076
MATN4,0.0019817443,2,0.000990872154943645
CARD11,0.001980555,25,7.922220043838024e-05
QSOX1,0.0019793226,11,0.00017993842166933146
NRN1,0.0019758656,4,0.0004939663922414184
GBP3,0.0019752327,6,0.0003292054558793704
DSC3,0.0019744302,3,0.0006581433893491825
KCNK2,0.001974413,10,0.0001974412938579917
XCR1,0.001973675,13,0.0001518211614053983
HYLS1,0.0019736704,1,0.0019736704416573048
SIGLEC15,0.001972715,3,0.0006575716348985831
CCNG1,0.001971658,14,0.00014083272045744316
LILRA6,0.0019700145,5,0.00039400290697813036
TRMT9B,0.0019687463,3,0.0006562487687915564
BTG2,0.0019682874,13,0.00015140672285969442
ABCB5,0.001967033,3,0.0006556776352226734
CLVS2,0.001966967,4,0.0004917417536489666
IPO8,0.001966815,3,0.0006556049920618534
ACP6,0.0019662194,7,0.00028088848505701335
NRG2,0.0019652615,47,4.181407510917238e-05
TXK,0.0019637265,7,0.0002805323539567845
CRTC1,0.001961914,4,0.0004904784727841616
OR5AR1,0.0019609134,3,0.0006536378059536219
VIP,0.001959267,25,7.837068289518357e-05
ACAP2,0.0019561322,2,0.0009780661202967167
SOSTDC1,0.0019557755,3,0.0006519251813491186
TAPT1,0.0019524335,1,0.001952433492988348
OR52E8,0.0019461913,3,0.0006487304344773293
CTRB1,0.0019451976,5,0.0003890395164489746
LCE1C,0.0019441475,3,0.000648049172013998
TBX19,0.0019418453,1,0.0019418452866375446
HTR1B,0.0019378879,14,0.00013842056172766855
FBXO15,0.0019375144,7,0.0002767877719764199
RAB17,0.0019365661,3,0.0006455220282077789
ETS1,0.0019358919,33,5.8663391621049605e-05
RNF152,0.0019358068,5,0.0003871613647788763
LINC02352,0.0019356203,1,0.0019356203265488148
ZNF804B,0.0019344775,3,0.0006448258257781466
VRK2,0.0019344277,18,0.0001074682028653721
ZNF764,0.0019332579,4,0.0004833144776057452
METTL7A,0.001925697,3,0.0006418989893669883
GSTCD,0.0019229716,1,0.0019229715690016747
PSD4,0.0019221606,1,0.0019221606198698282
IDH1,0.0019213905,26,7.389963586599781e-05
IRF8,0.0019212846,11,0.00017466223587028006
LZTFL1,0.0019212671,7,0.00027446673318211524
OR2S2,0.0019186942,4,0.00047967355931177735
GRM4,0.0019139368,17,0.00011258451815913705
ENPEP,0.001913572,4,0.00047839299077168107
OR12D2,0.001913038,3,0.0006376793220018347
SHANK3,0.0019109416,11,0.00017372195989909497
TRAT1,0.0019098211,14,0.00013641579010124718
NLRP10,0.0019097406,1,0.001909740618430078
ITGBL1,0.0019082564,5,0.0003816512878984213
PPFIA3,0.0019039302,10,0.0001903930213302374
SBSPON,0.0019018671,4,0.00047546677524223924
NUPR1,0.0018975502,2,0.0009487750940024853
NPAS2,0.0018957865,7,0.00027082664226847034
ASB3,0.001891888,7,0.0002702697113688503
HLA-DQB2,0.0018912102,18,0.00010506723386545976
BRINP1,0.0018909299,3,0.0006303099604944388
CD44,0.0018907625,32,5.908632738282904e-05
OR2V1,0.0018879321,3,0.0006293106901769837
ST6GAL1,0.0018853607,24,7.85566953709349e-05
P2RY2,0.0018827042,21,8.965258131779375e-05
ORMDL3,0.0018798653,3,0.0006266217678785324
GFRA2,0.0018786929,10,0.0001878692884929478
STEAP4,0.0018769961,2,0.0009384980658069253
PCBD1,0.0018743399,7,0.00026776284045938937
PODXL,0.0018716066,5,0.0003743213135749102
BPNT2,0.0018705217,10,0.00018705216934904455
ULK3,0.0018703092,4,0.00046757730888202786
ATG4D,0.0018695983,4,0.0004673995717894286
ARIH2,0.0018687901,5,0.00037375802639871836
SLC6A7,0.0018664484,11,0.00016967713070864028
PLA1A,0.0018637839,9,0.00020708710265656313
RMND5A,0.0018622512,1,0.0018622511997818947
SIGLEC5,0.001860091,5,0.0003720181994140148
APTX,0.0018589854,1,0.0018589854007586837
CTHRC1,0.0018566906,2,0.0009283453109674156
GABRR3,0.0018556195,10,0.00018556194845587015
PLSCR1,0.0018548043,2,0.0009274021722376347
SALL1,0.0018516541,5,0.0003703308291733265
MCPH1,0.0018494102,5,0.00036988204810768367
USP19,0.0018466008,4,0.0004616501973941922
ANTXR2,0.0018465585,6,0.00030775975513582426
EPHB3,0.0018459084,10,0.00018459083512425422
AUTS2,0.0018457244,5,0.00036914488300681113
GDI2,0.0018426173,8,0.00023032716126181185
CD244,0.0018386104,3,0.0006128701303775111
GRB14,0.0018342559,8,0.00022928198450244963
TDGF1,0.0018338813,6,0.0003056468752523263
USP25,0.0018338804,5,0.00036677608732134105
SCN8A,0.0018324823,9,0.00020360914317684041
ARSA,0.0018314284,20,9.157141903415322e-05
DSEL,0.0018301288,5,0.00036602576728910207
EHD3,0.0018285506,4,0.00045713764848187566
MEX3B,0.0018284037,1,0.001828403677791357
KCNN2,0.0018215731,12,0.00015179776043320695
FAM91A1,0.0018215377,6,0.000303589622490108
ATG10,0.0018214561,7,0.00026020801825714964
SPRED2,0.0018172036,12,0.00015143363270908594
ZBP1,0.0018162451,14,0.0001297317960831736
REG3A,0.0018154838,4,0.0004538709472399205
KARS1,0.0018097739,11,0.0001645248954777013
SERINC5,0.0018093673,3,0.0006031224426502982
KDM5A,0.0018063574,3,0.0006021191366016865
GRM6,0.0017969782,17,0.00010570459862184875
PEDS1-UBE2V1,0.0017966774,54,3.32718029514783e-05
CDT1,0.0017963088,16,0.00011226929927943274
TMC2,0.0017959292,4,0.00044898228952661157
MIR129-1,0.0017952961,2,0.0008976480457931757
FRMD6,0.0017907101,2,0.0008953550714068115
SFTPC,0.0017905916,3,0.0005968638773386677
MEIS1,0.0017868879,3,0.0005956292928506931
KLHL42,0.0017858957,7,0.0002551279529663069
AHI1,0.0017848357,6,0.000297472618209819
PRDM1,0.0017841752,12,0.000148681264060239
TRPM6,0.0017841514,5,0.00035683028399944303
DACT1,0.0017807418,4,0.000445185462012887
NECAP1,0.0017804691,6,0.00029674484782541793
TRIM36,0.0017792672,4,0.00044481680379249156
LCE1E,0.0017786225,4,0.00044465562677942216
SFTA3,0.0017773523,2,0.0008886761497706175
NCALD,0.0017764303,7,0.0002537757557417665
CTLA4,0.0017759012,24,7.399588260644425e-05
TIMELESS,0.0017711589,7,0.0002530226982863886
RNF217,0.001770695,4,0.00044267374323680997
NRXN1,0.0017686926,7,0.0002526703756302595
FOXK1,0.0017683241,4,0.00044208101462572813
USP43,0.0017655592,4,0.0004413897986523807
BTN2A1,0.001765023,3,0.000588340995212396
ATXN3,0.0017639279,12,0.0001469939888920635
CATSPER3,0.0017636849,3,0.0005878949693093697
TAF15,0.0017632085,21,8.396231125862825e-05
UBE2U,0.0017593773,5,0.0003518754616379738
IL17F,0.0017564986,6,0.0002927497650186221
TIMM44,0.001753441,2,0.0008767205290496349
PIK3C2B,0.001751653,21,8.341204929387285e-05
FXYD3,0.0017502704,10,0.00017502703703939915
CALCR,0.0017495132,17,0.0001029125414788723
PADI6,0.0017467906,4,0.00043669765000231564
ARL4C,0.00174652,4,0.0004366300127003342
ZNF770,0.0017396793,3,0.0005798930845533808
HMG20B,0.0017395837,9,0.00019328707518676916
DUSP1,0.0017392747,22,7.905794138258153e-05
SLC14A2,0.0017373639,32,5.4292620916385204e-05
ASH1L,0.0017351974,6,0.0002891995633641879
TGS1,0.0017351063,12,0.00014459219528362155
SEC14L1,0.0017336585,2,0.0008668292430229485
EPM2A,0.0017321081,4,0.00043302701669745147
TNFSF4,0.001730596,7,0.00024722799259637086
FCAMR,0.0017281316,2,0.0008640657761134207
NBAS,0.0017279432,5,0.00034558863844722507
GRID1,0.0017268166,2,0.0008634083205834031
RAB3GAP2,0.0017263419,8,0.0002157927374355495
ATP8A2,0.0017250308,3,0.0005750102767099937
ATG16L1,0.00172345,10,0.00017234500264748931
LYPD5,0.0017222246,3,0.0005740748795991143
NCR1,0.001718719,4,0.00042967975605279207
ZNF101,0.0017180892,4,0.00042952230433002114
RAB44,0.0017174112,6,0.00028623520241429407
SLCO3A1,0.0017114112,6,0.0002852351947998007
MRPS33,0.0017102775,6,0.0002850462527324756
DENND3,0.0017094036,4,0.0004273508966434747
RASGRP3,0.0017089011,20,8.544505690224468e-05
CNTFR,0.0017068246,13,0.00013129420291918976
EPSTI1,0.0017055357,6,0.0002842559479176998
VASH1,0.0017040705,3,0.0005680234947552284
TBCE,0.0017033388,3,0.000567779604656001
ADAMTS6,0.0017026723,4,0.0004256680840626359
RGL2,0.0016999091,6,0.00028331818369527656
MICAL2,0.0016976168,1,0.0016976167680695653
CLPTM1L,0.0016948037,1,0.0016948037082329392
DHX36,0.0016938017,6,0.00028230028692632914
CADM1,0.0016924625,8,0.00021155780996195972
ADHFE1,0.0016921278,10,0.00016921277856454253
MGMT,0.0016915496,6,0.0002819249251236518
CITED4,0.0016912566,5,0.00033825132995843885
RDH13,0.0016902213,5,0.0003380442503839731
ROBO1,0.0016898199,15,0.00011265465679268042
STIL,0.001689399,1,0.001689399010501802
PALB2,0.0016884555,13,0.00012988118956295343
RGS3,0.0016872878,15,0.00011248585457603136
EYA2,0.0016820537,4,0.0004205134173389524
PLEKHG6,0.0016788377,7,0.00023983395658433437
SLC25A21,0.0016787801,4,0.00041969501762650907
TTLL10,0.0016773266,3,0.000559108875071009
SELENBP1,0.0016769504,2,0.0008384751854464412
ACOT6,0.0016752991,10,0.0001675299135968089
MED24,0.0016750417,6,0.00027917362361525494
OR4C6,0.0016738595,3,0.0005579531813661257
FOXN3,0.0016718901,1,0.001671890146099031
MKKS,0.0016696679,2,0.0008348339470103383
CALD1,0.0016648544,5,0.0003329708706587553
TRIM10,0.0016639058,4,0.00041597645031288266
AXL,0.0016606986,8,0.00020758731989189982
TPD52L1,0.0016605372,4,0.0004151343018747866
CAPN8,0.0016593242,2,0.0008296620799228549
DOT1L,0.001656463,7,0.00023663757435445274
TBC1D3B,0.0016539183,4,0.00041347957449033856
COPRS,0.0016492693,3,0.0005497564173613986
DCUN1D5,0.0016491606,3,0.0005497202121963104
ANKS1B,0.0016471564,1,0.0016471564304083586
DENND2B,0.0016465342,4,0.0004116335476282984
SLC24A2,0.0016447674,5,0.0003289534710347652
FZD3,0.0016430968,47,3.495950628309808e-05
ZNF485,0.001640127,3,0.0005467090134819349
UBXN4,0.001636747,1,0.0016367470379918814
PREX2,0.0016349356,13,0.0001257642781218657
MLN,0.0016336886,14,0.00011669204104691744
ZMAT5,0.0016321107,4,0.00040802767034620047
TLR5,0.0016300182,18,9.055656846612692e-05
NMNAT2,0.0016288501,13,0.00012529616315777486
PADI3,0.0016267931,3,0.000542264354104797
CD38,0.0016267886,17,9.569344932542128e-05
COL15A1,0.001626751,7,0.00023239300519760166
TGFBI,0.0016261635,3,0.0005420544960846504
GALNT17,0.0016248144,8,0.00020310179388616234
TOMM40,0.0016241858,10,0.0001624185824766755
CDH8,0.0016231237,7,0.00023187480733862946
NDUFA5,0.0016188618,25,6.475447211414576e-05
KCNS3,0.0016185688,3,0.0005395229284962019
NID2,0.0016182782,2,0.0008091391064226627
CDSN,0.0016172623,3,0.0005390874187772473
PRM3,0.0016172362,1,0.0016172361792996526
CPEB3,0.001616915,2,0.000808457494713366
LSP1,0.0016168891,3,0.0005389630484084288
NKX2-5,0.001614052,8,0.00020175649842713028
ME3,0.0016135399,9,0.00017928220849070285
ENGASE,0.0016119687,5,0.0003223937470465899
PIBF1,0.0016118262,3,0.0005372754142930111
HNRNPAB,0.0016099429,2,0.0008049714379012585
ADAMTSL1,0.0016080171,4,0.00040200428338721395
MTF2,0.0016071305,6,0.0002678550857429703
SNRNP70,0.001605061,8,0.00020063262491021305
SMU1,0.0016034399,1,0.0016034399159252644
MBD2,0.0016010711,6,0.00026684518282612163
CRPPA,0.0016004993,2,0.000800249632447958
TBC1D1,0.0016003245,5,0.00032006490509957076
ZCCHC7,0.0015988684,1,0.0015988684026524425
TNFSF15,0.0015986089,6,0.0002664348188166817
EDAR,0.0015952183,7,0.00022788833095026867
PCSK9,0.0015948347,13,0.00012267959447434315
THSD7B,0.0015924665,4,0.0003981166228186339
MLLT3,0.0015918864,6,0.000265314398954312
SPARCL1,0.0015889651,4,0.00039724126690998673
C8orf44-SGK3,0.0015880959,3,0.000529365303615729
PDE7A,0.0015848738,10,0.0001584873767569661
OR5B17,0.0015819569,3,0.0005273189550886551
PIWIL1,0.0015808886,4,0.0003952221595682204
AIF1,0.0015800326,2,0.000790016318205744
THSD7A,0.0015765881,4,0.0003941470349673182
ZNF45,0.0015695933,4,0.00039239833131432533
DYSF,0.0015673162,2,0.0007836581207811832
ADAM15,0.0015660813,4,0.0003915203269571066
MBL2,0.0015653573,14,0.00011181123721014176
ETV1,0.0015642116,2,0.000782105780672282
KCNG2,0.001563715,3,0.0005212383499989907
ARFGAP1,0.0015612742,18,8.673745388579037e-05
KRT24,0.0015604435,4,0.0003901108866557479
MAPT,0.001559858,30,5.1995265918473404e-05
ACAA2,0.0015593123,55,2.8351133435287257e-05
HHAT,0.0015591756,7,0.00022273936441966465
HEXD,0.0015579897,2,0.0007789948722347617
KCNJ1,0.001554727,6,0.00025912116204078
INS-IGF2,0.001553759,2,0.0007768794894218445
GORASP2,0.0015533678,5,0.0003106735646724701
ASCC2,0.0015530398,4,0.00038825994124636054
IRF4,0.0015498314,18,8.610174215088288e-05
VLDLR,0.0015473326,14,0.00011052375858915704
NEK1,0.001545825,1,0.0015458250418305397
MTMR9,0.001543409,8,0.00019292611978016794
ARHGAP8,0.0015425509,28,5.509110217514847e-05
TNFRSF13B,0.0015421293,10,0.00015421293210238218
CRBN,0.0015415837,4,0.00038539592060260475
SMC2,0.0015414993,9,0.00017127769792245494
ZFAND5,0.0015407491,2,0.0007703745504841208
APOBEC1,0.0015380813,4,0.0003845203318633139
YARS1,0.0015314061,11,0.00013921873389997265
ZCRB1,0.0015311091,13,0.00011777762287797836
SGK3,0.0015272254,7,0.00021817505226603577
FBN2,0.0015266713,3,0.0005088904484485587
ATP2B4,0.0015233714,21,7.254149698253189e-05
MRPL4,0.00152141,7,0.00021734427926795824
RALGAPA2,0.0015207732,3,0.0005069243876884381
MIR495,0.0015207318,1,0.0015207318356260657
SLC26A7,0.0015202126,6,0.0002533687705484529
MYL2,0.0015201299,31,4.9036446838609634e-05
CREM,0.0015191006,7,0.00021701437487666096
NEURL1B,0.0015188755,17,8.934561628848314e-05
SLC35C1,0.0015167379,11,0.00013788525988771156
SLC4A3,0.0015166432,4,0.0003791608032770455
GABRG3,0.0015140483,15,0.00010093655437231064
EPS8L2,0.0015126462,4,0.000378161552362144
STK10,0.0015110142,11,0.00013736492573198947
ZDHHC7,0.0015093997,5,0.00030187994707375765
RUNX1T1,0.0015061153,4,0.00037652882747352123
FLNB,0.0015050245,15,0.00010033496655523778
SCARB2,0.0015025431,7,0.00021464901510626078
ZNF175,0.0015010159,4,0.00037525396328419447
GPR65,0.0014997983,7,0.00021425689504082714
TNFRSF10D,0.001498695,17,8.815852925181389e-05
TAF1C,0.0014970407,11,0.00013609461232342503
IP6K2,0.0014946036,10,0.00014946035807952284
ATP2C1,0.0014918301,4,0.0003729575255420059
KMT5C,0.0014904201,5,0.00029808401595801117
GPNMB,0.0014899872,4,0.0003724968119058758
KIF12,0.001488784,8,0.0001860979973571375
SEL1L,0.0014865438,20,7.432718994095921e-05
CLEC2B,0.0014864685,4,0.00037161711952649057
TIE1,0.0014858772,1,0.0014858772046864033
ZNF544,0.0014854706,4,0.00037136764149181545
TRIM2,0.0014850291,4,0.0003712572797667235
MST1R,0.0014800854,7,0.00021144077514431307
DUT,0.0014797236,15,9.864824047933022e-05
INSIG1,0.0014767898,1,0.0014767898246645927
SLC4A4,0.0014753463,8,0.00018441828433424234
NFIX,0.0014668584,1,0.001466858433559537
GPR1,0.0014656372,1,0.0014656372368335724
SYT2,0.0014647591,12,0.00012206325967175265
LMO2,0.0014644758,6,0.00024407929352795085
ASAP1,0.0014613234,14,0.00010438023933342524
RAB5B,0.0014599026,21,6.951917228954179e-05
HNF4G,0.001457569,6,0.00024292815942317247
PDP1,0.0014545079,5,0.0002909015864133835
PUM2,0.0014532725,2,0.000726636266335845
ZNF766,0.0014504062,1,0.0014504061546176672
JAML,0.0014503435,6,0.0002417239205290874
PPL,0.0014499138,6,0.00024165230570361018
ADA,0.0014493155,35,4.1409013127642016e-05
COLEC12,0.0014480893,7,0.00020686989384038107
KCNF1,0.0014475891,3,0.000482529712220033
SLITRK1,0.0014460187,3,0.00048200623132288456
DCP1B,0.0014458732,6,0.000240978862469395
PAPPA2,0.0014451452,2,0.0007225726149044931
PLCD3,0.0014439515,17,8.49383239469984e-05
PCK2,0.0014438763,26,5.553370395388741e-05
IKZF3,0.001443035,2,0.0007215174846351147
KCNV2,0.00144275,3,0.000480916661520799
PIAS1,0.0014394197,38,3.7879465564497206e-05
HAND1,0.0014334449,5,0.00028668898157775403
PATJ,0.0014320418,7,0.0002045773934306843
RTEL1,0.001429382,13,0.00010995246255053923
TOM1L1,0.0014265705,1,0.0014265704667195678
SPINK5,0.0014252956,3,0.000475098534176747
RAB25,0.0014250362,4,0.00035625905729830265
SST,0.0014230676,40,3.557669115252793e-05
VPS29,0.0014220711,6,0.00023701185515771309
ZNF300,0.0014215505,4,0.00035538763040676713
OVGP1,0.0014211516,3,0.00047371718877305585
NCR3LG1,0.001420616,3,0.0004735386852795879
MSL2,0.0014200679,4,0.00035501696402207017
UNC5C,0.001418775,7,0.00020268213536058153
DDIT4L,0.0014167533,1,0.0014167532790452242
KCNH1,0.0014159711,3,0.0004719903614992897
HS3ST3B1,0.001412666,9,0.00015696289483457804
AQP7,0.0014108585,8,0.00017635730910114944
TMC1,0.0014064286,4,0.00035160715924575925
MAFB,0.0014027234,2,0.0007013616850599647
CTNNA3,0.001402282,10,0.00014022820396348835
PHF19,0.0014013839,3,0.0004671279651423295
HDAC10,0.001400884,25,5.603536032140255e-05
FREM1,0.0013979536,2,0.0006989768007770181
EPHA7,0.001396527,6,0.0002327545080333948
STC1,0.0013963876,1,0.0013963875826448202
HSD17B1,0.0013917248,11,0.00012652043634178963
SNRPE,0.0013871206,15,9.247470491876204e-05
SOX17,0.0013833087,12,0.00011527572254029413
SCT,0.0013811304,23,6.0049148843340255e-05
CIT,0.0013809643,12,0.0001150803582277149
KIAA0319,0.0013778857,4,0.00034447142388671637
IFT22,0.0013776042,5,0.0002755208406597376
TSKU,0.0013775167,1,0.001377516658976674
LMO7,0.0013766023,8,0.00017207529162988067
CX3CR1,0.0013761885,14,9.829917689785361e-05
SAR1A,0.0013757339,4,0.0003439334686845541
ADAMTS18,0.0013721251,6,0.0002286875193628172
BACE2,0.0013719439,1,0.0013719438575208187
WWOX,0.0013698294,11,0.00012452994600277054
ASCC1,0.0013693486,5,0.00027386972215026617
GABRP,0.0013691519,7,0.00019559312412249192
PAX7,0.0013674931,3,0.00045583102231224376
CHRNG,0.0013673467,9,0.00015192741476413276
ANK3,0.0013671212,15,9.114141575992108e-05
NECTIN1,0.0013664607,10,0.000136646069586277
CLINT1,0.0013662372,5,0.0002732474356889725
COL13A1,0.0013650323,7,0.00019500461140913622
CAVIN1,0.0013648977,11,0.0001240816094319929
VHL,0.0013642784,37,3.687238849296763e-05
LGALS9,0.0013639362,5,0.0002727872459217906
GPR35,0.0013628111,6,0.00022713517925391594
PLA2R1,0.0013591842,2,0.0006795920780859888
FXYD7,0.0013518813,10,0.0001351881306618452
RIDA,0.0013518075,3,0.00045060249976813793
KCNN3,0.0013503665,5,0.000270073302090168
ABLIM2,0.0013501479,6,0.00022502464707940817
CERS6,0.0013499365,9,0.00014999294136133458
S1PR2,0.0013497124,13,0.00010382402867365342
CCDC88C,0.0013480703,5,0.00026961406692862513
KCNK5,0.0013466707,5,0.00026933413464576007
UTRN,0.0013459753,2,0.000672987662255764
KCNK9,0.0013455885,9,0.00014950983071078858
EVA1A,0.001345496,4,0.00033637401065789163
DSCAM,0.0013452354,7,0.00019217648410371372
GAK,0.0013444301,5,0.0002688860287889838
GDAP1,0.0013443711,3,0.0004481237071255843
PLEKHH1,0.0013436526,1,0.001343652606010437
OR1Q1,0.0013417327,4,0.0003354331711307168
ENC1,0.0013412796,2,0.0006706397980451584
GALC,0.0013396078,12,0.00011163397963779668
RHOBTB1,0.0013375636,7,0.00019108051700251444
TAF1A,0.0013350263,11,0.00012136603155258027
EMP2,0.0013343453,1,0.0013343453174456954
DNAH9,0.0013317553,3,0.00044391843645522994
INTS11,0.0013315864,3,0.00044386213024457294
TRAIP,0.001329144,4,0.00033228599932044744
PYGO1,0.0013253742,8,0.00016567177954129875
S100P,0.0013230968,6,0.00022051613389824828
KIR3DL3,0.0013213456,3,0.000440448522567749
ANKRD9,0.0013183069,3,0.00043943563165764016
GALNT10,0.0013176834,8,0.00016471042181365192
SEMA3D,0.0013175751,1,0.0013175751082599163
GAS1,0.0013161651,9,0.0001462405650979943
CEP120,0.0013111071,3,0.0004370356909930706
ACOXL,0.0013089085,5,0.0002617816906422377
SSU72,0.0013076655,1,0.0013076654868200421
PLCH2,0.0013064733,9,0.00014516369750102362
UGT1A9,0.0013059014,45,2.9020032121075524e-05
REV3L,0.0013052077,10,0.00013052077265456318
CCDC59,0.0013048362,2,0.0006524181226268411
LSAMP,0.0013021708,3,0.00043405693334837753
UBE2E3,0.0013001125,9,0.0001444569400822123
ARHGAP31,0.0012939895,7,0.00018485564006758587
DPF1,0.0012926668,4,0.0003231666923966259
CR1L,0.0012914574,7,0.00018449392103190933
ADD3,0.0012905018,8,0.000161312724230811
PTPN7,0.0012893368,11,0.00011721243870190598
QTRT2,0.0012888482,3,0.00042961607687175274
PLAC8,0.0012881248,5,0.00025762496516108514
NFASC,0.0012861184,10,0.00012861184077337385
TSPAN33,0.0012842882,2,0.0006421441212296486
PRPF4B,0.0012839345,3,0.00042797815209875506
PPM1K,0.0012831263,3,0.00042770876704404753
CRACR2A,0.0012818924,4,0.0003204731037840247
PLCH1,0.0012792777,11,0.00011629797518253326
PTHLH,0.0012790868,20,6.395434029400348e-05
NSF,0.0012780362,27,4.7334672503725245e-05
AKAP12,0.001277846,7,0.00018254943591143404
TRIM31,0.0012765056,4,0.00031912641134113073
CLEC2D,0.0012738177,3,0.00042460591066628695
GBE1,0.0012715737,14,9.082669358966606e-05
SH3PXD2A,0.0012712616,7,0.0001816088001110724
ZNF343,0.0012702262,4,0.0003175565507262945
ARHGEF3,0.0012701935,14,9.072810644283891e-05
COMMD6,0.0012688237,3,0.0004229412491743763
GRAP2,0.0012687233,26,4.8797049273092016e-05
DAG1,0.0012663321,23,5.50579178430464e-05
CD226,0.0012640746,4,0.0003160186461172998
PTPN14,0.0012635654,1,0.0012635653838515282
TAF1B,0.0012617963,12,0.0001051496947184205
IRX5,0.0012598092,2,0.0006299046217463911
HSPBP1,0.0012597761,1,0.0012597760651260614
MIR187,0.0012596451,1,0.0012596450978890061
SLC47A2,0.0012583114,4,0.0003145778609905392
PTX3,0.0012583041,6,0.0002097173516328136
OR13D1,0.0012580534,3,0.00041935111706455547
PHYKPL,0.0012574178,7,0.00017963111999311617
ARSJ,0.0012571912,8,0.00015714889741502702
FBXO9,0.0012568986,7,0.00017955694680235216
PCDH15,0.0012558174,4,0.00031395434052683413
MIR132,0.0012550208,7,0.0001792886926393424
CLIC5,0.0012535315,4,0.00031338288681581616
KIF13A,0.0012529928,4,0.0003132481942884624
DLGAP2,0.0012509159,3,0.0004169719759374857
ANTXR1,0.0012501574,7,0.00017859390936791897
PSMA6,0.0012491286,33,3.785238192049843e-05
LARGE1,0.0012438885,4,0.00031097212922759354
LHX4,0.001243218,5,0.0002486435929313302
CCR2,0.0012431567,23,5.405029261727696e-05
OR14J1,0.0012426577,4,0.0003106644144281745
RGMB,0.0012421752,6,0.00020702920543650785
OR14A16,0.0012405324,3,0.0004135107931991418
PRRC2C,0.0012372608,1,0.0012372607598081231
SLC22A16,0.0012363858,6,0.0002060642970415453
ATF5,0.001236134,5,0.00024722679518163204
USP1,0.0012317083,8,0.00015396354137919843
TRIM21,0.0012300938,11,0.00011182670608501543
DOCK10,0.0012291301,12,0.0001024275067417572
PSRC1,0.0012288346,1,0.0012288346188142896
LPAR1,0.001228458,23,5.341121805426867e-05
RHBDD2,0.0012281085,1,0.001228108536452055
OR2J3,0.0012260141,4,0.00030650352709926665
ADGRL3,0.0012205136,2,0.0006102568004280329
TSEN15,0.0012197389,4,0.0003049347142223269
SYN2,0.0012196363,6,0.00020327271583179632
RGS17,0.0012191881,14,8.708486400012459e-05
NT5M,0.0012182557,12,0.00010152131047410269
KCNC2,0.0012177809,3,0.00040592695586383343
STX6,0.0012167406,6,0.00020279009671260914
ABCC12,0.0012151873,1,0.001215187250636518
BTN3A2,0.0012137268,3,0.00040457560680806637
CCL7,0.0012125538,11,0.0001102321654219519
VPS37A,0.0012117595,13,9.321227060774199e-05
RAD18,0.0012097524,7,0.00017282177161957537
FBXL17,0.0012077737,7,0.0001725390985874193
B3GNT2,0.001207548,13,9.288830467714713e-05
KRT2,0.0012068308,2,0.0006034154212102294
CD19,0.0012063751,30,4.021250254785021e-05
HMGA1,0.0012055999,26,4.63692256464408e-05
TNFAIP2,0.0012046682,1,0.0012046681949868798
GPR75-ASB3,0.001203532,7,0.00017193314020654986
NR5A2,0.0012031277,12,0.000100260639252762
TRIM5,0.0012014543,6,0.00020024238619953394
RANBP3,0.0012005696,3,0.00040018985358377296
NAP1L1,0.00120047,2,0.0006002350128255785
LHX9,0.0011987463,5,0.00023974925279617308
GFI1,0.001197521,4,0.00029938024817965925
TRAFD1,0.0011973911,1,0.0011973910732194781
RORB,0.0011968253,6,0.0001994708824592332
PDE1A,0.0011952543,27,4.426867666619795e-05
KCNA2,0.0011901964,3,0.00039673212449997663
FPR2,0.0011901788,19,6.264098919928074e-05
SMYD3,0.001188847,6,0.00019814116725077233
LRRK2,0.0011868335,10,0.00011868334840983152
NCAM2,0.0011867654,2,0.0005933826905675232
CCT6B,0.0011843222,10,0.00011843221727758646
OR51L1,0.001181615,3,0.000393871683627367
VARS2,0.0011806283,7,0.00016866118780204227
UGT1A5,0.0011781176,21,5.610083739849783e-05
GATB,0.0011774075,2,0.0005887037259526551
DNAJB4,0.0011769255,1,0.0011769254924729466
HCN1,0.0011767524,5,0.000235350476577878
OR2F2,0.0011753198,4,0.00029382994398474693
PFKFB3,0.0011747399,15,7.831599408139786e-05
CTU2,0.0011744411,4,0.0002936102682724595
FAF2,0.0011733227,8,0.00014666533388663083
PROX1,0.0011708247,2,0.0005854123737663031
LAPTM4A,0.0011704541,2,0.0005852270405739546
BAZ1B,0.0011697848,9,0.0001299760899403029
TRIM71,0.0011690904,7,0.0001670129131525755
ADO,0.0011686122,7,0.00016694459398942335
ZFP42,0.0011672382,2,0.000583619112148881
TOMM7,0.0011669659,8,0.0001458707411075011
ADAM19,0.0011634732,3,0.00038782441212485236
OR52B4,0.0011627091,1,0.001162709086202085
LSM4,0.0011623045,9,0.0001291449492176374
TAF11,0.0011612748,21,5.52988023541513e-05
DPH5,0.0011612001,5,0.00023224002216011287
ZFP36L1,0.0011600198,6,0.00019333662930876017
SCAF11,0.0011595141,1,0.0011595140676945448
KCNMA1,0.0011584514,19,6.0971127822995186e-05
PTGER3,0.0011583976,19,6.096829709253813e-05
ALLC,0.001158354,2,0.0005791769945062697
KIRREL3,0.0011581909,3,0.00038606363038221997
TRPM5,0.0011581604,5,0.00023163207806646823
CDV3,0.0011571657,2,0.0005785828689113259
IFNLR1,0.0011571216,11,0.00010519287421960722
KPNA3,0.0011568933,6,0.0001928155543282628
VPS25,0.0011561003,4,0.00028902507619932294
ANO1,0.0011532423,3,0.00038441410288214684
ZFPM2,0.0011523964,5,0.0002304792869836092
CST5,0.0011519811,3,0.0003839936883499225
APBB1IP,0.001151593,24,4.7983043865921594e-05
THOC1,0.0011507897,10,0.00011507896706461907
RBM5,0.0011467497,5,0.0002293499419465661
CELA3B,0.0011431604,2,0.0005715801962651312
PER3,0.0011430033,3,0.0003810011160870393
RCAN1,0.0011425214,8,0.0001428151736035943
COPZ2,0.0011400493,11,0.00010364084631543268
NECTIN4,0.001139775,6,0.0001899625058285892
SOX9,0.001138614,22,5.1755182953043416e-05
ARSI,0.0011377117,8,0.00014221396122593433
RIN3,0.001136092,4,0.0002840230008587241
ADAMTS20,0.0011358698,4,0.0002839674416463822
ACOT11,0.0011349904,4,0.00028374759131111205
ZNF462,0.001132393,1,0.0011323930229991674
STXBP4,0.001131231,3,0.000377076988418897
FLG2,0.0011303239,3,0.0003767746190230052
PPP4R1,0.0011299042,1,0.0011299041798338294
TRPA1,0.0011287535,6,0.000188125588465482
RBFOX1,0.0011285802,6,0.00018809669806311527
EOMES,0.0011278309,8,0.0001409788674209267
GAP43,0.0011265089,7,0.0001609298467103924
MYOCD,0.0011256968,2,0.0005628484068438411
MOS,0.0011245713,9,0.00012495236781736216
UBE2V2,0.001123602,24,4.6816751516113676e-05
CDH11,0.0011214914,9,0.00012461015851133398
SDR16C5,0.0011202516,7,0.00016003594334636415
ACO2,0.0011199836,29,3.8620124667369086e-05
ELAVL2,0.0011191237,4,0.000279780913842842
EEF2KMT,0.0011174298,3,0.000372476604146262
LAIR2,0.0011169142,3,0.0003723047363261382
FUT9,0.0011155952,11,0.00010141774758019231
GFPT2,0.0011140888,13,8.569913916289806e-05
RAB3C,0.00111374,3,0.0003712466762711604
GFER,0.0011120515,2,0.0005560257704928517
CARMIL1,0.0011089979,2,0.0005544989253394306
NRROS,0.0011087985,2,0.0005543992738239467
ATG3,0.0011087516,8,0.00013859395403414965
OSBPL7,0.0011086485,5,0.0002217296976596117
PDLIM5,0.0011074232,4,0.0002768558042589575
UCN3,0.0011072698,5,0.00022145395632833242
MATN1,0.0011068229,3,0.00036894095440705615
ATXN1,0.0011063246,3,0.0003687748685479164
DAPK2,0.0011062466,8,0.00013828082592226565
RAB1A,0.0011060649,26,4.25409570407982e-05
SLC7A8,0.0011055884,38,2.909443145127673e-05
ZFP90,0.0011031249,4,0.000275781232630834
GAL3ST2,0.0011026077,1,0.0011026076972484589
SLCO2A1,0.0011025472,5,0.00022050943225622178
LTF,0.0010994265,11,9.994786656038328e-05
RAG1,0.0010994107,6,0.00018323511661340794
IL1RL2,0.0010974908,7,0.00015678439688469683
CD2,0.0010933776,8,0.00013667219900526106
LILRB5,0.001092014,5,0.00021840280387550593
ZNF302,0.0010899715,4,0.000272492878139019
OR2G2,0.0010898288,3,0.0003632762624571721
ENSA,0.0010894057,6,0.0001815676223486662
OR6S1,0.0010890237,3,0.0003630078863352537
MMRN1,0.0010885149,4,0.00027212873101234436
LIN52,0.0010883944,9,0.00012093271491014295
LILRA2,0.0010862466,5,0.0002172493143007159
PHB,0.0010847945,4,0.00027119863079860806
CCDC50,0.001084531,1,0.001084530958905816
IQSEC1,0.0010845183,4,0.00027112956740893424
VLDLR-AS1,0.00108339,1,0.0010833899723365903
DNAJB6,0.0010833766,8,0.00013542207307182252
TMX3,0.0010789918,4,0.0002697479503694922
DOK6,0.0010785633,5,0.00021571265533566476
LIF,0.0010754754,28,3.840983429524515e-05
IL17RD,0.0010738946,9,0.00011932161740130848
TMPRSS11D,0.001073735,1,0.0010737349512055516
C19orf12,0.0010731174,1,0.0010731173679232597
CORIN,0.0010729057,5,0.00021458114497363567
ANXA6,0.0010728837,4,0.00026822093059308827
POGLUT1,0.001072126,5,0.0002144251950085163
PDHX,0.0010712587,12,8.927155674124758e-05
SELENOP,0.0010706957,7,0.0001529565280569451
MAS1,0.0010691938,6,0.0001781989703886211
NAA20,0.0010687321,1,0.001068732119165361
OSCAR,0.0010681156,6,0.00017801926393682757
TAAR9,0.0010676002,14,7.625715807080269e-05
ADD2,0.0010674018,2,0.0005337009206414223
ANO5,0.0010664812,3,0.0003554937429726124
RBMXL2,0.0010662645,1,0.0010662644635885954
DLGAP1,0.001064047,5,0.0002128093969076872
ADIPOR1,0.0010610147,10,0.00010610147146508097
GALNS,0.0010597657,7,0.00015139509923756123
SIRPB1,0.0010595027,7,0.00015135753035013164
TNFRSF6B,0.001058511,18,5.880616501801544e-05
TRIM26,0.0010579616,4,0.00026449040160514414
SHTN1,0.0010575479,5,0.00021150957327336072
PABPC3,0.0010569954,3,0.000352331786416471
LILRB4,0.0010566986,5,0.00021133972331881522
LCE3A,0.001056656,3,0.0003522186695287625
CHST8,0.0010543487,8,0.0001317935821134597
EXTL2,0.0010542526,4,0.0002635631535667926
SLC10A6,0.0010514598,3,0.0003504866035655141
SRP54,0.0010510297,6,0.0001751716093470653
SLCO4C1,0.0010508376,7,0.00015011965297162533
TYMP,0.0010505274,23,4.567510610365349e-05
RBM28,0.001046613,1,0.0010466129751875997
MSRA,0.0010450835,4,0.00026127087767235935
WDPCP,0.0010437793,2,0.0005218896549195051
SIGIRR,0.0010433819,6,0.0001738969779883822
SLC25A28,0.0010432904,2,0.0005216451827436686
MTSS1,0.0010423873,3,0.0003474624439453085
SLITRK6,0.001041681,4,0.0002604202600196004
ARID1B,0.0010391902,12,8.659918482104938e-05
ABHD17C,0.0010378455,5,0.0002075691008940339
NUTF2,0.0010365953,1,0.00103659532032907
MZT1,0.0010348519,9,0.0001149835427188211
TWSG1,0.0010316696,1,0.0010316695552319288
ZFP36L2,0.0010307956,3,0.000343598541803658
PLEKHA6,0.0010300535,6,0.00017167557962238789
CES1P1,0.0010294798,1,0.0010294797830283642
ARHGEF15,0.0010288041,17,6.051788873532239e-05
USP38,0.0010258853,1,0.0010258853435516357
SERPINB5,0.0010257693,6,0.00017096154624596238
HABP4,0.001024797,4,0.00025619924417696893
DOCK3,0.0010243575,11,9.3123409897089e-05
MED26,0.0010241196,5,0.00020482391119003296
ANXA11,0.001024036,2,0.0005120179848745465
ESM1,0.0010217695,1,0.0010217694798484445
HACE1,0.0010212922,4,0.0002553230442572385
GALNTL5,0.0010189891,6,0.00016983152211954197
PWWP3A,0.0010172562,1,0.001017256174236536
FHL2,0.0010171661,10,0.0001017166068777442
HNF4A,0.0010164385,14,7.260274807257312e-05
KRT86,0.0010153513,2,0.000507675635162741
LBR,0.001014022,39,2.6000565132842614e-05
MNX1,0.0010138154,1,0.0010138154029846191
STARD10,0.0010136566,5,0.00020273132249712945
PGAP1,0.0010127052,5,0.00020254103001207113
DAXX,0.0010120347,45,2.248966031604343e-05
DUSP4,0.0010117296,40,2.5293239741586148e-05
MYSM1,0.0010109135,4,0.0002527283795643598
NANOGP8,0.0010100683,2,0.0005050341715104878
AIM2,0.0010089914,9,0.00011211015387541718
SLC9A8,0.0010057614,4,0.0002514403604436666
KIN,0.0010049909,3,0.0003349969629198313
IZUMO3,0.0010033983,3,0.00033446610905230045
TRPC4,0.0010029583,7,0.00014327975389148508
LRP12,0.0010008819,6,0.00016681364892671505
PLEKHA7,0.0010001116,1,0.0010001115733757615
STON1-GTF2A1L,0.0009970607,4,0.00024926516925916076
CCDC187,0.0009950949,5,0.00019901897758245468
PRRG4,0.0009919202,2,0.0004959601210430264
ZNF516,0.0009911408,3,0.0003303802805021405
PPP2R2C,0.000989906,18,5.499477912154463e-05
GJA5,0.0009884366,3,0.00032947887666523457
USP34,0.0009878853,7,0.00014112646957593306
PROM1,0.0009864384,2,0.0004932191804982722
FBLN2,0.0009864084,3,0.00032880281408627826
SLC22A5,0.0009860618,13,7.585090441772572e-05
GZMB,0.0009851847,26,3.789171863060731e-05
TMPRSS4,0.0009839116,2,0.0004919557832181454
LHPP,0.0009812355,5,0.000196247105486691
GPC6,0.0009807341,14,7.005243761731046e-05
SLC9A2,0.000980646,4,0.00024516150006093085
H19,0.0009803128,3,0.00032677093986421824
LSM8,0.0009801106,6,0.00016335176769644022
ANXA5,0.000977964,7,0.00013970914629421065
NAV3,0.0009777596,2,0.0004888797993771732
ICE1,0.0009775332,3,0.00032584439031779766
SLC44A2,0.0009774389,13,7.518760573405486e-05
ZNF768,0.0009769987,1,0.0009769987082108855
SLC15A4,0.0009769596,7,0.0001395656560946788
CNTN4,0.0009767895,3,0.0003255965032925208
CD53,0.0009762609,3,0.00032542030870293576
LRRTM4,0.0009759025,3,0.0003253008277776341
EHD4,0.0009751367,2,0.0004875683516729623
AREL1,0.0009746639,4,0.00024366597062908113
SPATA2,0.00097428943,1,0.0009742894326336682
TBX20,0.000974233,2,0.00048711648560129106
CDH15,0.0009735285,10,9.735284838825464e-05
PLEK,0.0009710382,7,0.00013871974078938365
RDH14,0.00096811965,6,0.00016135327556791404
ADK,0.0009673696,13,7.44130453453041e-05
LMAN2,0.0009669498,10,9.669497958384455e-05
LCOR,0.00096550485,1,0.0009655048488639295
MIR181D,0.00096496666,4,0.0002412416652077809
BICD1,0.00096151914,5,0.00019230382749810815
PDGFD,0.0009594279,21,4.5687043374138216e-05
INSIG2,0.000958427,1,0.0009584269719198346
ICAM3,0.0009566855,11,8.697141046551141e-05
PTMA,0.0009560219,2,0.0004780109447892755
COLEC10,0.00095143553,6,0.0001585725888920327
TNFRSF9,0.0009489381,8,0.00011861725943163037
VIL1,0.000948929,2,0.00047446449752897024
B3GALT5,0.00094752334,7,0.0001353604768935059
MMP16,0.00094646635,6,0.00015774439089000225
TDH,0.00094629533,3,0.0003154317770774166
WDR91,0.0009447499,5,0.00018894998356699944
PTBP2,0.000943077,3,0.0003143589904842277
DAPK1,0.00093997846,11,8.545258738608523e-05
TRIM29,0.0009391273,5,0.00018782545812427997
TSPAN15,0.00093847956,2,0.0004692397778853774
POLE,0.0009384275,40,2.3460687953047454e-05
PRPF31,0.00093686965,5,0.00018737392965704203
HBS1L,0.00093655806,5,0.00018731161253526807
DHX29,0.0009364828,1,0.0009364828001707792
BTN1A1,0.0009354948,3,0.00031183159444481134
FBXO45,0.00093396276,2,0.0004669813788495958
OR5K4,0.0009337452,3,0.0003112483924875657
KLRF1,0.00093335356,3,0.0003111178521066904
AGBL1,0.0009330141,3,0.0003110046964138746
OR51Q1,0.00093223253,3,0.00031074417832617957
BRD1,0.00093133043,10,9.313304326497018e-05
SHC4,0.00092817354,28,3.314905500571642e-05
GPR25,0.00092651666,11,8.422878719019619e-05
ITGB2,0.0009258672,44,2.1042435863901947e-05
OSTF1,0.0009248532,3,0.000308284400186191
ABCA12,0.0009237663,4,0.00023094157222658396
RBBP8,0.0009232929,32,2.8852902687503956e-05
SLC26A6,0.00092202687,8,0.00011525335867190734
ZNF14,0.0009215139,5,0.00018430277705192566
SH3BP2,0.00092058827,5,0.00018411765340715648
ROR2,0.000920512,17,5.414776558823445e-05
INHBE,0.00091913866,11,8.35580603134903e-05
CENPW,0.00091900723,4,0.00022975180763751268
NLRP5,0.0009186243,1,0.000918624282348901
MCM4,0.00091823796,26,3.531684454243917e-05
COLGALT1,0.0009180809,6,0.00015301348563904563
EIF5A2,0.00091720105,5,0.00018344020936638116
MICB,0.000916509,5,0.00018330180319026113
TPCN2,0.00091546366,7,0.00013078052350985154
PPP2R2B,0.0009153864,20,4.576932115014642e-05
SLC45A3,0.0009150961,5,0.00018301921663805843
MBP,0.00091465283,6,0.00015244213864207268
CTNND2,0.0009109317,2,0.0004554658371489495
IL27,0.00090956845,8,0.0001136960563599132
NR4A1,0.00090909144,28,3.246755139636142e-05
PTPRD,0.00090711634,5,0.0001814232673496008
ENPP2,0.0009066965,6,0.00015111608081497252
COL23A1,0.00090630923,12,7.552576911014815e-05
DEPTOR,0.000906151,10,9.061510208994151e-05
SLC24A3,0.0009051979,4,0.00022629948216490448
MIR302E,0.0009041784,2,0.00045208921073935926
HAPLN1,0.00090318936,2,0.00045159467845223844
LITAF,0.000901887,2,0.0004509435093495995
KRBA1,0.0009014807,3,0.0003004935570061207
TCF21,0.0008981533,1,0.0008981532882899046
STX8,0.00089792936,1,0.0008979293634183705
DDR2,0.00089789357,4,0.00022447339142672718
B3GALT1,0.00089784025,7,0.0001282628924985017
HSF2,0.0008973197,1,0.0008973196963779628
ST8SIA4,0.0008957146,12,7.46428850106895e-05
SMARCC2,0.00089489017,16,5.5930635426193476e-05
ROBO2,0.000894436,11,8.13123611309989e-05
NHLRC1,0.00089410355,1,0.000894103548489511
MGAT5,0.00089322875,8,0.00011165359319420531
RHOB,0.0008915476,31,2.8759599738423864e-05
PSMF1,0.0008914437,7,0.00012734909874520132
LCE3E,0.0008906163,3,0.0002968721091747284
WDR4,0.0008904434,3,0.00029681446418787044
CENPA,0.00088964193,24,3.7068413803353906e-05
USP46,0.00088902365,4,0.00022225591237656772
SFRP1,0.0008879868,16,5.5499174777651206e-05
AQP12A,0.0008879566,3,0.00029598552888880175
PROK2,0.0008871133,8,0.00011088915925938636
PDE3A,0.00088641734,14,6.33155245200864e-05
SEPTIN12,0.0008850129,3,0.00029500430294622976
DNAH3,0.00088497566,4,0.00022124391398392618
DEF6,0.0008831303,11,8.028457258743319e-05
SLC39A7,0.0008815791,9,9.795323583400912e-05
ETV5,0.0008814559,8,0.00011018198711099103
FEM1C,0.00088049495,3,0.0002934983155379693
TSPAN8,0.0008771326,1,0.0008771325810812414
LDLRAD4,0.0008766029,1,0.0008766028913669288
TRPM3,0.00087454304,4,0.00021863575966563076
HSD17B8,0.0008728992,6,0.00014548319935177764
UGT3A1,0.0008723781,4,0.0002180945302825421
TUB,0.00087116513,2,0.00043558256584219635
EYA4,0.0008705148,4,0.00021762869437225163
CRHR1,0.00086945365,20,4.34726825915277e-05
LCE3B,0.00086842285,3,0.0002894742841211458
LDB2,0.0008673571,2,0.00043367856414988637
RBM17,0.00086596946,6,0.00014432824294393262
HOPX,0.00086461747,1,0.0008646174683235586
TUT7,0.00086404197,3,0.0002880139897267024
FCER1A,0.00086106604,8,0.00010763325553853065
CA12,0.0008610587,3,0.0002870195700476567
KCNH5,0.0008575299,3,0.00028584330963591736
FOXQ1,0.0008563653,2,0.0004281826550140977
CD5,0.0008560729,4,0.00021401821868494153
TRMT10A,0.00085598225,3,0.0002853274151372413
SDHAF4,0.0008550014,1,0.000855001388117671
SETX,0.0008521443,2,0.0004260721616446972
ADGRG1,0.0008519826,1,0.0008519826224073768
SLC22A4,0.000848421,6,0.00014140350200856724
COL3A1,0.00084748014,24,3.531167264251659e-05
HECW1,0.00084690284,4,0.00021172570995986462
TNIK,0.00084665266,3,0.0002822175544376175
ANO3,0.00084393006,3,0.00028131001939376193
NECTIN3,0.0008430781,8,0.00010538475908106193
RASSF5,0.0008424346,12,7.020288224642475e-05
IL17C,0.00084117014,3,0.0002803900473130246
RPP21,0.0008400684,4,0.00021001709683332592
DDX6,0.0008395342,5,0.00016790684312582017
OTOA,0.00083081564,3,0.000276938546448946
CSGALNACT1,0.00083054684,11,7.55042578517036e-05
LRIG2,0.0008287286,1,0.0008287286036647856
ASAP2,0.0008280603,8,0.00010350754018872976
UGT3A2,0.00082773104,4,0.00020693276019301265
HOXA1,0.0008267371,3,0.00027557902891809743
MAP2,0.00082448544,4,0.00020612135995179415
POP1,0.0008224948,5,0.0001644989592023194
TBX21,0.00082218344,11,7.474394938485189e-05
POM121L2,0.0008212563,2,0.00041062815580517054
CALY,0.00082031346,1,0.0008203134639188647
TCERG1,0.0008192431,1,0.000819243083242327
IER5,0.00081911194,1,0.0008191119413822889
KCTD15,0.0008178443,5,0.0001635688589885831
LILRA5,0.00081771775,5,0.0001635435502976179
LMX1A,0.00081744517,1,0.0008174451650120318
HS3ST2,0.0008169493,9,9.077214377207888e-05
ZNF169,0.00081567775,4,0.00020391943689901382
ERI1,0.0008147382,1,0.000814738217741251
CA6,0.0008143872,3,0.0002714624085153143
IGFBP7,0.0008142976,11,7.402705324983054e-05
TAGAP,0.0008135325,7,0.00011621892917901278
F11R,0.0008133709,21,3.873194856125684e-05
SLC9A9,0.00081083726,4,0.00020270931418053806
CYTL1,0.0008094199,1,0.0008094199001789093
ZIC5,0.0008074944,2,0.0004037471953779459
CACNB2,0.00080724095,28,2.8830034092866947e-05
TP53BP2,0.00080597546,17,4.741032128496205e-05
LAMB4,0.0008051348,10,8.051348268054426e-05
CHAF1A,0.0008037232,2,0.0004018615873064846
RPRM,0.0008026911,2,0.00040134554728865623
OR12D3,0.00080238015,4,0.00020059503731317818
CUL9,0.00079694507,3,0.0002656483557075262
SORL1,0.00079661125,2,0.00039830562309361994
SYNJ2,0.0007958369,18,4.421316164856156e-05
IL22RA2,0.0007948858,7,0.00011355511378496885
SNX9,0.0007939896,7,0.00011342708187709962
DOCK5,0.0007934044,10,7.934044115245342e-05
PON2,0.0007921126,7,0.00011315894412941166
DAAM2,0.0007916867,2,0.0003958433517254889
CCL13,0.000787357,12,6.561308206679921e-05
LRP10,0.00078722194,6,0.00013120365717137852
DMRT1,0.0007866784,4,0.0001966695999726653
ARHGEF10,0.0007864371,17,4.626100417226553e-05
ZNF783,0.0007832001,1,0.0007832000846974552
UBE2G1,0.00078298245,15,5.219882975021998e-05
NOL6,0.0007822927,5,0.00015645853709429504
NIPAL3,0.00078041136,2,0.00039020567783154547
TPO,0.00077975006,16,4.8734378651715815e-05
IFI30,0.0007794897,7,0.00011135567079431244
SSPOP,0.00077344483,4,0.00019336120749358088
IFT140,0.00077337376,10,7.733737584203482e-05
SNRPC,0.0007692461,6,0.0001282076797603319
LIG3,0.0007687897,15,5.125264481951793e-05
HELLS,0.00076858245,3,0.000256194151006639
SLC16A12,0.000768177,2,0.0003840884892269969
DNAAF3,0.00076729996,1,0.0007672999636270106
ABCC4,0.00076707633,30,2.5569210993126035e-05
TNIP1,0.00076544326,7,0.00010934903652274183
MYO3B,0.00076486287,4,0.00019121571676805615
STX2,0.00076477963,4,0.0001911949075292796
MLPH,0.00076316984,1,0.0007631698390468955
ZNF224,0.00076068635,4,0.00019017158774659038
UQCC2,0.0007594611,1,0.000759461079724133
NEUROG3,0.00075846305,2,0.00037923152558505535
SLC43A2,0.0007578496,8,9.473120007896796e-05
LRP1,0.0007565433,19,3.981806864765914e-05
GFOD1,0.0007564214,5,0.00015128428349271418
UGT1A4,0.00075582607,38,1.98901597238881e-05
S1PR1,0.0007552396,21,3.596379177733546e-05
ABHD16A,0.00075504155,1,0.0007550415466539562
PLPPR1,0.00075427257,5,0.00015085451304912566
EGR3,0.0007523265,12,6.269387570985903e-05
OASL,0.00075174385,8,9.396798122907057e-05
CYBRD1,0.00075162295,3,0.00025054098417361576
TRIM56,0.00075043266,4,0.00018760816601570696
LY6D,0.00074852386,3,0.00024950795341283083
CYTH4,0.00074828556,11,6.802595982497388e-05
TMED3,0.0007471573,11,6.792339263483882e-05
FBXL4,0.0007466215,7,0.0001066602167806455
CALCRL,0.0007456225,17,4.3860147022368276e-05
PRLHR,0.000744827,7,0.00010640385361122233
RSPO2,0.00074393523,5,0.0001487870467826724
ERRFI1,0.00074256095,3,0.00024752031701306504
CCL16,0.00074252713,11,6.750246658074585e-05
CDH23,0.0007421934,5,0.0001484386855736375
SLCO1B1,0.0007421171,27,2.748581917128629e-05
MIXL1,0.00073859433,4,0.00018464858294464648
CD70,0.0007383329,5,0.0001476665842346847
LTBP2,0.00073353853,4,0.000183384632691741
PRM1,0.0007319646,2,0.0003659822978079319
MGAM2,0.00073156576,3,0.00024385525224109492
HSD17B2,0.00073076884,11,6.643353051251985e-05
CCDC124,0.0007301909,1,0.0007301908917725086
ADAMTS7,0.00072978024,4,0.00018244505918119103
SERPINE2,0.00072759367,4,0.00018189841648563743
ARHGAP27,0.0007273315,6,0.00012122191643963258
STK38L,0.00072640914,2,0.0003632045700214803
OAT,0.0007259801,21,3.457048054163655e-05
CST2,0.00072561536,1,0.0007256153621710837
MIR129-2,0.00072545186,2,0.0003627259284257889
SPNS1,0.0007251197,1,0.0007251197239384055
SMOC2,0.0007227534,1,0.0007227534078992903
APOBR,0.00072179997,4,0.00018044999160338193
APPBP2,0.0007209521,1,0.0007209521136246622
CHIT1,0.00072052237,13,5.542479742031831e-05
ERG,0.0007139529,5,0.00014279057504609227
UGT1A6,0.0007129479,36,1.9804108887910843e-05
ATP10D,0.0007106756,3,0.0002368918697660168
CSDE1,0.00071048713,1,0.0007104871328920126
IGF2BP1,0.0007079177,9,7.865751912403438e-05
IPCEF1,0.00070756115,1,0.0007075611501932144
ETF1,0.00070723717,9,7.858190737250779e-05
RSPH4A,0.00070713536,1,0.0007071353611536324
ICAM1,0.0007068649,46,1.536662887741366e-05
TRMT11,0.0007063155,3,0.00023543850208322206
NLRP12,0.00070621906,2,0.0003531095280777663
NQO2,0.0007056862,4,0.00017642155580688268
XIRP2,0.00070526183,4,0.00017631545779295266
EXTL1,0.00070499396,4,0.0001762484898790717
FARS2,0.0007048969,7,0.00010069956104936344
CCL23,0.0007032842,12,5.8607018824356295e-05
FBLIM1,0.000702066,3,0.0002340219992523392
DDR1,0.00070135505,3,0.00023378501646220684
ADAMTS19,0.000700693,4,0.00017517324886284769
PRDM14,0.0006967231,3,0.00023224103885392347
ACSF3,0.0006966409,7,9.952013247779437e-05
SLC15A1,0.0006960135,5,0.00013920270139351488
TPBG,0.0006954552,1,0.0006954551790840924
ADGRF5,0.0006945417,1,0.0006945417262613773
CHP2,0.0006944314,1,0.0006944314227439463
TP53AIP1,0.0006932437,14,4.9517406815929075e-05
NDUFAF6,0.00069301605,6,0.00011550267421019574
TECTB,0.00069277297,3,0.00023092432335639992
MON1B,0.0006924861,4,0.00017312153067905456
ADAMTS9,0.0006913047,7,9.875781168895108e-05
KCNJ10,0.0006905861,15,4.603907388324539e-05
ZIC1,0.0006902808,2,0.00034514040453359485
ARNT2,0.0006902369,8,8.627961506135762e-05
JDP2,0.000689811,1,0.0006898110150359571
SUPT3H,0.0006889356,6,0.00011482259530263643
AHSA1,0.00068831164,1,0.0006883116438984871
HNRNPD,0.00068695995,7,9.813713508525066e-05
EDIL3,0.00068693963,3,0.00022897987704103193
SYT10,0.0006860618,4,0.00017151545034721494
CTC1,0.00068436563,7,9.776651859283447e-05
MLLT1,0.00068407936,6,0.00011401322747891147
PCSK5,0.00068175717,9,7.575079669348068e-05
PRDM16,0.00068163814,9,7.573757061941756e-05
LAIR1,0.0006783727,5,0.0001356745371595025
NAGPA,0.00067794044,1,0.0006779404357075691
CAMK1D,0.00067610457,5,0.00013522091321647168
ISL1,0.000674085,9,7.489833256436719e-05
DNMT3L,0.00067388563,5,0.0001347771263681352
NTM,0.00066945434,3,0.00022315144694099823
ATP10B,0.0006688524,3,0.0002229508051338295
GPR6,0.0006687993,1,0.0006687992718070745
LILRA3,0.0006681309,7,9.544726760525788e-05
OR1B1,0.00066770596,3,0.00022256865243737897
HDGF,0.00066678907,1,0.000666789070237428
WRN,0.00066343695,35,1.8955341407230924e-05
KIF26B,0.00066133455,8,8.26668183435686e-05
LILRA4,0.00066009565,5,0.0001320191309787333
NCOA7,0.00065951276,2,0.0003297563816886395
HERC2P10,0.0006591134,1,0.0006591134006157517
SHMT2,0.00065880717,40,1.647017925279215e-05
COTL1,0.00065877056,3,0.00021959018583099046
APOH,0.00065822137,5,0.00013164427364245057
TBX3,0.00065744884,3,0.00021914961204553643
SPOP,0.0006561916,8,8.202395110856742e-05
KLK4,0.0006554669,1,0.0006554669234901667
TIMD4,0.0006553385,1,0.0006553385173901916
FMN1,0.0006543252,1,0.000654325180221349
MARVELD3,0.00065235735,1,0.0006523573538288474
MPP7,0.00065180304,10,6.518030422739685e-05
SCUBE3,0.00064970995,2,0.00032485497649759054
UBE2G2,0.00064865866,15,4.324391096209486e-05
CNTN5,0.00064769655,3,0.00021589885000139475
SORBS3,0.0006468522,2,0.00032342609483748674
F7,0.0006466295,42,1.5395940170579014e-05
CDH16,0.00064390566,3,0.00021463521989062428
STK19,0.0006419518,1,0.0006419518031179905
MORF4L1,0.00064062595,4,0.00016015648725442588
HTD2,0.0006380937,8,7.97617103671655e-05
HVCN1,0.0006376888,6,0.00010628146507466833
NTSR1,0.0006370463,12,5.308719119057059e-05
SLC4A10,0.0006362593,4,0.00015906483167782426
FEZ1,0.0006346018,1,0.0006346018053591251
SLC41A1,0.00063393905,4,0.0001584847632329911
BEAN1,0.00063319335,1,0.000633193354588002
PROKR2,0.0006331446,9,7.034939739646183e-05
CACNA2D4,0.0006304585,9,7.005094731640484e-05
PELO,0.0006284087,2,0.00031420434243045747
TRIM22,0.00062740047,5,0.00012548009399324656
HOXA9,0.0006268962,2,0.0003134481084998697
SLC30A8,0.0006263248,10,6.263247923925519e-05
PRM2,0.000625773,1,0.0006257729837670922
IL1RL1,0.0006233211,7,8.904587178091918e-05
SIGLEC14,0.00062251143,4,0.00015562785847578198
PTPRN2,0.00062069367,4,0.0001551734167151153
POLR3B,0.0006201244,15,4.134162639578183e-05
DSCAML1,0.0006194805,5,0.00012389610055834054
ADGRL4,0.0006185554,1,0.000618555408436805
IMMP2L,0.0006184734,1,0.0006184733938425779
EID2,0.00061834307,2,0.00030917153344489634
TNFSF13,0.0006181785,12,5.1514876152699195e-05
UBE2Q1,0.00061706884,5,0.0001234137685969472
RBBP6,0.00061703904,10,6.170390406623483e-05
ABCB9,0.00061617646,4,0.0001540441153338179
ARHGAP39,0.0006147235,19,3.235386745808156e-05
KDM6B,0.00061446975,9,6.827441716773642e-05
ATXN8OS,0.0006135995,1,0.0006135994917713106
ETV7,0.0006085743,1,0.0006085743079893291
SLC2A13,0.0006084773,7,8.692532511694091e-05
LAMA3,0.00060834247,34,1.7892425496350316e-05
NAB1,0.0006077766,9,6.753073022183444e-05
KCNK3,0.0006057954,11,5.5072310549969025e-05
BRD2,0.0006052056,6,0.00010086759963693719
U2SURP,0.00060446333,5,0.00012089266674593091
TRAPPC12,0.00060111366,4,0.0001502784143667668
PAX9,0.00060035806,1,0.0006003580638207495
LRRC1,0.0005988601,5,0.00011977201793342829
KCNH7,0.0005983993,3,0.00019946643927445015
PTPRM,0.0005973893,3,0.00019912976616372666
DUSP5,0.0005969041,12,4.974200661915044e-05
CEPT1,0.0005961623,16,3.726014256244525e-05
KHDRBS3,0.00059537636,4,0.0001488440902903676
NUDT12,0.0005942832,9,6.603146903216839e-05
RPSA,0.0005942772,32,1.8571163309388794e-05
SORBS2,0.00059386884,1,0.0005938688409514725
KCNN4,0.00059369416,7,8.481345139443874e-05
PCGF3,0.00059269567,1,0.0005926956655457616
DZIP3,0.00059199316,4,0.00014799828932154924
DACT2,0.000591425,2,0.0002957124961540103
PCF11,0.00059125945,11,5.375085906548934e-05
USP4,0.00059099705,4,0.0001477492623962462
C8orf37,0.00059090403,1,0.0005909040337428451
CD69,0.0005906001,1,0.0005906000733375549
KCNE4,0.00058823556,4,0.00014705889043398201
KCNK18,0.0005877068,7,8.395811476345574e-05
CDH7,0.00058645074,7,8.377867717561977e-05
OAZ2,0.00058609375,4,0.00014652343816123903
ST8SIA5,0.00058604166,8,7.325520709855482e-05
NEK7,0.00058584654,11,5.325877679173242e-05
CDKL2,0.000585259,1,0.0005852589965797961
ELN,0.00058432005,3,0.00019477334960053364
SETMAR,0.0005837589,2,0.00029187946347519755
XYLT2,0.0005835513,13,4.4888561555685905e-05
COL27A1,0.0005834114,5,0.00011668228544294834
ZNF792,0.00058334856,4,0.0001458371407352388
TTC23,0.0005826926,1,0.0005826926208101213
ATG9B,0.00058218336,4,0.00014554584049619734
BCAS3,0.0005819246,1,0.000581924628932029
KIF11,0.00058150786,8,7.268848275998607e-05
ASB7,0.00058016024,7,8.288003404491715e-05
ITM2B,0.00057896995,1,0.0005789699498564005
TENT4B,0.0005785519,1,0.00057855190243572
MBD6,0.00057848246,4,0.00014462061517406255
CPLANE1,0.00057812675,3,0.00019270891789346933
FAT4,0.00057746394,3,0.00019248798101519546
OR7A17,0.0005773577,5,0.00011547154281288385
ATG4C,0.000577311,4,0.00014432774332817644
OR6C1,0.0005754725,3,0.00019182416144758463
IER3,0.00057484437,7,8.212062363911952e-05
ABCA13,0.0005731589,4,0.00014328972611110657
GUCY2C,0.00057301373,10,5.730137345381081e-05
KDM5B,0.0005727336,9,6.363706456290351e-05
FBXO31,0.0005709494,7,8.156419997768743e-05
DCD,0.0005704557,3,0.00019015189415464798
OTX1,0.0005694074,1,0.0005694074206985533
RHOBTB2,0.0005691272,8,7.114090112736449e-05
COX7B2,0.0005688532,12,4.740443546324968e-05
GRPEL1,0.00056803675,2,0.0002840183733496815
OR2T3,0.0005678262,3,0.00018927540319661298
APBA2,0.00056602183,4,0.0001415054575772956
DCTN6,0.00056444184,17,3.3202461268314545e-05
FMO6P,0.0005641638,2,0.0002820818917825818
COL22A1,0.0005638209,5,0.00011276417644694448
RGS21,0.00056321215,5,0.00011264242930337786
IRF2BP1,0.00056261267,1,0.0005626126658171415
VSIR,0.0005601159,1,0.0005601159064099193
UBD,0.00055955065,4,0.00013988766295369714
IBTK,0.00055916444,1,0.0005591644439846277
DHH,0.0005580295,22,2.536497777327895e-05
CRB1,0.00055714627,1,0.000557146267965436
LINC00885,0.0005570725,1,0.0005570725188590586
CCN4,0.00055682927,2,0.0002784146345220506
TSEN34,0.0005558465,4,0.00013896162272430956
CACNA2D3,0.0005554766,12,4.62897151010111e-05
MYO5B,0.0005506357,1,0.0005506356828846037
SIGLEC6,0.00055031665,3,0.00018343888223171234
CD200,0.0005497526,4,0.00013743815361522138
PPA1,0.0005494789,7,7.849698886275291e-05
OR51E1,0.0005489881,3,0.00018299603834748268
TLN2,0.0005466135,7,7.80876393296889e-05
ADGRL2,0.0005462491,2,0.00027312454767525196
PXDN,0.0005459082,5,0.00010918163461610675
KBTBD8,0.0005446768,7,7.781097000198705e-05
UBE3D,0.000542826,4,0.00013570650480687618
MAGI1,0.0005427686,6,9.046143774564068e-05
RFNG,0.0005420563,9,6.0228475679953895e-05
PLCL1,0.00054137484,2,0.00027068742201663554
RAB11FIP4,0.0005412047,1,0.000541204703040421
SIX2,0.00054099446,1,0.0005409944569692016
MAGI2,0.0005409018,5,0.00010818035807460546
UMOD,0.00054078095,3,0.00018026031708965698
CDH13,0.0005403898,7,7.719854225537606e-05
GLI1,0.00054027943,19,2.8435759687502133e-05
DISP3,0.00053979177,1,0.0005397917702794075
XXYLT1,0.0005392538,1,0.0005392538150772452
CITED2,0.0005383391,12,4.4861590140499175e-05
CABLES2,0.0005375194,2,0.0002687597007025033
GTF3C1,0.00053343497,7,7.620499569124409e-05
SIGLEC12,0.0005332468,3,0.0001777489281569918
APCS,0.0005326303,3,0.00017754343571141362
RABGGTA,0.0005322701,10,5.322701181285083e-05
FOXM1,0.0005318195,11,4.8347224947065115e-05
PRUNE1,0.00053116324,1,0.0005311632412485778
MSR1,0.00053105084,5,0.00010621016845107079
NRXN3,0.000526536,5,0.00010530720464885235
STRA8,0.00052547955,1,0.0005254795541986823
PKIG,0.00052448804,2,0.00026224402245134115
AKAP6,0.000521966,1,0.0005219660233706236
DSC1,0.00051894446,7,7.413492338465793e-05
ZNF717,0.00051725004,4,0.00012931250967085361
MYO1E,0.00051705283,3,0.0001723509437094132
SATB2,0.0005156397,13,3.966459413417257e-05
GRHL2,0.00051544793,1,0.0005154479295015335
BDH2,0.0005153489,9,5.7260990918924413e-05
CAVIN2,0.0005151316,3,0.00017171054302404323
PRDM6,0.0005135087,1,0.0005135086830705404
KLK7,0.0005103824,2,0.0002551912039052695
HLX,0.0005097119,3,0.0001699039712548256
ZMYND11,0.00050855527,1,0.0005085552693344653
PHOX2A,0.00050802284,1,0.0005080228438600898
TOX3,0.0005066684,2,0.00025333420489914715
MED13L,0.000506458,3,0.00016881932970136404
VTI1A,0.000506448,6,8.440799623106916e-05
ARHGAP21,0.00050495524,17,2.9703249524840538e-05
OR2B11,0.00050433294,3,0.0001681109812731544
USP12,0.0005042256,4,0.0001260564022231847
S100B,0.0005037196,7,7.195994424234544e-05
FBXW10,0.0005033315,10,5.0333148101344706e-05
LMCD1,0.000501692,2,0.00025084600201807916
IFT88,0.0005000608,14,3.571862803905138e-05
CYB5R3,0.0004988069,12,4.1567240259610116e-05
DNAJC5B,0.00049848406,1,0.0004984840634278953
ZNF112,0.000497402,4,0.0001243504957528785
DCAF17,0.0004973965,4,0.00012434912787284702
ACOD1,0.00049590477,1,0.0004959047655574977
BET1L,0.0004954392,11,4.503992915322835e-05
KIF21B,0.0004914012,8,6.142514757812023e-05
DHX16,0.00049117376,6,8.186229388229549e-05
AGGF1,0.0004885732,4,0.0001221433049067855
GRXCR1,0.00048849906,4,0.00012212476576678455
LPP,0.00048496382,3,0.00016165460692718625
UGT1A7,0.0004846204,25,1.938481582328677e-05
HELZ2,0.0004827356,9,5.36372891575512e-05
BRDT,0.00048171487,1,0.0004817148728761822
FAM120B,0.00048169118,3,0.00016056372745273015
COMT,0.00048131283,37,1.3008454934114943e-05
TJP3,0.00047968572,2,0.00023984286235645413
WHRN,0.00047914818,5,9.582963539287448e-05
CHN2,0.0004761463,7,6.802089878224901e-05
EXPH5,0.00047525959,1,0.00047525958507321775
TTC30A,0.00047403178,4,0.00011850794544443488
ELL2,0.00047302782,3,0.000157675938680768
KLF3,0.0004720486,1,0.0004720485885627568
AIRE,0.00047013516,2,0.0002350675786146894
OR52K1,0.0004701037,3,0.00015670123199621835
OR12D1,0.0004666767,1,0.00046667669084854424
DGKG,0.00046632995,13,3.5871534447114056e-05
ZNF311,0.0004652073,4,0.00011630182416411117
GPR85,0.0004646648,1,0.00046466480125673115
CYSTM1,0.0004610069,3,0.00015366896210859218
STRN,0.00046068363,15,3.071224200539291e-05
PNOC,0.00046002908,8,5.750363561674021e-05
SFPQ,0.00045820925,13,3.524686550148405e-05
MICALL2,0.0004578181,1,0.0004578180960379541
NOX3,0.00045725016,10,4.572501638904214e-05
CHCHD7,0.00045720933,2,0.0002286046656081453
CASP4,0.00045568543,14,3.254895896783897e-05
PELP1,0.0004542744,9,5.047493484906024e-05
INTS10,0.00045375963,3,0.00015125320836280784
MYPN,0.0004524136,1,0.00045241360203363
AGAP1,0.00045228688,1,0.0004522868839558214
RIPK3,0.00045228418,31,1.4589812170954481e-05
PIGT,0.00045188516,6,7.531419396400452e-05
OTUD7A,0.0004508224,5,9.01644816622138e-05
CD96,0.0004499112,3,0.0001499703988277664
C15orf39,0.0004491907,1,0.00044919070205651224
ADAMTS2,0.00044886614,8,5.610826701740734e-05
SLC16A9,0.00044868045,2,0.0002243402268504724
GPR135,0.0004484696,1,0.00044846959644928575
ACVRL1,0.0004479975,13,3.446134640118824e-05
ATP8A1,0.00044751057,10,4.475105670280755e-05
FRAS1,0.00044700893,2,0.0002235044667031616
CARD6,0.0004467516,2,0.00022337579866871238
DNAJA3,0.00044542918,3,0.00014847639249637723
LY9,0.00044449713,1,0.0004444971273187548
OR8S1,0.000444415,3,0.00014813833210306862
TMEM38B,0.00044177743,1,0.00044177743257023394
ZNF226,0.00044137158,4,0.0001103428949136287
SLC25A26,0.00044018775,4,0.00011004693806171417
UBQLN4,0.00043945422,2,0.0002197271096520126
SEMA6A,0.00043706468,7,6.243781120117222e-05
DNAJC5,0.00043675865,8,5.459483145386912e-05
LAT2,0.00043647664,7,6.235380507340389e-05
RASGEF1A,0.0004359666,5,8.719331817701459e-05
TRAM1,0.00043503722,5,8.700744365341961e-05
UBASH3B,0.0004350176,2,0.00021750880114268512
ICOSLG,0.00043350886,6,7.22514766190822e-05
ATP7B,0.00043267844,5,8.653568802401424e-05
ZNF347,0.00043188868,4,0.00010797216964419931
MGAT5B,0.0004318766,2,0.00021593830024357885
VPS16,0.00042958968,14,3.0684977121252033e-05
PLPP4,0.00042881558,7,6.125936800214862e-05
SLC6A20,0.0004285288,37,1.1581859104587017e-05
SMG1,0.00042763655,4,0.00010690913768485188
TFPI,0.00042748242,8,5.3435302106663585e-05
HYAL4,0.0004261703,4,0.00010654257494024932
CDC14A,0.00042403018,10,4.240301786921919e-05
TBX5,0.0004239747,6,7.066245113189022e-05
RPL39L,0.00042038484,23,1.8277601591999765e-05
CLVS1,0.00041968274,5,8.393654716201126e-05
PCSK6,0.0004193277,13,3.225597678325497e-05
DNAH2,0.00041811846,3,0.00013937282104355594
ITIH4,0.0004180027,4,0.00010450067202327773
MAEA,0.00041703606,1,0.0004170360625721514
NCOA4,0.0004169761,8,5.212201358517632e-05
UNC13C,0.00041633376,2,0.0002081668790197
BACE1,0.0004154399,6,6.923998201576372e-05
RP1L1,0.00041412213,1,0.00041412212885916233
EYA1,0.00041364226,7,5.9091752128941675e-05
SH3TC2,0.00041359302,1,0.0004135930212214589
CLDN14,0.0004134003,10,4.1340029565617445e-05
GALNT6,0.00041108107,8,5.138513370184228e-05
NSFL1C,0.00041023208,6,6.837201362941414e-05
CDC42EP4,0.00040875288,8,5.109410994919017e-05
SLC26A8,0.00040856595,1,0.00040856594569049776
TLK1,0.0004077492,3,0.00013591640163213015
SIGLEC1,0.0004076782,4,0.000101919547887519
JAKMIP1,0.00040674146,1,0.0004067414556629956
RPH3A,0.00040644518,2,0.00020322258933447301
TSPAN14,0.00040523428,5,8.104685693979263e-05
OR4E1,0.00040467185,3,0.00013489061772512892
ESRRG,0.00040379402,5,8.075880468823015e-05
PLIN5,0.00040349038,1,0.0004034903831779957
ELP1,0.00040209302,6,6.701550349437942e-05
POU2F3,0.0004016589,2,0.00020082945411559194
CCL18,0.00040052907,4,0.00010013226710725576
ADAM23,0.00039753038,2,0.00019876519218087196
SLC9A4,0.00039709738,5,7.941947551444173e-05
MICA,0.00039681612,6,6.61360196924458e-05
CDH19,0.00039645258,2,0.00019822629110421985
PDCL,0.0003950952,4,9.877380216494203e-05
PITPNM2,0.0003949983,5,7.899965858086944e-05
SPRY4,0.00039259894,2,0.0001962994720088318
GXYLT1,0.00039224158,2,0.00019612078904174268
PPP1R17,0.00039206454,1,0.00039206453948281705
LIN28B,0.00039163893,3,0.00013054630835540593
ZP2,0.00039135522,4,9.783880523173138e-05
SMIM20,0.0003904815,1,0.00039048149483278394
ABLIM3,0.00038992142,6,6.498690345324576e-05
PEBP1,0.00038859737,12,3.238311425472299e-05
KCNG4,0.00038858483,3,0.00012952827576858303
HIC1,0.00038663344,8,4.832918057218194e-05
OSBPL3,0.00038662925,5,7.732585072517395e-05
BCL2A1,0.000384443,10,3.844430029857904e-05
KCNS2,0.0003843608,3,0.00012812027125619352
ITLN1,0.00038383948,3,0.00012794649228453636
RFT1,0.0003835862,4,9.589654655428603e-05
MED13,0.00038332838,6,6.388806408115973e-05
SIRPG,0.00038269325,6,6.378220859915018e-05
OR6Y1,0.0003814685,3,0.00012715616806720695
ARL5B,0.00038096705,2,0.00019048352260142565
SLC13A2,0.00038089932,6,6.348322009822975e-05
ALDH1A3,0.00037835346,11,3.439576936547052e-05
EEF1A2,0.00037766818,9,4.196313158091572e-05
PBX3,0.0003747121,3,0.00012490403605625033
CDCA7,0.00037465914,1,0.00037465913919731975
NFATC2IP,0.00037409292,1,0.000374092924175784
SEPTIN9,0.0003737833,2,0.0001868916442617774
NOS1AP,0.00037307374,2,0.00018653686856850982
SIPA1L2,0.00037229696,1,0.0003722969559021294
SENP2,0.00037033847,10,3.7033847183920444e-05
PUS1,0.00036848412,5,7.369682425633073e-05
TNFSF18,0.0003682143,5,7.364285993389785e-05
GCA,0.00036722008,3,0.00012240669457241893
GATA5,0.00036680442,2,0.00018340221140533686
PRDM2,0.0003666108,2,0.00018330539751332253
NTNG1,0.00036622514,6,6.103752336154382e-05
ASIC2,0.00036546035,5,7.309206994250416e-05
RCL1,0.0003647433,5,7.294865790754556e-05
RAPGEF5,0.00036473136,4,9.118283924181014e-05
PPP4R2,0.00036372538,6,6.0620897177917264e-05
TTYH1,0.00036371738,3,0.00012123912650470932
LARP1,0.00036322206,1,0.0003632220614235848
NOSTRIN,0.00036236594,3,0.00012078864771562318
LRRC25,0.00036186533,1,0.00036186532815918326
KLF7,0.0003606841,1,0.0003606840909924358
NKX6-1,0.00036045804,3,0.00012015268051375945
PABPC4L,0.00036022215,3,0.00012007405166514218
SPTSSB,0.00035964118,4,8.99102960829623e-05
DENND1A,0.00035609413,4,8.902353147277609e-05
TBL1XR1,0.000355149,33,1.0762091154571284e-05
PEX19,0.00035506336,6,5.9177225921303034e-05
QPRT,0.0003544732,15,2.3631545870254436e-05
ANO9,0.00035423264,3,0.00011807754829836388
SERINC3,0.0003528442,3,0.00011761472948516409
LHX2,0.00035047618,6,5.8412697399035096e-05
MATR3,0.00034877134,2,0.00017438567010685802
CSNK1A1L,0.0003487028,18,1.9372377816277247e-05
RNLS,0.00034859436,6,5.8099059970118105e-05
SH3GLB1,0.00034787497,4,8.696874283486977e-05
CPEB4,0.0003474563,4,8.686407818458974e-05
WWTR1,0.00034655273,20,1.732763630570844e-05
CARD18,0.0003448093,1,0.0003448092902544886
NEU3,0.00034445725,18,1.9136513906737997e-05
CHRAC1,0.00034425932,1,0.0003442593151703477
CEP43,0.00034405568,24,1.433565315286008e-05
FRMD1,0.0003434379,2,0.00017171894432976842
CDS1,0.00034234373,11,3.112215728668327e-05
CUBN,0.00034166832,14,2.4404879825721893e-05
SCFD1,0.00034063097,13,2.620238228701055e-05
CFAP410,0.00033968702,1,0.00033968701609410346
MRPS10,0.00033897167,7,4.84245247207582e-05
EBF3,0.0003388464,1,0.0003388464101590216
FANCA,0.00033861827,8,4.232728315400891e-05
NUDT5,0.00033794844,24,1.4081185023921231e-05
WDR1,0.00033791212,6,5.631868649894992e-05
NAT2,0.00033709698,10,3.370969789102673e-05
CTRB2,0.00033602424,2,0.0001680121204117313
CDK14,0.00033466337,1,0.0003346633748151362
CHRD,0.0003345962,5,6.691924063488841e-05
OR52Z1,0.00033313953,2,0.00016656976367812604
SNRNP48,0.0003326585,4,8.31646248116158e-05
ABHD6,0.00033218457,10,3.321845724713057e-05
PADI4,0.00033114842,4,8.278710447484627e-05
ZNF703,0.0003303389,3,0.00011011296495174368
PAX3,0.0003298099,8,4.122623795410618e-05
CCR8,0.00032918906,16,2.057431629509665e-05
RB1CC1,0.00032912023,13,2.5316940781732017e-05
ALCAM,0.0003279728,5,6.55945623293519e-05
PTPRE,0.00032742246,2,0.00016371122910641134
ATF7IP,0.0003269298,3,0.0001089765961902837
CUX1,0.00032666436,10,3.2666436163708566e-05
LINC-ROR,0.00032380119,1,0.00032380118500441313
STK39,0.00032362563,2,0.00016181281534954906
PSTK,0.00032181686,7,4.597383667714894e-05
MTX2,0.00032172195,2,0.00016086097457446158
ZFAND6,0.00031922344,2,0.00015961172175593674
ATG16L2,0.00031855798,1,0.00031855798442848027
KIF13B,0.00031852422,9,3.53915804427945e-05
CUL4A,0.00031632892,20,1.581644610268995e-05
DDX42,0.0003161718,6,5.269529841219386e-05
RNASET2,0.00031592496,3,0.00010530832029568653
TCF3,0.00031549158,21,1.5023408368939445e-05
LGI2,0.00031425105,2,0.00015712552703917027
CDH20,0.00031364599,2,0.00015682299272157252
MFSD4B,0.0003123094,3,0.00010410313067647318
NPBWR1,0.00031152368,9,3.461374176873101e-05
P2RX7,0.00031089658,18,1.7272031982429326e-05
NALCN,0.00031058502,3,0.0001035283397262295
COX18,0.00030865328,2,0.00015432664076797664
DNMT1,0.0003082643,29,1.0629803753168933e-05
GRAMD1B,0.0003080946,1,0.0003080946044065058
SEMA3F,0.00030801678,1,0.0003080167807638645
SDK2,0.00030791265,4,7.697816181462258e-05
OR6F1,0.00030717993,3,0.00010239330974097054
OR2G3,0.0003052599,3,0.00010175329710667332
SLC12A5,0.00030481166,6,5.0801943871192634e-05
IL21,0.00030435793,6,5.072632241838922e-05
DPH1,0.00030385653,4,7.596413342980668e-05
SMNDC1,0.00030290085,5,6.058017024770379e-05
PCTP,0.0003027998,1,0.0003027998027391732
SEMA3C,0.0003024378,2,0.00015121890464797616
DUSP22,0.0003018627,1,0.0003018626885022968
EFHC1,0.00030173687,1,0.00030173687264323235
PTPRT,0.00030153175,1,0.0003015317488461733
PRKD3,0.00030132206,8,3.7665256968466565e-05
ZNF675,0.00030095002,4,7.523750537075102e-05
GGA2,0.00030047313,7,4.292473230244858e-05
ANO2,0.00029931433,4,7.482858200091869e-05
IPPK,0.0002975447,12,2.4795391558048625e-05
KCNA1,0.00029746705,3,9.915568322564165e-05
MEG3,0.0002968332,1,0.00029683319735340774
PNLIPRP3,0.0002962673,5,5.92534604948014e-05
TAX1BP1,0.00029600956,10,2.9600955895148217e-05
XYLB,0.00029522335,4,7.380583701888099e-05
ERLEC1,0.00029514366,13,2.2703358599056417e-05
SLC23A1,0.00029504194,6,4.9173657316714525e-05
NLRP2,0.00029421443,1,0.00029421443468891084
ATAT1,0.00029317458,2,0.0001465872919652611
CDX1,0.00029296993,1,0.00029296992579475045
CD6,0.00029293526,1,0.0002929352631326765
TOX2,0.00029286605,1,0.00029286605422385037
GTF3A,0.00029238735,11,2.658066858368164e-05
LRRC4C,0.00029198732,2,0.0001459936611354351
CADM2,0.0002918471,5,5.836942000314593e-05
TMIGD3,0.00029177827,14,2.084130496119282e-05
GPAT4,0.0002910843,12,2.4257024051621556e-05
RBM25,0.00028918422,1,0.00028918421594426036
AK2,0.00028887627,12,2.407302235951647e-05
TRIB1,0.0002855601,6,4.759334842674434e-05
MDGA2,0.00028435822,3,9.478607292597492e-05
TARM1,0.0002840963,3,9.469877113588154e-05
SOAT2,0.0002835544,9,3.150604445383781e-05
MYO1B,0.00028319584,1,0.0002831958408933133
NEGR1,0.00028298367,4,7.074591849232092e-05
CLN5,0.0002828485,1,0.00028284848667681217
TTPA,0.00028240093,4,7.060023199301213e-05
EFEMP1,0.00027988266,3,9.329422027803957e-05
LINC00970,0.00027981543,1,0.00027981543098576367
NUDT3,0.00027868937,4,6.967234367039055e-05
NIPAL2,0.00027807342,2,0.00013903671060688794
EPB41L4B,0.00027797336,3,9.265778741488855e-05
ZNF282,0.00027788524,4,6.947130896151066e-05
FJX1,0.00027716876,1,0.00027716875774785876
HNRNPM,0.00027704219,11,2.5185653199018404e-05
BCL11B,0.00027414545,2,0.00013707272592000663
NFKBIZ,0.0002736903,3,9.123009901183347e-05
DCSTAMP,0.00027284844,1,0.00027284843963570893
SLC2A4RG,0.00027262766,1,0.00027262765797786415
ZFP69B,0.00027203507,4,6.800876872148365e-05
UTP11,0.0002718431,4,6.79607765050605e-05
LGI1,0.00027177736,2,0.0001358886802336201
PARP10,0.0002715867,7,3.8798100181988305e-05
MAP1LC3B2,0.00027136205,1,0.0002713620488066226
SMC1B,0.00027114482,7,3.873497397372765e-05
DNAJB11,0.0002701462,15,1.8009747145697473e-05
THG1L,0.00026924477,3,8.974825808157523e-05
EEPD1,0.00026807687,4,6.701921665808186e-05
IZUMO1,0.00026746065,3,8.915355041002233e-05
ZNF738,0.00026695628,3,8.89854272827506e-05
AMY2B,0.0002666319,8,3.332898631924763e-05
KIR3DX1,0.00026641556,1,0.00026641556178219616
RNF19B,0.0002657556,4,6.643890083068982e-05
KANK1,0.00026439026,5,5.2878051064908504e-05
MSRB2,0.00026337706,12,2.1948088639571022e-05
MUC16,0.00026265963,9,2.9184402794473703e-05
OR51B5,0.00026232074,3,8.74402467161417e-05
GSDME,0.00026204836,3,8.734945246639352e-05
PKIA,0.0002620439,3,8.734796817104022e-05
SKAP2,0.00026063118,4,6.515779386973009e-05
TRA2A,0.00025875538,1,0.00025875537539832294
CNTN3,0.00025870447,3,8.62348242662847e-05
RASSF2,0.000258231,1,0.00025823101168498397
NMRK1,0.00025646557,6,4.274426222157975e-05
BSND,0.0002559764,3,8.532546538238724e-05
CRTC3,0.00025577995,1,0.00025577994529157877
IL22RA1,0.00025467164,10,2.546716423239559e-05
CA8,0.00025361156,2,0.0001268057822016999
COX16,0.0002535984,2,0.0001267992047360167
PRICKLE2,0.00025258053,2,0.0001262902660528198
GXYLT2,0.00025231004,2,0.00012615502055268735
DCAF5,0.0002518912,3,8.396373596042395e-05
GDF10,0.00025161006,11,2.287364226173271e-05
UBE3B,0.00025112196,5,5.022439290769398e-05
ING1,0.0002506953,1,0.0002506953023839742
PDE6D,0.00025037464,14,1.7883902598571565e-05
CHMP1A,0.0002498197,6,4.163661894078056e-05
PLPPR5,0.00024900615,5,4.9801229033619164e-05
KIF24,0.00024785192,3,8.261730545200408e-05
OR13F1,0.000246121,3,8.204033171447615e-05
CEP19,0.00024563994,3,8.187997930993636e-05
DMBX1,0.00024427194,1,0.0002442719414830208
RTN4,0.00024413501,9,2.712611199563576e-05
MSTN,0.00024391993,18,1.3551107258535922e-05
SHANK2,0.00024323528,4,6.080881939851679e-05
CCK,0.000243158,18,1.3508778162455807e-05
ICA1,0.00024267612,1,0.00024267612025141716
TBCD,0.00024148129,3,8.049376386528213e-05
CRYAA,0.00024044486,1,0.00024044486053753644
SOX13,0.00023824246,4,5.9560614317888394e-05
GP2,0.00023818249,3,7.939416294296582e-05
STOML1,0.00023795353,1,0.00023795352899469435
ADAMTS17,0.00023731565,4,5.932891144766472e-05
NFIC,0.00023490936,1,0.00023490935564041138
MARK1,0.00023401581,2,0.00011700790491886437
DENND1B,0.00023393494,4,5.8483736211201176e-05
TAF3,0.00023358004,20,1.1679001909215004e-05
NCAPH2,0.00023263073,6,3.877178824041039e-05
CISD1,0.00023248215,1,0.0002324821543879807
SHBG,0.0002324637,1,0.00023246370255947113
SLCO4A1,0.00023202183,8,2.900272920669522e-05
ABCA8,0.00023121116,3,7.707038700270157e-05
MYBL2,0.00023086238,17,1.358014004140654e-05
EHBP1,0.00023042074,1,0.00023042074462864548
CILK1,0.00022959041,2,0.00011479520617285743
CLU,0.00022933798,13,1.7641383097865262e-05
IL21R,0.000229311,6,3.8218500170235835e-05
PARVB,0.00022898905,7,3.271272206412894e-05
MICU3,0.00022885589,3,7.628529662421595e-05
MYORG,0.00022837383,1,0.0002283738285768777
ZNF624,0.00022705652,4,5.676412911270745e-05
SLC52A3,0.0002262934,5,4.52586798928678e-05
ELF5,0.00022504265,2,0.00011252132389927283
HSD17B6,0.0002229482,5,4.4589641038328406e-05
FLRT2,0.00022270136,5,4.4540272210724655e-05
SYNE1,0.00022210783,1,0.00022210783208720386
SEPTIN7,0.00022198688,4,5.549671914195642e-05
HECW2,0.00022180921,4,5.5452303058700636e-05
PPP2R3C,0.0002215153,9,2.4612811911437246e-05
UNC13A,0.00022117236,3,7.37241207389161e-05
PGAM5,0.0002200916,9,2.445462289162808e-05
SYNGAP1,0.00021933584,12,1.827798647961269e-05
SMG7,0.00021852968,1,0.00021852967620361596
ALG12,0.0002177595,7,3.110850021974849e-05
CNIH3,0.00021751225,9,2.4168027771843805e-05
NSMCE2,0.00021729448,5,4.345889610704035e-05
ZMYM2,0.00021672877,8,2.709109685383737e-05
SLC13A1,0.00021669015,6,3.611502567461381e-05
VGLL4,0.00021592173,1,0.00021592172561213374
LATS2,0.00021342705,11,1.940245882988992e-05
TRPV1,0.00021340948,10,2.134094829671085e-05
TNFSF8,0.00021288544,5,4.257708787918091e-05
FBLN1,0.00021239667,3,7.079888988907139e-05
NLRP7,0.00021224385,2,0.00010612192272674292
GJB5,0.00021147796,1,0.00021147796360310167
CHSY1,0.00021132884,11,1.9211712325076487e-05
FHIT,0.00021125497,5,4.225099401082844e-05
PTPRK,0.0002108234,2,0.00010541170195210725
EARS2,0.00021002855,14,1.500203922790076e-05
SLC40A1,0.00020996746,10,2.0996746025048195e-05
KRT4,0.00020963521,2,0.00010481760546099395
FAR2,0.00020955662,5,4.19113232055679e-05
SMR3B,0.00020953505,1,0.00020953505008947104
GRID2,0.00020911514,2,0.00010455757001182064
PPM1L,0.00020891347,5,4.178269300609827e-05
DHTKD1,0.00020491058,19,1.0784767494585953e-05
CDK11B,0.00020468414,10,2.046841400442645e-05
GAPT,0.00020269078,1,0.00020269077504053712
CIP2A,0.00020191555,1,0.00020191555086057633
ITLN2,0.00020119586,1,0.000201195856789127
STYK1,0.00020023255,1,0.00020023254910483956
ZNF549,0.00020022168,4,5.005541970604099e-05
SPHKAP,0.00019920114,1,0.00019920113845728338
MEP1B,0.00019867328,2,9.93366411421448e-05
INPP1,0.00019728592,9,2.1920657470925813e-05
PTPN3,0.00019719906,9,2.191100631737047e-05
ANXA3,0.00019644058,1,0.00019644058193080127
ZNF181,0.00019534692,1,0.00019534691818989813
ADIPOQ,0.00019528487,21,9.299279467779256e-06
EIF2B5,0.0001952556,11,1.7750509538349103e-05
FSCN1,0.00019519225,2,9.759612294146791e-05
F11,0.00019498513,30,6.4995042824496824e-06
APOBEC3A_B,0.0001944401,1,0.00019444010104052722
NFIA,0.00019397303,1,0.00019397302821744233
SPDEF,0.00019308676,2,9.654337918618694e-05
DPPA4,0.00019135149,3,6.378382871237893e-05
MDFIC,0.0001909312,1,0.00019093119772151113
ZNF641,0.0001908616,4,4.771539897774346e-05
DPPA3,0.0001907496,1,0.00019074960437137634
RABEP1,0.00018999308,5,3.79986158804968e-05
TRPV4,0.00018801985,8,2.3502481781179085e-05
ACKR2,0.00018745066,7,2.67786651550393e-05
DBN1,0.00018711631,9,2.0790701253443127e-05
KIF1C,0.0001859694,8,2.3246175260283053e-05
SI,0.00018532047,14,1.3237176712469331e-05
DNAH7,0.00018491215,3,6.163738241108756e-05
PRORP,0.00018450755,3,6.150251526075105e-05
P2RX6,0.00018417172,8,2.3021464585326612e-05
PEX5L,0.00018399704,1,0.00018399703549221158
MRPL15,0.00018323143,7,2.617591858974525e-05
SUPT6H,0.00018290414,5,3.658082860056311e-05
IL17D,0.00018289412,6,3.0482352788870532e-05
FOXP1,0.00018276922,3,6.092307254827271e-05
UBR5,0.00018223515,2,9.111757390201092e-05
STAB1,0.0001820706,3,6.069019824887315e-05
ZNF250,0.00018162138,4,4.5405344280879945e-05
PHLDB2,0.0001810247,2,9.051235247170553e-05
POLR1D,0.00018014142,25,7.205656729638577e-06
ZMIZ1,0.00017998583,3,5.9995276387780905e-05
NFIB,0.00017929943,2,8.964971493696794e-05
GATA6,0.00017921804,12,1.4934836751005301e-05
TRA2B,0.00017901947,13,1.3770728121296717e-05
ARHGEF16,0.00017899756,13,1.376904345726451e-05
LRRFIP1,0.00017885091,11,1.6259173703887924e-05
SH2D1B,0.0001787962,4,4.4699048885377124e-05
BTNL9,0.0001786522,3,5.955073478010794e-05
CYTIP,0.00017846195,1,0.00017846195260062814
ATP9B,0.00017781,3,5.9269999231522284e-05
BCL9L,0.00017770038,4,4.442509452928789e-05
CRYL1,0.00017688704,5,3.5377408494241536e-05
PCLO,0.00017618608,1,0.00017618607671465725
INF2,0.00017589956,2,8.794978202786297e-05
OPCML,0.00017448951,3,5.816317085797588e-05
PHYH,0.00017397974,14,1.242712460225448e-05
CIDEA,0.00017274797,4,4.318699211580679e-05
RAB11B,0.00017227657,13,1.3252044132409188e-05
ESYT1,0.00017175291,15,1.1450193899994096e-05
ZNF816,0.00017045604,1,0.00017045604181475937
TUBD1,0.00017031412,1,0.0001703141169855371
CCL25,0.0001699536,13,1.307335332967341e-05
IRGM,0.00016977258,1,0.00016977258201222867
ACTL6A,0.00016959786,21,8.07608843648008e-06
CALCOCO1,0.00016939561,1,0.00016939561464823782
LARS2,0.00016911681,9,1.879075716715306e-05
CCL20,0.00016908863,19,8.89940144445159e-06
CERS4,0.0001690457,9,1.8782855477184057e-05
KLKB1,0.00016833511,40,4.208377868053504e-06
ZNF221,0.00016828679,4,4.207169695291668e-05
AOPEP,0.00016823092,3,5.6076974336368344e-05
DCBLD2,0.00016807402,1,0.00016807402425911278
MAGI3,0.00016745126,1,0.0001674512604949996
KCNB2,0.00016729708,3,5.576569431771835e-05
CNOT4,0.00016668453,10,1.6668453463353215e-05
SERPINB8,0.00016633172,2,8.31658617244102e-05
CD47,0.0001659032,12,1.3825266554097956e-05
BRMS1L,0.00016576133,1,0.00016576133202761412
TTLL8,0.00016515466,3,5.5051554227247834e-05
CDC20B,0.00016509458,1,0.00016509457782376558
PNPLA3,0.0001640442,10,1.6404420603066682e-05
FKRP,0.00016338725,1,0.00016338724526576698
CLEC16A,0.00016174663,1,0.00016174663323909044
DSPP,0.00016165938,4,4.041484498884529e-05
IRAG2,0.00016058919,3,5.352972948458046e-05
TPD52,0.00015959727,4,3.989931792602874e-05
POU1F1,0.00015889875,2,7.944937533466145e-05
EMX2,0.00015885859,2,7.942929369164631e-05
LNPEP,0.00015873428,11,1.4430389538491992e-05
ZNF680,0.00015782534,4,3.9456335798604414e-05
SPG7,0.00015752512,3,5.250837421044707e-05
MMAB,0.00015725088,6,2.6208479539491236e-05
ABCF1,0.00015707721,3,5.235907156020403e-05
WNK1,0.00015676995,1,0.00015676995099056512
FKBP15,0.00015668177,1,0.00015668176638428122
FAM13A,0.00015660476,7,2.23721082355561e-05
TRAF3IP1,0.0001556928,6,2.594880061224103e-05
P2RY14,0.00015563358,11,1.4148507034406066e-05
TTR,0.00015475566,14,1.105397573805281e-05
OR2H2,0.00015313312,4,3.828328044619411e-05
PSCA,0.00015297612,3,5.09920403904592e-05
ADIPOR2,0.0001520213,10,1.5202129725366831e-05
TEP1,0.00015198706,1,0.00015198705659713596
CAV3,0.00015085096,13,1.1603919959340532e-05
TBCC,0.00015047049,3,5.0156828365288675e-05
TBC1D32,0.00015019749,1,0.00015019749116618186
ADAMTS1,0.00015012943,9,1.6681047984295423e-05
PCNT,0.00015012658,22,6.823935440148819e-06
MRPL46,0.0001497487,6,2.4958115924770635e-05
OR1J1,0.00014891922,3,4.963974060956389e-05
RGS13,0.0001486704,11,1.3515490784563802e-05
GJB2,0.00014864473,10,1.4864472905173898e-05
GPRC5B,0.00014858838,1,0.00014858838403597474
NIPAL1,0.00014804334,2,7.402167102554813e-05
LAMP3,0.00014768176,1,0.0001476817560615018
ZNF316,0.0001475495,1,0.00014754949370399117
DSG3,0.000147221,8,1.8402624846203253e-05
IDO2,0.0001471712,10,1.4717120211571456e-05
TNFAIP8,0.00014696378,4,3.674094477901235e-05
NSD1,0.00014684217,8,1.8355271095060743e-05
PLBD1,0.00014633572,8,1.8291964806849137e-05
UBASH3A,0.00014428177,1,0.00014428177382797003
CHD7,0.00014293342,2,7.146671123337e-05
PVT1,0.00014248252,1,0.00014248251682147384
FDX2,0.00014113453,11,1.2830411750738593e-05
MIB1,0.00014091369,21,6.7101756853628015e-06
ADGRB1,0.00014086423,2,7.043211371637881e-05
ZDHHC19,0.00014025829,1,0.00014025828568264842
TRAK1,0.00014017742,10,1.4017742068972439e-05
SLC5A10,0.00014013462,7,2.0019231929576824e-05
SLC39A11,0.00013995988,3,4.665329470299184e-05
MRPS9,0.00013952158,7,1.9931654346042444e-05
NEUROD1,0.00013882543,3,4.627514378322909e-05
PKD1L1,0.00013881212,1,0.00013881211634725332
MIR372,0.00013861919,2,6.930959352757782e-05
AKAP3,0.00013834295,1,0.00013834294804837555
MAPRE2,0.00013798657,1,0.00013798657164443284
SMG6,0.00013684758,2,6.842378934379667e-05
IL17RB,0.00013611838,3,4.537279407183329e-05
MTARC1,0.00013584428,3,4.528142744675279e-05
SPOCK1,0.00013468823,1,0.0001346882345387712
QPCT,0.00013446808,3,4.482269287109375e-05
MYRF,0.0001339635,1,0.00013396350550465286
TAPBP,0.00013295766,11,1.2087060233832084e-05
MYOF,0.00013288247,4,3.3220618206541985e-05
SF3B1,0.0001322563,11,1.2023300355808301e-05
INTS6,0.00013195892,3,4.398630699142814e-05
DAZL,0.00013135058,2,6.567528907908127e-05
EPS8L1,0.00013102293,1,0.00013102292723488063
PM20D1,0.0001300546,5,2.6010919827967883e-05
TNFRSF19,0.00012993334,1,0.00012993333803024143
FAM3C,0.00012974237,4,3.243559331167489e-05
ARL8A,0.00012962229,4,3.240557271055877e-05
TRPV3,0.00012935733,5,2.5871465913951398e-05
COL5A2,0.00012913058,12,1.076088180222238e-05
MTIF3,0.00012901994,4,3.2254985853796825e-05
IGSF11,0.00012884777,1,0.00012884776515420526
CLTCL1,0.00012876342,18,7.153523458530091e-06
MIR148A,0.00012644437,1,0.0001264443708350882
CACNG5,0.00012628835,10,1.2628834520000965e-05
CFTR,0.00012572798,36,3.4924438902332136e-06
MSGN1,0.00012427481,1,0.00012427481124177575
IFT172,0.00012417512,7,1.7739302295792315e-05
EIF4E3,0.000123607,5,2.472139894962311e-05
ST20-MTHFS,0.00012281089,1,0.00012281088856980205
RNF41,0.00012176312,13,9.366393966886859e-06
SIX3,0.00012157571,1,0.00012157570745330304
OR2B6,0.000121373974,5,2.4274794850498437e-05
CLYBL,0.00012118895,1,0.0001211889466503635
KRT80,0.000120923076,2,6.0461537941591814e-05
NINJ1,0.00012049894,1,0.00012049893848598003
TULP1,0.00012043222,1,0.00012043221795465797
SSH1,0.00011921559,5,2.3843118106015028e-05
PPM1F,0.00011882623,5,2.3765246442053468e-05
RBP3,0.00011820194,1,0.00011820194049505517
UCHL1,0.00011789736,10,1.1789736163336784e-05
LINC00624,0.00011788603,1,0.00011788603296736255
SELENOK,0.00011773552,1,0.00011773552250815555
NFIL3,0.000117031756,2,5.851587775396183e-05
DGCR6L,0.00011675455,1,0.00011675454879878089
TSHZ1,0.00011591648,1,0.0001159164821729064
EVI5,0.00011559798,1,0.00011559797712834552
STXBP3,0.00011515414,5,2.3030827287584542e-05
SLC14A1,0.00011502421,4,2.875605241570156e-05
TRNT1,0.00011501595,5,2.3003190290182828e-05
ARFRP1,0.00011497744,4,2.8744359951815568e-05
PTPRH,0.0001145167,1,0.00011451669706730172
RIMS2,0.00011448822,1,0.0001144882189691998
UBE2L3,0.000113407055,17,6.671003254322225e-06
CEP350,0.00011316558,1,0.00011316558084217831
GLTP,0.000112817026,4,2.8204256523167714e-05
B3GNTL1,0.0001121632,4,2.804080031637568e-05
TOX,0.00011125028,2,5.5625139793846756e-05
BNIP2,0.000111100235,3,3.703341159659127e-05
SLC20A1,0.00011076776,4,2.7691939976648428e-05
CALCOCO2,0.00010945079,4,2.7362697437638417e-05
USP6NL,0.00010782088,8,1.347761008219095e-05
RAB11FIP5,0.00010730862,1,0.00010730861686170101
NMD3,0.0001070013,2,5.350065111997537e-05
SEC16A,0.000106156236,9,1.1795137349205712e-05
RGL1,0.00010592416,6,1.765402703313157e-05
ARHGAP12,0.000105842024,8,1.3230252989160363e-05
PACRG,0.00010495441,1,0.00010495440801605582
ZNF605,0.00010457682,4,2.6144205548916943e-05
TYW3,0.0001041231,6,1.7353850125800818e-05
ABHD5,0.00010369655,8,1.2962068467459176e-05
MUSK,0.00010367442,4,2.591860538814217e-05
ARPP19,0.00010356428,5,2.0712855621241034e-05
MYO1D,0.00010321076,1,0.00010321076115360484
EZR,0.00010253406,31,3.307550345667668e-06
SERTAD2,0.00010226958,2,5.113478982821107e-05
FITM2,0.00010156779,3,3.385593057222044e-05
IFT81,0.00010146887,7,1.4495552542419838e-05
MYO5C,0.00010138863,1,0.00010138862853636965
KCNH8,0.00010109099,3,3.369699697941542e-05
LLGL1,0.000100781275,3,3.359375841682777e-05
RNF125,0.00010054436,3,3.3514787598202624e-05
PRTG,0.000100136276,1,0.00010013627615990117
SDK1,0.00010010938,4,2.5027344236150384e-05
CLPB,9.862323e-05,1,9.862323349807411e-05
GPR63,9.8416895e-05,1,9.841689461609349e-05
MAS1L,9.832141e-05,2,4.916070611216128e-05
CPOX,9.80953e-05,14,7.006806949253327e-06
MIR17HG,9.7740536e-05,1,9.774053614819422e-05
SERBP1,9.753512e-05,1,9.75351213128306e-05
STARD3NL,9.742871e-05,5,1.9485742086544633e-05
SLURP1,9.7211516e-05,1,9.721151582198218e-05
BRSK1,9.716494e-05,1,9.716494241729379e-05
RGCC,9.7097225e-05,7,1.3871032154254084e-05
ZNF283,9.6754324e-05,1,9.675432374933735e-05
TADA2B,9.617922e-05,8,1.2022402188449632e-05
IHO1,9.553897e-05,1,9.553896961733699e-05
ATP8B3,9.526856e-05,6,1.5878093108767644e-05
CDC42EP3,9.463697e-05,10,9.463696915190668e-06
CSMD3,9.4503004e-05,1,9.450300422031432e-05
OR2H1,9.414306e-05,5,1.8828612519428133e-05
SLC20A2,9.373148e-05,5,1.874629670055583e-05
SPIRE1,9.316173e-05,1,9.316173236584291e-05
HACD1,9.278876e-05,7,1.3255537071797465e-05
STMN2,9.1797185e-05,5,1.8359436944592743e-05
EP400,9.174369e-05,7,1.3106241697512036e-05
ZNF836,9.1326794e-05,1,9.132679406320676e-05
OR51G2,9.108611e-05,3,3.0362037553762395e-05
KIF14,9.094242e-05,8,1.1367802471795585e-05
BANP,9.092008e-05,6,1.5153347097414857e-05
CHAF1B,9.085935e-05,1,9.085935016628355e-05
MPDZ,9.04295e-05,1,9.042950114235282e-05
KCNU1,8.97214e-05,6,1.4953566278563812e-05
DEAF1,8.960247e-05,1,8.960247214417905e-05
IL17B,8.955311e-05,5,1.7910622409544887e-05
LECT2,8.932939e-05,1,8.932939090300351e-05
IKZF1,8.901942e-05,2,4.4509710278362036e-05
SLC52A1,8.879381e-05,4,2.2198451915755868e-05
MCC,8.8663386e-05,1,8.866338612278923e-05
SLCO2B1,8.813963e-05,10,8.813963358988985e-06
TTL,8.761657e-05,3,2.920552409098794e-05
ADGRD1,8.75331e-05,1,8.753310248721391e-05
ZNF248,8.6795764e-05,4,2.1698941054637544e-05
TAOK3,8.667377e-05,11,7.879433476112105e-06
PSD3,8.656773e-05,1,8.656772843096405e-05
SKAP1,8.537622e-05,3,2.8458739204021793e-05
PAPOLG,8.535629e-05,2,4.267814438208006e-05
TOMM40L,8.377445e-05,2,4.188722596154548e-05
ZNF91,8.32675e-05,1,8.326749957632273e-05
SUDS3,8.278957e-05,15,5.5193047349651655e-06
FLI1,8.2711806e-05,4,2.0677951397374272e-05
PHOX2B,8.254328e-05,2,4.1271639929618686e-05
ZNF26,8.194472e-05,4,2.0486180801526643e-05
NFRKB,8.171223e-05,5,1.6342445451300592e-05
ANXA4,8.1632505e-05,2,4.0816252294462174e-05
PTTG1IP,8.145349e-05,3,2.715116230926166e-05
RAB28,8.134995e-05,1,8.134995005093515e-05
ETNK1,8.0544516e-05,10,8.054451609496027e-06
L3MBTL1,8.016842e-05,6,1.3361403640980521e-05
HNRNPA3P1,7.9996076e-05,1,7.999607623787597e-05
COX20,7.9898135e-05,2,3.994906728621572e-05
LIMD1,7.973772e-05,8,9.967215191863943e-06
MIR4491,7.954872e-05,1,7.954872125992551e-05
NKD2,7.899665e-05,11,7.181513699999249e-06
RETNLB,7.8865545e-05,1,7.886554521974176e-05
NDUFB4,7.861021e-05,19,4.137379475746696e-06
MGAT3,7.8208264e-05,9,8.689807145856321e-06
HYAL2,7.810517e-05,8,9.76314640865894e-06
DHDH,7.798603e-05,3,2.5995342487779755e-05
DDX47,7.789474e-05,4,1.947368582477793e-05
WDR45B,7.7728e-05,2,3.886400008923374e-05
HRG,7.771544e-05,5,1.554308837512508e-05
OR2AT4,7.7439596e-05,3,2.5813198590185493e-05
FBLN5,7.729294e-05,3,2.5764313856295e-05
ZNF776,7.695433e-05,3,2.5651444351145376e-05
OR1J2,7.631126e-05,3,2.5437087363873918e-05
GNPDA2,7.578454e-05,8,9.473067621001974e-06
CHST9,7.5520824e-05,7,1.0788689126327102e-05
ICAM4,7.5217875e-05,6,1.2536312472851327e-05
ZNF527,7.499676e-05,1,7.499675848521292e-05
BIRC6,7.422133e-05,3,2.474044352614631e-05
PCSK1,7.414986e-05,8,9.268732355849352e-06
OLIG3,7.403484e-05,1,7.40348405088298e-05
MYT1,7.391567e-05,6,1.231927793317785e-05
PTF1A,7.382066e-05,2,3.691032907227054e-05
VPS53,7.374157e-05,4,1.8435392121318728e-05
CHGB,7.366252e-05,4,1.8415630620438606e-05
BUB1,7.346369e-05,27,2.7208774958530234e-06
SDF2L1,7.282958e-05,14,5.202112723574308e-06
ST8SIA6,7.278376e-05,9,8.087084602771534e-06
PMPCA,7.245567e-05,6,1.2075944444707906e-05
SF3A2,7.221355e-05,6,1.2035591983779645e-05
TFCP2,7.1917704e-05,2,3.5958852095063776e-05
SLC6A6,7.179184e-05,9,7.976870822151088e-06
FCRL3,7.17153e-05,1,7.17153016012162e-05
COL5A3,7.068236e-05,8,8.835295375320129e-06
COMMD10,7.039572e-05,3,2.3465239792130888e-05
TFF2,7.014435e-05,2,3.507217479636893e-05
KCNAB1,6.969985e-05,4,1.742496169754304e-05
CYP4V2,6.9654125e-05,10,6.965412467252463e-06
TECTA,6.9046975e-05,3,2.3015658371150494e-05
RAP1GAP2,6.868315e-05,3,2.2894382709637284e-05
SLC13A5,6.853827e-05,5,1.3707653852179647e-05
VPS54,6.8495196e-05,4,1.7123798897955567e-05
SCARA5,6.8354595e-05,3,2.2784864995628595e-05
ADARB1,6.8349866e-05,5,1.3669973122887314e-05
FHL5,6.810146e-05,1,6.810145714553073e-05
ZNF251,6.801597e-05,1,6.801597191952169e-05
DNAJB9,6.7279965e-05,2,3.3639982575550675e-05
MBOAT2,6.722162e-05,10,6.7221619246993216e-06
ITIH2,6.692812e-05,4,1.673203041718807e-05
LRRC59,6.678754e-05,2,3.339377144584432e-05
ZKSCAN4,6.673988e-05,3,2.2246626031119376e-05
CAPN9,6.633068e-05,3,2.2110226079045486e-05
C1D,6.61005e-05,1,6.610050331801176e-05
GJA4,6.5668646e-05,2,3.283432306488976e-05
ADAM9,6.544104e-05,7,9.348719946241804e-06
SUV39H2,6.5415006e-05,6,1.0902501041224847e-05
CDKAL1,6.5217246e-05,1,6.521724571939558e-05
AKAP10,6.514422e-05,3,2.171473897760734e-05
SCG2,6.497513e-05,4,1.6243782738456503e-05
PPIP5K2,6.446388e-05,6,1.0743979752684632e-05
ULK2,6.441241e-05,12,5.367700699328755e-06
PNKD,6.432432e-05,1,6.432431837311015e-05
SEPTIN3,6.427214e-05,2,3.213607124052942e-05
KANSL1,6.4138185e-05,4,1.6034546206356026e-05
KRT82,6.410301e-05,2,3.205150642315857e-05
TMEM98,6.376808e-05,1,6.376807868946344e-05
DENND2D,6.342912e-05,4,1.5857280232012272e-05
SSTR5,6.286123e-05,13,4.835479418174005e-06
OSBPL1A,6.285933e-05,5,1.2571866682264954e-05
LSM3,6.234108e-05,8,7.792635187797714e-06
IGSF5,6.205402e-05,2,3.102701157331467e-05
TPSD1,6.185634e-05,1,6.185634265420958e-05
ZNF10,6.1664585e-05,4,1.5416146197821945e-05
DELEC1,6.1570245e-05,1,6.157024472486228e-05
PCARE,6.153112e-05,1,6.153112190077081e-05
ARL4A,6.150753e-05,1,6.150753324618563e-05
C6orf201,6.112348e-05,1,6.112347909947857e-05
CEP295,6.0895574e-05,1,6.0895574279129505e-05
MPZ,6.073661e-05,6,1.0122768192862472e-05
ZNF737,6.0676626e-05,4,1.5169156540650874e-05
IMPACT,6.053512e-05,4,1.5133779925236013e-05
KLF13,6.0481907e-05,1,6.048190698493272e-05
SPCS2,6.0120597e-05,9,6.6800663868586225e-06
UCMA,6.005063e-05,6,1.0008438039221801e-05
MPV17L2,5.9540213e-05,1,5.9540212532738224e-05
KLF9,5.9422342e-05,1,5.942234201938845e-05
CHRNA9,5.9386064e-05,11,5.398733099520376e-06
PDLIM4,5.9218968e-05,1,5.9218968090135604e-05
NREP,5.9136044e-05,1,5.9136044001206756e-05
KCNE3,5.8972746e-05,6,9.828791007748805e-06
GPR19,5.8924867e-05,1,5.8924866607412696e-05
POMGNT2,5.8706057e-05,4,1.467651418352034e-05
SEC62,5.830715e-05,2,2.9153574359952472e-05
ERC2,5.770719e-05,1,5.7707191444933414e-05
NPAP1,5.7540416e-05,1,5.754041558247991e-05
COMP,5.7497193e-05,13,4.422860981251758e-06
GCM2,5.69891e-05,1,5.6989101722138e-05
CD180,5.683105e-05,1,5.68310497328639e-05
PPP4R3B,5.656859e-05,3,1.8856197129935026e-05
HAVCR1,5.6501067e-05,1,5.650106686516665e-05
DISP1,5.5680972e-05,3,1.8560323951533064e-05
TNIP3,5.5538258e-05,6,9.256376263995966e-06
CCL8,5.5057775e-05,3,1.835259172366932e-05
AGAP3,5.478491e-05,1,5.478490857058205e-05
SATB1,5.4736032e-05,11,4.9760029386644336e-06
RAP2B,5.4614364e-05,4,1.3653590940521099e-05
RYBP,5.440986e-05,7,7.772836917346077e-06
CAST,5.4072123e-05,6,9.01202050348123e-06
HTR3C,5.3915603e-05,5,1.0783120524138213e-05
U2AF1L5,5.371525e-05,3,1.7905082737949368e-05
CD8B2,5.3534586e-05,6,8.922431031047987e-06
CAAP1,5.343526e-05,1,5.34352584509179e-05
SNRNP35,5.312457e-05,4,1.3281142855703365e-05
MACF1,5.265252e-05,2,2.632625910337083e-05
GJA3,5.2286716e-05,2,2.614335789985489e-05
KRIT1,5.2258525e-05,1,5.225852510193363e-05
PDSS1,5.2193478e-05,6,8.698913006810471e-06
OR6C6,5.2149884e-05,3,1.7383294713605817e-05
DNAH1,5.2057185e-05,4,1.3014296200708486e-05
ASIC4,5.1204282e-05,1,5.1204282499384135e-05
DCHS2,5.043939e-05,1,5.043939017923549e-05
CD207,5.0388975e-05,5,1.0077795013785363e-05
MKLN1,5.024229e-05,1,5.024229176342487e-05
MMP26,4.9343216e-05,1,4.9343216232955456e-05
ANO10,4.9058588e-05,3,1.635286268234874e-05
CEP72,4.8681708e-05,16,3.0426067496591713e-06
IFITM3,4.8681577e-05,5,9.736315405461937e-06
SMAP1,4.8337955e-05,1,4.8337955377064645e-05
NFAM1,4.833037e-05,4,1.2082592547812965e-05
DCUN1D4,4.8103688e-05,3,1.6034562577260658e-05
MYL6B,4.7900445e-05,6,7.983407461627698e-06
LCA5,4.7827856e-05,2,2.391392808931414e-05
UBE2E2,4.7478396e-05,6,7.913065928732976e-06
PINX1,4.7353104e-05,1,4.735310358228162e-05
STON2,4.7311132e-05,4,1.182778305519605e-05
AKR7A2,4.72381e-05,7,6.748299970890262e-06
SPATA17,4.6654794e-05,1,4.6654793550260365e-05
KCNA3,4.6549572e-05,5,9.30991445784457e-06
OR10P1,4.6515393e-05,3,1.5505131159443408e-05
TMEM170A,4.642135e-05,1,4.6421351726166904e-05
ICAM5,4.6415003e-05,5,9.283000690629705e-06
ACYP2,4.5729375e-05,2,2.2864687707624398e-05
UHMK1,4.5655644e-05,5,9.131128899753094e-06
TGFBRAP1,4.5350338e-05,2,2.267516902065836e-05
ELSPBP1,4.4857068e-05,1,4.485706813284196e-05
TIMM22,4.485467e-05,2,2.2427335352404043e-05
GTF2IRD1,4.4096527e-05,2,2.2048263417673297e-05
UBE2K,4.408644e-05,9,4.898493191123836e-06
PARVG,4.3927645e-05,3,1.4642548194387928e-05
CELSR1,4.3860244e-05,2,2.1930121874902397e-05
IGF2BP2,4.3733115e-05,2,2.1866557290195487e-05
ISCU,4.3317137e-05,2,2.1658568584825844e-05
ZNF708,4.264889e-05,4,1.066222284862306e-05
QTRT1,4.2610645e-05,3,1.420354844109776e-05
GYG1,4.2567037e-05,12,3.5472530726110563e-06
NDN,4.2506537e-05,3,1.4168845761256913e-05
ARSG,4.2242067e-05,9,4.693563015381288e-06
POSTN,4.192803e-05,2,2.096401476592291e-05
MYO1A,4.1275518e-05,1,4.1275518015027046e-05
USP31,4.123828e-05,1,4.1238279663957655e-05
IL17RA,4.1113468e-05,6,6.852244647840659e-06
RABEP2,4.092724e-05,2,2.0463619875954464e-05
ANKRA2,4.0690175e-05,1,4.0690174500923604e-05
MOBP,4.054727e-05,4,1.0136817763850559e-05
PAPPA,4.0204606e-05,2,2.010230309679173e-05
KCNA10,4.004695e-05,3,1.334898358133311e-05
NLRP1,3.998406e-05,8,4.998007625545142e-06
IDNK,3.971253e-05,1,3.9712529542157426e-05
TRPM1,3.95921e-05,5,7.918420305941253e-06
SNAPC4,3.941181e-05,7,5.63025865371206e-06
SLC9A3,3.919005e-05,14,2.7992893072743234e-06
TTLL6,3.9037004e-05,3,1.3012334723801663e-05
ZNF7,3.894216e-05,1,3.89421584259253e-05
DDX18,3.8904884e-05,1,3.890488369506784e-05
CABLES1,3.8864553e-05,4,9.716138265503105e-06
DNAJC15,3.868762e-05,2,1.9343809981364757e-05
GIMAP2,3.8216163e-05,1,3.821616337518208e-05
HRH4,3.7374084e-05,10,3.7374084058683366e-06
ATP11B,3.722163e-05,7,5.317375845541912e-06
VAX2,3.721131e-05,1,3.721130997291766e-05
COL8A1,3.6887148e-05,7,5.269592553044536e-06
MICU2,3.6785925e-05,3,1.2261974916327745e-05
CTNNAL1,3.6628095e-05,2,1.8314047338208184e-05
COG6,3.638016e-05,11,3.3072871949777683e-06
GALNT15,3.6228335e-05,8,4.528541921899887e-06
DNAAF4,3.6054138e-05,1,3.605413803597912e-05
ADAMTS8,3.575489e-05,6,5.959148135540697e-06
ABCA10,3.55234e-05,4,8.880850145942532e-06
TMEM17,3.5436882e-05,3,1.1812294057259956e-05
ZNF90,3.5321376e-05,1,3.532137634465471e-05
ZNF521,3.5282497e-05,6,5.88041621085722e-06
CPLX2,3.525224e-05,2,1.762612009770237e-05
RIT2,3.5076017e-05,8,4.384502062748652e-06
EXOC6B,3.4889727e-05,1,3.488972652121447e-05
SYNGR1,3.4763354e-05,3,1.1587784683797508e-05
DNAH14,3.442284e-05,3,1.1474279745016247e-05
ELP3,3.4359407e-05,5,6.871881487313658e-06
UPF2,3.4143304e-05,5,6.828660843893886e-06
RNF138,3.4073928e-05,4,8.518481990904547e-06
OR2F1,3.3912493e-05,5,6.782498530810699e-06
KRT78,3.3864504e-05,2,1.6932252037804574e-05
KRT73,3.3700497e-05,2,1.685024835751392e-05
NABP2,3.3614415e-05,4,8.403603715123609e-06
MIR124-1,3.3524553e-05,2,1.676227657299023e-05
RAB11FIP2,3.3408e-05,1,3.340799958095886e-05
SLC39A10,3.3246637e-05,9,3.694070781218923e-06
SAMSN1,3.321804e-05,1,3.321803887956776e-05
SNX18,3.3146927e-05,4,8.286731826956384e-06
RAB29,3.2986554e-05,3,1.099551809602417e-05
PTPRU,3.288371e-05,5,6.576741725439206e-06
PAN2,3.2825068e-05,5,6.565013609360903e-06
AP3S1,3.2579206e-05,5,6.515841232612729e-06
SLC12A7,3.2526536e-05,6,5.421089250982429e-06
NSG1,3.2186817e-05,1,3.218681740690954e-05
HSPA13,3.206049e-05,4,8.01512214820832e-06
PHF10,3.1677708e-05,1,3.1677707738708705e-05
VPREB1,3.1606367e-05,2,1.5803183487150818e-05
PNPT1,3.155657e-05,3,1.0518856773463389e-05
SLC39A12,3.143317e-05,3,1.0477723359751204e-05
GULP1,3.1262298e-05,1,3.126229785266332e-05
HHLA1,3.1186824e-05,1,3.11868243443314e-05
AQP4,3.1069754e-05,8,3.883719273289898e-06
ADAMTS15,3.1033756e-05,4,7.758439096505754e-06
GHDC,3.0863448e-05,3,1.0287816015382608e-05
RSU1,3.0680298e-05,4,7.6700744102709e-06
PTGFRN,3.0675637e-05,1,3.0675637390231714e-05
MGST2,3.065396e-05,23,1.3327808119356632e-06
HIVEP2,3.0320605e-05,1,3.032060521945823e-05
NCAPD3,3.0133018e-05,5,6.026603659847751e-06
NEUROG1,2.8931137e-05,3,9.643712473916821e-06
GRIP2,2.8530985e-05,7,4.075855031260289e-06
FCGR2C,2.8491799e-05,5,5.698359746020287e-06
PIWIL3,2.843414e-05,1,2.843414040398784e-05
MIR29B2CHG,2.783515e-05,1,2.7835150831378996e-05
FYCO1,2.7708915e-05,1,2.7708914785762317e-05
EPB41L2,2.7559461e-05,4,6.889865289849695e-06
LMOD1,2.741727e-05,2,1.37086353788618e-05
REXO2,2.7235512e-05,1,2.7235511879553087e-05
OR5AC2,2.7194195e-05,3,9.064731784746982e-06
ZKSCAN7,2.7161963e-05,3,9.053987620670037e-06
ATXN2,2.637903e-05,6,4.39650496749285e-06
IGSF9B,2.6253278e-05,1,2.6253277610521764e-05
ACBD3,2.5860083e-05,5,5.172016608412378e-06
GCM1,2.5362891e-05,1,2.5362891392433085e-05
CETN3,2.5322846e-05,1,2.5322846340714023e-05
UGGT2,2.492086e-05,7,3.5601229423524013e-06
OXGR1,2.480657e-05,6,4.134428309043869e-06
EMSY,2.4666399e-05,1,2.4666398530825973e-05
SEC63,2.4631427e-05,2,1.23157133202767e-05
MACO1,2.4470148e-05,6,4.078357960679568e-06
SRRM3,2.4300145e-05,1,2.4300145014422014e-05
CDCA7L,2.4086994e-05,1,2.4086994017125107e-05
DLEU1,2.3960189e-05,1,2.396018862782512e-05
OR5H6,2.3674447e-05,3,7.891482406800302e-06
AKAP11,2.3633123e-05,1,2.3633123419131152e-05
TSEN2,2.3386103e-05,4,5.846525709785055e-06
PPP1R18,2.3382487e-05,1,2.3382486688205972e-05
GPR12,2.3298719e-05,1,2.329871858819388e-05
RBM47,2.3274579e-05,1,2.327457877981942e-05
INO80C,2.285648e-05,4,5.7141201068589e-06
OR10C1,2.2766946e-05,3,7.588982043671422e-06
GORAB,2.268341e-05,1,2.2683410861645825e-05
ZEB1,2.2453607e-05,12,1.8711339180299547e-06
WDFY2,2.2268749e-05,1,2.22687485802453e-05
MYCBP2,2.2184187e-05,2,1.109209370042663e-05
MYO1H,2.1756307e-05,1,2.175630652345717e-05
SPATA18,2.160164e-05,1,2.160163967346307e-05
ACAP3,2.1416205e-05,1,2.141620461770799e-05
JADE2,2.1206837e-05,3,7.068945706123486e-06
TRDMT1,2.118196e-05,4,5.295490154821891e-06
ANKS1A,2.095603e-05,1,2.0956029402441345e-05
PICALM,2.0944812e-05,12,1.7454009745658066e-06
MIR138-1,2.0604106e-05,2,1.030205294227926e-05
EPC1,2.0582755e-05,7,2.9403935124199573e-06
SERP1,2.0241001e-05,2,1.012050051940605e-05
ZNF740,2.012916e-05,3,6.709720158445028e-06
CDH22,2.0001291e-05,2,1.000064548861701e-05
GPR75,1.9915991e-05,2,9.95799564407207e-06
EXTL3,1.9842682e-05,4,4.960670594300609e-06
TMEFF2,1.9591107e-05,1,1.9591107047745027e-05
BCL11A,1.9247605e-05,1,1.924760545080062e-05
BANK1,1.9026502e-05,1,1.902650183183141e-05
FOXL1,1.8855346e-05,1,1.8855345842894167e-05
TPPP,1.8535922e-05,3,6.178640736228165e-06
RAB11FIP3,1.8479468e-05,6,3.0799113422593414e-06
CAPZA2,1.8433955e-05,20,9.216977559844963e-07
LLGL2,1.7684568e-05,3,5.8948559550723685e-06
NHLRC3,1.7366394e-05,3,5.788797958909224e-06
CATSPER4,1.709299e-05,3,5.69766355814257e-06
NFKB2,1.7033986e-05,92,1.8515202495821184e-07
KRT3,1.7004995e-05,2,8.502497621520888e-06
ZNF266,1.6998629e-05,3,5.666209593376455e-06
ARRDC4,1.675314e-05,1,1.675313978921622e-05
FBN3,1.6699363e-05,3,5.566454395496597e-06
GRP,1.65073e-05,15,1.1004866488898794e-06
TIMM17A,1.6427526e-05,2,8.213763067033142e-06
PMP22,1.6094042e-05,6,2.682340285294534e-06
KATNAL2,1.6004386e-05,1,1.6004385543055832e-05
SOX5,1.5941265e-05,4,3.985316197940847e-06
PTPRO,1.5811178e-05,3,5.270392648526467e-06
OR7G1,1.51663235e-05,3,5.05544115488495e-06
KCNA6,1.5126708e-05,3,5.042235898145009e-06
STOML3,1.5096476e-05,3,5.032158696849365e-06
OR5K3,1.5049791e-05,3,5.01659693933713e-06
PBK,1.4927521e-05,2,7.4637605393945705e-06
CARD10,1.46144375e-05,1,1.461443753214553e-05
CASTOR1,1.454157e-05,1,1.4541569726134185e-05
EPPK1,1.45218255e-05,1,1.4521825505653396e-05
PRR5L,1.4510244e-05,1,1.451024400012102e-05
SORCS1,1.4338979e-05,1,1.4338978871819563e-05
FREM2,1.4256013e-05,2,7.1280064730672166e-06
SIK3,1.4118871e-05,1,1.4118871149548795e-05
PSD2,1.3992738e-05,1,1.3992737876833417e-05
TERC,1.39561635e-05,5,2.791232691379264e-06
SOWAHC,1.3892726e-05,7,1.98467517163538e-06
UNC80,1.38729e-05,3,4.624300042147904e-06
NLRP6,1.3852409e-05,1,1.3852409210812766e-05
XPO6,1.3710138e-05,1,1.3710137864109129e-05
TMEM132E,1.3549341e-05,1,1.3549341019825079e-05
NANOS1,1.3420679e-05,1,1.3420679351838771e-05
SLC36A3,1.33497315e-05,1,1.3349731489142869e-05
ATXN10,1.3344637e-05,2,6.672318704659119e-06
MLF1,1.3333848e-05,1,1.3333848073671106e-05
MYRIP,1.3316701e-05,1,1.3316701370058581e-05
FBXL16,1.3010948e-05,7,1.8587069072444656e-06
DYRK3,1.26346e-05,1,1.2634600352612324e-05
TRAM1L1,1.2578473e-05,1,1.2578472706081811e-05
PRAM1,1.2494858e-05,1,1.2494858310674317e-05
NT5C2,1.2491583e-05,42,2.9741864810126744e-07
ABHD2,1.2396003e-05,2,6.198001301527256e-06
NABP1,1.23357395e-05,3,4.111913161371679e-06
KCTD1,1.2319297e-05,5,2.463859345880337e-06
GAS8,1.2070012e-05,1,1.2070012417098042e-05
ZNF107,1.2051312e-05,1,1.2051312296534888e-05
TRIM63,1.1962377e-05,11,1.0874888506474567e-06
RP9,1.1662407e-05,1,1.1662406905088574e-05
CTCFL,1.15210605e-05,1,1.152106051449664e-05
ADAP2,1.148189e-05,1,1.1481890396680683e-05
HDDC3,1.1445069e-05,1,1.1445068594184704e-05
PRAP1,1.1336324e-05,1,1.1336323950672522e-05
GRAMD4,1.1301072e-05,1,1.1301071936031803e-05
ZNF281,1.1152507e-05,1,1.1152506885991897e-05
ST8SIA3,1.096806e-05,10,1.0968060450977646e-06
RTN4R,1.09367575e-05,3,3.6455858207773417e-06
PIGN,1.0840795e-05,5,2.168158971471712e-06
FAT1,1.07763135e-05,3,3.5921045006640875e-06
ADAM28,1.0774847e-05,1,1.0774847396533005e-05
ZDHHC2,1.0772937e-05,2,5.38646827408229e-06
RPRD1A,1.0718727e-05,3,3.572909008653369e-06
SSPN,1.0478509e-05,1,1.0478508556843735e-05
TAC4,1.039394e-05,2,5.196970050747041e-06
LINC00895,1.0382351e-05,1,1.038235132000409e-05
PLOD1,1.0173624e-05,5,2.0347248209873215e-06
MOCOS,1.0146894e-05,6,1.6911490092752501e-06
TCF20,9.877283e-06,1,9.877283446257934e-06
SERPINI1,9.849638e-06,1,9.849638445302844e-06
OR8B12,9.827886e-06,3,3.2759620201735138e-06
LINC01063,9.783918e-06,1,9.783918358152732e-06
JADE1,9.649321e-06,3,3.216440442580885e-06
CCDC188,9.574167e-06,1,9.574167052051052e-06
CCDC9,9.448203e-06,1,9.448202945350204e-06
CNTNAP2,9.331136e-06,1,9.3311364253168e-06
NCS1,9.2468e-06,1,9.246799891116098e-06
MBNL1,9.16103e-06,1,9.161029993265402e-06
CRX,9.145697e-06,1,9.145696822088212e-06
CELF2,9.065506e-06,1,9.065505764738191e-06
LINC01311,8.9065625e-06,1,8.906562470656354e-06
RAB27B,8.838593e-06,13,6.798917848545199e-07
B4GALNT3,8.642382e-06,1,8.642382454127073e-06
ERC1,8.626152e-06,3,2.8753838705597445e-06
CYP17A1,8.483289e-06,35,2.423796883834127e-07
PCDH8,8.4400135e-06,1,8.440013516519684e-06
PEG10,8.378875e-06,1,8.378874554182403e-06
GPRC5A,8.172021e-06,2,4.086010449100286e-06
CMC1,8.056184e-06,1,8.056184015003964e-06
CELSR3,7.90046e-06,1,7.900460332166404e-06
HES2,7.760886e-06,2,3.8804428186267614e-06
SIPA1L3,7.697331e-06,1,7.697331056988332e-06
TTK,7.553191e-06,3,2.517730384473301e-06
MFN2,7.5506905e-06,16,4.719181561085861e-07
URAD,7.234006e-06,1,7.234005806822097e-06
LYZL1,7.2156877e-06,2,3.607843837016844e-06
OR6B3,7.187914e-06,3,2.3959713265260993e-06
GLB1L3,7.0734213e-06,1,7.073421329550911e-06
PGM5,6.893226e-06,1,6.893225872772746e-06
GPR156,6.707602e-06,1,6.707602096867049e-06
RPH3AL,6.5412037e-06,1,6.5412036747147795e-06
TCOF1,6.3187385e-06,1,6.318738542177016e-06
ECHDC3,6.250093e-06,1,6.2500930653186515e-06
GEMIN6,6.2005192e-06,4,1.5501298094022786e-06
ZNF76,6.1635897e-06,1,6.163589659990976e-06
IFRD1,6.0979996e-06,1,6.097999630583217e-06
IQSEC3,5.8992173e-06,1,5.89921728533227e-06
LMF1,5.816373e-06,4,1.4540931942974566e-06
AIPL1,5.790627e-06,1,5.7906268011720385e-06
ADGRV1,5.6041026e-06,1,5.604102625511587e-06
DNAJC10,5.4847706e-06,1,5.484770554176066e-06
PAFAH2,5.410506e-06,3,1.8035020730167162e-06
KCTD13,5.3918693e-06,7,7.702670440526813e-07
PNRC1,5.3909157e-06,1,5.39091570317396e-06
ROS1,5.2411106e-06,3,1.7470368523693953e-06
PWRN1,5.207493e-06,1,5.2074929044465534e-06
ZFP57,5.17355e-06,1,5.173550107429037e-06
ARID1A,5.148463e-06,15,3.4323087068817887e-07
GPSM1,5.1075385e-06,1,5.107538527227007e-06
FAM161A,4.883411e-06,1,4.883410838374402e-06
STT3B,4.8357547e-06,4,1.2089386700608884e-06
ARVCF,4.7892895e-06,1,4.7892895054246765e-06
GSC2,4.7714775e-06,1,4.7714775064378045e-06
ZNF202,4.5546376e-06,3,1.5182125328768354e-06
CRIM1,4.5165316e-06,1,4.516531589615624e-06
PRMT8,4.3653195e-06,1,4.365319455246208e-06
CBFA2T3,4.284725e-06,1,4.284725036995951e-06
TTBK2,4.20399e-06,5,8.40798020362854e-07
SCHIP1,4.1934118e-06,2,2.0967058844689745e-06
RSPH1,4.176162e-06,1,4.176161837676773e-06
SYTL3,4.0975456e-06,1,4.097545570402872e-06
TACC1,4.0507966e-06,2,2.0253983166185208e-06
DGLUCY,3.9890206e-06,1,3.989020569861168e-06
RSPH3,3.907754e-06,1,3.907754035026301e-06
POC1A,3.8596118e-06,1,3.859611751977354e-06
HORMAD2,3.819121e-06,1,3.8191210478544235e-06
RP1,3.7982863e-06,1,3.7982863432262093e-06
WDR26,3.7867862e-06,1,3.7867862374696415e-06
USP45,3.7679883e-06,4,9.419970865565119e-07
CELF4,3.7666957e-06,1,3.766695726881153e-06
SETBP1,3.6955419e-06,1,3.695541863635299e-06
GAREM1,3.6636325e-06,1,3.663632469397271e-06
NPPB,3.6411216e-06,7,5.201602237190985e-07
DIP2A,3.6292292e-06,1,3.629229240686982e-06
OR8B4,3.6017009e-06,3,1.2005669608091314e-06
DPRX,3.4931738e-06,1,3.4931738355226116e-06
CECR2,3.4812085e-06,1,3.481208523226087e-06
RXYLT1,3.4351294e-06,1,3.4351294289081125e-06
TANGO2,3.3993115e-06,1,3.3993114811892156e-06
ALKBH8,3.3963775e-06,3,1.1321258170937654e-06
DENND5B,3.3223857e-06,4,8.305964342980587e-07
PREP,3.236078e-06,1,3.2360781005991157e-06
SDHAF3,3.1479772e-06,1,3.1479771678277757e-06
CCNO,3.0908539e-06,1,3.090853851972497e-06
BARX2,3.0900999e-06,1,3.0900998808647273e-06
MMP28,3.0135616e-06,1,3.013561581610702e-06
DUOXA2,2.9336463e-06,2,1.4668231642644969e-06
SOX8,2.9278565e-06,3,9.759521617525024e-07
UBR1,2.9152118e-06,4,7.288029451046896e-07
PTP4A3,2.7558222e-06,1,2.7558221518120263e-06
MPHOSPH6,2.7316073e-06,1,2.731607310124673e-06
SLC25A17,2.708271e-06,9,3.009190044799147e-07
RYK,2.6752675e-06,17,1.5736867787970423e-07
EOGT,2.435411e-06,1,2.435411033729906e-06
FOXP2,2.4222834e-06,1,2.4222833872045157e-06
RIOK2,2.277617e-06,1,2.277617113577435e-06
ADGRA2,2.0552511e-06,1,2.0552511159621645e-06
PPRC1,2.0055154e-06,5,4.011030796391424e-07
PLCXD3,1.9382057e-06,1,1.9382057416805765e-06
SAMD3,1.9349457e-06,1,1.9349456579220714e-06
NMI,1.926509e-06,4,4.816272394236876e-07
MIR122,1.8809873e-06,2,9.404936349710624e-07
CFHR4,1.8807333e-06,6,3.1345554892444244e-07
KIAA1217,1.8005857e-06,1,1.8005856645686436e-06
SFSWAP,1.7118915e-06,1,1.7118915138780721e-06
CLCN6,1.69857e-06,7,2.426528616134809e-07
PPP2R3A,1.6525511e-06,15,1.101700718209031e-07
COL6A5,1.647149e-06,19,8.669205367608044e-08
C22orf39,1.5475528e-06,1,1.547552756164805e-06
HIF1AN,1.4881579e-06,8,1.8601973295062635e-07
SLC30A5,1.4402085e-06,10,1.440208507119678e-07
DNMBP,1.4006724e-06,6,2.3344540522884927e-07
CASR,1.3733946e-06,11,1.2485405808216787e-07
AS3MT,1.3707919e-06,5,2.741583784882096e-07
SLN,1.3461531e-06,1,1.3461531125358306e-06
RPEL1,1.3460104e-06,5,2.69202087110898e-07
RBPJL,1.213266e-06,8,1.516582557314905e-07
SS18,1.2077985e-06,1,1.2077985047653783e-06
B4GALNT4,1.1973561e-06,1,1.1973561413469724e-06
TAOK2,1.1879079e-06,6,1.9798464260626739e-07
RFX6,1.1767918e-06,1,1.1767917840188602e-06
MED18,1.1157782e-06,2,5.578891091317928e-07
ARL3,1.1036125e-06,7,1.5765892515316538e-07
RASA3,1.0990334e-06,10,1.0990333976224065e-07
MGAT4A,1.0665625e-06,11,9.696022764480651e-08
KLF15,1.0655593e-06,5,2.1311186628736323e-07
CXCL16,1.0174135e-06,13,7.826257877660772e-08
PLIN2,1.0102192e-06,9,1.1224657707013345e-07
GJB6,9.967563e-07,1,9.967562846213696e-07
TXNRD3,9.827814e-07,7,1.403973491116111e-07
B9D1,9.696417e-07,6,1.616069577418481e-07
ORM1,9.663181e-07,8,1.2078976396878716e-07
TRIM69,9.456623e-07,4,2.364155733403095e-07
SLPI,9.289526e-07,3,3.096508673176383e-07
OXA1L,8.9692134e-07,7,1.281316193464071e-07
INTU,8.840998e-07,2,4.4204989535501227e-07
QRSL1,8.773961e-07,2,4.3869803789675643e-07
OR5AU1,8.4492945e-07,3,2.8164314850679756e-07
HERC6,8.353747e-07,4,2.0884367302187457e-07
GATC,8.022419e-07,1,8.022419137887482e-07
SHF,7.104002e-07,1,7.104001724655973e-07
MCFD2,6.936457e-07,9,7.707174316035687e-08
NEB,6.838098e-07,4,1.7095244686515798e-07
CLDN17,6.7633175e-07,10,6.763317514923983e-08
INO80D,6.4571e-07,5,1.2914199487568112e-07
CDC37L1,6.385583e-07,4,1.5963956911946298e-07
MINK1,6.2032956e-07,5,1.240659116774623e-07
OR6J1,6.1794333e-07,3,2.0598110950231785e-07
OR11H6,6.1638843e-07,3,2.05462811209145e-07
EGLN3,6.10671e-07,13,4.6974692990121326e-08
SERPINA5,5.6351547e-07,5,1.1270309414612712e-07
AKAP7,5.144691e-07,1,5.14469093104708e-07
LMAN2L,4.6895e-07,9,5.210555463640453e-08
CPB1,4.1070626e-07,5,8.214125273298123e-08
ACP3,3.8003583e-07,4,9.500895714609214e-08
OR10G3,3.4342378e-07,3,1.1447459276799539e-07
VPS41,3.3771724e-07,2,1.6885861953142012e-07
SVIL,3.203222e-07,2,1.6016109327665617e-07
LRRC8D,3.0853764e-07,2,1.5426881816438254e-07
PDCD11,2.8595716e-07,4,7.148928915512442e-08
CAPN15,2.7264048e-07,2,1.3632023865284282e-07
TESK1,2.3897715e-07,4,5.974428773924956e-08
PDLIM3,2.0375046e-07,1,2.0375046005938202e-07
HOXA7,2.0114186e-07,1,2.0114185872444068e-07
CALHM1,1.8974121e-07,1,1.897412147400246e-07
SERINC2,1.396722e-07,3,4.655739852902722e-08
RPGRIP1,1.2144224e-07,1,1.2144224115218094e-07
TFEC,9.802051e-08,1,9.802050726648304e-08
CLMN,9.196593e-08,1,9.196592998250708e-08
LYPD6B,8.788963e-08,3,2.9296543857526558e-08
LYPD2,7.0641846e-08,3,2.3547282050155143e-08
NME8,2.1453864e-08,1,2.1453864462728234e-08
MAL,7.465973e-09,1,7.465972728937231e-09
