pathway,degree,in_importance_sum,in_importance_mean,n_nodes
Signal Transduction,5012,3.5621638,0.000710727,1
Immune System,4304,3.1492867,0.0007317116,1
Metabolism,2573,1.9994556,0.0007770912,1
Metabolism of proteins,2398,1.7754843,0.00074040215,1
Gene expression (Transcription),2048,1.6348122,0.00079824816,1
Cytokine Signaling in Immune system,1963,1.5631576,0.00079631055,1
RNA Polymerase II Transcription,1853,1.4953653,0.0008069969,1
Generic Transcription Pathway,1770,1.4282326,0.00080691103,1
Post-translational protein modification,1987,1.3778734,0.0006934441,1
Adaptive Immune System,1977,1.3118678,0.0006635649,1
Innate Immune System,1768,1.2473785,0.0007055308,1
Signaling by GPCR,1759,1.2418853,0.0007060178,1
Disease,1664,1.1887838,0.0007144133,1
GPCR downstream signalling,1581,1.1527433,0.0007291229,1
Pathways in cancer - Homo sapiens (human),1439,1.0615339,0.0007376886,1
Developmental Biology,1346,1.0172387,0.0007557494,1
GPCR ligand binding,1193,1.0101359,0.0008467191,1
Hemostasis,1258,0.9817315,0.0007803907,1
Cytokine-cytokine receptor interaction - Homo sapiens (human),1340,0.9623703,0.0007181868,1
Infectious disease,1100,0.8530964,0.0007755422,1
Signaling by Receptor Tyrosine Kinases,1053,0.7846531,0.0007451597,1
Transport of small molecules,1138,0.75111884,0.00066003413,1
Human T-cell leukemia virus 1 infection - Homo sapiens (human),911,0.73071235,0.0008020992,1
Class A/1 (Rhodopsin-like receptors),1028,0.72900987,0.0007091536,1
"Signaling by Rho GTPases, Miro GTPases and RHOBTB3",931,0.71620286,0.0007692834,1
Herpes simplex virus 1 infection - Homo sapiens (human),906,0.7138855,0.0007879531,1
Vitamin D Receptor Pathway,861,0.696244,0.00080864574,1
Signaling by Rho GTPases,920,0.6704411,0.0007287403,1
EGFR1,991,0.6680749,0.0006741422,1
Signaling by Interleukins,911,0.6593434,0.0007237579,1
Neuroactive ligand-receptor interaction - Homo sapiens (human),840,0.65787446,0.0007831839,1
VEGFA-VEGFR2 Signaling Pathway,848,0.64941365,0.000765818,1
JAK STAT pathway and regulation,907,0.6419078,0.00070772634,1
Cell adhesion molecules - Homo sapiens (human),925,0.6407306,0.00069268176,1
Allograft Rejection,820,0.6263261,0.0007638123,1
Interferon Signaling,741,0.62468195,0.00084302557,1
Neuronal System,852,0.6035262,0.00070836407,1
Metabolism of lipids,782,0.5973205,0.00076383696,1
GPCR signaling-G alpha s PKA and ERK,759,0.5961978,0.00078550435,1
Epstein-Barr virus infection - Homo sapiens (human),777,0.58442557,0.0007521565,1
Nuclear Receptors Meta-Pathway,661,0.57994473,0.0008773748,1
Neutrophil degranulation,761,0.56936145,0.0007481754,1
Interferon gamma signaling,686,0.5686096,0.000828877,1
Human papillomavirus infection - Homo sapiens (human),766,0.5683401,0.0007419584,1
Human cytomegalovirus infection - Homo sapiens (human),763,0.560044,0.0007340026,1
GPCR signaling-G alpha s Epac and ERK,736,0.55886847,0.00075933215,1
GPCR signaling-cholera toxin,732,0.5537589,0.0007565013,1
GPCR signaling-G alpha q,741,0.53880113,0.000727127,1
Pathways of neurodegeneration - multiple diseases - Homo sapiens (human),766,0.537853,0.00070215797,1
IL-18 signaling pathway,719,0.5366226,0.00074634573,1
"GPCRs, Class A Rhodopsin-like",812,0.53536654,0.0006593184,1
"Platelet activation, signaling and aggregation",637,0.535172,0.0008401444,1
GPCR signaling-G alpha i,727,0.5341204,0.00073469104,1
Immunoregulatory interactions between a Lymphoid and a non-Lymphoid cell,616,0.5309062,0.0008618607,1
Kaposi sarcoma-associated herpesvirus infection - Homo sapiens (human),661,0.53018796,0.0008020998,1
Axon guidance,759,0.52674127,0.00069399376,1
G alpha (i) signalling events,799,0.5253212,0.00065747334,1
MAPK family signaling cascades,652,0.52493405,0.0008051136,1
GPCR signaling-pertussis toxin,727,0.5245354,0.0007215068,1
G alpha (q) signalling events,671,0.5212988,0.0007768984,1
Cellular responses to stress,664,0.50972027,0.000767651,1
Nervous system development,781,0.5084843,0.0006510682,1
RHO GTPase cycle,651,0.5076998,0.0007798768,1
Focal Adhesion-PI3K-Akt-mTOR-signaling pathway,649,0.50687325,0.0007810065,1
TCR,736,0.49539793,0.000673095,1
Peptide ligand-binding receptors,673,0.48861042,0.00072601845,1
Cell Cycle,618,0.48325783,0.0007819706,1
PI3K-Akt signaling pathway,699,0.4809451,0.0006880474,1
Diseases of signal transduction by growth factor receptors and second messengers,645,0.4799764,0.00074414944,1
PI3K-Akt signaling pathway - Homo sapiens (human),737,0.4780475,0.00064863975,1
Vesicle-mediated transport,703,0.47553578,0.0006764378,1
MAPK signaling pathway - Homo sapiens (human),747,0.47549233,0.00063653593,1
Metabolism of RNA,689,0.47399995,0.0006879535,1
Hematopoietic cell lineage - Homo sapiens (human),514,0.47072685,0.000915811,1
JAK-STAT signaling pathway - Homo sapiens (human),639,0.46721354,0.0007311636,1
Human immunodeficiency virus 1 infection - Homo sapiens (human),512,0.46253377,0.0009033863,1
Th17 cell differentiation - Homo sapiens (human),663,0.461205,0.00069563347,1
Viral carcinogenesis - Homo sapiens (human),574,0.46112582,0.00080335507,1
Membrane Trafficking,655,0.45422056,0.0006934665,1
MAPK Signaling Pathway,648,0.45261616,0.00069848174,1
Cellular responses to external stimuli,666,0.44963992,0.000675135,1
Influenza A - Homo sapiens (human),597,0.4485854,0.0007513993,1
MAPK1/MAPK3 signaling,603,0.44606274,0.0007397392,1
Leishmania infection,565,0.44015476,0.000779035,1
RAF/MAP kinase cascade,601,0.4388387,0.0007301808,1
Toxoplasmosis - Homo sapiens (human),626,0.4338264,0.0006930134,1
Endocytosis - Homo sapiens (human),512,0.43331835,0.0008463249,1
Cellular senescence - Homo sapiens (human),548,0.43213874,0.00078857434,1
Allograft rejection - Homo sapiens (human),591,0.43152547,0.00073016156,1
Chemokine signaling pathway - Homo sapiens (human),682,0.43059453,0.0006313703,1
Phagosome - Homo sapiens (human),617,0.43021205,0.0006972643,1
Tuberculosis - Homo sapiens (human),572,0.4252058,0.0007433668,1
Th1 and Th2 cell differentiation - Homo sapiens (human),594,0.4202803,0.0007075426,1
Metabolism of amino acids and derivatives,496,0.41899806,0.00084475416,1
Autoimmune thyroid disease - Homo sapiens (human),602,0.41696906,0.0006926396,1
"Cell Cycle, Mitotic",513,0.41665593,0.0008121948,1
Type I diabetes mellitus - Homo sapiens (human),556,0.41583386,0.0007479026,1
Ras signaling pathway - Homo sapiens (human),604,0.41458213,0.0006863943,1
Transcriptional Regulation by TP53,454,0.40995964,0.0009029948,1
Viral myocarditis - Homo sapiens (human),562,0.40945256,0.0007285633,1
Ebola Virus Pathway on Host,563,0.3987909,0.00070833194,1
Metabolism of carbohydrates,506,0.39809948,0.00078675785,1
Graft-versus-host disease - Homo sapiens (human),539,0.39769456,0.00073783775,1
Rheumatoid arthritis - Homo sapiens (human),514,0.3966134,0.00077162136,1
Class I MHC mediated antigen processing & presentation,632,0.3946976,0.0006245215,1
Osteoclast differentiation - Homo sapiens (human),574,0.394429,0.00068715855,1
Natural killer cell mediated cytotoxicity - Homo sapiens (human),467,0.39010915,0.00083535153,1
Ectoderm Differentiation,386,0.38257104,0.0009911167,1
Inflammatory bowel disease - Homo sapiens (human),513,0.382425,0.00074546784,1
Chemokine signaling pathway,582,0.37910986,0.0006513915,1
Intracellular signaling by second messengers,590,0.37861773,0.00064172497,1
Shigellosis - Homo sapiens (human),508,0.3774972,0.0007431047,1
SLC-mediated transmembrane transport,552,0.37582868,0.0006808491,1
Sensory Perception,444,0.37449452,0.00084345613,1
CD4 T cell receptor signaling,577,0.37415043,0.00064844097,1
Signaling by WNT,424,0.3709523,0.0008748875,1
Antigen processing and presentation - Homo sapiens (human),452,0.36890584,0.0008161634,1
Rap1 signaling pathway - Homo sapiens (human),500,0.36720932,0.00073441863,1
Mesodermal commitment pathway,426,0.35682693,0.0008376219,1
Lipid and atherosclerosis - Homo sapiens (human),515,0.35596895,0.0006912018,1
Viral protein interaction with cytokine and cytokine receptor - Homo sapiens (human),577,0.35318112,0.000612099,1
JAK-STAT-Core,438,0.34897408,0.0007967445,1
Transcriptional misregulation in cancer - Homo sapiens (human),435,0.3435994,0.0007898837,1
Transmission across Chemical Synapses,429,0.34338883,0.00080044015,1
Amyotrophic lateral sclerosis - Homo sapiens (human),471,0.3428349,0.00072788727,1
Leishmaniasis - Homo sapiens (human),532,0.34278992,0.0006443419,1
Axon guidance - Homo sapiens (human),487,0.33892313,0.0006959407,1
Anti-inflammatory response favouring Leishmania parasite infection,452,0.33801144,0.0007478129,1
Leishmania parasite growth and survival,452,0.33738595,0.0007464291,1
JAK STAT MolecularVariation 1,455,0.3353287,0.00073698617,1
Transcriptional regulation by RUNX1,414,0.33226985,0.00080258417,1
Alzheimer disease - Homo sapiens (human),504,0.33034664,0.0006554497,1
PIP3 activates AKT signaling,518,0.3299141,0.0006368998,1
Extracellular matrix organization,527,0.32775357,0.0006219233,1
NOD-like receptor signaling pathway - Homo sapiens (human),392,0.32602406,0.000831694,1
Direct p53 effectors,331,0.32457802,0.0009805983,1
CD4 T cell receptor signaling-NFkB cascade,491,0.323037,0.0006579165,1
Measles - Homo sapiens (human),448,0.32083628,0.0007161524,1
SHP2 signaling,250,0.31693244,0.0012677298,1
IL12-mediated signaling events,460,0.31526548,0.00068535976,1
Interferon alpha/beta signaling,371,0.3114505,0.0008394892,1
Cell-Cell communication,421,0.31089455,0.00073846686,1
Chagas disease - Homo sapiens (human),362,0.30908248,0.000853819,1
PD-L1 expression and PD-1 checkpoint pathway in cancer - Homo sapiens (human),361,0.30246732,0.0008378596,1
Ras signaling,451,0.3022579,0.0006701949,1
Calcium signaling pathway - Homo sapiens (human),493,0.3019287,0.00061243144,1
Modulators of TCR signaling and T cell activation,407,0.30154675,0.0007409011,1
Salmonella infection - Homo sapiens (human),456,0.29985744,0.0006575821,1
T cell receptor signaling pathway - Homo sapiens (human),536,0.2995073,0.00055878225,1
Systemic lupus erythematosus - Homo sapiens (human),450,0.29939038,0.00066531193,1
Coronavirus disease - COVID-19 - Homo sapiens (human),464,0.2976655,0.0006415205,1
Transport of inorganic cations/anions and amino acids/oligopeptides,329,0.29670995,0.00090185396,1
Regulation of toll-like receptor signaling pathway,412,0.29324716,0.00071176497,1
Thymic Stromal LymphoPoietin (TSLP) Signaling Pathway,267,0.2922318,0.0010945011,1
MicroRNAs in cancer - Homo sapiens (human),422,0.28685677,0.0006797554,1
Brain-derived neurotrophic factor (BDNF) signaling pathway,350,0.2860961,0.0008174174,1
Neural Crest Differentiation,409,0.28543502,0.0006978851,1
Intestinal immune network for IgA production - Homo sapiens (human),459,0.28471574,0.00062029576,1
Prostaglandin Synthesis and Regulation,202,0.2845999,0.0014089104,1
Insulin Signaling,393,0.28444776,0.00072378566,1
Cell surface interactions at the vascular wall,324,0.28427485,0.0008773915,1
TNFalpha,409,0.28355113,0.000693279,1
Spinal Cord Injury,442,0.28328782,0.0006409227,1
Deubiquitination,469,0.2813664,0.0005999284,1
IL23-mediated signaling events,286,0.28088543,0.0009821169,1
M Phase,363,0.27996787,0.00077126134,1
Focal Adhesion,381,0.2796569,0.00073400757,1
Regulation of actin cytoskeleton - Homo sapiens (human),434,0.27785915,0.00064022845,1
BCR,434,0.27567023,0.0006351849,1
IL-7 signaling,396,0.27534923,0.00069532637,1
cAMP signaling pathway - Homo sapiens (human),436,0.27402586,0.00062849966,1
RHO GTPase Effectors,382,0.27135652,0.0007103574,1
T-cell receptor (TCR) signaling pathway,470,0.2707281,0.00057601725,1
G alpha (s) signalling events,337,0.2697715,0.0008005089,1
Pathogenic Escherichia coli infection - Homo sapiens (human),451,0.2688156,0.0005960435,1
T-Cell antigen Receptor (TCR) pathway during Staphylococcus aureus infection,415,0.26875845,0.0006476107,1
Selective expression of chemokine receptors during T-cell polarization,323,0.26792532,0.00082949013,1
EPO signaling,373,0.26588026,0.00071281573,1
ADORA2B mediated anti-inflammatory cytokines production,307,0.26523384,0.0008639539,1
Focal adhesion - Homo sapiens (human),366,0.26298228,0.0007185308,1
NF-kappa B signaling pathway - Homo sapiens (human),415,0.26208368,0.0006315269,1
Adipogenesis,326,0.26182425,0.00080314185,1
Hippo-Merlin Signaling Dysregulation,350,0.26067165,0.0007447761,1
Signaling by Nuclear Receptors,431,0.25834766,0.0005994145,1
Glycosaminoglycan metabolism,314,0.25810263,0.00082198286,1
Calcium Regulation in the Cardiac Cell,400,0.25669706,0.00064174266,1
Staphylococcus aureus infection - Homo sapiens (human),355,0.25604632,0.00072125724,1
Type II interferon signaling (IFNG),316,0.25588018,0.0008097474,1
Ub-specific processing proteases,345,0.25524998,0.000739855,1
Prion disease - Homo sapiens (human),373,0.25458682,0.0006825384,1
Pathways Regulating Hippo Signaling,328,0.25269797,0.00077042065,1
B Cell Receptor Signaling Pathway,438,0.25268048,0.00057689607,1
Male infertility,387,0.2519757,0.00065109995,1
Signaling by the B Cell Receptor (BCR),280,0.25161967,0.00089864165,1
TNFR2 non-canonical NF-kB pathway,312,0.24883603,0.00079755136,1
Chromatin organization,310,0.24766776,0.00079892826,1
Neurotransmitter receptors and postsynaptic signal transmission,289,0.24766025,0.0008569559,1
AP-1 transcription factor network,297,0.2464121,0.00082967035,1
Gastrin signaling pathway,327,0.24313232,0.00074352394,1
Acute viral myocarditis,340,0.24310625,0.00071501837,1
Huntington disease - Homo sapiens (human),343,0.24198155,0.0007054856,1
CD4 T cell receptor signaling-JNK cascade,347,0.24002519,0.0006917153,1
Myometrial relaxation and contraction pathways,375,0.23958836,0.0006389023,1
SUMO E3 ligases SUMOylate target proteins,305,0.23684144,0.0007765293,1
Breast cancer - Homo sapiens (human),296,0.2362328,0.0007980838,1
Apoptosis,391,0.23572081,0.0006028665,1
Yersinia infection - Homo sapiens (human),420,0.23507418,0.0005597004,1
TGF_beta_Receptor,311,0.23463811,0.00075446337,1
Signaling pathways regulating pluripotency of stem cells - Homo sapiens (human),300,0.23405571,0.0007801857,1
Fluid shear stress and atherosclerosis - Homo sapiens (human),373,0.23348086,0.000625954,1
Hepatitis B - Homo sapiens (human),355,0.23207109,0.0006537214,1
O-linked glycosylation,296,0.23128393,0.0007813646,1
Breast cancer pathway,297,0.23127168,0.00077869254,1
DNA Repair,285,0.23035844,0.0008082752,1
Costimulation by the CD28 family,417,0.23034269,0.0005523805,1
CXCR4-mediated signaling events,315,0.23027748,0.0007310396,1
JAK STAT MolecularVariation 2,264,0.23022819,0.0008720765,1
Proteoglycans in cancer - Homo sapiens (human),367,0.23008017,0.0006269215,1
Wnt signaling pathway - Homo sapiens (human),336,0.22901629,0.0006815961,1
SUMOylation,306,0.22897922,0.0007482981,1
PDGFR-beta signaling pathway,363,0.22884989,0.0006304405,1
Regulation of Actin Cytoskeleton,318,0.22860423,0.0007188812,1
Genotoxicity pathway,272,0.22854127,0.00084022526,1
IL-6 signaling pathway,212,0.22810005,0.0010759436,1
Sudden Infant Death Syndrome (SIDS) Susceptibility Pathways,309,0.22801504,0.0007379127,1
Regulatory circuits of the STAT3 signaling pathway,296,0.22739026,0.00076821033,1
Kit receptor signaling pathway,277,0.22717063,0.0008201106,1
Ciliary landscape,293,0.22573605,0.0007704302,1
EGF-EGFR signaling pathway,307,0.22508301,0.00073316944,1
Hepatitis C - Homo sapiens (human),306,0.22507674,0.0007355449,1
Signaling by NOTCH,270,0.22507042,0.0008335941,1
Necroptosis - Homo sapiens (human),262,0.22499923,0.0008587757,1
Senescence and Autophagy in Cancer,291,0.2245326,0.0007715897,1
Muscle contraction,264,0.22432676,0.0008497226,1
HIF-1 signaling pathway - Homo sapiens (human),260,0.22379737,0.0008607591,1
"PI5P, PP2A and IER3 Regulate PI3K/AKT Signaling",353,0.22368117,0.0006336577,1
Nonalcoholic fatty liver disease,269,0.2234926,0.00083082746,1
Phospholipase D signaling pathway - Homo sapiens (human),292,0.22277734,0.0007629361,1
IL-17 signaling pathway - Homo sapiens (human),349,0.22162428,0.0006350266,1
TCF dependent signaling in response to WNT,274,0.22135103,0.00080785045,1
Chromatin modifying enzymes,310,0.22133413,0.00071398105,1
Fc epsilon receptor (FCERI) signaling,304,0.22119941,0.00072762964,1
Cell Cycle Checkpoints,252,0.21995473,0.0008728362,1
TCR signaling,358,0.21943036,0.00061293395,1
Antigen processing: Ubiquitination & Proteasome degradation,429,0.21908131,0.00051067903,1
Cardiac conduction,201,0.21772742,0.001083221,1
Inflammatory mediator regulation of TRP channels - Homo sapiens (human),286,0.21678506,0.0007579897,1
Proteasome Degradation,268,0.21626408,0.00080695556,1
Platelet activation - Homo sapiens (human),306,0.21519557,0.0007032535,1
Downstream TCR signaling,303,0.21515532,0.0007100836,1
Factors involved in megakaryocyte development and platelet production,258,0.21501414,0.0008333882,1
Organelle biogenesis and maintenance,228,0.21492994,0.00094267516,1
Asparagine N-linked glycosylation,302,0.21477766,0.00071118434,1
Epithelial to mesenchymal transition in colorectal cancer,295,0.21407557,0.00072567986,1
IL4-mediated signaling events,294,0.21366858,0.0007267639,1
Olfactory transduction - Homo sapiens (human),268,0.21320555,0.0007955431,1
Spinocerebellar ataxia - Homo sapiens (human),320,0.21297996,0.00066556234,1
VEGF,374,0.21157959,0.00056572084,1
Parkinson disease - Homo sapiens (human),305,0.21154405,0.00069358706,1
DNA damage response (only ATM dependent),266,0.2105067,0.0007913786,1
Peptide GPCRs,325,0.21041796,0.00064743985,1
Interleukin-1 family signaling,282,0.21026099,0.0007456063,1
Cell junction organization,290,0.2101016,0.0007244883,1
Cushing syndrome - Homo sapiens (human),250,0.2099634,0.0008398536,1
Calcineurin-regulated NFAT-dependent transcription in lymphocytes,387,0.2086959,0.0005392659,1
Regulation of TP53 Activity,242,0.20840336,0.00086117093,1
Amoebiasis - Homo sapiens (human),238,0.20812964,0.0008744943,1
Toll-like Receptor Cascades,297,0.20800099,0.00070034,1
"Growth hormone synthesis, secretion and action - Homo sapiens (human)",265,0.20734057,0.00078241725,1
Diabetic cardiomyopathy - Homo sapiens (human),251,0.20673445,0.00082364323,1
Metapathway biotransformation Phase I and II,254,0.20616962,0.0008116914,1
Negative regulation of the PI3K/AKT network,374,0.20526688,0.0005488419,1
Hepatitis B infection,292,0.20473947,0.00070116256,1
Validated targets of C-MYC transcriptional repression,237,0.20431206,0.0008620762,1
Platelet degranulation ,222,0.20381701,0.00091809465,1
IL4,312,0.203408,0.00065194874,1
Thermogenesis - Homo sapiens (human),238,0.20308898,0.00085331505,1
Folate Metabolism,205,0.20135053,0.0009821977,1
Apoptosis Modulation and Signaling,243,0.201083,0.00082750205,1
Toll-like receptor signaling pathway - Homo sapiens (human),276,0.20054765,0.00072662195,1
Apoptosis - Homo sapiens (human),289,0.20036648,0.00069330964,1
Prolactin,272,0.20011504,0.00073571707,1
Chemokine receptors bind chemokines,369,0.20000525,0.00054201967,1
B cell receptor signaling pathway - Homo sapiens (human),319,0.19938898,0.0006250438,1
PI3K/AKT Signaling in Cancer,346,0.19928569,0.0005759702,1
Olfactory Signaling Pathway,206,0.19905832,0.0009663025,1
Asthma - Homo sapiens (human),301,0.1983909,0.000659106,1
RAC1 GTPase cycle,316,0.19695444,0.00062327355,1
TNF signaling pathway - Homo sapiens (human),327,0.19695374,0.00060230505,1
Chromosomal and microsatellite instability in colorectal cancer,201,0.19597127,0.0009749814,1
Toll-like Receptor Signaling Pathway,279,0.19580649,0.00070181536,1
Thyroid hormone signaling pathway - Homo sapiens (human),220,0.19536576,0.00088802614,1
Prolactin Signaling Pathway,318,0.19455025,0.00061179325,1
KitReceptor,299,0.19431117,0.00064987014,1
Potassium Channels,317,0.19418748,0.0006125788,1
TNFs bind their physiological receptors,249,0.19389977,0.0007787139,1
Phosphatidylinositol signaling system - Homo sapiens (human),194,0.1938134,0.0009990381,1
Hepatocellular carcinoma - Homo sapiens (human),280,0.19374919,0.0006919614,1
IL2-mediated signaling events,280,0.19297317,0.0006891899,1
Cell-cell junction organization,240,0.1922959,0.0008012329,1
Constitutive Signaling by Aberrant PI3K in Cancer,326,0.19214395,0.0005893986,1
Pre-implantation embryo,238,0.19194216,0.00080647966,1
Mitotic Metaphase and Anaphase,204,0.19130029,0.0009377465,1
C-type lectin receptor signaling pathway - Homo sapiens (human),282,0.19124244,0.0006781647,1
Gastric cancer - Homo sapiens (human),272,0.18996876,0.0006984146,1
CDC42 GTPase cycle,269,0.18994223,0.0007061049,1
Cilium Assembly,191,0.1897041,0.0009932152,1
Downstream signaling in naïve CD8+ T cells,313,0.18884996,0.0006033545,1
Relaxin signaling pathway - Homo sapiens (human),257,0.1874559,0.0007294004,1
Biological oxidations,240,0.18681085,0.00077837857,1
Glucocorticoid receptor regulatory network,202,0.1854568,0.000918103,1
Mitotic Prometaphase,236,0.18532047,0.0007852562,1
Phospholipid metabolism,263,0.18499145,0.0007033895,1
cGMP-PKG signaling pathway - Homo sapiens (human),242,0.18415235,0.0007609601,1
Response to elevated platelet cytosolic Ca2+,228,0.18411535,0.0008075235,1
Signaling events mediated by Stem cell factor receptor (c-Kit),255,0.18409781,0.0007219522,1
Chronic myeloid leukemia - Homo sapiens (human),189,0.18101726,0.0009577633,1
Purine metabolism,274,0.18079075,0.0006598203,1
Non-alcoholic fatty liver disease - Homo sapiens (human),209,0.1804089,0.00086320046,1
Small cell lung cancer,232,0.18032925,0.00077728124,1
Death Receptor Signalling,263,0.1802666,0.00068542437,1
PD-1 signaling,163,0.17962044,0.0011019659,1
FoxO signaling pathway - Homo sapiens (human),263,0.17920738,0.0006813969,1
Oocyte meiosis - Homo sapiens (human),224,0.17866898,0.00079762936,1
MHC class II antigen presentation,274,0.1778641,0.00064913905,1
Vascular smooth muscle contraction - Homo sapiens (human),219,0.17782542,0.0008119882,1
Nucleotide-binding Oligomerization Domain (NOD) pathway,204,0.1774124,0.0008696687,1
Ion channel transport,312,0.17675093,0.0005665094,1
Protein digestion and absorption - Homo sapiens (human),211,0.17655954,0.00083677506,1
"Parathyroid hormone synthesis, secretion and action - Homo sapiens (human)",191,0.1764465,0.00092380366,1
TRIF(TICAM1)-mediated TLR4 signaling ,245,0.17559686,0.0007167219,1
Regulation of Insulin-like Growth Factor (IGF) transport and uptake by Insulin-like Growth Factor Binding Proteins (IGFBPs),170,0.17556278,0.0010327223,1
Lung fibrosis,260,0.17533901,0.0006743808,1
EGF-Core,311,0.17528883,0.00056362967,1
Glutamatergic synapse - Homo sapiens (human),258,0.17524709,0.00067925226,1
Translation,214,0.17485075,0.00081705954,1
Overview of leukocyte-intrinsic Hippo pathway functions,161,0.17409906,0.0010813606,1
Development and heterogeneity of the ILC family,189,0.17399381,0.0009206022,1
RHOA GTPase cycle,270,0.17361784,0.00064302905,1
TYROBP causal network in microglia,214,0.17333558,0.00080997933,1
Integrin,232,0.17329898,0.0007469784,1
IL-3 signaling pathway,234,0.17318484,0.00074010616,1
mTOR signaling pathway - Homo sapiens (human),253,0.1728543,0.0006832186,1
keratinocyte differentiation,245,0.17215903,0.0007026899,1
NO-cGMP-PKG mediated Neuroprotection,181,0.17167105,0.00094845885,1
Metabolism of vitamins and cofactors,255,0.17140898,0.0006721921,1
Toll Like Receptor 4 (TLR4) Cascade,272,0.1710176,0.00062874117,1
Proximal tubule transport,84,0.17087395,0.0020342139,1
The citric acid (TCA) cycle and respiratory electron transport,204,0.17084819,0.0008374911,1
HIV Infection,271,0.17055681,0.00062936096,1
Signaling events mediated by PTP1B,236,0.17054139,0.00072263303,1
Signaling by SCF-KIT,248,0.17017409,0.00068618584,1
GMCSF-mediated signaling events,198,0.1699412,0.0008582889,1
Inflammatory Response Pathway,233,0.16968143,0.00072824646,1
IL6,230,0.1695061,0.000736983,1
Corticotropin-releasing hormone signaling pathway,208,0.16890278,0.0008120326,1
Interleukin-2 family signaling,206,0.16800354,0.0008155512,1
Platelet calcium homeostasis,107,0.1679577,0.0015696981,1
Cholinergic synapse - Homo sapiens (human),250,0.16795209,0.0006718084,1
TCR signaling in naïve CD4+ T cells,333,0.16768728,0.0005035654,1
Protein processing in endoplasmic reticulum - Homo sapiens (human),170,0.16768497,0.0009863821,1
Fatty acid metabolism,161,0.16752931,0.0010405547,1
Intra-Golgi and retrograde Golgi-to-ER traffic,201,0.16706097,0.0008311491,1
Ovarian tumor domain proteases,106,0.16704707,0.0015759157,1
Malaria - Homo sapiens (human),209,0.16685764,0.00079836196,1
"Antigen Presentation: Folding, assembly and peptide loading of class I MHC",175,0.16670057,0.0009525747,1
Retrograde endocannabinoid signaling - Homo sapiens (human),208,0.166372,0.0007998654,1
AGE-RAGE signaling pathway in diabetic complications - Homo sapiens (human),209,0.16579202,0.00079326326,1
IL-1 signaling pathway,211,0.16576184,0.00078560115,1
Adherens junctions interactions,191,0.16485831,0.00086313253,1
Arrhythmogenic Right Ventricular Cardiomyopathy,197,0.1648448,0.00083677564,1
BCR signaling pathway,270,0.16445935,0.0006091087,1
C-type lectin receptors (CLRs),248,0.1642887,0.00066245446,1
O-linked glycosylation of mucins,196,0.16418478,0.00083767745,1
RNA transport - Homo sapiens (human),215,0.16394924,0.0007625546,1
Oxytocin signaling pathway - Homo sapiens (human),247,0.16389723,0.00066355156,1
Estrogen signaling pathway - Homo sapiens (human),191,0.16329631,0.00085495453,1
Toll Like Receptor 9 (TLR9) Cascade,229,0.16296072,0.00071161886,1
Small cell lung cancer - Homo sapiens (human),231,0.16291574,0.00070526294,1
Oncostatin M Signaling Pathway,194,0.16291472,0.00083976664,1
CD4 T cell receptor signaling-ERK cascade,236,0.16282018,0.000689916,1
Mitotic Anaphase,200,0.16271405,0.0008135702,1
Glucocorticoid Receptor Pathway,228,0.16266246,0.00071343186,1
IL2,280,0.16251375,0.0005804062,1
IL12 signaling mediated by STAT4,224,0.16228102,0.00072446885,1
DNA Double-Strand Break Repair,199,0.1618501,0.0008133171,1
Autophagy - animal - Homo sapiens (human),254,0.16109265,0.00063422305,1
Antigen processing-Cross presentation,195,0.16051377,0.00082314754,1
Fragile X Syndrome,222,0.16039465,0.00072249846,1
Resolution of Sister Chromatid Cohesion,134,0.16018139,0.0011953835,1
RHO GTPases Activate Formins,181,0.16006142,0.0008843172,1
Novel intracellular components of RIG-I-like receptor (RLR) pathway,192,0.15954302,0.00083095324,1
Prostate cancer - Homo sapiens (human),241,0.15951781,0.0006618996,1
Pertussis - Homo sapiens (human),201,0.1589083,0.0007905885,1
HDR through Homologous Recombination (HRR) or Single Strand Annealing (SSA),153,0.15886687,0.0010383455,1
Selenium Micronutrient Network,194,0.15876566,0.0008183797,1
AndrogenReceptor,223,0.15818618,0.00070935505,1
Programmed Cell Death,253,0.15788125,0.00062403653,1
Toll Like Receptor 2 (TLR2) Cascade,249,0.15662633,0.0006290214,1
Signaling by VEGF,205,0.15644036,0.00076312374,1
Toll Like Receptor TLR6:TLR2 Cascade,249,0.15591072,0.00062614743,1
HIF-1-alpha transcription factor network,197,0.15573096,0.0007905125,1
Melanoma,214,0.15571214,0.00072762684,1
TGF-beta Receptor Signaling,138,0.15527096,0.0011251519,1
"Non-genomic actions of 1,25 dihydroxyvitamin D3",236,0.15523674,0.0006577828,1
Toll Like Receptor 7/8 (TLR7/8) Cascade,223,0.1541188,0.00069111574,1
Osteoblast differentiation,254,0.15385444,0.00060572615,1
TGF-beta Signaling Pathway,232,0.15328932,0.0006607298,1
Apelin signaling pathway - Homo sapiens (human),216,0.15285476,0.0007076609,1
Phenytoin (Antiarrhythmic) Action Pathway,153,0.15276377,0.000998456,1
MyD88:MAL(TIRAP) cascade initiated on plasma membrane,249,0.152551,0.0006126546,1
Parasite infection,142,0.15224618,0.0010721561,1
IL-4 signaling pathway,218,0.15214284,0.0006979029,1
Signaling by NTRKs,265,0.15204498,0.00057375466,1
il-2 receptor beta chain in t cell activation,216,0.15196393,0.00070353673,1
Renin secretion - Homo sapiens (human),212,0.1519033,0.000716525,1
Synaptic signaling pathways associated with autism spectrum disorder,92,0.15180576,0.0016500626,1
EPO signaling pathway,112,0.15170234,0.0013544852,1
Endoderm differentiation,205,0.15163682,0.00073969184,1
Gap junction - Homo sapiens (human),177,0.15143101,0.0008555424,1
Dopaminergic synapse - Homo sapiens (human),186,0.15140642,0.000814013,1
Glioma - Homo sapiens (human),166,0.15129048,0.00091138843,1
chaperones modulate interferon signaling pathway,116,0.15099089,0.0013016455,1
Apoptosis-related network due to altered Notch3 in ovarian cancer,176,0.15016419,0.0008532056,1
NRF2 pathway,217,0.14998537,0.00069117686,1
Neutrophil extracellular trap formation - Homo sapiens (human),280,0.14996013,0.0005355719,1
Clathrin-mediated endocytosis,200,0.14919735,0.00074598676,1
Endosomal/Vacuolar pathway,170,0.14890054,0.00087588554,1
TGF-beta signaling pathway - Homo sapiens (human),168,0.14763397,0.00087877363,1
EML4 and NUDC in mitotic spindle formation,160,0.1476133,0.00092258316,1
Glycerophospholipid metabolism,199,0.14726003,0.0007400001,1
Tight junction - Homo sapiens (human),234,0.14720099,0.00062906404,1
C-MYB transcription factor network,216,0.14710434,0.0006810386,1
Processing of Capped Intron-Containing Pre-mRNA,207,0.14699022,0.0007100977,1
Host Interactions of HIV factors,192,0.14675988,0.0007643744,1
Signaling events mediated by Hepatocyte Growth Factor Receptor (c-Met),210,0.1464241,0.00069725764,1
Epigenetic regulation of gene expression,164,0.14633411,0.0008922812,1
Notch,245,0.14629292,0.000597114,1
Cargo trafficking to the periciliary membrane,93,0.14627571,0.0015728571,1
Platelet homeostasis,211,0.14587589,0.0006913549,1
AGE-RAGE pathway,202,0.1457142,0.0007213574,1
Sphingolipid signaling pathway - Homo sapiens (human),203,0.14566861,0.0007175794,1
Neurotrophin signaling pathway - Homo sapiens (human),266,0.14511125,0.000545531,1
DAP12 interactions,210,0.14510782,0.0006909896,1
Cytokines and Inflammatory Response,158,0.14456628,0.00091497647,1
Morphine addiction - Homo sapiens (human),182,0.14454886,0.0007942245,1
Amplification of signal from the kinetochores,129,0.14451034,0.0011202352,1
Toll Like Receptor 5 (TLR5) Cascade,225,0.14443336,0.0006419261,1
Gastrin,181,0.14416502,0.00079649186,1
ATF-2 transcription factor network,154,0.14386094,0.00093416194,1
TRAF6 mediated induction of NFkB and MAP kinases upon TLR7/8 or 9 activation,222,0.14320903,0.0006450857,1
Alcoholism - Homo sapiens (human),202,0.14289382,0.00070739514,1
IL5,235,0.14217778,0.0006050118,1
RANKL-RANK signaling pathway,210,0.14215071,0.0006769082,1
ESC Pluripotency Pathways,234,0.14214057,0.0006074383,1
RIG-I-like receptor signaling pathway - Homo sapiens (human),165,0.14184356,0.00085965794,1
Neddylation,297,0.14169472,0.0004770866,1
Tyrosine metabolism,197,0.14157654,0.00071866263,1
Non-small cell lung cancer,138,0.1414256,0.0010248232,1
Toll Like Receptor 3 (TLR3) Cascade,231,0.14090998,0.00060999993,1
Ciliopathies,323,0.14087847,0.00043615626,1
Lysosome - Homo sapiens (human),158,0.14084858,0.0008914467,1
MyD88 dependent cascade initiated on endosome,223,0.14056197,0.0006303227,1
MyD88 cascade initiated on plasma membrane,225,0.14035226,0.0006237878,1
MyD88-independent TLR4 cascade ,246,0.14015724,0.00056974485,1
Leptin,194,0.13996436,0.00072146574,1
Keratinization,138,0.13991581,0.0010138827,1
SARS-CoV Infections,151,0.13988174,0.00092636916,1
Arf6 trafficking events,98,0.13953036,0.0014237792,1
Wnt signaling,192,0.13900262,0.000723972,1
Wnt Mammals,217,0.13893583,0.0006402573,1
Toll Like Receptor TLR1:TLR2 Cascade,249,0.138503,0.00055623695,1
t cell receptor signaling pathway,210,0.13849738,0.00065951137,1
Calcium signaling in the CD4+ TCR pathway,174,0.13832094,0.0007949479,1
ESR-mediated signaling,240,0.13813674,0.00057556975,1
Signaling by FGFR,170,0.13813083,0.0008125343,1
Regulation of p38-alpha and p38-beta,93,0.13788839,0.0014826708,1
Transport to the Golgi and subsequent modification,189,0.13773572,0.00072876044,1
Betaxolol Action Pathway,133,0.13756073,0.0010342911,1
LPA receptor mediated events,194,0.13708147,0.00070660556,1
Cellular Senescence,201,0.13688783,0.000681034,1
Choline metabolism in cancer - Homo sapiens (human),203,0.13664742,0.00067314,1
Sphingolipid metabolism,186,0.13661893,0.00073451037,1
Regulation of mRNA stability by proteins that bind AU-rich elements,154,0.1366139,0.00088710326,1
Leukocyte transendothelial migration - Homo sapiens (human),232,0.13656318,0.0005886344,1
TGF-beta receptor signaling in skeletal dysplasias,142,0.13646404,0.0009610144,1
RAC1-PAK1-p38-MMP2 Pathway,184,0.13604985,0.0007394014,1
IL6-mediated signaling events,106,0.13594167,0.0012824686,1
Regulation of Telomerase,127,0.1358528,0.0010697071,1
Separation of Sister Chromatids,166,0.13573393,0.00081767427,1
B cell receptor signaling,264,0.13560984,0.00051367364,1
Hippo signaling pathway - Homo sapiens (human),219,0.1356038,0.00061919546,1
IFN-gamma pathway,208,0.13539942,0.00065095874,1
ion channels and their functional role in vascular endothelium,175,0.13518514,0.0007724865,1
Toll Like Receptor 10 (TLR10) Cascade,225,0.13512675,0.00060056336,1
Angiopoietin Like Protein 8 Regulatory Pathway,207,0.13478044,0.0006511132,1
Protein-protein interactions at synapses,185,0.1343152,0.00072602805,1
Arrhythmogenic right ventricular cardiomyopathy - Homo sapiens (human),179,0.13413881,0.0007493788,1
Adrenergic signaling in cardiomyocytes - Homo sapiens (human),207,0.1337695,0.0006462295,1
Fc gamma R-mediated phagocytosis - Homo sapiens (human),273,0.1337313,0.00048985827,1
Endothelins,161,0.13241719,0.000822467,1
Melanoma - Homo sapiens (human),198,0.13215712,0.0006674602,1
"Interleukin-3, Interleukin-5 and GM-CSF signaling",222,0.13212831,0.0005951726,1
Notch Signaling Pathway Netpath,155,0.13197118,0.000851427,1
Thermogenesis,147,0.13176897,0.00089638756,1
Adherens junction - Homo sapiens (human),227,0.13150606,0.0005793218,1
Non-small cell lung cancer - Homo sapiens (human),137,0.1314954,0.00095982046,1
superpathway of inositol phosphate compounds,145,0.131191,0.0009047655,1
IL1,186,0.131103,0.0007048548,1
IL-5 signaling pathway,134,0.13062233,0.0009747935,1
Prolactin signaling pathway - Homo sapiens (human),196,0.13058604,0.0006662553,1
Signaling events mediated by focal adhesion kinase,185,0.13045116,0.0007051414,1
Serotonergic synapse - Homo sapiens (human),182,0.130351,0.0007162143,1
Adipocytokine signaling pathway - Homo sapiens (human),171,0.12996016,0.00076000096,1
Circadian entrainment - Homo sapiens (human),153,0.12987545,0.00084885914,1
Muscle/Heart Contraction,133,0.12974623,0.00097553554,1
African trypanosomiasis - Homo sapiens (human),153,0.1297121,0.00084779155,1
mBDNF and proBDNF regulation of GABA neurotransmission,121,0.1295738,0.0010708579,1
Dilated cardiomyopathy - Homo sapiens (human),164,0.12952675,0.0007897972,1
TCR signaling in naïve CD8+ T cells,297,0.12948605,0.00043597998,1
Metipranolol Action Pathway,133,0.12926048,0.0009718833,1
Pancreatic secretion - Homo sapiens (human),204,0.12912545,0.00063296786,1
Synthesis of PIPs at the plasma membrane,109,0.12900104,0.0011834957,1
G Protein Signaling Pathways,194,0.12894711,0.00066467584,1
FoxO family signaling,152,0.12888324,0.00084791606,1
Integration of energy metabolism,151,0.1287938,0.0008529391,1
Copper homeostasis,72,0.12825412,0.0017813072,1
Wnt signaling pathway and pluripotency,208,0.12807946,0.0006157666,1
Cargo recognition for clathrin-mediated endocytosis,151,0.12774205,0.00084597385,1
Interleukin-1 signaling,202,0.12763213,0.0006318422,1
Cytosolic DNA-sensing pathway,148,0.12730004,0.0008601354,1
FGF,171,0.12705547,0.00074301445,1
Pancreatic adenocarcinoma pathway,163,0.12609135,0.00077356654,1
nf-kb signaling pathway,133,0.1258209,0.0009460218,1
Cell cycle,153,0.12563963,0.00082117406,1
Netrin-UNC5B signaling pathway,186,0.12558924,0.00067521096,1
GABAergic synapse - Homo sapiens (human),148,0.12555118,0.0008483188,1
Melanogenesis - Homo sapiens (human),170,0.12543456,0.0007378504,1
Gastric acid secretion - Homo sapiens (human),197,0.1251593,0.0006353264,1
Arbutamine Action Pathway,133,0.12502408,0.0009400307,1
IL27-mediated signaling events,151,0.124868706,0.00082694506,1
Formation of the cornified envelope,110,0.124505736,0.0011318703,1
TNF-alpha signaling pathway,224,0.12444384,0.00055555283,1
CD40/CD40L signaling,145,0.12426316,0.0008569873,1
Fibroblast growth factor-1,149,0.12401191,0.0008322947,1
Verapamil Action Pathway,133,0.12345725,0.00092825,1
"GPCRs, Other",160,0.12333775,0.00077086093,1
Mitotic G2-G2/M phases,130,0.123039775,0.0009464598,1
Post-translational protein phosphorylation,156,0.12296224,0.00078821945,1
Renal cell carcinoma - Homo sapiens (human),173,0.12289117,0.0007103536,1
Phosphatidylinositol phosphate metabolism,153,0.12257722,0.0008011583,1
T-Cell Receptor and Co-stimulatory Signaling,220,0.12252566,0.0005569348,1
Signaling events mediated by VEGFR1 and VEGFR2,202,0.12233047,0.0006055964,1
Generation of second messenger molecules,168,0.12223786,0.0007276063,1
Transcriptional regulation of white adipocyte differentiation,112,0.12223695,0.0010914013,1
Homology Directed Repair,158,0.12219074,0.00077335915,1
ras-independent pathway in nk cell-mediated cytotoxicity,146,0.1221692,0.00083677535,1
Aryl Hydrocarbon Receptor Pathway,115,0.12203066,0.0010611361,1
Aryl Hydrocarbon Receptor Netpath,116,0.121803164,0.0010500273,1
Keratan sulfate/keratin metabolism,147,0.121463925,0.0008262852,1
Pre-NOTCH Expression and Processing,135,0.121235035,0.0008980373,1
Angiopoietin receptor Tie2-mediated signaling,148,0.12113243,0.0008184624,1
Leptin signaling pathway,168,0.12107776,0.00072070095,1
EGFR Tyrosine Kinase Inhibitor Resistance,191,0.12101571,0.0006335901,1
IL3,163,0.12094769,0.00074201036,1
Interleukin-17 signaling,160,0.12079425,0.0007549641,1
Macroautophagy,152,0.12054358,0.00079304987,1
Nitrendipine Action Pathway,133,0.12053493,0.0009062776,1
LncRNA involvement in canonical Wnt signaling and colorectal cancer,174,0.120327175,0.0006915355,1
Insulin Pathway,149,0.12021332,0.00080680085,1
Endochondral Ossification,140,0.11998517,0.0008570369,1
Signaling by NTRK1 (TRKA),198,0.11995146,0.00060581544,1
Longevity regulating pathway - Homo sapiens (human),165,0.119675726,0.00072530744,1
Complement system,172,0.11958218,0.0006952453,1
Propranolol Action Pathway,133,0.11933468,0.0008972533,1
Prostanoid ligand receptors,114,0.11901934,0.0010440293,1
Effects of PIP2 hydrolysis,188,0.11888596,0.0006323721,1
Pathways in clear cell renal cell carcinoma,174,0.11866661,0.00068199204,1
EPH-Ephrin signaling,209,0.11860251,0.0005674761,1
Synaptic vesicle cycle - Homo sapiens (human),149,0.11859485,0.0007959386,1
Purine metabolism - Homo sapiens (human),152,0.11822722,0.00077781064,1
ErbB1 downstream signaling,156,0.11802591,0.0007565763,1
Insulin resistance - Homo sapiens (human),196,0.117917456,0.00060161966,1
Histidine metabolism,90,0.11778702,0.0013087447,1
IRS-related events triggered by IGF1R,119,0.11760613,0.0009882868,1
HDR through Homologous Recombination (HRR),109,0.117494926,0.0010779351,1
Inositol phosphate metabolism - Homo sapiens (human),138,0.117350146,0.0008503634,1
Mitotic Spindle Checkpoint,142,0.11725315,0.00082572637,1
Selenoamino acid metabolism,151,0.11715352,0.00077585113,1
Resolution of D-Loop Structures,90,0.11701059,0.0013001177,1
FCERI mediated NF-kB activation,184,0.11679383,0.00063474907,1
TLR NFkB,216,0.11626958,0.0005382851,1
Fc-epsilon receptor I signaling in mast cells,155,0.116231956,0.0007498836,1
Keratan sulfate biosynthesis,128,0.115973875,0.0009060459,1
Ceramide signaling pathway,118,0.11567328,0.0009802821,1
Legionellosis - Homo sapiens (human),139,0.11553762,0.0008312059,1
Metabolism of water-soluble vitamins and cofactors,169,0.11534941,0.0006825409,1
Phosphorylation of CD3 and TCR zeta chains,181,0.11528847,0.0006369529,1
GnRH signaling pathway - Homo sapiens (human),127,0.11526906,0.00090763037,1
Integrin-mediated Cell Adhesion,177,0.11517999,0.0006507344,1
Epinephrine Action Pathway,133,0.115171395,0.00086595037,1
FOXA1 transcription factor network,85,0.11509474,0.0013540558,1
Insulin receptor signalling cascade,153,0.1149985,0.0007516242,1
Colorectal cancer - Homo sapiens (human),179,0.11491949,0.0006420083,1
Progesterone-mediated oocyte maturation - Homo sapiens (human),169,0.11490991,0.0006799403,1
Signaling by Insulin receptor,194,0.11490588,0.00059229834,1
Translocation of ZAP-70 to Immunological synapse,150,0.11485808,0.00076572056,1
cd40l signaling pathway,115,0.11466564,0.0009970926,1
Development of pulmonary dendritic cells and macrophage subsets,144,0.114658356,0.0007962386,1
Beta3 integrin cell surface interactions,119,0.11465215,0.00096346345,1
Vitamin B12 metabolism,138,0.11457088,0.0008302238,1
Metabolism of steroids,139,0.11443223,0.0008232535,1
FOXO-mediated transcription,176,0.1143002,0.00064943294,1
Regulation of IFNG signaling,164,0.11422255,0.00069647894,1
Lidocaine (Antiarrhythmic) Action Pathway,136,0.113770016,0.0008365442,1
Ubiquitin mediated proteolysis - Homo sapiens (human),232,0.113616936,0.0004897282,1
Signaling by TGFB family members,141,0.11348516,0.0008048593,1
"Transport of bile salts and organic acids, metal ions and amine compounds",170,0.11339195,0.0006670115,1
Epithelial cell signaling in Helicobacter pylori infection - Homo sapiens (human),175,0.11338826,0.00064793293,1
Neurotransmitter release cycle,99,0.11337211,0.0011451729,1
Fc epsilon RI signaling pathway - Homo sapiens (human),200,0.11288021,0.00056440104,1
Cell cycle - Homo sapiens (human),158,0.11256386,0.0007124295,1
mRNA Splicing - Major Pathway,161,0.11251417,0.0006988458,1
DDX58/IFIH1-mediated induction of interferon-alpha/beta,140,0.1123904,0.0008027886,1
mRNA Splicing,165,0.11234896,0.0006809028,1
mechanism of gene regulation by peroxisome proliferators via ppara,168,0.11209174,0.00066721276,1
Vitamin A and carotenoid metabolism,50,0.112039216,0.0022407842,1
Sulfur amino acid metabolism,112,0.11200212,0.0010000189,1
Bile secretion - Homo sapiens (human),160,0.11190348,0.00069939677,1
Pancreatic cancer - Homo sapiens (human),153,0.11175933,0.0007304531,1
Collagen formation,136,0.11173118,0.00082155276,1
Glycosaminoglycan biosynthesis - keratan sulfate - Homo sapiens (human),116,0.11160948,0.0009621507,1
Notch-mediated HES/HEY network,133,0.11142645,0.0008377929,1
Stimuli-sensing channels,197,0.111200094,0.0005644675,1
Nifedipine Action Pathway,133,0.11104154,0.0008348988,1
Interleukin-12 family signaling,103,0.111037105,0.0010780301,1
Glioblastoma signaling pathways,152,0.11053696,0.0007272169,1
RAC3 GTPase cycle,153,0.11044217,0.00072184426,1
Overview of interferons-mediated signaling pathway,95,0.11042181,0.0011623348,1
Acebutolol Action Pathway,133,0.1101646,0.00082830526,1
PRC2 methylates histones and DNA,97,0.109962076,0.0011336297,1
Mexiletine Action Pathway,133,0.109884545,0.0008261996,1
Penbutolol Action Pathway,133,0.10958192,0.0008239242,1
Inositol phosphate metabolism,174,0.109334394,0.00062835857,1
Beta-catenin independent WNT signaling,157,0.10928974,0.000696113,1
G2/M Transition,119,0.10904822,0.0009163716,1
Bisoprolol Action Pathway,133,0.10897411,0.0008193542,1
Nebivolol Action Pathway,133,0.108560696,0.00081624585,1
Resolution of D-loop Structures through Synthesis-Dependent Strand Annealing (SDSA),90,0.1084579,0.0012050878,1
MAP kinase activation,160,0.10844623,0.000677789,1
Regulation of TP53 Expression and Degradation,122,0.108439215,0.000888846,1
Interferon type I signaling pathways,176,0.10831099,0.00061540335,1
Interactions between immune cells and microRNAs in tumor microenvironment,203,0.1082845,0.0005334212,1
RAC2 GTPase cycle,159,0.10817646,0.0006803551,1
Wnt Canonical,217,0.10811164,0.0004982103,1
Canonical and non-canonical Notch signaling,90,0.10754759,0.0011949732,1
Arachidonic acid metabolism,151,0.107537776,0.00071217073,1
Degradation of the extracellular matrix,153,0.10752615,0.0007027853,1
Notch signaling pathway - Homo sapiens (human),122,0.10736509,0.0008800417,1
Presenilin action in Notch and Wnt signaling,145,0.107142486,0.0007389137,1
Thyroid hormones production and their peripheral downstream signaling effects,127,0.10693867,0.00084203674,1
Role of Calcineurin-dependent NFAT signaling in lymphocytes,123,0.10689651,0.00086907734,1
Metoprolol Action Pathway,133,0.10680964,0.00080308,1
Diltiazem Action Pathway,133,0.10659451,0.0008014625,1
Glycerophospholipid metabolism - Homo sapiens (human),124,0.10654729,0.00085925235,1
Fosphenytoin (Antiarrhythmic) Action Pathway,133,0.10641753,0.0008001318,1
Pathogenesis of SARS-CoV-2 Mediated by nsp9-nsp10 Complex,107,0.10635054,0.0009939303,1
Hypertrophic cardiomyopathy - Homo sapiens (human),142,0.1062952,0.00074855774,1
Control of immune tolerance by vasoactive intestinal peptide,183,0.10625935,0.0005806522,1
Interleukin receptor SHC signaling,139,0.10625118,0.000764397,1
Transcriptional regulation of pluripotent stem cells,134,0.105965614,0.00079078815,1
RUNX1 and FOXP3 control the development of regulatory T lymphocytes (Tregs),141,0.105964355,0.0007515203,1
RHOC GTPase cycle,131,0.10594228,0.00080871966,1
CDC42 signaling events,133,0.10569512,0.0007947002,1
Alprenolol Action Pathway,133,0.10533336,0.0007919801,1
Signaling by NOTCH1,136,0.10510626,0.0007728401,1
FCGR3A-mediated phagocytosis,142,0.10503216,0.0007396631,1
Homologous DNA Pairing and Strand Exchange,102,0.104899414,0.0010284256,1
Semaphorin interactions,148,0.10474881,0.0007077622,1
signal transduction through il1r,146,0.104676254,0.00071696064,1
Phase I - Functionalization of compounds,105,0.10455568,0.0009957684,1
Timolol Action Pathway,133,0.104529865,0.0007859388,1
Procainamide (Antiarrhythmic) Action Pathway,133,0.10451028,0.00078579155,1
Amlodipine Action Pathway,133,0.10441115,0.0007850462,1
Estrogen-dependent gene expression,155,0.1043535,0.0006732484,1
BDNF-TrkB Signaling,106,0.10406349,0.000981731,1
Aldosterone synthesis and secretion - Homo sapiens (human),140,0.10384608,0.00074175774,1
G2/M Checkpoints,104,0.1037113,0.000997224,1
Amplification  of signal from unattached  kinetochores via a MAD2  inhibitory signal,129,0.10370854,0.0008039422,1
Central carbon metabolism in cancer - Homo sapiens (human),121,0.1036896,0.0008569389,1
Nisoldipine Action Pathway,133,0.103675045,0.00077951164,1
Activation of NMDA receptors and postsynaptic events,118,0.10352659,0.000877344,1
Amiodarone Action Pathway,133,0.10331031,0.00077676924,1
Recruitment of NuMA to mitotic centrosomes,78,0.10324811,0.0013236938,1
Splicing factor NOVA regulated synaptic proteins,108,0.10322255,0.0009557643,1
Disopyramide Action Pathway,133,0.10317254,0.0007757334,1
Small Ligand GPCRs,131,0.10308922,0.0007869406,1
Glycolysis and Gluconeogenesis,156,0.10304419,0.00066053966,1
Late Phase of HIV Life Cycle,139,0.10303018,0.0007412243,1
EGF-Ncore,143,0.10262061,0.00071762665,1
ErbB4 signaling events,119,0.10254936,0.0008617593,1
Bupranolol Action Pathway,133,0.10243953,0.00077022205,1
Primary immunodeficiency - Homo sapiens (human),148,0.10238027,0.0006917586,1
Acute myeloid leukemia - Homo sapiens (human),127,0.10234384,0.000805857,1
Pathways affected in adenoid cystic carcinoma,138,0.102249905,0.0007409413,1
Transcriptional Regulation by MECP2,176,0.10218068,0.00058057206,1
p73 transcription factor network,115,0.10215958,0.0008883442,1
Longevity regulating pathway - multiple species - Homo sapiens (human),127,0.10213294,0.00080419634,1
no2-dependent il-12 pathway in nk cells,122,0.10193833,0.0008355601,1
L1CAM interactions,146,0.101481125,0.0006950762,1
Validated transcriptional targets of TAp63 isoforms,112,0.10136099,0.00090500887,1
Protein localization,139,0.10119559,0.0007280258,1
HIV Life Cycle,145,0.10112242,0.000697396,1
Sotalol Action Pathway,133,0.10109468,0.0007601104,1
Pyrimidine metabolism,125,0.10088063,0.000807045,1
TNF,151,0.10080396,0.00066757586,1
White fat cell differentiation,137,0.10077504,0.00073558424,1
Presynaptic phase of homologous DNA pairing and strand exchange,100,0.10069471,0.0010069471,1
TNF related weak inducer of apoptosis (TWEAK) Signaling Pathway,147,0.10064059,0.00068462983,1
Opioid Signalling,132,0.10053867,0.0007616566,1
Retinol metabolism - Homo sapiens (human),100,0.10044297,0.0010044297,1
Linoleate metabolism,119,0.10034447,0.00084323087,1
Endometrial cancer,145,0.10025044,0.00069138233,1
Oxprenolol Action Pathway,133,0.10013989,0.0007529315,1
tRNA processing in the nucleus,103,0.10006626,0.00097151706,1
p53 signaling pathway - Homo sapiens (human),133,0.10003888,0.000752172,1
Class B/2 (Secretin family receptors),128,0.09996716,0.00078099343,1
Leishmania phagocytosis,142,0.09988639,0.00070342526,1
EPHA forward signaling,147,0.0994406,0.0006764666,1
Isoprenaline Action Pathway,133,0.09942821,0.0007475805,1
tRNA processing,148,0.09939598,0.00067159446,1
IL-1 NFkB,198,0.09935027,0.0005017691,1
Resolution of D-loop Structures through Holliday Junction Intermediates,88,0.09931546,0.0011285847,1
Practolol Action Pathway,133,0.09925068,0.0007462457,1
VxPx cargo-targeting to cilium,60,0.099162,0.0016527,1
Glycosphingolipid metabolism,168,0.09908708,0.0005898041,1
FCGR3A-mediated IL10 synthesis,164,0.098835394,0.0006026548,1
Levobunolol Action Pathway,133,0.098809496,0.00074292853,1
Mitotic G1 phase and G1/S transition,122,0.098769106,0.0008095828,1
Esmolol Action Pathway,133,0.09866346,0.0007418305,1
p53 transcriptional gene network,147,0.098661855,0.0006711691,1
"Urea cycle and metabolism of arginine, proline, glutamate, aspartate and asparagine",125,0.09856041,0.00078848324,1
Glycerophospholipid biosynthesis,139,0.09850736,0.000708686,1
Amino Acid metabolism,183,0.09836845,0.0005375325,1
Quinidine Action Pathway,133,0.09826588,0.0007388412,1
Voltage gated Potassium channels,188,0.09824549,0.0005225824,1
Endochondral Ossification with Skeletal Dysplasias,140,0.09824271,0.00070173363,1
MicroRNAs in cardiomyocyte hypertrophy,133,0.098104715,0.0007376294,1
Androgen receptor signaling pathway,138,0.098073386,0.0007106767,1
Golgi-to-ER retrograde transport,130,0.09802993,0.00075407635,1
TRP channels,90,0.098028824,0.0010892091,1
Downstream signaling events of B Cell Receptor (BCR),173,0.09783723,0.0005655331,1
Ghrelin,139,0.09779939,0.0007035927,1
Cholesterol metabolism - Homo sapiens (human),88,0.097751535,0.0011108129,1
Ribosome biogenesis in eukaryotes - Homo sapiens (human),125,0.09736675,0.000778934,1
GABA receptor activation,127,0.09722186,0.00076552643,1
VEGFA-VEGFR2 Pathway,183,0.09710037,0.0005306031,1
Regulation of nuclear beta catenin signaling and target gene transcription,169,0.097036466,0.0005741803,1
heparan sulfate biosynthesis,91,0.09698912,0.0010658145,1
Autophagy,161,0.09691582,0.0006019616,1
Canonical NF-kappaB pathway,127,0.09689805,0.00076297676,1
Signaling by FGFR2,112,0.09686143,0.0008648342,1
FLT3 Signaling,125,0.09683634,0.00077469076,1
Phase II - Conjugation of compounds,136,0.09682099,0.00071191904,1
AMPK signaling pathway - Homo sapiens (human),169,0.096725546,0.0005723405,1
Serotonin and anxiety,75,0.09652324,0.0012869765,1
EPO Receptor Signaling,129,0.096243136,0.0007460708,1
IL-7 signaling pathway,132,0.09618628,0.00072868395,1
ncRNAs involved in Wnt signaling in hepatocellular carcinoma,148,0.09610155,0.0006493348,1
Eicosanoid ligand-binding receptors,118,0.095953204,0.00081316277,1
Atenolol Action Pathway,133,0.09575714,0.00071997853,1
TSLP,105,0.095492736,0.0009094546,1
Nimodipine Action Pathway,133,0.09535122,0.0007169265,1
22q11.2 copy number variation syndrome,152,0.09531715,0.0006270865,1
Tocainide Action Pathway,133,0.09530954,0.0007166131,1
Transcriptional regulation by the AP-2 (TFAP2) family of transcription factors,90,0.09503749,0.0010559721,1
hiv-1 nef: negative effector of fas and tnf,148,0.094608404,0.00063924596,1
Neurexins and neuroligins,130,0.0943909,0.0007260838,1
Monoamine GPCRs,115,0.09433248,0.00082028244,1
Oxidative phosphorylation - Homo sapiens (human),129,0.09427935,0.00073084765,1
p75 NTR receptor-mediated signalling,131,0.094024405,0.00071774353,1
Isradipine Action Pathway,133,0.093979165,0.00070661027,1
Phosphodiesterases in neuronal function,115,0.09396876,0.0008171196,1
Thyroid hormone synthesis - Homo sapiens (human),109,0.09392984,0.00086174166,1
Nadolol Action Pathway,133,0.09367443,0.00070431904,1
CLEC7A (Dectin-1) signaling,144,0.09353406,0.0006495421,1
mRNA Processing,115,0.09342018,0.0008123494,1
Signaling by Hedgehog,124,0.09337028,0.0007529861,1
"superpathway of D-<i>myo</i>-inositol (1,4,5)-trisphosphate metabolism",82,0.09334577,0.001138363,1
Netrin-1 signaling,142,0.093339354,0.0006573194,1
Regulation of Androgen receptor activity,99,0.093110256,0.0009405076,1
Signaling by NOTCH3,96,0.09302229,0.0009689822,1
IL2 signaling events mediated by STAT5,149,0.0928871,0.0006234034,1
Pyruvate metabolism and Citric Acid (TCA) cycle,141,0.092877984,0.0006587091,1
il12 and stat4 dependent signaling pathway in th1 development,104,0.09276023,0.00089192524,1
Aminosugars metabolism,103,0.092679046,0.00089979655,1
Mechanoregulation and pathology of YAP-TAZ via Hippo and non-Hippo mechanisms,70,0.09267639,0.0013239485,1
miRNAs involvement in the immune response in sepsis,147,0.092589445,0.00062986015,1
PTEN Regulation,137,0.09252856,0.00067539094,1
Long-term potentiation - Homo sapiens (human),105,0.09251869,0.00088113034,1
inactivation of gsk3 by akt causes accumulation of b-catenin in alveolar macrophages,127,0.09241302,0.0007276616,1
Transcriptional regulation by RUNX3,130,0.09220404,0.00070926186,1
Sensory processing of sound by outer hair cells of the cochlea,92,0.092106886,0.0010011618,1
Carteolol Action Pathway,133,0.09208441,0.00069236394,1
Hepatitis C and Hepatocellular Carcinoma,143,0.09189757,0.00064264034,1
nfkb activation by nontypeable hemophilus influenzae,117,0.09189403,0.0007854191,1
TGF-beta super family signaling pathway canonical,187,0.09178078,0.0004908063,1
Alpha6Beta4Integrin,128,0.09136109,0.0007137585,1
GPVI-mediated activation cascade,134,0.09111936,0.0006799952,1
RUNX1 regulates transcription of genes involved in WNT signaling,62,0.09048915,0.0014595024,1
Validated targets of C-MYC transcriptional activation,126,0.090456836,0.0007179114,1
Bevantolol Action Pathway,133,0.09017015,0.00067797105,1
Signaling by KIT in disease,109,0.08994424,0.00082517654,1
Flecainide Action Pathway,133,0.08994261,0.0006762602,1
Notch Signaling,93,0.089875124,0.0009663992,1
Taste transduction - Homo sapiens (human),147,0.08979602,0.00061085727,1
Felodipine Action Pathway,133,0.0897528,0.0006748331,1
Procaine Action Pathway,66,0.08973638,0.0013596421,1
HIV-1 Nef: Negative effector of Fas and TNF-alpha,135,0.0896961,0.0006644156,1
Validated nuclear estrogen receptor alpha network,92,0.089627095,0.00097420753,1
RHOB GTPase cycle,134,0.08940362,0.0006671912,1
Interleukin-11 Signaling Pathway,116,0.08938893,0.0007705942,1
Fcgamma receptor (FCGR) dependent phagocytosis,157,0.08929089,0.00056873175,1
Regulation of TP53 Activity through Phosphorylation,89,0.0891916,0.0010021528,1
SARS-CoV-2 innate immunity evasion and cell-specific immune response,128,0.08887901,0.0006943673,1
Signaling by FGFR1,125,0.08871129,0.0007096903,1
Immune response to tuberculosis,146,0.08865788,0.0006072457,1
Signaling by PDGF,123,0.08863251,0.0007205895,1
Heparan sulfate/heparin (HS-GAG) metabolism,128,0.088392094,0.00069056323,1
Pre-NOTCH Transcription and Translation,105,0.08832622,0.0008412021,1
Deactivation of the beta-catenin transactivating complex,87,0.08829878,0.0010149286,1
IL17 signaling pathway,119,0.08823097,0.0007414367,1
Thyroid cancer - Homo sapiens (human),101,0.08807087,0.0008719888,1
Butyrate Response Factor 1 (BRF1) binds and destabilizes mRNA,98,0.088009305,0.00089805416,1
SRP-dependent cotranslational protein targeting to membrane,127,0.08799259,0.00069285504,1
Integrins in angiogenesis,113,0.08754316,0.00077471824,1
Labetalol Action Pathway,135,0.08753482,0.0006484061,1
Primary focal segmental glomerulosclerosis (FSGS),153,0.08748403,0.0005717911,1
DAP12 signaling,128,0.0873319,0.00068228046,1
Signaling by ERBB4,137,0.08727607,0.0006370516,1
IL-2 signaling pathway,160,0.08723561,0.00054522255,1
RalA downstream regulated genes,87,0.08720853,0.0010023969,1
Signaling events mediated by HDAC Class I,128,0.08720581,0.0006812954,1
ErbB signaling pathway,158,0.08713475,0.00055148575,1
Post NMDA receptor activation events,100,0.08680572,0.00086805725,1
Gene Silencing by RNA,103,0.08636882,0.0008385322,1
Thyroid stimulating hormone (TSH) signaling pathway,112,0.08631478,0.0007706677,1
Insulin secretion - Homo sapiens (human),137,0.08630144,0.0006299375,1
RMTs methylate histone arginines,95,0.08618827,0.000907245,1
Signaling events regulated by Ret tyrosine kinase,117,0.08617034,0.0007364986,1
IL1 and megakaryocytes in obesity,135,0.086155385,0.00063818804,1
Cortisol synthesis and secretion - Homo sapiens (human),116,0.08613524,0.0007425452,1
Signaling by Non-Receptor Tyrosine Kinases,149,0.08603024,0.00057738414,1
Basal cell carcinoma - Homo sapiens (human),134,0.085954234,0.00064144953,1
Bopindolol Action Pathway,133,0.08594693,0.00064621755,1
Insulin signaling pathway - Homo sapiens (human),177,0.0859273,0.00048546496,1
Interleukin-6 family signaling,69,0.08583511,0.001243987,1
Potential therapeutics for SARS,111,0.085825294,0.0007732008,1
"Relationship between inflammation, COX-2 and EGFR",139,0.08576171,0.0006169907,1
the co-stimulatory signal during t-cell activation,188,0.08559627,0.0004552993,1
Host-pathogen interaction of human coronaviruses - interferon induction,121,0.08550072,0.0007066175,1
COPI-dependent Golgi-to-ER retrograde traffic,99,0.08528085,0.00086142274,1
COVID-19 adverse outcome pathway,116,0.08517507,0.0007342678,1
FGF signaling pathway,139,0.08517492,0.0006127692,1
Fibrin Complement Receptor 3 Signaling Pathway,119,0.08516163,0.0007156439,1
Signaling by Retinoic Acid,131,0.08515594,0.00065004535,1
Taurine and hypotaurine metabolism - Homo sapiens (human),79,0.08508221,0.00107699,1
Homologous recombination - Homo sapiens (human),78,0.08477019,0.0010867973,1
TNF receptor signaling pathway ,91,0.084265865,0.0009259985,1
G2/M DNA damage checkpoint,86,0.084250785,0.0009796603,1
Arginine Proline metabolism,122,0.08422142,0.00069033954,1
Beta1 integrin cell surface interactions,130,0.08417997,0.0006475382,1
Regulation of insulin secretion,121,0.08390046,0.00069339224,1
Coregulation of Androgen receptor activity,125,0.083887964,0.0006711037,1
Regulation of TP53 Expression,90,0.08380525,0.00093116943,1
Cytosolic DNA-sensing pathway - Homo sapiens (human),104,0.08372676,0.00080506504,1
RHOG GTPase cycle,123,0.08369262,0.00068042777,1
Ferroptosis - Homo sapiens (human),100,0.08367221,0.0008367221,1
Degradation of cysteine and homocysteine,80,0.08365682,0.0010457102,1
toll-like receptor pathway,129,0.08350391,0.00064731715,1
Glutaminolysis and Cancer,100,0.083116055,0.0008311605,1
Signaling by PTK6,149,0.08287322,0.0005561961,1
Post-translational modification: synthesis of GPI-anchored proteins,120,0.082856156,0.00069046795,1
Carvedilol Action Pathway,135,0.08281245,0.00061342557,1
Integrin-linked kinase signaling,106,0.082746856,0.00078063074,1
"Alzheimer,s disease",131,0.08265827,0.00063097914,1
Neurodegeneration with brain iron accumulation (NBIA) subtypes pathway,108,0.08261412,0.0007649455,1
Interleukin-23 signaling,65,0.08238755,0.0012675008,1
Cancer immunotherapy by PD-1 blockade,94,0.082307726,0.0008756141,1
MECP2 and Associated Rett Syndrome,125,0.08225147,0.00065801176,1
CD28 co-stimulation,161,0.08217811,0.00051042304,1
Salivary secretion - Homo sapiens (human),148,0.08209618,0.00055470393,1
Alpha9 beta1 integrin signaling events,101,0.08196766,0.000811561,1
Role of Osx and miRNAs in tooth development,62,0.08196604,0.001322033,1
Resistin as a regulator of inflammation,92,0.08196221,0.0008908936,1
Notch signaling pathway,112,0.08192186,0.0007314452,1
Ferroptosis,95,0.081889845,0.00086199836,1
Thromboxane A2 receptor signaling,159,0.08182932,0.0005146498,1
"D-<i>myo</i>-inositol (1,3,4)-trisphosphate biosynthesis",80,0.08148251,0.0010185314,1
Sensory processing of sound,108,0.08145784,0.00075423927,1
Serotonin and anxiety-related events,75,0.08116623,0.0010822164,1
Endometrial cancer - Homo sapiens (human),125,0.081105575,0.0006488446,1
BDNF,138,0.081035495,0.0005872137,1
Glycosphingolipid biosynthesis - neolactoseries,100,0.08102428,0.00081024284,1
Purine nucleotides nucleosides metabolism,134,0.08101572,0.00060459494,1
Complement and coagulation cascades - Homo sapiens (human),124,0.081003994,0.000653258,1
Class I PI3K signaling events,154,0.08099899,0.00052596745,1
Blue diaper syndrome,73,0.08092496,0.0011085611,1
Circadian Clock,76,0.08091387,0.0010646562,1
IL-1 p38,152,0.08087091,0.0005320455,1
Envelope proteins and their potential roles in EDMD physiopathology,67,0.08063034,0.0012034379,1
Visual phototransduction,131,0.0804341,0.0006140008,1
RHOJ GTPase cycle,115,0.0804103,0.00069922,1
the information processing pathway at the ifn beta enhancer,116,0.080338515,0.00069257343,1
Collagen biosynthesis and modifying enzymes,102,0.079736985,0.0007817352,1
Mitotic Prophase,134,0.07964488,0.00059436477,1
Neurotrophic factor-mediated Trk receptor signaling,118,0.079634786,0.0006748711,1
Glycosphingolipid biosynthesis - lacto and neolacto series - Homo sapiens (human),103,0.07954747,0.00077230553,1
Aquaporin-mediated transport,72,0.07949334,0.0011040741,1
E2F transcription factor network,67,0.07948855,0.0011863963,1
Prion disease pathway,126,0.0793636,0.0006298698,1
ceramide signaling pathway,98,0.0792861,0.00080904184,1
Cellular response to starvation,144,0.079277754,0.00055053993,1
Mitophagy - animal - Homo sapiens (human),96,0.07885545,0.0008214109,1
Regulation of nuclear SMAD2/3 signaling,131,0.0788419,0.0006018466,1
Amine ligand-binding receptors,120,0.078683615,0.0006556968,1
Cellular response to heat stress,105,0.078635626,0.0007489107,1
Pindolol Action Pathway,133,0.078305125,0.00058876036,1
1D-<i>myo</i>-inositol hexakisphosphate biosynthesis II (mammalian),74,0.078189164,0.0010566104,1
Glycerolipid metabolism - Homo sapiens (human),101,0.078146905,0.00077373174,1
Oncogenic MAPK signaling,109,0.078135096,0.0007168357,1
Signaling downstream of RAS mutants,81,0.0780629,0.0009637395,1
Methyclothiazide Action Pathway,73,0.07802266,0.0010688036,1
Genes controlling nephrogenesis,145,0.077924475,0.00053741015,1
Oncostatin_M,135,0.07783528,0.0005765576,1
One-carbon metabolism and related pathways,103,0.07761304,0.00075352466,1
Monoamine Transport,52,0.07759281,0.0014921695,1
activation of csk by camp-dependent protein kinase inhibits signaling through the t cell receptor,150,0.0774161,0.0005161073,1
RHOF GTPase cycle,102,0.07733175,0.00075815443,1
Peroxisome - Homo sapiens (human),110,0.07719345,0.0007017586,1
Amiloride Action Pathway,73,0.07711562,0.0010563784,1
TLR p38,141,0.07708335,0.0005466904,1
Dobutamine Action Pathway,133,0.07707272,0.0005794941,1
Interactions of Rev with host cellular proteins,64,0.07696671,0.0012026048,1
Trk receptor signaling mediated by PI3K and PLC-gamma,111,0.0769405,0.00069315766,1
HGF,80,0.07687407,0.0009609259,1
ECM-receptor interaction - Homo sapiens (human),120,0.07680535,0.00064004463,1
Glucose metabolism,133,0.07677341,0.0005772437,1
Signaling events mediated by TCPTP,123,0.07676882,0.00062413677,1
Cardiac Progenitor Differentiation,101,0.076681025,0.00075921806,1
Metabolism of xenobiotics by cytochrome P450 - Homo sapiens (human),75,0.07651797,0.0010202395,1
"Signaling by phosphorylated juxtamembrane, extracellular and kinase domain KIT mutants",109,0.076370925,0.0007006507,1
Ebstein-Barr virus LMP1 signaling,95,0.076276794,0.0008029136,1
eicosanoid metabolism,120,0.07621536,0.00063512794,1
Sensory processing of sound by inner hair cells of the cochlea,97,0.07621389,0.0007857102,1
ER to Golgi Anterograde Transport,114,0.076168425,0.0006681441,1
Centrosome maturation,79,0.07611468,0.0009634769,1
Genes related to primary cilium development (based on CRISPR),171,0.07600335,0.00044446404,1
CRH,88,0.07590551,0.0008625626,1
Transcriptional regulation by RUNX2,141,0.07572164,0.0005370329,1
Citric Acid Cycle,73,0.07564202,0.001036192,1
Leigh Syndrome,49,0.075516775,0.0015411587,1
il 2 signaling pathway,89,0.0754947,0.00084825506,1
Interactome of polycomb repressive complex 2 (PRC2),62,0.07544606,0.001216872,1
RAGE,101,0.07540535,0.00074658764,1
Phase 4 - resting membrane potential,84,0.075392246,0.00089752674,1
Lysine degradation - Homo sapiens (human),102,0.07534093,0.00073863653,1
"Respiratory electron transport, ATP synthesis by chemiosmotic coupling, and heat production by uncoupling proteins.",93,0.075329326,0.0008099928,1
Spliceosome - Homo sapiens (human),121,0.07532609,0.0006225297,1
Nuclear Receptor transcription pathway,92,0.07517481,0.00081711746,1
Mitochondrial CIV Assembly,82,0.07501798,0.0009148534,1
Signal transduction through IL1R,124,0.07497733,0.0006046559,1
Sphingolipid metabolism - Homo sapiens (human),107,0.07487442,0.000699761,1
EPHB-mediated forward signaling,116,0.07484616,0.0006452255,1
Integrin cell surface interactions,144,0.07482233,0.00051959953,1
Fc Epsilon Receptor I Signaling in Mast Cells,145,0.07476316,0.000515608,1
Microglia Pathogen Phagocytosis Pathway,105,0.07465743,0.00071102317,1
Growth hormone receptor signaling,119,0.07460605,0.0006269416,1
VEGF signaling pathway - Homo sapiens (human),125,0.07447499,0.00059579994,1
mapkinase signaling pathway,126,0.07444565,0.0005908385,1
Cyclin D associated events in G1,78,0.07425935,0.00095204293,1
Selective autophagy,91,0.07406773,0.00081393105,1
Ibutilide Action Pathway,133,0.07402527,0.000556581,1
Regulation of actin dynamics for phagocytic cup formation,126,0.07395552,0.0005869486,1
Development of ureteric collection system,117,0.07385132,0.00063120783,1
TFAP2 (AP-2) family regulates transcription of growth factors and their receptors,43,0.07383865,0.0017171779,1
ErbB signaling pathway - Homo sapiens (human),148,0.07372877,0.00049816736,1
Non-integrin membrane-ECM interactions,116,0.07364971,0.0006349113,1
Constitutive Signaling by NOTCH1 PEST Domain Mutants,93,0.07346979,0.0007899977,1
Intrinsic Pathway for Apoptosis,77,0.073427774,0.00095360744,1
L13a-mediated translational silencing of Ceruloplasmin expression,114,0.07339869,0.00064384815,1
Common Pathways Underlying Drug Addiction,82,0.07334724,0.0008944785,1
integrin signaling pathway,87,0.0733373,0.00084295747,1
Hartnup Disorder,73,0.0732836,0.001003885,1
Activation of NF-kappaB in B cells,100,0.07324587,0.00073245866,1
Citrate cycle,74,0.07312204,0.0009881357,1
TGF-Ncore,81,0.07310706,0.00090255623,1
Signaling by Type 1 Insulin-like Growth Factor 1 Receptor (IGF1R),119,0.07308022,0.0006141195,1
HCMV Infection,81,0.07288993,0.0008998757,1
IL-7,116,0.072801165,0.0006275963,1
Regulation of Microtubule Cytoskeleton,81,0.0727694,0.0008983877,1
Head and Neck Squamous Cell Carcinoma,139,0.072688244,0.000522937,1
HCMV Early Events,80,0.072670616,0.0009083827,1
Selenocysteine synthesis,105,0.07260139,0.0006914418,1
Signaling by CSF3 (G-CSF),130,0.07251101,0.000557777,1
a6b1 and a6b4 Integrin signaling,82,0.07230313,0.0008817455,1
Sufentanil Action Pathway,66,0.07220777,0.0010940571,1
Hedgehog signaling pathway - Homo sapiens (human),99,0.072192356,0.00072921574,1
Electron Transport Chain (OXPHOS system in mitochondria),80,0.07201095,0.0009001369,1
Cellular response to chemical stress,122,0.07199537,0.000590126,1
Heroin Action Pathway,70,0.07197824,0.0010282606,1
"Glycine, serine, alanine and threonine metabolism",95,0.07180943,0.00075588876,1
Antimicrobial peptides,83,0.0717976,0.0008650313,1
Nuclear Events (kinase and transcription factor activation),113,0.0715903,0.0006335424,1
Hedgehog,136,0.07154566,0.00052607106,1
role of egf receptor transactivation by gpcrs in cardiac hypertrophy,92,0.07152229,0.00077741616,1
BMP receptor signaling,89,0.071468495,0.0008030168,1
the 41bb-dependent immune response,98,0.07138277,0.0007283956,1
Escitalopram Action Pathway,66,0.0713731,0.0010814106,1
Signaling by RAS mutants,81,0.071337074,0.0008807046,1
Constitutive Signaling by NOTCH1 HD+PEST Domain Mutants,93,0.07113956,0.0007649415,1
Anchoring of the basal body to the plasma membrane,70,0.071050696,0.0010150099,1
Bacterial invasion of epithelial cells - Homo sapiens (human),114,0.07104776,0.000623226,1
Tryptophan metabolism,88,0.07086551,0.0008052899,1
Regulation of lipolysis in adipocytes - Homo sapiens (human),95,0.07083941,0.00074567803,1
Oxidation by Cytochrome P450,59,0.07081462,0.0012002478,1
Regulation of RAS by GAPs,64,0.07078376,0.0011059962,1
Arachidonic acid metabolism - Homo sapiens (human),78,0.07053747,0.00090432656,1
"D-<i>myo</i>-inositol (3,4,5,6)-tetrakisphosphate biosynthesis",51,0.070528895,0.0013829195,1
Inositol Metabolism,65,0.07051732,0.0010848818,1
NOTCH3 Intracellular Domain Regulates Transcription,72,0.07051181,0.0009793307,1
FOXP3 in COVID-19,101,0.07048626,0.0006978838,1
TNF receptor superfamily (TNFSF) members mediating non-canonical NF-kB pathway,70,0.07046269,0.0010066099,1
IGF1R signaling cascade,119,0.07028461,0.000590627,1
IL1-mediated signaling events,99,0.070180915,0.0007088981,1
DroToll-like,100,0.070074424,0.0007007442,1
IL-1 JNK,148,0.07004081,0.00047324869,1
Hedgehog signaling events mediated by Gli proteins,94,0.069971405,0.0007443766,1
TP53 Regulates Metabolic Genes,75,0.069830194,0.00093106925,1
akt signaling pathway,111,0.06981193,0.00062893634,1
Hydroflumethiazide Action Pathway,73,0.06978187,0.000955916,1
MAPK targets/ Nuclear events mediated by MAP kinases,63,0.06977445,0.0011075309,1
Pyrimidine nucleotides nucleosides metabolism,48,0.069716066,0.001452418,1
Caspase Cascade in Apoptosis,106,0.069639854,0.00065697974,1
Joubert Syndrome,137,0.06963231,0.000508265,1
Mepivacaine Action Pathway,66,0.069624074,0.0010549102,1
Cytoprotection by HMOX1,82,0.069594614,0.0008487148,1
Tandem pore domain potassium channels,58,0.069503315,0.001198333,1
Regulation of PLK1 Activity at G2/M Transition,68,0.06947214,0.0010216491,1
Warburg Effect,97,0.06940602,0.00071552594,1
Starch and sucrose metabolism - Homo sapiens (human),47,0.06934357,0.001475395,1
TLR JNK,140,0.06930231,0.0004950165,1
Interleukin-4 and Interleukin-13 signaling,106,0.06925856,0.0006533827,1
taurine biosynthesis,69,0.06908813,0.0010012772,1
Interleukin-2 signaling,81,0.06901729,0.00085206534,1
Osteopontin-mediated events,120,0.06895882,0.0005746568,1
Extracellular vesicle-mediated signaling in recipient cells,61,0.06881203,0.001128066,1
Methionine and cysteine metabolism,118,0.06880653,0.0005831062,1
Notch-HLH transcription pathway,76,0.068805754,0.00090533885,1
Purine Metabolism,38,0.06878274,0.0018100721,1
Posttranslational regulation of adherens junction stability and dissassembly,121,0.068675175,0.00056756346,1
Iminoglycinuria,73,0.06864602,0.00094035646,1
Inositol Phosphate Metabolism,61,0.068635084,0.0011251653,1
Ovarian steroidogenesis - Homo sapiens (human),77,0.06849524,0.0008895485,1
Leptin Insulin Overlap,91,0.06849145,0.0007526533,1
RET signaling,88,0.068456136,0.00077791064,1
Signaling by NOTCH4,76,0.068375036,0.0008996715,1
Activation of GABAB receptors,83,0.06837209,0.0008237602,1
Alpha-synuclein signaling,104,0.06813398,0.00065513444,1
Wnt,125,0.068085626,0.000544685,1
Respiratory electron transport,83,0.06761237,0.0008146069,1
Nicotine Action Pathway,77,0.06758476,0.00087772415,1
Glucagon signaling pathway - Homo sapiens (human),99,0.06758207,0.00068264717,1
Indapamide Action Pathway,73,0.0675532,0.0009253863,1
Chondroitin sulfate/dermatan sulfate metabolism,84,0.06743785,0.00080283155,1
Taurine and Hypotaurine Metabolism,70,0.0672859,0.00096122717,1
GTP hydrolysis and joining of the 60S ribosomal subunit,109,0.06720221,0.00061653403,1
miRNA regulation of DNA damage response,80,0.06719807,0.00083997584,1
Spironolactone Action Pathway,73,0.06718409,0.00092033,1
Codeine Action Pathway,68,0.06717256,0.0009878317,1
Negative regulation of activity of TFAP2 (AP-2) family transcription factors,46,0.067096606,0.0014586218,1
double stranded rna induced gene expression,72,0.06698746,0.0009303814,1
bone remodeling,82,0.06690679,0.0008159364,1
Glyoxylate metabolism and glycine degradation,97,0.066867895,0.00068935973,1
Stabilization and expansion of the E-cadherin adherens junction,63,0.06684283,0.0010609974,1
JAK-STAT-Ncore,133,0.06666154,0.0005012146,1
PI3K-AKT-mTOR signaling pathway and therapeutic opportunities,89,0.06659191,0.00074822374,1
HATs acetylate histones,102,0.066501245,0.000651973,1
Nalbuphine Action Pathway,74,0.066435255,0.0008977737,1
RHOD GTPase cycle,113,0.06640925,0.0005876925,1
Mucin type O-glycan biosynthesis - Homo sapiens (human),71,0.06639611,0.0009351565,1
Signaling by NOTCH1 PEST Domain Mutants in Cancer,93,0.066361845,0.00071356824,1
Neuroinflammation,107,0.06631824,0.0006197966,1
Heart Development,69,0.06621739,0.0009596724,1
Transcriptional regulation by small RNAs,78,0.06617908,0.00084844977,1
segmentation clock,73,0.06616119,0.0009063177,1
Hypertrophy Model,67,0.066159055,0.0009874486,1
activation of camp-dependent protein kinase pka,89,0.0661539,0.0007433022,1
Retinoblastoma gene in cancer,82,0.06611363,0.00080626376,1
Lidocaine (Local Anaesthetic) Action Pathway,69,0.06607124,0.0009575542,1
Imatinib and Chronic Myeloid Leukemia,95,0.06602663,0.0006950171,1
Signaling by FGFR4,79,0.06601027,0.000835573,1
inositol pyrophosphates biosynthesis,61,0.065853246,0.0010795614,1
Signaling by NOTCH1 in Cancer,93,0.06584839,0.0007080472,1
Nonsense-Mediated Decay (NMD),103,0.06583739,0.00063919794,1
trefoil factors initiate mucosal healing,85,0.065726504,0.000773253,1
The role of Nef in HIV-1 replication and disease pathogenesis,122,0.06570181,0.00053853943,1
FGFR3 signaling in chondrocyte proliferation and terminal differentiation,95,0.06563517,0.0006908965,1
Polythiazide Action Pathway,73,0.06562843,0.0008990196,1
Ca2+ pathway,88,0.06562667,0.00074575766,1
Fas ligand pathway and stress induction of heat shock proteins,129,0.06562332,0.0005087079,1
Mammary gland development pathway - Pregnancy and lactation (Stage 3 of 4),92,0.06557034,0.0007127211,1
Ketobemidone  Action Pathway,66,0.0655617,0.000993359,1
Influenza Infection,68,0.06544539,0.00096243224,1
Oxidative Damage,76,0.06540391,0.00086057774,1
Signaling mediated by p38-alpha and p38-beta,92,0.06539474,0.00071081234,1
GABA B receptor activation,83,0.06538084,0.00078772096,1
Caspase activation via extrinsic apoptotic signalling pathway,93,0.06529404,0.0007020865,1
Pentazocine Action Pathway,66,0.06528252,0.0009891292,1
G-protein mediated events,88,0.06519483,0.00074085034,1
Proteasome - Homo sapiens (human),104,0.0651311,0.00062626053,1
The Overlap Between Signal Transduction Pathways that Contribute to a Range of LMNA Laminopathies,97,0.06511088,0.00067124615,1
Mitophagy,65,0.06506174,0.0010009499,1
chrebp regulation by carbohydrates and camp,93,0.065044776,0.0006994062,1
PI3K Cascade,100,0.065035954,0.00065035955,1
IRS-mediated signalling,111,0.065017,0.00058573874,1
Leukotriene metabolism,82,0.06497204,0.000792342,1
Cyclothiazide Action Pathway,73,0.06496758,0.00088996685,1
Long-term depression - Homo sapiens (human),103,0.064893015,0.00063002924,1
Aurora A signaling,91,0.06485617,0.0007127052,1
PI Metabolism,126,0.06476465,0.00051400514,1
Serotonin Receptor 2 and ELK-SRF-GATA4 signaling,119,0.0647242,0.0005439008,1
Reproduction,65,0.064535454,0.0009928532,1
TWEAK,76,0.06439394,0.00084728864,1
Hedgehog Signaling Pathway,88,0.06429176,0.00073058816,1
role of mef2d in t-cell apoptosis,100,0.064262696,0.00064262695,1
Signaling by NOTCH1 HD+PEST Domain Mutants in Cancer,93,0.064227566,0.000690619,1
Loss of Nlp from mitotic centrosomes,58,0.064210884,0.0011070842,1
Regulation of pyruvate dehydrogenase (PDH) complex,84,0.064141914,0.00076359423,1
Signaling by ERBB2,119,0.0640881,0.00053855544,1
Synaptic Vesicle Pathway,80,0.064046256,0.0008005782,1
SUMOylation of transcription cofactors,60,0.06404074,0.0010673457,1
phospholipases,45,0.06393356,0.0014207457,1
Hydrochlorothiazide Action Pathway,73,0.0639053,0.00087541505,1
Cardiac muscle contraction - Homo sapiens (human),93,0.06385691,0.0006866334,1
Activation of ATR in response to replication stress,32,0.063843384,0.0019951058,1
ifn gamma signaling pathway,67,0.06380485,0.0009523112,1
Cocaine addiction - Homo sapiens (human),90,0.06376233,0.00070847035,1
Signaling by MET,103,0.0637038,0.00061848346,1
TAK1 activates NFkB by phosphorylation and activation of IKKs complex,106,0.06365426,0.00060051185,1
Ephrin B reverse signaling,119,0.063567095,0.0005341773,1
Cap-dependent Translation Initiation,115,0.06353825,0.00055250654,1
RHOQ GTPase cycle,116,0.063418865,0.00054671435,1
IGF1 pathway,99,0.063417904,0.0006405849,1
Cell migration and invasion through p75NTR,104,0.06341215,0.00060973223,1
2-ketoglutarate dehydrogenase complex deficiency,73,0.06337655,0.000868172,1
Interleukin-20 family signaling,84,0.06337553,0.00075447065,1
IFN gamma signaling,70,0.06336196,0.0009051708,1
Methadyl Acetate Action Pathway,66,0.06303406,0.00095506146,1
Differentiation Pathway,112,0.06297821,0.00056230545,1
Synthesis of IPs in the nucleus,54,0.06293806,0.0011655196,1
TGF-beta receptor signaling,83,0.06280325,0.0007566657,1
RUNX1 interacts with co-factors whose precise effect on RUNX1 targets is not known,73,0.06277671,0.0008599549,1
O-glycosylation of TSR domain-containing proteins,85,0.062738895,0.00073810463,1
Myogenesis,47,0.06252137,0.0013302419,1
Inactivation of CSF3 (G-CSF) signaling,118,0.062463038,0.0005293478,1
Intracellular Signalling Through Adenosine Receptor A2b and Adenosine,82,0.062429357,0.0007613336,1
NCAM signaling for neurite out-growth,101,0.0623713,0.0006175376,1
IL2 signaling events mediated by PI3K,101,0.06236927,0.0006175175,1
Steroid hormone biosynthesis - Homo sapiens (human),68,0.062363245,0.0009171065,1
Processing of DNA double-strand break ends,81,0.062352993,0.00076979003,1
Urokinase-type plasminogen activator (uPA) and uPAR-mediated signaling,82,0.06229238,0.0007596632,1
Association Between Physico-Chemical Features and Toxicity Associated Pathways,99,0.062217917,0.0006284638,1
RHO GTPases activate PKNs,73,0.06205194,0.0008500266,1
Recruitment of mitotic centrosome proteins and complexes,79,0.061913103,0.00078371016,1
Energy Metabolism,51,0.06189853,0.0012136967,1
Furosemide Action Pathway,73,0.061896265,0.00084789406,1
Formation of a pool of free 40S subunits,104,0.061795343,0.000594186,1
Fas,75,0.061708834,0.00082278444,1
The influence of laminopathies on Wnt signaling,74,0.061600495,0.0008324391,1
IGF-Ncore,103,0.06156072,0.0005976769,1
"D-<i>myo</i>-inositol (1,4,5,6)-tetrakisphosphate biosynthesis",51,0.06155268,0.0012069154,1
Formation of RNA Pol II elongation complex ,56,0.061468605,0.0010976536,1
Signaling by NTRK2 (TRKB),76,0.061342154,0.0008071336,1
Signaling by RAF1 mutants,81,0.061318316,0.00075701624,1
Lysinuric protein intolerance (LPI),73,0.06115467,0.0008377352,1
Methadone Action Pathway,70,0.06114893,0.0008735561,1
NOTCH1 Intracellular Domain Regulates Transcription,109,0.06106748,0.0005602521,1
Regulation of retinoblastoma protein,88,0.06102593,0.00069347647,1
TNF signaling,76,0.060963415,0.00080215017,1
fas signaling pathway (cd95),88,0.060938645,0.0006924846,1
Levallorphan Action Pathway,66,0.060937148,0.0009232901,1
Eukaryotic Translation Initiation,115,0.06077429,0.00052847207,1
Imipramine Action Pathway,69,0.06073304,0.00088018895,1
Assembly and cell surface presentation of NMDA receptors,47,0.060717363,0.0012918587,1
Nicotine addiction - Homo sapiens (human),89,0.060597748,0.0006808736,1
Validated transcriptional targets of deltaNp63 isoforms,85,0.06051811,0.0007119778,1
Glycolysis,106,0.060506165,0.0005708129,1
3-hydroxyisobutyric aciduria,66,0.06045409,0.00091597106,1
Cytochrome P450 - arranged by substrate type,57,0.06035926,0.0010589344,1
Integrated breast cancer pathway,101,0.060330257,0.0005973293,1
ECM proteoglycans,76,0.060300715,0.0007934305,1
MAPK6/MAPK4 signaling,52,0.060231924,0.0011583063,1
"Plasma lipoprotein assembly, remodeling, and clearance",96,0.060212538,0.0006272139,1
Eukaryotic Translation Elongation,97,0.06021175,0.0006207397,1
corticosteroids and cardioprotection,62,0.060118936,0.00096966024,1
Eplerenone Action Pathway,73,0.059870634,0.00082014565,1
Morphine Action Pathway,88,0.059726324,0.00067870825,1
Rev-mediated nuclear export of HIV RNA,62,0.05970931,0.0009630534,1
Fatty acid beta-oxidation,55,0.05962489,0.0010840889,1
NHR,90,0.059598662,0.00066220737,1
The oncogenic action of Succinate,80,0.059540674,0.0007442584,1
Citrate cycle (TCA cycle) - Homo sapiens (human),91,0.05950715,0.0006539247,1
GPCR Adenosine A2A receptor,62,0.059412118,0.00095826,1
Glypican 1 network,131,0.05938806,0.00045334396,1
Signaling by ROBO receptors,123,0.059381947,0.00048278004,1
3-Methylglutaconic Aciduria Type I,66,0.059365273,0.00089947385,1
Ribosome - Homo sapiens (human),105,0.059358824,0.0005653221,1
ROS and RNS production in phagocytes,114,0.05931138,0.00052027527,1
E3 ubiquitin ligases ubiquitinate target proteins,66,0.059254438,0.0008977945,1
Other semaphorin interactions,76,0.059173267,0.0007785956,1
Pyruvate metabolism,121,0.059136022,0.00048872747,1
Signaling by TGF-beta Receptor Complex,97,0.059015196,0.0006084041,1
RNA Polymerase II Transcription Elongation,56,0.058998603,0.0010535464,1
The oncogenic action of Fumarate,80,0.058989808,0.0007373726,1
Photodynamic therapy-induced HIF-1 survival signaling,92,0.058946263,0.00064072025,1
The oncogenic action of L-2-hydroxyglutarate in  Hydroxygluaricaciduria,77,0.05891727,0.0007651593,1
wnt signaling pathway,88,0.058898907,0.00066930574,1
NOTCH4 Intracellular Domain Regulates Transcription,54,0.05884496,0.0010897215,1
Plasma lipoprotein remodeling,64,0.058836345,0.0009193179,1
Pregnane X receptor pathway,68,0.058834456,0.0008652126,1
Histone Modifications,80,0.058807246,0.0007350906,1
Validated transcriptional targets of AP1 family members Fra1 and Fra2,83,0.058727432,0.0007075594,1
Quinethazone Action Pathway,73,0.058685713,0.00080391386,1
ErbB2/ErbB3 signaling events,90,0.058510546,0.0006501172,1
Metolazone Action Pathway,73,0.058465786,0.0008009012,1
Regulation of KIT signaling,121,0.058302667,0.00048184022,1
Lysinuric Protein Intolerance,73,0.058211725,0.0007974209,1
Atypical NF-kappaB pathway,73,0.058164246,0.0007967705,1
Heme signaling,67,0.058142718,0.0008678018,1
Mitochondrial complex II deficiency,73,0.058072373,0.00079551194,1
Growth hormone signaling,82,0.058040075,0.0007078058,1
"Hedgehog ,off, state",68,0.057998657,0.00085292145,1
Fumarase deficiency,73,0.05797021,0.00079411245,1
Other interleukin signaling,35,0.057915263,0.0016547218,1
The oncogenic action of D-2-hydroxyglutarate in  Hydroxygluaricaciduria ,77,0.057802785,0.0007506855,1
Regulation of PTEN stability and activity,65,0.05778767,0.0008890411,1
Integrin signaling,96,0.05775757,0.00060164137,1
EPHB forward signaling,74,0.057638936,0.00077890453,1
Chromosome Maintenance,89,0.057596754,0.0006471545,1
Arginine and proline metabolism - Homo sapiens (human),90,0.05749968,0.00063888537,1
Signaling by BRAF and RAF fusions,94,0.057410777,0.00061075296,1
CD28 dependent Vav1 pathway,95,0.057370476,0.00060389977,1
stathmin and breast cancer resistance to antimicrotubule agents,54,0.0572998,0.0010611074,1
Extracellular vesicles in the crosstalk of cardiac cells,77,0.05726026,0.0007436397,1
Nanoparticle triggered autophagic cell death,85,0.057232235,0.00067332044,1
MECP2 regulates neuronal receptors and channels,97,0.05715433,0.0005892199,1
Krabbe disease,59,0.057097096,0.0009677474,1
Sema3A PAK dependent Axon repulsion,57,0.05708145,0.0010014289,1
Antigen activates B Cell Receptor (BCR) leading to generation of second messengers,107,0.057047244,0.0005331518,1
Pyruvate dehydrogenase deficiency (E2),73,0.057026144,0.00078118005,1
p75NTR signals via NF-kB,68,0.057009887,0.0008383807,1
"Nucleotide-binding domain, leucine rich repeat containing receptor (NLR) signaling pathways",94,0.05693555,0.00060569734,1
Netrin-mediated signaling events,105,0.056859072,0.00054151495,1
STING pathway in Kawasaki-like disease and COVID-19,101,0.056813825,0.00056251313,1
HIF-2-alpha transcription factor network,96,0.056797136,0.0005916368,1
IL5-mediated signaling events,78,0.056779046,0.0007279365,1
N-glycan antennae elongation in the medial/trans-Golgi,68,0.05670811,0.0008339428,1
CTLA4 inhibitory signaling,109,0.05670807,0.0005202575,1
Metabolism of nucleotides,73,0.05668915,0.0007765637,1
RNA Polymerase II Pre-transcription Events,68,0.056682084,0.0008335601,1
role of erbb2 in signal transduction and oncology,73,0.05666031,0.0007761686,1
"Valine, leucine and isoleucine degradation - Homo sapiens (human)",89,0.056656223,0.00063658674,1
PDGF,82,0.056630366,0.0006906142,1
Ovarian infertility,60,0.05651475,0.0009419125,1
Citalopram Action Pathway,69,0.056494072,0.00081875466,1
superpathway of conversion of glucose to acetyl CoA and entry into the TCA cycle,92,0.056382682,0.00061285525,1
Downstream signal transduction,86,0.05633662,0.000655077,1
tnfr2 signaling pathway,82,0.056313112,0.0006867453,1
Chlorthalidone Action Pathway,73,0.05619685,0.00076981983,1
Oxycodone Action Pathway,66,0.0561889,0.000851347,1
bioactive peptide induced signaling pathway,101,0.056188874,0.0005563255,1
Paradoxical activation of RAF signaling by kinase inactive BRAF,81,0.05618734,0.0006936709,1
Bendroflumethiazide Action Pathway,73,0.056172166,0.0007694817,1
Signaling by NOTCH2,66,0.056152172,0.0008507905,1
Bladder cancer - Homo sapiens (human),81,0.05608813,0.0006924461,1
Benzocaine Action Pathway,66,0.055979513,0.00084817444,1
Nonsense Mediated Decay (NMD) independent of the Exon Junction Complex (EJC),98,0.05596722,0.00057109405,1
Dihydromorphine Action Pathway,66,0.055902712,0.0008470108,1
NR1H2 and NR1H3-mediated signaling,71,0.05581612,0.00078614254,1
Hydrocodone Action Pathway,66,0.055815022,0.00084568217,1
RUNX3 regulates NOTCH signaling,56,0.05575465,0.0009956188,1
DNA Replication,61,0.05570425,0.0009131844,1
Canonical NF-KB pathway,56,0.05570129,0.0009946659,1
"1D-<i>myo</i>-inositol hexakisphosphate biosynthesis V (from Ins(1,3,4)P3)",52,0.055675767,0.0010706878,1
roles of  arrestin dependent recruitment of src kinases in gpcr signaling,100,0.055624023,0.0005562402,1
Structural Pathway of Interleukin 1 (IL-1),132,0.055598292,0.0004211992,1
3q29 copy number variation syndrome,84,0.0555654,0.0006614928,1
Platelet Aggregation (Plug Formation),104,0.05554805,0.0005341159,1
Kidney Function,73,0.055452134,0.0007596183,1
VEGF and VEGFR signaling network,31,0.05543861,0.0017883423,1
"Valine, leucine and isoleucine degradation",92,0.055349063,0.00060162024,1
"GPCRs, Class B Secretin-like",52,0.055347357,0.0010643722,1
Peptide hormone metabolism,65,0.055150665,0.00084847177,1
Dimethylthiambutene Action Pathway,66,0.05510067,0.0008348586,1
Torsemide Action Pathway,73,0.055049907,0.0007541083,1
Kinesins,66,0.055047866,0.00083405856,1
heparan sulfate biosynthesis (late stages),81,0.055029355,0.00067937473,1
Regulation of HSF1-mediated heat shock response,92,0.05502716,0.0005981213,1
DNA Repair Pathways Full Network,89,0.054992586,0.0006178942,1
PI-3K cascade:FGFR4,48,0.054960568,0.0011450119,1
Nephrotic syndrome,96,0.05492647,0.00057215075,1
Proteoglycan biosynthesis,67,0.05487552,0.0008190376,1
G1 to S cell cycle control,78,0.054804023,0.0007026157,1
RIP-mediated NFkB activation via ZBP1,58,0.05476093,0.00094415393,1
Vitamin D-sensitive calcium signaling in depression,70,0.05473094,0.00078187056,1
Citric acid cycle (TCA cycle),66,0.054720942,0.0008291052,1
SUMOylation of transcription factors,40,0.05465412,0.001366353,1
Eukaryotic Translation Termination,93,0.054651417,0.00058764964,1
G1 Phase,78,0.054633155,0.00070042507,1
Amphetamine addiction - Homo sapiens (human),95,0.05454111,0.00057411694,1
Bumetanide Action Pathway,73,0.054435953,0.000745698,1
WNT-Ncore,84,0.054330207,0.00064678816,1
Interleukin-12 signaling,63,0.054288223,0.00086171785,1
Tramadol Action Action Pathway,66,0.054286957,0.00082252966,1
Negative regulation of FGFR2 signaling,72,0.05420617,0.0007528635,1
Syndecan interactions,60,0.05418828,0.000903138,1
Nuclear signaling by ERBB4,83,0.054166637,0.0006526101,1
Remifentanil Action Pathway,66,0.054149237,0.000820443,1
Proparacaine Action Pathway,66,0.054122124,0.0008200322,1
DNA damage response,69,0.05411493,0.00078427437,1
Drug metabolism - other enzymes - Homo sapiens (human),82,0.054068945,0.0006593774,1
Chlorothiazide Action Pathway,73,0.054056168,0.00074049545,1
Signaling by moderate kinase activity BRAF mutants,81,0.054052092,0.0006673098,1
IL3-mediated signaling events,76,0.05402124,0.00071080576,1
GDNF-RET signaling axis,84,0.05384599,0.0006410237,1
Oxidative Stress Induced Senescence,108,0.053784166,0.0004980015,1
Pathogenic Escherichia coli infection,94,0.053576447,0.0005699622,1
Nanomaterial induced apoptosis,75,0.053575493,0.0007143399,1
PKC-gamma calcium signaling pathway in ataxia,86,0.05357112,0.00062292,1
Pyruvate dehydrogenase deficiency (E3),73,0.05356921,0.0007338248,1
Plasma membrane estrogen receptor signaling,69,0.053556077,0.00077617506,1
Negative regulation of FGFR4 signaling,63,0.05354792,0.00084996695,1
Loss of proteins required for interphase microtubule organization from the centrosome,58,0.053493686,0.0009223049,1
RUNX1 regulates genes involved in megakaryocyte differentiation and platelet function,66,0.05334244,0.0008082188,1
skeletal muscle hypertrophy is regulated via akt-mtor pathway,30,0.053218406,0.0017739468,1
Levorphanol Action Pathway,66,0.053125903,0.0008049379,1
Response of EIF2AK4 (GCN2) to amino acid deficiency,101,0.05306724,0.0005254182,1
influence of ras and rho proteins on g1 to s transition,80,0.052996915,0.00066246145,1
Neural Crest Cell Migration during Development,79,0.05298603,0.00067070924,1
Carfentanil Action Pathway,66,0.052937236,0.00080207933,1
Protein ubiquitination,107,0.052917477,0.00049455586,1
fmlp induced chemokine gene expression in hmc-1 cells,88,0.05291616,0.00060132,1
Glycine Serine metabolism,78,0.05289297,0.000678115,1
Signaling by FGFR in disease,101,0.052866645,0.00052343216,1
Amino acid transport across the plasma membrane,57,0.05285257,0.0009272381,1
Vitamin digestion and absorption - Homo sapiens (human),30,0.052850977,0.0017616992,1
LPA4-mediated signaling events,33,0.052731212,0.0015979155,1
Signaling of Hepatocyte Growth Factor Receptor,67,0.052689034,0.0007864035,1
Sodium/Calcium exchangers,48,0.052636806,0.0010966001,1
The oncogenic action of 2-hydroxyglutarate,76,0.05263458,0.0006925602,1
Protein folding,76,0.052553646,0.00069149537,1
FGFR1 mutant receptor activation,70,0.052511316,0.00075016165,1
PPAR signaling pathway,60,0.052494742,0.00087491237,1
Prader-Willi and Angelman Syndrome,60,0.052471787,0.00087452977,1
Maple Syrup Urine Disease,66,0.052466042,0.00079494005,1
erythropoietin mediated neuroprotection through nf-kb,79,0.052458122,0.0006640269,1
Cytosolic sensors of pathogen-associated DNA ,74,0.05228105,0.00070650066,1
Oxymorphone Action Pathway,66,0.052277386,0.0007920816,1
Naloxone Action Pathway,66,0.052276593,0.0007920696,1
RUNX1 regulates transcription of genes involved in differentiation of HSCs,58,0.052272283,0.00090124627,1
RNA degradation - Homo sapiens (human),95,0.052235812,0.00054985064,1
Photodynamic therapy-induced NF-kB survival signaling,99,0.0522216,0.0005274909,1
Formation of the beta-catenin:TCF transactivating complex,70,0.052201748,0.00074573926,1
GPCR Dopamine D1like receptor,63,0.05217505,0.0008281754,1
Diphenoxylate Action Pathway,66,0.052150212,0.00079015474,1
Oxidative Stress,52,0.052134927,0.0010025947,1
p75(NTR)-mediated signaling,73,0.052115805,0.00071391516,1
Endothelin Pathways,62,0.05208673,0.00084010855,1
rac1 cell motility signaling pathway,73,0.05204922,0.000713003,1
Chaperonin-mediated protein folding,73,0.052017454,0.0007125679,1
Disruption of postsynaptic signaling by CNV,70,0.051975038,0.00074250053,1
Oxybuprocaine Action Pathway,66,0.05196138,0.00078729365,1
MAP2K and MAPK activation,53,0.051899645,0.0009792385,1
Fentanyl Action Pathway,66,0.051818755,0.00078513264,1
Bupivacaine Action Pathway,66,0.05181058,0.00078500883,1
Neural Crest Cell Migration in Cancer,92,0.051805623,0.0005631046,1
"Biosynthesis of the N-glycan precursor (dolichol lipid-linked oligosaccharide, LLO) and transfer to a nascent protein",100,0.051721394,0.00051721395,1
-arrestins in gpcr desensitization,86,0.051711738,0.0006012993,1
Gaucher Disease,59,0.051661834,0.0008756243,1
BMP2 signaling TGF-beta MV,76,0.0516492,0.00067959476,1
RHOH GTPase cycle,62,0.051623475,0.00083263667,1
RAC1 signaling pathway,79,0.05160424,0.00065321825,1
"Synthesis, secretion, and deacylation of Ghrelin",18,0.05160313,0.0028668407,1
Trichlormethiazide Action Pathway,73,0.051588863,0.00070669677,1
Ethylmorphine Action Pathway,66,0.051556114,0.00078115327,1
p53 pathway,65,0.05154372,0.0007929803,1
Neovascularisation processes,81,0.051271357,0.00063297973,1
PCP/CE pathway,81,0.05125293,0.00063275226,1
mucin core 1 and core 2 <i>O</i>-glycosylation,57,0.05123549,0.00089886825,1
Congenital lactic acidosis,73,0.05122443,0.0007017045,1
Prilocaine Action Pathway,66,0.05117482,0.00077537604,1
PLC beta mediated events,80,0.051124822,0.0006390603,1
Elevation of cytosolic Ca2+ levels,84,0.0510798,0.0006080928,1
Intracellular trafficking proteins involved in CMT neuropathy,52,0.051061615,0.0009819542,1
Extra-nuclear estrogen signaling,94,0.051045157,0.0005430336,1
GnRH secretion - Homo sapiens (human),97,0.051025663,0.00052603777,1
Irinotecan Metabolism Pathway,24,0.05092448,0.0021218534,1
Tryptophan degradation,70,0.050830778,0.00072615396,1
Hippo-Yap signaling pathway,51,0.050799996,0.0009960784,1
Regulated Necrosis,102,0.0507557,0.0004976049,1
Desipramine Action Pathway,66,0.05075241,0.0007689759,1
Glutamate Neurotransmitter Release Cycle,62,0.050699163,0.00081772846,1
Transcription factor regulation in adipogenesis,67,0.050656565,0.00075606816,1
Propionic Acidemia,66,0.05063823,0.0007672459,1
Ion homeostasis,60,0.05060569,0.00084342813,1
Naltrexone Action Pathway,66,0.050595026,0.0007665913,1
Nuclear Envelope Breakdown,84,0.05057846,0.00060212455,1
Proton/oligopeptide cotransporters,38,0.05054232,0.0013300611,1
G alpha (z) signalling events,73,0.050451383,0.0006911148,1
"Valine, Leucine and Isoleucine Degradation",66,0.050437033,0.0007641975,1
IkBA variant leads to EDA-ID,55,0.05031871,0.00091488566,1
Regulation by c-FLIP,58,0.050302364,0.00086728216,1
trans-Golgi Network Vesicle Budding,80,0.05019176,0.000627397,1
AMP-activated protein kinase (AMPK) signaling,84,0.050150223,0.0005970265,1
regulation of spermatogenesis by crem,61,0.050086454,0.00082108943,1
Receptor Mediated Mitophagy,51,0.05003984,0.0009811734,1
Dectin-2 family,93,0.050037213,0.00053803454,1
Complement cascade,77,0.050001062,0.00064936443,1
Glutathione metabolism - Homo sapiens (human),62,0.04991246,0.00080503966,1
Dibucaine Action Pathway,66,0.049892493,0.00075594685,1
Ethacrynic Acid Action Pathway,73,0.049865063,0.0006830831,1
lck and fyn tyrosine kinases in initiation of tcr activation,85,0.049718026,0.00058491796,1
Regulation of PTEN gene transcription,74,0.049706977,0.0006717159,1
Ion transport by P-type ATPases,74,0.049670193,0.00067121885,1
Mineral absorption - Homo sapiens (human),80,0.04963638,0.0006204547,1
Signaling by FGFR3,78,0.049620714,0.000636163,1
Globoid Cell Leukodystrophy,59,0.049618587,0.000840993,1
O-Glycan biosynthesis,62,0.04961407,0.000800227,1
Beta-Ketothiolase Deficiency,66,0.04955531,0.000750838,1
TRAF6 mediated NF-kB activation,68,0.049550183,0.0007286792,1
Type 2 papillary renal cell carcinoma,84,0.049527198,0.0005896095,1
Retinoic acid receptors-mediated signaling,64,0.049353607,0.0007711501,1
Macrophage markers,51,0.049301356,0.0009666933,1
Endocrine and other factor-regulated calcium reabsorption - Homo sapiens (human),56,0.049288634,0.0008801542,1
Cysteine and methionine metabolism - Homo sapiens (human),86,0.049283642,0.0005730656,1
APC/C-mediated degradation of cell cycle proteins,60,0.049260437,0.0008210073,1
Dezocine Action Pathway,66,0.049260356,0.000746369,1
Metabolic reprogramming in colon cancer,52,0.049249392,0.0009471037,1
Amyloid fiber formation,69,0.049234033,0.0007135367,1
Vitamin D in inflammatory diseases,77,0.049139474,0.000638175,1
FRS-mediated FGFR4 signaling,57,0.049127176,0.0008618803,1
Vasopressin regulates renal water homeostasis via Aquaporins,48,0.04906198,0.0010221245,1
Translation initiation complex formation,49,0.049015407,0.0010003144,1
SUMOylation of chromatin organization proteins,88,0.049011804,0.0005569523,1
N-cadherin signaling events,71,0.048990164,0.0006900023,1
S1P3 pathway,79,0.04897246,0.00061990455,1
Erythropoietin activates Phosphoinositide-3-kinase (PI3K),59,0.048924282,0.0008292251,1
Receptor-type tyrosine-protein phosphatases,42,0.04888856,0.0011640133,1
Alvimopan Action Pathway,66,0.048848037,0.00074012176,1
Nef-mediates down modulation of cell surface receptors by recruiting them to clathrin adapters,83,0.048788212,0.0005878098,1
Wnt Signaling Pathway,98,0.048754923,0.0004974992,1
Chloroprocaine Action Pathway,66,0.04873968,0.00073848,1
G1/S Transition,57,0.04873429,0.00085498753,1
Fluoxetine Action Pathway,68,0.04864264,0.0007153329,1
p38 mapk signaling pathway,58,0.048624236,0.0008383489,1
Cystinuria,73,0.048618607,0.00066600833,1
Role of LAT2/NTAL/LAB on calcium mobilization,64,0.048572835,0.00075895054,1
Kisspeptin-kisspeptin receptor system in the ovary,79,0.048550893,0.00061456824,1
atm signaling pathway,86,0.0485409,0.0005644291,1
IGF signaling,50,0.0484694,0.00096938794,1
Trk receptor signaling mediated by the MAPK pathway,72,0.048464183,0.0006731136,1
3-Methylthiofentanyl Action Pathway,66,0.048449703,0.0007340864,1
Matrix Metalloproteinases,43,0.048322923,0.0011237889,1
Nitric oxide stimulates guanylate cyclase,62,0.048259743,0.00077838294,1
Tryptophan metabolism - Homo sapiens (human),75,0.048240267,0.00064320356,1
IL-5 signaling,53,0.048231617,0.0009100305,1
Propoxyphene Action Pathway,66,0.048166983,0.00072980276,1
role of -arrestins in the activation and targeting of map kinases,89,0.048114575,0.0005406132,1
Recruitment and ATM-mediated phosphorylation of repair and signaling proteins at DNA double strand breaks,71,0.04809423,0.00067738356,1
Triamterene Action Pathway,73,0.04808939,0.00065875874,1
Regulation of necroptotic cell death,72,0.048075147,0.0006677104,1
Cytoplasmic Ribosomal Proteins,89,0.047965907,0.00053894275,1
Nephrin family interactions,70,0.04795103,0.00068501476,1
Hyperlysinemia II or Saccharopinuria,34,0.047887344,0.0014084512,1
Na+/Cl- dependent neurotransmitter transporters,46,0.047839474,0.0010399886,1
GABA receptor Signaling,54,0.04769991,0.00088333164,1
N-Glycan biosynthesis - Homo sapiens (human),64,0.047658302,0.00074466097,1
Peptide chain elongation,95,0.047602847,0.0005010826,1
mTOR signaling pathway,82,0.047568653,0.0005801055,1
Senescence-Associated Secretory Phenotype (SASP),67,0.04756859,0.0007099789,1
inhibition of cellular proliferation by gleevec,62,0.0474845,0.000765879,1
Sterol regulatory element-binding proteins (SREBP) signaling,70,0.04747874,0.0006782677,1
Nicotine Activity on Dopaminergic Neurons,57,0.047450338,0.00083246204,1
Ca-dependent events,61,0.047442272,0.0007777422,1
p38 signaling mediated by MAPKAP kinases,57,0.04732056,0.00083018525,1
Glycolysis / Gluconeogenesis - Homo sapiens (human),78,0.04729705,0.0006063724,1
Negative regulation of FGFR1 signaling,63,0.04726136,0.00075018033,1
Chemical carcinogenesis - Homo sapiens (human),84,0.047230884,0.00056227244,1
DCC mediated attractive signaling,60,0.04720833,0.0007868055,1
thrombin signaling and protease-activated receptors,60,0.047055554,0.00078425923,1
Synthesis of PA,55,0.047049254,0.000855441,1
Hydromorphone Action Pathway,66,0.047047343,0.00071283855,1
Circadian rhythm - Homo sapiens (human),44,0.04696014,0.001067276,1
Intracellular Signalling Through Adenosine Receptor A2a and Adenosine,82,0.04694489,0.00057249865,1
DAG and IP3 signaling,73,0.0469327,0.0006429137,1
Beta2 integrin cell surface interactions,120,0.046932545,0.00039110455,1
Cardiac Hypertrophic Response,110,0.04689838,0.0004263489,1
Pirenzepine Action Pathway,50,0.046895057,0.00093790115,1
FRS-mediated FGFR2 signaling,66,0.046859447,0.0007099916,1
Regulation of IFNA signaling,80,0.04679998,0.00058499974,1
3-Hydroxy-3-Methylglutaryl-CoA Lyase Deficiency,66,0.04679623,0.00070903375,1
RAF activation,62,0.046660326,0.0007525859,1
p38 MAPK Signaling Pathway,92,0.04665958,0.00050716934,1
"Hedgehog ,on, state",65,0.046619896,0.00071722915,1
CD28 dependent PI3K/Akt signaling,128,0.046580084,0.0003639069,1
Signaling by Erythropoietin,82,0.04656383,0.0005678516,1
Signaling by ERBB2 in Cancer,71,0.046519652,0.0006552064,1
Signaling by ERBB2 KD Mutants,71,0.046483282,0.0006546941,1
Signaling by FGFR1 in disease,85,0.04647395,0.00054675236,1
Cocaine Action Pathway,66,0.046426214,0.0007034275,1
Glycosaminoglycan biosynthesis - heparan sulfate / heparin - Homo sapiens (human),67,0.046359982,0.00069194,1
Type I collagen synthesis in the context of Osteogenesis imperfecta,50,0.046351418,0.00092702836,1
Nongenotropic Androgen signaling,47,0.04631994,0.0009855307,1
Porphyrin metabolism,61,0.046286013,0.0007587871,1
CRMPs in Sema3A signaling,58,0.046270367,0.0007977649,1
Sialic acid metabolism,78,0.04626559,0.0005931486,1
Negative regulators of DDX58/IFIH1 signaling,70,0.046227388,0.00066039123,1
p38 MAPK signaling pathway,78,0.04620733,0.00059240166,1
agrin in postsynaptic differentiation,76,0.04614486,0.00060716923,1
Levomethadyl Acetate Action Action Pathway,66,0.0461334,0.0006989909,1
il 6 signaling pathway,50,0.04601978,0.0009203956,1
Androgen and estrogen biosynthesis and metabolism,100,0.046002474,0.00046002475,1
Complement and Coagulation Cascades,57,0.04597663,0.00080660754,1
Iron uptake and transport,71,0.045975372,0.00064754044,1
Noncanonical Wnt signaling pathway,74,0.045930438,0.0006206816,1
Buprenorphine Action Pathway,66,0.045866992,0.0006949544,1
Uptake and actions of bacterial toxins,45,0.04580825,0.0010179611,1
Signaling by Leptin,52,0.045793675,0.00088064757,1
Mammalian disorder of sexual development,77,0.045720592,0.0005937739,1
Melatonin metabolism and effects,44,0.045715403,0.0010389864,1
Deadenylation-dependent mRNA decay,76,0.045688834,0.0006011689,1
insulin Mam,94,0.04566624,0.00048581106,1
NOD1/2 Signaling Pathway,79,0.045637205,0.0005776861,1
Calmodulin induced events,55,0.04556984,0.0008285426,1
Downstream signaling of activated FGFR2,70,0.04556085,0.00065086933,1
TP53 Regulates Transcription of DNA Repair Genes,52,0.04556009,0.0008761556,1
Rab regulation of trafficking,109,0.04555788,0.0004179622,1
stress induction of hsp regulation,87,0.045485172,0.00052281807,1
Sphingolipid pathway,32,0.045481864,0.0014213083,1
Tyrosine metabolism - Homo sapiens (human),50,0.045468286,0.0009093657,1
Glycosaminoglycan biosynthesis - chondroitin sulfate / dermatan sulfate - Homo sapiens (human),39,0.045390602,0.0011638616,1
Fanconi anemia pathway - Homo sapiens (human),51,0.045326635,0.0008887576,1
Assembly of collagen fibrils and other multimeric structures,59,0.045262385,0.00076715904,1
AURKA Activation by TPX2,58,0.04523195,0.0007798612,1
PINK1-PRKN Mediated Mitophagy,55,0.045230597,0.0008223745,1
Anileridine Action Pathway,66,0.045224383,0.0006852179,1
insulin,94,0.045220755,0.00048107185,1
B-WICH complex positively regulates rRNA expression,58,0.045178972,0.0007789478,1
ABC transporters - Homo sapiens (human),54,0.04505104,0.0008342785,1
FOXA2 and FOXA3 transcription factor networks,41,0.045049924,0.0010987787,1
SUMOylation of DNA damage response and repair proteins,62,0.045026097,0.00072622736,1
SMAD2/SMAD3:SMAD4 heterotrimer regulates transcription,24,0.045018706,0.0018757795,1
Supression of HMGB1 mediated inflammation by THBD,55,0.045014292,0.0008184417,1
Regulation of signaling by CBL,73,0.044985924,0.00061624555,1
Fructose Mannose metabolism,65,0.04489463,0.0006906866,1
Pyruvate Metabolism,49,0.044851307,0.0009153328,1
HS-GAG biosynthesis,89,0.04476764,0.0005030072,1
Prolactin receptor signaling,48,0.044727694,0.00093182694,1
3-hydroxyisobutyric acid dehydrogenase deficiency,66,0.04469889,0.0006772559,1
16p11.2 distal deletion syndrome,70,0.04468179,0.0006383113,1
RND2 GTPase cycle,56,0.044554412,0.0007956145,1
Nuclear receptors,74,0.044522475,0.00060165505,1
SUMOylation of RNA binding proteins,43,0.04452156,0.0010353851,1
FGFRL1 modulation of FGFR1 signaling,52,0.044402882,0.0008539016,1
UCH proteinases,105,0.04439327,0.00042279306,1
PI-3K cascade:FGFR1,48,0.04436396,0.0009242492,1
Class C/3 (Metabotropic glutamate/pheromone receptors),40,0.044298507,0.0011074627,1
Calcitonin-like ligand receptors,33,0.0442509,0.0013409364,1
Regulation of RAC1 activity,63,0.044197466,0.0007015471,1
3-Methylcrotonyl Coa Carboxylase Deficiency Type I,66,0.044133764,0.0006686934,1
Osteoclast Signaling,55,0.044064924,0.00080118043,1
Nonsense Mediated Decay (NMD) enhanced by the Exon Junction Complex (EJC),103,0.0440634,0.0004278,1
Metachromatic Leukodystrophy (MLD),59,0.04406324,0.00074683456,1
NLR Proteins,61,0.044051576,0.000722157,1
Nuclear Envelope (NE) Reassembly,60,0.044043504,0.0007340584,1
Glucuronidation,76,0.043948922,0.0005782753,1
PDGF Pathway,47,0.04370553,0.0009299049,1
DNA Double Strand Break Response,71,0.043623168,0.0006144108,1
pten dependent cell cycle arrest and apoptosis,77,0.043623023,0.0005665328,1
Initiation of transcription and translation elongation at the HIV-1 LTR,73,0.043563753,0.00059676374,1
FGFR2 ligand binding and activation,50,0.043519262,0.00087038527,1
Pre-NOTCH Processing in Golgi,31,0.04348817,0.0014028442,1
Peroxisomal protein import,72,0.04347438,0.0006038108,1
PKMTs methylate histone lysines,69,0.043473855,0.00063005585,1
Pyruvate metabolism - Homo sapiens (human),78,0.043438897,0.00055690896,1
Sphingolipid Metabolism,59,0.043432217,0.00073613925,1
dermatan sulfate biosynthesis,38,0.043349534,0.0011407773,1
FBXL10 enhancement of MAP-ERK signaling in diffuse large B-cell lymphoma,22,0.04333599,0.0019698178,1
Metabolism of fat-soluble vitamins,75,0.043317433,0.0005775658,1
glycine cleavage,27,0.04331386,0.0016042171,1
IL-12 signaling,60,0.043312646,0.00072187744,1
nfat and hypertrophy of the heart ,57,0.04327994,0.00075929717,1
Fat digestion and absorption - Homo sapiens (human),46,0.043261494,0.0009404673,1
Azathioprine Action Pathway,54,0.043196425,0.0007999338,1
Syndecan-4-mediated signaling events,90,0.043144405,0.0004793823,1
3-Methylglutaconic Aciduria Type III,66,0.043082982,0.00065277243,1
Joubert syndrome,48,0.043031435,0.00089648826,1
Statin inhibition of cholesterol production,55,0.04300475,0.00078190456,1
Dopaminergic Neurogenesis,40,0.04283622,0.0010709055,1
Bladder cancer,74,0.04282915,0.0005787723,1
RAB GEFs exchange GTP for GDP on RABs,95,0.042819753,0.00045073425,1
PECAM1 interactions,73,0.042816706,0.0005865302,1
TGF-Core,73,0.042743616,0.00058552896,1
Angiogenesis,75,0.042712692,0.0005695026,1
TGF-B Signaling in Thyroid Cells for Epithelial-Mesenchymal Transition,43,0.042699326,0.0009930076,1
LKB1 signaling events,51,0.042683773,0.0008369367,1
multi-step regulation of transcription by pitx2,50,0.04268151,0.00085363025,1
Gastric Cancer Network 1,43,0.04258307,0.0009903039,1
HDR through Single Strand Annealing (SSA),54,0.042423375,0.00078561803,1
Downregulation of ERBB2 signaling,63,0.042410698,0.0006731857,1
TWIK related potassium channel (TREK),32,0.042380344,0.0013243858,1
FOXO-mediated transcription of cell death genes,68,0.042320214,0.0006223561,1
Signalling to ERKs,65,0.042222228,0.00064957276,1
RND1 GTPase cycle,56,0.04221771,0.00075388764,1
Glucose Transporter Defect (SGLT2),73,0.04216859,0.00057765195,1
Alpha4 beta1 integrin signaling events,76,0.04215769,0.00055470644,1
Isovaleric Aciduria,66,0.042145364,0.0006385661,1
Signaling events mediated by HDAC Class II,62,0.042121593,0.00067938055,1
IL-23 signaling,39,0.042102914,0.0010795619,1
Nicotinate metabolism,77,0.042066205,0.00054631435,1
activated TAK1 mediates p38 MAPK activation,78,0.04206061,0.00053923856,1
TP53 Regulates Transcription of Cell Death Genes,61,0.042051975,0.0006893766,1
Apoptosis - multiple species - Homo sapiens (human),45,0.04199763,0.0009332807,1
Alfentanil Action Pathway,66,0.041983273,0.0006361102,1
3-Methylglutaconic Aciduria Type IV,66,0.041916814,0.00063510326,1
"Activation of the mRNA upon binding of the cap-binding complex and eIFs, and subsequent binding to 43S",49,0.04183498,0.0008537751,1
Diseases of Immune System,55,0.041807435,0.0007601352,1
Regucalcin in proximal tubule epithelial kidney cells,38,0.041801017,0.0011000268,1
Branched-chain amino acid catabolism,58,0.041796394,0.0007206275,1
RUNX1 regulates transcription of genes involved in BCR signaling,34,0.041785993,0.0012289998,1
IL11,55,0.041764967,0.00075936306,1
S Phase,70,0.041710813,0.00059586874,1
erk and pi-3 kinase are necessary for collagen binding in corneal epithelia,62,0.041664798,0.00067201286,1
Factors and pathways affecting insulin-like growth factor (IGF1)-Akt signaling,65,0.041621257,0.00064032705,1
Retinoid metabolism and transport,73,0.04161419,0.00057005737,1
Elastic fibre formation,59,0.04160501,0.0007051697,1
Nectin adhesion pathway,76,0.04158647,0.0005471904,1
Platelet Adhesion to exposed collagen,67,0.041570354,0.00062045304,1
Syndecan-1-mediated signaling events,81,0.041557122,0.0005130509,1
Ropivacaine Action Pathway,66,0.04155482,0.0006296185,1
Hypothesized Pathways in Pathogenesis of Cardiovascular Disease,50,0.04155419,0.0008310838,1
mRNA surveillance pathway - Homo sapiens (human),103,0.04154017,0.0004033026,1
IL8- and CXCR2-mediated signaling events,88,0.041461047,0.00047114826,1
Reelin signaling pathway,73,0.041400913,0.0005671358,1
G alpha (12/13) signalling events,70,0.041387357,0.000591248,1
TP53 Regulates Transcription of Cell Cycle Genes,55,0.04127892,0.00075052585,1
cadmium induces dna synthesis and proliferation in macrophages,77,0.04127369,0.00053602195,1
Transcriptional regulation of granulopoiesis,46,0.04116048,0.000894793,1
FAS (CD95) signaling pathway,74,0.04111802,0.0005556489,1
Transport of Mature Transcript to Cytoplasm,55,0.04110035,0.0007472791,1
Retinol Metabolism,32,0.041054748,0.0012829609,1
Methylmalonic Aciduria,66,0.041041117,0.0006218351,1
Synaptic adhesion-like molecules,44,0.041038062,0.00093268324,1
Role of Altered Glycolysation of MUC1 in Tumour Microenvironment,58,0.04095811,0.0007061743,1
Alpha 6 Beta 4 signaling pathway,62,0.04090316,0.00065972836,1
cystic fibrosis transmembrane conductance regulator (cftr) and beta 2 adrenergic receptor (b2ar) pathway,51,0.04089585,0.0008018794,1
Hawkinsinuria,36,0.040662147,0.0011295041,1
leucine degradation,49,0.04056908,0.00082794036,1
Ras activation upon Ca2+ influx through NMDA receptor,48,0.040541045,0.0008446051,1
Fabry disease,59,0.040477004,0.0006860509,1
Nicotinate and nicotinamide metabolism - Homo sapiens (human),75,0.040467042,0.00053956057,1
CXCR3-mediated signaling events,64,0.040433086,0.000631767,1
Autophagy - other - Homo sapiens (human),84,0.040342752,0.00048027086,1
Esomeprazole Action Pathway,50,0.040252812,0.00080505625,1
Activation of the TFAP2 (AP-2) family of transcription factors,33,0.040185437,0.0012177405,1
Exercise-induced Circadian Regulation,51,0.040180802,0.00078785885,1
"Cell death signalling via NRAGE, NRIF and NADE",62,0.040172413,0.0006479421,1
Type II diabetes mellitus - Homo sapiens (human),98,0.040129866,0.00040948842,1
CaM pathway,55,0.040118497,0.0007294272,1
Golgi Associated Vesicle Biogenesis,63,0.040080737,0.00063620217,1
Xenobiotics metabolism,60,0.04008042,0.000668007,1
Transport of Mature mRNA derived from an Intron-Containing Transcript,44,0.04004844,0.0009101918,1
Regulation of mitotic cell cycle,60,0.040044125,0.0006674021,1
Carbamoyl Phosphate Synthetase Deficiency,34,0.04003622,0.0011775359,1
Aldosterone-regulated sodium reabsorption - Homo sapiens (human),53,0.039995387,0.00075462996,1
Drug metabolism - cytochrome P450 - Homo sapiens (human),72,0.039884616,0.000553953,1
Argininemia,34,0.039674107,0.0011668855,1
ZBP1(DAI) mediated induction of type I IFNs,59,0.039581157,0.0006708671,1
"Alanine, aspartate and glutamate metabolism - Homo sapiens (human)",48,0.039549243,0.00082394254,1
SARS-CoV-1 Infection,40,0.03954436,0.0009886089,1
Dimethylglycine Dehydrogenase Deficiency,51,0.039527345,0.000775046,1
NOTCH2 intracellular domain regulates transcription,47,0.039496586,0.0008403529,1
Negative regulation of FGFR3 signaling,58,0.039484072,0.0006807599,1
Dopamine Neurotransmitter Release Cycle,34,0.039442517,0.001160074,1
Levobupivacaine Action Pathway,66,0.03944222,0.0005976094,1
Regulation of RhoA activity,65,0.03944192,0.0006067988,1
Regulation of Ras family activation,91,0.039383743,0.0004327884,1
FCERI mediated MAPK activation,73,0.039356153,0.0005391254,1
NF-kB is activated and signals survival,61,0.03931032,0.0006444315,1
NRF2-ARE regulation,62,0.039260488,0.0006332337,1
NO metabolism in cystic fibrosis,50,0.039185088,0.0007837018,1
"Parkinson,s disease pathway",77,0.0391576,0.00050854025,1
Betazole Action Pathway,50,0.03912595,0.000782519,1
Other types of O-glycan biosynthesis - Homo sapiens (human),68,0.039121114,0.0005753105,1
SEMA3A-Plexin repulsion signaling by inhibiting Integrin adhesion,56,0.03910137,0.0006982387,1
RIPK1-mediated regulated necrosis,72,0.039097585,0.000543022,1
15q13.3 copy number variation syndrome,53,0.03908247,0.0007374051,1
Signal attenuation,52,0.038933855,0.000748728,1
Mammary gland development pathway - Puberty (Stage 2 of 4),35,0.038929816,0.0011122804,1
Detoxification of Reactive Oxygen Species,44,0.03891451,0.00088442065,1
Transcription of the HIV genome,48,0.038887706,0.00081016053,1
Formation of Fibrin Clot (Clotting Cascade),39,0.038871866,0.0009967145,1
Signaling by FGFR2 in disease,62,0.038851712,0.0006266405,1
APC/C:Cdc20 mediated degradation of mitotic proteins,48,0.03881839,0.00080871646,1
Vibrio cholerae infection - Homo sapiens (human),68,0.03879515,0.0005705169,1
COPI-mediated anterograde transport,65,0.038678452,0.00059505313,1
FGFR1 ligand binding and activation,35,0.038554695,0.0011015628,1
TFAP2 (AP-2) family regulates transcription of other transcription factors,23,0.038539633,0.0016756363,1
Regulation of RUNX2 expression and activity,41,0.038518324,0.00093947136,1
Downstream signaling of activated FGFR1,64,0.038501587,0.0006015873,1
IRAK1 recruits IKK complex upon TLR7/8 or 9 stimulation,17,0.038474392,0.0022631995,1
Oncogene Induced Senescence,77,0.038443685,0.00049926864,1
Tumor suppressor activity of SMARCB1,59,0.038375583,0.0006504336,1
SUMOylation of ubiquitinylation proteins,44,0.038311683,0.0008707201,1
Synthesis of very long-chain fatty acyl-CoAs,31,0.03827377,0.0012346378,1
Mercaptopurine Action Pathway,54,0.038243048,0.0007082046,1
Binding and Uptake of Ligands by Scavenger Receptors,58,0.038118098,0.0006572086,1
Interleukin-6 signaling,49,0.038095057,0.00077745016,1
Xanthine Dehydrogenase Deficiency (Xanthinuria),38,0.038084988,0.0010022365,1
tpo signaling pathway,58,0.038078506,0.00065652595,1
Glutathione metabolism,38,0.038064767,0.0010017044,1
NOTCH-Core,48,0.03802741,0.0007922377,1
Downstream signaling of activated FGFR4,61,0.037994895,0.00062286714,1
Regulation of FZD by ubiquitination,64,0.037931602,0.0005926813,1
Negative regulation of NMDA receptor-mediated neuronal transmission,37,0.037894852,0.0010241852,1
Negative regulation of TCF-dependent signaling by WNT ligand antagonists,38,0.03787234,0.0009966405,1
Vitamin A Deficiency,32,0.037852373,0.0011828867,1
Glyoxylate and dicarboxylate metabolism - Homo sapiens (human),44,0.037808925,0.00085929374,1
Vitamin B3 (nicotinate and nicotinamide) metabolism,67,0.037781764,0.0005639069,1
IL-2 signaling,54,0.037765805,0.00069936673,1
FLT3 signaling in disease,42,0.037698817,0.0008975909,1
mets affect on macrophage differentiation,71,0.037696686,0.00053093926,1
3-phosphoinositide biosynthesis,32,0.037690744,0.0011778357,1
Synthesis of substrates in N-glycan biosythesis,93,0.037665553,0.00040500594,1
Negative regulation of MAPK pathway,57,0.03766392,0.0006607706,1
Omeprazole Action Pathway,50,0.037659563,0.00075319124,1
RNA Polymerase I Promoter Escape,32,0.037581693,0.0011744279,1
proteolysis and signaling pathway of notch,45,0.037519332,0.0008337629,1
N-Glycan biosynthesis,64,0.037475996,0.00058556243,1
Degradation of beta-catenin by the destruction complex,63,0.037460405,0.0005946096,1
MFAP5 effect on permeability and motility of endothelial cells via cytoskeleton rearrangement,55,0.037429057,0.0006805283,1
y branching of actin filaments,29,0.037394337,0.0012894599,1
IL-10 Anti-inflammatory Signaling Pathway,42,0.037354954,0.00088940363,1
chondroitin sulfate biosynthesis,42,0.037287038,0.0008877866,1
Interleukin-7 signaling,51,0.03726744,0.0007307341,1
Linoleic acid metabolism - Homo sapiens (human),36,0.03726404,0.0010351123,1
Collagen degradation,48,0.03721276,0.0007752658,1
Rett syndrome causing genes,83,0.0371149,0.00044716746,1
Transcription-Coupled Nucleotide Excision Repair (TC-NER),54,0.037113234,0.0006872821,1
ERBB2 Regulates Cell Motility,51,0.037107736,0.0007276027,1
DNA methylation,55,0.037107587,0.0006746834,1
Suppression of phagosomal maturation,36,0.03709814,0.0010305039,1
Bile acid biosynthesis,67,0.037054583,0.0005530535,1
Regulation of sister chromatid separation at the metaphase-anaphase transition,36,0.037029743,0.001028604,1
Nonhomologous End-Joining (NHEJ),32,0.037028097,0.001157128,1
Caspase activation via Death Receptors in the presence of ligand,75,0.037015036,0.0004935338,1
Glycine and Serine Metabolism,51,0.036745753,0.00072050496,1
antigen processing and presentation,72,0.036744315,0.0005103377,1
Pyruvate Dehydrogenase Complex Deficiency,49,0.036721054,0.00074940926,1
Activation of RAS in B cells,65,0.03667162,0.00056417874,1
Apoptotic execution phase,50,0.0366431,0.000732862,1
PTF1A related regulatory pathway,48,0.036635417,0.0007632379,1
IL8- and CXCR1-mediated signaling events,55,0.036594637,0.00066535705,1
Phosphatidylinositol Phosphate Metabolism,48,0.036585085,0.0007621893,1
Pyruvate kinase deficiency,49,0.036483604,0.00074456335,1
Methylmalonate Semialdehyde Dehydrogenase Deficiency,66,0.036422163,0.00055185094,1
G13 Signaling Pathway,38,0.036408894,0.0009581288,1
Host-pathogen interaction of human coronaviruses - apoptosis,61,0.036351383,0.0005959243,1
Activated PKN1 stimulates transcription of AR (androgen receptor) regulated genes KLK2 and KLK3,44,0.036350984,0.00082615874,1
Thioguanine Action Pathway,54,0.036339495,0.0006729536,1
Diseases associated with the TLR signaling cascade,55,0.036313698,0.00066024903,1
N-Glycan antennae elongation,43,0.036299217,0.00084416784,1
Activation of Matrix Metalloproteinases,49,0.03629523,0.000740719,1
il-7 signal transduction,49,0.0362907,0.00074062654,1
Galactose metabolism,65,0.036253322,0.0005577434,1
glutathione redox reactions I,38,0.036186796,0.0009522841,1
Telomere Maintenance,52,0.03617575,0.0006956875,1
TCA Cycle (aka Krebs or citric acid cycle),61,0.036136303,0.0005923984,1
HIV Transcription Initiation,34,0.03608445,0.0010613074,1
FOXM1 transcription factor network,60,0.036080785,0.00060134643,1
Mammary gland development pathway - Embryonic development (Stage 1 of 4),62,0.03606741,0.0005817324,1
JNK (c-Jun kinases) phosphorylation and  activation mediated by activated human TAK1,57,0.036040593,0.0006322911,1
Interleukin-10 signaling,33,0.036022436,0.001091589,1
FRS-mediated FGFR1 signaling,57,0.035987668,0.0006313626,1
Negative regulation of NOTCH4 signaling,33,0.035951808,0.0010894487,1
Signaling by ERBB2 TMD/JMD mutants,68,0.0359396,0.0005285235,1
Arf6 signaling events,51,0.035869267,0.000703319,1
"GPCRs, Class C Metabotropic glutamate, pheromone",40,0.035864092,0.0008966023,1
Trans-sulfuration and one-carbon metabolism,65,0.035849478,0.00055153045,1
Visual signal transduction: Cones,29,0.035539556,0.001225502,1
Amplification and Expansion of Oncogenic Pathways as Metastatic Traits,57,0.035520896,0.0006231736,1
Interleukin-27 signaling,42,0.03550551,0.0008453693,1
role of nicotinic acetylcholine receptors in the regulation of apoptosis,62,0.03546831,0.0005720695,1
SUMOylation of intracellular receptors,56,0.03537842,0.0006317575,1
Effects of nitric oxide,43,0.035375435,0.00082268455,1
"Glycine, serine and threonine metabolism - Homo sapiens (human)",54,0.035373975,0.0006550736,1
Isobutyryl-coa dehydrogenase deficiency,66,0.035369594,0.0005359029,1
FCERI mediated Ca+2 mobilization,73,0.03534308,0.0004841518,1
Nucleotide Excision Repair,74,0.03531144,0.0004771816,1
S1P1 pathway,57,0.0352999,0.0006192965,1
Regulation of apoptosis by parathyroid hormone-related protein,40,0.03529406,0.0008823515,1
Termination of O-glycan biosynthesis,54,0.035290096,0.0006535203,1
Mitochondrial translation,32,0.03524894,0.0011015293,1
NR1H3 & NR1H2 regulate gene expression linked to cholesterol transport and efflux,39,0.0352476,0.00090378465,1
Role of phospholipids in phagocytosis,78,0.035193946,0.00045120443,1
"Base-Excision Repair, AP Site Formation",30,0.035190105,0.0011730035,1
Positive epigenetic regulation of rRNA expression,61,0.035186917,0.0005768347,1
Erythropoietin activates STAT5,53,0.035140824,0.0006630344,1
Reduction of cytosolic Ca++ levels,23,0.035139184,0.0015277907,1
"Inactivation, recovery and regulation of the phototransduction cascade",39,0.035121154,0.0009005424,1
Syndecan-2-mediated signaling events,71,0.03509321,0.0004942706,1
Prolidase Deficiency (PD),27,0.035076685,0.0012991364,1
3-Phosphoglycerate dehydrogenase deficiency,51,0.034936745,0.0006850342,1
PI3K-AKT-mTOR - VitD3 signaling,61,0.034867752,0.0005716025,1
EPHA-mediated growth cone collapse,58,0.03483227,0.0006005564,1
Smooth Muscle Contraction,50,0.03482962,0.0006965924,1
Platelet sensitization by LDL,31,0.034821365,0.0011232698,1
aspirin blocks signaling pathway involved in platelet activation,28,0.034797806,0.0012427788,1
HDMs demethylate histones,39,0.03473506,0.0008906426,1
Apoptosis Modulation by HSP70,63,0.03462467,0.00054959796,1
sonic hedgehog receptor ptc1 regulates cell cycle,49,0.034601066,0.0007061442,1
angiotensin ii mediated activation of jnk pathway via pyk2 dependent signaling,51,0.03458096,0.0006780581,1
Roxatidine acetate Action Pathway,50,0.034571383,0.0006914277,1
Ether lipid metabolism - Homo sapiens (human),67,0.034552027,0.0005157019,1
Syndecan-3-mediated signaling events,74,0.0345363,0.00046670673,1
IL-6-type cytokine receptor ligand interactions,49,0.034531973,0.0007047341,1
Cancer immunotherapy by CTLA4 blockade,114,0.034448676,0.00030218138,1
Arginine biosynthesis - Homo sapiens (human),63,0.03441791,0.00054631603,1
Pre-NOTCH Processing in the Endoplasmic Reticulum,26,0.034401625,0.0013231394,1
Adenylate cyclase inhibitory pathway,35,0.034391817,0.0009826233,1
Insulin-mediated glucose transport,43,0.034367193,0.00079923705,1
Sphingolipid de novo biosynthesis,57,0.034356676,0.0006027487,1
Regulation of Complement cascade,38,0.03432346,0.00090324896,1
RAB geranylgeranylation,52,0.034321815,0.0006600349,1
Ornithine Transcarbamylase Deficiency (OTC Deficiency),34,0.034318794,0.0010093763,1
HSF1-dependent transactivation,32,0.034305137,0.0010720355,1
Inwardly rectifying K+ channels,56,0.0342731,0.0006120196,1
superpathway of pyrimidine ribonucleotides <i>de novo</i> biosynthesis,2,0.03424924,0.01712462,1
chromatin remodeling by hswi/snf atp-dependent complexes,33,0.034233525,0.0010373796,1
2-Methyl-3-Hydroxybutryl CoA Dehydrogenase Deficiency,66,0.034218557,0.00051846297,1
superpathway of tryptophan utilization,50,0.034152485,0.00068304973,1
"mRNA decay by 5, to 3, exoribonuclease",44,0.034104176,0.0007750949,1
SHC-mediated cascade:FGFR4,47,0.034102563,0.00072558643,1
RNA polymerase II transcribes snRNA genes,56,0.034035373,0.00060777453,1
Signaling events mediated by the Hedgehog family,46,0.034007173,0.00073928636,1
SHC1 events in ERBB2 signaling,67,0.033984363,0.0005072293,1
Fatty acyl-CoA biosynthesis,39,0.033959713,0.00087076187,1
BMP Signaling Pathway in Eyelid Development,46,0.033957355,0.00073820335,1
Cell Differentiation - Index expanded,39,0.033949964,0.00087051187,1
Interleukin-36 pathway,32,0.033945773,0.0010608054,1
Type I interferon induction and signaling during SARS-CoV-2 infection,37,0.033933174,0.0009171128,1
vegf hypoxia and angiogenesis,51,0.033914387,0.000664988,1
RhoA signaling pathway,63,0.03388959,0.00053793,1
Acyl chain remodelling of PS,34,0.033848524,0.0009955448,1
Prostaglandin formation from arachidonate,47,0.033846404,0.0007201363,1
Pantoprazole Action Pathway,50,0.033831052,0.00067662104,1
Citrullinemia Type I,34,0.033764865,0.0009930843,1
RNA Polymerase I Transcription,48,0.033739116,0.00070289825,1
Ammonia Recycling,39,0.033728875,0.00086484296,1
NR1H2 & NR1H3 regulate gene expression linked to gluconeogenesis ,26,0.033705864,0.0012963794,1
Defensins,43,0.03365913,0.00078277045,1
PI3K events in ERBB2 signaling,53,0.033611737,0.0006341837,1
how progesterone initiates the oocyte maturation,32,0.033557832,0.0010486823,1
Nizatidine Action Pathway,50,0.03354112,0.0006708224,1
Argininosuccinic Aciduria,34,0.033524264,0.0009860077,1
Formation of HIV elongation complex in the absence of HIV Tat,32,0.033519574,0.0010474867,1
Gap-filling DNA repair synthesis and ligation in TC-NER,44,0.033430945,0.0007597942,1
TGF-beta receptor signaling activates SMADs,54,0.03337662,0.00061808556,1
COPII-mediated vesicle transport,64,0.03331533,0.00052055204,1
RUNX2 regulates bone development,81,0.033300817,0.0004111212,1
rRNA processing,46,0.0332693,0.00072324567,1
Carboxyterminal post-translational modifications of tubulin,28,0.033265095,0.0011880391,1
CAMKK2 Pathway,80,0.03325673,0.0004157091,1
Vitamin D Metabolism,32,0.0332252,0.0010382875,1
SARS-CoV-2 Infection,43,0.033215534,0.00077245425,1
alk in cardiac myocytes,63,0.033175852,0.0005266008,1
NOTCH4 Activation and Transmission of Signal to the Nucleus,25,0.033166457,0.0013266583,1
NAD Metabolism in Oncogene-Induced Senescence and Mitochondrial Dysfunction-Associated Senescence,46,0.033165365,0.0007209862,1
Signaling by BMP,38,0.033150315,0.0008723767,1
ucalpain and friends in cell spread,39,0.033112872,0.000849048,1
NGF-stimulated transcription,64,0.033103157,0.0005172368,1
ATM Signaling Network in Development and Disease,38,0.03309064,0.00087080634,1
Xanthinuria type II,38,0.033064585,0.00087012065,1
epo signaling pathway,37,0.033031568,0.0008927451,1
gata3 participate in activating the th2 cytokine genes expression,54,0.033008046,0.0006112601,1
Mitochondrial Electron Transport Chain,39,0.03294831,0.0008448285,1
Ranitidine Action Pathway,50,0.032910336,0.0006582067,1
CREB1 phosphorylation through NMDA receptor-mediated activation of RAS signaling,57,0.03287336,0.0005767256,1
Serotonin Receptor 2 and STAT3 Signaling,31,0.03285702,0.0010599039,1
Pyrimidine metabolism - Homo sapiens (human),40,0.03280194,0.0008200485,1
Lepirudin Action Pathway,21,0.032753438,0.0015596875,1
PKA activation,35,0.03272783,0.00093508087,1
Formation of HIV-1 elongation complex containing HIV-1 Tat,32,0.03269607,0.0010217521,1
Infection with Mycobacterium tuberculosis,55,0.0326907,0.00059437635,1
Nectin/Necl  trans heterodimerization,34,0.03266499,0.00096073496,1
Metiamide Action Pathway,50,0.03266312,0.0006532624,1
Osteoblast Signaling,44,0.032660842,0.00074229186,1
Pyruvate Decarboxylase E1 Component Deficiency (PDHE1 Deficiency),49,0.032646656,0.0006662583,1
APC:Cdc20 mediated degradation of cell cycle proteins prior to satisfation of the cell cycle checkpoint,28,0.032640398,0.0011657284,1
HIV elongation arrest and recovery,25,0.032568593,0.0013027437,1
GPCR GroupI metabotropic glutamate receptor,48,0.03256592,0.0006784567,1
SARS coronavirus and innate immunity,36,0.03256302,0.0009045283,1
urea cycle,12,0.03255884,0.0027132367,1
Interactions of Vpr with host cellular proteins,34,0.032537937,0.00095699815,1
g-secretase mediated erbb4 signaling pathway,40,0.03253396,0.000813349,1
Alanine Aspartate Asparagine metabolism,29,0.032523178,0.0011214889,1
Non Ketotic Hyperglycinemia,51,0.032497548,0.00063720683,1
Collagen chain trimerization,77,0.032445405,0.0004213689,1
cyclin e destruction pathway,10,0.032424513,0.0032424512,1
Cleavage of the damaged pyrimidine ,30,0.032390535,0.0010796845,1
Triacylglyceride synthesis,40,0.032340005,0.0008085001,1
"Tyrosinemia, transient, of the newborn",36,0.03228069,0.0008966859,1
Serotonin Neurotransmitter Release Cycle,31,0.03227722,0.0010412006,1
Cannabinoid receptor signaling,24,0.032262005,0.0013442502,1
WNT-Core,60,0.032184064,0.00053640106,1
D-glyceric acidura,38,0.032163214,0.0008464004,1
Parkin-Ubiquitin Proteasomal System pathway,50,0.03213999,0.00064279983,1
SHC-mediated cascade:FGFR2,56,0.032135777,0.00057385315,1
Steroid biosynthesis - Homo sapiens (human),35,0.03209852,0.0009171006,1
Succinic semialdehyde dehydrogenase deficiency,31,0.03208717,0.0010350699,1
Internalization of ErbB1,64,0.032072615,0.0005011346,1
Glucagon signaling in metabolic regulation,47,0.032059316,0.0006821131,1
Regulation of APC/C activators between G1/S and early anaphase,39,0.0320301,0.00082128454,1
sprouty regulation of tyrosine kinase signals,79,0.031991653,0.00040495762,1
Alendronate Action Pathway,14,0.031965993,0.0022832851,1
Phase 1 - inactivation of fast Na+ channels,13,0.031954113,0.0024580087,1
E-cadherin signaling in keratinocytes,47,0.031847846,0.0006776137,1
mRNA Capping,26,0.03184329,0.0012247419,1
SHC1 events in ERBB4 signaling,53,0.03180429,0.00060008094,1
Differentiation of white and brown adipocyte,47,0.031802766,0.00067665457,1
Selenoamino Acid Metabolism,26,0.031795762,0.001222914,1
Signaling by FGFR3 in disease,48,0.03177356,0.00066194916,1
Norepinephrine Neurotransmitter Release Cycle,32,0.031761352,0.0009925422,1
Dermatan sulfate biosynthesis,20,0.031740163,0.0015870081,1
Viral Messenger RNA Synthesis,33,0.03172021,0.0009612185,1
Tyrosine Metabolism,36,0.031680323,0.00088000897,1
Signaling by EGFR,67,0.03167827,0.00047281,1
VEGFR2 mediated cell proliferation,43,0.031663977,0.00073637156,1
CASP8 activity is inhibited,58,0.031625986,0.00054527563,1
TLR ECSIT MEKK1 JNK,58,0.03161004,0.0005450007,1
actions of nitric oxide in the heart,48,0.031441618,0.0006550337,1
HuR (ELAVL1) binds and stabilizes mRNA,35,0.031418424,0.00089766923,1
acetylation and deacetylation of rela in nucleus,56,0.031375334,0.0005602738,1
Translation inhibitors in chronically activated PDGFRA cells,49,0.031369377,0.00064019137,1
Folate biosynthesis - Homo sapiens (human),30,0.031355027,0.0010451676,1
FRS-mediated FGFR3 signaling,52,0.03129321,0.0006017925,1
Nef mediated downregulation of CD28 cell surface expression,53,0.031217175,0.0005890033,1
One-carbon metabolism,52,0.03121523,0.0006002929,1
il 3 signaling pathway,46,0.03117482,0.0006777135,1
Physiological and pathological hypertrophy of the heart,54,0.031164434,0.0005771191,1
NOTCH-Ncore,36,0.031156475,0.00086545764,1
Regulation of Wnt-B-catenin Signaling by Small Molecule Compounds,34,0.03115034,0.0009161864,1
Glucagon-like Peptide-1 (GLP1) regulates insulin secretion,38,0.031128353,0.0008191672,1
regulation of bad phosphorylation,35,0.031124929,0.00088928366,1
Erythropoietin activates Phospholipase C gamma (PLCG),51,0.03109308,0.0006096682,1
SHC-mediated cascade:FGFR3,42,0.031075694,0.0007398975,1
tRNA modification in the nucleus and cytosol,44,0.031042231,0.00070550526,1
superpathway of methionine degradation,53,0.031006048,0.00058501976,1
Eicosanoid metabolism via cyclooxygenases (COX),36,0.031005628,0.00086126744,1
Propanoate metabolism - Homo sapiens (human),44,0.030989837,0.0007043145,1
EGFR downregulation,34,0.03098913,0.00091144495,1
RNA Pol II CTD phosphorylation and interaction with CE during HIV infection,26,0.030968014,0.0011910775,1
Activation of APC/C and APC/C:Cdc20 mediated degradation of mitotic proteins,49,0.03094631,0.00063155737,1
Vasopressin-regulated water reabsorption - Homo sapiens (human),44,0.03092515,0.0007028443,1
Recognition and association of DNA glycosylase with site containing an affected pyrimidine,30,0.030922042,0.0010307347,1
tnf/stress related signaling,38,0.030905461,0.0008133016,1
EPH-ephrin mediated repulsion of cells,55,0.03087434,0.00056135166,1
bcr signaling pathway,62,0.030829774,0.0004972544,1
TCA Cycle and Deficiency of Pyruvate Dehydrogenase complex (PDHc),40,0.030821988,0.0007705497,1
Cholesterol metabolism (includes both Bloch and Kandutsch-Russell pathways),37,0.030815251,0.00083284464,1
Various types of N-glycan biosynthesis - Homo sapiens (human),44,0.030739216,0.00069861853,1
Isovaleric acidemia,66,0.030710183,0.0004653058,1
Mitochondrial translation initiation,31,0.030675516,0.0009895328,1
Mannose type O-glycan biosynthesis - Homo sapiens (human),40,0.03061892,0.000765473,1
growth hormone signaling pathway,42,0.030603098,0.0007286452,1
Overview of nanoparticle effects,38,0.030482708,0.00080217654,1
Neurotoxicity of clostridium toxins,21,0.030475592,0.0014512187,1
Acyl chain remodelling of PC,45,0.030434864,0.0006763303,1
isoleucine degradation,42,0.030423144,0.0007243606,1
Cargo concentration in the ER,41,0.030379167,0.0007409553,1
The phototransduction cascade,39,0.030350687,0.00077822275,1
Translocation of SLC2A4 (GLUT4) to the plasma membrane,40,0.03034438,0.0007586095,1
Fertilization,39,0.030305706,0.00077706936,1
Base Excision Repair,52,0.03027706,0.0005822512,1
RHOU GTPase cycle,26,0.030239547,0.0011630595,1
RA biosynthesis pathway,35,0.03019012,0.00086257485,1
Nuclear Receptors in Lipid Metabolism and Toxicity,42,0.030180518,0.00071858376,1
BBSome-mediated cargo-targeting to cilium,26,0.03016175,0.0011600673,1
Acenocoumarol Action Pathway,21,0.03014423,0.0014354395,1
Ras signaling in the CD4+ TCR pathway,50,0.030139664,0.0006027933,1
eIF5A regulation in response to inhibition of the nuclear export system,30,0.03011443,0.0010038143,1
Genes targeted by miRNAs in adipocytes,37,0.030113908,0.0008138894,1
proteasome complex,64,0.030100562,0.00047032128,1
Negative regulation of MET activity,58,0.030050293,0.0005181085,1
retinol biosynthesis,24,0.02996858,0.0012486909,1
protein citrullination,26,0.029967697,0.0011526038,1
Gout or Kelley-Seegmiller Syndrome,38,0.029967617,0.0007886215,1
Urea Cycle,34,0.029955663,0.0008810489,1
Synthesis of PIPs at the late endosome membrane,49,0.029947191,0.00061116717,1
Globo Sphingolipid Metabolism,43,0.029927712,0.0006959933,1
how does salmonella hijack a cell,27,0.029921127,0.0011081899,1
amb2 Integrin signaling,53,0.02991568,0.0005644468,1
fc epsilon receptor i signaling in mast cells,61,0.029905017,0.00049024617,1
regulation of ck1/cdk5 by type 1 glutamate receptors,32,0.029900797,0.0009343999,1
Postmitotic nuclear pore complex (NPC) reformation,34,0.029891767,0.0008791696,1
rRNA processing in the nucleus and cytosol,44,0.029889567,0.0006793083,1
activation of pkc through g-protein coupled receptors,40,0.029840697,0.00074601744,1
Glycerol Kinase Deficiency,38,0.029794494,0.00078406563,1
pertussis toxin-insensitive ccr5 signaling in macrophage,48,0.029770827,0.00062022556,1
RANKL,52,0.02976937,0.0005724879,1
Ephrin signaling,46,0.029753556,0.00064681645,1
SUMOylation of DNA replication proteins,38,0.02964779,0.000780205,1
RND3 GTPase cycle,50,0.029646644,0.00059293286,1
Initial triggering of complement,46,0.029645383,0.00064446486,1
Familial lipoprotein lipase deficiency,38,0.029611867,0.00077925966,1
Dual incision in TC-NER,52,0.029609235,0.00056940835,1
SUMOylation of SUMOylation proteins,36,0.029600143,0.0008222262,1
Glycerolipid Metabolism,38,0.02958766,0.00077862263,1
Mitochondrial iron-sulfur cluster biogenesis,23,0.029580614,0.0012861136,1
Signalling to RAS,44,0.029577099,0.0006722068,1
Beta5 beta6 beta7 and beta8 integrin cell surface interactions,51,0.02957055,0.0005798147,1
Vitamins,23,0.029533455,0.0012840632,1
C21-steroid hormone biosynthesis and metabolism,38,0.029511234,0.00077661144,1
Signal regulatory protein family interactions,81,0.029509597,0.00036431602,1
Ganglio Sphingolipid Metabolism,24,0.029497303,0.0012290543,1
links between pyk2 and map kinases,40,0.029465364,0.00073663413,1
Sumoylation by RanBP2 regulates transcriptional repression,40,0.029462984,0.0007365746,1
Hedgehog Signaling Pathway Netpath,30,0.029454604,0.0009818202,1
Activation of G protein gated Potassium channels,48,0.029416438,0.00061284244,1
il 4 signaling pathway,48,0.029413259,0.0006127762,1
g-protein signaling through tubby proteins,37,0.02938159,0.000794097,1
Magnesium salicylate Action Pathway,20,0.029375924,0.0014687962,1
Follicle Stimulating Hormone (FSH) signaling pathway,36,0.029359456,0.00081554044,1
Surfactant metabolism,30,0.029316355,0.0009772119,1
Synthesis of IP3 and IP4 in the cytosol,45,0.029292727,0.0006509495,1
Vitamin A (retinol) metabolism,52,0.029284237,0.0005631584,1
E-cadherin signaling in the nascent adherens junction,38,0.029280016,0.00077052676,1
rho cell motility signaling pathway,56,0.029244125,0.0005222165,1
NAD+ biosynthetic pathways,46,0.029242808,0.0006357132,1
RHO GTPases Activate NADPH Oxidases,54,0.029237865,0.00054144196,1
EGF,41,0.029236956,0.00071309647,1
"GABA synthesis, release, reuptake and degradation",36,0.02920185,0.0008111625,1
CHL1 interactions,34,0.029178502,0.0008581912,1
ccr3 signaling in eosinophils,76,0.029157553,0.00038365202,1
Cdc20:Phospho-APC/C mediated degradation of Cyclin A,28,0.029157212,0.001041329,1
Activation of Na-permeable kainate receptors,14,0.029137589,0.0020812564,1
SUMOylation of immune response proteins,59,0.029099528,0.0004932123,1
Cimetidine Action Pathway,50,0.029089797,0.00058179593,1
Transferrin endocytosis and recycling,47,0.029088583,0.000618906,1
FGFR3c ligand binding and activation,34,0.029050542,0.0008544277,1
Formation of TC-NER Pre-Incision Complex,28,0.029015157,0.0010362556,1
ncRNAs involved in STAT3 signaling in hepatocellular carcinoma,40,0.029014235,0.0007253559,1
Acyl chain remodelling of PE,34,0.028989635,0.00085263635,1
Rabeprazole Action Pathway,50,0.02898419,0.0005796838,1
"Unblocking of NMDA receptors, glutamate binding and activation",39,0.02897353,0.000742911,1
Apoptotic cleavage of cellular proteins,47,0.028934648,0.0006156308,1
Signal amplification,38,0.028918253,0.00076100667,1
Global Genome Nucleotide Excision Repair (GG-NER),57,0.02891616,0.00050730107,1
Activated point mutants of FGFR2,44,0.028912216,0.0006570958,1
ERBB2 Activates PTK6 Signaling,49,0.02891194,0.0005900396,1
Dihydropyrimidine Dehydrogenase Deficiency (DHPD),51,0.028901728,0.00056670053,1
Glycosphingolipid biosynthesis - ganglioseries,42,0.028840879,0.0006866876,1
Nef Mediated CD4 Down-regulation,2,0.028836193,0.014418096,1
Formation of the Early Elongation Complex,29,0.028827671,0.0009940576,1
Nephrin/Neph1 signaling in the kidney podocyte,61,0.028724924,0.00047090038,1
Glycolysis Gluconeogenesis,60,0.028549172,0.00047581954,1
RAS processing,35,0.028542833,0.0008155095,1
Plexin-D1 Signaling,42,0.028538447,0.00067948684,1
rRNA modification in the nucleus and cytosol,44,0.02852464,0.00064828724,1
PPAR signaling pathway - Homo sapiens (human),65,0.028511034,0.0004386313,1
Assembly of active LPL and LIPC lipase complexes,38,0.028495595,0.00074988406,1
Meiosis,26,0.028493097,0.0010958883,1
Dimerization of procaspase-8,57,0.028471582,0.0004995014,1
Biosynthesis of specialized proresolving mediators (SPMs),24,0.028433466,0.0011847278,1
Packaging Of Telomere Ends,20,0.028301653,0.0014150826,1
Inositol transporters,17,0.02828704,0.0016639435,1
Purinergic signaling,32,0.028285816,0.00088393176,1
Nicotinate Nicotinamide metabolism,58,0.02827854,0.00048756105,1
Downstream signaling of activated FGFR3,56,0.028270688,0.0005048337,1
Cleavage of the damaged purine,25,0.028256135,0.0011302454,1
Constitutive Androstane Receptor Pathway,36,0.028203867,0.0007834408,1
Dopamine receptors,26,0.0281627,0.0010831808,1
"Formation of the ternary complex, and subsequently, the 43S complex",40,0.028152373,0.0007038093,1
Glucagon-type ligand receptors,39,0.02814687,0.00072171463,1
GRB2 events in ERBB2 signaling,57,0.02813973,0.0004936795,1
RNA Polymerase I Transcription Initiation,35,0.028116353,0.0008033244,1
guanosine nucleotides degradation,9,0.028082283,0.0031202538,1
Pantothenate and CoA biosynthesis - Homo sapiens (human),34,0.028076157,0.0008257693,1
Intra-Golgi traffic,51,0.028067905,0.0005503511,1
Mitochondrial biogenesis,37,0.028067447,0.00075857964,1
TCA cycle,75,0.028035726,0.0003738097,1
TPO signaling,24,0.027975794,0.0011656581,1
Nef and signal transduction,40,0.027975632,0.0006993908,1
Repression of WNT target genes,42,0.027951084,0.000665502,1
IL-3 signaling,35,0.02794133,0.0007983237,1
PI-3K cascade:FGFR2,57,0.027933646,0.000490064,1
Inhibition  of voltage gated Ca2+ channels via Gbeta/gamma subunits,48,0.027889917,0.00058103993,1
"Gamma carboxylation, hypusine formation and arylsulfatase activation",53,0.027882688,0.00052608846,1
Nucleosome assembly,45,0.02783367,0.000618526,1
IL-9 signaling pathway,38,0.027791236,0.0007313483,1
RXR and RAR heterodimerization with other nuclear receptor,51,0.027764667,0.00054440525,1
RNA Polymerase II Transcription Initiation,34,0.027758718,0.0008164329,1
Interleukin-38 signaling,25,0.027586447,0.0011034579,1
Dopamine beta-hydroxylase deficiency,36,0.027529309,0.000764703,1
"Hyperglycinemia, non-ketotic",51,0.02751768,0.0005395624,1
Celecoxib Action Pathway,25,0.027494676,0.0010997871,1
"Primary hyperoxaluria II, PH2",49,0.027480971,0.00056083617,1
RNA Polymerase I Promoter Clearance,37,0.027437152,0.00074154465,1
Lansoprazole Action Pathway,50,0.027411338,0.00054822676,1
Cells and molecules involved in local acute inflammatory response,57,0.027352152,0.00047986233,1
Anistreplase Action Pathway,21,0.027273824,0.0012987535,1
"POU5F1 (OCT4), SOX2, NANOG activate genes related to proliferation",33,0.02726873,0.00082632515,1
Meiotic recombination,25,0.027238768,0.0010895507,1
Tat-mediated elongation of the HIV-1 transcript,32,0.027236916,0.0008511536,1
Cell-extracellular matrix interactions,39,0.02718932,0.00069716206,1
AICA-Ribosiduria,38,0.02718327,0.0007153492,1
RHOV GTPase cycle,25,0.027182631,0.0010873053,1
Nuclear Pore Complex (NPC) Disassembly,66,0.027177475,0.00041177994,1
ID,40,0.027164264,0.00067910657,1
Chondroitin sulfate biosynthesis,28,0.027154874,0.00096981693,1
NRAGE signals death through JNK,51,0.027147215,0.00053229835,1
SARS-CoV-2 mitochondrial interactions,24,0.02714668,0.0011311116,1
Selenocompound metabolism - Homo sapiens (human),26,0.027137507,0.0010437502,1
Pentose phosphate pathway,30,0.027134215,0.0009044738,1
Farnesoid X receptor pathway,37,0.027132425,0.0007333088,1
RUNX3 regulates p14-ARF,44,0.027120272,0.0006163698,1
ErbB receptor signaling network,54,0.0270965,0.00050178706,1
Regulation of TNFR1 signaling,32,0.027068807,0.0008459002,1
Estrogen signaling pathway,23,0.027061598,0.0011765913,1
Mitochondrial translation elongation,31,0.02702851,0.00087188743,1
Disulfiram Action Pathway,43,0.027016535,0.0006282915,1
EPHA2 forward signaling,30,0.02700965,0.00090032164,1
miRNA regulation of p53 pathway in prostate cancer,35,0.026990542,0.0007711584,1
Vitamin D (calciferol) metabolism,30,0.026940819,0.00089802727,1
role of erk5 in neuronal survival pathway,37,0.026936531,0.00072801433,1
Transcriptional activity of SMAD2/SMAD3:SMAD4 heterotrimer,38,0.026911622,0.00070820056,1
Biosynthesis of DHA-derived SPMs,23,0.026908282,0.0011699253,1
Cooperation of PDCL (PhLP1) and TRiC/CCT in G-protein beta folding,36,0.026853666,0.00074593513,1
Multifunctional anion exchangers,37,0.026829245,0.0007251147,1
FGFR2 mutant receptor activation,44,0.026715245,0.00060716463,1
pyruvate decarboxylation to acetyl CoA,41,0.026704356,0.00065132574,1
Synthesis of Leukotrienes (LT) and Eoxins (EX),36,0.026676564,0.00074101565,1
Metal ion SLC transporters,44,0.026646359,0.0006055991,1
"FOXO-mediated transcription of oxidative stress, metabolic and neuronal genes",47,0.026641337,0.00056683697,1
Galanin receptor pathway,39,0.026631288,0.00068285357,1
Glycosphingolipid biosynthesis - ganglio series - Homo sapiens (human),45,0.026611488,0.00059136644,1
Signaling by Activin,30,0.02659913,0.00088663766,1
Mitochondrial DNA depletion syndrome,38,0.026575135,0.00069934566,1
Erythropoietin activates RAS,63,0.026573779,0.000421806,1
Activation of IRF3/IRF7 mediated by TBK1/IKK epsilon,24,0.026559167,0.001106632,1
citrulline-nitric oxide cycle,37,0.02655591,0.0007177273,1
Gastric Cancer Network 2,33,0.026554191,0.0008046725,1
telomeres telomerase cellular aging and immortality,28,0.026525062,0.0009473236,1
cell cycle: g2/m checkpoint,41,0.026506333,0.0006464959,1
Depurination,25,0.02647609,0.0010590437,1
Signaling by NODAL,36,0.02645836,0.00073495443,1
RNA Polymerase I Transcription Termination,43,0.026375664,0.00061338756,1
2-oxobutanoate degradation,30,0.026285946,0.00087619823,1
Tamoxifen metabolism,31,0.026271978,0.00084748317,1
Recycling of bile acids and salts,26,0.026256138,0.0010098515,1
RAS and bradykinin pathways in COVID-19,44,0.026228862,0.0005961105,1
Negative regulation of FLT3,19,0.026205976,0.0013792618,1
Long-term potentiation,42,0.02618591,0.000623474,1
PAR1-mediated thrombin signaling events,39,0.026177028,0.00067120587,1
chondroitin sulfate biosynthesis (late stages),32,0.02611933,0.0008162291,1
LIF signaling,33,0.02611724,0.00079143146,1
FGFR2c ligand binding and activation,43,0.02609245,0.0006068011,1
Purine Nucleoside Phosphorylase Deficiency,38,0.02601787,0.0006846808,1
Acyl chain remodelling of PG,24,0.02601162,0.0010838174,1
Tyrosinemia Type I,36,0.025976479,0.0007215689,1
Proton-coupled monocarboxylate transport,14,0.025972378,0.0018551698,1
Aprotinin Action Pathway,21,0.025905952,0.0012336167,1
A tetrasaccharide linker sequence is required for GAG synthesis,42,0.025891159,0.00061645615,1
p53 signaling pathway,37,0.025866702,0.0006991001,1
Signaling by NTRK3 (TRKC),17,0.025837585,0.0015198579,1
stat3 signaling pathway,36,0.025742304,0.000715064,1
NAD+ metabolism,34,0.025706794,0.0007560822,1
Molybdenum Cofactor Deficiency,38,0.025704233,0.0006764272,1
Sarcosinemia,51,0.025679415,0.0005035179,1
Gastrin-CREB signalling pathway via PKC and MAPK,28,0.025669463,0.0009167665,1
Regulation of RUNX1 Expression and Activity,37,0.025663761,0.0006936152,1
TFAP2 (AP-2) family regulates transcription of cell cycle factors,19,0.025658777,0.001350462,1
Interaction between L1 and Ankyrins,31,0.02562525,0.00082662096,1
Signaling by high-kinase activity BRAF mutants,36,0.025606532,0.00071129255,1
Rap1 signalling,66,0.025546966,0.00038707524,1
triacylglycerol biosynthesis,38,0.025537692,0.0006720445,1
Interleukin-15 signaling,38,0.025505353,0.00067119347,1
Signaling by FGFR3 point mutants in cancer,48,0.025499256,0.0005312345,1
"PTK6 Regulates RHO GTPases, RAS GTPase and MAP kinases",38,0.025486136,0.00067068776,1
Xanthinuria type I,38,0.02548011,0.0006705292,1
ATM Signaling Pathway,32,0.025473,0.00079603127,1
Activation of BH3-only proteins,45,0.025416553,0.0005648123,1
Famotidine Action Pathway,50,0.025413437,0.0005082687,1
FOXO-mediated transcription of cell cycle genes,57,0.02538897,0.0004454205,1
Serotonin Receptor 4-6-7 and NR3C Signaling,41,0.025386352,0.00061917934,1
Downregulation of TGF-beta receptor signaling,49,0.02537285,0.00051781326,1
Recycling pathway of L1,35,0.025354901,0.0007244258,1
FasL/ CD95L signaling,51,0.02528586,0.0004958012,1
Oxidative phosphorylation,32,0.025264263,0.0007895082,1
2-Hydroxyglutric Aciduria (D And L Form),31,0.025257368,0.0008147538,1
ISG15 antiviral mechanism,36,0.025246855,0.0007013015,1
HIV Transcription Elongation,32,0.025239423,0.00078873197,1
Insertion of tail-anchored proteins into the endoplasmic reticulum membrane,28,0.025236145,0.00090129086,1
valine degradation,46,0.025219213,0.00054824376,1
Tie2 Signaling,43,0.025207879,0.0005862297,1
MTOR signalling,25,0.02519196,0.0010076785,1
Mitochondrial CII Assembly,32,0.025069904,0.0007834345,1
TRAF6-mediated induction of TAK1 complex within TLR4 complex,49,0.025061935,0.00051146804,1
FSH,19,0.025042463,0.0013180244,1
Renin-angiotensin system - Homo sapiens (human),83,0.024975324,0.00030090753,1
ADP signalling through P2Y purinoceptor 1,29,0.024961527,0.00086074235,1
Ardeparin Action Pathway,21,0.024914406,0.0011864003,1
Basal transcription factors - Homo sapiens (human),36,0.024898687,0.0006916302,1
Hyperinsulinism-Hyperammonemia Syndrome,31,0.024866652,0.00080215005,1
Tryptophan Metabolism,22,0.02486122,0.0011300555,1
alpha-Linolenic acid metabolism - Homo sapiens (human),31,0.02484164,0.00080134324,1
Renin-angiotensin-aldosterone system (RAAS),49,0.024806252,0.00050625,1
Switching of origins to a post-replicative state,33,0.024788078,0.00075115386,1
Reactions specific to the complex N-glycan synthesis pathway,24,0.024771703,0.0010321543,1
Transaldolase deficiency,11,0.024745217,0.0022495652,1
Vpr-mediated nuclear import of PICs,34,0.024733681,0.0007274612,1
4-Hydroxybutyric Aciduria/Succinic Semialdehyde Dehydrogenase Deficiency,31,0.024678696,0.00079608697,1
TNFR1-mediated ceramide production,19,0.024668533,0.0012983439,1
Signaling events mediated by PRL,35,0.024654176,0.000704405,1
Lysine metabolism,41,0.024651773,0.0006012628,1
HS-GAG degradation,51,0.024628408,0.00048290996,1
PI-3K cascade:FGFR3,43,0.02457214,0.0005714451,1
MAP3K1 role in promoting and blocking gonadal determination,46,0.02456825,0.0005340924,1
Phenprocoumon Action Pathway,21,0.024551809,0.0011691337,1
Laminin interactions,39,0.024517534,0.0006286547,1
Maturity onset diabetes of the young - Homo sapiens (human),44,0.024504252,0.00055691483,1
NEP/NS2 Interacts with the Cellular Export Machinery,29,0.02447918,0.0008441097,1
Gastric Acid Production,50,0.024459355,0.0004891871,1
Translesion synthesis by Y family DNA polymerases bypasses lesions on DNA template,24,0.024411594,0.0010171498,1
Amino acids regulate mTORC1,43,0.024376428,0.00056689366,1
Tenoxicam Action Pathway,20,0.024375204,0.0012187602,1
Eukaryotic Transcription Initiation,29,0.024371693,0.0008404032,1
TP53 network,52,0.024356138,0.00046838727,1
Vitamin E metabolism,26,0.024330502,0.00093578856,1
Wnt signaling in kidney disease,49,0.024275443,0.0004954172,1
Fanconi Anemia Pathway,27,0.024256697,0.0008983962,1
Nucleobase catabolism,34,0.024202665,0.0007118431,1
Organic cation/anion/zwitterion transport,29,0.024031928,0.00082868716,1
Bile acid and bile salt metabolism,52,0.024022648,0.000461974,1
threonine degradation,26,0.023988193,0.0009226228,1
Regulation of TLR by endogenous ligand,35,0.0239786,0.0006851029,1
Hypothetical Craniofacial Development Pathway,20,0.023957755,0.0011978878,1
EV release from cardiac cells and their functional effects,36,0.023945047,0.00066514016,1
2-oxoglutarate decarboxylation to succinyl-CoA,24,0.023928143,0.000997006,1
NAD salvage,21,0.0238994,0.0011380666,1
Ibuprofen Action Pathway,41,0.023881149,0.00058246707,1
Inhibition of the proteolytic activity of APC/C required for the onset of anaphase by mitotic spindle checkpoint components,24,0.02386956,0.000994565,1
Fluoropyrimidine Activity,31,0.023816073,0.00076826045,1
glutathione-mediated detoxification,15,0.023811758,0.0015874505,1
Negative epigenetic regulation of rRNA expression,44,0.02381043,0.00054114615,1
G protein gated Potassium channels,48,0.023757234,0.00049494236,1
Phenylalanine degradation,28,0.02375068,0.00084823853,1
Export of Viral Ribonucleoproteins from Nucleus,29,0.023742413,0.0008187039,1
Acrosome Reaction and Sperm:Oocyte Membrane Binding,22,0.023724401,0.0010783819,1
Arginine and Proline Metabolism,27,0.023674458,0.00087683176,1
Lysosome Vesicle Biogenesis,30,0.023644788,0.0007881596,1
role of mitochondria in apoptotic signaling,24,0.023640987,0.0009850411,1
Association of TriC/CCT with target proteins during biosynthesis,34,0.023626834,0.00069490686,1
FGFR1c ligand binding and activation,30,0.023600288,0.00078667625,1
Abortive elongation of HIV-1 transcript in the absence of Tat,22,0.023596492,0.0010725678,1
Adenylate cyclase activating pathway,27,0.023586752,0.0008735834,1
Hyperprolinemia Type II,27,0.023568412,0.00087290414,1
Pentose and glucuronate interconversions - Homo sapiens (human),61,0.023566402,0.00038633446,1
Inactivation of APC/C via direct inhibition of the APC/C complex,24,0.023553364,0.0009813901,1
PKA-mediated phosphorylation of CREB,36,0.023528509,0.0006535697,1
FTO Obesity Variant Mechanism,20,0.023512041,0.0011756021,1
TP53 Regulates Transcription of Genes Involved in G2 Cell Cycle Arrest,29,0.02345074,0.0008086462,1
Myoadenylate deaminase deficiency,38,0.023396805,0.0006157054,1
Regulation of cytoplasmic and nuclear SMAD2/3 signaling,23,0.023345144,0.0010150063,1
Glycosphingolipid biosynthesis - globoseries,26,0.023326632,0.00089717814,1
phospholipids as signalling intermediaries,40,0.023314297,0.0005828574,1
Somatic sex determination,37,0.023282887,0.00062926725,1
COPI-independent Golgi-to-ER retrograde traffic,31,0.023245975,0.00074987015,1
S1P2 pathway,43,0.02324321,0.00054053974,1
FGF23 signaling in hypophosphatemic rickets and related disorders,49,0.023239532,0.00047427617,1
Adenylosuccinate Lyase Deficiency,38,0.023213059,0.00061086996,1
Homocarnosinosis,31,0.023194773,0.0007482185,1
HH-Ncore,35,0.023163483,0.00066181377,1
Acyl chain remodelling of PI,25,0.023093339,0.0009237336,1
Circadian rhythm pathway,24,0.023091722,0.0009621551,1
BMP Signalling Pathway,34,0.023067508,0.0006784561,1
Retrograde transport at the Trans-Golgi-Network,39,0.023031551,0.0005905526,1
Protein export - Homo sapiens (human),32,0.023016164,0.0007192551,1
ATM pathway,16,0.023004062,0.0014377539,1
Aggrephagy,27,0.023003563,0.00085198384,1
lissencephaly gene (lis1) in neuronal migration and development,19,0.022995722,0.0012103012,1
Adenine phosphoribosyltransferase deficiency (APRT),38,0.022989726,0.0006049928,1
Tight junction interactions,37,0.022987852,0.0006212933,1
Nuclear import of Rev protein,35,0.02296964,0.0006562754,1
"Regulation of glycolysis by fructose 2,6-bisphosphate metabolism",24,0.022966916,0.00095695484,1
Acetaminophen Metabolism Pathway,31,0.022948498,0.00074027415,1
RNA Polymerase II Transcription Initiation And Promoter Clearance,34,0.022948172,0.00067494623,1
IL-10 signaling,33,0.022905173,0.00069409615,1
Signaling by FLT3 fusion proteins,31,0.02288687,0.0007382861,1
Photodynamic therapy-induced NFE2L2 (NRF2) survival signaling,31,0.022878828,0.0007380267,1
RHO GTPases Activate WASPs and WAVEs,52,0.022850169,0.00043942634,1
PLK1 signaling events,35,0.022833303,0.00065238005,1
Activation of the pre-replicative complex,24,0.022827797,0.0009511582,1
Dicoumarol Action Pathway,21,0.022822944,0.0010868069,1
Ribosomal scanning and start codon recognition,44,0.022797825,0.0005181324,1
Leukotriene C4 Synthesis Deficiency,20,0.02276127,0.0011380635,1
Mercaptopurine Metabolism Pathway,24,0.022739394,0.00094747473,1
Nicotinamide salvaging,42,0.022720192,0.000540957,1
tgf beta signaling pathway,50,0.022678284,0.00045356568,1
Lumiracoxib Action Pathway,20,0.022668723,0.0011334361,1
Salla Disease/Infantile Sialic Acid Storage Disease,44,0.022667736,0.0005151758,1
MET promotes cell motility,24,0.022595007,0.0009414586,1
Heparin Action Pathway,21,0.022589508,0.0010756908,1
Ketoprofen Action Pathway,20,0.022562241,0.0011281121,1
"Transport of vitamins, nucleosides, and related molecules",47,0.022545421,0.00047968983,1
Peroxisomal lipid metabolism,21,0.022538815,0.0010732769,1
FGFR3b ligand binding and activation,22,0.022534795,0.0010243088,1
Arginine: Glycine Amidinotransferase Deficiency (AGAT Deficiency),27,0.022506112,0.0008335597,1
Signaling by NOTCH1 HD Domain Mutants in Cancer,17,0.022493778,0.0013231634,1
TLR ECSIT MEKK1 p38,33,0.02248373,0.00068132515,1
JNK signaling in the CD4+ TCR pathway,67,0.022468043,0.00033534394,1
Methylation,22,0.022467317,0.0010212417,1
Fanconi anemia pathway,32,0.022460075,0.00070187735,1
Depyrimidination,30,0.022444516,0.0007481506,1
Intracellular Signalling Through PGD2 receptor and Prostaglandin D2,14,0.02243559,0.0016025422,1
Transcriptional regulation of testis differentiation,40,0.022379657,0.00055949145,1
Zinc homeostasis,41,0.022375422,0.000545742,1
Wnt-beta-catenin signaling pathway in leukemia,39,0.022341577,0.00057286094,1
Synthesis of DNA,52,0.02234114,0.0004296373,1
Alkaptonuria,36,0.02232168,0.0006200467,1
Phospholipase C-mediated cascade; FGFR2,45,0.022318816,0.0004959737,1
SHC-mediated cascade:FGFR1,47,0.022292932,0.00047431773,1
Fructose and mannose metabolism,20,0.02229289,0.0011146445,1
APC/C:Cdh1 mediated degradation of Cdc20 and other APC/C:Cdh1 targeted proteins in late mitosis/early G1,36,0.022252893,0.0006181359,1
p130Cas linkage to MAPK signaling for integrins,29,0.022237727,0.0007668182,1
"Hyperlysinemia I, Familial",34,0.022219999,0.00065352937,1
Antrafenine Action Pathway,20,0.022208916,0.0011104458,1
RNA Polymerase II Promoter Escape,34,0.02220138,0.00065298175,1
Passive transport by Aquaporins,28,0.022201203,0.0007929001,1
TSH,34,0.022184024,0.00065247127,1
Valine Leucine Isoleucine degradation,52,0.022166725,0.00042628316,1
Lamivudine Metabolism Pathway,23,0.022141512,0.00096267444,1
Zinc transporters,35,0.022136215,0.0006324633,1
pdgf signaling pathway,40,0.022120396,0.0005530099,1
2-oxoisovalerate decarboxylation to isobutanoyl-CoA,26,0.022106836,0.00085026294,1
Signal transduction by L1,31,0.022102276,0.0007129766,1
Signaling by activated point mutants of FGFR1,30,0.022046193,0.0007348731,1
SNARE interactions in vesicular transport - Homo sapiens (human),23,0.022031268,0.0009578812,1
GAB1 signalosome,28,0.022010835,0.0007861013,1
Butanoate metabolism,30,0.021996042,0.0007332014,1
Host-pathogen interaction of human coronaviruses - MAPK signaling,41,0.021991655,0.00053638185,1
Cellular roles of Anthrax toxin,50,0.021980977,0.00043961953,1
Inhibition of nitric oxide production,32,0.021946287,0.00068582146,1
Attenuation phase,21,0.02192511,0.0010440529,1
Rosuvastatin Action Pathway,14,0.02191081,0.0015650579,1
RNA polymerase - Homo sapiens (human),23,0.0219085,0.00095254346,1
NR1H2 & NR1H3 regulate gene expression linked to lipogenesis,24,0.021894949,0.00091228954,1
Lornoxicam Action Pathway,20,0.021832377,0.0010916188,1
"fructose 2,6-bisphosphate synthesis",18,0.021829512,0.0012127507,1
EGR2 and SOX10-mediated initiation of Schwann cell myelination,28,0.02182148,0.0007793386,1
VEGFR3 signaling in lymphatic endothelium,33,0.021780284,0.00066000863,1
H19 action Rb-E2F1 signaling and CDK-Beta-catenin activity,29,0.02176629,0.0007505617,1
PI3K events in ERBB4 signaling,43,0.021761071,0.00050607143,1
Putative anti-Inflammatory metabolites formation from EPA,29,0.021742783,0.00074975117,1
Serotonin receptors,39,0.021706546,0.0005565781,1
superpathway of purine nucleotide salvage,29,0.021683784,0.0007477167,1
PKA activation in glucagon signalling,34,0.021681594,0.0006376939,1
Mitochondrial complex III assembly,15,0.021679468,0.0014452979,1
Reelin signalling pathway,33,0.021622902,0.00065523945,1
CREB1 phosphorylation through the activation of Adenylate Cyclase,26,0.021474011,0.0008259235,1
Diflunisal Action Pathway,20,0.021457564,0.0010728783,1
mRNA Splicing - Minor Pathway,26,0.021423936,0.00082399754,1
RNA Polymerase II HIV Promoter Escape,34,0.0214189,0.0006299676,1
ERK/MAPK targets,28,0.021386337,0.0007637977,1
16p11.2 proximal deletion syndrome,67,0.021365516,0.00031888828,1
Lesch-Nyhan Syndrome (LNS),38,0.021248372,0.0005591677,1
NoRC negatively regulates rRNA expression,33,0.0212399,0.0006436333,1
IL-6 signaling,31,0.021225922,0.00068470713,1
FGFR4 ligand binding and activation,35,0.021211468,0.0006060419,1
Budding and maturation of HIV virion,24,0.02115337,0.0008813904,1
superoxide radicals degradation,30,0.021153301,0.00070511,1
Signaling events mediated by HDAC Class III,39,0.021148108,0.0005422592,1
Hyperornithinemia with gyrate atrophy (HOGA),27,0.021141978,0.00078303623,1
cdk regulation of dna replication,16,0.02112737,0.0013204606,1
Hormone ligand-binding receptors,23,0.021102132,0.000917484,1
sphingomyelin metabolism/ceramide salvage,15,0.021089204,0.0014059469,1
Prostaglandin Leukotriene metabolism,15,0.02106134,0.0014040894,1
Hippo signaling pathway - multiple species - Homo sapiens (human),50,0.021048272,0.00042096543,1
Gluconeogenesis,39,0.02103218,0.0005392867,1
ADP signalling through P2Y purinoceptor 12,18,0.021009928,0.0011672182,1
Recognition and association of DNA glycosylase with site containing an affected purine,25,0.02100469,0.0008401876,1
nsp1 from SARS-CoV-2 inhibits translation initiation in the host cell,14,0.02098688,0.0014990628,1
VEGFR1 specific signals,45,0.020943737,0.00046541638,1
Small interfering RNA (siRNA) biogenesis,12,0.020939244,0.001744937,1
"bile acid biosynthesis, neutral pathway",24,0.020933516,0.00087222987,1
Ketorolac Action Pathway,20,0.020895611,0.0010447806,1
Propanoate metabolism,33,0.020883143,0.0006328225,1
L-arginine:glycine amidinotransferase deficiency,27,0.020877581,0.0007732437,1
Glutaric Aciduria Type I,44,0.020860767,0.00047410835,1
MFAP5-mediated ovarian cancer cell motility and invasiveness,33,0.020857623,0.00063204917,1
Salsalate Action Pathway,20,0.020827759,0.0010413879,1
Threonine and 2-Oxobutanoate Degradation,30,0.020789525,0.00069298415,1
Amino sugar and nucleotide sugar metabolism - Homo sapiens (human),68,0.020756505,0.00030524272,1
"NAD metabolism, sirtuins and aging",26,0.02074747,0.0007979796,1
SIRT1 negatively regulates rRNA expression,33,0.020731637,0.00062823144,1
Muscarinic acetylcholine receptors,27,0.020719297,0.0007673814,1
Transcriptional Regulation by VENTX,25,0.020674076,0.00082696305,1
Fatty acid degradation - Homo sapiens (human),35,0.020661153,0.00059031864,1
RHOBTB GTPase Cycle,41,0.020644985,0.0005035362,1
Constitutive Signaling by EGFRvIII,23,0.02064221,0.0008974874,1
Base excision repair - Homo sapiens (human),20,0.020594409,0.0010297204,1
Lysine catabolism,32,0.020572588,0.00064289337,1
Aminocaproic Acid Action Pathway,21,0.02056878,0.0009794658,1
Common Pathway of Fibrin Clot Formation,20,0.020550879,0.0010275439,1
BMP signaling Dro,37,0.020506054,0.00055421767,1
Biosynthesis of E-series 18(R)-resolvins,15,0.020486047,0.0013657365,1
Mitochondrial protein import,34,0.020476125,0.000602239,1
Histidine degradation,29,0.020453954,0.00070530875,1
Activation and oligomerization of BAK protein,15,0.020451628,0.0013634418,1
tsp-1 induced apoptosis in microvascular endothelial cell,35,0.020446256,0.0005841787,1
NAD <i>de novo</i> biosynthesis,33,0.020417977,0.0006187266,1
IFN alpha signaling,24,0.02041279,0.0008505329,1
triacylglycerol degradation,34,0.020412,0.00060035294,1
Complex I biogenesis,26,0.020406682,0.0007848724,1
Phenindione Action Pathway,21,0.020405464,0.0009716888,1
Tat-mediated HIV elongation arrest and recovery,25,0.02040485,0.000816194,1
Carprofen Action Pathway,20,0.02039917,0.0010199585,1
Basigin interactions,24,0.020365901,0.0008485792,1
NOTCH3 Activation and Transmission of Signal to the Nucleus,24,0.020358065,0.00084825273,1
Organic cation transport,27,0.020326799,0.0007528444,1
Response of Mtb to phagocytosis,46,0.020315284,0.0004416366,1
IRAK2 mediated activation of TAK1 complex,32,0.02030912,0.00063466,1
Class I PI3K signaling events mediated by Akt,30,0.020281125,0.0006760375,1
FLT3 signaling through SRC family kinases,39,0.02027309,0.0005198228,1
Streptokinase Action Pathway,21,0.020268777,0.0009651799,1
Ascorbate and aldarate metabolism - Homo sapiens (human),57,0.02024953,0.00035525492,1
Eicosanoid metabolism via lipooxygenases (LOX),30,0.020247055,0.0006749018,1
Transcriptional Regulation by E2F6,31,0.020246778,0.00065312185,1
Translation of structural proteins,36,0.020230802,0.00056196674,1
gamma-aminobutyric acid receptor life cycle pathway,21,0.020224676,0.0009630798,1
Activation of kainate receptors upon glutamate binding,36,0.020198168,0.0005610602,1
Sulfation Biotransformation Reaction,16,0.020179931,0.0012612457,1
Caloric restriction and aging,19,0.020179613,0.0010620849,1
p38MAPK events,39,0.020109737,0.0005156343,1
Activated NTRK3 signals through PI3K,16,0.020097876,0.0012561172,1
cell cycle: g1/s check point,21,0.020074347,0.0009559213,1
VEGF ligand-receptor interactions,20,0.020053297,0.0010026649,1
Signaling by PDGFR in disease,44,0.020016158,0.0004549127,1
il-10 anti-inflammatory signaling pathway,38,0.020011012,0.0005266056,1
Glycosphingolipid biosynthesis - globo and isoglobo series - Homo sapiens (human),24,0.020005628,0.0008335679,1
Glycogen Synthesis and Degradation,34,0.019993952,0.0005880574,1
Transfer of Acetyl Groups into Mitochondria,20,0.019985206,0.0009992603,1
Beta defensins,39,0.019982288,0.00051236636,1
mcalpain and friends in cell motility,40,0.019953948,0.0004988487,1
Phospholipase C-mediated cascade: FGFR1,36,0.019943781,0.0005539939,1
LGI-ADAM interactions,34,0.01993886,0.00058643706,1
Bromfenac Action Pathway,20,0.019937953,0.0009968977,1
Influenza Viral RNA Transcription and Replication,33,0.019914629,0.0006034736,1
"Synthesis of IP2, IP, and Ins in the cytosol",46,0.019888677,0.00043236255,1
Alteplase Action Pathway,21,0.019848688,0.0009451756,1
terminal <i>O</i>-glycans residues modification,23,0.01982136,0.0008617983,1
TRAF6 mediated IRF7 activation,25,0.019817535,0.0007927014,1
Fondaparinux Action Pathway,21,0.019808607,0.000943267,1
RHOBTB2 GTPase cycle,33,0.01980776,0.00060023513,1
Activated NOTCH1 Transmits Signal to the Nucleus,32,0.019772248,0.00061788276,1
Endosomal Sorting Complex Required For Transport (ESCRT),18,0.019764198,0.001098011,1
CD209 (DC-SIGN) signaling,23,0.019760024,0.00085913145,1
Ornithine Aminotransferase Deficiency (OAT Deficiency),27,0.019732296,0.0007308258,1
TBC/RABGAPs,22,0.019727323,0.0008966965,1
Scavenging by Class A Receptors,42,0.01971641,0.00046943832,1
Coagulation ,21,0.01971335,0.00093873095,1
"Tristetraprolin (TTP, ZFP36) binds and destabilizes mRNA",24,0.01970203,0.00082091795,1
Purinergic signaling in leishmaniasis infection,24,0.01969092,0.00082045497,1
hypoxia and p53 in the cardiovascular system,50,0.019690195,0.0003938039,1
Regulation of expression of SLITs and ROBOs,59,0.019666709,0.00033333406,1
Prolinemia Type II,27,0.019634038,0.0007271866,1
Synthesis of PC,28,0.019625612,0.0007009147,1
Disassembly of the destruction complex and recruitment of AXIN to the membrane,27,0.019567506,0.00072472246,1
Amino Sugar Metabolism,44,0.019441735,0.0004418576,1
Hematopoietic Stem Cell Gene Regulation by GABP alpha-beta Complex,48,0.019429946,0.00040479054,1
adp-ribosylation factor,53,0.019417806,0.0003663737,1
Salicylic Acid Action Pathway,20,0.019401573,0.00097007863,1
Methylenetetrahydrofolate Reductase Deficiency (MTHFRD),32,0.019346775,0.00060458673,1
igf-1 signaling pathway,34,0.019330699,0.00056854996,1
RUNX1 regulates transcription of genes involved in differentiation of keratinocytes,14,0.019326307,0.0013804504,1
Hyperornithinemia-hyperammonemia-homocitrullinuria [HHH-syndrome],27,0.01931234,0.00071527186,1
Intraflagellar transport,28,0.019310493,0.0006896605,1
Formation of Incision Complex in GG-NER,41,0.019299015,0.0004707077,1
Fructose and mannose metabolism - Homo sapiens (human),29,0.019296234,0.0006653874,1
Insulin processing,25,0.019288793,0.00077155174,1
Cell recruitment (pro-inflammatory response),24,0.01927343,0.0008030596,1
Formation of the HIV-1 Early Elongation Complex,29,0.019263271,0.00066425075,1
Activated NTRK2 signals through FYN,41,0.019250892,0.00046953396,1
Phase 0 - rapid depolarisation,31,0.019246366,0.00062085054,1
Energy dependent regulation of mTOR by LKB1-AMPK,20,0.019239105,0.0009619553,1
eNOS activation,18,0.019229975,0.0010683319,1
Tenecteplase Action Pathway,21,0.019228723,0.0009156535,1
effects of calcineurin in keratinocyte differentiation,17,0.019227693,0.0011310407,1
Monoamine oxidase-a deficiency (MAO-A),36,0.01921055,0.00053362636,1
erk1/erk2 mapk signaling pathway,30,0.019204218,0.0006401406,1
Methionine De Novo and Salvage Pathway,21,0.01920361,0.00091445766,1
Metabolism of nitric oxide: NOS3 activation and regulation,22,0.019183302,0.0008719683,1
nitric oxide signaling pathway,25,0.019172918,0.0007669167,1
Toll-like Receptor Signaling related to MyD88,34,0.019164806,0.00056367076,1
Adenosine Deaminase Deficiency,38,0.019164259,0.0005043226,1
Pausing and recovery of HIV elongation,25,0.019160032,0.0007664013,1
CREB phosphorylation,31,0.019156806,0.0006179615,1
phosphoinositides and their downstream targets,36,0.019148806,0.00053191127,1
Hypoxic and oxygen homeostasis regulation of HIF-1-alpha,46,0.01914263,0.00041614412,1
Etoricoxib Action Pathway,20,0.019127486,0.00095637434,1
Cystathionine Beta-Synthase Deficiency,23,0.01907363,0.00082928827,1
Presynaptic depolarization and calcium channel opening,37,0.019053224,0.000514952,1
Condensation of Prophase Chromosomes,34,0.019051598,0.0005603411,1
RNA Polymerase II Transcription Termination,20,0.019050242,0.00095251214,1
Canonical and non-canonical TGF-B signaling,13,0.019021703,0.0014632079,1
IRAK1 recruits IKK complex,17,0.01894179,0.0011142229,1
Glutamate Metabolism,31,0.018938864,0.0006109311,1
DARPP-32 events,35,0.018937,0.00054105715,1
Hyperprolinemia Type I,27,0.018885773,0.0006994731,1
Simplified Depiction of MYD88 Distinct Input-Output Pathway,31,0.018858546,0.0006083402,1
Sulindac Action Pathway,20,0.018846171,0.0009423086,1
Ligand-receptor interactions,26,0.018797351,0.00072297506,1
Aspartate and asparagine metabolism,21,0.01877651,0.0008941195,1
Transcriptional cascade regulating adipogenesis,24,0.018731354,0.00078047306,1
RNA Pol II CTD phosphorylation and interaction with CE,26,0.018728284,0.00072031864,1
Oxaprozin Action Pathway,20,0.018721791,0.00093608955,1
IGF-Core,31,0.018694554,0.0006030501,1
SREBF and miR33 in cholesterol and lipid homeostasis,13,0.018679209,0.0014368623,1
G-protein beta:gamma signalling,23,0.018675195,0.00081196503,1
L-kynurenine degradation,22,0.018667331,0.000848515,1
HDACs deacetylate histones,33,0.018617962,0.00056418066,1
Spry regulation of FGF signaling,22,0.018601239,0.00084551086,1
Signaling by activated point mutants of FGFR3,30,0.018598309,0.0006199436,1
Deposition of new CENPA-containing nucleosomes at the centromere,45,0.018567137,0.00041260305,1
Urokinase Action Pathway,21,0.018560436,0.00088383025,1
Aminoacyl-tRNA biosynthesis - Homo sapiens (human),28,0.018539296,0.00066211773,1
NGF,23,0.018503511,0.0008045005,1
Salicylate-sodium Action Pathway,20,0.018497474,0.00092487375,1
intrinsic prothrombin activation pathway,24,0.01847805,0.0007699188,1
"Kallmann,s Syndrome",30,0.018432051,0.0006144017,1
Trisalicylate-choline Action Pathway,20,0.018411962,0.0009205981,1
Cooperation of Prefoldin and TriC/CCT  in actin and tubulin folding,15,0.018393455,0.0012262303,1
TP53 regulates transcription of several additional cell death genes whose specific roles in p53-dependent apoptosis remain uncertain,31,0.018390885,0.00059325434,1
CDP-diacylglycerol biosynthesis,32,0.01838681,0.0005745878,1
Aryl hydrocarbon receptor signalling,14,0.01837447,0.001312462,1
Acetylcholine Neurotransmitter Release Cycle,23,0.018346416,0.0007976703,1
Flurbiprofen Action Pathway,20,0.018344278,0.00091721385,1
Unfolded protein response,27,0.018343735,0.0006793976,1
downregulated of mta-3 in er-negative breast tumors,29,0.018313587,0.000631503,1
Hh mutants are degraded by ERAD,10,0.018309573,0.0018309572,1
2-aminoadipic 2-oxoadipic aciduria,34,0.018299079,0.0005382082,1
RUNX3 regulates WNT signaling,28,0.018256063,0.0006520022,1
miR-509-3p alteration of YAP1-ECM axis,32,0.01825172,0.0005703663,1
PDGF receptor signaling network,38,0.01824925,0.00048024338,1
Suprofen Action Pathway,20,0.018247966,0.0009123983,1
Simplified Interaction Map Between LOXL4 and Oxidative Stress Pathway,26,0.018235942,0.0007013824,1
RNA Polymerase II Transcription Pre-Initiation And Promoter Opening,34,0.018222706,0.00053596194,1
NOTCH2 Activation and Transmission of Signal to the Nucleus,20,0.018215094,0.00091075466,1
Nucleotide excision repair - Homo sapiens (human),39,0.018207328,0.00046685457,1
Thrombin signalling through proteinase activated receptors (PARs),24,0.018169643,0.00075706845,1
regulation of pgc-1a,24,0.018154133,0.00075642223,1
Airway smooth muscle cell contraction,30,0.018106768,0.0006035589,1
RHO GTPases activate PAKs,27,0.018092005,0.00067007425,1
Cell-type Dependent Selectivity of CCK2R Signaling,24,0.018091008,0.000753792,1
Extension of Telomeres,31,0.018072203,0.0005829743,1
Regulation of cytoskeletal remodeling and cell spreading by IPP complex components,29,0.018066024,0.0006229664,1
Meloxicam Action Pathway,20,0.018012427,0.00090062135,1
Effects of Botulinum toxin,18,0.017985938,0.0009992188,1
Lysine degradation,26,0.017962875,0.0006908798,1
DNA replication - Homo sapiens (human),23,0.017962553,0.00078098057,1
FCGR activation,47,0.017948782,0.00038188897,1
Acetylsalicylic Acid Action Pathway,20,0.01793513,0.00089675654,1
tRNA Aminoacylation,23,0.017932167,0.0007796594,1
RAF-independent MAPK1/3 activation,25,0.017901052,0.00071604206,1
"BMAL1:CLOCK,NPAS2 activates circadian gene expression",23,0.017893458,0.0007779764,1
IL-4 signaling,20,0.017890392,0.0008945196,1
Activation of Ca-permeable Kainate Receptor,23,0.01783712,0.000775527,1
Diclofenac Action Pathway,20,0.017804742,0.0008902371,1
Autosomal recessive Osteopetrosis pathways,14,0.017801093,0.0012715067,1
Phospholipase C-mediated cascade; FGFR4,36,0.017798947,0.0004944152,1
Morphine Metabolism Pathway,28,0.017793294,0.0006354748,1
mtor signaling pathway,21,0.0177403,0.00084477616,1
Methionine Cysteine metabolism,38,0.017735362,0.00046672006,1
Acetylcholine regulates insulin secretion,28,0.017728144,0.000633148,1
RNA Polymerase III Abortive And Retractive Initiation,24,0.017722292,0.00073842885,1
"POU5F1 (OCT4), SOX2, NANOG repress genes related to differentiation",51,0.017698037,0.00034702034,1
NGF-independant TRKA activation,18,0.017692827,0.0009829348,1
WNT ligand biogenesis and trafficking,35,0.01767832,0.0005050949,1
Plasma lipoprotein clearance,38,0.017649442,0.000464459,1
Galactose metabolism - Homo sapiens (human),46,0.017585011,0.00038228286,1
Nicotinate and Nicotinamide Metabolism,46,0.017581088,0.00038219758,1
Vasopressin Regulation of Water Homeostasis,17,0.017573876,0.0010337575,1
il22 soluble receptor signaling pathway,39,0.017572919,0.00045058766,1
Membrane binding and targetting of GAG proteins,10,0.017562903,0.0017562903,1
Intracellular Signalling Through FSH Receptor and Follicle Stimulating Hormone,20,0.017537085,0.0008768543,1
Regulation of Glucokinase by Glucokinase Regulatory Protein,36,0.017521437,0.0004867066,1
Biopterin metabolism,25,0.01751312,0.00070052483,1
selenocysteine biosynthesis,12,0.017463395,0.0014552829,1
APC-Cdc20 mediated degradation of Nek2A,25,0.017434783,0.00069739134,1
Regulation of localization of FOXO transcription factors,22,0.017423607,0.00079198217,1
cxcr4 signaling pathway,26,0.017382082,0.0006685416,1
Dicumarol Action Pathway,21,0.017330358,0.0008252551,1
APC/C:Cdc20 mediated degradation of Securin,34,0.017324299,0.0005095382,1
Zinc influx into cells by the SLC39 gene family,22,0.017304868,0.00078658486,1
Bivalirudin Action Pathway,21,0.01730009,0.0008238138,1
Degradation of Superoxides,13,0.017275937,0.0013289183,1
Warfarin Action Pathway,21,0.01726519,0.0008221519,1
ACE Inhibitor Pathway,19,0.017260035,0.0009084229,1
IRAK2 mediated activation of TAK1 complex upon TLR7/8 or 9 stimulation,32,0.017239526,0.0005387352,1
Carbohydrate digestion and absorption - Homo sapiens (human),37,0.017212886,0.00046521315,1
Argatroban Action Pathway,21,0.017208245,0.00081944023,1
Phenylbutazone Action Pathway,20,0.01718768,0.00085938396,1
RUNX3 regulates RUNX1-mediated transcription,24,0.017181298,0.0007158874,1
TGF-beta signaling TAK1,38,0.017179713,0.0004520977,1
Fatty acid biosynthesis - Homo sapiens (human),14,0.017142199,0.0012244427,1
Biosynthesis of D-series resolvins,15,0.017112335,0.0011408223,1
lectin induced complement pathway,43,0.017106488,0.00039782532,1
GRB2:SOS provides linkage to MAPK signaling for Integrins ,21,0.0170598,0.0008123714,1
Etodolac Action Pathway,20,0.017048746,0.00085243734,1
Valdecoxib Action Pathway,20,0.017038753,0.0008519377,1
NAD biosynthesis from 2-amino-3-carboxymuconate semialdehyde,17,0.017038502,0.0010022648,1
Creation of C4 and C2 activators,41,0.016983006,0.00041421966,1
Indomethacin Action Pathway,25,0.016970756,0.0006788302,1
CDK-mediated phosphorylation and removal of Cdc6,19,0.016948674,0.0008920355,1
Glycine degradation,27,0.016932942,0.000627146,1
Biosynthesis of EPA-derived SPMs,17,0.016910609,0.0009947417,1
cGMP effects,20,0.016882429,0.00084412144,1
Gene regulatory network modelling somitogenesis,24,0.01687009,0.0007029204,1
Tranexamic Acid Action Pathway,21,0.01685574,0.0008026543,1
Nepafenac Action Pathway,20,0.01682659,0.0008413295,1
Translesion synthesis by REV1,16,0.016825395,0.0010515872,1
Antipyrine Action Pathway,20,0.01681058,0.000840529,1
Striated Muscle Contraction Pathway,17,0.01679309,0.0009878288,1
S-Adenosylhomocysteine (SAH) Hydrolase Deficiency,23,0.016779914,0.0007295615,1
Phospholipase C-mediated cascade; FGFR3,31,0.016760305,0.000540655,1
Methionine Metabolism,23,0.01675825,0.0007286196,1
TRAF3-dependent IRF activation pathway,17,0.016755057,0.0009855917,1
LDLRAD4 and what we know about it,23,0.016729781,0.0007273818,1
<i>N</i>-acetylglucosamine degradation I,36,0.016723162,0.00046453226,1
Metabolism of Spingolipids in ER and Golgi apparatus,16,0.016699024,0.001043689,1
Toxicity of botulinum toxin type A (botA),10,0.016697403,0.0016697403,1
Blood Clotting Cascade,20,0.016687442,0.00083437207,1
Synthesis of active ubiquitin: roles of E1 and E2 enzymes,49,0.016651314,0.00033982273,1
Cyclin E associated events during G1/S transition ,20,0.016645715,0.00083228573,1
ABC-family proteins mediated transport,44,0.016631635,0.0003779917,1
Sepiapterin reductase deficiency,10,0.0166195,0.00166195,1
Pyrimidine Metabolism,20,0.016602572,0.0008301286,1
Guanidinoacetate Methyltransferase Deficiency (GAMT Deficiency),27,0.01660158,0.0006148733,1
Glibenclamide Action Pathway,16,0.016599422,0.0010374639,1
The activation of arylsulfatases,38,0.01659185,0.00043662766,1
eumelanin biosynthesis,13,0.016587248,0.0012759422,1
"Adrenaline,noradrenaline inhibits insulin secretion",22,0.016561761,0.00075280736,1
Endogenous TLR signaling,28,0.016549164,0.0005910416,1
SUMOylation of DNA methylation proteins,27,0.016520875,0.0006118842,1
cyclins and cell cycle regulation,20,0.016491223,0.00082456117,1
let-7 inhibition of ES cell reprogramming,30,0.016471969,0.00054906565,1
Activation of BAD and translocation to mitochondria ,21,0.016469901,0.000784281,1
Nateglinide Action Pathway,16,0.01644968,0.001028105,1
Pancreas Function,16,0.016426764,0.0010266728,1
Deadenylation of mRNA,27,0.016425896,0.0006083665,1
Cytosolic sulfonation of small molecules,20,0.016414395,0.00082071975,1
cell to cell adhesion signaling,21,0.0163908,0.0007805143,1
Pyridoxine dependency with seizures,34,0.016355213,0.00048103568,1
Metastatic brain tumor,19,0.016341414,0.0008600744,1
ERCC6 (CSB) and EHMT2 (G9a) positively regulate rRNA expression,25,0.016333483,0.0006533393,1
Trehalose Degradation,15,0.01628008,0.0010853386,1
Assembly Of The HIV Virion,13,0.016268957,0.0012514583,1
melanocyte development and pigmentation pathway,33,0.016268278,0.0004929781,1
GP1b-IX-V activation signalling,14,0.016266996,0.0011619283,1
Signaling by FGFR4 in disease,18,0.016246753,0.0009025974,1
Activated NTRK2 signals through PLCG1,13,0.01624335,0.0012494884,1
RUNX2 regulates osteoblast differentiation,73,0.01623872,0.0002224482,1
ahr signal transduction pathway,11,0.016231466,0.0014755878,1
ctcf: first multivalent nuclear factor,17,0.016127069,0.0009486511,1
ID signaling pathway,16,0.016123783,0.0010077364,1
Tiaprofenic Acid Action Pathway,20,0.016108513,0.00080542563,1
RHO GTPases activate IQGAPs,18,0.01608341,0.00089352275,1
Porphyrin and chlorophyll metabolism - Homo sapiens (human),51,0.016056202,0.00031482748,1
TRAIL signaling pathway,24,0.016031452,0.00066797715,1
Piroxicam Action Pathway,20,0.016027313,0.00080136565,1
Disorders of transmembrane transporters,13,0.016021261,0.0012324047,1
IKK complex recruitment mediated by RIP1,34,0.016012128,0.00047094494,1
Aurora B signaling,21,0.016009117,0.00076233887,1
DNA Damage/Telomere Stress Induced Senescence,15,0.016004503,0.0010669668,1
Prolonged ERK activation events,18,0.0159948,0.0008886,1
Formation of apoptosome,11,0.015926726,0.0014478842,1
SRF and miRs in Smooth Muscle Differentiation and Proliferation,29,0.01592452,0.0005491214,1
TP53 Regulates Transcription of Genes Involved in Cytochrome C Release,25,0.015881617,0.0006352647,1
"Creatine deficiency, guanidinoacetate methyltransferase deficiency",27,0.015876828,0.00058803067,1
Trafficking of AMPA receptors,33,0.015875597,0.0004810787,1
Insulin receptor recycling,42,0.015869504,0.00037784534,1
"Signaling by PDGFRA transmembrane, juxtamembrane and kinase domain mutants",28,0.015863253,0.00056654477,1
Meiotic synapsis,19,0.015853344,0.0008343865,1
Inhibition of exosome biogenesis and secretion by Manumycin A in CRPC cells,29,0.015834503,0.0005460173,1
"ERK Pathway in Huntington,s Disease",27,0.015811495,0.0005856109,1
Signaling by EGFR in Cancer,31,0.015792375,0.00050943147,1
mechanism of protein import into the nucleus,4,0.01572493,0.0039312327,1
Enoxaparin Action Pathway,21,0.015714064,0.00074828876,1
APC/C:Cdc20 mediated degradation of Cyclin B,16,0.015681546,0.0009800966,1
HDL remodeling,15,0.01565651,0.0010437673,1
CLEC7A (Dectin-1) induces NFAT activation,22,0.015643364,0.000711062,1
Translesion Synthesis by POLH,14,0.015611385,0.001115099,1
BMP2 signaling TAK1,35,0.015600832,0.00044573806,1
Glutathione conjugation,20,0.015588984,0.0007794492,1
Mono-unsaturated fatty acid beta-oxidation,17,0.01557518,0.00091618707,1
Repaglinide Action Pathway,16,0.015567458,0.00097296614,1
Nabumetone Action Pathway,20,0.015567038,0.0007783519,1
beta-Alanine metabolism - Homo sapiens (human),33,0.015526664,0.00047050498,1
MNGIE (Mitochondrial Neurogastrointestinal Encephalopathy),20,0.015504979,0.0007752489,1
HSP90 chaperone cycle for steroid hormone receptors (SHR),16,0.015485283,0.0009678302,1
BMP2-WNT4-FOXO1 pathway in primary endometrial stromal cell differentiation,20,0.015476782,0.00077383907,1
Translation Factors,28,0.015471673,0.00055255974,1
Collecting duct acid secretion - Homo sapiens (human),46,0.015452147,0.00033591624,1
Dopamine Activation of Neurological Reward System,13,0.0154515095,0.0011885776,1
SARS-CoV-2 altering angiogenesis via NRP1,20,0.015448449,0.00077242247,1
RUNX3 regulates YAP1-mediated transcription,18,0.0154454475,0.0008580804,1
Amyotrophic lateral sclerosis (ALS),37,0.015437719,0.00041723566,1
RHO GTPases Activate ROCKs,17,0.015437079,0.00090806343,1
RUNX1 regulates transcription of genes involved in differentiation of myeloid cells,24,0.015431004,0.0006429585,1
repression of pain sensation by the transcriptional regulator dream,32,0.015421051,0.00048190783,1
Saccharopinuria/Hyperlysinemia II,34,0.015404738,0.00045308052,1
Toxicity of botulinum toxin type G (botG),9,0.015397968,0.0017108853,1
RNA Polymerase III Transcription Initiation,24,0.01538457,0.00064102374,1
Serotonin Transporter Activity,23,0.0153158745,0.0006659076,1
Activated NTRK2 signals through FRS2 and FRS3,22,0.015305943,0.0006957247,1
Urea cycle,14,0.015300702,0.0010929073,1
"Glutamate binding, activation of AMPA receptors and synaptic plasticity",33,0.015300226,0.00046364323,1
Inhibition of DNA recombination at telomere,22,0.01528454,0.0006947518,1
Mammary gland development pathway - Involution (Stage 4 of 4),25,0.015269136,0.0006107654,1
MAPK Cascade,35,0.01526164,0.00043604686,1
Cyclin A:Cdk2-associated events at S phase entry,20,0.015222782,0.0007611391,1
Intraflagellar transport proteins binding to dynein,24,0.015214091,0.0006339205,1
UMP Synthase Deiciency (Orotic Aciduria),20,0.015213171,0.0007606585,1
TP53 Regulates Transcription of Genes Involved in G1 Cell Cycle Arrest,13,0.015212077,0.0011701598,1
The canonical retinoid cycle in rods (twilight vision),18,0.015211917,0.00084510655,1
Reteplase Action Pathway,21,0.01521042,0.0007243057,1
Glutamate Glutamine metabolism,36,0.015203005,0.0004223057,1
Activation of NLRP3 Inflammasome by SARS-CoV-2,13,0.015201611,0.0011693548,1
Histidine metabolism - Homo sapiens (human),22,0.01519698,0.0006907718,1
Lectin pathway of complement activation,39,0.01519678,0.00038966103,1
Interleukin-18 signaling,19,0.01517106,0.00079847686,1
cardiac protection against ros,18,0.015165154,0.00084250857,1
Alanine and aspartate metabolism,24,0.015143325,0.00063097186,1
TFAP2A acts as a transcriptional repressor during retinoic acid induced cell differentiation,11,0.015127987,0.0013752715,1
Lissencephaly gene (LIS1) in neuronal migration and development,25,0.015124509,0.0006049804,1
"D-<i>myo</i>-inositol (1,4,5)-trisphosphate biosynthesis",24,0.01509709,0.0006290454,1
ABC transporter disorders,13,0.015095009,0.0011611545,1
Regulation of TP53 Activity through Methylation,16,0.015081027,0.00094256416,1
Pausing and recovery of Tat-mediated HIV elongation,25,0.015072075,0.000602883,1
SHC-related events triggered by IGF1R,20,0.015038212,0.0007519106,1
Signaling by FLT3 ITD and TKD mutants,32,0.015034225,0.00046981953,1
Triglyceride metabolism,28,0.015031812,0.0005368504,1
RUNX1 regulates estrogen receptor mediated transcription,38,0.015031393,0.00039556297,1
Methadone Metabolism Pathway,24,0.015014647,0.0006256103,1
MicroRNA for Targeting Cancer Growth and Vascularization in Glioblastoma,16,0.014969922,0.0009356201,1
Osteopontin Signaling,30,0.014968525,0.00049895083,1
RNA Polymerase III Transcription,24,0.01496844,0.000623685,1
Folate metabolism,23,0.014967238,0.0006507495,1
CD163 mediating an anti-inflammatory response,12,0.0149596,0.0012466334,1
Degradation of AXIN,14,0.014948096,0.0010677212,1
"Phenylalanine, tyrosine and tryptophan biosynthesis - Homo sapiens (human)",18,0.014947923,0.00083044014,1
hop pathway in cardiac development,15,0.014942204,0.0009961469,1
Irinotecan Action Pathway,24,0.014941624,0.00062256766,1
Beta Ureidopropionase Deficiency,20,0.014930012,0.00074650056,1
IL9,21,0.014908346,0.00070992124,1
Steroid Biosynthesis,23,0.014863243,0.00064622797,1
Nef mediated downregulation of MHC class I complex cell surface expression,28,0.014855368,0.00053054886,1
Antiviral mechanism by IFN-stimulated genes,40,0.014840635,0.00037101586,1
Interleukin-9 signaling,25,0.01481952,0.00059278077,1
Histidinemia,12,0.014814886,0.0012345739,1
Melanin biosynthesis,13,0.014798677,0.0011383598,1
FGFR3 mutant receptor activation,30,0.014796181,0.000493206,1
Ionotropic activity of kainate receptors,23,0.014760706,0.0006417698,1
ras signaling pathway,22,0.014758339,0.0006708336,1
Phenylalanine metabolism - Homo sapiens (human),25,0.014751204,0.00059004815,1
Visual signal transduction: Rods,21,0.014750166,0.0007023889,1
miRNA targets in ECM and membrane receptors,28,0.014727875,0.0005259955,1
RORA activates gene expression,14,0.014708537,0.0010506097,1
Interconversion of nucleotide di- and triphosphates,19,0.014708423,0.00077412755,1
egf signaling pathway,36,0.01469802,0.00040827834,1
Glycosaminoglycan degradation - Homo sapiens (human),31,0.014695762,0.00047405684,1
Fenoprofen Action Pathway,20,0.014694675,0.00073473377,1
Ephrin A  reverse signaling,40,0.014680539,0.00036701348,1
IL-13 signaling,37,0.014673574,0.00039658308,1
Fatty acid elongation - Homo sapiens (human),24,0.014662276,0.00061092817,1
signaling pathway from g-protein families,30,0.014661183,0.0004887061,1
Metabolism of amine-derived hormones,20,0.0146571,0.000732855,1
HSF1 activation,18,0.01464605,0.0008136694,1
Cristae formation,9,0.0146388775,0.001626542,1
HH-Core,29,0.014626864,0.0005043746,1
role of pi3k subunit p85 in regulation of actin organization and cell migration,30,0.014625614,0.00048752045,1
Vitamin B5 - CoA biosynthesis from pantothenate,21,0.0146129215,0.0006958534,1
Glycine N-methyltransferase Deficiency,23,0.014602496,0.00063489116,1
LDL remodeling,15,0.014594965,0.00097299763,1
Regulation of cholesterol biosynthesis by SREBP (SREBF),29,0.014589627,0.0005030906,1
induction of apoptosis through dr3 and dr4/5 death receptors,16,0.014585119,0.0009115699,1
DNA strand elongation,25,0.01454279,0.0005817116,1
GPR40 Pathway,19,0.014538024,0.00076515914,1
Transport of glycerol from adipocytes to the liver by Aquaporins,15,0.0145195015,0.00096796674,1
Butyrophilin (BTN) family interactions,20,0.014515607,0.0007257803,1
Alpha-protein kinase 1 signaling pathway,34,0.014466915,0.0004254975,1
ERKs are inactivated,17,0.014435746,0.00084916153,1
Maturation of protein 3a,27,0.014435692,0.00053465524,1
DNA Replication Pre-Initiation,25,0.014428103,0.0005771241,1
RUNX1 regulates expression of components of tight junctions,18,0.014383007,0.0007990559,1
Degradation of DVL,10,0.014352271,0.0014352271,1
Oxygen-dependent proline hydroxylation of Hypoxia-inducible Factor Alpha,45,0.014341751,0.00031870557,1
FGFR3 ligand binding and activation,34,0.014326136,0.00042135693,1
Type III interferon signaling,21,0.014319219,0.00068186753,1
Ethanol effects on histone modifications,30,0.0143080205,0.00047693402,1
NOTCH1 regulation of endothelial cell calcification,25,0.014298833,0.0005719533,1
Bicarbonate transporters,23,0.014278139,0.00062078866,1
neuroregulin receptor degredation protein-1 controls erbb3 receptor recycling,37,0.014271252,0.0003857095,1
regulation of cell cycle progression by plk3,16,0.014268404,0.00089177524,1
Mitochondrial translation termination,30,0.014223672,0.0004741224,1
Cholesterol biosynthesis,20,0.014218897,0.0007109448,1
the igf-1 receptor and longevity,21,0.014218499,0.0006770714,1
wnt lrp6 signalling,17,0.014192369,0.00083484524,1
Vitamin B5 (pantothenate) metabolism,10,0.014191025,0.0014191025,1
mTORC1-mediated signalling,13,0.01415452,0.0010888092,1
Adrenoceptors,20,0.014123779,0.00070618896,1
phosphorylation of mek1 by cdk5/p35 down regulates the map kinase pathway,21,0.014123439,0.0006725447,1
"Homocystinuria-megaloblastic anemia due to defect in cobalamin metabolism, cblG complementation type",23,0.014116727,0.00061377074,1
YAP1- and WWTR1 (TAZ)-stimulated gene expression,13,0.014099021,0.0010845402,1
Cellular response to hypoxia,49,0.014094819,0.00028764937,1
MET interacts with TNS proteins,15,0.014081895,0.000938793,1
Methylmalonic Aciduria Due to Cobalamin-Related Disorders,9,0.014066468,0.0015629409,1
SCF(Skp2)-mediated degradation of p27/p21,12,0.014052043,0.0011710036,1
MAP3K8 (TPL2)-dependent MAPK1/3 activation,43,0.014015632,0.00032594491,1
Bile acids synthesis and enterohepatic circulation,11,0.013995391,0.0012723083,1
NCAM1 interactions,45,0.013984347,0.00031076325,1
Somitogenesis in the context of spondylocostal dysostosis,24,0.013958507,0.0005816045,1
TWIK-releated acid-sensitive K+ channel (TASK),17,0.013947358,0.00082043285,1
Resolution of Abasic Sites (AP sites),26,0.013942857,0.00053626375,1
Signaling by WNT in cancer,11,0.013928394,0.0012662177,1
Robo4 and VEGF Signaling Pathways Crosstalk,25,0.013906129,0.00055624516,1
Signaling by cytosolic FGFR1 fusion mutants,40,0.013897158,0.00034742896,1
Regulated proteolysis of p75NTR,15,0.013843526,0.00092290173,1
Lysine Degradation,34,0.013843004,0.00040714716,1
pkc-catalyzed phosphorylation of inhibitory phosphoprotein of myosin phosphatase,21,0.013830235,0.0006585826,1
Drug Induction of Bile Acid Pathway,17,0.0138290115,0.00081347127,1
tryptophan degradation to 2-amino-3-carboxymuconate semialdehyde,16,0.013821311,0.00086383196,1
Squalene and cholesterol biosynthesis,24,0.013819791,0.00057582464,1
Tay-Sachs Disease,44,0.013812742,0.00031392596,1
"Cobalamin (Cbl, vitamin B12) transport and metabolism",23,0.013799659,0.0005999852,1
Signal Transduction of S1P Receptor,32,0.013799125,0.00043122267,1
Pentose Phosphate Pathway,11,0.013762468,0.0012511334,1
glycogenolysis,9,0.013734633,0.0015260703,1
Iron metabolism in placenta,11,0.01371649,0.0012469536,1
Photodynamic therapy-induced unfolded protein response,22,0.01369322,0.0006224191,1
regulation of splicing through sam68,18,0.013689678,0.0007605377,1
Chk1/Chk2(Cds1) mediated inactivation of Cyclin B:Cdk1 complex,16,0.013649635,0.0008531022,1
Miscellaneous transport and binding events,17,0.013636724,0.00080216024,1
Xenobiotics,17,0.013620736,0.0008012198,1
Tolmetin Action Pathway,20,0.013614717,0.00068073586,1
Transcriptional activation of mitochondrial biogenesis,23,0.013601908,0.00059138733,1
Synthesis of 5-eicosatetraenoic acids,16,0.0136018805,0.00085011753,1
Apoptotic factor-mediated response,12,0.01358478,0.001132065,1
Risedronate Action Pathway,14,0.013574539,0.0009696099,1
Synthesis of PE,12,0.013571251,0.0011309376,1
Metabolism of steroid hormones,19,0.01356599,0.0007139995,1
"Synthesis And Processing Of GAG, GAGPOL Polyproteins",10,0.013560217,0.0013560217,1
Sialuria or French Type Sialuria,44,0.013542596,0.00030778628,1
Degradation of GLI1 by the proteasome,12,0.013519045,0.001126587,1
Striated Muscle Contraction,15,0.013496358,0.0008997572,1
De novo fatty acid biosynthesis,17,0.013480679,0.0007929811,1
TNFR1-induced NFkappaB signaling pathway,40,0.013472286,0.00033680716,1
Abacavir transport and metabolism,18,0.013468855,0.0007482697,1
Glucose-6-phosphate dehydrogenase deficiency,11,0.0134387165,0.0012217015,1
Mitochondrial Gene Expression,18,0.013418667,0.0007454815,1
ATR signaling pathway,32,0.013412065,0.00041912703,1
Toxicity of botulinum toxin type D (botD),10,0.01340704,0.001340704,1
Validated nuclear estrogen receptor beta network,30,0.013400813,0.00044669377,1
NEIL3-mediated resolution of ICLs,5,0.013352215,0.0026704432,1
Insulin Signalling,26,0.013341674,0.0005131413,1
Anchoring fibril formation,10,0.013298918,0.0013298917,1
Dihydropyrimidinase Deficiency,20,0.013297535,0.0006648767,1
Listeria monocytogenes entry into host cells,19,0.013282035,0.00069905445,1
FOXA2 pathway,20,0.013240007,0.0006620003,1
TP53 Regulates Transcription of Caspase Activators and Caspases,15,0.013239715,0.0008826477,1
AKT phosphorylates targets in the nucleus,11,0.013219569,0.001201779,1
Canonical Wnt signaling pathway,18,0.013192686,0.000732927,1
a4b7 Integrin signaling,29,0.013174448,0.00045429132,1
Resolution of AP sites via the multiple-nucleotide patch replacement pathway,20,0.013145513,0.00065727567,1
Signaling by FGFR3 fusions in cancer,19,0.013122564,0.00069066125,1
Ibuprofen Metabolism Pathway,25,0.013069961,0.00052279845,1
Methionine salvage pathway,14,0.013067613,0.00093340094,1
Nucleotide salvage,13,0.013035039,0.0010026953,1
Glycerolipids and Glycerophospholipids,30,0.013033295,0.00043444318,1
Dopa-responsive dystonia,10,0.013026912,0.0013026912,1
Plasma lipoprotein assembly,20,0.013019617,0.00065098086,1
G2 Phase,13,0.0129695535,0.000997658,1
regulation of map kinase pathways through dual specificity phosphatases,16,0.012953062,0.00080956635,1
Bone morphogenic protein (BMP) signaling and regulation,13,0.01294729,0.0009959454,1
Biosynthesis of unsaturated fatty acids - Homo sapiens (human),24,0.0129429335,0.0005392889,1
GLI3 is processed to GLI3R by the proteasome,22,0.012941324,0.000588242,1
malate-aspartate shuttle,17,0.01291578,0.00075975177,1
VEGF binds to VEGFR leading to receptor dimerization,20,0.0129085705,0.00064542855,1
role of mal in rho-mediated activation of srf,26,0.012878477,0.000495326,1
Sema4D in semaphorin signaling,27,0.012867029,0.00047655663,1
"G(M2)-Gangliosidosis: Variant B, Tay-sachs disease",44,0.012855768,0.00029217656,1
Netrin mediated repulsion signals,24,0.012854563,0.0005356068,1
Tachykinin receptors bind tachykinins,11,0.012849514,0.0011681376,1
S1P4 pathway,20,0.012837742,0.00064188713,1
Glycogen metabolism,22,0.012828965,0.00058313477,1
Fatty acid Metabolism,12,0.012821462,0.0010684552,1
Chylomicron remodeling,20,0.01281194,0.000640597,1
Acetaminophen  Action Pathway,20,0.012792017,0.00063960085,1
Pyroptosis,30,0.012783328,0.00042611093,1
Synthesis of 12-eicosatetraenoic acid derivatives,11,0.01277941,0.0011617645,1
Congenital Lipoid Adrenal Hyperplasia (CLAH) or Lipoid CAH,6,0.012709631,0.0021182718,1
Methionine Adenosyltransferase Deficiency,23,0.0126848705,0.00055151613,1
Synthesis of pyrophosphates in the cytosol,12,0.012649012,0.0010540843,1
Felodipine Metabolism Pathway,12,0.012629839,0.0010524866,1
Cytosolic tRNA aminoacylation,13,0.012629456,0.0009714966,1
transcription factor creb and its extracellular signals,39,0.012621495,0.00032362808,1
Mefenamic Acid Action Pathway,20,0.0126055125,0.00063027564,1
Cell Differentiation - Index,12,0.012585636,0.001048803,1
Simvastatin Action Pathway,14,0.012580819,0.00089862995,1
prion pathway,23,0.012576997,0.000546826,1
Synthesis of bile acids and bile salts,30,0.012561024,0.0004187008,1
Synthesis of PIPs at the early endosome membrane,16,0.012542279,0.00078389246,1
Cellular hexose transport,22,0.012527509,0.0005694322,1
adenosine nucleotides degradation,20,0.012518942,0.00062594714,1
Frs2-mediated activation,14,0.0125145875,0.0008938991,1
Medium chain acyl-coa dehydrogenase deficiency (MCAD),12,0.012477885,0.0010398238,1
Biosynthesis of aspirin-triggered D-series resolvins,15,0.012458857,0.0008305905,1
Ubiquinone and other terpenoid-quinone biosynthesis - Homo sapiens (human),5,0.012454787,0.0024909575,1
Pentose phosphate pathway - Homo sapiens (human),22,0.012434304,0.00056519563,1
Arachidonic Acid Metabolism,20,0.012427055,0.00062135275,1
"TICAM1, RIP1-mediated IKK complex recruitment",19,0.01242035,0.0006537026,1
Interleukin-1 processing,11,0.012407789,0.0011279808,1
BARD1 signaling events,16,0.012391061,0.0007744413,1
Hedgehog ligand biogenesis,18,0.012364649,0.00068692496,1
Ximelagatran Action Pathway,21,0.0123467995,0.00058794284,1
Nanoparticle triggered regulated necrosis,14,0.012344146,0.0008817247,1
RNA Polymerase III Transcription Initiation From Type 3 Promoter,22,0.012339669,0.0005608941,1
Tyrosinemia Type 2 (or Richner-Hanhart syndrome),15,0.012319144,0.0008212763,1
EGFR-dependent Endothelin signaling events,18,0.012311022,0.00068394566,1
Biogenic Amine Synthesis,19,0.012296169,0.0006471668,1
"Metabolic pathway of LDL, HDL and TG, including diseases",21,0.012295837,0.00058551604,1
Asymmetric localization of PCP proteins,22,0.012290003,0.0005586365,1
Hh mutants abrogate ligand secretion,10,0.012270171,0.0012270171,1
Nitrogen metabolism - Homo sapiens (human),23,0.012238887,0.00053212553,1
Transcription co-factors SKI and SKIL protein partners,45,0.012235605,0.00027190233,1
ALK1 signaling events,35,0.0122330235,0.00034951497,1
Synthesis of PIPs at the Golgi membrane,15,0.012218897,0.00081459316,1
RNA Polymerase III Transcription Initiation From Type 2 Promoter,19,0.012211029,0.00064268574,1
tRNA charging,20,0.012198341,0.00060991704,1
calcium signaling by hbx of hepatitis b virus,21,0.01219021,0.0005804862,1
nerve growth factor pathway (ngf),25,0.01217557,0.0004870228,1
Release of Hh-Np from the secreting cell,8,0.012140948,0.0015176185,1
STAT5 activation downstream of FLT3 ITD mutants,19,0.0121143935,0.0006375997,1
Hydrolysis of LPC,13,0.01210378,0.00093106,1
Mycophenolic Acid Metabolism Pathway,24,0.012098417,0.0005041007,1
Degradation of GLI2 by the proteasome,20,0.0120904725,0.00060452364,1
Calnexin/calreticulin cycle,11,0.012089948,0.0010990863,1
PPAR-alpha pathway,20,0.012087319,0.00060436595,1
Toxicity of botulinum toxin type F (botF),10,0.01207621,0.0012076211,1
the visual cycle I (vertebrates),14,0.012060374,0.0008614553,1
Heme degradation,22,0.012053406,0.0005478821,1
UDP-<i>N</i>-acetyl-D-galactosamine biosynthesis II,41,0.012024115,0.0002932711,1
Biosynthesis of E-series 18(S)-resolvins,15,0.012018624,0.0008012416,1
Rofecoxib Action Pathway,20,0.012014663,0.00060073315,1
DNA Damage Recognition in GG-NER,13,0.012002856,0.00092329655,1
Segawa syndrome,10,0.012000429,0.0012000429,1
Naproxen Action Pathway,20,0.011997099,0.000599855,1
Neurophilin interactions with VEGF and VEGFR,21,0.011996269,0.0005712509,1
FGFR2 alternative splicing,29,0.011993988,0.0004135858,1
"1,25-dihydroxyvitamin D<sub>3</sub> biosynthesis",10,0.011974806,0.0011974806,1
"Folate malabsorption, hereditary",11,0.011956255,0.0010869323,1
"Chondrodysplasia Punctata II, X Linked Dominant (CDPX2)",14,0.011949189,0.0008535135,1
Thiamine metabolic pathways,17,0.011946445,0.00070273207,1
Signaling by PDGFRA extracellular domain mutants,28,0.011928227,0.0004260081,1
XAV939 stabilizes AXIN,11,0.01192618,0.0010841981,1
visceral fat deposits and the metabolic syndrome,19,0.011902369,0.00062644045,1
Synthesis of bile acids and bile salts via 7alpha-hydroxycholesterol,16,0.011890317,0.00074314483,1
"Valine, leucine and isoleucine biosynthesis - Homo sapiens (human)",11,0.0118339695,0.0010758154,1
Postsynaptic nicotinic acetylcholine receptors,10,0.01182708,0.001182708,1
G beta:gamma signalling through PLC beta,13,0.011825867,0.0009096821,1
phospholipase c-epsilon pathway,17,0.011809774,0.0006946926,1
Trans-sulfuration pathway,22,0.011791843,0.00053599285,1
MAP kinase cascade,18,0.0117768375,0.0006542688,1
TLR4 Signaling and Tolerance,33,0.011749275,0.00035603862,1
NF-kB activation through FADD/RIP-1 pathway mediated by caspase-8 and -10,12,0.011748467,0.0009790389,1
Codeine and Morphine Metabolism,30,0.011747578,0.00039158593,1
Eicosanoid Synthesis,22,0.011746636,0.000533938,1
Relaxin receptors,10,0.01173528,0.001173528,1
Chylomicron clearance,12,0.011727143,0.0009772619,1
Estrogen Receptor Pathway,26,0.011724081,0.0004509262,1
Secretion of Hydrochloric Acid in Parietal Cells,6,0.011713932,0.0019523221,1
"mRNA 3,-end processing",19,0.0117077995,0.0006162,1
regulation of transcriptional activity by pml,14,0.01168099,0.00083435647,1
Glutamate and glutamine metabolism,13,0.011638003,0.00089523103,1
Interleukin-33 signaling,28,0.011636108,0.00041557528,1
regulation of eif-4e and p70s6 kinase,32,0.011628932,0.00036340413,1
Phenylalanine and tyrosine metabolism,12,0.011625099,0.00096875825,1
RUNX2 regulates genes involved in cell migration,10,0.0116240205,0.0011624021,1
Activation of gene expression by SREBF (SREBP),27,0.01161879,0.00043032557,1
Target Of Rapamycin (TOR) Signaling,28,0.011613391,0.00041476398,1
Ibandronate Action Pathway,14,0.011597335,0.0008283811,1
Highly calcium permeable postsynaptic nicotinic acetylcholine receptors,9,0.011592003,0.0012880003,1
Downregulation of ERBB2:ERBB3 signaling,16,0.011542129,0.0007213831,1
Depolymerisation of the Nuclear Lamina,11,0.011534757,0.0010486143,1
Recognition of DNA damage by PCNA-containing replication complex,23,0.011508012,0.00050034834,1
GRB2 events in EGFR signaling,21,0.011491809,0.000547229,1
Type I hemidesmosome assembly,11,0.0114854155,0.0010441287,1
NTF3 activates NTRK2 (TRKB) signaling,17,0.011475665,0.0006750391,1
Hypermethioninemia,23,0.011469706,0.00049868284,1
<i>N</i>-acetylglucosamine degradation II,38,0.011465869,0.00030173338,1
Mismatch repair - Homo sapiens (human),18,0.011465112,0.00063695066,1
Sucrase-isomaltase deficiency,19,0.011439912,0.0006021006,1
RNA Polymerase III Transcription Initiation From Type 1 Promoter,20,0.011380087,0.00056900433,1
multiple antiapoptotic pathways from igf-1r signaling lead to bad phosphorylation,18,0.011357332,0.0006309629,1
Conversion from APC/C:Cdc20 to APC/C:Cdh1 in late anaphase,15,0.01133475,0.00075565,1
Regulation of RUNX3 expression and activity,16,0.011325148,0.00070782175,1
Estrogen metabolism,20,0.011324432,0.0005662216,1
classical complement pathway,11,0.01132306,0.0010293691,1
Orc1 removal from chromatin,17,0.011316722,0.0006656895,1
Phase 2 - plateau phase,23,0.011314036,0.00049191463,1
Assembly of the pre-replicative complex,12,0.011311352,0.0009426127,1
Composition of Lipid Particles,12,0.011286479,0.00094053993,1
transcriptional activation of dbpb from mrna,26,0.011274504,0.00043363476,1
Estrogen-dependent nuclear events downstream of ESR-membrane signaling,20,0.01126869,0.0005634345,1
Folding of actin by CCT/TriC,8,0.011266718,0.0014083397,1
Carnitine palmitoyl transferase deficiency (I),12,0.011220137,0.00093501137,1
extrinsic prothrombin activation pathway,20,0.011199384,0.0005599692,1
NTF3 activates NTRK3 signaling,11,0.01119132,0.0010173927,1
MicroRNA (miRNA) biogenesis,8,0.011186069,0.0013982586,1
trehalose degradation,11,0.011174408,0.0010158552,1
Triglyceride biosynthesis,17,0.01117387,0.0006572865,1
Polo-like kinase mediated events,11,0.011136686,0.001012426,1
Histidine Metabolism,12,0.011131471,0.0009276226,1
Digestion and absorption,24,0.011126847,0.00046361863,1
DNA Damage Bypass,30,0.011118003,0.00037060012,1
Activated NTRK3 signals through RAS,11,0.011105311,0.0010095737,1
Phytochemical activity on NRF2 transcriptional activation,25,0.011095675,0.00044382698,1
Tamoxifen Action Pathway,13,0.011095115,0.0008534704,1
Other glycan degradation - Homo sapiens (human),30,0.0110524595,0.00036841532,1
TICAM1-dependent activation of IRF3/IRF7,9,0.011048594,0.0012276215,1
role of ppar-gamma coactivators in obesity and thermogenesis,17,0.0110439975,0.0006496469,1
"cholesterol biosynthesis II (via 24,25-dihydrolanosterol)",15,0.011039995,0.00073599967,1
Irinotecan pathway,18,0.010983659,0.00061020325,1
VEGFR2 mediated vascular permeability,24,0.010965441,0.00045689338,1
Galactosemia,13,0.010953299,0.0008425614,1
MECP2 regulates transcription factors,34,0.010942747,0.0003218455,1
Abacavir transmembrane transport,15,0.010912423,0.0007274949,1
LDL clearance,21,0.010900212,0.00051905774,1
Localization of the PINCH-ILK-PARVIN complex to focal adhesions,9,0.010888775,0.0012098639,1
Hyperphenylalaninemia due to dhpr-deficiency,10,0.010863367,0.0010863367,1
Eicosanoids,11,0.010860519,0.0009873199,1
Vitamin B6 metabolism,10,0.01085762,0.001085762,1
Translesion synthesis by POLK,16,0.010845583,0.00067784893,1
Miscellaneous substrates,10,0.010821105,0.0010821105,1
"Glycogenosis, Type III. Cori disease, Debrancher glycogenosis",19,0.010803221,0.0005685906,1
Mitochondrial Beta-Oxidation of Short Chain Saturated Fatty Acids,9,0.010778197,0.0011975775,1
ER-Phagosome pathway,13,0.010776098,0.0008289306,1
Regulation of MECP2 expression and activity,29,0.010771363,0.00037142631,1
Degradation of beta catenin,17,0.010763196,0.0006331292,1
Cyclin A/B1/B2 associated events during G2/M transition,16,0.01074672,0.00067167,1
3-phosphoinositide degradation,39,0.010738908,0.00027535664,1
Prostaglandin formation from dihomo gama-linoleic acid,13,0.01073253,0.0008255792,1
Sealing of the nuclear envelope (NE) by ESCRT-III,9,0.010730095,0.0011922328,1
"TICAM1,TRAF6-dependent induction of TAK1 complex",34,0.01072762,0.00031551823,1
Pyrimidine catabolism,17,0.010720583,0.0006306225,1
DNA Damage Reversal,13,0.010690992,0.00082238397,1
Regulation of the apoptosome activity,11,0.010673368,0.0009703062,1
cysteine biosynthesis,14,0.010639061,0.00075993297,1
nicotine degradation IV,17,0.010637306,0.00062572386,1
miRNAs involved in DNA damage response,12,0.0106323995,0.0008860333,1
role of brca1 brca2 and atr in cancer susceptibility,9,0.010629203,0.0011810226,1
Hypercholesterolemia,14,0.010608595,0.00075775676,1
ER Quality Control Compartment (ERQC),11,0.010606688,0.0009642444,1
Molecules associated with elastic fibres,47,0.010603939,0.00022561573,1
Orexin and neuropeptides FF and QRFP bind to their respective receptors,9,0.010601577,0.0011779531,1
Activated NTRK2 signals through RAS,24,0.010593133,0.00044138054,1
Translesion synthesis by POLI,17,0.010572193,0.00062189373,1
BH3-only proteins associate with and inactivate anti-apoptotic BCL-2 members,14,0.010545638,0.00075325987,1
Phototransduction - Homo sapiens (human),19,0.010534912,0.00055446906,1
Pterine Biosynthesis,10,0.010510753,0.0010510753,1
Molybdenum cofactor biosynthesis,7,0.010504602,0.0015006575,1
Regulation of lipid metabolism by PPARalpha,39,0.010501681,0.00026927388,1
Crosslinking of collagen fibrils,11,0.010484289,0.0009531172,1
Tryptophan catabolism,20,0.010480553,0.0005240276,1
Sulindac Metabolic Pathway,9,0.010467168,0.0011630186,1
AUF1 (hnRNP D0) binds and destabilizes mRNA,17,0.010464859,0.00061557995,1
Neurotransmitter clearance,15,0.010457827,0.0006971884,1
Activation of PUMA and translocation to mitochondria,13,0.010453168,0.0008040899,1
D-<i>myo</i>-inositol-5-phosphate metabolism,19,0.010432007,0.000549053,1
Cholesterol Biosynthesis Pathway,13,0.010429842,0.0008022956,1
Phospholipid Biosynthesis,31,0.010404707,0.0003356357,1
PI3K/AKT activation,20,0.0104035195,0.00052017596,1
Etoposide Action Pathway,13,0.010387268,0.00079902064,1
sodd/tnfr1 signaling pathway,10,0.010378371,0.0010378371,1
Fatty acid transporters,10,0.010336342,0.0010336342,1
N-glycan trimming in the ER and Calnexin/Calreticulin cycle,17,0.010332114,0.0006077714,1
Somatroph axis (GH) and its relationship to dietary restriction and aging,14,0.010330021,0.00073785865,1
Glycosaminoglycan degradation,30,0.010309465,0.00034364883,1
Telomere C-strand (Lagging Strand) Synthesis,23,0.010307865,0.00044816805,1
trka receptor signaling pathway,17,0.010273177,0.00060430454,1
ifn alpha signaling pathway,19,0.010244538,0.00053918624,1
Digestion,22,0.010228735,0.0004649425,1
Signaling by Ligand-Responsive EGFR Variants in Cancer,25,0.010218749,0.00040874994,1
Galactose Metabolism,13,0.010162055,0.0007816965,1
S1P5 pathway,14,0.01015919,0.0007256564,1
Sodium/Proton exchangers,75,0.010155544,0.00013540724,1
Regulation of TP53 Activity through Acetylation,14,0.010155495,0.00072539254,1
Formyl peptide receptors bind formyl peptides and many other ligands,20,0.010147558,0.0005073779,1
Desmosterolosis,14,0.010145416,0.0007246725,1
NAD Biosynthesis II (from tryptophan),17,0.010131814,0.00059598906,1
Phenylalanine metabolism,9,0.010113207,0.0011236896,1
Dual Incision in GG-NER,36,0.01011274,0.00028090944,1
Beta-mercaptolactate-cysteine disulfiduria,15,0.010097449,0.0006731633,1
tryptophan degradation,17,0.010080885,0.0005929932,1
Regulation of signaling by NODAL,25,0.010080186,0.00040320744,1
Caffeine Metabolism,12,0.010042168,0.00083684735,1
Hyper-IgD syndrome,14,0.0100369565,0.0007169255,1
"Glycogenosis, Type VI. Hers disease",19,0.0100273,0.0005277526,1
cholesterol biosynthesis I,15,0.01000642,0.00066709466,1
Initiation of Nuclear Envelope (NE) Reformation,18,0.009995496,0.00055530533,1
regulators of bone mineralization,14,0.009987555,0.0007133968,1
miRNA Biogenesis,6,0.009981791,0.0016636318,1
Lovastatin Action Pathway,14,0.009977295,0.0007126639,1
control of skeletal myogenesis by hdac and calcium/calmodulin-dependent kinase (camk),10,0.009965176,0.0009965176,1
RNA Polymerase III Transcription Termination,16,0.009963112,0.0006226945,1
Fatty acids,14,0.0099555375,0.00071110984,1
Valproic acid pathway,9,0.00995456,0.0011060622,1
RUNX3 Regulates Immune Response and Cell Migration,21,0.009946139,0.00047362564,1
Response of EIF2AK1 (HRI) to heme deficiency,10,0.00994294,0.0009942941,1
Deregulation of Rab and Rab Effector Genes in Bladder Cancer,18,0.009934891,0.00055193837,1
C-MYC pathway,22,0.009928721,0.0004513055,1
VLDLR internalisation and degradation,15,0.009927502,0.00066183344,1
Polymerase switching,14,0.009922839,0.0007087742,1
17-alpha-hydroxylase deficiency (CYP17),6,0.00992173,0.0016536216,1
3-Beta-Hydroxysteroid Dehydrogenase Deficiency,6,0.009916726,0.0016527876,1
Trafficking of GluR2-containing AMPA receptors,17,0.009908761,0.0005828683,1
Mitochondrial Fatty Acid Beta-Oxidation,26,0.009900932,0.00038080508,1
Long chain acyl-CoA dehydrogenase deficiency (LCAD),12,0.00989617,0.00082468084,1
MED and Pseudoachondroplasia genes,9,0.009871306,0.0010968117,1
rb tumor suppressor/checkpoint signaling in response to dna damage,14,0.009867445,0.0007048175,1
G beta:gamma signalling through CDC42,11,0.009864696,0.0008967906,1
GRB7 events in ERBB2 signaling,14,0.009858867,0.0007042048,1
Signaling by ERBB2 ECD mutants,26,0.009854774,0.00037902978,1
Gemcitabine Metabolism Pathway,14,0.009838338,0.0007027384,1
tnfr1 signaling pathway,15,0.009832735,0.0006555157,1
"Tetrahydrobiopterin (BH4) synthesis, recycling, salvage and regulation",9,0.009817107,0.0010907897,1
Lysosomal Acid Lipase Deficiency (Wolman Disease),14,0.009796194,0.00069972815,1
RUNX1 regulates transcription of genes involved in interleukin signaling,18,0.009790255,0.00054390304,1
sarcosine oncometabolite pathway ,14,0.009788533,0.00069918094,1
Regulation of TP53 Activity through Association with Co-factors,17,0.009783396,0.00057549385,1
Oligomerization of connexins into connexons,10,0.009780762,0.0009780761,1
Inactivation of CDC42 and RAC1,21,0.009774797,0.0004654665,1
TP53 regulates transcription of additional cell cycle genes whose exact role in the p53 pathway remain uncertain,15,0.009747969,0.0006498646,1
Metal sequestration by antimicrobial proteins,7,0.0097457385,0.0013922483,1
map kinase inactivation of smrt corepressor,21,0.009743163,0.00046396017,1
CLEC7A/inflammasome pathway,8,0.009731092,0.0012163864,1
RNA Polymerase III Chain Elongation,16,0.009713648,0.000607103,1
mir-124 predicted interactions with cell cycle and differentiation,11,0.0097025465,0.0008820497,1
CD22 mediated BCR regulation,21,0.009700183,0.00046191347,1
Degradation of GABA,3,0.009691693,0.0032305643,1
Rapid glucocorticoid signaling,11,0.009663407,0.0008784915,1
ornithine <i>de novo </i> biosynthesis,6,0.009659403,0.0016099005,1
protein kinase a at the centrosome,11,0.009635675,0.0008759704,1
Chylomicron assembly,15,0.009631855,0.0006421237,1
Prefoldin mediated transfer of substrate  to CCT/TriC,14,0.00958169,0.00068440643,1
Toxicity of botulinum toxin type B (botB),9,0.0095806895,0.001064521,1
Sphingosine 1-phosphate (S1P) pathway,25,0.0095754145,0.00038301657,1
Activation of SMO,11,0.009539108,0.00086719164,1
Acyl chain remodeling of CL,6,0.009504761,0.0015841267,1
retinoate biosynthesis I,9,0.009496903,0.0010552114,1
Valproic Acid Metabolism Pathway,8,0.009495737,0.0011869671,1
Dopamine metabolism,15,0.009495636,0.0006330424,1
Classical Kir channels,21,0.0094936155,0.00045207693,1
exRNA mechanism of action and biogenesis,11,0.009489943,0.0008627221,1
phospholipase c delta in phospholipid associated cell signaling,5,0.009456273,0.0018912547,1
"Incretin synthesis, secretion, and inactivation",14,0.009398008,0.00067128625,1
Metabolism of ingested H2SeO4 and H2SeO3 into H2Se,7,0.0093909595,0.0013415656,1
Complement Activation,12,0.009339361,0.00077828014,1
DSCAM interactions,19,0.00932692,0.0004908905,1
Lysosphingolipid and LPA receptors,24,0.009292959,0.00038720664,1
GLI proteins bind promoters of Hh responsive genes to promote transcription,18,0.00928655,0.0005159194,1
Dimethyl-branched-chain fatty acid mitochondrial beta-oxidation,11,0.009274546,0.00084314053,1
Biotin transport and metabolism,9,0.009273528,0.001030392,1
"Synthesis, secretion, and inactivation of Glucagon-like Peptide-1 (GLP-1)",13,0.009261755,0.00071244274,1
Tyrosinemia Type 3 (TYRO3),15,0.009253399,0.0006168933,1
Sema4D induced cell migration and growth-cone collapse,24,0.009227306,0.00038447106,1
STAT5 Activation,18,0.009222913,0.00051238405,1
GDP-glucose biosynthesis II,8,0.00921902,0.0011523775,1
Regulation of HMOX1 expression and activity,19,0.00921109,0.00048479423,1
Wax biosynthesis,11,0.009201436,0.0008364942,1
Uptake and function of anthrax toxins,16,0.009167283,0.0005729552,1
Metabolism of Angiotensinogen to Angiotensins,20,0.00916395,0.0004581975,1
RUNX2 regulates chondrocyte maturation,9,0.009160007,0.0010177786,1
Protein repair,7,0.009151969,0.0013074242,1
Signalling to p38 via RIT and RIN,9,0.009149742,0.001016638,1
Cytochrome c-mediated apoptotic response,11,0.009148467,0.00083167886,1
stearate biosynthesis,10,0.009142319,0.0009142319,1
Presynaptic function of Kainate receptors,16,0.009127412,0.00057046325,1
methionine degradation,7,0.009121041,0.0013030058,1
Nanomaterial-induced inflammasome activation,18,0.0091063585,0.0005059088,1
Vitamin D3 (cholecalciferol) metabolism,18,0.009101755,0.00050565304,1
Metalloprotease DUBs,15,0.0090991305,0.0006066087,1
Vitamin B9 (folate) metabolism,16,0.009094812,0.00056842575,1
PTK6 promotes HIF1A stabilization,27,0.009086189,0.00033652553,1
Lipid Metabolism Pathway,13,0.009068783,0.00069759873,1
Very-long-chain acyl coa dehydrogenase deficiency (VLCAD),12,0.00905205,0.0007543375,1
superpathway of cholesterol biosynthesis,20,0.009033456,0.00045167282,1
Activation of TRKA receptors,18,0.009023055,0.0005012809,1
Formation of Senescence-Associated Heterochromatin Foci (SAHF),6,0.009018545,0.0015030908,1
Catecholamine Biosynthesis,11,0.009012973,0.0008193612,1
Gliclazide Action Pathway,16,0.009007215,0.0005629509,1
Constitutive Signaling by Ligand-Responsive EGFR Cancer Variants,25,0.009000463,0.00036001854,1
"2,-deoxy-α-D-ribose 1-phosphate degradation",14,0.008997667,0.00064269046,1
Regulation of CDC42 activity,21,0.008993534,0.00042826353,1
Metabolism of folate and pterines,14,0.008990838,0.00064220274,1
NRIF signals cell death from the nucleus,15,0.008983107,0.0005988738,1
Hfe effect on hepcidin production,12,0.008971925,0.0007476604,1
Arf6 downstream pathway,14,0.008966455,0.0006404611,1
SHC1 events in EGFR signaling,21,0.008941546,0.0004257879,1
Termination of translesion DNA synthesis,20,0.008939095,0.00044695474,1
histamine degradation,7,0.0089273,0.0012753286,1
er associated degradation (erad) pathway,13,0.00892389,0.0006864531,1
Activated NTRK2 signals through CDK5,17,0.008913146,0.0005243027,1
estrogen responsive protein efp controls cell cycle and breast tumors growth,15,0.008906235,0.000593749,1
Pilocytic astrocytoma,10,0.008893559,0.0008893559,1
Vitamin H (biotin) metabolism,5,0.008889524,0.0017779048,1
Signaling by Overexpressed Wild-Type EGFR in Cancer,9,0.008876814,0.0009863126,1
Calcineurin activates NFAT,8,0.008852347,0.0011065434,1
Thiamine metabolism - Homo sapiens (human),22,0.008818535,0.00040084252,1
Apoptotic cleavage of cell adhesion  proteins,17,0.008810505,0.000518265,1
Regulation of FOXO transcriptional activity by acetylation,11,0.00879642,0.00079967454,1
Beta Oxidation of Very Long Chain Fatty Acids,6,0.008791585,0.0014652642,1
Binding of TCF/LEF:CTNNB1 to target gene promoters,13,0.00879046,0.00067618926,1
oxidative stress induced gene expression via nrf2,22,0.008784575,0.00039929888,1
Hydrolysis of LPE,5,0.008768003,0.0017536007,1
Butanoate metabolism - Homo sapiens (human),16,0.008763843,0.0005477402,1
signal dependent regulation of myogenesis by corepressor mitr,6,0.0087613845,0.0014602308,1
Activation of the AP-1 family of transcription factors,15,0.008749138,0.00058327586,1
Regulation of TP53 Degradation,33,0.008746515,0.0002650459,1
Aromatase deficiency,10,0.008729833,0.0008729833,1
Leucine Stimulation on Insulin Signaling,23,0.008688588,0.0003777647,1
FGFR2b ligand binding and activation,21,0.008668366,0.00041277934,1
Bile Acid Biosynthesis,15,0.008664485,0.00057763234,1
Ca2+ activated K+ channels,13,0.008653075,0.0006656212,1
ceramide <i>de novo</i> biosynthesis,13,0.00863829,0.0006644838,1
Malate-Aspartate Shuttle,7,0.008629056,0.0012327222,1
Prostacyclin signalling through prostacyclin receptor,13,0.008627684,0.000663668,1
Alpha6 beta4 integrin-ligand interactions,16,0.008620143,0.00053875893,1
VLDL assembly,10,0.008599948,0.0008599948,1
FBXL7 down-regulates AURKA during mitotic entry and in early mitosis,7,0.008593383,0.0012276262,1
inhibition of matrix metalloproteinases,16,0.0085897595,0.00053685997,1
Short Chain Acyl CoA Dehydrogenase Deficiency (SCAD Deficiency),12,0.008556167,0.00071301387,1
Transport of Mature mRNAs Derived from Intronless Transcripts,11,0.00854177,0.0007765246,1
chondroitin sulfate degradation (metazoa),6,0.008529195,0.0014215325,1
Gemcitabine Action Pathway,14,0.008525908,0.0006089934,1
Synthesis of Ketone Bodies,6,0.008513293,0.0014188822,1
CHILD Syndrome,14,0.008512369,0.0006080264,1
Unwinding of DNA,9,0.008501509,0.00094461214,1
ca-calmodulin-dependent protein kinase activation,12,0.008495971,0.00070799753,1
PTK6 Regulates Cell Cycle,7,0.0084924335,0.0012132048,1
purine nucleotides <i>de novo</i> biosynthesis,31,0.008477679,0.00027347353,1
Type II diabetes mellitus,16,0.008472895,0.00052955595,1
transcription regulation by methyltransferase of carm1,16,0.008471329,0.00052945805,1
chondroitin and dermatan biosynthesis,16,0.008439007,0.00052743795,1
Gap junction degradation,13,0.008415416,0.0006473397,1
Interaction With Cumulus Cells And The Zona Pellucida,8,0.008415071,0.0010518839,1
dermatan sulfate biosynthesis (late stages),12,0.008406801,0.00070056674,1
Role of ABL in ROBO-SLIT signaling,21,0.008383884,0.00039923258,1
Glycosphingolipid biosynthesis - lactoseries,8,0.008373329,0.0010466662,1
Class IB PI3K non-lipid kinase events,8,0.008360033,0.0010450041,1
Acetylcholine binding and downstream events,10,0.008352147,0.00083521474,1
G-protein activation,18,0.008333104,0.0004629502,1
noradrenaline and adrenaline degradation,17,0.008312229,0.00048895465,1
Sorafenib Metabolism Pathway,13,0.008282366,0.0006371051,1
NGF processing,15,0.008272932,0.0005515288,1
EDA signaling in hair follicle development,18,0.008269335,0.0004594075,1
Pamidronate Action Pathway,14,0.008260304,0.0005900217,1
Interleukin-1 Induced Activation of NF-kappa-B,12,0.008230246,0.0006858538,1
Wnt signaling network,40,0.008223864,0.0002055966,1
Neurotransmitter uptake and metabolism In glial cells,11,0.008201664,0.00074560585,1
PAR4-mediated thrombin signaling events,13,0.0081903795,0.0006300292,1
fibrinolysis pathway,12,0.008159764,0.0006799803,1
tumor suppressor arf inhibits ribosomal biogenesis,12,0.0081347665,0.0006778972,1
Wolman disease,14,0.008133315,0.00058095105,1
Aspirin and miRNAs,16,0.008132569,0.00050828554,1
"Synthesis, secretion, and inactivation of Glucose-dependent Insulinotropic Polypeptide (GIP)",14,0.008131487,0.00058082055,1
hypoxia-inducible factor in the cardivascular system,13,0.008129949,0.00062538066,1
fatty acid β-oxidation,12,0.008121848,0.0006768207,1
apoptotic signaling in response to dna damage,10,0.008066964,0.0008066964,1
TGF-beta receptor signaling in EMT (epithelial to mesenchymal transition),22,0.008063729,0.00036653315,1
Protein methylation,19,0.0080625415,0.0004243443,1
Downregulation of SMAD2/3:SMAD4 transcriptional activity,22,0.008057801,0.00036626367,1
melatonin degradation I,9,0.008048424,0.00089426927,1
CaMK IV-mediated phosphorylation of CREB,14,0.008011081,0.0005722201,1
Scavenging by Class H Receptors,13,0.008005633,0.0006158179,1
deregulation of cdk5 in alzheimers disease,7,0.007999997,0.0011428567,1
Golgi Cisternae Pericentriolar Stack Reorganization,16,0.007989249,0.0004993281,1
Transport of organic anions,28,0.007981393,0.00028504973,1
Corticotropin Activation of Cortisol Production,9,0.007951219,0.0008834687,1
Synthesis of 15-eicosatetraenoic acid derivatives,13,0.007946774,0.00061129034,1
Intrinsic Pathway of Fibrin Clot Formation,13,0.007938412,0.0006106471,1
ApoE and miR-146 in inflammation and atherosclerosis,22,0.007936136,0.00036073345,1
Activation of PPARGC1A (PGC-1alpha) by phosphorylation,11,0.007928002,0.00072072743,1
Electric Transmission Across Gap Junctions,4,0.007927818,0.0019819546,1
Scavenging by Class B Receptors,12,0.00792746,0.0006606216,1
Signaling mediated by p38-gamma and p38-delta,11,0.00792587,0.0007205336,1
Tandem of pore domain in a weak inwardly rectifying K+ channels (TWIK),5,0.00792387,0.0015847741,1
Arf1 pathway,19,0.007886694,0.00041508916,1
Aflatoxin activation and detoxification,12,0.007884627,0.00065705227,1
Cerivastatin Action Pathway,14,0.007879123,0.0005627945,1
Carnitine-acylcarnitine translocase deficiency,6,0.007862238,0.0013103731,1
RUNX3 regulates BCL2L11 (BIM) transcription,16,0.007848466,0.0004905291,1
Thromboxane signalling through TP receptor,13,0.007847518,0.00060365524,1
Cholesteryl ester storage disease,14,0.007835585,0.00055968465,1
Purine catabolism,15,0.007799721,0.0005199814,1
Etoposide Metabolism Pathway,13,0.0077771195,0.00059823995,1
west nile virus,8,0.0077512925,0.00096891157,1
Gap-filling DNA repair synthesis and ligation in GG-NER,18,0.0077413274,0.00043007373,1
"TET1,2,3 and TDG demethylate DNA",5,0.0077359825,0.0015471965,1
Saturated fatty acids beta-oxidation,22,0.0077335294,0.00035152407,1
MET activates RAS signaling,14,0.0077180304,0.0005512879,1
G0 and Early G1,12,0.0077147675,0.00064289727,1
insulin signaling pathway,20,0.00767833,0.0003839165,1
G1/S-Specific Transcription,14,0.0076745814,0.0005481844,1
Regulation of commissural axon pathfinding by SLIT and ROBO,27,0.007673328,0.00028419733,1
γ-linolenate biosynthesis,7,0.0076657822,0.0010951117,1
GLUT-1 deficiency syndrome,9,0.0076602474,0.0008511386,1
Sperm Motility And Taxes,9,0.0076520713,0.00085023016,1
Constitutive Signaling by AKT1 E17K in Cancer,20,0.0076403907,0.00038201953,1
One carbon pool by folate - Homo sapiens (human),17,0.0076318076,0.00044892984,1
Mitochondrial calcium ion transport,20,0.007625098,0.00038125488,1
CREB3 factors activate genes,5,0.007618254,0.0015236508,1
MTHFR deficiency,21,0.0076165656,0.0003626936,1
glycoaminoglycan-protein linkage region biosynthesis,10,0.00761038,0.00076103804,1
pyrimidine deoxyribonucleotides biosynthesis from CTP,6,0.007608875,0.0012681459,1
Beta-oxidation of pristanoyl-CoA,11,0.00755738,0.00068703457,1
NR1H2 & NR1H3 regulate gene expression to limit cholesterol uptake ,5,0.0075474624,0.0015094925,1
Antagonism of Activin by Follistatin,11,0.0075440523,0.0006858229,1
p53-Dependent G1/S DNA damage checkpoint,9,0.007536202,0.0008373558,1
Formation of ATP by chemiosmotic coupling,9,0.007520138,0.00083557086,1
Coenzyme A biosynthesis,9,0.0075161434,0.000835127,1
Paclitaxel Action Pathway,7,0.0075150775,0.0010735824,1
HIF1A and PPARG regulation of glycolysis,10,0.007510369,0.0007510369,1
RHO GTPases activate KTN1,8,0.0075093242,0.00093866553,1
Homocysteine Degradation,9,0.007507599,0.00083417766,1
WNT mediated activation of DVL,11,0.007484664,0.00068042404,1
Dual hijack model of Vif in HIV infection,15,0.0074822167,0.00049881445,1
Killing mechanisms,15,0.0074818186,0.0004987879,1
Inflammasomes,16,0.0074736355,0.00046710222,1
Vitamin B1 (thiamin) metabolism,17,0.007472279,0.00043954584,1
Regulation of gene expression by Hypoxia-inducible Factor,6,0.0074440367,0.0012406728,1
G beta:gamma signalling through BTK,10,0.007440806,0.0007440806,1
Activation of RAC1,21,0.007428658,0.00035374562,1
Clopidogrel Metabolism Pathway,7,0.0074246633,0.0010606662,1
Methylation Pathways,8,0.007414457,0.0009268071,1
Downregulation of ERBB4 signaling,16,0.007407531,0.0004629707,1
Fatty Acid Omega Oxidation,10,0.007407449,0.00074074493,1
PTK6 Regulates Proteins Involved in RNA Processing,12,0.007407104,0.00061725866,1
Caffeine metabolism - Homo sapiens (human),12,0.0074065514,0.0006172126,1
Mitochondrial transcription termination,3,0.0074027074,0.0024675692,1
human cytomegalovirus and map kinase pathways,14,0.0073849075,0.00052749336,1
Choline catabolism,8,0.0073822103,0.0009227763,1
Celecoxib Metabolism Pathway,8,0.0073791305,0.0009223913,1
Intracellular Signalling Through Histamine H2 Receptor and Histamine,9,0.0073755234,0.00081950263,1
Expression and Processing of Neurotrophins,15,0.0073742256,0.00049161504,1
Phosphorylation of the APC/C,16,0.007337751,0.00045860943,1
Hyaluronan metabolism,10,0.007331461,0.0007331461,1
Betaine Metabolism,11,0.0073289317,0.00066626654,1
4-hydroxyproline degradation,6,0.0073064235,0.0012177372,1
Zoledronate Action Pathway,14,0.007294927,0.0005210662,1
Starch and Sucrose Metabolism,19,0.0072927224,0.0003838275,1
Tamoxifen Metabolism Pathway,13,0.0072753746,0.0005596442,1
Vinorelbine Action Pathway,9,0.007268949,0.000807661,1
Ethylmalonic Encephalopathy,12,0.0072601615,0.00060501345,1
alternative complement pathway,8,0.0072570024,0.0009071253,1
overview of telomerase rna component gene hterc transcriptional regulation,7,0.0072474093,0.0010353442,1
the prc2 complex sets long-term gene silencing through modification of histone tails,16,0.00723935,0.00045245938,1
Malonyl-coa decarboxylase deficiency,9,0.0072387164,0.0008043018,1
Nucleotide Excision Repair ,14,0.0072020534,0.0005144324,1
Pravastatin Action Pathway,14,0.007187636,0.00051340257,1
TP53 Regulates Transcription of Death Receptors and Ligands,25,0.0071854335,0.00028741735,1
"Gamma-carboxylation, transport, and amino-terminal cleavage of proteins",8,0.0071781976,0.0008972747,1
Autodegradation of Cdh1 by Cdh1:APC/C,15,0.0071776276,0.0004785085,1
Propanoate Metabolism,9,0.007175873,0.0007973192,1
Dectin-1 mediated noncanonical NF-kB signaling,12,0.007172217,0.00059768476,1
Biosynthesis of protectins,5,0.0071716676,0.0014343335,1
Phase 3 - rapid repolarisation,11,0.007159941,0.00065090373,1
purine nucleotides degradation,21,0.0071565704,0.00034078906,1
cholesterol biosynthesis III (via desmosterol),15,0.0071361,0.00047574,1
coenzyme A biosynthesis,9,0.0071315933,0.0007923993,1
Advanced glycosylation endproduct receptor signaling,14,0.0071261222,0.0005090087,1
SCF-beta-TrCP mediated degradation of Emi1,10,0.007116052,0.0007116052,1
Metabolism of porphyrins,25,0.0071130083,0.00028452033,1
Microtubule-dependent trafficking of connexons from Golgi to the plasma membrane,9,0.0071086287,0.00078984763,1
"Glycogenosis, Type IV. Amylopectinosis, Anderson disease",19,0.0071024555,0.00037381344,1
Mitochondrial Beta-Oxidation of Long Chain Saturated Fatty Acids,6,0.0070767654,0.0011794609,1
Pyrimidine salvage,8,0.0070742005,0.00088427507,1
Aromatic L-Aminoacid Decarboxylase Deficiency,11,0.0070684236,0.00064258394,1
CDT1 association with the CDC6:ORC:origin complex,6,0.0070632766,0.0011772128,1
Pantothenate and CoA Biosynthesis,6,0.007055847,0.0011759745,1
Biosynthesis of maresin-like SPMs,5,0.007049484,0.0014098969,1
Activated NTRK3 signals through PLCG1,12,0.0070475307,0.0005872942,1
Metabolism of cofactors,13,0.00704321,0.0005417854,1
pyrimidine ribonucleosides degradation,7,0.007039467,0.0010056382,1
Beta-Alanine Metabolism,7,0.007037463,0.0010053519,1
Bevacizumab Action Pathway,13,0.0070102103,0.00053924695,1
Non-homologous end-joining - Homo sapiens (human),5,0.0070054634,0.0014010926,1
Congenital Bile Acid Synthesis Defect Type III,15,0.007005015,0.000467001,1
Cohesin Loading onto Chromatin,4,0.0069874516,0.0017468629,1
Astrocytic Glutamate-Glutamine Uptake And Metabolism,11,0.0069745625,0.00063405116,1
Excitatory Neural Signalling Through 5-HTR 6 and Serotonin ,7,0.006970654,0.0009958077,1
Ifosfamide Metabolism Pathway,5,0.006968151,0.0013936302,1
Synthesis of (16-20)-hydroxyeicosatetraenoic acids (HETE),8,0.006961664,0.000870208,1
Hijack of ubiquitination by SARS-CoV-2,28,0.0069522522,0.00024829473,1
Blood group systems biosynthesis,17,0.006946117,0.00040859514,1
Sema4D mediated inhibition of cell attachment and migration,10,0.0069166496,0.000691665,1
superpathway of melatonin degradation,9,0.006914485,0.0007682761,1
Mevalonic aciduria,14,0.006911444,0.0004936746,1
Caspase-mediated cleavage of cytoskeletal proteins,9,0.006881823,0.000764647,1
MECP2 regulates transcription of neuronal ligands,9,0.006880019,0.00076444657,1
Constitutive Signaling by NOTCH1 HD Domain Mutants,17,0.006871347,0.00040419688,1
Vincristine Action Pathway,8,0.00686699,0.00085837377,1
Tyrosine hydroxylase deficiency,11,0.0068525216,0.0006229565,1
Conjugation of salicylate with glycine,3,0.0068492396,0.0022830798,1
nuclear receptors coordinate the activities of chromatin remodeling complexes and coactivators to facilitate initiation of transcription in carcinoma cells,12,0.006826661,0.00056888844,1
ROS sensing by NFE2L2,10,0.00682148,0.00068214803,1
Apparent mineralocorticoid excess syndrome,6,0.0068188533,0.0011364756,1
Vitamin B6 metabolism - Homo sapiens (human),10,0.0068153446,0.00068153447,1
G1/S DNA Damage Checkpoints,9,0.0068023107,0.0007558123,1
Oxysterols derived from cholesterol,11,0.0068016765,0.0006183342,1
mitochondrial fatty acid beta-oxidation of saturated fatty acids,5,0.006794214,0.0013588427,1
Sphingolipid Metabolism (integrated pathway),24,0.006790839,0.00028295163,1
AlphaE beta7 integrin cell surface interactions,7,0.006785217,0.00096931675,1
Processing of Intronless Pre-mRNAs,10,0.0067785215,0.00067785213,1
Gap junction trafficking and regulation,20,0.006775643,0.00033878215,1
mevalonate pathway,5,0.0067744767,0.0013548953,1
InlA-mediated entry of Listeria monocytogenes into host cells,8,0.006767814,0.00084597676,1
retinoate biosynthesis II,7,0.0067661842,0.00096659776,1
PP2A-mediated dephosphorylation of key metabolic factors,6,0.006756814,0.0011261357,1
Toxicity of botulinum toxin type E (botE),7,0.0067530614,0.00096472306,1
Synthesis and degradation of ketone bodies - Homo sapiens (human),5,0.0067307353,0.001346147,1
Lidocaine (Local Anaesthetic) Metabolism Pathway,5,0.0067124753,0.0013424951,1
Gap junction trafficking,14,0.0066996287,0.0004785449,1
Hyperphenylalaninemia due to 6-pyruvoyltetrahydropterin synthase deficiency (ptps),10,0.0066926284,0.00066926284,1
InlB-mediated entry of Listeria monocytogenes into host cell,12,0.006686149,0.0005571791,1
Lagging Strand Synthesis,16,0.0066786204,0.00041741377,1
Biosynthesis of maresins,7,0.0066516306,0.00095023296,1
Cori Cycle,6,0.0066504483,0.0011084081,1
PCNA-Dependent Long Patch Base Excision Repair,16,0.0066432348,0.00041520217,1
CREB1 phosphorylation through the activation of CaMKII/CaMKK/CaMKIV cascasde,7,0.006637165,0.0009481664,1
The alternative pathway of fetal androgen synthesis,3,0.006632678,0.0022108927,1
"urate biosynthesis/inosine 5,-phosphate degradation",9,0.006631851,0.0007368724,1
Fluvastatin Action Pathway,14,0.006627814,0.00047341528,1
Digestion of dietary carbohydrate,18,0.006614761,0.00036748673,1
Proteoglycan syndecan-mediated signaling events,15,0.006603047,0.00044020312,1
TFs regulate miRNAs related to cardiac hypertrophy,13,0.0065990095,0.0005076161,1
Congenital disorder of glycosylation CDG-IId,9,0.00657769,0.00073085446,1
Excitatory Neural Signalling Through 5-HTR 7 and  Serotonin ,8,0.00657615,0.0008220188,1
Condensation of Prometaphase Chromosomes,8,0.0065719197,0.00082148996,1
E2F mediated regulation of DNA replication,11,0.0065667666,0.00059697876,1
Signaling by membrane-tethered fusions of PDGFRA or PDGFRB,15,0.0065664267,0.00043776177,1
Metabolism of non-coding RNA,16,0.006552742,0.00040954637,1
Fatty Acid Biosynthesis,15,0.006534278,0.00043561854,1
Wax and plasmalogen biosynthesis,12,0.006532733,0.0005443944,1
DNA Mismatch Repair,18,0.006518601,0.0003621445,1
Inhibition of Signaling by Overexpressed EGFR,9,0.006518289,0.00072425435,1
Lactose Synthesis,9,0.006514033,0.0007237814,1
Omega-3 fatty acid metabolism,13,0.006513359,0.0005010276,1
Homologous recombination,6,0.006508362,0.001084727,1
Catecholamine biosynthesis,11,0.006491888,0.0005901716,1
NTRK3 as a dependence receptor,4,0.0064807665,0.0016201916,1
Carbamazepine Metabolism Pathway,5,0.006478689,0.0012957378,1
Signalling to STAT3,5,0.006469603,0.0012939207,1
superpathway of pyrimidine deoxyribonucleoside salvage,5,0.006468107,0.0012936214,1
SMAC (DIABLO) binds to IAPs ,4,0.0064674085,0.0016168521,1
Proximal tubule bicarbonate reclamation - Homo sapiens (human),26,0.0064560464,0.0002483095,1
Signaling by FGFR2 IIIa TM,14,0.006455504,0.0004611074,1
Glycosylphosphatidylinositol (GPI)-anchor biosynthesis - Homo sapiens (human),12,0.0064513013,0.00053760846,1
internal ribosome entry pathway,12,0.006449984,0.0005374987,1
Glycogen breakdown (glycogenolysis),11,0.0064462344,0.0005860213,1
nicotine degradation III,11,0.006442225,0.00058565685,1
Steroids metabolism,14,0.0064251064,0.00045893618,1
caspase cascade in apoptosis,9,0.0064215013,0.00071350014,1
Vindesine Action Pathway,8,0.006401434,0.00080017926,1
Omega-6 fatty acid metabolism,18,0.0063964203,0.0003553567,1
Glypican 3 network,11,0.0063836067,0.0005803279,1
27-Hydroxylase Deficiency,15,0.0063827327,0.00042551552,1
Cyclophosphamide Metabolism Pathway,5,0.0063575073,0.0012715014,1
Olmesartan Action Pathway,4,0.0063555306,0.0015888826,1
Mucopolysaccharidosis VI. Sly syndrome,19,0.006355351,0.00033449216,1
SMAC(DIABLO)-mediated dissociation of IAP:caspase complexes ,4,0.006340622,0.0015851555,1
Phenylalanine and Tyrosine Metabolism,15,0.006323308,0.00042155388,1
EGFR Transactivation by Gastrin,16,0.0063221715,0.00039513572,1
b cell survival pathway,9,0.006315861,0.0007017623,1
Capecitabine Action Pathway,5,0.00629585,0.00125917,1
superpathway of geranylgeranyldiphosphate biosynthesis I (via mevalonate),5,0.006287345,0.0012574691,1
Activation of NOXA and translocation to mitochondria,9,0.0062800376,0.000697782,1
adenosine ribonucleotides <i>de novo</i> biosynthesis,22,0.006270006,0.00028500028,1
Zinc efflux and compartmentalization by the SLC30 family,13,0.0062508094,0.00048083148,1
VLDL clearance,17,0.0062393597,0.00036702116,1
Formation of annular gap junctions,13,0.006232699,0.00047943837,1
Adrenal Hyperplasia Type 5 or Congenital Adrenal Hyperplasia due to 17 Alpha-hydroxylase Deficiency,6,0.0062276954,0.0010379492,1
Hyperphenylalaniemia due to guanosine triphosphate cyclohydrolase deficiency,10,0.0062145903,0.00062145904,1
eicosapentaenoate biosynthesis,5,0.006201376,0.0012402752,1
Di-unsaturated fatty acid beta-oxidation,14,0.0061919424,0.0004422816,1
"Cystinosis, ocular nonnephropathic",15,0.006136915,0.00040912768,1
E2F-enabled inhibition of pre-replication complex formation,5,0.0061187567,0.0012237513,1
pyrimidine deoxyribonucleosides degradation,5,0.0061122645,0.0012224528,1
serine and glycine biosynthesis,12,0.006105306,0.0005087755,1
Glycogen synthesis,17,0.006091573,0.00035832782,1
Uptake and function of diphtheria toxin,6,0.0060725333,0.0010120888,1
guanosine ribonucleotides <i>de novo</i> biosynthesis,2,0.006043937,0.0030219685,1
Perindopril Action Pathway,4,0.0060339607,0.0015084902,1
asparagine degradation,13,0.0060288697,0.0004637592,1
Intracellular Signalling Through Prostacyclin Receptor and Prostacyclin,8,0.0060189273,0.0007523659,1
Transcription from mitochondrial promoters,6,0.0059378883,0.000989648,1
fosb gene expression and drug abuse,4,0.0059367847,0.0014841962,1
RHO GTPases activate CIT,19,0.0059174113,0.0003114427,1
Regulation of gap junction activity,15,0.0059146457,0.00039430973,1
Enalapril Action Pathway,4,0.00590692,0.00147673,1
Hypoacetylaspartia,8,0.0059060557,0.00073825696,1
Presynaptic nicotinic acetylcholine receptors,5,0.0058974233,0.0011794847,1
acetone degradation I (to methylglyoxal),4,0.005896341,0.0014740853,1
Phytanic acid peroxisomal oxidation,13,0.005887798,0.00045290755,1
APEX1-Independent Resolution of AP Sites via the Single Nucleotide Replacement Pathway,4,0.005881614,0.0014704035,1
KIT mutants bind TKIs,7,0.005877216,0.00083960226,1
Sphingolipid Metabolism (general overview),24,0.005870938,0.0002446224,1
serine biosynthesis (phosphorylated route),11,0.0058661452,0.00053328596,1
Nevirapine Metabolism Pathway,7,0.0058620526,0.00083743606,1
Non-homologous end joining,4,0.0058483034,0.0014620759,1
Synthesis of epoxy (EET) and dihydroxyeicosatrienoic acids (DHET),8,0.0058407225,0.0007300903,1
cdc25 and chk1 regulatory pathway in response to dna damage,12,0.005835678,0.0004863065,1
carm1 and regulation of the estrogen receptor,16,0.0058301664,0.0003643854,1
GABA shunt,9,0.0058244145,0.0006471572,1
Atorvastatin Action Pathway,14,0.0058146277,0.00041533055,1
mechanism of acetaminophen activity and toxicity,3,0.005808325,0.0019361083,1
Hyaluronan uptake and degradation,8,0.005804653,0.0007255816,1
Processing of Capped Intronless Pre-mRNA,11,0.0057996674,0.0005272425,1
γ-glutamyl cycle,4,0.0057970965,0.0014492741,1
Nucleotide metabolism,8,0.005794279,0.00072428485,1
Organic anion transporters,5,0.0057897074,0.0011579415,1
BDNF activates NTRK2 (TRKB) signaling,12,0.005788506,0.0004823755,1
Attachment and Entry,5,0.005782298,0.0011564596,1
Mitochondrial fatty acid synthesis pathway,6,0.005781007,0.00096350117,1
fatty acid β-oxidation (peroxisome),16,0.0057762116,0.00036101323,1
ARMS-mediated activation,11,0.0057758833,0.0005250803,1
Synthesis of PIPs at the ER membrane,4,0.0057639666,0.0014409916,1
Signaling by MRAS-complex mutants,6,0.0057568173,0.00095946953,1
Signaling by EGFRvIII in Cancer,23,0.0057560448,0.00025026282,1
palmitate biosynthesis,6,0.0057473127,0.00095788547,1
Interaction between PHLDA1 and AURKA,4,0.005739517,0.0014348793,1
Fibronectin matrix formation,5,0.005729498,0.0011458995,1
Malonic Aciduria,9,0.005673717,0.00063041295,1
Smith-Lemli-Opitz Syndrome (SLOS),14,0.005673462,0.0004052473,1
Creatine metabolism,7,0.005673067,0.0008104382,1
Retrograde neurotrophin signalling,11,0.0056703715,0.0005154883,1
Dissolution of Fibrin Clot,11,0.0056628203,0.0005148018,1
Leading Strand Synthesis,14,0.0056533795,0.00040381282,1
MET activates STAT3,5,0.0056449724,0.0011289945,1
Metabolism of polyamines,10,0.005640922,0.0005640922,1
MAPK pathway in congenital thyroid cancer,14,0.0056290794,0.0004020771,1
Tgif disruption of Shh signaling,12,0.005617759,0.0004681466,1
Nicotine Metabolism,10,0.0056147594,0.0005614759,1
4-hydroxy-2-nonenal detoxification,5,0.0056093135,0.0011218627,1
Invadopodia formation,6,0.0056056795,0.00093427993,1
pyrimidine ribonucleosides salvage I,5,0.005598901,0.0011197801,1
Excitatory Neural Signalling Through 5-HTR 4 and Serotonin,8,0.0055927755,0.00069909694,1
Pentose phosphate cycle,10,0.0055897916,0.00055897917,1
Early Phase of HIV Life Cycle,6,0.0055879275,0.00093132124,1
Phenylketonuria,15,0.0055869515,0.00037246343,1
Terminal pathway of complement,5,0.005583863,0.0011167725,1
Sulfite oxidase deficiency,8,0.005581604,0.0006977005,1
Fructosuria,9,0.0055719935,0.0006191104,1
SLIT2:ROBO1 increases RHOA activity,16,0.005542781,0.00034642383,1
superpathway of pyrimidine deoxyribonucleotides <i>de novo</i> biosynthesis,6,0.0055322913,0.0009220485,1
Aspartate Metabolism,8,0.005523565,0.00069044565,1
basic mechanism of action of ppara pparb(d) and pparg and effects on gene expression,13,0.0055227643,0.00042482803,1
Serine biosynthesis,16,0.0055196784,0.0003449799,1
Signaling by kinase domain mutants of KIT,7,0.0055173743,0.00078819634,1
Ureidopropionase deficiency,7,0.0055092527,0.0007870361,1
Thyroxine biosynthesis,9,0.0054881177,0.00060979085,1
Glycogen synthetase deficiency,19,0.005461567,0.0002874509,1
Release of apoptotic factors from the mitochondria,4,0.0054615196,0.0013653799,1
Carnitine palmitoyl transferase deficiency (II),12,0.005445274,0.00045377284,1
RUNX3 regulates CDKN1A transcription,13,0.005439247,0.00041840362,1
Trandolapril Action Pathway,4,0.005434595,0.0013586488,1
Negative feedback regulation of MAPK pathway,7,0.0054134205,0.00077334576,1
Neurodegenerative Diseases,10,0.005406697,0.00054066966,1
TNFR1-induced proapoptotic signaling,8,0.005390734,0.00067384174,1
RHOBTB1 GTPase cycle,12,0.0053891325,0.00044909437,1
Beta-catenin phosphorylation cascade,15,0.0053788233,0.0003585882,1
tetrahydrobiopterin <i>de novo</i> biosynthesis,4,0.005371468,0.001342867,1
"4-hydroxytamoxifen, Dexamethasone, and Retinoic Acids Regulation of p27 Expression",13,0.005368937,0.00041299514,1
generation of amyloid b-peptide by ps1,7,0.005367988,0.0007668554,1
5-oxoprolinase deficiency,4,0.005344865,0.0013362162,1
WNT5:FZD7-mediated leishmania damping,15,0.005344128,0.00035627518,1
C20 prostanoid biosynthesis,6,0.005339907,0.0008899845,1
Latent infection - Other responses of Mtb to phagocytosis,5,0.005334384,0.0010668768,1
Hereditary Coproporphyria (HCP),9,0.0053342404,0.0005926934,1
asparagine biosynthesis,10,0.0053162146,0.00053162145,1
N-glycan trimming and elongation in the cis-Golgi,7,0.0053135473,0.0007590782,1
Kennedy pathway from sphingolipids,16,0.005290408,0.0003306505,1
Oxidation of Branched Chain Fatty Acids,8,0.0052877725,0.00066097156,1
AMPK inhibits chREBP transcriptional activation activity,11,0.0052698264,0.00047907513,1
Activation of AKT2,5,0.005265701,0.0010531403,1
Clopidogrel Action Pathway,7,0.005261422,0.00075163174,1
Thiamine Metabolism,14,0.005257001,0.0003755001,1
Corticosterone methyl oxidase II deficiency - CMO II,6,0.0052502067,0.0008750344,1
RHOT2 GTPase cycle,5,0.0052467063,0.0010493413,1
Fatty Acids bound to GPR40 (FFAR1) regulate insulin secretion,5,0.005241196,0.0010482392,1
NR1H2 & NR1H3 regulate gene expression to control bile acid homeostasis,7,0.00522654,0.0007466486,1
Methotrexate Action Pathway,11,0.0052184877,0.00047440798,1
G beta:gamma signalling through PI3Kgamma,19,0.005211172,0.00027427223,1
phospho-PLA2 pathway,6,0.0052101146,0.0008683524,1
Doxorubicin Metabolism Pathway,18,0.005206877,0.00028927095,1
Omega-9 FA synthesis,7,0.0052063954,0.0007437708,1
Ribose-5-phosphate isomerase deficiency,11,0.0051979492,0.00047254085,1
Imipramine Metabolism Pathway,3,0.0051890714,0.0017296905,1
Chaperone Mediated Autophagy,13,0.005187014,0.0003990011,1
Polymerase switching on the C-strand of the telomere,18,0.005181426,0.00028785702,1
"Activation of NIMA Kinases NEK9, NEK6, NEK7",34,0.005175322,0.00015221535,1
histidine degradation,2,0.0051715886,0.0025857943,1
gluconeogenesis,13,0.0051701083,0.00039770064,1
Transport of connexins along the secretory pathway,10,0.0051616076,0.00051616074,1
Trifunctional protein deficiency,12,0.0051569776,0.00042974812,1
platelet amyloid precursor protein pathway,8,0.0051492294,0.0006436537,1
Aurora C signaling,3,0.005125326,0.001708442,1
Activation of C3 and C5,6,0.005119433,0.00085323886,1
"Glycogenosis, Type IA. Von gierke disease",11,0.005109659,0.00046451445,1
Ketone body metabolism,6,0.005109079,0.0008515132,1
Sensing of DNA Double Strand Breaks,3,0.005089277,0.0016964256,1
Histamine receptors,7,0.005057291,0.00072247017,1
TCA Cycle Nutrient Utilization and Invasiveness of Ovarian Cancer,13,0.0050502024,0.0003884771,1
Galactosemia II (GALK),8,0.0050424184,0.0006303023,1
regulation of eif2,7,0.0050383564,0.0007197652,1
fatty acid activation,6,0.0050299233,0.0008383205,1
CYP2E1 reactions,7,0.005026698,0.0007180997,1
akap95 role in mitosis and chromosome dynamics,8,0.005023552,0.000627944,1
Estrogen-stimulated signaling through PRKCZ,11,0.005019365,0.0004563059,1
Endogenous sterols,8,0.0050092395,0.00062615494,1
EGFR interacts with phospholipase C-gamma,10,0.0050089075,0.0005008908,1
"Deregulated CDK5 triggers multiple neurodegenerative pathways in Alzheimer,s disease models",10,0.0049914597,0.00049914594,1
Canavan Disease,8,0.0049873437,0.00062341796,1
Scavenging by Class F Receptors,10,0.004985146,0.0004985146,1
Pathways of nucleic acid metabolism and innate immune sensing,7,0.0049787275,0.0007112468,1
Cimetidine Metabolism Pathway,2,0.0049770223,0.0024885111,1
Steroidogenesis,6,0.004975984,0.00082933065,1
Temocapril Action Pathway,4,0.004968553,0.0012421382,1
Removal of aminoterminal propeptides from gamma-carboxylated proteins,8,0.004962135,0.0006202669,1
Congenital Bile Acid Synthesis Defect Type II,15,0.0049612573,0.00033075048,1
brca1 dependent ub ligase activity,6,0.0049520237,0.0008253373,1
Androgen biosynthesis,5,0.0049415412,0.0009883082,1
superpathway of choline degradation to L-serine,6,0.0049374406,0.0008229068,1
MASTL Facilitates Mitotic Progression,8,0.004929508,0.0006161885,1
Intracellular Signalling Through LHCGR Receptor and Luteinizing Hormone/Choriogonadotropin,8,0.0049278894,0.0006159862,1
Josephin domain DUBs,8,0.0049256273,0.0006157034,1
p53-Dependent G1 DNA Damage Response,9,0.004914462,0.00054605136,1
Scavenging of heme from plasma,5,0.004900957,0.0009801914,1
sulfate activation for sulfonation,6,0.0048972727,0.0008162121,1
Acetylcholine Synthesis,11,0.004889486,0.00044449873,1
aspartate biosynthesis,9,0.004889462,0.0005432736,1
Ubiquitin-dependent degradation of Cyclin D,9,0.0048813475,0.00054237194,1
Fosinopril Action Pathway,4,0.0048768735,0.0012192184,1
rna polymerase iii transcription,6,0.004874643,0.00081244047,1
Transport of nucleosides and free purine and pyrimidine bases across the plasma membrane,9,0.0048734965,0.0005414996,1
Transmission across Electrical Synapses ,4,0.004871477,0.0012178692,1
molybdenum cofactor biosynthesis,3,0.0048674243,0.0016224748,1
eukaryotic protein translation,5,0.0048642047,0.00097284093,1
Highly calcium permeable nicotinic acetylcholine receptors,4,0.004862717,0.0012156792,1
L-cysteine degradation II,9,0.004862596,0.0005402884,1
phenylalanine degradation/tyrosine biosynthesis,8,0.0048414315,0.00060517894,1
tyrosine degradation,3,0.004827172,0.0016090573,1
lysine degradation I (saccharopine pathway),5,0.004819867,0.00096397346,1
LncRNA-mediated mechanisms of therapeutic resistance,8,0.004809533,0.0006011916,1
Cholesterol biosynthesis via lathosterol,7,0.00479685,0.0006852643,1
Carnitine Synthesis,3,0.0047928393,0.0015976131,1
Primary bile acid biosynthesis - Homo sapiens (human),15,0.004790356,0.00031935706,1
Hydroxycarboxylic acid-binding receptors,2,0.0047863103,0.0023931551,1
Synthesis of dolichyl-phosphate mannose,3,0.0047757393,0.001591913,1
Alpha Linolenic Acid and Linoleic Acid Metabolism,4,0.004772254,0.0011930635,1
Androgen and Estrogen Metabolism,10,0.004764873,0.0004764873,1
pyrimidine deoxyribonucleotides <i>de novo</i> biosynthesis,5,0.004764302,0.00095286046,1
pyrimidine deoxyribonucleosides salvage,4,0.004762787,0.0011906967,1
Spermidine and Spermine Biosynthesis,3,0.0047491966,0.0015830655,1
"Fructose-1,6-diphosphatase deficiency",11,0.0047483244,0.00043166586,1
HIPK2 in kidney fibrosis,2,0.004735858,0.002367929,1
Free fatty acids regulate insulin secretion,7,0.0047347993,0.0006763999,1
4-aminobutyrate degradation,3,0.0047250767,0.0015750256,1
Glutathione Metabolism,4,0.004717116,0.001179279,1
The retinoid cycle in cones (daylight vision),4,0.0047138343,0.0011784586,1
Phosphorylation of proteins involved in G1/S transition by active Cyclin E:Cdk2 complexes,3,0.0047099246,0.0015699748,1
Signaling by FGFR2 amplification mutants,11,0.004705542,0.0004277765,1
phosphatidylserine biosynthesis II,6,0.004698745,0.0007831242,1
Amino acid conjugation of benzoic acid,2,0.0046861214,0.0023430607,1
cbl mediated ligand-induced downregulation of egf receptors pathway,11,0.0046780054,0.0004252732,1
Interleukin-37 signaling,10,0.0046659815,0.00046659814,1
endocytotic role of ndk phosphins and dynamin,15,0.0046607805,0.0003107187,1
TRAIL  signaling,7,0.004658543,0.0006655062,1
Phosphoenolpyruvate carboxykinase deficiency 1 (PEPCK1),11,0.004656138,0.00042328527,1
p75NTR regulates axonogenesis,8,0.0046525258,0.0005815657,1
PLCG1 events in ERBB2 signaling,5,0.004651375,0.000930275,1
Trastuzumab Action Pathway,3,0.0046503986,0.0015501329,1
ALK2 signaling events,14,0.004639615,0.00033140107,1
L-cysteine degradation I,9,0.0046387482,0.0005154165,1
Sulfur metabolism - Homo sapiens (human),8,0.00462115,0.00057764375,1
Constitutive Signaling by Overexpressed ERBB2,19,0.004608941,0.00024257583,1
Kynurenine Pathway and links to Cellular Senescence,6,0.0045882,0.00076469994,1
TCA cycle in senescence,19,0.004582313,0.00024117436,1
sumoylation as a mechanism to modulate ctbp-dependent gene responses,11,0.004559477,0.0004144979,1
Metallothioneins bind metals,2,0.004556436,0.002278218,1
Histidine catabolism,3,0.004555757,0.0015185857,1
1q21.1 copy number variation syndrome,29,0.004554486,0.00015705124,1
Purine salvage,6,0.0045524137,0.00075873564,1
PIWI-interacting RNA (piRNA) biogenesis,5,0.0045487015,0.0009097403,1
"Adrenoleukodystrophy, X-linked",6,0.0045414106,0.00075690175,1
RHOBTB3 ATPase cycle,7,0.004540507,0.0006486439,1
Regulation of PTEN mRNA translation,7,0.004516173,0.0006451676,1
Eicosanoid metabolism via cytochrome P450 monooxygenases (CYP) pathway,7,0.004508723,0.0006441033,1
Sulfate/Sulfite Metabolism,8,0.004508421,0.0005635526,1
Activation of AMPA receptors,6,0.004488883,0.0007481472,1
"COVID-19, thrombosis and anticoagulation",5,0.0044680797,0.00089361594,1
Miro GTPase Cycle,5,0.00446794,0.000893588,1
RSK activation,8,0.004461059,0.00055763236,1
Capecitabine Metabolism Pathway,5,0.00445115,0.00089023,1
Glutathione Synthetase Deficiency,4,0.004439194,0.0011097986,1
DNA-PK pathway in nonhomologous end joining,4,0.0044356766,0.0011089192,1
Vitamin C (ascorbate) metabolism,7,0.004425469,0.0006322098,1
Drug-mediated inhibition of ERBB2 signaling,7,0.00441662,0.0006309457,1
Formation of tubulin folding intermediates by CCT/TriC,9,0.0044062813,0.0004895868,1
21-hydroxylase deficiency (CYP21),6,0.004403452,0.0007339087,1
"SUMO is transferred from E1 to E2 (UBE2I, UBC9)",4,0.0044033593,0.0011008398,1
Nicotine Metabolism Pathway,11,0.0044015334,0.0004001394,1
Diseases of programmed cell death,11,0.004390676,0.00039915237,1
overview of telomerase protein component gene htert transcriptional regulation,7,0.0043813144,0.00062590203,1
Moexipril Action Pathway,4,0.0043811,0.001095275,1
Arylamine metabolism,12,0.0043778336,0.00036481945,1
yaci and bcma stimulation of b cell immune responses,9,0.004358093,0.00048423253,1
Transcription of E2F targets under negative control by DREAM complex,4,0.0043566506,0.0010891627,1
Suppression of apoptosis,9,0.004332218,0.00048135754,1
15q11.2 copy number variation syndrome,4,0.004331142,0.0010827855,1
Cysteine formation from homocysteine,9,0.0043292553,0.00048102837,1
Thyroxine (Thyroid Hormone) Production,9,0.0042968313,0.0004774257,1
Endoplasmic reticulum stress response in coronavirus infection,7,0.004287837,0.00061254814,1
HDL assembly,4,0.00427851,0.0010696275,1
"Fructose intolerance, hereditary",9,0.004277041,0.00047522679,1
Glucose-Alanine Cycle,6,0.004273495,0.0007122492,1
regulation of p27 phosphorylation during cell cycle progression,8,0.004264406,0.00053305074,1
ABO blood group biosynthesis,7,0.004263503,0.00060907187,1
Pexophagy,4,0.0042626443,0.0010656611,1
Valsartan Action Pathway,4,0.0042317384,0.0010579346,1
Peptide hormone biosynthesis,4,0.004224061,0.0010560153,1
Porphyrin Metabolism,9,0.004194135,0.000466015,1
Hypoxia-mediated EMT and Stemness,6,0.0041902666,0.0006983778,1
Conjugation of carboxylic acids,3,0.0041897353,0.0013965784,1
sphingosine and sphingosine-1-phosphate metabolism,7,0.0041853907,0.00059791293,1
5-Oxoprolinuria,4,0.0041148774,0.0010287194,1
"<i>trans, trans</i>-farnesyl diphosphate biosynthesis",2,0.004110981,0.0020554904,1
Gamma-cystathionase deficiency (CTH),9,0.004098632,0.00045540355,1
NIK-->noncanonical NF-kB signaling,12,0.004085322,0.00034044348,1
Mismatch repair (MMR) directed by MSH2:MSH3 (MutSbeta),8,0.0040749605,0.00050937006,1
snRNP Assembly,16,0.0040733865,0.00025458666,1
bupropion degradation,3,0.004058316,0.001352772,1
Replication of the SARS-CoV-2 genome,6,0.0040533645,0.00067556073,1
ROBO receptors bind AKAP5,13,0.004035531,0.00031042547,1
L-glutamine tRNA biosynthesis,4,0.004035157,0.0010087893,1
Congenital Erythropoietic Porphyria (CEP) or Gunther Disease,9,0.0040187235,0.00044652482,1
Classical antibody-mediated complement activation,2,0.0040155137,0.0020077568,1
visual signal transduction,6,0.0040057623,0.000667627,1
ethanol degradation IV,4,0.004005706,0.0010014265,1
Competing endogenous RNAs (ceRNAs) regulate PTEN translation,7,0.0039889747,0.0005698535,1
Lipid particle organization,4,0.0039869384,0.0009967346,1
Signaling by Hippo,15,0.0039847298,0.00026564865,1
Gamma-carboxylation of protein precursors,5,0.003979343,0.0007958686,1
"<i>S</i>-methyl-5,-thioadenosine degradation",2,0.0039695045,0.0019847522,1
Regulation of PAK-2p34 activity by PS-GAP/RHG10,2,0.0039649373,0.0019824686,1
Heroin Metabolism Pathway,10,0.003957095,0.0003957095,1
Gamma-glutamyl-transpeptidase deficiency,4,0.003953155,0.0009882888,1
Aflatoxin B1 metabolism,5,0.0039422447,0.00078844896,1
Ion influx/efflux at host-pathogen interface,4,0.0039286413,0.0009821603,1
Telmisartan Action Pathway,4,0.003922847,0.0009807118,1
Mitotic Telophase/Cytokinesis,5,0.00392168,0.000784336,1
Lewis blood group biosynthesis,12,0.003911687,0.00032597393,1
Phenylacetate Metabolism,2,0.0039071385,0.0019535692,1
"Gamma-glutamyl cycle for the biosynthesis and degradation of glutathione, including diseases",3,0.0039038588,0.0013012863,1
Reuptake of GABA,6,0.0039030488,0.00065050815,1
Porphyria Variegata (PV),9,0.0038976327,0.0004330703,1
Pregnenolone biosynthesis,11,0.0038936553,0.00035396867,1
PLK3 signaling events,4,0.0038733927,0.0009683482,1
MAPK3 (ERK1) activation,5,0.0038679661,0.0007735932,1
Late endosomal microautophagy,9,0.00386442,0.00042938002,1
Processing of SMDT1,14,0.003864238,0.000276017,1
Fructose and Mannose Degradation,9,0.003862292,0.00042914355,1
NS1 Mediated Effects on Host Pathways,6,0.003855961,0.00064266013,1
folate transformations,10,0.003852393,0.0003852393,1
Integrated Cancer Pathway,5,0.003848005,0.000769601,1
S-adenosyl-L-methionine biosynthesis,5,0.0038433233,0.00076866464,1
PTK6 Activates STAT3,3,0.003842756,0.0012809186,1
Molybdenum cofactor (Moco) biosynthesis,2,0.0038193148,0.0019096574,1
ATP sensitive Potassium channels,6,0.003817086,0.00063618104,1
11-beta-hydroxylase deficiency (CYP11B1),6,0.0038108896,0.00063514826,1
Glial Cell Differentiation,11,0.0038065573,0.00034605066,1
Phosphate bond hydrolysis by NTPDase proteins,3,0.003792821,0.0012642737,1
"Phase I biotransformations, non P450",5,0.003792271,0.0007584542,1
Cellular Proteostasis,5,0.0037880805,0.00075761613,1
NFG and proNGF binds to p75NTR,3,0.003777169,0.0012590563,1
SARS-CoV-2 and angiotensin-converting enzyme 2 receptor- molecular mechanisms,7,0.0037762804,0.00053946866,1
GABA-Transaminase Deficiency,7,0.0037739081,0.0005391297,1
Glycogen Storage Disease Type 1A (GSD1A) or Von Gierke Disease,11,0.0037711938,0.0003428358,1
rRNA modification in the mitochondrion,2,0.0037682692,0.0018841346,1
UTP and CTP dephosphorylation II,2,0.0037599073,0.0018799537,1
STING mediated induction of host immune responses,2,0.0037465445,0.0018732722,1
Signaling by FGFR2 fusions,11,0.0037412555,0.00034011414,1
The role of GTSE1 in G2/M progression after G2 checkpoint,7,0.0037293225,0.00053276034,1
guanosine deoxyribonucleotides <i>de novo</i> biosynthesis,3,0.0037290256,0.0012430085,1
Caffeine and Theobromine metabolism,12,0.003724126,0.00031034384,1
Doxepin Metabolism Pathway,4,0.0037088832,0.0009272208,1
Vasopressin-like receptors,3,0.0037057942,0.0012352647,1
Lactose synthesis,5,0.0037014803,0.0007402961,1
Gap junction assembly,10,0.0036957345,0.00036957345,1
Mitotic Metaphase/Anaphase Transition,5,0.0036895757,0.00073791516,1
Short-chain 3-hydroxyacyl-CoA dehydrogenase deficiency (SCHAD),9,0.0036846623,0.00040940693,1
Telomere Extension By Telomerase,9,0.0036732117,0.00040813463,1
Vinblastine Action Pathway,9,0.0036691416,0.00040768238,1
Activation of caspases through apoptosome-mediated cleavage,4,0.0036524031,0.0009131008,1
Erlotinib Action Pathway,7,0.003640704,0.0005201006,1
Teniposide Metabolism Pathway,2,0.003638607,0.0018193035,1
Omega-3-Omega-6 FA synthesis,8,0.0036367427,0.00045459284,1
Sulfur relay system - Homo sapiens (human),2,0.003632517,0.0018162585,1
CDC6 association with the ORC:origin complex,3,0.0036301932,0.0012100644,1
granzyme a mediated apoptosis pathway,5,0.003619874,0.0007239748,1
Triglyceride catabolism,11,0.0036080012,0.0003280001,1
Venlafaxine Metabolism Pathway,2,0.0036074277,0.0018037139,1
"Formation of the active cofactor, UDP-glucuronate",5,0.0035942085,0.0007188417,1
superpathway of steroid hormone biosynthesis,9,0.0035922353,0.00039913727,1
Response to metal ions,2,0.0035809474,0.0017904737,1
Regulation of ornithine decarboxylase (ODC),3,0.0035696053,0.0011898684,1
Zellweger Syndrome,15,0.0035679813,0.00023786542,1
Transport of nucleotide sugars,5,0.0035574813,0.0007114963,1
Fluoroacetic acid toxicity,6,0.0035327508,0.0005887918,1
Codeine Metabolism Pathway,8,0.0035318336,0.0004414792,1
Clomipramine Metabolism Pathway,3,0.0035291736,0.0011763911,1
Triosephosphate isomerase,11,0.003524207,0.00032038245,1
The NLRP3 inflammasome,7,0.0035219956,0.00050314225,1
Vitamin B6 Metabolism,4,0.003520085,0.00088002125,1
Cysteine Metabolism,15,0.0035169167,0.00023446111,1
Lidocaine metabolism,3,0.0035161714,0.0011720571,1
Phosphorylation of Emi1,8,0.0035045543,0.00043806928,1
PTK6 Expression,8,0.0034987263,0.0004373408,1
hydrogen sulfide biosynthesis (trans-sulfuration),7,0.0034904296,0.0004986328,1
2-LTR circle formation,3,0.003486103,0.0011620343,1
apoptotic dna-fragmentation and tissue homeostasis,4,0.003473403,0.00086835073,1
CMP-<i>N</i>-acetylneuraminate biosynthesis I (eukaryotes),4,0.0034649326,0.00086623314,1
Glucocorticoid biosynthesis,4,0.0034639004,0.0008659751,1
Lamin A-processing pathway,1,0.0034478626,0.0034478626,1
Mtb iron assimilation by chelation,5,0.003445485,0.000689097,1
Classical pathway of steroidogenesis with glucocorticoid and mineralocorticoid metabolism,6,0.0034379028,0.0005729838,1
Maturation of nucleoprotein,9,0.0034143818,0.00037937576,1
reversal of insulin resistance by leptin,8,0.0034041803,0.00042552254,1
Acetylcholine inhibits contraction of outer hair cells,11,0.0033985127,0.0003089557,1
Axonal growth inhibition (RHOA activation),8,0.0033978925,0.00042473656,1
dolichyl-diphosphooligosaccharide biosynthesis,3,0.0033915197,0.0011305065,1
Pyruvate Carboxylase Deficiency,1,0.0033895345,0.0033895345,1
proline biosynthesis,4,0.0033792355,0.0008448089,1
Terpenoid backbone biosynthesis - Homo sapiens (human),7,0.0033740378,0.0004820054,1
Arachidonate Epoxygenase - Epoxide Hydrolase,4,0.0033717575,0.00084293936,1
Post-transcriptional silencing by small RNAs,7,0.0033662082,0.00048088687,1
Cilazapril Action Pathway,4,0.003351583,0.0008378957,1
Modulation by Mtb of host immune system,5,0.0033449028,0.00066898053,1
Biosynthesis of DPA-derived SPMs,4,0.003342381,0.00083559525,1
betaKlotho-mediated ligand binding,4,0.0033391942,0.00083479856,1
"Glycogenosis, Type VII. Tarui disease",5,0.0033323287,0.0006664657,1
Methionine metabolism leading to sulfur amino acids and related disorders,8,0.0033312591,0.0004164074,1
purine deoxyribonucleosides salvage,4,0.0033274295,0.0008318574,1
dermatan sulfate degradation (metazoa),4,0.0033123097,0.00082807743,1
ketogenesis,5,0.0033120126,0.00066240254,1
Glycoprotein hormones,3,0.0033089025,0.0011029675,1
catecholamine biosynthesis,11,0.0033030766,0.0003002797,1
Caspase activation via Dependence Receptors in the absence of ligand,18,0.00329796,0.00018321999,1
Transport of Mature mRNA Derived from an Intronless Transcript,11,0.0032846483,0.0002986044,1
Unfolded Protein Response (UPR),8,0.0032843957,0.00041054946,1
Processive synthesis on the C-strand of the telomere,9,0.0032689807,0.00036322008,1
Defective ABCC8 can cause hypo- and hyper-glycemias,3,0.0032661804,0.0010887268,1
Arachidonate production from DAG,14,0.0032586004,0.00023275717,1
"Metabolism of ingested SeMet, Sec, MeSec into H2Se",10,0.003247631,0.0003247631,1
Aromatic amines can be N-hydroxylated or N-dealkylated by CYP1A2,2,0.0032445844,0.0016222922,1
RUNX2 regulates genes involved in differentiation of myeloid cells,3,0.0032384146,0.0010794715,1
Regulation of BACH1 activity,10,0.0032341538,0.00032341538,1
p75NTR recruits signalling complexes,13,0.0032062382,0.00024663372,1
Spirapril Action Pathway,4,0.0031998833,0.0007999708,1
Primary Hyperoxaluria Type I,1,0.0031990153,0.0031990153,1
TRKA activation by NGF,2,0.0031935652,0.0015967826,1
hiv-1 defeats host-mediated resistance by cem15,4,0.0031818352,0.0007954588,1
SARS-CoV-1 Genome Replication and Transcription,6,0.0031706048,0.0005284341,1
"D-<i>myo</i>-inositol (1,4,5)-trisphosphate degradation",6,0.0031626767,0.0005271128,1
basic mechanisms of sumoylation,4,0.0031610609,0.0007902652,1
Folate-Alcohol and Cancer Pathway Hypotheses,8,0.003158436,0.0003948045,1
p53-Independent DNA Damage Response,2,0.0031583912,0.0015791956,1
STAT6-mediated induction of chemokines,1,0.003139314,0.003139314,1
Inhibition of replication initiation of damaged DNA by RB1/E2F1,6,0.0031182007,0.0005197001,1
4-hydroxybenzoate biosynthesis,2,0.0031134181,0.0015567091,1
Lisinopril Action Pathway,4,0.0031097727,0.0007774432,1
Lactose Intolerance,5,0.0031074232,0.00062148465,1
Mismatch Repair,8,0.003106343,0.0003882929,1
thyroid hormone metabolism II (via conjugation and/or degradation),15,0.0031002262,0.00020668174,1
Signaling by juxtamembrane domain KIT mutants,7,0.0030996364,0.0004428052,1
Synthesis of PG,3,0.0030994136,0.0010331379,1
Tramadol Metabolism Pathway,14,0.0030935777,0.00022096983,1
Transport of connexons to the plasma membrane,10,0.0030843182,0.00030843183,1
role of parkin in ubiquitin-proteasomal pathway,12,0.0030838978,0.00025699148,1
Fanconi-bickel syndrome,5,0.003076622,0.0006153244,1
"SMAC, XIAP-regulated apoptotic response",4,0.0030722823,0.0007680706,1
Metabolism of vitamin K,1,0.0030514447,0.0030514447,1
acetate conversion to acetyl-CoA,2,0.0030499257,0.0015249628,1
PERK regulates gene expression,1,0.0030462302,0.0030462302,1
Fructose metabolism,5,0.0030380522,0.00060761045,1
Attachment of GPI anchor to uPAR,8,0.0030327528,0.0003790941,1
Mitochondrial ABC transporters,2,0.0030325204,0.0015162602,1
Lactose Degradation,5,0.003030769,0.0006061538,1
rRNA processing in the mitochondrion,2,0.0030275523,0.0015137761,1
btg family proteins and cell cycle regulation,9,0.0030246086,0.00033606763,1
attenuation of gpcr signaling,13,0.0030219823,0.00023246018,1
O2/CO2 exchange in erythrocytes,3,0.0030159592,0.0010053198,1
Mitochondrial tRNA aminoacylation,11,0.0030068243,0.00027334766,1
D-galactose degradation V (Leloir pathway),6,0.0029970084,0.0004995014,1
ALKBH3 mediated reversal of alkylation damage,6,0.0029965937,0.00049943227,1
Apoptosis induced DNA fragmentation,2,0.0029955679,0.0014977839,1
Plasmalogen Synthesis,5,0.002993607,0.0005987214,1
Processing and activation of SUMO,5,0.002982586,0.0005965172,1
Lactic Acidemia,1,0.0029745137,0.0029745137,1
Regulation of PTEN localization,11,0.0029680023,0.00026981838,1
G2/M DNA replication checkpoint,2,0.0029671113,0.0014835557,1
Nucleobase biosynthesis,9,0.0029581597,0.0003286844,1
ABC transporters in lipid homeostasis,8,0.002950926,0.00036886576,1
Leptin and adiponectin,10,0.002947376,0.0002947376,1
Integration of provirus,3,0.0029194725,0.0009731575,1
Regulation of thyroid hormone activity,6,0.002918525,0.00048642082,1
Trafficking of myristoylated proteins to the cilium,3,0.0029147277,0.0009715759,1
Docetaxel Action Pathway,7,0.002914083,0.00041629755,1
Purine ribonucleoside monophosphate biosynthesis,8,0.0029114818,0.00036393522,1
Galactose catabolism,4,0.002911286,0.0007278215,1
HDR through MMEJ (alt-NHEJ),9,0.0028891163,0.00032101292,1
sumoylation by ranbp2 regulates transcriptional repression,9,0.0028872904,0.00032081004,1
Cyclophosphamide Action Pathway,5,0.0028731308,0.00057462614,1
Peroxiredoxin 2 induced ovarian failure,5,0.0028584916,0.0005716983,1
multi-drug resistance factors,6,0.0028482967,0.0004747161,1
Microbial modulation of RIPK1-mediated regulated necrosis,3,0.0028471327,0.00094904425,1
Vitamin K Metabolism,2,0.0028180862,0.0014090431,1
TRAF6 mediated IRF7 activation in TLR7/8 or 9 signaling,4,0.0028178457,0.0007044614,1
Beta oxidation of octanoyl-CoA to hexanoyl-CoA,2,0.0028119509,0.0014059754,1
Activation of the phototransduction cascade,6,0.002799638,0.00046660635,1
Fosphenytoin (Antiarrhythmic) Metabolism Pathway,9,0.0027965608,0.00031072897,1
Class I peroxisomal membrane protein import,10,0.0027867046,0.00027867046,1
Vatalanib Action Pathway,6,0.0027659533,0.00046099222,1
Heroin metabolism,4,0.0027639463,0.0006909866,1
methionine salvage,2,0.0027616255,0.0013808127,1
"Glycogenosis, Type IC",11,0.0027590375,0.00025082158,1
Effect of progerin on genes involved in Hutchinson-Gilford progeria syndrome,9,0.0027582375,0.00030647084,1
glutamate dependent acid resistance,5,0.0027473175,0.0005494635,1
Angiotensin Metabolism,4,0.002744852,0.000686213,1
Removal of the Flap Intermediate from the C-strand,6,0.0027436872,0.00045728122,1
Processive synthesis on the lagging strand,6,0.002740685,0.0004567808,1
Reversal of alkylation damage by DNA dioxygenases,7,0.0027390942,0.00039129917,1
PLC-gamma1 signalling,3,0.0027279377,0.00090931257,1
Nicotine Activity on Chromaffin Cells,5,0.0027206899,0.00054413796,1
Nucleotide Sugars Metabolism,8,0.0027084136,0.0003385517,1
fatty acid α-oxidation III,3,0.0027019826,0.0009006609,1
Galactosemia III,8,0.0026959875,0.00033699843,1
KSRP (KHSRP) binds and destabilizes mRNA,3,0.0026944412,0.00089814706,1
NOSTRIN mediated eNOS trafficking,6,0.0026796858,0.00044661431,1
NrCAM interactions,5,0.0026777722,0.0005355544,1
epoxysqualene biosynthesis,2,0.002676727,0.0013383635,1
Transfer of LPS from LBP carrier to CD14,3,0.0026673498,0.0008891166,1
Losartan Action Pathway,4,0.002659947,0.0006649867,1
MAPK and NFkB signaling pathways inhibited by Yersinia YopJ,5,0.0026521839,0.00053043675,1
Highly sodium permeable postsynaptic acetylcholine nicotinic receptors,3,0.0026481254,0.00088270847,1
glutaryl-CoA degradation,3,0.0026448527,0.0008816176,1
"tRNA-derived small RNA (tsRNA or tRNA-related fragment, tRF) biogenesis",5,0.0026437002,0.00052874006,1
Ficolins bind to repetitive carbohydrate structures on the target cell surface,2,0.0026403456,0.0013201728,1
Liver X receptor pathway,4,0.002631247,0.00065781176,1
Fosinopril Metabolism Pathway,1,0.0026303427,0.0026303427,1
17-Beta Hydroxysteroid Dehydrogenase III Deficiency,10,0.0026245893,0.00026245893,1
Signaling by extracellular domain mutants of KIT,7,0.0026207974,0.00037439962,1
Mitochondrial Beta-Oxidation of Medium Chain Saturated Fatty Acids,6,0.002616599,0.00043609983,1
"mRNA decay by 3, to 5, exoribonuclease",5,0.0026105896,0.00052211795,1
DDX1 as a regulatory component of the Drosha microprocessor,3,0.002586572,0.0008621907,1
Cerebrotendinous Xanthomatosis (CTX),15,0.0025816236,0.00017210824,1
<i>S</i>-methyl-5-thio-α-D-ribose 1-phosphate degradation,3,0.0025787437,0.0008595812,1
Synthesis of glycosylphosphatidylinositol (GPI),3,0.0025724825,0.00085749413,1
"Carnosinuria, carnosinemia",7,0.0025411095,0.00036301563,1
HCN channels,2,0.0025366833,0.0012683417,1
Mitochondrial transcription initiation,3,0.0025342873,0.0008447624,1
"Activation, myristolyation of BID and translocation to mitochondria",5,0.0025284234,0.0005056847,1
Establishment of Sister Chromatid Cohesion,3,0.0025247703,0.0008415901,1
Activation of RAC1 downstream of NMDARs,6,0.0025208392,0.00042013987,1
Conversion of Angiotensinogen to Angiotensin II,1,0.0025062552,0.0025062552,1
dicer pathway,5,0.0025059176,0.0005011835,1
pentose phosphate pathway,2,0.002505397,0.0012526985,1
Catalytic cycle of mammalian Flavin-containing MonoOxygenases (FMOs),5,0.00250448,0.000500896,1
Vitamin B6-dependent and responsive disorders,4,0.0024963184,0.0006240796,1
Forasartan Action Pathway,4,0.002490547,0.00062263675,1
Trafficking and processing of endosomal TLR,7,0.002489767,0.000355681,1
Prednisolone Action Pathway,5,0.0024874792,0.0004974959,1
"Degradation pathway of sphingolipids, including diseases",24,0.0024873312,0.0001036388,1
Biotin metabolism - Homo sapiens (human),2,0.0024783877,0.0012391938,1
TYSND1 cleaves peroxisomal proteins,3,0.002459851,0.00081995036,1
Synthesis of diphthamide-EEF2,4,0.0024556427,0.00061391067,1
Rescinnamine Action Pathway,4,0.0024542962,0.00061357406,1
Defective CFTR causes cystic fibrosis,10,0.002450124,0.0002450124,1
Influenza A virus infection,5,0.0024393261,0.00048786524,1
creatine-phosphate biosynthesis,2,0.0024371254,0.0012185627,1
Ubiquitin Mediated Degradation of Phosphorylated Cdc25A,2,0.0024331454,0.0012165727,1
PDGFR-alpha signaling pathway,22,0.002427491,0.000110340494,1
Synthesis of PS,6,0.0024187195,0.00040311992,1
PI5P Regulates TP53 Acetylation,5,0.0024177327,0.00048354655,1
leukotriene biosynthesis,5,0.0024175397,0.00048350793,1
adenosine deoxyribonucleotides <i>de novo</i> biosynthesis,3,0.0024066113,0.0008022038,1
Regulation of Apoptosis,4,0.002396752,0.000599188,1
MET activates RAP1 and RAC1,7,0.0023941044,0.00034201492,1
Leukotriene receptors,4,0.002391993,0.00059799827,1
Quinapril Action Pathway,4,0.0023893397,0.00059733493,1
Computational Model of Aerobic Glycolysis,3,0.0023885625,0.0007961875,1
androgen biosynthesis,3,0.0023806943,0.0007935648,1
Polyol Pathway,3,0.0023792656,0.0007930885,1
Metabolism of serotonin,1,0.0023783564,0.0023783564,1
acyl-CoA hydrolysis,2,0.0023719831,0.0011859916,1
PAOs oxidise polyamines to amines,6,0.002364201,0.0003940335,1
Synthesis and processing of ENV and VPU,3,0.0023638452,0.00078794843,1
Regulation of cortical dendrite branching,16,0.0023574855,0.00014734284,1
Captopril Action Pathway,4,0.0023483874,0.00058709685,1
NTF4 activates NTRK2 (TRKB) signaling,10,0.002341298,0.0002341298,1
Hypophosphatasia,4,0.0023386048,0.0005846512,1
thiamin salvage III,12,0.0023273847,0.00019394873,1
Cholesterol Biosynthesis with Skeletal Dysplasias,10,0.0023256035,0.00023256036,1
t(4;14) translocations of FGFR3,2,0.002320114,0.001160057,1
Ceramide signalling,3,0.002318742,0.000772914,1
Synthesis of PIPs in the nucleus,3,0.0023071123,0.00076903746,1
phosphatidylcholine biosynthesis,2,0.002298258,0.001149129,1
tRNA modification in the mitochondrion,3,0.0022852214,0.00076174043,1
Alpha-defensins,4,0.002281305,0.0005703262,1
miR-517 relationship with ARCN1 and USP1,6,0.0022781342,0.00037968904,1
thioredoxin pathway,3,0.0022655812,0.0007551937,1
Fructose biosynthesis,2,0.0022623495,0.0011311747,1
opposing roles of aif in apoptosis and cell survival,1,0.0022544563,0.0022544563,1
CS/DS degradation,4,0.0022522532,0.0005630633,1
Rhesus glycoproteins mediate ammonium transport.,1,0.0022435891,0.0022435891,1
purine ribonucleosides degradation to ribose-1-phosphate,5,0.0022430727,0.00044861453,1
Activation of AMPK downstream of NMDARs,5,0.002230097,0.0004460194,1
Citalopram Metabolism Pathway,3,0.0022296992,0.0007432331,1
Regulation of innate immune responses to cytosolic DNA,9,0.0022281012,0.00024756682,1
"Glycogenosis, Type IB",11,0.0022221515,0.00020201378,1
formaldehyde oxidation,1,0.0021937895,0.0021937895,1
Suppression of autophagy,2,0.0021856849,0.0010928424,1
Ifosfamide Action Pathway,5,0.0021810425,0.0004362085,1
"Homocystinuria, cystathionine beta-synthase deficiency",9,0.0021675753,0.0002408417,1
Trihydroxycoprostanoyl-CoA beta-oxidation,8,0.002167456,0.000270932,1
Lipoate metabolism,8,0.0021631096,0.0002703887,1
Negative regulation of TCF-dependent signaling by DVL-interacting proteins,3,0.0021558327,0.0007186109,1
Propionyl-CoA catabolism,5,0.0021473002,0.00042946002,1
FMO oxidises nucleophiles,4,0.0021338526,0.00053346314,1
rho-selective guanine exchange factor akap13 mediates stress fiber formation,9,0.0021337098,0.00023707887,1
glycogen biosynthesis,14,0.0021331848,0.00015237034,1
Cholesterol biosynthesis via desmosterol,7,0.002129752,0.00030425028,1
glutathione redox reactions II,2,0.002125033,0.0010625165,1
Circadian rhythm related genes,9,0.0021200536,0.00023556151,1
progesterone biosynthesis,2,0.0021099048,0.0010549524,1
Transport and synthesis of PAPS,8,0.0021079972,0.00026349965,1
thyroid hormone metabolism I (via deiodination),6,0.0020928574,0.00034880955,1
Corticosterone methyl oxidase I deficiency (CMO I),6,0.0020927791,0.00034879652,1
TRIF-mediated programmed cell death,19,0.0020926814,0.000110141125,1
AKT phosphorylates targets in the cytosol,7,0.0020876732,0.00029823903,1
cycling of ran in nucleocytoplasmic transport,3,0.0020841742,0.00069472473,1
Neurofascin interactions,6,0.002062722,0.00034378702,1
Glutathione synthesis and recycling,4,0.0020536506,0.00051341264,1
polyadenylation of mrna,5,0.0020374237,0.00040748474,1
Prevention of phagosomal-lysosomal fusion,4,0.002036957,0.00050923927,1
Interactions of Tat with host cellular proteins,1,0.002034002,0.002034002,1
alpha-synuclein and parkin-mediated proteolysis in parkinson`s disease,10,0.0020329657,0.00020329657,1
Glycine Metabolism,3,0.002027846,0.0006759486,1
Irbesartan Action Pathway,4,0.0020277621,0.00050694053,1
Acute Intermittent Porphyria,9,0.0020228853,0.00022476503,1
Replication of the SARS-CoV-1 genome,6,0.0020225702,0.00033709503,1
Ethanol metabolism resulting in production of ROS by CYP2E1,3,0.0020154,0.0006718,1
p53-Independent G1/S DNA damage checkpoint,2,0.0020076851,0.0010038426,1
AKT-mediated inactivation of FOXO1A,5,0.0020074383,0.00040148766,1
FGFR1c and Klotho ligand binding and activation,6,0.0020070968,0.00033451614,1
Synthesis of Prostaglandins (PG) and Thromboxanes (TX),7,0.0020019005,0.0002859858,1
IRF3-mediated induction of type I IFN,1,0.0020008034,0.0020008034,1
mRNA capping,4,0.001992397,0.00049809925,1
SCFA and skeletal muscle substrate metabolism,5,0.0019914466,0.00039828932,1
Regulation of beta-cell development,5,0.001989442,0.0003978884,1
Alternative complement activation,4,0.0019892121,0.00049730303,1
MET activates PI3K/AKT signaling,6,0.0019863988,0.00033106646,1
Spirapril Metabolism Pathway,1,0.0019728963,0.0019728963,1
Evolocumab Mechanism,7,0.0019687663,0.00028125235,1
Conjugation of benzoate with glycine,3,0.0019671936,0.0006557312,1
miR-222 in Exercise-Induced Cardiac Growth,2,0.0019605418,0.0009802709,1
Cetuximab Action Pathway,3,0.0019524145,0.00065080484,1
OAS antiviral response,5,0.0019475592,0.00038951184,1
Proprotein convertase subtilisin-kexin type 9 (PCSK9) mediated LDL receptor degradation,7,0.001945511,0.00027793014,1
Adrenal Hyperplasia Type 3 or Congenital Adrenal Hyperplasia due to 21-hydroxylase Deficiency,6,0.001941149,0.00032352484,1
glycolysis,7,0.0019370219,0.00027671742,1
MET activates PTPN11,11,0.0019144979,0.00017404527,1
Activation of BIM and translocation to mitochondria ,4,0.0019118335,0.00047795838,1
Keratan sulfate degradation,19,0.0019118037,0.00010062125,1
RNA Polymerase I Promoter Opening,2,0.0018985417,0.00094927085,1
α-tocopherol degradation,1,0.0018846641,0.0018846641,1
Amino Acid conjugation,3,0.0018555222,0.0006185074,1
SOS-mediated signalling,21,0.0018517929,8.818061e-05,1
methylglyoxal degradation I,3,0.0018461876,0.0006153959,1
acetyl-CoA biosynthesis from citrate,1,0.0018407562,0.0018407562,1
"Endohydrolysis of 1,4-alpha-D-glucosidic linkages in polysaccharides by alpha-amylase",11,0.0018404695,0.00016731542,1
choline degradation,4,0.0018403087,0.00046007716,1
DEx/H-box helicases activate type I IFN and inflammatory cytokines production ,6,0.0018325092,0.0003054182,1
Gefitinib Action Pathway,3,0.0018061176,0.0006020392,1
aspirin triggered resolvin E biosynthesis,4,0.0017922146,0.00044805364,1
Quinapril Metabolism Pathway,1,0.0017845973,0.0017845973,1
spermine and spermidine degradation I,6,0.0017805601,0.00029676003,1
Post-chaperonin tubulin folding pathway,6,0.0017725136,0.00029541893,1
Vitamin B2 (riboflavin) metabolism,13,0.0017711597,0.00013624305,1
Telomere C-strand synthesis initiation,3,0.0017594924,0.0005864975,1
"Progressive trimming of alpha-1,2-linked mannose residues from Man9/8/7GlcNAc2 to produce Man5GlcNAc2",4,0.0017553269,0.00043883172,1
Familial Hypercholanemia (FHCA),15,0.0017466985,0.000116446565,1
Recycling of eIF2:GDP,2,0.0017283511,0.00086417556,1
folate polyglutamylation,3,0.0017244176,0.00057480583,1
thymine degradation,3,0.0016976728,0.0005658909,1
Hyaluronan biosynthesis and export,2,0.001694129,0.0008470645,1
guanosine nucleotides <i>de novo</i> biosynthesis,4,0.001683099,0.00042077474,1
Transport of fatty acids,5,0.0016749179,0.00033498358,1
Synthesis of bile acids and bile salts via 27-hydroxycholesterol,5,0.0016706879,0.00033413759,1
Transcription of E2F targets under negative control by p107 (RBL1) and p130 (RBL2) in complex with HDAC1,5,0.0016621887,0.00033243775,1
aspirin triggered resolvin D biosynthesis,4,0.0016616866,0.00041542164,1
UTP and CTP <i>de novo</i> biosynthesis,2,0.0016521285,0.00082606426,1
Candesartan Action Pathway,4,0.0016497748,0.0004124437,1
aspirin-triggered lipoxin biosynthesis,4,0.0016423669,0.00041059172,1
Ramipril Action Pathway,4,0.0016220601,0.00040551502,1
ARL13B-mediated ciliary trafficking of INPP5E,5,0.0016194147,0.00032388294,1
cysteine biosynthesis/homocysteine degradation (trans-sulfuration),7,0.0016171138,0.00023101627,1
MicroRNA network associated with chronic lymphocytic leukemia,8,0.0016113755,0.00020142194,1
MET activates PTK2 signaling,6,0.0015956918,0.00026594862,1
Fluoxetine Metabolism Pathway,2,0.0015929363,0.0007964682,1
e2f1 destruction pathway,8,0.0015805527,0.00019756908,1
D-Glutamine and D-glutamate metabolism - Homo sapiens (human),4,0.0015784018,0.00039460044,1
Metabolism of Tetrahydrocannabinol (THC),1,0.001560316,0.001560316,1
spliceosomal assembly,12,0.0015589622,0.00012991352,1
PI and PC transport between ER and Golgi membranes,2,0.0015446901,0.00077234505,1
RHOT1 GTPase cycle,3,0.0015388441,0.000512948,1
Riboflavin Metabolism,5,0.0015204664,0.0003040933,1
Role of second messengers in netrin-1 signaling,8,0.0015198672,0.0001899834,1
Cilazapril Metabolism Pathway,1,0.0015188829,0.0015188829,1
Phosphonate and phosphinate metabolism - Homo sapiens (human),2,0.0015086783,0.00075433915,1
Gamma-Glutamyltransferase Deficiency,4,0.001500569,0.00037514226,1
Physiological factors,2,0.0014984085,0.00074920425,1
pelp1 modulation of estrogen receptor activity,7,0.0014945073,0.00021350104,1
glutamate biosynthesis/degradation,1,0.0014888742,0.0014888742,1
Pyrophosphate hydrolysis,3,0.0014667348,0.0004889116,1
methylglyoxal degradation III,2,0.0014620979,0.00073104893,1
Signaling by MAP2K mutants,5,0.0014491036,0.00028982072,1
Rosiglitazone Metabolism Pathway,4,0.0014470872,0.0003617718,1
Vitamin C metabolism,1,0.0014332419,0.0014332419,1
mRNA Editing: C to U Conversion,2,0.0014247794,0.0007123897,1
Cilostazol Action Pathway,2,0.0014084489,0.00070422445,1
Beta oxidation of hexanoyl-CoA to butanoyl-CoA,3,0.0013960698,0.0004653566,1
Tyrosine catabolism,3,0.0013959009,0.00046530028,1
Pyruvaldehyde Degradation,3,0.0013652933,0.00045509776,1
Acyl chain remodeling of DAG and TAG,2,0.0013614071,0.00068070355,1
Mismatch repair (MMR) directed by MSH2:MSH6 (MutSalpha),7,0.0013487283,0.00019267548,1
TLR3-mediated TICAM1-dependent programmed cell death,4,0.0013370145,0.00033425362,1
Riboflavin metabolism - Homo sapiens (human),3,0.0013334085,0.0004444695,1
lactate fermentation (reoxidation of cytosolic NADH),2,0.0013170893,0.00065854465,1
GABA synthesis,5,0.0013162158,0.00026324316,1
proline degradation,1,0.0013072197,0.0013072197,1
Amine Oxidase reactions,6,0.0012922785,0.00021537975,1
NR1D1 (REV-ERBA) represses gene expression,2,0.0012877765,0.00064388826,1
Cross-presentation of particulate exogenous antigens (phagosomes),8,0.0012793423,0.00015991779,1
metabolism of anandamide an endogenous cannabinoid,6,0.0012601368,0.0002100228,1
d4gdi signaling pathway,5,0.0012595876,0.00025191752,1
Binding and entry of HIV virion,3,0.0012575608,0.00041918692,1
MGMT-mediated DNA damage reversal,6,0.0012573114,0.0002095519,1
thyronamine and iodothyronamine metabolism,6,0.0012436096,0.00020726827,1
Alternative NF-kappaB pathway,7,0.0012410367,0.00017729096,1
"WNT5A-dependent internalization of FZD2, FZD5 and ROR2",8,0.0012367549,0.00015459437,1
NAD phosphorylation and dephosphorylation,2,0.0012354488,0.0006177244,1
Prednisolone Metabolism Pathway,5,0.0012244675,0.0002448935,1
Metabolism of ingested MeSeO2H into MeSeH,1,0.0012227054,0.0012227054,1
Cation-coupled Chloride cotransporters,4,0.001210656,0.000302664,1
arsenate detoxification I (glutaredoxin),4,0.0012056532,0.0003014133,1
Amino Acid Metabolism Pathway Excerpt (Histidine catabolism extension),2,0.0011999713,0.00059998565,1
Pyrimidine biosynthesis,1,0.0011887695,0.0011887695,1
Biosynthesis of DPAn-3 SPMs,4,0.0011744052,0.0002936013,1
Omeprazole Metabolism Pathway,1,0.0011709189,0.0011709189,1
Mineralocorticoid biosynthesis,2,0.001166173,0.0005830865,1
Erythrocytes take up carbon dioxide and release oxygen,3,0.0011652274,0.00038840913,1
Breakdown of the nuclear lamina,1,0.0011582177,0.0011582177,1
Ubiquinone Biosynthesis,2,0.0011406573,0.0005703287,1
PKA-mediated phosphorylation of key metabolic factors,2,0.0011336457,0.0005668228,1
Hair Follicle Development- Cytodifferentiation - Part 3 of 3,1,0.0011330685,0.0011330685,1
putrescine degradation III,8,0.0011329349,0.00014161687,1
oleate biosynthesis,1,0.0011279703,0.0011279703,1
FLT3 mutants bind TKIs,4,0.0011226068,0.0002806517,1
Vif-mediated degradation of APOBEC3G,3,0.0011142403,0.00037141342,1
Formation of the Editosome,2,0.0011112804,0.0005556402,1
Regulation of gene expression in beta cells,5,0.0011046573,0.00022093146,1
Linoleic acid (LA) metabolism,1,0.0010946823,0.0010946823,1
Stabilization of p53,5,0.0010822741,0.00021645482,1
Organic anion transport,2,0.0010814016,0.0005407008,1
Heme biosynthesis,6,0.0010772801,0.0001795467,1
Synthesis of Lipoxins (LX),3,0.0010755716,0.0003585239,1
Beta oxidation of decanoyl-CoA to octanoyl-CoA-CoA,2,0.0010646466,0.0005323233,1
SARS-CoV-2 Genome Replication and Transcription,6,0.0010604075,0.00017673458,1
Vitamin B12 Disorders,1,0.0010600586,0.0010600586,1
glutamine degradation/glutamate biosynthesis,3,0.0010511209,0.00035037365,1
Pantoprazole Metabolism Pathway,1,0.0010486888,0.0010486888,1
glutathione biosynthesis,2,0.0010483491,0.00052417454,1
"fatty acid β-oxidation (unsaturated, odd number)",1,0.0010467421,0.0010467421,1
"Neomycin, kanamycin and gentamicin biosynthesis - Homo sapiens (human)",3,0.0010460555,0.00034868516,1
Disinhibition of SNARE formation,6,0.0010257702,0.0001709617,1
Toxicity of botulinum toxin type C (botC),2,0.0009951041,0.00049755204,1
NR1H2 & NR1H3 regulate gene expression linked to triglyceride lipolysis in adipose,1,0.0009934348,0.0009934348,1
Trandolapril Metabolism Pathway,1,0.000992042,0.000992042,1
glycine betaine degradation,2,0.0009788834,0.0004894417,1
Rabeprazole Metabolism Pathway,1,0.0009689066,0.0009689066,1
P2Y receptors,18,0.00096820376,5.37891e-05,1
Model for regulation of MSMP expression in cancer cells and its proangiogenic role in ovarian tumors,22,0.00095357076,4.3344127e-05,1
PTK6 Regulates RTKs and Their Effectors AKT1 and DOK1,3,0.0009490318,0.00031634394,1
Reversible hydration of carbon dioxide,4,0.00094600715,0.00023650179,1
uracil degradation,3,0.00094303116,0.00031434372,1
pentose phosphate pathway (oxidative branch),1,0.0009387606,0.0009387606,1
The NLRP1 inflammasome,8,0.0009317242,0.000116465526,1
tRNA splicing,4,0.0009297553,0.00023243882,1
phospholipase c signaling pathway,4,0.00092941825,0.00023235456,1
putrescine biosynthesis II,1,0.0009212284,0.0009212284,1
zymosterol biosynthesis,6,0.00091760035,0.0001529334,1
"Multiple carboxylase deficiency, neonatal or early onset form",1,0.000909144,0.000909144,1
Removal of the Flap Intermediate,6,0.00087790407,0.00014631734,1
Constitutive Signaling by NOTCH1 t(7;9)(NOTCH1:M1580_K2555) Translocation Mutant,5,0.00087169954,0.0001743399,1
RHO GTPases Activate Rhotekin and Rhophilins,6,0.00086197053,0.00014366176,1
"Sodium-coupled sulphate, di- and tri-carboxylate transporters",6,0.00086128165,0.00014354695,1
lysine degradation II (pipecolate pathway),4,0.0008528747,0.00021321868,1
Mitochondrial LC-Fatty Acid Beta-Oxidation,7,0.00085221365,0.00012174481,1
Pentose Phosphate Metabolism,1,0.00084147527,0.00084147527,1
heme biosynthesis,2,0.00083894475,0.00041947237,1
dTMP <i>de novo</i> biosynthesis (mitochondrial),3,0.00083864975,0.00027954992,1
SDK interactions,12,0.0008382508,6.9854235e-05,1
7-oxo-C and 7beta-HC pathways,7,0.000835664,0.00011938057,1
Formation of xylulose-5-phosphate,7,0.00082552334,0.00011793191,1
degradation of the rar and rxr by the proteasome,1,0.00082264876,0.00082264876,1
diphthamide biosynthesis,2,0.00082243804,0.00041121902,1
UTP and CTP dephosphorylation I,2,0.00081596203,0.00040798102,1
Carnitine synthesis,1,0.0008153171,0.0008153171,1
POLB-Dependent Long Patch Base Excision Repair,4,0.0008053197,0.00020132992,1
serotonin and melatonin biosynthesis,5,0.0008004708,0.00016009416,1
"Cerebral organic acidurias, including diseases",3,0.00080000906,0.0002666697,1
Panitumumab Action Pathway,3,0.00079348206,0.000264494,1
ketolysis,2,0.00078242883,0.00039121442,1
Ramipril Metabolism Pathway,1,0.0007641459,0.0007641459,1
alpha-linolenic acid (ALA) metabolism,3,0.00076307554,0.0002543585,1
srebp control of lipid synthesis,3,0.0007587713,0.00025292378,1
Adrenaline signalling through Alpha-2 adrenergic receptor,5,0.0007500763,0.00015001526,1
Activation of BMF and translocation to mitochondria,2,0.00074076577,0.00037038288,1
Axonal growth stimulation,4,0.00073913846,0.00018478461,1
Vitamins A and D - action mechanisms,4,0.00072408584,0.00018102146,1
HDL clearance,2,0.00072101294,0.00036050647,1
Ubiquinol biosynthesis,3,0.0007206233,0.00024020777,1
Eprosartan Action Pathway,4,0.0007205892,0.0001801473,1
Nucleotide-like (purinergic) receptors,21,0.0007193254,3.425359e-05,1
Teniposide Action Pathway,2,0.000712321,0.0003561605,1
Direct Reversal Repair,6,0.00070293905,0.00011715651,1
Serotonin and melatonin biosynthesis,5,0.0007023545,0.00014047089,1
Plasmalogen biosynthesis,1,0.0006944581,0.0006944581,1
Threonine catabolism,2,0.00069312134,0.00034656067,1
Displacement of DNA glycosylase by APEX1,2,0.0006892275,0.00034461374,1
PDE3B signalling,1,0.0006873626,0.0006873626,1
Moexipril Metabolism Pathway,1,0.0006849291,0.0006849291,1
COX reactions,1,0.00068034447,0.00068034447,1
Enalapril Metabolism Pathway,1,0.0006802222,0.0006802222,1
Synthesis of bile acids and bile salts via 24-hydroxycholesterol,5,0.00067788304,0.00013557661,1
pregnenolone biosynthesis,1,0.00067703257,0.00067703257,1
pentose phosphate pathway (non-oxidative branch),1,0.00067692756,0.00067692756,1
Biosynthesis of DPAn-3-derived 13-series resolvins,2,0.00067445816,0.00033722908,1
alpha-linolenic (omega3) and linoleic (omega6) acid metabolism,3,0.0006671064,0.0002223688,1
UDP-<i>N</i>-acetyl-D-glucosamine biosynthesis II,7,0.0006667779,9.5253985e-05,1
ascorbate recycling (cytosolic),3,0.0006537554,0.00021791847,1
WNT5A-dependent internalization of FZD4,11,0.0006431636,5.846942e-05,1
Sodium-coupled phosphate cotransporters,3,0.00063016184,0.00021005394,1
Sterols are 12-hydroxylated by CYP8B1,2,0.0006252608,0.0003126304,1
FGFR1b ligand binding and activation,4,0.0006241413,0.00015603533,1
ChREBP activates metabolic gene expression,1,0.00062270596,0.00062270596,1
"tryptophan degradation X (mammalian, via tryptamine)",6,0.00062150863,0.000103584774,1
Glycerol Phosphate Shuttle,3,0.00061369536,0.00020456512,1
lactose degradation III,20,0.00061326934,3.066347e-05,1
Biotinidase Deficiency,1,0.00061062735,0.00061062735,1
Carnitine metabolism,6,0.00060158304,0.00010026384,1
estradiol biosynthesis I,5,0.00060132967,0.00012026593,1
Biosynthesis of electrophilic ?-3 PUFA oxo-derivatives,4,0.0005846648,0.0001461662,1
SARS-CoV-2 and COVID-19 Pathway,2,0.0005800693,0.00029003466,1
Benzo(a)pyrene metabolism,4,0.00057336537,0.00014334134,1
Inhibition of TSC complex formation by PKB,2,0.0005712447,0.00028562234,1
Fructose catabolism,3,0.00056600897,0.00018866966,1
Signaling by NOTCH1 t(7;9)(NOTCH1:M1580_K2555) Translocation Mutant,5,0.0005556453,0.00011112906,1
CMP phosphorylation,1,0.0005515318,0.0005515318,1
L-dopachrome biosynthesis,3,0.00055135007,0.00018378336,1
Felbamate Metabolism Pathway,1,0.0005475138,0.0005475138,1
IRS activation,10,0.0005386156,5.3861564e-05,1
ionomycin and phorbal ester signaling pathway,7,0.000523029,7.471843e-05,1
Benazepril Action Pathway,4,0.0005200644,0.0001300161,1
biotin-carboxyl carrier protein assembly,2,0.0005194894,0.0002597447,1
Prednisone Metabolism Pathway,1,0.00051387085,0.00051387085,1
Nucleotide GPCRs,17,0.0005121675,3.0127501e-05,1
mRNA Editing,3,0.0005077906,0.00016926353,1
Soluble ACE2-mediated cell entry of SARS-CoV-2,3,0.0005057542,0.00016858474,1
GDP-L-fucose biosynthesis I (from GDP-D-mannose),2,0.0004851128,0.0002425564,1
MECP2 regulates transcription of genes involved in GABA signaling,5,0.00048107182,9.621437e-05,1
anthrax toxin mechanism of action,1,0.00047446258,0.00047446258,1
Benazepril Metabolism Pathway,1,0.00046832504,0.00046832504,1
Autodegradation of the E3 ubiquitin ligase COP1,3,0.0004471442,0.00014904806,1
Insulin effects increased synthesis of Xylulose-5-Phosphate,1,0.00044233128,0.00044233128,1
Vpu mediated degradation of CD4,2,0.00044115185,0.00022057592,1
MAPK1 (ERK2) activation,2,0.00043364693,0.00021682346,1
Free fatty acid receptors,1,0.00043352874,0.00043352874,1
oxidative ethanol degradation III,4,0.00042847,0.0001071175,1
Butyrate Metabolism,3,0.00042265133,0.00014088377,1
serotonin degradation,6,0.00042239795,7.0399656e-05,1
ethanol degradation II,4,0.00040776195,0.00010194049,1
(S)-reticuline biosynthesis,3,0.00040692883,0.00013564294,1
mitochondrial fatty acid beta-oxidation of unsaturated fatty acids,1,0.00040389574,0.00040389574,1
Beta oxidation of lauroyl-CoA to decanoyl-CoA-CoA,2,0.0003954845,0.00019774225,1
Stimulation of the cell death response by PAK-2p34,1,0.00038147092,0.00038147092,1
Artemether Metabolism Pathway,5,0.00038048404,7.609681e-05,1
D-glucuronate degradation,6,0.00036900124,6.1500206e-05,1
Proline catabolism,1,0.00036620573,0.00036620573,1
Thyroid hormone synthesis,5,0.00036167738,7.2335475e-05,1
LRR FLII-interacting protein 1 (LRRFIP1) activates type I IFN production,3,0.00036071282,0.00012023761,1
resolvin D biosynthesis,2,0.00035896225,0.00017948113,1
glutamate removal from folates,1,0.0003569862,0.0003569862,1
PKB-mediated events,1,0.00035513606,0.00035513606,1
GDP-fucose biosynthesis,3,0.00035347458,0.00011782486,1
Extrinsic Pathway of Fibrin Clot Formation,7,0.00035049816,5.0071165e-05,1
Glycerophospholipid catabolism,1,0.0003491285,0.0003491285,1
hemoglobins chaperone,2,0.0003426691,0.00017133456,1
Prednisone Action Pathway,1,0.000335888,0.000335888,1
Estrogen biosynthesis,2,0.00033450284,0.00016725142,1
glycine biosynthesis,1,0.00033254767,0.00033254767,1
Opsins,3,0.00032726696,0.000109088985,1
Ethanol oxidation,11,0.00032707505,2.9734096e-05,1
Gastric acid production,12,0.00032643758,2.7203132e-05,1
The AIM2 inflammasome,2,0.00030927028,0.00015463514,1
Biosynthesis of DPAn-3-derived maresins,2,0.00030765854,0.00015382927,1
5-aminoimidazole ribonucleotide biosynthesis,1,0.00030342935,0.00030342935,1
Long-chain-3-hydroxyacyl-coa dehydrogenase deficiency (LCHAD),5,0.00029877282,5.9754566e-05,1
Digestion of dietary lipid,2,0.0002944042,0.0001472021,1
Temocapril Metabolism Pathway,1,0.00028372824,0.00028372824,1
Beta oxidation of butanoyl-CoA to acetyl-CoA,3,0.00028302675,9.434225e-05,1
Signaling by MST1,5,0.0002823608,5.647216e-05,1
NADE modulates death signalling,4,0.00028177872,7.044468e-05,1
Vitamins B6 activation to pyridoxal phosphate,2,0.00027814525,0.00013907262,1
Interconversion of polyamines,6,0.00027490547,4.581758e-05,1
ATR Signaling,3,0.00026829907,8.943302e-05,1
heme degradation,2,0.0002680215,0.00013401076,1
glycerol-3-phosphate shuttle,3,0.0002635238,8.784127e-05,1
phosphatidylethanolamine biosynthesis II,5,0.0002552699,5.105398e-05,1
ubiquinol-10 biosynthesis,3,0.00025140255,8.380085e-05,1
lipoxin biosynthesis,2,0.00024983086,0.00012491543,1
Cam-PDE 1 activation,4,0.00024455265,6.113816e-05,1
MET Receptor Activation,3,0.0002416949,8.056497e-05,1
NOSIP mediated eNOS trafficking,1,0.00023679722,0.00023679722,1
Hypusine synthesis from eIF5A-lysine,2,0.00022545182,0.00011272591,1
Type II Na+/Pi cotransporters,1,0.00021475785,0.00021475785,1
Biosynthesis of DPAn-3-derived protectins and resolvins,2,0.00021404997,0.000107024985,1
wybutosine biosynthesis,4,0.00021370439,5.3426098e-05,1
Biotin Metabolism,1,0.00021317748,0.00021317748,1
Potassium transport channels,3,0.00020028766,6.676255e-05,1
IRF3 mediated activation of type 1 IFN,2,0.00019598885,9.799442e-05,1
TWIK-related alkaline pH activated K+ channel (TALK),3,0.00019363454,6.4544845e-05,1
Phosphorylation of proteins involved in the G2/M transition by Cyclin A:Cdc2 complexes,3,0.00018344742,6.114914e-05,1
p75NTR negatively regulates cell cycle via SC1,5,0.00017895177,3.5790355e-05,1
Interconversion of 2-oxoglutarate and 2-hydroxyglutarate,1,0.00016944621,0.00016944621,1
L-carnitine biosynthesis,1,0.00016803667,0.00016803667,1
Synthesis of UDP-N-acetyl-glucosamine,9,0.00016504835,1.8338706e-05,1
ATF6 (ATF6-alpha) activates chaperones,3,0.0001617295,5.3909836e-05,1
Insulin-like Growth Factor-2 mRNA Binding Proteins (IGF2BPs/IMPs/VICKZs) bind RNA,5,0.000160879,3.21758e-05,1
Dipyridamole (Antiplatelet) Action Pathway,2,0.0001556012,7.78006e-05,1
Synthesis of PI,2,0.00015415785,7.707893e-05,1
The IPAF inflammasome,1,0.0001530529,0.0001530529,1
Fatty Acid Elongation In Mitochondria,5,0.00015034612,3.0069225e-05,1
tetrapyrrole biosynthesis,1,0.00014999436,0.00014999436,1
glycerol degradation,2,0.00014338666,7.169333e-05,1
NADPH regeneration,1,0.00013952178,0.00013952178,1
antisense pathway,2,0.00013658876,6.829438e-05,1
Eptifibatide Action Pathway,1,0.0001318019,0.0001318019,1
Transport of the SLBP independent Mature mRNA,3,0.00013179993,4.393331e-05,1
sucrose degradation,4,0.00012683832,3.170958e-05,1
"inosine-5,-phosphate biosynthesis",4,0.00012454345,3.1135864e-05,1
SLBP independent Processing of Histone Pre-mRNAs,1,0.00011911343,0.00011911343,1
Intracellular metabolism of fatty acids regulates insulin secretion,2,0.000118761556,5.9380778e-05,1
Cross-presentation of soluble exogenous antigens (endosomes),4,0.000118484706,2.9621177e-05,1
7-(3-amino-3-carboxypropyl)-wyosine biosynthesis,4,0.00011306089,2.8265222e-05,1
Levomethadyl Acetate Metabolism Pathway,1,0.00010811,0.00010811,1
Phytanic Acid Peroxisomal Oxidation,3,0.0001063904,3.5463465e-05,1
Assembly of the ORC complex at the origin of replication,2,0.000105925894,5.2962947e-05,1
Lansoprazole Metabolism Pathway,1,0.00010280873,0.00010280873,1
Transport of the SLBP Dependant Mature mRNA,3,9.484141e-05,3.1613803e-05,1
pyrimidine deoxyribonucleotide phosphorylation,1,9.167604e-05,9.167604e-05,1
Aripiprazole Metabolic Pathway,1,9.0894675e-05,9.0894675e-05,1
SUMO is proteolytically processed,2,8.9826826e-05,4.4913413e-05,1
Signalling to ERK5,2,8.84673e-05,4.423365e-05,1
LTC4-CYSLTR mediated IL4 production,5,8.8220346e-05,1.764407e-05,1
Alanine Metabolism,1,8.1721206e-05,8.1721206e-05,1
Beta oxidation of myristoyl-CoA to lauroyl-CoA,1,7.811563e-05,7.811563e-05,1
propionyl-CoA degradation,4,7.762501e-05,1.9406252e-05,1
fatty acid elongation -- saturated,3,7.445076e-05,2.4816922e-05,1
PTK6 Down-Regulation,5,6.8313304e-05,1.366266e-05,1
Tirofiban Action Pathway,1,6.7748995e-05,6.7748995e-05,1
Intestinal absorption,2,6.596159e-05,3.2980795e-05,1
Mitochondrial Uncoupling,1,6.100808e-05,6.100808e-05,1
Abnormal conversion of 2-oxoglutarate to 2-hydroxyglutarate,1,5.7207544e-05,5.7207544e-05,1
Defects of contact activation system (CAS) and kallikrein/kinin system (KKS),2,5.6319554e-05,2.8159777e-05,1
Disorders of Folate Metabolism and Transport,3,5.6282483e-05,1.8760828e-05,1
Beta-oxidation of very long chain fatty acids,4,5.4984506e-05,1.3746127e-05,1
Benzene metabolism,2,5.4466513e-05,2.7233256e-05,1
Intestinal hexose absorption,2,5.3265387e-05,2.6632693e-05,1
Esomeprazole Metabolism Pathway,1,5.300212e-05,5.300212e-05,1
β-alanine degradation,1,5.109496e-05,5.109496e-05,1
Agmatine biosynthesis,1,4.749185e-05,4.749185e-05,1
Synthesis of wybutosine at G37 of tRNA(Phe),4,4.7410947e-05,1.1852737e-05,1
Adenosine P1 receptors,3,4.4151577e-05,1.4717192e-05,1
3-oxo-10R-octadecatrienoate beta-oxidation,6,4.3328942e-05,7.2214903e-06,1
<i>myo</i>-inositol <i>de novo</i> biosynthesis,1,4.2751195e-05,4.2751195e-05,1
purine deoxyribonucleosides degradation,2,4.2433112e-05,2.1216556e-05,1
Integration of viral DNA into host genomic DNA,1,4.2071642e-05,4.2071642e-05,1
fatty acid α-oxidation,3,4.168711e-05,1.3895704e-05,1
DNA replication initiation,2,4.091073e-05,2.0455365e-05,1
Ultraconserved region 339 modulation of tumor suppressor microRNAs in cancer,1,3.484595e-05,3.484595e-05,1
phosphatidylcholine biosynthesis pathway,1,3.4123885e-05,3.4123885e-05,1
estradiol biosynthesis II,1,3.3350385e-05,3.3350385e-05,1
SLBP Dependent Processing of Replication-Dependent Histone Pre-mRNAs,1,3.312174e-05,3.312174e-05,1
thyroid hormone biosynthesis,2,3.1723477e-05,1.5861739e-05,1
inhibition of huntingtons disease neurodegeneration by histone deacetylase inhibitors,3,3.1496093e-05,1.04986975e-05,1
Heme Biosynthesis,2,3.1475094e-05,1.5737547e-05,1
Ethanol Degradation,7,2.970982e-05,4.24426e-06,1
adenine and adenosine salvage III,2,2.8425713e-05,1.42128565e-05,1
HCMV Late Events,1,2.7733882e-05,2.7733882e-05,1
Adefovir Dipivoxil Metabolism Pathway,1,2.6684389e-05,2.6684389e-05,1
Proton-coupled neutral amino acid transporters,1,2.5477386e-05,2.5477386e-05,1
Cytosolic iron-sulfur cluster assembly,1,2.5067999e-05,2.5067999e-05,1
adenine and adenosine salvage II,1,2.4936939e-05,2.4936939e-05,1
tRNA processing in the mitochondrion,1,2.4679908e-05,2.4679908e-05,1
Abciximab Action Pathway,1,2.4613812e-05,2.4613812e-05,1
Refsum Disease,3,2.445298e-05,8.150993e-06,1
C6 deamination of adenosine,1,2.400549e-05,2.400549e-05,1
Oleoyl-phe metabolism,1,2.3630078e-05,2.3630078e-05,1
Erythrocytes take up oxygen and release carbon dioxide,2,2.3594836e-05,1.1797418e-05,1
Felbamate Metabolism,1,2.3158147e-05,2.3158147e-05,1
Defective pyroptosis,1,2.18962e-05,2.18962e-05,1
Diseases of metabolism,1,2.1824088e-05,2.1824088e-05,1
Inhibition of membrane repair,1,2.0776277e-05,2.0776277e-05,1
Reactions specific to the hybrid N-glycan synthesis pathway,1,2.0001973e-05,2.0001973e-05,1
Intestinal infectious diseases,2,1.9519919e-05,9.7599595e-06,1
Transcriptional activation of p53 responsive genes  ,1,1.875699e-05,1.875699e-05,1
Vitamin E,1,1.739622e-05,1.739622e-05,1
Autointegration results in viral DNA circles,1,1.7361477e-05,1.7361477e-05,1
Acetylation,3,1.701004e-05,5.6700133e-06,1
Alpha-oxidation of phytanate,4,1.6596348e-05,4.149087e-06,1
APOBEC3G mediated resistance to HIV-1 infection,1,1.564997e-05,1.564997e-05,1
Resolution of AP sites via the single-nucleotide replacement pathway,1,1.5547788e-05,1.5547788e-05,1
Defective factor XII causes hereditary angioedema,2,1.5068647e-05,7.5343237e-06,1
phenylethylamine degradation I,2,1.42118815e-05,7.1059408e-06,1
Diseases of hemostasis,2,1.3044686e-05,6.522343e-06,1
thio-molybdenum cofactor biosynthesis,2,1.3007673e-05,6.5038366e-06,1
Transcriptional  activation of  cell cycle inhibitor p21 ,1,1.2961735e-05,1.2961735e-05,1
Phosphate bond hydrolysis by NUDT proteins,1,1.2852945e-05,1.2852945e-05,1
Electron transport from NADPH to Ferredoxin,1,1.2354107e-05,1.2354107e-05,1
TWIK-related spinal cord K+ channel (TRESK),1,1.1966622e-05,1.1966622e-05,1
Hormonal control of pubertal growth spurt,2,1.1723999e-05,5.8619994e-06,1
Formation of editosomes by ADAR proteins,1,1.0365759e-05,1.0365759e-05,1
Glycolysis in senescence,1,9.888198e-06,9.888198e-06,1
Lysosomal oligosaccharide catabolism,2,9.83582e-06,4.91791e-06,1
Signaling by cytosolic PDGFRA and PDGFRB fusion proteins,1,9.316793e-06,9.316793e-06,1
IRE1alpha activates chaperones,1,9.168001e-06,9.168001e-06,1
glycine/serine biosynthesis,1,8.800525e-06,8.800525e-06,1
Inhibition of PKR,1,8.596544e-06,8.596544e-06,1
SUMO is conjugated to E1 (UBA2:SAE1),1,8.408127e-06,8.408127e-06,1
L-dopa degradation,1,7.7674595e-06,7.7674595e-06,1
RHO GTPases regulate CFTR trafficking,1,6.012824e-06,6.012824e-06,1
2-amino-3-carboxymuconate semialdehyde degradation to glutaryl-CoA,1,5.7836214e-06,5.7836214e-06,1
mRNA Editing: A to I Conversion,1,4.326793e-06,4.326793e-06,1
Dopamine clearance from the synaptic cleft,1,4.110622e-06,4.110622e-06,1
Abacavir metabolism,3,3.8218914e-06,1.2739638e-06,1
heme biosynthesis from uroporphyrinogen-III I,1,1.8234e-06,1.8234e-06,1
Disorders of the Krebs cycle,1,1.7314965e-06,1.7314965e-06,1
fatty acid biosynthesis initiation,1,1.6645317e-06,1.6645317e-06,1
dopamine degradation,2,1.2700484e-06,6.350242e-07,1
Tenofovir Metabolism Pathway,1,1.0728004e-06,1.0728004e-06,1
Enzymatic degradation of Dopamine by monoamine oxidase,1,6.902425e-07,6.902425e-07,1
Enzymatic degradation of dopamine by COMT,1,3.9844522e-07,3.9844522e-07,1
glucocorticoid biosynthesis,1,3.8603469e-07,3.8603469e-07,1
Serotonin clearance from the synaptic cleft,1,2.5676718e-07,2.5676718e-07,1
Nef Mediated CD8 Down-regulation,1,2.2961407e-07,2.2961407e-07,1
phytol degradation,1,8.3708066e-08,8.3708066e-08,1
Lipophagy,1,3.6641325e-08,3.6641325e-08,1
