gene,degree,importance_sum,importance_mean,n_nodes
SRC,632,0.5087661,0.0016100194,2
MAPK3,1016,0.5061693,0.0009963963,2
PIK3R1,908,0.34894422,0.0007685996,2
RELA,542,0.33565187,0.0012385678,2
UBC,296,0.3129618,0.0010573033,1
RAC1,582,0.28019273,0.0009628616,2
HRAS,3176,0.24592608,0.0006194612,8
MAPK14,572,0.24313104,0.00085010857,2
STAT3,618,0.24306,0.0011799028,3
CALM1,247,0.20980778,0.0008494242,1
ITPR1,519,0.19882245,0.0011492628,3
ATP1B1,166,0.19179648,0.0011554005,1
JAK2,3738,0.190454,0.0010699664,21
ADCY1,248,0.19017851,0.0015336976,2
MAPK8,616,0.18802848,0.00061048206,2
PIK3CB,470,0.18704143,0.000795921,2
PIK3R2,1100,0.18694587,0.0006798032,4
PIK3CD,190,0.18051201,0.00095006323,1
TNF,173,0.17963633,0.0010383603,1
ATP1B2,165,0.17139728,0.0010387715,1
ADCY7,318,0.16993012,0.0016031144,3
EGFR,615,0.16208269,0.00079064723,3
NUP62,89,0.15744407,0.0017690345,1
MAP2K1,336,0.15634517,0.00046531303,1
PPP2R5D,113,0.15522403,0.0013736639,1
GSK3B,852,0.15284954,0.0007176034,4
H2BC3,89,0.14933743,0.0016779486,1
PRKACG,187,0.14929453,0.00079836644,1
PLCG1,233,0.14743768,0.00063277973,1
CYCS,396,0.1455889,0.0014705949,4
NUP160,184,0.14272887,0.0015514006,2
PTPN11,1393,0.14222911,0.0007147192,7
CCND1,656,0.14213179,0.00086665724,4
H2BC13,88,0.14144784,0.0016073618,1
NFKBIA,10200,0.14058506,0.00070292526,51
ADCY5,114,0.14034656,0.0012311102,1
IGF1,243,0.13892607,0.0017151367,3
BRAF,141,0.13871275,0.0009837784,1
H2BC11,264,0.13761672,0.0015638265,3
TRAF6,322,0.13745698,0.00085377006,2
FOS,808,0.137346,0.0006799307,4
NUP85,93,0.13646612,0.0014673776,1
CACNA2D2,1290,0.13539365,0.0010495633,10
GNB4,89,0.13341081,0.0014989979,1
NFKB1,286,0.13310032,0.00046538573,1
FGG,85,0.13233207,0.001556848,1
IFNG,2910,0.13079055,0.0013483561,30
RHOA,209,0.12892176,0.00061685056,1
CYP2C8,89,0.12493726,0.0014037894,1
UBE2N,82,0.124592796,0.0015194244,1
H2BC6,88,0.123942815,0.0014084411,1
GNAS,264,0.12339811,0.0009348342,2
IL1B,590,0.12323413,0.001044357,5
PTPN6,78,0.11821048,0.001515519,1
PPP2R1B,119,0.11772899,0.0009893193,1
FRS2,160,0.11761189,0.0014701487,2
FYN,4752,0.11720011,0.0006659097,27
ITGB1,625,0.11579814,0.00092638517,5
PPP3R1,67,0.11554333,0.0017245273,1
CCNH,213,0.11532722,0.001624327,3
MAPK1,1044,0.1149347,0.0002201814,2
CALM3,232,0.11423734,0.0004924023,1
RPA3,75,0.11260246,0.0015013661,1
KCNJ11,66,0.11160382,0.001690967,1
GNAI2,297,0.11025951,0.0011137325,3
RAP1B,70,0.10978297,0.0015683281,1
FGB,158,0.108493775,0.0013733389,2
MAP2K3,122,0.10693807,0.0008765416,1
IQGAP1,58,0.10638297,0.0018341892,1
PPP2CA,153,0.10587707,0.000692007,1
PLCB2,234,0.10545091,0.00090128987,2
CUL1,366,0.10476618,0.0008587392,3
ROCK2,74,0.10391266,0.0014042251,1
GNAI1,315,0.10275998,0.0009786665,3
CCNE1,184,0.1025898,0.0011151065,2
TBK1,65,0.10229811,0.0015738171,1
PPP2R5E,55,0.10226132,0.0018592967,1
CDK1,242,0.102174014,0.0008444133,2
GGT1,70,0.10116551,0.0014452216,1
MNAT1,67,0.10038899,0.0014983431,1
PAK2,98,0.10012646,0.0010216986,1
DRD1,630,0.099199854,0.0011022206,7
GRB2,386,0.09885569,0.00025610282,1
CYP4A11,64,0.0972785,0.0015199765,1
CYP1A2,136,0.09685218,0.0014242968,2
PLA2G4A,316,0.09568167,0.0012111604,4
CYP3A4,100,0.09450271,0.0009450271,1
ITPR3,784,0.0944499,0.0008433027,7
AGTR1,240,0.09408718,0.00078405987,2
JAG1,58,0.093861826,0.0016183073,1
GNB1,156,0.093523525,0.00059950975,1
CXCL8,184,0.09349002,0.001016196,2
CSNK2B,59,0.093205236,0.0015797497,1
FOXO1,276,0.09234661,0.0010037675,3
ADCY8,1792,0.0918105,0.0008197366,16
FGF20,1274,0.09168068,0.00100748,14
WNT3A,57,0.091360845,0.0016028219,1
H2BC4,178,0.091146186,0.0010241144,2
CSNK2A2,165,0.091062196,0.0016556764,3
ADCY3,216,0.090035394,0.00083366106,2
MAP2K4,405,0.08974013,0.00066474173,3
CSK,57,0.08943553,0.0015690444,1
POLR2H,80,0.08939061,0.0011173827,1
PRKCA,260,0.08899191,0.0003422766,1
FAS,158,0.08814809,0.0011157986,2
ABCC8,207,0.087335356,0.0012657299,3
DVL3,55,0.0863266,0.0015695746,1
H2AZ2,63,0.086150825,0.0013674734,1
PLG,55,0.08590151,0.0015618457,1
CYP4F3,118,0.08553633,0.0014497682,2
CCND3,50,0.08517663,0.0017035326,1
RHEB,54,0.084961414,0.0015733595,1
PTEN,1044,0.08379653,0.0007223839,9
VEGFA,300,0.08364553,0.0008364553,3
ERBB2,97,0.083569996,0.0008615464,1
PIK3CG,249,0.0834648,0.0010056001,3
PEDS1,54,0.083394535,0.0015443432,1
RXRA,88,0.083343,0.00094707956,1
KAT5,56,0.08273684,0.0014774436,1
PC,50,0.08273386,0.0016546772,1
PLCB1,178,0.08185462,0.0004598574,1
ADCY2,119,0.08131041,0.0006832807,1
GRIN2A,721,0.0812131,0.0007884767,7
GNG2,312,0.080564596,0.0007746595,3
MAP3K7,3680,0.079113655,0.0004944604,23
PTGS2,230,0.07824379,0.00068038085,2
YWHAB,190,0.07774916,0.00081841217,2
FGA,164,0.077742316,0.00094807707,2
TNNT1,156,0.07701891,0.0014811327,3
LTA4H,124,0.07671366,0.001237317,2
ACE,47,0.07667531,0.0016313896,1
DYNC1H1,58,0.076327905,0.0013159984,1
SLC8A1,1404,0.07603923,0.000974862,18
IL2,1368,0.076011434,0.0010001505,18
STAT5B,378,0.07536443,0.00059813046,3
BTRC,96,0.07477829,0.0007789405,1
SHC2,54,0.07475183,0.0013842932,1
CYP4F2,64,0.07437151,0.0011620548,1
IFNA2,52,0.074199244,0.0014269085,1
H3-3A,67,0.07400617,0.0011045696,1
DUSP6,230,0.07338581,0.0015953437,5
ACADM,57,0.07317258,0.0012837294,1
RRM2,57,0.07282649,0.0012776577,1
RYR2,154,0.07273574,0.00094462,2
RPS6KA2,148,0.072513916,0.0009799178,2
STAT5A,264,0.072320566,0.00054788304,2
FOXO3,192,0.07207595,0.00075079105,2
PPP2R1A,292,0.072066136,0.00049360364,2
E2F3,583,0.071850844,0.0013556764,11
YWHAQ,396,0.07153105,0.0010838038,6
GNAO1,46,0.07144251,0.001553098,1
KCNH2,171,0.06984564,0.001225362,3
IL12B,464,0.06975869,0.001202736,8
IFNA5,51,0.069732614,0.0013673061,1
SLC22A2,250,0.06970866,0.0013941734,5
GRIN2B,378,0.06908654,0.0010966117,6
GNAI3,84,0.068893135,0.00082015636,1
AKT3,424,0.06814997,0.0003214621,2
SERPINE1,42,0.06794173,0.0016176603,1
TYK2,320,0.06743251,0.0008429063,4
MRE11,51,0.06742632,0.0013220847,1
PSMD12,40,0.06735544,0.0016838859,1
KITLG,172,0.06722578,0.0015633901,4
CDC16,88,0.067060366,0.0015240991,2
MAPK10,154,0.066989854,0.00043499906,1
TLR2,106,0.066673845,0.0012579971,2
UBE2S,84,0.06640975,0.0015811846,2
FGF6,316,0.065770686,0.0008325404,4
DYNC1I2,216,0.06575875,0.0012177546,4
SEH1L,1400,0.065689325,0.0009384189,20
GAB2,79,0.06546829,0.00082871254,1
UBE2I,204,0.0654305,0.0009622133,3
PCSK2,275,0.06518225,0.001185132,5
GOT2,240,0.06496839,0.0013535082,5
LEF1,69,0.06484026,0.00093971385,1
TSC1,53,0.06471972,0.0012211269,1
NR3C2,220,0.06466682,0.0014697006,5
FGF9,294,0.06463804,0.0006595718,3
HDAC2,88,0.06409321,0.0007283319,1
IFNA13,55,0.06406923,0.001164895,1
PRKCQ,1275,0.06365326,0.0007488619,15
CDC42,161,0.06288939,0.00039061732,1
IFNAR1,147,0.06282926,0.0012822299,3
ACADSB,120,0.062379345,0.0015594837,3
FBXW11,186,0.06207029,0.0010011337,3
GNG12,214,0.062013563,0.000579566,2
MSMO1,72,0.061712656,0.0017142404,2
PLA2G4F,35,0.06155708,0.0017587737,1
HRH2,72,0.061544888,0.0017095803,2
BDNF,102,0.06151424,0.0012061616,2
BCAR1,520,0.06109874,0.0009399806,8
ATP1A4,162,0.061033137,0.00037674775,1
RFC5,124,0.06066145,0.0009784105,2
CAMK2D,540,0.06061504,0.0005612504,5
TRAF3,66,0.06038596,0.0009149388,1
HTR1A,938,0.060363982,0.00090095494,14
THBS1,200,0.060054634,0.0012010927,4
KCNK1,224,0.060034703,0.0010720482,4
PSMD7,39,0.06002463,0.0015390931,1
CCL4,190,0.060019545,0.0015794619,5
ACTB,174,0.059621748,0.00068530743,2
TAB2,612,0.059597064,0.00058428495,6
CFLAR,34,0.05958328,0.0017524494,1
JUN,285,0.0595584,0.00020897684,1
CD3D,45,0.059436146,0.0013208033,1
WNT11,176,0.059318442,0.0013481465,4
MYC,177,0.05921385,0.00033454152,1
NTRK1,92,0.05889327,0.0012802886,2
CACNA1A,86,0.05885504,0.000684361,1
CDK9,46,0.058797188,0.0012781997,1
BAK1,810,0.058504503,0.0010834167,15
LMNA,38,0.05844637,0.0015380624,1
FURIN,165,0.05803527,0.0010551867,3
CHEK2,42,0.057744455,0.001374868,1
GRM1,39,0.05761723,0.0014773648,1
HMOX1,43,0.057497047,0.0013371407,1
SLC7A6,37,0.05743201,0.0015522165,1
VAV2,92,0.057327338,0.00062312325,1
F13B,32,0.056861572,0.0017769241,1
PTGS1,73,0.056834836,0.00077855936,1
GNG4,90,0.056829683,0.00063144095,1
GUCY1B1,76,0.056640983,0.0014905522,2
CYP1A1,45,0.056528017,0.0012561781,1
CYP2C9,61,0.05649619,0.00092616706,1
PPARGC1A,318,0.056468416,0.0010654418,6
CREBBP,340,0.05634422,0.00033143657,2
RBL1,35,0.056128684,0.0016036767,1
DLD,2231,0.055994816,0.00057726615,23
H3C11,71,0.055855002,0.00078669016,1
GAD1,41,0.055628844,0.001356801,1
COPB1,33,0.055234127,0.0016737614,1
IL6ST,42,0.05510455,0.0013120131,1
EDNRA,30,0.05473515,0.001824505,1
AOX1,96,0.054709375,0.0011397786,2
POLR2D,60,0.05467426,0.0009112377,1
HSD3B1,37,0.054574206,0.0014749785,1
SLC2A1,50,0.054446507,0.0010889302,1
PML,46,0.054276273,0.001179919,1
FGF4,300,0.05425081,0.00054250815,3
ADCY10,37,0.054189976,0.0014645939,1
YES1,64,0.053994402,0.00084366254,1
RPL23,27,0.053924073,0.001997188,1
TAT,58,0.05384425,0.0018566982,2
MAPRE1,33,0.053828254,0.0016311592,1
SMAD2,320,0.05381547,0.00067269336,4
KCNJ5,71,0.05339238,0.0007520054,1
ITGAM,210,0.053341065,0.0015240303,6
HSPA1B,34,0.053285386,0.0015672173,1
PARP1,52,0.05322179,0.0010234959,1
SCN5A,122,0.05320279,0.00087217684,2
CAMK2A,240,0.05319116,0.00044325966,2
AQP3,70,0.052957367,0.0015130676,2
PPP1R12A,27,0.05264131,0.0019496782,1
PSMB1,288,0.05254925,0.0014597013,8
VEGFC,238,0.052528795,0.0015449645,7
NOD2,200,0.05163589,0.0012908973,5
CCKBR,96,0.051426142,0.001607067,3
SHH,88,0.051380873,0.0011677471,2
VKORC1,30,0.05132537,0.0017108456,1
PSMA1,33,0.051266715,0.0015535369,1
SIRT1,46,0.05108132,0.0011104634,1
CYP11A1,37,0.050894998,0.0013755405,1
CASP10,35,0.050862253,0.0014532072,1
CXCR2,33,0.050817207,0.0015399153,1
FGFR3,158,0.050659213,0.0006412559,2
FASLG,4416,0.050644632,0.0005504851,48
ITGA6,225,0.05063671,0.0011252601,5
DCTN2,33,0.050459843,0.0015290861,1
MMP2,47,0.050409712,0.001072547,1
TSHB,31,0.050217994,0.0016199353,1
POLR2E,711,0.050184514,0.000635247,9
SYK,672,0.04996515,0.0005204703,7
CYP2B6,92,0.049941197,0.0005428391,1
ESR1,158,0.04951589,0.00062678347,2
FDFT1,82,0.049499147,0.0012072962,2
MAT2B,99,0.049422693,0.0014976574,3
TPTEP2-CSNK1E,41,0.049147878,0.0011987287,1
CSNK1A1,90,0.049099877,0.0010911084,2
MEF2A,162,0.049042594,0.0009081962,3
DLL1,196,0.049039915,0.0010008146,4
HCN4,55,0.048894364,0.00088898843,1
GLUD1,53,0.048775148,0.0009202858,1
KAT2A,45,0.048767947,0.0010837321,1
BLM,74,0.048498027,0.0013107575,2
TUBB1,35,0.048388865,0.001382539,1
DOCK1,392,0.04831803,0.0009860821,8
GSS,30,0.04828515,0.0016095049,1
NCOA1,112,0.048206102,0.0008608232,2
PDHB,462,0.048181273,0.0011471732,11
ST3GAL3,34,0.048014127,0.0014121803,1
CYP4F8,61,0.04787998,0.0007849177,1
ACAT2,50,0.04755182,0.00095103635,1
MCEE,35,0.04754315,0.0013583757,1
F2,89,0.04751513,0.0005338779,1
XPO1,1798,0.047363404,0.0007639259,29
HMGCR,48,0.04735027,0.000986464,1
STAT1,850,0.04711549,0.00027714993,5
TCF7L2,330,0.047103465,0.0008564266,6
BRK1,29,0.04709294,0.0016238946,1
EIF2S2,28,0.0467153,0.0016684036,1
IL10,870,0.046640154,0.0008041406,15
HLA-F,352,0.04658575,0.0014558047,11
DDB2,51,0.0465779,0.00091329217,1
OPRM1,462,0.04655063,0.0006045537,6
HCK,49,0.046416316,0.00094727176,1
ATF6B,30,0.046345714,0.0015448572,1
RPLP2,27,0.046284042,0.0017142238,1
IGF1R,74,0.046281423,0.00062542467,1
CEBPA,87,0.046185285,0.0015925961,3
RAC2,2044,0.046114694,0.0006317081,28
TFRC,120,0.045932338,0.0011483085,3
TRIO,136,0.045914426,0.0013504243,4
KCNJ4,132,0.045903705,0.00069551065,2
PTH,46,0.045848463,0.0019934115,2
KCNJ3,432,0.04575467,0.00063548156,6
TXNRD1,26,0.04574686,0.0017594945,1
RIPK1,93,0.045693472,0.00049132766,1
BUB3,264,0.04527069,0.001371839,8
HSPB1,33,0.045249227,0.0013711887,1
HLA-G,231,0.045166284,0.0013686753,7
VAV1,321,0.04504453,0.0004209769,3
TGFA,312,0.0450323,0.00057733717,4
RUNX2,111,0.044994522,0.0012160682,3
EDN1,250,0.04498912,0.0008997824,5
ASS1,99,0.044895828,0.0013604796,3
WNT9A,33,0.044699427,0.0013545281,1
PRKCB,418,0.04450366,0.00021293617,2
YAP1,33,0.044440683,0.0013466873,1
HLA-DRA,1044,0.044350088,0.0007646567,18
FSHB,62,0.04423872,0.0014270555,2
NOTCH4,558,0.044228464,0.0014267246,18
NDUFA4,168,0.04421936,0.0015792629,6
PPP2R5C,62,0.04394667,0.0007088172,1
CYP2S1,52,0.043933086,0.0016897339,2
TUBB2B,28,0.043702647,0.0015608089,1
KIF18A,26,0.043675054,0.0016798098,1
GADD45A,1536,0.043631405,0.0006817407,24
CDKN2A,81,0.043451488,0.00053643814,1
B4GALT1,76,0.043432243,0.0011429538,2
ARF6,27,0.043315683,0.0016042845,1
FZD1,168,0.0432528,0.0007723714,3
FOSL1,27,0.043245006,0.0016016669,1
CD14,106,0.04307141,0.0008126682,2
MED1,56,0.043065704,0.0015380608,2
IFNGR1,328,0.043018617,0.0010492345,8
SMO,66,0.042977996,0.0013023635,2
DYNC1I1,123,0.042945165,0.0010474431,3
MGST1,84,0.04291531,0.0015326896,3
CACNA1H,126,0.042885832,0.00068072753,2
RPL31,26,0.042762868,0.0016447257,1
TP73,32,0.04274848,0.00133589,1
MYH11,23,0.04259256,0.0018518504,1
AKR1B1,86,0.04249688,0.0009882995,2
KCNA5,572,0.04247662,0.00081685814,11
PSEN2,152,0.042393204,0.0011156106,4
LAMB2,32,0.042231333,0.0013197291,1
PLD1,56,0.04219284,0.0007534436,1
PLA2G4E,34,0.04198723,0.0012349185,1
IL6,284,0.04190862,0.00029513115,2
MCM6,24,0.04178935,0.0017412229,1
MAD2L1,102,0.041704804,0.0012266119,3
FUS,210,0.0416906,0.0009926334,5
KIAA1549,37,0.04166033,0.0011259549,1
RRAS2,21,0.04164559,0.0019831234,1
MEF2C,81,0.041622177,0.00051385403,1
TFAP2A,200,0.041546375,0.001661855,8
LYN,2147,0.041441873,0.00036674226,19
HLA-DQB1,1118,0.041316886,0.0009608577,26
MEN1,21,0.041306578,0.0019669798,1
SULT1A1,25,0.04087934,0.0016351736,1
SOCS2,22,0.04084415,0.0018565523,1
COL4A3,36,0.040827677,0.0011341021,1
SLC38A4,43,0.040791046,0.000948629,1
APOB,424,0.04072939,0.0007684791,8
PTGIS,142,0.04070391,0.0005732945,2
RPL10L,50,0.040609326,0.001624373,2
PDGFB,1900,0.04048795,0.0005327361,25
PMAIP1,224,0.040313356,0.0012597924,7
KCND3,56,0.040306043,0.00071975077,1
ACSL6,87,0.040224373,0.0013870472,3
HLA-DQA2,1118,0.040055104,0.0009315141,26
PRKCG,122,0.039926894,0.00032726963,1
IL2RA,1980,0.039916024,0.0007257459,36
GTF2F1,53,0.039896607,0.00075276615,1
APC,64,0.039886888,0.0006232326,1
GRIN1,111,0.0398377,0.0003588982,1
MAVS,90,0.03981383,0.0013271278,3
ADRB2,196,0.0397257,0.0008107286,4
CLCNKA,31,0.03968575,0.0012801854,1
CSF2,385,0.039618354,0.0007203337,7
INSR,70,0.03955796,0.00056511373,1
TNFRSF1A,380,0.03952516,0.0005200679,5
NOS2,1856,0.039517835,0.000681342,32
CEP290,23,0.039513532,0.0017179797,1
IL15,96,0.03948863,0.0016453596,4
HGF,142,0.039362278,0.0005543983,2
WNT4,330,0.039263695,0.00071388535,6
GRB7,104,0.039057374,0.0015022068,4
POM121C,112,0.03894936,0.0006955243,2
PRL,182,0.038896136,0.0014960051,7
CALCA,312,0.038885117,0.0016202133,13
RBPJ,1485,0.038824506,0.0008627669,33
ALDH4A1,31,0.038674884,0.0012475769,1
LMAN1,69,0.038511306,0.0016744047,3
IGF2,128,0.038491864,0.0012028707,4
MCCC2,27,0.03844779,0.0014239922,1
NFATC1,67,0.03840694,0.0005732379,1
UBE2D1,264,0.038326666,0.0005807071,4
CXCR4,162,0.03831544,0.0007095453,3
F13A1,175,0.038262956,0.0010932274,5
CLASP1,37,0.03825027,0.0010337911,1
F5,92,0.038225166,0.0008309819,2
UGT1A1,44,0.038148582,0.00086701324,1
STX4,21,0.038117815,0.0018151341,1
UGT1A10,99,0.03811631,0.0011550396,3
LEP,29,0.038063817,0.0013125454,1
GMPR,23,0.03803388,0.0016536469,1
GRK6,20,0.03802225,0.0019011125,1
CKB,24,0.037991818,0.0015829924,1
FGF2,250,0.03797382,0.00030379056,2
MCM3,75,0.037929025,0.0015171609,3
PIK3C3,342,0.03791556,0.0006651853,6
PYGL,22,0.037907694,0.001723077,1
MALT1,99,0.037816167,0.0011459443,3
PIP4K2C,56,0.037708875,0.0013467455,2
RAB7A,45,0.037548084,0.0008344019,1
VWF,123,0.037440836,0.0009131911,3
SH3GL3,22,0.037438236,0.001701738,1
EHMT2,24,0.037351355,0.0015563065,1
CSF1R,57,0.03729029,0.00065421563,1
CD3E,86,0.03728974,0.0008672033,2
PDK1,27,0.037260298,0.001380011,1
SLC1A5,396,0.03725833,0.0011290404,12
KIF2A,81,0.037199426,0.0013777564,3
SYT1,192,0.03707491,0.0015447878,8
MMP13,42,0.037011035,0.0017624303,2
NRG3,1012,0.03689108,0.00083843357,23
KLC1,22,0.03683992,0.0016745419,1
BCL10,105,0.03683572,0.0010524491,3
PSMD1,38,0.036818158,0.0009688989,1
INCENP,44,0.0367952,0.001672509,2
GHRH,21,0.036618367,0.0017437318,1
TCF7L1,112,0.036604077,0.00065364427,2
IL4,354,0.03653965,0.0006193161,6
CSF1,124,0.036493663,0.001177215,4
DIAPH1,34,0.03647042,0.0010726594,1
PLCG2,210,0.036342286,0.000346117,2
AP1B1,20,0.036292713,0.0018146357,1
SDHB,42,0.03628029,0.0008638164,1
C3,165,0.036146525,0.0006572096,3
KCNQ1,65,0.03609369,0.0005552875,1
HSD3B2,35,0.036046147,0.0010298899,1
HLA-A,1166,0.03593782,0.0006780721,22
WASL,120,0.03591944,0.0005986573,2
C3AR1,26,0.03590364,0.0013809092,1
CDH1,420,0.035751402,0.00051073433,6
SLC12A3,33,0.035742454,0.0010831046,1
SAA1,19,0.03547665,0.0018671922,1
STEAP3,24,0.035390485,0.0014746035,1
GLI2,104,0.03537838,0.001360707,4
CTDP1,75,0.035350103,0.0014140042,3
CAMK2G,216,0.035338525,0.00032720857,2
PDE10A,120,0.035296116,0.0011765372,4
IL1R1,736,0.035268504,0.0007667066,16
PTGIR,28,0.03524637,0.0012587989,1
ANPEP,20,0.03498795,0.0017493975,1
HTR7,26,0.03495979,0.0013446073,1
RMI2,391,0.034914702,0.0015180307,17
TRAF1,60,0.034901213,0.0011633737,2
CD40,1050,0.03479628,0.0009941794,30
NUP93,79,0.0347548,0.0004399342,1
ST3GAL1,372,0.03473113,0.001120359,12
DNMT3B,38,0.03460525,0.0018213289,2
LPAR3,17,0.03439958,0.0020235048,1
SCN10A,122,0.034284133,0.00056203495,2
PLA2G4D,36,0.03428259,0.0009522942,1
GNA14,42,0.03421722,0.0008146957,1
PROC,44,0.034210406,0.0015550184,2
HIPK2,22,0.03411743,0.0015507923,1
CXCR1,128,0.034113593,0.0010660498,4
CASP1,54,0.034109592,0.0006316591,1
LBP,21,0.034039058,0.0016209076,1
TNFSF11,175,0.033966713,0.0013586684,7
KRAS,891,0.03391071,0.00011417748,3
MAPKAPK2,1701,0.033860836,0.00041803505,21
HSPA1L,22,0.033852387,0.0015387449,1
BCL2,630,0.033840217,0.00026857315,5
HLA-E,2016,0.033771344,0.0009380929,56
ASNS,18,0.033763777,0.0018757654,1
CPS1,324,0.033744592,0.00093734986,9
AMPD1,23,0.033690616,0.0014648094,1
MAML2,74,0.033651546,0.0009095013,2
HMGB1,30,0.03358955,0.0011196516,1
ADRA1B,87,0.033571105,0.0011576243,3
TRAF2,93,0.033505585,0.0003602751,1
NELFE,52,0.033470385,0.0012873225,2
SDC3,25,0.03336935,0.0013347741,1
GCDH,29,0.033305753,0.0011484743,1
IL2RB,396,0.03324149,0.0007554884,9
KCNE1,55,0.03323292,0.0006042349,1
PGM2,75,0.033179607,0.0013271841,3
ALDH7A1,150,0.03317382,0.00066347636,3
KLB,34,0.03316243,0.0009753656,1
RXRG,93,0.033122983,0.0010684833,3
POLR2B,61,0.033121917,0.00054298225,1
CDKN1C,18,0.033107042,0.0018392801,1
ACLY,21,0.03302457,0.0015725987,1
COX6B1,27,0.032994635,0.0012220235,1
HLA-DRB1,378,0.03291668,0.00060956815,7
IL11,50,0.03288732,0.0013154929,2
GBA,18,0.032881014,0.001826723,1
POLR2A,136,0.032878745,0.000483511,2
RPLP1,26,0.032859314,0.0012638198,1
UPB1,24,0.032777913,0.0013657464,1
LAMTOR2,27,0.03277022,0.0012137118,1
WIPF1,24,0.03273297,0.0013638738,1
TNRC6A,32,0.032589428,0.0010184196,1
PLA2G6,28,0.0325734,0.0011633356,1
MYLK,80,0.03255726,0.00040696576,1
RAB4A,19,0.03245618,0.0017082199,1
TCF7,156,0.032412324,0.000623314,3
GNG7,182,0.032399934,0.00035604322,2
ADCY9,214,0.032357242,0.00030240414,2
PFKL,37,0.032344073,0.00087416416,1
SMARCB1,18,0.032242868,0.0017912704,1
PRKN,54,0.032240592,0.0011940959,2
DBH,22,0.032221843,0.0014646292,1
CALCB,126,0.032171823,0.0015319915,6
SLC3A1,70,0.03199434,0.00091412396,2
IL1RAP,60,0.03190478,0.0010634926,2
TP53,225,0.03180995,0.00014137755,1
INPP5D,648,0.031708512,0.00058719463,12
H4C8,470,0.031652205,0.00033672558,5
FGF10,73,0.031646367,0.0004335119,1
CDC37,152,0.03157985,0.0008310487,4
PTK2,298,0.031552706,0.00021176314,2
PIP5K1B,180,0.03152125,0.00087559025,5
PSMD3,39,0.031505425,0.0008078314,1
ATP5MC3,152,0.0315,0.0016578947,8
BCKDHB,96,0.03148144,0.000983795,3
STK11,210,0.031454355,0.00089869584,6
EPS15,23,0.031407677,0.0013655511,1
IVD,26,0.03136621,0.0012063927,1
OGDH,32,0.031359658,0.0009799893,1
PDIA6,20,0.031325497,0.0015662748,1
SIAH1,17,0.031276997,0.0018398233,1
GSTA5,18,0.031231862,0.0017351034,1
VAMP3,104,0.03120149,0.0012000573,4
HLA-DQA1,308,0.03118572,0.00070876634,7
CHRM2,600,0.03116069,0.00041547584,8
KIT,427,0.031158967,0.0005108027,7
GTF2H4,50,0.031149007,0.0006229801,1
CDA,72,0.030947588,0.0012894828,3
SULT2A1,38,0.030929489,0.0016278678,2
TEK,69,0.030889198,0.0013430086,3
SYNJ1,26,0.030817721,0.0011852969,1
NCSTN,44,0.030716345,0.00069809874,1
GUCY1A2,152,0.030710693,0.0008081761,4
HLA-C,828,0.030692635,0.0008525732,23
ALDH5A1,36,0.030622808,0.0017012671,2
TBP,102,0.030606702,0.0006001314,2
HLA-B,1406,0.030590823,0.000826779,38
SCARB1,24,0.030590378,0.0012745991,1
GNAT3,23,0.030548181,0.0013281818,1
FGFR2,946,0.030546295,0.0003551895,11
SKA2,18,0.030539509,0.0016966393,1
KDR,354,0.030440183,0.0005159353,6
SPTA1,19,0.030400202,0.0016000107,1
FTH1,40,0.030383242,0.0015191621,2
BLNK,38,0.030325677,0.0015960883,2
AOC1,180,0.03029943,0.001009981,6
SOCS1,2576,0.030267704,0.00054049474,46
COX7C,135,0.030239414,0.0011199784,5
ARPC2,160,0.030140955,0.00075352384,4
NR3C1,275,0.030072156,0.00054676645,5
RUNX1,494,0.03001683,0.00078991655,13
HLA-DPA1,1161,0.030012555,0.0006979664,27
PHC1,25,0.030005062,0.0012002025,1
NRIP1,552,0.029996121,0.0012498383,23
NDUFA12,72,0.029934257,0.0016630143,4
CENPO,21,0.029912515,0.0014244055,1
SDHC,1189,0.029879585,0.0007287704,29
KLC3,20,0.029872784,0.0014936392,1
NUP88,76,0.029857004,0.00039285532,1
TLN1,51,0.029801264,0.0005843385,1
CKAP5,32,0.029653678,0.0009266774,1
CEP78,17,0.029641155,0.0017435973,1
JAK1,468,0.029634349,0.00018996377,3
SLC1A1,1066,0.029614339,0.00072230096,26
TAOK1,23,0.029604848,0.0012871673,1
CXCL1,58,0.029565671,0.0010195059,2
MAP4K4,300,0.029455999,0.0014727999,15
BDKRB2,116,0.029438917,0.0010151351,4
COL4A1,84,0.029424284,0.0007005782,2
SERPING1,16,0.029420532,0.0018387833,1
CD86,104,0.029417738,0.0005657257,2
VANGL1,24,0.029386275,0.0012244281,1
PNMT,22,0.02938123,0.0013355105,1
GHRHR,34,0.02929117,0.00172301,2
ANAPC1,88,0.029272525,0.00066528464,2
ZAP70,96,0.02918687,0.0006080598,2
SPTBN5,18,0.029150283,0.0016194602,1
SLC9A1,56,0.029093364,0.0010390487,2
GCK,98,0.029079098,0.00059345097,2
KL,160,0.029066863,0.00072667154,4
ALK,64,0.029001687,0.0009063027,2
CDK8,174,0.028990021,0.0009996559,6
MCM8,22,0.02879029,0.0013086495,1
CHMP4B,18,0.028769955,0.0015983308,1
LCP2,30,0.028749507,0.0009583169,1
EGR2,110,0.028739328,0.0013063331,5
ATP2B1,28,0.028708655,0.0010253091,1
POU2F1,20,0.028684566,0.0014342283,1
KCNE2,162,0.028638741,0.00053034705,3
NME7,32,0.028596817,0.0008936505,1
IDH3A,25,0.028539468,0.0011415787,1
MMP9,897,0.028468113,0.00041258137,13
PTPRJ,36,0.028308824,0.0015727124,2
TH,116,0.028286692,0.00097540324,4
YWHAZ,415,0.028285693,0.00034079148,5
PANK1,19,0.028233886,0.001485994,1
MMP7,19,0.028139316,0.0014810166,1
MAP3K2,21,0.028109726,0.0013385584,1
MGST3,23,0.02809294,0.0012214321,1
C1QA,20,0.028049244,0.0014024621,1
HSPA6,168,0.027945714,0.0011644048,7
DRD2,162,0.027933745,0.0010345831,6
ENPP1,22,0.027871463,0.0012668847,1
DCN,51,0.027832078,0.0016371812,3
CYP2C18,21,0.027824221,0.0013249629,1
ALOX5,170,0.027794851,0.00032699824,2
IL18,98,0.027756277,0.0005664546,2
CBX4,26,0.027743975,0.001067076,1
CEP152,16,0.027712282,0.0017320176,1
BRIP1,52,0.027637387,0.0010629764,2
TNKS,180,0.027606025,0.0013803013,9
SLC32A1,38,0.027588096,0.001452005,2
UGT2B15,50,0.027563822,0.0011025529,2
LPIN3,18,0.027560916,0.001531162,1
HSPG2,56,0.027529469,0.0009831953,2
GABRA5,45,0.027485326,0.0018323549,3
DHFR,68,0.027470965,0.00080796954,2
ACOX3,29,0.027470648,0.00094726373,1
CACNG3,85,0.02745766,0.0016151567,5
SHC3,54,0.027432637,0.0005080118,1
TIRAP,56,0.027390145,0.0009782194,2
ACTN4,27,0.027378537,0.0010140198,1
INHBB,17,0.027367044,0.0016098261,1
NDC80,20,0.027359389,0.0013679694,1
CEP192,18,0.02735932,0.0015199622,1
KTN1,19,0.027291026,0.0014363698,1
PELI2,144,0.027242308,0.0011350962,6
CCL2,1377,0.027219916,0.0005337238,27
PTK2B,64,0.027124055,0.00042381336,1
DRD4,210,0.02710411,0.001290672,10
BCR,26,0.027100623,0.0010423317,1
CR1,60,0.027080683,0.0013540341,3
KCNJ12,34,0.02707358,0.0015925636,2
NCOA3,54,0.026971646,0.0009989497,2
ACTN1,840,0.026934838,0.0006413057,20
EFNA1,108,0.02691823,0.0014954573,6
AGPAT1,19,0.026883049,0.0014148973,1
IFNAR2,94,0.026881617,0.0005719493,2
CCR6,171,0.026850125,0.0014131644,9
RPS29,240,0.026791502,0.0008930501,8
SLC14A2,320,0.026741683,0.0008356776,10
TFAP2C,153,0.026732977,0.0015725282,9
NPY,175,0.026706027,0.0010682411,7
FANCD2,19,0.026704883,0.0014055201,1
MTAP,30,0.02669857,0.0017799047,2
GRM3,162,0.026684148,0.0014824527,9
SPTB,36,0.02665317,0.0014807316,2
TALDO1,17,0.026588326,0.0015640192,1
BDKRB1,21,0.026579462,0.0012656887,1
RAD50,47,0.026537385,0.0005646252,1
MAN2A2,14,0.026530026,0.0018950019,1
RASGRF2,30,0.026470501,0.00088235,1
TNFSF10,108,0.026428523,0.0007341257,3
RAMP1,32,0.026411064,0.0016506915,2
LDHC,17,0.026404448,0.0015532029,1
MAN1A2,15,0.026388334,0.0017592222,1
NCOR2,65,0.026388278,0.00040597352,1
MCCC1,140,0.026371205,0.0009418287,5
NOTCH1,284,0.026244108,0.0003696353,4
MYOD1,16,0.026215546,0.0016384716,1
PSMD5,25,0.02619303,0.0010477212,1
TLR4,984,0.026167205,0.00031911224,12
NGFR,138,0.026130682,0.0005680583,3
PPBP,20,0.026127005,0.0013063502,1
TNFAIP3,476,0.02607927,0.00076703733,14
RPL5,84,0.026045574,0.000930199,3
CSF3R,40,0.026012067,0.0013006034,2
THEM4,20,0.025992343,0.0012996171,1
FLT3,176,0.025941644,0.0005895828,4
MYH9,34,0.02590394,0.0007618806,1
CYP4F12,44,0.025897656,0.0011771661,2
VPS52,4,0.025811622,0.0064529055,1
TAB1,106,0.02574246,0.00024285339,1
APIP,28,0.025586069,0.0018275764,2
GAL,15,0.02551113,0.001700742,1
C1S,17,0.025499884,0.0014999931,1
GPX4,275,0.025458992,0.0010183597,11
PFKFB2,14,0.02532989,0.0018092778,1
HSP90B1,28,0.025325347,0.0009044767,1
NDUFB6,19,0.025314609,0.0013323479,1
GABRG2,136,0.025288012,0.0014875301,8
DDX58,38,0.025280599,0.00066527893,1
XDH,294,0.02527332,0.0006017457,7
SLC25A12,36,0.025209526,0.0014005292,2
CRADD,17,0.025178768,0.001481104,1
ECHS1,88,0.025177054,0.00028610288,1
ABCB11,34,0.025125809,0.0014779888,2
B4GALT5,165,0.025107449,0.00167383,11
RLN2,112,0.025101027,0.0015688142,7
DAAM1,114,0.025089255,0.001320487,6
ARHGEF2,44,0.025035715,0.001137987,2
PDGFC,100,0.024966536,0.0012483269,5
LPIN2,18,0.0249156,0.0013842001,1
CNOT1,11,0.024905927,0.0022641753,1
NR1D1,12,0.024903476,0.0020752896,1
TEAD1,76,0.02489755,0.0013103974,4
RFC3,488,0.024878955,0.0004078517,8
NDUFB1,19,0.024861071,0.0013084775,1
ACKR3,120,0.024814812,0.0016543209,8
FRAT2,17,0.02480261,0.0014589771,1
RPL27,27,0.024773372,0.0009175323,1
LDLR,41,0.02476838,0.0006041068,1
IL7R,754,0.02475716,0.0008536952,26
THRA,76,0.024666082,0.0012982148,4
NFATC2,126,0.024590978,0.00039033298,2
HES5,125,0.024571566,0.0009828627,5
BMP2,78,0.024524972,0.0006288454,2
SLC5A8,26,0.024479277,0.0018830213,2
NAMPT,144,0.0244756,0.0013597556,8
DMGDH,17,0.024400124,0.0014353014,1
VCAN,40,0.024388725,0.0012194363,2
MAD1L1,104,0.024360003,0.0009369232,4
EPN1,28,0.02435963,0.0017399736,2
CENPF,168,0.024324382,0.0010135159,7
TRPC6,92,0.024318509,0.0010573266,4
IL17A,152,0.024245502,0.0012760791,8
ACSL3,39,0.02423059,0.00062129716,1
ARRB1,146,0.024228718,0.00033190026,2
GRB10,1036,0.02420378,0.00086442067,37
GATA4,264,0.024192424,0.0010996558,12
TOP2A,18,0.024185253,0.0013436251,1
IL33,75,0.024123337,0.0016082225,5
PRKAG2,65,0.024069352,0.00037029773,1
MAP2K6,144,0.024064926,0.00016711754,1
ALDH1A2,90,0.024024889,0.001334716,5
KCNJ2,1190,0.024013642,0.000343052,17
CBL,208,0.023980742,0.00023058406,2
MC3R,34,0.023964277,0.0014096634,2
NRP1,176,0.023954477,0.00108884,8
ARHGAP35,40,0.023937425,0.00059843564,1
EDN3,90,0.023915457,0.0013286365,5
GRIA1,180,0.023897614,0.00053105806,4
GRIN3A,408,0.02388513,0.00035125192,6
DEPDC1B,42,0.023880007,0.0011371432,2
NEDD1,224,0.023776725,0.0014860453,14
RPS14,165,0.023744544,0.0007195316,5
GRIN3B,15,0.023710683,0.0015807122,1
GPX7,15,0.023674347,0.0015782898,1
CHRNA7,64,0.023662686,0.0014789179,4
AREG,54,0.023654515,0.00043804658,1
CCR7,256,0.023648832,0.001478052,16
CES2,17,0.023642745,0.0013907497,1
KIF2B,156,0.023642546,0.0009093287,6
SPDL1,18,0.023630666,0.0013128148,1
TLR3,56,0.02356496,0.0008416057,2
AAMP,12,0.023477767,0.0019564806,1
ARNT,30,0.023477057,0.0007825686,1
GABARAPL1,28,0.023476377,0.0016768842,2
CKAP4,30,0.023457501,0.0015638333,2
VPS37C,13,0.023426449,0.0018020346,1
CRK,106,0.023425557,0.00022099582,1
NOS3,78,0.023423012,0.00030029504,1
GSTT2,18,0.023418784,0.0013010436,1
CYP2J2,138,0.023366041,0.00033863826,2
CTSC,32,0.02334916,0.0014593225,2
SLC22A1,80,0.023336753,0.0011668376,4
COPA,33,0.023317527,0.0007065917,1
SMARCA2,162,0.023313353,0.0012951862,9
H2AC1,19,0.02328121,0.0012253268,1
STK24,4,0.023215786,0.0058039464,1
APOE,123,0.02320064,0.0005658693,3
SOD2,64,0.023180248,0.00072438276,2
APP,264,0.02311034,0.000525235,6
SETD1A,11,0.022997182,0.002090653,1
ACER1,15,0.022988005,0.0015325337,1
POLR3F,14,0.022987125,0.0016419375,1
NELFCD,54,0.022970349,0.0008507536,2
ATRIP,27,0.02293932,0.0008496045,1
LPL,180,0.02291903,0.0006366397,5
SH3GL2,136,0.02285872,0.00067231525,4
MAP3K4,34,0.022848645,0.0013440379,2
THBS3,13,0.022831054,0.0017562349,1
ARNTL,78,0.02280721,0.0017544008,6
DCTD,28,0.022797335,0.0016283811,2
GJA1,324,0.022797074,0.0006332521,9
IFIH1,156,0.022787726,0.0008764509,6
FLT1,152,0.022776784,0.0005993891,4
CBS,90,0.022749024,0.0005055338,2
SSTR3,180,0.022739055,0.0015159369,12
TMPRSS2,15,0.022680255,0.001512017,1
TGOLN2,12,0.022664204,0.0018886836,1
MTHFR,58,0.022555793,0.00077778596,2
LPCAT1,26,0.022485152,0.0017296269,2
ACADS,98,0.02247812,0.00045873714,2
PPP1R1B,30,0.022418447,0.0014945631,2
SRSF6,28,0.022416975,0.0016012124,2
AHR,160,0.022387255,0.0013992034,10
RXFP2,17,0.02233024,0.0013135435,1
HDAC7,40,0.022310626,0.00055776566,1
NINL,18,0.022267023,0.0012370568,1
LIPC,224,0.022235842,0.0013897402,14
ITPKA,26,0.022223085,0.0017094682,2
RAB3IP,11,0.022198414,0.0020180377,1
PTGDR,168,0.02217091,0.0010557576,8
TNKS2,34,0.022151053,0.0013030032,2
CDK5RAP2,16,0.022150347,0.0013843967,1
CREB3L2,129,0.02214061,0.0005148979,3
LAMC2,62,0.022109633,0.000713214,2
AGL,17,0.022088055,0.0012992973,1
UGT2A1,15,0.0220643,0.0014709533,1
ACTR2,792,0.022062205,0.0005014137,18
CYP2R1,140,0.022047568,0.0015748262,10
KIF3B,13,0.022046851,0.0016959116,1
CALML5,50,0.021997238,0.00043994476,1
GPR83,30,0.021986507,0.0014657672,2
GRM5,90,0.02197356,0.0007324519,3
ACO1,30,0.021923454,0.0014615636,2
CAB39,13,0.021915603,0.0016858156,1
SOD3,17,0.021826029,0.001283884,1
ALMS1,17,0.021824542,0.0012837966,1
RIPK2,300,0.021819454,0.00036365754,5
PREX1,100,0.021813711,0.0008725485,4
ALDH9A1,37,0.021773584,0.00058847526,1
PRKAR1A,262,0.021770949,0.00016619045,2
CHPT1,16,0.021742787,0.0013589242,1
MADD,17,0.021724902,0.0012779355,1
DOCK2,50,0.021677304,0.00086709217,2
TNPO1,14,0.021645008,0.001546072,1
SDC1,296,0.021556836,0.0005826172,8
BSG,18,0.021534793,0.0011963774,1
RASGRF1,248,0.021532081,0.0006945833,8
KCNMB1,15,0.021526724,0.0014351149,1
RPL37,26,0.021522049,0.0008277711,1
TACR1,90,0.021517565,0.0011954203,5
MYLIP,56,0.021438744,0.0015313389,4
HLA-DPB1,516,0.021438062,0.00049855956,12
CNTRL,44,0.021409072,0.00097313966,2
HDAC3,68,0.021387642,0.00031452416,1
SLC38A9,40,0.021352958,0.001067648,2
CYP26B1,120,0.021346265,0.00088942767,5
NOG,56,0.02127684,0.0015197743,4
CTBP2,64,0.021268554,0.0013292846,4
RPS6KA4,56,0.021264326,0.0015188805,4
USP8,42,0.021260755,0.0010124169,2
ACOT7,26,0.021220583,0.0016323526,2
MTNR1A,11,0.021193726,0.0019267023,1
GRM8,102,0.021176545,0.0012456792,6
ITGAX,85,0.021175152,0.0012455971,5
LRRC7,54,0.021174943,0.0011763858,3
SELE,17,0.021167237,0.0012451316,1
ABCB1,42,0.021104354,0.0005024846,1
OS9,100,0.021103894,0.0010551948,5
SNAP25,25,0.021097647,0.0008439059,1
KCND2,120,0.021086497,0.00035144162,2
HNMT,13,0.021074705,0.0016211311,1
PLXNA1,28,0.021071581,0.001505113,2
AQR,11,0.021054469,0.0019140426,1
CDC7,168,0.021052431,0.0010024967,8
MSRB3,12,0.021020358,0.0017516966,1
CEP250,17,0.021010114,0.001235889,1
GPX6,102,0.020939447,0.0012317322,6
MRAS,25,0.020920325,0.000836813,1
VNN1,13,0.020888178,0.0016067829,1
RRM1,41,0.020881362,0.0005093015,1
ERCC2,52,0.020869464,0.00040133583,1
ORAI2,12,0.02085569,0.0017379741,1
SCN3B,10,0.020799953,0.0020799953,1
MAX,28,0.02078962,0.0007424864,1
TRIB3,92,0.020781755,0.0009035546,4
LIMK1,114,0.020729085,0.00054550223,3
GLYAT,24,0.02068394,0.0017236618,2
LIG4,15,0.020612188,0.0013741459,1
CEP41,18,0.020606002,0.0011447779,1
HDAC4,96,0.020578688,0.00042872268,2
PKN1,26,0.02057859,0.0007914842,1
ATG5,988,0.020573564,0.00079129095,38
EFNA3,98,0.020562546,0.0014687533,7
CCL3,78,0.020546269,0.0007902411,3
GLDC,68,0.020540174,0.0012082455,4
GTF2H3,50,0.020538738,0.00041077475,1
ABCG1,15,0.020532282,0.0013688188,1
RALGDS,25,0.020525645,0.0008210258,1
SMYD2,48,0.020525644,0.0017104703,4
NANS,14,0.02040704,0.0014576457,1
CLIP1,48,0.020372137,0.000848839,2
ARHGEF12,68,0.020360606,0.00059884135,2
TIAM1,102,0.02035135,0.00039904605,2
ELOC,49,0.020341605,0.0004151348,1
XRCC5,25,0.02033626,0.0008134504,1
FGF19,183,0.020303685,0.00033284732,3
EIF3F,30,0.020292575,0.0013528382,2
QDPR,28,0.020270519,0.0014478941,2
EFNB2,11,0.02026421,0.0018422009,1
CYTH3,14,0.020252831,0.0014466308,1
F2RL1,11,0.020248827,0.0018408024,1
TTN,9,0.020238869,0.002248763,1
UQCR10,36,0.020219995,0.001123333,2
SCTR,17,0.020200921,0.0011882895,1
HIBADH,175,0.020169785,0.0008067914,7
EREG,57,0.020153593,0.0003535718,1
MFN1,15,0.02014494,0.0013429959,1
SPRED1,39,0.020104574,0.0015465057,3
NR2C1,13,0.020084746,0.0015449804,1
UGT2B28,84,0.020048935,0.00095471117,4
PPP1R14A,11,0.020036202,0.0018214729,1
PDCD6IP,65,0.020026859,0.0015405277,5
PKP4,13,0.01998928,0.001537637,1
DKK2,190,0.019952387,0.0010501256,10
PPP3CA,172,0.019951656,0.00023199602,2
PPARG,366,0.019928755,0.0003267009,6
ADCYAP1R1,125,0.019901615,0.00079606456,5
GDF7,26,0.019887846,0.0015298343,2
IDI1,41,0.019853562,0.00048423323,1
IPMK,784,0.019847522,0.0012404701,49
COL6A3,23,0.019847207,0.00086292205,1
TRMT112,13,0.019845922,0.0015266093,1
HTR5A,39,0.019781664,0.0015216665,3
PISD,12,0.019745564,0.0016454636,1
SMAD6,50,0.019740187,0.00078960747,2
ATP2B2,27,0.019708196,0.00072993315,1
CD28,2703,0.019694174,0.00038616025,53
VPS37B,39,0.019667586,0.0015128913,3
CCL3L3,28,0.019650806,0.001403629,2
VAV3,78,0.019642642,0.00025182875,1
ITGB4,38,0.019635556,0.0005167252,1
ELL,24,0.0196038,0.000816825,1
REL,62,0.01960196,0.0006323213,2
MUC3A,9,0.019563567,0.0021737297,1
ABCC1,37,0.01953802,0.0005280546,1
CACNA2D1,70,0.019535968,0.0013954262,5
SMARCC1,17,0.019494973,0.0011467631,1
IL1R2,285,0.019493658,0.001025982,15
WDR33,42,0.01946115,0.0013900822,3
FABP1,36,0.019456524,0.0010809179,2
ABCA1,66,0.019451974,0.0008841806,3
EIF4G2,12,0.019401764,0.0016168137,1
ACSS3,30,0.019396357,0.0012930904,2
CD247,57,0.019379279,0.00033998734,1
ITGA9,28,0.019294621,0.0006890936,1
DSG1,36,0.019286588,0.0010714771,2
IRF5,240,0.019278968,0.0012852645,16
BCAT2,65,0.01922906,0.0014791584,5
BIN1,10,0.019214638,0.0019214638,1
PTGER4,2781,0.019180905,0.0007104039,103
CS,64,0.019180328,0.00059938524,2
CHRM3,774,0.019172033,0.00044586122,18
ACSBG1,18,0.019156067,0.0010642259,1
PEX5,11,0.019123705,0.0017385186,1
SMPD3,156,0.019116873,0.0015930727,13
SLC27A2,37,0.019100111,0.00051621924,1
FGF18,170,0.019086532,0.00022454745,2
RAPGEF4,20,0.019086476,0.0009543238,1
CCL17,26,0.01908024,0.0014677108,2
CR2,42,0.019074747,0.001362482,3
GABPA,8,0.019061822,0.0023827278,1
CD3G,58,0.01903036,0.00032810966,1
PTBP1,12,0.019008435,0.0015840363,1
RPL17,26,0.01900085,0.00073080196,1
GLI3,186,0.018988112,0.00061251974,6
PIK3AP1,18,0.0189779,0.0010543277,1
LAMC1,40,0.018977849,0.00047444622,1
TLE3,187,0.018937407,0.0011139651,11
IL4R,252,0.018925317,0.0006759042,9
ENAH,48,0.018900061,0.0011812538,3
GPR17,13,0.01887332,0.0014517939,1
CHRNA3,15,0.018815044,0.0012543363,1
XRCC3,14,0.018804766,0.0013431975,1
XBP1,30,0.018791545,0.0012527697,2
ARSB,20,0.018779146,0.00093895727,1
GOT1,540,0.018774936,0.00031291562,9
ARHGEF28,112,0.018774109,0.0011733818,7
NTRK3,72,0.018765949,0.0010425528,4
FGF23,206,0.018737245,0.00018191499,2
HTR4,22,0.01873543,0.00085161044,1
CCT8,14,0.018707994,0.0013362853,1
RORA,308,0.018659975,0.0008481806,14
SP3,72,0.018622568,0.0015518806,6
BMP6,38,0.018610384,0.0009794938,2
FOLR2,9,0.018608838,0.0020676488,1
TUBAL3,27,0.018591447,0.0006885721,1
CYP4F22,32,0.018583432,0.0011614645,2
TNS4,8,0.018574877,0.0023218596,1
POU5F1,30,0.018574074,0.0012382716,2
PAK5,34,0.018527923,0.0005449389,1
RASGRP1,2080,0.018512823,0.00046282058,52
GABBR2,27,0.018482385,0.0006845328,1
MYL12A,16,0.018452944,0.001153309,1
CHRNB4,16,0.018452922,0.0011533076,1
WT1,16,0.018437454,0.0011523409,1
LHCGR,23,0.018407097,0.0008003086,1
DICER1,70,0.018393986,0.0013138561,5
NMNAT1,14,0.018358408,0.0013113149,1
WNT2B,40,0.018341098,0.00045852744,1
PPID,10,0.018329937,0.0018329937,1
CCKAR,26,0.018319096,0.0014091614,2
PSTPIP1,13,0.018301269,0.0014077899,1
SBF2,10,0.018293837,0.0018293837,1
CAPZB,24,0.018291773,0.0007621572,1
IL18R1,114,0.018273545,0.0009617656,6
ACADL,32,0.018233357,0.0005697924,1
NDRG1,104,0.018225051,0.0014019271,8
PLXNA4,42,0.018220609,0.0013014721,3
FST,20,0.018218018,0.0018218018,2
TERT,28,0.01821476,0.00065052713,1
CCT5,10,0.018195093,0.0018195093,1
RPL38,135,0.018178945,0.00067329424,5
IL1RN,36,0.018178249,0.0015148543,3
IL5RA,50,0.018171959,0.0007268784,2
RASA1,58,0.01814387,0.00031282534,1
NT5C1B-RDH14,26,0.018129222,0.0013945554,2
FZD6,46,0.01811573,0.0003938202,1
SMAD3,105,0.018096326,0.00017234596,1
SNTB1,357,0.018065568,0.00035422682,7
ABAT,59,0.018053425,0.00030599025,1
IL22,24,0.018046714,0.0015038929,2
GNE,14,0.01801296,0.00128664,1
CCL22,33,0.018008666,0.0016371516,3
MAPK13,97,0.017990524,0.00018546933,1
ITPR2,396,0.017986618,0.00018168302,4
TUBGCP2,10,0.017955977,0.0017955977,1
EXOC2,456,0.01792195,0.0014934959,38
TPM1,59,0.017916309,0.00030366625,1
IL10RB,44,0.01790337,0.00081378955,2
AGPAT4,24,0.01789051,0.0014908758,2
CBSL,58,0.017890044,0.00061689806,2
KMT2B,10,0.017880896,0.0017880896,1
RAMP3,30,0.017873049,0.0011915365,2
CDC25B,25,0.017843261,0.00071373046,1
CTF1,11,0.017816044,0.0016196404,1
CROT,24,0.017808165,0.0014840139,2
PDE8A,11,0.017801391,0.0016183082,1
TMED10,60,0.017796671,0.0011864447,4
HAL,12,0.017748179,0.0014790149,1
ST6GALNAC2,34,0.01774565,0.0010438617,2
ARHGEF25,30,0.017736694,0.0011824463,2
LCK,114,0.017703341,0.00015529247,1
MGAT4C,9,0.01767152,0.0019635023,1
HK1,41,0.017653277,0.00043056774,1
PARD6G,10,0.017639171,0.0017639172,1
FCGR3A,196,0.01762205,0.000629359,7
SLC22A3,26,0.01761981,0.0013553699,2
IL6R,42,0.017575309,0.00041845973,1
PGM1,100,0.017561877,0.00035123754,2
RNF103-CHMP3,19,0.017548105,0.00092358445,1
ITPK1,30,0.017547835,0.0011698556,2
PSAT1,168,0.01753502,0.00083500094,8
ITGB6,50,0.017530873,0.0007012349,2
DHODH,12,0.017529292,0.0014607743,1
ITK,29,0.017511487,0.00060384435,1
LTBR,154,0.017507207,0.0015915642,14
H1-3,9,0.017493803,0.0019437559,1
CREB1,240,0.017485589,7.285662e-05,1
HMGA2,30,0.017479995,0.0017479997,3
POLD1,52,0.017445337,0.00033548725,1
PDE3B,29,0.017440524,0.00060139736,1
UQCRFS1,144,0.01743417,0.00096856506,8
CASP12,39,0.017404215,0.0013387859,3
DIAPH3,506,0.017396368,0.00079074403,23
IRF6,22,0.017374255,0.0015794778,2
RPA1,86,0.017337553,0.00020159945,1
CCN2,15,0.017311014,0.0011540676,1
CHRNA5,10,0.01730022,0.001730022,1
ADAM17,58,0.017270658,0.00029776996,1
ENTPD1,17,0.017239926,0.0010141133,1
ZBTB16,14,0.017224405,0.0012303146,1
RAB5C,46,0.017212098,0.0007483521,2
MBOAT1,77,0.017209413,0.0015644921,7
MFGE8,30,0.017206343,0.0017206343,3
CORO1A,9,0.017198842,0.0019109824,1
SLC29A2,11,0.01719781,0.0015634373,1
FUT8,84,0.017178008,0.0014315007,7
MAPK11,176,0.017176334,9.7592805e-05,1
SEC61B,14,0.017163718,0.0012259799,1
GUCA1A,9,0.017161217,0.0019068018,1
CAND1,9,0.017110102,0.0019011224,1
GSN,104,0.017108582,0.0006580224,4
ADRA1D,95,0.017101685,0.00090008863,5
ETS1,1617,0.01707181,0.0005173276,49
FSHR,286,0.017050548,0.0006557903,11
UPP2,17,0.0170336,0.0010019764,1
CHST11,30,0.017030196,0.0011353464,2
SC5D,123,0.017001411,0.00041466855,3
GPR37,13,0.016984614,0.0013065088,1
NBEA,66,0.016976636,0.00077166525,3
RAD51B,715,0.016972754,0.0013055966,55
SULT1E1,48,0.01696313,0.0010601956,3
PHGDH,34,0.016949784,0.0009970462,2
TUBG1,72,0.016947437,0.00094152434,4
WNT2,129,0.016944544,0.00039405914,3
PAH,14,0.016931575,0.0012093981,1
EIF4E,210,0.016897753,0.00024139648,3
RIMS1,78,0.016892208,0.0012994007,6
SLC29A1,14,0.01687117,0.0012050836,1
PLA2G2E,264,0.016869213,0.0007028838,11
EGR1,141,0.016850572,0.00035852278,3
ALDH1A1,35,0.016841795,0.00048119415,1
NRBF2,50,0.016841542,0.0016841542,5
SGK1,99,0.016811656,0.0005094441,3
RPN2,11,0.016811036,0.001528276,1
MUC1,12,0.016802808,0.0014002341,1
MYO10,85,0.016788246,0.000987544,5
CCL11,448,0.016786808,0.00059952884,16
GRIA4,48,0.016783642,0.0006993184,2
GABRB2,80,0.01678191,0.0010488693,5
NXT1,18,0.016765457,0.0018628286,2
PTPN12,22,0.01675491,0.0015231736,2
RETSAT,10,0.016726946,0.0016726947,1
CNOT2,10,0.01669972,0.001669972,1
RASAL2,13,0.016699065,0.0012845434,1
FCER1G,22,0.016577935,0.00075354247,1
TNFRSF11A,48,0.016574465,0.001035904,3
PAPSS1,105,0.016564818,0.00078880077,5
LPIN1,20,0.01656193,0.00082809647,1
ACTN3,11,0.016559873,0.001505443,1
SH3RF1,66,0.016553158,0.0015048324,6
PTGFR,17,0.016551701,0.0009736295,1
CNOT6,10,0.016489236,0.0016489236,1
TNNI3,61,0.016457312,0.00026979198,1
SEC23A,64,0.016438406,0.0010274004,4
RRAGC,72,0.016436728,0.00068486365,3
GHSR,13,0.016430056,0.0012638505,1
WWP2,15,0.016414015,0.0010942676,1
GUCY1A1,22,0.016406545,0.00074575207,1
PANK2,18,0.016403519,0.0018226132,2
CHST12,10,0.016359188,0.0016359187,1
NCOA2,147,0.016356476,0.00033380566,3
NEFL,110,0.01633389,0.0007424494,5
UGT2B7,35,0.016333481,0.0004666709,1
MTMR2,24,0.01633172,0.0013609766,2
ERBB3,196,0.01631281,0.00033291453,4
TEC,84,0.016286824,0.0005816723,3
ATP8B2,7,0.016262434,0.002323205,1
CYP24A1,168,0.0162605,0.0007743095,8
DGKD,52,0.016257437,0.001250572,4
GML,7,0.01621915,0.0023170214,1
NTRK2,390,0.01621722,0.00041582613,10
TNC,100,0.016204014,0.0006481606,4
CYFIP2,31,0.01619178,0.0005223155,1
ARRB2,77,0.016162546,0.0002099032,1
FGF5,84,0.016144622,0.00019219788,1
POLR1F,11,0.01613496,0.0014668145,1
SLC35D1,10,0.01613266,0.0016132661,1
MC2R,63,0.016116982,0.0007674753,3
SLC34A1,11,0.016114425,0.0014649477,1
TACC3,18,0.016054116,0.0017837905,2
ARPC5,117,0.016039431,0.00041126748,3
CXCL12,364,0.01601703,0.0003080198,7
MRPS11,7,0.015985087,0.0022835839,1
TRPC3,1539,0.015981225,0.00059189723,57
EPHB2,20,0.015974896,0.0007987448,1
RGS9,75,0.015912624,0.0006365049,3
BBS4,9,0.015909642,0.001767738,1
SETD7,20,0.015872084,0.0015872084,2
SPP1,188,0.01585596,0.00033736086,4
ARHGAP17,26,0.015843734,0.0012187487,2
NCF4,96,0.015841378,0.00049504306,3
CTR9,20,0.015822181,0.0015822181,2
UGGT1,9,0.01578797,0.001754219,1
AGT,81,0.015787201,0.00019490371,1
MTR,43,0.015780048,0.00036697788,1
ATP4A,27,0.015763834,0.0005838457,1
GSTA3,34,0.01575193,0.0009265841,2
G6PC2,38,0.015742218,0.0008285378,2
PIM1,56,0.015727056,0.0011233612,4
GPHN,22,0.015723532,0.0014294119,2
RNPS1,15,0.015701864,0.001046791,1
ARHGAP10,14,0.015695998,0.0011211428,1
SLC6A11,36,0.015695028,0.000871946,2
WAPL,24,0.015691431,0.0013076193,2
DGKE,14,0.015683252,0.0011202323,1
ADRA2C,42,0.015669681,0.0007461753,2
DEK,40,0.015661694,0.0015661693,4
ACTN2,31,0.015628936,0.0005041592,1
NEIL3,60,0.0156240715,0.001302006,5
AP1G1,17,0.015622786,0.00091898744,1
CDH2,425,0.015601345,0.0006240538,17
MTRR,130,0.015586841,0.0011989877,10
COL11A2,88,0.015576769,0.0014160698,8
KIF4B,169,0.01554391,0.0011956855,13
PI4K2B,26,0.015532771,0.0011948285,2
RAB32,7,0.015518604,0.0022169433,1
HACD4,7,0.015486574,0.0022123677,1
HHIP,26,0.015481903,0.0011909157,2
IL5,600,0.015480458,0.00030960917,12
IL3,141,0.015474792,0.00032925085,3
COP1,14,0.015470648,0.0011050462,1
CCL1,224,0.015448657,0.0011034755,16
CETP,84,0.015443388,0.0011030992,6
PFKFB3,240,0.015440556,0.0010293705,16
SPHK2,28,0.015423302,0.0005508322,1
SP100,48,0.015394827,0.0012829023,4
TRIM33,33,0.015390754,0.0013991595,3
FRAT1,26,0.015390099,0.00059192686,1
HSPA7,15,0.015380046,0.0010253364,1
IL23R,312,0.01536965,0.0012808043,26
PRKCE,201,0.015354586,0.00022917292,3
TANK,72,0.015350841,0.0006396184,3
TNFRSF10A,36,0.0153365685,0.0004260158,1
FERMT2,27,0.0153357135,0.0017039683,3
SELP,32,0.015312266,0.0009570166,2
RAMP2,15,0.015310942,0.0010207294,1
MMP8,11,0.015309427,0.0013917661,1
ITGAL,306,0.015300453,0.00045001332,9
JAK3,77,0.015272061,0.00019833846,1
TNFRSF10B,41,0.015245156,0.00037183307,1
EZH2,70,0.015234435,0.00043526955,2
DGKH,117,0.015223384,0.0011710295,9
ANXA2,22,0.015214447,0.0013831316,2
RNF111,40,0.015199312,0.0007599656,2
SLC26A4,8,0.015181253,0.0018976566,1
CDC42BPA,10,0.015172766,0.0015172765,1
CHSY3,121,0.015165478,0.0013786798,11
TNRC6B,31,0.015158744,0.00048899173,1
UST,60,0.01512399,0.001512399,6
ASCL1,11,0.015123887,0.0013748988,1
BBS5,8,0.01511823,0.0018897788,1
PLXNA2,77,0.015103678,0.0013730617,7
NDUFV2,76,0.0150783,0.0007935947,4
ARCN1,93,0.015056227,0.0004856848,3
GMNN,9,0.015024853,0.0016694281,1
GOLGA4,8,0.015016878,0.0018771098,1
CPN1,7,0.014997309,0.0021424727,1
FADS2,20,0.0149709685,0.0007485484,1
H4C4,94,0.014957945,0.00015912707,1
TNFSF13B,33,0.014944618,0.0013586016,3
DERA,60,0.014943579,0.0012452982,5
GSTO2,23,0.01492653,0.00064897956,1
DUSP10,48,0.014923001,0.0012435834,4
RIT1,27,0.014887939,0.0016542155,3
CLDN23,40,0.014879433,0.0014879433,4
IL10RA,120,0.014842917,0.0007421458,6
SFRP2,33,0.014840295,0.0013491176,3
RAB39A,9,0.014839624,0.0016488471,1
TCF4,20,0.014835756,0.00074178784,1
NTF3,203,0.01482067,0.00051105756,7
UBE2Q2,18,0.014814558,0.001646062,2
INPP5A,11,0.014814065,0.0013467332,1
GCH1,60,0.01478198,0.0009854652,4
HAAO,147,0.014778799,0.00070375233,7
SCN2B,36,0.014772671,0.0012310558,3
HSD17B12,30,0.014766546,0.0009844364,2
MAP1LC3A,13,0.0147543475,0.0011349499,1
SH2D2A,11,0.014743871,0.0013403519,1
ORC3,48,0.01473373,0.0006139054,2
SPCS3,54,0.01473002,0.0016366689,6
B4GALT6,46,0.014726588,0.0006402864,2
SOCS6,70,0.014722705,0.0010516219,5
SLC7A1,11,0.014719612,0.0013381465,1
ATG14,26,0.014711792,0.0011316763,2
MGLL,22,0.014708685,0.00066857657,1
SYT9,14,0.014697486,0.0020996407,2
PBX1,252,0.014692853,0.0010494894,18
GLP1R,21,0.01467493,0.0006988062,1
POLR1A,32,0.014667284,0.00091670523,2
LIN7A,18,0.014648657,0.0016276287,2
CD9,84,0.014620755,0.0010443396,6
MSH3,8,0.014586848,0.001823356,1
DYNLRB1,9,0.014580978,0.0016201087,1
AMY2A,8,0.01453172,0.001816465,1
GALC,372,0.014530112,0.0012108426,31
TSC2,68,0.014523948,0.00021358747,1
CRHBP,6,0.014521738,0.0024202897,1
CHP1,9,0.014484542,0.0016093936,1
IRF8,418,0.014462593,0.0013147813,38
UCK2,20,0.014429741,0.001442974,2
CDH6,99,0.014417171,0.0016019077,11
DPM3,27,0.014381222,0.0015979138,3
RGMA,110,0.014378277,0.0014378276,11
CDCA8,19,0.014348898,0.00075520517,1
ALPL,36,0.014336874,0.000796493,2
HYAL1,20,0.014320446,0.0014320445,2
PLA2G2A,165,0.014300942,0.0004333619,5
NR4A3,20,0.014253658,0.0014253658,2
MAP2K5,76,0.014248882,0.0003749706,2
AVPR1A,28,0.014246103,0.0010175788,2
CTSH,99,0.014243156,0.0015825729,11
TLL1,40,0.014238806,0.0017798508,5
TFAP2B,90,0.014233268,0.0009488845,6
CTSL,36,0.014213922,0.00039483118,1
TNXB,26,0.014203026,0.0010925404,2
VARS1,8,0.01418821,0.0017735262,1
WNT7B,42,0.01418289,0.00033768784,1
SPRY1,11,0.014177961,0.0012889056,1
H2BC5,176,0.014121856,0.00016047564,2
INPP5E,72,0.0141057605,0.00078365335,4
IL36G,14,0.014073227,0.002010461,2
APLNR,10,0.014057201,0.0014057201,1
LY96,120,0.014045035,0.00035112587,3
ABCG8,18,0.014032036,0.00077955757,1
FARP2,14,0.014011105,0.0010007932,1
MTMR6,8,0.014011021,0.0017513776,1
VANGL2,56,0.0139650665,0.0009975047,4
SIRT5,7,0.013945661,0.0019922373,1
ADRB1,78,0.013945475,0.00017878815,1
GABRA4,56,0.013940974,0.0009957838,4
ATF3,16,0.013938108,0.0008711318,1
GDA,30,0.013936985,0.00046456617,1
FOLH1,7,0.013933536,0.001990505,1
NEO1,10,0.013910375,0.0013910375,1
ARHGAP33,8,0.013910332,0.0017387915,1
PDE4D,70,0.013895554,0.0003970158,2
DHCR7,57,0.013889252,0.00073101325,3
ACOT12,12,0.013883722,0.0011569768,1
PACS1,7,0.013870367,0.001981481,1
ADAMTS3,21,0.01385467,0.0019792386,3
ATP6V0A4,23,0.013854112,0.00060235267,1
CASP2,31,0.0138474535,0.00044669205,1
RPN1,11,0.013844091,0.0012585538,1
YEATS4,27,0.013807501,0.0015341667,3
NTN4,8,0.013793352,0.001724169,1
RAB14,19,0.013780641,0.0007252969,1
MAPK4,17,0.013776641,0.0008103907,1
PHKG2,8,0.013775695,0.0017219619,1
MLKL,9,0.013775541,0.0015306157,1
SRGAP1,14,0.01377306,0.00098379,1
TAC1,32,0.013767766,0.00086048536,2
CAMKK2,36,0.013735575,0.00038154374,1
MADCAM1,18,0.013730743,0.0015256382,2
NOD1,39,0.013704103,0.00035138728,1
WWOX,121,0.013700059,0.0012454599,11
TYRP1,80,0.013691483,0.0017114354,10
TNIP2,160,0.013687189,0.00042772465,5
PTPRC,800,0.013686711,0.00042770972,25
SV2B,45,0.013682663,0.0015202959,5
MMAA,8,0.013635073,0.0017043841,1
PDE11A,12,0.013633542,0.0011361284,1
CHST1,7,0.013619644,0.0019456634,1
DTX1,10,0.013592166,0.0013592166,1
SDC4,124,0.013587518,0.00043830703,4
M6PR,11,0.013587412,0.0012352193,1
ME1,44,0.0135782175,0.00061719166,2
RASSF1,12,0.013541136,0.001128428,1
CNGB1,48,0.01352412,0.0008452575,3
ITGB8,110,0.013507727,0.00061398756,5
SGK2,7,0.013481386,0.0019259123,1
NPR2,10,0.013434738,0.0013434738,1
HS6ST1,54,0.013429395,0.0014921549,6
DGKQ,26,0.013423616,0.0010325859,2
SLC1A2,30,0.013420101,0.00089467346,2
KCNK10,180,0.013412908,0.0014903231,20
MUC15,9,0.013410034,0.0014900038,1
REST,21,0.013389779,0.0006376085,1
B4GALNT1,40,0.013375754,0.0016719692,5
CABIN1,10,0.013372081,0.0013372081,1
HARS1,10,0.013367425,0.0013367424,1
HSD17B4,88,0.013362183,0.00030368596,2
NDC1,56,0.013353027,0.00023844691,1
PLB1,68,0.013329766,0.0007841039,4
CD22,11,0.013322528,0.0012111389,1
FUCA2,18,0.013286781,0.001476309,2
DNAJC6,7,0.013250849,0.0018929784,1
E2F7,54,0.013240307,0.0014711451,6
TXNL4A,7,0.013206516,0.0018866452,1
SLC6A5,7,0.013202209,0.0018860298,1
ENTPD5,32,0.013190989,0.00041221842,1
FCN1,9,0.013190265,0.001465585,1
RGS4,104,0.013182022,0.0010140017,8
NARS2,16,0.013172677,0.0016465846,2
C7,51,0.0131703345,0.0007747255,3
AGAP2,22,0.013150463,0.0011954966,2
GALNT12,16,0.013150274,0.0016437842,2
FGF1,105,0.013148661,0.00012522534,1
RUNX3,253,0.0131465765,0.00057159027,11
PRDM1,1068,0.013127652,0.0010939711,89
DEFA5,8,0.013123866,0.0016404833,1
RGS18,130,0.013104615,0.0010080474,10
NT5E,28,0.0131002925,0.0004678676,1
SEMA3A,32,0.013094087,0.0016367609,4
NUP210,162,0.013089489,0.00016159864,2
NT5C1A,26,0.013079746,0.0010061343,2
IRAK3,7,0.013073717,0.001867674,1
SEC24C,17,0.013060229,0.00076824875,1
GABBR1,175,0.013054682,0.00052218727,7
ARHGAP42,10,0.01303995,0.001303995,1
GPX3,418,0.01303499,0.0005924995,19
ELOVL4,30,0.01302423,0.001302423,3
AP2A1,56,0.013017772,0.00023246021,1
TUBGCP3,20,0.013003518,0.0013003518,2
RRAGD,24,0.0129908165,0.00054128404,1
COL5A1,14,0.01299048,0.00092789147,1
VIPR2,34,0.012986425,0.0007639074,2
PLEKHG3,27,0.012969266,0.0014410295,3
GNRHR,22,0.012966162,0.001178742,2
AGO1,35,0.012964996,0.00037042843,1
CDON,72,0.012955719,0.0010796433,6
DAP3,7,0.012946109,0.0018494442,1
VAMP1,8,0.012936727,0.0016170909,1
TRPM7,9,0.012921672,0.0014357413,1
TRAPPC4,14,0.012906241,0.00092187437,1
PLXNB1,12,0.012901217,0.0010751014,1
SPP2,48,0.012898753,0.0016123442,6
XCL1,48,0.012879508,0.0010732922,4
FCGR3B,32,0.01287006,0.00080437877,2
KDELR2,26,0.0128657315,0.0009896717,2
FNBP1L,20,0.012843938,0.0012843937,2
PLD2,49,0.012840028,0.00026204137,1
VAPA,66,0.01283181,0.0011665282,6
RCC2,18,0.012812644,0.00071181357,1
PARK7,72,0.0128018,0.0007112111,4
FFAR2,10,0.012795902,0.0012795902,1
AK3,56,0.012792209,0.00091372925,4
C5,31,0.0127809215,0.0004122878,1
DROSHA,10,0.012760244,0.0012760244,1
HSD17B7,38,0.012759653,0.00033578035,1
SNAI1,240,0.012758626,0.0007974141,15
IL7,125,0.012751806,0.0005100722,5
MC4R,234,0.012745183,0.0007080657,13
PRKCH,32,0.012734991,0.00039796846,1
HIF3A,30,0.012715151,0.001271515,3
TLE1,312,0.012680701,0.0005283625,13
FBXL7,24,0.012677405,0.0010564504,2
MT1X,7,0.01267248,0.0018103543,1
PRKD1,140,0.012664072,0.0006332036,7
SLC6A15,88,0.012654829,0.0015818536,11
RALBP1,78,0.012649558,0.0004865214,3
PARVA,36,0.0126432255,0.0014048029,4
GADD45G,180,0.012629932,0.00035083145,5
STAB2,16,0.012624668,0.0015780835,2
SLC2A12,8,0.012610415,0.0015763019,1
SMARCA4,39,0.012607758,0.00032327583,1
KIF1B,9,0.012587021,0.0013985579,1
SLC28A1,10,0.0125751225,0.0012575123,1
ALDH18A1,32,0.012559194,0.0015698993,4
TPST2,7,0.01254265,0.0017918071,1
SV2C,24,0.0125391,0.0015673875,3
PLK1,66,0.012510961,0.00018956001,1
ALDOB,30,0.012479348,0.00041597828,1
RPL21,130,0.012477252,0.0004798943,5
NPHS1,6,0.012470189,0.0020783648,1
PRKCI,86,0.012465614,0.00028989802,2
OAZ1,6,0.0124656,0.0020776,1
IRS2,704,0.012460879,0.0001416009,8
ARHGAP25,5,0.012459843,0.0024919687,1
ARHGAP45,10,0.012456671,0.0012456671,1
IL9,168,0.01244877,0.0005927986,8
HS3ST1,18,0.012440199,0.0013822443,2
PI3,6,0.01243963,0.0020732717,1
ST6GALNAC1,9,0.012439298,0.0013821443,1
EIF3B,15,0.012433273,0.00082888483,1
PRCC,16,0.012397353,0.0015496691,2
SLC6A9,35,0.0123964865,0.0017709266,5
MX1,13,0.012392152,0.0009532425,1
ERBB4,624,0.012390747,0.0002382836,12
PRCP,8,0.012383646,0.0015479558,1
APH1B,37,0.01234983,0.0003337792,1
ATN1,5,0.012349119,0.002469824,1
POFUT1,7,0.01233611,0.0017623014,1
VDAC1,140,0.012335834,0.0003524524,4
CNTN1,13,0.012333851,0.0009487578,1
MARCKS,32,0.012319635,0.0015399543,4
SAMHD1,16,0.0123174265,0.0015396783,2
IGF2R,42,0.012300861,0.000878633,3
FABP5,13,0.012297718,0.0009459783,1
SLC19A1,10,0.012295894,0.0012295895,1
RPTOR,112,0.012291261,0.0002194868,2
CNDP1,12,0.012285502,0.0010237918,1
SPRED2,456,0.0122732995,0.0010227751,38
FSTL3,8,0.012268399,0.0015335499,1
ATP6V1A,29,0.012253116,0.00042252123,1
MUC4,9,0.0122060925,0.0013562324,1
HTR2A,147,0.0122002615,0.0005809649,7
ALG10B,162,0.012199625,0.00022591896,3
GABRB3,119,0.012197616,0.0007175068,7
IRS1,112,0.012187791,0.000108819564,1
ADRA1A,152,0.012147042,0.0001598295,2
MARK3,34,0.0121445535,0.0007143855,2
NMNAT3,66,0.012140685,0.0011036986,6
PRDM9,27,0.012140567,0.001348952,3
CDK6,74,0.012140089,0.00016405525,1
CDK2,128,0.012127509,9.474617e-05,1
SLC2A10,14,0.012107326,0.001729618,2
COL4A4,38,0.012091246,0.0003181907,1
GABRA6,52,0.012083904,0.00092953106,4
AKAP13,22,0.01207586,0.0005489027,1
XCL2,33,0.012073305,0.0010975733,3
FERMT3,6,0.012070014,0.002011669,1
MRPL42,6,0.012062164,0.0020103606,1
NDUFS2,21,0.01205192,0.000573901,1
TXN,59,0.012051919,0.0002042698,1
GPCPD1,32,0.012050728,0.001506341,4
RPL3,884,0.01204553,0.0004632896,34
WDR77,7,0.0120420605,0.0017202944,1
IL18RAP,132,0.012014996,0.0010012496,11
ZNF274,5,0.0120101515,0.0024020304,1
PRC1,7,0.011988478,0.0017126397,1
CYP2W1,9,0.011976916,0.0013307685,1
KCNAB2,7,0.011966942,0.0017095631,1
UGT2B10,56,0.011956567,0.00042702028,2
GPC5,72,0.011943053,0.00066350296,4
ORAI1,24,0.011933849,0.0004972437,1
GALNT18,48,0.011927307,0.0014909133,6
FGD2,24,0.011900013,0.0009916677,2
JARID2,119,0.011890298,0.0016986141,17
SEPHS2,64,0.011884484,0.0014855606,8
SPEN,10,0.011873284,0.0011873285,1
SULT1C4,6,0.011869051,0.001978175,1
POU4F2,8,0.011866571,0.0014833214,1
EXOC6,40,0.011855335,0.0014819169,5
APOC1,12,0.011845265,0.0009871054,1
PER2,8,0.011841626,0.0014802032,1
MMP10,9,0.01184155,0.0013157277,1
ERBIN,58,0.011824484,0.00040774082,2
MOCS1,12,0.0117755765,0.001962596,2
CRYBA4,7,0.011750495,0.0016786421,1
ATP6V1C1,56,0.011748325,0.00041958306,2
CDC27,44,0.011726171,0.0002665039,1
SETD2,10,0.0117236115,0.0011723612,1
CHST14,10,0.011713262,0.0011713261,1
DHRS3,42,0.011711483,0.0008365344,3
LAMA2,64,0.011702479,0.00036570246,2
CD163,22,0.011685886,0.0010623534,2
KDM4C,176,0.011632186,0.0010574715,16
SLC27A3,14,0.011631825,0.0016616893,2
PAX5,20,0.011631814,0.0011631814,2
DHRS9,36,0.011618673,0.0009682227,3
IL12RB1,48,0.01161749,0.00048406207,2
SLC23A2,5,0.011589618,0.0023179236,1
SLC30A1,8,0.011588469,0.0014485586,1
CACNA1B,20,0.011568253,0.00057841267,1
SDC2,80,0.011567363,0.00028918407,2
TSHR,150,0.011546902,0.00046187613,6
NMB,8,0.011544395,0.0014430494,1
SH2B3,34,0.0115409475,0.00067887927,2
ALDH3A2,59,0.011540905,0.00019560855,1
PPCDC,8,0.011483013,0.0014353766,1
SLC35D2,13,0.011475992,0.00088276865,1
FAH,21,0.011475915,0.00054647215,1
MIA2,8,0.011459936,0.001432492,1
KIF20B,9,0.011453861,0.0012726513,1
DOK5,42,0.011441618,0.0016345168,6
MYO19,5,0.011438236,0.0022876472,1
ATP6V1G3,696,0.0114353495,0.0004764729,29
PCDH7,80,0.011426948,0.0011426948,8
CEBPG,16,0.011422705,0.0014278381,2
GREB1,14,0.011402493,0.0016289277,2
SPTBN1,37,0.0113997245,0.00030810066,1
LMX1B,5,0.0113963215,0.0022792644,1
SNAPC3,7,0.011392263,0.0016274661,1
EIF4H,10,0.011371975,0.0011371975,1
SMUG1,11,0.011332015,0.0010301832,1
UNC13B,13,0.011331645,0.00087166496,1
IDUA,11,0.011330395,0.0010300359,1
SAP18,19,0.0113192685,0.000595751,1
SLC26A3,504,0.01130917,0.0005385319,24
STX18,7,0.011307829,0.0016154042,1
CD2,280,0.011301128,0.001412641,35
H4C5,94,0.011295302,0.00012016278,1
DPYS,23,0.011282447,0.00049054116,1
FXYD4,33,0.011282305,0.001025664,3
COG3,22,0.0112493485,0.0010226681,2
PIP5K1C,43,0.011234684,0.00026127172,1
RPE65,50,0.011229341,0.001122934,5
DLK1,18,0.011221724,0.0012468582,2
KLHL11,7,0.01121977,0.0016028242,1
AGXT2,15,0.011205219,0.0007470146,1
FOSL2,40,0.011192526,0.0013990657,5
NTPCR,7,0.011186329,0.001598047,1
HFE,5,0.011168363,0.0022336724,1
BNIP3,18,0.01116406,0.001240451,2
CDC42EP5,126,0.011162696,0.0015946709,18
CDH3,90,0.011160249,0.0012400276,10
PLEKHG4,7,0.011156674,0.0015938105,1
COL11A1,70,0.011149668,0.0011149669,7
CAP2,8,0.011114979,0.0013893724,1
DYNC1LI1,45,0.011097467,0.00024661038,1
TP63,243,0.0110915555,0.00041079836,9
SUMO3,23,0.011068794,0.00048125192,1
LRP2,72,0.011064421,0.00061469,4
DAGLB,12,0.011054983,0.00092124863,1
CBX6,14,0.011038178,0.0007884413,1
MCHR2,50,0.011037739,0.001103774,5
IYD,6,0.011030288,0.0018383814,1
GTF2A1,25,0.01103003,0.0004412012,1
ITPKB,44,0.0110291345,0.0010026485,4
NLGN1,28,0.011027953,0.0015754219,4
SLC16A7,96,0.011020985,0.0013776232,12
ADSS2,30,0.011011284,0.00036704278,1
FH,35,0.011008652,0.00031453292,1
GALNT14,16,0.010991185,0.0013738981,2
TLR5,18,0.010989626,0.0006105348,1
SEMA7A,6,0.010971591,0.0018285984,1
TAP2,90,0.010968678,0.0007312452,6
TTC21B,9,0.010967119,0.0012185688,1
SMURF1,78,0.010964637,0.00028114452,2
CLASP2,46,0.010926189,0.00047505173,2
TGFBR3,135,0.010922715,0.001213635,15
F3,41,0.01091983,0.0002663373,1
XYLT1,84,0.010919747,0.00077998196,6
GLO1,39,0.010914753,0.0008395964,3
CD33,6,0.0109036835,0.0018172805,1
SERPINA1,50,0.010900231,0.00043600926,2
PSAP,20,0.010878089,0.00054390443,1
CAMK1G,5,0.010877773,0.0021755546,1
NPFFR2,20,0.010854744,0.0010854744,2
RORC,12,0.01084758,0.000903965,1
CAP1,15,0.010827673,0.00072184484,1
AGA,21,0.010824355,0.0015463363,3
IFNGR2,108,0.010823943,0.00030066507,3
IL1F10,7,0.010808823,0.0015441176,1
UGP2,128,0.010808485,0.00033776514,4
HEY1,90,0.01080547,0.00036018234,3
PFKP,23,0.010805196,0.00046979115,1
KIF5A,23,0.010794464,0.0004693245,1
SLC1A3,112,0.010789834,0.0006743646,7
CDS2,9,0.010789096,0.0011987885,1
PIK3C2G,22,0.010777324,0.0004898784,1
EXO1,28,0.010774838,0.00038481565,1
CLDN10,30,0.010767405,0.0010767406,3
H3C6,71,0.0107508935,0.00015142103,1
CPSF6,14,0.010748945,0.0015355635,2
TNRC6C,96,0.010746457,0.00033582677,3
AK5,22,0.010696622,0.0009724202,2
GMPS,35,0.010695837,0.00030559534,1
MUC2,13,0.010695541,0.000822734,1
UBE2V1,285,0.010686917,0.00018748977,5
BLK,414,0.010670778,0.00046394687,18
PTCH1,112,0.010663348,0.00038083387,4
EDEM2,7,0.010660184,0.0015228834,1
IL15RA,320,0.010655224,0.0006659515,20
TACR3,33,0.010653757,0.00096852327,3
RAG2,6,0.010646139,0.0017743566,1
CLEC7A,8,0.0106450515,0.0013306314,1
PAX8,6,0.010639205,0.0017732008,1
RSPO4,5,0.01063342,0.002126684,1
CYLD,72,0.01063138,0.00044297412,3
GLYATL3,7,0.010607856,0.001515408,1
SKA1,18,0.0106065925,0.0005892551,1
NUMB,22,0.010601837,0.0004819017,1
MAP3K9,36,0.010601327,0.000883444,3
C2,18,0.010582333,0.0005879074,1
LCE1F,4,0.010579873,0.0026449682,1
PSMB7,36,0.0105630625,0.00029341842,1
YAF2,6,0.010552179,0.0017586965,1
FKBP5,34,0.010540376,0.0006200222,2
ITGB3,96,0.010538125,0.00010977214,1
QKI,6,0.010533038,0.0017555063,1
BAAT,74,0.010504464,0.00028390443,2
DDX17,7,0.010500708,0.0015001011,1
NIPSNAP2,6,0.010490585,0.0017484309,1
ACOX2,148,0.010471206,0.00028300556,4
TLR10,21,0.010461927,0.0014945612,3
CIITA,90,0.010446116,0.0010446117,9
IZUMO1R,5,0.010444169,0.0020888338,1
MRPS23,12,0.010442451,0.0017404086,2
SEPSECS,14,0.010422841,0.0014889772,2
RNF144B,24,0.010420725,0.0017367874,4
IL20,40,0.010416912,0.001302114,5
AP3B1,9,0.010390366,0.0011544852,1
MAF,187,0.010379165,0.00061053917,11
CRP,40,0.010356399,0.0010356399,4
CPLX1,22,0.01034244,0.00094022177,2
CYTH1,12,0.010336416,0.00086136797,1
ANXA1,34,0.010334811,0.00060793007,2
CD34,6,0.010334353,0.0017223922,1
ENG,7,0.0103100035,0.0014728577,1
ANGPT2,15,0.010308423,0.0006872282,1
PLA2G4C,37,0.010291276,0.00027814257,1
EXOC5,8,0.010283321,0.0012854151,1
LRP5,108,0.01028182,0.0002856061,3
KEAP1,208,0.01028156,0.0003954446,8
CYB5A,7,0.010279316,0.0014684738,1
TAL1,9,0.010277135,0.0011419039,1
SUCLA2,9,0.010276768,0.0011418632,1
PLK2,45,0.010256131,0.0006837421,3
B9D2,23,0.01025143,0.00044571434,1
GLRA3,4,0.010247311,0.0025618277,1
TRIM14,4,0.010229223,0.0025573059,1
SEC16B,24,0.010222121,0.0012777651,3
IGFBP4,7,0.01021642,0.0014594885,1
FPR3,42,0.010212957,0.000729497,3
IL37,16,0.0102066975,0.0012758372,2
B3GNT2,1066,0.010203921,0.00078491704,82
TFF3,7,0.010196531,0.0014566473,1
SLC19A3,21,0.010194539,0.0014563628,3
PPFIA2,10,0.010193608,0.0010193607,1
RAB23,7,0.010193024,0.0014561462,1
WDR19,9,0.010177987,0.0011308874,1
CD46,16,0.010176137,0.0012720171,2
UBAP1,24,0.010161975,0.0008468313,2
CDH8,189,0.010155566,0.0014507951,27
SMARCE1,280,0.010143863,0.00050719315,14
PROK1,7,0.010143006,0.0014490009,1
COL6A6,19,0.010139029,0.0005336331,1
SLC5A12,32,0.010120811,0.0012651014,4
SLC25A2,24,0.010117921,0.0008431601,2
SLC7A5,132,0.010110472,0.00022978343,3
CH25H,56,0.010099467,0.0007213905,4
SEMA6D,112,0.010092944,0.001261618,14
GPLD1,7,0.010081026,0.0014401466,1
SSTR1,13,0.010070626,0.0007746635,1
HAO2,9,0.010070367,0.0011189296,1
SLC5A9,7,0.010068376,0.0014383394,1
RPL30,28,0.010067708,0.000359561,1
CD2BP2,6,0.010065138,0.001677523,1
RTF1,20,0.010060148,0.0010060149,2
STIM1,16,0.010057212,0.00062857574,1
SCNN1A,210,0.010051598,0.00028718854,6
IL36A,12,0.010048028,0.0016746714,2
FSTL1,24,0.010029311,0.0012536639,3
PTCD3,12,0.010008617,0.0016681028,2
CACNG2,18,0.010001994,0.00055566634,1
AKR1D1,74,0.010000644,0.00027028768,2
OR7A10,4,0.01000006,0.002500015,1
PPA2,14,0.009998271,0.0014283245,2
E2F8,7,0.0099957045,0.0014279578,1
MPHOSPH10,5,0.009986179,0.0019972357,1
MAG,17,0.009976953,0.0005868796,1
PRKG1,34,0.009972983,0.00029332304,1
KIR2DL1,12,0.009963531,0.0016605887,2
LGR5,10,0.009935326,0.0019870652,2
LAMA4,24,0.009928291,0.0004136788,1
GSTA4,34,0.00991369,0.0005831582,2
KYNU,56,0.0099002365,0.00070715975,4
RGS12,10,0.009899798,0.0009899798,1
ATP8B1,14,0.009881232,0.0014116046,2
SLC36A1,11,0.009878619,0.00089805626,1
RELN,16,0.009865272,0.0006165795,1
A1BG,7,0.009857716,0.0014082452,1
MAPKAPK3,48,0.009849182,0.0002051913,1
CCR4,391,0.00984169,0.0005789229,23
PHF20,10,0.009822928,0.0009822928,1
BLVRA,16,0.009805951,0.00061287195,1
PDE4A,126,0.009803733,0.0007002666,9
SLC36A4,8,0.009778065,0.0012222581,1
LIFR,48,0.009769636,0.00040706818,2
KIFC1,48,0.009768043,0.0012210053,6
USP13,9,0.009766899,0.001085211,1
HMGCLL1,30,0.009765513,0.0009765513,3
SIKE1,7,0.009762853,0.0013946934,1
LCN9,4,0.009756318,0.0024390796,1
BRD7,7,0.00975526,0.0013936086,1
RAET1E,4,0.009754709,0.0024386772,1
CBLIF,6,0.009754391,0.0016257319,1
TARS1,28,0.00975117,0.0013930243,4
CD36,45,0.009749822,0.00021666272,1
HLA-DOA,1247,0.009743632,0.00033598728,43
HCLS1,11,0.009741282,0.0008855711,1
IFNL1,10,0.009738166,0.0009738166,1
SEMA3E,24,0.009731106,0.0012163883,3
FMO3,32,0.00972723,0.0006079519,2
FBXO5,60,0.009722282,0.00064815214,4
S100A7,7,0.0097133815,0.0013876259,1
GGA3,8,0.009691042,0.0012113802,1
SCN1A,10,0.009690182,0.0009690182,1
NCAM1,23,0.009690018,0.00042130516,1
RGS1,720,0.009689664,0.00064597756,48
LCLAT1,10,0.009676844,0.0009676844,1
PLPPR3,6,0.009671239,0.0016118732,1
MRPS21,7,0.009669259,0.0013813227,1
GSC,10,0.009668255,0.001933651,2
CDH9,60,0.009661773,0.0016102955,10
PTPN2,612,0.009657579,0.00053653214,34
CLEC4E,12,0.009654,0.0016090001,2
CDH10,6,0.009650141,0.0016083568,1
NLK,30,0.009646966,0.00032156555,1
IQGAP2,48,0.00960767,0.00060047937,3
S100A7A,5,0.009597387,0.0019194775,1
CYP2F1,38,0.00959337,0.0005049142,2
SLC8A3,25,0.009592339,0.00038369358,1
PLRG1,5,0.009586683,0.0019173365,1
SLIT1,11,0.009579125,0.0008708295,1
PLEK,273,0.009576043,0.0013680061,39
NEDD4,29,0.0095755905,0.00033019276,1
FANCF,16,0.009568657,0.0011960821,2
TTC8,16,0.009567471,0.0011959339,2
DHCR24,37,0.009562568,0.00025844778,1
FBP1,30,0.009542859,0.0003180953,1
SCN11A,8,0.009531336,0.001191417,1
CRY2,5,0.009525233,0.0019050466,1
ANG,24,0.009518306,0.0011897882,3
SEC61G,42,0.009513524,0.0006795375,3
DNM2,48,0.009509005,0.00019810426,1
CD109,14,0.009508114,0.0013583021,2
IDI2,11,0.009506295,0.0008642087,1
GCNT3,24,0.00950322,0.0011879025,3
DLL3,22,0.009487719,0.00043125998,1
FCN2,8,0.009471613,0.0011839516,1
STON1,4,0.009469051,0.0023672627,1
IL4I1,29,0.009463969,0.00032634375,1
ETNPPL,18,0.009445531,0.0015742552,3
NCAPD2,7,0.009428862,0.0013469802,1
ATP6V0A1,182,0.00942762,0.00036260075,7
RAB44,12,0.00942054,0.00157009,2
LTK,4,0.009403249,0.0023508123,1
GCLC,42,0.009378237,0.00022329135,1
SDCBP,23,0.009374099,0.00040756952,1
WNT9B,102,0.009367031,0.0002755009,3
PTPRF,33,0.009359799,0.0008508908,3
SLC6A1,32,0.009359083,0.0005849427,2
ZDHHC21,7,0.009357234,0.0013367478,1
DLC1,24,0.009355112,0.00077959266,2
DOCK4,39,0.009345482,0.00071888324,3
GNA15,46,0.009333425,0.00020290054,1
CDH18,54,0.0093325665,0.0015554278,9
UGT2B4,112,0.009329453,0.00033319474,4
ARHGAP40,12,0.009327427,0.0015545712,2
SLIT3,16,0.009319461,0.0011649326,2
IRF4,756,0.009317312,0.00051762845,42
GRIK2,110,0.0093014,0.00093013997,11
KRT1,7,0.009301385,0.0013287693,1
CHMP7,18,0.00928961,0.00051608944,1
CDK12,30,0.009281815,0.0018563629,6
ACVR2A,220,0.009275604,0.0004637802,11
NUP35,158,0.009275062,0.00011740584,2
NLN,6,0.009265811,0.0015443019,1
HHAT,14,0.009250424,0.0013214891,2
TBPL2,18,0.009244514,0.0015407525,3
SLC17A1,8,0.00924446,0.002311115,2
KIF6,8,0.009241618,0.0011552023,1
ATP10A,32,0.009229871,0.0011537339,4
ESD,6,0.0092224255,0.001537071,1
YKT6,21,0.009218807,0.00043899083,1
TCN2,16,0.009204822,0.0011506027,2
KDM3A,13,0.009200807,0.00070775434,1
RHOU,10,0.009199664,0.0018399328,2
DAB2,32,0.009191305,0.0005744566,2
ETV6,60,0.009189916,0.0009189916,6
ATG12,21,0.009184081,0.0004373372,1
ALOX5AP,14,0.009171923,0.00065513735,1
PDP2,6,0.009168527,0.0015280879,1
HLA-DOB,493,0.009154404,0.0003156691,17
SGMS2,9,0.009148389,0.0010164877,1
MIA3,11,0.009143311,0.00083121005,1
SLC25A20,16,0.009140292,0.00057126826,1
CTH,230,0.009125004,0.00019836964,5
ACER2,32,0.0091106,0.001138825,4
NR2F2,30,0.009107903,0.0015179839,5
CTDSP1,24,0.009102777,0.0015171295,4
CRLF1,6,0.009101788,0.0015169646,1
CPNE8,8,0.0090944,0.0011368,1
TENT4A,8,0.009083439,0.0011354298,1
MCOLN3,5,0.009079798,0.0018159596,1
F12,36,0.009066995,0.00025186097,1
RNF126,8,0.009051949,0.0022629872,2
TRRAP,19,0.0090514915,0.00047639429,1
PPM1B,35,0.009047464,0.0012924948,5
CACNA1C,206,0.009039691,8.776399e-05,2
GPR39,14,0.009037657,0.0006455469,1
PIK3R6,42,0.009031429,0.00021503403,1
CCR3,900,0.009024938,0.00030083125,30
DEFB1,7,0.0090212375,0.0012887482,1
CYB5R2,5,0.009015819,0.0018031638,1
PRXL2B,48,0.009010315,0.00018771489,1
DEFB115,5,0.008980631,0.0017961261,1
ACVR1,45,0.0089787785,0.00059858523,3
CLCA2,14,0.008975783,0.0012822548,2
VCAM1,627,0.008967535,0.00027174345,19
ALDOA,48,0.008966856,0.0001868095,1
FZD10,72,0.008966678,0.0002490744,2
KRT38,5,0.008958602,0.0017917205,1
DYNC2I1,16,0.008957977,0.0011197472,2
CTPS1,18,0.008956962,0.000497609,1
PTPRS,6,0.008953394,0.0014922324,1
ACSF2,5,0.008951639,0.0017903277,1
GP6,49,0.008946672,0.001278096,7
NPAS2,35,0.008946383,0.0012780547,5
EIF3H,112,0.008944461,0.0005590288,7
RHPN2,9,0.008933112,0.000992568,1
IL12RB2,480,0.008911921,0.00044559606,24
KCNA4,5,0.008908745,0.001781749,1
PDE8B,11,0.008907047,0.00080973154,1
ESPNL,4,0.008893034,0.0022232586,1
LMBRD1,5,0.008886507,0.0017773013,1
ST6GAL2,50,0.008884294,0.0008884294,5
NMT1,26,0.008879594,0.00068304566,2
ARAP2,154,0.008876019,0.00063400134,11
CADM1,184,0.008873059,0.0011091324,23
ZNF133,4,0.008859625,0.0022149063,1
WNT5A,325,0.008858657,0.00013628704,5
NDUFS8,19,0.008855113,0.00046605858,1
MTHFD1L,15,0.008851965,0.000590131,1
GCNT4,6,0.008850047,0.0014750079,1
POLI,9,0.0088455845,0.0009828428,1
CBR4,10,0.008844534,0.0017689066,2
EVC2,8,0.008842296,0.001105287,1
MED24,24,0.008840789,0.001473465,4
NEIL2,30,0.0088376505,0.000883765,3
PCK1,106,0.008836788,0.00016673184,2
NKD1,96,0.008836322,0.0007363602,8
GUCA1B,14,0.008830647,0.001261521,2
RLBP1,6,0.008826958,0.0014711596,1
MSX2,28,0.0088267345,0.0012609621,4
SLC2A9,21,0.008819559,0.0012599371,3
SLC5A11,7,0.008814103,0.0012591576,1
DKK1,72,0.008797808,0.00024438353,2
FAR1,20,0.008791709,0.0017583418,4
FIG4,16,0.008785541,0.0005490963,1
PINK1,30,0.008784214,0.0005856143,2
PTPRB,6,0.008783907,0.0014639845,1
KDM4A,11,0.008782696,0.0007984269,1
PABPC1,120,0.008782296,0.00036592904,5
DLG5,30,0.008777019,0.0008777019,3
PDCD1LG2,18,0.008770531,0.0014617551,3
STX1B,10,0.008763164,0.00087631645,1
CXXC4,8,0.008744683,0.0010930854,1
CHL1,18,0.008737744,0.0014562908,3
DPYSL4,5,0.008734583,0.0017469166,1
MOCS3,6,0.008727566,0.0014545944,1
SLC11A1,48,0.00869905,0.0007249208,4
THBS2,20,0.008696642,0.0004348321,1
MAP3K5,53,0.008691514,0.00016399083,1
GNA12,36,0.008685331,0.00024125919,1
TRIM3,4,0.008679416,0.002169854,1
WNT3,138,0.008677265,0.00018863619,3
KCTD3,25,0.0086659035,0.0017331808,5
UBA7,20,0.008657003,0.00043285015,1
SMARCD3,84,0.0086550005,0.0004121429,4
LRP6,84,0.008643748,0.00020580355,2
GALNT3,60,0.008633953,0.0005755969,4
NHLRC2,4,0.008625553,0.0021563882,1
ANK3,30,0.008616412,0.0005744275,2
IVL,20,0.008611483,0.0017222965,4
NUBPL,6,0.008607688,0.0014346148,1
GRM7,68,0.008603023,0.0005060602,4
SLC38A1,36,0.008600385,0.00047779916,2
RBCK1,28,0.0085971,0.0006140786,2
ASB2,14,0.008592678,0.0012275255,2
ERP29,14,0.008591106,0.0006136504,1
SLU7,18,0.008588134,0.0009542372,2
UBE3C,10,0.008578222,0.0017156445,2
NDUFAF2,7,0.008571552,0.0012245075,1
CXCL11,18,0.008567169,0.00047595386,1
NEDD4L,128,0.008556966,0.00026740518,4
KLF4,304,0.008550211,0.0004500111,16
MAN1A1,45,0.008539592,0.00056930614,3
PTPRR,15,0.0085291965,0.0017058393,3
DNAL4,16,0.008519892,0.0010649865,2
PLEKHG1,12,0.008518022,0.0014196702,2
RIN2,24,0.008510579,0.0014184299,4
CRNKL1,5,0.008501267,0.0017002535,1
RGS6,64,0.008489459,0.0005305912,4
GDF2,14,0.008470614,0.0006050439,1
FARP1,63,0.00844906,0.00093878445,7
QRSL1,2,0.008446619,0.0042233095,1
TAS2R1,7,0.008439753,0.001205679,1
SPTSSA,20,0.008437025,0.0016874052,4
GINS3,14,0.008429939,0.001204277,2
OLA1,4,0.008429424,0.002107356,1
CFB,13,0.008423913,0.00064799335,1
DEFB112,5,0.008404219,0.0016808438,1
COL25A1,14,0.008394752,0.0011992501,2
SLC2A11,7,0.008393854,0.0011991219,1
SLC39A8,176,0.008391064,0.00076282397,16
ECE1,10,0.008387138,0.00083871384,1
ELAVL1,34,0.008383593,0.00049315253,2
WHAMM,6,0.008381426,0.0013969044,1
AGO2,33,0.008359555,0.00025331986,1
SLC39A6,9,0.008350513,0.0009278348,1
AEBP2,72,0.008349771,0.00092775235,8
EVL,15,0.008346766,0.0005564511,1
TERF2IP,23,0.00834657,0.00036289432,1
CDH12,30,0.008345707,0.0013909513,5
SKI,42,0.008344139,0.00039733993,2
DGKI,13,0.008343039,0.00064177223,1
KDM4B,33,0.008342593,0.0007584175,3
BCL2L14,24,0.008339391,0.0010424239,3
EDC3,4,0.008334139,0.0020835348,1
ZNF773,4,0.0083340695,0.0020835174,1
CHMP4C,18,0.008331295,0.00046284974,1
MAPK12,110,0.008329599,7.572363e-05,1
ZNF423,21,0.008318798,0.0011883996,3
ITGA2,44,0.008315875,0.00018899716,1
OSBP,5,0.008315207,0.0016630415,1
IL36B,6,0.008301493,0.0013835821,1
ANO6,42,0.008301219,0.0013835364,7
MLLT3,90,0.008300284,0.0013833806,15
CHERP,5,0.008299073,0.0016598146,1
ACER3,22,0.008293743,0.00075397664,2
CCL19,165,0.008284548,0.0005523032,11
FNTB,10,0.008282154,0.0008282154,1
USP47,12,0.008278981,0.0020697452,3
TUSC3,36,0.008272647,0.000919183,4
YY1AP1,5,0.008262575,0.0016525149,1
NFKB2,92,0.008260394,8.9786896e-05,1
ARID3A,7,0.008248752,0.0011783931,1
TJP2,36,0.008245064,0.00045805913,2
ASPG,4,0.008242668,0.002060667,1
LEPR,120,0.008233615,0.00041168075,6
ST8SIA2,60,0.008224035,0.00054826896,4
ENGASE,5,0.008216478,0.0016432956,1
BABAM2,17,0.008212749,0.00048310286,1
LCE1D,4,0.008205596,0.002051399,1
EGR4,8,0.008198342,0.0010247928,1
LCE4A,6,0.008191712,0.0027305705,2
GALNT2,14,0.008190751,0.00058505364,1
EPS15L1,20,0.00819035,0.000819035,2
PRAG1,25,0.008168163,0.0016336327,5
EIF2AK2,34,0.008157906,0.00023993841,1
SPAM1,7,0.0081572095,0.0011653156,1
DOK4,5,0.008141825,0.001628365,1
PPP6R3,39,0.008138289,0.0006260222,3
CDH5,108,0.008137184,0.00045206575,6
ACTR3B,54,0.008136084,0.0009040094,6
KIR3DL2,18,0.008131259,0.00135521,3
PAG1,75,0.008118706,0.0005412471,5
HOMER2,10,0.008116383,0.0016232766,2
TRIM27,45,0.008116328,0.0005410886,3
CSNK1G3,45,0.008114325,0.0009015916,5
KMT5A,72,0.008114218,0.00045078987,4
AUH,50,0.008113346,0.00032453384,2
NCR3,16,0.008087769,0.0020219423,4
MCM7,27,0.008087576,0.00029953985,1
MAPKAPK5,48,0.00808601,0.00033691706,2
FANCI,22,0.008084068,0.0007349153,2
GJA5,3,0.008081369,0.0026937898,1
LGALS1,6,0.008076057,0.0013460094,1
ASB4,7,0.008067038,0.001152434,1
LTF,55,0.008048652,0.00073169556,5
RPS6KA1,206,0.008047187,7.812802e-05,2
BTG1,8,0.008046585,0.0010058231,1
DERL1,16,0.008040504,0.0005025315,1
SETD6,4,0.008032706,0.0020081764,1
IGFBP3,200,0.008028727,0.00032114907,8
NDUFS4,19,0.008019366,0.0004220719,1
TTC30B,5,0.008019125,0.001603825,1
C1GALT1,8,0.008019065,0.0010023831,1
DNER,9,0.008015137,0.0008905708,1
MIRLET7I,5,0.00800176,0.0016003519,1
PLCE1,28,0.007996982,0.0002856065,1
GALNTL6,7,0.007993246,0.0011418924,1
NCR2,18,0.0079930695,0.0013321782,3
UTS2B,8,0.007987506,0.0009984382,1
TRAPPC11,20,0.007986944,0.0015973888,4
TNS3,49,0.007986725,0.0011409607,7
ALDH1L2,6,0.007986024,0.001331004,1
C4BPB,7,0.0079746405,0.0011392344,1
RBX1,101,0.007970874,7.891955e-05,1
CD2AP,18,0.007956627,0.0008840696,2
TBC1D4,33,0.007956503,0.00072331843,3
KCNK2,120,0.007953016,0.0007953016,12
PRKAR2A,174,0.007952067,9.1403075e-05,2
FOXO6,38,0.007944872,0.00041815115,2
FBXL19,7,0.007942326,0.0011346181,1
PPIF,143,0.007936111,0.00072146463,13
DGKB,52,0.00793549,0.00061042234,4
ITGA1,92,0.0079177655,0.00017212534,2
CHST8,24,0.007916782,0.0009895978,3
SESN1,13,0.007915539,0.0006088876,1
ANP32A,12,0.007913915,0.001318986,2
DCK,17,0.0079114055,0.0004653768,1
FPR2,19,0.007896027,0.00041558035,1
HTR3E,10,0.007886012,0.0015772025,2
PANK3,14,0.007883726,0.0011262465,2
BMP7,308,0.007883054,0.00028153765,11
RGS5,52,0.007881014,0.00060623186,4
HAUS6,16,0.007877375,0.00049233594,1
PTPN22,6,0.007876935,0.0013128226,1
POP4,20,0.007862099,0.0015724199,4
ULBP3,8,0.007856987,0.0019642469,2
FRS3,32,0.00785692,0.00024552876,1
CISH,22,0.007852814,0.0003569461,1
XCR1,429,0.007848037,0.00060369517,33
SULT1B1,6,0.007847159,0.0013078599,1
TAS1R2,24,0.007846304,0.000980788,3
TRIOBP,4,0.007835392,0.001958848,1
RAP1A,96,0.007830432,8.1567e-05,1
LAT,245,0.007825338,0.00015970078,5
MCOLN2,5,0.007824064,0.0015648128,1
FGF21,252,0.007818019,0.000279215,9
ARHGEF38,24,0.007812397,0.00097654964,3
CP,15,0.0078117657,0.00052078435,1
OAS3,16,0.0078050243,0.00048781402,1
CPE,30,0.007797456,0.0015594912,6
CD8A,19,0.007795942,0.00041031273,1
KCNK9,135,0.0077910423,0.0008656714,15
KLHL25,7,0.0077908183,0.001112974,1
COL9A1,26,0.0077899955,0.0002996152,1
FER,18,0.0077893957,0.00086548843,2
KRT27,4,0.0077843587,0.0019460897,1
SNX5,6,0.007779347,0.0012965578,1
AGBL2,3,0.0077722035,0.0025907345,1
PADI1,3,0.0077677094,0.0025892365,1
TNFRSF11B,112,0.0077651036,0.00048531897,7
OR6B2,3,0.0077629173,0.002587639,1
TNFSF4,119,0.0077627846,0.0011089692,17
CDC42EP1,11,0.007745158,0.00070410524,1
DNM3,22,0.0077433186,0.00035196904,1
CHST6,42,0.007737609,0.0011053727,6
CCN1,13,0.007729093,0.0005945456,1
CHRM5,18,0.0077171456,0.0004287303,1
EED,145,0.0077152415,0.00026604283,5
TNR,30,0.0077119037,0.00077119033,3
ACTR5,4,0.007707939,0.0019269848,1
GPC1,130,0.0076922774,0.0002958568,5
USH1C,15,0.007677194,0.0015354389,3
USO1,15,0.0076724747,0.0005114983,1
HTR3D,10,0.007670667,0.0015341333,2
HCRTR1,22,0.007667917,0.0006970833,2
SEMA5A,10,0.0076610716,0.0007661072,1
FYB1,12,0.007651041,0.00063758675,1
OR2Y1,3,0.007649754,0.0025499181,1
MTF2,150,0.007641213,0.0012735355,25
SH2B2,32,0.007634223,0.00047713894,2
PEX14,24,0.007634064,0.000636172,2
LINGO1,16,0.0076308977,0.0009538622,2
THRB,18,0.0076146508,0.00042303617,1
MRPL33,7,0.00761072,0.0010872458,1
PRLR,63,0.007607605,0.0003622669,3
HS3ST4,168,0.0076047876,0.00095059845,21
SMC6,5,0.0076007424,0.0015201485,1
RNF217,4,0.0075992844,0.0018998211,1
SPRR2F,3,0.0075967833,0.0025322612,1
FGFBP3,6,0.0075921286,0.0012653548,1
TREH,48,0.007590933,0.0012651554,8
EPHA4,165,0.007586673,0.0006896975,15
POLN,5,0.0075860173,0.0015172034,1
BATF3,5,0.0075741974,0.0015148395,1
NOTCH2,32,0.0075724656,0.00023663955,1
NMS,24,0.0075700185,0.0009462523,3
USP20,4,0.007560963,0.0018902407,1
HTR3A,6,0.007559331,0.0012598885,1
DDC,205,0.0075575025,0.00018432931,5
CNR1,40,0.00755422,0.000377711,2
DNAJC7,7,0.007547723,0.0010782462,1
SCNN1D,31,0.0075457627,0.0002434117,1
SORBS1,36,0.0075396798,0.00083774223,4
RGS14,39,0.0075395964,0.00057996897,3
LMO1,25,0.0075346446,0.001506929,5
MMUT,117,0.007532856,0.00019315018,3
OTUB1,5,0.007531814,0.0015063628,1
PHIP,6,0.0075231236,0.0012538539,1
AHCYL1,24,0.0075227283,0.000626894,2
CD58,63,0.007517869,0.0010739812,9
PIK3R5,82,0.007517717,0.00018335893,2
CBLB,406,0.007509455,0.00025894673,14
ADGRE1,5,0.007500589,0.0015001178,1
SELL,27,0.0074982396,0.00083313766,3
SCRIB,20,0.007497509,0.00037487544,1
RSPO3,460,0.0074971514,0.00074971514,46
CTSO,25,0.0074966773,0.0014993354,5
PSMB9,189,0.007494708,0.00027758177,7
PDHA2,147,0.00748885,0.00035661194,7
SLC2A13,112,0.007480147,0.0010685924,16
LOXL1,15,0.00747123,0.001494246,3
ZNF154,4,0.0074633844,0.0018658461,1
SYT11,15,0.007462175,0.001492435,3
EEA1,15,0.007460956,0.0014921912,3
STK38,8,0.0074568475,0.00093210593,1
S100A10,3,0.0074559124,0.0024853041,1
TMEM132A,4,0.00744105,0.0018602625,1
RYR3,21,0.0074387453,0.00035422598,1
EDN2,42,0.00743434,0.0003540162,2
PEX13,12,0.0074331164,0.00061942637,1
GFRA1,19,0.007432633,0.00039119122,1
CYP7B1,24,0.0074314154,0.00030964232,1
SAR1B,17,0.007425534,0.0004367961,1
ZFP1,56,0.0074232556,0.0018558139,14
OAZ3,4,0.0074226125,0.0018556531,1
TEAD3,15,0.0074179727,0.00049453153,1
ALDH1L1,13,0.0074179303,0.00057061005,1
RCHY1,14,0.007410728,0.00052933773,1
SGCD,84,0.0074067996,0.0012344664,14
ABCG2,78,0.007404176,0.000284776,3
PF4,23,0.0074004093,0.00032175693,1
AK4,33,0.0073972833,0.0006724803,3
ZNF25,4,0.0073939958,0.0018484989,1
CXCL13,75,0.007391079,0.0004927386,5
DHX15,12,0.0073904824,0.0012317471,2
LILRB4,170,0.0073862653,0.001477253,34
CKM,7,0.0073779766,0.0010539966,1
ISG20,12,0.0073769274,0.0018442319,3
TNFSF14,36,0.007376736,0.0008196373,4
RET,21,0.0073766285,0.000351268,1
SEM1,48,0.007373115,0.0004608197,3
PECAM1,20,0.007364783,0.00036823915,1
AQP9,91,0.0073631178,0.001051874,13
IFT74,5,0.007362369,0.0014724738,1
KIF13A,16,0.007361034,0.0018402585,4
AKAP1,6,0.007358399,0.0012263999,1
MUC21,90,0.00735448,0.0008171645,10
LDHB,18,0.0073465323,0.00040814068,1
OR10A4,4,0.007345536,0.001836384,1
KIF3A,24,0.007345363,0.00030605678,1
SCN9A,9,0.0073303324,0.0008144814,1
OR2J2,16,0.0073231715,0.0018307929,4
SNRPB2,16,0.007309376,0.000913672,2
DAB2IP,9,0.0073020495,0.00081133883,1
RNF34,11,0.0073013892,0.0006637627,1
RPS20,180,0.0072993506,0.00024331169,6
TCF12,13,0.0072990158,0.0005614628,1
SLC10A2,77,0.0072953072,0.0010421867,11
HLA-DQB2,288,0.007287119,0.00040483993,16
NET1,15,0.0072845444,0.0004856363,1
JUND,30,0.007281388,0.00024271294,1
PFAS,25,0.007277208,0.0002910883,1
UROC1,7,0.007261581,0.0010373687,1
GALM,17,0.0072527323,0.0004266313,1
BHMT2,7,0.0072521092,0.0010360156,1
GREM2,30,0.0072481246,0.001449625,6
RAB25,8,0.007247172,0.001811793,2
SLC39A14,11,0.007245427,0.00065867516,1
CA2,13,0.0072426405,0.0005571262,1
GABRA1,20,0.007236805,0.00036184024,1
CTSF,5,0.0072338367,0.0014467674,1
PCGF5,6,0.0072212154,0.0012035359,1
OR10A2,8,0.007216825,0.0018042063,2
HTR3B,5,0.007215755,0.001443151,1
CHST10,64,0.0072144503,0.0009018063,8
LIPG,32,0.007212694,0.0009015867,4
PRG3,4,0.007211627,0.0018029067,1
ARHGAP12,8,0.007203182,0.0009003978,1
ABO,32,0.007202614,0.00090032676,4
SLC24A5,12,0.0071980455,0.0017995114,3
LEMD2,10,0.007194379,0.0007194379,1
SPTLC2,85,0.0071781366,0.00042224335,5
TNFRSF8,6,0.0071743997,0.0011957333,1
PTPRD,65,0.007172228,0.0014344455,13
ADAMTS16,12,0.0071695363,0.0011949227,2
GBP5,5,0.0071686176,0.0014337235,1
GABRR1,10,0.0071679535,0.00071679533,1
POLD3,104,0.0071634706,0.00013775905,2
MYLK4,20,0.00716071,0.000716071,2
IGFBP1,18,0.007143536,0.00039686312,1
SLC39A7,9,0.0071423654,0.00079359615,1
ITSN2,7,0.007125553,0.0010179362,1
GJD2,20,0.007117521,0.0014235042,4
GRIP1,11,0.0071158726,0.00064689753,1
MYH14,20,0.007107163,0.00035535815,1
SALL4,20,0.0071018287,0.0007101828,2
IQCE,6,0.00710011,0.0011833516,1
ADO,483,0.007098171,0.0010140245,69
RCAN2,4,0.0070845983,0.0017711496,1
CSF2RB,96,0.0070821648,0.00022131765,3
FCGR2B,13,0.0070796805,0.0005445908,1
IWS1,15,0.0070788115,0.0014157625,3
PRMT6,20,0.0070749638,0.0007074964,2
DBNL,15,0.00707361,0.000471574,1
MOGAT1,7,0.007071229,0.0010101756,1
IL17F,30,0.0070661395,0.00117769,5
SGCG,48,0.007063559,0.0011772598,8
LTA,48,0.0070547387,0.00029394747,2
KMO,14,0.0070537007,0.0005038358,1
OR8B8,8,0.0070416476,0.0017604119,2
FAM20B,14,0.007036908,0.0005026363,1
RNGTT,64,0.007033162,0.0004395726,4
MYB,125,0.007029365,0.0002811746,5
MYH10,42,0.0070269387,0.00033461614,2
WDR11,45,0.007017711,0.0014035422,9
KIR2DL4,5,0.007017525,0.001403505,1
LYPD4,3,0.007009644,0.002336548,1
NMNAT2,78,0.007009495,0.00053919194,6
MOV10L1,4,0.007007017,0.0017517542,1
MMP24,5,0.007006903,0.0014013806,1
DSCAM,49,0.0070066145,0.0010009449,7
FBXO11,16,0.006998886,0.00087486074,2
INO80,4,0.0069957757,0.0017489439,1
JAML,18,0.0069901017,0.001165017,3
TBC1D3B,4,0.006976174,0.0017440435,1
PLXNC1,18,0.0069752205,0.0011625368,3
PHLDA1,20,0.006973139,0.0013946278,4
MRPL19,8,0.0069701285,0.00087126606,1
IFNL2,10,0.0069699585,0.0013939918,2
PIGK,10,0.0069638593,0.0013927718,2
SOST,10,0.0069624092,0.0006962409,1
MRPL9,7,0.0069582444,0.0009940349,1
HSPA4L,5,0.0069523817,0.0013904764,1
FCHO2,4,0.006935917,0.0017339792,1
CCRL2,24,0.0069106645,0.00086383306,3
FZD7,208,0.0069053816,0.0001327958,4
MTNR1B,44,0.0069044186,0.0006276744,4
FRK,36,0.006903858,0.00076709536,4
IL1RL2,168,0.006902779,0.0009861112,24
PIGP,5,0.006901785,0.001380357,1
HPX,3,0.006901399,0.0023004664,1
SLC15A4,224,0.006894025,0.0009848607,32
CD72,8,0.006888109,0.0008610136,1
ST6GALNAC5,16,0.0068831285,0.00086039107,2
RGS21,185,0.0068830806,0.0013766161,37
RAB3IL1,5,0.0068813865,0.0013762773,1
TLR9,36,0.0068794587,0.00019109607,1
PDE1C,22,0.0068743685,0.0003124713,1
KDSR,16,0.0068697943,0.00042936215,1
DEFB124,5,0.006858641,0.0013717281,1
AP4B1,6,0.0068569267,0.0011428212,1
WARS1,11,0.00685003,0.00062273,1
PPARD,120,0.0068494445,0.0002283148,4
CD209,11,0.0068458687,0.0006223517,1
QRFPR,40,0.0068444787,0.00085555983,5
AEN,3,0.006840368,0.0022801226,1
EIF3E,48,0.006832455,0.00042702843,3
ENPEP,20,0.006818507,0.0017046267,5
COL4A2,37,0.0068096495,0.00018404458,1
UBE2D2,32,0.0068067512,0.00021271098,1
CHST3,10,0.006798798,0.0006798798,1
FKBPL,10,0.006790977,0.0013581954,2
SPRY2,92,0.0067906436,0.00029524538,4
UTP25,4,0.0067881066,0.0016970267,1
IL26,12,0.0067863525,0.0011310587,2
RARS1,22,0.00678427,0.00061675184,2
HAO1,8,0.0067819934,0.0008477492,1
CAMKK1,26,0.0067689363,0.00026034372,1
ARHGAP23,12,0.006767622,0.001127937,2
PDPN,3,0.00676036,0.0022534535,1
DIO2,36,0.006756672,0.000563056,3
SEC11C,54,0.0067506786,0.0007500755,6
UTS2,296,0.0067315563,0.00084144453,37
KAT8,8,0.0067246766,0.0016811691,2
PIGR,10,0.006723871,0.0013447742,2
NLRP4,7,0.0067192144,0.00095988775,1
HEYL,16,0.006714157,0.0004196348,1
VAC14,12,0.0067048753,0.0005587396,1
CD48,8,0.0067017428,0.0016754357,2
GCC1,10,0.006687131,0.0013374261,2
SLC38A3,11,0.0066758264,0.0006068933,1
SSR2,24,0.0066748094,0.0016687023,6
MUC13,16,0.0066746864,0.0004171679,1
ULK3,8,0.006670361,0.0016675902,2
DDHD1,15,0.0066693476,0.0013338695,3
FILIP1,10,0.0066684233,0.0013336847,2
OR51E2,6,0.006664895,0.0022216318,2
DDAH1,55,0.0066617224,0.0013323446,11
MED16,6,0.0066569,0.0011094833,1
UBE2R2,18,0.0066531543,0.0007392394,2
SEMA5B,5,0.0066513764,0.0013302753,1
GPAM,350,0.006643611,0.00018981747,10
NCK2,126,0.0066418047,0.00015813821,3
MTERF1,12,0.0066380836,0.0016595209,3
ASB13,7,0.0066359243,0.0009479892,1
FBXO32,64,0.006635177,0.00041469856,4
BARD1,70,0.006634914,0.00018956896,2
ZNF713,4,0.006634509,0.0016586273,1
ARHGAP15,35,0.0066330456,0.000947578,5
SLC22A11,12,0.0066325776,0.0011054296,2
CYB5B,4,0.006631638,0.0016579095,1
TNFRSF21,30,0.0066255513,0.00066255516,3
LAMB1,36,0.0066087907,0.00018357752,1
SLC4A7,154,0.0066041793,0.00047172708,11
DOCK9,20,0.006597428,0.0006597428,2
USP15,22,0.006582368,0.00059839705,2
TLL2,8,0.0065785265,0.0008223158,1
PGLYRP3,3,0.006575769,0.0021919229,1
LCE1E,8,0.0065710493,0.0016427623,2
GOLGA5,5,0.0065694787,0.0013138957,1
LGALS9,65,0.0065595284,0.0013119057,13
BRD4,5,0.006547128,0.0013094256,1
CLDN16,10,0.00654593,0.000654593,1
OR9G4,3,0.0065331357,0.0021777118,1
PIGU,5,0.0065293014,0.0013058602,1
SARM1,7,0.006517636,0.00093109085,1
KRR1,12,0.006513592,0.001628398,3
KLK5,3,0.006504382,0.0021681273,1
SEC24B,17,0.006498707,0.0003822769,1
E2F6,5,0.006495188,0.0012990376,1
OR13A1,6,0.006486787,0.0021622623,2
ANKRD27,4,0.0064843735,0.0016210934,1
PLPP1,66,0.0064819832,0.00019642373,2
PITX2,65,0.0064814696,0.0004985746,5
SLC19A2,9,0.006476029,0.00071955874,1
MMP15,21,0.006467225,0.0009238892,3
TRIM6-TRIM34,4,0.0064618043,0.0016154511,1
SALL1,55,0.0064593386,0.0012918676,11
BST1,119,0.006448814,0.00037934203,7
ID4,70,0.006437617,0.0006437617,7
CCR1,595,0.006427888,0.00037811106,35
RPL18,26,0.0064235623,0.0002470601,1
ZNF135,8,0.006422612,0.001605653,2
IDE,32,0.0064075077,0.00080093846,4
RALGAPA2,6,0.0064044255,0.0021348086,2
ELF2,6,0.0063989097,0.001066485,1
SUMF1,18,0.0063935965,0.00071039965,2
FA2H,12,0.006389344,0.0010648908,2
HPGDS,18,0.0063860137,0.00035477855,1
PDHX,444,0.0063834144,0.0005319512,37
DPH5,10,0.0063733095,0.0012746619,2
MVB12B,26,0.006372358,0.0004901814,2
TSC22D1,8,0.0063711964,0.0015927991,2
NMU,45,0.006369956,0.00070777285,5
NAA35,4,0.0063614957,0.0015903739,1
GLP2R,15,0.0063602794,0.00042401862,1
RAD23B,56,0.0063601127,0.00045429374,4
ELOVL7,14,0.0063497517,0.00090710743,2
RCN1,5,0.0063469755,0.0012693951,1
H4-16,95,0.006339062,6.672697e-05,1
CNEP1R1,12,0.0063332887,0.0010555481,2
TUBGCP5,11,0.0063310578,0.0005755507,1
TFAP2D,21,0.0063310326,0.00090443325,3
OSBPL5,12,0.006330514,0.0010550856,2
SYN3,12,0.0063279998,0.0010546666,2
KCNQ3,22,0.006316881,0.00057426194,2
COL26A1,14,0.0063106194,0.00090151705,2
CHID1,4,0.0062929755,0.0015732439,1
GSTO1,20,0.0062922756,0.00031461378,1
CPN2,4,0.00628845,0.0015721126,1
ACHE,20,0.006287782,0.0003143891,1
AP1M1,20,0.0062855864,0.0003142793,1
TRIM31,68,0.0062775724,0.0015693931,17
MAN2A1,65,0.0062754317,0.00048272553,5
ZNF568,4,0.006275075,0.0015687688,1
SYS1,4,0.0062712105,0.0015678026,1
RNF114,32,0.0062549347,0.0015637337,8
CBLL1,5,0.006252889,0.0012505779,1
GHR,48,0.0062482664,0.00026034444,2
SLC7A10,36,0.0062477873,0.00052064896,3
IRAG1,12,0.0062465565,0.0010410927,2
OSMR,17,0.0062452117,0.0003673654,1
OR4C6,6,0.0062381625,0.0020793874,2
ATP8B4,18,0.006237693,0.0010396155,3
STAT2,48,0.0062253866,0.00012969556,1
ENPP6,6,0.006223255,0.0010372092,1
NBAS,50,0.006222699,0.0012445397,10
PTPN1,225,0.0062057516,0.0001379056,5
RNF40,5,0.0061999187,0.0012399837,1
MYH8,3,0.0061983187,0.0020661063,1
TRIM24,88,0.006197,0.00028168183,4
CYP19A1,33,0.006196268,0.00018776569,1
KLK8,4,0.006192885,0.0015482212,1
BCL3,5,0.006180134,0.0012360269,1
RUFY1,6,0.0061737197,0.0010289532,1
TAF6,22,0.006170668,0.0002804849,1
CDK5R1,38,0.0061687976,0.00016233679,1
ZNF770,6,0.006166107,0.002055369,2
CHURC1-FNTB,9,0.0061618136,0.00068464596,1
SLC24A4,20,0.0061458773,0.0012291754,4
HUS1,26,0.006145318,0.00023635839,1
UTP15,10,0.0061363913,0.0012272783,2
B4GALT4,14,0.006132208,0.00043801483,1
EFNA4,39,0.0061277784,0.0004713676,3
ADRA2A,63,0.00612238,0.00029154192,3
ATP9A,6,0.00612038,0.0020401266,2
FBN1,52,0.0061126696,0.00047020536,4
GDF6,52,0.0061106156,0.00047004738,4
RAB12,70,0.006110164,0.00087288057,10
MEX3C,8,0.0060971007,0.0015242752,2
ANO5,6,0.0060861763,0.0020287253,2
NUAK1,42,0.0060853637,0.0010142274,7
NAGLU,16,0.006077826,0.00075972825,2
CLEC2B,44,0.006071666,0.0015179164,11
RHCG,4,0.006069797,0.0015174493,1
RHOJ,8,0.0060557695,0.0007569712,1
PHLPP1,40,0.006050173,0.00075627165,5
SLC44A5,18,0.006046479,0.000671831,2
SLC1A7,11,0.0060457843,0.00054961676,1
MUCL1,36,0.006044199,0.0006715777,4
MBIP,12,0.006039472,0.001509868,3
SCIN,12,0.0060304096,0.0010050683,2
DRD3,60,0.0060298904,0.0003014945,3
HERPUD1,6,0.006027849,0.002009283,2
CFAP298,1,0.0060239746,0.0060239746,1
PDE4C,28,0.00602017,0.00043001218,2
IFI16,6,0.0060191387,0.0010031898,1
PAX2,35,0.0060164845,0.00085949776,5
CPSF2,64,0.0060123005,0.00037576878,4
ZNF175,48,0.006006772,0.001501693,12
STARD3,8,0.006005889,0.0007507361,1
OR5M1,3,0.0059963474,0.0019987824,1
CDC5L,5,0.005991024,0.0011982048,1
SLC15A3,8,0.005986315,0.0014965788,2
KIF17,9,0.0059860945,0.0006651216,1
OR52E8,3,0.0059789745,0.0019929914,1
CYS1,10,0.005964108,0.0011928215,2
SLC4A3,24,0.005960958,0.0014902395,6
ELK3,8,0.00596006,0.001490015,2
ATP2A2,80,0.005946871,7.433588e-05,1
MSX1,8,0.0059465235,0.0014866309,2
LYPLA1,11,0.0059431954,0.0005402905,1
OR11A1,8,0.0059406883,0.0014851721,2
CLEC4G,4,0.0059382124,0.0014845531,1
OR5AK2,3,0.00593455,0.0019781834,1
ST6GALNAC3,72,0.0059259036,0.00032921685,4
MRPL28,7,0.00590501,0.00084357284,1
DIO3,22,0.0059031607,0.000536651,2
NF1,23,0.005902231,0.00025661875,1
MRPS5,7,0.0059012882,0.00084304117,1
FXN,12,0.0058951504,0.0009825251,2
SOX6,7,0.005890732,0.0008415332,1
MEIS1,3,0.005887237,0.0019624124,1
CCNG1,112,0.0058852644,0.00042037602,8
EHD3,28,0.0058835126,0.0014708781,7
PPT1,8,0.005876622,0.00073457777,1
PLEKHA5,6,0.00587092,0.0009784867,1
CXCL6,16,0.0058684153,0.00036677596,1
OR52N1,6,0.0058642207,0.0019547404,2
SYDE2,5,0.0058616158,0.0011723231,1
GP1BA,36,0.0058606667,0.0003255926,2
HPS1,5,0.0058532897,0.0011706579,1
KCNJ8,55,0.005851478,0.00010639051,1
KHDRBS2,8,0.005833023,0.0014582558,2
FGFBP1,16,0.0058273897,0.0007284237,2
TSN,15,0.005827168,0.0019423894,5
NPTN,4,0.005825728,0.001456432,1
CCNC,21,0.0058246497,0.00027736428,1
MAT1A,44,0.005823187,0.00026469032,2
GDI2,8,0.0058165547,0.00072706933,1
NGEF,26,0.005814419,0.0002236315,1
MIS18BP1,8,0.005812192,0.001453048,2
TNFSF18,285,0.005811653,0.0011623306,57
CD5,120,0.005808138,0.0014520345,30
PRR5,78,0.005806684,0.00022333399,3
HNF1A,13,0.0058057755,0.0004465981,1
ANK2,42,0.005805259,0.00041466134,3
WDR41,3,0.0057991045,0.0019330349,1
SLC15A2,5,0.005795419,0.0011590838,1
CNTN6,112,0.0057948083,0.00072435103,14
RAB6B,12,0.0057931184,0.00048275988,1
PGM2L1,16,0.0057893875,0.00036183672,1
ANGPT1,20,0.005787934,0.0002893967,1
TTLL12,3,0.005781033,0.0019270111,1
SLC24A3,24,0.005773486,0.0014433715,6
MYCN,9,0.0057733487,0.0019244496,3
SSC5D,3,0.005769207,0.001923069,1
LRRTM3,3,0.005763591,0.0019211969,1
GLG1,12,0.005762704,0.001440676,3
LARGE1,28,0.0057608685,0.0014402171,7
NMBR,90,0.005754737,0.00057547376,9
FAF1,6,0.0057476414,0.00095794024,1
PRIM2,30,0.005747211,0.00019157371,1
GM2A,18,0.005741922,0.00063799135,2
SLC16A10,77,0.0057409992,0.000521909,7
SH3D19,4,0.005739726,0.0014349315,1
P4HA2,63,0.0057371845,0.000637465,7
IGFBP5,18,0.0057370467,0.0006374497,2
ZFP36L1,450,0.0057359235,0.00095598726,75
TYR,57,0.005731815,0.00030167447,3
FLRT1,5,0.005731171,0.0011462342,1
HRH1,14,0.0057304404,0.00040931717,1
LGMN,8,0.005729767,0.0007162209,1
NCEH1,16,0.005728994,0.00071612425,2
SLC16A3,16,0.0057279207,0.00035799504,1
TAF2,40,0.005726828,0.0002863414,2
RPTN,3,0.0057264525,0.0019088174,1
UVRAG,8,0.005720243,0.0014300607,2
LCE5A,3,0.005717856,0.001905952,1
ATIC,112,0.005713559,0.00020405569,4
GAS2,7,0.005709625,0.0008156607,1
SERPINA4,4,0.0057035177,0.0014258794,1
PPP5C,32,0.0057019773,0.00035637358,2
TNK2,6,0.005701012,0.00095016864,1
SF3B4,7,0.005684179,0.00081202557,1
ADCYAP1,24,0.0056837546,0.0002368231,1
NCR1,32,0.005681641,0.0014204102,8
ZNF564,4,0.0056756972,0.0014189243,1
CAMKMT,16,0.0056698304,0.0007087288,2
NEK6,81,0.0056622173,0.0006291353,9
OR52K2,6,0.0056590848,0.0018863615,2
GAN,21,0.005652159,0.00080745126,3
SERPINB6,21,0.0056511424,0.0008073061,3
SCNN1B,66,0.0056473436,0.00017113163,2
TBC1D1,20,0.005644364,0.0011288727,4
UBE2J2,32,0.0056443536,0.0003527721,2
ATP13A2,8,0.005638594,0.0014096485,2
ZNF689,16,0.0056366487,0.0014091622,4
GPIHBP1,14,0.0056363386,0.00040259562,1
NDUFV3,21,0.005633199,0.0002682476,1
LILRA1,25,0.005625717,0.0011251435,5
UIMC1,18,0.0056125377,0.00031180764,1
ZFHX3,10,0.005609291,0.0011218581,2
TNN,20,0.005600934,0.00056009344,2
TFAM,36,0.0055994648,0.00046662206,3
WASF3,150,0.005598359,0.00022393434,6
B3GAT2,36,0.0055905655,0.00046588047,3
ASB18,7,0.0055873645,0.00079819496,1
EPAS1,38,0.0055866707,0.0002940353,2
HGS,47,0.0055861585,0.000118854434,1
KLRB1,28,0.005585871,0.0013964678,7
PRICKLE1,7,0.005582563,0.00079750904,1
ABCB5,12,0.0055822437,0.0018607478,4
KIF26A,16,0.005580637,0.00069757964,2
ANKRD9,3,0.0055772606,0.0018590869,1
ELOVL6,60,0.0055745593,0.00046454658,5
CYSLTR2,84,0.005569361,0.00019890575,3
GABRB1,60,0.0055689155,0.00037126103,4
SLC1A4,36,0.0055682184,0.00030934546,2
LYZ,7,0.0055575017,0.0007939288,1
HLCS,9,0.005545895,0.0006162106,1
MMP11,5,0.005541281,0.0011082562,1
ABCA4,6,0.005540466,0.000923411,1
OLFM4,9,0.0055402205,0.0018467401,3
MUC5B,12,0.0055354424,0.00046128687,1
UTP20,8,0.0055271713,0.0013817928,2
SGPP2,16,0.005520243,0.0003450152,1
SPRR2A,3,0.0055167438,0.0018389146,1
PANK4,6,0.0055118855,0.00091864757,1
GPR65,28,0.005510548,0.0007872211,4
PPP1R14C,9,0.0055004447,0.0018334816,3
PODXL,45,0.005500087,0.0011000173,9
DDAH2,4,0.0054966463,0.0013741616,1
OR52E4,3,0.0054892544,0.0018297514,1
PFDN4,24,0.005487491,0.0009145819,4
CWC22,52,0.005483943,0.0013709858,13
RXFP1,36,0.0054804524,0.00030446955,2
COMP,13,0.0054754317,0.00042118705,1
SHB,60,0.0054665604,0.000546656,6
CWC15,5,0.005466245,0.0010932491,1
UQCC1,2,0.005450598,0.002725299,1
THSD7A,24,0.005449503,0.0013623758,6
RPL24,26,0.005448258,0.00020954838,1
FAN1,6,0.0054441215,0.0009073536,1
C9orf72,12,0.005440153,0.0013600383,3
AGMO,12,0.005439875,0.0013599688,3
COL1A2,39,0.005432334,0.00013929061,1
CXCR5,300,0.0054298425,0.0003619895,20
LCE1C,15,0.0054251454,0.0018083819,5
COL24A1,12,0.0054219496,0.0009036583,2
CD19,60,0.0054215,0.00018071668,2
DNAH5,32,0.005421468,0.001355367,8
DCUN1D5,6,0.005414813,0.0018049376,2
PEDS1-UBE2V1,54,0.005414759,0.00010027331,1
GALR1,200,0.005411938,0.00054119376,20
ST3GAL6,19,0.0054088966,0.00028467877,1
ADORA1,48,0.005404921,0.00022520503,2
YBX3,12,0.0054027652,0.0018009217,4
STOM,80,0.00538559,0.0002692795,4
DNAJA4,3,0.0053848512,0.0017949505,1
C6,17,0.0053843195,0.00031672468,1
SLC26A2,15,0.005383616,0.0003589077,1
ABLIM1,7,0.005382826,0.0007689752,1
PEAK1,6,0.005381988,0.000896998,1
SLC44A1,36,0.005380401,0.0004483667,3
NTN1,16,0.005379522,0.00033622014,1
ZNF627,8,0.0053790314,0.0013447579,2
IL17RC,4,0.005377823,0.0013444558,1
NPS,84,0.005369197,0.00038351407,6
TUFM,6,0.0053680087,0.0008946681,1
IKBKE,53,0.0053641195,0.0001012098,1
ROR2,17,0.0053635268,0.0003155016,1
TIMELESS,28,0.005355472,0.00076506747,4
ATP13A4,3,0.005355238,0.0017850794,1
FMO1,12,0.0053548235,0.0004462353,1
HLA-DMA,155,0.0053547854,0.00017273502,5
ABL2,46,0.005343236,0.0002323146,2
EXTL2,72,0.005339254,0.0013348135,18
PFKFB4,12,0.0053362334,0.00044468613,1
CD80,200,0.0053326422,0.00010665284,4
OR52E6,3,0.00533069,0.0017768968,1
AGBL1,24,0.005327603,0.0017758677,8
TOP3A,26,0.0053266734,0.00020487205,1
AGBL3,6,0.005322433,0.0017741444,2
PLEC,28,0.0053189103,0.00037992216,2
KCNC1,8,0.0053169862,0.0013292466,2
CAVIN1,121,0.0053150267,0.00048318424,11
CLCNKB,4,0.005312459,0.0013281148,1
GYPC,21,0.005312298,0.0017707661,7
LAG3,4,0.0053055435,0.0013263859,1
ALDH2,90,0.0052934615,5.881624e-05,1
SRPK1,3,0.0052910377,0.0017636792,1
SLC17A7,14,0.005289318,0.00037780844,1
HDAC9,30,0.005288369,0.00017627896,1
NRXN1,28,0.0052882303,0.00075546146,4
LAMA1,66,0.0052879853,0.00016024197,2
CD74,90,0.005281374,0.0005281374,9
PIBF1,3,0.0052783084,0.0017594361,1
WLS,9,0.0052767205,0.0017589069,3
RNASEL,11,0.0052748346,0.00047953043,1
DNMT3A,273,0.005271048,0.0002510023,13
ABCC9,59,0.0052703503,8.932797e-05,1
GTF2I,30,0.005270095,0.0010540191,6
NUDT7,21,0.005270054,0.0007528649,3
SPSB4,21,0.0052688587,0.00075269415,3
CACNA1D,50,0.0052673365,0.00010534673,1
RING1,135,0.005267179,0.00019508072,5
NPY2R,40,0.005256989,0.0005256989,4
RGS10,26,0.005255412,0.00040426245,2
DEFB123,5,0.0052502155,0.0010500432,1
EFNA5,216,0.005249532,0.00029164067,12
HPSE,12,0.005249069,0.00043742242,1
FOLR1,14,0.0052487897,0.00037491354,1
RAB17,3,0.005238904,0.0017463014,1
BPIFA2,3,0.0052376837,0.0017458946,1
CTNNA2,14,0.005231192,0.00037365657,1
ITGA11,21,0.0052295756,0.00024902742,1
OAS2,17,0.005221033,0.0003071196,1
MCPH1,10,0.005221009,0.0010442018,2
PRPF4B,24,0.005219534,0.0017398447,8
FLG,3,0.0052173026,0.0017391009,1
RIC1,7,0.005214997,0.00074499956,1
RHOF,8,0.00521426,0.0006517825,1
CDC42SE2,5,0.005211252,0.0010422503,1
VAPB,17,0.005210407,0.00030649453,1
DACT1,24,0.0052087107,0.0013021777,6
KPNA7,15,0.0052082245,0.0010416448,3
LCE2B,8,0.0052047055,0.0013011764,2
VRK1,9,0.0052012224,0.0005779136,1
KLF2,21,0.005201019,0.00074300263,3
SRGAP3,12,0.0051992387,0.0004332699,1
CIDEC,3,0.005198985,0.0017329949,1
ZNF671,4,0.005194362,0.0012985904,1
LPAR1,46,0.0051920116,0.00022573964,2
CXCR6,12,0.005191982,0.00043266514,1
KIAA0319,8,0.005191308,0.001297827,2
FGFBP2,18,0.0051906514,0.0008651085,3
KLK3,17,0.005184721,0.0003049836,1
DLG2,21,0.0051842974,0.00024687132,1
TCL1B,3,0.0051772855,0.0017257618,1
THSD4,5,0.0051759426,0.0010351886,1
PSMB2,33,0.0051730946,0.00015676045,1
MAP3K8,1375,0.00516716,9.3948365e-05,25
AQP1,40,0.005166888,0.0001291722,1
SOCS7,4,0.0051602935,0.0012900734,1
F2RL3,20,0.005159396,0.0002579698,1
SRP9,5,0.005157505,0.001031501,1
ELMO1,165,0.005151505,0.00015610622,5
MARCO,4,0.0051462073,0.0012865518,1
ERCC4,144,0.0051423046,0.00032139404,9
GALNT11,9,0.005135909,0.00057065656,1
TET2,12,0.00513572,0.00128393,3
LY6G6F,4,0.0051355953,0.0012838988,1
MGAT5,96,0.005135465,0.0006419331,12
ORMDL3,24,0.005132846,0.0017109487,8
WWC1,14,0.0051319217,0.0007331317,2
GYPA,16,0.0051251897,0.0012812974,4
INHBA,161,0.005124107,0.00022278726,7
MGAM,36,0.005124018,0.00028466765,2
CX3CR1,98,0.0051213834,0.0003658131,7
TCAP,3,0.005118116,0.0017060386,1
NTNG2,5,0.005116724,0.0010233448,1
PTTG1,340,0.005111335,0.00030066675,20
GRK5,32,0.005109711,0.00031935694,2
PTPRZ1,32,0.005100469,0.00063755864,4
PPP6R1,8,0.005095898,0.0006369873,1
PLPPR4,12,0.005092224,0.000848704,2
DEFB136,5,0.0050887177,0.0010177435,1
SOAT1,33,0.0050869198,0.00015414908,1
DCTPP1,5,0.0050864317,0.0010172863,1
UHRF1BP1L,5,0.0050811497,0.00101623,1
UQCRC1,19,0.005080329,0.00026738574,1
SLC28A3,72,0.005079975,0.0004233312,6
TRIM10,12,0.005079798,0.0012699495,3
SYT7,3,0.0050626993,0.0016875664,1
PDS5A,12,0.0050626304,0.00042188587,1
ABCC3,29,0.005061082,0.00017452007,1
ASAP1,112,0.0050577577,0.0003612684,8
MBL2,476,0.0050533926,0.00036095665,34
OR10W1,3,0.0050504142,0.0016834714,1
ZNF212,4,0.0050499123,0.0012624781,1
CALML6,46,0.00504015,0.00010956848,1
CARD8,9,0.005034488,0.00055938755,1
BCO1,30,0.005031263,0.0005031263,3
CLDN8,10,0.0050286017,0.0005028602,1
OR8A1,3,0.0050261416,0.0016753805,1
OSBPL10,5,0.0050219405,0.0010043881,1
SQSTM1,45,0.005020548,0.00011156774,1
GNPDA1,435,0.005020413,0.00033469422,29
MMP16,84,0.00501595,0.00083599164,14
LORICRIN,6,0.005011805,0.0016706015,2
TG,4,0.005007337,0.0012518342,1
ZNF678,3,0.0050063184,0.0016687728,1
SELENOS,6,0.0049989005,0.00083315006,1
STRN,15,0.0049973624,0.00033315748,1
CXCL5,17,0.004995313,0.00029384193,1
SLC30A7,30,0.0049929866,0.00049929874,3
IL34,6,0.004992923,0.0008321538,1
CCNG2,36,0.004989205,0.0005543561,4
AGPAT5,24,0.0049885483,0.00041571233,2
CLDN24,6,0.004987524,0.000831254,1
FZR1,31,0.0049835695,0.0001607603,1
ANAPC10,44,0.0049832677,0.00011325609,1
AUTS2,25,0.004981578,0.0009963156,5
PKP2,56,0.004981554,0.0007116506,8
GNPAT,14,0.0049799196,0.00035570856,1
ADH7,51,0.0049727857,0.0002925168,3
ARHGAP26,30,0.004967279,0.0003311519,2
TRIM26,24,0.0049621495,0.0012405374,6
SPOPL,30,0.004961916,0.0009923832,6
CDH17,14,0.0049601286,0.0007085898,2
PRSS23,8,0.004958835,0.0012397087,2
SETD3,4,0.0049567516,0.0012391879,1
CCR9,15,0.004955643,0.00033037618,1
ZNRF3,10,0.0049554035,0.0009910807,2
CNTNAP1,6,0.00495354,0.00082559,1
HERC4,15,0.004953027,0.0009906053,3
ATG16L1,150,0.004945454,0.00049454544,15
TAS2R38,8,0.0049448516,0.00061810645,1
OR52M1,3,0.0049414886,0.0016471628,1
RPGRIP1L,12,0.004934749,0.0008224582,2
DTNBP1,12,0.0049342667,0.0012335667,3
MYL7,8,0.0049321344,0.0006165168,1
PPM1E,5,0.0049289465,0.0009857893,1
BPIFB4,3,0.0049278825,0.0016426275,1
GATAD2A,22,0.00492499,0.00022386317,1
BAG5,4,0.004914006,0.0012285016,1
ACTA2,14,0.004905409,0.00035038637,1
OR13J1,3,0.004892498,0.0016308326,1
PXMP4,3,0.0048924866,0.0016308288,1
COL19A1,12,0.004892025,0.0008153376,2
EVA1A,20,0.004891326,0.0012228315,5
PDK4,36,0.0048837247,0.00040697702,3
INTS1,3,0.004882727,0.0016275756,1
MSRA,16,0.004878088,0.001219522,4
SRP68,4,0.004877925,0.0012194812,1
BRAP,14,0.004877209,0.0006967442,2
PPP1R12C,42,0.004876978,0.00081282976,7
IL13,204,0.0048758513,0.00014340738,6
EXOC4,9,0.0048746867,0.00054163183,1
MYH3,3,0.004870378,0.0016234593,1
KRT24,32,0.0048700287,0.0012175072,8
GFI1,16,0.0048695104,0.0012173776,4
GOSR2,28,0.0048667304,0.00034762363,2
HOXA1,57,0.004864019,0.0016213397,19
OXSM,5,0.0048620575,0.0009724115,1
AZIN2,6,0.0048577907,0.0008096318,1
GADL1,8,0.0048568477,0.00060710596,1
BCL6,40,0.004847478,0.0002423739,2
FGF14,26,0.004844014,0.00037261646,2
THRAP3,3,0.0048396643,0.0016132215,1
CMKLR1,15,0.00483381,0.000966762,3
FPGS,13,0.0048306067,0.00037158513,1
CUL2,450,0.0048276004,0.00026820003,25
ABCB8,8,0.004815292,0.001203823,2
SLC2A2,98,0.0048092897,9.814877e-05,2
PADI3,39,0.004806634,0.0016022114,13
SOSTDC1,6,0.0048057567,0.0016019188,2
FCGR2A,899,0.004802177,0.00016559231,31
CTNNA3,40,0.0047974,0.00047974003,4
UGT1A9,135,0.004795195,0.000106559884,3
SOCS5,22,0.0047944086,0.00043585533,2
CLVS2,16,0.004792355,0.0011980888,4
CST5,15,0.0047886735,0.0015962243,5
POLG,4,0.004786654,0.0011966635,1
OR11H7,3,0.00478592,0.0015953067,1
MRPL51,6,0.0047851284,0.0007975214,1
HGFAC,4,0.0047787894,0.0011946973,1
ADAMTS7,80,0.004778401,0.0011946002,20
KAZN,9,0.004768645,0.0015895482,3
MAP3K14,240,0.0047682514,7.947086e-05,4
GGA1,14,0.0047639636,0.0006805663,2
MLXIPL,11,0.0047538816,0.00043217104,1
GMDS,13,0.0047528576,0.00036560444,1
COPRS,12,0.00475117,0.0015837234,4
RAB38,45,0.0047501633,0.00052779587,5
TRIT1,4,0.004745465,0.0011863662,1
GPD1L,7,0.004742682,0.000677526,1
RPL37A,26,0.0047418764,0.00018237987,1
FCER2,18,0.004739652,0.000526628,2
AP1S3,17,0.0047386573,0.00027874456,1
ESRRB,32,0.0047304346,0.0005913043,4
OR5D13,6,0.004726036,0.0015753454,2
ZNF184,16,0.0047257924,0.0011814481,4
BEST3,6,0.0047217263,0.0015739087,2
NRG1,220,0.004720076,8.5819556e-05,4
UBE3A,51,0.0047192243,0.00027760144,3
ZNF215,3,0.004713502,0.0015711673,1
CD83,15,0.004706689,0.0015688963,5
MRM1,8,0.0047054235,0.0011763559,2
TACR2,11,0.0047041597,0.00042765087,1
SPON1,10,0.004699761,0.00093995227,2
GPAT3,20,0.00469622,0.000469622,2
PTBP2,6,0.004692138,0.0015640461,2
SLC44A4,9,0.004686719,0.0005207465,1
PPP2R2A,31,0.0046787946,0.00015092886,1
P2RY14,11,0.0046745455,0.00042495868,1
SAA4,3,0.0046742754,0.0015580918,1
PLEKHA1,21,0.00466729,0.0006667557,3
CTDSP2,16,0.0046642288,0.0011660572,4
SMYD1,6,0.0046637245,0.0015545748,2
EXT1,44,0.0046629147,0.00042390134,4
CRTAP,4,0.004662819,0.0011657048,1
DCTN5,16,0.0046613794,0.0002913362,1
FOSB,24,0.0046472084,0.00019363368,1
UGT2A2,15,0.0046446044,0.00030964028,1
GRIK3,27,0.004642273,0.00051580806,3
NHEJ1,7,0.0046385834,0.00066265475,1
OR4X1,3,0.0046354574,0.0015451525,1
KIFAP3,13,0.0046340404,0.00035646465,1
MORF4L1,96,0.0046281223,0.0011570306,24
DUSP1,44,0.0046219323,0.00021008783,2
PCDH15,140,0.0046209837,0.0011552459,35
GPD2,38,0.004620958,0.00024320831,2
OR4A47,3,0.004618557,0.001539519,1
LMO4,3,0.00461852,0.0015395066,1
CYP3A7-CYP3A51P,25,0.00461707,0.0001846828,1
OR5AR1,3,0.004614852,0.001538284,1
CFHR1,10,0.0046110973,0.0009222195,2
NPY1R,52,0.004610158,0.00035462753,4
SCN7A,27,0.004610133,0.00051223696,3
TRIM72,2,0.0046078647,0.0023039323,1
MBTPS1,42,0.0046043647,0.00021925548,2
ARHGEF10L,30,0.004602749,0.00030684992,2
NRP2,39,0.0045972806,0.000353637,3
KSR1,30,0.004590654,0.0001530218,1
FBXL3,12,0.004589826,0.00038248548,1
UNC5B,60,0.004580837,0.0003817364,5
PTPRN2,12,0.0045728306,0.0011432077,3
CREB5,76,0.0045726183,0.00012033206,2
KCNN1,5,0.0045711757,0.00091423513,1
H6PD,6,0.0045698085,0.0007616347,1
SUPT3H,18,0.0045548505,0.0007591418,3
LIMS2,4,0.0045530666,0.0011382666,1
TET3,8,0.004551053,0.0011377633,2
ULK1,84,0.004549243,0.00016247296,3
MYO7A,4,0.004548908,0.001137227,1
FIBP,2,0.0045473217,0.0022736609,1
PTPRM,30,0.004546292,0.0015154306,10
ADAM12,9,0.0045450106,0.00050500117,1
SRGAP2,18,0.004536081,0.0002520045,1
PLCH2,18,0.004532596,0.00050362176,2
CACNA1G,65,0.0045298883,6.969059e-05,1
PITPNB,12,0.004529218,0.00075486966,2
MLXIP,3,0.004528675,0.0015095584,1
ARL4C,16,0.004519666,0.0011299165,4
RAB3A,48,0.004509546,0.00018789776,2
NADSYN1,54,0.0045085074,0.00025047266,3
DHX37,4,0.0045084544,0.0011271136,1
SLC13A3,7,0.0045083608,0.0006440515,1
MFSD2A,5,0.004506994,0.00090139883,1
OR4C16,3,0.004503931,0.0015013103,1
CYP3A43,20,0.00450215,0.0002251075,1
COQ6,8,0.0045012836,0.00056266045,1
OR1F12,6,0.004491897,0.0014972988,2
NAGK,40,0.004487829,0.00022439144,2
GALNT13,24,0.0044838088,0.0005604761,3
TTC5,14,0.0044820337,0.0006402905,2
ACOXL,10,0.0044815075,0.00089630147,2
LCE2A,6,0.004480624,0.0014935413,2
ZWINT,36,0.004475027,0.0002486126,2
SLC24A2,80,0.004471298,0.00089425955,16
NCR3LG1,6,0.004470788,0.0014902626,2
UGT3A1,56,0.004461046,0.0011152615,14
HIVEP3,5,0.004455324,0.00089106476,1
GGH,11,0.0044512814,0.00040466196,1
HSPA12A,4,0.004449267,0.0011123167,1
MRPL3,7,0.0044482388,0.0006354627,1
EFHD2,10,0.0044480274,0.00088960544,2
NCF2,176,0.0044423826,0.00010096324,4
HNF1B,2,0.004440045,0.0022200225,1
OTUD3,225,0.004435586,0.00049284287,25
OR52N2,3,0.004431623,0.0014772076,1
OR51V1,3,0.0044315103,0.0014771702,1
DLGAP4,3,0.004425143,0.0014750477,1
HIPK1,8,0.004418654,0.00055233174,1
MAP3K20,4,0.0044150157,0.0011037539,1
ITGBL1,15,0.004412473,0.00088249455,3
ZNF771,3,0.004412396,0.0014707986,1
GIPR,16,0.0044072396,0.00027545248,1
FRMD6,6,0.004406595,0.0022032976,3
MYF6,4,0.0044051125,0.0011012781,1
BBS12,2,0.004398251,0.0021991255,1
FXYD7,10,0.0043964465,0.00043964465,1
UBAC1,4,0.0043942714,0.0010985679,1
PDE6A,34,0.0043912297,0.0002583076,2
MC5R,32,0.00438856,0.000274285,2
MATN1,21,0.0043858318,0.0014619438,7
CREM,49,0.004385646,0.0006265209,7
SLC25A13,11,0.00438348,0.0003984982,1
TRMT61A,3,0.0043828874,0.0014609625,1
MAGOH,15,0.0043758,0.00029172,1
FXYD3,10,0.004372774,0.00043727743,1
PIP4K2A,31,0.004371894,0.00014102884,1
RAPGEF5,8,0.0043645985,0.0010911496,2
RNF20,11,0.0043643503,0.00039675913,1
MED13L,111,0.004360032,0.001453344,37
PF4V1,3,0.004359043,0.0014530144,1
UBR4,24,0.004358849,0.0005448561,3
LCE3D,15,0.004357433,0.0014524775,5
ANO3,30,0.004353924,0.0014513081,10
ADAMTS18,36,0.00435134,0.0007252234,6
HSPA4,10,0.004340754,0.0004340754,1
RNF182,24,0.0043398603,0.0010849651,6
OR5D14,3,0.0043396866,0.0014465622,1
SLC30A5,10,0.00433958,0.000433958,1
ZIM3,4,0.004338069,0.0010845172,1
SYMPK,15,0.004333893,0.00028892618,1
NF2,135,0.0043256767,0.00028837845,9
ZNF747,9,0.0043206825,0.0014402276,3
OPRK1,144,0.004318563,0.00023992018,8
USP3,8,0.0043129027,0.0010782257,2
MDH1,87,0.0043108203,0.00014864898,3
DIO1,12,0.0043092365,0.00035910305,1
IL20RB,54,0.004309065,0.00047878502,6
SDCCAG8,18,0.004300142,0.00023889678,1
KIF16B,32,0.004292634,0.00053657923,4
CCNA1,81,0.0042918934,5.298634e-05,1
SHISA5,12,0.004288013,0.0007146689,2
GLB1,665,0.0042875493,0.0001225014,19
KCNV2,18,0.0042825034,0.0014275011,6
OR5AN1,6,0.0042822845,0.0014274283,2
IZUMO3,45,0.004278427,0.0014261423,15
NUB1,12,0.0042672213,0.0014224071,4
IL20RA,54,0.0042603128,0.00047336807,6
STARD13,32,0.004258646,0.00053233077,4
ICE1,30,0.0042556575,0.0014185525,10
LRPPRC,12,0.0042535434,0.0010633859,3
MERTK,8,0.0042520524,0.0010630131,2
ZNF764,12,0.0042508147,0.0010627037,3
ABCC11,4,0.004249557,0.0010623892,1
CLINT1,40,0.0042427313,0.0008485462,8
ADAMTS12,4,0.004237967,0.0010594918,1
TAF4,21,0.0042348127,0.00020165775,1
ZFP90,64,0.004234438,0.0010586095,16
TMEM30A,3,0.004231622,0.0014105407,1
TRMT9B,27,0.0042239157,0.0014079721,9
DCUN1D1,6,0.0042199334,0.0014066444,2
APBA1,9,0.0042196787,0.0004688532,1
SEMA6C,2,0.0042165197,0.0021082598,1
NAT8B,3,0.004212141,0.001404047,1
ACAN,36,0.004208192,0.00035068273,3
OR10D3,3,0.0042055612,0.0014018537,1
ADAMTSL1,16,0.004201061,0.0010502653,4
SPTLC3,24,0.0041977046,0.0005247131,3
CALCR,34,0.004196369,0.00024684524,2
RGS8,20,0.0041922205,0.00041922205,2
MNDA,3,0.0041877124,0.0013959041,1
CPD,10,0.0041872077,0.00041872077,1
EPHA1,9,0.0041853148,0.00046503497,1
TRIM39,4,0.0041840654,0.0010460163,1
CEMIP,10,0.0041838526,0.0008367705,2
PPP2R2B,20,0.0041814754,0.00020907377,1
RBM17,198,0.0041771126,0.0006961854,33
IL11RA,26,0.0041737007,0.0003210539,2
GPR15,11,0.0041735466,0.00037941334,1
CACNG8,21,0.0041586813,0.00019803245,1
PERP,75,0.004156083,0.00027707216,5
LCE2C,3,0.0041543064,0.0013847688,1
ATP11A,7,0.004140497,0.0005914996,1
PJA2,16,0.0041398085,0.0010349521,4
STON1-GTF2A1L,44,0.0041362434,0.0010340608,11
CNTN5,78,0.00413548,0.0013784934,26
GNLY,4,0.0041298103,0.0010324526,1
NLRC5,8,0.00412858,0.001032145,2
DSC2,10,0.0041274764,0.0008254952,2
IP6K3,24,0.004119992,0.000514999,3
COPS7B,14,0.004115898,0.00029399272,1
PKHD1,45,0.0041114683,0.00045682985,5
TMPRSS6,20,0.0041109743,0.0010277436,5
VDR,114,0.004107847,0.00010810123,3
FBXO15,70,0.0041060974,0.0005865853,10
TRIM46,8,0.0040958677,0.0010239669,2
COL7A1,20,0.0040929588,0.00020464793,1
DR1,6,0.0040858826,0.0013619609,2
FOXK1,28,0.004079107,0.0010197768,7
ASH1L,6,0.0040722075,0.00067870127,1
SLC2A7,7,0.0040667364,0.00058096234,1
HLA-DRB5,80,0.004064376,0.0001016094,2
ATG7,20,0.0040604393,0.00020302196,1
KIDINS220,48,0.004055911,0.00025349445,3
DSE,27,0.0040432685,0.00044925208,3
SEMA4D,45,0.0040422077,0.0004491342,5
OR10R2,6,0.004042019,0.0013473396,2
VMP1,2,0.0040319962,0.0020159981,1
SIPA1L1,16,0.004026861,0.0010067152,4
CSTF3,13,0.0040195263,0.00030919432,1
GRIK1,27,0.004016296,0.00044625512,3
HPR,4,0.0040162015,0.0010040504,1
DNAJC19,2,0.0040154303,0.0020077152,1
NECTIN2,28,0.0040148594,0.00028677564,2
KLRF1,87,0.0040147444,0.0013382481,29
NDST3,9,0.0040134364,0.0004459374,1
NEURL1,19,0.004008815,0.00021099027,1
RAB27A,12,0.004007535,0.00033396124,1
TDGF1,66,0.004005633,0.0006676055,11
NSUN2,4,0.004005456,0.001001364,1
SLC4A2,9,0.004002413,0.00044471252,1
ANO4,9,0.004000401,0.0013334671,3
WFS1,30,0.003986376,0.00066439604,5
CEP162,4,0.0039862823,0.0009965706,1
AMOTL1,3,0.003976186,0.0013253953,1
LCE3A,15,0.003970652,0.0013235506,5
TNFSF15,204,0.003970327,0.0006617211,34
CES5A,5,0.003967472,0.0007934944,1
FBXW2,66,0.0039670817,0.00036064375,6
KLRC4,2,0.003966643,0.0019833215,1
IP6K1,8,0.003966277,0.0004957846,1
ANKH,6,0.003965115,0.0013217051,2
GLRB,8,0.0039628535,0.0009907134,2
UVSSA,12,0.003958253,0.00065970886,2
COLEC11,11,0.0039504576,0.0003591325,1
OR10T2,6,0.003947231,0.0013157437,2
RGS16,17,0.003936487,0.00023155805,1
CD1E,3,0.0039337026,0.0013112342,1
ADGRG6,3,0.0039323634,0.0013107877,1
COL28A1,10,0.0039195786,0.00078391575,2
CRBN,28,0.003918057,0.0009795142,7
DAPP1,33,0.003916876,0.00035607963,3
OR2B3,8,0.0039165234,0.0009791309,2
LSM4,117,0.003916217,0.0004351352,13
SARS1,20,0.003914133,0.00019570666,1
TRDN,16,0.003908654,0.0004885818,2
EDIL3,30,0.0039068526,0.0013022842,10
RNF213,9,0.0039065043,0.00043405604,1
SLCO3A1,54,0.0039038993,0.0006506499,9
CAPN10,6,0.003896467,0.0012988222,2
ZFP36L2,66,0.0038928909,0.0012976303,22
SEC24D,17,0.003892821,0.00022898948,1
ART1,6,0.0038923812,0.0006487302,1
TMEM186,5,0.0038908608,0.00077817217,1
IQCB1,5,0.003890435,0.000778087,1
SLC6A19,12,0.0038895982,0.00032413317,1
ACTR3C,9,0.0038830787,0.0004314532,1
GPR161,7,0.0038806223,0.0005543746,1
ATXN2L,12,0.0038735513,0.0009683878,3
P4HA3,17,0.0038664918,0.0002274407,1
LRSAM1,5,0.0038652248,0.00077304494,1
BRINP1,33,0.0038638131,0.0012879376,11
MSGN1,1,0.0038625083,0.0038625083,1
SPRR2B,3,0.003861658,0.0012872193,1
OR5V1,20,0.0038587966,0.00096469914,5
ARSI,184,0.0038585186,0.00048231482,23
SHANK3,44,0.0038514826,0.0003501348,4
CLEC4C,15,0.003850283,0.0007700566,3
RAB19,3,0.0038491855,0.0012830618,1
TRHR,22,0.0038491054,0.00034991867,2
CD84,4,0.0038481615,0.0009620404,1
DCTN4,48,0.0038448751,0.0002403047,3
MYO9B,17,0.0038437669,0.00022610393,1
FBF1,4,0.0038433506,0.00096083764,1
COL8A2,7,0.0038410285,0.0005487184,1
DAAM2,2,0.0038394295,0.0019197147,1
TFDP1,57,0.0038383156,6.733887e-05,1
PREX2,26,0.0038340515,0.00029492704,2
KNTC1,36,0.003822818,0.00021237877,2
RTN4RL2,3,0.0038226903,0.0012742301,1
CHST2,36,0.0038186798,0.00042429776,4
SKIV2L,8,0.0038153736,0.0004769217,1
USP12,208,0.0038143122,0.00095357804,52
PCBD1,28,0.0038116002,0.0005445143,4
LCE1B,12,0.0038103499,0.0012701167,4
KLF5,14,0.003808852,0.0005441217,2
CASP5,6,0.00380466,0.00063411,1
LILRB1,20,0.003804072,0.0007608144,4
SULT2B1,13,0.0038023773,0.00029249056,1
PARD3,147,0.0038013,0.00018101429,7
OR8B3,3,0.0037991432,0.0012663811,1
MBD4,10,0.0037938545,0.00037938546,1
ADAMTS19,8,0.0037936184,0.0009484046,2
NOS1,53,0.0037884333,7.147987e-05,1
RNF220,4,0.0037792968,0.0009448242,1
GAB1,108,0.0037750842,3.4954483e-05,1
RAB31,22,0.0037750653,0.00034318774,2
OCA2,12,0.0037741105,0.0012580368,4
SLAMF7,40,0.003761204,0.000940301,10
MVK,38,0.0037570829,9.88706e-05,1
KCNMA1,57,0.0037568982,0.0001977315,3
ANLN,9,0.003752959,0.00041699543,1
OR12D2,42,0.0037528984,0.0012509662,14
HMGA1,26,0.0037506404,0.0001442554,1
OR2S2,12,0.0037477126,0.00093692815,3
GARRE1,8,0.0037440138,0.00046800173,1
ROBO4,2,0.0037436716,0.0018718358,1
TLE5,9,0.003741489,0.000415721,1
ITLN1,30,0.0037412927,0.0012470975,10
KCNN2,72,0.0037405367,0.0003117114,6
CPB2,12,0.003737696,0.00031147467,1
ABLIM2,12,0.0037309045,0.0006218174,2
WIF1,36,0.0037296212,0.00020720117,2
CASP14,15,0.0037265972,0.00074531947,3
HCAR1,9,0.003725582,0.00041395356,1
KCNF1,9,0.0037178919,0.0012392973,3
RNF7,14,0.0037175994,0.00026554283,1
KCNQ4,9,0.0037157335,0.00041285928,1
DDO,12,0.0037144918,0.00030954098,1
KMT5C,40,0.0037117891,0.00074235786,8
ABHD17C,15,0.0037073633,0.0007414727,3
EEFSEC,8,0.0037026512,0.0009256628,2
LRP8,12,0.0036948647,0.0003079054,1
SND1,32,0.003693813,0.00046172662,4
PROS1,22,0.0036925892,0.00016784496,1
ANGPT4,12,0.0036919129,0.00030765941,1
ROR1,24,0.0036871107,0.0003072592,2
KMT2A,14,0.0036870614,0.00026336152,1
LRFN2,18,0.0036849945,0.0012283315,6
PPP1R3B,4,0.0036842944,0.0018421472,2
EPHA8,12,0.0036828485,0.00061380805,2
UGT1A3,76,0.00367941,9.682658e-05,2
PPFIA3,10,0.003678978,0.0003678978,1
OR2V2,9,0.0036697157,0.0012232387,3
CCL21,140,0.0036666375,0.00026190266,10
DET1,10,0.0036590612,0.00073181227,2
ADAMTSL3,4,0.0036454597,0.0009113649,1
COASY,18,0.0036452087,0.00040502317,2
WNT7A,126,0.0036383253,8.6626795e-05,3
KCNS3,15,0.0036354787,0.0012118263,5
NLRP3,99,0.0036309555,0.00011002895,3
C4BPA,8,0.003623112,0.000452889,1
ELAC2,14,0.0036227203,0.0005175315,2
FBXO7,14,0.0036200045,0.0005171435,2
ARID5B,12,0.003619998,0.000603333,2
SEC14L1,2,0.0036199586,0.0018099793,1
OR10G4,3,0.003615332,0.0012051107,1
CD300LF,3,0.0036107555,0.0012035852,1
KCNK5,20,0.0036099819,0.00072199636,4
YEATS2,3,0.0036075101,0.0012025033,1
ZNF804B,15,0.003605067,0.0012016889,5
HACE1,52,0.0036004647,0.00090011617,13
DYRK2,8,0.0035974563,0.00044968203,1
ENPP3,13,0.0035916644,0.00027628188,1
JMJD1C,4,0.003590566,0.0008976415,1
RAB26,3,0.0035902644,0.0011967547,1
SPRR2G,3,0.003588541,0.0011961804,1
SFTA3,2,0.0035814694,0.0017907347,1
ABCB4,9,0.003576047,0.00039733856,1
SCN3A,9,0.0035672877,0.0003963653,1
NANOGP8,4,0.0035613724,0.0017806862,2
MDM4,28,0.003560946,0.00012717665,1
HOXA9,2,0.0035601468,0.0017800734,1
IDH1,26,0.0035580816,0.0001368493,1
MST1,12,0.0035555025,0.00029629187,1
ENTPD7,4,0.0035523581,0.00088808953,1
MAPT,30,0.0035522422,0.000118408076,1
COG7,11,0.00354836,0.00032257818,1
GLYCTK,19,0.003540954,0.000186366,1
CTLA4,888,0.0035390472,0.00014746029,37
CDH11,180,0.0035356297,0.00039284778,20
PRSS3,20,0.0035332444,0.00035332446,2
DOCK10,12,0.0035264802,0.00029387334,1
ARFGAP1,18,0.0035221167,0.00019567314,1
STXBP2,6,0.0035212059,0.0005868676,1
SLC30A8,80,0.0035133148,0.00035133146,8
THSD7B,12,0.003512494,0.0008781235,3
GALNT10,24,0.003492565,0.0004365706,3
GPR18,16,0.0034917009,0.0004364626,2
HYKK,4,0.0034899283,0.0008724821,1
TMC6,3,0.003489747,0.001163249,1
SLC16A12,4,0.0034850982,0.0017425491,2
NKX3-1,15,0.0034819169,0.00069638336,3
TNFRSF18,22,0.0034811115,0.0003164647,2
VRK2,108,0.0034802228,0.00019334571,6
TAF1C,11,0.0034789494,0.00031626812,1
HS6ST3,27,0.0034683673,0.0003853741,3
NDUFAB1,24,0.0034646622,0.00014436092,1
PKP1,24,0.0034600364,0.00028833636,2
SST,80,0.0034510056,8.627515e-05,2
CWC27,12,0.0034496982,0.00086242455,3
GLMN,5,0.0034486447,0.00068972894,1
RPS24,30,0.0034484933,0.00011494978,1
RPAP2,12,0.0034471457,0.0011490486,4
ASIC5,12,0.0034453177,0.00086132943,3
MDGA2,6,0.0034426835,0.0011475611,2
STXBP4,12,0.003438187,0.0011460623,4
SLC18A1,90,0.003435753,0.00022905019,6
OSM,144,0.0034305588,0.00021440993,9
PSG3,2,0.0034292582,0.0017146291,1
MCU,12,0.0034208044,0.00028506704,1
SYN2,36,0.0034207797,0.00057012995,6
POLR3A,28,0.0034129706,0.00024378362,2
SLC22A16,6,0.0034111207,0.0005685201,1
GMFG,3,0.0034075854,0.0011358619,1
ARSA,60,0.0034073095,0.00017036546,3
PDE7B,18,0.003406195,0.0003784661,2
UBE2G1,45,0.003398331,0.0002265554,3
GBP2,6,0.0033893178,0.0005648863,1
RPP21,228,0.0033889185,0.0008472296,57
OR10A6,3,0.003385529,0.0011285096,1
PTPN5,4,0.0033797554,0.00084493886,1
BCO2,7,0.0033746655,0.00048209509,1
HIKESHI,4,0.0033679707,0.0008419927,1
GABRG1,64,0.0033640726,0.00042050908,8
MYBPC1,3,0.0033632754,0.0011210918,1
PDE4B,80,0.0033625308,0.00021015818,5
CYP27C1,3,0.0033615048,0.0011205015,1
EPHB4,13,0.0033593578,0.00025841215,1
SLC27A6,28,0.0033583955,0.00047977077,4
CRISPLD2,15,0.003355113,0.001118371,5
KAT2B,132,0.0033517017,5.0783357e-05,2
MSI2,7,0.0033484774,0.0004783539,1
MRC1,11,0.0033476178,0.0003043289,1
NT5C3A,42,0.0033454273,0.00023895911,3
TPRKB,3,0.003345124,0.0011150413,1
DSEL,25,0.0033450897,0.000669018,5
TSLP,10,0.0033434234,0.0006686847,2
GGT5,24,0.0033402296,0.00013917623,1
KCNG2,9,0.003339995,0.0011133316,3
KCNC2,12,0.0033354987,0.0011118329,4
ABCC4,90,0.0033262158,0.000110873865,3
SNAI2,36,0.0033250244,0.00018472358,2
HTR1E,70,0.0033248202,0.00023748714,5
LRRK2,230,0.0033227745,0.00033227747,23
MUC7,10,0.003320662,0.0003320662,1
SMOX,66,0.003315961,0.000301451,6
KPNA3,12,0.003313045,0.00055217417,2
GBP3,6,0.0033083102,0.00055138505,1
KCNB1,12,0.0033059663,0.00082649157,3
MLLT1,6,0.0033052606,0.0005508768,1
MKKS,2,0.0033039944,0.0016519972,1
NID2,16,0.0033015846,0.0016507923,8
ALAD,17,0.0033012494,0.00019419113,1
OR6Y1,9,0.0032946998,0.0010982332,3
UBA3,12,0.003292873,0.00027440608,1
BAIAP2L1,10,0.0032899657,0.00032899657,1
RIT2,16,0.0032892625,0.00041115782,2
TRMT44,6,0.0032891042,0.0010963681,2
HHEX,30,0.0032864176,0.00054773624,5
ZNF563,4,0.0032831011,0.0008207753,1
COL21A1,6,0.003280737,0.0005467895,1
ATG2B,7,0.0032807118,0.00046867313,1
GATA3,78,0.0032709541,8.387062e-05,2
TAF7,21,0.0032692323,0.00015567773,1
DSC3,30,0.0032678146,0.0010892715,10
HRNR,6,0.003264839,0.0010882798,2
SLC17A3,6,0.003258829,0.0010862764,2
SLC4A4,32,0.003258588,0.0004073235,4
FCAMR,2,0.0032567885,0.0016283942,1
EZH1,3,0.0032563952,0.0010854651,1
MED30,54,0.0032523412,0.00054205686,9
BOC,14,0.0032447411,0.00023176722,1
ARHGAP44,7,0.0032412158,0.00046303082,1
CALU,10,0.0032393138,0.0003239314,1
ZFP42,18,0.003232297,0.0016161485,9
OR52J3,3,0.0032297592,0.0010765864,1
COX16,2,0.0032281168,0.0016140584,1
NADK,10,0.0032262534,0.00032262533,1
TJP1,116,0.0032205926,0.00011105491,4
IL1A,240,0.003218901,4.023626e-05,3
KIF1A,96,0.0032156978,0.00040196223,12
TPK1,96,0.0032141441,0.00040176802,12
PTHLH,40,0.0032135756,0.00016067877,2
TSEN15,4,0.0032115714,0.00080289284,1
ARHGAP22,7,0.0032114612,0.00045878018,1
ADI1,7,0.0031999233,0.00045713192,1
ARSJ,56,0.0031981226,0.00039976533,7
ADAMTS5,80,0.0031969512,0.00031969513,8
POM121L2,12,0.003196086,0.001598043,6
FBLIM1,3,0.0031944034,0.0010648011,1
MGMT,36,0.0031936113,0.00053226855,6
BASP1,5,0.0031926385,0.0006385277,1
PUM2,8,0.0031900366,0.0015950183,4
LRRTM4,21,0.0031900145,0.0010633381,7
SIRPG,150,0.0031837437,0.00053062395,25
GRB14,48,0.0031835951,0.0003979494,6
KALRN,25,0.00318208,0.0001272832,1
CAV1,75,0.0031800119,4.240016e-05,1
NCKIPSD,15,0.0031787944,0.00021191963,1
FBP2,15,0.0031785178,0.00021190119,1
AMY1C,30,0.0031771064,0.00021180708,2
OR2J1,8,0.003169025,0.00079225627,2
PNN,2,0.0031664213,0.0015832107,1
GALNT16,8,0.003163123,0.00039539038,1
RAB3C,6,0.0031597153,0.0010532385,2
DDX6,130,0.003159149,0.0006318298,26
UBE2E1,48,0.003155944,6.5748834e-05,1
QPRT,15,0.0031536298,0.00021024198,1
CARD11,150,0.0031526864,0.00012610746,6
PROM1,8,0.0031494198,0.0015747099,4
TRPC7,56,0.0031483113,0.00022487938,4
SMAD7,156,0.00314605,8.066795e-05,4
ARAP3,91,0.003145905,0.00024199268,7
MRPL4,35,0.003142347,0.00044890674,5
OR10K2,3,0.003140224,0.0010467413,1
LALBA,16,0.0031390497,0.00039238122,2
SLC35B4,12,0.003138736,0.00052312267,2
BBS9,32,0.0031382514,0.00039228142,4
TRPM6,10,0.0031306865,0.00062613736,2
RDH13,45,0.0031281821,0.0006256364,9
VLDLR,56,0.0031267582,0.00022333987,4
EPHA3,27,0.0031265907,0.00034739895,3
IRF1,377,0.003124952,0.00010775697,13
CPM,6,0.0031245635,0.0010415212,2
CCDC187,30,0.0031212561,0.00062425126,6
DNAJB6,8,0.0031188356,0.00038985445,1
FTMT,40,0.003117737,0.00031177368,4
OSBPL6,15,0.0031173553,0.00062347105,3
EN1,8,0.0031169557,0.0015584779,4
BAG6,2,0.0031165804,0.0015582902,1
PIAS2,36,0.0031115406,0.00017286337,2
KCNJ6,22,0.0031094572,0.00014133897,1
OPN4,8,0.0031047824,0.0003880978,1
MOS,72,0.003103645,0.00034484945,8
TYMP,23,0.0031032898,0.00013492563,1
FMO4,5,0.0031027074,0.0006205415,1
CPEB4,260,0.0030973707,0.0007743427,65
NUF2,72,0.003097322,0.00017207344,4
TXK,21,0.0030969288,0.00044241842,3
BCL11B,14,0.0030964378,0.0015482189,7
SLC26A1,12,0.0030923204,0.00025769338,1
PARP8,8,0.003091427,0.00038642838,1
CFTR,36,0.0030899518,8.5832e-05,1
PVR,11,0.0030894324,0.0002808575,1
RGS7,96,0.0030887974,0.00019304984,6
RBFOX1,156,0.0030854584,0.0005142431,26
SPARC,34,0.0030828977,0.00018134693,2
TRIM56,4,0.0030828833,0.0007707208,1
TAP1,19,0.0030811925,0.00016216803,1
EVPL,4,0.0030803306,0.00077008264,1
OR14A16,3,0.003077678,0.0010258927,1
CD44,64,0.0030775953,9.617485e-05,2
ATP6V1G1,29,0.0030751785,0.000106040636,1
HLA-DMB,348,0.0030741675,0.000106005784,12
GFUS,13,0.0030737112,0.00023643931,1
IRX5,20,0.003070395,0.0015351975,10
CFH,8,0.0030697263,0.0003837158,1
RNLS,78,0.0030693482,0.000511558,13
TECRL,35,0.00306785,0.00061357004,7
WWTR1,20,0.0030642701,0.0001532135,1
AGTPBP1,15,0.0030589395,0.0010196465,5
IRF7,52,0.0030588023,5.8823123e-05,1
GC,25,0.0030569024,0.0006113805,5
MIR30B,2,0.003052285,0.0015261425,1
LAPTM4A,14,0.0030485007,0.0015242504,7
ERP44,3,0.0030378085,0.0010126028,1
PTPRA,28,0.0030362415,0.0002168744,2
RAB2A,11,0.0030342569,0.00027584154,1
IPPK,12,0.003034209,0.00025285073,1
UAP1,45,0.003030646,0.00020204305,3
HCAR3,9,0.003029878,0.00033665312,1
ARC,26,0.0030253318,0.00023271784,2
SUCLG2,52,0.003022037,0.000116232186,2
LAIR2,105,0.0030175927,0.0010058642,35
THOC5,9,0.0030147177,0.00033496864,1
SGF29,6,0.0030118546,0.0010039515,2
NFIC,2,0.003011277,0.003011277,2
ESAM,4,0.0030088658,0.00075221644,1
TIMM21,2,0.0030063523,0.0015031762,1
DIP2A,2,0.0030018224,0.0030018224,2
LAIR1,130,0.0030015546,0.000600311,26
DOCK7,30,0.0030012336,0.00030012333,3
NIPBL,5,0.003000424,0.0006000848,1
IFT22,5,0.002999259,0.0005998518,1
FLOT1,18,0.0029918363,0.00016621313,1
SGIP1,4,0.0029915448,0.0007478862,1
BTN3A2,18,0.0029860092,0.0009953364,6
RAP1GAP,11,0.0029828364,0.00027116694,1
OR5B17,3,0.0029793112,0.0009931037,1
NCL,16,0.0029757482,0.00037196852,2
CATSPERG,3,0.002974901,0.0009916337,1
RAB11FIP5,2,0.0029742909,0.0029742909,2
OTUB2,4,0.002973515,0.00074337877,1
CDSN,6,0.0029732934,0.0009910978,2
PHACTR2,8,0.0029668948,0.0007417237,2
MAFB,14,0.0029658766,0.0014829383,7
PROX1,10,0.0029643364,0.0014821682,5
PLA2R1,2,0.0029638277,0.0014819138,1
PELI1,28,0.002963111,0.00010582539,1
ANK1,17,0.002960482,0.000174146,1
CD274,32,0.002957229,0.00036965363,4
GBE1,42,0.002954756,0.000211054,3
TBX3,96,0.0029542553,0.0009847519,32
OR6K6,3,0.002953339,0.0009844463,1
TMBIM1,3,0.002951805,0.000983935,1
ESPN,4,0.0029517962,0.00073794904,1
ZMYND11,1,0.0029499254,0.0029499254,1
ADAM19,9,0.0029471172,0.0009823724,3
OR1M1,3,0.0029467228,0.0009822409,1
FLNB,105,0.0029454182,0.00019636122,7
UBQLN4,8,0.0029452066,0.0014726033,4
SGMS1,19,0.0029447577,0.00015498725,1
HAPLN1,8,0.0029426545,0.0014713273,4
INTS7,3,0.0029402014,0.0009800672,1
ACP1,8,0.0029380615,0.0003672577,1
STX11,1,0.0029298395,0.0029298395,1
PPL,12,0.0029277727,0.00048796213,2
MUC19,72,0.0029260311,0.00032511458,8
ZCRB1,13,0.0029253822,0.0002250294,1
RBM22,10,0.0029162974,0.0005832595,2
ADHFE1,10,0.0029138618,0.00029138618,1
CCDC59,6,0.0029127728,0.0014563864,3
TUBG2,40,0.0029115074,0.00029115073,4
PAX7,18,0.0029114224,0.00097047415,6
SFRP5,4,0.0029112794,0.00072781986,1
ALDH8A1,10,0.0029054391,0.00058108784,2
INPP4B,60,0.0029028647,0.00019352432,4
PDE7A,20,0.002901945,0.0002901945,2
ADAMTS14,7,0.0028981513,0.0004140216,1
IL27,32,0.0028950488,0.0003618811,4
TSPAN33,14,0.0028940171,0.0014470086,7
CHRNA1,13,0.002893839,0.000222603,1
CD68,5,0.0028926395,0.0005785279,1
MIB1,42,0.0028900593,0.00013762189,2
IL16,13,0.0028895254,0.00022227118,1
TRPM8,5,0.002889058,0.0005778116,1
GTF2A1L,2,0.0028869906,0.0014434953,1
SLC25A37,4,0.0028849742,0.0014424871,2
ELAVL2,16,0.0028836825,0.0007209206,4
SIGLEC11,3,0.0028784438,0.0009594813,1
CYP1B1,38,0.0028771488,7.5714444e-05,1
EARS2,14,0.0028760897,0.00020543498,1
CTSB,19,0.002873786,0.0001512519,1
FBXW12,14,0.0028724025,0.00041034323,2
PDE9A,8,0.0028712228,0.00035890285,1
GABRR3,20,0.002867145,0.00028671452,2
FJX1,1,0.0028669583,0.0028669583,1
TCTN2,6,0.002866386,0.000477731,1
ACBD6,5,0.002865847,0.0005731694,1
TNIP1,63,0.0028619876,0.00040885538,9
MCFD2,18,0.002860813,0.00031786808,2
CLEC12A,3,0.0028603487,0.0009534496,1
EVC,8,0.0028566562,0.00035708203,1
CFI,8,0.0028564287,0.0003570536,1
PDE2A,17,0.0028540906,0.00016788769,1
KIF25,8,0.0028533766,0.00035667207,1
EPS8L2,4,0.0028485786,0.00071214465,1
DYRK1A,9,0.0028436508,0.0003159612,1
ZNF697,3,0.0028413567,0.0009471189,1
HSCB,2,0.0028407786,0.0014203893,1
USP16,4,0.002839034,0.0007097585,1
WIPI1,11,0.002838407,0.000258037,1
PRDM2,20,0.002837226,0.001418613,10
KDM1A,34,0.0028362342,8.341865e-05,1
NUTF2,1,0.0028287356,0.0028287356,1
PRM1,16,0.0028263272,0.0014131636,8
ARHGAP24,8,0.002823952,0.000352994,1
CSDE1,1,0.0028216671,0.0028216671,1
OR2F2,8,0.0028191966,0.00070479914,2
KLHL42,7,0.0028170738,0.00040243912,1
GALNTL5,6,0.0028165758,0.0004694293,1
MATN4,4,0.0028154412,0.0014077206,2
OMA1,4,0.0028135933,0.0007033983,1
APOA4,34,0.002813303,0.0001654884,2
CEACAM3,5,0.0028043783,0.00056087563,1
FBXL21P,72,0.0028031701,0.00035039627,9
LITAF,18,0.0028013925,0.0014006962,9
KCNH1,3,0.002800501,0.0009335003,1
FZD3,47,0.0027992968,5.9559505e-05,1
RAB1A,156,0.0027988583,0.0001076484,6
ANO7,3,0.0027972127,0.00093240425,1
CD82,10,0.0027966404,0.00055932807,2
DUSP16,15,0.0027940501,0.00018627002,1
HOXA2,20,0.0027933032,0.0005586606,4
AICDA,8,0.0027904133,0.00069760333,2
CD38,136,0.0027901744,0.00016412791,8
GPNMB,4,0.0027897202,0.00069743005,1
AGBL4,6,0.0027883328,0.00092944433,2
RASA2,26,0.0027876282,0.00021443295,2
RBMXL2,2,0.002786721,0.002786721,2
RNF146,12,0.0027863116,0.00023219263,1
ST8SIA5,16,0.0027843947,0.00034804933,2
EIF4E2,14,0.002782344,0.00019873885,1
P2RY6,12,0.0027750768,0.0002312564,1
ADGRL2,32,0.0027733303,0.0013866652,16
PTDSS2,60,0.0027728276,0.00027728276,6
REG3A,12,0.002768717,0.00069217925,3
SLC6A6,18,0.0027680774,0.0003075642,2
CSGALNACT2,11,0.0027650197,0.00025136542,1
CACNA2D3,132,0.0027636795,0.00023030663,11
ZNF302,4,0.002763506,0.0006908765,1
FGF12,15,0.0027605426,0.0005521085,3
GATB,6,0.0027601477,0.0013800738,3
SIGLEC6,63,0.0027583134,0.00091943785,21
FUT1,13,0.0027574194,0.00021210918,1
RSAD2,7,0.002755446,0.00039363513,1
FAM91A1,12,0.0027535018,0.000458917,2
MTHFS,42,0.0027533679,0.00019666913,3
KIZ,2,0.0027514477,0.0013757239,1
SNX2,7,0.0027501623,0.00039288032,1
MLN,252,0.0027473988,0.00019624276,18
OR6N2,6,0.0027469466,0.0009156489,2
DEPDC5,4,0.00274692,0.00137346,2
SCARB2,7,0.0027463476,0.00039233538,1
MAP1B,25,0.0027460488,0.00054920977,5
EPB41L3,16,0.00274564,0.000343205,2
HPSE2,8,0.0027393366,0.00034241707,1
PRNP,80,0.0027348981,0.00017093113,5
PLEKHG5,15,0.0027327077,0.0001821805,1
S1PR1,21,0.0027299686,0.0001299985,1
ZNF516,6,0.0027298606,0.0009099535,2
COX10,12,0.0027265751,0.0002272146,1
PAPSS2,20,0.0027197807,0.00013598903,1
PNLIPRP1,15,0.002719357,0.00018129047,1
LTBP1,11,0.0027169113,0.00024699193,1
TRIM9,4,0.0027167248,0.0006791812,1
ARHGAP31,28,0.0027142684,0.00038775263,4
VAT1,3,0.0027137946,0.0009045982,1
CACNA1S,72,0.002713378,7.537161e-05,2
USP19,4,0.002709881,0.00067747023,1
FUT2,22,0.0027053356,0.0002459396,2
TRIM21,44,0.0027023673,0.00024566977,4
CPEB3,2,0.0026999163,0.0013499581,1
COLGALT1,6,0.0026993896,0.00044989827,1
ARHGEF3,28,0.002698063,0.00019271878,2
HNRNPH1,12,0.0026979852,0.0002248321,1
SLIT2,198,0.002697665,0.00014987028,11
EOMES,296,0.002695825,0.00033697812,37
OR5L1,3,0.0026913993,0.0008971331,1
GRP,30,0.002690839,0.00017938929,2
GPX5,16,0.0026905497,0.00016815936,1
NRG2,47,0.0026895471,5.7224406e-05,1
RNF123,8,0.0026881625,0.0003360203,1
RPS26,120,0.002687338,8.957794e-05,4
EPHA5,7,0.0026868437,0.00038383482,1
GUCY1B2,12,0.002686408,0.00022386735,1
MAP1LC3B,14,0.0026843818,0.00019174155,1
CERS6,45,0.0026789482,0.0002976609,5
KCNH5,48,0.0026747743,0.0008915914,16
STRA6,3,0.0026744113,0.0008914704,1
UTRN,6,0.0026710068,0.0013355034,3
NEUROG2,1,0.0026709905,0.0026709905,1
CCND2,52,0.0026691766,5.1330317e-05,1
PER1,6,0.002668689,0.0004447815,1
MIR132,7,0.0026668562,0.00038097944,1
MIR302E,4,0.0026644862,0.0013322431,2
CACNA1I,39,0.0026625458,0.00020481122,3
CENPA,24,0.0026624033,0.00011093347,1
CREG1,12,0.0026566677,0.00066416693,3
KIR3DL3,12,0.0026544177,0.0008848059,4
BTG2,13,0.002647632,0.000203664,1
APBB1IP,96,0.0026459473,0.000110247805,4
CHST15,22,0.0026436443,0.00024033131,2
DOCK8,10,0.0026426814,0.00026426814,1
HNRNPAB,6,0.0026413302,0.0013206651,3
TAF15,21,0.0026412446,0.00012577356,1
HTR1B,84,0.0026410886,0.00018864921,6
UBE2QL1,1,0.002641066,0.002641066,1
DNAJB4,1,0.0026406085,0.0026406085,1
CHDH,19,0.0026329465,0.00013857613,1
STK19,1,0.0026306186,0.0026306186,1
KCNG1,6,0.0026270456,0.0008756819,2
ASB3,105,0.0026265432,0.00037522046,15
KCNK6,7,0.0026237606,0.00037482294,1
CCR2,506,0.002619218,0.00011387905,22
DLGAP1,35,0.0026153459,0.0005230691,7
CELSR2,4,0.0026138704,0.0013069352,2
JAG2,38,0.0026111025,6.871323e-05,1
ZNF300,16,0.0026067928,0.0006516982,4
ETV1,16,0.002606528,0.001303264,8
GBA3,35,0.0026054028,0.0005210806,7
BCHE,51,0.0026041493,0.00015318526,3
SLC25A28,34,0.0025984277,0.0012992139,17
MIR181C,3,0.0025961462,0.0008653821,1
NAV3,12,0.0025948265,0.0012974133,6
C1GALT1C1L,2,0.0025945094,0.0012972547,1
ZFPM2,30,0.0025889846,0.0005177969,6
RTEL1,13,0.0025883547,0.00019910421,1
RNF43,6,0.0025883429,0.00043139048,1
STAT4,30,0.0025840378,8.61346e-05,1
FAM13A,7,0.002581191,0.00036874157,1
SOX9,198,0.0025811167,0.00011732349,9
RPH3A,16,0.0025670305,0.0012835152,8
MZT1,99,0.0025669322,0.00028521472,11
LYPD5,9,0.002565563,0.0008551877,3
SELENBP1,2,0.0025616963,0.0012808482,1
ZNF420,7,0.0025616358,0.00036594798,1
BCAT1,192,0.002560976,8.00305e-05,6
GAS1,90,0.0025606793,0.00028451992,10
DDR2,12,0.0025598174,0.00063995435,3
ETNK2,11,0.0025596842,0.00023269857,1
FBN2,12,0.0025594532,0.0008531511,4
CGNL1,4,0.0025556716,0.0012778358,2
TNS1,5,0.0025542672,0.0005108534,1
SLC9A8,60,0.002554029,0.00063850725,15
NEDD9,12,0.0025531165,0.00063827913,3
ATG10,49,0.0025507275,0.00036438968,7
DNAH11,4,0.0025500562,0.00063751405,1
ATP2B4,21,0.0025455342,0.00012121591,1
APC2,22,0.002544367,0.00011565304,1
UBD,72,0.0025430666,0.00063576666,18
SPATA13,9,0.002542777,0.0002825308,1
INPP5K,16,0.0025407702,0.00015879814,1
ICOS,300,0.0025362032,0.00012681015,15
BTG4,1,0.0025334752,0.0025334752,1
CARD14,2,0.002533421,0.0012667105,1
PDGFD,147,0.0025329278,0.00012061562,7
COL18A1,60,0.0025306726,0.0001687115,4
TNFRSF6B,18,0.0025302884,0.00014057157,1
PCSK5,99,0.0025258383,0.0002806487,11
ACVR1C,30,0.0025241466,0.00025241464,3
WIPF3,42,0.002522402,0.00012011438,2
PLEKHG4B,10,0.002521136,0.00050422724,2
CUL9,3,0.0025199265,0.0008399755,1
GALNT5,8,0.0025193566,0.00031491957,1
SIRPA,45,0.0025179123,0.00016786082,3
PON1,9,0.0025171523,0.0002796836,1
QSOX1,33,0.002516635,0.00022878498,3
STX7,2,0.0025141204,0.0012570602,1
APOC3,19,0.0025139048,0.00013231079,1
CTRB2,36,0.0025137363,0.0012568681,18
TTLL10,3,0.0025135037,0.00083783455,1
FBXL17,35,0.002505249,0.00035789274,5
SPSB1,7,0.00250097,0.00035728142,1
HIP1R,5,0.0024988728,0.0004997746,1
TRAPPC9,30,0.0024969128,0.00024969128,3
BAZ1B,9,0.0024960032,0.0002773337,1
ZNF706,3,0.0024957415,0.00083191384,1
NAP1L1,6,0.0024946635,0.0012473317,3
MSH2,19,0.00249424,0.00013127578,1
PPARA,46,0.0024925522,5.4185915e-05,1
COL3A1,48,0.0024912397,0.000103801656,2
MRPS6,7,0.0024855274,0.00035507535,1
MIR4491,1,0.0024832985,0.0024832985,1
TRPA1,36,0.0024831484,0.00041385807,6
CXCL16,13,0.0024828368,0.00019098746,1
KRBA1,12,0.002479522,0.00082650734,4
RGS3,105,0.0024791916,0.00016527945,7
KNG1,90,0.0024781849,5.5070774e-05,2
LILRB2,56,0.00247802,0.00035400287,8
P2RY2,63,0.0024777784,0.00011798944,3
PSD4,1,0.0024768207,0.0024768207,1
VPS37A,13,0.0024755364,0.00019042588,1
SERPINA5,5,0.0024728344,0.00049456686,1
MED4,18,0.0024713748,0.0004118958,3
CNOT3,20,0.0024678567,0.00024678564,2
UPF1,6,0.002465725,0.00041095415,1
S1PR5,52,0.0024603049,0.00018925424,4
ZNF668,6,0.0024588858,0.0008196286,2
IL19,63,0.0024586176,0.00027317976,7
DPF3,8,0.0024576634,0.00061441585,2
SLC26A6,8,0.0024522627,0.00030653283,1
PHF2,6,0.0024514194,0.00081713975,2
IL17C,3,0.0024492403,0.00081641343,1
MDC1,24,0.0024455907,0.00010189961,1
MANBA,16,0.0024428053,0.00030535067,2
SLC35C1,11,0.0024394586,0.00022176896,1
LCE3E,27,0.0024360605,0.00081202015,9
IFNL4,1,0.0024309098,0.0024309098,1
CTNND2,12,0.0024293445,0.0012146722,6
TOR1AIP1,14,0.0024233975,0.00034619964,2
ZFP69B,4,0.0024189563,0.00060473906,1
TMEM86B,72,0.0024089,0.00040148335,12
NEURL1B,34,0.0024082712,0.00014166301,2
HERC1,5,0.0024079026,0.00048158053,1
PADI6,4,0.0024068449,0.0006017112,1
SLAMF6,16,0.0024053662,0.00060134154,4
FABP6,14,0.0024047913,0.00017177081,1
HDGF,2,0.0024038483,0.0024038483,2
MRS2,2,0.0023986856,0.0011993428,1
NPNT,2,0.0023972,0.0011986,1
ZNF189,4,0.0023950464,0.0005987616,1
HBS1L,20,0.002393947,0.00047878938,4
GALNT1,105,0.002387526,0.00011369171,5
CDH13,49,0.0023869707,0.00034099582,7
CLDN18,30,0.0023815837,0.00023815839,3
CTRB1,35,0.002381279,0.00047625578,7
CALD1,5,0.002380107,0.0004760214,1
RPS3,32,0.0023764358,7.426362e-05,1
ENC1,4,0.0023729007,0.0011864504,2
PLAC8,5,0.0023709382,0.00047418763,1
MYL6,22,0.002368808,0.00010767309,1
TIMMDC1,15,0.0023676131,0.0004735226,3
PPP2R2C,72,0.0023668467,0.00013149148,4
COLEC10,12,0.0023667642,0.0003944607,2
LILRA2,70,0.0023654227,0.00047308454,14
DAPK1,66,0.002361682,0.00021469838,6
MFAP3,6,0.0023613302,0.00078711007,2
NRN1,12,0.0023577756,0.0005894439,3
CLEC2D,27,0.0023554328,0.0007851443,9
KSR2,57,0.0023542175,0.00012390618,3
RARB,105,0.002353205,0.00011205739,5
EBI3,7,0.0023519306,0.00033599007,1
CACNA1E,55,0.0023501876,0.00021365346,5
PCSK9,78,0.0023461122,0.00018047016,6
MON1A,4,0.0023396285,0.00058490713,1
STX6,6,0.0023371463,0.0003895244,1
MARK1,4,0.0023339277,0.0011669638,2
MYL2,31,0.002332189,7.52319e-05,1
UNC79,3,0.0023297798,0.0007765933,1
SEMA3D,1,0.0023285772,0.0023285772,1
SERPINA6,5,0.0023241336,0.00046482673,1
TNFRSF9,280,0.0023216787,0.00029020983,35
TCF21,1,0.002318056,0.002318056,1
MICA,36,0.0023173231,0.00038622052,6
TTBK1,1,0.0023133405,0.0023133405,1
PPP1R12B,24,0.0023104392,9.6268304e-05,1
GAD2,108,0.0023094323,8.553453e-05,4
ADGRF4,4,0.002308604,0.001154302,2
ESYT1,15,0.0023071268,0.00015380845,1
RUNX1T1,24,0.002307044,0.000576761,6
GAK,15,0.002304503,0.0004609006,3
NNT,8,0.0023034904,0.0002879363,1
SEL1L2,1,0.0023028818,0.0023028818,1
EMP2,2,0.0023020105,0.0023020105,2
RHOB,124,0.0023012012,7.42323e-05,4
AXL,8,0.0023002338,0.00028752923,1
BMP5,26,0.0022995388,0.00017688761,2
DNMT3L,75,0.0022944617,0.00045889232,15
SERPINB2,9,0.0022916447,0.0002546272,1
ARHGAP32,19,0.0022915544,0.00012060812,1
DNAH12,10,0.0022761482,0.00022761482,1
GRAP2,78,0.002275009,8.7500346e-05,3
RPL22L1,50,0.0022693847,9.0775386e-05,2
KIF1C,16,0.002267143,0.00028339287,2
CACNB4,18,0.0022648608,0.0001258256,1
IFT27,8,0.0022642477,0.00028303097,1
ETV7,1,0.0022602365,0.0022602365,1
SFRP1,32,0.0022565797,0.00014103623,2
ZNF316,1,0.0022560193,0.0022560193,1
ARHGAP20,49,0.0022557224,0.00032224605,7
KCNIP4,24,0.0022532933,0.0005633233,6
ZNF45,4,0.002250833,0.00056270824,1
F7,42,0.0022500907,5.357359e-05,1
FBXL4,21,0.00224839,0.00032119857,3
CLK2,1,0.0022482427,0.0022482427,1
ATG4D,4,0.002246395,0.00056159875,1
LGI2,6,0.0022415742,0.0011207871,3
EPHB3,30,0.0022413863,0.00022413862,3
EPHB1,33,0.00223931,0.00020357363,3
LRIG1,7,0.002238422,0.00031977455,1
OSCAR,6,0.0022374971,0.0003729162,1
NELL2,15,0.0022255825,0.00044511646,3
EYA2,8,0.0022255487,0.0005563872,2
SMC2,9,0.0022239892,0.0002471099,1
CD244,3,0.0022233904,0.00074113015,1
FAM83B,42,0.0022219082,0.00031741546,6
DCLRE1B,2,0.0022179352,0.0011089676,1
CD53,6,0.0022166334,0.0007388778,2
BATF,15,0.0022126744,0.0007375581,5
PCTP,5,0.0022098972,0.0022098972,5
OXTR,15,0.0022072527,0.00014715017,1
STIL,2,0.0022033437,0.0022033437,2
GFPT1,48,0.0022016075,9.1733644e-05,2
MT1HL1,4,0.002201437,0.00055035925,1
TRPV3,5,0.0021994587,0.00043989174,1
SLC10A6,3,0.002199379,0.00073312636,1
ASAP2,8,0.002198936,0.000274867,1
MTMR3,39,0.0021986894,0.00016912994,3
AXIN1,71,0.0021970544,3.094443e-05,1
P2RY13,12,0.0021964666,0.00018303888,1
RND3,5,0.002193773,0.0004387546,1
SLC7A2,30,0.002192094,0.00014613959,2
NCOA4,8,0.0021907275,0.00027384094,1
PEMT,45,0.0021903387,0.00014602259,3
LRP12,36,0.0021896765,0.00036494609,6
YPEL5,4,0.00218825,0.0005470625,1
ATF6,15,0.0021830956,0.0001455397,1
SHMT2,40,0.0021771325,5.4428314e-05,1
SLITRK6,20,0.002170384,0.000542596,5
RIPOR2,4,0.0021678347,0.00054195867,1
SRSF3,14,0.002167339,0.00015480992,1
TRIB1,114,0.0021621587,0.0003603598,19
WRN,35,0.002159262,6.16932e-05,1
SH3BP2,20,0.0021565256,0.00043130512,4
CES1P1,2,0.0021561417,0.0021561417,2
NSMCE2,5,0.0021509747,0.00043019495,1
NOX4,18,0.0021480036,0.000119333534,1
RNF14,6,0.0021477188,0.00035795313,1
HTRA1,3,0.0021457344,0.0007152448,1
IP6K2,30,0.002144661,0.00021446613,3
KCTD6,192,0.0021440368,0.0001340023,12
ACACB,27,0.0021415884,7.931809e-05,1
GABRG3,60,0.0021402168,0.00014268112,4
HNRNPU,7,0.0021395744,0.0003056535,1
KLHL2,28,0.002139473,0.000305639,4
ERRFI1,81,0.0021387625,0.00071292085,27
VARS2,14,0.0021368666,0.00030526664,2
ZNF737,4,0.0021338067,0.0005334517,1
LRRC4C,14,0.002133433,0.0010667165,7
DAXX,45,0.0021265189,4.7255973e-05,1
ASIP,3,0.0021213843,0.0007071281,1
DUSP4,120,0.002120152,5.3003805e-05,3
UGT1A5,42,0.0021171519,0.00010081676,2
FMO2,9,0.0021125637,0.0002347293,1
COPZ2,11,0.0021121802,0.00019201638,1
ZNF596,12,0.0021109032,0.0005277258,3
MEPE,12,0.0021093895,0.0005273474,3
TOM1,5,0.0021080496,0.0004216099,1
MAP3K21,8,0.0021073413,0.0005268353,2
WTIP,6,0.0021060368,0.00035100614,1
TTC30A,4,0.0021026423,0.0005256606,1
THOC1,10,0.0021004968,0.00021004968,1
ZCCHC7,1,0.002098706,0.002098706,1
VPS16,14,0.0020977159,0.00014983685,1
CALY,1,0.0020969785,0.0020969785,1
ARHGEF15,17,0.0020946618,0.0001232154,1
SHC4,28,0.002092032,7.4715426e-05,1
NAGPA,1,0.0020861328,0.0020861328,1
NFASC,10,0.0020841437,0.00020841436,1
OPA1,4,0.0020833467,0.0005208367,1
EYA1,161,0.0020823583,0.00029747977,23
BTN2A1,3,0.0020813714,0.00069379044,1
DHX36,6,0.0020801965,0.0003466994,1
UBE2U,15,0.0020778377,0.00041556754,3
GPR35,156,0.002072146,0.0003453577,26
MCF2L,20,0.0020717052,0.00010358526,1
ABR,20,0.00207082,0.000103540995,1
NECTIN3,48,0.002065453,0.00025818162,6
SIRPB1,91,0.0020652348,0.00029503356,13
LBR,117,0.002064009,5.2923308e-05,3
CLPTM1L,1,0.0020580231,0.0020580231,1
DNAH8,8,0.0020569784,0.0005142446,2
MIXL1,4,0.0020537714,0.00051344285,1
HSD17B13,3,0.0020527246,0.00068424153,1
KCNIP1,6,0.0020513113,0.00068377046,2
GRM6,17,0.0020496105,0.000120565324,1
UBXN4,1,0.002048382,0.002048382,1
HAND1,10,0.0020458978,0.00040917957,2
PSMD13,39,0.0020456885,5.245355e-05,1
TNFAIP2,1,0.0020444656,0.0020444656,1
ZDHHC7,15,0.0020427518,0.00040855038,3
CDT1,16,0.0020392938,0.00012745586,1
RIN3,4,0.002033996,0.000508499,1
FMNL2,9,0.0020333251,0.00022592502,1
FANCA,8,0.0020314308,0.00025392885,1
TPCN2,14,0.0020270413,0.00028957732,2
NLRP5,1,0.002024685,0.002024685,1
USP1,24,0.0020190896,0.0002523862,3
OR51L1,3,0.0020177006,0.0006725669,1
RNF152,20,0.002016488,0.00040329763,4
UGT8,105,0.0020158966,0.00013439312,7
P3H2,4,0.002015003,0.00050375075,1
PROK2,56,0.0020126342,0.00025157927,7
RHOBTB3,14,0.0020103012,0.00028718592,2
ECI2,14,0.002007338,0.00014338129,1
DHH,22,0.00200664,9.121091e-05,1
APOBEC1,8,0.0020063529,0.0005015882,2
HSD17B1,11,0.002005846,0.00018234964,1
KRT4,4,0.0020035894,0.0010017947,2
LPA,6,0.002003119,0.00033385318,1
UBE2E3,252,0.0020019896,0.00022244328,28
PIK3C2B,21,0.002000453,9.525967e-05,1
SH3PXD2A,7,0.0019998811,0.00028569732,1
PIAS1,38,0.0019958697,5.2522886e-05,1
CASR,11,0.001991988,0.00018108981,1
SCT,115,0.0019902939,8.653452e-05,5
DENND3,12,0.00198981,0.0004974525,3
ME3,27,0.0019871658,0.00022079621,3
REG3G,3,0.0019858016,0.00066193385,1
IFT140,10,0.0019857583,0.00019857583,1
MYO3B,16,0.0019857096,0.0004964274,4
GFRA2,10,0.0019845485,0.00019845486,1
DCC,114,0.0019839616,0.000104419036,6
SULT1A2,13,0.0019827916,0.00015252244,1
NUPR1,4,0.0019805962,0.0009902981,2
B3GALNT1,14,0.0019778642,0.000282552,2
ANTXR2,24,0.0019774484,0.00032957474,4
PEX2,8,0.001973369,0.00024667112,1
SNCA,88,0.0019721654,0.00017928776,8
TRAF3IP2,112,0.0019714686,0.00049286714,28
TRAFD1,1,0.0019700718,0.0019700718,1
TIAM2,14,0.0019695414,0.00014068153,1
AQP7,16,0.0019659689,0.0002457461,2
OR2B11,3,0.001962766,0.00065425533,1
GTF3C1,7,0.0019615644,0.0002802235,1
PTPN14,2,0.0019601705,0.0019601705,2
HNRNPD,63,0.0019553667,0.00027933807,9
MTTP,9,0.0019544568,0.00021716187,1
GLRX,14,0.0019542032,0.0002791719,2
ATP2C1,4,0.0019522897,0.00048807243,1
ATP5MC2,20,0.001952222,9.76111e-05,1
IL17RB,3,0.0019513257,0.0006504419,1
ZNF767P,9,0.0019512366,0.0006504122,3
ACSF3,7,0.0019508533,0.00027869333,1
SERPINB5,6,0.0019504965,0.00032508274,1
SLC6A7,33,0.001950408,0.00017730983,3
TBL1XR1,66,0.0019498429,5.908615e-05,2
HOXD1,1,0.0019496946,0.0019496946,1
POLE,40,0.001948921,4.8723025e-05,1
CDH15,10,0.001948226,0.0001948226,1
OVGP1,6,0.0019453693,0.00064845645,2
UHRF1,4,0.0019452797,0.0004863199,1
SIK2,2,0.0019423513,0.0009711757,1
TFR2,4,0.0019405447,0.00048513617,1
BRD1,30,0.0019401527,0.00019401529,3
CHRNG,9,0.0019395171,0.0002155019,1
OSBPL7,5,0.0019394706,0.00038789414,1
PLEKHA7,4,0.0019291162,0.0019291162,4
MECOM,39,0.0019201627,0.00014770482,3
SKIL,63,0.0019188348,9.1373084e-05,3
GABRP,14,0.0019182982,0.0002740426,2
FAAP20,2,0.0019145363,0.0009572682,1
ROBO2,99,0.001914251,0.00017402282,9
BCL2L11,98,0.0019140423,3.906209e-05,2
MTX2,6,0.0019139494,0.0009569747,3
CEP120,12,0.0019122771,0.0006374257,4
TGS1,156,0.0019115128,0.00015929273,13
CST2,3,0.0019111657,0.0019111657,3
EYA4,8,0.0019107914,0.00047769785,2
TAF1B,72,0.0019090828,0.00015909024,6
SFTPC,3,0.0019087027,0.00063623424,1
FGD4,15,0.0019075,0.00012716667,1
SHOC2,13,0.0019061534,0.00014662718,1
ASCC1,5,0.0019004403,0.00038008805,1
FARS2,14,0.0018976419,0.0002710917,2
KCNK3,22,0.0018961469,0.00017237698,2
TAAR9,14,0.0018954829,0.00013539163,1
SLCO4C1,49,0.0018933546,0.0002704792,7
ITM2B,3,0.0018922267,0.0018922267,3
SGK3,7,0.0018884038,0.00026977196,1
CCL24,12,0.0018867984,0.0004716996,3
NSF,54,0.0018856593,6.983924e-05,2
KRT25,20,0.0018845598,0.00047113994,5
MTMR9,304,0.0018845146,0.00023556432,38
PYGO1,16,0.0018837261,0.00023546576,2
RNF6,12,0.0018834253,0.00031390422,2
FBXO45,8,0.0018833859,0.00094169297,4
PIWIL1,8,0.0018831827,0.00047079567,2
ELN,6,0.0018812112,0.0006270704,2
MYSM1,12,0.0018809872,0.0004702468,3
CA6,6,0.0018796512,0.0006265504,2
WDR91,5,0.0018768716,0.0003753743,1
DSCC1,14,0.0018757285,0.0002679612,2
SEL1L,20,0.0018734271,9.3671355e-05,1
NFIB,6,0.0018728528,0.0009364264,3
ZNF768,2,0.0018727109,0.0018727109,2
AIF1,8,0.0018716045,0.00093580224,4
TMC2,4,0.0018669094,0.00046672736,1
PABPC3,3,0.001866404,0.00062213466,1
CAPN8,6,0.0018658474,0.0009329237,3
NQO2,4,0.0018657963,0.00046644907,1
TMOD1,4,0.0018642686,0.00046606714,1
S100P,6,0.0018642277,0.0003107046,1
COQ2,10,0.0018635257,0.00018635257,1
ABCA3,7,0.0018621546,0.00026602208,1
TNFSF13,12,0.0018609663,0.00015508053,1
DNAJC13,3,0.0018583762,0.00061945873,1
CRACR2A,4,0.0018560367,0.00046400918,1
MIR17HG,1,0.0018555676,0.0018555676,1
STIM2,4,0.0018555616,0.0009277808,2
PPARGC1B,17,0.0018548563,0.00010910919,1
UGT1A8,147,0.0018488758,8.804171e-05,7
CPPED1,6,0.0018476242,0.0006158748,2
CDH19,14,0.0018469844,0.0009234922,7
MIR129-1,6,0.0018462404,0.0009231202,3
RSPO2,10,0.0018437211,0.00036874425,2
SLC37A2,15,0.0018424406,0.0003684881,3
ADA,70,0.001840861,5.259603e-05,2
KCNV1,15,0.0018385794,0.00061285985,5
CHIT1,39,0.001833238,0.00014101832,3
OR8B4,3,0.0018319119,0.0006106373,1
KCNIP3,12,0.0018315475,0.0003052579,2
ACOT13,4,0.0018313781,0.00045784452,1
CYTH4,165,0.0018312305,0.00016647551,15
MKLN1,1,0.0018281015,0.0018281015,1
PRM2,4,0.0018252354,0.0018252354,4
MICALL2,1,0.0018241953,0.0018241953,1
OR51B4,3,0.001822756,0.00060758536,1
CNTFR,13,0.0018187799,0.00013990614,1
DPYD,24,0.0018141665,7.559027e-05,1
PSMF1,14,0.0018141643,0.00025916635,2
INSIG1,3,0.0018112656,0.0018112656,3
CDH4,18,0.0018088719,0.00020098576,2
SKAP2,92,0.0018074325,0.00045185813,23
BPNT2,10,0.0018054371,0.00018054372,1
STRA8,1,0.001802007,0.001802007,1
TRAT1,28,0.0018002739,0.000128591,2
IRF2,26,0.0017997544,0.00013844264,2
FOXN3,5,0.0017971464,0.0017971464,5
EID2,2,0.0017953217,0.00089766085,1
CAAP1,13,0.0017938119,0.0017938119,13
ADK,13,0.0017863563,0.00013741202,1
NDUFAF6,12,0.0017859675,0.00029766123,2
CORIN,5,0.0017847193,0.00035694387,1
YARS1,11,0.0017841255,0.00016219322,1
ALDH1B1,228,0.001783731,4.69403e-05,6
SYT2,12,0.0017821966,0.00014851638,1
SLCO1B3,20,0.0017797578,8.898789e-05,1
UBE2G2,30,0.001777504,0.00011850026,2
UBE2V2,48,0.0017765446,7.402269e-05,2
FAF2,8,0.0017724725,0.00022155906,1
KRT32,4,0.0017723746,0.00044309365,1
CENPW,120,0.0017713064,0.0004428266,30
PCLO,6,0.0017690166,0.0017690166,6
KATNA1,1,0.0017687393,0.0017687393,1
PTPRN,1,0.0017687251,0.0017687251,1
UBE2K,18,0.0017647595,0.00019608441,2
AMBRA1,14,0.0017632063,0.0001259433,1
SLCO1B1,54,0.0017631769,6.530285e-05,2
ZMAT5,4,0.0017615871,0.00044039678,1
OR10G9,3,0.0017600378,0.00058667926,1
ID3,11,0.0017568788,0.00015971625,1
CCN4,4,0.0017517819,0.00087589095,2
SRCAP,1,0.0017505926,0.0017505926,1
KCNK12,3,0.0017504687,0.0005834896,1
NEK7,242,0.0017490966,0.00015900878,22
STOML1,2,0.0017478224,0.0017478224,2
CAPN14,4,0.0017440373,0.00087201863,2
EPHX1,18,0.0017438177,9.6878764e-05,1
DNAH9,3,0.0017435366,0.0005811789,1
SAMD3,1,0.0017428485,0.0017428485,1
LILRA3,56,0.0017378031,0.00024825757,8
CPLX3,2,0.0017373459,0.00086867297,1
SNRPE,15,0.0017357841,0.00011571894,1
CDKN2D,19,0.0017355719,9.1345886e-05,1
PBRM1,10,0.0017320537,0.00017320536,1
RASGRP3,40,0.0017282473,8.6412365e-05,2
KDM6B,9,0.0017279666,0.00019199628,1
STAM,33,0.0017276305,5.235244e-05,1
COL15A1,14,0.0017275518,0.00024679312,2
NR4A1,28,0.001724805,6.160018e-05,1
COL16A1,18,0.0017234604,0.00019149561,2
CRTC3,1,0.0017220761,0.0017220761,1
KCTD15,25,0.001719961,0.0003439922,5
SIGLEC5,10,0.0017196024,0.0003439205,2
B9D1,6,0.0017182268,0.00028637113,1
ERO1B,4,0.0017155916,0.0004288979,1
ATP7B,5,0.0017153133,0.00034306265,1
GLS,50,0.0017145723,6.858289e-05,2
DDIT4L,1,0.0017142468,0.0017142468,1
FGD3,13,0.0017121143,0.0001317011,1
ZNF875,4,0.0017055651,0.00042639129,1
LSM8,18,0.0017033139,0.00028388566,3
MITF,23,0.0017005045,7.393498e-05,1
S1PR2,91,0.001698182,0.00013062939,7
MSL2,4,0.0016968857,0.00042422142,1
PLCD3,17,0.0016936987,9.962934e-05,1
ASCC2,20,0.0016925249,0.00042313122,5
PDP1,5,0.0016925102,0.00033850205,1
PADI4,44,0.001689794,0.0004224485,11
OR2AG2,3,0.0016886494,0.00056288316,1
KCNA2,9,0.001687789,0.0005625963,3
PCGF3,2,0.0016870393,0.0016870393,2
DDR1,15,0.0016841237,0.0005613746,5
ATP2C2,10,0.0016833676,0.00033667352,2
HYDIN,1,0.0016832077,0.0016832077,1
TOMM40,10,0.0016823858,0.00016823858,1
ERN1,21,0.0016811878,8.005656e-05,1
SLC22A4,66,0.0016804571,0.0002800762,11
DYSF,12,0.0016791536,0.0008395768,6
EBF3,4,0.0016773434,0.0016773434,4
TRMT11,36,0.0016769981,0.0005589993,12
DCAF5,6,0.0016756539,0.0005585513,2
LILRB5,65,0.0016756399,0.000335128,13
PDE1A,81,0.0016755322,6.205675e-05,3
BRMS1L,4,0.0016755164,0.0016755164,4
ZNF485,6,0.0016751903,0.0005583968,2
PRPF31,5,0.0016750268,0.00033500537,1
SIGLEC14,4,0.0016748282,0.00041870706,1
CATSPER3,3,0.0016735415,0.00055784715,1
ZNF544,4,0.0016729785,0.00041824463,1
DNAH17,3,0.0016715261,0.0005571754,1
HERC6,4,0.0016693462,0.00041733656,1
RHOD,9,0.001669184,0.00018546489,1
SAR1A,4,0.0016674134,0.00041685335,1
KRT86,4,0.0016672541,0.00083362707,2
TNFRSF10D,17,0.0016660134,9.800079e-05,1
ALPK1,6,0.0016606968,0.0005535656,2
SATB2,377,0.0016604319,0.00012772552,29
CRMP1,5,0.0016552662,0.00033105322,1
SH3GLB1,4,0.0016544213,0.00041360533,1
SSPOP,8,0.0016536484,0.0004134121,2
CCL23,84,0.0016530174,0.00013775144,7
SPATA5,1,0.001652637,0.001652637,1
TRIM2,20,0.0016524848,0.0004131212,5
OR2J3,24,0.0016519361,0.00041298402,6
SHANK1,6,0.0016516814,0.00027528024,1
CFAP410,1,0.001650775,0.001650775,1
SLC26A7,18,0.0016492587,0.00027487645,3
PEX5L,2,0.0016487038,0.0016487038,2
CARD6,6,0.0016453607,0.00082268036,3
ZIC1,2,0.0016426453,0.00082132267,1
PON2,7,0.0016421357,0.00023459081,1
CDH7,112,0.0016416977,0.00023452824,16
ARFGEF2,14,0.0016392968,0.00023418525,2
UGT1A4,76,0.0016390175,4.3132037e-05,2
MCUB,3,0.0016372945,0.00054576487,1
MAGI3,32,0.0016363414,0.0016363414,32
GPR25,44,0.0016342894,0.00014857175,4
DEPTOR,30,0.0016333265,0.00016333266,3
HNF4G,24,0.0016325474,0.00027209125,4
COTL1,27,0.0016320702,0.0005440234,9
TRIP11,11,0.0016290768,0.00014809788,1
PTPRH,11,0.0016259761,0.0016259761,11
CCDC124,1,0.001624675,0.001624675,1
CDC42EP3,20,0.0016220215,0.00016220217,2
ATP8A2,3,0.0016206955,0.0005402318,1
NMRK1,6,0.0016183793,0.00026972988,1
TMEM38B,5,0.0016179467,0.0016179467,5
ZNF717,20,0.0016159182,0.00040397956,5
ADAMTS6,8,0.0016130183,0.00040325458,2
DDX18,15,0.0016128215,0.0016128215,15
SIPA1L2,4,0.001612536,0.001612536,4
ST8SIA1,14,0.0016124921,0.00011517801,1
HS3ST3A1,90,0.0016116286,0.00017906984,10
LRRFIP2,2,0.0016110769,0.00080553844,1
MPP7,50,0.001609727,0.0001609727,5
PPFIA4,10,0.0016045143,0.00016045143,1
PSMA6,1518,0.0016032477,4.858326e-05,46
ZNF792,4,0.0016006383,0.00040015957,1
ARHGAP5,62,0.0016001742,5.1618525e-05,2
TMX3,12,0.001599263,0.00039981576,3
CDKAL1,20,0.0015974704,0.0015974704,20
C8orf37,1,0.0015969551,0.0015969551,1
EEF1A2,18,0.0015816876,0.00017574307,2
ESM1,5,0.0015808523,0.0015808523,5
PRDM6,3,0.001579356,0.001579356,3
MGAT5B,2,0.0015790513,0.0007895256,1
IFT46,6,0.0015790146,0.0002631691,1
HS3ST2,27,0.0015758771,0.00017509745,3
TWSG1,2,0.0015723702,0.0015723702,2
OR2G2,3,0.0015719715,0.0005239905,1
FAM120B,24,0.001571325,0.000523775,8
IGFBP2,5,0.0015712876,0.00031425752,1
CD69,36,0.0015697366,0.0015697366,36
SAG,18,0.0015653676,0.00026089462,3
ATG3,8,0.0015625458,0.00019531822,1
POP1,5,0.0015625427,0.00031250855,1
NEK1,4,0.0015625124,0.0015625124,4
MANEA,15,0.0015615243,0.0003123049,3
OR6S1,12,0.0015603817,0.00052012724,4
LMO2,24,0.0015591696,0.0002598616,4
UBE2Q1,5,0.0015541938,0.00031083875,1
OSTF1,30,0.0015527457,0.00051758194,10
C1D,4,0.0015519713,0.0015519713,4
NRXN3,40,0.0015519501,0.00031039002,8
ZNF226,4,0.0015518937,0.0003879734,1
COL22A1,80,0.0015494104,0.00030988207,16
PLOD3,7,0.0015488496,0.00022126423,1
INSIG2,4,0.001548734,0.001548734,4
NECTIN1,10,0.0015479717,0.00015479718,1
CDCA7,4,0.0015475071,0.0015475071,4
AFAP1L2,1,0.0015474596,0.0015474596,1
RBM5,5,0.001547099,0.0003094198,1
LDB2,22,0.0015468362,0.0007734181,11
ETV5,16,0.001544983,0.00019312288,2
CDK14,5,0.0015440313,0.0015440313,5
PTGFRN,14,0.0015404187,0.0015404187,14
ZNF14,15,0.0015339992,0.00030679983,3
TRIM29,20,0.0015339679,0.0003067936,4
IKZF3,8,0.0015315084,0.0007657542,4
TENT4B,2,0.0015312865,0.0015312865,2
UTP11,8,0.0015308994,0.00038272486,2
SPINK5,9,0.0015266851,0.0005088951,3
CEP295,2,0.0015261554,0.0015261554,2
FBXO31,7,0.0015243184,0.00021775976,1
LMO7,8,0.0015224083,0.00019030104,1
RASSF6,2,0.001520692,0.000760346,1
DPH1,8,0.0015189701,0.00037974253,2
CLEC16A,45,0.0015179645,0.0015179645,45
KARS1,11,0.0015163982,0.00013785438,1
IL22RA2,70,0.0015151661,0.00021645232,10
CYB5R3,12,0.001514469,0.00012620575,1
NECAP1,6,0.0015121712,0.00025202855,1
GRID1,2,0.0015102699,0.00075513497,1
CTU2,4,0.0015085097,0.00037712744,1
APOA5,27,0.001505056,0.00016722844,3
OR6C1,3,0.0015021479,0.000500716,1
SFTPD,18,0.0015004346,0.00025007242,3
ZDHHC17,1,0.0014997021,0.0014997021,1
TNFRSF13B,10,0.0014939958,0.00014939958,1
DAB1,8,0.0014910348,0.00018637934,1
FGD5,6,0.0014900635,0.00024834392,1
SNX9,14,0.0014900502,0.00021286431,2
RPL39L,69,0.00148878,6.472956e-05,3
DAPK2,8,0.0014887745,0.00018609682,1
LOXL4,6,0.0014881485,0.00024802473,1
PKD2,10,0.0014880415,0.00029760832,2
P2RY1,209,0.0014875076,7.828987e-05,11
TBC1D32,6,0.0014874575,0.0014874575,6
RIPK3,31,0.0014860593,4.7937396e-05,1
CPLANE1,3,0.0014856383,0.0004952128,1
DAG1,92,0.0014841242,6.4527136e-05,4
SMARCC2,32,0.0014831442,9.2696515e-05,2
RPSA,32,0.0014810018,4.6281308e-05,1
ATG4C,20,0.0014781072,0.0003695268,5
TP53AIP1,28,0.0014747994,0.00010534281,2
OR56B1,3,0.0014744313,0.0004914771,1
RORB,6,0.0014727118,0.00024545196,1
DCAF17,12,0.0014722735,0.00036806837,3
FTO,4,0.0014719905,0.00036799762,1
GPR75-ASB3,21,0.0014707102,0.00021010144,3
ATXN3,12,0.0014674304,0.00012228587,1
SLC6A20,74,0.0014657665,3.961531e-05,2
NCAM2,12,0.0014651874,0.0007325937,6
GBP4,5,0.0014649751,0.000292995,1
KIF26B,8,0.00146462,0.0001830775,1
VIL1,10,0.0014633711,0.00073168555,5
SERPINE2,8,0.0014588034,0.00036470086,2
BACE1,6,0.0014571205,0.00024285342,1
NDST4,27,0.0014569894,0.00016188771,3
TRIM22,10,0.0014542092,0.00029084185,2
ICAM3,44,0.0014535843,0.00013214402,4
PLEKHG6,35,0.0014531033,0.00020758618,5
PCBD2,3,0.0014480012,0.0004826671,1
TRPV1,10,0.0014472159,0.00014472159,1
ST6GAL1,72,0.0014461582,6.0256596e-05,3
MME,36,0.0014452408,0.000120436736,3
TUB,2,0.0014451679,0.00072258397,1
LIG3,15,0.0014430122,9.620081e-05,1
SERBP1,24,0.0014408288,0.0014408288,24
ARHGAP18,24,0.0014403353,0.00024005589,4
GPR63,5,0.0014388438,0.0014388438,5
DEAF1,4,0.0014369998,0.0014369998,4
VASH1,3,0.0014362264,0.00047874215,1
USP37,4,0.0014346759,0.00035866897,1
KCNN4,7,0.0014299024,0.00020427177,1
RUVBL2,8,0.00142982,0.0001787275,1
GFOD1,10,0.0014294569,0.00028589138,2
S100B,7,0.0014291847,0.00020416924,1
COL23A1,12,0.0014287513,0.000119062606,1
SBSPON,4,0.001428453,0.00035711325,1
RHOBTB1,7,0.0014284179,0.00020405969,1
NPSR1,14,0.0014274594,0.000101961385,1
RSPH4A,1,0.0014244382,0.0014244382,1
SIGLEC12,36,0.0014228653,0.00047428848,12
TRIM6,4,0.0014210772,0.0003552693,1
MINK1,5,0.0014210291,0.00028420583,1
LRAT,16,0.001420778,8.8798624e-05,1
MATR3,2,0.0014199527,0.00070997636,1
AHI1,6,0.0014192668,0.00023654447,1
OR52B4,1,0.0014157803,0.0014157803,1
DOCK5,60,0.0014155413,0.00014155412,6
ZNF112,4,0.0014146324,0.0003536581,1
MPDZ,4,0.0014144606,0.0014144606,4
KIAA0586,2,0.001414308,0.000707154,1
STARD10,10,0.0014141875,0.00028283749,2
EPM2A,8,0.0014132597,0.0003533149,2
SLITRK1,33,0.0014108089,0.00047026965,11
TRMT10A,6,0.0014102246,0.00047007485,2
FBXW7,114,0.0014089233,3.707693e-05,3
SDR16C5,14,0.0014080551,0.00020115072,2
CADM2,20,0.0014038085,0.00028076168,4
OR12D1,6,0.0014000386,0.0014000386,6
ETF1,9,0.0013996101,0.00015551223,1
LMX1A,7,0.0013963177,0.0013963177,7
CALCRL,119,0.0013961961,8.212918e-05,7
CMAS,28,0.0013928043,9.948602e-05,2
TMPRSS4,2,0.0013906813,0.0006953406,1
OAT,21,0.0013897052,6.617644e-05,1
HSPH1,22,0.0013888753,0.0001262614,2
BRDT,10,0.0013859203,0.0013859203,10
PRKD2,10,0.0013822982,0.00013822982,1
ENPP2,36,0.0013820144,0.00023033575,6
SEMA3B,2,0.0013817612,0.0006908806,1
WDPCP,2,0.0013815735,0.00069078675,1
PRM3,2,0.0013776538,0.0013776538,2
SSB,1,0.0013754864,0.0013754864,1
CD6,32,0.0013711707,0.0013711707,32
CSGALNACT1,33,0.0013702832,0.00012457119,3
ISL1,36,0.0013700107,0.00015222341,4
ATXN1,3,0.0013691818,0.00045639393,1
KRT2,4,0.0013688476,0.0006844238,2
CDC14A,10,0.0013687097,0.00013687098,1
NT5M,60,0.0013683314,0.00011402762,5
DYNC2H1,66,0.0013677209,0.00012433827,6
PBX3,24,0.001367197,0.00045573237,8
ADGRL4,10,0.0013650911,0.0013650911,10
PEBP1,12,0.0013644198,0.00011370165,1
BEGAIN,3,0.0013632181,0.00045440602,1
SLC25A21,4,0.0013624504,0.0003406126,1
KCNJ1,12,0.0013577155,0.00022628592,2
TBX21,33,0.0013566253,0.00012332956,3
NR5A2,48,0.0013555434,0.00011296195,4
EGR3,12,0.0013538217,0.000112818474,1
ARMC9,2,0.0013520055,0.00067600276,1
NAA20,1,0.0013513478,0.0013513478,1
XYLB,4,0.0013507813,0.00033769532,1
UHMK1,15,0.0013489564,0.00026979126,3
UGT1A6,108,0.0013484583,3.745718e-05,3
INS-IGF2,4,0.0013472786,0.0006736393,2
STC1,2,0.0013468496,0.0013468496,2
DPPA3,2,0.0013453492,0.0013453492,2
DDX42,6,0.0013453393,0.00022422323,1
ATG9B,4,0.0013447583,0.00033618958,1
KHDRBS3,36,0.0013441137,0.00033602843,9
ZNF202,3,0.0013421603,0.00044738676,1
KIF12,8,0.0013419158,0.00016773948,1
ABCA12,12,0.0013393812,0.0003348453,3
MIR34AHG,2,0.0013390579,0.00066952896,1
NTSR1,72,0.001338598,0.00011154984,6
SOX17,36,0.0013371262,0.00011142719,3
ANO9,6,0.0013370388,0.00044567965,2
POLR3B,15,0.0013349276,8.899518e-05,1
DENND2B,4,0.0013347624,0.0003336906,1
EMSY,33,0.0013345146,0.0013345146,33
GORAB,1,0.0013313738,0.0013313738,1
MRPS33,6,0.0013293844,0.00022156407,1
REV3L,30,0.0013240576,0.00013240575,3
ACOT6,10,0.0013234067,0.00013234068,1
SHANK2,132,0.0013183083,0.00032957707,33
TTLL11,3,0.0013168368,0.0004389456,1
LRRC1,10,0.0013117725,0.0002623545,2
ZNF682,8,0.0013113106,0.00032782764,2
FBLL1,2,0.0013084809,0.0013084809,2
SDK2,8,0.0013066779,0.00032666948,2
BRD2,78,0.0013056786,0.00021761308,13
ST8SIA4,120,0.0013045988,0.00010871656,10
NLRP7,28,0.001304516,0.000652258,14
TREML2,3,0.0013038346,0.00043461155,1
LILRA4,80,0.001303629,0.00026072582,16
RGMB,12,0.001302928,0.00021715468,2
MIR181D,4,0.0013012893,0.00032532233,1
KLF10,2,0.001301017,0.0006505085,1
NIPAL3,2,0.0012998587,0.00064992934,1
TECTB,6,0.0012996751,0.00043322504,2
AREL1,4,0.0012986525,0.00032466312,1
TUT7,33,0.0012959004,0.0004319668,11
CRB1,5,0.0012923672,0.0012923672,5
USP45,4,0.0012885478,0.00032213694,1
ARHGAP27,24,0.0012847616,0.00021412694,4
MIR495,1,0.0012810177,0.0012810177,1
BTN1A1,6,0.001280144,0.00042671466,2
ARL4A,7,0.001278611,0.001278611,7
NAPRT,10,0.0012782441,0.0001278244,1
ZIC2,4,0.0012772571,0.00031931428,1
HHLA1,1,0.0012768602,0.0012768602,1
ITGB2,44,0.0012749499,2.8976134e-05,1
MON1B,12,0.0012734708,0.0003183677,3
MICB,45,0.0012727189,0.0002545438,9
PKIG,4,0.0012698108,0.0006349054,2
PLSCR1,2,0.0012691377,0.00063456886,1
PALB2,13,0.0012689022,9.760786e-05,1
SFPQ,13,0.0012686499,9.7588454e-05,1
AP4E1,6,0.001268337,0.0002113895,1
ABHD16A,2,0.0012668291,0.0012668291,2
GGA2,7,0.0012663963,0.00018091375,1
ROS1,3,0.0012659432,0.00042198107,1
RHOBTB2,8,0.0012642401,0.00015803002,1
SLC26A9,12,0.0012631656,0.00021052759,2
CLIC5,16,0.0012607351,0.00031518377,4
COL13A1,28,0.0012606202,0.0001800886,4
TMC1,8,0.0012601555,0.00031503887,2
TRIM71,49,0.0012595799,0.00017993999,7
KLF3,4,0.0012593935,0.0012593935,4
SMIM20,33,0.0012588794,0.0012588794,33
KCNQ5,25,0.0012588592,0.00025177182,5
ABI1,33,0.001258717,3.814294e-05,1
SELENOP,14,0.0012582315,0.00017974735,2
CLDN17,10,0.001257947,0.0001257947,1
NAT2,30,0.001257732,0.00012577321,3
CR1L,14,0.001249702,0.00017852886,2
HTD2,24,0.0012488457,0.00015610571,3
VPS25,4,0.0012441434,0.00031103584,1
ATP12A,5,0.0012440162,0.00024880323,1
ANTXR1,21,0.0012437933,0.00017768475,3
MSTN,18,0.0012428338,6.904632e-05,1
ALDH1A3,11,0.001239831,0.00011271191,1
USP46,8,0.0012394325,0.00030985812,2
KBTBD8,49,0.0012376624,0.0001768089,7
ICA1,3,0.0012342302,0.0012342302,3
TBCE,3,0.0012338222,0.00041127406,1
CIT,24,0.0012334094,0.00010278412,2
RP1L1,4,0.0012332331,0.0012332331,4
HELZ2,45,0.0012329355,0.00013699282,5
ARHGAP8,28,0.0012318427,4.399438e-05,1
OSBPL3,20,0.0012311733,0.00024623467,4
UNC5C,14,0.0012307271,0.00017581816,2
LCE3B,9,0.0012307223,0.00041024075,3
GPR1,1,0.0012303753,0.0012303753,1
IFNLR1,33,0.0012300037,0.00011181852,3
ZNF704,18,0.001229059,0.00040968633,6
BEAN1,2,0.0012284088,0.0012284088,2
TOM1L1,5,0.0012277963,0.0012277963,5
ADGRF5,1,0.0012271826,0.0012271826,1
ACBD3,15,0.001226928,0.0002453856,3
UGT3A2,36,0.0012247162,0.00030617905,9
ZNF746,4,0.0012224357,0.00030560893,1
SIX3,1,0.0012199043,0.0012199043,1
GAL3ST2,1,0.0012187285,0.0012187285,1
CTC1,7,0.0012166235,0.00017380335,1
METTL7A,3,0.001214537,0.00040484566,1
MDGA1,9,0.0012108252,0.0004036084,3
CHMP6,18,0.0012103791,6.724328e-05,1
PUS1,5,0.0012100157,0.00024200315,1
MAS1,12,0.001209224,0.00020153733,2
TRPM1,10,0.0012084098,0.00024168195,2
CLDN14,10,0.0012084004,0.000120840035,1
IGFBP7,11,0.00120534,0.000109576366,1
SDR9C7,3,0.0012052623,0.00040175408,1
LIF,28,0.0012042572,4.3009186e-05,1
KCNE4,8,0.0012024585,0.00030061463,2
PNLIPRP3,5,0.0012024521,0.00024049042,1
PTPN21,1,0.0012001288,0.0012001288,1
NKX2-5,16,0.0011999642,0.00014999553,2
TSPAN8,3,0.0011993026,0.0011993026,3
NRROS,4,0.0011982691,0.00059913454,2
XXYLT1,1,0.0011979976,0.0011979976,1
ACAP2,2,0.0011979697,0.0005989848,1
ROBO1,45,0.0011953559,7.96904e-05,3
GZMB,78,0.0011941064,4.5927172e-05,3
MED13,24,0.0011937661,0.00019896102,4
KCNJ10,15,0.0011935546,7.957031e-05,1
TRIM5,6,0.0011930801,0.00019884668,1
DCP1B,18,0.0011927813,0.00019879687,3
USP43,4,0.0011926492,0.0002981623,1
PLA1A,9,0.001192244,0.00013247156,1
AASS,15,0.0011920327,7.9468846e-05,1
SEMA6A,28,0.0011919774,0.0001702825,4
MBP,12,0.00119102,0.00019850335,2
SERPINB9,3,0.0011902706,0.0003967569,1
FBXL20,7,0.0011897564,0.0001699652,1
NPBWR1,45,0.0011877839,0.00013197599,5
CCT6B,40,0.0011851039,0.00011851039,4
SMU1,1,0.0011842888,0.0011842888,1
STAP1,2,0.0011830868,0.0005915434,1
ARHGAP39,19,0.0011826121,6.224275e-05,1
SIGLEC1,4,0.0011818364,0.0002954591,1
RNU6-1,6,0.001176608,0.000588304,3
GPRC5A,6,0.0011738824,0.0005869412,3
MMRN1,8,0.0011723739,0.00029309347,2
RASSF5,12,0.0011719255,9.766046e-05,1
UNC5D,6,0.0011715653,0.00019526087,1
ZNF347,4,0.0011652187,0.00029130466,1
ZP2,4,0.0011633039,0.00029082596,1
USP34,7,0.0011631171,0.00016615959,1
PLPP3,19,0.0011613438,6.1123355e-05,1
SLC26A8,2,0.0011606936,0.0011606936,2
OPN5,14,0.0011606328,0.00016580468,2
MST1R,28,0.0011580203,0.00016543148,4
SLC4A10,4,0.0011574241,0.00028935602,1
PRRC2C,1,0.0011569911,0.0011569911,1
NTNG1,6,0.0011565763,0.00019276272,1
SLC43A2,8,0.0011554067,0.00014442584,1
APOBEC3A_B,1,0.0011549375,0.0011549375,1
SLC9A9,24,0.0011545225,0.00028863063,6
LHX2,48,0.0011542892,0.00019238154,8
ARIH2,5,0.0011520964,0.00023041929,1
TAX1BP1,10,0.0011519438,0.00011519438,1
PRUNE1,1,0.0011511326,0.0011511326,1
MED26,5,0.0011480032,0.00022960063,1
RBBP6,40,0.0011448753,0.00011448753,4
GRXCR1,24,0.0011433241,0.00028583102,6
HIC1,8,0.0011428344,0.0001428543,1
UNC13C,22,0.0011425122,0.0005712561,11
HS3ST3B1,72,0.0011424135,0.00012693483,8
NIPAL2,8,0.0011423015,0.00057115074,4
FMO6P,2,0.0011379379,0.00056896894,1
PELP1,9,0.0011358259,0.00012620288,1
FCAR,15,0.0011353771,0.0002270754,3
ADAMTS2,16,0.0011346735,0.00014183419,2
SLCO2A1,5,0.0011343849,0.00022687697,1
ADAMTS1,36,0.0011343029,0.00012603367,4
ZNF181,1,0.0011332097,0.0011332097,1
CHMP1A,6,0.0011318866,0.00018864777,1
MFSD4B,21,0.0011309305,0.00037697682,7
KDM5A,3,0.0011287847,0.00037626157,1
ATXN8OS,6,0.0011287548,0.0011287548,6
SLC7A8,38,0.0011265618,2.9646362e-05,1
CCDC88C,5,0.001121686,0.00022433719,1
CSNK1A1L,54,0.0011201011,6.222783e-05,3
BACE2,1,0.0011200854,0.0011200854,1
ZIC5,2,0.0011191822,0.0005595911,1
SLC44A2,13,0.0011184083,8.60314e-05,1
CAST,24,0.0011170754,0.00018617924,4
REXO2,22,0.0011144049,0.0011144049,22
ZP3,4,0.0011130269,0.00027825672,1
PELO,8,0.0011119238,0.0005559619,4
PGAP1,15,0.0011113357,0.00022226716,3
NFIA,3,0.0011107255,0.0011107255,3
VTI1A,18,0.0011106313,0.00018510521,3
FOXQ1,8,0.0011090108,0.0005545054,4
RABEP1,15,0.0011088486,0.00022176972,3
CAPZA2,20,0.0011088079,5.5440392e-05,1
LHX3,10,0.0011080496,0.00022160994,2
ADIPOR1,10,0.0011059819,0.00011059819,1
SLC5A10,14,0.0011054205,0.00015791721,2
GPR85,3,0.0011035656,0.0011035656,3
HNF4A,112,0.0011002135,7.858668e-05,8
SLC23A1,6,0.0010997761,0.00018329603,1
PSTK,7,0.0010997005,0.00015710006,1
LMAN2,10,0.0010966228,0.00010966228,1
MYO5C,1,0.0010941301,0.0010941301,1
COLEC12,14,0.001091479,0.00015592556,2
ICAM1,138,0.0010906938,2.3710736e-05,3
FBXW10,20,0.0010902976,0.00010902976,2
DOT1L,7,0.0010885857,0.00015551224,1
TRIM36,4,0.0010879226,0.00027198065,1
RIIAD1,1,0.0010847603,0.0010847603,1
ONECUT1,36,0.0010839592,0.0002709898,9
ATP10B,90,0.0010839005,0.00036130013,30
PPP1R3A,8,0.0010757463,0.00026893656,2
FUT9,44,0.0010751592,9.774174e-05,4
HSF2,8,0.0010748463,0.0010748463,8
DHTKD1,19,0.0010746798,5.6562094e-05,1
HECW1,4,0.0010744142,0.00026860356,1
TRPM3,12,0.0010734949,0.00026837373,3
PATJ,7,0.0010732425,0.00015332036,1
STEAP4,6,0.0010729954,0.0005364977,3
OR13D1,3,0.0010729751,0.00035765837,1
STYK1,2,0.001071957,0.001071957,2
PLPPR1,25,0.0010715723,0.00021431444,5
SNRPC,48,0.0010710023,0.00017850038,8
MTMR7,9,0.0010682328,0.00011869254,1
NFKBIZ,15,0.0010682264,0.00035607547,5
MBD6,4,0.0010669085,0.00026672712,1
RAB5B,21,0.0010667988,5.0799943e-05,1
MRPS10,7,0.0010663354,0.00015233363,1
CD200,4,0.0010616757,0.00026541893,1
FCRL3,4,0.0010603064,0.0010603064,4
HEPHL1,1,0.0010588296,0.0010588296,1
NPAP1,3,0.0010578999,0.0010578999,3
TAF11,21,0.0010564347,5.0306415e-05,1
EEF2KMT,24,0.0010562383,0.00035207943,8
DOCK3,11,0.0010558867,9.59897e-05,1
RAB3GAP2,8,0.0010553253,0.00013191566,1
RAG1,6,0.0010547305,0.00017578842,1
LILRA5,55,0.001048875,0.00020977501,11
MEX3B,4,0.0010474784,0.0010474784,4
RGCC,7,0.001043713,0.00014910185,1
RCL1,105,0.0010436431,0.00020872861,21
C15orf39,1,0.0010433637,0.0010433637,1
UBASH3B,10,0.0010403603,0.00052018015,5
OR12D3,52,0.001039626,0.0002599065,13
VPS29,6,0.0010395566,0.00017325942,1
EPSTI1,6,0.0010386616,0.00017311027,1
HYLS1,1,0.0010378921,0.0010378921,1
SEC16A,9,0.0010378473,0.00011531636,1
SLC15A1,15,0.0010378392,0.00020756786,3
KIF21B,16,0.0010373234,0.00012966542,2
TMED3,11,0.00103594,9.4176365e-05,1
ASIC2,20,0.0010349897,0.00020699794,4
OR5K4,6,0.0010344562,0.00034481872,2
EPS8L1,8,0.0010328514,0.0010328514,8
MYOCD,2,0.0010279486,0.0005139743,1
WHRN,10,0.0010268718,0.00020537437,2
ZNF169,4,0.0010258309,0.00025645772,1
ZFAND5,2,0.0010229169,0.00051145843,1
FBXO9,14,0.0010218906,0.00014598436,2
GAP43,28,0.0010218483,0.00014597832,4
NPBWR2,18,0.0010215783,0.00011350871,2
NLRP2,8,0.0010211965,0.0010211965,8
MSR1,85,0.0010201094,0.00020402188,17
PLEKHA6,6,0.0010195915,0.00016993191,1
LDLRAD4,2,0.0010179828,0.0010179828,2
NDUFA5,25,0.0010166158,4.0664632e-05,1
RPRM,14,0.0010151004,0.0005075502,7
TDRD9,6,0.0010131155,0.00033770516,2
DNAJC5,8,0.0010124429,0.00012655536,1
CCL7,44,0.0010121124,9.201022e-05,4
PMP22,6,0.0010115671,0.00016859452,1
OTUD7A,20,0.0010093546,0.00020187093,4
TSEN34,4,0.001009037,0.00025225925,1
CD226,4,0.0010080349,0.00025200873,1
OR51Q1,3,0.0010024708,0.00033415694,1
SHBG,1,0.0010017608,0.0010017608,1
MAS1L,24,0.0010015187,0.00050075934,12
H19,9,0.0010006771,0.00033355903,3
PRDM14,12,0.001000601,0.00033353368,4
ARID1B,48,0.0009999807,8.333173e-05,4
NTM,18,0.0009990971,0.00033303234,6
LYPD2,3,0.0009988842,0.0003329614,1
MIR187,4,0.0009988616,0.0009988616,4
TLN2,7,0.0009975331,0.00014250472,1
ATF5,5,0.0009960111,0.00019920222,1
DOK6,30,0.0009944863,0.00019889725,6
PIGT,12,0.0009938682,0.0001656447,2
PPA1,7,0.0009932831,0.00014189759,1
B3GALT5,7,0.0009931386,0.00014187695,1
DCD,9,0.000992322,0.000330774,3
TAF1A,11,0.0009915511,9.014101e-05,1
CNTN3,18,0.0009915413,0.00033051378,6
PRRG4,4,0.0009905281,0.0004952641,2
CENPX,8,0.000989897,0.00012373712,1
SPNS1,2,0.0009894375,0.0009894375,2
CARD18,3,0.0009892058,0.0009892058,3
MYO5B,1,0.0009886757,0.0009886757,1
ASIC4,1,0.0009885799,0.0009885799,1
KLF13,5,0.0009878863,0.0009878863,5
MED25,5,0.0009868675,0.00019737349,1
ITGA8,52,0.0009858321,3.7916616e-05,2
FMN1,2,0.0009842054,0.0009842054,2
U2SURP,10,0.000983885,0.00019677702,2
GALNT17,40,0.0009830107,0.00012287634,5
TBX19,1,0.0009818281,0.0009818281,1
ARHGEF10,17,0.0009798857,5.7640336e-05,1
EGLN3,52,0.0009795325,7.534865e-05,4
OR7A17,5,0.0009794384,0.00019588768,1
HDAC11,60,0.0009793488,4.896744e-05,3
TMEM17,267,0.0009779129,0.000325971,89
SIGIRR,6,0.0009772441,0.00016287401,1
TOMM7,8,0.000975006,0.00012187575,1
IER3,42,0.000974359,0.00013919415,6
CCL16,44,0.0009738791,8.853446e-05,4
SPOCK1,5,0.0009713064,0.0009713064,5
COMMD6,3,0.0009700022,0.00032333407,1
GFPT2,26,0.0009675976,7.443059e-05,2
LILRA6,15,0.00096669904,0.00019333982,3
OPCML,9,0.0009656045,0.00032186814,3
LINC00885,3,0.0009655422,0.0009655422,3
UFL1,4,0.0009636671,0.00024091678,1
PDLIM5,20,0.00096352614,0.00024088153,5
GALNS,7,0.0009631634,0.00013759478,1
CPEB1,3,0.0009630591,0.0003210197,1
HIP1,7,0.0009627825,0.00013754035,1
AK9,10,0.000961268,0.00019225359,2
NUDT3,4,0.0009601449,0.00024003623,1
ICOSLG,210,0.0009597226,0.00015995378,35
SNRNP70,8,0.00095927645,0.00011990956,1
PTPN7,11,0.00095881446,8.716495e-05,1
ADGRL3,4,0.00095529825,0.00047764913,2
OR6P1,3,0.00095440826,0.0003181361,1
HMG20B,9,0.0009526652,0.000105851694,1
CRTC1,4,0.00095167826,0.00023791956,1
EVI5,3,0.00095107924,0.00095107924,3
LTBP2,8,0.0009497352,0.0002374338,2
PCSK6,13,0.00094760815,7.289294e-05,1
PRKD3,16,0.0009435158,0.000117939475,2
ARID1A,15,0.00093968905,6.264594e-05,1
RAP2B,20,0.0009394381,0.00023485953,5
CLYBL,1,0.0009385892,0.0009385892,1
KIRREL3,3,0.0009376793,0.00031255977,1
MTSS1,9,0.00093527976,0.0003117599,3
GRIK4,24,0.0009349763,0.00011687204,3
GSDME,3,0.00093463913,0.00031154638,1
SETMAR,4,0.0009342693,0.00046713464,2
INHBE,22,0.0009337984,8.4890766e-05,2
SYNE2,3,0.0009328267,0.00031094224,1
FRAS1,2,0.00093195855,0.00046597928,1
GLI1,19,0.00092901615,4.889559e-05,1
POGLUT1,10,0.0009275553,0.00018551106,2
ADAM30,3,0.0009270929,0.00030903096,1
CCL18,40,0.00092402677,0.00023100669,10
ZNF738,3,0.00092370517,0.00030790173,1
OAZ2,4,0.00092216785,0.00023054196,1
NRGN,6,0.00092063396,0.00015343899,1
HLX,6,0.0009190889,0.00030636298,2
FCER1A,8,0.0009158405,0.00011448006,1
HACD1,21,0.0009143685,0.00013062406,3
JDP2,6,0.00091318786,0.00091318786,6
CUBN,14,0.00091306434,6.521888e-05,1
DNMT1,58,0.00091292005,3.148e-05,2
ZNF224,4,0.0009121618,0.00022804044,1
PAPPA2,2,0.0009100449,0.00045502244,1
MGST2,46,0.00090995687,3.9563343e-05,2
ACO2,29,0.00090758456,3.129602e-05,1
ACOD1,2,0.0009062623,0.0009062623,2
KIF24,3,0.0009057544,0.00030191813,1
PNKD,2,0.0009049054,0.0009049054,2
FRMD1,8,0.0009029083,0.00045145414,4
DEF6,22,0.00090273784,8.2067076e-05,2
BUB1,27,0.0008993217,3.330821e-05,1
NCALD,7,0.0008980003,0.00012828576,1
NOL6,5,0.0008979507,0.00017959015,1
EIF5A2,10,0.00089422957,0.00017884592,2
P2RX7,18,0.00089383445,4.965747e-05,1
NEUROG3,8,0.00089137116,0.00044568558,4
NCOA7,2,0.0008911909,0.00044559545,1
CDS1,11,0.00088857394,8.077945e-05,1
ACTL6A,21,0.00088669406,4.2223528e-05,1
FEM1C,6,0.00088594813,0.00029531604,2
PDE6D,14,0.00088336895,6.309778e-05,1
NSFL1C,18,0.0008826076,0.00014710125,3
DHDH,3,0.0008826012,0.0002942004,1
TBCC,3,0.0008813964,0.0002937988,1
OR10G3,3,0.0008797442,0.00029324807,1
TTC23,1,0.00087945524,0.00087945524,1
PTPRE,4,0.00087886,0.00043943,2
ERI1,4,0.00087826676,0.00087826676,4
PRTG,2,0.0008769585,0.0008769585,2
UGT1A7,75,0.0008760186,3.5040746e-05,3
PTGER3,19,0.0008752099,4.606368e-05,1
PPP2R3C,9,0.00087514636,9.723849e-05,1
RCAN1,8,0.00087379024,0.00010922378,1
IKZF1,86,0.00087284175,0.00043642087,43
GRHL2,4,0.00087269297,0.00087269297,4
LZTFL1,21,0.0008707717,0.00012439596,3
AQP12A,27,0.0008673265,0.00028910884,9
FMOD,8,0.0008672363,0.000108404536,1
ADD3,8,0.00086519914,0.00010814989,1
USP4,4,0.0008627998,0.00021569995,1
ABCC12,1,0.0008627844,0.0008627844,1
DHX16,6,0.00086168025,0.00014361338,1
TAOK3,11,0.00086165813,7.833256e-05,1
LRP1,19,0.00086006336,4.5266494e-05,1
TNFSF12,8,0.0008597656,0.0001074707,1
ANXA5,49,0.0008596854,0.0001228122,7
LCE2D,3,0.00085903204,0.000286344,1
SLC9C2,3,0.0008583964,0.00028613213,1
CD70,10,0.0008560436,0.00017120873,2
ZNF230,4,0.00085598946,0.00021399737,1
TOX2,3,0.0008547423,0.0008547423,3
VIP,100,0.00085376325,3.415053e-05,4
SI,14,0.0008513756,6.081254e-05,1
APOBR,12,0.00085112086,0.00021278021,3
PER3,3,0.0008493852,0.0002831284,1
USP25,120,0.0008488725,0.0001697745,24
B3GALT1,7,0.00084875594,0.00012125085,1
PHOX2B,6,0.0008480777,0.00042403885,3
HSD17B2,11,0.0008468301,7.698455e-05,1
LGI1,4,0.0008467889,0.00042339446,2
TRAM1,20,0.00084495393,0.00016899078,4
PRDM16,9,0.0008442627,9.380697e-05,1
PROKR2,9,0.00084369717,9.374413e-05,1
ZNF101,12,0.0008421427,0.00021053567,3
OR2T3,3,0.00083826936,0.0002794231,1
IFI30,35,0.00083749695,0.00011964243,5
PDLIM1,1,0.00083642406,0.00083642406,1
UQCC2,3,0.0008363071,0.0008363071,3
PXDN,5,0.00083101785,0.00016620356,1
ZNF703,9,0.00083066174,0.00027688724,3
DDX47,8,0.0008282651,0.00020706627,2
CRHR1,20,0.00082454307,4.1227155e-05,1
FOXM1,11,0.0008245324,7.495749e-05,1
SORBS3,2,0.00082376425,0.00041188212,1
C8orf44-SGK3,3,0.00082374073,0.00027458023,1
GBGT1,1,0.000822653,0.000822653,1
BRSK1,1,0.0008223232,0.0008223232,1
KIR3DX1,29,0.0008205699,0.0008205699,29
ARHGAP28,5,0.00082039286,0.00016407858,1
C19orf12,2,0.00081975886,0.00081975886,2
CAPG,1,0.0008190518,0.0008190518,1
TRPM5,5,0.00081886625,0.00016377325,1
PTX3,6,0.0008187641,0.00013646069,1
UNC13A,6,0.00081710966,0.00027236989,2
NLRP12,2,0.00081674894,0.00040837447,1
ZNF776,3,0.000816648,0.000272216,1
SEPTIN8,15,0.00081412523,0.00027137506,5
NUDT5,24,0.00081310654,3.3879438e-05,1
TNFSF8,85,0.00081228395,0.00016245678,17
KCNN3,5,0.00081161817,0.00016232363,1
FBLN1,15,0.00080810004,0.0002693667,5
LRIG2,1,0.0008079536,0.0008079536,1
CHCHD7,6,0.0008075617,0.00040378084,3
SYNE4,1,0.00080733316,0.00080733316,1
PKIA,120,0.00080730487,0.0002691016,40
LATS2,22,0.0008070447,7.33677e-05,2
GORASP2,5,0.0008065201,0.00016130402,1
IL1RL1,147,0.000801734,0.00011453343,21
SSR3,10,0.0008013438,0.00016026877,2
IL17RD,27,0.00080114935,8.901659e-05,3
SPTSSB,12,0.0008006445,0.00020016113,3
SIGLEC15,9,0.0007995293,0.00026650977,3
CHGB,8,0.00079852506,0.00019963126,2
ACVRL1,13,0.0007975202,6.134771e-05,1
CLVS1,20,0.0007971369,0.00015942738,4
RIDA,3,0.0007965527,0.00026551756,1
CD47,24,0.0007963099,6.635916e-05,2
DUSP22,10,0.00079578516,0.00079578516,10
LCOR,1,0.00079554814,0.00079554814,1
TGFBI,60,0.00079512165,0.00026504055,20
MICAL2,1,0.0007937204,0.0007937204,1
TSPAN14,10,0.0007932404,0.00015864808,2
UBE3D,32,0.0007926628,0.0001981657,8
SSTR5,13,0.0007919472,6.0919014e-05,1
STAB1,3,0.0007919274,0.0002639758,1
STK10,11,0.00079086097,7.189645e-05,1
PACRG,1,0.0007899667,0.0007899667,1
NECTIN4,6,0.000789906,0.000131651,1
GATA5,2,0.0007879941,0.00039399706,1
TTYH1,57,0.0007872519,0.00026241728,19
SPRY4,102,0.00078723906,0.00039361953,51
WDR1,12,0.0007868715,0.00013114525,2
ABCD4,6,0.00078561384,0.00013093564,1
PNOC,32,0.0007840077,9.8000964e-05,4
GRM4,34,0.00078218954,4.6011148e-05,2
LNPEP,110,0.0007811246,7.101133e-05,10
CELA3B,2,0.00078052946,0.00039026473,1
PCF11,11,0.0007803809,7.094372e-05,1
PHB,8,0.0007799722,0.00019499304,2
AKAP12,7,0.0007793349,0.00011133356,1
QPCT,3,0.0007739585,0.00025798616,1
SLC52A3,5,0.0007731296,0.00015462592,1
TPBG,8,0.000771884,0.000771884,8
CHN2,7,0.0007715812,0.00011022588,1
SDHAF4,1,0.000771447,0.000771447,1
SPARCL1,4,0.0007714358,0.00019285895,1
XYLT2,13,0.0007700219,5.9232458e-05,1
MPP4,1,0.00076491316,0.00076491316,1
NEFM,5,0.0007642571,0.00015285143,1
CA8,18,0.00076398515,0.00038199258,9
ESRRG,15,0.0007629735,0.00015259472,3
RYK,17,0.0007624092,4.48476e-05,1
OR2V1,12,0.00076065306,0.00025355103,4
EMX2,16,0.00075880985,0.00037940493,8
TARM1,6,0.00075744203,0.00025248068,2
DGKG,39,0.0007572253,5.8248104e-05,3
NLRP10,1,0.0007560453,0.0007560453,1
OR8B12,6,0.0007550696,0.00025168987,2
SMG1,4,0.0007546847,0.00018867117,1
SLCO4A1,48,0.0007546032,9.43254e-05,6
TOX3,4,0.00075457955,0.00037728978,2
TJP3,2,0.00075323717,0.00037661858,1
EPB41L2,4,0.00075187936,0.00018796984,1
ACOT11,20,0.0007485878,0.00018714694,5
RABGGTA,10,0.00074832165,7.483216e-05,1
RBBP8,64,0.0007461012,2.3315662e-05,2
ADAMTS9,14,0.0007456264,0.00010651806,2
LSAMP,6,0.00074433733,0.00024811245,2
CEPT1,16,0.0007425889,4.6411806e-05,1
CALCOCO1,1,0.0007420042,0.0007420042,1
MAGI2,5,0.0007407602,0.00014815203,1
CDH22,40,0.0007395334,0.0003697667,20
TRAIP,12,0.00073891826,0.00018472956,3
LSR,10,0.00073729834,7.372983e-05,1
LIPI,10,0.00073629175,0.00014725835,2
KCNK17,21,0.0007359967,0.00010514238,3
STMN2,20,0.0007353572,0.00014707142,4
AIM2,9,0.0007349491,8.166101e-05,1
MRPL46,24,0.0007347022,0.00012245038,4
WDR46,4,0.0007323212,0.0001830803,1
KLF6,12,0.0007310205,0.00024367351,4
CRPPA,2,0.0007306499,0.00036532496,1
SCN8A,9,0.00073011004,8.112334e-05,1
SERINC3,6,0.00072957727,0.00024319241,2
SLC13A2,6,0.0007257104,0.000120951736,1
PARP2,57,0.00072424905,3.811837e-05,3
CYBRD1,15,0.0007240263,0.00024134209,5
CACNB2,56,0.0007220819,2.5788639e-05,2
LRP10,6,0.0007181786,0.00011969643,1
FKBP9,4,0.00071797165,0.00017949291,1
RBM28,1,0.0007143523,0.0007143523,1
PHYKPL,7,0.00071313226,0.00010187604,1
PRLHR,35,0.0007127423,0.00010182032,5
LDLRAD4-AS1,1,0.0007094569,0.0007094569,1
OR6F1,3,0.00070922775,0.00023640925,1
LINC00970,2,0.0007074474,0.0007074474,2
TSPAN15,4,0.0007068564,0.0003534282,2
TRAPPC12,4,0.000706849,0.00017671224,1
RDH14,24,0.00070329156,0.00011721526,4
SUDS3,15,0.0007032522,4.688348e-05,1
PTPRT,10,0.0007016318,0.0007016318,10
CDV3,2,0.0007007333,0.00035036664,1
LHX9,55,0.000699771,0.0001399542,11
ABCA13,12,0.0006995839,0.00017489598,3
CDH23,5,0.00069882354,0.00013976471,1
NIPAL1,4,0.0006982826,0.0003491413,2
SERINC5,9,0.00069746777,0.00023248926,3
IFITM3,5,0.0006931536,0.00013863071,1
OR52K1,3,0.00069074525,0.00023024842,1
VLDLR-AS1,1,0.0006886743,0.0006886743,1
ARNT2,24,0.0006867084,8.583855e-05,3
SELENOV,1,0.0006859885,0.0006859885,1
ZBP1,14,0.0006846873,4.8906233e-05,1
CRYAA,6,0.00068188814,0.00068188814,6
TAF3,40,0.00068119157,3.405958e-05,2
MTARC1,3,0.0006811097,0.00022703658,1
RAB11FIP4,1,0.0006799331,0.0006799331,1
COL27A1,15,0.000679377,0.0001358754,3
CCL20,38,0.0006784729,3.5709105e-05,2
FOXP1,24,0.0006775714,0.00022585713,8
GCKR,7,0.0006775228,9.678897e-05,1
DUSP5,36,0.000675598,5.6299836e-05,3
PPP4R2,12,0.00067555316,0.0001125922,2
RASA3,30,0.0006742994,6.742994e-05,3
CITED2,12,0.0006731051,5.6092093e-05,1
RNF41,13,0.00067229976,5.1715368e-05,1
SCFD1,39,0.0006712298,5.163306e-05,3
ANXA6,40,0.0006691058,0.00016727645,10
ERLEC1,13,0.0006683862,5.141432e-05,1
ZNF282,8,0.0006682294,0.00016705735,2
MYOF,4,0.0006675617,0.00016689043,1
XIRP2,12,0.0006664007,0.00016660018,3
ABCF1,6,0.0006657409,0.00022191364,2
USP38,1,0.0006656224,0.0006656224,1
LAMB4,10,0.0006621564,6.621564e-05,1
GPC6,14,0.0006611891,4.7227793e-05,1
PTPRU,5,0.00065861095,0.00013172219,1
HSD17B6,10,0.00065844686,0.00013168936,2
GNPDA2,56,0.00065502536,8.187817e-05,7
LSP1,6,0.00065428385,0.00021809462,2
IL21R,66,0.00065361056,0.0001089351,11
INPP1,9,0.00065246364,7.249596e-05,1
ZNF605,8,0.0006522781,0.00016306952,2
MSH5,2,0.0006503389,0.00032516944,1
FXYD6,10,0.0006503237,6.503237e-05,1
RNASET2,27,0.00065002893,0.00021667633,9
FEZ1,1,0.00064760516,0.00064760516,1
MTDH,6,0.0006474156,0.0002158052,2
FAT4,30,0.00064468174,0.00021489391,10
GTF3A,11,0.0006441359,5.8557805e-05,1
ABLIM3,12,0.00064345554,0.000107242595,2
RHBDD2,2,0.0006425523,0.0006425523,2
KCNB2,9,0.0006424633,0.00021415442,3
KDM5B,9,0.00064210285,7.134476e-05,1
ITGAE,9,0.00064209587,7.134399e-05,1
PCK2,26,0.00063979276,2.4607414e-05,1
BAMBI,26,0.00063921156,4.917012e-05,2
OR14J1,24,0.00063899625,0.00015974906,6
EZR,31,0.00063719356,2.0554631e-05,1
OTX1,1,0.0006356959,0.0006356959,1
BICD1,5,0.00063453853,0.0001269077,1
PDCL,4,0.00063320075,0.00015830019,1
IFT172,7,0.00063210964,9.030138e-05,1
GPD1,17,0.00063192524,3.7172074e-05,1
WASHC4,1,0.0006316313,0.0006316313,1
GFER,2,0.00063127995,0.00031563998,1
MCM4,26,0.00063082844,2.4262632e-05,1
ANO1,3,0.00063059595,0.00021019865,1
SORL1,4,0.00063042034,0.00031521017,2
RFNG,9,0.0006303227,7.003586e-05,1
CDH16,3,0.0006276191,0.00020920637,1
SMC1B,7,0.0006275581,8.9651156e-05,1
OTOA,3,0.0006269042,0.00020896806,1
PAX9,1,0.00062640547,0.00062640547,1
THG1L,3,0.0006263738,0.00020879127,1
STX2,16,0.0006260533,0.00015651333,4
SLC16A9,6,0.0006259845,0.00031299226,3
LECT2,21,0.00062559906,0.00062559906,21
ETNK1,30,0.000621412,6.214121e-05,3
ACP6,7,0.0006200487,8.857839e-05,1
ADAP2,2,0.0006196093,0.0006196093,2
FLG2,3,0.0006176557,0.00020588523,1
OR51E1,9,0.0006174138,0.0002058046,3
PAX3,64,0.00061712565,7.714071e-05,8
IFT88,14,0.0006164995,4.4035678e-05,1
SLC52A1,8,0.0006148765,0.00015371913,2
ARHGAP9,12,0.00061025436,5.085453e-05,1
NFIL3,4,0.0006101574,0.0003050787,2
HVCN1,6,0.00060998433,0.00010166405,1
SYNJ2,18,0.00060971064,3.3872813e-05,1
SEMA3F,2,0.00060940406,0.00060940406,2
DCTN6,17,0.00060604635,3.5649784e-05,1
TTK,6,0.0006058309,0.00020194364,2
SMG7,1,0.0006057036,0.0006057036,1
OR1Q1,4,0.00060546177,0.00015136544,1
TDH,3,0.00060499855,0.00020166619,1
EBF1,15,0.0006048653,0.00020162179,5
LRRC25,2,0.00060377165,0.00060377165,2
KCNA1,27,0.00060356804,0.00020118934,9
DENND1A,4,0.00060303736,0.00015075934,1
LHPP,5,0.0006028343,0.00012056685,1
RBM25,1,0.0006021569,0.0006021569,1
SEPTIN9,2,0.0006013787,0.00030068934,1
COL6A5,19,0.0006003907,3.1599513e-05,1
CAVIN2,12,0.0005963372,0.00019877906,4
CHD7,4,0.0005947349,0.00029736746,2
LCA5,4,0.0005943726,0.0002971863,2
ZNF766,1,0.000593797,0.000593797,1
TRPV4,8,0.0005934437,7.418046e-05,1
CARMIL1,2,0.000592464,0.000296232,1
LMAN2L,9,0.00059159397,6.573266e-05,1
MBD5,4,0.0005900269,0.00014750673,1
MRPL15,7,0.00058953936,8.421991e-05,1
KCNG4,6,0.0005890323,0.0001963441,2
ZNF311,28,0.0005880566,0.00014701414,7
PDLIM4,17,0.00058457174,0.00058457174,17
GDAP1,6,0.000583465,0.00019448831,2
MYO1G,1,0.0005825279,0.0005825279,1
TFPI,40,0.00058208295,7.276037e-05,5
ARHGAP21,68,0.0005815055,3.4206205e-05,4
RASGEF1A,20,0.00058099243,0.000116198484,4
AK2,12,0.00058036105,4.836342e-05,1
DNAH3,4,0.0005777557,0.00014443892,1
GJB2,10,0.00057669816,5.7669815e-05,1
OR2G3,6,0.00057502533,0.0001916751,2
MYPN,3,0.0005748763,0.0005748763,3
TMIGD3,14,0.00057366886,4.097635e-05,1
ITLN2,8,0.0005732389,0.0005732389,8
BCAS3,1,0.00057160534,0.00057160534,1
DMBX1,2,0.0005708292,0.0005708292,2
TIE1,1,0.00056929176,0.00056929176,1
CHAF1A,2,0.0005682352,0.0002841176,1
WDR4,6,0.00056738994,0.00018912998,2
HDAC10,25,0.0005658291,2.2633165e-05,1
NAB1,18,0.00056580984,6.286776e-05,2
SOAT2,9,0.000564078,6.267533e-05,1
OLIG3,54,0.000563652,0.000563652,54
EHD4,2,0.0005632648,0.0002816324,1
KCNU1,30,0.0005625031,9.375051e-05,5
GUCY2C,20,0.0005620032,5.620032e-05,2
BANP,6,0.00056054274,9.342379e-05,1
CRYL1,30,0.000558741,0.0001117482,6
LINC02352,1,0.00055832166,0.00055832166,1
TPD52L1,8,0.00055684487,0.00013921122,2
CDKL2,1,0.00055524916,0.00055524916,1
TULP4,3,0.00055476965,0.00018492322,1
HELLS,3,0.00055438245,0.00018479415,1
RB1CC1,39,0.00055300695,4.253899e-05,3
ITIH4,4,0.0005528642,0.00013821606,1
VHL,37,0.0005494531,1.4850083e-05,1
ERG,5,0.0005487621,0.00010975242,1
CUX1,10,0.0005475804,5.4758042e-05,1
CTHRC1,4,0.00054708315,0.00027354158,2
EPHA10,4,0.0005466557,0.00013666392,1
IZUMO1,3,0.000546362,0.00018212067,1
SENP2,10,0.00054572086,5.4572087e-05,1
LHX4,5,0.00054454023,0.00010890805,1
RMND5A,2,0.00054441276,0.00054441276,2
ATP8A1,30,0.000543752,5.43752e-05,3
HOPX,1,0.00054358144,0.00054358144,1
ABCB9,20,0.00054176134,0.00013544034,5
SLC22A5,52,0.0005412372,4.163363e-05,4
SEPTIN12,3,0.0005411389,0.00018037965,1
PABPC4L,24,0.00054072,0.00018024001,8
INTS10,15,0.0005404392,0.00018014641,5
CUL4A,20,0.00054035435,2.7017717e-05,1
RIMS2,2,0.00054031657,0.00054031657,2
SYNE3,3,0.0005389508,0.0005389508,3
MSRB2,12,0.0005383857,4.4865476e-05,1
QTRT2,3,0.00053804443,0.00017934815,1
LY9,9,0.00053565414,0.00053565414,9
TPO,32,0.00053492206,3.343263e-05,2
CDH20,22,0.00053397764,0.00026698882,11
ATP10D,3,0.0005327923,0.00017759744,1
LY6D,3,0.000531105,0.00017703499,1
COG6,66,0.0005302366,4.8203325e-05,6
ZMIZ1,54,0.0005290904,0.00017636346,18
PCARE,1,0.00052785664,0.00052785664,1
NCAPH2,6,0.0005277854,8.796423e-05,1
HECW2,4,0.0005276086,0.00013190215,1
GAPT,2,0.0005260835,0.0005260835,2
DUT,15,0.00052378897,3.4919263e-05,1
PHF19,3,0.00052364636,0.00017454878,1
SATB1,11,0.00052238075,4.748916e-05,1
MACF1,2,0.0005207685,0.00026038426,1
DNAAF3,1,0.0005198683,0.0005198683,1
GPR19,1,0.0005192643,0.0005192643,1
DZIP3,12,0.0005187062,0.00012967655,3
EXTL1,4,0.00051812397,0.00012953099,1
FYCO1,10,0.0005180884,0.0005180884,10
FHL5,6,0.00051637896,0.00051637896,6
PTPN3,9,0.0005146799,5.7186655e-05,1
ZNF248,4,0.0005142261,0.00012855652,1
ARFRP1,4,0.00051235786,0.00012808946,1
SLC45A3,5,0.00051198516,0.00010239703,1
IL21,108,0.0005107417,8.512362e-05,18
SPATA2,3,0.00051015394,0.00051015394,3
ZMYM2,16,0.00050873234,6.359154e-05,2
DACT2,6,0.0005062004,0.0002531002,3
CIDEA,4,0.0005052854,0.00012632135,1
SPHKAP,6,0.0005046492,0.0005046492,6
COX7B2,12,0.00050462317,4.205193e-05,1
SMOC2,7,0.0005033109,0.0005033109,7
LAT2,7,0.0005024699,7.178141e-05,1
AOPEP,6,0.0005017967,0.00016726558,2
IER5,1,0.0005014243,0.0005014243,1
FBLN2,9,0.00050131866,0.00016710622,3
DNAJB11,15,0.00050109124,3.3406082e-05,1
LIN52,9,0.0004999889,5.5554323e-05,1
MYO1E,3,0.0004986705,0.0001662235,1
DMRT1,8,0.000498286,0.0001245715,2
VGLL4,2,0.0004971513,0.0004971513,2
DENND1B,84,0.00049669726,0.00012417432,21
PDE3A,14,0.0004964963,3.5464018e-05,1
CCL13,132,0.0004963564,4.1363033e-05,11
KCTD13,7,0.00049629825,7.089975e-05,1
PHYH,14,0.0004940882,3.5292014e-05,1
NMD3,8,0.00049306493,0.00024653247,4
APCS,12,0.000492361,0.00016412036,4
TNFRSF19,1,0.0004902874,0.0004902874,1
DPF1,4,0.00048999273,0.00012249818,1
RAB11FIP3,6,0.00048671156,8.11186e-05,1
ZNF816,1,0.00048261025,0.00048261025,1
MYCBP2,6,0.00048220667,0.00024110333,3
CITED4,5,0.0004811271,9.622542e-05,1
DNAH2,6,0.00047926558,0.0001597552,2
STARD3NL,30,0.0004790926,9.581852e-05,6
DELEC1,4,0.00047838836,0.00047838836,4
RAP1GAP2,3,0.00047798638,0.00015932879,1
LINC01063,4,0.00047787267,0.00047787267,4
TTPA,4,0.00047628133,0.00011907033,1
RNF19B,4,0.00047562842,0.000118907104,1
KRT82,2,0.00047475283,0.00023737641,1
PTMA,10,0.0004737217,0.00023686085,5
APOH,5,0.0004730078,9.460156e-05,1
PSCA,3,0.0004719575,0.00015731917,1
PLCH1,33,0.00047144864,4.2858966e-05,3
KCNH7,6,0.0004706775,0.00015689249,2
RGL2,12,0.00046971242,7.8285404e-05,2
ZDHHC19,3,0.00046957436,0.00046957436,3
DCSTAMP,3,0.00046955294,0.00046955294,3
TAPT1,4,0.00046874984,0.00046874984,4
IRF2BP1,2,0.0004678875,0.0004678875,2
EPHA7,108,0.00046663458,7.777243e-05,18
TBX5,6,0.00046639817,7.773303e-05,1
ATP9B,3,0.00046623166,0.00015541055,1
PEX19,6,0.00046611505,7.768584e-05,1
ADAM23,42,0.0004656596,0.0002328298,21
ABHD5,24,0.00046462732,5.8078414e-05,3
VPS35L,3,0.0004643537,0.00015478457,1
PM20D1,5,0.00046378607,9.275721e-05,1
BTNL9,3,0.00046308088,0.0001543603,1
CDK11B,10,0.00046072723,4.6072724e-05,1
GJB5,3,0.00046037708,0.00046037708,3
MAEA,2,0.00045843312,0.00045843312,2
ABCA8,3,0.00045830768,0.00015276922,1
CSMD3,18,0.0004577255,0.0004577255,18
VPS53,4,0.00045699027,0.00011424757,1
PLPP4,7,0.00045561377,6.508768e-05,1
OASL,8,0.00045356769,5.669596e-05,1
TOMM40L,2,0.00045232533,0.00022616267,1
PITPNM2,5,0.0004506513,9.013026e-05,1
SLC2A4RG,1,0.00045029673,0.00045029673,1
ANXA11,4,0.00044903404,0.00022451702,2
TBCD,3,0.00044782157,0.00014927385,1
GXYLT1,8,0.00044752183,0.00022376092,4
STXBP3,5,0.0004470692,8.941384e-05,1
FKRP,8,0.00044616475,0.00044616475,8
IRGM,4,0.0004454682,0.0004454682,4
UBE3B,5,0.0004447008,8.8940156e-05,1
SLC14A1,8,0.00044436555,0.00011109139,2
CASP4,14,0.00044308565,3.1648975e-05,1
IHO1,1,0.00044160197,0.00044160197,1
RBPJL,8,0.00044021982,5.5027478e-05,1
IDO2,40,0.0004384157,4.3841574e-05,4
DENND5B,4,0.00043729512,0.00010932378,1
MOXD1,6,0.00043680368,0.00021840184,3
ADAM9,7,0.00043539464,6.219924e-05,1
SETX,2,0.00043430092,0.00021715046,1
HNRNPM,11,0.0004336875,3.9426137e-05,1
UCN3,5,0.00043334858,8.6669716e-05,1
RGS17,70,0.00043032863,3.073776e-05,5
MARVELD3,2,0.00042744557,0.00042744557,2
TTLL6,3,0.00042734965,0.00014244988,1
PGAM5,9,0.00042487975,4.720886e-05,1
GALNT6,8,0.0004248212,5.310265e-05,1
SMG6,2,0.0004246852,0.0002123426,1
SLC25A26,4,0.0004237073,0.000105926825,1
ELP1,6,0.00042177184,7.0295304e-05,1
MGAM2,3,0.00042074156,0.00014024718,1
NDUFB4,38,0.00042020757,2.2116188e-05,2
STK39,10,0.0004187088,0.0002093544,5
AKAP6,5,0.00041774893,0.00041774893,5
SOX13,12,0.00041709348,0.00010427337,3
POU1F1,4,0.0004125454,0.0002062727,2
ADAMTS17,4,0.0004101008,0.0001025252,1
CEP19,3,0.00040978816,0.00013659605,1
ORM1,8,0.00040805215,5.100652e-05,1
OR13F1,3,0.00040784664,0.00013594888,1
CD180,2,0.00040698692,0.00040698692,2
CA12,3,0.00040638325,0.00013546109,1
RANBP3,3,0.00040635548,0.00013545183,1
ANKS1B,1,0.00040615365,0.00040615365,1
SPOP,8,0.00040579875,5.0724844e-05,1
MEP1B,4,0.00040473492,0.00020236746,2
CIAPIN1,2,0.00040379752,0.00020189876,1
APPBP2,1,0.00040353643,0.00040353643,1
CNOT4,10,0.00040327467,4.0327468e-05,1
HSD17B8,6,0.0004026619,6.711032e-05,1
SS18,9,0.00040259268,0.00040259268,9
GP2,9,0.00040211633,0.00013403878,3
PPM1F,5,0.0004015193,8.030386e-05,1
TCF3,21,0.00040021326,1.9057774e-05,1
KIF13B,9,0.00039985604,4.442845e-05,1
ABHD6,120,0.0003981129,3.981129e-05,12
POLR1D,50,0.0003980712,1.5922848e-05,2
OR52Z1,2,0.00039612583,0.00019806292,1
AKAP11,44,0.00039398673,0.00039398673,44
LYPD6B,6,0.0003935222,0.00013117406,2
F11R,126,0.0003925954,1.8695018e-05,6
OR5H15,3,0.00038920733,0.00012973578,1
MED9,12,0.00038918233,0.00012972744,4
BET1L,11,0.00038835985,3.5305442e-05,1
ANKRA2,1,0.00038709244,0.00038709244,1
CACNA2D4,9,0.0003864491,4.2938787e-05,1
BSND,18,0.00038605518,0.00012868505,6
TYW3,24,0.00038452452,6.408742e-05,4
IBTK,2,0.00038425124,0.00038425124,2
CYSTM1,3,0.0003804892,0.00012682973,1
CPA3,18,0.00037912803,6.3188e-05,3
IL22RA1,10,0.00037803766,3.7803766e-05,1
WNK1,3,0.00037738736,0.00037738736,3
CHSY1,11,0.000377104,3.4282184e-05,1
IPO8,18,0.00037495702,0.00012498567,6
ZNF221,4,0.00037481208,9.370302e-05,1
MYO1D,1,0.00037413047,0.00037413047,1
PAPOLG,60,0.00037352304,0.00018676152,30
RTN4,9,0.0003733394,4.1482155e-05,1
LIN28B,6,0.00037322225,0.00012440742,2
SRP54,18,0.0003726777,6.211295e-05,3
GCA,6,0.00037217076,0.00012405693,2
TAOK2,6,0.000371665,6.194416e-05,1
SLC47A2,8,0.00037161872,9.290468e-05,2
TAGAP,266,0.00037138644,5.3055206e-05,38
EHBP1,8,0.00037114957,0.00037114957,8
INTS6,3,0.00037056083,0.00012352028,1
GDF10,11,0.00037016027,3.3650933e-05,1
MUC16,18,0.0003700499,4.1116655e-05,2
PGBD5,1,0.00036904277,0.00036904277,1
KIF11,16,0.00036617293,4.5771616e-05,2
CD207,15,0.00036532767,7.306554e-05,3
CETN3,1,0.0003648223,0.0003648223,1
SRRM3,1,0.00036401412,0.00036401412,1
NFRKB,5,0.00036327372,7.2654744e-05,1
UBASH3A,20,0.00036310972,0.00036310972,20
ZNF549,4,0.00036281755,9.070439e-05,1
KCNK18,7,0.00036189533,5.1699335e-05,1
MLF1,1,0.00036182135,0.00036182135,1
MYT1,12,0.0003616133,6.026888e-05,2
CERS4,9,0.00036044625,4.0049585e-05,1
HTR1F,30,0.0003601867,2.4012446e-05,2
CAPN9,3,0.0003601086,0.000120036195,1
CIP2A,1,0.00035870302,0.00035870302,1
PLIN5,1,0.0003559917,0.0003559917,1
SPG7,3,0.00035476152,0.00011825384,1
TNIK,3,0.00035435008,0.000118116695,1
APBA2,4,0.00035412906,8.8532266e-05,1
SBDS,1,0.0003533106,0.0003533106,1
SORBS2,4,0.0003532942,0.0003532942,4
ZNF708,4,0.0003531746,8.829365e-05,1
CRIM1,1,0.0003522234,0.0003522234,1
DNAH7,3,0.0003517918,0.00011726393,1
EIF4E3,5,0.00035101685,7.020337e-05,1
USP31,4,0.00035005415,0.00035005415,4
EP400,7,0.0003494076,4.9915372e-05,1
INTS11,3,0.00034808443,0.000116028146,1
MMAB,6,0.00034804505,5.800751e-05,1
EFEMP1,15,0.000347102,0.00011570067,5
COL5A2,12,0.00034611425,2.8842855e-05,1
CDC20B,1,0.00034511922,0.00034511922,1
ZNF675,4,0.000345074,8.62685e-05,1
SMYD3,6,0.00034481823,5.7469704e-05,1
CYTL1,2,0.00034288637,0.00034288637,2
UBE2E2,18,0.00034250072,5.7083456e-05,3
SCUBE3,26,0.0003413511,0.00017067554,13
ZNF462,2,0.00034121345,0.00034121345,2
PINX1,1,0.00034067477,0.00034067477,1
HSPA13,8,0.00033998073,8.499518e-05,2
MGAT4A,11,0.00033854487,3.0776806e-05,1
VPREB1,6,0.0003384947,0.00016924735,3
ADD2,2,0.0003359213,0.00016796065,1
EPB41L4B,9,0.00033582633,0.00011194212,3
NT5C2,42,0.00033444527,7.962983e-06,1
TSKU,1,0.00033442467,0.00033442467,1
HEXD,2,0.00033401584,0.00016700792,1
CLU,13,0.00033371165,2.5670128e-05,1
UMOD,6,0.00033349337,0.00011116445,2
ELF5,4,0.0003323027,0.00016615135,2
IMMP2L,5,0.00033209712,0.00033209712,5
ELP3,20,0.00033206982,6.6413966e-05,4
SPIRE1,1,0.00033145715,0.00033145715,1
TRAK1,20,0.00033131184,3.3131182e-05,2
AGGF1,4,0.00033118107,8.279527e-05,1
SH3TC2,4,0.0003309367,0.0003309367,4
MIR129-2,2,0.0003308327,0.00016541635,1
STX8,1,0.00033011535,0.00033011535,1
CEP43,240,0.00032907224,1.3711344e-05,10
TXNRD3,14,0.0003290183,4.7002617e-05,2
KANK1,10,0.0003286503,6.5730055e-05,2
ATXN2,6,0.00032805014,5.4675023e-05,1
AGAP3,1,0.000327946,0.000327946,1
NFIX,1,0.00032761102,0.00032761102,1
PPP2R3A,15,0.00032528478,2.1685652e-05,1
SNRNP48,4,0.00032452558,8.1131395e-05,1
IGF2BP1,9,0.00032338328,3.5931476e-05,1
OR51G2,3,0.0003231325,0.00010771083,1
ADAMTS20,4,0.00032258636,8.064659e-05,1
GRAMD1B,3,0.00032248313,0.00032248313,3
TCERG1,1,0.00032170053,0.00032170053,1
CHAF1B,1,0.00032117887,0.00032117887,1
METTL21A,3,0.00032098911,0.00010699637,1
GPR135,2,0.00031878927,0.00031878927,2
HIVEP2,1,0.00031872734,0.00031872734,1
FSCN1,4,0.000318529,0.0001592645,2
SLC13A1,18,0.00031802634,5.300439e-05,3
TSHZ1,2,0.00031789992,0.00031789992,2
ZFAND6,6,0.0003172629,0.00015863145,3
PPM1K,3,0.00031601946,0.00010533982,1
TIMM44,2,0.00031595246,0.00015797623,1
FHL2,110,0.0003158007,3.1580068e-05,11
PA2G4,8,0.00031556972,7.889243e-05,2
SEC62,6,0.00031470993,0.00015735497,3
MGAT3,9,0.00031352605,3.4836226e-05,1
XPO7,1,0.00031314822,0.00031314822,1
SLC39A10,27,0.00031286842,3.476316e-05,3
MAP2,4,0.00031270483,7.817621e-05,1
SUPT6H,5,0.0003118157,6.236314e-05,1
ENSA,6,0.00031121727,5.1869545e-05,1
JAKMIP1,1,0.0003111306,0.0003111306,1
BCL2A1,10,0.0003109385,3.1093852e-05,1
ADGRG1,1,0.00030988827,0.00030988827,1
SMR3B,1,0.00030967666,0.00030967666,1
SHTN1,5,0.00030942066,6.188413e-05,1
CAMK1D,25,0.00030842572,6.168515e-05,5
AIRE,24,0.00030793902,0.00015396951,12
RASSF2,4,0.0003061226,0.0003061226,4
TNIP3,6,0.00030581868,5.0969782e-05,1
ADAM15,4,0.00030409003,7.602251e-05,1
CISD1,11,0.0003025543,0.0003025543,11
ELL2,6,0.000302462,0.00010082066,2
FLRT2,10,0.00030228222,6.045644e-05,2
SV2A,9,0.0003013477,3.3483077e-05,1
BCL9L,4,0.0002991145,7.4778625e-05,1
ASB7,14,0.000299111,4.2730142e-05,2
MAPRE2,3,0.00029899567,0.00029899567,3
SEPTIN7,12,0.00029860836,7.465209e-05,3
ADIPOQ,21,0.0002984491,1.42118615e-05,1
SLC9A4,130,0.00029777642,5.9555285e-05,26
FHIT,10,0.0002966852,5.9337042e-05,2
LAMP3,3,0.00029659885,0.00029659885,3
SMAP1,1,0.00029649516,0.00029649516,1
MYL6B,6,0.00029637266,4.9395443e-05,1
KLKB1,40,0.0002960723,7.4018076e-06,1
CPB1,15,0.00029594175,5.9188347e-05,3
OR2H1,15,0.00029430774,5.8861548e-05,3
TRPC4,28,0.00029379973,4.197139e-05,4
NREP,1,0.00029346978,0.00029346978,1
ZNF343,4,0.0002921287,7.303218e-05,1
LLGL2,6,0.0002908304,9.694346e-05,2
CACNG5,10,0.00029082588,2.9082588e-05,1
PWWP3A,1,0.0002905523,0.0002905523,1
CBFA2T3,2,0.0002896256,0.0002896256,2
PPM1L,5,0.00028961638,5.7923276e-05,1
SF3B1,11,0.0002892051,2.6291375e-05,1
ARHGEF16,13,0.0002892038,2.2246446e-05,1
UCMA,6,0.00028857368,4.809561e-05,1
NEB,4,0.00028803604,7.200901e-05,1
PNPLA3,10,0.0002873872,2.873872e-05,1
ALLC,2,0.00028737093,0.00014368547,1
GLTP,4,0.0002859274,7.148185e-05,1
CDK13,16,0.00028548235,3.5685294e-05,2
MED18,2,0.0002828043,0.00014140215,1
ARL8A,4,0.00028171105,7.042776e-05,1
ZNF26,4,0.00028170628,7.042657e-05,1
MYORG,1,0.00028126975,0.00028126975,1
PLCL1,2,0.0002809839,0.00014049195,1
ST8SIA6,36,0.00028087862,3.1208736e-05,4
NHLRC3,3,0.0002801789,9.339297e-05,1
BDH2,9,0.0002786275,3.095861e-05,1
MAGI1,48,0.00027827953,4.6379922e-05,8
OR51B5,3,0.00027755363,9.2517876e-05,1
ALCAM,80,0.00027678488,5.5356977e-05,16
ZNF250,4,0.00027513498,6.8783746e-05,1
SLC9A2,76,0.00027499883,6.874971e-05,19
SYNGAP1,12,0.00027475072,2.2895894e-05,1
CNGB3,3,0.00027432747,9.144249e-05,1
SLC6A13,28,0.00027428806,1.9592006e-05,2
NFATC2IP,3,0.00027387144,0.00027387144,3
IGSF9B,3,0.00027330464,0.00027330464,3
SDK1,40,0.00027312594,6.8281486e-05,10
XPO6,4,0.00027304416,0.00027304416,4
DLGAP2,3,0.00027110835,9.036945e-05,1
FAR2,35,0.0002702093,5.404186e-05,7
SLC36A3,1,0.0002698105,0.0002698105,1
TEP1,3,0.00026929338,0.00026929338,3
ACAA2,165,0.00026866602,4.8848365e-06,3
SELENOK,3,0.0002685823,0.0002685823,3
OR6C6,3,0.00026781714,8.9272384e-05,1
LARS2,9,0.00026704298,2.9671442e-05,1
DGCR6L,3,0.0002661051,0.0002661051,3
KCNAB1,8,0.00026574993,6.643748e-05,2
STON2,4,0.0002655142,6.637855e-05,1
CLN5,1,0.00026505007,0.00026505007,1
ATP11B,14,0.0002647127,3.78161e-05,2
SLC40A1,10,0.00026416124,2.6416124e-05,1
ATG16L2,1,0.00026332974,0.00026332974,1
PPP1R17,2,0.0002626734,0.0002626734,2
PSD3,8,0.0002624045,0.0002624045,8
NALCN,6,0.0002618411,8.7280365e-05,2
PLEKHH1,1,0.00026127227,0.00026127227,1
CYP17A1,35,0.00026072326,7.449236e-06,1
NUDT12,126,0.00025952558,2.8836175e-05,14
LARP1,1,0.00025832173,0.00025832173,1
PLBD1,8,0.00025787347,3.2234184e-05,1
AMY2B,8,0.00025776477,3.2220596e-05,1
KCNS2,3,0.0002569187,8.563956e-05,1
RGL1,6,0.0002566963,4.2782718e-05,1
CCL8,69,0.00025640224,8.546742e-05,23
NLRP1,24,0.0002546188,3.182735e-05,3
GXYLT2,4,0.00025396032,0.00012698016,2
KLK7,2,0.00025247716,0.00012623858,1
CCL25,13,0.00025179138,1.9368568e-05,1
ING1,1,0.00025095802,0.00025095802,1
MIR124-1,6,0.00025092775,0.00012546388,3
SSU72,1,0.00024999658,0.00024999658,1
DISP3,1,0.00024983697,0.00024983697,1
EDAR,28,0.00024852983,3.5504265e-05,4
SEC63,2,0.00024790704,0.00012395352,1
TECTA,3,0.0002478219,8.26073e-05,1
FUT10,8,0.0002464452,6.16113e-05,2
IL17D,6,0.0002459545,4.0992414e-05,1
AP3S1,5,0.00024285853,4.8571706e-05,1
VPS54,4,0.00024284761,6.0711904e-05,1
GPAT4,12,0.0002426627,2.0221893e-05,1
GRPEL1,2,0.00024263855,0.00012131927,1
TMEM170A,4,0.00024032932,0.00024032932,4
OR11H4,3,0.0002401739,8.0057966e-05,1
TAPBP,11,0.00023984682,2.1804257e-05,1
TULP1,2,0.00023961542,0.00023961542,2
IL17B,5,0.00023840702,4.7681406e-05,1
NEUROG1,6,0.00023814708,7.9382364e-05,2
TIMD4,1,0.00023667263,0.00023667263,1
DNAJA3,3,0.00023578237,7.859412e-05,1
FAM161A,28,0.00023545111,0.00023545111,28
CHRAC1,2,0.00023478369,0.00023478369,2
SLC9A3,98,0.00023423301,1.673093e-05,7
OR8S1,9,0.0002339926,7.799754e-05,3
PDSS1,6,0.0002334998,3.8916634e-05,1
LAMA3,34,0.00023330144,6.861807e-06,1
HOXA7,2,0.00023199905,0.00023199905,2
IQSEC1,4,0.00023175713,5.7939284e-05,1
TBX20,2,0.00023137679,0.000115688395,1
SOWAHC,14,0.00022984462,3.283495e-05,2
GRIP2,21,0.00022967074,3.2810105e-05,3
SNX18,4,0.00022942916,5.735729e-05,1
RHOH,8,0.0002287913,2.8598912e-05,1
CHRNA9,11,0.00022752059,2.068369e-05,1
PRICKLE2,4,0.00022667045,0.00011333523,2
SIK3,1,0.00022617151,0.00022617151,1
COX20,2,0.00022518807,0.00011259403,1
ICAM5,15,0.0002247793,4.495586e-05,3
FDX2,11,0.00022328866,2.0298969e-05,1
ALKBH8,6,0.00022308668,7.436223e-05,2
CD96,21,0.00022302005,7.4340016e-05,7
KRT3,2,0.00022294327,0.000111471636,1
NSD1,8,0.00022284349,2.7855436e-05,1
ACKR2,7,0.00022220764,3.1743948e-05,1
OR1J1,3,0.00022195028,7.398343e-05,1
UPF2,10,0.00022177672,4.4355344e-05,2
TIMM22,2,0.00022144409,0.000110722045,1
AMPH,14,0.00022100615,3.157231e-05,2
DCUN1D4,3,0.00022034279,7.34476e-05,1
SH2D1B,12,0.0002202665,5.5066626e-05,3
UBR5,2,0.00021954744,0.00010977372,1
NOSTRIN,3,0.00021882591,7.294197e-05,1
OR2B6,10,0.00021743614,4.3487227e-05,2
LSM3,8,0.00021634916,2.7043645e-05,1
RGS13,176,0.00021626311,1.9660283e-05,16
TUBD1,1,0.00021582816,0.00021582816,1
TLK1,3,0.00021561397,7.187132e-05,1
PTPRK,26,0.00021509928,0.00010754964,13
CYTIP,2,0.00021458318,0.00021458318,2
HAVCR1,1,0.0002109043,0.0002109043,1
SEMA3C,8,0.0002107176,0.0001053588,4
PICALM,72,0.0002101705,1.751421e-05,6
FLI1,8,0.00020940394,5.2350984e-05,2
ZDHHC2,4,0.00020683013,0.00010341506,2
ZNF283,1,0.00020569461,0.00020569461,1
MPHOSPH6,6,0.00020497829,0.00020497829,6
GYG1,24,0.00020492316,1.7076929e-05,2
ZMAT3,3,0.00020344717,6.781572e-05,1
PPP1R18,1,0.00020254908,0.00020254908,1
EEPD1,12,0.00020219827,5.0549566e-05,3
VAX2,1,0.00020075885,0.00020075885,1
EXPH5,2,0.00020070792,0.00020070792,2
SERTAD2,6,0.00020032194,0.00010016097,3
MBOAT2,10,0.00020027139,2.0027139e-05,1
F11,30,0.0002000962,6.669873e-06,1
DHX29,2,0.00019977518,0.00019977518,2
MRPS9,7,0.00019968746,2.852678e-05,1
KCNH8,252,0.00019737442,6.579147e-05,84
TPD52,12,0.00019737292,4.934323e-05,3
HYAL2,8,0.0001960758,2.4509474e-05,1
COL5A3,8,0.00019543513,2.4429391e-05,1
DSPP,4,0.000194858,4.87145e-05,1
SLC20A2,5,0.00019477647,3.8955295e-05,1
NMI,8,0.00019440419,4.8601047e-05,2
HYAL4,4,0.00019422799,4.8556998e-05,1
OR5K3,6,0.0001929996,6.43332e-05,2
ANO2,8,0.00019239735,4.8099337e-05,2
CARD9,11,0.00019226827,1.7478933e-05,1
DNAJC15,2,0.0001912014,9.56007e-05,1
PVT1,8,0.00019099108,0.00019099108,8
TSEN2,8,0.00019067712,4.766928e-05,2
SOX5,4,0.00019057954,4.7644884e-05,1
DSCAML1,5,0.00018985326,3.7970654e-05,1
HERC2P10,2,0.00018897749,0.00018897749,2
ST20-MTHFS,1,0.00018847971,0.00018847971,1
CPOX,14,0.00018833617,1.34525835e-05,1
PREP,53,0.00018800002,0.00018800002,53
RFT1,12,0.00018755329,4.6888323e-05,3
MUSK,12,0.00018515899,4.6289748e-05,3
CELSR3,1,0.00018481212,0.00018481212,1
FBLN5,3,0.00018473993,6.157997e-05,1
PLPPR5,5,0.00018408123,3.6816247e-05,1
ARL5B,12,0.00018353207,9.1766036e-05,6
TMPRSS11D,1,0.00018269851,0.00018269851,1
NFAM1,4,0.00018258243,4.5645607e-05,1
MYRF,1,0.00018247744,0.00018247744,1
TOX,2,0.0001818438,9.09219e-05,1
RSPH1,16,0.00018178619,0.00018178619,16
CILK1,2,0.00018177285,9.0886424e-05,1
MED12L,1,0.00018067911,0.00018067911,1
ADIPOR2,10,0.00018055111,1.805511e-05,1
DPRX,1,0.00018036203,0.00018036203,1
SEPTIN5,5,0.00018010502,3.6021003e-05,1
RFX6,1,0.00017963757,0.00017963757,1
DPPA4,9,0.00017924684,5.9748952e-05,3
SLC41A1,12,0.00017878377,4.4695942e-05,3
DNAJC5B,2,0.00017862186,0.00017862186,2
OR1B1,6,0.00017829397,5.943132e-05,2
RAB28,3,0.0001774791,0.0001774791,3
UCHL1,10,0.00017720008,1.7720009e-05,1
NANOS1,3,0.00017688592,0.00017688592,3
FITM2,3,0.00017688164,5.8960548e-05,1
OR2H2,4,0.00017672856,4.418214e-05,1
CD8B2,24,0.00017654069,2.9423449e-05,4
PCSK1,8,0.00017551625,2.1939532e-05,1
SPDEF,32,0.00017480855,8.7404274e-05,16
TRDMT1,4,0.00017431611,4.3579028e-05,1
PAPPA,2,0.00017402903,8.7014516e-05,1
RYBP,7,0.00017342289,2.4774698e-05,1
ATP8B3,6,0.00017281249,2.8802082e-05,1
MLPH,1,0.00017208111,0.00017208111,1
MAP1LC3B2,5,0.0001712867,0.0001712867,5
KRT73,2,0.00016985237,8.4926185e-05,1
FBXL16,7,0.00016959425,2.422775e-05,1
ARPP19,5,0.00016943539,3.3887078e-05,1
MPV17L2,3,0.00016858609,0.00016858609,3
DLEU1,5,0.00016786304,0.00016786304,5
NKX6-1,3,0.00016634443,5.544814e-05,1
STK38L,2,0.00016607765,8.303882e-05,1
GPR75,2,0.00016556439,8.278219e-05,1
LIMD1,8,0.00016508428,2.0635534e-05,1
MDFIC,2,0.00016464264,0.00016464264,2
FKBP15,1,0.00016436765,0.00016436765,1
SF3A2,6,0.00016421467,2.7369111e-05,1
HNRNPA3P1,2,0.00016391177,0.00016391177,2
KATNAL2,1,0.0001637973,0.0001637973,1
RAB11B,13,0.00016325641,1.25581855e-05,1
OR5AU1,6,0.00016245803,5.415268e-05,2
OR10P1,3,0.00016180644,5.393548e-05,1
SDHAF3,1,0.00016125289,0.00016125289,1
OR2F1,10,0.0001611592,3.223184e-05,2
CNTN4,33,0.00016044878,5.348293e-05,11
OR4E1,30,0.00015975334,5.3251115e-05,10
NOX3,10,0.00015962629,1.5962629e-05,1
RABEP2,2,0.00015911937,7.9559686e-05,1
B3GNTL1,4,0.00015865357,3.966339e-05,1
FOXL1,1,0.00015711758,0.00015711758,1
SCAF11,1,0.00015653475,0.00015653475,1
MIR372,2,0.0001557837,7.789185e-05,1
TERC,5,0.00015505288,3.1010575e-05,1
CYP4V2,10,0.00015447439,1.5447438e-05,1
SLPI,3,0.00015421076,5.140359e-05,1
NEGR1,12,0.00015399493,3.8498732e-05,3
MBNL1,8,0.00015383057,0.00015383057,8
SSH1,5,0.00015315642,3.0631283e-05,1
KRT80,2,0.00015234544,7.617272e-05,1
IGSF11,1,0.00015195007,0.00015195007,1
OR2AT4,6,0.00015052994,5.0176648e-05,2
GPRC5B,2,0.00015015175,0.00015015175,2
SLCO2B1,20,0.00014982035,1.4982035e-05,2
DBN1,9,0.00014936402,1.6596001e-05,1
TBC1D15,1,0.00014819851,0.00014819851,1
SCG2,4,0.00014728321,3.6820802e-05,1
HTR3C,5,0.00014709438,2.9418876e-05,1
PAN2,5,0.00014678415,2.935683e-05,1
ADGRV1,1,0.00014664861,0.00014664861,1
SMNDC1,15,0.00014615095,2.923019e-05,3
GEMIN6,4,0.00014590286,3.6475714e-05,1
SYT10,32,0.00014532535,3.6331337e-05,8
MYBL2,17,0.00014490446,8.523792e-06,1
ANXA3,1,0.00014453774,0.00014453774,1
TRA2B,26,0.00014408541,1.1083493e-05,2
ZFP57,12,0.00014347912,0.00014347912,12
USP6NL,16,0.00014264538,1.7830673e-05,2
ZNF836,2,0.00014251345,0.00014251345,2
ZEB1,12,0.00014100489,1.1750407e-05,1
CLPB,4,0.00014068227,0.00014068227,4
RSU1,12,0.000140618,3.51545e-05,3
NRCAM,8,0.00014020022,1.7525028e-05,1
SNRNP35,4,0.00013972074,3.4930184e-05,1
GIMAP2,1,0.00013922567,0.00013922567,1
VSIR,1,0.00013859279,0.00013859279,1
RP9,3,0.00013836946,0.00013836946,3
CABLES2,2,0.00013833171,6.916586e-05,1
KIF14,24,0.00013827898,1.7284872e-05,3
SUFU,51,0.00013772868,8.101687e-06,3
CABLES1,8,0.00013741085,3.4352714e-05,2
TADA2B,8,0.00013735944,1.716993e-05,1
MNX1,1,0.00013637789,0.00013637789,1
CAV3,13,0.00013352449,1.0271115e-05,1
TRA2A,1,0.00013274176,0.00013274176,1
SOX8,9,0.00013261726,4.420576e-05,3
IRAG2,3,0.00013246207,4.415402e-05,1
SKAP1,9,0.00013237189,4.4123957e-05,3
OR10C1,3,0.00013157364,4.3857883e-05,1
MEG3,2,0.00013150543,0.00013150543,2
PSRC1,1,0.00013068349,0.00013068349,1
POMGNT2,16,0.00013060642,3.2651606e-05,4
NABP1,9,0.00012973655,4.3245516e-05,3
PPP4R3B,3,0.00012900909,4.300303e-05,1
ULK2,12,0.00012807922,1.0673269e-05,1
CLMN,1,0.00012696596,0.00012696596,1
ACYP2,2,0.00012695354,6.347677e-05,1
ZNF10,4,0.00012694087,3.1735217e-05,1
ZKSCAN4,3,0.00012551254,4.1837513e-05,1
PEG10,2,0.00012495901,0.00012495901,2
LLGL1,3,0.00012479167,4.159722e-05,1
CHRD,5,0.00012479136,2.4958272e-05,1
KCNA10,3,0.00012474981,4.1583273e-05,1
BANK1,30,0.00012402111,0.00012402111,30
ZNF251,1,0.00012384403,0.00012384403,1
PPIP5K2,24,0.00012280616,2.0467693e-05,4
GPR6,2,0.00012269038,0.00012269038,2
IFT81,7,0.00012197967,1.7425667e-05,1
ADGRD1,2,0.00012151661,0.00012151661,2
CARD10,1,0.000121498764,0.000121498764,1
PARVB,7,0.00012134748,1.7335355e-05,1
HRG,10,0.00012088577,2.4177154e-05,2
IGSF5,2,0.000120609315,6.0304657e-05,1
SIX2,3,0.00012058982,0.00012058982,3
FAM110A,1,0.000120214645,0.000120214645,1
LPP,3,0.00012007403,4.0024675e-05,1
MTIF3,4,0.00011972345,2.9930863e-05,1
BNIP2,12,0.00011963502,3.987834e-05,4
LMF1,4,0.000119591714,2.9897928e-05,1
AKAP7,1,0.000119009215,0.000119009215,1
GATA6,12,0.00011814779,9.845649e-06,1
HSPBP1,1,0.000117660566,0.000117660566,1
IGF2BP2,8,0.000116934985,5.8467493e-05,4
RBP3,1,0.000116918636,0.000116918636,1
SCHIP1,2,0.000116725256,5.8362628e-05,1
MICU2,12,0.000115055205,3.8351733e-05,4
ACP3,4,0.00011505168,2.876292e-05,1
PHLDB2,2,0.0001150442,5.75221e-05,1
DYRK3,15,0.00011407317,0.00011407317,15
FAM3C,16,0.00011352562,2.8381404e-05,4
KLF15,5,0.000113497175,2.2699434e-05,1
L3MBTL1,6,0.00011264399,1.8773999e-05,1
GALNT15,32,0.00011238838,1.4048547e-05,4
TFEC,1,0.000111954,0.000111954,1
BARX2,3,0.00011176125,0.00011176125,3
ZNF783,1,0.000111458736,0.000111458736,1
ZNF624,4,0.00011035703,2.7589258e-05,1
SCARA5,3,0.00011025909,3.675303e-05,1
CNTNAP2,13,0.000110243986,0.000110243986,13
CTNNAL1,2,0.000110144516,5.5072258e-05,1
DCBLD2,2,0.000109416564,0.000109416564,2
ATAT1,2,0.00010874172,5.437086e-05,1
ABCA10,4,0.00010842571,2.7106427e-05,1
SSPN,4,0.00010787271,0.00010787271,4
ZNF7,1,0.00010784123,0.00010784123,1
NHLRC1,2,0.00010771811,0.00010771811,2
GTF2IRD1,12,0.00010725227,5.3626136e-05,6
TIMM17A,4,0.000107247855,5.3623928e-05,2
RPEL1,5,0.00010629393,2.1258786e-05,1
NICN1,3,0.00010505903,3.5019675e-05,1
KANSL1,4,0.00010501944,2.625486e-05,1
RAB11FIP2,8,0.000104693594,0.000104693594,8
SERINC2,3,0.000104593266,3.486442e-05,1
FREM2,2,0.00010362323,5.1811614e-05,1
INF2,2,0.00010264186,5.132093e-05,1
SLC12A5,6,0.00010196059,1.6993432e-05,1
TPPP,12,0.00010163856,3.3879518e-05,4
KCNE3,6,0.00010087528,1.6812546e-05,1
KCNA3,10,0.00010056839,2.0113679e-05,2
PGM5,1,0.00010022392,0.00010022392,1
TNFRSF1B,22,0.00010006683,4.548492e-06,1
EPC1,7,9.89757e-05,1.4139386e-05,1
LINC00624,1,9.872426e-05,9.872426e-05,1
CAPN15,2,9.7810414e-05,4.8905207e-05,1
QTRT1,3,9.780732e-05,3.2602442e-05,1
RAD18,7,9.6906515e-05,1.3843788e-05,1
TPSD1,2,9.666623e-05,9.666623e-05,2
MYO1A,1,9.539813e-05,9.539813e-05,1
RPH3AL,1,9.5346346e-05,9.5346346e-05,1
AGAP1,6,9.4364914e-05,9.4364914e-05,6
SVIL,12,9.28061e-05,4.640305e-05,6
SERPINB8,2,9.275769e-05,4.6378846e-05,1
ANO10,3,9.259255e-05,3.0864183e-05,1
NABP2,4,9.21872e-05,2.30468e-05,1
SPATA18,2,9.2044036e-05,9.2044036e-05,2
VPS41,2,9.1930924e-05,4.5965462e-05,1
U2AF1L5,3,9.152385e-05,3.050795e-05,1
TNFAIP8,4,9.032854e-05,2.2582135e-05,1
WDR45B,4,9.02298e-05,4.51149e-05,2
TMEFF2,6,9.0223584e-05,9.0223584e-05,6
COX18,4,8.993986e-05,4.496993e-05,2
TACC1,2,8.991312e-05,4.495656e-05,1
CALCOCO2,4,8.92884e-05,2.23221e-05,1
NKD2,11,8.889678e-05,8.081525e-06,1
SLC39A12,9,8.753832e-05,2.9179437e-05,3
MICU3,3,8.735955e-05,2.911985e-05,1
KLF7,1,8.715193e-05,8.715193e-05,1
NCAPD3,5,8.621058e-05,1.7242117e-05,1
AKAP10,3,8.5862455e-05,2.8620818e-05,1
NDN,18,8.464808e-05,2.8216027e-05,6
TFCP2,2,8.452594e-05,4.226297e-05,1
GJA3,2,8.38485e-05,4.192425e-05,1
RETNLB,3,8.2961895e-05,8.2961895e-05,3
LMCD1,2,8.266196e-05,4.133098e-05,1
COL8A1,14,8.227336e-05,1.1753337e-05,2
FCGR2C,10,8.035459e-05,1.6070917e-05,2
KIN,6,7.926476e-05,2.6421587e-05,2
ADGRB1,2,7.919638e-05,3.959819e-05,1
ITIH2,8,7.878423e-05,1.9696057e-05,2
ZNF641,4,7.848549e-05,1.9621373e-05,1
TRIM63,11,7.821524e-05,7.1104764e-06,1
CEP72,16,7.78252e-05,4.864075e-06,1
ARSG,18,7.777418e-05,8.641576e-06,2
PTTG1IP,3,7.738995e-05,2.5796651e-05,1
ATF7IP,9,7.711989e-05,2.5706633e-05,3
LRRC59,2,7.626722e-05,3.813361e-05,1
EIF2B5,11,7.568179e-05,6.880163e-06,1
IL17RA,12,7.492286e-05,1.2487143e-05,2
NEUROD1,3,7.4909425e-05,2.4969808e-05,1
HCN1,5,7.47878e-05,1.495756e-05,1
TMEM98,3,7.246602e-05,7.246602e-05,3
DENND2D,4,7.195042e-05,1.7987604e-05,1
CTCFL,7,7.1811526e-05,7.1811526e-05,7
UNC80,3,7.176646e-05,2.3922154e-05,1
RPP14,4,7.093992e-05,1.773498e-05,1
CMC1,30,7.060122e-05,7.060122e-05,30
INO80D,15,7.0436006e-05,1.4087201e-05,3
RAB27B,13,7.032083e-05,5.4092943e-06,1
ZNF266,3,7.001243e-05,2.3337476e-05,1
AIPL1,7,6.846281e-05,6.846281e-05,7
ICAM4,6,6.839649e-05,1.1399415e-05,1
PNPT1,15,6.829814e-05,2.2766046e-05,5
EXOC6B,1,6.793015e-05,6.793015e-05,1
EFHC1,1,6.774615e-05,6.774615e-05,1
ADARB1,5,6.7349814e-05,1.3469963e-05,1
MMP28,1,6.721005e-05,6.721005e-05,1
DNAH1,4,6.707567e-05,1.6768918e-05,1
AS3MT,5,6.663168e-05,1.3326336e-05,1
GATC,1,6.6141605e-05,6.6141605e-05,1
NPPB,14,6.606611e-05,9.438016e-06,2
PTP4A3,2,6.597903e-05,6.597903e-05,2
BCL11A,15,6.5270615e-05,6.5270615e-05,15
RBM47,3,6.5041764e-05,6.5041764e-05,3
PLOD1,5,6.5018205e-05,1.3003641e-05,1
CEP350,2,6.433175e-05,6.433175e-05,2
DCHS2,4,6.402922e-05,6.402922e-05,4
ASGR2,4,6.3913125e-05,1.5978281e-05,1
MYO1B,3,6.197825e-05,6.197825e-05,3
ST8SIA3,20,6.1852144e-05,6.1852143e-06,2
BIRC6,3,6.0696693e-05,2.0232232e-05,1
COMMD10,3,6.0574235e-05,2.0191412e-05,1
ALG12,7,6.054848e-05,8.649783e-06,1
ADAMTS8,6,6.0369915e-05,1.0061653e-05,1
IDNK,2,6.0355767e-05,6.0355767e-05,2
ANXA4,2,5.9775244e-05,2.9887622e-05,1
ZNF680,4,5.9693044e-05,1.4923261e-05,1
SLURP1,1,5.9580823e-05,5.9580823e-05,1
OR1J2,3,5.829498e-05,1.943166e-05,1
TRNT1,5,5.8239635e-05,1.1647927e-05,1
LINC01311,3,5.796008e-05,5.796008e-05,3
GHDC,6,5.7944453e-05,1.9314819e-05,2
SLC12A7,12,5.781986e-05,9.636643e-06,2
SIPA1L3,1,5.7241567e-05,5.7241567e-05,1
STOML3,3,5.6768906e-05,1.8922969e-05,1
CCDC50,1,5.6467805e-05,5.6467805e-05,1
MIR148A,4,5.629213e-05,5.629213e-05,4
OXA1L,7,5.6136192e-05,8.019456e-06,1
CPLX2,2,5.5860233e-05,2.7930117e-05,1
RSPH3,24,5.5725428e-05,5.5725428e-05,24
KCNA6,3,5.4449883e-05,1.8149962e-05,1
GJB6,7,5.40842e-05,5.40842e-05,7
TRAM1L1,1,5.3966578e-05,5.3966578e-05,1
TTLL8,3,5.3883632e-05,1.796121e-05,1
DAZL,16,5.350713e-05,2.6753565e-05,8
FOXP2,3,5.238813e-05,5.238813e-05,3
RAB29,9,5.229544e-05,1.7431814e-05,3
HES2,2,5.2210744e-05,2.6105372e-05,1
SUV39H2,6,5.1833922e-05,8.638987e-06,1
MIR29B2CHG,1,5.1760057e-05,5.1760057e-05,1
INTU,28,5.1586812e-05,2.5793406e-05,14
SNAPC4,14,5.1570772e-05,7.3672527e-06,2
MOBP,12,5.1171784e-05,1.2792946e-05,3
GJA4,2,5.0347677e-05,2.5173838e-05,1
OR11H6,3,5.0279406e-05,1.6759803e-05,1
MACO1,6,5.0164388e-05,8.360731e-06,1
OR6J1,3,5.014271e-05,1.6714237e-05,1
MPZ,6,4.9893377e-05,8.315563e-06,1
CHST9,7,4.9549024e-05,7.078432e-06,1
PMPCA,24,4.9478436e-05,8.246406e-06,4
ABHD2,4,4.9243783e-05,2.4621891e-05,2
GRID2,2,4.9068105e-05,2.4534052e-05,1
DNAAF4,1,4.8424852e-05,4.8424852e-05,1
KLF9,1,4.8189504e-05,4.8189504e-05,1
JADE2,3,4.807525e-05,1.6025084e-05,1
SEPTIN3,2,4.7954563e-05,2.3977282e-05,1
OR7G1,3,4.747693e-05,1.5825643e-05,1
ZNF281,3,4.7122125e-05,4.7122125e-05,3
HORMAD2,24,4.6563946e-05,4.6563946e-05,24
ZNF527,1,4.5970704e-05,4.5970704e-05,1
MMP26,1,4.469949e-05,4.469949e-05,1
NOS1AP,4,4.4611465e-05,2.2305732e-05,2
IPCEF1,2,4.4181343e-05,4.4181343e-05,2
TCOF1,24,4.3534983e-05,4.3534983e-05,24
PIGN,10,4.3520275e-05,8.704054e-06,2
OR5AC2,3,4.349493e-05,1.449831e-05,1
GSTCD,2,4.3074015e-05,4.3074015e-05,2
TCF20,1,4.278328e-05,4.278328e-05,1
LMOD1,2,4.2294294e-05,2.1147147e-05,1
IMPACT,4,4.2242267e-05,1.0560567e-05,1
EXTL3,4,4.1667794e-05,1.04169485e-05,1
CRX,3,4.130146e-05,4.130146e-05,3
ZNF521,60,4.088782e-05,6.8146364e-06,10
GULP1,1,4.0557872e-05,4.0557872e-05,1
NCS1,1,4.054278e-05,4.054278e-05,1
PIWIL3,2,4.0149498e-05,4.0149498e-05,2
HRH4,40,3.939897e-05,3.9398965e-06,4
ARL3,7,3.8894294e-05,5.556328e-06,1
PWRN1,1,3.8710612e-05,3.8710612e-05,1
FAT1,27,3.8528193e-05,1.2842731e-05,9
NLRP6,2,3.7720347e-05,3.7720347e-05,2
PARVG,6,3.767563e-05,1.2558543e-05,2
PRR5L,2,3.756969e-05,3.756969e-05,2
CFHR4,12,3.755217e-05,6.258695e-06,2
PTF1A,2,3.749878e-05,1.874939e-05,1
ADAMTS15,8,3.7461217e-05,9.365304e-06,2
SLC13A5,5,3.7433416e-05,7.486683e-06,1
TAC4,4,3.6841026e-05,1.8420513e-05,2
RP1,6,3.6824145e-05,3.6824145e-05,6
PHF10,1,3.6385314e-05,3.6385314e-05,1
TGFBRAP1,2,3.6340767e-05,1.8170384e-05,1
ELSPBP1,1,3.5939403e-05,3.5939403e-05,1
SORCS1,7,3.535189e-05,3.535189e-05,7
GPR12,54,3.516521e-05,3.516521e-05,54
TFF2,2,3.455141e-05,1.7275705e-05,1
CDCA7L,2,3.4481935e-05,3.4481935e-05,2
MFN2,16,3.4383287e-05,2.1489554e-06,1
PRAM1,1,3.406159e-05,3.406159e-05,1
SYNGR1,24,3.369812e-05,1.1232707e-05,8
PSD2,2,3.367655e-05,3.367655e-05,2
UGGT2,14,3.339219e-05,4.7703124e-06,2
KIAA1217,2,3.2747925e-05,3.2747925e-05,2
JADE1,6,3.2609478e-05,1.0869826e-05,2
ZNF107,1,3.236708e-05,3.236708e-05,1
DNAJC10,1,3.1840493e-05,3.1840493e-05,1
PPP4R1,2,3.180294e-05,3.180294e-05,2
RXYLT1,1,3.1031865e-05,3.1031865e-05,1
ADAM28,1,3.076892e-05,3.076892e-05,1
PTPRO,3,3.0655185e-05,1.0218395e-05,1
NSG1,1,3.0481406e-05,3.0481406e-05,1
AQP4,8,3.037185e-05,3.7964812e-06,1
NEU3,18,3.0343153e-05,1.6857307e-06,1
ERC2,3,3.0164158e-05,3.0164158e-05,3
CLCN6,14,2.9527728e-05,4.218247e-06,2
MCC,2,2.9399609e-05,2.9399609e-05,2
PHOX2A,2,2.9234612e-05,2.9234612e-05,2
DNAJB9,4,2.898718e-05,1.449359e-05,2
KRT78,2,2.8684051e-05,1.4342026e-05,1
CNOT10,11,2.817956e-05,2.5617783e-06,1
PCDH8,3,2.7304732e-05,2.7304732e-05,3
ASTN1,1,2.7269125e-05,2.7269125e-05,1
CHP2,1,2.7253587e-05,2.7253587e-05,1
MBD2,24,2.7066777e-05,4.511129e-06,4
ARRDC4,2,2.6920981e-05,2.6920981e-05,2
DGLUCY,1,2.67389e-05,2.67389e-05,1
FBN3,3,2.6494858e-05,8.831619e-06,1
ACAP3,1,2.6374157e-05,2.6374157e-05,1
ANKS1A,5,2.6073845e-05,2.6073845e-05,5
CASTOR1,2,2.606161e-05,2.606161e-05,2
SLC20A1,4,2.5912675e-05,6.478169e-06,1
RPGRIP1,1,2.4792831e-05,2.4792831e-05,1
GRAMD4,2,2.4560002e-05,2.4560002e-05,2
PRORP,3,2.4371211e-05,8.123737e-06,1
MYRIP,2,2.4333667e-05,2.4333667e-05,2
TTL,3,2.429709e-05,8.099029e-06,1
ATXN10,2,2.4155099e-05,1.2077549e-05,1
OXGR1,6,2.4083274e-05,4.013879e-06,1
GCM1,1,2.3936876e-05,2.3936876e-05,1
PRMT8,2,2.3473325e-05,2.3473325e-05,2
TMEM132E,5,2.3280129e-05,2.3280129e-05,5
POU2F3,2,2.3126773e-05,1.1563387e-05,1
PAFAH2,3,2.293153e-05,7.643844e-06,1
CELF2,1,2.2834745e-05,2.2834745e-05,1
CELSR1,4,2.2825414e-05,1.1412707e-05,2
NINJ1,1,2.2553491e-05,2.2553491e-05,1
APTX,1,2.2369266e-05,2.2369266e-05,1
PRAP1,1,2.1858674e-05,2.1858674e-05,1
OR5H6,3,2.166617e-05,7.222057e-06,1
PDCD11,4,2.1450353e-05,5.362588e-06,1
MYO1H,1,2.1349779e-05,2.1349779e-05,1
CATSPER4,3,2.1336724e-05,7.1122413e-06,1
ZNF740,3,2.0947566e-05,6.982522e-06,1
ECHDC3,4,2.0913918e-05,2.0913918e-05,4
PNRC1,3,2.0291742e-05,2.0291742e-05,3
GCM2,1,1.8947947e-05,1.8947947e-05,1
CECR2,2,1.8720832e-05,1.8720832e-05,2
ZNF91,1,1.7751632e-05,1.7751632e-05,1
LINC-ROR,1,1.7327142e-05,1.7327142e-05,1
SAMSN1,1,1.6654772e-05,1.6654772e-05,1
PBK,2,1.643776e-05,8.21888e-06,1
KCTD1,5,1.6399104e-05,3.279821e-06,1
MIR122,2,1.4991288e-05,7.495644e-06,1
MIR138-1,8,1.4758231e-05,7.3791157e-06,4
PLIN2,9,1.4297164e-05,1.5885738e-06,1
OSBPL1A,5,1.4235446e-05,2.847089e-06,1
GLB1L3,1,1.4074743e-05,1.4074743e-05,1
SLN,2,1.4063351e-05,1.4063351e-05,2
SPATA17,1,1.3676051e-05,1.3676051e-05,1
HDDC3,1,1.3629603e-05,1.3629603e-05,1
SERPINI1,1,1.2883509e-05,1.2883509e-05,1
FREM1,2,1.2797518e-05,6.398759e-06,1
EOGT,1,1.2665334e-05,1.2665334e-05,1
PLCXD3,1,1.2086551e-05,1.2086551e-05,1
SERP1,2,1.1428003e-05,5.7140014e-06,1
SPCS2,9,1.1163891e-05,1.2404323e-06,1
GAS8,1,1.0618879e-05,1.0618879e-05,1
KLK4,1,1.0121549e-05,1.0121549e-05,1
IFRD1,1,1.011882e-05,1.011882e-05,1
GPR156,3,1.0081833e-05,1.0081833e-05,3
WDFY2,1,1.0001527e-05,1.0001527e-05,1
PDLIM3,2,9.93213e-06,9.93213e-06,2
ISCU,2,9.923456e-06,4.961728e-06,1
SETBP1,9,9.75926e-06,9.75926e-06,9
URAD,2,9.562287e-06,9.562287e-06,2
RIOK2,4,9.524579e-06,9.524579e-06,4
SYNE1,1,8.761891e-06,8.761891e-06,1
CDX1,1,8.474061e-06,8.474061e-06,1
ERC1,3,7.850078e-06,2.6166927e-06,1
ADGRA2,1,7.369437e-06,7.369437e-06,1
POSTN,2,7.1953873e-06,3.5976936e-06,1
COMT,37,6.9433872e-06,1.8765911e-07,1
NME8,1,6.83941e-06,6.83941e-06,1
B4GALNT3,1,6.355811e-06,6.355811e-06,1
CALHM1,1,6.1765973e-06,6.1765973e-06,1
POC1A,1,6.000494e-06,6.000494e-06,1
LYZL1,14,5.6189847e-06,2.8094923e-06,7
B4GALNT4,1,5.140894e-06,5.140894e-06,1
HABP4,4,5.0151666e-06,1.2537917e-06,1
ZNF76,1,4.9490354e-06,4.9490354e-06,1
C6orf201,1,4.794739e-06,4.794739e-06,1
B2M,35,4.6534765e-06,1.3295647e-07,1
SSTR2,15,4.3826694e-06,2.9217796e-07,1
LRRFIP1,11,4.307902e-06,3.9162748e-07,1
SFSWAP,1,4.2952074e-06,4.2952074e-06,1
CCK,18,4.247074e-06,2.3594855e-07,1
MAL,2,4.1367675e-06,4.1367675e-06,2
ETV3,1,3.913276e-06,3.913276e-06,1
CCDC9,1,3.8381936e-06,3.8381936e-06,1
STT3B,32,3.7553448e-06,9.388362e-07,8
PCNT,22,3.710854e-06,1.6867517e-07,1
CLTCL1,18,3.1164554e-06,1.7313641e-07,1
PARP10,7,2.8800034e-06,4.1142906e-07,1
CCR8,16,2.8280044e-06,1.7675028e-07,1
SDF2L1,28,2.575887e-06,1.8399193e-07,2
TRAF3IP1,6,2.469194e-06,4.1153234e-07,1
PKD1L1,1,2.4431392e-06,2.4431392e-06,1
CLDN5,17,2.313238e-06,1.3607281e-07,1
CDC42EP4,8,2.1517776e-06,2.689722e-07,1
CCNO,1,2.1458843e-06,2.1458843e-06,1
SYTL3,1,1.9693825e-06,1.9693825e-06,1
ZNF90,1,1.9692004e-06,1.9692004e-06,1
TTR,14,1.927217e-06,1.3765836e-07,1
RNF125,3,1.8810185e-06,6.2700616e-07,1
P2RX6,8,1.762559e-06,2.2031988e-07,1
AKAP3,1,1.6551853e-06,1.6551853e-06,1
HIF1AN,24,1.6466723e-06,2.0583404e-07,3
AHSA1,1,1.6405608e-06,1.6405608e-06,1
DSG3,8,1.5302071e-06,1.9127589e-07,1
PPRC1,5,1.3712464e-06,2.742493e-07,1
SLC25A17,9,1.354208e-06,1.5046756e-07,1
TP53BP2,17,1.2805594e-06,7.532702e-08,1
UBE2L3,17,1.2349668e-06,7.264511e-08,1
IQSEC3,1,1.1949464e-06,1.1949464e-06,1
KRIT1,1,1.1725679e-06,1.1725679e-06,1
DSC1,14,9.963308e-07,1.4233298e-07,2
OR6B3,3,9.474585e-07,3.158195e-07,1
RNF138,8,8.6265976e-07,2.1566494e-07,2
GPSM1,1,7.871877e-07,7.871877e-07,1
TRIM69,4,7.517244e-07,1.879311e-07,1
DNAH14,3,6.86801e-07,2.2893367e-07,1
AKR7A2,7,6.445728e-07,9.2081834e-08,1
DNMBP,6,6.436981e-07,1.0728302e-07,1
SLC39A11,6,6.2989864e-07,2.0996622e-07,2
CDC37L1,4,6.258177e-07,1.5645442e-07,1
MOCOS,12,5.74082e-07,9.5680335e-08,2
TTBK2,5,5.184402e-07,1.0368804e-07,1
LINC00895,1,4.836127e-07,4.836127e-07,1
ARVCF,1,4.8239366e-07,4.8239366e-07,1
GAREM1,1,4.5419597e-07,4.5419597e-07,1
CNIH3,9,4.285258e-07,4.7613977e-08,1
RTN4R,15,4.072982e-07,1.3576604e-07,5
DUOXA2,2,3.3500072e-07,1.6750036e-07,1
UBR1,4,3.1551065e-07,7.887766e-08,1
RECK,10,2.849381e-07,5.6987624e-08,2
ZKSCAN7,3,2.7240097e-07,9.080032e-08,1
RPRD1A,3,2.720162e-07,9.067207e-08,1
GSC2,2,2.2952031e-07,2.2952031e-07,2
INO80C,4,2.1769071e-07,5.4422678e-08,1
CELF4,1,2.1351757e-07,2.1351757e-07,1
DISP1,3,1.7661236e-07,5.8870786e-08,1
C22orf39,2,1.6042834e-07,1.6042834e-07,2
CCDC188,4,1.4463406e-07,1.4463406e-07,4
TESK1,4,1.3320903e-07,3.3302257e-08,1
EPPK1,1,1.0325398e-07,1.0325398e-07,1
LRRC8D,2,8.783246e-08,4.391623e-08,1
TANGO2,1,5.4358456e-08,5.4358456e-08,1
SHF,1,4.9487234e-08,4.9487234e-08,1
WDR26,1,1.5785528e-08,1.5785528e-08,1
