pathway,importance,degree
Inflammatory bowel disease - Homo sapiens (human),0.041726045,55
agrin in postsynaptic differentiation,0.03998813,28
C-type lectin receptor signaling pathway - Homo sapiens (human),0.03543916,71
Renin secretion - Homo sapiens (human),0.033686467,47
Cyclophosphamide Metabolism Pathway,6.527518e-08,5
Leishmania phagocytosis,6.416687e-08,34
Hydrolysis of LPC,5.9520236e-08,7
Centrosome maturation,5.929462e-08,34
Synthesis of Leukotrienes (LT) and Eoxins (EX),5.396689e-08,12
Transfer of Acetyl Groups into Mitochondria,5.378938e-08,6
Stimuli-sensing channels,5.302002e-08,53
Citrullinemia Type I,4.8860667e-08,7
Glycerophospholipid metabolism,4.8856634e-08,68
ABC transporters - Homo sapiens (human),4.6919784e-08,28
signal dependent regulation of myogenesis by corepressor mitr,4.6058496e-08,4
Bladder cancer - Homo sapiens (human),4.59439e-08,25
Sterols are 12-hydroxylated by CYP8B1,4.5914767e-08,1
Formation of HIV elongation complex in the absence of HIV Tat,4.58787e-08,17
Regulation of cholesterol biosynthesis by SREBP (SREBF),4.5427033e-08,10
AGE-RAGE pathway,4.5414637e-08,40
Chylomicron clearance,4.5302748e-08,3
Intracellular Signalling Through FSH Receptor and Follicle Stimulating Hormone,4.5279172e-08,7
Captopril Action Pathway,4.5271467e-08,3
ketogenesis,4.5041407e-08,3
Ca-dependent events,4.5017323e-08,25
Signaling by FGFR3 point mutants in cancer,4.5005308e-08,16
Wax biosynthesis,4.4932904e-08,2
CREB phosphorylation,4.4777305e-08,5
Paclitaxel Action Pathway,4.470294e-08,5
Amine ligand-binding receptors,4.4656648e-08,26
Validated nuclear estrogen receptor beta network,4.463043e-08,9
Steroid biosynthesis - Homo sapiens (human),4.4613966e-08,11
Synthesis of PIPs at the early endosome membrane,4.4515033e-08,6
glutathione biosynthesis,4.433108e-08,2
CREB1 phosphorylation through the activation of Adenylate Cyclase,4.3640796e-08,8
Vinorelbine Action Pathway,4.3637154e-08,7
Sodium-coupled phosphate cotransporters,4.35864e-08,3
Peroxisome - Homo sapiens (human),4.348488e-08,34
melatonin degradation I,4.3359723e-08,6
Presynaptic phase of homologous DNA pairing and strand exchange,4.3308205e-08,18
mTOR signaling pathway,4.3280398e-08,34
DNA methylation,4.3105942e-08,19
Morphine Action Pathway,4.299524e-08,25
Spermidine and Spermine Biosynthesis,4.2409418e-08,1
Negative regulation of FGFR2 signaling,4.2373223e-08,24
the visual cycle I (vertebrates),4.2070628e-08,6
il12 and stat4 dependent signaling pathway in th1 development,4.2049727e-08,13
thio-molybdenum cofactor biosynthesis,4.1896637e-08,1
Mtb iron assimilation by chelation,4.1828176e-08,1
Signaling by NOTCH1 PEST Domain Mutants in Cancer,4.1827278e-08,32
MET activates RAS signaling,4.1656076e-08,4
Reelin signalling pathway,4.1535444e-08,4
DNA strand elongation,4.1431104e-08,13
Phenylalanine degradation,4.141286e-08,6
Taurine and hypotaurine metabolism - Homo sapiens (human),4.1387366e-08,7
Calnexin/calreticulin cycle,4.136514e-08,6
Nucleobase catabolism,4.1353186e-08,19
Nucleotide metabolism,4.1297355e-08,7
Codeine Metabolism Pathway,4.128764e-08,3
APC/C-mediated degradation of cell cycle proteins,4.100161e-08,20
FOXP3 in COVID-19,4.0875946e-08,10
Regulation of Apoptosis,4.075576e-08,4
Carbamoyl Phosphate Synthetase Deficiency,4.071705e-08,7
p38 MAPK Signaling Pathway,4.0703085e-08,22
Rofecoxib Action Pathway,4.052891e-08,14
Fructose metabolism,4.050008e-08,4
Clathrin-mediated endocytosis,4.0472315e-08,71
"Glycogenosis, Type IC",4.0449684e-08,8
Fructose and mannose metabolism - Homo sapiens (human),4.0393438e-08,13
The canonical retinoid cycle in rods (twilight vision),4.018783e-08,11
NoRC negatively regulates rRNA expression,4.0161584e-08,20
Lansoprazole Action Pathway,3.9987846e-08,6
Amino Acid Metabolism Pathway Excerpt (Histidine catabolism extension),3.9856133e-08,2
glutaryl-CoA degradation,3.959365e-08,3
Cyclin A:Cdk2-associated events at S phase entry,3.949271e-08,11
miRNA targets in ECM and membrane receptors,3.94205e-08,19
NRIF signals cell death from the nucleus,3.9210263e-08,8
African trypanosomiasis - Homo sapiens (human),3.9208246e-08,23
MECP2 regulates transcription factors,3.8993917e-08,4
IRF3 mediated activation of type 1 IFN,3.8932164e-08,2
Peptide hormone biosynthesis,3.856321e-08,3
Post-translational modification: synthesis of GPI-anchored proteins,3.850365e-08,41
Fc-epsilon receptor I signaling in mast cells,3.8395783e-08,42
keratinocyte differentiation,3.838671e-08,37
Carprofen Action Pathway,3.829292e-08,14
"Plasma lipoprotein assembly, remodeling, and clearance",3.8253972e-08,32
Phosphate bond hydrolysis by NUDT proteins,3.8243567e-08,1
Cross-presentation of soluble exogenous antigens (endosomes),3.8169535e-08,2
Carfentanil Action Pathway,3.7906144e-08,15
Apoptosis Modulation and Signaling,3.781424e-08,43
Notch Signaling,3.7796596e-08,26
Glycosphingolipid biosynthesis - globo and isoglobo series - Homo sapiens (human),3.7677157e-08,8
how progesterone initiates the oocyte maturation,3.7652196e-08,14
Porphyrin Metabolism,3.749488e-08,6
NR1H2 & NR1H3 regulate gene expression linked to triglyceride lipolysis in adipose,3.7458687e-08,1
Internalization of ErbB1,3.7342943e-08,23
Transport to the Golgi and subsequent modification,3.713267e-08,81
Regulation of toll-like receptor signaling pathway,3.6885822e-08,87
Negative regulation of FGFR1 signaling,3.672064e-08,23
mBDNF and proBDNF regulation of GABA neurotransmission,3.6549462e-08,27
Sodium/Calcium exchangers,3.6494182e-08,6
Carnitine palmitoyl transferase deficiency (II),3.6467917e-08,7
Downregulation of SMAD2/3:SMAD4 transcriptional activity,3.644779e-08,10
Felbamate Metabolism Pathway,3.6349828e-08,1
Anchoring fibril formation,3.627096e-08,5
"Tristetraprolin (TTP, ZFP36) binds and destabilizes mRNA",3.62262e-08,3
FOXA2 and FOXA3 transcription factor networks,3.6161566e-08,19
Translocation of SLC2A4 (GLUT4) to the plasma membrane,3.6062623e-08,15
NAD salvage,3.5983323e-08,4
DDX1 as a regulatory component of the Drosha microprocessor,3.582542e-08,3
PPAR-alpha pathway,3.5753e-08,11
"Metabolic pathway of LDL, HDL and TG, including diseases",3.573839e-08,5
PDGF receptor signaling network,3.5289773e-08,4
Degradation of GLI2 by the proteasome,3.528263e-08,9
CDC6 association with the ORC:origin complex,3.5111555e-08,2
Physiological and pathological hypertrophy of the heart,3.5079758e-08,21
Lactose synthesis,3.5062065e-08,3
Pyruvate metabolism and Citric Acid (TCA) cycle,3.496984e-08,27
Negative regulation of the PI3K/AKT network,3.489891e-08,76
NTF3 activates NTRK3 signaling,3.4769823e-08,2
Scavenging by Class A Receptors,3.4762085e-08,13
MHC class II antigen presentation,3.476124e-08,36
SUMOylation of DNA methylation proteins,3.4761236e-08,7
Inositol phosphate metabolism - Homo sapiens (human),3.4759143e-08,38
superpathway of conversion of glucose to acetyl CoA and entry into the TCA cycle,3.4743387e-08,20
Disorders of Folate Metabolism and Transport,3.4669355e-08,1
Proton-coupled monocarboxylate transport,3.4650707e-08,3
Dectin-1 mediated noncanonical NF-kB signaling,3.4602458e-08,5
Lung fibrosis,3.455739e-08,42
ARL13B-mediated ciliary trafficking of INPP5E,3.4483744e-08,2
Cytochrome P450 - arranged by substrate type,3.4374725e-08,29
triacylglycerol biosynthesis,3.4357935e-08,16
Levomethadyl Acetate Metabolism Pathway,3.4271352e-08,1
"Glycogenosis, Type IB",3.412e-08,8
ATM pathway,3.4108844e-08,13
Etoricoxib Action Pathway,3.4062552e-08,14
Defensins,3.3949807e-08,12
Ubiquitin mediated proteolysis - Homo sapiens (human),3.3927183e-08,65
DNA replication initiation,3.39241e-08,2
Suppression of phagosomal maturation,3.391216e-08,5
cell to cell adhesion signaling,3.3883996e-08,6
Hippo signaling pathway - Homo sapiens (human),3.383109e-08,88
Intra-Golgi and retrograde Golgi-to-ER traffic,3.3527655e-08,87
DARPP-32 events,3.343244e-08,16
IL-6 signaling pathway,3.3321662e-08,30
α-tocopherol degradation,3.3206497e-08,1
Common Pathways Underlying Drug Addiction,3.3166167e-08,26
mRNA Processing,3.3164394e-08,40
Herpes simplex virus 1 infection - Homo sapiens (human),3.3163328e-08,169
Alpha-defensins,3.3139802e-08,3
Voltage gated Potassium channels,3.308657e-08,32
p73 transcription factor network,3.3042326e-08,44
Proximal tubule bicarbonate reclamation - Homo sapiens (human),3.3031093e-08,13
TRAF6 mediated NF-kB activation,3.3021827e-08,9
"Glycine, serine, alanine and threonine metabolism",3.2988506e-08,31
Arachidonic Acid Metabolism,3.2979703e-08,14
Regulation of commissural axon pathfinding by SLIT and ROBO,3.297817e-08,7
Lipid Metabolism Pathway,3.291355e-08,8
Pancreas Function,3.289935e-08,4
Oncostatin M Signaling Pathway,3.2888753e-08,43
Mitochondrial DNA depletion syndrome,3.286036e-08,20
Nitric oxide stimulates guanylate cyclase,3.280237e-08,17
Primary Hyperoxaluria Type I,3.2700072e-08,1
FLT3 mutants bind TKIs,3.268972e-08,1
"ERK Pathway in Huntington,s Disease",3.2622108e-08,7
Dectin-2 family,3.262063e-08,19
Glycosylphosphatidylinositol (GPI)-anchor biosynthesis - Homo sapiens (human),3.25282e-08,7
NR1H2 & NR1H3 regulate gene expression linked to lipogenesis,3.2515004e-08,2
Bupranolol Action Pathway,3.2378175e-08,41
Circadian rhythm pathway,3.2320415e-08,9
Recognition and association of DNA glycosylase with site containing an affected purine,3.2249787e-08,13
Isradipine Action Pathway,3.2245072e-08,41
tumor suppressor arf inhibits ribosomal biogenesis,3.2181273e-08,8
Ribose-5-phosphate isomerase deficiency,3.216015e-08,6
Temocapril Action Pathway,3.2126447e-08,3
Peroxisomal protein import,3.2112858e-08,24
3-Methylglutaconic Aciduria Type III,3.2060715e-08,18
Signaling by FGFR in disease,3.2035285e-08,32
Adrenaline signalling through Alpha-2 adrenergic receptor,3.199412e-08,2
"Glycogenosis, Type III. Cori disease, Debrancher glycogenosis",3.1915583e-08,10
TRAIL signaling pathway,3.189779e-08,15
Scavenging by Class F Receptors,3.1885172e-08,2
Lysosomal oligosaccharide catabolism,3.1872307e-08,1
Cytochrome c-mediated apoptotic response,3.1769765e-08,5
SUMOylation of DNA damage response and repair proteins,3.176821e-08,28
multi-step regulation of transcription by pitx2,3.1724127e-08,19
Glypican 3 network,3.170487e-08,4
Endometrial cancer - Homo sapiens (human),3.1692277e-08,34
Classical pathway of steroidogenesis with glucocorticoid and mineralocorticoid metabolism,3.1691386e-08,6
Pantothenate and CoA biosynthesis - Homo sapiens (human),3.1685097e-08,17
MicroRNAs in cancer - Homo sapiens (human),3.1682074e-08,110
Development of ureteric collection system,3.1639008e-08,30
Sulfate/Sulfite Metabolism,3.1568067e-08,5
Translesion synthesis by REV1,3.155939e-08,6
RNA Polymerase III Abortive And Retractive Initiation,3.120583e-08,12
A tetrasaccharide linker sequence is required for GAG synthesis,3.114642e-08,13
Gastrin-CREB signalling pathway via PKC and MAPK,3.1114183e-08,11
Oxidation of Branched Chain Fatty Acids,3.1107906e-08,6
Metabolism of ingested H2SeO4 and H2SeO3 into H2Se,3.104292e-08,3
Krabbe disease,3.1037732e-08,14
Serotonin Receptor 2 and ELK-SRF-GATA4 signaling,3.0955746e-08,11
"Tetrahydrobiopterin (BH4) synthesis, recycling, salvage and regulation",3.094232e-08,5
Antipyrine Action Pathway,3.0906584e-08,14
HDL remodeling,3.0739805e-08,5
Ethanol metabolism resulting in production of ROS by CYP2E1,3.069121e-08,2
Resolution of Abasic Sites (AP sites),3.0690956e-08,13
Cellular hexose transport,3.0625255e-08,11
Acetylcholine regulates insulin secretion,3.05919e-08,7
Gamma-carboxylation of protein precursors,3.0541123e-08,4
Regulation of PTEN localization,3.0499024e-08,3
ethanol degradation II,3.0435558e-08,3
Gliclazide Action Pathway,3.0400912e-08,4
Signaling events mediated by Stem cell factor receptor (c-Kit),3.0368177e-08,37
Fatty acid Metabolism,3.0357697e-08,7
Thyroid hormone signaling pathway - Homo sapiens (human),3.02371e-08,73
Signaling downstream of RAS mutants,3.009986e-08,31
estrogen responsive protein efp controls cell cycle and breast tumors growth,3.004604e-08,7
The activation of arylsulfatases,2.993626e-08,6
Role of Osx and miRNAs in tooth development,2.9919292e-08,13
Hedgehog,2.9756372e-08,40
Excitatory Neural Signalling Through 5-HTR 7 and  Serotonin ,2.9594704e-08,6
UCH proteinases,2.957263e-08,30
"inosine-5,-phosphate biosynthesis",2.9560441e-08,1
Post NMDA receptor activation events,2.9513089e-08,34
APC-Cdc20 mediated degradation of Nek2A,2.9488202e-08,10
IL2,2.9425921e-08,54
uracil degradation,2.9422141e-08,3
RNA Polymerase II Transcription,2.9415624e-08,527
Gastric acid production,2.9399157e-08,4
Attachment and Entry,2.9398093e-08,3
Toxicity of botulinum toxin type G (botG),2.9307483e-08,2
overview of telomerase protein component gene htert transcriptional regulation,2.9299093e-08,6
Other glycan degradation - Homo sapiens (human),2.9296219e-08,8
Signaling by FLT3 fusion proteins,2.9274963e-08,12
Ornithine Aminotransferase Deficiency (OAT Deficiency),2.9274197e-08,9
platelet amyloid precursor protein pathway,2.9262317e-08,3
NR1H2 and NR1H3-mediated signaling,2.914962e-08,26
nf-kb signaling pathway,2.9135386e-08,13
Long-term depression - Homo sapiens (human),2.9067824e-08,42
Condensation of Prometaphase Chromosomes,2.9016146e-08,5
Pentose phosphate pathway,2.8982983e-08,14
IRS-related events triggered by IGF1R,2.8955503e-08,36
Other types of O-glycan biosynthesis - Homo sapiens (human),2.8936768e-08,31
Drug metabolism - other enzymes - Homo sapiens (human),2.8890833e-08,41
FOXA1 transcription factor network,2.8868218e-08,25
superpathway of methionine degradation,2.8863084e-08,10
Activation of the AP-1 family of transcription factors,2.8848676e-08,8
Dimethyl-branched-chain fatty acid mitochondrial beta-oxidation,2.8805935e-08,6
Choline catabolism,2.8792474e-08,4
Regulation of Ras family activation,2.8755228e-08,19
mRNA Splicing - Major Pathway,2.874717e-08,55
Vitamin digestion and absorption - Homo sapiens (human),2.8726937e-08,16
aspirin triggered resolvin D biosynthesis,2.8724283e-08,2
Biosynthesis of E-series 18(S)-resolvins,2.8721079e-08,3
Nucleotide salvage,2.8709234e-08,9
RHO GTPase Effectors,2.8693654e-08,131
Apoptotic cleavage of cell adhesion  proteins,2.8668836e-08,6
Xanthine Dehydrogenase Deficiency (Xanthinuria),2.8659173e-08,20
lectin induced complement pathway,2.865385e-08,6
miRNA regulation of DNA damage response,2.8647769e-08,30
PKB-mediated events,2.8638024e-08,1
Metastatic brain tumor,2.862475e-08,6
Tyrosinemia Type I,2.8592927e-08,10
fc epsilon receptor i signaling in mast cells,2.8588175e-08,18
Activation of RAC1,2.8582711e-08,6
Aflatoxin activation and detoxification,2.8533565e-08,8
p53-Dependent G1 DNA Damage Response,2.851456e-08,8
4-Hydroxybutyric Aciduria/Succinic Semialdehyde Dehydrogenase Deficiency,2.8475085e-08,14
Pathogenic Escherichia coli infection,2.8459661e-08,25
Recycling of eIF2:GDP,2.8458032e-08,2
Positive epigenetic regulation of rRNA expression,2.843603e-08,32
Mineralocorticoid biosynthesis,2.8400219e-08,2
Glucagon signaling pathway - Homo sapiens (human),2.8377562e-08,47
Replication of the SARS-CoV-2 genome,2.8369811e-08,3
Regulation of actin dynamics for phagocytic cup formation,2.8322965e-08,31
Naloxone Action Pathway,2.8319768e-08,15
Histidine catabolism,2.8293162e-08,3
fmlp induced chemokine gene expression in hmc-1 cells,2.82878e-08,21
STAT5 activation downstream of FLT3 ITD mutants,2.8287642e-08,7
CaMK IV-mediated phosphorylation of CREB,2.8282377e-08,8
Acute Intermittent Porphyria,2.8259764e-08,6
WNT5:FZD7-mediated leishmania damping,2.823252e-08,6
Lidocaine metabolism,2.819715e-08,2
Cortisol synthesis and secretion - Homo sapiens (human),2.8126628e-08,42
Inflammatory Response Pathway,2.8099265e-08,24
Fatty Acid Omega Oxidation,2.8085866e-08,7
D-galactose degradation V (Leloir pathway),2.8081592e-08,3
Kit receptor signaling pathway,2.8076412e-08,43
PPAR signaling pathway - Homo sapiens (human),2.8075675e-08,32
phosphatidylcholine biosynthesis,2.8071547e-08,2
Nucleotide excision repair - Homo sapiens (human),2.8062656e-08,17
DNA damage response,2.8013478e-08,26
Interleukin-1 processing,2.7980475e-08,4
Fas,2.795123e-08,11
Cell Differentiation - Index expanded,2.7945e-08,11
Aurora A signaling,2.7925235e-08,14
L-cysteine degradation I,2.7906472e-08,1
Posttranslational regulation of adherens junction stability and dissassembly,2.789465e-08,34
Statin inhibition of cholesterol production,2.7866166e-08,18
Canonical and non-canonical TGF-B signaling,2.7848397e-08,6
Farnesoid X receptor pathway,2.7807939e-08,13
Signal attenuation,2.7796853e-08,7
RUNX3 regulates BCL2L11 (BIM) transcription,2.7793662e-08,4
Regulation of cytoskeletal remodeling and cell spreading by IPP complex components,2.7770255e-08,5
2-oxoglutarate decarboxylation to succinyl-CoA,2.776545e-08,2
Biosynthesis of DPAn-3-derived 13-series resolvins,2.7738254e-08,1
G alpha (i) signalling events,2.7737663e-08,178
IL17 signaling pathway,2.7736498e-08,22
SHC-mediated cascade:FGFR2,2.7710668e-08,14
MicroRNA (miRNA) biogenesis,2.770622e-08,4
Amyloid fiber formation,2.7671739e-08,32
Alternative complement activation,2.7651993e-08,2
Leptin,2.7617105e-08,40
Alpha-oxidation of phytanate,2.7609062e-08,4
C6 deamination of adenosine,2.7607795e-08,1
FGFR2 ligand binding and activation,2.7572863e-08,14
RUNX2 regulates genes involved in cell migration,2.7541176e-08,4
Regulation of IFNG signaling,2.7533552e-08,12
Collagen formation,2.744493e-08,56
Naproxen Action Pathway,2.7424695e-08,14
Development and heterogeneity of the ILC family,2.7349909e-08,28
bupropion degradation,2.7337798e-08,2
Synthesis of bile acids and bile salts via 24-hydroxycholesterol,2.7336927e-08,3
opposing roles of aif in apoptosis and cell survival,2.7332437e-08,1
Dihydropyrimidinase Deficiency,2.7172472e-08,14
DroToll-like,2.7164887e-08,29
Hormonal control of pubertal growth spurt,2.7161393e-08,1
G2 Phase,2.7138304e-08,3
Common Pathway of Fibrin Clot Formation,2.7131664e-08,11
Serotonin Transporter Activity,2.7124715e-08,4
Cimetidine Metabolism Pathway,2.7075243e-08,1
HIV Life Cycle,2.7061441e-08,57
Protein-protein interactions at synapses,2.7059675e-08,46
Hyperphenylalaninemia due to 6-pyruvoyltetrahydropterin synthase deficiency (ptps),2.704192e-08,4
Proteoglycans in cancer - Homo sapiens (human),2.7035993e-08,122
ID signaling pathway,2.6977336e-08,9
Monoamine Transport,2.6942956e-08,17
Monoamine oxidase-a deficiency (MAO-A),2.6939285e-08,10
signaling pathway from g-protein families,2.6935492e-08,15
Lovastatin Action Pathway,2.6919798e-08,10
EPHB forward signaling,2.691485e-08,26
Thiamine metabolic pathways,2.6902388e-08,4
Signaling mediated by p38-alpha and p38-beta,2.6893122e-08,21
IL-2 signaling pathway,2.6885441e-08,31
Retinoid metabolism and transport,2.6822907e-08,27
Mitochondrial complex II deficiency,2.677723e-08,11
Metabolism of amine-derived hormones,2.674317e-08,9
Degradation of GLI1 by the proteasome,2.6716533e-08,8
Na+/Cl- dependent neurotransmitter transporters,2.6689072e-08,13
Clomipramine Metabolism Pathway,2.6688578e-08,2
Crosslinking of collagen fibrils,2.667932e-08,5
2-oxobutanoate degradation,2.6623496e-08,4
PLK3 signaling events,2.6614549e-08,3
Signaling by SCF-KIT,2.6591152e-08,35
Nicotine Metabolism Pathway,2.6581986e-08,6
"SUMO is transferred from E1 to E2 (UBE2I, UBC9)",2.6543379e-08,2
FRS-mediated FGFR3 signaling,2.6510389e-08,15
Retrograde transport at the Trans-Golgi-Network,2.6483766e-08,22
The oncogenic action of Fumarate,2.642311e-08,14
CDC42 signaling events,2.6416599e-08,38
RHOU GTPase cycle,2.6413982e-08,16
SARS-CoV-2 mitochondrial interactions,2.6410392e-08,14
pyrimidine deoxyribonucleotides <i>de novo</i> biosynthesis,2.6398935e-08,5
Insulin signaling pathway - Homo sapiens (human),2.6388284e-08,62
Verapamil Action Pathway,2.6367774e-08,41
CDT1 association with the CDC6:ORC:origin complex,2.632486e-08,5
Type I diabetes mellitus - Homo sapiens (human),2.6321658e-08,37
Porphyria Variegata (PV),2.6285182e-08,6
RNA degradation - Homo sapiens (human),2.6264185e-08,29
Retinol metabolism - Homo sapiens (human),2.625505e-08,42
Mitochondrial complex III assembly,2.6252245e-08,5
glucocorticoid biosynthesis,2.622826e-08,1
RIP-mediated NFkB activation via ZBP1,2.6216446e-08,7
erythropoietin mediated neuroprotection through nf-kb,2.621589e-08,7
Signaling by ERBB2 TMD/JMD mutants,2.6206393e-08,14
Selenoamino acid metabolism,2.6120158e-08,55
Saccharopinuria/Hyperlysinemia II,2.6110968e-08,8
adenosine nucleotides degradation,2.6082512e-08,7
DNA damage response (only ATM dependent),2.6078228e-08,72
FTO Obesity Variant Mechanism,2.6049594e-08,5
TNF related weak inducer of apoptosis (TWEAK) Signaling Pathway,2.6044788e-08,23
Genes related to primary cilium development (based on CRISPR),2.6042889e-08,50
RhoA signaling pathway,2.5969037e-08,28
EDA signaling in hair follicle development,2.5953362e-08,7
Degradation of the extracellular matrix,2.5918007e-08,55
citrulline-nitric oxide cycle,2.5898187e-08,4
IL4-mediated signaling events,2.5888331e-08,38
Overview of nanoparticle effects,2.5855028e-08,16
Homocarnosinosis,2.5849227e-08,14
Vibrio cholerae infection - Homo sapiens (human),2.5831236e-08,21
Acetaminophen Metabolism Pathway,2.5783995e-08,17
Direct p53 effectors,2.5716616e-08,74
Mucopolysaccharidosis VI. Sly syndrome,2.5682482e-08,10
Extracellular matrix organization,2.568153e-08,175
Scavenging of heme from plasma,2.567456e-08,4
Chronic myeloid leukemia - Homo sapiens (human),2.566862e-08,40
IRAK2 mediated activation of TAK1 complex upon TLR7/8 or 9 stimulation,2.5660931e-08,4
Telomere C-strand (Lagging Strand) Synthesis,2.564474e-08,12
Intrinsic Pathway for Apoptosis,2.5630207e-08,23
mRNA Capping,2.5593202e-08,12
Mitochondrial Fatty Acid Beta-Oxidation,2.5588943e-08,16
2-LTR circle formation,2.5581121e-08,3
Nervous system development,2.5524308e-08,241
Chloroprocaine Action Pathway,2.5518698e-08,15
Ketobemidone  Action Pathway,2.5498057e-08,15
Cell recruitment (pro-inflammatory response),2.5487495e-08,13
VLDL clearance,2.5482523e-08,5
Perindopril Action Pathway,2.547519e-08,3
RUNX2 regulates genes involved in differentiation of myeloid cells,2.5438078e-08,1
Signaling by RAS mutants,2.5397252e-08,31
Enzymatic degradation of dopamine by COMT,2.5397224e-08,1
Tamoxifen Metabolism Pathway,2.5359975e-08,8
Oxysterols derived from cholesterol,2.5348415e-08,6
BMP signaling Dro,2.5320839e-08,15
Regulation of actin cytoskeleton - Homo sapiens (human),2.5192888e-08,119
Mucin type O-glycan biosynthesis - Homo sapiens (human),2.5140363e-08,23
HIV Transcription Initiation,2.5121983e-08,20
Nectin/Necl  trans heterodimerization,2.5115343e-08,6
Serotonin and anxiety,2.5111015e-08,11
Joubert syndrome,2.5104404e-08,15
Primary bile acid biosynthesis - Homo sapiens (human),2.5100196e-08,6
serotonin and melatonin biosynthesis,2.5085747e-08,1
Neuroinflammation,2.5077078e-08,9
Mefenamic Acid Action Pathway,2.5051712e-08,14
Primary immunodeficiency - Homo sapiens (human),2.5036295e-08,23
Cytosolic DNA-sensing pathway - Homo sapiens (human),2.5030822e-08,27
Composition of Lipid Particles,2.502595e-08,3
Maturation of protein 3a,2.5013327e-08,6
Ropivacaine Action Pathway,2.5003535e-08,15
Glutamate Metabolism,2.500149e-08,14
Interconversion of polyamines,2.499306e-08,1
Activation of Na-permeable kainate receptors,2.4981109e-08,2
Fructose Mannose metabolism,2.4975341e-08,16
miR-509-3p alteration of YAP1-ECM axis,2.4967406e-08,12
Ion homeostasis,2.4945539e-08,27
Transport of the SLBP independent Mature mRNA,2.4924116e-08,1
Golgi Associated Vesicle Biogenesis,2.4875886e-08,31
Aryl Hydrocarbon Receptor Pathway,2.4853499e-08,29
Reversible hydration of carbon dioxide,2.4813412e-08,3
Metabolism of Tetrahydrocannabinol (THC),2.4754772e-08,1
Phosphorylation of CD3 and TCR zeta chains,2.4743182e-08,19
let-7 inhibition of ES cell reprogramming,2.473777e-08,6
Serotonin Neurotransmitter Release Cycle,2.4716192e-08,11
Enoxaparin Action Pathway,2.4715925e-08,14
Highly sodium permeable postsynaptic acetylcholine nicotinic receptors,2.471323e-08,3
VEGFR1 specific signals,2.4706042e-08,19
Fanconi Anemia Pathway,2.4691568e-08,15
NADPH regeneration,2.4665987e-08,1
Signaling mediated by p38-gamma and p38-delta,2.4647147e-08,8
p53-Dependent G1/S DNA damage checkpoint,2.4632362e-08,8
BDNF,2.4607807e-08,33
Hedgehog signaling pathway - Homo sapiens (human),2.4571909e-08,37
IGF-Ncore,2.457098e-08,11
androgen biosynthesis,2.4553993e-08,3
Integration of energy metabolism,2.450696e-08,59
Regulation of sister chromatid separation at the metaphase-anaphase transition,2.4477313e-08,5
Glycerophospholipid metabolism - Homo sapiens (human),2.4361329e-08,52
ECM-receptor interaction - Homo sapiens (human),2.4346352e-08,57
HCMV Early Events,2.4341311e-08,33
Regulation of TLR by endogenous ligand,2.4331882e-08,11
PECAM1 interactions,2.4321455e-08,11
ADORA2B mediated anti-inflammatory cytokines production,2.4294904e-08,69
Nicotine Activity on Dopaminergic Neurons,2.4288974e-08,14
Inhibition of nitric oxide production,2.4283878e-08,1
Highly calcium permeable nicotinic acetylcholine receptors,2.4259535e-08,4
Xenobiotics metabolism,2.4215444e-08,33
rRNA modification in the mitochondrion,2.4202869e-08,1
Cytokines and Inflammatory Response,2.4188203e-08,20
Inhibition of DNA recombination at telomere,2.4177064e-08,14
Fat digestion and absorption - Homo sapiens (human),2.4175218e-08,16
COPI-independent Golgi-to-ER retrograde traffic,2.4170799e-08,17
Pentose Phosphate Metabolism,2.4168987e-08,1
Repression of WNT target genes,2.4161107e-08,9
"mRNA 3,-end processing",2.4151888e-08,12
S1P2 pathway,2.4123281e-08,19
Glucose-Alanine Cycle,2.4118613e-08,4
Signaling by ERBB2 in Cancer,2.411336e-08,16
degradation of the rar and rxr by the proteasome,2.4111195e-08,1
NOTCH-Ncore,2.4089342e-08,14
Triglyceride metabolism,2.4080409e-08,13
G beta:gamma signalling through PLC beta,2.4078258e-08,8
RHOJ GTPase cycle,2.4045647e-08,34
Capecitabine Metabolism Pathway,2.403187e-08,3
Arginine and proline metabolism - Homo sapiens (human),2.3981125e-08,21
Nicotinamide salvaging,2.3971761e-08,7
Tryptophan metabolism,2.396832e-08,34
HIV Transcription Elongation,2.3944555e-08,17
Striated Muscle Contraction Pathway,2.3907912e-08,15
deregulation of cdk5 in alzheimers disease,2.3880391e-08,4
PD-1 signaling,2.387569e-08,19
Immune response to tuberculosis,2.387311e-08,15
Regulation of beta-cell development,2.3862192e-08,2
Esomeprazole Action Pathway,2.3837458e-08,6
Transcriptional regulation of testis differentiation,2.3705685e-08,8
C-MYC pathway,2.3684963e-08,15
Phenylbutazone Action Pathway,2.3653604e-08,14
Lagging Strand Synthesis,2.3652628e-08,7
Beta3 integrin cell surface interactions,2.3539458e-08,29
g-protein signaling through tubby proteins,2.3531253e-08,8
Biosynthesis of DPAn-3 SPMs,2.3515495e-08,2
mechanism of gene regulation by peroxisome proliferators via ppara,2.3513792e-08,32
Dual incision in TC-NER,2.3509775e-08,23
Intestinal immune network for IgA production - Homo sapiens (human),2.3486903e-08,37
Di-unsaturated fatty acid beta-oxidation,2.3481634e-08,9
Methylmalonic Aciduria Due to Cobalamin-Related Disorders,2.345357e-08,6
Regulation of PTEN stability and activity,2.3431404e-08,15
LncRNA involvement in canonical Wnt signaling and colorectal cancer,2.3378446e-08,64
phospholipase c signaling pathway,2.3353198e-08,3
DNA Damage/Telomere Stress Induced Senescence,2.3342075e-08,12
Ferroptosis - Homo sapiens (human),2.3330216e-08,22
MAPK and NFkB signaling pathways inhibited by Yersinia YopJ,2.3330067e-08,3
Riboflavin metabolism - Homo sapiens (human),2.3231683e-08,3
Toll Like Receptor 10 (TLR10) Cascade,2.3211125e-08,51
Hypothesized Pathways in Pathogenesis of Cardiovascular Disease,2.3210173e-08,19
TGF-beta receptor signaling in EMT (epithelial to mesenchymal transition),2.317876e-08,6
Regulation of signaling by NODAL,2.317543e-08,3
Glycine and Serine Metabolism,2.3158547e-08,12
CMP phosphorylation,2.3145315e-08,1
rb tumor suppressor/checkpoint signaling in response to dna damage,2.3125645e-08,5
pyrimidine deoxyribonucleotides biosynthesis from CTP,2.3104658e-08,5
Smooth Muscle Contraction,2.3078094e-08,26
TICAM1-dependent activation of IRF3/IRF7,2.3066825e-08,6
Signaling by EGFR,2.3048901e-08,31
SUMOylation of transcription factors,2.3040522e-08,12
PLCG1 events in ERBB2 signaling,2.3035103e-08,3
Rheumatoid arthritis - Homo sapiens (human),2.3021249e-08,59
GRB7 events in ERBB2 signaling,2.298594e-08,5
Steroid hormone biosynthesis - Homo sapiens (human),2.2977948e-08,37
nicotine degradation III,2.2967916e-08,5
Glycosaminoglycan biosynthesis - keratan sulfate - Homo sapiens (human),2.2931548e-08,9
Gap junction degradation,2.2903494e-08,4
Chk1/Chk2(Cds1) mediated inactivation of Cyclin B:Cdk1 complex,2.2891514e-08,5
Hypusine synthesis from eIF5A-lysine,2.288729e-08,1
Purine Metabolism,2.2861304e-08,20
Plasmalogen Synthesis,2.2860393e-08,4
Acetylsalicylic Acid Action Pathway,2.2850674e-08,14
HIV-1 Nef: Negative effector of Fas and TNF-alpha,2.2835476e-08,20
Regulation of RUNX1 Expression and Activity,2.2807471e-08,13
RXR and RAR heterodimerization with other nuclear receptor,2.2789397e-08,17
EGF,2.2788013e-08,15
Biotinidase Deficiency,2.2786105e-08,1
Fructosuria,2.278564e-08,8
CS/DS degradation,2.2735769e-08,3
PCNA-Dependent Long Patch Base Excision Repair,2.273569e-08,7
Ras signaling pathway - Homo sapiens (human),2.2719428e-08,142
Dopaminergic synapse - Homo sapiens (human),2.2682407e-08,79
tryptophan degradation to 2-amino-3-carboxymuconate semialdehyde,2.2655156e-08,4
IFN gamma signaling,2.2618211e-08,6
tpo signaling pathway,2.2608537e-08,16
TWIK related potassium channel (TREK),2.2604446e-08,2
Nuclear Pore Complex (NPC) Disassembly,2.2604286e-08,13
Negative epigenetic regulation of rRNA expression,2.2589164e-08,25
Pyruvate metabolism - Homo sapiens (human),2.2565978e-08,23
LDL remodeling,2.2557753e-08,3
Pyrimidine catabolism,2.2444794e-08,10
Methionine De Novo and Salvage Pathway,2.2426816e-08,12
Complex I biogenesis,2.2414941e-08,16
regulation of splicing through sam68,2.23733e-08,7
glycolysis,2.2367566e-08,6
Carnitine palmitoyl transferase deficiency (I),2.2351966e-08,7
Signaling by GPCR,2.234684e-08,399
Rev-mediated nuclear export of HIV RNA,2.2333378e-08,11
Nevirapine Metabolism Pathway,2.2331587e-08,5
TP53 Regulates Transcription of Genes Involved in G2 Cell Cycle Arrest,2.2297804e-08,5
VEGFA-VEGFR2 Signaling Pathway,2.2271259e-08,237
M Phase,2.2230891e-08,142
Plasma lipoprotein assembly,2.2221897e-08,8
Vitamin B1 (thiamin) metabolism,2.2214074e-08,4
ROS and RNS production in phagocytes,2.2213072e-08,13
IL12 signaling mediated by STAT4,2.2201213e-08,25
Listeria monocytogenes entry into host cells,2.218475e-08,10
Glycosphingolipid biosynthesis - ganglioseries,2.2166997e-08,7
Constitutive Signaling by NOTCH1 HD Domain Mutants,2.2143878e-08,9
Anchoring of the basal body to the plasma membrane,2.2104233e-08,38
Regulation of nuclear SMAD2/3 signaling,2.2103745e-08,40
CXCR4-mediated signaling events,2.204137e-08,57
Toxicity of botulinum toxin type F (botF),2.2012077e-08,4
Downstream signal transduction,2.1977957e-08,20
Nucleobase biosynthesis,2.1963485e-08,6
TP53 network,2.195969e-08,9
B cell receptor signaling,2.1943356e-08,49
il 6 signaling pathway,2.1896918e-08,10
role of nicotinic acetylcholine receptors in the regulation of apoptosis,2.1877934e-08,9
Glycosaminoglycan biosynthesis - heparan sulfate / heparin - Homo sapiens (human),2.1860147e-08,14
Purinergic signaling in leishmaniasis infection,2.1858478e-08,13
Regulation of cortical dendrite branching,2.1829234e-08,4
G1/S-Specific Transcription,2.1774113e-08,8
Congenital Bile Acid Synthesis Defect Type III,2.1769736e-08,6
Congenital Bile Acid Synthesis Defect Type II,2.1769544e-08,6
"Non-genomic actions of 1,25 dihydroxyvitamin D3",2.1756778e-08,47
hop pathway in cardiac development,2.1749221e-08,3
"GPCRs, Class C Metabotropic glutamate, pheromone",2.1744865e-08,12
chrebp regulation by carbohydrates and camp,2.1732356e-08,22
Transcription-Coupled Nucleotide Excision Repair (TC-NER),2.1730703e-08,25
nfat and hypertrophy of the heart ,2.1720973e-08,24
Synthesis of 5-eicosatetraenoic acids,2.171914e-08,5
il-2 receptor beta chain in t cell activation,2.1710736e-08,30
Interferon type I signaling pathways,2.1678389e-08,36
il-10 anti-inflammatory signaling pathway,2.1661783e-08,12
RUNX1 regulates transcription of genes involved in differentiation of myeloid cells,2.1654207e-08,4
RANKL-RANK signaling pathway,2.164597e-08,42
EGFR Transactivation by Gastrin,2.1645468e-08,5
glycerol-3-phosphate shuttle,2.156611e-08,2
SHC1 events in ERBB4 signaling,2.1510722e-08,8
regulation of eif-4e and p70s6 kinase,2.1486844e-08,12
IL11,2.1454596e-08,16
mechanism of protein import into the nucleus,2.1449717e-08,3
Regulation of retinoblastoma protein,2.1441032e-08,33
AURKA Activation by TPX2,2.1437994e-08,27
Furosemide Action Pathway,2.1399693e-08,20
Polyol Pathway,2.139804e-08,2
Melanoma,2.1356648e-08,41
ATM Signaling Pathway,2.1354854e-08,7
XAV939 stabilizes AXIN,2.134641e-08,2
acetate conversion to acetyl-CoA,2.1336016e-08,1
Regulation of PAK-2p34 activity by PS-GAP/RHG10,2.1310061e-08,2
influence of ras and rho proteins on g1 to s transition,2.1283446e-08,14
Unfolded Protein Response (UPR),2.1142572e-08,5
Graft-versus-host disease - Homo sapiens (human),2.1080629e-08,33
Unwinding of DNA,2.1076925e-08,6
NTF3 activates NTRK2 (TRKB) signaling,2.10509e-08,2
Disinhibition of SNARE formation,2.1040922e-08,5
"POU5F1 (OCT4), SOX2, NANOG repress genes related to differentiation",2.1030916e-08,7
BCR,2.1013374e-08,84
TRAIL  signaling,2.096713e-08,5
Frs2-mediated activation,2.0920277e-08,9
"Cobalamin (Cbl, vitamin B12) transport and metabolism",2.0919803e-08,11
RAF activation,2.091911e-08,23
Ghrelin,2.0861528e-08,25
Serotonin receptors,2.0856064e-08,8
Nef mediated downregulation of MHC class I complex cell surface expression,2.0825404e-08,7
SUMOylation of SUMOylation proteins,2.0767603e-08,11
TNF receptor superfamily (TNFSF) members mediating non-canonical NF-kB pathway,2.0749463e-08,11
Base Excision Repair,2.0748297e-08,27
PI5P Regulates TP53 Acetylation,2.0722625e-08,4
TP53 regulates transcription of additional cell cycle genes whose exact role in the p53 pathway remain uncertain,2.0704725e-08,11
P2Y receptors,2.0683164e-08,6
p75NTR signals via NF-kB,2.0682435e-08,9
16p11.2 proximal deletion syndrome,2.0678756e-08,32
Activation of AMPA receptors,2.0674552e-08,2
Phenylketonuria,2.06585e-08,6
NCAM1 interactions,2.0527928e-08,22
Angiopoietin Like Protein 8 Regulatory Pathway,2.0508327e-08,66
Cytosolic sensors of pathogen-associated DNA ,2.0477145e-08,19
Triosephosphate isomerase,2.0384393e-08,8
G1/S DNA Damage Checkpoints,2.0364997e-08,8
Beta Oxidation of Very Long Chain Fatty Acids,2.036469e-08,4
Diseases of metabolism,2.0355497e-08,1
Lysinuric Protein Intolerance,2.0354088e-08,20
Receptor-type tyrosine-protein phosphatases,2.0346189e-08,10
Transcriptional regulation of pluripotent stem cells,2.0331045e-08,19
Epigenetic regulation of gene expression,2.0273488e-08,49
Signaling by FGFR4,2.0264428e-08,29
Thromboxane signalling through TP receptor,2.0237083e-08,9
Plexin-D1 Signaling,2.0230281e-08,14
Hippo-Yap signaling pathway,2.0208304e-08,13
EGFR Tyrosine Kinase Inhibitor Resistance,2.0207576e-08,57
Acetylcholine Synthesis,2.0196554e-08,3
HSF1 activation,2.0182373e-08,9
CD22 mediated BCR regulation,2.018066e-08,3
Depurination,2.0170607e-08,13
PIWI-interacting RNA (piRNA) biogenesis,2.0155671e-08,3
Signaling by Hedgehog,2.0152726e-08,50
Ubiquinone and other terpenoid-quinone biosynthesis - Homo sapiens (human),2.0148502e-08,4
GPR40 Pathway,2.0144256e-08,9
Dibucaine Action Pathway,2.0143913e-08,15
IL-6-type cytokine receptor ligand interactions,2.0143329e-08,13
"PI5P, PP2A and IER3 Regulate PI3K/AKT Signaling",2.0128256e-08,71
Phosphorylation of Emi1,2.0114053e-08,4
Histidinemia,2.011246e-08,7
Mitotic Prometaphase,2.008156e-08,76
Lysine metabolism,2.0080616e-08,27
glycogenolysis,2.0074724e-08,5
Aldosterone synthesis and secretion - Homo sapiens (human),2.0043103e-08,61
fibrinolysis pathway,2.003295e-08,9
TCA Cycle and Deficiency of Pyruvate Dehydrogenase complex (PDHc),2.003113e-08,12
Fluoropyrimidine Activity,2.0016822e-08,22
Interleukin-2 family signaling,2.0012788e-08,30
spliceosomal assembly,1.99992e-08,4
signal transduction through il1r,1.9996337e-08,23
CD28 dependent Vav1 pathway,1.9986349e-08,10
HS-GAG biosynthesis,1.9951752e-08,19
GPCR ligand binding,1.994312e-08,255
Irinotecan Action Pathway,1.9869919e-08,14
Retrograde neurotrophin signalling,1.9850456e-08,6
Fibroblast growth factor-1,1.9841186e-08,38
Budding and maturation of HIV virion,1.9830468e-08,13
ionomycin and phorbal ester signaling pathway,1.9811948e-08,4
HSF1-dependent transactivation,1.9810404e-08,15
Localization of the PINCH-ILK-PARVIN complex to focal adhesions,1.9801973e-08,2
O-linked glycosylation,1.9777701e-08,71
Citric Acid Cycle,1.9776703e-08,11
ACE Inhibitor Pathway,1.9758172e-08,9
Interleukin-12 family signaling,1.974951e-08,13
The NLRP1 inflammasome,1.9736461e-08,2
Buprenorphine Action Pathway,1.9734546e-08,15
Beta1 integrin cell surface interactions,1.9726045e-08,41
Transcriptional regulation by RUNX1,1.971609e-08,92
Formation of the cornified envelope,1.9701169e-08,43
Cytosolic sulfonation of small molecules,1.9662536e-08,13
Regulation of TP53 Expression and Degradation,1.9657755e-08,20
Pertussis - Homo sapiens (human),1.9655849e-08,51
MyD88-independent TLR4 cascade ,1.9606457e-08,60
Soluble ACE2-mediated cell entry of SARS-CoV-2,1.960188e-08,2
Activated NTRK3 signals through PI3K,1.9590415e-08,5
S1P3 pathway,1.9584679e-08,19
sprouty regulation of tyrosine kinase signals,1.9575658e-08,13
Nadolol Action Pathway,1.9566428e-08,41
JAK-STAT-Core,1.9562727e-08,78
Switching of origins to a post-replicative state,1.9548013e-08,21
Codeine Action Pathway,1.9530567e-08,17
Arf1 pathway,1.9522554e-08,10
Prolinemia Type II,1.9511056e-08,9
Oligomerization of connexins into connexons,1.9492255e-08,2
Mitochondrial Beta-Oxidation of Short Chain Saturated Fatty Acids,1.9486627e-08,5
Regulated proteolysis of p75NTR,1.9481064e-08,8
Signaling by extracellular domain mutants of KIT,1.947981e-08,1
Sulindac Metabolic Pathway,1.94761e-08,5
TP53 regulates transcription of several additional cell death genes whose specific roles in p53-dependent apoptosis remain uncertain,1.9475575e-08,9
Mitotic Telophase/Cytokinesis,1.947489e-08,4
Proteoglycan syndecan-mediated signaling events,1.9455761e-08,4
Vitamin B6 metabolism,1.9449804e-08,2
inhibition of cellular proliferation by gleevec,1.944905e-08,16
Activated PKN1 stimulates transcription of AR (androgen receptor) regulated genes KLK2 and KLK3,1.9405526e-08,19
3-Hydroxy-3-Methylglutaryl-CoA Lyase Deficiency,1.940305e-08,18
Signalling to RAS,1.9391585e-08,12
Novel intracellular components of RIG-I-like receptor (RLR) pathway,1.938734e-08,32
attenuation of gpcr signaling,1.9382085e-08,8
KSRP (KHSRP) binds and destabilizes mRNA,1.937995e-08,2
Adaptive Immune System,1.9351013e-08,359
pregnenolone biosynthesis,1.935086e-08,1
Hypermethioninemia,1.9337001e-08,12
Sensory processing of sound by outer hair cells of the cochlea,1.9330592e-08,28
actions of nitric oxide in the heart,1.9315362e-08,25
alternative complement pathway,1.9309757e-08,4
FGFR1 mutant receptor activation,1.9305734e-08,23
Cellular responses to stress,1.9292653e-08,213
Ribosome biogenesis in eukaryotes - Homo sapiens (human),1.9292548e-08,19
SARS-CoV-2 and COVID-19 Pathway,1.9288164e-08,2
S1P5 pathway,1.928447e-08,7
Ketorolac Action Pathway,1.9239579e-08,14
Pyrimidine salvage,1.9238039e-08,5
Antigen processing: Ubiquitination & Proteasome degradation,1.923357e-08,130
HDR through Single Strand Annealing (SSA),1.9213205e-08,18
Thermogenesis - Homo sapiens (human),1.9210278e-08,86
pyrimidine ribonucleosides salvage I,1.920561e-08,2
Nicotine Action Pathway,1.9199557e-08,21
Citrate cycle (TCA cycle) - Homo sapiens (human),1.9194326e-08,19
Mitochondrial fatty acid synthesis pathway,1.9179891e-08,3
Mitochondrial Electron Transport Chain,1.9168413e-08,7
Neutrophil degranulation,1.91656e-08,238
Amphetamine addiction - Homo sapiens (human),1.916477e-08,39
Oncogenic MAPK signaling,1.9144645e-08,46
Dopamine Activation of Neurological Reward System,1.9132184e-08,5
Removal of aminoterminal propeptides from gamma-carboxylated proteins,1.9129976e-08,5
Transferrin endocytosis and recycling,1.9120652e-08,10
Cetuximab Action Pathway,1.9113301e-08,1
<i>N</i>-acetylglucosamine degradation II,1.9107729e-08,3
"Adrenoleukodystrophy, X-linked",1.9087262e-08,4
Alpha9 beta1 integrin signaling events,1.9074221e-08,15
Notch,1.9071656e-08,56
chaperones modulate interferon signaling pathway,1.9066253e-08,9
Glycogen Synthesis and Degradation,1.9053676e-08,20
Adenine phosphoribosyltransferase deficiency (APRT),1.9052646e-08,20
The oncogenic action of Succinate,1.9036058e-08,14
Fibrin Complement Receptor 3 Signaling Pathway,1.8973132e-08,23
Condensation of Prophase Chromosomes,1.897176e-08,21
Removal of the Flap Intermediate from the C-strand,1.8963032e-08,5
JAK-STAT-Ncore,1.8940668e-08,11
Complement cascade,1.8884702e-08,31
Nicotinate and Nicotinamide Metabolism,1.887708e-08,12
miRNA Biogenesis,1.8861549e-08,2
Nanomaterial induced apoptosis,1.8857994e-08,6
FLT3 signaling through SRC family kinases,1.8855497e-08,4
pyrimidine deoxyribonucleosides degradation,1.8850223e-08,3
Fosphenytoin (Antiarrhythmic) Metabolism Pathway,1.8842487e-08,2
Mitotic G2-G2/M phases,1.8801174e-08,58
"Urea cycle and metabolism of arginine, proline, glutamate, aspartate and asparagine",1.8795667e-08,49
Neurotrophin signaling pathway - Homo sapiens (human),1.8794262e-08,69
Metabolism of steroids,1.8746162e-08,56
Mitotic G1 phase and G1/S transition,1.8737376e-08,48
Erythropoietin activates RAS,1.8734312e-08,7
Thiamine metabolism - Homo sapiens (human),1.8717854e-08,7
3-Methylthiofentanyl Action Pathway,1.8709475e-08,15
BMP2 signaling TAK1,1.8695903e-08,10
Lamivudine Metabolism Pathway,1.8689086e-08,11
Signaling by PTK6,1.867077e-08,33
Head and Neck Squamous Cell Carcinoma,1.8663876e-08,41
il 3 signaling pathway,1.8660838e-08,9
Basal cell carcinoma - Homo sapiens (human),1.8632033e-08,39
Regulatory circuits of the STAT3 signaling pathway,1.8613822e-08,53
mir-124 predicted interactions with cell cycle and differentiation,1.8602416e-08,3
lysine degradation I (saccharopine pathway),1.857363e-08,3
Synthesis of PIPs at the Golgi membrane,1.8544107e-08,6
Muscle contraction,1.8537914e-08,104
Vif-mediated degradation of APOBEC3G,1.8523004e-08,3
The alternative pathway of fetal androgen synthesis,1.8515145e-08,3
induction of apoptosis through dr3 and dr4/5 death receptors,1.8501805e-08,11
Synthesis of Lipoxins (LX),1.8498667e-08,2
cxcr4 signaling pathway,1.849192e-08,8
Defective ABCC8 can cause hypo- and hyper-glycemias,1.8485537e-08,1
toll-like receptor pathway,1.8485167e-08,23
N-cadherin signaling events,1.8471507e-08,23
palmitate biosynthesis,1.846457e-08,3
Integrated breast cancer pathway,1.8446057e-08,34
Trafficking of GluR2-containing AMPA receptors,1.8444808e-08,9
Inositol phosphate metabolism,1.8440215e-08,37
Drug metabolism - cytochrome P450 - Homo sapiens (human),1.8426952e-08,37
Cam-PDE 1 activation,1.8426748e-08,2
Protein methylation,1.842656e-08,7
MECP2 regulates transcription of neuronal ligands,1.8424492e-08,4
Leukotriene C4 Synthesis Deficiency,1.8413207e-08,14
Congenital disorder of glycosylation CDG-IId,1.8413196e-08,4
Interleukin-18 signaling,1.8411152e-08,3
Hyperornithinemia-hyperammonemia-homocitrullinuria [HHH-syndrome],1.8410464e-08,9
Post-chaperonin tubulin folding pathway,1.8401018e-08,6
"Base-Excision Repair, AP Site Formation",1.8389898e-08,16
Signaling by FGFR2,1.8389738e-08,42
Formation of Fibrin Clot (Clotting Cascade),1.8375447e-08,22
"Gamma carboxylation, hypusine formation and arylsulfatase activation",1.8370857e-08,15
Galanin receptor pathway,1.8368134e-08,12
Integration of provirus,1.835961e-08,3
Glucocorticoid Receptor Pathway,1.8341357e-08,50
ATM Signaling Network in Development and Disease,1.8314662e-08,20
Ionotropic activity of kainate receptors,1.8304874e-08,7
IGF1R signaling cascade,1.8298856e-08,36
Disulfiram Action Pathway,1.829558e-08,12
glycoaminoglycan-protein linkage region biosynthesis,1.8269196e-08,3
3-Methylglutaconic Aciduria Type IV,1.8262899e-08,18
GABA synthesis,1.8238957e-08,2
Nucleotide Sugars Metabolism,1.8238405e-08,3
serine and glycine biosynthesis,1.8211082e-08,4
TRAF6-mediated induction of TAK1 complex within TLR4 complex,1.818552e-08,7
RHO GTPases activate CIT,1.8181096e-08,11
Chagas disease - Homo sapiens (human),1.8167261e-08,68
Ceramide signaling pathway,1.8160323e-08,23
TP53 Regulates Transcription of Genes Involved in G1 Cell Cycle Arrest,1.8124737e-08,7
Hyperinsulinism-Hyperammonemia Syndrome,1.8113775e-08,14
TFs regulate miRNAs related to cardiac hypertrophy,1.810458e-08,4
Striated Muscle Contraction,1.8103245e-08,13
Phase 3 - rapid repolarisation,1.8101638e-08,6
Toll Like Receptor 3 (TLR3) Cascade,1.8061428e-08,58
hypoxia-inducible factor in the cardivascular system,1.8060552e-08,7
Benazepril Metabolism Pathway,1.8060367e-08,1
Structural Pathway of Interleukin 1 (IL-1),1.8053637e-08,25
The phototransduction cascade,1.805055e-08,15
p75NTR negatively regulates cell cycle via SC1,1.8049555e-08,3
DNA Replication Pre-Initiation,1.804336e-08,15
Signaling by WNT in cancer,1.803133e-08,2
Propoxyphene Action Pathway,1.800236e-08,15
ATF6 (ATF6-alpha) activates chaperones,1.8000343e-08,2
Propanoate metabolism - Homo sapiens (human),1.7995422e-08,15
Aflatoxin B1 metabolism,1.7993358e-08,4
Beta defensins,1.7983464e-08,9
"Unblocking of NMDA receptors, glutamate binding and activation",1.797417e-08,12
ca-calmodulin-dependent protein kinase activation,1.7971752e-08,6
Complement and Coagulation Cascades,1.7966297e-08,35
role of pi3k subunit p85 in regulation of actin organization and cell migration,1.7961941e-08,7
Metabolism of lipids,1.7959595e-08,291
Class A/1 (Rhodopsin-like receptors),1.7955415e-08,193
Signaling by FGFR2 amplification mutants,1.794912e-08,1
Signal Transduction,1.7942856e-08,1320
Lysine degradation - Homo sapiens (human),1.7940085e-08,40
Piroxicam Action Pathway,1.7922275e-08,14
Pausing and recovery of HIV elongation,1.7872598e-08,12
Celecoxib Action Pathway,1.7870455e-08,17
3-phosphoinositide degradation,1.7859351e-08,9
vegf hypoxia and angiogenesis,1.7856497e-08,19
Estrogen signaling pathway,1.7851601e-08,12
Parkin-Ubiquitin Proteasomal System pathway,1.7846617e-08,27
RHO GTPases Activate ROCKs,1.784587e-08,11
PTK6 Regulates RTKs and Their Effectors AKT1 and DOK1,1.7842197e-08,2
Fanconi anemia pathway,1.7840726e-08,18
Hypertrophy Model,1.7840186e-08,14
mechanism of acetaminophen activity and toxicity,1.7839254e-08,2
Synthesis of pyrophosphates in the cytosol,1.7833415e-08,6
SUMOylation of RNA binding proteins,1.783009e-08,14
Lamin A-processing pathway,1.7827537e-08,1
RHO GTPases activate KTN1,1.782478e-08,7
RND2 GTPase cycle,1.7823629e-08,26
Regulation of RhoA activity,1.7818241e-08,30
Mitotic Anaphase,1.7814493e-08,75
ECM proteoglycans,1.7814106e-08,35
Lactic Acidemia,1.7812091e-08,1
sonic hedgehog receptor ptc1 regulates cell cycle,1.7806478e-08,7
Signaling by NTRK2 (TRKB),1.7802122e-08,15
Disopyramide Action Pathway,1.7791935e-08,41
"D-<i>myo</i>-inositol (3,4,5,6)-tetrakisphosphate biosynthesis",1.7790772e-08,2
Proparacaine Action Pathway,1.7790395e-08,15
TWIK-releated acid-sensitive K+ channel (TASK),1.7786132e-08,2
MAPK3 (ERK1) activation,1.7783783e-08,3
Proton/oligopeptide cotransporters,1.7781979e-08,4
Central carbon metabolism in cancer - Homo sapiens (human),1.7776e-08,38
16p11.2 distal deletion syndrome,1.7769104e-08,22
Genotoxicity pathway,1.77533e-08,24
Activation of BIM and translocation to mitochondria ,1.774999e-08,2
Processive synthesis on the C-strand of the telomere,1.7737499e-08,7
Epithelial cell signaling in Helicobacter pylori infection - Homo sapiens (human),1.7733557e-08,37
IL-1 JNK,1.7726183e-08,32
Insertion of tail-anchored proteins into the endoplasmic reticulum membrane,1.771928e-08,11
Cilostazol Action Pathway,1.7707936e-08,1
the prc2 complex sets long-term gene silencing through modification of histone tails,1.7687558e-08,7
Aurora B signaling,1.7678035e-08,17
Neurotransmitter clearance,1.7675099e-08,6
Dopamine beta-hydroxylase deficiency,1.767157e-08,10
NLR Proteins,1.7660934e-08,7
UDP-<i>N</i>-acetyl-D-galactosamine biosynthesis II,1.7656939e-08,4
VEGF ligand-receptor interactions,1.7654292e-08,4
alk in cardiac myocytes,1.764372e-08,12
Mitochondrial translation initiation,1.7632358e-08,22
Ribosome - Homo sapiens (human),1.76314e-08,37
Presynaptic nicotinic acetylcholine receptors,1.762202e-08,5
phosphatidylcholine biosynthesis pathway,1.7615857e-08,1
BMP Signaling Pathway in Eyelid Development,1.7611866e-08,12
Nanoparticle triggered regulated necrosis,1.760321e-08,6
Development of pulmonary dendritic cells and macrophage subsets,1.7599696e-08,10
RHOQ GTPase cycle,1.7594672e-08,37
RND1 GTPase cycle,1.7578387e-08,26
TGF-beta receptor signaling in skeletal dysplasias,1.7571613e-08,34
Neural Crest Cell Migration during Development,1.754289e-08,26
Intestinal hexose absorption,1.7535426e-08,1
Eicosanoid metabolism via cytochrome P450 monooxygenases (CYP) pathway,1.7531708e-08,6
InlB-mediated entry of Listeria monocytogenes into host cell,1.752563e-08,8
PERK regulates gene expression,1.7523917e-08,1
Necroptosis - Homo sapiens (human),1.7505958e-08,73
Bile acids synthesis and enterohepatic circulation,1.7505274e-08,6
phosphorylation of mek1 by cdk5/p35 down regulates the map kinase pathway,1.7504588e-08,8
Organic anion transport,1.7499069e-08,1
Nizatidine Action Pathway,1.7498854e-08,6
Golgi-to-ER retrograde transport,1.7495328e-08,53
Hematopoietic Stem Cell Gene Regulation by GABP alpha-beta Complex,1.7492331e-08,11
Respiratory electron transport,1.7487169e-08,25
Phytochemical activity on NRF2 transcriptional activation,1.7483224e-08,7
FRS-mediated FGFR1 signaling,1.7482332e-08,16
Maturation of nucleoprotein,1.7479074e-08,4
FGFR3 signaling in chondrocyte proliferation and terminal differentiation,1.7475642e-08,20
NRF2 pathway,1.7467782e-08,70
spermine and spermidine degradation I,1.7448166e-08,1
G-protein beta:gamma signalling,1.7441673e-08,14
Beta-catenin independent WNT signaling,1.741461e-08,52
Carvedilol Action Pathway,1.7395438e-08,42
Nicotinate Nicotinamide metabolism,1.7386537e-08,18
CD28 co-stimulation,1.7377713e-08,21
27-Hydroxylase Deficiency,1.7375184e-08,6
"tRNA-derived small RNA (tsRNA or tRNA-related fragment, tRF) biogenesis",1.7374656e-08,2
Miscellaneous transport and binding events,1.7366078e-08,9
Glycogen synthesis,1.7364062e-08,7
diphthamide biosynthesis,1.7361419e-08,1
yaci and bcma stimulation of b cell immune responses,1.7354873e-08,6
Osteoclast Signaling,1.734888e-08,10
Regulation of expression of SLITs and ROBOs,1.7347013e-08,12
ABO blood group biosynthesis,1.7340676e-08,3
regulation of transcriptional activity by pml,1.7330105e-08,8
Glypican 1 network,1.7328794e-08,19
Long-chain-3-hydroxyacyl-coa dehydrogenase deficiency (LCHAD),1.7315262e-08,3
ABC-family proteins mediated transport,1.7304783e-08,27
lissencephaly gene (lis1) in neuronal migration and development,1.7281787e-08,10
VLDLR internalisation and degradation,1.7280943e-08,4
Purine salvage,1.7275063e-08,5
Innate Immune System,1.7265519e-08,496
Aryl Hydrocarbon Receptor Netpath,1.7264593e-08,33
Corticotropin Activation of Cortisol Production,1.7260762e-08,5
Initial triggering of complement,1.7244332e-08,10
Activation of Matrix Metalloproteinases,1.7244252e-08,13
mtor signaling pathway,1.7221542e-08,9
B-WICH complex positively regulates rRNA expression,1.7211695e-08,29
Signaling by BMP,1.721168e-08,11
p38MAPK events,1.7205679e-08,8
acetone degradation I (to methylglyoxal),1.7202908e-08,2
Endothelin Pathways,1.7185808e-08,25
TRAF6 mediated IRF7 activation in TLR7/8 or 9 signaling,1.7184451e-08,3
granzyme a mediated apoptosis pathway,1.718038e-08,2
Histidine metabolism - Homo sapiens (human),1.7166286e-08,10
Signaling by Erythropoietin,1.7159405e-08,17
Creation of C4 and C2 activators,1.7149652e-08,7
TFAP2 (AP-2) family regulates transcription of cell cycle factors,1.7140861e-08,4
Type II Na+/Pi cotransporters,1.7138117e-08,1
Tirofiban Action Pathway,1.71358e-08,1
Nitrendipine Action Pathway,1.7132129e-08,41
Intraflagellar transport,1.7123973e-08,22
Regulation of innate immune responses to cytosolic DNA,1.7120822e-08,6
Activated NTRK2 signals through CDK5,1.7109107e-08,5
CMP-<i>N</i>-acetylneuraminate biosynthesis I (eukaryotes),1.7101428e-08,3
sphingomyelin metabolism/ceramide salvage,1.7094301e-08,3
Magnesium salicylate Action Pathway,1.709073e-08,14
RUNX1 regulates transcription of genes involved in differentiation of HSCs,1.7090462e-08,26
RNA Polymerase I Promoter Opening,1.7089537e-08,1
Acute viral myocarditis,1.7078328e-08,47
Fluvastatin Action Pathway,1.707686e-08,10
FCGR3A-mediated IL10 synthesis,1.7071496e-08,29
Alteplase Action Pathway,1.7070292e-08,14
Th17 cell differentiation - Homo sapiens (human),1.7058017e-08,79
Venlafaxine Metabolism Pathway,1.7055225e-08,2
acyl-CoA hydrolysis,1.7053548e-08,1
IL-4 signaling pathway,1.7049928e-08,35
acetyl-CoA biosynthesis from citrate,1.70456e-08,1
Displacement of DNA glycosylase by APEX1,1.7029652e-08,2
Beta oxidation of hexanoyl-CoA to butanoyl-CoA,1.702116e-08,2
Activation of RAC1 downstream of NMDARs,1.7016559e-08,5
Wnt Signaling Pathway,1.7006696e-08,36
ATP sensitive Potassium channels,1.7004044e-08,4
Formation of tubulin folding intermediates by CCT/TriC,1.6987276e-08,6
G protein gated Potassium channels,1.696099e-08,15
FGF,1.6938639e-08,41
Abacavir metabolism,1.6926352e-08,2
Leukotriene receptors,1.6922728e-08,2
Pexophagy,1.6918632e-08,4
Biosynthesis of specialized proresolving mediators (SPMs),1.691652e-08,10
Phospholipase D signaling pathway - Homo sapiens (human),1.6916474e-08,99
Breakdown of the nuclear lamina,1.6914797e-08,1
oleate biosynthesis,1.6902558e-08,1
ALK2 signaling events,1.6890052e-08,2
activated TAK1 mediates p38 MAPK activation,1.6877294e-08,17
Fanconi-bickel syndrome,1.6862293e-08,4
Circadian rhythm - Homo sapiens (human),1.683603e-08,18
Intra-Golgi traffic,1.6830725e-08,21
Phase II - Conjugation of compounds,1.6830546e-08,59
Irbesartan Action Pathway,1.6828205e-08,3
"Nucleotide-binding domain, leucine rich repeat containing receptor (NLR) signaling pathways",1.6794068e-08,30
transcription regulation by methyltransferase of carm1,1.677233e-08,8
Toll-like Receptor Signaling related to MyD88,1.6762481e-08,16
Mitotic Spindle Checkpoint,1.676066e-08,49
Tryptophan catabolism,1.675747e-08,6
Retrograde endocannabinoid signaling - Homo sapiens (human),1.6724854e-08,79
Metabolism of proteins,1.6716182e-08,800
Metabolism of fat-soluble vitamins,1.670135e-08,29
Omega-6 fatty acid metabolism,1.6701183e-08,10
Alanine Metabolism,1.6699783e-08,1
Tyrosine catabolism,1.6698287e-08,2
SLBP Dependent Processing of Replication-Dependent Histone Pre-mRNAs,1.6691441e-08,1
RNA polymerase II transcribes snRNA genes,1.6687936e-08,26
Visual signal transduction: Rods,1.6687059e-08,9
Ebola Virus Pathway on Host,1.6681737e-08,83
miRNAs involved in DNA damage response,1.666382e-08,8
adenosine deoxyribonucleotides <i>de novo</i> biosynthesis,1.6663515e-08,3
TCA Cycle (aka Krebs or citric acid cycle),1.6659008e-08,9
"GPCRs, Other",1.6654763e-08,47
Interactions of Vpr with host cellular proteins,1.6639522e-08,11
Activation of TRKA receptors,1.6638527e-08,4
Spliceosome - Homo sapiens (human),1.663366e-08,44
"Folate malabsorption, hereditary",1.6632681e-08,7
Cooperation of PDCL (PhLP1) and TRiC/CCT in G-protein beta folding,1.6623263e-08,17
Galactosemia,1.661535e-08,6
Synaptic signaling pathways associated with autism spectrum disorder,1.6608489e-08,30
Copper homeostasis,1.6593717e-08,20
Iminoglycinuria,1.6593596e-08,20
Pantothenate and CoA Biosynthesis,1.658777e-08,5
MASTL Facilitates Mitotic Progression,1.6574159e-08,6
RUNX1 regulates expression of components of tight junctions,1.6569022e-08,3
4-hydroxybenzoate biosynthesis,1.65608e-08,1
glutathione-mediated detoxification,1.6549462e-08,10
EPHA forward signaling,1.6536474e-08,26
Fentanyl Action Pathway,1.6534688e-08,15
skeletal muscle hypertrophy is regulated via akt-mtor pathway,1.6527338e-08,10
RHO GTPases Activate NADPH Oxidases,1.6521282e-08,12
Endosomal/Vacuolar pathway,1.6506945e-08,10
generation of amyloid b-peptide by ps1,1.6485798e-08,2
Metabolism of vitamin K,1.6483847e-08,1
Excitatory Neural Signalling Through 5-HTR 4 and Serotonin,1.6474358e-08,6
"Parathyroid hormone synthesis, secretion and action - Homo sapiens (human)",1.6471768e-08,69
BH3-only proteins associate with and inactivate anti-apoptotic BCL-2 members,1.6471516e-08,3
malate-aspartate shuttle,1.645744e-08,3
Diltiazem Action Pathway,1.6455846e-08,41
Cytosolic tRNA aminoacylation,1.6431601e-08,9
RHO GTPase cycle,1.6431176e-08,240
Validated transcriptional targets of deltaNp63 isoforms,1.6427922e-08,23
CD4 T cell receptor signaling-NFkB cascade,1.6407814e-08,56
IKK complex recruitment mediated by RIP1,1.6341641e-08,12
Activation of SMO,1.6339499e-08,8
Canonical Wnt signaling pathway,1.6338225e-08,10
Desmosterolosis,1.6323494e-08,10
thyroid hormone metabolism II (via conjugation and/or degradation),1.6315951e-08,6
Malaria - Homo sapiens (human),1.6309315e-08,33
Defects of contact activation system (CAS) and kallikrein/kinin system (KKS),1.6296013e-08,2
Integrated Cancer Pathway,1.628868e-08,5
PRC2 methylates histones and DNA,1.6287263e-08,23
Butanoate metabolism - Homo sapiens (human),1.6259303e-08,9
Hyperphenylalaninemia due to dhpr-deficiency,1.6248322e-08,4
Signaling by Receptor Tyrosine Kinases,1.6234875e-08,277
noradrenaline and adrenaline degradation,1.6226206e-08,5
Signaling by MST1,1.621924e-08,2
MAPK6/MAPK4 signaling,1.6217353e-08,25
NO metabolism in cystic fibrosis,1.6210816e-08,7
SUMOylation of immune response proteins,1.620613e-08,6
Glutamate Glutamine metabolism,1.6198385e-08,16
Signaling by moderate kinase activity BRAF mutants,1.619396e-08,31
Proteasome Degradation,1.6192663e-08,27
Paradoxical activation of RAF signaling by kinase inactive BRAF,1.6191752e-08,31
Lysinuric protein intolerance (LPI),1.6190604e-08,20
L13a-mediated translational silencing of Ceruloplasmin expression,1.6184696e-08,33
Chylomicron assembly,1.6181536e-08,5
insulin signaling pathway,1.6179374e-08,6
RAC1 GTPase cycle,1.6179037e-08,116
Toll Like Receptor 7/8 (TLR7/8) Cascade,1.6178832e-08,51
Wnt-beta-catenin signaling pathway in leukemia,1.6174914e-08,17
PI3K Cascade,1.6172113e-08,31
biotin-carboxyl carrier protein assembly,1.6161854e-08,2
Cholesterol Biosynthesis Pathway,1.6147563e-08,7
adenine and adenosine salvage II,1.612951e-08,1
Hyperprolinemia Type I,1.6127773e-08,9
Adenosine Deaminase Deficiency,1.6125842e-08,20
rna polymerase iii transcription,1.611869e-08,2
Computational Model of Aerobic Glycolysis,1.6117195e-08,3
G2/M DNA damage checkpoint,1.610734e-08,38
Timolol Action Pathway,1.6106469e-08,41
Remifentanil Action Pathway,1.6105929e-08,15
tRNA charging,1.6099712e-08,13
prion pathway,1.6094571e-08,12
Syndecan-3-mediated signaling events,1.6092372e-08,15
Familial Hypercholanemia (FHCA),1.6090219e-08,6
Stabilization and expansion of the E-cadherin adherens junction,1.6085757e-08,22
Somatic sex determination,1.6079714e-08,8
Ligand-receptor interactions,1.6079097e-08,7
Dicumarol Action Pathway,1.6070029e-08,14
Non Ketotic Hyperglycinemia,1.6058653e-08,12
PP2A-mediated dephosphorylation of key metabolic factors,1.6057832e-08,5
Downregulation of ERBB4 signaling,1.6057676e-08,4
regulation of pgc-1a,1.6040541e-08,10
IL3-mediated signaling events,1.6038104e-08,16
Genes controlling nephrogenesis,1.6019682e-08,26
Nuclear Receptors in Lipid Metabolism and Toxicity,1.6017882e-08,17
Constitutive Signaling by Aberrant PI3K in Cancer,1.6016074e-08,57
Costimulation by the CD28 family,1.601599e-08,48
tnf/stress related signaling,1.6010125e-08,14
Digestion,1.6008983e-08,10
Hypoacetylaspartia,1.6002282e-08,6
S-Adenosylhomocysteine (SAH) Hydrolase Deficiency,1.6001772e-08,12
Glutathione metabolism - Homo sapiens (human),1.5988423e-08,24
proteasome complex,1.5984417e-08,10
G1 Phase,1.5979232e-08,21
Estrogen biosynthesis,1.5970734e-08,2
Lipid particle organization,1.5965004e-08,4
Inflammatory mediator regulation of TRP channels - Homo sapiens (human),1.5956639e-08,70
Acetylcholine Neurotransmitter Release Cycle,1.5953812e-08,9
Putative anti-Inflammatory metabolites formation from EPA,1.5945044e-08,17
Diseases of Immune System,1.5935655e-08,4
Pre-NOTCH Processing in the Endoplasmic Reticulum,1.5929132e-08,5
Fluoxetine Metabolism Pathway,1.5922755e-08,2
Regulation of mitotic cell cycle,1.5911604e-08,20
Glycerol Phosphate Shuttle,1.5893223e-08,2
"D-<i>myo</i>-inositol (1,3,4)-trisphosphate biosynthesis",1.5874095e-08,9
TRAF6 mediated IRF7 activation,1.5868594e-08,14
Synthesis of PC,1.5852393e-08,17
Biosynthesis of electrophilic ?-3 PUFA oxo-derivatives,1.584924e-08,2
g-secretase mediated erbb4 signaling pathway,1.5847062e-08,6
Mitophagy - animal - Homo sapiens (human),1.5841078e-08,36
guanosine deoxyribonucleotides <i>de novo</i> biosynthesis,1.5837458e-08,3
HIF1A and PPARG regulation of glycolysis,1.5825641e-08,4
VEGFA-VEGFR2 Pathway,1.5814182e-08,55
Orexin and neuropeptides FF and QRFP bind to their respective receptors,1.5814138e-08,3
Eukaryotic Translation Initiation,1.5809526e-08,34
Excitatory Neural Signalling Through 5-HTR 6 and Serotonin ,1.5807206e-08,5
Negative regulation of FGFR4 signaling,1.5804673e-08,23
Vitamin B6-dependent and responsive disorders,1.580419e-08,2
Phase 4 - resting membrane potential,1.5791084e-08,13
epo signaling pathway,1.5781344e-08,7
CRMPs in Sema3A signaling,1.5767313e-08,10
HH-Core,1.576633e-08,12
Signaling events mediated by VEGFR1 and VEGFR2,1.5740197e-08,48
"mRNA decay by 5, to 3, exoribonuclease",1.5733361e-08,5
Cysteine and methionine metabolism - Homo sapiens (human),1.572555e-08,28
Toll Like Receptor 4 (TLR4) Cascade,1.5719335e-08,72
the igf-1 receptor and longevity,1.5714063e-08,9
Hedgehog Signaling Pathway,1.570993e-08,30
RNA Polymerase III Chain Elongation,1.5705247e-08,6
Purinergic signaling,1.5703112e-08,14
Cell Differentiation - Index,1.5701904e-08,7
Assembly of the ORC complex at the origin of replication,1.5685831e-08,1
Rapid glucocorticoid signaling,1.5682161e-08,6
Galactosemia III,1.5678042e-08,3
Interleukin-10 signaling,1.567779e-08,6
Sensory processing of sound,1.5671496e-08,34
Hemostasis,1.5666933e-08,341
Fertilization,1.5656012e-08,14
Activation of G protein gated Potassium channels,1.5645183e-08,15
growth hormone signaling pathway,1.56346e-08,15
estradiol biosynthesis I,1.5628911e-08,4
(S)-reticuline biosynthesis,1.562248e-08,1
Salsalate Action Pathway,1.5608707e-08,14
Activation of caspases through apoptosome-mediated cleavage,1.5608022e-08,1
Toll Like Receptor TLR6:TLR2 Cascade,1.5597575e-08,59
akap95 role in mitosis and chromosome dynamics,1.5587347e-08,6
GLI3 is processed to GLI3R by the proteasome,1.5578292e-08,9
21-hydroxylase deficiency (CYP21),1.5576367e-08,5
OAS antiviral response,1.556938e-08,5
pdgf signaling pathway,1.5563046e-08,16
role of egf receptor transactivation by gpcrs in cardiac hypertrophy,1.5561142e-08,21
Ubiquinol biosynthesis,1.5557971e-08,3
Phenylalanine metabolism - Homo sapiens (human),1.5545684e-08,7
Inactivation of APC/C via direct inhibition of the APC/C complex,1.554358e-08,9
Mitochondrial transcription termination,1.5533935e-08,1
GPVI-mediated activation cascade,1.5532404e-08,26
RNA Polymerase III Transcription Termination,1.5521687e-08,6
mets affect on macrophage differentiation,1.550924e-08,10
Quinapril Action Pathway,1.5506288e-08,3
Vitamin E metabolism,1.5494965e-08,16
Telomere C-strand synthesis initiation,1.5488645e-08,3
NF-kB is activated and signals survival,1.5486604e-08,7
FGFR3c ligand binding and activation,1.5472914e-08,10
Guanidinoacetate Methyltransferase Deficiency (GAMT Deficiency),1.5467055e-08,9
glycine betaine degradation,1.546316e-08,2
Antigen processing-Cross presentation,1.545844e-08,21
Arylamine metabolism,1.543706e-08,6
Intracellular signaling by second messengers,1.5432498e-08,157
Nectin adhesion pathway,1.542168e-08,23
thioredoxin pathway,1.5420284e-08,2
Golgi Cisternae Pericentriolar Stack Reorganization,1.5392773e-08,8
MTOR signalling,1.5390373e-08,13
Tight junction - Homo sapiens (human),1.5363714e-08,87
regulation of ck1/cdk5 by type 1 glutamate receptors,1.5356193e-08,15
Integrin,1.5355965e-08,82
Cargo recognition for clathrin-mediated endocytosis,1.5334559e-08,51
UDP-<i>N</i>-acetyl-D-glucosamine biosynthesis II,1.5333246e-08,3
RAGE,1.5329213e-08,22
double stranded rna induced gene expression,1.5328242e-08,7
TGF-beta Signaling Pathway,1.53234e-08,75
<i>S</i>-methyl-5-thio-α-D-ribose 1-phosphate degradation,1.5318854e-08,2
ceramide signaling pathway,1.5315882e-08,17
Squalene and cholesterol biosynthesis,1.5301975e-08,15
SLC-mediated transmembrane transport,1.5301085e-08,137
Bopindolol Action Pathway,1.5301056e-08,41
Miscellaneous substrates,1.529294e-08,7
superpathway of purine nucleotide salvage,1.5286878e-08,15
Taste transduction - Homo sapiens (human),1.5284888e-08,41
regulation of cell cycle progression by plk3,1.528462e-08,5
Omega-3-Omega-6 FA synthesis,1.5278733e-08,5
Mycophenolic Acid Metabolism Pathway,1.5274395e-08,11
role of mef2d in t-cell apoptosis,1.5255885e-08,19
Procaine Action Pathway,1.5249517e-08,15
"Valine, Leucine and Isoleucine Degradation",1.5243195e-08,18
miR-517 relationship with ARCN1 and USP1,1.523774e-08,2
Downstream signaling of activated FGFR2,1.5237527e-08,20
Metallothioneins bind metals,1.5207064e-08,2
Transcriptional Regulation by E2F6,1.520635e-08,14
γ-glutamyl cycle,1.5203604e-08,4
Small cell lung cancer,1.5202595e-08,51
Leishmania infection,1.5200037e-08,138
Famotidine Action Pathway,1.5194557e-08,6
Plasmalogen biosynthesis,1.5181296e-08,1
Disease,1.5174784e-08,485
Focal adhesion - Homo sapiens (human),1.5159682e-08,121
Osteoblast Signaling,1.5152438e-08,6
Inhibition of TSC complex formation by PKB,1.5148505e-08,2
EPHA2 forward signaling,1.5122916e-08,13
FCGR activation,1.5116793e-08,5
Plasma lipoprotein clearance,1.5110079e-08,15
Aurora C signaling,1.5097017e-08,2
PKA-mediated phosphorylation of key metabolic factors,1.5096933e-08,2
Effects of PIP2 hydrolysis,1.5094125e-08,20
Glycogen breakdown (glycogenolysis),1.5089801e-08,8
Phospholipid metabolism,1.5088355e-08,99
Chondroitin sulfate biosynthesis,1.5086169e-08,11
NAD <i>de novo</i> biosynthesis,1.507653e-08,9
Regulation of MECP2 expression and activity,1.506795e-08,18
Complement Activation,1.5058134e-08,8
TFAP2A acts as a transcriptional repressor during retinoic acid induced cell differentiation,1.5048848e-08,3
MAP3K8 (TPL2)-dependent MAPK1/3 activation,1.5042492e-08,9
Adenylosuccinate Lyase Deficiency,1.5029535e-08,20
tsp-1 induced apoptosis in microvascular endothelial cell,1.5028066e-08,5
Cholesterol metabolism - Homo sapiens (human),1.5027393e-08,29
RUNX2 regulates bone development,1.5026533e-08,17
multiple antiapoptotic pathways from igf-1r signaling lead to bad phosphorylation,1.502305e-08,7
Assembly Of The HIV Virion,1.5020213e-08,7
Vincristine Action Pathway,1.500332e-08,6
Calcium signaling pathway - Homo sapiens (human),1.4999564e-08,146
EGF-Core,1.4988158e-08,67
Metolazone Action Pathway,1.4986252e-08,20
"Signaling by phosphorylated juxtamembrane, extracellular and kinase domain KIT mutants",1.4970023e-08,16
VLDL assembly,1.4959376e-08,3
Omega-9 FA synthesis,1.495677e-08,3
TNFR1-induced proapoptotic signaling,1.4955901e-08,4
control of skeletal myogenesis by hdac and calcium/calmodulin-dependent kinase (camk),1.4955441e-08,6
Kaposi sarcoma-associated herpesvirus infection - Homo sapiens (human),1.4955273e-08,119
Leishmania parasite growth and survival,1.4952882e-08,95
Regulation of p38-alpha and p38-beta,1.4938262e-08,22
RUNX2 regulates osteoblast differentiation,1.4936472e-08,14
"Synthesis, secretion, and inactivation of Glucose-dependent Insulinotropic Polypeptide (GIP)",1.4926648e-08,4
Metoprolol Action Pathway,1.4926322e-08,41
CD40/CD40L signaling,1.4923623e-08,25
GLI proteins bind promoters of Hh responsive genes to promote transcription,1.4921046e-08,6
RHO GTPases activate PAKs,1.4914662e-08,15
apoptotic dna-fragmentation and tissue homeostasis,1.4911421e-08,2
SHC-mediated cascade:FGFR1,1.490868e-08,13
Signal transduction by L1,1.4902081e-08,13
Prefoldin mediated transfer of substrate  to CCT/TriC,1.4896951e-08,7
cystic fibrosis transmembrane conductance regulator (cftr) and beta 2 adrenergic receptor (b2ar) pathway,1.489476e-08,15
Constitutive Signaling by NOTCH1 t(7;9)(NOTCH1:M1580_K2555) Translocation Mutant,1.4892989e-08,2
Glycosphingolipid metabolism,1.4888575e-08,41
Alpha6Beta4Integrin,1.4887894e-08,45
Signaling by kinase domain mutants of KIT,1.4859861e-08,1
Cerivastatin Action Pathway,1.4837935e-08,10
Folate Metabolism,1.48355355e-08,50
Insulin effects increased synthesis of Xylulose-5-Phosphate,1.4834019e-08,1
Tyrosinemia Type 2 (or Richner-Hanhart syndrome),1.4826901e-08,6
RUNX3 regulates NOTCH signaling,1.4823769e-08,8
Terminal pathway of complement,1.4817823e-08,3
PI3K-AKT-mTOR signaling pathway and therapeutic opportunities,1.4810655e-08,18
GABA-Transaminase Deficiency,1.4805673e-08,7
Signaling by NTRKs,1.4804714e-08,84
Complement and coagulation cascades - Homo sapiens (human),1.4804122e-08,51
ifn gamma signaling pathway,1.4802586e-08,5
Prolonged ERK activation events,1.479506e-08,11
HIF-2-alpha transcription factor network,1.4794327e-08,20
Sema4D induced cell migration and growth-cone collapse,1.47942565e-08,13
serine biosynthesis (phosphorylated route),1.47896815e-08,3
Insulin receptor signalling cascade,1.4786948e-08,37
Regulation of localization of FOXO transcription factors,1.4783231e-08,7
TFAP2 (AP-2) family regulates transcription of other transcription factors,1.4782467e-08,4
Capecitabine Action Pathway,1.4781635e-08,3
EPO signaling,1.4773308e-08,105
Regulation of cytoplasmic and nuclear SMAD2/3 signaling,1.4766403e-08,10
Mitochondrial tRNA aminoacylation,1.4760015e-08,7
Lidocaine (Local Anaesthetic) Metabolism Pathway,1.4759273e-08,3
Alzheimer disease - Homo sapiens (human),1.4758209e-08,161
Fatty Acids bound to GPR40 (FFAR1) regulate insulin secretion,1.47510315e-08,4
Fatty acid elongation - Homo sapiens (human),1.4750189e-08,11
trka receptor signaling pathway,1.4749071e-08,7
Downstream signaling of activated FGFR1,1.4748952e-08,21
CD4 T cell receptor signaling-JNK cascade,1.4739907e-08,41
Enzymatic degradation of Dopamine by monoamine oxidase,1.4738184e-08,1
Butanoate metabolism,1.4737551e-08,11
IL-13 signaling,1.4735146e-08,7
Practolol Action Pathway,1.4721218e-08,41
Signaling by NOTCH4,1.471747e-08,14
Ectoderm Differentiation,1.471367e-08,80
Intrinsic Pathway of Fibrin Clot Formation,1.47135735e-08,9
COX reactions,1.4697312e-08,1
Transport and synthesis of PAPS,1.4694946e-08,4
Mepivacaine Action Pathway,1.4691223e-08,15
Phosphodiesterases in neuronal function,1.4691148e-08,40
Betazole Action Pathway,1.4688987e-08,6
mRNA Editing: C to U Conversion,1.4675248e-08,1
"Cerebral organic acidurias, including diseases",1.4672358e-08,1
Purine Nucleoside Phosphorylase Deficiency,1.46706745e-08,20
Pentose and glucuronate interconversions - Homo sapiens (human),1.4658637e-08,24
"Respiratory electron transport, ATP synthesis by chemiosmotic coupling, and heat production by uncoupling proteins.",1.4656264e-08,28
Glycogen synthetase deficiency,1.4653792e-08,10
GABA B receptor activation,1.4638983e-08,26
"Activation of NIMA Kinases NEK9, NEK6, NEK7",1.463771e-08,4
Ovarian tumor domain proteases,1.46312225e-08,25
Activated NTRK2 signals through FYN,1.4628567e-08,4
pelp1 modulation of estrogen receptor activity,1.4609649e-08,4
Intracellular Signalling Through Adenosine Receptor A2b and Adenosine,1.4601155e-08,19
TCA cycle,1.459746e-08,19
Synthesis of DNA,1.4582943e-08,30
Influenza Viral RNA Transcription and Replication,1.4576258e-08,10
Hepatitis C - Homo sapiens (human),1.45653605e-08,81
Prostacyclin signalling through prostacyclin receptor,1.4550483e-08,8
EPH-ephrin mediated repulsion of cells,1.45341295e-08,8
terminal <i>O</i>-glycans residues modification,1.4531547e-08,8
Pre-NOTCH Processing in Golgi,1.4523578e-08,8
GRB2 events in EGFR signaling,1.4509337e-08,7
Glutathione conjugation,1.4489476e-08,15
Betaxolol Action Pathway,1.4487162e-08,41
Gap-filling DNA repair synthesis and ligation in TC-NER,1.4481511e-08,23
"TICAM1,TRAF6-dependent induction of TAK1 complex",1.4453931e-08,5
"D-<i>myo</i>-inositol (1,4,5)-trisphosphate degradation",1.44497045e-08,6
SUMOylation of DNA replication proteins,1.4444266e-08,13
transcriptional activation of dbpb from mrna,1.4442275e-08,2
Selective expression of chemokine receptors during T-cell polarization,1.4438438e-08,21
integrin signaling pathway,1.4422579e-08,20
Acyl chain remodelling of PI,1.4418427e-08,8
Neurophilin interactions with VEGF and VEGFR,1.4416118e-08,4
regulation of bad phosphorylation,1.4406808e-08,12
Coenzyme A biosynthesis,1.439508e-08,6
Thermogenesis,1.43943595e-08,57
Asymmetric localization of PCP proteins,1.4391171e-08,9
Teniposide Metabolism Pathway,1.4383232e-08,2
Short-chain 3-hydroxyacyl-CoA dehydrogenase deficiency (SCHAD),1.4366762e-08,5
IRAK1 recruits IKK complex,1.4364133e-08,7
resolvin D biosynthesis,1.4355574e-08,1
Glycoprotein hormones,1.4353433e-08,2
nfkb activation by nontypeable hemophilus influenzae,1.4348648e-08,17
Prednisone Action Pathway,1.4346619e-08,1
Beta-Alanine Metabolism,1.4344826e-08,7
Nuclear receptors,1.4343657e-08,19
RUNX3 regulates WNT signaling,1.4337589e-08,7
angiotensin ii mediated activation of jnk pathway via pyk2 dependent signaling,1.432682e-08,21
RAF/MAP kinase cascade,1.4313765e-08,150
RUNX1 regulates transcription of genes involved in differentiation of keratinocytes,1.43061625e-08,2
D-Glutamine and D-glutamate metabolism - Homo sapiens (human),1.4299606e-08,3
Disorders of transmembrane transporters,1.42936685e-08,7
RNA Polymerase III Transcription,1.4291858e-08,12
Mitochondrial calcium ion transport,1.4283073e-08,10
Neurotrophic factor-mediated Trk receptor signaling,1.4277405e-08,44
Differentiation of white and brown adipocyte,1.4274729e-08,16
CDC42 GTPase cycle,1.4270153e-08,97
SMAD2/SMAD3:SMAD4 heterotrimer regulates transcription,1.4268968e-08,12
IGF1 pathway,1.4259408e-08,16
Tay-Sachs Disease,1.4254737e-08,9
Integrin cell surface interactions,1.4252981e-08,46
Lysine degradation,1.4249096e-08,14
CLEC7A (Dectin-1) signaling,1.4224376e-08,29
2-Hydroxyglutric Aciduria (D And L Form),1.4222843e-08,14
Mitochondrial Beta-Oxidation of Medium Chain Saturated Fatty Acids,1.4216373e-08,4
pertussis toxin-insensitive ccr5 signaling in macrophage,1.421494e-08,7
Expression and Processing of Neurotrophins,1.42036605e-08,3
Maple Syrup Urine Disease,1.4202885e-08,18
Interleukin-6 family signaling,1.4201413e-08,19
Vesicle-mediated transport,1.41972984e-08,298
SUMOylation of ubiquitinylation proteins,1.4196289e-08,16
Transport of Mature mRNA Derived from an Intronless Transcript,1.4193271e-08,4
Cation-coupled Chloride cotransporters,1.4172736e-08,3
NR1H2 & NR1H3 regulate gene expression to control bile acid homeostasis,1.4161844e-08,5
FGFR1c and Klotho ligand binding and activation,1.4159456e-08,2
MET activates RAP1 and RAC1,1.415509e-08,6
Platelet Adhesion to exposed collagen,1.4137064e-08,9
Alpha-synuclein signaling,1.4134163e-08,20
SARS-CoV-2 Genome Replication and Transcription,1.4128148e-08,3
"PTK6 Regulates RHO GTPases, RAS GTPase and MAP kinases",1.4118019e-08,10
TCA cycle in senescence,1.4115672e-08,8
Vitamin D3 (cholecalciferol) metabolism,1.4096352e-08,8
Conjugation of salicylate with glycine,1.4087194e-08,2
Non-homologous end joining,1.4084396e-08,4
Transport of fatty acids,1.4082496e-08,2
Human cytomegalovirus infection - Homo sapiens (human),1.4082223e-08,126
Fc gamma R-mediated phagocytosis - Homo sapiens (human),1.4080524e-08,63
Caspase activation via Death Receptors in the presence of ligand,1.4071101e-08,11
Hyperornithinemia with gyrate atrophy (HOGA),1.4064585e-08,9
Postsynaptic nicotinic acetylcholine receptors,1.406372e-08,7
SARS-CoV-1 Genome Replication and Transcription,1.4063188e-08,3
"urate biosynthesis/inosine 5,-phosphate degradation",1.4056998e-08,3
proteolysis and signaling pathway of notch,1.40561855e-08,5
KIT mutants bind TKIs,1.4055576e-08,1
EGR2 and SOX10-mediated initiation of Schwann cell myelination,1.4054988e-08,16
Arachidonate production from DAG,1.4054638e-08,3
miRNA regulation of p53 pathway in prostate cancer,1.4053956e-08,14
Biogenic Amine Synthesis,1.4051823e-08,9
Pyruvate kinase deficiency,1.4048293e-08,10
Global Genome Nucleotide Excision Repair (GG-NER),1.4047437e-08,29
Deregulation of Rab and Rab Effector Genes in Bladder Cancer,1.4034499e-08,9
G1 to S cell cycle control,1.4027925e-08,31
Chaperone Mediated Autophagy,1.4019324e-08,7
Wnt signaling pathway and pluripotency,1.4017644e-08,67
Mammary gland development pathway - Pregnancy and lactation (Stage 3 of 4),1.401151e-08,22
Elastic fibre formation,1.4008894e-08,18
CHILD Syndrome,1.399636e-08,10
Abacavir transport and metabolism,1.3991151e-08,7
roles of  arrestin dependent recruitment of src kinases in gpcr signaling,1.3986719e-08,21
Glycolysis Gluconeogenesis,1.3973905e-08,19
Signaling events mediated by TCPTP,1.3971969e-08,27
Signaling by NOTCH1 t(7;9)(NOTCH1:M1580_K2555) Translocation Mutant,1.3969275e-08,2
Glutathione synthesis and recycling,1.3967028e-08,4
TP53 Regulates Transcription of Cell Cycle Genes,1.3959851e-08,21
Miro GTPase Cycle,1.3942792e-08,4
Folate metabolism,1.39418574e-08,12
Homocysteine Degradation,1.3937563e-08,3
metabolism of anandamide an endogenous cannabinoid,1.3935026e-08,4
Non-homologous end-joining - Homo sapiens (human),1.3929467e-08,5
nsp1 from SARS-CoV-2 inhibits translation initiation in the host cell,1.3929221e-08,5
Carnitine synthesis,1.3929073e-08,1
Tuberculosis - Homo sapiens (human),1.3926449e-08,105
Gemcitabine Action Pathway,1.3914171e-08,8
RAC3 GTPase cycle,1.3896187e-08,51
Prolactin Signaling Pathway,1.3876892e-08,52
Androgen and estrogen biosynthesis and metabolism,1.3871547e-08,51
Joubert Syndrome,1.3871016e-08,32
Vitamin B3 (nicotinate and nicotinamide) metabolism,1.3865853e-08,24
Formation of RNA Pol II elongation complex ,1.3865739e-08,23
Vitamins B6 activation to pyridoxal phosphate,1.3855691e-08,1
phospholipases,1.38492044e-08,20
FGFR3 ligand binding and activation,1.3832532e-08,10
Glutathione Synthetase Deficiency,1.3825345e-08,4
SARS-CoV-2 altering angiogenesis via NRP1,1.3820154e-08,4
Glycogen Storage Disease Type 1A (GSD1A) or Von Gierke Disease,1.3818829e-08,8
LncRNA-mediated mechanisms of therapeutic resistance,1.3813651e-08,6
Physiological factors,1.378003e-08,2
G1/S Transition,1.3772317e-08,32
Trk receptor signaling mediated by the MAPK pathway,1.3768303e-08,24
Synthesis of PIPs at the late endosome membrane,1.3762186e-08,6
Ethylmorphine Action Pathway,1.3762005e-08,15
Signalling to p38 via RIT and RIN,1.37596725e-08,5
Aromatase deficiency,1.3757269e-08,7
Suppression of apoptosis,1.3755955e-08,5
PI-3K cascade:FGFR2,1.3754573e-08,16
Downregulation of ERBB2:ERBB3 signaling,1.375165e-08,8
aspirin-triggered lipoxin biosynthesis,1.3748655e-08,2
Beta-mercaptolactate-cysteine disulfiduria,1.3723971e-08,3
glutamate biosynthesis/degradation,1.3723479e-08,1
"Glutamate binding, activation of AMPA receptors and synaptic plasticity",1.3721413e-08,15
Irinotecan Metabolism Pathway,1.3712121e-08,14
Activated NOTCH1 Transmits Signal to the Nucleus,1.37083e-08,19
RHOD GTPase cycle,1.3687912e-08,36
Presenilin action in Notch and Wnt signaling,1.3687685e-08,34
3-hydroxyisobutyric aciduria,1.36867815e-08,18
Corticosterone methyl oxidase I deficiency (CMO I),1.3677663e-08,5
Etodolac Action Pathway,1.3677065e-08,14
G beta:gamma signalling through CDC42,1.3672741e-08,7
urea cycle,1.3669018e-08,2
Viral protein interaction with cytokine and cytokine receptor - Homo sapiens (human),1.3664217e-08,77
JAK STAT MolecularVariation 1,1.3659319e-08,69
Abortive elongation of HIV-1 transcript in the absence of Tat,1.364032e-08,9
Signaling by MRAS-complex mutants,1.3633996e-08,5
IL8- and CXCR1-mediated signaling events,1.3625846e-08,21
Amino acid conjugation of benzoic acid,1.36225475e-08,1
chondroitin sulfate biosynthesis,1.361959e-08,13
Adefovir Dipivoxil Metabolism Pathway,1.36141765e-08,1
NOTCH2 intracellular domain regulates transcription,1.3604118e-08,7
Vitamin D Receptor Pathway,1.3600768e-08,106
AlphaE beta7 integrin cell surface interactions,1.3591028e-08,2
Lumiracoxib Action Pathway,1.3588818e-08,14
Transcription of the HIV genome,1.35851685e-08,27
Tenofovir Metabolism Pathway,1.3582776e-08,1
Keratan sulfate degradation,1.3575937e-08,1
HDR through Homologous Recombination (HRR),1.35685205e-08,26
Pentazocine Action Pathway,1.3548206e-08,15
TBC/RABGAPs,1.354732e-08,16
Vasopressin-like receptors,1.3544452e-08,2
p38 mapk signaling pathway,1.35418e-08,18
Orc1 removal from chromatin,1.35396245e-08,12
Cushing syndrome - Homo sapiens (human),1.3537987e-08,95
Bladder cancer,1.3535752e-08,25
Classical Kir channels,1.3534977e-08,3
Presynaptic depolarization and calcium channel opening,1.3531839e-08,9
Alpha6 beta4 integrin-ligand interactions,1.3526412e-08,9
Trisalicylate-choline Action Pathway,1.3521032e-08,14
srebp control of lipid synthesis,1.3519404e-08,2
DNA replication - Homo sapiens (human),1.3513625e-08,12
Hydroflumethiazide Action Pathway,1.3512334e-08,20
Legionellosis - Homo sapiens (human),1.350735e-08,31
Photodynamic therapy-induced HIF-1 survival signaling,1.3504436e-08,21
Congenital Erythropoietic Porphyria (CEP) or Gunther Disease,1.35024765e-08,6
Leucine Stimulation on Insulin Signaling,1.3502124e-08,10
Extra-nuclear estrogen signaling,1.3493217e-08,39
Heparan sulfate/heparin (HS-GAG) metabolism,1.34894105e-08,29
Molecules associated with elastic fibres,1.3487576e-08,14
Catecholamine biosynthesis,1.3486186e-08,4
Nonsense-Mediated Decay (NMD),1.3485469e-08,32
Vitamins A and D - action mechanisms,1.34805145e-08,2
Modulation by Mtb of host immune system,1.3478901e-08,4
Trafficking of myristoylated proteins to the cilium,1.3465907e-08,2
Pre-NOTCH Expression and Processing,1.3464816e-08,40
Inositol Metabolism,1.34610865e-08,10
Methyclothiazide Action Pathway,1.3459706e-08,20
Amplification and Expansion of Oncogenic Pathways as Metastatic Traits,1.34472415e-08,16
Hh mutants abrogate ligand secretion,1.3444821e-08,5
FGFR3b ligand binding and activation,1.3441511e-08,5
cell cycle: g2/m checkpoint,1.3439352e-08,8
heme biosynthesis,1.343219e-08,2
Inositol transporters,1.3427542e-08,2
Cilazapril Metabolism Pathway,1.3427494e-08,1
Serotonin Receptor 2 and STAT3 Signaling,1.3426093e-08,3
Omeprazole Metabolism Pathway,1.34247475e-08,1
Pterine Biosynthesis,1.3424589e-08,4
TLR ECSIT MEKK1 p38,1.3420065e-08,14
superpathway of pyrimidine deoxyribonucleotides <i>de novo</i> biosynthesis,1.3417671e-08,6
Interleukin-36 pathway,1.3413953e-08,6
SMAC (DIABLO) binds to IAPs ,1.3404799e-08,1
chondroitin sulfate degradation (metazoa),1.3396241e-08,5
Potassium transport channels,1.3393905e-08,2
VxPx cargo-targeting to cilium,1.33846285e-08,9
IL-10 signaling,1.3379364e-08,6
TNF receptor signaling pathway ,1.3366899e-08,24
Hydroxycarboxylic acid-binding receptors,1.3364231e-08,2
Processing of SMDT1,1.3361554e-08,7
Activation of BH3-only proteins,1.3350557e-08,14
JAK STAT MolecularVariation 2,1.3348135e-08,41
Lysine catabolism,1.33464875e-08,8
Cell surface interactions at the vascular wall,1.33442155e-08,77
Neurotransmitter release cycle,1.3343943e-08,30
Hyperphenylalaniemia due to guanosine triphosphate cyclohydrolase deficiency,1.3343531e-08,4
proline biosynthesis,1.33409e-08,1
Mitochondrial ABC transporters,1.3323843e-08,1
Myoadenylate deaminase deficiency,1.331421e-08,20
Homologous recombination - Homo sapiens (human),1.3313332e-08,17
Hydrochlorothiazide Action Pathway,1.3307062e-08,20
"POU5F1 (OCT4), SOX2, NANOG activate genes related to proliferation",1.3303772e-08,7
RET signaling,1.3300912e-08,21
Serotonin clearance from the synaptic cleft,1.3300424e-08,1
Signaling by the B Cell Receptor (BCR),1.3299164e-08,43
Ifosfamide Action Pathway,1.3296637e-08,5
Collagen degradation,1.3285583e-08,21
west nile virus,1.3283002e-08,2
Transcriptional regulation by RUNX3,1.3278813e-08,31
Cell migration and invasion through p75NTR,1.3274856e-08,21
PTK6 Down-Regulation,1.3264909e-08,1
Signaling by ERBB4,1.3262283e-08,33
5-aminoimidazole ribonucleotide biosynthesis,1.3261635e-08,1
role of erbb2 in signal transduction and oncology,1.3246801e-08,19
Defective CFTR causes cystic fibrosis,1.3243806e-08,6
ErbB4 signaling events,1.3232175e-08,23
Imipramine Action Pathway,1.3216823e-08,17
TRP channels,1.3205236e-08,16
Amyotrophic lateral sclerosis - Homo sapiens (human),1.3202005e-08,143
Dermatan sulfate biosynthesis,1.3197182e-08,6
p53 signaling pathway - Homo sapiens (human),1.3182208e-08,44
Resolution of D-loop Structures through Holliday Junction Intermediates,1.3174837e-08,14
Rabeprazole Action Pathway,1.3174682e-08,6
IL1 and megakaryocytes in obesity,1.3174115e-08,14
Phenindione Action Pathway,1.3156471e-08,14
Oleoyl-phe metabolism,1.3155655e-08,1
PI-3K cascade:FGFR3,1.3152824e-08,14
Beta Ureidopropionase Deficiency,1.3152558e-08,14
Melanogenesis - Homo sapiens (human),1.3151156e-08,62
Alpha Linolenic Acid and Linoleic Acid Metabolism,1.3145423e-08,2
STAT6-mediated induction of chemokines,1.31417695e-08,1
Nicotinate and nicotinamide metabolism - Homo sapiens (human),1.3140594e-08,23
Nef Mediated CD4 Down-regulation,1.3137479e-08,2
tetrapyrrole biosynthesis,1.31267495e-08,1
Prolactin receptor signaling,1.3124529e-08,9
DNA-PK pathway in nonhomologous end joining,1.3117612e-08,4
Oxidative Stress Induced Senescence,1.3115459e-08,49
Meloxicam Action Pathway,1.3113243e-08,14
EPHA-mediated growth cone collapse,1.3109348e-08,12
FCERI mediated NF-kB activation,1.3108012e-08,13
atm signaling pathway,1.30959075e-08,10
Overview of leukocyte-intrinsic Hippo pathway functions,1.3095374e-08,23
p53-Independent G1/S DNA damage checkpoint,1.3087714e-08,2
Toll Like Receptor 9 (TLR9) Cascade,1.3085146e-08,52
PKMTs methylate histone lysines,1.3084556e-08,32
Doxorubicin Metabolism Pathway,1.30822295e-08,8
TNFR1-mediated ceramide production,1.3076903e-08,3
Activation of the TFAP2 (AP-2) family of transcription factors,1.3068733e-08,8
Citalopram Metabolism Pathway,1.3059541e-08,2
GABAergic synapse - Homo sapiens (human),1.305084e-08,58
inhibition of matrix metalloproteinases,1.30495295e-08,3
Leading Strand Synthesis,1.304074e-08,5
Caspase activation via extrinsic apoptotic signalling pathway,1.3038795e-08,15
Pyrophosphate hydrolysis,1.30299815e-08,2
eicosapentaenoate biosynthesis,1.30295525e-08,3
Felodipine Action Pathway,1.3024593e-08,41
Glucagon-type ligand receptors,1.301658e-08,19
AKT-mediated inactivation of FOXO1A,1.3011983e-08,2
Benzene metabolism,1.3007549e-08,2
Translation initiation complex formation,1.3007521e-08,15
Moexipril Action Pathway,1.3000486e-08,3
APC/C:Cdc20 mediated degradation of mitotic proteins,1.2995455e-08,13
Mannose type O-glycan biosynthesis - Homo sapiens (human),1.2991521e-08,11
Processive synthesis on the lagging strand,1.2990934e-08,5
Systemic lupus erythematosus - Homo sapiens (human),1.2989737e-08,50
TRIF(TICAM1)-mediated TLR4 signaling ,1.2982583e-08,59
Aminocaproic Acid Action Pathway,1.2974458e-08,14
Constitutive Signaling by Overexpressed ERBB2,1.2968822e-08,6
ROS sensing by NFE2L2,1.2960902e-08,3
Downregulation of ERBB2 signaling,1.29509985e-08,15
Regulation of IFNA signaling,1.2941497e-08,13
e2f1 destruction pathway,1.2940385e-08,5
Ardeparin Action Pathway,1.2937872e-08,14
Ranitidine Action Pathway,1.2936116e-08,6
Intracellular Signalling Through Prostacyclin Receptor and Prostacyclin,1.2935606e-08,6
Activation of NLRP3 Inflammasome by SARS-CoV-2,1.29341915e-08,6
fatty acid β-oxidation (peroxisome),1.2933343e-08,8
tnfr1 signaling pathway,1.2926696e-08,9
Glycerolipids and Glycerophospholipids,1.2924543e-08,11
phosphoinositides and their downstream targets,1.2923981e-08,10
RHO GTPases Activate WASPs and WAVEs,1.2923393e-08,18
Mercaptopurine Metabolism Pathway,1.2922936e-08,9
Glycerolipid metabolism - Homo sapiens (human),1.2915318e-08,37
Human papillomavirus infection - Homo sapiens (human),1.2909833e-08,179
Muscarinic acetylcholine receptors,1.2904325e-08,3
Photodynamic therapy-induced unfolded protein response,1.2902528e-08,14
ahr signal transduction pathway,1.2902368e-08,2
ID,1.2887122e-08,15
15q11.2 copy number variation syndrome,1.2877456e-08,3
Atenolol Action Pathway,1.2858719e-08,41
Autophagy - other - Homo sapiens (human),1.2850623e-08,16
Prilocaine Action Pathway,1.2850313e-08,15
lysine degradation II (pipecolate pathway),1.2845696e-08,2
MET activates PTK2 signaling,1.2842708e-08,3
Notch Signaling Pathway Netpath,1.2838457e-08,36
Endochondral Ossification with Skeletal Dysplasias,1.2823359e-08,41
ErbB1 downstream signaling,1.2815967e-08,57
WNT mediated activation of DVL,1.2815656e-08,5
Histone Modifications,1.2811741e-08,31
Ketoprofen Action Pathway,1.2811478e-08,14
Codeine and Morphine Metabolism,1.2805059e-08,13
Erythropoietin activates Phosphoinositide-3-kinase (PI3K),1.2804907e-08,9
SUMO E3 ligases SUMOylate target proteins,1.2804233e-08,76
Pathways in clear cell renal cell carcinoma,1.2802003e-08,46
H19 action Rb-E2F1 signaling and CDK-Beta-catenin activity,1.279737e-08,7
"Inactivation, recovery and regulation of the phototransduction cascade",1.2795742e-08,15
Nucleotide-like (purinergic) receptors,1.279527e-08,8
Eukaryotic Translation Termination,1.2790753e-08,27
Assembly of active LPL and LIPC lipase complexes,1.27887745e-08,8
Glial Cell Differentiation,1.278829e-08,4
RAB geranylgeranylation,1.278781e-08,26
Signaling by juxtamembrane domain KIT mutants,1.2784034e-08,1
SHC-mediated cascade:FGFR4,1.2778369e-08,13
Cdc20:Phospho-APC/C mediated degradation of Cyclin A,1.2775617e-08,12
Saturated fatty acids beta-oxidation,1.2773114e-08,12
Passive transport by Aquaporins,1.275173e-08,6
Association of TriC/CCT with target proteins during biosynthesis,1.2750694e-08,16
Vitamin B5 - CoA biosynthesis from pantothenate,1.27471065e-08,12
Indapamide Action Pathway,1.2735022e-08,20
Melanoma - Homo sapiens (human),1.2734213e-08,42
Galactose Metabolism,1.27338105e-08,6
NAD Metabolism in Oncogene-Induced Senescence and Mitochondrial Dysfunction-Associated Senescence,1.2730049e-08,14
11-beta-hydroxylase deficiency (CYP11B1),1.2728371e-08,5
Wnt signaling network,1.2723424e-08,18
Ureidopropionase deficiency,1.2716297e-08,7
Membrane binding and targetting of GAG proteins,1.2703546e-08,6
Vitamin B6 metabolism - Homo sapiens (human),1.2701608e-08,2
Synaptic vesicle cycle - Homo sapiens (human),1.2700775e-08,38
Tramadol Metabolism Pathway,1.26997985e-08,5
Cross-presentation of particulate exogenous antigens (phagosomes),1.26989335e-08,3
Transcription of E2F targets under negative control by p107 (RBL1) and p130 (RBL2) in complex with HDAC1,1.269434e-08,4
Wnt Mammals,1.2692819e-08,61
Fatty Acid Biosynthesis,1.2685785e-08,8
Class C/3 (Metabotropic glutamate/pheromone receptors),1.2684966e-08,13
Pyruvate Metabolism,1.2681099e-08,10
Visual signal transduction: Cones,1.2679681e-08,7
MAPK family signaling cascades,1.267423e-08,174
Cholesterol biosynthesis via desmosterol,1.2672396e-08,3
Mono-unsaturated fatty acid beta-oxidation,1.2668282e-08,10
Sucrase-isomaltase deficiency,1.2667249e-08,10
4-hydroxy-2-nonenal detoxification,1.26568205e-08,3
Estrogen-dependent gene expression,1.264476e-08,57
Organelle biogenesis and maintenance,1.2643824e-08,98
sumoylation by ranbp2 regulates transcriptional repression,1.2641554e-08,6
Interleukin-20 family signaling,1.2640048e-08,17
ERKs are inactivated,1.2637477e-08,8
alpha-synuclein and parkin-mediated proteolysis in parkinson`s disease,1.26310145e-08,2
Taurine and Hypotaurine Metabolism,1.2624751e-08,2
Signaling by FGFR2 fusions,1.2619611e-08,1
Signaling by Hippo,1.26167885e-08,8
Inflammasomes,1.2604241e-08,8
Signal transduction through IL1R,1.2602666e-08,20
p75NTR recruits signalling complexes,1.2602626e-08,5
Blood Clotting Cascade,1.2599233e-08,15
Signaling by EGFRvIII in Cancer,1.2599104e-08,8
role of -arrestins in the activation and targeting of map kinases,1.2598796e-08,18
Selective autophagy,1.2598623e-08,32
Caspase activation via Dependence Receptors in the absence of ligand,1.2596314e-08,4
CTLA4 inhibitory signaling,1.2581463e-08,16
Ibandronate Action Pathway,1.2577033e-08,10
Pathogenesis of SARS-CoV-2 Mediated by nsp9-nsp10 Complex,1.2571744e-08,16
"tryptophan degradation X (mammalian, via tryptamine)",1.25707e-08,2
Downregulation of TGF-beta receptor signaling,1.2555441e-08,9
Pathways affected in adenoid cystic carcinoma,1.2525142e-08,34
Processing of DNA double-strand break ends,1.25217685e-08,38
Androgen and Estrogen Metabolism,1.2515628e-08,7
"Cell Cycle, Mitotic",1.250814e-08,203
Cellular responses to external stimuli,1.250498e-08,215
Cancer immunotherapy by CTLA4 blockade,1.2497958e-08,11
IRAK2 mediated activation of TAK1 complex,1.2492277e-08,4
mRNA Editing,1.249056e-08,2
STING mediated induction of host immune responses,1.248497e-08,2
SEMA3A-Plexin repulsion signaling by inhibiting Integrin adhesion,1.2483197e-08,10
Pre-implantation embryo,1.2478202e-08,32
E2F transcription factor network,1.2473339e-08,32
IL-23 signaling,1.2469501e-08,6
SUMOylation of transcription cofactors,1.2466151e-08,18
Signaling events regulated by Ret tyrosine kinase,1.2459113e-08,30
Prostaglandin formation from arachidonate,1.2453158e-08,17
Glutathione metabolism,1.2448634e-08,10
sodd/tnfr1 signaling pathway,1.24333175e-08,6
ERBB2 Activates PTK6 Signaling,1.2433301e-08,8
FoxO family signaling,1.2432455e-08,25
Cyclin A/B1/B2 associated events during G2/M transition,1.2426927e-08,12
Neurodegeneration with brain iron accumulation (NBIA) subtypes pathway,1.2425785e-08,26
Caffeine Metabolism,1.2423875e-08,5
Fosinopril Action Pathway,1.24187025e-08,3
Indomethacin Action Pathway,1.2416241e-08,15
Leigh Syndrome,1.2411646e-08,10
SARS-CoV-2 Infection,1.2409396e-08,15
AICA-Ribosiduria,1.2407362e-08,20
Metal sequestration by antimicrobial proteins,1.2402764e-08,3
RUNX1 regulates transcription of genes involved in interleukin signaling,1.2387517e-08,3
Prednisone Metabolism Pathway,1.2383628e-08,1
Methylenetetrahydrofolate Reductase Deficiency (MTHFRD),1.2374553e-08,18
Huntington disease - Homo sapiens (human),1.2371496e-08,111
Oxidation by Cytochrome P450,1.2369149e-08,32
Signaling by NTRK1 (TRKA),1.235756e-08,73
p53 pathway,1.2352977e-08,30
"Interleukin-3, Interleukin-5 and GM-CSF signaling",1.2350631e-08,33
inactivation of gsk3 by akt causes accumulation of b-catenin in alveolar macrophages,1.2337397e-08,24
Dopamine clearance from the synaptic cleft,1.2327918e-08,1
Amino Sugar Metabolism,1.2320822e-08,9
Glutamatergic synapse - Homo sapiens (human),1.2320034e-08,73
TGF-beta super family signaling pathway canonical,1.2315952e-08,53
Mitochondrial translation termination,1.2304316e-08,21
E2F mediated regulation of DNA replication,1.229891e-08,8
Fondaparinux Action Pathway,1.2295158e-08,14
Calcineurin-regulated NFAT-dependent transcription in lymphocytes,1.2293657e-08,37
Lornoxicam Action Pathway,1.2281538e-08,14
Breast cancer pathway,1.2281178e-08,92
S Phase,1.2274317e-08,38
Alvimopan Action Pathway,1.227354e-08,15
Regucalcin in proximal tubule epithelial kidney cells,1.2271101e-08,9
Carnitine metabolism,1.2267518e-08,3
p53 signaling pathway,1.2263131e-08,6
Transport of nucleotide sugars,1.226134e-08,4
Phase 2 - plateau phase,1.2255509e-08,9
γ-linolenate biosynthesis,1.2250246e-08,5
Shigellosis - Homo sapiens (human),1.2246957e-08,134
Sphingolipid signaling pathway - Homo sapiens (human),1.2245383e-08,74
Adipogenesis,1.224298e-08,80
ATR signaling pathway,1.2233036e-08,15
FOXA2 pathway,1.2232356e-08,8
Base excision repair - Homo sapiens (human),1.2224427e-08,11
Bile secretion - Homo sapiens (human),1.2213653e-08,61
Antiviral mechanism by IFN-stimulated genes,1.2213133e-08,21
Glibenclamide Action Pathway,1.2198766e-08,4
Metalloprotease DUBs,1.2193366e-08,9
Apoptotic factor-mediated response,1.2192664e-08,6
Meiotic recombination,1.2191757e-08,15
Hypophosphatasia,1.2179358e-08,2
phenylalanine degradation/tyrosine biosynthesis,1.2172244e-08,4
Hh mutants are degraded by ERAD,1.216002e-08,5
Signaling by high-kinase activity BRAF mutants,1.215579e-08,22
"Glycine, serine and threonine metabolism - Homo sapiens (human)",1.21456605e-08,13
Amino Acid conjugation,1.2123544e-08,2
Adrenoceptors,1.2119463e-08,7
Fatty acids,1.2116385e-08,9
Benzocaine Action Pathway,1.2101118e-08,15
d4gdi signaling pathway,1.2099295e-08,4
cholesterol biosynthesis I,1.2099113e-08,7
Congenital lactic acidosis,1.2097842e-08,11
Signaling events mediated by the Hedgehog family,1.209647e-08,16
Signaling by FGFR2 IIIa TM,1.2094857e-08,3
Extracellular vesicles in the crosstalk of cardiac cells,1.2086769e-08,13
mRNA surveillance pathway - Homo sapiens (human),1.2084833e-08,38
Sulindac Action Pathway,1.2069796e-08,14
Class IB PI3K non-lipid kinase events,1.2066121e-08,5
Interleukin-23 signaling,1.2065422e-08,7
Human T-cell leukemia virus 1 infection - Homo sapiens (human),1.2051576e-08,128
Airway smooth muscle cell contraction,1.2046089e-08,9
Regulation of ornithine decarboxylase (ODC),1.2045321e-08,3
glutathione redox reactions II,1.20443175e-08,1
L-dopa degradation,1.2039561e-08,1
COPII-mediated vesicle transport,1.2038356e-08,31
Pausing and recovery of Tat-mediated HIV elongation,1.2018831e-08,12
Purine ribonucleoside monophosphate biosynthesis,1.2016432e-08,5
Phospholipase C-mediated cascade; FGFR4,1.2011198e-08,11
Artemether Metabolism Pathway,1.20052235e-08,3
Non-small cell lung cancer - Homo sapiens (human),1.1993732e-08,44
Pancreatic cancer - Homo sapiens (human),1.1972771e-08,39
Oxprenolol Action Pathway,1.1970738e-08,41
Pyrimidine Metabolism,1.1969671e-08,14
eIF5A regulation in response to inhibition of the nuclear export system,1.1965333e-08,2
4-hydroxyproline degradation,1.196532e-08,2
Pindolol Action Pathway,1.1951545e-08,41
Lactose Degradation,1.1941257e-08,4
Role of second messengers in netrin-1 signaling,1.1936285e-08,3
Transcriptional regulation by the AP-2 (TFAP2) family of transcription factors,1.1914206e-08,25
Regulation of FOXO transcriptional activity by acetylation,1.1912915e-08,6
putrescine degradation III,1.1905993e-08,3
Leishmaniasis - Homo sapiens (human),1.18992265e-08,58
Serine biosynthesis,1.1878858e-08,5
RNA Polymerase III Transcription Initiation From Type 1 Promoter,1.1872151e-08,9
Gap junction - Homo sapiens (human),1.1871119e-08,51
Synthesis of Prostaglandins (PG) and Thromboxanes (TX),1.1869138e-08,5
DNA Replication,1.1863269e-08,32
Synthesis of PG,1.1853754e-08,3
Deactivation of the beta-catenin transactivating complex,1.1852247e-08,13
Negative regulation of activity of TFAP2 (AP-2) family transcription factors,1.1852091e-08,8
1q21.1 copy number variation syndrome,1.18389165e-08,11
Folate biosynthesis - Homo sapiens (human),1.1836218e-08,14
Felodipine Metabolism Pathway,1.1835821e-08,2
Regulation of TP53 Activity,1.18313075e-08,76
DEx/H-box helicases activate type I IFN and inflammatory cytokines production ,1.1820872e-08,5
mitochondrial fatty acid beta-oxidation of unsaturated fatty acids,1.18201395e-08,1
Signaling by NOTCH2,1.18126176e-08,18
Biosynthesis of D-series resolvins,1.1808428e-08,3
Corticotropin-releasing hormone signaling pathway,1.1808078e-08,60
Threonine catabolism,1.1794961e-08,2
Formation of Senescence-Associated Heterochromatin Foci (SAHF),1.1789151e-08,4
the information processing pathway at the ifn beta enhancer,1.178566e-08,23
Insulin-mediated glucose transport,1.1776283e-08,14
Quinethazone Action Pathway,1.1766811e-08,20
MTHFR deficiency,1.1764522e-08,6
IL-1 p38,1.1764057e-08,35
Formation of xylulose-5-phosphate,1.1757681e-08,2
SCF(Skp2)-mediated degradation of p27/p21,1.1753091e-08,6
Losartan Action Pathway,1.1745646e-08,3
CAMKK2 Pathway,1.1743481e-08,22
Signalling to ERKs,1.1742419e-08,24
Threonine and 2-Oxobutanoate Degradation,1.1741399e-08,4
Mitochondrial translation,1.1736792e-08,23
ALKBH3 mediated reversal of alkylation damage,1.173505e-08,2
Rosiglitazone Metabolism Pathway,1.1729016e-08,3
Initiation of transcription and translation elongation at the HIV-1 LTR,1.1727806e-08,16
Chaperonin-mediated protein folding,1.1697598e-08,35
thiamin salvage III,1.1693025e-08,1
Nanomaterial-induced inflammasome activation,1.1692072e-08,3
ketolysis,1.16838255e-08,2
IL6-mediated signaling events,1.1678827e-08,34
fas signaling pathway (cd95),1.1677493e-08,11
"Hedgehog ,on, state",1.16680425e-08,26
Phospholipase C-mediated cascade; FGFR2,1.1659944e-08,12
Vasopressin Regulation of Water Homeostasis,1.1648629e-08,5
FGFR1b ligand binding and activation,1.164851e-08,3
Progesterone-mediated oocyte maturation - Homo sapiens (human),1.1645391e-08,50
Kynurenine Pathway and links to Cellular Senescence,1.16448575e-08,3
"Synthesis of IP2, IP, and Ins in the cytosol",1.1642937e-08,6
Amino Acid metabolism,1.1637987e-08,49
Pamidronate Action Pathway,1.1637553e-08,10
CASP8 activity is inhibited,1.1634823e-08,8
3-Methylglutaconic Aciduria Type I,1.1629861e-08,18
Activation of PPARGC1A (PGC-1alpha) by phosphorylation,1.1618402e-08,5
thyronamine and iodothyronamine metabolism,1.1601127e-08,3
Vitamin B12 Disorders,1.1592456e-08,1
Amine Oxidase reactions,1.1589463e-08,1
Proprotein convertase subtilisin-kexin type 9 (PCSK9) mediated LDL receptor degradation,1.1579976e-08,2
Bile acid biosynthesis,1.1564426e-08,32
Synthesis of 15-eicosatetraenoic acid derivatives,1.1562082e-08,2
C-MYB transcription factor network,1.1556908e-08,51
FLT3 signaling in disease,1.1549868e-08,14
Regulation of Actin Cytoskeleton,1.1544855e-08,84
Mitochondrial Gene Expression,1.1521836e-08,8
akt signaling pathway,1.1521531e-08,8
Regulation of Wnt-B-catenin Signaling by Small Molecule Compounds,1.1519482e-08,11
Cardiac muscle contraction - Homo sapiens (human),1.1509978e-08,31
Triacylglyceride synthesis,1.1501e-08,11
ErbB signaling pathway,1.1494943e-08,55
Activation of NF-kappaB in B cells,1.1488032e-08,12
Abciximab Action Pathway,1.1475601e-08,1
pten dependent cell cycle arrest and apoptosis,1.147331e-08,8
Sotalol Action Pathway,1.1465811e-08,41
HCMV Infection,1.14640875e-08,34
Peroxisomal lipid metabolism,1.1445792e-08,13
Mitochondrial translation elongation,1.1424056e-08,22
Metabolism of non-coding RNA,1.14238405e-08,4
Mevalonic aciduria,1.1417885e-08,10
Nuclear Envelope Breakdown,1.1414173e-08,24
Termination of O-glycan biosynthesis,1.1412893e-08,17
Methylmalonic Aciduria,1.1403918e-08,18
Replication of the SARS-CoV-1 genome,1.1402385e-08,3
MAPK Signaling Pathway,1.1398473e-08,150
hemoglobins chaperone,1.1394922e-08,2
fosb gene expression and drug abuse,1.1394489e-08,3
Signaling events mediated by HDAC Class I,1.1390411e-08,26
TWEAK,1.137674e-08,16
Translocation of ZAP-70 to Immunological synapse,1.13695435e-08,16
BDNF-TrkB Signaling,1.13650005e-08,22
Linoleate metabolism,1.13305285e-08,44
Toll Like Receptor TLR1:TLR2 Cascade,1.1328536e-08,59
Intracellular trafficking proteins involved in CMT neuropathy,1.1320584e-08,22
Signaling by EGFR in Cancer,1.1313551e-08,12
Methadone Action Pathway,1.1311468e-08,19
Cell cycle,1.130673e-08,49
TRAF3-dependent IRF activation pathway,1.1305802e-08,9
Formyl peptide receptors bind formyl peptides and many other ligands,1.1290883e-08,6
IRF3-mediated induction of type I IFN,1.1285992e-08,1
RUNX3 regulates p14-ARF,1.1280909e-08,6
Parkinson disease - Homo sapiens (human),1.1274272e-08,92
Pyrimidine metabolism - Homo sapiens (human),1.12610365e-08,27
Endothelins,1.12499965e-08,50
stearate biosynthesis,1.1240566e-08,5
ctcf: first multivalent nuclear factor,1.1239214e-08,7
Glucose Transporter Defect (SGLT2),1.1237049e-08,20
visceral fat deposits and the metabolic syndrome,1.1236487e-08,6
MET promotes cell motility,1.12354e-08,11
IL9,1.1233056e-08,9
thyroid hormone biosynthesis,1.12327445e-08,1
15q13.3 copy number variation syndrome,1.1232205e-08,13
cysteine biosynthesis,1.1231641e-08,5
Cysteine formation from homocysteine,1.1224028e-08,3
Transport of inorganic cations/anions and amino acids/oligopeptides,1.1215202e-08,64
LPA receptor mediated events,1.1214458e-08,47
ncRNAs involved in Wnt signaling in hepatocellular carcinoma,1.1203184e-08,57
Blue diaper syndrome,1.1199231e-08,20
Eptifibatide Action Pathway,1.1197006e-08,1
Ramipril Metabolism Pathway,1.1182832e-08,1
Interleukin-38 signaling,1.1178898e-08,2
C-type lectin receptors (CLRs),1.1174951e-08,53
Recycling of bile acids and salts,1.1166612e-08,10
MAPK targets/ Nuclear events mediated by MAP kinases,1.1163788e-08,21
Developmental Biology,1.1163501e-08,393
Arachidonic acid metabolism,1.1161994e-08,57
Pathways Regulating Hippo Signaling,1.1158927e-08,66
G13 Signaling Pathway,1.1150042e-08,21
The oncogenic action of L-2-hydroxyglutarate in  Hydroxygluaricaciduria,1.1139392e-08,14
"D-<i>myo</i>-inositol (1,4,5,6)-tetrakisphosphate biosynthesis",1.1134855e-08,2
UMP Synthase Deiciency (Orotic Aciduria),1.1126309e-08,14
ERBB2 Regulates Cell Motility,1.1126153e-08,10
Conversion from APC/C:Cdc20 to APC/C:Cdh1 in late anaphase,1.11171055e-08,9
Estrogen metabolism,1.1116479e-08,12
Signaling by FGFR4 in disease,1.1115869e-08,7
Bumetanide Action Pathway,1.1110825e-08,20
GAB1 signalosome,1.1109885e-08,11
Heme biosynthesis,1.1108186e-08,4
Prednisolone Action Pathway,1.1107721e-08,1
insulin Mam,1.11064855e-08,38
Metabolism of water-soluble vitamins and cofactors,1.1103191e-08,68
Endosomal Sorting Complex Required For Transport (ESCRT),1.1099165e-08,14
Axonal growth inhibition (RHOA activation),1.1082899e-08,5
Model for regulation of MSMP expression in cancer cells and its proangiogenic role in ovarian tumors,1.10784715e-08,1
Regulation of RAC1 activity,1.1074575e-08,27
One carbon pool by folate - Homo sapiens (human),1.1074482e-08,10
guanosine nucleotides degradation,1.1073428e-08,3
exRNA mechanism of action and biogenesis,1.1073132e-08,4
Conversion of Angiotensinogen to Angiotensin II,1.1069403e-08,1
Thyroid hormone synthesis,1.1058914e-08,4
Intestinal infectious diseases,1.10528084e-08,1
Glutamate and glutamine metabolism,1.1052428e-08,5
Oxygen-dependent proline hydroxylation of Hypoxia-inducible Factor Alpha,1.10518465e-08,12
Epstein-Barr virus infection - Homo sapiens (human),1.1049831e-08,120
Nuclear Receptors Meta-Pathway,1.1046206e-08,180
RHOC GTPase cycle,1.1022639e-08,48
Beta5 beta6 beta7 and beta8 integrin cell surface interactions,1.1020882e-08,8
Metabolism of RNA,1.1016895e-08,184
Reduction of cytosolic Ca++ levels,1.1001427e-08,6
PKA activation in glucagon signalling,1.1000868e-08,11
Gemcitabine Metabolism Pathway,1.09834755e-08,8
Vitamin D (calciferol) metabolism,1.09818075e-08,6
Signaling by PDGFR in disease,1.097476e-08,13
Interactions of Tat with host cellular proteins,1.0972983e-08,1
cycling of ran in nucleocytoplasmic transport,1.096745e-08,2
Leukocyte transendothelial migration - Homo sapiens (human),1.0964936e-08,71
b cell survival pathway,1.0935022e-08,3
JNK (c-Jun kinases) phosphorylation and  activation mediated by activated human TAK1,1.093341e-08,14
"Hedgehog ,off, state",1.0928048e-08,27
Arf6 downstream pathway,1.09241185e-08,10
DNA Repair Pathways Full Network,1.09147e-08,47
Spinocerebellar ataxia - Homo sapiens (human),1.0910791e-08,75
Phenytoin (Antiarrhythmic) Action Pathway,1.0907701e-08,54
Intracellular Signalling Through Histamine H2 Receptor and Histamine,1.0899067e-08,6
Activation of APC/C and APC/C:Cdc20 mediated degradation of mitotic proteins,1.0891705e-08,14
Pyrimidine metabolism,1.0890902e-08,70
EPO signaling pathway,1.08827685e-08,24
Neuroactive ligand-receptor interaction - Homo sapiens (human),1.0879514e-08,196
22q11.2 copy number variation syndrome,1.0821548e-08,52
Interactions of Rev with host cellular proteins,1.0821042e-08,12
Negative regulation of TCF-dependent signaling by WNT ligand antagonists,1.0819509e-08,12
Metabolism of porphyrins,1.08157545e-08,15
Autophagy - animal - Homo sapiens (human),1.08152935e-08,74
Fatty acyl-CoA biosynthesis,1.0800283e-08,17
GPCR downstream signalling,1.0798563e-08,357
Cell-cell junction organization,1.0785939e-08,40
Metabolism of steroid hormones,1.0785543e-08,12
ChREBP activates metabolic gene expression,1.0784849e-08,1
Temocapril Metabolism Pathway,1.0778486e-08,1
Matrix Metalloproteinases,1.0776846e-08,15
N-Glycan biosynthesis,1.0775197e-08,19
Molybdenum cofactor biosynthesis,1.0774446e-08,4
NCAM signaling for neurite out-growth,1.0773037e-08,37
17-alpha-hydroxylase deficiency (CYP17),1.07706635e-08,5
Resolution of AP sites via the multiple-nucleotide patch replacement pathway,1.0759458e-08,9
IRE1alpha activates chaperones,1.07591305e-08,1
SHC-related events triggered by IGF1R,1.0746852e-08,6
isoleucine degradation,1.0739846e-08,7
TCR signaling,1.0726924e-08,51
Transport of Mature mRNAs Derived from Intronless Transcripts,1.0723584e-08,4
ESC Pluripotency Pathways,1.0706241e-08,68
Activation of IRF3/IRF7 mediated by TBK1/IKK epsilon,1.0702663e-08,8
G2/M Transition,1.0701017e-08,57
"Homocystinuria-megaloblastic anemia due to defect in cobalamin metabolism, cblG complementation type",1.06974785e-08,12
methylglyoxal degradation I,1.0695429e-08,1
Aspartate and asparagine metabolism,1.0693258e-08,8
HIV elongation arrest and recovery,1.0693229e-08,12
acetylation and deacetylation of rela in nucleus,1.0684617e-08,4
Sorafenib Metabolism Pathway,1.0678206e-08,10
rho cell motility signaling pathway,1.0676587e-08,19
FOXO-mediated transcription of cell death genes,1.0674498e-08,9
Glycosaminoglycan degradation,1.0669263e-08,10
Trihydroxycoprostanoyl-CoA beta-oxidation,1.0668034e-08,4
IL12-mediated signaling events,1.0666994e-08,48
Relaxin signaling pathway - Homo sapiens (human),1.06544e-08,77
N-Glycan antennae elongation,1.0654168e-08,11
RNA Polymerase II Pre-transcription Events,1.0649058e-08,32
Oxaprozin Action Pathway,1.0647038e-08,14
Valdecoxib Action Pathway,1.0644875e-08,14
ESR-mediated signaling,1.0640386e-08,95
Chylomicron remodeling,1.0639885e-08,6
IRS-mediated signalling,1.0633164e-08,33
fatty acid α-oxidation III,1.0629366e-08,2
sucrose degradation,1.0626191e-08,4
Cilium Assembly,1.0623409e-08,80
The role of Nef in HIV-1 replication and disease pathogenesis,1.0608627e-08,17
Inositol Phosphate Metabolism,1.0598134e-08,8
Advanced glycosylation endproduct receptor signaling,1.0596322e-08,7
lactose degradation III,1.0596205e-08,2
Alpha 6 Beta 4 signaling pathway,1.05904725e-08,25
Rab regulation of trafficking,1.05797975e-08,50
Agmatine biosynthesis,1.0574833e-08,1
Forasartan Action Pathway,1.056225e-08,3
SUMO is proteolytically processed,1.055433e-08,2
bone remodeling,1.0538091e-08,11
sulfate activation for sulfonation,1.0535303e-08,2
Disorders of the Krebs cycle,1.0532762e-08,1
superpathway of cholesterol biosynthesis,1.0526165e-08,12
Selenocysteine synthesis,1.0525616e-08,30
Mismatch repair (MMR) directed by MSH2:MSH3 (MutSbeta),1.0515867e-08,7
Amplification  of signal from unattached  kinetochores via a MAD2  inhibitory signal,1.0513128e-08,42
GPCR signaling-cholera toxin,1.0511796e-08,158
Mercaptopurine Action Pathway,1.0507671e-08,27
Signaling by membrane-tethered fusions of PDGFRA or PDGFRB,1.0499809e-08,4
Selenocompound metabolism - Homo sapiens (human),1.0499657e-08,9
Malonyl-coa decarboxylase deficiency,1.04974625e-08,6
a4b7 Integrin signaling,1.04895435e-08,5
Mesodermal commitment pathway,1.0487582e-08,85
Effects of Botulinum toxin,1.0475604e-08,6
Validated targets of C-MYC transcriptional activation,1.0470603e-08,35
Leptin Insulin Overlap,1.0470209e-08,10
Wnt Canonical,1.0456304e-08,61
Regulation of FZD by ubiquitination,1.0454062e-08,12
"1,25-dihydroxyvitamin D<sub>3</sub> biosynthesis",1.0454006e-08,1
tnfr2 signaling pathway,1.0445659e-08,11
SUMOylation,1.0445297e-08,77
anthrax toxin mechanism of action,1.0438882e-08,1
cGMP effects,1.0433184e-08,10
Signaling by Ligand-Responsive EGFR Variants in Cancer,1.0427206e-08,9
Regulation of gene expression by Hypoxia-inducible Factor,1.0418669e-08,3
phospholipase c delta in phospholipid associated cell signaling,1.0413536e-08,2
Fatty acid biosynthesis - Homo sapiens (human),1.0413127e-08,9
Erythropoietin activates Phospholipase C gamma (PLCG),1.0397965e-08,5
Zoledronate Action Pathway,1.0392757e-08,10
"SMAC, XIAP-regulated apoptotic response",1.0386436e-08,1
Translation,1.0382585e-08,89
"Gamma-glutamyl cycle for the biosynthesis and degradation of glutathione, including diseases",1.0378496e-08,3
Metipranolol Action Pathway,1.0377469e-08,41
Signal Transduction of S1P Receptor,1.0373579e-08,15
"Antigen Presentation: Folding, assembly and peptide loading of class I MHC",1.0371906e-08,16
Activation of BMF and translocation to mitochondria,1.0363819e-08,1
Isovaleric acidemia,1.0359024e-08,18
Adherens junction - Homo sapiens (human),1.0352716e-08,51
Toxicity of botulinum toxin type C (botC),1.0352658e-08,2
SARS coronavirus and innate immunity,1.0344838e-08,16
Response of EIF2AK1 (HRI) to heme deficiency,1.034269e-08,6
TFAP2 (AP-2) family regulates transcription of growth factors and their receptors,1.0341183e-08,9
Creatine metabolism,1.03358255e-08,4
"Tyrosinemia, transient, of the newborn",1.0322634e-08,10
RSK activation,1.0317437e-08,4
Purine metabolism - Homo sapiens (human),1.0312353e-08,71
Tamoxifen metabolism,1.03108535e-08,16
N-Glycan biosynthesis - Homo sapiens (human),1.0306522e-08,20
2-aminoadipic 2-oxoadipic aciduria,1.0303842e-08,8
TSLP,1.0296613e-08,17
btg family proteins and cell cycle regulation,1.0294628e-08,6
Risedronate Action Pathway,1.0290691e-08,10
Valproic acid pathway,1.0288982e-08,6
PI-3K cascade:FGFR1,1.0285326e-08,15
Apoptosis induced DNA fragmentation,1.0283896e-08,2
"WNT5A-dependent internalization of FZD2, FZD5 and ROR2",1.0283401e-08,3
"Degradation pathway of sphingolipids, including diseases",1.0283075e-08,3
MNGIE (Mitochondrial Neurogastrointestinal Encephalopathy),1.0280686e-08,14
Death Receptor Signalling,1.0277365e-08,71
Beta-catenin phosphorylation cascade,1.026026e-08,10
Sphingosine 1-phosphate (S1P) pathway,1.0250479e-08,12
Pirenzepine Action Pathway,1.024644e-08,6
purine nucleotides degradation,1.02407895e-08,8
Cholesteryl ester storage disease,1.0230273e-08,10
Beta-Ketothiolase Deficiency,1.021521e-08,18
Hedgehog ligand biogenesis,1.0213325e-08,9
Transcription from mitochondrial promoters,1.0206588e-08,2
Proximal tubule transport,1.0205693e-08,29
Serotonergic synapse - Homo sapiens (human),1.0202925e-08,69
Levallorphan Action Pathway,1.0198074e-08,15
Lepirudin Action Pathway,1.0181511e-08,14
Synthesis of PA,1.0169002e-08,21
Complement system,1.016679e-08,56
TNFs bind their physiological receptors,1.0153897e-08,20
17-Beta Hydroxysteroid Dehydrogenase III Deficiency,1.0152143e-08,7
Synthesis of bile acids and bile salts via 7alpha-hydroxycholesterol,1.0151946e-08,8
"Glycogenosis, Type VII. Tarui disease",1.0150965e-08,4
Telmisartan Action Pathway,1.0141176e-08,3
Antigen activates B Cell Receptor (BCR) leading to generation of second messengers,1.0137425e-08,21
Anti-inflammatory response favouring Leishmania parasite infection,1.01348725e-08,95
PKA activation,1.0132356e-08,11
NR1D1 (REV-ERBA) represses gene expression,1.0121331e-08,2
RUNX1 and FOXP3 control the development of regulatory T lymphocytes (Tregs),1.0117848e-08,8
Meiotic synapsis,1.011739e-08,11
Nebivolol Action Pathway,1.0110922e-08,41
sumoylation as a mechanism to modulate ctbp-dependent gene responses,1.0103044e-08,4
Degradation of beta catenin,1.0100794e-08,10
PINK1-PRKN Mediated Mitophagy,1.0098127e-08,13
S1P1 pathway,1.0079075e-08,17
Nephrin/Neph1 signaling in the kidney podocyte,1.006943e-08,18
ISG15 antiviral mechanism,1.0061711e-08,17
Sodium/Proton exchangers,1.005711e-08,6
RNA polymerase - Homo sapiens (human),1.0056187e-08,11
snRNP Assembly,1.0047036e-08,4
NAD phosphorylation and dephosphorylation,1.0043059e-08,2
FGF signaling pathway,1.0040308e-08,41
Phospholipase C-mediated cascade: FGFR1,1.0037876e-08,11
Butyrophilin (BTN) family interactions,1.0036846e-08,7
TNF signaling,1.00323545e-08,16
overview of telomerase rna component gene hterc transcriptional regulation,1.0028665e-08,2
basic mechanisms of sumoylation,1.0018974e-08,2
sarcosine oncometabolite pathway ,1.00132045e-08,8
Sema4D mediated inhibition of cell attachment and migration,1.0003898e-08,5
Prolidase Deficiency (PD),1.0002703e-08,9
Deposition of new CENPA-containing nucleosomes at the centromere,9.995894e-09,10
Torsemide Action Pathway,9.995078e-09,20
Estrogen-stimulated signaling through PRKCZ,9.993189e-09,2
Integrin-mediated Cell Adhesion,9.989175e-09,55
Prostate cancer - Homo sapiens (human),9.981655e-09,50
Propanoate Metabolism,9.967572e-09,6
Omeprazole Action Pathway,9.961799e-09,6
MyD88 dependent cascade initiated on endosome,9.956509e-09,51
Myogenesis,9.954604e-09,19
Isobutyryl-coa dehydrogenase deficiency,9.947987e-09,18
White fat cell differentiation,9.9378195e-09,21
NAD Biosynthesis II (from tryptophan),9.936873e-09,6
Nef Mediated CD8 Down-regulation,9.935343e-09,1
5-oxoprolinase deficiency,9.934335e-09,4
Signaling by Interleukins,9.933263e-09,164
Pregnenolone biosynthesis,9.930817e-09,5
Arachidonic acid metabolism - Homo sapiens (human),9.926385e-09,29
Classical antibody-mediated complement activation,9.917572e-09,2
Gastrin,9.916132e-09,31
Microbial modulation of RIPK1-mediated regulated necrosis,9.913495e-09,3
Vitamin E,9.913478e-09,1
RHOBTB3 ATPase cycle,9.906317e-09,5
Metabolism of Spingolipids in ER and Golgi apparatus,9.872659e-09,6
Methylmalonate Semialdehyde Dehydrogenase Deficiency,9.871571e-09,18
NAD+ metabolism,9.855909e-09,10
Type II diabetes mellitus - Homo sapiens (human),9.853361e-09,27
Free fatty acid receptors,9.841541e-09,1
Bivalirudin Action Pathway,9.838932e-09,14
trefoil factors initiate mucosal healing,9.836318e-09,17
Netrin-UNC5B signaling pathway,9.824444e-09,41
Signaling by TGFB family members,9.823711e-09,41
nerve growth factor pathway (ngf),9.816728e-09,10
Platelet degranulation ,9.813549e-09,68
dicer pathway,9.806387e-09,1
"Glycogenosis, Type IA. Von gierke disease",9.791393e-09,8
Xanthinuria type I,9.777729e-09,20
TNF-alpha signaling pathway,9.770979e-09,47
Signaling by PDGF,9.761486e-09,37
TGF-beta signaling pathway - Homo sapiens (human),9.7597965e-09,48
GRB2:SOS provides linkage to MAPK signaling for Integrins ,9.749507e-09,12
ornithine <i>de novo </i> biosynthesis,9.737688e-09,3
Propionyl-CoA catabolism,9.733279e-09,3
Galactose catabolism,9.730007e-09,2
Melanin biosynthesis,9.718062e-09,2
Nicotine Metabolism,9.708322e-09,5
Prolactin signaling pathway - Homo sapiens (human),9.70774e-09,51
N-glycan trimming and elongation in the cis-Golgi,9.699161e-09,3
Fructose and Mannose Degradation,9.689974e-09,8
superpathway of inositol phosphate compounds,9.68591e-09,40
RAS processing,9.685518e-09,10
Synthesis of very long-chain fatty acyl-CoAs,9.666373e-09,12
arsenate detoxification I (glutaredoxin),9.661101e-09,3
Benzo(a)pyrene metabolism,9.657482e-09,4
Oocyte meiosis - Homo sapiens (human),9.657267e-09,62
eicosanoid metabolism,9.657164e-09,13
Ubiquitin Mediated Degradation of Phosphorylated Cdc25A,9.654961e-09,2
Vitamins,9.645918e-09,3
WNT-Ncore,9.643499e-09,22
Mitotic Metaphase/Anaphase Transition,9.642372e-09,2
Organic cation transport,9.634494e-09,6
Oncogene Induced Senescence,9.62754e-09,15
NR1H3 & NR1H2 regulate gene expression linked to cholesterol transport and efflux,9.625146e-09,21
Galactosemia II (GALK),9.624776e-09,3
Long chain acyl-CoA dehydrogenase deficiency (LCAD),9.6226636e-09,7
Apparent mineralocorticoid excess syndrome,9.614421e-09,5
Cholesterol metabolism (includes both Bloch and Kandutsch-Russell pathways),9.613804e-09,19
alpha-Linolenic acid metabolism - Homo sapiens (human),9.610668e-09,11
Signaling by NOTCH3,9.60521e-09,23
TLR NFkB,9.599103e-09,35
Brain-derived neurotrophic factor (BDNF) signaling pathway,9.5760155e-09,96
C20 prostanoid biosynthesis,9.568692e-09,4
er associated degradation (erad) pathway,9.556376e-09,7
Signaling by RAF1 mutants,9.555197e-09,31
neuroregulin receptor degredation protein-1 controls erbb3 receptor recycling,9.5470165e-09,6
AMPK inhibits chREBP transcriptional activation activity,9.5456985e-09,6
Integrin signaling,9.54267e-09,19
Response to elevated platelet cytosolic Ca2+,9.542028e-09,73
glycerol degradation,9.540769e-09,1
Acyl chain remodelling of PC,9.535068e-09,13
Gastric Cancer Network 1,9.523259e-09,17
Gluconeogenesis,9.520512e-09,18
Synthesis of active ubiquitin: roles of E1 and E2 enzymes,9.511842e-09,12
Glucagon signaling in metabolic regulation,9.508438e-09,18
Ca2+ pathway,9.5083985e-09,32
Photodynamic therapy-induced NFE2L2 (NRF2) survival signaling,9.502356e-09,15
DCC mediated attractive signaling,9.495535e-09,13
Formation of editosomes by ADAR proteins,9.491231e-09,1
HIF-1 signaling pathway - Homo sapiens (human),9.488258e-09,65
Alcoholism - Homo sapiens (human),9.485923e-09,73
Catecholamine Biosynthesis,9.4854835e-09,4
Formation of HIV-1 elongation complex containing HIV-1 Tat,9.470883e-09,17
coenzyme A biosynthesis,9.459216e-09,6
GnRH signaling pathway - Homo sapiens (human),9.449739e-09,59
Negative regulation of NMDA receptor-mediated neuronal transmission,9.444136e-09,14
Salicylate-sodium Action Pathway,9.442701e-09,14
Acetylation,9.434768e-09,1
Signaling events mediated by PTP1B,9.4345625e-09,38
"Glycogenosis, Type VI. Hers disease",9.427758e-09,10
Astrocytic Glutamate-Glutamine Uptake And Metabolism,9.42417e-09,3
TGF-Ncore,9.421731e-09,25
Histidine Metabolism,9.40265e-09,7
Basigin interactions,9.400876e-09,12
Toll-like Receptor Cascades,9.389565e-09,82
"COVID-19, thrombosis and anticoagulation",9.381463e-09,3
Pilocytic astrocytoma,9.379157e-09,4
Deubiquitination,9.376974e-09,112
repression of pain sensation by the transcriptional regulator dream,9.368987e-09,11
YAP1- and WWTR1 (TAZ)-stimulated gene expression,9.367706e-09,7
Vasopressin-regulated water reabsorption - Homo sapiens (human),9.360978e-09,23
Biosynthesis of unsaturated fatty acids - Homo sapiens (human),9.352702e-09,11
Sulfur amino acid metabolism,9.328932e-09,14
"FOXO-mediated transcription of oxidative stress, metabolic and neuronal genes",9.327982e-09,17
Glycine Metabolism,9.3264045e-09,2
heme biosynthesis from uroporphyrinogen-III I,9.31304e-09,1
Pentose phosphate cycle,9.304906e-09,9
Signaling by BRAF and RAF fusions,9.286158e-09,41
Sphingolipid pathway,9.282375e-09,14
Fatty acid degradation - Homo sapiens (human),9.279831e-09,19
Peptide GPCRs,9.274096e-09,52
retinoate biosynthesis I,9.273817e-09,4
Ramipril Action Pathway,9.270733e-09,3
Wnt signaling in kidney disease,9.258178e-09,20
ceramide <i>de novo</i> biosynthesis,9.252002e-09,4
Acebutolol Action Pathway,9.244814e-09,41
Synthesis of (16-20)-hydroxyeicosatetraenoic acids (HETE),9.2373265e-09,7
GABA receptor Signaling,9.232223e-09,15
Eukaryotic Translation Elongation,9.213917e-09,27
Neurexins and neuroligins,9.213024e-09,32
Response of Mtb to phagocytosis,9.2014245e-09,11
Cell-type Dependent Selectivity of CCK2R Signaling,9.198575e-09,9
Phosphoenolpyruvate carboxykinase deficiency 1 (PEPCK1),9.183649e-09,8
Intracellular Signalling Through LHCGR Receptor and Luteinizing Hormone/Choriogonadotropin,9.183417e-09,6
visual signal transduction,9.165216e-09,4
Interleukin-1 family signaling,9.154737e-09,48
Urokinase-type plasminogen activator (uPA) and uPAR-mediated signaling,9.139139e-09,27
RHOT1 GTPase cycle,9.137816e-09,2
RalA downstream regulated genes,9.134854e-09,8
L-kynurenine degradation,9.1183585e-09,6
Signaling by NOTCH,9.117001e-09,90
IL-3 signaling,9.115726e-09,6
G-protein activation,9.114102e-09,9
Heme degradation,9.111722e-09,12
Signaling by PDGFRA extracellular domain mutants,9.111068e-09,8
APEX1-Independent Resolution of AP Sites via the Single Nucleotide Replacement Pathway,9.111059e-09,2
Benazepril Action Pathway,9.110639e-09,3
PDGF Pathway,9.109661e-09,9
Phenylacetate Metabolism,9.104973e-09,1
Metabolism of carbohydrates,9.096849e-09,136
Canavan Disease,9.093053e-09,6
Tachykinin receptors bind tachykinins,9.081021e-09,4
Splicing factor NOVA regulated synaptic proteins,9.079259e-09,26
MAPK Cascade,9.072977e-09,18
RANKL,9.072285e-09,16
Urea cycle,9.070243e-09,3
choline degradation,9.068112e-09,2
AKT phosphorylates targets in the nucleus,9.047765e-09,6
Multifunctional anion exchangers,9.046635e-09,8
cbl mediated ligand-induced downregulation of egf receptors pathway,9.0387715e-09,6
"Cystinosis, ocular nonnephropathic",9.036623e-09,3
rho-selective guanine exchange factor akap13 mediates stress fiber formation,9.03407e-09,7
AMP-activated protein kinase (AMPK) signaling,9.01061e-09,34
Reuptake of GABA,9.010549e-09,3
aspirin triggered resolvin E biosynthesis,9.0091286e-09,2
rac1 cell motility signaling pathway,9.008487e-09,19
COPI-mediated anterograde transport,9.00777e-09,35
Neurodegenerative Diseases,8.998694e-09,6
VEGF and VEGFR signaling network,8.995062e-09,6
Pyruvate Decarboxylase E1 Component Deficiency (PDHE1 Deficiency),8.993954e-09,10
Activation of Ca-permeable Kainate Receptor,8.992091e-09,7
Activated NTRK2 signals through FRS2 and FRS3,8.9794e-09,5
Toll-like Receptor Signaling Pathway,8.9787155e-09,63
Prevention of phagosomal-lysosomal fusion,8.975041e-09,4
superpathway of pyrimidine ribonucleotides <i>de novo</i> biosynthesis,8.974329e-09,2
Synthesis of PS,8.974238e-09,1
Inhibition of Signaling by Overexpressed EGFR,8.95793e-09,4
MECP2 regulates transcription of genes involved in GABA signaling,8.9552845e-09,2
Biosynthesis of DHA-derived SPMs,8.945984e-09,9
dermatan sulfate biosynthesis (late stages),8.944802e-09,4
Mitochondrial iron-sulfur cluster biogenesis,8.941905e-09,5
Ion influx/efflux at host-pathogen interface,8.9388195e-09,1
Nisoldipine Action Pathway,8.93204e-09,41
Presynaptic function of Kainate receptors,8.928351e-09,9
Deadenylation-dependent mRNA decay,8.9239744e-09,17
Folate-Alcohol and Cancer Pathway Hypotheses,8.908142e-09,6
Gamma-cystathionase deficiency (CTH),8.905062e-09,3
IL1,8.904044e-09,37
endocytotic role of ndk phosphins and dynamin,8.896231e-09,8
Senescence-Associated Secretory Phenotype (SASP),8.891771e-09,41
Validated transcriptional targets of TAp63 isoforms,8.890725e-09,28
Glycerolipid Metabolism,8.880582e-09,9
Lissencephaly gene (LIS1) in neuronal migration and development,8.880141e-09,16
leucine degradation,8.859663e-09,9
Signaling by Type 1 Insulin-like Growth Factor 1 Receptor (IGF1R),8.851866e-09,36
Cyclophosphamide Action Pathway,8.844497e-09,5
Salla Disease/Infantile Sialic Acid Storage Disease,8.840756e-09,9
Mitochondrial Beta-Oxidation of Long Chain Saturated Fatty Acids,8.840261e-09,4
Class I MHC mediated antigen processing & presentation,8.83688e-09,156
Chromosomal and microsatellite instability in colorectal cancer,8.835352e-09,45
Endogenous sterols,8.831329e-09,7
Host-pathogen interaction of human coronaviruses - apoptosis,8.8276035e-09,8
Dilated cardiomyopathy - Homo sapiens (human),8.826555e-09,52
"4-hydroxytamoxifen, Dexamethasone, and Retinoic Acids Regulation of p27 Expression",8.822612e-09,9
Mitochondrial transcription initiation,8.818582e-09,1
effects of calcineurin in keratinocyte differentiation,8.816592e-09,7
Acute myeloid leukemia - Homo sapiens (human),8.812742e-09,41
Uptake and function of anthrax toxins,8.7977e-09,7
Notch signaling pathway - Homo sapiens (human),8.787265e-09,30
Keratinization,8.787093e-09,57
RUNX3 Regulates Immune Response and Cell Migration,8.775342e-09,3
Rap1 signaling pathway - Homo sapiens (human),8.761329e-09,142
Amoebiasis - Homo sapiens (human),8.758494e-09,59
"Carnosinuria, carnosinemia",8.755648e-09,7
Activation of RAS in B cells,8.7551655e-09,4
formaldehyde oxidation,8.748443e-09,1
Pyruvate metabolism,8.738642e-09,26
Wnt signaling,8.736884e-09,76
HIV Infection,8.735725e-09,77
Hyperlysinemia II or Saccharopinuria,8.732238e-09,8
Heroin Action Pathway,8.732011e-09,17
Activated point mutants of FGFR2,8.7202245e-09,11
Galactose metabolism - Homo sapiens (human),8.711829e-09,16
Loss of proteins required for interphase microtubule organization from the centrosome,8.6927034e-09,27
Hematopoietic cell lineage - Homo sapiens (human),8.687733e-09,67
Biosynthesis of aspirin-triggered D-series resolvins,8.686616e-09,3
Factors and pathways affecting insulin-like growth factor (IGF1)-Akt signaling,8.684567e-09,24
Ethylmalonic Encephalopathy,8.679212e-09,7
Mitochondrial CIV Assembly,8.674391e-09,10
Hfe effect on hepcidin production,8.666396e-09,4
Mitotic Prophase,8.654229e-09,54
Beta oxidation of octanoyl-CoA to hexanoyl-CoA,8.627088e-09,2
MGMT-mediated DNA damage reversal,8.624772e-09,1
"NAD metabolism, sirtuins and aging",8.624705e-09,9
Neurotransmitter receptors and postsynaptic signal transmission,8.624434e-09,110
Cholesterol Biosynthesis with Skeletal Dysplasias,8.6210425e-09,4
"<i>S</i>-methyl-5,-thioadenosine degradation",8.6203045e-09,1
PD-L1 expression and PD-1 checkpoint pathway in cancer - Homo sapiens (human),8.617219e-09,58
catecholamine biosynthesis,8.6155e-09,4
Dezocine Action Pathway,8.607445e-09,15
Fc Epsilon Receptor I Signaling in Mast Cells,8.597997e-09,32
IL2 signaling events mediated by STAT5,8.59012e-09,20
Canonical NF-kappaB pathway,8.5724e-09,16
Regulation of TP53 Expression,8.566905e-09,2
Salicylic Acid Action Pathway,8.560225e-09,14
carm1 and regulation of the estrogen receptor,8.5495735e-09,9
Cellular senescence - Homo sapiens (human),8.541601e-09,92
Blood group systems biosynthesis,8.5398435e-09,9
Regulation of mRNA stability by proteins that bind AU-rich elements,8.538398e-09,16
Ras activation upon Ca2+ influx through NMDA receptor,8.538098e-09,15
Isoprenaline Action Pathway,8.536363e-09,41
il 2 signaling pathway,8.536137e-09,11
Activated NTRK3 signals through PLCG1,8.5340925e-09,3
Noncanonical Wnt signaling pathway,8.529698e-09,23
Chemokine signaling pathway,8.528625e-09,110
Melatonin metabolism and effects,8.523877e-09,24
Synthesis of bile acids and bile salts,8.510446e-09,14
Secretion of Hydrochloric Acid in Parietal Cells,8.501756e-09,3
HIPK2 in kidney fibrosis,8.494729e-09,2
HGF,8.490412e-09,23
Salmonella infection - Homo sapiens (human),8.487414e-09,130
Heart Development,8.461885e-09,22
methionine salvage,8.433847e-09,2
Rap1 signalling,8.433776e-09,10
glutamine degradation/glutamate biosynthesis,8.427054e-09,2
Insulin resistance - Homo sapiens (human),8.425728e-09,56
TNFalpha,8.418658e-09,119
role of mitochondria in apoptotic signaling,8.415985e-09,3
nuclear receptors coordinate the activities of chromatin remodeling complexes and coactivators to facilitate initiation of transcription in carcinoma cells,8.4155465e-09,7
Nephrotic syndrome,8.414313e-09,30
Extension of Telomeres,8.3998355e-09,18
Signaling by Insulin receptor,8.399792e-09,43
links between pyk2 and map kinases,8.392748e-09,17
IL-3 signaling pathway,8.380969e-09,38
Assembly of the pre-replicative complex,8.377239e-09,9
TLR p38,8.3515e-09,33
Human immunodeficiency virus 1 infection - Homo sapiens (human),8.348999e-09,107
EV release from cardiac cells and their functional effects,8.341329e-09,7
Type I collagen synthesis in the context of Osteogenesis imperfecta,8.339493e-09,17
Sensing of DNA Double Strand Breaks,8.335198e-09,3
Rhesus glycoproteins mediate ammonium transport.,8.330182e-09,1
Sepiapterin reductase deficiency,8.325163e-09,4
Teniposide Action Pathway,8.318509e-09,2
Iron metabolism in placenta,8.311265e-09,7
cholesterol biosynthesis III (via desmosterol),8.310739e-09,7
thyroid hormone metabolism I (via deiodination),8.31052e-09,3
Association Between Physico-Chemical Features and Toxicity Associated Pathways,8.307492e-09,35
NF-kappa B signaling pathway - Homo sapiens (human),8.301658e-09,68
Constitutive Signaling by EGFRvIII,8.300274e-09,8
UTP and CTP <i>de novo</i> biosynthesis,8.288741e-09,2
Vitamin C metabolism,8.282078e-09,1
Alfentanil Action Pathway,8.247613e-09,15
Repaglinide Action Pathway,8.247119e-09,4
ER-Phagosome pathway,8.24115e-09,6
Chemical carcinogenesis - Homo sapiens (human),8.240967e-09,44
Heparin Action Pathway,8.232657e-09,14
Yersinia infection - Homo sapiens (human),8.230702e-09,86
Signaling events mediated by focal adhesion kinase,8.22455e-09,39
pentose phosphate pathway (non-oxidative branch),8.21009e-09,1
Fc epsilon receptor (FCERI) signaling,8.195228e-09,52
Inhibition of replication initiation of damaged DNA by RB1/E2F1,8.190595e-09,5
Calmodulin induced events,8.180735e-09,23
Apoptosis Modulation by HSP70,8.158903e-09,8
Transcriptional regulation of white adipocyte differentiation,8.15241e-09,25
IL-18 signaling pathway,8.150057e-09,153
Protein repair,8.146239e-09,4
FGFR1c ligand binding and activation,8.1443305e-09,8
Nucleotide Excision Repair,8.142804e-09,36
S1P4 pathway,8.131772e-09,11
CYP2E1 reactions,8.12899e-09,5
gata3 participate in activating the th2 cytokine genes expression,8.128978e-09,15
Simplified Depiction of MYD88 Distinct Input-Output Pathway,8.126739e-09,10
Roxatidine acetate Action Pathway,8.126375e-09,6
RUNX3 regulates YAP1-mediated transcription,8.125179e-09,5
APC/C:Cdc20 mediated degradation of Securin,8.1225515e-09,9
Senescence and Autophagy in Cancer,8.1196e-09,67
Oxycodone Action Pathway,8.119417e-09,15
creatine-phosphate biosynthesis,8.101387e-09,2
IFN-gamma pathway,8.090918e-09,27
E-cadherin signaling in keratinocytes,8.090073e-09,10
Phosphonate and phosphinate metabolism - Homo sapiens (human),8.08921e-09,2
FGFR2c ligand binding and activation,8.086784e-09,10
Degradation of beta-catenin by the destruction complex,8.084987e-09,23
Autosomal recessive Osteopetrosis pathways,8.084536e-09,5
Labetalol Action Pathway,8.075324e-09,42
Glycine N-methyltransferase Deficiency,8.069591e-09,12
Fructose biosynthesis,8.066376e-09,1
Spironolactone Action Pathway,8.063986e-09,20
Ficolins bind to repetitive carbohydrate structures on the target cell surface,8.063956e-09,2
Activation of PUMA and translocation to mitochondria,8.058751e-09,5
RNA Polymerase III Transcription Initiation From Type 3 Promoter,8.055474e-09,10
Activation of ATR in response to replication stress,8.054228e-09,14
Nimodipine Action Pathway,8.049658e-09,41
Cyclothiazide Action Pathway,8.049493e-09,20
PI3K/AKT Signaling in Cancer,8.04887e-09,67
PCP/CE pathway,8.046531e-09,25
KitReceptor,8.041709e-09,47
cyclins and cell cycle regulation,8.025786e-09,13
alpha-linolenic acid (ALA) metabolism,8.023422e-09,2
Oxidative phosphorylation,8.010431e-09,14
Killing mechanisms,8.001264e-09,6
phospholipids as signalling intermediaries,7.997478e-09,18
Validated transcriptional targets of AP1 family members Fra1 and Fra2,7.9897555e-09,22
Gefitinib Action Pathway,7.9781115e-09,1
FCERI mediated MAPK activation,7.973989e-09,22
Syndecan-2-mediated signaling events,7.966587e-09,29
Aggrephagy,7.948249e-09,14
Rabeprazole Metabolism Pathway,7.946208e-09,1
phospho-PLA2 pathway,7.942679e-09,2
Pyruvate Dehydrogenase Complex Deficiency,7.941084e-09,10
Viral carcinogenesis - Homo sapiens (human),7.937534e-09,108
TGF-Core,7.928813e-09,19
Biotin Metabolism,7.917073e-09,1
MAP3K1 role in promoting and blocking gonadal determination,7.915558e-09,12
Vitamin A Deficiency,7.914433e-09,17
Depolymerisation of the Nuclear Lamina,7.914233e-09,8
Linoleic acid (LA) metabolism,7.912572e-09,1
Glucocorticoid receptor regulatory network,7.910625e-09,52
Axon guidance - Homo sapiens (human),7.9089855e-09,117
Transcriptional activation of mitochondrial biogenesis,7.907496e-09,12
Acyl chain remodeling of CL,7.899027e-09,3
Heme signaling,7.889578e-09,9
E2F-enabled inhibition of pre-replication complex formation,7.8874205e-09,3
mTOR signaling pathway - Homo sapiens (human),7.880731e-09,76
Translesion synthesis by POLK,7.876209e-09,6
TCR signaling in naïve CD4+ T cells,7.869234e-09,49
Class I PI3K signaling events mediated by Akt,7.866354e-09,10
Inwardly rectifying K+ channels,7.858713e-09,20
EPH-Ephrin signaling,7.858653e-09,51
FOXO-mediated transcription of cell cycle genes,7.858181e-09,10
Lactose Intolerance,7.845673e-09,4
Lactose Synthesis,7.83127e-09,4
Constitutive Signaling by NOTCH1 HD+PEST Domain Mutants,7.820973e-09,32
TCR,7.8055855e-09,151
Signaling by Rho GTPases,7.799263e-09,338
Ion transport by P-type ATPases,7.799004e-09,31
RHO GTPases regulate CFTR trafficking,7.7983175e-09,1
Synthesis of substrates in N-glycan biosythesis,7.794046e-09,28
purine deoxyribonucleosides degradation,7.775999e-09,1
role of erk5 in neuronal survival pathway,7.774398e-09,15
corticosteroids and cardioprotection,7.773835e-09,18
Synthesis of PIPs at the plasma membrane,7.77356e-09,31
Gout or Kelley-Seegmiller Syndrome,7.772316e-09,20
NOD1/2 Signaling Pathway,7.763866e-09,23
Branched-chain amino acid catabolism,7.759927e-09,12
Homologous DNA Pairing and Strand Exchange,7.7546645e-09,20
SUMOylation of chromatin organization proteins,7.751113e-09,25
Lipoate metabolism,7.749261e-09,4
HCMV Late Events,7.748998e-09,1
Caloric restriction and aging,7.740366e-09,5
Ximelagatran Action Pathway,7.734114e-09,14
PLK1 signaling events,7.706569e-09,19
Fructose catabolism,7.698402e-09,3
Signaling by Nuclear Receptors,7.689755e-09,134
Glycine Serine metabolism,7.68892e-09,17
Signal amplification,7.685683e-09,16
Reproduction,7.684442e-09,30
NOTCH2 Activation and Transmission of Signal to the Nucleus,7.679957e-09,12
Androgen receptor signaling pathway,7.672803e-09,47
pyrimidine deoxyribonucleosides salvage,7.667093e-09,2
Thyroxine (Thyroid Hormone) Production,7.666092e-09,3
Syndecan-4-mediated signaling events,7.663621e-09,24
Hedgehog signaling events mediated by Gli proteins,7.661738e-09,32
IL-12 signaling,7.653892e-09,6
Nephrin family interactions,7.646913e-09,16
TYSND1 cleaves peroxisomal proteins,7.644075e-09,2
pyruvate decarboxylation to acetyl CoA,7.640419e-09,3
TNF,7.633787e-09,28
Phospholipid Biosynthesis,7.63312e-09,13
RNA Polymerase I Promoter Escape,7.61395e-09,14
IL4,7.611426e-09,39
GMCSF-mediated signaling events,7.603923e-09,27
Reactions specific to the hybrid N-glycan synthesis pathway,7.577976e-09,1
selenocysteine biosynthesis,7.572446e-09,4
Synthesis of IP3 and IP4 in the cytosol,7.568365e-09,16
BMP receptor signaling,7.5681905e-09,20
triacylglycerol degradation,7.567095e-09,7
Interleukin-11 Signaling Pathway,7.566723e-09,27
PKA-mediated phosphorylation of CREB,7.554693e-09,12
Phototransduction - Homo sapiens (human),7.552251e-09,11
Early Phase of HIV Life Cycle,7.539192e-09,4
Activation of NMDA receptors and postsynaptic events,7.539015e-09,43
Fluid shear stress and atherosclerosis - Homo sapiens (human),7.530703e-09,85
"Alzheimer,s disease",7.524708e-09,53
Tocainide Action Pathway,7.5241555e-09,41
RUNX1 regulates transcription of genes involved in WNT signaling,7.522435e-09,4
NOTCH4 Activation and Transmission of Signal to the Nucleus,7.518956e-09,5
Hippo-Merlin Signaling Dysregulation,7.509408e-09,75
Oxidative Damage,7.50809e-09,24
Signaling by MET,7.506811e-09,29
Pyruvate dehydrogenase deficiency (E2),7.49502e-09,11
ucalpain and friends in cell spread,7.49159e-09,12
RHOBTB GTPase Cycle,7.487422e-09,14
FGFRL1 modulation of FGFR1 signaling,7.4864985e-09,8
Angiogenesis,7.485746e-09,14
tRNA splicing,7.485014e-09,3
3-Beta-Hydroxysteroid Dehydrogenase Deficiency,7.4788415e-09,5
SDK interactions,7.4727025e-09,2
2-Methyl-3-Hydroxybutryl CoA Dehydrogenase Deficiency,7.467197e-09,18
Cap-dependent Translation Initiation,7.454695e-09,34
Morphine addiction - Homo sapiens (human),7.442172e-09,65
Cell Cycle Checkpoints,7.4380835e-09,100
GnRH secretion - Homo sapiens (human),7.4164292e-09,39
Transcription of E2F targets under negative control by DREAM complex,7.414025e-09,4
Regulation of BACH1 activity,7.395562e-09,4
Glucuronidation,7.3843034e-09,24
RNA Polymerase II Promoter Escape,7.38428e-09,20
Formation of ATP by chemiosmotic coupling,7.3841e-09,2
Protein processing in endoplasmic reticulum - Homo sapiens (human),7.384089e-09,75
LGI-ADAM interactions,7.3821953e-09,7
Mismatch repair (MMR) directed by MSH2:MSH6 (MutSalpha),7.3774027e-09,6
Colorectal cancer - Homo sapiens (human),7.374883e-09,48
Circadian rhythm related genes,7.373753e-09,1
Cells and molecules involved in local acute inflammatory response,7.369689e-09,15
Target Of Rapamycin (TOR) Signaling,7.369156e-09,18
Bile Acid Biosynthesis,7.3669986e-09,6
TGF-beta signaling TAK1,7.3650916e-09,12
Metabolism of cofactors,7.3634183e-09,9
Biopterin metabolism,7.3614066e-09,11
Aripiprazole Metabolic Pathway,7.3589232e-09,1
ApoE and miR-146 in inflammation and atherosclerosis,7.3556037e-09,6
ras signaling pathway,7.3536732e-09,9
Cristae formation,7.352573e-09,2
Enalapril Action Pathway,7.3490924e-09,3
"Platelet activation, signaling and aggregation",7.34728e-09,157
Post-translational protein modification,7.3414634e-09,620
Amino sugar and nucleotide sugar metabolism - Homo sapiens (human),7.3412805e-09,19
Oncostatin_M,7.3398176e-09,26
Formation of the beta-catenin:TCF transactivating complex,7.3345108e-09,30
heparan sulfate biosynthesis (late stages),7.334074e-09,13
pkc-catalyzed phosphorylation of inhibitory phosphoprotein of myosin phosphatase,7.3315016e-09,14
G alpha (s) signalling events,7.3296356e-09,82
Antagonism of Activin by Follistatin,7.322334e-09,4
Neurofascin interactions,7.3163355e-09,6
Medium chain acyl-coa dehydrogenase deficiency (MCAD),7.308321e-09,7
Lansoprazole Metabolism Pathway,7.3054425e-09,1
Inhibition of PKR,7.3016837e-09,1
SARS-CoV-1 Infection,7.2939343e-09,14
Porphyrin metabolism,7.2857635e-09,25
Pathogenic Escherichia coli infection - Homo sapiens (human),7.284999e-09,110
Signalling to ERK5,7.2824484e-09,1
SRP-dependent cotranslational protein targeting to membrane,7.2822615e-09,38
Tranexamic Acid Action Pathway,7.2813764e-09,14
Transport of nucleosides and free purine and pyrimidine bases across the plasma membrane,7.276874e-09,4
Nepafenac Action Pathway,7.2756916e-09,14
GPCR signaling-pertussis toxin,7.258266e-09,155
Mismatch repair - Homo sapiens (human),7.256565e-09,9
Betaine Metabolism,7.2552933e-09,5
Recruitment of NuMA to mitotic centrosomes,7.250774e-09,33
DDX58/IFIH1-mediated induction of interferon-alpha/beta,7.24841e-09,27
Chlorthalidone Action Pathway,7.247836e-09,20
Hyperprolinemia Type II,7.243205e-09,9
"Kallmann,s Syndrome",7.2423028e-09,11
IL2 signaling events mediated by PI3K,7.239634e-09,21
Somatroph axis (GH) and its relationship to dietary restriction and aging,7.234906e-09,4
3-hydroxyisobutyric acid dehydrogenase deficiency,7.2337274e-09,18
Tight junction interactions,7.233581e-09,14
RNA Polymerase II Transcription Elongation,7.202285e-09,23
TLR3-mediated TICAM1-dependent programmed cell death,7.19416e-09,3
Lidocaine (Antiarrhythmic) Action Pathway,7.182428e-09,43
nicotine degradation IV,7.181872e-09,10
Signaling events mediated by PRL,7.171037e-09,15
Arf6 signaling events,7.169608e-09,21
ER to Golgi Anterograde Transport,7.16693e-09,61
Nicotinate metabolism,7.157095e-09,17
Oxytocin signaling pathway - Homo sapiens (human),7.1568227e-09,96
Nuclear import of Rev protein,7.1542314e-09,11
"Multiple carboxylase deficiency, neonatal or early onset form",7.1524555e-09,1
Diphenoxylate Action Pathway,7.1375954e-09,15
ERCC6 (CSB) and EHMT2 (G9a) positively regulate rRNA expression,7.1315958e-09,17
Suppression of autophagy,7.1310495e-09,2
Osteopontin Signaling,7.1263084e-09,9
CREB3 factors activate genes,7.1181345e-09,2
Nitrogen metabolism - Homo sapiens (human),7.106543e-09,6
Erythropoietin activates STAT5,7.105398e-09,5
Hypertrophic cardiomyopathy - Homo sapiens (human),7.1025736e-09,46
Glyoxylate and dicarboxylate metabolism - Homo sapiens (human),7.09933e-09,13
EPHB-mediated forward signaling,7.096265e-09,23
superpathway of choline degradation to L-serine,7.0766917e-09,4
Signaling by FGFR3 in disease,7.072309e-09,16
PI3K-Akt signaling pathway,7.0665642e-09,197
APC/C:Cdc20 mediated degradation of Cyclin B,7.0625354e-09,9
CD4 T cell receptor signaling-ERK cascade,7.0588744e-09,28
Toxicity of botulinum toxin type E (botE),7.058776e-09,3
MFAP5 effect on permeability and motility of endothelial cells via cytoskeleton rearrangement,7.0528263e-09,14
Signaling by Activin,7.043033e-09,8
Synthesis and degradation of ketone bodies - Homo sapiens (human),7.0426176e-09,3
"GABA synthesis, release, reuptake and degradation",7.04199e-09,14
RUNX3 regulates CDKN1A transcription,7.041413e-09,3
Free fatty acids regulate insulin secretion,7.039972e-09,6
activation of csk by camp-dependent protein kinase inhibits signaling through the t cell receptor,7.0374577e-09,29
Class B/2 (Secretin family receptors),7.0339823e-09,50
Arrhythmogenic right ventricular cardiomyopathy - Homo sapiens (human),7.028093e-09,47
chromatin remodeling by hswi/snf atp-dependent complexes,7.0268396e-09,13
Intracellular Signalling Through PGD2 receptor and Prostaglandin D2,7.0255064e-09,5
Metabolism of nucleotides,7.0227504e-09,45
The retinoid cycle in cones (daylight vision),7.011632e-09,2
Glycine degradation,7.011333e-09,2
"Incretin synthesis, secretion, and inactivation",7.0109802e-09,4
Mitochondrial LC-Fatty Acid Beta-Oxidation,7.010345e-09,6
Triglyceride catabolism,7.0026e-09,7
Spry regulation of FGF signaling,7.001214e-09,10
JAK-STAT signaling pathway - Homo sapiens (human),6.9858306e-09,101
SREBF and miR33 in cholesterol and lipid homeostasis,6.982315e-09,6
Dipyridamole (Antiplatelet) Action Pathway,6.9780413e-09,1
Surfactant metabolism,6.9652013e-09,12
zymosterol biosynthesis,6.9618538e-09,3
telomeres telomerase cellular aging and immortality,6.9580484e-09,11
Regulation of RAS by GAPs,6.9551858e-09,13
Integration of viral DNA into host genomic DNA,6.9523907e-09,1
EGFR interacts with phospholipase C-gamma,6.946391e-09,5
taurine biosynthesis,6.940954e-09,1
Small Ligand GPCRs,6.940915e-09,11
CHL1 interactions,6.940388e-09,7
Pancreatic secretion - Homo sapiens (human),6.9402164e-09,59
phosphatidylserine biosynthesis II,6.9354673e-09,1
Hepatocellular carcinoma - Homo sapiens (human),6.9350143e-09,101
Mitophagy,6.9348784e-09,18
Citalopram Action Pathway,6.934185e-09,17
TGF_beta_Receptor,6.9290875e-09,91
RHO GTPases activate IQGAPs,6.925722e-09,9
Trichlormethiazide Action Pathway,6.922038e-09,20
TNFR2 non-canonical NF-kB pathway,6.920945e-09,32
Netrin-1 signaling,6.9180635e-09,34
Calcium Regulation in the Cardiac Cell,6.9138966e-09,94
RHO GTPases activate PKNs,6.9102937e-09,33
Cocaine addiction - Homo sapiens (human),6.906906e-09,30
Proteasome - Homo sapiens (human),6.896753e-09,14
valine degradation,6.8958177e-09,7
Influenza A virus infection,6.8896284e-09,1
Levobunolol Action Pathway,6.8863897e-09,41
Calcitonin-like ligand receptors,6.879647e-09,7
Highly calcium permeable postsynaptic nicotinic acetylcholine receptors,6.878123e-09,6
Competing endogenous RNAs (ceRNAs) regulate PTEN translation,6.8757844e-09,5
ErbB2/ErbB3 signaling events,6.874039e-09,26
Pathways in cancer - Homo sapiens (human),6.867788e-09,315
Signaling by Retinoic Acid,6.8655805e-09,21
Alternative NF-kappaB pathway,6.864205e-09,4
Thioguanine Action Pathway,6.8635733e-09,27
Succinic semialdehyde dehydrogenase deficiency,6.8626145e-09,14
Phosphorylation of proteins involved in the G2/M transition by Cyclin A:Cdc2 complexes,6.85504e-09,2
Measles - Homo sapiens (human),6.8478014e-09,79
Nucleosome assembly,6.8473134e-09,10
Signaling by Leptin,6.8424466e-09,9
bcr signaling pathway,6.8410237e-09,19
Adrenal Hyperplasia Type 3 or Congenital Adrenal Hyperplasia due to 21-hydroxylase Deficiency,6.836757e-09,5
Caspase Cascade in Apoptosis,6.8308657e-09,25
estradiol biosynthesis II,6.822244e-09,1
RHOH GTPase cycle,6.8107466e-09,21
Hawkinsinuria,6.8067116e-09,10
Antrafenine Action Pathway,6.8054957e-09,14
Osteoclast differentiation - Homo sapiens (human),6.7964683e-09,94
NrCAM interactions,6.7955495e-09,3
Etoposide Metabolism Pathway,6.7939663e-09,11
Propranolol Action Pathway,6.7938464e-09,41
PDE3B signalling,6.7911166e-09,1
SUMOylation of intracellular receptors,6.7847745e-09,17
Phospholipase C-mediated cascade; FGFR3,6.780347e-09,10
phosphatidylethanolamine biosynthesis II,6.780279e-09,3
Ribosomal scanning and start codon recognition,6.778963e-09,14
purine deoxyribonucleosides salvage,6.7787664e-09,3
Vatalanib Action Pathway,6.773101e-09,1
Toxicity of botulinum toxin type D (botD),6.7716712e-09,4
LDL clearance,6.7684036e-09,8
SMAC(DIABLO)-mediated dissociation of IAP:caspase complexes ,6.7670056e-09,1
brca1 dependent ub ligase activity,6.7630745e-09,4
NFG and proNGF binds to p75NTR,6.7458092e-09,1
CD28 dependent PI3K/Akt signaling,6.7362667e-09,12
Signaling by ROBO receptors,6.7313373e-09,41
"Valine, leucine and isoleucine degradation",6.724346e-09,30
MAPK1 (ERK2) activation,6.7243358e-09,1
Glucagon-like Peptide-1 (GLP1) regulates insulin secretion,6.723666e-09,16
RNA Polymerase II Transcription Initiation,6.716686e-09,20
Chemokine receptors bind chemokines,6.7150547e-09,46
Alendronate Action Pathway,6.712352e-09,10
GTP hydrolysis and joining of the 60S ribosomal subunit,6.7075714e-09,32
Apoptosis,6.707377e-09,92
Prostaglandin formation from dihomo gama-linoleic acid,6.7054327e-09,9
serotonin degradation,6.7052897e-09,5
Autoimmune thyroid disease - Homo sapiens (human),6.7047967e-09,37
MAPK pathway in congenital thyroid cancer,6.696956e-09,8
Toxoplasmosis - Homo sapiens (human),6.6962196e-09,78
Tolmetin Action Pathway,6.6762653e-09,14
Levobupivacaine Action Pathway,6.675512e-09,15
Phytanic Acid Peroxisomal Oxidation,6.6702057e-09,3
FRS-mediated FGFR2 signaling,6.664874e-09,17
human cytomegalovirus and map kinase pathways,6.6610855e-09,9
"Phenylalanine, tyrosine and tryptophan biosynthesis - Homo sapiens (human)",6.637794e-09,5
"Transport of bile salts and organic acids, metal ions and amine compounds",6.625508e-09,49
Various types of N-glycan biosynthesis - Homo sapiens (human),6.621478e-09,19
Regulation by c-FLIP,6.6210006e-09,8
Mammary gland development pathway - Involution (Stage 4 of 4),6.6160273e-09,6
Butyrate Metabolism,6.6045187e-09,2
Gene Silencing by RNA,6.601259e-09,43
Type II diabetes mellitus,6.596813e-09,11
Gastric Acid Production,6.5951777e-09,6
Clopidogrel Metabolism Pathway,6.5882046e-09,6
Resolution of D-Loop Structures,6.5855428e-09,16
NHR,6.5831633e-09,26
Carboxyterminal post-translational modifications of tubulin,6.5825994e-09,15
VEGF signaling pathway - Homo sapiens (human),6.5787784e-09,42
Nicotine Activity on Chromaffin Cells,6.575742e-09,4
RHOA GTPase cycle,6.57515e-09,92
<i>myo</i>-inositol <i>de novo</i> biosynthesis,6.563423e-09,1
TP53 Regulates Transcription of DNA Repair Genes,6.5623644e-09,27
CREB1 phosphorylation through NMDA receptor-mediated activation of RAS signaling,6.5567995e-09,20
MAP2K and MAPK activation,6.5547674e-09,27
Lectin pathway of complement activation,6.5516197e-09,5
role of ppar-gamma coactivators in obesity and thermogenesis,6.5509056e-09,5
The NLRP3 inflammasome,6.5467485e-09,5
Cellular response to heat stress,6.5444166e-09,39
propionyl-CoA degradation,6.542252e-09,2
Adenylate cyclase activating pathway,6.527205e-09,7
Nonsense Mediated Decay (NMD) enhanced by the Exon Junction Complex (EJC),6.521068e-09,32
Amyotrophic lateral sclerosis (ALS),6.520377e-09,17
Cargo concentration in the ER,6.5165846e-09,22
HuR (ELAVL1) binds and stabilizes mRNA,6.506757e-09,5
Sulfite oxidase deficiency,6.503965e-09,5
Conjugation of carboxylic acids,6.4966184e-09,2
Adherens junctions interactions,6.496334e-09,24
Fumarase deficiency,6.4946057e-09,11
PTF1A related regulatory pathway,6.4935337e-09,8
Signaling by FGFR3 fusions in cancer,6.489045e-09,7
Transcriptional Regulation by MECP2,6.488863e-09,36
RUNX1 regulates transcription of genes involved in BCR signaling,6.481529e-09,4
Receptor Mediated Mitophagy,6.481435e-09,9
"BMAL1:CLOCK,NPAS2 activates circadian gene expression",6.4805263e-09,7
Homology Directed Repair,6.4740737e-09,50
Beta oxidation of lauroyl-CoA to decanoyl-CoA-CoA,6.4693575e-09,2
FGFR1 ligand binding and activation,6.4657573e-09,10
Neural Crest Differentiation,6.453284e-09,65
guanosine ribonucleotides <i>de novo</i> biosynthesis,6.44887e-09,2
Cooperation of Prefoldin and TriC/CCT  in actin and tubulin folding,6.4484382e-09,8
tRNA processing,6.4482615e-09,38
Arginine: Glycine Amidinotransferase Deficiency (AGAT Deficiency),6.440429e-09,9
eNOS activation,6.43622e-09,8
Molybdenum Cofactor Deficiency,6.4259016e-09,20
Mineral absorption - Homo sapiens (human),6.421744e-09,25
Ras signaling in the CD4+ TCR pathway,6.411428e-09,11
Formation of the Early Elongation Complex,6.406813e-09,14
Interleukin receptor SHC signaling,6.4041057e-09,19
Hypoxia-mediated EMT and Stemness,6.40218e-09,2
"Formation of the ternary complex, and subsequently, the 43S complex",6.3924035e-09,12
Transcriptional activation of p53 responsive genes  ,6.3899375e-09,1
Streptokinase Action Pathway,6.386567e-09,14
Natural killer cell mediated cytotoxicity - Homo sapiens (human),6.3693912e-09,79
Reelin signaling pathway,6.364427e-09,17
Potassium Channels,6.364316e-09,68
Vitamin D-sensitive calcium signaling in depression,6.352125e-09,21
Constitutive Signaling by NOTCH1 PEST Domain Mutants,6.3472054e-09,32
Glucose-6-phosphate dehydrogenase deficiency,6.3423204e-09,6
Coronavirus disease - COVID-19 - Homo sapiens (human),6.342294e-09,112
FoxO signaling pathway - Homo sapiens (human),6.3419288e-09,72
Negative regulation of TCF-dependent signaling by DVL-interacting proteins,6.3416135e-09,3
Regulation of TP53 Degradation,6.3398216e-09,19
wybutosine biosynthesis,6.3367733e-09,1
RNA Polymerase II HIV Promoter Escape,6.3342966e-09,20
MET activates PTPN11,6.3259264e-09,4
Ovarian infertility,6.3057737e-09,15
Unfolded protein response,6.3046746e-09,10
Overview of interferons-mediated signaling pathway,6.3029217e-09,20
BMP2-WNT4-FOXO1 pathway in primary endometrial stromal cell differentiation,6.3028947e-09,7
RNA Pol II CTD phosphorylation and interaction with CE during HIV infection,6.2961023e-09,12
ARMS-mediated activation,6.292975e-09,7
MyD88:MAL(TIRAP) cascade initiated on plasma membrane,6.290434e-09,59
dolichyl-diphosphooligosaccharide biosynthesis,6.2864807e-09,1
Fatty acid beta-oxidation,6.2826215e-09,12
Fosinopril Metabolism Pathway,6.277669e-09,1
PLC beta mediated events,6.270656e-09,32
igf-1 signaling pathway,6.2677854e-09,13
Kinesins,6.2674452e-09,24
gluconeogenesis,6.267351e-09,9
Nef-mediates down modulation of cell surface receptors by recruiting them to clathrin adapters,6.259116e-09,10
FasL/ CD95L signaling,6.258352e-09,3
Collagen chain trimerization,6.253992e-09,31
RND3 GTPase cycle,6.25152e-09,24
Ethacrynic Acid Action Pathway,6.2493766e-09,20
"Endohydrolysis of 1,4-alpha-D-glucosidic linkages in polysaccharides by alpha-amylase",6.2466547e-09,4
Influenza A - Homo sapiens (human),6.2427e-09,91
Integrins in angiogenesis,6.232865e-09,39
Signaling by NOTCH1,6.2295937e-09,45
bioactive peptide induced signaling pathway,6.2277703e-09,25
Disassembly of the destruction complex and recruitment of AXIN to the membrane,6.2263776e-09,17
"Primary hyperoxaluria II, PH2",6.224237e-09,10
Netrin-mediated signaling events,6.223783e-09,26
Longevity regulating pathway - multiple species - Homo sapiens (human),6.221174e-09,32
IL8- and CXCR2-mediated signaling events,6.2186247e-09,26
Hyaluronan biosynthesis and export,6.213984e-09,1
Transaldolase deficiency,6.2064895e-09,6
Cardiac conduction,6.202719e-09,67
Hyaluronan uptake and degradation,6.190926e-09,5
wnt signaling pathway,6.1897887e-09,22
Valine Leucine Isoleucine degradation,6.1856023e-09,18
Vindesine Action Pathway,6.1832015e-09,6
Synthesis of bile acids and bile salts via 27-hydroxycholesterol,6.1780225e-09,3
Glycolysis in senescence,6.168479e-09,1
"Transport of vitamins, nucleosides, and related molecules",6.1672276e-09,17
Growth hormone signaling,6.1571703e-09,7
NEIL3-mediated resolution of ICLs,6.1518053e-09,1
t cell receptor signaling pathway,6.1514647e-09,37
AUF1 (hnRNP D0) binds and destabilizes mRNA,6.1482694e-09,5
HCN channels,6.1195307e-09,2
"GPCRs, Class B Secretin-like",6.1152488e-09,14
Fcgamma receptor (FCGR) dependent phagocytosis,6.102341e-09,43
Coregulation of Androgen receptor activity,6.091278e-09,33
Ferroptosis,6.0902305e-09,21
Vitamin B2 (riboflavin) metabolism,6.089592e-09,7
Metal ion SLC transporters,6.080949e-09,13
Nef and signal transduction,6.079035e-09,8
Intracellular metabolism of fatty acids regulates insulin secretion,6.075295e-09,2
Non-small cell lung cancer,6.0731624e-09,43
Glycosphingolipid biosynthesis - lacto and neolacto series - Homo sapiens (human),6.066502e-09,13
Macroautophagy,6.0662497e-09,53
dopamine degradation,6.060848e-09,2
tgf beta signaling pathway,6.0511964e-09,12
Flurbiprofen Action Pathway,6.0501133e-09,14
adp-ribosylation factor,6.0420695e-09,14
IL-9 signaling pathway,6.039679e-09,14
PI3K-Akt signaling pathway - Homo sapiens (human),6.034088e-09,207
RORA activates gene expression,6.0326304e-09,1
ZBP1(DAI) mediated induction of type I IFNs,6.0223533e-09,8
Riboflavin Metabolism,6.013932e-09,3
Modulators of TCR signaling and T cell activation,6.0133174e-09,43
Diabetic cardiomyopathy - Homo sapiens (human),6.0126992e-09,76
Mitochondrial biogenesis,6.003163e-09,18
Other interleukin signaling,5.98918e-09,13
Starch and sucrose metabolism - Homo sapiens (human),5.9855947e-09,21
Toll Like Receptor 2 (TLR2) Cascade,5.9805862e-09,59
Tyrosine metabolism - Homo sapiens (human),5.976614e-09,15
Ephrin A  reverse signaling,5.972957e-09,3
Energy dependent regulation of mTOR by LKB1-AMPK,5.9724394e-09,11
TYROBP causal network in microglia,5.9705165e-09,37
VEGFR2 mediated vascular permeability,5.9673013e-09,13
Formation of a pool of free 40S subunits,5.960523e-09,29
Electric Transmission Across Gap Junctions,5.95967e-09,1
Alkaptonuria,5.957289e-09,10
NAD+ biosynthetic pathways,5.9400644e-09,13
Neural Crest Cell Migration in Cancer,5.9379737e-09,28
tyrosine degradation,5.9367737e-09,2
Ultraconserved region 339 modulation of tumor suppressor microRNAs in cancer,5.9277974e-09,1
EGF-EGFR signaling pathway,5.9186065e-09,98
ncRNAs involved in STAT3 signaling in hepatocellular carcinoma,5.918104e-09,12
GDP-L-fucose biosynthesis I (from GDP-D-mannose),5.914577e-09,2
Irinotecan pathway,5.9050578e-09,9
NTRK3 as a dependence receptor,5.9047567e-09,1
Fas ligand pathway and stress induction of heat shock proteins,5.9036704e-09,22
ABC transporters in lipid homeostasis,5.9034653e-09,6
Ebstein-Barr virus LMP1 signaling,5.896532e-09,13
Endogenous TLR signaling,5.8906613e-09,10
Globo Sphingolipid Metabolism,5.890545e-09,14
Hypercholesterolemia,5.886161e-09,10
Effect of progerin on genes involved in Hutchinson-Gilford progeria syndrome,5.884921e-09,6
Kennedy pathway from sphingolipids,5.883633e-09,7
Tyrosine hydroxylase deficiency,5.871618e-09,4
Xenobiotics,5.866296e-09,13
Metabolism,5.865477e-09,888
molybdenum cofactor biosynthesis,5.864127e-09,2
Interferon Signaling,5.852721e-09,96
Laminin interactions,5.851671e-09,16
Purine metabolism,5.8504472e-09,98
Endoplasmic reticulum stress response in coronavirus infection,5.8494782e-09,2
role of parkin in ubiquitin-proteasomal pathway,5.8382548e-09,6
RNA Pol II CTD phosphorylation and interaction with CE,5.836141e-09,12
Diflunisal Action Pathway,5.8332006e-09,14
role of mal in rho-mediated activation of srf,5.8319314e-09,12
Endoderm differentiation,5.820464e-09,43
Pregnane X receptor pathway,5.804748e-09,23
Docetaxel Action Pathway,5.803601e-09,5
"Relationship between inflammation, COX-2 and EGFR",5.803458e-09,17
aspirin blocks signaling pathway involved in platelet activation,5.799267e-09,13
Cellular response to starvation,5.7850498e-09,41
Translation inhibitors in chronically activated PDGFRA cells,5.7822263e-09,23
Rosuvastatin Action Pathway,5.777194e-09,10
Chromatin modifying enzymes,5.7770464e-09,109
Viral myocarditis - Homo sapiens (human),5.774921e-09,39
Downstream TCR signaling,5.7740523e-09,35
Binding of TCF/LEF:CTNNB1 to target gene promoters,5.7707554e-09,5
Leptin signaling pathway,5.770658e-09,49
Vitamin B12 metabolism,5.762021e-09,38
Intraflagellar transport proteins binding to dynein,5.7534972e-09,13
Quinapril Metabolism Pathway,5.7507155e-09,1
Diclofenac Action Pathway,5.7476885e-09,14
InlA-mediated entry of Listeria monocytogenes into host cells,5.744522e-09,3
Opsins,5.7439364e-09,2
tRNA processing in the mitochondrion,5.7422325e-09,1
TGF-B Signaling in Thyroid Cells for Epithelial-Mesenchymal Transition,5.7415512e-09,9
Hydrocodone Action Pathway,5.7399037e-09,15
FGFR2 alternative splicing,5.737478e-09,10
Aromatic amines can be N-hydroxylated or N-dealkylated by CYP1A2,5.735994e-09,1
Phagosome - Homo sapiens (human),5.734007e-09,85
mapkinase signaling pathway,5.733016e-09,34
Cohesin Loading onto Chromatin,5.728526e-09,3
FLT3 Signaling,5.7231e-09,23
Methadone Metabolism Pathway,5.7230887e-09,8
Spirapril Metabolism Pathway,5.7150897e-09,1
Robo4 and VEGF Signaling Pathways Crosstalk,5.712539e-09,6
Methionine Adenosyltransferase Deficiency,5.7087144e-09,12
Familial lipoprotein lipase deficiency,5.701887e-09,9
nitric oxide signaling pathway,5.689337e-09,10
Ub-specific processing proteases,5.6781744e-09,74
calcium signaling by hbx of hepatitis b virus,5.6763936e-09,9
Doxepin Metabolism Pathway,5.671808e-09,3
Molybdenum cofactor (Moco) biosynthesis,5.6712435e-09,1
Type II interferon signaling (IFNG),5.664022e-09,22
Negative regulators of DDX58/IFIH1 signaling,5.6548406e-09,12
IL-5 signaling,5.650489e-09,10
TSH,5.6503273e-09,16
Scavenging by Class H Receptors,5.6499374e-09,4
Beta2 integrin cell surface interactions,5.648883e-09,19
Lidocaine (Local Anaesthetic) Action Pathway,5.6487504e-09,17
Autophagy,5.6475056e-09,56
Mammary gland development pathway - Puberty (Stage 2 of 4),5.6322857e-09,8
PDGF,5.6317218e-09,26
folate transformations,5.6316587e-09,7
Serotonin and melatonin biosynthesis,5.6259806e-09,1
CD163 mediating an anti-inflammatory response,5.621038e-09,6
Inhibition of membrane repair,5.609724e-09,1
TNF signaling pathway - Homo sapiens (human),5.6082854e-09,72
RNA Polymerase II Transcription Termination,5.6028564e-09,13
HDR through Homologous Recombination (HRR) or Single Strand Annealing (SSA),5.5992118e-09,47
Insulin secretion - Homo sapiens (human),5.594364e-09,52
Chondroitin sulfate/dermatan sulfate metabolism,5.5854716e-09,29
Alpha-protein kinase 1 signaling pathway,5.5821374e-09,5
Simplified Interaction Map Between LOXL4 and Oxidative Stress Pathway,5.5806813e-09,8
FOXM1 transcription factor network,5.5767835e-09,23
Phosphatidylinositol signaling system - Homo sapiens (human),5.5766476e-09,59
Depyrimidination,5.5761396e-09,16
Regulation of the apoptosome activity,5.5752176e-09,5
ADP signalling through P2Y purinoceptor 12,5.5727454e-09,10
Trifunctional protein deficiency,5.5717635e-09,7
Regulation of TP53 Activity through Acetylation,5.569104e-09,10
Activation of AMPK downstream of NMDARs,5.568639e-09,5
Alanine and aspartate metabolism,5.5685554e-09,7
"superpathway of D-<i>myo</i>-inositol (1,4,5)-trisphosphate metabolism",5.5661795e-09,11
L-cysteine degradation II,5.562547e-09,1
"Hyperlysinemia I, Familial",5.552002e-09,8
Heroin Metabolism Pathway,5.548988e-09,3
Deadenylation of mRNA,5.547035e-09,10
Signaling by activated point mutants of FGFR1,5.5404143e-09,8
ion channels and their functional role in vascular endothelium,5.537294e-09,31
Negative regulation of MAPK pathway,5.527088e-09,29
Trafficking of AMPA receptors,5.5265694e-09,15
Hippo signaling pathway - multiple species - Homo sapiens (human),5.524783e-09,17
glutamate removal from folates,5.520741e-09,1
SOS-mediated signalling,5.517519e-09,5
Genes targeted by miRNAs in adipocytes,5.515264e-09,9
"Creatine deficiency, guanidinoacetate methyltransferase deficiency",5.513515e-09,9
Signaling by FGFR1 in disease,5.5076885e-09,28
Transcriptional cascade regulating adipogenesis,5.505645e-09,8
PTEN Regulation,5.503952e-09,47
Carnitine Synthesis,5.4965215e-09,2
Kisspeptin-kisspeptin receptor system in the ovary,5.4916676e-09,24
Binding and entry of HIV virion,5.4913833e-09,1
Pantoprazole Action Pathway,5.4892286e-09,6
ethanol degradation IV,5.4864877e-09,3
Argatroban Action Pathway,5.47751e-09,14
Aromatic L-Aminoacid Decarboxylase Deficiency,5.4760116e-09,4
dermatan sulfate biosynthesis,5.4750258e-09,11
Primary focal segmental glomerulosclerosis (FSGS),5.4724616e-09,43
Desipramine Action Pathway,5.4698353e-09,15
Interleukin-9 signaling,5.4685527e-09,7
"Sodium-coupled sulphate, di- and tri-carboxylate transporters",5.465388e-09,4
Dopamine receptors,5.464549e-09,4
Retinol Metabolism,5.459116e-09,17
Type III interferon signaling,5.4482507e-09,8
Tramadol Action Action Pathway,5.4422786e-09,15
LKB1 signaling events,5.435247e-09,22
IL-1 signaling pathway,5.4324594e-09,35
Degradation of GABA,5.4196083e-09,2
Growth hormone receptor signaling,5.4141456e-09,15
ALK1 signaling events,5.403222e-09,12
Conjugation of benzoate with glycine,5.401804e-09,2
Fatty acid transporters,5.395984e-09,7
ADP signalling through P2Y purinoceptor 1,5.3893014e-09,11
PTK6 promotes HIF1A stabilization,5.382369e-09,3
Arginine and Proline Metabolism,5.37958e-09,9
alpha-linolenic (omega3) and linoleic (omega6) acid metabolism,5.3760996e-09,2
Inhibition of the proteolytic activity of APC/C required for the onset of anaphase by mitotic spindle checkpoint components,5.37374e-09,9
Phase 1 - inactivation of fast Na+ channels,5.3593494e-09,5
Hepatitis B - Homo sapiens (human),5.345978e-09,91
tRNA modification in the nucleus and cytosol,5.3449067e-09,18
Focal Adhesion-PI3K-Akt-mTOR-signaling pathway,5.338908e-09,173
Atorvastatin Action Pathway,5.328789e-09,10
Spirapril Action Pathway,5.327279e-09,3
Metachromatic Leukodystrophy (MLD),5.312178e-09,14
Methotrexate Action Pathway,5.303293e-09,7
Class I PI3K signaling events,5.2977147e-09,33
multi-drug resistance factors,5.296017e-09,5
2-oxoisovalerate decarboxylation to isobutanoyl-CoA,5.295476e-09,2
Defective pyroptosis,5.295189e-09,1
Valsartan Action Pathway,5.2916427e-09,3
Signaling events mediated by Hepatocyte Growth Factor Receptor (c-Met),5.291087e-09,46
IL1-mediated signaling events,5.288729e-09,25
SLBP independent Processing of Histone Pre-mRNAs,5.28601e-09,1
Chlorothiazide Action Pathway,5.28144e-09,20
Biosynthesis of EPA-derived SPMs,5.279862e-09,4
Translation Factors,5.2760356e-09,12
inhibition of huntingtons disease neurodegeneration by histone deacetylase inhibitors,5.259708e-09,2
Endocrine and other factor-regulated calcium reabsorption - Homo sapiens (human),5.257346e-09,25
methylglyoxal degradation III,5.2563998e-09,1
Glycosaminoglycan degradation - Homo sapiens (human),5.254316e-09,11
Phosphatidylinositol Phosphate Metabolism,5.25084e-09,15
cysteine biosynthesis/homocysteine degradation (trans-sulfuration),5.244494e-09,2
stat3 signaling pathway,5.223721e-09,7
Signaling events mediated by HDAC Class III,5.2029234e-09,14
a6b1 and a6b4 Integrin signaling,5.1915094e-09,30
Synthesis of wybutosine at G37 of tRNA(Phe),5.174087e-09,1
rRNA processing in the nucleus and cytosol,5.173317e-09,14
Galactose metabolism,5.170076e-09,27
IL6,5.1692695e-09,52
Type 2 papillary renal cell carcinoma,5.169209e-09,20
Hartnup Disorder,5.1681472e-09,20
Signaling by ERBB2 ECD mutants,5.165778e-09,10
Transport of small molecules,5.165032e-09,338
RHO GTPases Activate Formins,5.146985e-09,57
TGF-beta receptor signaling,5.143143e-09,26
SNARE interactions in vesicular transport - Homo sapiens (human),5.13916e-09,14
rRNA modification in the nucleus and cytosol,5.1322315e-09,14
regulators of bone mineralization,5.1288516e-09,8
Prednisolone Metabolism Pathway,5.12327e-09,1
activation of camp-dependent protein kinase pka,5.1151328e-09,18
Role of Calcineurin-dependent NFAT signaling in lymphocytes,5.1138533e-09,28
HH-Ncore,5.109162e-09,16
Glyoxylate metabolism and glycine degradation,5.1074998e-09,14
Interleukin-7 signaling,5.106293e-09,12
dTMP <i>de novo</i> biosynthesis (mitochondrial),5.106129e-09,2
EGFR1,5.0984372e-09,257
Regulation of Microtubule Cytoskeleton,5.091836e-09,27
Breast cancer - Homo sapiens (human),5.0863624e-09,90
Steroids metabolism,5.0780278e-09,9
Pantoprazole Metabolism Pathway,5.062918e-09,1
Glioblastoma signaling pathways,5.058844e-09,52
AP-1 transcription factor network,5.058298e-09,43
Regulation of necroptotic cell death,5.0508966e-09,15
Negative regulation of MET activity,5.050781e-09,14
Steroid Biosynthesis,5.044148e-09,18
Signaling by CSF3 (G-CSF),5.0439404e-09,18
Canonical NF-KB pathway,5.0420805e-09,4
Anileridine Action Pathway,5.0401514e-09,15
Signaling by cytosolic FGFR1 fusion mutants,5.0232978e-09,15
FGFR2b ligand binding and activation,5.0167595e-09,7
sphingosine and sphingosine-1-phosphate metabolism,5.016605e-09,4
Control of immune tolerance by vasoactive intestinal peptide,5.014111e-09,11
TWIK-related spinal cord K+ channel (TRESK),5.0061146e-09,1
Synthesis and processing of ENV and VPU,4.999296e-09,1
DSCAM interactions,4.9936775e-09,6
Interferon gamma signaling,4.987574e-09,67
Ganglio Sphingolipid Metabolism,4.9873856e-09,7
Gastric cancer - Homo sapiens (human),4.984228e-09,88
Eicosanoids,4.9814126e-09,7
Drug-mediated inhibition of ERBB2 signaling,4.9799933e-09,3
Transport of the SLBP Dependant Mature mRNA,4.977071e-09,1
EGF-Ncore,4.9731312e-09,36
Defective factor XII causes hereditary angioedema,4.9699067e-09,2
Glutaminolysis and Cancer,4.96763e-09,19
Basal transcription factors - Homo sapiens (human),4.9630504e-09,19
Role of LAT2/NTAL/LAB on calcium mobilization,4.9602926e-09,9
β-alanine degradation,4.9555258e-09,1
Prader-Willi and Angelman Syndrome,4.955254e-09,18
"fatty acid β-oxidation (unsaturated, odd number)",4.95238e-09,1
Hydromorphone Action Pathway,4.950439e-09,15
segmentation clock,4.9504e-09,13
Regulation of gene expression in beta cells,4.949314e-09,2
Inactivation of CSF3 (G-CSF) signaling,4.9456217e-09,14
Fatty Acid Elongation In Mitochondria,4.943256e-09,3
Prion disease - Homo sapiens (human),4.942015e-09,104
Nanoparticle triggered autophagic cell death,4.9403885e-09,20
Gamma-glutamyl-transpeptidase deficiency,4.9383218e-09,4
Axonal growth stimulation,4.936929e-09,2
Metabolism of vitamins and cofactors,4.9310818e-09,105
Trandolapril Metabolism Pathway,4.9279283e-09,1
Caspase-mediated cleavage of cytoskeletal proteins,4.9122004e-09,5
superoxide radicals degradation,4.910957e-09,6
Olfactory transduction - Homo sapiens (human),4.908552e-09,134
Urokinase Action Pathway,4.907133e-09,14
IL-2 signaling,4.906111e-09,6
activation of pkc through g-protein coupled receptors,4.9052407e-09,10
Sphingolipid Metabolism,4.9051145e-09,14
Simvastatin Action Pathway,4.9017395e-09,10
PPAR signaling pathway,4.896733e-09,29
Ephrin signaling,4.891067e-09,12
NOSIP mediated eNOS trafficking,4.8869335e-09,1
Packaging Of Telomere Ends,4.8850257e-09,12
Glycosaminoglycan metabolism,4.881313e-09,67
ifn alpha signaling pathway,4.8795847e-09,7
Formation of TC-NER Pre-Incision Complex,4.8740936e-09,16
pyrimidine deoxyribonucleotide phosphorylation,4.865445e-09,1
Adenosine P1 receptors,4.865358e-09,2
folate polyglutamylation,4.86398e-09,3
Glycosaminoglycan biosynthesis - chondroitin sulfate / dermatan sulfate - Homo sapiens (human),4.8617617e-09,13
"Signaling by PDGFRA transmembrane, juxtamembrane and kinase domain mutants",4.8586557e-09,8
purine nucleotides <i>de novo</i> biosynthesis,4.857622e-09,15
TCR signaling in naïve CD8+ T cells,4.8571787e-09,41
Prostaglandin Synthesis and Regulation,4.8554636e-09,28
HDACs deacetylate histones,4.854367e-09,24
"mRNA decay by 3, to 5, exoribonuclease",4.8518354e-09,2
Initiation of Nuclear Envelope (NE) Reformation,4.8463162e-09,9
Bisoprolol Action Pathway,4.8406514e-09,41
Ciliary landscape,4.8378688e-09,101
MAPK signaling pathway - Homo sapiens (human),4.833243e-09,184
IL-7 signaling,4.829322e-09,105
Nifedipine Action Pathway,4.8262647e-09,41
Export of Viral Ribonucleoproteins from Nucleus,4.8236988e-09,1
Zinc efflux and compartmentalization by the SLC30 family,4.804379e-09,4
Separation of Sister Chromatids,4.80335e-09,53
Elevation of cytosolic Ca2+ levels,4.7979984e-09,11
Biosynthesis of protectins,4.7945035e-09,3
G alpha (12/13) signalling events,4.7944737e-09,40
Transcription factor regulation in adipogenesis,4.7939075e-09,18
Vascular smooth muscle contraction - Homo sapiens (human),4.7892748e-09,84
Retinoblastoma gene in cancer,4.7849253e-09,37
Glycosphingolipid biosynthesis - neolactoseries,4.7834536e-09,10
Acetaminophen  Action Pathway,4.7790665e-09,14
Negative regulation of FGFR3 signaling,4.7605093e-09,22
Phosphatidylinositol phosphate metabolism,4.7508673e-09,43
stathmin and breast cancer resistance to antimicrotubule agents,4.745852e-09,11
GPCR signaling-G alpha s PKA and ERK,4.743095e-09,168
Interleukin-6 signaling,4.7374424e-09,10
Gastrin signaling pathway,4.735119e-09,75
Cytoplasmic Ribosomal Proteins,4.725959e-09,25
Nuclear Receptor transcription pathway,4.7212896e-09,27
Phenylalanine metabolism,4.714695e-09,5
glutamate dependent acid resistance,4.6960498e-09,2
Binding and Uptake of Ligands by Scavenger Receptors,4.689639e-09,25
4-aminobutyrate degradation,4.6858224e-09,2
The role of GTSE1 in G2/M progression after G2 checkpoint,4.6818176e-09,5
Sphingolipid metabolism,4.679009e-09,43
Cell junction organization,4.674355e-09,54
"Fructose intolerance, hereditary",4.660445e-09,8
Exercise-induced Circadian Regulation,4.659879e-09,21
Cytosolic iron-sulfur cluster assembly,4.6557407e-09,1
superpathway of pyrimidine deoxyribonucleoside salvage,4.6504e-09,3
Metiamide Action Pathway,4.6440016e-09,6
Staphylococcus aureus infection - Homo sapiens (human),4.6436366e-09,46
"Chondrodysplasia Punctata II, X Linked Dominant (CDPX2)",4.641585e-09,10
Wax and plasmalogen biosynthesis,4.640162e-09,3
Focal Adhesion,4.63858e-09,120
Sensory processing of sound by inner hair cells of the cochlea,4.633276e-09,31
Eukaryotic Transcription Initiation,4.631892e-09,15
HS-GAG degradation,4.631715e-09,13
Envelope proteins and their potential roles in EDMD physiopathology,4.6279003e-09,26
Bile acid and bile salt metabolism,4.623903e-09,22
Transcriptional  activation of  cell cycle inhibitor p21 ,4.6231934e-09,1
Zellweger Syndrome,4.6213318e-09,6
Terpenoid backbone biosynthesis - Homo sapiens (human),4.610521e-09,7
Regulation of insulin secretion,4.6104605e-09,42
p75NTR regulates axonogenesis,4.604763e-09,5
TGF-beta receptor signaling activates SMADs,4.5917083e-09,11
Dopamine Neurotransmitter Release Cycle,4.5860062e-09,13
Regulation of Glucokinase by Glucokinase Regulatory Protein,4.5824224e-09,12
Vinblastine Action Pathway,4.577572e-09,7
Calcium signaling in the CD4+ TCR pathway,4.5765205e-09,22
Cannabinoid receptor signaling,4.576111e-09,10
G beta:gamma signalling through BTK,4.5740807e-09,6
Regulation of lipolysis in adipocytes - Homo sapiens (human),4.5703947e-09,35
Warfarin Action Pathway,4.5698814e-09,14
Signaling by KIT in disease,4.567019e-09,16
hydrogen sulfide biosynthesis (trans-sulfuration),4.5640496e-09,2
Lysosome Vesicle Biogenesis,4.5622244e-09,15
3-phosphoinositide biosynthesis,4.555831e-09,14
Pyrimidine nucleotides nucleosides metabolism,4.554197e-09,25
Amplification of signal from the kinetochores,4.5483954e-09,42
Transfer of LPS from LBP carrier to CD14,4.5299418e-09,2
Collagen biosynthesis and modifying enzymes,4.4986823e-09,43
Gap junction trafficking and regulation,4.4800874e-09,7
Ion channel transport,4.4772226e-09,90
Digestion of dietary lipid,4.469122e-09,2
Epinephrine Action Pathway,4.466573e-09,41
Regulation of TNFR1 signaling,4.4654236e-09,11
The Overlap Between Signal Transduction Pathways that Contribute to a Range of LMNA Laminopathies,4.4648036e-09,31
cadmium induces dna synthesis and proliferation in macrophages,4.4602277e-09,13
ERK/MAPK targets,4.4541193e-09,14
Zinc transporters,4.45033e-09,9
Protein digestion and absorption - Homo sapiens (human),4.4451776e-09,62
RAC2 GTPase cycle,4.4429243e-09,52
pentose phosphate pathway,4.442457e-09,2
3q29 copy number variation syndrome,4.4410347e-09,27
NAD biosynthesis from 2-amino-3-carboxymuconate semialdehyde,4.4290647e-09,5
"Activation of the mRNA upon binding of the cap-binding complex and eIFs, and subsequent binding to 43S",4.426809e-09,15
the 41bb-dependent immune response,4.421417e-09,11
Ifosfamide Metabolism Pathway,4.4203916e-09,5
Notch-mediated HES/HEY network,4.4190784e-09,28
Mechanoregulation and pathology of YAP-TAZ via Hippo and non-Hippo mechanisms,4.4030593e-09,23
Pyruvaldehyde Degradation,4.401218e-09,1
Syndecan interactions,4.3979176e-09,15
Nucleotide Excision Repair ,4.3905564e-09,5
Argininemia,4.381019e-09,7
Plasma membrane estrogen receptor signaling,4.3797312e-09,28
Validated targets of C-MYC transcriptional repression,4.3787756e-09,39
Gaucher Disease,4.3781405e-09,14
Allograft rejection - Homo sapiens (human),4.376191e-09,32
Lysosphingolipid and LPA receptors,4.3732564e-09,9
Pravastatin Action Pathway,4.369366e-09,10
cyclin e destruction pathway,4.3652015e-09,5
Endochondral Ossification,4.3648543e-09,41
Glycolysis,4.3548587e-09,31
Synthesis of glycosylphosphatidylinositol (GPI),4.3516852e-09,2
Cerebrotendinous Xanthomatosis (CTX),4.351256e-09,6
Dual Incision in GG-NER,4.34356e-09,17
Norepinephrine Neurotransmitter Release Cycle,4.342377e-09,11
regulation of p27 phosphorylation during cell cycle progression,4.334473e-09,5
Androgen biosynthesis,4.3340806e-09,4
Corticosterone methyl oxidase II deficiency - CMO II,4.3203503e-09,5
p38 MAPK signaling pathway,4.318345e-09,20
Rescinnamine Action Pathway,4.315254e-09,3
"Growth hormone synthesis, secretion and action - Homo sapiens (human)",4.3034944e-09,80
DAG and IP3 signaling,4.3013655e-09,28
Latent infection - Other responses of Mtb to phagocytosis,4.2926125e-09,1
methionine degradation,4.291471e-09,3
Toxicity of botulinum toxin type A (botA),4.2822013e-09,4
DNA Double-Strand Break Repair,4.274632e-09,63
One-carbon metabolism and related pathways,4.274588e-09,32
Cell adhesion molecules - Homo sapiens (human),4.2646304e-09,103
Nonhomologous End-Joining (NHEJ),4.2559156e-09,22
Activation of the pre-replicative complex,4.252552e-09,14
Canonical and non-canonical Notch signaling,4.2507766e-09,15
CLEC7A/inflammasome pathway,4.239857e-09,2
mRNA Splicing - Minor Pathway,4.2322865e-09,16
Neuronal System,4.2290935e-09,239
Platelet Aggregation (Plug Formation),4.2270663e-09,23
ras-independent pathway in nk cell-mediated cytotoxicity,4.224045e-09,16
Interaction between PHLDA1 and AURKA,4.221204e-09,1
Gene expression (Transcription),4.218208e-09,577
D-glucuronate degradation,4.215662e-09,1
Citrate cycle,4.212106e-09,18
Metabolism of nitric oxide: NOS3 activation and regulation,4.2119908e-09,11
Allograft Rejection,4.211266e-09,65
BMP Signalling Pathway,4.2070436e-09,8
GABA receptor activation,4.204606e-09,38
Activation and oligomerization of BAK protein,4.199711e-09,1
the co-stimulatory signal during t-cell activation,4.1877506e-09,17
Notch-HLH transcription pathway,4.1859756e-09,17
TP53 Regulates Transcription of Caspase Activators and Caspases,4.184254e-09,7
Apoptotic execution phase,4.1828576e-09,20
Thromboxane A2 receptor signaling,4.1812855e-09,36
RIG-I-like receptor signaling pathway - Homo sapiens (human),4.1744403e-09,33
Organic anion transporters,4.1695847e-09,3
Abacavir transmembrane transport,4.1663144e-09,5
IL23-mediated signaling events,4.165504e-09,28
IL27-mediated signaling events,4.1625956e-09,23
Regulation of apoptosis by parathyroid hormone-related protein,4.159393e-09,10
Signaling by activated point mutants of FGFR3,4.1512678e-09,9
Sialic acid metabolism,4.1455017e-09,20
Assembly of collagen fibrils and other multimeric structures,4.1348693e-09,28
glycine/serine biosynthesis,4.133271e-09,1
Synaptic adhesion-like molecules,4.131615e-09,10
Dihydromorphine Action Pathway,4.129207e-09,15
Activation of GABAB receptors,4.1253667e-09,26
Telomere Maintenance,4.1224784e-09,31
GPCR Dopamine D1like receptor,4.1218837e-09,28
Methionine Cysteine metabolism,4.119217e-09,13
Long-term potentiation - Homo sapiens (human),4.1178305e-09,38
B Cell Receptor Signaling Pathway,4.1152326e-09,69
IFN alpha signaling,4.1113917e-09,10
Cellular Senescence,4.098473e-09,78
PTK6 Regulates Cell Cycle,4.0914703e-09,3
Gastric acid secretion - Homo sapiens (human),4.079948e-09,53
RAS and bradykinin pathways in COVID-19,4.0797303e-09,23
Insulin processing,4.07613e-09,7
"Activation, myristolyation of BID and translocation to mitochondria",4.068892e-09,2
Panitumumab Action Pathway,4.066676e-09,1
IL-6 signaling,4.0666386e-09,6
Biological oxidations,4.0607464e-09,107
Neurotoxicity of clostridium toxins,4.056977e-09,8
Hyper-IgD syndrome,4.041076e-09,10
Bevantolol Action Pathway,4.034232e-09,41
FGFR2 mutant receptor activation,4.030111e-09,11
CLEC7A (Dectin-1) induces NFAT activation,4.0251633e-09,9
APC/C:Cdh1 mediated degradation of Cdc20 and other APC/C:Cdh1 targeted proteins in late mitosis/early G1,4.024442e-09,11
HIF-1-alpha transcription factor network,4.018445e-09,43
Peroxiredoxin 2 induced ovarian failure,4.013025e-09,3
APOBEC3G mediated resistance to HIV-1 infection,4.009406e-09,1
Triglyceride biosynthesis,3.999645e-09,6
Celecoxib Metabolism Pathway,3.9861243e-09,5
Interaction between L1 and Ankyrins,3.9849106e-09,20
Aspirin and miRNAs,3.982353e-09,9
guanosine nucleotides <i>de novo</i> biosynthesis,3.9803814e-09,4
PDGFR-alpha signaling pathway,3.9799963e-09,11
Tryptophan Metabolism,3.9771217e-09,8
DNA Damage Bypass,3.9765333e-09,17
Diseases of signal transduction by growth factor receptors and second messengers,3.9758477e-09,174
Signaling by VEGF,3.9754244e-09,59
GLUT-1 deficiency syndrome,3.974672e-09,4
Morphine Metabolism Pathway,3.9738763e-09,11
5-Oxoprolinuria,3.9689994e-09,4
NOTCH3 Activation and Transmission of Signal to the Nucleus,3.966159e-09,13
Carbamazepine Metabolism Pathway,3.9657753e-09,5
FCERI mediated Ca+2 mobilization,3.9655834e-09,23
IkBA variant leads to EDA-ID,3.9651544e-09,4
LRR FLII-interacting protein 1 (LRRFIP1) activates type I IFN production,3.959232e-09,2
Regulation of Telomerase,3.958539e-09,34
The AIM2 inflammasome,3.956737e-09,2
Biosynthesis of maresin-like SPMs,3.9551953e-09,4
Dual hijack model of Vif in HIV infection,3.953664e-09,3
Cytoprotection by HMOX1,3.9496646e-09,27
O2/CO2 exchange in erythrocytes,3.948703e-09,3
"Valine, leucine and isoleucine degradation - Homo sapiens (human)",3.9447214e-09,28
Release of Hh-Np from the secreting cell,3.9437458e-09,4
Peptide hormone metabolism,3.941129e-09,23
Telomere Extension By Telomerase,3.9344146e-09,7
Ubiquinone Biosynthesis,3.932306e-09,2
Nuclear signaling by ERBB4,3.9231303e-09,18
Bevacizumab Action Pathway,3.922943e-09,3
Autodegradation of Cdh1 by Cdh1:APC/C,3.922226e-09,9
L1CAM interactions,3.9196877e-09,59
The citric acid (TCA) cycle and respiratory electron transport,3.916302e-09,53
NOTCH4 Intracellular Domain Regulates Transcription,3.9155914e-09,4
TP53 Regulates Transcription of Cell Death Genes,3.9107575e-09,23
Regulation of pyruvate dehydrogenase (PDH) complex,3.910376e-09,8
phytol degradation,3.908787e-09,1
Hair Follicle Development- Cytodifferentiation - Part 3 of 3,3.9065027e-09,1
Eicosanoid metabolism via lipooxygenases (LOX),3.897001e-09,14
IL-1 NFkB,3.8960493e-09,31
Eicosanoid Synthesis,3.893083e-09,11
Thyroxine biosynthesis,3.892768e-09,5
STAT5 Activation,3.892186e-09,6
p53-Independent DNA Damage Response,3.8921657e-09,2
histidine degradation,3.8903805e-09,2
Interleukin-37 signaling,3.8775365e-09,4
Vitamin D in inflammatory diseases,3.8741526e-09,16
Triamterene Action Pathway,3.8741055e-09,20
TLR ECSIT MEKK1 JNK,3.8737076e-09,17
"Homocystinuria, cystathionine beta-synthase deficiency",3.86296e-09,3
Dopamine metabolism,3.857286e-09,6
Apelin signaling pathway - Homo sapiens (human),3.8536463e-09,73
Peptide chain elongation,3.8491006e-09,26
Dimerization of procaspase-8,3.8401367e-09,7
Wnt signaling pathway - Homo sapiens (human),3.839836e-09,105
Lipid and atherosclerosis - Homo sapiens (human),3.8342653e-09,131
Nonalcoholic fatty liver disease,3.8331773e-09,65
MFAP5-mediated ovarian cancer cell motility and invasiveness,3.829702e-09,10
"TET1,2,3 and TDG demethylate DNA",3.825193e-09,2
regulation of eif2,3.825052e-09,4
COPI-dependent Golgi-to-ER retrograde traffic,3.8239767e-09,36
VEGF binds to VEGFR leading to receptor dimerization,3.822354e-09,4
Sphingolipid Metabolism (general overview),3.818913e-09,10
RUNX1 regulates estrogen receptor mediated transcription,3.8128727e-09,5
Warburg Effect,3.8114614e-09,20
Collecting duct acid secretion - Homo sapiens (human),3.8101176e-09,10
superpathway of melatonin degradation,3.808201e-09,6
insulin,3.8036236e-09,38
IL2-mediated signaling events,3.8007695e-09,43
Enalapril Metabolism Pathway,3.79709e-09,1
PTK6 Regulates Proteins Involved in RNA Processing,3.7964556e-09,3
Serotonin Receptor 4-6-7 and NR3C Signaling,3.7941934e-09,12
Insulin Signalling,3.790296e-09,9
Candesartan Action Pathway,3.77279e-09,3
Sema3A PAK dependent Axon repulsion,3.7581414e-09,9
Neddylation,3.753538e-09,87
Sema4D in semaphorin signaling,3.751401e-09,15
Role of ABL in ROBO-SLIT signaling,3.7435983e-09,7
Direct Reversal Repair,3.7329544e-09,1
Neurotransmitter uptake and metabolism In glial cells,3.7322696e-09,3
C21-steroid hormone biosynthesis and metabolism,3.7252217e-09,29
Tyrosine metabolism,3.7195385e-09,74
2-amino-3-carboxymuconate semialdehyde degradation to glutaryl-CoA,3.715206e-09,1
HDR through MMEJ (alt-NHEJ),3.7137227e-09,6
Potential therapeutics for SARS,3.711731e-09,39
cdk regulation of dna replication,3.7099692e-09,9
Methionine and cysteine metabolism,3.708612e-09,39
Leukotriene metabolism,3.7056838e-09,50
NOSTRIN mediated eNOS trafficking,3.7034182e-09,5
Anistreplase Action Pathway,3.7020316e-09,14
NOTCH1 regulation of endothelial cell calcification,3.6980667e-09,13
Glycolysis / Gluconeogenesis - Homo sapiens (human),3.6856331e-09,25
Dihydropyrimidine Dehydrogenase Deficiency (DHPD),3.677311e-09,12
IL-5 signaling pathway,3.673887e-09,29
Prostaglandin Leukotriene metabolism,3.6698222e-09,10
Invadopodia formation,3.6526915e-09,4
hiv-1 defeats host-mediated resistance by cem15,3.646063e-09,2
Proline catabolism,3.6457264e-09,1
Estrogen signaling pathway - Homo sapiens (human),3.6455612e-09,70
Propionic Acidemia,3.643664e-09,18
MET interacts with TNS proteins,3.6370174e-09,4
Polymerase switching,3.6322287e-09,5
Somitogenesis in the context of spondylocostal dysostosis,3.6264405e-09,4
Processing of Capped Intron-Containing Pre-mRNA,3.624813e-09,74
DAP12 interactions,3.622329e-09,26
Proteoglycan biosynthesis,3.6209462e-09,22
De novo fatty acid biosynthesis,3.6156491e-09,11
Synthesis of epoxy (EET) and dihydroxyeicosatrienoic acids (DHET),3.6102896e-09,6
E3 ubiquitin ligases ubiquitinate target proteins,3.6087293e-09,28
progesterone biosynthesis,3.6021297e-09,2
Kidney Function,3.6008503e-09,20
Methylation,3.5981325e-09,9
Signaling by cytosolic PDGFRA and PDGFRB fusion proteins,3.594149e-09,1
Very-long-chain acyl coa dehydrogenase deficiency (VLCAD),3.5933208e-09,7
Interferon alpha/beta signaling,3.5879886e-09,39
beta-Alanine metabolism - Homo sapiens (human),3.5820045e-09,17
antigen processing and presentation,3.577095e-09,9
Metabolism of xenobiotics by cytochrome P450 - Homo sapiens (human),3.5760994e-09,39
Disruption of postsynaptic signaling by CNV,3.5735828e-09,20
Tumor suppressor activity of SMARCB1,3.568894e-09,21
Acetylcholine binding and downstream events,3.5682612e-09,7
Vitamin C (ascorbate) metabolism,3.565556e-09,7
"Synthesis And Processing Of GAG, GAGPOL Polyproteins",3.563244e-09,6
map kinase inactivation of smrt corepressor,3.5632093e-09,8
Thymic Stromal LymphoPoietin (TSLP) Signaling Pathway,3.5629293e-09,34
STING pathway in Kawasaki-like disease and COVID-19,3.5616283e-09,11
Proton-coupled neutral amino acid transporters,3.5563703e-09,1
Processing of Capped Intronless Pre-mRNA,3.5557886e-09,6
trehalose degradation,3.5537013e-09,3
Signaling by NTRK3 (TRKC),3.5391459e-09,6
Salivary secretion - Homo sapiens (human),3.5382781e-09,54
Regulation of CDC42 activity,3.5327012e-09,16
SCF-beta-TrCP mediated degradation of Emi1,3.5305225e-09,5
SLIT2:ROBO1 increases RHOA activity,3.5282044e-09,4
Inhibition of exosome biogenesis and secretion by Manumycin A in CRPC cells,3.5156384e-09,13
chondroitin sulfate biosynthesis (late stages),3.5150407e-09,10
Supression of HMGB1 mediated inflammation by THBD,3.5132115e-09,4
Interleukin-27 signaling,3.5096606e-09,8
CRH,3.5084486e-09,24
Fanconi anemia pathway - Homo sapiens (human),3.5061354e-09,19
Mammary gland development pathway - Embryonic development (Stage 1 of 4),3.5027776e-09,11
ubiquinol-10 biosynthesis,3.4994274e-09,3
Translesion synthesis by Y family DNA polymerases bypasses lesions on DNA template,3.495145e-09,13
Ascorbate and aldarate metabolism - Homo sapiens (human),3.4927408e-09,22
Biosynthesis of DPA-derived SPMs,3.4905767e-09,2
Ras signaling,3.4894814e-09,110
Validated nuclear estrogen receptor alpha network,3.4888712e-09,31
O-linked glycosylation of mucins,3.4885694e-09,40
Platelet sensitization by LDL,3.4871448e-09,13
Axon guidance,3.4864813e-09,228
T cell receptor signaling pathway - Homo sapiens (human),3.4800658e-09,71
Hepatitis C and Hepatocellular Carcinoma,3.4784664e-09,31
ABC transporter disorders,3.4747245e-09,7
WNT5A-dependent internalization of FZD4,3.4616807e-09,6
Pathways of nucleic acid metabolism and innate immune sensing,3.4609482e-09,2
"Synthesis, secretion, and deacylation of Ghrelin",3.4592813e-09,6
Recognition of DNA damage by PCNA-containing replication complex,3.4524574e-09,12
Signaling by ERBB2,3.4302017e-09,29
Sperm Motility And Taxes,3.4301184e-09,5
superpathway of geranylgeranyldiphosphate biosynthesis I (via mevalonate),3.4216843e-09,5
RHOBTB2 GTPase cycle,3.420734e-09,9
NGF processing,3.4180632e-09,3
RNA Polymerase I Promoter Clearance,3.4152876e-09,17
EGFR downregulation,3.405841e-09,19
tetrahydrobiopterin <i>de novo</i> biosynthesis,3.3915306e-09,1
tRNA processing in the nucleus,3.3838639e-09,19
Formation of the Editosome,3.3812562e-09,1
Nucleotide-binding Oligomerization Domain (NOD) pathway,3.3698928e-09,24
IL-4 signaling,3.3691734e-09,5
FRS-mediated FGFR4 signaling,3.3679033e-09,16
LTC4-CYSLTR mediated IL4 production,3.365166e-09,3
Acrosome Reaction and Sperm:Oocyte Membrane Binding,3.3587901e-09,3
Protein export - Homo sapiens (human),3.3586067e-09,12
Sealing of the nuclear envelope (NE) by ESCRT-III,3.3481005e-09,9
"Alanine, aspartate and glutamate metabolism - Homo sapiens (human)",3.3440297e-09,19
Late endosomal microautophagy,3.3440202e-09,6
Adenylate cyclase inhibitory pathway,3.3362069e-09,11
Moexipril Metabolism Pathway,3.3286742e-09,1
Cleavage of the damaged pyrimidine ,3.3066954e-09,16
MAP kinase activation,3.3014902e-09,44
"Regulation of glycolysis by fructose 2,6-bisphosphate metabolism",3.2966976e-09,8
"Valine, leucine and isoleucine biosynthesis - Homo sapiens (human)",3.2958072e-09,2
Tyrosine Metabolism,3.2941037e-09,10
Transmission across Electrical Synapses ,3.2881524e-09,1
Angiotensin Metabolism,3.283441e-09,3
Phase 0 - rapid depolarisation,3.2754919e-09,14
Ether lipid metabolism - Homo sapiens (human),3.261042e-09,23
Establishment of Sister Chromatid Cohesion,3.2545673e-09,2
rRNA processing in the mitochondrion,3.2447627e-09,1
G2/M Checkpoints,3.2428416e-09,46
p53 transcriptional gene network,3.23573e-09,32
RNA Polymerase III Transcription Initiation,3.2329783e-09,12
Sudden Infant Death Syndrome (SIDS) Susceptibility Pathways,3.230511e-09,94
Isovaleric Aciduria,3.2280383e-09,18
Vitamin B6 Metabolism,3.2208716e-09,2
"Formation of the active cofactor, UDP-glucuronate",3.2161664e-09,2
Porphyrin and chlorophyll metabolism - Homo sapiens (human),3.2160319e-09,25
Wnt,3.212702e-09,46
Eicosanoid metabolism via cyclooxygenases (COX),3.2054812e-09,16
Cystathionine Beta-Synthase Deficiency,3.2050584e-09,12
Epithelial to mesenchymal transition in colorectal cancer,3.2014404e-09,90
Histidine degradation,3.1947742e-09,13
Atypical NF-kappaB pathway,3.1939784e-09,12
Leptin and adiponectin,3.1919463e-09,5
LPA4-mediated signaling events,3.191869e-09,10
protein citrullination,3.1885263e-09,4
Monoamine GPCRs,3.1883038e-09,24
"Fructose-1,6-diphosphatase deficiency",3.182248e-09,8
ER Quality Control Compartment (ERQC),3.1781244e-09,6
TAK1 activates NFkB by phosphorylation and activation of IKKs complex,3.1694893e-09,15
"Progressive trimming of alpha-1,2-linked mannose residues from Man9/8/7GlcNAc2 to produce Man5GlcNAc2",3.1668395e-09,2
AKT phosphorylates targets in the cytosol,3.1650975e-09,3
Acyl chain remodelling of PE,3.1638008e-09,11
FGF23 signaling in hypophosphatemic rickets and related disorders,3.1629028e-09,16
Pentose Phosphate Pathway,3.1585574e-09,6
Amiodarone Action Pathway,3.153258e-09,41
Apoptosis - Homo sapiens (human),3.1493288e-09,65
Degradation of AXIN,3.14843e-09,5
Histidine metabolism,3.1471323e-09,23
Lesch-Nyhan Syndrome (LNS),3.1461331e-09,20
RAC1 signaling pathway,3.1449718e-09,26
PI3K events in ERBB4 signaling,3.1448755e-09,6
DNA Damage Recognition in GG-NER,3.13719e-09,8
Parasite infection,3.1327452e-09,34
Effects of nitric oxide,3.1325096e-09,5
Drug Induction of Bile Acid Pathway,3.1285854e-09,9
Sulfation Biotransformation Reaction,3.128564e-09,9
Reteplase Action Pathway,3.1224658e-09,14
Mitochondrial Uncoupling,3.119969e-09,1
NO-cGMP-PKG mediated Neuroprotection,3.119379e-09,31
Arbutamine Action Pathway,3.1169214e-09,41
Response to metal ions,3.115991e-09,2
basic mechanism of action of ppara pparb(d) and pparg and effects on gene expression,3.112298e-09,5
Immune System,3.1112728e-09,939
Glucose metabolism,3.1071856e-09,40
fatty acid activation,3.1047152e-09,4
Glycosphingolipid biosynthesis - globoseries,3.0995868e-09,8
Zinc influx into cells by the SLC39 gene family,3.0973357e-09,5
Malonic Aciduria,3.0951652e-09,6
Lysosome - Homo sapiens (human),3.094557e-09,52
Biosynthesis of E-series 18(R)-resolvins,3.0832012e-09,3
NRAGE signals death through JNK,3.0820329e-09,30
Platelet homeostasis,3.0732141e-09,55
D-glyceric acidura,3.0719411e-09,9
Toll-like receptor signaling pathway - Homo sapiens (human),3.0711662e-09,62
Photodynamic therapy-induced NF-kB survival signaling,3.0707406e-09,23
Beta oxidation of myristoyl-CoA to lauroyl-CoA,3.059967e-09,1
Stimulation of the cell death response by PAK-2p34,3.0572984e-09,1
il 4 signaling pathway,3.0558382e-09,9
"Glycogenosis, Type IV. Amylopectinosis, Anderson disease",3.0475942e-09,10
lck and fyn tyrosine kinases in initiation of tcr activation,3.0455949e-09,10
Metabolic reprogramming in colon cancer,3.0429685e-09,18
Activated NTRK2 signals through RAS,3.038493e-09,5
Attachment of GPI anchor to uPAR,3.0339766e-09,4
GRB2 events in ERBB2 signaling,3.0320653e-09,10
Nabumetone Action Pathway,3.0308005e-09,14
"G(M2)-Gangliosidosis: Variant B, Tay-sachs disease",3.027885e-09,9
Felbamate Metabolism,3.027309e-09,1
Thrombin signalling through proteinase activated receptors (PARs),3.0253915e-09,16
Regulation of RUNX2 expression and activity,3.0234768e-09,14
Choline metabolism in cancer - Homo sapiens (human),3.0225495e-09,60
Biosynthesis of DPAn-3-derived maresins,3.0163e-09,1
"Signaling by Rho GTPases, Miro GTPases and RHOBTB3",3.014188e-09,346
Lysine Degradation,3.0108485e-09,8
TRAF6 mediated induction of NFkB and MAP kinases upon TLR7/8 or 9 activation,3.0094407e-09,50
ATR Signaling,3.00864e-09,3
Signaling events mediated by HDAC Class II,3.005729e-09,19
Phase I - Functionalization of compounds,3.0022793e-09,48
Acyl chain remodeling of DAG and TAG,2.998611e-09,2
JAK STAT pathway and regulation,2.9984548e-09,179
Resolution of AP sites via the single-nucleotide replacement pathway,2.9978457e-09,1
Translesion Synthesis by POLH,2.9941338e-09,6
Reversal of alkylation damage by DNA dioxygenases,2.9925982e-09,3
S-adenosyl-L-methionine biosynthesis,2.9840193e-09,2
NF-kB activation through FADD/RIP-1 pathway mediated by caspase-8 and -10,2.9799487e-09,5
Constitutive Signaling by Ligand-Responsive EGFR Cancer Variants,2.978152e-09,9
Metapathway biotransformation Phase I and II,2.9736142e-09,98
Butyrate Response Factor 1 (BRF1) binds and destabilizes mRNA,2.973552e-09,3
fatty acid α-oxidation,2.9731932e-09,3
MicroRNA for Targeting Cancer Growth and Vascularization in Glioblastoma,2.9712952e-09,4
retinol biosynthesis,2.9632274e-09,7
Glycosphingolipid biosynthesis - ganglio series - Homo sapiens (human),2.9491867e-09,7
Citric acid cycle (TCA cycle),2.9470084e-09,12
retinoate biosynthesis II,2.9460718e-09,1
NOD-like receptor signaling pathway - Homo sapiens (human),2.942615e-09,97
Fructose and mannose metabolism,2.9397222e-09,12
CXCR3-mediated signaling events,2.935078e-09,23
Signaling by NOTCH1 HD+PEST Domain Mutants in Cancer,2.9322136e-09,32
Arachidonate Epoxygenase - Epoxide Hydrolase,2.9279326e-09,3
Opioid Signalling,2.9248532e-09,54
Mexiletine Action Pathway,2.923529e-09,41
O-Glycan biosynthesis,2.919414e-09,22
"1D-<i>myo</i>-inositol hexakisphosphate biosynthesis V (from Ins(1,3,4)P3)",2.9178677e-09,3
no2-dependent il-12 pathway in nk cells,2.8982514e-09,8
Fenoprofen Action Pathway,2.8962897e-09,14
Host Interactions of HIV factors,2.8890375e-09,35
Regulation of Insulin-like Growth Factor (IGF) transport and uptake by Insulin-like Growth Factor Binding Proteins (IGFBPs),2.88854e-09,69
Plasma lipoprotein remodeling,2.8847076e-09,16
fatty acid biosynthesis initiation,2.880653e-09,1
Tat-mediated elongation of the HIV-1 transcript,2.876079e-09,17
EPO Receptor Signaling,2.8660927e-09,19
Insulin Pathway,2.8571763e-09,26
Postmitotic nuclear pore complex (NPC) reformation,2.85512e-09,10
putrescine biosynthesis II,2.8481555e-09,1
Apoptosis-related network due to altered Notch3 in ovarian cancer,2.8410225e-09,36
Cyclin D associated events in G1,2.8403404e-09,21
transcription factor creb and its extracellular signals,2.8393874e-09,17
Regulation of TP53 Activity through Phosphorylation,2.8389895e-09,43
Dobutamine Action Pathway,2.8336093e-09,41
Pyroptosis,2.83001e-09,6
IL-7,2.8197196e-09,21
Formation of Incision Complex in GG-NER,2.8196556e-09,22
Olfactory Signaling Pathway,2.8182998e-09,111
Neutrophil extracellular trap formation - Homo sapiens (human),2.813552e-09,81
thymine degradation,2.8123104e-09,3
Differentiation Pathway,2.8077016e-09,32
The influence of laminopathies on Wnt signaling,2.8037292e-09,22
Downstream signaling in naïve CD8+ T cells,2.7972638e-09,44
wnt lrp6 signalling,2.786745e-09,4
Liver X receptor pathway,2.786729e-09,4
Ovarian steroidogenesis - Homo sapiens (human),2.77864e-09,36
SIRT1 negatively regulates rRNA expression,2.7766793e-09,19
Acetylcholine inhibits contraction of outer hair cells,2.7675142e-09,4
Activation of C3 and C5,2.7626328e-09,4
Sterol regulatory element-binding proteins (SREBP) signaling,2.760582e-09,27
FBXL10 enhancement of MAP-ERK signaling in diffuse large B-cell lymphoma,2.7584757e-09,10
AGE-RAGE signaling pathway in diabetic complications - Homo sapiens (human),2.7539169e-09,68
Infection with Mycobacterium tuberculosis,2.7532512e-09,15
IL-7 signaling pathway,2.7462335e-09,19
Nateglinide Action Pathway,2.7456406e-09,4
Mitochondrial protein import,2.7425484e-09,20
GP1b-IX-V activation signalling,2.7408977e-09,5
Removal of the Flap Intermediate,2.7378633e-09,5
Heroin metabolism,2.7375728e-09,2
Hypothetical Craniofacial Development Pathway,2.7340152e-09,4
Antigen processing and presentation - Homo sapiens (human),2.733123e-09,42
Regulation of Complement cascade,2.7299611e-09,26
Transport of Mature Transcript to Cytoplasm,2.7294478e-09,22
Regulation of nuclear beta catenin signaling and target gene transcription,2.7203846e-09,50
Gamma-Glutamyltransferase Deficiency,2.7173863e-09,4
mucin core 1 and core 2 <i>O</i>-glycosylation,2.7161469e-09,19
Ammonia Recycling,2.7158462e-09,6
Scavenging by Class B Receptors,2.7000597e-09,5
Toll Like Receptor 5 (TLR5) Cascade,2.6901867e-09,51
Selenoamino Acid Metabolism,2.6897515e-09,7
Degradation of DVL,2.6881177e-09,5
Regulation of PLK1 Activity at G2/M Transition,2.6677531e-09,33
One-carbon metabolism,2.667436e-09,17
Procainamide (Antiarrhythmic) Action Pathway,2.6649265e-09,41
Metabolism of Angiotensinogen to Angiotensins,2.6508262e-09,9
POLB-Dependent Long Patch Base Excision Repair,2.650692e-09,2
Non-alcoholic fatty liver disease - Homo sapiens (human),2.6497782e-09,63
Endocytosis - Homo sapiens (human),2.6490197e-09,131
Beta oxidation of decanoyl-CoA to octanoyl-CoA-CoA,2.6387532e-09,2
Diseases associated with the TLR signaling cascade,2.6305567e-09,4
Evolocumab Mechanism,2.6243647e-09,2
TGF-beta Receptor Signaling,2.6240183e-09,33
G0 and Early G1,2.6145413e-09,10
Coagulation ,2.6107667e-09,14
cAMP signaling pathway - Homo sapiens (human),2.608284e-09,141
Transmission across Chemical Synapses,2.6051712e-09,151
Glutamate Neurotransmitter Release Cycle,2.5998634e-09,15
Metabolism of ingested MeSeO2H into MeSeH,2.5966487e-09,1
TP53 Regulates Transcription of Genes Involved in Cytochrome C Release,2.594243e-09,9
Trastuzumab Action Pathway,2.5898999e-09,1
3-Phosphoglycerate dehydrogenase deficiency,2.5815439e-09,12
Refsum Disease,2.5796343e-09,3
CD4 T cell receptor signaling,2.5728726e-09,78
MAPK1/MAPK3 signaling,2.5711355e-09,151
L-glutamine tRNA biosynthesis,2.5636977e-09,2
Ornithine Transcarbamylase Deficiency (OTC Deficiency),2.5607623e-09,7
G beta:gamma signalling through PI3Kgamma,2.5571172e-09,11
RAF-independent MAPK1/3 activation,2.5553788e-09,10
Formation of annular gap junctions,2.5527043e-09,4
Renin-angiotensin-aldosterone system (RAAS),2.550598e-09,23
Fluoroacetic acid toxicity,2.5451774e-09,5
Synthesis of PI,2.5426292e-09,2
Interconversion of 2-oxoglutarate and 2-hydroxyglutarate,2.5388998e-09,1
Tgif disruption of Shh signaling,2.5375186e-09,3
PI and PC transport between ER and Golgi membranes,2.5345033e-09,1
Cholinergic synapse - Homo sapiens (human),2.5253335e-09,70
Etoposide Action Pathway,2.5226328e-09,11
FSH,2.5206077e-09,5
IL-17 signaling pathway - Homo sapiens (human),2.519506e-09,61
Type I interferon induction and signaling during SARS-CoV-2 infection,2.518039e-09,17
Interconversion of nucleotide di- and triphosphates,2.513223e-09,13
Degradation of cysteine and homocysteine,2.5126052e-09,4
Phosphate bond hydrolysis by NTPDase proteins,2.5121696e-09,3
AMPK signaling pathway - Homo sapiens (human),2.5083136e-09,67
Carteolol Action Pathway,2.5045477e-09,41
Caffeine and Theobromine metabolism,2.4898852e-09,3
Selenium Micronutrient Network,2.479375e-09,52
Non-integrin membrane-ECM interactions,2.4760198e-09,31
Platelet calcium homeostasis,2.4750317e-09,17
Nonsense Mediated Decay (NMD) independent of the Exon Junction Complex (EJC),2.472703e-09,28
Vitamin K Metabolism,2.4707871e-09,2
Tandem pore domain potassium channels,2.4702451e-09,8
Transcriptional regulation by RUNX2,2.469874e-09,36
role of brca1 brca2 and atr in cancer susceptibility,2.469429e-09,8
Signaling by TGF-beta Receptor Complex,2.4672744e-09,28
RNA Polymerase II Transcription Pre-Initiation And Promoter Opening,2.4659474e-09,20
Adrenergic signaling in cardiomyocytes - Homo sapiens (human),2.4633056e-09,88
leukotriene biosynthesis,2.4531999e-09,3
Oxidative phosphorylation - Homo sapiens (human),2.4474032e-09,34
Phosphorylation of proteins involved in G1/S transition by active Cyclin E:Cdk2 complexes,2.4376665e-09,2
Methylation Pathways,2.4374378e-09,5
Other semaphorin interactions,2.431083e-09,14
Ethanol effects on histone modifications,2.4186395e-09,18
Recycling pathway of L1,2.4123206e-09,13
<i>N</i>-acetylglucosamine degradation I,2.406404e-09,2
glycine cleavage,2.4044082e-09,2
RHOV GTPase cycle,2.3967472e-09,13
Metabolism of polyamines,2.394784e-09,5
Acyl chain remodelling of PG,2.3932776e-09,6
Transcriptional Regulation by TP53,2.3913724e-09,163
Interleukin-4 and Interleukin-13 signaling,2.3871745e-09,11
Osteoblast differentiation,2.3863427e-09,75
Cellular Proteostasis,2.384187e-09,2
Longevity regulating pathway - Homo sapiens (human),2.3809388e-09,51
Male infertility,2.3689135e-09,81
Class I peroxisomal membrane protein import,2.3686446e-09,8
Pyruvate dehydrogenase deficiency (E3),2.3610525e-09,11
BDNF activates NTRK2 (TRKB) signaling,2.3485067e-09,2
Acenocoumarol Action Pathway,2.3414501e-09,14
Aprotinin Action Pathway,2.3387807e-09,14
il-7 signal transduction,2.3330111e-09,11
Processing of Intronless Pre-mRNAs,2.3270363e-09,5
Vitamin A (retinol) metabolism,2.325353e-09,22
Apoptosis - multiple species - Homo sapiens (human),2.3213986e-09,10
Organic cation/anion/zwitterion transport,2.3209275e-09,7
Thyroid hormones production and their peripheral downstream signaling effects,2.3203635e-09,42
Activated NTRK3 signals through RAS,2.3121824e-09,2
Nicotine addiction - Homo sapiens (human),2.311158e-09,25
RNA Polymerase I Transcription Initiation,2.3092244e-09,16
Long-term potentiation,2.3090796e-09,15
trans-Golgi Network Vesicle Budding,2.3079516e-09,37
cell cycle: g1/s check point,2.3056033e-09,12
"<i>trans, trans</i>-farnesyl diphosphate biosynthesis",2.2989814e-09,2
Tryptophan metabolism - Homo sapiens (human),2.289231e-09,22
Th1 and Th2 cell differentiation - Homo sapiens (human),2.2842657e-09,72
proline degradation,2.273981e-09,1
aspartate biosynthesis,2.269915e-09,1
amb2 Integrin signaling,2.26642e-09,22
Signalling to STAT3,2.2650846e-09,2
Response of EIF2AK4 (GCN2) to amino acid deficiency,2.2647213e-09,31
Factors involved in megakaryocyte development and platelet production,2.2613187e-09,74
Regulation of gap junction activity,2.2608342e-09,3
Dimethylglycine Dehydrogenase Deficiency,2.2605307e-09,12
Carbohydrate digestion and absorption - Homo sapiens (human),2.2602658e-09,23
Interactions between immune cells and microRNAs in tumor microenvironment,2.2488607e-09,16
tryptophan degradation,2.2483277e-09,5
Signaling by FLT3 ITD and TKD mutants,2.229847e-09,10
Interleukin-1 signaling,2.227644e-09,34
Dopaminergic Neurogenesis,2.216904e-09,17
Hedgehog Signaling Pathway Netpath,2.2067579e-09,10
FGFR4 ligand binding and activation,2.2043531e-09,10
Ibutilide Action Pathway,2.1995823e-09,41
Thyroid stimulating hormone (TSH) signaling pathway,2.1887416e-09,47
Sarcosinemia,2.1885997e-09,12
Signaling by FGFR2 in disease,2.1851116e-09,18
G2/M DNA replication checkpoint,2.1837927e-09,1
Digestion and absorption,2.1825368e-09,11
Estrogen-dependent nuclear events downstream of ESR-membrane signaling,2.1761455e-09,8
ROBO receptors bind AKAP5,2.1662308e-09,4
Catalytic cycle of mammalian Flavin-containing MonoOxygenases (FMOs),2.1607245e-09,4
Lisinopril Action Pathway,2.1572637e-09,3
Prostanoid ligand receptors,2.1490085e-09,5
Bromfenac Action Pathway,2.1389428e-09,14
Arginine biosynthesis - Homo sapiens (human),2.1292e-09,9
VEGF,2.1270061e-09,106
Resistin as a regulator of inflammation,2.1171296e-09,21
Synthesis of IPs in the nucleus,2.1078401e-09,4
Constitutive Signaling by AKT1 E17K in Cancer,2.104251e-09,10
PAR1-mediated thrombin signaling events,2.100247e-09,26
SARS-CoV-2 innate immunity evasion and cell-specific immune response,2.099927e-09,35
Polymerase switching on the C-strand of the telomere,2.0838815e-09,8
Nalbuphine Action Pathway,2.0742865e-09,16
FBXL7 down-regulates AURKA during mitotic entry and in early mitosis,2.0637079e-09,4
Platelet activation - Homo sapiens (human),2.0633326e-09,84
superpathway of tryptophan utilization,2.058468e-09,19
Follicle Stimulating Hormone (FSH) signaling pathway,2.0553612e-09,16
Beta oxidation of butanoyl-CoA to acetyl-CoA,2.051031e-09,2
PTK6 Expression,2.0505513e-09,3
Trafficking and processing of endosomal TLR,2.0485036e-09,6
Role of phospholipids in phagocytosis,2.0464759e-09,17
lipoxin biosynthesis,2.0434836e-09,1
Small interfering RNA (siRNA) biogenesis,2.0421083e-09,4
Stabilization of p53,2.041662e-09,5
Aspartate Metabolism,2.0408812e-09,6
Eprosartan Action Pathway,2.034591e-09,3
tRNA modification in the mitochondrion,2.0335982e-09,3
Notch signaling pathway,2.028485e-09,29
GABA shunt,2.0214537e-09,5
Oxymorphone Action Pathway,2.0164368e-09,15
Transcriptional regulation of granulopoiesis,2.0153665e-09,17
Formation of the HIV-1 Early Elongation Complex,2.0124353e-09,14
Steroidogenesis,2.0115887e-09,5
Transcriptional regulation by small RNAs,2.0087887e-09,33
Synthesis of Ketone Bodies,1.9973925e-09,3
Keratan sulfate biosynthesis,1.988689e-09,14
Asthma - Homo sapiens (human),1.9813875e-09,23
Xanthinuria type II,1.9731083e-09,20
Signaling by Overexpressed Wild-Type EGFR in Cancer,1.9530138e-09,4
Amino acid transport across the plasma membrane,1.9372215e-09,20
Cori Cycle,1.928104e-09,5
NTF4 activates NTRK2 (TRKB) signaling,1.9273863e-09,1
CREB1 phosphorylation through the activation of CaMKII/CaMKK/CaMKIV cascasde,1.923877e-09,6
Toxicity of botulinum toxin type B (botB),1.9228246e-09,2
Host-pathogen interaction of human coronaviruses - interferon induction,1.9199669e-09,24
CDK-mediated phosphorylation and removal of Cdc6,1.9193322e-09,12
Interleukin-1 Induced Activation of NF-kappa-B,1.91908e-09,5
Mammalian disorder of sexual development,1.9098176e-09,13
7-(3-amino-3-carboxypropyl)-wyosine biosynthesis,1.9091733e-09,1
Relaxin receptors,1.908683e-09,3
3-oxo-10R-octadecatrienoate beta-oxidation,1.9067201e-09,3
Folding of actin by CCT/TriC,1.9025634e-09,4
Fatty acid metabolism,1.8936577e-09,77
Globoid Cell Leukodystrophy,1.8932145e-09,14
Ceramide signalling,1.8905055e-09,1
Tamoxifen Action Pathway,1.8874626e-09,8
CaM pathway,1.8862463e-09,23
TP53 Regulates Transcription of Death Receptors and Ligands,1.8856028e-09,9
MECP2 regulates neuronal receptors and channels,1.8699842e-09,10
erk1/erk2 mapk signaling pathway,1.8588868e-09,13
Adipocytokine signaling pathway - Homo sapiens (human),1.8573583e-09,38
mTORC1-mediated signalling,1.8555468e-09,7
Cyclin E associated events during G1/S transition ,1.8472335e-09,11
DNA Double Strand Break Response,1.8453774e-09,31
Cellular response to hypoxia,1.8447555e-09,14
mRNA Splicing,1.8353172e-09,59
Nuclear Events (kinase and transcription factor activation),1.8340962e-09,38
Autodegradation of the E3 ubiquitin ligase COP1,1.8294379e-09,3
downregulated of mta-3 in er-negative breast tumors,1.8163809e-09,7
GPCR signaling-G alpha i,1.812916e-09,155
PI3K-AKT-mTOR - VitD3 signaling,1.8083175e-09,13
COVID-19 adverse outcome pathway,1.8068436e-09,12
Aryl hydrocarbon receptor signalling,1.8059905e-09,3
RMTs methylate histone arginines,1.8044579e-09,24
RNA Polymerase I Transcription,1.7942199e-09,18
SUMO is conjugated to E1 (UBA2:SAE1),1.7886217e-09,1
RNA Polymerase II Transcription Initiation And Promoter Clearance,1.7843842e-09,20
Cytokine Signaling in Immune system,1.779128e-09,301
Sensory Perception,1.7696422e-09,196
Late Phase of HIV Life Cycle,1.7661672e-09,53
Cystinuria,1.7641e-09,20
Glycerophospholipid biosynthesis,1.7587989e-09,61
G-protein mediated events,1.7583948e-09,36
Signaling by Non-Receptor Tyrosine Kinases,1.7581694e-09,33
LDLRAD4 and what we know about it,1.7524453e-09,5
Endometrial cancer,1.7515775e-09,39
regulation of map kinase pathways through dual specificity phosphatases,1.7513497e-09,6
Biotin transport and metabolism,1.7511614e-09,5
Tie2 Signaling,1.7509265e-09,13
TWIK-related alkaline pH activated K+ channel (TALK),1.7475932e-09,1
Sphingolipid de novo biosynthesis,1.7472299e-09,24
Dopa-responsive dystonia,1.7437278e-09,4
betaKlotho-mediated ligand binding,1.7391903e-09,2
Nef mediated downregulation of CD28 cell surface expression,1.7368915e-09,1
"Neomycin, kanamycin and gentamicin biosynthesis - Homo sapiens (human)",1.7355521e-09,2
Alprenolol Action Pathway,1.7328641e-09,41
Keratan sulfate/keratin metabolism,1.732583e-09,15
The oncogenic action of D-2-hydroxyglutarate in  Hydroxygluaricaciduria ,1.7181065e-09,14
MyD88 cascade initiated on plasma membrane,1.7140191e-09,51
Cilazapril Action Pathway,1.7134321e-09,3
EML4 and NUDC in mitotic spindle formation,1.7097586e-09,44
PI-3K cascade:FGFR4,1.7083481e-09,15
Loss of Nlp from mitotic centrosomes,1.706729e-09,27
Biosynthesis of maresins,1.7059136e-09,5
IGF signaling,1.7037634e-09,23
Levorphanol Action Pathway,1.7022854e-09,15
Extrinsic Pathway of Fibrin Clot Formation,1.6983446e-09,3
RAB GEFs exchange GTP for GDP on RABs,1.6981163e-09,39
Transport of Mature mRNA derived from an Intron-Containing Transcript,1.696554e-09,18
Cell cycle - Homo sapiens (human),1.6949233e-09,51
Tryptophan degradation,1.6936039e-09,34
TP53 Regulates Metabolic Genes,1.6923756e-09,29
Transcriptional Regulation by VENTX,1.6910828e-09,13
Immunoregulatory interactions between a Lymphoid and a non-Lymphoid cell,1.6900312e-09,78
NOTCH3 Intracellular Domain Regulates Transcription,1.6871837e-09,10
Serotonin and anxiety-related events,1.6836388e-09,9
eumelanin biosynthesis,1.6830675e-09,2
inositol pyrophosphates biosynthesis,1.6819364e-09,6
MECP2 and Associated Rett Syndrome,1.6798669e-09,38
HDMs demethylate histones,1.6786981e-09,16
Formation of apoptosome,1.6683934e-09,5
Arrhythmogenic Right Ventricular Cardiomyopathy,1.6646808e-09,47
TLR4 Signaling and Tolerance,1.6594548e-09,11
Regulation of PTEN gene transcription,1.6564004e-09,28
cd40l signaling pathway,1.6524861e-09,7
RAC1-PAK1-p38-MMP2 Pathway,1.6469306e-09,44
Glutaric Aciduria Type I,1.6375674e-09,13
Interleukin-12 signaling,1.6355304e-09,7
Vpu mediated degradation of CD4,1.6352457e-09,2
Tyrosinemia Type 3 (TYRO3),1.6328472e-09,6
D-<i>myo</i>-inositol-5-phosphate metabolism,1.6304039e-09,11
Argininosuccinic Aciduria,1.6300177e-09,7
Antimicrobial peptides,1.629487e-09,28
Trans-sulfuration pathway,1.6270842e-09,6
Tat-mediated HIV elongation arrest and recovery,1.627003e-09,12
Methionine metabolism leading to sulfur amino acids and related disorders,1.6107302e-09,3
Peptide ligand-binding receptors,1.5969093e-09,124
thrombin signaling and protease-activated receptors,1.5965966e-09,18
hypoxia and p53 in the cardiovascular system,1.5920953e-09,9
Vitamin H (biotin) metabolism,1.5849139e-09,2
RHOG GTPase cycle,1.5825843e-09,45
SCFA and skeletal muscle substrate metabolism,1.5821471e-09,2
Activation of kainate receptors upon glutamate binding,1.574568e-09,15
Cancer immunotherapy by PD-1 blockade,1.5744952e-09,18
Glycogen metabolism,1.5727664e-09,12
Clopidogrel Action Pathway,1.5720163e-09,6
Phenylalanine and tyrosine metabolism,1.5703283e-09,7
Fibronectin matrix formation,1.5697152e-09,1
epoxysqualene biosynthesis,1.5638832e-09,1
Pyruvate Carboxylase Deficiency,1.5504948e-09,1
NGF-independant TRKA activation,1.5467876e-09,4
"bile acid biosynthesis, neutral pathway",1.5457466e-09,7
Sulfur metabolism - Homo sapiens (human),1.5416459e-09,4
Translation of structural proteins,1.5408679e-09,10
Starch and Sucrose Metabolism,1.5400046e-09,10
T-Cell Receptor and Co-stimulatory Signaling,1.528198e-09,23
Synthesis of PE,1.5265507e-09,8
Extracellular vesicle-mediated signaling in recipient cells,1.5124364e-09,17
Cell-extracellular matrix interactions,1.507602e-09,9
Generation of second messenger molecules,1.5035932e-09,25
TRKA activation by NGF,1.5007966e-09,1
Assembly and cell surface presentation of NMDA receptors,1.5002497e-09,16
Interleukin-17 signaling,1.4988277e-09,44
Type I hemidesmosome assembly,1.4949872e-09,5
Linoleic acid metabolism - Homo sapiens (human),1.4908927e-09,14
Autointegration results in viral DNA circles,1.4836088e-09,1
MED and Pseudoachondroplasia genes,1.4805392e-09,3
Glycerophospholipid catabolism,1.4792141e-09,1
Cell Cycle,1.4780968e-09,241
Bone morphogenic protein (BMP) signaling and regulation,1.4758075e-09,5
Transport of connexons to the plasma membrane,1.4757964e-09,2
Beta-oxidation of pristanoyl-CoA,1.4586685e-09,5
"TICAM1, RIP1-mediated IKK complex recruitment",1.4551609e-09,10
Esomeprazole Metabolism Pathway,1.4541075e-09,1
Negative regulation of FLT3,1.4399071e-09,8
histamine degradation,1.4379022e-09,2
PDGFR-beta signaling pathway,1.4368501e-09,82
dermatan sulfate degradation (metazoa),1.431979e-09,3
glycine biosynthesis,1.4301271e-09,1
Naltrexone Action Pathway,1.4287256e-09,15
GPCR signaling-G alpha q,1.4265558e-09,161
Protein ubiquitination,1.4227828e-09,35
Zinc homeostasis,1.4214105e-09,12
Gap-filling DNA repair synthesis and ligation in GG-NER,1.415573e-09,9
Hereditary Coproporphyria (HCP),1.4089289e-09,6
Infectious disease,1.4078836e-09,320
mitochondrial fatty acid beta-oxidation of saturated fatty acids,1.4077512e-09,4
Alpha4 beta1 integrin signaling events,1.4042829e-09,22
Cocaine Action Pathway,1.3971251e-09,15
Glutathione Metabolism,1.3935872e-09,4
gamma-aminobutyric acid receptor life cycle pathway,1.380152e-09,8
Signaling by NOTCH1 in Cancer,1.3779964e-09,32
Energy Metabolism,1.3770864e-09,23
Phytanic acid peroxisomal oxidation,1.3747412e-09,7
Eicosanoid ligand-binding receptors,1.3537331e-09,7
Ketone body metabolism,1.3520283e-09,3
DNA Damage Reversal,1.3515926e-09,4
Nongenotropic Androgen signaling,1.3421353e-09,23
Regulation of signaling by CBL,1.3381805e-09,14
Ca2+ activated K+ channels,1.3378774e-09,6
Sulfur relay system - Homo sapiens (human),1.3355099e-09,2
TLR JNK,1.3275576e-09,32
Sialuria or French Type Sialuria,1.3206605e-09,9
Eplerenone Action Pathway,1.3094503e-09,20
The IPAF inflammasome,1.2970539e-09,1
mevalonate pathway,1.2965291e-09,5
Microglia Pathogen Phagocytosis Pathway,1.2933281e-09,24
Myometrial relaxation and contraction pathways,1.2888881e-09,95
chondroitin and dermatan biosynthesis,1.2849197e-09,4
T-Cell antigen Receptor (TCR) pathway during Staphylococcus aureus infection,1.283996e-09,43
ccr3 signaling in eosinophils,1.2836665e-09,18
APC:Cdc20 mediated degradation of cell cycle proteins prior to satisfation of the cell cycle checkpoint,1.2828123e-09,12
t(4;14) translocations of FGFR3,1.2787247e-09,1
Resolution of Sister Chromatid Cohesion,1.2776171e-09,45
Vitamin D Metabolism,1.2736876e-09,7
MicroRNAs in cardiomyocyte hypertrophy,1.2722658e-09,57
caspase cascade in apoptosis,1.2691619e-09,7
Viral Messenger RNA Synthesis,1.2534827e-09,10
BARD1 signaling events,1.2510988e-09,12
HATs acetylate histones,1.2465904e-09,43
purine ribonucleosides degradation to ribose-1-phosphate,1.2454082e-09,2
Cardiac Hypertrophic Response,1.2430748e-09,35
Circadian entrainment - Homo sapiens (human),1.2397177e-09,66
DAP12 signaling,1.2345378e-09,19
Trehalose Degradation,1.2342811e-09,6
Signaling by FGFR1,1.23352e-09,34
Interleukin-33 signaling,1.2329098e-09,3
Interactome of polycomb repressive complex 2 (PRC2),1.2296741e-09,10
Downstream signaling of activated FGFR4,1.2261405e-09,19
CDP-diacylglycerol biosynthesis,1.2259234e-09,12
"D-<i>myo</i>-inositol (1,4,5)-trisphosphate biosynthesis",1.2177264e-09,13
pentose phosphate pathway (oxidative branch),1.2168012e-09,1
RHOF GTPase cycle,1.2150978e-09,30
"cholesterol biosynthesis II (via 24,25-dihydrolanosterol)",1.2148029e-09,7
Malate-Aspartate Shuttle,1.2079662e-09,2
extrinsic prothrombin activation pathway,1.2023973e-09,11
Renin-angiotensin system - Homo sapiens (human),1.2018542e-09,12
Glucocorticoid biosynthesis,1.1965087e-09,4
"Adrenaline,noradrenaline inhibits insulin secretion",1.1908985e-09,11
Ephrin B reverse signaling,1.1829129e-09,19
phenylethylamine degradation I,1.1825936e-09,2
Cimetidine Action Pathway,1.175188e-09,6
Chemokine signaling pathway - Homo sapiens (human),1.1638148e-09,125
Activation of the phototransduction cascade,1.1617844e-09,3
reversal of insulin resistance by leptin,1.1594599e-09,3
intrinsic prothrombin activation pathway,1.158162e-09,17
Semaphorin interactions,1.1571566e-09,39
p38 signaling mediated by MAPKAP kinases,1.150454e-09,15
Signaling by FGFR,1.1496759e-09,51
RHOBTB1 GTPase cycle,1.1489796e-09,8
Electron transport from NADPH to Ferredoxin,1.1457439e-09,1
Pentose phosphate pathway - Homo sapiens (human),1.145518e-09,14
IL5,1.1447288e-09,33
Prolactin,1.1419523e-09,49
Insulin-like Growth Factor-2 mRNA Binding Proteins (IGF2BPs/IMPs/VICKZs) bind RNA,1.1414718e-09,2
p75(NTR)-mediated signaling,1.1369874e-09,30
MET Receptor Activation,1.1353918e-09,2
Ibuprofen Action Pathway,1.1337411e-09,26
phospholipase c-epsilon pathway,1.1327184e-09,7
glutathione redox reactions I,1.1241075e-09,5
Cell-Cell communication,1.1208394e-09,81
HDL clearance,1.1189303e-09,2
ErbB receptor signaling network,1.1161738e-09,10
Biosynthesis of DPAn-3-derived protectins and resolvins,1.1152457e-09,1
PLC-gamma1 signalling,1.1143726e-09,2
Cellular response to chemical stress,1.110223e-09,38
Purine nucleotides nucleosides metabolism,1.1005064e-09,60
BCR signaling pathway,1.1003873e-09,44
Protein folding,1.1002221e-09,38
PAR4-mediated thrombin signaling events,1.0979129e-09,10
G Protein Signaling Pathways,1.0967858e-09,57
Erythrocytes take up oxygen and release carbon dioxide,1.0966974e-09,2
Amino acids regulate mTORC1,1.0946986e-09,10
Activation of BAD and translocation to mitochondria ,1.0930004e-09,6
Glycerol Kinase Deficiency,1.0876311e-09,9
Sumoylation by RanBP2 regulates transcriptional repression,1.086216e-09,7
NR1H2 & NR1H3 regulate gene expression to limit cholesterol uptake ,1.0852945e-09,2
Flecainide Action Pathway,1.0841426e-09,41
IRAK1 recruits IKK complex upon TLR7/8 or 9 stimulation,1.081931e-09,7
"fructose 2,6-bisphosphate synthesis",1.0795702e-09,3
Hyaluronan metabolism,1.077137e-09,6
Oxidative Stress,1.0736381e-09,19
Regulation of Androgen receptor activity,1.0658887e-09,34
Carnitine-acylcarnitine translocase deficiency,1.0547634e-09,4
Meiosis,1.0533068e-09,16
Dimethylthiambutene Action Pathway,1.0451533e-09,15
Signaling by ERBB2 KD Mutants,1.0445973e-09,16
Nuclear Envelope (NE) Reassembly,1.0324244e-09,27
Diseases of programmed cell death,1.0236656e-09,7
Erythrocytes take up carbon dioxide and release oxygen,1.0235528e-09,3
Tenecteplase Action Pathway,1.023384e-09,14
mRNA Editing: A to I Conversion,1.0153429e-09,1
Biotin metabolism - Homo sapiens (human),1.0139698e-09,2
Signaling by WNT,1.0104984e-09,137
p130Cas linkage to MAPK signaling for integrins,1.007058e-09,13
Neovascularisation processes,1.0008158e-09,17
p75 NTR receptor-mediated signalling,9.986643e-10,49
"Deregulated CDK5 triggers multiple neurodegenerative pathways in Alzheimer,s disease models",9.957706e-10,6
Processing and activation of SUMO,9.92143e-10,3
DNA Mismatch Repair,9.883339e-10,9
L-arginine:glycine amidinotransferase deficiency,9.852803e-10,9
Macrophage markers,9.821499e-10,9
y branching of actin filaments,9.746772e-10,6
Osteopontin-mediated events,9.67795e-10,25
Gene regulatory network modelling somitogenesis,9.655681e-10,4
G alpha (q) signalling events,9.623154e-10,127
"2,-deoxy-α-D-ribose 1-phosphate degradation",9.555019e-10,3
WNT-Core,9.481287e-10,27
2-ketoglutarate dehydrogenase complex deficiency,9.450711e-10,11
Hepatitis B infection,9.382699e-10,86
EGFR-dependent Endothelin signaling events,9.380958e-10,5
RHOT2 GTPase cycle,9.332846e-10,4
Histamine receptors,9.2511143e-10,3
Attenuation phase,9.1648555e-10,11
Wolman disease,9.1473584e-10,10
Renal cell carcinoma - Homo sapiens (human),9.141534e-10,39
Muscle/Heart Contraction,9.0698693e-10,41
Signaling pathways regulating pluripotency of stem cells - Homo sapiens (human),9.063388e-10,80
Vpr-mediated nuclear import of PICs,9.0522567e-10,11
CD209 (DC-SIGN) signaling,9.0195673e-10,9
Pyrimidine biosynthesis,8.9739416e-10,1
Post-translational protein phosphorylation,8.919443e-10,60
Omega-3 fatty acid metabolism,8.8971364e-10,7
NEP/NS2 Interacts with the Cellular Export Machinery,8.8380214e-10,1
Estrogen Receptor Pathway,8.7763063e-10,10
Suprofen Action Pathway,8.769897e-10,14
Azathioprine Action Pathway,8.7490903e-10,27
Activation of AKT2,8.736918e-10,2
Aminoacyl-tRNA biosynthesis - Homo sapiens (human),8.726586e-10,18
AndrogenReceptor,8.6863405e-10,70
Tenoxicam Action Pathway,8.6674223e-10,14
Transcriptional activity of SMAD2/SMAD3:SMAD4 heterotrimer,8.6656593e-10,18
SHP2 signaling,8.6122753e-10,46
Pathways of neurodegeneration - multiple diseases - Homo sapiens (human),8.6019236e-10,222
Negative feedback regulation of MAPK pathway,8.5151974e-10,5
7-oxo-C and 7beta-HC pathways,8.4734353e-10,3
SHC-mediated cascade:FGFR3,8.453571e-10,12
Polythiazide Action Pathway,8.4260066e-10,20
Reactions specific to the complex N-glycan synthesis pathway,8.423038e-10,5
Regulation of thyroid hormone activity,8.389569e-10,3
Fc epsilon RI signaling pathway - Homo sapiens (human),8.359415e-10,50
Mismatch Repair,8.346831e-10,7
Ibuprofen Metabolism Pathway,8.321859e-10,15
Polo-like kinase mediated events,8.2924156e-10,5
Metabolism of amino acids and derivatives,8.2839113e-10,137
Amlodipine Action Pathway,8.277832e-10,41
N-glycan trimming in the ER and Calnexin/Calreticulin cycle,8.2472607e-10,9
RHOB GTPase cycle,8.241483e-10,47
Propanoate metabolism,8.187566e-10,16
Hydrolysis of LPE,8.157581e-10,2
Trans-sulfuration and one-carbon metabolism,8.15624e-10,18
eukaryotic protein translation,8.148937e-10,3
Signaling by FGFR3,8.087695e-10,29
SRF and miRs in Smooth Muscle Differentiation and Proliferation,8.0694473e-10,7
Vitamin B9 (folate) metabolism,8.0295726e-10,11
Mitotic Metaphase and Anaphase,7.9880547e-10,76
Congenital Lipoid Adrenal Hyperplasia (CLAH) or Lipoid CAH,7.97895e-10,5
Regulation of RUNX3 expression and activity,7.978507e-10,4
Netrin mediated repulsion signals,7.92582e-10,7
Transcriptional misregulation in cancer - Homo sapiens (human),7.8911344e-10,102
Retinoic acid receptors-mediated signaling,7.8803586e-10,21
1D-<i>myo</i>-inositol hexakisphosphate biosynthesis II (mammalian),7.8686924e-10,10
Phenylalanine and Tyrosine Metabolism,7.858265e-10,6
fatty acid elongation -- saturated,7.82002e-10,1
UTP and CTP dephosphorylation I,7.804015e-10,2
Degradation of Superoxides,7.7888185e-10,3
Prion disease pathway,7.7839246e-10,20
Hypoxic and oxygen homeostasis regulation of HIF-1-alpha,7.7516815e-10,11
cdc25 and chk1 regulatory pathway in response to dna damage,7.73388e-10,3
T-cell receptor (TCR) signaling pathway,7.627001e-10,69
Nucleotide GPCRs,7.5877904e-10,4
Fabry disease,7.533756e-10,14
Regulation of lipid metabolism by PPARalpha,7.5103046e-10,13
MicroRNA network associated with chronic lymphocytic leukemia,7.4942763e-10,3
Imipramine Metabolism Pathway,7.4892625e-10,2
Regulation of HSF1-mediated heat shock response,7.4788176e-10,34
Asparagine N-linked glycosylation,7.477656e-10,122
RUNX2 regulates chondrocyte maturation,7.4250384e-10,3
Activation of NOXA and translocation to mitochondria,7.3924245e-10,3
Regulation of HMOX1 expression and activity,7.361516e-10,6
The oncogenic action of 2-hydroxyglutarate,7.3574213e-10,13
Downstream signaling of activated FGFR3,7.352341e-10,18
Ethanol oxidation,7.345018e-10,4
Hijack of ubiquitination by SARS-CoV-2,7.335448e-10,4
adenine and adenosine salvage III,7.33519e-10,1
-arrestins in gpcr desensitization,7.3074957e-10,17
IL5-mediated signaling events,7.26327e-10,13
B cell receptor signaling pathway - Homo sapiens (human),7.238188e-10,54
Methionine Metabolism,7.220454e-10,12
Iron uptake and transport,7.164971e-10,21
Segawa syndrome,7.13702e-10,4
Signaling by NOTCH1 HD Domain Mutants in Cancer,7.1050876e-10,9
3-Methylcrotonyl Coa Carboxylase Deficiency Type I,7.0811623e-10,18
NOTCH-Core,7.0716055e-10,7
GPCR GroupI metabotropic glutamate receptor,7.002372e-10,17
NIK-->noncanonical NF-kB signaling,6.9718054e-10,5
Uptake and actions of bacterial toxins,6.9488915e-10,17
"Metabolism of ingested SeMet, Sec, MeSec into H2Se",6.896559e-10,4
NADE modulates death signalling,6.871428e-10,2
RA biosynthesis pathway,6.861973e-10,10
Angiopoietin receptor Tie2-mediated signaling,6.8558936e-10,35
threonine degradation,6.8312334e-10,2
Amiloride Action Pathway,6.767744e-10,20
Gap junction trafficking,6.7619554e-10,5
Constitutive Androstane Receptor Pathway,6.738814e-10,19
Thiamine Metabolism,6.6819705e-10,3
Fluoxetine Action Pathway,6.681349e-10,17
Signal regulatory protein family interactions,6.568306e-10,12
L-dopachrome biosynthesis,6.4845596e-10,1
Sphingolipid Metabolism (integrated pathway),6.455374e-10,10
WNT ligand biogenesis and trafficking,6.405205e-10,13
VEGFR3 signaling in lymphatic endothelium,6.397194e-10,15
N-glycan antennae elongation in the medial/trans-Golgi,6.2988503e-10,17
PAOs oxidise polyamines to amines,6.2939076e-10,1
Vitamin B5 (pantothenate) metabolism,6.2896977e-10,7
Short Chain Acyl CoA Dehydrogenase Deficiency (SCAD Deficiency),6.286429e-10,7
Methionine salvage pathway,6.2343963e-10,4
Oxybuprocaine Action Pathway,6.2283156e-10,15
Synthesis of dolichyl-phosphate mannose,6.1971317e-10,1
heme degradation,6.183001e-10,2
Maturity onset diabetes of the young - Homo sapiens (human),6.151044e-10,14
Synaptic Vesicle Pathway,6.149983e-10,28
ascorbate recycling (cytosolic),6.123546e-10,2
Regulation of APC/C activators between G1/S and early anaphase,6.1171157e-10,18
asparagine biosynthesis,6.0769034e-10,2
Diseases of hemostasis,6.0686967e-10,2
classical complement pathway,6.0553607e-10,7
"Gamma-carboxylation, transport, and amino-terminal cleavage of proteins",6.01859e-10,5
oxidative ethanol degradation III,5.884744e-10,3
Tiaprofenic Acid Action Pathway,5.8644956e-10,14
Cytosolic DNA-sensing pathway,5.8513994e-10,32
Insulin receptor recycling,5.822294e-10,7
apoptotic signaling in response to dna damage,5.795029e-10,3
Transcription co-factors SKI and SKIL protein partners,5.784393e-10,9
Protein localization,5.7645355e-10,59
Regulation of PTEN mRNA translation,5.7340666e-10,5
Recruitment and ATM-mediated phosphorylation of repair and signaling proteins at DNA double strand breaks,5.722951e-10,31
Cellular roles of Anthrax toxin,5.7127325e-10,16
Synthesis of diphthamide-EEF2,5.712302e-10,2
regulation of spermatogenesis by crem,5.7055516e-10,9
mcalpain and friends in cell motility,5.5945204e-10,17
JNK signaling in the CD4+ TCR pathway,5.585816e-10,11
Pyridoxine dependency with seizures,5.536035e-10,8
Bicarbonate transporters,5.5293037e-10,5
Alanine Aspartate Asparagine metabolism,5.49333e-10,12
MET activates PI3K/AKT signaling,5.4931437e-10,4
Abnormal conversion of 2-oxoglutarate to 2-hydroxyglutarate,5.491999e-10,1
Transport of connexins along the secretory pathway,5.4483706e-10,2
PI3K/AKT activation,5.3886406e-10,7
RNA transport - Homo sapiens (human),5.3590554e-10,50
superpathway of steroid hormone biosynthesis,5.334999e-10,8
Olmesartan Action Pathway,5.3230176e-10,3
IRS activation,5.3194205e-10,3
Signaling of Hepatocyte Growth Factor Receptor,5.23527e-10,23
MET activates STAT3,5.212142e-10,2
Fragile X Syndrome,5.1572835e-10,71
GPCR Adenosine A2A receptor,5.1361826e-10,22
Translesion synthesis by POLI,5.1100546e-10,7
Visual phototransduction,5.1070037e-10,52
BMP2 signaling TGF-beta MV,4.998961e-10,26
Aminosugars metabolism,4.931584e-10,31
GPCR signaling-G alpha s Epac and ERK,4.914327e-10,162
fatty acid β-oxidation,4.869285e-10,8
"GPCRs, Class A Rhodopsin-like",4.8451243e-10,137
Syndecan-1-mediated signaling events,4.813945e-10,27
Cholesterol biosynthesis,4.7960835e-10,12
Trk receptor signaling mediated by PI3K and PLC-gamma,4.7775295e-10,21
RUNX1 interacts with co-factors whose precise effect on RUNX1 targets is not known,4.774563e-10,23
Resolution of D-loop Structures through Synthesis-Dependent Strand Annealing (SDSA),4.7593485e-10,16
Host-pathogen interaction of human coronaviruses - MAPK signaling,4.696812e-10,21
IL-10 Anti-inflammatory Signaling Pathway,4.6800386e-10,11
RIPK1-mediated regulated necrosis,4.6534332e-10,15
Gap junction assembly,4.6164017e-10,2
FAS (CD95) signaling pathway,4.6047255e-10,15
Acyl chain remodelling of PS,4.6007576e-10,10
"Biosynthesis of the N-glycan precursor (dolichol lipid-linked oligosaccharide, LLO) and transfer to a nascent protein",4.5839332e-10,31
IGF-Core,4.5823612e-10,13
Tandem of pore domain in a weak inwardly rectifying K+ channels (TWIK),4.566889e-10,2
Intracellular Signalling Through Adenosine Receptor A2a and Adenosine,4.5663573e-10,19
Pre-NOTCH Transcription and Translation,4.4641268e-10,31
Downstream signaling events of B Cell Receptor (BCR),4.4386028e-10,22
miRNAs involvement in the immune response in sepsis,4.4349413e-10,28
Purine catabolism,4.4265858e-10,7
TNFR1-induced NFkappaB signaling pathway,4.3519854e-10,8
NRF2-ARE regulation,4.3042014e-10,14
Esmolol Action Pathway,4.2812864e-10,41
Electron Transport Chain (OXPHOS system in mitochondria),4.2165205e-10,21
TCA Cycle Nutrient Utilization and Invasiveness of Ovarian Cancer,4.1932258e-10,5
Synthesis of PIPs in the nucleus,4.16426e-10,2
Synthesis of UDP-N-acetyl-glucosamine,4.1168868e-10,4
Rett syndrome causing genes,4.1021497e-10,26
GDP-fucose biosynthesis,4.0551806e-10,3
Chromatin organization,4.0522563e-10,109
asparagine degradation,4.0457504e-10,3
Ubiquitin-dependent degradation of Cyclin D,3.9733727e-10,3
Glycolysis and Gluconeogenesis,3.9104275e-10,40
Regulation of TP53 Activity through Methylation,3.9032244e-10,9
Smith-Lemli-Opitz Syndrome (SLOS),3.884726e-10,10
Bendroflumethiazide Action Pathway,3.8519588e-10,20
Metabolism of serotonin,3.8006753e-10,1
G alpha (z) signalling events,3.7128078e-10,24
tRNA Aminoacylation,3.7117998e-10,15
"Synthesis, secretion, and inactivation of Glucagon-like Peptide-1 (GLP-1)",3.7071013e-10,3
Influenza Infection,3.694698e-10,14
Penbutolol Action Pathway,3.682561e-10,41
Dissolution of Fibrin Clot,3.681544e-10,7
Lewis blood group biosynthesis,3.66442e-10,7
Glycosphingolipid biosynthesis - lactoseries,3.634888e-10,4
egf signaling pathway,3.6165115e-10,14
Ciliopathies,3.5453396e-10,87
FMO oxidises nucleophiles,3.5324366e-10,3
Gastric Cancer Network 2,3.5174375e-10,14
protein kinase a at the centrosome,3.5120218e-10,7
Activation of gene expression by SREBF (SREBP),3.495293e-10,9
BBSome-mediated cargo-targeting to cilium,3.4660674e-10,8
ATF-2 transcription factor network,3.428653e-10,34
cardiac protection against ros,3.4272585e-10,7
Thyroid cancer - Homo sapiens (human),3.418088e-10,25
TCF dependent signaling in response to WNT,3.3809577e-10,86
HSP90 chaperone cycle for steroid hormone receptors (SHR),3.370494e-10,7
Josephin domain DUBs,3.356897e-10,4
PTK6 Activates STAT3,3.2638026e-10,1
Generic Transcription Pathway,3.261924e-10,492
Vasopressin regulates renal water homeostasis via Aquaporins,3.2538416e-10,20
Inhibition  of voltage gated Ca2+ channels via Gbeta/gamma subunits,3.253069e-10,15
Post-transcriptional silencing by small RNAs,3.2259995e-10,5
Phenprocoumon Action Pathway,3.217373e-10,14
PIP3 activates AKT signaling,3.1692915e-10,130
Thyroid hormone synthesis - Homo sapiens (human),3.1683145e-10,40
rRNA processing,3.157522e-10,15
Circadian Clock,3.1353675e-10,19
Membrane Trafficking,3.1202196e-10,275
Dicoumarol Action Pathway,3.1111402e-10,14
miR-222 in Exercise-Induced Cardiac Growth,3.0692782e-10,2
Integrin-linked kinase signaling,3.0568303e-10,26
Hormone ligand-binding receptors,3.018754e-10,6
Escitalopram Action Pathway,3.0148772e-10,15
Cholesterol biosynthesis via lathosterol,3.0088554e-10,3
Heme Biosynthesis,2.992988e-10,2
SARS-CoV-2 and angiotensin-converting enzyme 2 receptor- molecular mechanisms,2.848748e-10,5
Transport of glycerol from adipocytes to the liver by Aquaporins,2.81843e-10,2
Cardiac Progenitor Differentiation,2.705116e-10,32
Synthesis of 12-eicosatetraenoic acid derivatives,2.6176306e-10,1
NGF-stimulated transcription,2.5233682e-10,23
NR1H2 & NR1H3 regulate gene expression linked to gluconeogenesis ,2.5130076e-10,3
internal ribosome entry pathway,2.49746e-10,9
TPO signaling,2.473426e-10,2
adenosine ribonucleotides <i>de novo</i> biosynthesis,2.4679192e-10,9
Aquaporin-mediated transport,2.3878322e-10,23
GDNF-RET signaling axis,2.3738034e-10,13
Interleukin-15 signaling,2.3689406e-10,6
Intestinal absorption,2.2826274e-10,1
Vitamin A and carotenoid metabolism,2.2529711e-10,22
Lysosomal Acid Lipase Deficiency (Wolman Disease),2.1650293e-10,10
Caffeine metabolism - Homo sapiens (human),2.1555646e-10,3
RNA Polymerase I Transcription Termination,2.1301072e-10,15
Valproic Acid Metabolism Pathway,2.1172042e-10,5
GDP-glucose biosynthesis II,2.0985169e-10,4
PKC-gamma calcium signaling pathway in ataxia,2.0892266e-10,15
cGMP-PKG signaling pathway - Homo sapiens (human),2.076943e-10,92
Inactivation of CDC42 and RAC1,2.0717816e-10,8
E-cadherin signaling in the nascent adherens junction,2.0518431e-10,21
Sufentanil Action Pathway,2.0168578e-10,15
L-carnitine biosynthesis,1.9425705e-10,1
IL3,1.9009905e-10,38
TRIF-mediated programmed cell death,1.8907675e-10,5
Bacterial invasion of epithelial cells - Homo sapiens (human),1.890138e-10,41
"Hyperglycinemia, non-ketotic",1.8428636e-10,12
hiv-1 nef: negative effector of fas and tnf,1.8255375e-10,26
Levomethadyl Acetate Action Action Pathway,1.8160617e-10,15
SHC1 events in EGFR signaling,1.8135138e-10,7
Signaling by NODAL,1.7718715e-10,8
Aldosterone-regulated sodium reabsorption - Homo sapiens (human),1.768854e-10,23
Digestion of dietary carbohydrate,1.7536195e-10,7
Recruitment of mitotic centrosome proteins and complexes,1.7045365e-10,34
how does salmonella hijack a cell,1.658439e-10,5
Pancreatic adenocarcinoma pathway,1.632694e-10,44
Quinidine Action Pathway,1.6208612e-10,41
Detoxification of Reactive Oxygen Species,1.6202584e-10,12
Beta-oxidation of very long chain fatty acids,1.6021517e-10,3
ErbB signaling pathway - Homo sapiens (human),1.5804336e-10,51
DNA Repair,1.5553159e-10,112
Regulated Necrosis,1.5391233e-10,21
Signaling by MAP2K mutants,1.5329604e-10,3
LIF signaling,1.5306068e-10,7
erk and pi-3 kinase are necessary for collagen binding in corneal epithelia,1.4582979e-10,22
Release of apoptotic factors from the mitochondria,1.4360246e-10,1
stress induction of hsp regulation,1.4249579e-10,10
Microtubule-dependent trafficking of connexons from Golgi to the plasma membrane,1.4086876e-10,1
pyrimidine ribonucleosides degradation,1.3788437e-10,5
FOXO-mediated transcription,1.3487877e-10,37
Trandolapril Action Pathway,1.3240653e-10,3
Apoptotic cleavage of cellular proteins,1.300755e-10,17
heparan sulfate biosynthesis,1.285807e-10,16
Cysteine Metabolism,1.2530621e-10,3
Small cell lung cancer - Homo sapiens (human),1.2079049e-10,50
Phosphorylation of the APC/C,1.1988344e-10,9
Calcineurin activates NFAT,1.16072485e-10,6
"Parkinson,s disease pathway",1.10229825e-10,25
Role of Altered Glycolysation of MUC1 in Tumour Microenvironment,1.0732937e-10,6
Uptake and function of diphtheria toxin,1.0726464e-10,1
HDL assembly,1.0427226e-10,2
SARS-CoV Infections,1.0287693e-10,53
antisense pathway,1.0258194e-10,2
Recognition and association of DNA glycosylase with site containing an affected pyrimidine,1.02505116e-10,16
Arginine Proline metabolism,1.00810915e-10,27
polyadenylation of mrna,1.00810915e-10,2
Regulation of KIT signaling,1.00791375e-10,15
Homologous recombination,9.820589e-11,5
Arf6 trafficking events,9.5838004e-11,25
FCGR3A-mediated phagocytosis,9.4267705e-11,34
Interleukin-2 signaling,9.3629104e-11,10
Cargo trafficking to the periciliary membrane,9.107448e-11,20
Cytokine-cytokine receptor interaction - Homo sapiens (human),8.934814e-11,189
Activated NTRK2 signals through PLCG1,8.6548546e-11,3
PI Metabolism,8.641976e-11,39
Imatinib and Chronic Myeloid Leukemia,8.561951e-11,13
Cleavage of the damaged purine,8.315726e-11,13
PI3K events in ERBB2 signaling,8.061285e-11,11
Chromosome Maintenance,7.963763e-11,37
oxidative stress induced gene expression via nrf2,7.552359e-11,9
mRNA capping,7.513279e-11,1
Termination of translesion DNA synthesis,7.139178e-11,11
MAP kinase cascade,6.9629635e-11,6
RUNX3 regulates RUNX1-mediated transcription,6.803447e-11,2
"Cell death signalling via NRAGE, NRIF and NADE",6.797407e-11,37
il22 soluble receptor signaling pathway,6.56315e-11,10
RHO GTPases Activate Rhotekin and Rhophilins,6.5480954e-11,3
Ethanol Degradation,6.1048055e-11,2
Insulin Signaling,5.9349414e-11,95
Sphingolipid metabolism - Homo sapiens (human),5.5375704e-11,23
Synthesis of PIPs at the ER membrane,5.3422156e-11,2
VEGFR2 mediated cell proliferation,5.264411e-11,14
NOTCH1 Intracellular Domain Regulates Transcription,4.982681e-11,28
RNA Polymerase III Transcription Initiation From Type 2 Promoter,4.9472426e-11,8
Glioma - Homo sapiens (human),4.309264e-11,44
lactate fermentation (reoxidation of cytosolic NADH),4.231282e-11,2
SHC1 events in ERBB2 signaling,4.1232018e-11,14
Interaction With Cumulus Cells And The Zona Pellucida,4.1214143e-11,6
Lipophagy,3.733147e-11,1
Mitochondrial CII Assembly,3.4630965e-11,4
NS1 Mediated Effects on Host Pathways,3.4050984e-11,3
FGFR3 mutant receptor activation,2.949463e-11,9
NGF,2.7994718e-11,11
glycogen biosynthesis,2.693179e-11,5
"Phase I biotransformations, non P450",2.5246583e-11,5
Programmed Cell Death,2.3315572e-11,71
melanocyte development and pigmentation pathway,2.1177504e-11,10
Spinal Cord Injury,2.0561775e-11,83
Urea Cycle,1.793099e-11,7
RUNX1 regulates genes involved in megakaryocyte differentiation and platelet function,1.2508661e-11,25
Negative regulation of NOTCH4 signaling,1.18900445e-11,7
Metabolism of folate and pterines,1.1459278e-11,10
Bupivacaine Action Pathway,1.0651924e-11,15
Transport of organic anions,1.0622614e-11,7
O-glycosylation of TSR domain-containing proteins,9.909407e-12,28
UTP and CTP dephosphorylation II,9.090728e-12,2
Methadyl Acetate Action Pathway,8.78142e-12,15
Erlotinib Action Pathway,7.466916e-12,3
Regulation of TP53 Activity through Association with Co-factors,6.155021e-12,8
Fosphenytoin (Antiarrhythmic) Action Pathway,6.049272e-12,41
Adrenal Hyperplasia Type 5 or Congenital Adrenal Hyperplasia due to 17 Alpha-hydroxylase Deficiency,6.0165206e-12,5
