gene,importance_sum,degree,importance_mean
MAPK3,0.43827996,508,0.0008627558200378117
SRC,0.3509074,316,0.0011104664093331445
UBC,0.29839423,296,0.0010080886249606673
PIK3CD,0.24588422,190,0.0012941274988023858
RAC1,0.22210965,291,0.0007632633869590628
CALM3,0.21720786,232,0.0009362407927883083
PIK3R1,0.21528247,454,0.0004741904625283464
RELA,0.21207702,271,0.0007825720354199849
ATP1B2,0.20097505,165,0.0012180305791623664
CALM1,0.19551888,247,0.0007915744173381975
PIK3CB,0.18232389,235,0.0007758463316775383
TNF,0.17953165,173,0.001037755195116032
PPP2R5D,0.17342782,113,0.0015347594708468007
ATP1B1,0.17131186,166,0.001031999128410615
MAP2K1,0.16511211,336,0.0004914050833100365
NFKB1,0.14516512,286,0.0005075703342477759
CYP2C8,0.14462297,89,0.001624977153338743
NUP62,0.14280987,89,0.0016046052568414238
GNB4,0.1397794,89,0.001570555098940817
ITPR1,0.137648,173,0.000795653186781558
BTRC,0.13681965,96,0.0014252046433587868
GRB2,0.13497764,386,0.00034968300186908306
H2BC3,0.13345039,89,0.0014994425720043396
H2BC13,0.13302787,88,0.0015116803009401667
PLCG1,0.13280396,233,0.0005699740842688237
UBE2N,0.13243735,82,0.0016150896142168743
ADCY1,0.13220558,124,0.0010661739976175369
H2BC6,0.13201773,88,0.0015002014962109652
HRAS,0.13070047,397,0.0003292203249799214
MAPK1,0.12934121,522,0.0002477801051633111
NUP85,0.12569807,93,0.0013515922010585825
MAPK8,0.12451121,308,0.0004042571821770111
PAK2,0.12138993,98,0.001238672785004791
MAPK14,0.1203489,286,0.0004208003515963788
PRKACG,0.119112834,187,0.0006369670285260614
FGG,0.118919045,85,0.0013990475850946763
PPP2R1B,0.1185154,119,0.0009959277485599037
GNAS,0.11819272,132,0.0008953993744922407
ADCY5,0.11750073,114,0.0010307081566568006
RPA3,0.11666288,75,0.001555505096912384
GNB1,0.116085425,156,0.0007441373398670783
KCNJ11,0.11483343,66,0.0017399004462993507
RAP1B,0.11429054,70,0.001632722041436604
ROCK2,0.11239758,74,0.0015188862343092223
H2AZ2,0.11223909,63,0.0017815728982289631
CYP3A4,0.11223585,100,0.0011223585158586502
MNAT1,0.11020707,67,0.0016448816923952815
TBK1,0.106939405,65,0.0016452216185056246
PTPN6,0.104696795,78,0.001342266606978881
PIK3R2,0.104388274,275,0.0003795937245542353
BRAF,0.103944845,141,0.0007371974857986396
RHOA,0.103495546,209,0.0004951939984942167
AKT3,0.10228863,212,0.00048249355464611416
PPP3R1,0.10220101,67,0.0015253881687548622
ADCY7,0.10189561,106,0.0009612793208293195
GSK3B,0.101304024,213,0.0004756057486287865
NUP160,0.09799379,92,0.0010651499032974243
DVL3,0.09777142,55,0.0017776622013612228
CCND1,0.09772961,164,0.0005959122464424227
JAG1,0.09749592,58,0.0016809641544161171
GGT1,0.09742245,70,0.0013917492968695505
H3C11,0.09445241,71,0.0013303156469909238
FGB,0.09306267,79,0.0011780084688452225
MAP2K3,0.09118395,122,0.0007474094507147055
PPP2R5E,0.091079146,55,0.0016559844667261296
RXRA,0.09068377,88,0.0010304974222725089
CCND3,0.090423144,50,0.0018084628880023956
PRKCA,0.090276256,260,0.00034721637001404394
CYP4A11,0.09014386,64,0.001408497802913189
CSNK2B,0.08902483,59,0.0015088953709198256
ERBB2,0.08816068,97,0.0009088729767455268
ADCY2,0.087978184,119,0.0007393124724636559
SHC2,0.08790037,54,0.00162778463628557
IQGAP1,0.087379254,58,0.0015065388689781058
KAT5,0.08676516,56,0.0015493779044066156
WNT3A,0.08655606,57,0.0015185274053038213
AGTR1,0.08595126,120,0.0007162605101863543
PEDS1,0.08498216,54,0.0015737436435840748
ACADM,0.08480873,57,0.0014878724489295692
CSK,0.08477008,57,0.0014871944460952491
H3-3A,0.08435906,67,0.0012590904066811747
GNAI3,0.08275643,84,0.0009851955941745213
TRAF6,0.082605675,161,0.0005130787258562834
ACAT2,0.082419395,50,0.001648387908935547
FOS,0.081318334,202,0.00040256600863862745
CDK1,0.08093478,121,0.000668882461618786
IFNA2,0.08059428,52,0.001549889978307944
DYNC1H1,0.079439886,58,0.0013696532054194089
CCNE1,0.07910206,92,0.0008598050183576087
POLR2H,0.07886233,80,0.0009857791475951672
PLCB1,0.07841812,178,0.0004405512401227201
GNAI1,0.07824059,105,0.0007451484600702921
RHEB,0.07822171,54,0.0014485501580768162
H2BC11,0.07817998,88,0.0008884088390252807
HMOX1,0.07814881,43,0.0018174142338508784
FRS2,0.07797673,80,0.0009747091680765152
GNG12,0.077627674,107,0.0007254922779921059
PPP2CA,0.07762584,153,0.0005073584372701209
CYP4F2,0.077474415,64,0.001210537739098072
RRM2,0.07719916,57,0.001354371246538664
IFNA5,0.076681525,51,0.0015035593042186663
ABAT,0.0753103,59,0.0012764457171246157
FGA,0.0750351,82,0.0009150622276271261
PTGS2,0.07497221,115,0.0006519322809965714
CUL1,0.0748882,122,0.0006138377013753672
CYP1A2,0.07441712,68,0.0010943694368881337
PRKCB,0.0735331,209,0.0003518330280860645
H2BC4,0.073221505,89,0.0008227135358231791
IGF1,0.07250442,81,0.0008951163402310124
GNG4,0.07224133,90,0.0008026814295185937
FAS,0.07140405,79,0.0009038487001310421
PPP2R5C,0.070947826,62,0.001144319772720337
PC,0.070555426,50,0.001411108523607254
PSMD7,0.06994149,39,0.0017933715612460405
STAT3,0.0697484,206,0.00033858447398954223
PLCB2,0.06931903,117,0.0005924703601079109
PARP1,0.06911519,52,0.001329138301886045
CXCL8,0.06907865,92,0.0007508548543505046
LEF1,0.06815583,69,0.0009877656896909077
GRM1,0.06727634,39,0.001725034453929999
PLG,0.06706114,55,0.001219293475151062
SLC7A6,0.066751376,37,0.001804091237686776
CYP1A1,0.06626487,45,0.0014725526173909504
YWHAB,0.06624289,95,0.0006972935638929668
ADCY3,0.06608983,108,0.0006119428823391596
MAPK10,0.06592416,154,0.00042807896222387044
CYCS,0.06565153,99,0.0006631467529017516
EGFR,0.0654071,205,0.0003190590114128299
CHEK2,0.0653001,42,0.0015547642750399454
PTGS1,0.06515505,73,0.000892534954090641
GNAO1,0.06482457,46,0.0014092298629491227
TSC1,0.064152054,53,0.0012104161224275264
SERPINE1,0.06347037,42,0.0015111993111315229
LMNA,0.06335425,38,0.0016672170083773764
GAB2,0.06330639,79,0.0008013467245464083
MRE11,0.062888704,51,0.0012331118478494532
PIK3CG,0.06251175,83,0.0007531536092241127
CD3D,0.062250484,45,0.0013833440840244292
STAT5A,0.06098199,132,0.00046198476444591176
FOXO1,0.060846765,92,0.0006613778760251791
MAPRE1,0.060728956,33,0.001840271394361149
GSS,0.060556687,30,0.0020185562471548716
CCNH,0.060429268,71,0.0008511164448630642
CYP4F3,0.060276177,59,0.0010216301149230892
DCTN2,0.060175292,33,0.00182349370284514
PTPN11,0.06009641,199,0.0003019920058885411
ACTB,0.060038123,87,0.0006900933710322983
CDK9,0.05996593,46,0.0013036071930242622
CFLAR,0.05993714,34,0.0017628571128143983
PSMD12,0.059868407,40,0.0014967101626098156
ACE,0.05950996,47,0.001266169341954779
PML,0.059464056,46,0.0012926968705394993
CYP4F8,0.059409115,61,0.0009739199256310698
CSNK2A2,0.05934455,55,0.001078991795128042
IFNA13,0.05927115,55,0.0010776572606780311
PPP2R1A,0.058740232,146,0.00040233035712209465
CACNA1A,0.058449052,86,0.0006796401427235714
TPTEP2-CSNK1E,0.057555944,41,0.0014038035055486168
IL6ST,0.057438444,42,0.0013675820082426071
CYP11A1,0.056906164,37,0.0015380044241209288
ITGB1,0.056593556,125,0.0004527484476566315
HSPB1,0.056534495,33,0.001713166521354155
CYP2C9,0.056451388,61,0.0009254325853019465
GAD1,0.056076113,41,0.0013677100764542091
COPB1,0.055530395,33,0.0016827392532969966
HMGCR,0.055372167,48,0.0011535868203888338
GLUD1,0.05509823,53,0.0010395892105012569
RBL1,0.054999165,35,0.001571404721055712
F2,0.054685954,89,0.0006144489213991701
UBE2S,0.05448899,42,0.001297356915615854
HCN4,0.054400105,55,0.0009890928187153557
SLC2A1,0.05434964,50,0.001086992770433426
TRAF3,0.054266475,66,0.0008222193203189156
RAB7A,0.05394468,45,0.0011987706853283776
C3AR1,0.05370834,26,0.0020657054220254603
CREBBP,0.053628325,170,0.00031546073801377243
GNG2,0.053626087,104,0.0005156354477199224
ST3GAL3,0.053049706,34,0.0015602854683118709
UBE2I,0.052337065,68,0.00076966272557483
TP73,0.052061044,32,0.0016269076149910688
GNAI2,0.051802546,99,0.0005232580382414538
JUN,0.05148634,285,0.00018065382252659715
IGF1R,0.05138564,74,0.0006944005553786819
TUBB2B,0.05114574,28,0.0018266335661922181
CXCR2,0.051114965,33,0.0015489383403098946
HSD3B2,0.051107492,35,0.0014602140656539372
DPYS,0.050657384,23,0.00220249496076418
MCEE,0.050288975,35,0.0014368278639657157
YAP1,0.05028479,33,0.001523781567811966
EIF2S2,0.050066043,28,0.001788072953266757
PLA2G4F,0.05001561,35,0.0014290174203259603
HSD3B1,0.05001425,37,0.0013517364859580994
CYP2B6,0.0499503,92,0.0005429380613824595
FOXO3,0.049937513,96,0.0005201824242249131
POLR2D,0.04975395,60,0.0008292324841022491
SDHB,0.049714625,42,0.0011836815448034378
HCK,0.049512625,49,0.001010461729400012
HSPA1B,0.049414944,34,0.0014533807030495476
RFC5,0.0493927,62,0.0007966564547631049
PTGIR,0.04881308,28,0.001743324234017304
VAV2,0.048792794,92,0.0005303564602914064
CAMK2A,0.048599355,120,0.0004049946243564288
BDNF,0.04855946,51,0.0009521462899797103
KIF18A,0.048084307,26,0.0018493964408452695
RPLP2,0.04808181,27,0.001780807833980631
CDK8,0.048052367,29,0.0016569781663088963
ATP1A4,0.047827017,162,0.0002952284972976755
ADCY9,0.04774909,107,0.0004462531863528991
LAMTOR2,0.047677785,27,0.0017658438947465685
CAMK2D,0.04763353,108,0.0004410511917538113
CDC42,0.047431357,161,0.0002946047031361124
DDB2,0.04719591,51,0.0009254100275974648
F13B,0.047010556,32,0.0014690798707306385
PSMA1,0.046771504,33,0.0014173183025735798
KCNJ4,0.046742603,66,0.0007082212603453434
PTGIS,0.04666187,71,0.0006572094181893577
SHH,0.04637059,44,0.0010538770055229013
CLCNKA,0.046328623,31,0.0014944717047675963
ALDH3A2,0.04627779,59,0.000784369343418186
IFNAR2,0.046031207,47,0.000979387379707174
TSHB,0.045996726,31,0.0014837653406204717
TP53,0.045979455,225,0.00020435313383738199
PSMD1,0.0459786,38,0.0012099631130695343
JAK1,0.04596486,156,0.0002946465347821896
MYLK,0.04590972,80,0.0005738715175539255
FOSL1,0.045291588,27,0.0016774662114955761
UGT1A1,0.044606894,44,0.0010137930512428284
PLD1,0.044558834,56,0.000795693469366857
PTEN,0.044526238,116,0.0003838468792623487
LTA4H,0.044491738,62,0.000717608678725458
MCCC2,0.044362586,27,0.0016430587404304082
TXNRD1,0.044251516,26,0.001701981402360476
YWHAQ,0.044177335,66,0.0006693535569039258
FGF2,0.044171385,125,0.00035337108373641966
NFATC1,0.044087067,67,0.0006580159290512996
KCNJ5,0.043982495,71,0.0006194717552460415
ABCC8,0.043846574,69,0.0006354575895744821
IL1B,0.043825865,118,0.0003714056338294078
PDK1,0.043653224,27,0.001616786061613648
SCN10A,0.043507013,61,0.000713229729015319
ATF6B,0.043261208,30,0.0014420402546723684
SIRT1,0.043215446,46,0.0009394662211770597
FGF9,0.043204665,98,0.0004408639304491938
CDC16,0.042993464,44,0.0009771241721781817
CASP10,0.04293093,35,0.0012265980243682862
MMP2,0.042926956,47,0.0009133394886838629
MAP2K4,0.042908616,135,0.0003178416026963128
SLC38A4,0.042827446,43,0.0009959871165974195
FGF4,0.042658433,100,0.00042658433318138123
YES1,0.042375583,64,0.0006621184875257313
WASL,0.042198606,60,0.0007033100972572963
PLA2G4E,0.04208417,34,0.0012377696659635095
RPL31,0.042045668,26,0.00161714106798172
HMGB1,0.04198189,30,0.0013993963599205016
GUCY1B1,0.041893773,38,0.0011024677047604008
VEGFA,0.041673932,100,0.000416739322245121
STEAP3,0.041606814,24,0.001733617236216863
GMPR,0.041461077,23,0.0018026555038016775
DRD1,0.04145597,90,0.0004606218801604377
FGF6,0.041431684,79,0.0005244516967972622
TUBB1,0.04134488,35,0.0011812823159354075
MAP3K2,0.04130031,21,0.001966681508790879
GCDH,0.04119739,29,0.0014205996332497433
PRKAR1A,0.041096658,131,0.00031371494285932933
RPLP1,0.041064736,26,0.0015794129039232547
PCK1,0.040886123,53,0.000771436277987822
HTR7,0.04068628,26,0.0015648569052035992
SMAD2,0.04066641,80,0.0005083301104605198
GTF2F1,0.0406621,53,0.0007672094089804956
ALDH4A1,0.040419407,31,0.0013038518448029795
HRH2,0.040412977,36,0.0011225827038288116
FSHB,0.040353853,31,0.0013017372017906559
EPS15,0.040157836,23,0.0017459928665472114
INSR,0.039724935,70,0.0005674990692308971
ARC,0.039704096,13,0.0030541611978640924
RPL23,0.039675374,27,0.0014694582808900763
HDAC2,0.039632317,88,0.00045036723498593676
CEP290,0.039627776,23,0.0017229467630386353
KAT2A,0.03956838,45,0.0008792973226971096
DERL1,0.039542086,16,0.002471380401402712
COL4A3,0.039540965,36,0.0010983601419462098
SLC12A3,0.03939713,33,0.0011938524742921193
FURIN,0.039295755,55,0.0007144682786681436
PLA2G4A,0.039184574,79,0.000496007266301143
SDC3,0.03899967,25,0.0015599867701530457
VKORC1,0.038874142,30,0.0012958047290643057
JAK2,0.038627718,178,0.0002170096496852596
CSF1R,0.038449943,57,0.000674560404660409
TAB2,0.03841041,102,0.00037657264985290227
ADCY10,0.038186755,37,0.0010320744603066832
MSMO1,0.038053866,36,0.0010570518465505706
SH3GL3,0.03802643,22,0.0017284740778532896
CCKBR,0.037858553,32,0.0011830797884613276
CENPO,0.037810195,21,0.0018004854874951498
ARF6,0.037797187,27,0.0013998957971731822
GRK6,0.037734225,20,0.0018867112696170807
GNA14,0.037399277,42,0.0008904589783577692
WNT9A,0.03718746,33,0.0011268927518165474
KCNK1,0.037161488,56,0.0006635980015354497
MEF2A,0.037021186,54,0.0006855775222734168
APC,0.03694614,64,0.0005772834410890937
SAA1,0.036894877,19,0.0019418356057844665
MEF2C,0.036893792,81,0.00045547891914108653
AMPD1,0.036835942,23,0.0016015627137992692
SULT1A1,0.036793493,25,0.0014717397093772888
CACNA2D2,0.03676601,129,0.00028500783928605015
KRAS,0.03662893,297,0.00012332973656830964
KLC3,0.03654668,20,0.0018273340538144112
GNG7,0.036345113,91,0.0003993968469100994
FGFR3,0.03626418,79,0.0004590402675580375
SOCS2,0.03608458,22,0.0016402082348411734
NFATC2,0.03607291,63,0.000572585870349218
EHMT2,0.03606858,24,0.00150285754352808
DYNC1I2,0.03597797,54,0.0006662587186804524
CACNA1H,0.035917357,63,0.0005701167715920343
AQP3,0.03591685,35,0.0010261957134519305
TAOK1,0.03574848,23,0.001554281815238621
SMO,0.035677023,33,0.0010811219161207025
PPP1R12A,0.03565801,27,0.001320667012974068
PLA2G6,0.035581727,28,0.0012707759493163653
BRK1,0.035280574,29,0.0012165715211424335
TNNT1,0.035114016,52,0.000675269545843968
GRIN2A,0.035058256,103,0.00034037141979319376
TLR2,0.034984488,53,0.0006600846800039399
BLM,0.034966543,37,0.0009450417112659763
ITPR2,0.034866285,99,0.0003521846927175618
KIAA1549,0.034864195,37,0.000942275532194086
ANGPT4,0.034744788,12,0.002895398996770382
CYP2C18,0.034714546,21,0.0016530736216476985
RPS6KA2,0.034670606,74,0.00046852170615582854
KITLG,0.034550365,43,0.0008034968618736711
AOX1,0.034408983,48,0.0007168538092325131
ANAPC1,0.034299485,44,0.0007795337587594986
C1S,0.034252744,17,0.0020148673040025376
AKR1B1,0.034232352,43,0.000796101207649985
KCND3,0.03421656,56,0.0006110100075602531
ANPEP,0.034191232,20,0.0017095616087317467
ACSL6,0.034165565,29,0.0011781229284302942
H4C8,0.034038953,94,0.0003621165264160075
GRIA1,0.033894412,45,0.0007532091604338752
MOV10L1,0.033832163,4,0.008458040654659271
LBP,0.033599835,21,0.0015999921375796909
H2AC1,0.033590246,19,0.001767907683786593
CDK5RAP2,0.033580776,16,0.002098798519000411
INHBB,0.033543553,17,0.0019731501884320203
IVD,0.03349012,26,0.0012880815909459041
ACLY,0.03341328,21,0.001591108561981292
LAMB2,0.033412497,32,0.0010441405465826392
IFNAR1,0.03340202,49,0.0006816738418170384
MYC,0.033384956,177,0.00018861557299134423
KCNH2,0.033260737,57,0.0005835216949906265
RUNX2,0.03321224,37,0.0008976281293340631
NME7,0.033154942,32,0.0010360919404774904
HDAC4,0.033012155,48,0.0006877532384047905
OGDH,0.033001006,32,0.0010312814265489578
ATP2B1,0.03300057,28,0.001178591778235776
PNMT,0.032892525,22,0.0014951147816397927
DBH,0.03283207,22,0.0014923668720505455
KLC1,0.032748487,22,0.0014885675839402459
LDHC,0.03269245,17,0.0019230853547068203
NCSTN,0.03267999,44,0.0007427270439538089
NCOA1,0.032622695,56,0.0005825481244495936
RRAS2,0.03261637,21,0.0015531604488690693
BCL2,0.032566555,126,0.0002584647209871383
NTRK1,0.032550346,46,0.0007076162197019743
MEN1,0.032530624,21,0.0015490773533071791
CXCR4,0.032458447,54,0.0006010823503688529
POLR2A,0.03245095,68,0.0004772198769976111
TOP2A,0.03241808,18,0.0018010044263468848
KCNE1,0.032355867,55,0.0005882884968410839
WIPF1,0.03235076,24,0.001347948331385851
TALDO1,0.0323427,17,0.0019025116720620323
MAN1A2,0.03232514,15,0.00215500940879186
ALDH9A1,0.03221224,37,0.0008706010475352004
C1QA,0.032198865,20,0.0016099432483315467
TLN1,0.03219624,51,0.0006312987968033435
BDKRB1,0.03218606,21,0.0015326695782797678
LCP2,0.032135487,30,0.0010711828867594401
UPB1,0.032072492,24,0.0013363538309931755
MCM6,0.03206552,24,0.0013360632583498955
GTF2H4,0.0320154,50,0.0006403079628944396
ACADSB,0.031817805,40,0.0007954451255500316
BSG,0.03179529,18,0.0017664049648576314
CLASP1,0.031773884,37,0.0008587536175508756
HSPA1L,0.03166321,22,0.0014392367818138816
CSNK1A1,0.03163665,45,0.0007030367023415035
DUSP6,0.031603426,46,0.0006870309943738191
TIAM1,0.031499583,51,0.0006176388877279618
RIPK1,0.031496886,93,0.00033867619531129
EDNRA,0.03148789,30,0.0010495963195959726
DMGDH,0.031307865,17,0.001841639113776824
FANCD2,0.03130702,19,0.0016477378575425398
TCF7L1,0.031216979,56,0.0005574460540499006
HIPK2,0.031211453,22,0.0014187023890289393
THBS1,0.031187946,50,0.0006237589195370674
DIAPH1,0.03112477,34,0.0009154344306272618
KLB,0.030929679,34,0.0009096964426776942
CD14,0.030868217,53,0.0005824191952651401
AGPAT1,0.030854458,19,0.0016239188415439504
FGF10,0.030691009,73,0.00042042478102527253
LPIN3,0.03066241,18,0.001703467220067978
ABCC1,0.030631363,37,0.0008278746862669248
CBX4,0.030491564,26,0.001172752477801763
SLC3A1,0.030469323,35,0.0008705520736319678
SYNJ1,0.030453123,26,0.001171273967394462
MUC13,0.030376557,16,0.0018985348287969828
PYGL,0.030318273,22,0.0013781033286994154
GBP2,0.030267136,6,0.005044522695243359
PHC1,0.03023351,25,0.0012093403935432435
LEP,0.0302113,29,0.001041768953717988
ACTN4,0.030149426,27,0.001116645418935352
NDUFB6,0.030146327,19,0.0015866487826171674
CDKN1C,0.030142488,18,0.0016745826643374232
FBXW11,0.030059112,62,0.00048482439090167325
IL10RB,0.030019341,22,0.0013645155016671527
NFKBIA,0.029900672,200,0.0001495033595710993
YWHAZ,0.029872382,83,0.0003599082175866667
TNRC6A,0.02984482,32,0.0009326506406068802
KCNQ1,0.029791204,65,0.000458326219366147
ADCY8,0.029769098,112,0.0002657955213050757
SKA2,0.029744966,18,0.0016524981086452801
ABCB11,0.029731771,17,0.0017489277045516407
BCR,0.02965068,26,0.0011404107969540816
CYP2S1,0.029649895,26,0.0011403805647905057
IL11,0.029605618,25,0.0011842247098684312
TNPO1,0.029554453,14,0.0021110323390790393
UBE2D1,0.02951673,66,0.0004472231887506716
RAB4A,0.02950905,19,0.0015531079353470552
B4GALT1,0.029487753,38,0.0007759935075515195
CAMK2G,0.029369483,108,0.00027193965528298305
KCNJ3,0.029352807,72,0.000407677868174182
ACOX3,0.029344087,29,0.0010118650850550882
BMP2,0.029344082,39,0.000752412355863131
PCSK2,0.02925912,55,0.0005319839851422744
NDUFB1,0.029258238,19,0.0015399072711405
CDKN2A,0.029164137,81,0.00036005107800901674
ITPR3,0.029152926,112,0.0002602939826569387
STAT5B,0.029096372,126,0.00023092359067901732
GHRH,0.02904768,21,0.0013832228169554756
CKB,0.028932124,24,0.0012055051823457081
RAD50,0.028819775,47,0.0006131867065708688
MYOD1,0.028724074,16,0.001795254647731781
NUP93,0.028718006,79,0.0003635190615925608
PTH,0.028681602,23,0.0012470261882180753
WNT11,0.028505072,44,0.0006478425454009663
CKAP5,0.028491275,32,0.0008903523557819426
GNAT3,0.028455626,23,0.0012372011399787405
SLC22A2,0.028415892,50,0.0005683178454637528
MMP7,0.02836959,19,0.001493136349477266
CD3E,0.0283191,43,0.0006585837190234384
ITGA6,0.028267432,45,0.0006281651556491851
PPBP,0.028228946,20,0.0014114473015069962
COX6B1,0.028164871,27,0.001043143371740977
SMARCA4,0.028138904,39,0.0007215103564354089
MAN2A2,0.028128417,14,0.0020091726577707698
FYN,0.028093193,176,0.00015962041321803224
TFR2,0.028087908,4,0.007021977100521326
ADRB2,0.02807565,49,0.0005729724558032289
AP1B1,0.028071802,20,0.0014035901054739951
KIF2A,0.02804991,27,0.0010388855718904072
TAT,0.027992183,29,0.0009652477014681388
SCTR,0.027965058,17,0.0016450033906628104
FZD1,0.027940923,56,0.0004989450597869498
CCL4,0.02792947,38,0.0007349860511328045
NR3C2,0.027887378,44,0.0006338040429082783
CHMP4B,0.02782474,18,0.0015458189364936617
MAD2L1,0.027757972,34,0.0008164109552607817
IL6,0.027735783,142,0.00019532241399439288
TRAF2,0.027612211,93,0.0002969054965883173
INCENP,0.027329585,22,0.0012422538447109137
PTX3,0.027284978,6,0.004547496326267719
VPS37C,0.027267396,13,0.002097492034618671
VDAC1,0.027173221,35,0.0007763777460370745
SPDL1,0.027154027,18,0.0015085570307241546
DDX58,0.027140476,38,0.0007142230476203718
MAP3K7,0.02709483,160,0.00016934268642216922
CEP152,0.027085822,16,0.001692863879725337
SCN5A,0.027069697,61,0.00044376552715653277
GRIN3B,0.027058648,15,0.001803909863034884
XRCC5,0.02704799,25,0.0010819195955991746
STK24,0.027038319,4,0.006759579759091139
PTGFR,0.027021805,17,0.0015895179308512632
ATP2B2,0.027016956,27,0.0010006280133017787
MYH11,0.02698683,23,0.0011733404320219288
GALNT16,0.026930595,8,0.0033663243521004915
CAPZB,0.026892863,24,0.001120535967250665
IDH3A,0.02689053,25,0.001075621172785759
RASGRF2,0.026863085,30,0.0008954361702005069
GRIN2B,0.02686263,63,0.0004263909622317269
KCNE2,0.02679228,54,0.000496153340295509
POM121C,0.0267793,56,0.00047820177860558033
NDC80,0.026776584,20,0.001338829193264246
ACADS,0.026728291,49,0.0005454753278469553
PTK2B,0.026716182,64,0.0004174403438810259
MYH9,0.026655013,34,0.0007839709629907328
PROC,0.026602717,22,0.001209214414385232
FRAT2,0.026591415,17,0.001564200857982916
LPAR3,0.026580408,17,0.0015635534244425157
RRM1,0.02655963,41,0.000647795863631295
BDKRB2,0.02639245,29,0.0009100845019365179
TCF7L2,0.026341923,55,0.00047894404693083327
CXCR1,0.02633727,32,0.0008230396779254079
ARNT,0.026180344,30,0.0008726781234145164
STX4,0.02617822,21,0.0012465819184269225
CYP26B1,0.026174825,24,0.00109061769520243
PFKL,0.025923176,37,0.0007006263712773452
TFRC,0.025831575,40,0.0006457893643528223
PLCG2,0.025728589,105,0.0002450341802267801
KCNA5,0.025638001,52,0.0004930384815312349
NELFE,0.025579188,26,0.0009838149238091249
FTH1,0.025552278,20,0.0012776139192283154
GRIN1,0.025533972,111,0.00023003578655891592
MAT2B,0.02550795,33,0.0007729681603836291
HSPG2,0.025460286,28,0.0009092959309262889
POLR2B,0.025458846,61,0.00041735813510222514
SIAH1,0.0254309,17,0.0014959352419656865
PSEN2,0.025387974,38,0.0006681045909461222
CES2,0.025387634,17,0.0014933902112876669
SCARB1,0.025347453,24,0.0010561438587804635
TPM1,0.025317492,59,0.0004291100332797584
IL1RAP,0.025294412,30,0.0008431470642487209
IFNG,0.025122138,97,0.00025899111072427217
GOT2,0.02507532,48,0.00052240250321726
GBA,0.025051756,18,0.0013917642128136423
COPA,0.025045425,33,0.0007589522636297977
FGFR2,0.024990221,86,0.00029058397076157634
LAMA4,0.024924772,24,0.0010385321608434122
CASP1,0.024863575,54,0.0004604365676641464
IL2,0.024766281,76,0.0003258721216728813
DHFR,0.024627436,34,0.0007243363515419118
POLI,0.024567135,9,0.0027296816309293113
DYNC1I1,0.024539363,41,0.0005985210399802138
PANK1,0.024518134,19,0.0012904281090748938
RYR2,0.024514027,77,0.000318363986232064
CEP250,0.024402522,17,0.001435442444156198
POLR2E,0.024383377,79,0.0003086503453647034
CHPT1,0.024287574,16,0.0015179733745753765
NR2C1,0.024269052,13,0.001866850142295544
MED1,0.024215987,28,0.0008648566768637725
HSPA7,0.024200737,15,0.0016133824984232584
KTN1,0.024140356,19,0.0012705450583445398
TBP,0.02406747,51,0.00047191119223248724
SLC9A1,0.024060415,28,0.0008593005394296986
ZAP70,0.024042811,48,0.0005008919009317955
PTK2,0.024018968,149,0.00016120112432329447
GSTT2,0.023843357,18,0.0013246309633056323
SPTBN5,0.023838112,18,0.0013243395628200637
FUS,0.023808332,42,0.0005668650514313153
CEBPA,0.023790792,29,0.0008203721251981012
SYK,0.023780102,96,0.0002477093948982656
ADRA1B,0.023762468,29,0.0008193954568484734
MAVS,0.023731118,30,0.0007910372689366341
FFAR2,0.023705114,10,0.002370511367917061
CEP192,0.023622777,18,0.0013123765173885557
LDLR,0.02359271,41,0.0005754319632925638
FGF20,0.023576178,91,0.00025907887534780817
HDAC3,0.023485035,68,0.00034536815741482903
SULT2A1,0.023479704,19,0.001235773884936383
CRADD,0.023472592,17,0.00138074071968303
FABP5,0.023422817,13,0.001801755136022201
CDH1,0.023361696,70,0.0003337385132908821
HNMT,0.023355998,13,0.001796615238373096
TGFA,0.023350481,78,0.00029936514030664397
GSTA5,0.023237584,18,0.0012909768977098996
POU2F1,0.02318271,20,0.0011591355316340924
TIRAP,0.023179838,28,0.000827851372637919
SERPING1,0.023171602,16,0.0014482251135632396
PRKAG2,0.023165021,65,0.0003563849398723015
LHCGR,0.023161074,23,0.0010070032237664514
SOD3,0.023082819,17,0.0013578128727043375
PDIA6,0.023080572,20,0.0011540286242961884
GRB7,0.023076145,26,0.0008875440376309248
PAK5,0.023063704,34,0.0006783442462191862
CBL,0.02296457,104,0.0002208131795319227
MMP13,0.022893704,21,0.0010901764035224915
GCK,0.022883467,49,0.000467009538290452
RPL17,0.022877306,26,0.0008798963748491728
ENTPD1,0.022845661,17,0.0013438624275081297
CDC37,0.022783779,38,0.000599573121259087
PIK3R6,0.022741744,42,0.0005414701022562527
MAP2K6,0.022644438,144,0.00015725304062167803
BCL10,0.022564666,35,0.0006447047527347292
TCF7,0.022503996,52,0.000432769158998361
DLL1,0.022452937,49,0.0004582232130425317
CKAP4,0.02242139,15,0.0014947593212127686
RPL27,0.022365803,27,0.0008283630703334455
PIP4K2C,0.02234449,28,0.0007980175183287688
ASNS,0.022308575,18,0.001239365277191003
TNFRSF10A,0.022215841,36,0.0006171067038344012
E2F3,0.022210158,53,0.00041905959259788943
KCND2,0.022204896,60,0.00037008160725235937
RXFP2,0.022174483,17,0.0013043813626555836
ACER1,0.022168666,15,0.0014779110749562582
PSMD5,0.022123571,25,0.0008849428594112397
TLR3,0.022117184,28,0.00078989944553801
THEM4,0.022090962,20,0.0011045481078326702
PFKFB2,0.02203577,14,0.0015739835798740387
CTDP1,0.022031507,25,0.0008812602609395981
MFN1,0.022006324,15,0.0014670882374048233
SMAD3,0.021993406,105,0.00020946101063773747
PTPRJ,0.021982383,18,0.0012212434990538491
FLT3,0.02192293,44,0.0004982483911920677
RPL10L,0.021918578,25,0.0008767431229352951
TEAD3,0.021916326,15,0.0014610884090264639
COP1,0.021900145,14,0.0015642960954989707
CEP78,0.021884697,17,0.0012873350916539923
GPX7,0.021884086,15,0.0014589390407005946
LPIN2,0.021819234,18,0.0012121796607971191
MUC15,0.021807343,9,0.0024230380853017173
XRCC3,0.02178261,14,0.0015559007546731404
NCOR2,0.02177259,65,0.0003349629159157093
GLI2,0.021762362,26,0.0008370139134617952
ACTN2,0.021759134,31,0.0007019075414826793
DHODH,0.021737278,12,0.0018114397923151653
PLA2G4D,0.021714345,36,0.000603176239464018
PDE11A,0.02169642,12,0.0018080350322028
APLNR,0.021691635,10,0.002169163525104523
UGT2A1,0.021684693,15,0.0014456462115049363
AGL,0.021614155,17,0.0012714208706336863
VAV3,0.021611873,78,0.00027707529564698535
SAP18,0.021606885,19,0.0011372044682502747
MGST3,0.021530082,23,0.0009360905412746513
NCOA3,0.021488357,27,0.0007958650864936688
MALT1,0.02146911,33,0.000650579109787941
VANGL1,0.02145036,24,0.000893764973928531
WNT4,0.021355111,55,0.0003882747482169758
ARPC2,0.021321664,40,0.0005330415908247233
ARRB1,0.021307133,73,0.00029187853613944905
GABBR2,0.02127881,27,0.0007881040650385397
SLC32A1,0.021252248,19,0.0011185393913796073
SELE,0.0212393,17,0.001249370548655005
TMPRSS2,0.021210505,15,0.001414033646384875
SLC34A1,0.02120781,11,0.0019279826771129262
ORAI2,0.021203492,12,0.0017669576530655224
TNFRSF1A,0.021177607,76,0.0002786527191729922
GAL,0.021100627,15,0.001406708483894666
SLC8A3,0.02107339,25,0.0008429355919361114
NEO1,0.021064091,10,0.0021064091473817826
ALMS1,0.021003284,17,0.0012354872682515312
MCM8,0.020930063,22,0.0009513664990663528
ASS1,0.020866953,33,0.0006323319041367733
NINL,0.020831319,18,0.00115729547623131
SNAP25,0.020830804,25,0.0008332321792840958
ARHGEF12,0.020804077,34,0.0006118846290251788
APOC1,0.020767359,12,0.0017306132552524407
KCNMB1,0.02075013,15,0.0013833419730265935
BCAR1,0.020737704,65,0.00031904159830166743
SLC8A1,0.020730766,78,0.0002657790453388141
SMARCB1,0.020689331,18,0.0011494072775046031
HDAC7,0.020685226,40,0.0005171306431293488
HSP90B1,0.020670472,28,0.0007382311326052461
PISD,0.020613946,12,0.001717828835050265
EDN1,0.020570979,50,0.0004114195704460144
MTNR1A,0.020553254,11,0.0018684775991873307
KMT2B,0.020550812,10,0.0020550811663269998
MGST1,0.02053094,28,0.0007332478250776019
IL12B,0.020487495,58,0.00035323266839158945
MC3R,0.020447105,17,0.0012027708923115449
CD86,0.020443399,52,0.000393142278950948
LIG4,0.020381961,15,0.0013587974011898042
TRIO,0.020340022,34,0.0005982359323431464
F13A1,0.020319449,35,0.0005805556795426777
GML,0.020302515,7,0.002900359353848866
IGF2,0.02025215,32,0.0006328796735033393
ZBTB16,0.020227533,14,0.0014448237738439015
WNT2B,0.020198004,40,0.0005049501080065966
ARHGAP35,0.020043433,40,0.0005010858178138733
NR3C1,0.02000641,55,0.00036375292322852397
DYNLRB1,0.019982902,9,0.0022203224814600414
DNMT3B,0.019981837,19,0.0010516756263218429
PIK3C3,0.019911913,57,0.00034933181054759446
FDFT1,0.019856088,41,0.0004842948259376898
ITGB6,0.01982189,25,0.0007928755879402161
CYP2J2,0.019808166,69,0.0002870748656383459
MAX,0.019770153,28,0.0007060768881014415
IL18,0.019751864,49,0.0004030992562065319
LRRC7,0.019725854,18,0.0010958807542920113
RASAL2,0.019645864,13,0.0015112203187667406
PLXNB1,0.019634007,12,0.0016361672120789688
HLA-G,0.019618716,33,0.0005945065482096238
TNIP2,0.019612476,32,0.0006128898821771145
CCN2,0.019596308,15,0.0013064205646514892
ERCC2,0.019591525,52,0.0003767600999428676
MAP1LC3A,0.01957756,13,0.0015059660833615523
TERT,0.019551072,28,0.0006982525810599327
LMAN1,0.019545164,23,0.0008497897373593372
LIMK1,0.019532928,38,0.0005140244274547225
CNOT2,0.019483035,10,0.0019483035430312157
RAB3IP,0.019481016,11,0.001771001483906399
NMNAT1,0.019458069,14,0.0013898620381951332
UGT1A10,0.019397514,33,0.0005878034527554656
PRKCG,0.019331882,122,0.00015845804734796774
HAL,0.019315906,12,0.0016096588224172592
VAV1,0.019279957,107,0.00018018651231427058
IL4,0.019256502,59,0.0003263813964391159
ALOX5,0.019254318,85,0.00022652138243703282
SPTA1,0.01925305,19,0.0010133184688655955
ITGAM,0.019237313,35,0.0005496375262737275
SPRY1,0.019211266,11,0.0017464787445285103
CPS1,0.019207995,36,0.0005335554273592101
PEX5,0.01918263,11,0.0017438754439353943
CYTH3,0.01914794,14,0.0013677099985735758
IFT22,0.019146865,5,0.0038293730467557907
PSTPIP1,0.01913586,13,0.0014719892866336382
NDUFA4,0.019116571,28,0.0006827346847525664
ABCB1,0.019084074,42,0.0004543827048369816
NOS3,0.019074542,78,0.0002445454159990335
VPS37B,0.019064976,13,0.0014665366078798587
PGM2,0.019046402,25,0.0007618560642004013
CCL3,0.019034011,26,0.0007320773572875903
VEGFC,0.019017193,34,0.0005593292196007336
M6PR,0.019013628,11,0.0017285116694190285
MCM3,0.019009296,25,0.0007603718340396881
NOD2,0.018897964,40,0.00047244909219443796
TRMT112,0.018890316,13,0.0014531012051380598
CYP4F12,0.018863656,22,0.0008574388921260834
STK11,0.018858489,35,0.0005388139614037105
SEC24B,0.01884594,17,0.0011085847063976176
MGLL,0.018839864,22,0.0008563574572855776
PSMD3,0.018796485,39,0.00048196115172826324
RAB5C,0.018787809,23,0.0008168612485346587
ALDH5A1,0.018776847,18,0.0010431581694218847
PITX2,0.018770682,13,0.0014438985918576901
ESR1,0.018653309,79,0.00023611783509767508
EREG,0.018640624,57,0.000327028497530703
ABCG1,0.018640213,15,0.0012426808476448058
SH2D2A,0.01855657,11,0.0016869609667496247
CS,0.018553073,32,0.000579783518332988
POLR3F,0.018539796,14,0.0013242711180022784
CD247,0.018458957,57,0.0003238413482904434
CSF2,0.018458942,55,0.0003356171263889833
HK1,0.018440688,41,0.0004497728787544297
PPID,0.018416993,10,0.0018416993319988252
PAH,0.01837836,14,0.0013127400140677179
BUB3,0.018374268,33,0.0005567959989562179
CTSC,0.01832109,16,0.0011450680904090405
MTR,0.018319769,43,0.0004260411356077638
SEC61B,0.01830135,14,0.0013072392238037927
KIF3B,0.018296637,13,0.0014074335877711957
CD3G,0.018293913,58,0.00031541230092788563
EIF4G2,0.018198043,12,0.0015165035923322041
RPL37,0.01819039,26,0.0006996303653487792
TYK2,0.018186944,80,0.00022733679506927728
CHRNA3,0.018121066,15,0.0012080710381269454
PKN1,0.018075824,26,0.0006952239916874812
RAMP1,0.01800567,16,0.0011253543198108673
TUBAL3,0.01799377,27,0.0006664359459170589
BRIP1,0.01795005,26,0.0006903865589545324
XBP1,0.01792499,15,0.0011949993669986725
MMP8,0.017862199,11,0.0016238362613049421
GNE,0.017836273,14,0.001274019479751587
ALDH7A1,0.017827498,50,0.0003565499559044838
GHRHR,0.017826652,17,0.0010486265973133199
MLKL,0.017796833,9,0.0019774258964591557
TTN,0.017753098,9,0.001972566462225384
CAND1,0.01774897,9,0.001972107837597529
HTR4,0.017742604,22,0.0008064820007844405
CXCL1,0.01774186,29,0.0006117883042014878
BCHE,0.017722327,17,0.0010424898389507743
ADRB1,0.017714325,78,0.0002271067351102829
PARD6G,0.017710814,10,0.0017710814252495765
IL10,0.017699542,58,0.00030516450903539
SMARCC1,0.017692154,17,0.0010407149572582805
CHRM2,0.017687349,75,0.00023583131531874338
IDI1,0.01766291,41,0.0004308027010865328
SLC29A2,0.017597785,11,0.0015997986563227394
BCKDHB,0.017578233,32,0.000549319782294333
PRL,0.017574219,26,0.0006759315012739255
RAB14,0.01752697,19,0.0009224720691379748
MMAA,0.017507091,8,0.002188386395573616
IL6R,0.017459473,42,0.0004157017295559247
NEDD4,0.017408395,29,0.0006002894891747113
SHC3,0.017375225,54,0.00032176342965276153
SEH1L,0.017370744,70,0.00024815348110028676
FADS2,0.017326137,20,0.0008663068525493145
DOCK1,0.017323634,49,0.00035354354399807597
NT5C1B-RDH14,0.017301923,13,0.0013309171280035605
RFC3,0.017296767,61,0.00028355355511923305
GTF2H3,0.01719446,50,0.00034388918429613114
CSF1,0.017169524,31,0.0005538556123933484
NELFCD,0.01715628,27,0.0006354177991549174
COL6A3,0.017147474,23,0.0007455423474311829
BLNK,0.017146483,19,0.0009024464770367271
DAGLB,0.017140213,12,0.0014283511166771252
CHMP7,0.017128479,18,0.0009515821519825193
RXRG,0.017073568,31,0.000550760256667291
PLXNA1,0.017063703,14,0.0012188359562839781
RPN2,0.017049875,11,0.0015499886463988912
CALML5,0.017019713,50,0.0003403942659497261
ORC3,0.016991442,24,0.0007079767528921366
PKP4,0.016988847,13,0.0013068344157475692
ARHGAP33,0.016978906,8,0.002122363308444619
ITK,0.016947718,29,0.0005844040805923527
UGT2B15,0.016915185,25,0.0006766074150800705
CH25H,0.016890768,14,0.0012064834258386067
TGOLN2,0.016890422,12,0.0014075351258118947
MLXIPL,0.016883785,11,0.0015348895368250933
IL5RA,0.01686794,25,0.0006747175753116607
PPARGC1A,0.016836667,53,0.0003176729704411525
SBF2,0.016833251,10,0.0016833251342177392
SLC29A1,0.016817207,14,0.0012012290369187082
AP1G1,0.016807113,17,0.0009886536966351902
SLC7A1,0.016756956,11,0.0015233595940199766
CPN1,0.016736278,7,0.002390896901488304
RAB39A,0.016715035,9,0.0018572260936101277
SPSB1,0.016709622,7,0.0023870888565267834
TNFSF10,0.016695624,36,0.0004637673393719726
MRAS,0.016695416,25,0.000667816624045372
RALGDS,0.016677625,25,0.0006671050190925599
KIT,0.01666754,61,0.00027323834842345754
SLC27A2,0.01665464,37,0.000450125417193851
FST,0.016652944,10,0.0016652943566441536
KL,0.01664918,40,0.0004162294790148735
QDPR,0.016647305,14,0.0011890932385410582
CSF3R,0.016622953,20,0.0008311476558446884
DSG1,0.016587324,18,0.0009215180244710711
CABIN1,0.016578887,10,0.0016578886657953261
FGF23,0.01657437,103,0.00016091621110161532
KIF5A,0.016550278,23,0.0007195773170046184
CAB39,0.016512197,13,0.0012701689623869383
ACOT7,0.016397215,13,0.0012613242635360132
ARHGAP10,0.016390204,14,0.0011707288878304617
PDE10A,0.01635168,30,0.000545055978000164
ATP6V0A4,0.016349072,23,0.000710829201599826
HIBADH,0.016346952,25,0.0006538780778646469
LAMC2,0.016328562,31,0.0005267278080986392
FGF19,0.016300974,61,0.0002672290887500419
IL15,0.016300132,24,0.0006791721874227127
PDE3B,0.016268024,29,0.0005609663524504365
MTAP,0.016257418,15,0.0010838278879721959
HTR1A,0.01624755,67,0.00024250074665048229
TRAF1,0.016247272,30,0.0005415757497151693
APP,0.016246608,44,0.00036924108016220004
F2RL1,0.016244488,11,0.0014767716215415435
GDA,0.016233087,30,0.0005411028861999512
HLA-F,0.01621465,32,0.0005067078163847327
GOLGA4,0.016200252,8,0.0020250314846634865
FSTL3,0.016196027,8,0.0020245034247636795
DYNC1LI1,0.016164312,45,0.0003592069364256329
NUMB,0.016148992,22,0.0007340450855818661
MSH3,0.01614338,8,0.002017922466620803
MADD,0.016141573,17,0.0009495042921865688
RETSAT,0.01614148,10,0.0016141479834914207
CDS2,0.016141335,9,0.0017934816165102853
BAK1,0.016126331,54,0.0002986357581836206
CHST14,0.016106922,10,0.0016106922179460526
OPRM1,0.016098458,77,0.00020907088727146
ACO1,0.016094016,15,0.0010729343940814337
SETD2,0.016026268,10,0.0016026267781853675
NTPCR,0.015997397,7,0.0022853423974343707
LAMA2,0.01599553,32,0.0004998603253625333
SLC25A12,0.015980847,18,0.0008878248433272044
RPL5,0.015978133,28,0.0005706476180681161
FCN1,0.015913913,9,0.0017682125584946738
DOCK9,0.01590909,10,0.0015909090638160706
RAMP2,0.01588169,15,0.0010587792843580247
FARP2,0.01586375,14,0.0011331250092812947
WWP2,0.015843235,15,0.0010562156637509664
NT5E,0.015839394,28,0.0005656926493559565
CTF1,0.01583754,11,0.001439776440913027
WNT7B,0.015833411,42,0.00037698598489874886
SPTB,0.015799914,18,0.0008777729752990934
ATP4A,0.015794033,27,0.0005849641920239837
CEP41,0.015770104,18,0.000876116876800855
CCT5,0.015769212,10,0.0015769211575388908
CHRNB4,0.01576665,16,0.0009854156523942947
CDC42BPA,0.01575495,10,0.0015754949301481247
PPP1R1B,0.015752722,15,0.0010501814385255178
CD22,0.015722614,11,0.001429328525608236
BEGAIN,0.015705198,3,0.005235066016515096
PTBP1,0.015661407,12,0.0013051172718405724
LPL,0.01562252,36,0.00043395888577732776
PIK3AP1,0.0156049635,18,0.000866942418118318
RAMP3,0.015551102,15,0.0010367401565114657
UQCR10,0.015545208,18,0.000863622667060958
ST6GALNAC1,0.015542504,9,0.0017269449308514595
ITGB4,0.015540585,38,0.0004089627611009698
G6PC2,0.015513105,19,0.0008164792272605394
AICDA,0.015503081,4,0.003875770140439272
STAT2,0.015435213,48,0.0003215669421479106
NR1D1,0.015431801,12,0.0012859834047655265
GDF7,0.015424009,13,0.0011864622625020833
GABRA5,0.015397045,15,0.0010264696553349494
AREG,0.015384024,54,0.00028488933350201005
ARSB,0.015371596,20,0.0007685798220336438
HAO2,0.015356161,9,0.0017062400778134663
MTHFR,0.015333314,29,0.0005287349802152864
PPP3CA,0.015332074,86,0.00017827992912295253
HEY1,0.015317875,30,0.0005105958320200443
CBX6,0.015288454,14,0.001092032396367618
IFNGR1,0.0152837485,41,0.00037277435384145595
TAS2R1,0.015233467,7,0.002176209619002683
MAPK4,0.015222973,17,0.0008954690111910596
FKBP5,0.015201602,17,0.0008942118900663712
PHKG2,0.015185518,8,0.0018981897737830877
NCAPD2,0.0151712615,7,0.002167323072041784
PACS1,0.015166606,7,0.0021666579746774267
PIP5K1B,0.015098016,36,0.00041938932716018625
MARK3,0.015061122,17,0.0008859483744291699
SKA1,0.015047868,18,0.0008359926545785533
E2F8,0.015035622,7,0.0021479459745543344
THBS3,0.015031871,13,0.0011562977989132588
RPS14,0.015020974,33,0.0004551810297099027
MUC1,0.014984983,12,0.0012487485849608977
EGR2,0.014970974,22,0.0006804988211528821
TXNL4A,0.01495169,7,0.0021359557285904884
NANS,0.014939057,14,0.0010670754792434828
A1BG,0.01491302,7,0.0021304313891700338
ATP6V1C1,0.014883337,28,0.0005315477361104318
ACTN3,0.014868038,11,0.0013516397977417166
MAP3K4,0.014859536,17,0.0008740903371397187
PREX1,0.014851669,25,0.0005940667539834976
AAMP,0.014841472,12,0.0012367893165598314
DROSHA,0.014834796,10,0.0014834796078503133
SERPINA1,0.014809375,25,0.0005923749879002572
TH,0.014805654,29,0.0005105397953041669
AOC1,0.014798989,30,0.0004932996196051439
CYP4F22,0.014794221,16,0.0009246388217434287
FCGR3B,0.014767069,16,0.0009229418355971575
AQR,0.01475617,11,0.0013414700092239814
CNOT1,0.014743319,11,0.0013403017073869705
GSTO2,0.0147172045,23,0.0006398784563593242
EIF4H,0.014715451,10,0.0014715450815856457
DCN,0.014713561,17,0.0008655035977854448
NUP88,0.014710707,76,0.0001935619297192285
ALG10B,0.01469419,54,0.00027211462320001037
GADD45G,0.01460185,36,0.00040560694307916693
CORO1A,0.01458695,9,0.0016207721912198597
HLA-DRB1,0.014574598,54,0.00026989995536428913
MSRB3,0.014573711,12,0.001214475914215048
NTF3,0.014546435,29,0.0005016012181495798
XPO1,0.014542919,62,0.00023456320406929138
CROT,0.014540935,12,0.0012117445779343445
CLEC7A,0.014540911,8,0.0018176138401031494
ADRA2C,0.014538859,21,0.0006923266198663484
DLD,0.014533692,97,0.00014983187669638507
SGK1,0.0145228,33,0.00044008485521330977
H4C5,0.0145118525,94,0.00015438140984228317
ATP8B2,0.014511427,7,0.0020730609872511457
BHMT2,0.014507549,7,0.0020725069833653314
FCER1G,0.01449511,22,0.0006588686426932162
RNF103-CHMP3,0.01447508,19,0.0007618463255072895
VARS1,0.014468946,8,0.0018086181953549385
HSPA6,0.014459338,24,0.000602472418298324
INPP5A,0.014432442,11,0.0013120402158661323
GPR83,0.01442824,15,0.0009618826831380526
EPN1,0.014422665,14,0.0010301903821527958
NOTCH1,0.014394835,71,0.00020274414982594235
VCAN,0.014373332,20,0.0007186666131019593
BAZ1B,0.01434343,9,0.0015937144764595563
RNPS1,0.014290682,15,0.000952712136010329
SETD1A,0.014284787,11,0.0012986169789325106
CASP12,0.01428089,13,0.0010985300088158022
ARHGEF2,0.014279974,22,0.0006490897133269093
DEPDC1B,0.014236688,21,0.0006779375086937632
BIN1,0.01422994,10,0.0014229940250515937
GUCY1A1,0.014227597,22,0.0006467089564962821
TNS4,0.014223888,8,0.001777985948137939
CLIP1,0.0142213395,24,0.0005925558119391402
GPR37,0.014220168,13,0.0010938590679031152
SLC22A1,0.014217427,20,0.0007108713500201703
EPHB2,0.014215023,20,0.0007107511628419161
ITPK1,0.014199941,15,0.0009466627612709999
APOE,0.0141507955,41,0.0003451413543122571
SH3GL2,0.014143107,34,0.0004159737487926203
SEC61G,0.014137695,14,0.001009835329438959
ITGA9,0.014122715,28,0.0005043826864234038
SLC38A1,0.014107062,18,0.0007837256416678429
CACNA1C,0.014100777,103,0.00013690074742997733
CBSL,0.014087382,29,0.00048577178526541283
TRIB3,0.014057552,23,0.0006111979322588962
CDA,0.014026606,24,0.0005844419356435537
NEDD4L,0.013986338,32,0.00043707306031137705
FGF18,0.013982455,85,0.00016449947348412346
GRIN3A,0.013960412,68,0.00020530017311958706
ATRIP,0.013950261,27,0.0005166763439774513
NDUFA12,0.013945149,18,0.0007747305143210623
AGO1,0.013938188,35,0.0003982339320438249
SPHK2,0.013926488,28,0.000497374583833984
SLC35D1,0.013925265,10,0.0013925264589488505
UBE3A,0.013902709,17,0.0008178064051796408
CD209,0.013878828,11,0.0012617116285996003
GHSR,0.013878146,13,0.0010675497066516143
POLR1F,0.013856641,11,0.001259694637900049
MUC3A,0.013824726,9,0.001536080717212624
CREB3L2,0.013811554,43,0.000321198926242285
IL1RN,0.013807103,12,0.001150591919819514
SLC38A9,0.013769334,20,0.0006884667091071606
MRPL19,0.013749128,8,0.0017186410259455442
PTGDR,0.013726349,21,0.000653635666129135
TULP4,0.013723811,3,0.004574603711565335
DGKE,0.013717181,14,0.0009797986463776656
SCN3B,0.013690581,10,0.001369058061391115
PDHB,0.013688562,42,0.0003259181532831419
NPR2,0.013670473,10,0.0013670473359525203
CAP2,0.013663029,8,0.0017078786622732878
PLK1,0.013642035,66,0.0002066975064349897
PSMB1,0.013619188,36,0.0003783107838696904
TNNI3,0.013589525,61,0.00022277909285220944
BTG1,0.01354707,8,0.0016933837905526161
PARK7,0.013523023,18,0.0007512790357900991
UPP2,0.013493445,17,0.0007937320453279159
TSC2,0.013492259,68,0.00019841557642554536
NHEJ1,0.013491351,7,0.001927335879632405
GADD45A,0.01347434,64,0.00021053655655123293
COL5A1,0.013470297,14,0.0009621640534273215
PELI2,0.013463981,24,0.0005609992270668348
GPR17,0.013450169,13,0.0010346283849615317
MAML2,0.013442379,37,0.0003633075519590764
FASLG,0.01343932,92,0.00014607956551987192
CCL17,0.013419314,13,0.0010322549452002232
ERP29,0.013418158,14,0.0009584398274975163
COX7C,0.013399766,27,0.0004962876232133971
TNFRSF11B,0.013379939,16,0.0008362461812794209
SLC6A1,0.013378681,16,0.0008361675427295268
SGMS2,0.013368484,9,0.0014853870703114404
HLA-DRA,0.013348761,58,0.00023015105197655744
SOD2,0.013343347,32,0.00041697960114106536
KIF3A,0.013341497,24,0.0005558956957732638
C5,0.013329723,31,0.00042999106188935617
F5,0.013310879,46,0.000289366924730332
PIK3R5,0.013290373,41,0.0003241554311499363
CENPF,0.013277177,24,0.0005532156986494859
HCLS1,0.013269931,11,0.0012063573707233775
MYL12A,0.013261024,16,0.0008288139943033457
VNN1,0.013238826,13,0.001018371218099044
PRKCH,0.013237337,32,0.0004136667703278363
FNBP1L,0.013236869,10,0.0013236869126558304
TAL1,0.013224436,9,0.001469381774465243
PFKP,0.01321761,23,0.0005746787090016448
H4-16,0.0131941,95,0.0001388852631575183
RGS12,0.013153199,10,0.001315319910645485
ATG12,0.013152791,21,0.0006263233898651032
KIF1B,0.013151163,9,0.0014612403594785267
GAB1,0.013136328,108,0.00012163266850014527
SLC30A1,0.013102184,8,0.0016377730062231421
ELL,0.01307937,24,0.0005449737654998899
RASA1,0.013061653,58,0.00022520091191961848
FABP1,0.013040989,18,0.0007244993725584613
AASS,0.013034858,15,0.0008689905206362406
SGK2,0.013016262,7,0.0018594660130994661
ACADL,0.0130084315,32,0.000406513485359028
CD163,0.012968121,11,0.001178920099681074
MUC2,0.012951365,13,0.0009962588262099486
HLA-DQA1,0.012928965,44,0.0002938401038673791
GUCY1A2,0.012917561,38,0.0003399358278042392
PDE8A,0.012858101,11,0.001168918287889524
WT1,0.012853728,16,0.0008033579797483981
AMY2A,0.012846281,8,0.001605785102583468
DTX1,0.012834281,10,0.0012834280729293822
NCF2,0.012804853,44,0.0002910193817859346
NDUFV2,0.01278816,19,0.0006730610406712481
IFNGR2,0.012771584,36,0.00035476622482140857
SEC24C,0.012734387,17,0.0007490815923494451
PMAIP1,0.012708645,32,0.0003971451660618186
RAC2,0.012701882,73,0.00017399838423892244
C4BPB,0.012691295,7,0.0018130421106304442
ACOT12,0.012672241,12,0.0010560200704882543
APIP,0.012649005,14,0.0009035003770674978
VIPR2,0.012647369,17,0.0007439628791283159
TNC,0.012636857,25,0.0005054742842912674
MC2R,0.01260678,21,0.0006003228592730704
TUBGCP2,0.012599118,10,0.0012599118053913116
MADCAM1,0.012599049,9,0.0013998943484491771
GLYAT,0.0125957215,12,0.001049643460040291
GLP1R,0.012588605,21,0.0005994573945090884
SLC25A13,0.0125659555,11,0.0011423595926978371
ST6GALNAC2,0.012564668,17,0.0007390981430516523
BBS4,0.012542464,9,0.0013936070932282342
BRD7,0.0125237005,7,0.0017891000690204756
PRC1,0.012508882,7,0.0017869831728083746
TUBGCP5,0.012498746,11,0.001136249608614228
CAMKK2,0.012497005,36,0.00034713902924623754
ACSS3,0.012487665,15,0.0008325109879175822
ALK,0.012483468,32,0.0003901083837263286
JAK3,0.012479731,77,0.00016207442703572187
PRCP,0.012477023,8,0.0015596278244629502
TENT4A,0.012473219,8,0.001559152384288609
PDGFB,0.012466659,76,0.0001640349847117537
TANK,0.01246178,24,0.0005192408182968696
SPEN,0.012449338,10,0.0012449338100850582
PPCDC,0.012440472,8,0.0015550589887425303
WDR19,0.01243001,9,0.0013811122626066208
MGAT4C,0.0124291405,9,0.001381015612019433
CXXC4,0.012427107,8,0.0015533884288743138
ZDHHC21,0.012417222,7,0.0017738889104553632
TNKS2,0.012406649,17,0.0007298028863528196
IL22,0.012403881,12,0.0010336567647755146
PLEKHG4,0.012400393,7,0.0017714847677520343
TEK,0.012400175,23,0.0005391380628165991
TCF12,0.012390531,13,0.0009531177437076202
FGD2,0.0123801455,12,0.0010316787908474605
TNFRSF8,0.012365581,6,0.0020609300894041858
POFUT1,0.012364259,7,0.0017663227128131048
CAP1,0.012350148,15,0.0008233431726694107
CCL3L3,0.012306888,14,0.0008790634040321622
ARHGEF25,0.01230593,15,0.0008203953504562378
PRKN,0.012291943,27,0.00045525713789242283
HLA-DPB1,0.012273682,43,0.00028543447165988215
RHOF,0.012190828,8,0.001523853512480855
ATF3,0.012189581,16,0.0007618488161824644
XDH,0.012168612,42,0.0002897288650274277
ADAM17,0.012166832,58,0.0002097729593515396
HLA-A,0.012132158,53,0.00022890863342667526
SPRED1,0.012116238,13,0.0009320182725787163
DGKI,0.012109643,13,0.0009315109883363431
EFNB2,0.012104218,11,0.0011003834449432113
PPARG,0.012092303,61,0.00019823446808779827
RRAGC,0.01208631,24,0.0005035962676629424
ACSBG1,0.012084892,18,0.0006713828899794155
IL2RB,0.012073469,44,0.0002743970306420868
NOG,0.012055174,14,0.0008610838891140052
SUCLA2,0.012044392,9,0.0013382657327585751
SIKE1,0.01203933,7,0.0017199042652334487
SLC28A1,0.012030271,10,0.0012030270881950855
RNF123,0.0120135695,8,0.0015016961842775345
ALPL,0.012005272,18,0.0006669595734112792
UROC1,0.012002889,7,0.0017146984381335123
RASSF1,0.011997861,12,0.0009998217380295198
STK38,0.011962423,8,0.0014953028876334429
SMUG1,0.011962026,11,0.0010874569416046143
CLDN16,0.011958587,10,0.0011958586983382702
USP13,0.011937776,9,0.0013264195165700382
CHMP4C,0.011935357,18,0.0006630753891335593
IL33,0.011928283,15,0.0007952188452084859
TNFRSF10B,0.011927921,41,0.0002909249103650814
TAC1,0.011920464,16,0.000745029014069587
CYLD,0.011917482,24,0.000496561755426228
CHP1,0.011912246,9,0.0013235829149683316
TNFSF11,0.011910931,25,0.0004764372482895851
EGR1,0.011906119,47,0.0002533216822020551
FCN2,0.011904304,8,0.001488037989474833
RAB32,0.011898529,7,0.0016997898263590677
DOCK2,0.011896673,25,0.0004758669063448906
PPP1R14A,0.011878761,11,0.0010798874057152054
GABPA,0.011874341,8,0.0014842926757410169
VAMP1,0.011855283,8,0.0014819103525951505
ORAI1,0.011851039,24,0.0004937932826578617
PIP5K1C,0.01183712,43,0.0002752818643700245
CTSF,0.011821827,5,0.0023643653839826584
LCN9,0.0118197715,4,0.002954942872747779
MAP2K5,0.011794681,38,0.00031038633498706316
MMP9,0.011774381,69,0.00017064319842535517
ADRA1A,0.0117196245,76,0.00015420558568286267
KCNJ12,0.011710399,17,0.0006888469900278485
RPS6KA4,0.011704448,14,0.0008360319770872593
HTR5A,0.01170136,13,0.0009001046419143677
SLC1A7,0.011679288,11,0.0010617534545334902
CRY2,0.011670489,5,0.002334097772836685
FGFBP3,0.01166706,6,0.0019445099557439487
CYFIP2,0.011659493,31,0.00037611266898532065
SIRT5,0.011657797,7,0.0016653995428766524
PER2,0.011656024,8,0.0014570029452443123
KDR,0.011631674,59,0.00019714701920747757
PGM1,0.011628349,50,0.00023256698623299598
IL1F10,0.011617676,7,0.0016596680507063866
DRD2,0.011605572,27,0.00042983599834971957
NCAM1,0.01158988,23,0.0005039078304949014
CDC7,0.011589795,21,0.0005518950167156401
H1-3,0.011570594,9,0.0012856215859452884
DAB2IP,0.011568546,9,0.0012853940327962239
MRPS21,0.011530945,7,0.0016472778682197844
HLA-DPA1,0.0115251,43,0.0002680255836525629
LAMC1,0.011521197,40,0.0002880299231037498
CNDP1,0.011517504,12,0.00095979201917847
NPY,0.011515689,25,0.0004606275632977486
PLA2G4C,0.011508477,37,0.00031103991676826735
SRGAP1,0.011486593,14,0.0008204709073262555
HES5,0.011474289,25,0.0004589715600013733
B4GALT6,0.011471566,23,0.0004987637309924415
TUFM,0.0114689935,6,0.0019114989166458447
ATG14,0.011460856,13,0.0008816042771706214
PLA2G2A,0.011460116,33,0.0003472762464573889
UGT2B28,0.011449184,21,0.0005451992508910951
HS3ST1,0.011444702,9,0.001271633534795708
RPL21,0.011436782,26,0.0004398762248456478
SLC26A4,0.011436329,8,0.0014295411529019475
RPN1,0.011431039,11,0.0010391853919083421
OR1M1,0.01142762,3,0.0038092068086067834
CD2BP2,0.011396908,6,0.001899484700212876
CBS,0.011393191,45,0.00025318202873071037
RALBP1,0.011389764,26,0.00043806784714643773
MAG,0.0113824615,17,0.0006695565603235189
PHIP,0.011375857,6,0.0018959760976334412
ASCL1,0.011374845,11,0.0010340768335895104
MMP10,0.011358516,9,0.0012620573656426535
GSTA3,0.01135082,17,0.0006676952847663094
OTUB1,0.01134295,5,0.002268590033054352
POU5F1,0.0113278255,15,0.0007551883657773336
CDC25B,0.01131689,25,0.0004526755958795547
HAO1,0.011316199,8,0.001414524856954813
SPAM1,0.0113120675,7,0.0016160096440996443
ASB4,0.011308137,7,0.0016154481896332332
FAH,0.011297523,21,0.0005379772878118924
SUMO3,0.011283894,23,0.0004906040899779485
IRS2,0.011271004,88,0.00012807958674701777
CEBPG,0.011267409,8,0.0014084260910749435
NEFL,0.011260887,22,0.0005118584853004326
GUCA1A,0.011253043,9,0.0012503381197651227
HEYL,0.011248653,16,0.0007030408014543355
PDE4D,0.011225967,35,0.0003207419067621231
CYB5A,0.0112257395,7,0.0016036770705665862
FUCA2,0.011216842,9,0.0012463157375653584
MCOLN2,0.011210596,5,0.002242119237780571
MUC4,0.011208021,9,0.0012453356757760048
AKAP13,0.01117671,22,0.0005080322735011578
EIF3F,0.011175683,15,0.0007450455178817113
STX1B,0.011165888,10,0.001116588804870844
ERBB3,0.011165436,49,0.00022786604810734186
KLHL11,0.011146579,7,0.0015923684196812765
SLC22A3,0.011134706,13,0.0008565158798144414
RSPO4,0.011132255,5,0.00222645103931427
FBXW7,0.011116688,38,0.0002925444247299119
FERMT3,0.011105989,6,0.001850998184333245
MAPK11,0.011100363,176,6.307024424048987e-05
TRPC6,0.011099527,23,0.00048258811559366143
GPHN,0.01109012,11,0.0010081927546045997
NGFR,0.011082271,46,0.00024091893726068994
SLC5A11,0.011072879,7,0.0015818398179752485
TPST2,0.011066829,7,0.0015809755506260054
FCGR3A,0.011057965,28,0.00039492733776569366
HYAL1,0.0110511845,10,0.0011051184497773646
ELOC,0.011037409,49,0.00022525325113413285
HHIP,0.011035105,13,0.0008488542471940701
CDCA8,0.011020767,19,0.0005800403458507438
ELOVL6,0.011001804,12,0.0009168169926851988
HRH1,0.010983699,14,0.0007845499286694187
RPTOR,0.010980431,56,0.00019607912482959882
SSTR2,0.010979983,15,0.0007319988682866097
REST,0.010970718,21,0.0005224151536822319
KIF6,0.010943687,8,0.001367960823699832
CCT8,0.010939196,14,0.0007813711251531329
DCTPP1,0.01093702,5,0.002187404036521912
LYN,0.010931241,113,9.673664890295637e-05
ERBB4,0.010929344,52,0.00021017969657595342
GMNN,0.0109156715,9,0.0012128523861368496
SULT1E1,0.010915465,16,0.0006822165451012552
CDON,0.010885478,12,0.0009071231664468845
MTTP,0.010861899,9,0.0012068776413798332
TFF3,0.010859503,7,0.001551357630108084
TUBG1,0.010851311,18,0.0006028505870037609
TFAP2A,0.010836663,25,0.00043346650898456573
PDGFC,0.010817945,20,0.0005408972501754761
WAPL,0.010806888,12,0.0009005740284919739
AHR,0.010798316,16,0.0006748947780579329
CCL22,0.010781048,11,0.0009800952605225823
SOAT1,0.010773983,33,0.00032648432886961734
NMB,0.010768775,8,0.0013460968621075153
POU4F2,0.010716971,8,0.001339621376246214
SMAD6,0.010708184,25,0.00042832735925912857
SLC6A11,0.010703001,18,0.0005946111761861377
CDC42EP1,0.010699457,11,0.0009726778688755902
RING1,0.010695485,27,0.00039612908882123455
CHRNA5,0.010672295,10,0.0010672294534742831
AP4B1,0.010669614,6,0.0017782690313955147
EDN3,0.01066838,18,0.0005926877881089846
PROK1,0.010642918,7,0.0015204168323959624
GRM3,0.010629026,18,0.0005905014566249318
DNAJC7,0.0106286425,7,0.0015183775020497186
HTR3B,0.010602444,5,0.0021204888820648194
RTF1,0.010599068,10,0.0010599068365991116
DCTD,0.010598488,14,0.0007570348680019379
BBS5,0.010575481,8,0.0013219350948929787
DHRS9,0.010566013,12,0.0008805010778208574
UTS2B,0.010565401,8,0.0013206751318648458
APOB,0.010563142,53,0.0001993045597425047
RORC,0.010552787,12,0.0008793989351640145
NTN4,0.010546819,8,0.0013183524133637547
CNTN1,0.010545473,13,0.0008111902011128572
CTPS1,0.010537324,18,0.00058540686344107
CDH10,0.010537155,6,0.0017561924954255421
NR4A3,0.01052155,10,0.0010521549731492997
ENAH,0.010521494,16,0.0006575933657586575
ARPC5,0.010511161,39,0.0002695169443121323
COLEC11,0.010495733,11,0.0009541575034910983
CETP,0.01048687,14,0.00074906214805586
SC5D,0.010478944,41,0.0002555839899109631
KDM3A,0.010456297,13,0.000804330508869428
TFDP1,0.010455506,57,0.000183429928463802
IGFBP4,0.010431451,7,0.0014902072559509958
HCAR1,0.0104140295,9,0.0011571143857306903
COL4A1,0.010413162,42,0.0002479324383395059
MCCC1,0.0104128085,28,0.00037188601813146045
BMP6,0.010412724,19,0.0005480380924908738
AK3,0.010411362,14,0.0007436687259801797
ALDH1A2,0.010410742,18,0.0005783745501604346
C2,0.010402039,18,0.00057789103852378
NDUFS2,0.010398104,21,0.0004951478026452518
CTR9,0.010390834,10,0.0010390833951532841
GFRA1,0.0103854565,19,0.000546602973420369
ARHGAP42,0.010378677,10,0.0010378677397966385
BNIP3,0.010371542,9,0.0011523935115999645
CASP2,0.010365969,31,0.00033438608290687683
SLC23A2,0.01036389,5,0.002072777971625328
SLC38A3,0.010353733,11,0.0009412484412843531
HCRTR1,0.0103482185,11,0.0009407471357421441
UGGT1,0.010326633,9,0.001147403692205747
UBE2Q2,0.010319494,9,0.0011466104123327467
ANXA2,0.010308767,11,0.0009371606125072999
MCOLN3,0.010302281,5,0.0020604562014341354
NUBPL,0.010300639,6,0.0017167731809119384
SALL4,0.010295328,10,0.0010295327752828597
LPIN1,0.010294709,20,0.0005147354677319527
CHST12,0.010291758,10,0.0010291757993400098
ALDH1L2,0.010281903,6,0.0017136504563192527
TOM1,0.010281023,5,0.0020562045276165007
WDR77,0.010265744,7,0.0014665348987494195
PLB1,0.010265215,17,0.0006038361941190327
RGS9,0.010247464,25,0.0004098985716700554
CNOT6,0.010244582,10,0.001024458184838295
CR1,0.010235747,20,0.0005117873661220074
GRIA4,0.010232261,24,0.00042634422425180674
CYP3A7-CYP3A51P,0.010221809,25,0.0004088723659515381
AVPR1A,0.010220159,14,0.000730011346084731
ACTN1,0.010215834,42,0.00024323413769404093
FBXL7,0.010183288,12,0.0008486073153714339
H4C4,0.01015911,94,0.0001080756353095491
WNT2,0.010141744,43,0.00023585451810165893
DPM3,0.010130201,9,0.001125577837228775
PTPRB,0.010117931,6,0.001686321881910165
NCF4,0.010108005,32,0.0003158751642331481
ITPKA,0.010107502,13,0.0007775001800977266
RPS6KA1,0.0100981165,103,9.803996575110168e-05
SLC2A11,0.010097973,7,0.0014425675783838546
LCK,0.01008191,114,8.84378034817545e-05
CNTRL,0.010072882,22,0.00045785828578201205
RARS1,0.010069856,11,0.0009154414927417582
ITGAX,0.01006595,17,0.0005921147325459649
SMURF1,0.010065892,39,0.0002580997892297231
GGA3,0.010062418,8,0.0012578022433444858
SLC6A5,0.01004574,7,0.0014351056888699532
DHCR7,0.010045541,19,0.0005287127079148041
IRAK3,0.0100251045,7,0.001432157786829131
IFNL1,0.010021383,10,0.0010021382942795754
INPP5D,0.010007048,54,0.00018531570418013466
SLC5A9,0.010003658,7,0.0014290940016508102
CHST1,0.010003196,7,0.0014290280107940947
SLC36A4,0.010000279,8,0.0012500348966568708
PRKCE,0.009982256,67,0.0001489888987879255
KDELR2,0.009977797,13,0.000767522849715673
COL9A1,0.009974812,26,0.0003836466214404656
SLC19A2,0.009959458,9,0.0011066064859429996
ALDH1A1,0.009958126,35,0.00028451787573950633
FCHO2,0.009957117,4,0.002489279257133603
MAPK13,0.009942893,97,0.00010250405091600319
TLR4,0.009939625,82,0.00012121493814558518
MRPS11,0.009938715,7,0.001419816432254655
POLR1A,0.009938428,16,0.0006211517611518502
OR52K1,0.009934131,3,0.0033113770186901093
FANCI,0.00992651,11,0.0009024100039492954
CRK,0.009925193,106,9.363389767284664e-05
LIN7A,0.009921211,9,0.001102356757554743
TCF4,0.009910956,20,0.0004955478012561798
NIPSNAP2,0.009904397,6,0.0016507327867050965
CCKAR,0.009902629,13,0.0007617406976910738
PIK3C2G,0.009882729,22,0.00044921493496407163
ABCG8,0.009881752,18,0.0005489862006571558
HPGDS,0.009875198,18,0.0005486221052706242
ARHGAP23,0.009875074,6,0.0016458456714948018
MX1,0.00986825,13,0.0007590961714203542
DICER1,0.009865373,14,0.0007046695266451154
RAPGEF4,0.009857688,20,0.0004928844049572944
PI4K2B,0.009856818,13,0.0007582167879893229
S100A7,0.009853516,7,0.0014076451105730875
SLC19A1,0.009838075,10,0.0009838075377047062
MAP3K20,0.009835455,4,0.0024588636588305235
PAPSS1,0.009833955,21,0.00046828358123699826
SEMA7A,0.009824926,6,0.0016374876722693443
VAMP3,0.0098206885,26,0.00037771878907313716
PHF20,0.009807074,10,0.0009807074442505837
ECHS1,0.009792329,88,0.00011127646377479488
POLD1,0.009791863,52,0.00018830506059412772
SMYD2,0.009779407,12,0.0008149505592882633
KIF20B,0.009776022,9,0.001086224698358112
GJA1,0.009769014,36,0.0002713615023013618
HSPA4L,0.009756986,5,0.0019513972103595734
REL,0.009755822,31,0.00031470393221224506
TLE1,0.009745979,24,0.0004060824479286869
S100A7A,0.009744133,5,0.0019488265737891198
AGPAT4,0.009737164,12,0.0008114303151766459
FGF5,0.009712449,84,0.00011562439613044262
CHRM5,0.009711705,18,0.0005395391749011145
ST3GAL1,0.009702717,31,0.00031299086948556284
LMBRD1,0.009697912,5,0.0019395824521780014
PTPN12,0.009693973,11,0.0008812702514908531
EZH2,0.009687062,35,0.00027677321008273535
ESD,0.009683459,6,0.0016139098443090916
GABARAPL1,0.009668556,14,0.0006906111458582538
CD33,0.009667056,6,0.0016111759468913078
H2BC5,0.009656873,88,0.00010973718863996592
CD109,0.009651495,7,0.0013787850205387389
CALCB,0.009644056,21,0.00045924074947834015
F7,0.0096437,42,0.00022961190413861048
BABAM2,0.009638615,17,0.0005669773501508377
MYO10,0.009634313,17,0.0005667243043289465
MTMR2,0.0096288975,12,0.0008024081277350584
TTC21B,0.009624137,9,0.001069348512424363
OS9,0.009621754,20,0.00048108771443367004
SNX5,0.009617067,6,0.001602844490359227
CXCL12,0.009616738,52,0.00018493727279397158
NPFFR2,0.009613109,10,0.0009613108821213245
GRM5,0.009606322,30,0.0003202107424537341
GOT1,0.009599897,60,0.00015999828465282918
USP8,0.009569399,21,0.0004556856694675627
AGT,0.009557858,81,0.00011799824826511336
MMP11,0.009548701,5,0.0019097402691841125
AGXT2,0.009545196,15,0.0006363463898499806
HACD4,0.009540994,7,0.0013629991028990065
CLDN24,0.009539464,6,0.0015899105928838253
RAB23,0.009537532,7,0.0013625045706118857
DYNC2I1,0.009533739,8,0.0011917173396795988
DNAJC6,0.009529257,7,0.0013613224561725343
APH1B,0.009526675,37,0.00025747769285698195
LYZ,0.0095260935,7,0.0013608704986316817
SLC2A12,0.009523812,8,0.0011904764687642455
DRD4,0.009522915,21,0.0004534721374511719
ARHGAP45,0.009505036,10,0.0009505036287009716
DPYSL4,0.00950432,5,0.0019008640199899673
MRPL42,0.009496648,6,0.0015827746440966923
LCLAT1,0.009467918,10,0.0009467918425798416
ASB13,0.009464033,7,0.0013520047068595886
CD46,0.0094618555,8,0.0011827319394797087
CLASP2,0.009440057,23,0.000410437259985053
AGAP2,0.009426176,11,0.0008569250560619614
SELP,0.00942081,16,0.000588800641708076
SDC1,0.009411369,37,0.00025436133649703617
DGKQ,0.009409799,13,0.0007238307108099645
CACNA1B,0.009397531,20,0.00046987654641270635
PPP5C,0.009379376,16,0.0005862109828740358
TFAP2C,0.009375806,17,0.0005515179980327101
DLK1,0.009368321,9,0.0010409245474470987
PIM1,0.009365404,14,0.0006689574303371566
DEFB124,0.009363517,5,0.0018727034330368042
HLA-DQB1,0.009338346,43,0.00021717084441767184
CPNE8,0.009323298,8,0.0011654122499749064
CRYBA4,0.009316182,7,0.001330883109143802
TRPM7,0.009300584,9,0.0010333982192807728
IL17A,0.009298183,19,0.0004893780538910313
CNGB1,0.00929604,16,0.0005810025031678379
NRG3,0.009282046,44,0.00021095559085634622
FOLR2,0.009274977,9,0.0010305530288153225
CALCA,0.009268962,24,0.0003862067436178525
MFGE8,0.009259034,10,0.0009259033948183059
EVC2,0.0092574945,8,0.0011571868089959025
ITSN2,0.009256756,7,0.0013223937047379358
KCNJ2,0.009253517,70,0.0001321930970464434
SRSF6,0.009244008,14,0.0006602862849831581
SPP1,0.009221243,47,0.0001961966540585173
RPS29,0.009202352,30,0.0003067450597882271
KCNIP4,0.009186811,4,0.002296702703461051
VAC14,0.009179617,12,0.0007649681065231562
HGF,0.009175863,71,0.00012923750868985351
PDE8B,0.009174458,11,0.0008340416137467731
RBPJ,0.009171222,45,0.00020380494081311755
TEAD1,0.00916875,19,0.0004825657723765624
FGF1,0.009167688,105,8.7311313975425e-05
PHGDH,0.009154148,17,0.0005384793176370509
SMARCA2,0.009150131,18,0.0005083405930134985
WDR33,0.009149378,14,0.0006535270118287631
IDUA,0.009141871,11,0.0008310791613026099
SLC2A2,0.009139998,49,0.00018653056907410524
PLPPR3,0.009137344,6,0.001522890602548917
OR8B3,0.009132582,3,0.0030441939209898314
PGM2L1,0.009120628,16,0.000570039264857769
RAET1E,0.00907903,4,0.0022697574459016323
NOTCH4,0.009077741,31,0.0002928303494568794
GABRB2,0.009059773,16,0.0005662358016707003
CDK5R1,0.009059754,38,0.00023841458421788717
SOCS5,0.009015218,11,0.0008195653049783273
EDEM2,0.009007189,7,0.0012867413461208344
NT5C1A,0.009004866,13,0.0006926819825401673
TRAPPC4,0.008999659,14,0.0006428327677505356
SYT1,0.008994961,24,0.00037479004822671413
KLK8,0.008991906,4,0.0022479766048491
SDC2,0.008985691,40,0.0002246422693133354
OAZ1,0.008969451,6,0.0014949085501333077
CYP1B1,0.008969264,38,0.00023603326592006182
EIF3B,0.008967212,15,0.0005978141600886981
EVL,0.008960234,15,0.0005973489334185918
WHAMM,0.0089588,6,0.0014931332940856616
SFRP2,0.008940908,11,0.000812809829684821
IL17RC,0.008935718,4,0.002233929466456175
UNC13B,0.008934111,13,0.0006872393334141144
CDC5L,0.008926657,5,0.001785331405699253
NOS2,0.008922529,58,0.0001538367139111305
AKR1D1,0.008921758,37,0.00024112860193929156
EGR4,0.008920737,8,0.0011150920763611794
GLP2R,0.0089160325,15,0.0005944021667043368
MRM1,0.008911721,4,0.0022279303520917892
STIM1,0.008907277,16,0.0005567048210650682
DEFB136,0.008907117,5,0.0017814233899116517
DOK4,0.008899018,5,0.0017798036336898805
RNF111,0.008890503,20,0.0004445251543074846
PPT1,0.008885631,8,0.0011107039172202349
ZNF154,0.008868841,4,0.0022172103635966778
STAB2,0.00886765,8,0.0011084562866017222
TLL2,0.008862421,8,0.001107802614569664
FERMT2,0.008850253,9,0.0009833614652355511
MAPKAPK2,0.008847937,81,0.00010923378997378879
TNFSF13B,0.008845862,11,0.0008041692728346044
XCL2,0.008840796,11,0.0008037086914886128
BCAT2,0.00883291,13,0.0006794546229334978
YKT6,0.00883014,21,0.00042048287356183644
LIFR,0.008826356,24,0.0003677648492157459
MCM7,0.008820823,27,0.00032669716273193007
CACNG3,0.008805982,17,0.000517998931600767
LPCAT1,0.008804742,13,0.0006772878651435559
PEMT,0.008800642,15,0.000586709442238013
STX18,0.008799847,7,0.0012571210307734354
ZNF25,0.008788167,4,0.002197041641920805
CHRNA1,0.008787346,13,0.0006759496978842295
CD34,0.008781528,6,0.0014635880167285602
FAM20B,0.008771523,14,0.0006265373501394476
CCN1,0.008770585,13,0.0006746603892399714
SLC25A20,0.008766647,16,0.0005479154642671347
SLC1A5,0.008756658,33,0.0002653532746163282
SLC1A1,0.008752524,41,0.00021347619320561247
NRBF2,0.008750119,10,0.0008750119246542454
SH2B2,0.0087496005,16,0.0005468500312417746
CBLIF,0.008748129,6,0.0014580215017000835
C3,0.008740175,55,0.00015891226516528563
LGALS1,0.008726264,6,0.001454377391686042
DAB2,0.008722569,16,0.0005451605538837612
TNXB,0.008718351,13,0.0006706423770922881
ULBP3,0.00871728,4,0.0021793199703097343
PSAP,0.008704972,20,0.0004352486226707697
EIF4E,0.008702648,70,0.00012432354103241648
OR10A4,0.008700731,4,0.0021751828026026487
NXT1,0.008699009,9,0.0009665565772189035
SLC39A6,0.008674697,9,0.0009638552243510882
CFH,0.00867203,8,0.0010840037139132619
CTBP2,0.008660443,16,0.0005412776954472065
RMI2,0.008652553,23,0.00037619795488274616
CFB,0.008639651,13,0.0006645885654366934
BATF3,0.008636605,5,0.0017273209989070893
NCEH1,0.008621821,8,0.00107772764749825
BRD4,0.008620752,5,0.0017241504043340682
GPX6,0.00861196,17,0.0005065859021509395
THRA,0.008603195,19,0.0004527997225522995
NAT8B,0.008602256,3,0.002867418651779493
DLL3,0.008583882,22,0.0003901764496483586
DNM2,0.008580875,48,0.00017876822190980116
PTPN5,0.008580396,4,0.002145098987966776
ABCA4,0.008567146,6,0.0014278576709330082
OR52M1,0.008557956,3,0.0028526519114772477
ACSL3,0.008555444,39,0.0002193703578832822
TERF2IP,0.008546429,23,0.00037158385890981424
LEMD2,0.008543306,10,0.0008543306030333042
ZNF563,0.008534726,4,0.0021336814388632774
IGFBP1,0.008532432,18,0.00047402399488621287
FBXL19,0.008531462,7,0.0012187803430216654
ARHGAP17,0.008530067,13,0.0006561590215334526
QRFPR,0.0085173305,8,0.0010646663140505552
UGT2B7,0.008511909,35,0.00024319740810564586
UQCRFS1,0.008498934,18,0.00047216300542155903
ENTPD5,0.008497,32,0.0002655312418937683
ARHGEF28,0.008488752,16,0.000530546996742487
PDP2,0.008483702,6,0.0014139503861467044
NOD1,0.008481573,39,0.00021747623880704245
BAIAP2L1,0.008469684,10,0.0008469684049487114
SERPINA4,0.008469672,4,0.002117417985573411
IFT74,0.008462418,5,0.0016924835741519927
UCK2,0.008445923,10,0.0008445923216640949
USP15,0.0084455,11,0.0007677727632901885
SULT1B1,0.008441843,6,0.0014069738487402599
MTDH,0.008436245,3,0.0028120816374818483
RYR3,0.008432222,21,0.000401534361853486
CDH17,0.008420337,7,0.001202905284506934
PI3,0.00840836,6,0.001401393363873164
MTMR6,0.008408073,8,0.0010510091669857502
ACOT13,0.008404233,4,0.002101058140397072
GSTA4,0.008402561,17,0.000494268284562756
GATAD2A,0.008401551,22,0.0003818886947225441
HARS1,0.008386939,10,0.0008386938832700252
EFNA1,0.008386426,18,0.0004659125374423133
RPL38,0.008376594,27,0.00031024421116820087
RNF43,0.008376513,6,0.001396085446079572
MRPS23,0.008370725,6,0.0013951209063331287
IQCE,0.008368196,6,0.001394699327647686
PTPN22,0.008360093,6,0.0013933489099144936
ARCN1,0.008358996,31,0.0002696450439191634
IL37,0.008353848,8,0.0010442310012876987
FRAT1,0.008352392,26,0.00032124585973528714
ACTR5,0.008324211,4,0.002081052865833044
PDE2A,0.008323954,17,0.0004896443775471519
SKI,0.008318992,21,0.0003961424919820967
ITGAL,0.008312037,34,0.0002444716827834354
MT1X,0.00831013,7,0.0011871614094291414
FOLH1,0.008296114,7,0.0011851591989398003
HSD17B12,0.008294705,15,0.0005529803534348805
RAG2,0.008291292,6,0.0013818820007145405
SLC7A5,0.008285072,44,0.0001882970841093497
DEFB1,0.008284376,7,0.0011834822861211641
GPX4,0.008284061,25,0.0003313624486327171
TRIM33,0.00827764,11,0.0007525127042423595
FBP1,0.00827016,30,0.0002756720098356406
NAMPT,0.008255582,18,0.00045864346126715344
KIF2B,0.008229498,26,0.0003165191469284204
ACAN,0.008226542,12,0.0006855451501905918
HLA-DQA2,0.008220915,43,0.00019118406398351803
UBE2D2,0.0082199,32,0.0002568718628026545
LMX1B,0.008217835,5,0.0016435669735074044
CDC27,0.008212039,44,0.0001866372556171634
LRP5,0.008204685,36,0.00022790790535509586
PLEC,0.0081703905,14,0.0005835993215441704
SEMA5A,0.008167851,10,0.0008167850784957409
IYD,0.008159014,6,0.0013598357327282429
NUP210,0.008156779,81,0.00010070097805173309
MYH10,0.008152595,21,0.0003882187995172682
RBCK1,0.008119365,14,0.0005799546571714538
CPSF6,0.008113384,7,0.0011590548924037389
CD8A,0.008087018,19,0.00042563250386401226
DDO,0.0080853235,12,0.0006737769581377506
CLDN23,0.008081231,10,0.0008081231266260147
DNAL4,0.008076483,8,0.0010095604229718447
NDC1,0.008073451,56,0.0001441687678119966
ENPP1,0.008054919,22,0.000366132664070888
RPA1,0.008054025,86,9.365144813823145e-05
CDK6,0.008044916,74,0.00010871508385281304
GLDC,0.008044312,17,0.0004731948103974847
ANKRD27,0.008041204,4,0.002010300988331437
ERBIN,0.0080383085,29,0.0002771830507393541
ALOX5AP,0.008033925,14,0.0005738517668630395
ECE1,0.008004886,10,0.0008004886098206043
THBS2,0.008003586,20,0.000400179298594594
SLC1A2,0.008003278,15,0.0005335518469413122
CYTH1,0.007999971,12,0.0006666642148047686
PAX8,0.007994399,6,0.0013323999010026455
ABCB4,0.00797473,9,0.000886081097026666
YY1AP1,0.007973113,5,0.0015946226194500923
RASGRF1,0.0079663955,31,0.0002569804989522503
GLYATL3,0.007961001,7,0.0011372858924525125
MTHFD1L,0.007942356,15,0.0005294904112815857
SV2C,0.007940986,8,0.0009926232742145658
MYF6,0.0079393955,4,0.0019848488736897707
MYL7,0.007939283,8,0.0009924103505909443
ID4,0.007935796,10,0.0007935795933008194
CYB5B,0.007929026,4,0.0019822565373033285
SLC44A4,0.007925581,9,0.000880620131889979
SLC27A3,0.007921925,7,0.0011317035449402674
AHCYL1,0.007921466,12,0.0006601221393793821
RELN,0.007919652,16,0.0004949782742187381
TBC1D3B,0.00791886,4,0.001979714957997203
ANGPT2,0.00791206,15,0.000527470683058103
MED16,0.007909763,6,0.0013182937788466613
CYP2W1,0.007903856,9,0.0008782062472568618
RIT1,0.00789751,9,0.0008775011325875918
SCN11A,0.007894616,8,0.0009868269553408027
PTPRS,0.007893378,6,0.0013155629858374596
RCC2,0.007882261,18,0.00043790337319175404
COL4A4,0.007881023,38,0.00020739534183552392
CNR1,0.007878576,20,0.00039392882026731966
TRIM3,0.00787818,4,0.001969544915482402
STAT1,0.007875252,170,4.632500931620598e-05
GALNT2,0.007867475,14,0.0005619625028754983
RNF40,0.007865485,5,0.0015730969607830048
DKK2,0.007863233,19,0.000413854361364716
SLC2A7,0.00786304,7,0.001123291440308094
TNFAIP3,0.0078477925,34,0.0002308174255577957
RHPN2,0.007844633,9,0.0008716259358657731
HSD17B7,0.0078393,38,0.00020629736153702987
UBE2V1,0.007837259,57,0.0001374957756253711
AP3B1,0.007835787,9,0.0008706429766284095
IL1R1,0.007835671,46,0.00017034068055774856
GLI3,0.0078281555,31,0.0002525211462090092
TACR1,0.007825288,18,0.0004347382216817803
PPARD,0.007816101,30,0.0002605367141465346
MAD1L1,0.0078068464,26,0.000300263323319646
PPM1E,0.0077926083,5,0.001558521669358015
SH3RF1,0.007791722,11,0.0007083383812145753
CLEC4E,0.0077770813,6,0.0012961802228043477
ITGB8,0.0077742785,22,0.0003533762964335355
CLCA2,0.0077682547,7,0.0011097506753035954
NET1,0.0077678417,15,0.0005178561123708884
ATN1,0.0077647045,5,0.0015529409050941468
PDCD6IP,0.0077635795,13,0.0005971984221385076
GNRHR,0.0077629834,11,0.0007057257673957131
MST1,0.0077611203,12,0.0006467600275451938
OAS3,0.007756804,16,0.0004848002572543919
VRK1,0.0077423747,9,0.0008602638521956073
LGR5,0.0077215587,5,0.001544311735779047
GPLD1,0.0077208285,7,0.001102975503142391
IL10RA,0.007717592,20,0.0003858796088024974
ST8SIA2,0.007712269,15,0.0005141512801249821
ELF2,0.00770903,6,0.0012848383436600368
SULT1C4,0.007706533,6,0.0012844221976896126
PLXNA4,0.0077028754,14,0.000550205386908991
SAR1B,0.007702871,17,0.0004531100721043699
EXOC5,0.007693379,8,0.0009616723982617259
PPL,0.007688838,6,0.0012814730095366638
ARNTL,0.0076861354,13,0.0005912411814698806
PTPRF,0.007681214,11,0.0006982921622693539
CD80,0.007674696,50,0.00015349391847848892
ENTPD7,0.007672169,4,0.0019180421950295568
ZNF212,0.007669554,4,0.0019173885229974985
DDX17,0.0076682335,7,0.0010954619252255984
TUBGCP3,0.0076646497,10,0.0007664649747312069
CRHBP,0.007654896,6,0.0012758160009980202
ENGASE,0.007652263,5,0.0015304526314139366
DEFB112,0.007651493,5,0.0015302985906600953
TCN2,0.007650102,8,0.000956262752879411
PF4,0.0076393113,23,0.00033214396756628287
ENPP6,0.0076268846,6,0.001271147436151902
SDHC,0.007621598,41,0.0001858926332760148
DERA,0.00761994,12,0.0006349950175111493
RAB3IL1,0.0076093227,5,0.0015218645334243775
ZNF274,0.0076028714,5,0.0015205742791295051
GPC1,0.007598208,26,0.00029223876145596686
GSN,0.007591395,26,0.0002919767374316087
MNDA,0.007579985,3,0.0025266616915663085
XCL1,0.0075777504,12,0.0006314791971817613
GNA15,0.007547303,46,0.00016407180658501127
SOST,0.0075378697,10,0.0007537869736552238
HTR3D,0.0075241853,5,0.0015048370696604252
SLC2A10,0.0075229327,7,0.0010747046742056096
FMO3,0.0075155683,16,0.000469723017886281
MAP3K5,0.007503955,53,0.0001415840596101194
GLO1,0.0074941004,13,0.0005764692591933104
TRPM8,0.007487173,5,0.001497434638440609
GAS2,0.0074830377,7,0.0010690053791872092
MPHOSPH10,0.007479527,5,0.0014959054067730903
RPE65,0.0074767703,10,0.000747677031904459
CLDN8,0.007473951,10,0.0007473951205611229
LRP2,0.0074692587,18,0.00041495881871216826
ATP8B1,0.0074603003,7,0.0010657571921391146
C1GALT1,0.007459212,8,0.0009324015118181705
LYPLA1,0.0074587343,11,0.0006780667569149624
GUCA1B,0.007452821,7,0.0010646886990538665
PRMT6,0.007450659,10,0.0007450658828020096
AP2A1,0.0074495114,56,0.0001330269899751459
IGF2R,0.0074442886,14,0.000531734898686409
OLA1,0.0074301935,4,0.001857548370026052
DEFB115,0.007429539,5,0.001485907845199108
EPAS1,0.0074272174,19,0.0003909061809903697
INPP5E,0.0074233264,18,0.0004124070207277934
CCL11,0.0074152844,28,0.00026483158580958843
C4BPA,0.0074094664,8,0.0009261833038181067
SEC23A,0.00740115,16,0.0004625718866009265
ASB2,0.007400756,7,0.0010572508243577822
FZD6,0.007390026,46,0.0001606527391983115
THRB,0.007382788,18,0.00041015490165187255
MVB12B,0.007379336,13,0.0005676412166884312
IL3,0.007378108,47,0.00015698101847095694
PSMB7,0.0073727146,36,0.0002047976271973716
LDHB,0.007372503,18,0.0004095835093822744
IRF6,0.007362225,11,0.000669293190267953
PPA2,0.007355125,7,0.001050732165042843
ABCG2,0.0073437667,26,0.00028245256712230353
ME1,0.0073417956,22,0.00033371798186139625
IL36B,0.007339813,6,0.0012233021358648937
MYLK4,0.0073284074,10,0.0007328407373279333
ACER2,0.0073273247,8,0.0009159155888482928
VDR,0.0073263226,38,0.00019279796336042253
SMARCE1,0.0073235803,20,0.00036617901641875503
CD82,0.007320715,5,0.0014641430228948594
COL6A6,0.0073202867,19,0.000385278247688946
KRT38,0.007317852,5,0.0014635704457759858
ADCYAP1R1,0.0073103793,25,0.0002924151718616486
E2F6,0.007309039,5,0.0014618078246712684
ATP2A2,0.007309009,80,9.136261069215834e-05
INO80,0.007305365,4,0.001826341263949871
UBA7,0.0073017646,20,0.00036508822813630104
ANG,0.007300238,8,0.0009125297656282783
TLL1,0.007299106,8,0.0009123882628045976
GCNT3,0.007289234,8,0.0009111542603932321
CYP24A1,0.0072857104,21,0.0003469385916278476
SLC25A2,0.0072846864,12,0.0006070572029178342
ARHGEF38,0.007280925,8,0.0009101156028918922
KMO,0.0072800107,14,0.0005200007664305824
ATP5MC3,0.0072767623,19,0.00038298748825725754
NOTCH2,0.0072757853,32,0.00022736829123459756
PANK4,0.007273716,6,0.0012122859867910545
ACER3,0.007272253,11,0.0006611138920892369
PRG3,0.0072696125,4,0.0018174031283706427
SLC44A1,0.0072666104,12,0.0006055508662636081
MRPL28,0.0072642346,7,0.0010377477987536363
CCL2,0.0072579053,51,0.00014231186907957583
NDST3,0.0072575677,9,0.0008063964131805631
SLC22A11,0.0072536073,6,0.001208934544896086
PLK2,0.007245126,15,0.00048300841202338535
SP100,0.0072318083,12,0.0006026506889611483
RIMS1,0.0072251386,13,0.0005557798923781285
GPR39,0.0072228597,14,0.0005159185467553991
TMED10,0.007222537,15,0.0004815024634202321
GINS3,0.0072182105,7,0.0010311729274690151
CXCR6,0.007216243,12,0.0006013535894453526
NEDD1,0.0071991077,16,0.00044994422933086753
FSHR,0.007192013,26,0.00027661587899694074
SEMA3E,0.0071875085,8,0.0008984385640360415
MFSD2A,0.007187026,5,0.0014374052174389363
CALML6,0.0071852594,46,0.00015620129061457902
HIKESHI,0.0071707387,4,0.0017926846630871296
CNEP1R1,0.0071650553,6,0.0011941758760561545
UVSSA,0.0071635754,6,0.0011939292307943106
EXO1,0.007161022,28,0.00025575079156884125
KIR2DL1,0.0071587707,6,0.0011931284486005704
MAT1A,0.0071518403,22,0.0003250836479392919
GALNT14,0.007147875,8,0.0008934843936003745
TJP1,0.0071474714,29,0.00024646453174023795
QKI,0.0071216347,6,0.0011869391116003196
SLC16A10,0.0071006496,11,0.0006455136039717631
PAPSS2,0.007098364,20,0.0003549182089045644
NTRK3,0.0070873466,18,0.00039374147955742147
ABCC11,0.007084627,4,0.0017711567925289273
SCN2B,0.007066547,12,0.0005888789116094509
GABRA6,0.0070658443,13,0.0005435264812639126
NRP1,0.0070649176,22,0.00032113261774859643
AKAP1,0.0070634363,6,0.0011772393869856994
PRKCQ,0.0070601124,85,8.306014625465168e-05
NLN,0.0070542847,6,0.001175714113439123
DIO3,0.007048108,11,0.0006407371044836261
MRPS5,0.007046989,7,0.0010067127378923552
FGFBP2,0.007045029,6,0.0011741715328147013
TRPC3,0.007042404,27,0.00026082977031668025
UBE3C,0.007036356,5,0.0014072711579501628
TRIM6-TRIM34,0.0070328135,4,0.0017582033760845661
SNAPC3,0.0070284186,7,0.001004059799015522
ZNF215,0.0070264367,3,0.002342145579556624
CCRL2,0.007025794,8,0.0008782242657616735
CHRM3,0.0070232484,43,0.0001633313571124576
SLC5A10,0.0070216614,7,0.001003094483166933
SLC36A1,0.0070139132,11,0.0006376284767280926
FBF1,0.007012041,4,0.0017530102049931884
USO1,0.007007436,15,0.0004671623930335045
PRKCI,0.0070060086,43,0.00016293043357341788
SEMA5B,0.0070031984,5,0.0014006396755576133
SOCS1,0.0069943774,56,0.00012489959564326064
MYO19,0.006991752,5,0.0013983503915369511
COL4A2,0.006989467,37,0.00018890451237156585
PLA2G2E,0.006985419,24,0.00029105912350739044
H3C6,0.0069823395,71,9.834281050823105e-05
PLEKHG3,0.0069822297,9,0.0007758032944467333
COL28A1,0.0069809193,5,0.001396183855831623
CD28,0.0069804606,51,0.00013687177652529643
NAGLU,0.0069790976,8,0.0008723872015252709
HLA-C,0.006978264,36,0.00019384066884716353
KEAP1,0.0069765104,26,0.00026832732300345716
MYLIP,0.006971121,14,0.0004979372024536133
JUND,0.0069682407,30,0.0002322746906429529
GTF2A1,0.0069670742,25,0.00027868296951055527
IL36A,0.006962492,6,0.001160415355116129
KIF17,0.006952326,9,0.0007724806459413634
CRLF1,0.0069517205,6,0.0011586200756331284
PANK2,0.0069503235,9,0.0007722581633263164
MOCS3,0.0069416557,6,0.001156942608455817
PRKG1,0.006936189,34,0.00020400555256535024
TNFRSF11A,0.0069273105,16,0.0004329569055698812
MRPL9,0.0069081904,7,0.0009868843480944633
SLC11A1,0.00690611,12,0.0005755091551691294
GATA4,0.0069046016,22,0.00031384552659636194
SLC2A9,0.0069045657,7,0.0009863665327429771
STON1,0.00690299,4,0.0017257474828511477
CTH,0.006898624,46,0.00014997008459075639
PRDM9,0.0068951286,9,0.0007661254041724735
PAX5,0.006887387,10,0.0006887387018650771
KPNA7,0.0068859844,5,0.0013771968893706798
SH2B3,0.00688431,17,0.00040495940758024943
PRXL2B,0.0068732435,48,0.00014319257267440358
GPD2,0.006869698,19,0.00036156304964893743
TRIM27,0.0068502706,15,0.00045668470362822215
GPCPD1,0.00684057,8,0.0008550712373107672
ST6GALNAC5,0.006836739,8,0.0008545923628844321
CD40,0.0068359976,35,0.00019531421629445894
ACOX2,0.006832409,37,0.00018465970768719107
STXBP2,0.006829491,6,0.0011382484808564186
DKK1,0.00682802,36,0.00018966721836477518
FARP1,0.00682409,9,0.0007582322383920351
ATIC,0.0068206186,28,0.0002435935228796942
LAG3,0.00681999,4,0.001704997499473393
ARID3A,0.006816149,7,0.0009737356033708368
FBXO11,0.006813671,8,0.0008517088717781007
IDI2,0.006805852,11,0.0006187138232317838
ZNF773,0.0067980345,4,0.0016995086334645748
HNF1A,0.0067657963,13,0.0005204458720982075
GALNT12,0.0067648375,8,0.0008456046925857663
SRP9,0.006754987,5,0.0013509973883628844
C7,0.0067502283,17,0.0003970722558305544
SLC5A8,0.0067419643,13,0.0005186126352502749
LCE2B,0.006738017,4,0.0016845042118802667
TP63,0.006733912,27,0.0002494041497508685
OR10G9,0.006729921,3,0.002243306953459978
RIPK3,0.006728334,31,0.00021704302860363838
KCNAB2,0.0067110937,7,0.0009587276726961136
SCN1A,0.006701573,10,0.0006701572798192501
CBLL1,0.0066942736,5,0.0013388547115027905
PLRG1,0.00668788,5,0.0013375760056078434
SAMHD1,0.0066878367,8,0.0008359795901924372
CISH,0.006677438,22,0.0003035199108787558
SYDE2,0.0066746473,5,0.0013349294662475587
MOCS1,0.0066676317,6,0.0011112719463805358
CASP14,0.0066645266,5,0.0013329053297638893
TNKS,0.0066636596,20,0.000333182979375124
ZNF133,0.0066621746,4,0.0016655436484143138
BRAP,0.0066580577,7,0.0009511510974594525
DAAM1,0.0066553093,19,0.00035027943943676193
H6PD,0.006654924,6,0.001109153963625431
PTCD3,0.006654278,6,0.0011090463182578485
MIA3,0.0066515463,11,0.0006046860309487039
ULK1,0.0066488152,28,0.00023745768703520298
MAPK12,0.0066468935,110,6.042630411684513e-05
GCH1,0.0066456436,15,0.00044304290786385537
KLF5,0.0066449577,7,0.0009492796712688037
MIRLET7I,0.0066324947,5,0.0013264989480376243
RLN2,0.0066317767,16,0.00041448604315519333
RCN1,0.006629,5,0.0013257999904453754
GATA3,0.0066280696,39,0.00016995050156345734
LIPC,0.0066191796,16,0.00041369872633367777
ATG7,0.006618839,20,0.0003309419611468911
PAG1,0.006616289,15,0.0004410859197378159
FXYD4,0.006614672,11,0.0006013338200070641
CRTAP,0.006614518,4,0.0016536294715479016
ABCA1,0.006602311,22,0.00030010504732755095
MAPKAPK3,0.0065984833,48,0.00013746840219634274
SSTR1,0.0065958975,13,0.0005073767298689255
LYPD4,0.0065951142,3,0.002198371415336927
UIMC1,0.006589621,18,0.0003660900466558006
DDAH1,0.006586477,5,0.0013172954320907592
PFAS,0.0065750876,25,0.00026300350204110144
GREB1,0.0065730833,7,0.0009390119064067091
OXSM,0.0065708626,5,0.0013141725212335587
ADRA1D,0.006562691,19,0.0003454047990472693
IL12RB1,0.0065591214,24,0.000273296725936234
UBAP1,0.0065584756,12,0.0005465396291886767
NDUFS8,0.0065549654,19,0.0003449981787094944
MCU,0.0065429644,12,0.0005452470310653249
AGO2,0.0065372977,33,0.0001980999315326864
CPLX1,0.0065324977,11,0.0005938634276390076
NLK,0.006531262,30,0.0002177087279657523
GRIP1,0.0065280013,11,0.00059345466169444
HAAO,0.0065254276,21,0.0003107346461287567
TLR9,0.006521118,36,0.000181142163152496
GLRA3,0.0065175192,4,0.0016293798107653856
YEATS4,0.006516231,9,0.0007240256915489832
FGF14,0.0065121385,13,0.0005009337328374386
CCR9,0.0065113064,15,0.0004340870926777522
CREB1,0.0064995815,240,2.708158960255484e-05
GNLY,0.0064992737,4,0.0016248184256255627
HIPK1,0.006498255,8,0.0008122818544507027
KLHL25,0.006484137,7,0.0009263052738138608
ADD3,0.00648165,8,0.0008102062274701893
TARS1,0.0064803627,7,0.0009257661045661994
PEAK1,0.006462344,6,0.0010770573280751705
IL36G,0.0064610178,7,0.00092300253787211
KIR2DL4,0.0064565167,5,0.0012913033366203307
SYT7,0.0064545865,3,0.002151528839021921
HLA-B,0.0064507667,37,0.0001743450458790805
INPP4B,0.00644628,15,0.0004297520034015179
GABBR1,0.006446201,25,0.000257848035544157
SMC6,0.0064333957,5,0.00128667913377285
ACHE,0.006432721,20,0.0003216360462829471
SELENOS,0.0064307735,6,0.0010717955883592367
ZNF135,0.00642308,4,0.0016057699685916305
DIAPH3,0.006420981,22,0.0002918627790429375
ARHGAP40,0.0064166677,6,0.0010694446197400491
PEX13,0.0064165955,12,0.0005347162950783968
CCNC,0.0064160693,21,0.0003055271116041002
PPP6R3,0.0064159185,13,0.0004935321899560782
SQSTM1,0.0064148093,45,0.00014255131698316998
PRKD2,0.0064140554,10,0.0006414055358618497
ENG,0.006413568,7,0.0009162239730358124
CRP,0.0064034364,10,0.0006403436418622732
RUNX1,0.0063944105,38,0.00016827396068133806
IL7R,0.006394247,29,0.00022049127788893106
RAB17,0.006392579,3,0.0021308596866826215
OR2Y1,0.00638749,3,0.0021291632826129594
RUFY1,0.0063849413,6,0.0010641568806022406
CAMK1G,0.006384813,5,0.0012769626453518867
ASPG,0.006383671,4,0.001595917739905417
NTRK2,0.0063824453,39,0.00016365244459265316
SSTR3,0.0063792965,15,0.0004252864358325799
IFIH1,0.006378593,26,0.00024533049704936834
HPSE,0.006378496,12,0.000531541338811318
GABRG2,0.0063757454,17,0.00037504384732421706
CKM,0.0063569993,7,0.0009081427540097918
NLRP4,0.006355062,7,0.0009078660181590489
RLBP1,0.0063511636,6,0.0010585272684693336
ACKR3,0.0063430923,15,0.00042287282024820646
CHURC1-FNTB,0.0063404464,9,0.0007044940462542905
CES5A,0.006340088,5,0.0012680175714194775
OR5L1,0.0063388254,3,0.0021129418164491653
KRR1,0.0063292217,4,0.0015823054127395153
AGA,0.006318571,7,0.0009026530065706798
TTC8,0.0063080443,8,0.000788505538366735
SPRY2,0.006307984,23,0.0002742601639550665
CD36,0.0062996545,45,0.00013999232194489904
CHST11,0.0062982026,15,0.00041988017037510874
GOLGA5,0.0062924325,5,0.0012584865093231202
SEC24D,0.006292377,17,0.0003701398313483771
DUSP10,0.006290672,12,0.0005242226567740241
PIGU,0.0062830346,5,0.001256606914103031
SDC4,0.0062815235,31,0.00020262979031089815
POLD3,0.006274769,52,0.00012066863620510467
YPEL5,0.0062707895,4,0.0015676973853260279
SPCS3,0.0062704724,9,0.0006967191584408283
SEMA3A,0.006259082,8,0.0007823852356523275
KCNA4,0.006255832,5,0.0012511664070188999
FUT8,0.006255619,12,0.00052130160232385
RIPK2,0.0062522045,60,0.00010420340889443954
SETD6,0.0062516774,4,0.001562919351272285
LTK,0.006250019,4,0.0015625047963112593
PEX14,0.00624696,12,0.0005205799825489521
TTC30B,0.0062427474,5,0.001248549483716488
RBX1,0.0062418683,101,6.180067574328716e-05
CRNKL1,0.0062415125,5,0.0012483024969697
OR5AK2,0.006238199,3,0.0020793996130426726
FCGR2B,0.00623341,13,0.0004794930752653342
HMGA2,0.006233015,10,0.0006233015097677708
TRHR,0.006230225,11,0.000566384077749469
TACR3,0.0062134275,11,0.0005648570473898541
CHRNA7,0.0062105237,16,0.0003881577285937965
DEFA5,0.0062078573,8,0.0007759821601212025
CD2AP,0.0062064906,9,0.0006896100627879301
TXN,0.0062028016,59,0.00010513223044700541
ALDH18A1,0.006202252,8,0.0007752815145067871
NEIL3,0.0061988574,12,0.0005165714537724853
OR51V1,0.006179548,3,0.0020598492895563445
ALDOA,0.006175992,48,0.0001286665016474823
NRIP1,0.0061695944,24,0.0002570664316105346
BLVRA,0.0061594313,16,0.00038496445631608367
F12,0.0061525344,36,0.00017090373310363956
OR4X1,0.0061380835,3,0.002046027841667334
EXOC6,0.0061366586,8,0.0007670823251828551
CYP2R1,0.006136381,14,0.0004383129333811147
RGS10,0.006132809,13,0.0004717545368923591
EIF2AK2,0.006123244,34,0.00018009540679700235
SKIV2L,0.006105629,8,0.0007632035994902253
ATG5,0.006089977,26,0.00023422988418203133
RIC1,0.006086765,7,0.0008695378367389951
IL4R,0.0060774824,28,0.0002170529416097062
ARHGAP25,0.006074553,5,0.0012149105779826642
GNPAT,0.0060711615,14,0.00043365439133984704
HIF3A,0.0060660597,10,0.0006066059693694114
ACTR2,0.006065683,44,0.0001378564312207428
ANK2,0.006064837,14,0.0004332026333681175
SV2B,0.006045841,9,0.0006717601273622778
RRAGD,0.0060452824,24,0.0002518867646964888
ZNF713,0.0060403766,4,0.001510094152763486
CSF2RB,0.0060339747,32,0.00018856170936487615
TRAPPC11,0.006029389,5,0.001205877773463726
B4GALT5,0.006017304,15,0.000401153601706028
SGIP1,0.0060109547,4,0.0015027386834844947
LAMB1,0.006005377,36,0.00016681602897329463
GLMN,0.006001277,5,0.0012002553790807723
COG3,0.005997222,11,0.000545201992446726
PLEKHG1,0.0059969006,6,0.0009994834351042907
SLC5A12,0.005990114,8,0.0007487642578780651
SYMPK,0.0059804046,15,0.0003986936373015245
DHCR24,0.005977133,37,0.00016154413035995253
LRRTM3,0.005971927,3,0.00199064239859581
HPX,0.0059676627,3,0.0019892208899060884
FLRT1,0.0059612957,5,0.0011922591365873814
PINK1,0.0059597935,15,0.00039731956397493683
LCE1F,0.0059589418,4,0.0014897354412823915
NDRG1,0.005953015,13,0.0004579242175588241
MMP24,0.0059488574,5,0.0011897714808583259
RNF146,0.005944726,12,0.000495393838112553
FNTB,0.005941726,10,0.0005941725801676511
CTSL,0.0059348843,36,0.00016485789739009406
ARRB2,0.0059318244,77,7.703668111330502e-05
ADAMTS3,0.005928227,7,0.0008468896017542907
SETD7,0.005926507,10,0.000592650705948472
SYT9,0.005921427,7,0.0008459181657859258
FBXL20,0.005920712,7,0.0008458159863948822
CLCNKB,0.0059200637,4,0.0014800159260630608
SETD3,0.0059175505,4,0.0014793876325711608
LAMA1,0.0059172767,33,0.00017931141580144563
NLRP3,0.0059051723,33,0.00017894461581652814
MED30,0.005904262,6,0.000984043659021457
RHOJ,0.0059034475,8,0.0007379309390671551
DEFB123,0.0059029968,5,0.0011805993504822253
MCHR2,0.0059019327,10,0.0005901932716369628
USP37,0.005898129,4,0.0014745322987437248
DEK,0.005896413,10,0.0005896412767469883
ADAM12,0.005884756,9,0.0006538617631627454
TNFRSF21,0.0058826287,10,0.0005882628727704286
ANP32A,0.005851672,6,0.0009752786718308926
CDK2,0.005847512,128,4.568368603941053e-05
MBOAT1,0.0058412035,11,0.0005310184999623082
IP6K3,0.0058405586,8,0.0007300698198378086
SCN9A,0.0058327112,9,0.0006480790260765287
EFNA3,0.005830721,14,0.0004164800713104861
CYB5R2,0.005824689,5,0.0011649377644062041
DDHD1,0.005822219,5,0.0011644437909126282
BAG5,0.005815043,4,0.0014537607785314322
SP3,0.005813976,12,0.00048449798487126827
SRGAP3,0.0058081127,12,0.0004840093897655606
IL18R1,0.0058030225,19,0.0003054222386134298
HTR3E,0.0058024176,5,0.0011604835279285907
IRS1,0.005801237,112,5.1796760609639545e-05
PLA2R1,0.0057962677,2,0.0028981338255107403
RGS7,0.005790544,16,0.0003619090130086988
NEIL2,0.005785219,10,0.000578521890565753
NDUFS4,0.00578475,19,0.0003044605255126953
OSBP,0.005780587,5,0.001156117394566536
ENPP3,0.005779259,13,0.00044455837744932907
EIF3E,0.005773453,16,0.0003608408151194453
RAP1A,0.0057688765,96,6.0092463778952755e-05
KIF26A,0.0057644467,8,0.0007205558358691633
BPIFA2,0.005763347,3,0.0019211155983308952
THOC5,0.0057614376,9,0.0006401597315238582
SPTBN1,0.0057487777,37,0.0001553723689269375
CCR7,0.0057465956,16,0.00035916222259402275
HFE,0.0057446603,5,0.0011489320546388625
GNA12,0.005743793,36,0.0001595498114410374
SF3B4,0.005739567,7,0.0008199381242905344
CYSLTR2,0.005735489,28,0.00020483889550502812
IGFBP3,0.0057308096,25,0.00022923238575458526
PDE1C,0.0057294415,22,0.0002604291605001146
ARHGAP9,0.005720153,12,0.0004766794154420495
OR4C16,0.005705922,3,0.001901973970234394
SLC6A15,0.005705915,8,0.0007132393657229841
OR52E4,0.0057040555,3,0.001901351846754551
UBE2J2,0.005695286,16,0.0003559553879313171
GCNT4,0.005695286,6,0.0009492143678168455
KDSR,0.005688176,16,0.0003555110015440732
NADSYN1,0.0056830626,18,0.00031572569989495806
TLE3,0.005681997,17,0.0003342351273578756
SLC13A3,0.0056812405,7,0.0008116057807845729
ETNPPL,0.005679072,6,0.0009465119801461697
RPGRIP1L,0.0056789173,6,0.0009464862135549387
ITGA2,0.005660971,44,0.00012865843547677451
RCHY1,0.0056582023,14,0.00040415730992598195
AP1M1,0.0056491895,20,0.0002824594732373953
DNM3,0.005647626,22,0.0002567102624611421
DDC,0.0056381985,41,0.000137517035643502
KCNQ4,0.0056323614,9,0.0006258179330163532
CACNA2D1,0.0056300764,14,0.00040214831408645423
HOMER2,0.0056240708,5,0.0011248141527175903
GDF2,0.0056224344,14,0.00040160245927316803
HIVEP3,0.005621475,5,0.0011242950335144998
ASH1L,0.0056205518,6,0.0009367586268732945
KRT27,0.0056195133,4,0.0014048783341422677
ELOVL4,0.0055947076,10,0.0005594707559794188
SPRR2F,0.0055937115,3,0.0018645705034335454
FYB1,0.0055852067,12,0.00046543388937910396
RARB,0.0055758106,21,0.0002655147885282834
ARHGEF10L,0.0055668014,15,0.0003711200940112273
DHX15,0.0055650016,6,0.0009275002715488275
YEATS2,0.005564213,3,0.0018547375996907551
FLG,0.005558381,3,0.0018527936190366745
HLA-DRB5,0.005551066,40,0.00013877664459869266
RNF213,0.0055452823,9,0.0006161424745288161
NPHS1,0.0055427686,6,0.0009237947718550762
GRM8,0.0055412115,17,0.00032595361528151175
TMBIM1,0.0055403346,3,0.0018467782065272331
RPS20,0.0055398284,30,0.00018466094819207985
SAA4,0.0055377893,3,0.0018459297716617584
NDUFAF2,0.0055366526,7,0.0007909503765404224
ASB18,0.0055312365,7,0.0007901766470500401
OR11H7,0.0055154744,3,0.0018384914534787338
ALDH1B1,0.005507886,38,0.00014494436694995354
USP20,0.005493313,4,0.0013733282685279846
ADSS2,0.0054918374,30,0.00018306124644974867
NANOGP8,0.005488791,2,0.0027443955186754465
KIF4B,0.0054850653,13,0.0004219280985685495
SLC17A1,0.0054748976,4,0.0013687243917956948
FXN,0.005472461,6,0.0009120768712212642
FA2H,0.005469322,6,0.000911553700764974
NBEA,0.005465887,22,0.00024844941005788064
CTNNA2,0.005465339,14,0.0003903813527098724
RNF144B,0.005458548,6,0.0009097580332309008
FPR3,0.005457919,14,0.0003898513636418751
UST,0.0054515274,10,0.0005451527424156666
LEPR,0.0054393937,20,0.0002719696843996644
OR10W1,0.005435987,3,0.0018119956366717815
KRT1,0.005433112,7,0.0007761588453182153
NHLRC2,0.005431938,4,0.001357984496280551
GABRB3,0.0054301512,17,0.00031942066133898846
CYP2F1,0.005419986,19,0.00028526241351899346
LCE2C,0.0054121497,3,0.0018040499029060204
RAB12,0.005408935,7,0.0007727049690272127
RPL30,0.0053890767,28,0.00019246702348547324
STARD3,0.0053867986,8,0.0006733498303219676
PITPNB,0.0053853234,6,0.000897553904602925
ESRRB,0.0053789685,8,0.0006723710685037076
GPC5,0.00536847,18,0.0002982483452392949
WDR41,0.005361744,3,0.0017872480675578117
TFAP2D,0.0053612264,7,0.0007658894839031356
LPA,0.005357219,6,0.0008928698177138964
MIS18BP1,0.0053544147,4,0.0013386036735028028
RHCG,0.0053523267,4,0.0013380816671997309
FGFBP1,0.00534997,8,0.0006687462446279824
ANGPT1,0.0053488296,20,0.0002674414776265621
LRP6,0.005346411,42,0.00012729549780488014
MIA2,0.005345813,8,0.0006682266248390079
OR5AN1,0.00534537,3,0.0017817900516092777
TACC3,0.0053417953,9,0.0005935328081250191
VPS52,0.0053416463,4,0.0013354115653783083
MARCO,0.005335577,4,0.001333894208073616
SOCS7,0.005335285,4,0.0013338212156668305
MAP3K9,0.0053254105,12,0.0004437842095891635
SH3D19,0.0053250296,4,0.001331257401034236
KIFAP3,0.0053247814,13,0.00040959856974390836
KIFC1,0.0053233774,8,0.000665422179736197
APOC3,0.005315437,19,0.00027975984113781075
NARS2,0.005310702,8,0.0006638377672061324
CACNG2,0.0053099045,18,0.00029499469221466116
SLC24A4,0.005306143,5,0.0010612285695970058
UBE2R2,0.0053012324,9,0.0005890258277455965
PTCH1,0.0053010625,28,0.00018932366011930362
CHERP,0.005300179,5,0.0010600358247756958
CATSPER3,0.0052894326,3,0.0017631441975633304
ATP6V1A,0.0052852216,29,0.00018224902129892646
ADGRE1,0.005282103,5,0.0010564206168055534
FANCF,0.0052767517,8,0.0006595939630642533
TNFSF14,0.0052726506,9,0.0005858500695063008
KIZ,0.0052719153,2,0.0026359576731920242
NMT1,0.0052717417,13,0.00040551858882491407
ZNF671,0.005268783,4,0.0013171957107260823
NGEF,0.0052668652,26,0.00020257174037396908
ACTA2,0.00526584,14,0.0003761314188263246
CXCL11,0.0052623716,18,0.000292353978794482
IQGAP2,0.005262044,16,0.00032887773704715073
EIF3H,0.0052610245,16,0.00032881402876228094
LOXL1,0.0052576074,5,0.0010515214875340463
ITGA11,0.0052560703,21,0.00025028906141718227
MAN1A1,0.005251664,15,0.0003501109468440215
KCNC1,0.0052443505,4,0.0013110876316204667
PRCC,0.0052368953,8,0.0006546119111590087
RAB6B,0.0052361498,12,0.0004363458137959242
FPGS,0.005234173,13,0.00040262869487588224
SLC15A2,0.0052290554,5,0.0010458110831677915
TAB1,0.005223653,106,4.92797435243737e-05
PSAT1,0.0051981383,21,0.0002475303952537832
RET,0.0051972927,21,0.00024749012663960457
TNRC6C,0.005196348,32,0.00016238586977124214
TUSC3,0.0051957266,9,0.0005773029600580534
OR7A10,0.005190512,4,0.001297628041356802
P2RY6,0.0051833936,12,0.0004319494667773445
RIPOR2,0.005169943,4,0.0012924857437610626
HPR,0.0051658554,4,0.0012914638500660658
GALNTL6,0.00515865,7,0.0007369500318808215
TNK2,0.0051546916,6,0.0008591152727603912
EDN2,0.005148218,21,0.0002451532387307712
FILIP1,0.0051416485,5,0.0010283296927809716
TRMT61A,0.0051361877,3,0.0017120625513295333
CLDN10,0.005128706,10,0.0005128705874085426
NPTN,0.005122673,4,0.0012806683080270886
MTNR1B,0.0051212837,11,0.00046557124534791166
RASGRP1,0.005119639,40,0.00012799097457900644
KDM4A,0.0051171975,11,0.00046519977463917297
IL9,0.0051128166,21,0.00024346745617332912
ERCC4,0.005111435,16,0.00031946468516252935
IL20RA,0.005108527,9,0.0005676141008734703
NTNG2,0.0051049646,5,0.0010209929198026658
RAB31,0.005104746,11,0.0004640678367154165
MAPKAPK5,0.005104031,24,0.00021266795617217818
AGBL2,0.005098126,3,0.0016993752991159756
SEM1,0.005095781,16,0.00031848630169406533
SLC1A4,0.005094289,18,0.0002830160471300284
OR5D13,0.005093151,3,0.0016977169240514438
HLA-DOB,0.0050892895,29,0.00017549274168137847
MYCN,0.0050819367,3,0.0016939789056777954
RGS4,0.0050818305,13,0.0003909100420199908
NMNAT3,0.0050805165,11,0.000461865131827918
OR52N2,0.0050791996,3,0.0016930665199955304
OSMR,0.005073756,17,0.0002984562340904685
CD74,0.0050720875,10,0.000507208751514554
HLA-E,0.005058228,36,0.00014050633439587223
NCOA2,0.005055758,49,0.00010317873817925551
GABRA1,0.005054961,20,0.00025274804793298247
ADAMTS16,0.0050522396,6,0.0008420399390161037
COL1A2,0.005044883,39,0.00012935597736101883
POLG,0.0050434554,4,0.0012608638498932123
PLEKHA5,0.0050396607,6,0.0008399434542904297
CXCL6,0.005033551,16,0.00031459692399948835
ACVR1,0.0050305557,15,0.00033537037670612336
SEPHS2,0.005021767,8,0.0006277209031395614
UGT2B10,0.0050155236,28,0.00017912584423486675
AZIN2,0.005014715,6,0.0008357857974867026
ZFHX3,0.0050135227,5,0.0010027045384049416
ATP6V0A1,0.0050117318,26,0.00019275891379668162
UBR4,0.0050103716,8,0.000626296445261687
LY96,0.0050088833,40,0.00012522208271548152
FLOT1,0.0050060293,18,0.00027811273725496396
SOCS6,0.0050016837,14,0.0003572631228182997
FER,0.0049994183,9,0.0005554909196992716
SPTLC3,0.004998938,8,0.0006248672725632787
PLPP1,0.0049980297,33,0.00015145544470711187
ITPKB,0.004996568,11,0.0004542334513230757
SERPINA5,0.004992147,5,0.0009984293952584266
RTN4RL2,0.0049913116,3,0.0016637705266475677
PLXNC1,0.004988506,6,0.0008314176617811123
LTA,0.0049851094,24,0.00020771289321904382
OR13J1,0.004983619,3,0.0016612062851587932
MRPL33,0.0049698353,7,0.0007099764687674386
IL2RA,0.004969607,55,9.035649286075072e-05
FAN1,0.004967107,6,0.0008278511619816223
GPD1L,0.0049533676,7,0.0007076239479439599
S100A10,0.004952279,3,0.0016507596398393314
PDS5A,0.004940931,12,0.00041174426830063265
MRS2,0.0049348837,2,0.002467441838234663
BCL3,0.004933973,5,0.0009867945685982705
PLCE1,0.004932386,28,0.00017615663819015026
TMEM132A,0.0049299323,4,0.0012324830750003457
GRB10,0.004925597,28,0.00017591417833630527
EEA1,0.0049248035,5,0.000984960701316595
ACSF2,0.0049227965,5,0.0009845593012869358
RGS18,0.0049224533,13,0.0003786502549281487
HMGCLL1,0.0049128905,10,0.0004912890493869781
SNRPE,0.0049095927,15,0.0003273061787088712
OR52J3,0.0049030827,3,0.001634360911945502
NPY2R,0.00489879,10,0.0004898789804428816
PADI1,0.004896702,3,0.0016322339264055092
OR10A6,0.0048931586,3,0.0016310528541604679
FTO,0.004887732,4,0.0012219330528751016
SLC1A3,0.0048846155,16,0.0003052884712815285
SNAI1,0.0048729517,16,0.0003045594785362482
BAAT,0.0048626848,37,0.0001314239123383084
SNRPB2,0.0048572873,8,0.0006071609095670283
ELMO1,0.0048572565,33,0.00014718959220882618
NADK,0.0048498423,10,0.000484984228387475
IL13,0.0048472225,34,0.00014256536686683402
GALNT3,0.004842879,15,0.00032285858566562334
DSC2,0.0048423815,5,0.0009684762917459011
EVC,0.004839252,8,0.0006049065268598497
CHID1,0.004837013,4,0.0012092532124370337
FSTL1,0.004829742,8,0.000603717751801014
PHACTR2,0.0048193713,4,0.0012048428179696202
OR52E6,0.0048161773,3,0.0016053924337029457
PANK3,0.004813548,7,0.0006876497396400996
IVL,0.0048131384,5,0.0009626276791095733
NKD1,0.004807647,12,0.00040063723766555387
GALM,0.004799388,17,0.0002823169343173504
FOXO6,0.0047956537,19,0.0002524028287122124
GTF2A1L,0.004795163,2,0.0023975814692676067
PEDS1-UBE2V1,0.0047878586,54,8.86640476959723e-05
COL19A1,0.004781307,6,0.0007968845311552286
SYS1,0.004780635,4,0.0011951586930081248
DAP3,0.004765914,7,0.0006808448316795486
OR8B8,0.00476103,4,0.001190257491543889
CDC42SE2,0.004760413,5,0.0009520825929939747
LCE5A,0.0047550434,3,0.0015850144748886426
GBP5,0.004745352,5,0.0009490704163908958
KLK5,0.004736687,3,0.0015788956855734189
TTC5,0.004733947,7,0.0006762781579579626
OR5D14,0.004733923,3,0.001577974297106266
MEIS1,0.0047333697,3,0.0015777898952364922
OR5B17,0.004732562,3,0.0015775207430124283
CWC15,0.0047280416,5,0.0009456083178520202
DNER,0.004722885,9,0.0005247649840182728
CREB5,0.004720149,38,0.00012421444989740849
MYO7A,0.004719018,4,0.001179754501208663
GIPR,0.0047171,16,0.00029481874662451446
KCNJ8,0.0047134697,55,8.569944819266146e-05
TCAP,0.0047108494,3,0.0015702831248442333
TRPM5,0.0047049397,5,0.0009409879334270954
VANGL2,0.0046939435,14,0.0003352816815354994
VAPA,0.004689238,11,0.00042629436674443156
RGS14,0.004678179,13,0.00035985992648280586
PRIM2,0.004677097,30,0.0001559032282481591
AP4E1,0.0046762065,6,0.0007793677505105734
FKBPL,0.004674838,5,0.0009349675849080086
PPFIA2,0.0046746777,10,0.0004674677737057209
CD9,0.0046741953,14,0.00033387109371168274
PPM1B,0.0046717143,7,0.0006673877526606832
PF4V1,0.004671465,3,0.0015571550466120243
CNTNAP1,0.004666242,6,0.0007777069695293903
PTDSS2,0.0046615214,10,0.00046615214087069033
PARD3,0.004658884,21,0.00022185161443693296
GSC,0.0046571475,5,0.0009314294904470444
SIK2,0.004654676,2,0.00232733809389174
MRC1,0.0046524378,11,0.0004229488867250356
CSNK1G3,0.004651815,9,0.0005168683516482512
LIMS2,0.0046483353,4,0.0011620838195085526
RPL37A,0.004635661,26,0.00017829465035062569
KSR1,0.004633046,30,0.0001544348740329345
FAR1,0.0046324925,5,0.0009264985099434852
CCR6,0.004631744,19,0.00024377601221203804
FBN1,0.0046285246,13,0.0003560403576837136
SLC26A2,0.0046260185,15,0.0003084012307226658
NDUFV3,0.0046231323,21,0.00022014915677053587
ADH7,0.004622327,17,0.0002719015978714999
GJD2,0.00461734,5,0.0009234679862856864
KCNF1,0.004616474,3,0.0015388246004780133
SCNN1A,0.004616091,35,0.00013188831508159637
PRICKLE1,0.0046143746,7,0.0006591963714786939
TSC22D1,0.0046124216,4,0.001153105404227972
ACVR2A,0.004602438,20,0.0002301218919456005
VWF,0.0045968555,41,0.00011211842661950646
PDE7B,0.0045963144,9,0.0005107015992204348
CAV1,0.0045863916,75,6.11518882215023e-05
UGT2B4,0.0045863036,28,0.00016379655737962042
ANAPC10,0.004584547,44,0.00010419425300576471
HLA-DOA,0.0045796544,29,0.00015791911824510014
TRIM24,0.004579102,22,0.00020814100703732535
SLC35D2,0.004575178,13,0.0003519367713194627
CR2,0.0045738243,14,0.00032670173927077225
SCNN1B,0.0045699337,33,0.00013848284090107137
ALDH2,0.0045559597,90,5.062177466849486e-05
TNN,0.004554545,10,0.00045545450411736964
ITGA1,0.004551188,46,9.893887149898902e-05
WNT3,0.0045451503,46,9.880761575439702e-05
STRA6,0.004536116,3,0.0015120386766890685
GCC1,0.0045299474,5,0.000905989482998848
ABLIM1,0.0045272065,7,0.0006467437903795924
TMEM186,0.004516219,5,0.0009032437577843666
MYH3,0.004515996,3,0.0015053320676088333
KHDRBS2,0.004515255,4,0.0011288137175142765
GMPS,0.0045117075,35,0.000128905927496297
ABO,0.0044989176,8,0.0005623647011816502
OR56B1,0.0044986056,3,0.0014995352054635684
PPP1R14C,0.0044878945,3,0.0014959648251533508
PLXNA2,0.004484504,11,0.0004076821814206514
ZNF689,0.004481561,4,0.001120390254072845
CLEC4G,0.0044780807,4,0.0011195201659575105
FBXO32,0.00447577,16,0.0002797356282826513
TACR2,0.0044739773,11,0.00040672520514238965
MRPL51,0.0044726105,6,0.000745435090114673
AUH,0.0044704503,25,0.0001788180135190487
RGS5,0.0044694976,13,0.00034380750730633736
KIR3DL2,0.004469178,6,0.0007448630252232155
CYP19A1,0.004461259,33,0.00013518967016628295
OTUB2,0.0044512353,4,0.0011128088226541877
RPL18,0.0044460986,26,0.0001710037915752484
EPS15L1,0.0044419602,10,0.0004441960249096155
OR52K2,0.0044399225,3,0.0014799741717676322
GLB1,0.0044398434,35,0.00012685266722525868
PERP,0.004432628,15,0.000295508528749148
BMP7,0.004429357,28,0.00015819132594125613
MYB,0.0044184276,25,0.00017673710361123084
PTPN1,0.0044097076,45,9.799350260032548e-05
EPHA8,0.004408783,6,0.0007347971356163422
MC5R,0.0044057625,16,0.00027536015841178596
CDH2,0.0044002063,25,0.0001760082505643368
COASY,0.0043987245,9,0.0004887471699880229
UTP25,0.0043964055,4,0.0010991013841703534
JAG2,0.004394072,38,0.00011563347652554512
PIGR,0.004386578,5,0.0008773156441748142
NR2F2,0.0043820655,6,0.0007303442495564619
OR1F12,0.0043793838,3,0.0014597945846617222
PDPN,0.0043787067,3,0.001459568894157807
COL25A1,0.0043772757,7,0.0006253251007625035
FBLIM1,0.004372825,3,0.0014576083049178123
STOM,0.004370485,20,0.00021852424833923578
SLIT2,0.004357821,18,0.00024210115791194968
BCAT1,0.0043486967,32,0.00013589677109848708
HSCB,0.0043451744,2,0.0021725872065871954
RNF20,0.0043192985,11,0.00039266350425102496
MC4R,0.004318012,18,0.0002398895513680246
ULK3,0.004308626,4,0.001077156513929367
SPP2,0.0043042833,8,0.0005380354123190045
TMOD1,0.004299962,4,0.0010749904904514551
ART1,0.0042950376,6,0.0007158395989487568
GALNT13,0.004293534,8,0.000536691746674478
ISG20,0.0042926203,4,0.0010731550864875317
SDCBP,0.0042911726,23,0.00018657272195686465
DIO2,0.0042882566,12,0.00035735471950223047
HERPUD1,0.004285845,3,0.0014286149914065998
SLC35B4,0.004283997,6,0.0007139995383719603
MAP4K4,0.0042827716,20,0.0002141385804861784
SMAD7,0.004281597,39,0.00010978454389633276
NPS,0.004281089,14,0.0003057920839637518
NCR2,0.0042778784,6,0.0007129797401527563
COQ6,0.0042737518,8,0.0005342189688235521
WIF1,0.004265276,18,0.00023695976576871343
NUP35,0.004264767,79,5.398439007657993e-05
TET3,0.004261337,4,0.0010653343051671982
SLC7A10,0.004254991,12,0.00035458259905378026
DAAM2,0.0042498633,2,0.002124931663274765
DLG5,0.0042481255,10,0.00042481254786252975
PCGF5,0.004247897,6,0.0007079828064888716
OR8A1,0.004240037,3,0.0014133456473549206
TSHR,0.0042347373,25,0.0001693894900381565
SMPD3,0.0042313607,12,0.00035261339507997036
IRF5,0.004231218,15,0.00028208118552962936
PLD2,0.0042309794,49,8.634651764010896e-05
CA2,0.0042300224,13,0.00032538634080153244
FOSB,0.004228339,24,0.00017618079436942935
RBM22,0.0042257584,5,0.0008451516740024089
CXCL13,0.004225145,15,0.00028167633960644406
ACP1,0.004218338,8,0.0005272922571748495
HSD17B4,0.004217995,44,9.586351965977387e-05
RPS26,0.0042160507,30,0.0001405350243051847
LCE4A,0.004215953,3,0.0014053176467617352
AEN,0.0042153373,3,0.0014051124453544617
YAF2,0.0042127026,6,0.0007021171040832996
IL5,0.0042030048,50,8.406009525060653e-05
RASSF6,0.00419947,2,0.002099734963849187
BLK,0.0041968995,23,0.0001824738903214102
SESN1,0.004192511,13,0.00032250085272468056
TAF2,0.0041888407,20,0.00020944203715771436
HTR3A,0.004185712,6,0.0006976186608274778
CTDSP1,0.004183554,6,0.0006972590150932471
PSMB2,0.004177454,33,0.00012658951296047732
SEPSECS,0.004169182,7,0.0005955974172268595
THSD4,0.0041630417,5,0.0008326083421707154
IL26,0.004162511,6,0.0006937518094976743
PIP4K2A,0.0041623353,31,0.0001342688807316365
KRT25,0.004160331,4,0.0010400827741250396
TNFRSF18,0.004154342,11,0.0003776674751530994
TFAM,0.004151559,12,0.00034596324743082124
CATSPERG,0.0041463766,3,0.0013821255415678024
NLGN1,0.004142053,7,0.0005917218513786793
IWS1,0.0041333865,5,0.0008266773074865341
RAB25,0.004132445,4,0.0010331112425774336
E2F7,0.0041304855,9,0.0004589428297347493
SPATA13,0.0041292286,9,0.0004588031830887
SMYD1,0.004127956,3,0.0013759853318333626
CYP3A43,0.0041248356,20,0.00020624177996069192
IZUMO1R,0.004124712,5,0.0008249424397945404
MIR302E,0.00412247,2,0.0020612350199371576
SELL,0.0041217,9,0.00045796664845612313
MSX1,0.0041183233,4,0.00102958083152771
ST8SIA1,0.004110875,14,0.0002936339338443109
ARHGAP26,0.0041075326,15,0.00027383550380667053
RAB26,0.0041056275,3,0.0013685425122578938
AGPAT5,0.0041049668,12,0.0003420805636172493
FCER2,0.0041022045,9,0.0004558004956278536
GSTO1,0.004101193,20,0.0002050596522167325
IL4I1,0.004098918,29,0.00014134199390637464
IL20,0.004097834,8,0.0005122292786836624
DYRK2,0.004096539,8,0.0005120674031786621
USP16,0.0040901336,4,0.0010225333971902728
ATP8B4,0.0040888153,6,0.0006814692169427872
TMC2,0.0040860972,4,0.001021524309180677
MSH5,0.0040791836,2,0.002039591781795025
DLG2,0.004077133,21,0.0001941491805371784
WARS1,0.0040649,11,0.00036953635175119746
PER1,0.004063478,6,0.0006772463675588369
RAD23B,0.0040584276,14,0.00028988768878792016
LRSAM1,0.004051878,5,0.0008103756234049797
CAMKMT,0.0040507754,8,0.0005063469288870692
EED,0.0040492443,29,0.0001396291150615133
SEPTIN8,0.004045553,3,0.001348517679919799
OSBPL10,0.0040410296,5,0.000808205921202898
COL21A1,0.0040392773,6,0.0006732128870983919
PLEKHA1,0.0040361625,7,0.0005765946448913642
TRRAP,0.004035634,19,0.00021240178887781344
OR51B4,0.0040335804,3,0.0013445268074671428
PRSS23,0.0040331897,4,0.0010082974331453443
SUMF1,0.004028384,9,0.000447598234232929
PRAG1,0.004023183,5,0.0008046366274356842
SLC39A14,0.0040228614,11,0.00036571466956626284
B4GALNT1,0.004022707,8,0.0005028384039178491
CHST3,0.004021387,10,0.00040213870815932753
UBAC1,0.0040150476,4,0.0010037618922069669
SIGLEC11,0.004014867,3,0.0013382889640827973
CYS1,0.0040130923,5,0.0008026184514164925
DCUN1D5,0.0039993003,3,0.0013331001003583272
ELAC2,0.003998756,7,0.0005712508490043027
CHL1,0.0039976323,6,0.0006662720503906409
TRDN,0.003997435,8,0.0004996793577447534
SNTB1,0.0039968407,51,7.836942506187102e-05
FZD10,0.0039896853,36,0.0001108245924115181
DCK,0.0039884434,17,0.0002346143181271413
IP6K1,0.00398346,8,0.0004979324876330793
HDAC9,0.0039830045,30,0.00013276681614418824
UNC5B,0.0039805383,12,0.0003317115285123388
KNG1,0.003980149,45,8.844775665137503e-05
SARS1,0.0039676772,20,0.00019838386215269564
RAB3GAP2,0.003966705,8,0.0004958381177857518
IDE,0.0039648935,8,0.0004956116899847984
LGMN,0.003963606,8,0.0004954507458023727
SPRR2B,0.0039627086,3,0.0013209028790394466
RAB19,0.003957491,3,0.0013191636341313522
SOX6,0.003950107,7,0.0005643009873373168
GRIK1,0.0039496506,9,0.0004388500625888507
MTMR9,0.003942512,8,0.0004928139969706535
FMNL2,0.0039418098,9,0.00043797886206044094
AK4,0.00394008,11,0.00035818907516923815
CFHR1,0.003939417,5,0.0007878834381699562
TSLP,0.0039378614,5,0.0007875722832977772
IFNL2,0.0039268024,5,0.0007853604853153229
WNT9B,0.003923728,34,0.00011540376855170026
MERTK,0.0039228783,4,0.000980719574727118
NSUN2,0.0039158263,4,0.000978956581093371
GALNT18,0.003911228,8,0.000488903489895165
CSTF3,0.0039107227,13,0.0003008248212818916
SCNN1D,0.0039085574,31,0.00012608249521543904
GHR,0.003907651,24,0.00016281879895056287
SMARCD3,0.0039027531,21,0.00018584538650299822
GRIK3,0.0038937896,9,0.0004326432891603973
MARCKS,0.003893189,8,0.0004866486124228686
PHLDA1,0.0038870256,5,0.0007774051278829575
RNASEL,0.003883217,11,0.0003530197268859907
OAZ3,0.0038823371,4,0.0009705842821858823
NRP2,0.0038708998,13,0.0002977615222334862
OR6N2,0.0038616168,3,0.0012872056104242802
GBA3,0.0038613165,5,0.0007722632959485054
SLC6A9,0.0038571388,7,0.0005510198285004922
EFHD2,0.0038478044,5,0.0007695608772337436
OR6B2,0.0038461823,3,0.0012820607516914606
RUNX3,0.0038432202,23,0.00016709652972286162
SEC16B,0.0038426132,8,0.00048032664926722646
PRKD1,0.0038414677,20,0.00019207338336855174
UGP2,0.0038402511,32,0.00012000784772681072
ARHGAP44,0.0038393992,7,0.0005484855999904019
SSC5D,0.0038387184,3,0.0012795728010435898
GCLC,0.0038357591,42,9.132759822976022e-05
SRP68,0.0038344725,4,0.0009586181258782744
BST1,0.0038310904,17,0.00022535825915196363
FMO1,0.0038269993,12,0.000318916611528645
SERPINB6,0.0038266012,7,0.0005466573139918702
ITGB3,0.0038242668,96,3.9836112894893937e-05
AK5,0.003823419,11,0.0003475835546851158
PARP8,0.0038205783,8,0.00047757229185663164
FBXO5,0.0038185823,15,0.00025457215184966723
CD68,0.0038180635,5,0.0007636127062141896
HLCS,0.0038169753,9,0.00042410836451583437
PDCD1LG2,0.0038038034,6,0.0006339672254398465
NPSR1,0.0038036928,14,0.00027169233986309597
HTR1B,0.0038023933,14,0.00027159952359007936
RPS24,0.0037978142,30,0.00012659380833307903
ST6GAL2,0.0037967914,10,0.0003796791424974799
EPHA1,0.003794151,9,0.0004215723214050134
ZNF568,0.0037913998,4,0.0009478499414399266
RGS6,0.0037902726,16,0.00023689203953836113
DHRS3,0.0037872475,14,0.00027051767600434165
NT5C2,0.0037859841,42,9.014247916638851e-05
ELK3,0.0037852915,4,0.0009463228634558618
OR10K2,0.0037844994,3,0.0012614997879912455
EXOC4,0.0037835569,9,0.000420395207280914
PRLR,0.0037763647,21,0.0001798268917593218
C6,0.0037754334,17,0.00022208431790418485
BCO2,0.0037750932,7,0.0005392990341143948
ADAMTS12,0.0037723375,4,0.0009430843638256192
CIDEC,0.0037711165,3,0.001257038830469052
IRF2,0.003768006,13,0.000289846623602968
ESAM,0.0037600207,4,0.0009400051785632968
KAT2B,0.003752436,66,5.6855091260689676e-05
ARAP2,0.0037460297,14,0.0002675735491460988
LCE1D,0.0037454325,4,0.0009363581193611026
PARVA,0.0037412099,9,0.000415689984543456
PIGK,0.0037388955,5,0.0007477791048586368
MLXIP,0.0037356606,3,0.0012452201917767525
OR10R2,0.0037350506,3,0.0012450168530146282
ATP6V1G3,0.0037326082,24,0.00015552534023299813
CDH3,0.0037304386,9,0.00041449318329493207
USP1,0.003726191,8,0.0004657738609239459
CDH6,0.0037212265,9,0.0004134696080452866
NPY1R,0.0037199585,13,0.00028615065205555695
ZIC2,0.0037181182,4,0.0009295295458287001
IRF2BP1,0.0037180253,1,0.0037180252838879824
USP3,0.0037174548,4,0.0009293637122027576
PDE4C,0.0037164881,14,0.00026546343828418424
ATP5MC2,0.003715442,20,0.00018577210139483213
ATG2B,0.0037122183,7,0.0005303168935435158
OLFM4,0.003710901,3,0.0012369669663409393
SLC19A3,0.0037105305,7,0.000530075780781252
TRIM14,0.0037071197,4,0.0009267799323424697
LRPPRC,0.0037040915,4,0.0009260228835046291
SPRR2A,0.003703186,3,0.0012343953518817823
HUS1,0.0036966174,26,0.00014217759375102245
COL18A1,0.0036959623,15,0.00024639748347302277
GPR18,0.0036950046,8,0.00046187557745724916
LTBR,0.0036946798,11,0.00033587998371909964
CPSF2,0.0036881526,16,0.00023050954041536897
GALNT11,0.0036834269,9,0.000409269653674629
GABRA4,0.0036755619,14,0.0002625401331377881
IL1R2,0.0036734515,19,0.00019333955194605025
ARID5B,0.0036696752,6,0.0006116125344609221
CARD8,0.0036664668,9,0.0004073852000551091
GMFG,0.003662693,3,0.0012208976938078802
ZNF564,0.0036541028,4,0.0009135256987065077
PIGP,0.0036534027,5,0.0007306805346161127
TFAP2B,0.0036508557,15,0.00024339038257797558
ARSJ,0.0036492785,8,0.0004561598179861903
PFDN4,0.0036488369,6,0.0006081394773597518
INTS7,0.0036469526,3,0.0012156508552531402
KMT5A,0.0036446098,18,0.00020247832354572084
SEC11C,0.0036429882,9,0.0004047764620433251
GAN,0.003639412,7,0.0005199160160762924
CCL1,0.0036385115,14,0.0002598936802574566
DLC1,0.003638364,12,0.00030319699241469306
NUDT7,0.003637607,7,0.0005196581395076853
CHST6,0.003630184,7,0.0005185977289719241
ADORA1,0.0036285054,24,0.0001511877247442802
NAA35,0.0036220737,4,0.0009055184200406075
TYRP1,0.0036183402,8,0.00045229253009893
ELAVL1,0.0036092843,17,0.00021231084075920721
MMUT,0.0036087853,39,9.253295735479929e-05
TJP2,0.0036087318,18,0.00020048509921050735
XYLT1,0.0036080456,14,0.00025771754527730603
RPL3,0.0036049741,26,0.0001386528512319693
GPAM,0.0036040957,35,0.00010297416177179132
ZNF668,0.0036040684,3,0.0012013561402757962
IL34,0.0036022959,6,0.0006003826468562087
KYNU,0.003600556,14,0.00025718256698123047
GOSR2,0.0035989562,14,0.0002570682970274772
RHOU,0.003598729,5,0.0007197457831352949
ZP3,0.0035904152,4,0.0008976038079708815
F3,0.003582488,41,8.737775724290347e-05
ANKRD9,0.003582105,3,0.001194035013516744
ASIP,0.0035775471,3,0.001192515715956688
IQCB1,0.0035759732,5,0.0007151946425437927
MAF,0.0035743627,17,0.00021025663077393
P2RY13,0.0035741369,12,0.0002978447397860388
FH,0.003572847,35,0.00010208134273333209
EFNA4,0.0035708179,13,0.0002746782982005523
CYP27C1,0.0035694924,3,0.001189830790584286
ACTR3C,0.0035693564,9,0.0003965951554063294
IL12RB2,0.0035684074,20,0.00017842036904767156
CUL9,0.0035616616,3,0.0011872205262382824
NMS,0.0035599167,8,0.0004449895932339132
HTR2A,0.0035537912,21,0.00016922815259368647
CMAS,0.0035446694,14,0.00025319066896502463
TSKU,0.00354433,1,0.003544329898431897
DNAJA4,0.003542005,3,0.0011806683614850044
PDE4A,0.0035404884,14,0.000252892030403018
TRIM46,0.0035389154,4,0.0008847288554534316
VAPB,0.0035324951,17,0.00020779383040088063
SGPP2,0.0035312574,16,0.0002207035868195817
NF2,0.0035312534,15,0.000235416895399491
RIN2,0.0035284336,6,0.0005880722698445121
BPIFB4,0.0035268893,3,0.0011756297511359055
DOCK4,0.0035248373,13,0.0002711413320727073
NTN1,0.0035193714,16,0.00021996071154717356
HIP1R,0.0035156056,5,0.0007031211163848639
SOSTDC1,0.0035136468,3,0.0011712155925730865
KCNK2,0.0035134384,10,0.0003513438394293189
PLEKHG4B,0.0035127243,5,0.0007025448605418206
SLIT1,0.0035108493,11,0.000319168119775978
PABPC1,0.003506427,24,0.00014610112217875818
TAS1R2,0.0035042285,8,0.00043802856816910207
ZNF485,0.003503446,3,0.0011678153338531654
ATG4C,0.0034964553,4,0.0008741138153709471
PTGER4,0.0034955917,27,0.00012946635898616578
FAF1,0.003494555,6,0.0005824258162950476
SLC15A3,0.0034942771,4,0.0008735692827031016
OR5AR1,0.0034920787,3,0.0011640262479583423
TEC,0.003484972,28,0.00012446328764781356
MMP15,0.0034800707,7,0.000497152962322746
HYKK,0.003478082,4,0.0008695204742252827
UTP15,0.0034772058,5,0.0006954411510378122
MYO1G,0.0034768975,1,0.0034768974874168634
DNAJC19,0.0034766386,2,0.0017383192898705602
ANO9,0.0034717973,3,0.0011572657773892085
POLN,0.00347169,5,0.0006943379994481802
BCL2L14,0.0034699035,8,0.0004337379359640181
SLC44A5,0.0034604594,9,0.0003844954901271396
RPL24,0.003455841,26,0.00013291696086525917
POLR3A,0.0034483941,14,0.0002463138662278652
OR2J1,0.003447937,4,0.0008619842701591551
RNF7,0.0034387812,14,0.0002456272320289697
SPTSSA,0.003435233,5,0.0006870465818792582
USH1C,0.003435143,5,0.0006870286073535681
MEX3C,0.0034333882,4,0.0008583470480516553
CAMKK1,0.003433333,26,0.00013205126966707982
TRMT44,0.003425681,3,0.0011418936774134636
HS3ST4,0.0034235225,8,0.00042794030741788447
TBC1D4,0.0034206791,11,0.00031097083013843405
ALDH1L1,0.0034182486,13,0.0002629422009564363
GDF6,0.0034148844,13,0.00026268341865103977
SRSF3,0.003414498,14,0.00024389271025678942
APC2,0.003405016,22,0.00015477345071055672
VCAM1,0.003404271,33,0.00010315973001221816
EEFSEC,0.0034029074,4,0.0008507268503308296
EXOC2,0.0034022182,12,0.00028351818521817523
IFT27,0.0033933488,8,0.00042416859650984406
PPP6R1,0.0033914687,8,0.00042393358307890594
MTRR,0.0033887718,13,0.00026067475286813884
CALU,0.0033879555,10,0.00033879554830491544
SLC4A7,0.0033804707,14,0.00024146219116768667
SCN3A,0.0033791051,9,0.0003754561249580648
GABRB1,0.0033678024,15,0.0002245201574017604
TRIM39,0.003367755,4,0.0008419387741014361
PDE4B,0.0033594072,16,0.00020996294915676117
GALNT1,0.003358426,21,0.00015992504943694388
CCL19,0.0033540612,15,0.0002236040774732828
GGA1,0.0033537457,7,0.0004791065252252987
RAP1GAP,0.0033535743,11,0.0003048703921112147
BARD1,0.0033481978,35,9.566279394286019e-05
SPTLC2,0.0033472967,17,0.000196899807847598
FRS3,0.0033470765,32,0.00010459613986313343
CFAP298,0.003340927,1,0.0033409269526600838
OR2AG2,0.0033408972,3,0.0011136323834458988
SEMA3B,0.0033360384,2,0.0016680192202329636
ADCYAP1,0.0033338214,24,0.00013890922612821063
RAB44,0.0033333995,6,0.0005555665896584591
GSTCD,0.0033302822,1,0.0033302821684628725
ADAMTSL3,0.0033292663,4,0.0008323165820911527
PDHA2,0.003325266,21,0.00015834600309885683
DOK5,0.0033188944,7,0.00047412777452596596
BCO1,0.0033134846,10,0.0003313484601676464
DDAH2,0.003312281,4,0.0008280702750198543
MON1A,0.0033121589,4,0.0008280397159978747
OR2B3,0.0033073141,4,0.0008268285309895873
GADL1,0.0033065982,8,0.0004133247712161392
PRRC2C,0.0033052287,1,0.0033052286598831415
HLA-DMA,0.0033049919,31,0.00010661264100382405
SPOPL,0.0033045178,5,0.0006609035655856133
SLC16A7,0.0033038554,8,0.0004129819280933589
ABLIM2,0.0033024747,6,0.0005504124565050006
HLA-DQB2,0.0033022475,18,0.00018345819424009987
CSGALNACT2,0.0033017984,11,0.00030016348781910807
KLRC4,0.0032995811,2,0.0016497905598953366
HAUS6,0.0032988356,16,0.00020617722475435585
DLGAP4,0.0032978319,3,0.001099277287721634
FCAMR,0.0032972947,2,0.0016486473614349961
NIPBL,0.0032960447,5,0.0006592089310288429
ANO4,0.0032959157,3,0.0010986385556558769
GLG1,0.0032894195,4,0.0008223548647947609
ADRA2A,0.0032843838,21,0.0001563992284770523
FIG4,0.0032836818,16,0.0002052301133517176
DR1,0.0032814643,3,0.0010938214448591073
TAF4,0.0032814392,21,0.00015625900899370512
LCE2A,0.0032794601,3,0.0010931533761322498
P3H2,0.003271223,4,0.0008178057614713907
MBD6,0.0032705402,4,0.0008176350384019315
TLR5,0.0032704563,18,0.00018169201858755614
CHSY3,0.0032697024,11,0.00029724567535925996
P2RY1,0.0032689574,19,0.000172050387941693
TMIGD3,0.0032645226,14,0.00023318018897303512
LMO1,0.0032637697,5,0.000652753934264183
ANXA1,0.0032607524,17,0.00019180896582410615
WWC1,0.0032603364,7,0.00046576233580708504
RORA,0.0032474687,22,0.0001476122151044282
KCTD6,0.0032448936,16,0.00020280585158616304
OR52E8,0.0032439602,3,0.0010813200691094
METTL7A,0.0032386119,3,0.0010795372848709424
TNFRSF13B,0.003234039,10,0.0003234039060771465
ATF6,0.0032309021,15,0.00021539347556730112
OR2J2,0.0032301922,4,0.000807548058219254
OR4A47,0.0032298309,3,0.001076610293239355
ARHGAP22,0.0032271957,7,0.00046102795749902725
PRUNE1,0.003226377,1,0.0032263770699501038
DGKB,0.0032240574,13,0.00024800441371133696
PPIF,0.0032216043,11,0.0002928731158714403
SYNE2,0.003220806,3,0.001073601966102918
LRP8,0.0032177716,12,0.0002681476374467214
PCSK5,0.0032155276,9,0.0003572808475130134
ZNF544,0.0032131518,4,0.0008032879559323192
NMNAT2,0.003212295,13,0.0002470996159200485
ALPK1,0.0032056693,3,0.001068556448444724
HMGA1,0.0032043085,26,0.00012324263270084673
SEMA6C,0.003201683,2,0.0016008415259420872
OR9G4,0.0032009794,3,0.0010669931458930175
ASIC5,0.0031964171,4,0.0007991042803041637
MGAT5,0.0031959047,8,0.0003994880826212466
SULT2B1,0.003195415,13,0.00024580115524048987
ALDOB,0.0031910217,30,0.00010636739122370879
MYO9B,0.0031863216,17,0.00018743068144163664
KMT5C,0.003186034,5,0.0006372068077325821
HNF1B,0.0031843758,2,0.0015921879094094038
MAP1B,0.0031811553,5,0.0006362310610711575
LINGO1,0.003175764,8,0.00039697051397524774
RCAN2,0.003173586,4,0.00079339649528265
CCNG1,0.003173478,14,0.0002266769962651389
ARHGAP15,0.0031733508,7,0.0004533358317400728
PLEKHG5,0.0031728968,15,0.00021152645349502562
PDE6A,0.0031714498,17,0.000186555868233828
SHISA5,0.003170971,6,0.0005284951766952872
SLC17A7,0.0031680458,14,0.00022628898399748972
FBN2,0.0031674323,3,0.0010558107557396095
IL7,0.0031647352,25,0.00012658940628170967
OR4C6,0.0031642937,3,0.001054764570047458
KDM4B,0.003163883,11,0.0002876257269897244
TBCE,0.0031612378,3,0.0010537459359814723
ESPN,0.0031602609,4,0.0007900652126409113
AGBL3,0.0031586243,3,0.0010528747613231342
MIR181C,0.0031579921,3,0.0010526640495906274
SALL1,0.0031511376,5,0.0006302275229245424
PBX1,0.0031491239,14,0.00022493741874183928
DBNL,0.0031479637,15,0.00020986424448589484
TPRKB,0.0031465604,3,0.0010488534656663735
DCC,0.0031452663,19,0.0001655403328569312
FBXW2,0.0031432516,11,0.0002857501491565596
SLC16A3,0.0031430372,16,0.0001964398252312094
TAF15,0.0031383028,21,0.00014944299168529964
FLT1,0.0031334846,38,8.246012179082946e-05
LILRA1,0.0031331838,5,0.0006266367621719837
MARK1,0.0031324215,2,0.001566210761666298
MIR4491,0.0031320367,1,0.003132036654278636
HGS,0.0031315354,47,6.662841212559254e-05
FIBP,0.0031263132,2,0.0015631566056981683
CYP7B1,0.003120611,24,0.0001300254565042754
DSE,0.0031185434,9,0.00034650482444299594
ATP13A2,0.003117044,4,0.0007792609976604581
MT1HL1,0.0031114873,4,0.0007778718136250973
CP,0.003110894,15,0.00020739293346802394
LAT,0.0031088642,49,6.34462078463058e-05
IRF1,0.003102321,29,0.00010697658430656483
KCNJ6,0.0030961544,22,0.00014073429205878213
NNT,0.0030945812,8,0.00038682264857925475
KIAA0586,0.0030929693,2,0.0015464846510440111
RNF34,0.0030912333,11,0.00028102121061899447
MYBPC1,0.0030909758,3,0.0010303252687056859
CARD14,0.0030829483,2,0.0015414741355925798
MAN2A1,0.0030810474,13,0.00023700364937002843
TRIT1,0.003076614,4,0.000769153528381139
TG,0.0030751936,4,0.000768798403441906
PHLPP1,0.003068469,8,0.0003835586248897016
RHOBTB3,0.0030673707,7,0.0004381958195673568
KCNH1,0.003064836,3,0.0010216119699180126
ZNF697,0.003064541,3,0.0010215136377761762
THRAP3,0.0030594543,3,0.001019818087418874
HTR1E,0.003057599,14,0.0002183999334062849
HRNR,0.0030564724,3,0.0010188241334011157
NUB1,0.0030493082,3,0.0010164360670993726
DGKD,0.0030443864,13,0.00023418356879399373
NEK6,0.0030374853,9,0.0003374983660048909
CPN2,0.0030346923,4,0.0007586730644106865
LORICRIN,0.0030329002,3,0.001010966720059514
TLR10,0.0030306068,7,0.0004329438254769359
ADGRG6,0.0030273364,3,0.0010091121463725965
MIR30B,0.0030259986,2,0.001512999297119677
ZNF770,0.0030241956,3,0.0010080651845782995
LY6G6F,0.0030236628,4,0.0007559157093055546
ROR2,0.0030230554,17,0.00017782678718076031
MYSM1,0.0030220496,4,0.0007555123884230852
UPF1,0.00302149,6,0.0005035816769426068
CPB2,0.003019401,12,0.00025161675876006484
ABCC9,0.0030179978,59,5.1152505675109764e-05
MUCL1,0.003017586,9,0.00033528732860253914
ATP11A,0.0030166414,7,0.00043094876621450694
ABCC12,0.003015583,1,0.0030155829153954983
DNAJB4,0.00301486,1,0.003014859976246953
WLS,0.0030080108,3,0.0010026702657341957
IFNL4,0.0030010676,1,0.003001067554578185
ZNF678,0.0030001267,3,0.00100004222864906
IL16,0.002997472,13,0.0002305747654575568
UQCC1,0.0029919476,2,0.0014959737891331315
FRK,0.002991854,9,0.00033242822003861267
HERC4,0.0029840476,5,0.0005968095269054174
WIPF3,0.002979309,21,0.00014187186025083065
GPR161,0.00297859,7,0.00042551286917712005
VAT1,0.0029776297,3,0.0009925432192782562
DGKH,0.002975348,13,0.0002288729167328431
OMA1,0.0029751216,4,0.0007437804015353322
DHX37,0.0029725707,4,0.0007431426784023643
ZNF875,0.002971405,4,0.0007428512326441705
EVA1A,0.002968742,4,0.0007421855116263032
B2M,0.0029682445,35,8.480698535484927e-05
LRFN2,0.0029646615,3,0.0009882204855481784
SLCO3A1,0.0029645828,6,0.00049409712664783
UGT2A2,0.0029643225,15,0.00019762149701515834
STOML1,0.0029630081,1,0.002963008126243949
KIAA0319,0.0029593625,4,0.0007398406160064042
IPMK,0.0029571224,16,0.00018482015002518892
ABL2,0.0029555855,23,0.00012850371675322884
MED4,0.0029549669,6,0.0004924944757173458
VMP1,0.0029519945,2,0.001475997269153595
MUC5B,0.0029514397,12,0.0002459533085736136
TIMM21,0.0029508108,2,0.0014754054136574268
PFKFB4,0.0029459472,12,0.0002454956023332973
BBS12,0.002945558,2,0.0014727789675816894
SLC39A8,0.0029426278,11,0.00026751161468299955
F2RL3,0.0029399022,20,0.00014699511229991912
CMKLR1,0.0029396953,5,0.0005879390519112349
SLC24A5,0.0029257764,4,0.0007314441027119756
LIPG,0.0029250677,8,0.0003656334592960775
RHBDD2,0.0029229424,1,0.0029229423962533474
KDM4C,0.00291764,11,0.00026523999192497945
GMDS,0.0029174169,13,0.00022441668149370415
CFI,0.002915981,8,0.00036449762410484254
ADAMTS1,0.0029122548,9,0.00032358386346863373
LRRFIP2,0.0029119435,2,0.0014559717383235693
HSD17B13,0.0029111216,3,0.0009703738614916801
SLC26A1,0.0029094403,12,0.00024245335953310132
KCNK6,0.002907842,7,0.0004154059902897903
ACAP2,0.0029076338,2,0.0014538168907165527
CIITA,0.0029033667,10,0.0002903366694226861
SORBS1,0.0029014042,9,0.0003223782405257225
KDM5A,0.0029013555,3,0.0009671185010423263
UHRF1BP1L,0.0028882497,5,0.0005776499398052693
PAX2,0.002887232,7,0.000412461713754705
KLK3,0.002886463,17,0.00016979193862746745
ZNF189,0.0028844902,4,0.0007211225456558168
OSBPL5,0.0028840313,6,0.00048067187890410423
POP4,0.0028728999,5,0.0005745799746364356
SLC26A3,0.0028727674,21,0.0001367984472640923
RAB38,0.0028682621,9,0.0003186957910656929
OR10D3,0.0028673203,3,0.0009557734398792187
OR2S2,0.0028659767,4,0.0007164941634982824
SYT11,0.0028573528,5,0.0005714705679565668
ASAP2,0.0028533665,8,0.0003566708182916045
ACVR1C,0.0028510257,10,0.000285102566704154
SLC6A19,0.0028502343,12,0.00023751952297364673
SPON1,0.002849394,5,0.0005698787979781627
OR10A2,0.0028489477,4,0.0007122369133867323
RGMA,0.0028467085,10,0.000284670852124691
CCNA1,0.0028459595,81,3.513530253168241e-05
SDCCAG8,0.0028441937,18,0.00015801076208137802
NUF2,0.0028405036,18,0.0001578057546996408
RIIAD1,0.0028393427,1,0.0028393426910042763
CRTC3,0.002837591,1,0.002837591106072068
PPFIA4,0.0028358027,10,0.0002835802733898163
COL11A2,0.0028336314,11,0.0002576028504832224
CD58,0.0028319517,7,0.00040456453072173256
OPN4,0.0028282208,8,0.0003535276046022773
KIF16B,0.0028273643,8,0.00035342053161002696
GRM7,0.0028236387,17,0.00016609639586771235
CD53,0.002822897,3,0.0009409656437734762
ABI1,0.0028211642,33,8.548982441425323e-05
NOS1,0.002818541,53,5.318001703411903e-05
TUB,0.002817214,2,0.0014086070004850626
KCTD3,0.0028153048,5,0.0005630609579384327
TBPL2,0.002806561,6,0.00046776017795006436
TPD52L1,0.002804933,4,0.0007012332789599895
IL20RB,0.002804586,9,0.0003116206628166967
UBXN4,0.002800816,1,0.002800815971568227
DCTN4,0.0027958974,16,0.00017474358901381493
ARHGAP32,0.002795048,19,0.00014710779252805208
UBE2E1,0.0027930718,48,5.8188995656867824e-05
FXYD7,0.0027923135,10,0.0002792313462123275
PTTG1,0.0027918036,17,0.00016422373900080428
ARL4C,0.0027888166,4,0.0006972041446715593
CDH8,0.0027849427,7,0.00039784896320530346
PTPRC,0.0027815704,32,8.69240757310763e-05
CDK12,0.0027810128,5,0.0005562025588005781
BTG2,0.0027809453,13,0.000213918867162787
PKP2,0.0027796596,7,0.0003970942260431392
PRKAR2A,0.0027783222,87,3.193473796649226e-05
MGAM,0.0027778877,18,0.00015432709672798714
MATN1,0.0027777893,3,0.0009259297512471676
IL15RA,0.0027747296,16,0.00017342060164082795
HHAT,0.0027654285,7,0.00039506121538579464
IKBKE,0.002764076,53,5.215237725455806e-05
CDH4,0.0027637368,9,0.00030708186224930815
ANK1,0.0027590974,17,0.00016229984569637214
COL24A1,0.0027578443,6,0.0004596407137190302
PPP2R2A,0.002756117,31,8.890699715383591e-05
WASF3,0.0027545495,25,0.00011018197983503342
GRM6,0.002753086,17,0.0001619462307323428
DYNC2H1,0.0027529097,11,0.00025026451542296195
CXCR5,0.0027517483,15,0.00018344988736013573
CD244,0.002750827,3,0.0009169423331816992
AEBP2,0.0027490458,9,0.0003054495383467939
SLC4A3,0.0027471827,4,0.0006867956835776567
ROBO4,0.0027468512,2,0.001373425591737032
PCDH7,0.002744112,10,0.00027441119309514763
FMO4,0.0027404183,5,0.0005480836611241102
EYA2,0.002739805,4,0.0006849512574262917
JAML,0.0027303002,6,0.00045505003072321415
PDK4,0.0027275893,12,0.0002272991114296019
EPB41L3,0.0027262785,8,0.00034078481257893145
COX16,0.0027235674,2,0.001361783710308373
TMPRSS6,0.0027224023,4,0.0006806005840189755
ACBD6,0.002722283,5,0.0005444565787911416
FBXO7,0.0027215313,7,0.00038879018809114186
MDGA2,0.0027182614,3,0.0009060871476928393
SUCLG2,0.0027137864,26,0.00010437640146567271
KCNB1,0.0027137399,4,0.0006784349679946899
CEMIP,0.0027130682,5,0.0005426136311143636
DRD3,0.0027104516,20,0.00013552258023992182
RXFP1,0.002706885,18,0.0001503825058332748
JARID2,0.002700719,7,0.000385817007294723
GPX3,0.0026995377,22,0.00012270625765350732
CLEC12A,0.002695793,3,0.0008985976843784252
YBX3,0.002694003,3,0.000898001017048955
OR10G4,0.0026929895,3,0.0008976631797850132
KCNN1,0.002687267,5,0.0005374534055590629
ST6GALNAC3,0.002686105,18,0.00014922805389182435
UFL1,0.0026860777,4,0.0006715194322168827
ACTR3B,0.0026857175,9,0.00029841305998464424
CADM1,0.0026709149,8,0.00033386435825377703
EZH1,0.0026708578,3,0.0008902859408408403
SERPINB2,0.002667767,9,0.00029641855508089066
WWOX,0.0026602657,11,0.0002418423325500705
OR6K6,0.0026599122,3,0.0008866374070445696
TAP1,0.002654885,19,0.00013973078641452288
CRMP1,0.002653925,5,0.00053078499622643
PPARGC1B,0.0026509895,17,0.0001559405560221742
AQP9,0.0026493731,7,0.00037848187743553093
KCNA2,0.0026428145,3,0.0008809381785492102
PTPRZ1,0.0026426937,8,0.0003303367120679468
GRK5,0.0026395766,16,0.00016497353499289602
KLHL2,0.002638208,7,0.00037688685448041985
PLSCR1,0.0026369886,2,0.0013184943236410618
GPIHBP1,0.0026367812,14,0.00018834151394133057
CLEC2B,0.0026367267,4,0.0006591816782020032
GARRE1,0.0026342492,8,0.0003292811452411115
ZFP1,0.0026331278,4,0.0006582819623872638
PTPN2,0.0026258598,18,0.0001458811004542642
PTBP2,0.0026238598,3,0.0008746199309825897
CAVIN1,0.0026237578,11,0.00023852343755689535
FPR2,0.002623625,19,0.0001380855315609982
STX7,0.0026231164,2,0.0013115581823512912
MSI2,0.002621264,7,0.0003744662805859532
RNF126,0.0026190626,4,0.0006547656375914812
EHD3,0.0026180216,4,0.0006545053911395371
B3GAT2,0.002608686,12,0.0002173904989225169
ZNF627,0.0026079824,4,0.0006519955932162702
ESPNL,0.0026047635,4,0.0006511908723041415
PKP1,0.0025990547,12,0.00021658789288873473
LINC02352,0.0025986796,1,0.0025986796244978905
MTERF1,0.0025953935,4,0.0006488483631983399
SLC37A2,0.0025949166,5,0.0005189833231270313
ERP44,0.002594858,3,0.000864952647437652
CDC42EP5,0.002593193,7,0.000370456138625741
SLITRK1,0.0025893636,3,0.0008631212015946706
MYH14,0.0025885082,20,0.00012942540924996138
THSD7B,0.0025871655,4,0.0006467913626693189
ABCC4,0.0025747411,30,8.582470472902059e-05
DNAAF3,0.002571228,1,0.0025712279602885246
NBAS,0.0025687136,5,0.0005137427244335413
ZNF423,0.002566855,7,0.0003666935621627739
CHST2,0.0025646454,9,0.0002849605969256825
CCR3,0.0025627776,30,8.54259201635917e-05
OPA1,0.002561068,4,0.0006402669823728502
CLK2,0.0025601445,1,0.0025601445231586695
RGS17,0.002555032,14,0.00018250228770609413
LCE1E,0.0025507382,4,0.0006376845412887633
LRP1,0.0025481728,19,0.0001341143598485934
MBD2,0.002545948,6,0.00042432465124875307
AMY1C,0.0025429118,15,0.00016952745305995147
CCR4,0.0025414703,17,0.00014949825537555357
FCGR2A,0.0025404675,29,8.760232895869633e-05
NCK2,0.002540253,42,6.0482216732842585e-05
ZCRB1,0.0025399807,13,0.00019538313007125488
OAS2,0.0025371898,17,0.00014924645588240202
SAG,0.0025365467,6,0.00042275777862717706
CD300LF,0.0025347108,3,0.0008449036007126173
SPARCL1,0.002530947,4,0.0006327367736957967
GUCY1B2,0.0025304179,12,0.00021086815589418015
OR10T2,0.0025223417,3,0.00084078055806458
DNAH5,0.0025216297,4,0.0006304074195213616
MYL6,0.0025200087,22,0.00011454585050656037
PROS1,0.002519793,22,0.00011453605045310475
DNAH9,0.0025190574,3,0.0008396857883781195
UQCRC1,0.0025187265,19,0.00013256455330472243
FOSL2,0.0025114184,8,0.0003139273030683398
HOXD1,0.0025092731,1,0.002509273122996092
UAP1,0.0025092275,15,0.0001672818325459957
ZNF767P,0.002503257,3,0.0008344190039982399
PGLYRP3,0.0025020961,3,0.0008340320394684871
KLF2,0.0024986602,7,0.0003569514623710087
FBXW12,0.0024984379,7,0.00035691969761891026
WASHC4,0.0024965084,1,0.002496508415788412
FXYD3,0.0024955883,10,0.0002495588269084692
EPHB1,0.0024939177,11,0.00022671979174695232
ANO6,0.0024924835,6,0.0004154139120752613
CST5,0.0024873018,3,0.0008291006088256836
HS3ST3A1,0.002484511,9,0.00027605676506128575
AUTS2,0.0024844492,5,0.0004968898370862007
KMT2A,0.0024828,14,0.00017734286042728594
SERINC5,0.0024780338,3,0.000826011256625255
MBIP,0.0024747658,4,0.0006186914397403598
ANXA5,0.002473339,7,0.00035333413896816116
ZNRF3,0.0024722905,5,0.000494458107277751
CTNNA3,0.0024708265,10,0.0002470826497301459
ICOS,0.0024690945,20,0.0001234547235071659
ELOVL7,0.0024690942,7,0.00035272774818752496
EHD4,0.002463415,2,0.0012317075161263347
CCNG2,0.0024627289,9,0.0002736365422606468
FLG2,0.0024625603,3,0.0008208534369866053
ETNK2,0.0024618816,11,0.0002238074190575968
HYDIN,0.0024601624,1,0.0024601623881608248
KNTC1,0.0024536664,18,0.00013631480073349344
ETV6,0.0024473066,10,0.0002447306644171476
HTRA1,0.002447103,3,0.0008157009724527597
RSPO3,0.002443798,10,0.00024437978863716124
LMO4,0.002443671,3,0.0008145569978902737
INHBA,0.0024430624,23,0.00010622010323340479
GC,0.002441545,5,0.0004883090034127236
MBL2,0.0024413199,14,0.0001743799907022289
FMO2,0.0024394307,9,0.00027104785355428856
PEX5L,0.0024389029,1,0.0024389028549194336
MBD4,0.0024381327,10,0.00024381326511502266
COL7A1,0.0024371915,20,0.00012185957748442889
RNF152,0.0024363145,5,0.0004872628953307867
SHANK3,0.002435493,11,0.00022140845910392025
FAM13A,0.002432779,7,0.0003475398490471499
HS6ST3,0.0024305861,9,0.0002700651271475686
OVGP1,0.00242481,3,0.0008082700272401174
HNRNPAB,0.0024206326,2,0.0012103163171559572
PSMB9,0.002420232,27,8.963821973237727e-05
P4HA2,0.00242001,9,0.000268890005018976
ANO7,0.0024181504,3,0.0008060501422733068
MDH1,0.00241382,29,8.3235172747538e-05
PLCH2,0.002407079,9,0.0002674532329870595
TAS2R38,0.0024051962,8,0.0003006495244335383
TNFRSF10D,0.0024042784,17,0.00014142813982770722
ZNF181,0.002403024,1,0.002403023885563016
ZNF682,0.0024018886,4,0.0006004721508361399
SELENBP1,0.0024013857,2,0.0012006928445771337
KALRN,0.0024012884,25,9.60515346378088e-05
SLC16A12,0.002400384,2,0.0012001920258626342
KLRB1,0.0023967973,4,0.0005991993239149451
NAGK,0.0023935891,20,0.00011967945611104369
PNLIPRP1,0.0023930164,15,0.00015953442392249901
RNGTT,0.0023927973,16,0.00014954982907511294
GAK,0.002391708,5,0.00047834161669015887
TRIM10,0.0023909493,4,0.0005977373220957816
GP1BA,0.0023890368,18,0.00013272426763756407
EPHA5,0.0023830836,7,0.0003404405101069382
B3GALNT1,0.0023820824,7,0.0003402974855686937
HSPH1,0.0023789497,11,0.000216268151151863
CXCL5,0.0023786486,17,0.00013992050662636757
PUM2,0.0023754742,2,0.001187737099826336
ANKH,0.0023714206,3,0.0007904735393822193
EPHA4,0.0023713186,11,0.00021557442166588524
IL23R,0.00236523,12,0.00019710249034687877
CAPN10,0.0023642986,3,0.0007880995205293099
OPRK1,0.0023640376,18,0.000131335419913133
EXT1,0.0023625465,11,0.00021477695554494858
ADAMTS18,0.0023607796,6,0.00039346325987329084
CDH5,0.0023604294,18,0.00013113496566398276
CDH18,0.002357172,6,0.000392862013541162
SYN2,0.0023565367,6,0.0003927561144034068
APOA5,0.002343022,9,0.00026033578130106133
PLCH1,0.0023414905,11,0.0002128627701577815
SCIN,0.0023410646,6,0.0003901774374147256
TIMD4,0.0023394907,1,0.0023394906893372536
DET1,0.002338368,5,0.00046767359599471093
IFI30,0.0023354592,7,0.00033363703239176957
KLF4,0.00233067,19,0.00012266683686328563
TTC23,0.0023269025,1,0.0023269024677574635
PLPPR4,0.002324181,6,0.00038736348506063223
KCNJ1,0.002315654,6,0.0003859423256168763
ECI2,0.0023130376,14,0.00016521697398275137
ZNF516,0.0023119182,3,0.0007706393953412771
LINC-ROR,0.0023112681,1,0.0023112681228667498
RASGRP3,0.0023112183,20,0.00011556091485545039
REG3A,0.002311079,4,0.0005777697660960257
DSEL,0.0023094884,5,0.0004618976730853319
EDC3,0.0023085647,4,0.0005771411815658212
WIPI1,0.002304687,11,0.0002095169938084754
ZWINT,0.002301609,18,0.00012786716171022918
GBGT1,0.0023013286,1,0.002301328582689166
MECOM,0.0023011493,13,0.0001770114848533502
TCTN2,0.0023006306,6,0.0003834384260699153
EPB41L2,0.0022987418,4,0.0005746854585595429
MYO3B,0.002297962,4,0.0005744905211031437
ADAMTS5,0.0022956603,10,0.00022956603206694126
PRDM1,0.0022931343,12,0.00019109452841803432
AP1S3,0.0022884626,17,0.00013461544671479394
NRG1,0.0022843345,55,4.153335466980934e-05
C1GALT1C1L,0.0022841182,2,0.0011420591035857797
HOXA2,0.0022832528,5,0.00045665055513381957
ATXN2L,0.0022831836,4,0.0005707959062419832
CDH9,0.0022784118,6,0.0003797352934877078
ATP10A,0.0022753507,8,0.00028441884205676615
SLIT3,0.0022736108,8,0.000284201349131763
CACNA1I,0.0022730154,13,0.000174847341930637
OSBPL6,0.00226832,5,0.00045366398990154266
TET2,0.002266948,4,0.0005667370278388262
JMJD1C,0.0022630463,4,0.0005657615838572383
PDP1,0.0022625537,5,0.00045251073315739633
GPR1,0.002262125,1,0.002262125024572015
ATXN3,0.002255994,12,0.00018799949126938978
RHOD,0.0022554693,9,0.0002506077030880584
FBXL3,0.0022535108,12,0.0001877925630348424
IRF8,0.002252806,11,0.00020480054345997897
HGFAC,0.0022526693,4,0.000563167326617986
CTSO,0.0022474215,5,0.00044948430731892584
MAP3K8,0.002245887,55,4.0834308178587395e-05
FCAR,0.0022402368,5,0.00044804736971855165
STAM,0.0022398545,33,6.787438002048117e-05
GRIK2,0.0022372825,10,0.00022372824605554342
SSR2,0.002233714,4,0.0005584285245276988
CACNB4,0.0022336235,18,0.00012409019594391188
AGBL4,0.0022279248,3,0.0007426415880521139
COL11A1,0.002227682,10,0.00022276819217950105
ARHGAP39,0.0022238183,19,0.00011704307000495886
NKX3-1,0.0022234714,5,0.0004446942824870348
SLAMF6,0.0022203252,4,0.0005550812929868698
ATG16L1,0.0022196923,10,0.0002219692338258028
B3GNT2,0.0022160257,13,0.00017046351702167437
GAD2,0.0022154346,27,8.205313201027888e-05
CTSH,0.0022124283,9,0.0002458253616674079
ST3GAL6,0.0022028675,19,0.00011594039633085853
OR51L1,0.0021986677,3,0.0007328892437120279
CLDN18,0.002198434,10,0.0002198433969169855
ME3,0.0021923222,9,0.000243591351641549
PIWIL1,0.0021889238,4,0.0005472309421747923
IRAG1,0.0021880334,6,0.0003646722373863061
SERPINB9,0.0021872886,3,0.0007290961996962627
RNF220,0.0021867624,4,0.0005466906004585326
SFTA3,0.0021847296,2,0.0010923647787421942
MUC21,0.0021844227,9,0.00024271363185511695
CACNA1G,0.0021808783,65,3.355197393550323e-05
DIO1,0.0021778985,12,0.0001814915449358523
GPAT3,0.0021772431,10,0.0002177243120968342
ITGBL1,0.0021767132,5,0.0004353426396846771
COL16A1,0.0021764166,9,0.00024182406357593008
TMEM30A,0.0021740496,3,0.0007246832052866617
ETS1,0.0021706098,33,6.57760538160801e-05
DENND2B,0.0021676887,4,0.0005419221706688404
ARHGAP8,0.0021668987,28,7.738923886790872e-05
RBMXL2,0.0021617475,1,0.002161747543141246
GBP4,0.0021592756,5,0.00043185511603951456
TRIM72,0.0021582905,2,0.0010791452368721366
SND1,0.002158163,8,0.0002697703894227743
NCL,0.002158029,8,0.00026975362561643124
GPR65,0.002156046,7,0.0003080065694770643
NDUFAB1,0.0021536874,24,8.973697549663484e-05
LSM4,0.0021536495,9,0.00023929438450270228
CELSR2,0.0021534734,2,0.0010767367202788591
KCNC2,0.002152778,3,0.0007175926584750414
SLU7,0.0021500906,9,0.00023889896045956347
FGD4,0.002150012,15,0.00014333412982523442
COL26A1,0.0021479898,7,0.0003068556876054832
NRN1,0.0021434568,4,0.0005358642083592713
ALDH8A1,0.0021414724,5,0.00042829448357224466
P4HA3,0.0021373136,17,0.0001257243292296634
PPRC1,0.0021372314,5,0.0004274462815374136
FUT1,0.0021371602,13,0.00016439693550077768
CPEB1,0.0021370715,3,0.0007123571510116259
APOBEC1,0.0021367061,4,0.0005341765354387462
ADAMTS14,0.0021365054,7,0.00030521506310573647
CHRAC1,0.0021355834,1,0.002135583432391286
PECAM1,0.002134653,20,0.00010673265205696225
HS6ST1,0.0021311822,9,0.00023679802608158853
BACE2,0.0021306712,1,0.0021306711714714766
IL18RAP,0.002128497,12,0.0001773747499100864
ATP9A,0.0021256865,3,0.000708562166740497
PJA2,0.0021209298,4,0.0005302324425429106
CASP5,0.002120912,6,0.0003534853458404541
CD83,0.0021173416,3,0.0007057805390407642
SRPK1,0.002116299,3,0.0007054330005000035
OR5V1,0.0021143435,4,0.0005285858642309904
C9orf72,0.0021139157,4,0.0005284789367578924
PADI3,0.0021133516,3,0.0007044505327939987
IKZF3,0.002113069,2,0.0010565344709903002
RGS16,0.0021102608,17,0.00012413298656397005
TRIM9,0.0021088081,4,0.0005272020353004336
TRPV3,0.002107309,5,0.0004214617889374495
TECTB,0.00210679,3,0.0007022633217275143
LILRB2,0.0021052735,7,0.00030075336274291786
RASA2,0.0021042621,13,0.0001618663171449533
SDF2L1,0.0021020055,14,0.00015014325202043568
SYN3,0.0020973617,6,0.00034956028684973717
GREM2,0.0020957764,5,0.00041915527544915675
IFI16,0.0020931,6,0.00034884999816616374
RPL22L1,0.0020910725,25,8.364289999008179e-05
CCND2,0.0020908404,52,4.0208468607698495e-05
VPS37A,0.002084631,13,0.00016035623132036283
CACNA1S,0.0020838203,36,5.788389696843094e-05
NMU,0.0020832473,9,0.0002314719216277202
PIBF1,0.002082766,3,0.0006942553445696831
ABCB5,0.0020818734,3,0.0006939577870070934
SARM1,0.0020814482,7,0.00029734974460942406
PRR5,0.0020803267,26,8.001256411751875e-05
SEMA6D,0.0020769958,8,0.0002596244739834219
LCE1B,0.0020742086,3,0.0006914028587440649
PPP1R3A,0.0020732726,4,0.0005183181492611766
USP45,0.0020713103,4,0.0005178275750949979
DUSP16,0.0020682625,15,0.00013788416981697083
TREML2,0.0020671962,3,0.0006890653943022093
KATNA1,0.0020666185,1,0.0020666185300797224
SBDS,0.0020663228,1,0.002066322835162282
CD48,0.0020638225,4,0.0005159556167200208
FJX1,0.002062105,1,0.002062105108052492
ARSA,0.0020611743,20,0.0001030587125569582
CNTN6,0.0020605316,8,0.0002575664548203349
GABRR1,0.0020551514,10,0.00020551513880491258
FGF12,0.002054819,5,0.0004109637811779976
CLPB,0.0020517115,1,0.0020517115481197834
RMND5A,0.0020502696,1,0.002050269627943635
DTNBP1,0.0020482484,4,0.0005120621062815189
PXMP4,0.0020466126,3,0.0006822041856745878
ZNF771,0.0020461795,3,0.0006820598306755225
APBA1,0.0020450337,9,0.0002272259702699052
NMBR,0.0020430211,10,0.00020430211443454028
MST1R,0.002040991,7,0.0002915701562804835
HS3ST3B1,0.0020408838,9,0.00022676486211518446
ADA,0.0020402446,35,5.829270396913801e-05
CFAP410,0.002039166,1,0.002039165934547782
FOXK1,0.002038306,4,0.000509576522745192
NDST4,0.0020370805,9,0.00022634227449695268
SLC10A6,0.0020353934,3,0.0006784644598762194
OR5M1,0.0020343517,3,0.000678117231776317
CACNA1E,0.0020306897,11,0.00018460815772414207
DCUN1D1,0.0020291787,3,0.0006763928880294164
MRPS6,0.0020279053,7,0.0002897007590425866
BCL6,0.0020255807,20,0.0001012790366075933
RNLS,0.0020214252,6,0.00033690419513732195
BPNT2,0.00202047,10,0.00020204700995236636
OCA2,0.0020182545,3,0.0006727514943728844
MSH2,0.0020177087,19,0.0001061951962152594
MOXD1,0.0020175525,2,0.0010087762493640184
CWC22,0.0020161169,4,0.0005040292162448168
ZNF316,0.0020149865,1,0.0020149864722043276
OR2V2,0.002012606,3,0.0006708686705678701
ETV5,0.002012296,8,0.0002515370142646134
EPS8L2,0.002006169,4,0.000501542235724628
B9D2,0.002003715,23,8.711803947453913e-05
GPR15,0.0020036083,11,0.00018214620649814606
FABP6,0.0019990972,14,0.00014279265555420091
DPF1,0.0019971174,4,0.000499279354698956
SLC9C2,0.0019970357,3,0.0006656785650799671
HHEX,0.0019921206,6,0.0003320201067253947
MSX2,0.0019914017,7,0.0002844859513321093
GATB,0.0019891686,2,0.0009945842903107405
ARHGAP18,0.001989092,6,0.00033151532988995314
COX10,0.0019871176,12,0.00016559313129012784
MRPS33,0.0019814596,6,0.0003302432596683502
UVRAG,0.0019780614,4,0.0004945153486914933
MUC19,0.0019764472,9,0.00021960524221261343
RDH13,0.0019755512,5,0.00039511024951934817
MGMT,0.0019726737,6,0.00032877894894530374
CHST10,0.0019653526,8,0.0002456690708640963
PKHD1,0.0019645381,9,0.00021828201392458545
RGS8,0.001964391,10,0.00019643909763544798
NUTF2,0.0019638427,1,0.001963842660188675
TDGF1,0.0019637775,6,0.00032729624460140866
NPAS2,0.0019627688,7,0.0002803955493228776
TMPRSS4,0.0019607036,2,0.0009803518187254667
LCE3D,0.0019593807,3,0.0006531268979112307
MMP16,0.0019587593,6,0.00032645987812429667
CHDH,0.0019576957,19,0.000103036615703451
MAGOH,0.0019549557,15,0.00013033038315673668
CCDC59,0.0019543846,2,0.0009771923068910837
SH3BP2,0.0019542049,5,0.0003908409737050533
LALBA,0.001951497,8,0.00024393713101744652
NCR3,0.0019503813,4,0.0004875953309237957
PNN,0.0019490782,2,0.000974539085291326
RNF14,0.0019478159,6,0.00032463597987468046
CTDSP2,0.0019475069,4,0.0004868767282459885
OR6P1,0.0019466133,3,0.0006488711029912034
ANO5,0.0019453459,3,0.0006484486317882935
MED24,0.0019450978,6,0.00032418296905234456
PPP1R12C,0.0019440439,6,0.00032400731773426134
BTG4,0.001943669,1,0.0019436690490692854
HOXA9,0.0019431949,2,0.0009715974447317421
ERRFI1,0.001941984,3,0.0006473280179003874
GRAP2,0.001941573,26,7.467588427691505e-05
CRBN,0.0019409986,4,0.00048524964950047433
NUPR1,0.0019405877,2,0.0009702938259579241
CR1L,0.0019394121,7,0.00027705886999943426
LCE2D,0.0019386173,3,0.0006462057741979758
SFTPD,0.0019377016,6,0.00032295026661207277
RNF6,0.0019368277,6,0.00032280461164191365
CPLX3,0.0019360993,2,0.0009680496295914054
EARS2,0.0019348047,14,0.0001382003372002925
AGMO,0.0019330662,4,0.00048326654359698296
RAB3C,0.0019294459,3,0.000643148630236586
CACNG8,0.0019278305,21,9.180145293828987e-05
SLC10A2,0.001924922,7,0.00027498885590050904
DNAH11,0.0019229599,4,0.000480739981867373
GGH,0.0019207156,11,0.00017461050513454458
SLC18A1,0.0019173527,15,0.0001278235111385584
CPPED1,0.0019162004,3,0.0006387334627409776
MSGN1,0.001910993,1,0.0019109930144622922
COPS7B,0.0019085724,14,0.00013632659933396747
KLF10,0.0019068056,2,0.0009534027776680887
KCNK9,0.001906398,9,0.00021182199836605124
ETV3,0.0019055442,1,0.0019055441953241825
CRACR2A,0.0019041906,4,0.0004760476585943252
MFN2,0.0019036813,16,0.00011898008233401924
KCNK10,0.0019036302,9,0.00021151446789089177
CPE,0.0019036199,5,0.00038072397001087666
SLC30A5,0.001903266,10,0.00019032659474760294
XPO7,0.0019025152,1,0.0019025151850655675
SGCG,0.0019017085,6,0.0003169514238834381
PLAC8,0.0019000338,5,0.0003800067584961653
PVR,0.0018991411,11,0.00017264919270845976
IRF4,0.0018989183,18,0.00010549546115928226
TNR,0.0018942758,10,0.00018942757742479444
NLRP10,0.0018935176,1,0.0018935175612568855
CLEC4C,0.0018933814,5,0.0003786762710660696
DENND3,0.0018926964,4,0.0004731740918941796
EXTL1,0.0018917607,4,0.0004729401844087988
RAD51B,0.0018894238,13,0.00014534029357421858
MCPH1,0.0018890374,5,0.00037780748680233956
DOCK10,0.0018873782,12,0.00015728151386914155
COL8A2,0.0018862289,7,0.00026946127348180326
TCL1B,0.0018811637,3,0.0006270545612399777
SLC4A2,0.0018801831,9,0.00020890923527379832
PROX1,0.0018773535,2,0.0009386767633259296
GZMB,0.0018757874,26,7.214566889720467e-05
KCNIP1,0.0018749689,3,0.0006249896250665188
PTPRA,0.0018748008,14,0.0001339143408196313
STARD13,0.0018715853,8,0.00023394815798383206
APOA4,0.0018714857,17,0.00011008739581002909
OR11A1,0.0018689226,4,0.0004672306531574577
TREH,0.0018669409,6,0.00031115681243439514
CCL7,0.0018625502,11,0.00016932274130257693
GBP3,0.0018615836,6,0.0003102639263185362
HHLA1,0.0018614084,1,0.0018614083528518677
UHRF1,0.0018612762,4,0.0004653190553653985
ZNF420,0.0018570595,7,0.00026529422029852867
ABCB8,0.001856296,4,0.00046407399349845946
GTF2I,0.0018561585,5,0.00037123169749975204
CACNA1D,0.0018546305,50,3.709261072799563e-05
RNF114,0.001853712,4,0.0004634280048776418
MAP3K14,0.0018499804,60,3.083300737974544e-05
TRIM6,0.0018486386,4,0.00046215965994633734
NID2,0.0018476332,2,0.0009238165803253651
CHST8,0.0018470341,8,0.0002308792609255761
PPARA,0.0018460776,46,4.0132122154793016e-05
ZMAT5,0.0018449241,4,0.0004612310149241239
NECTIN1,0.001843406,10,0.00018434060038998722
IRF7,0.0018433374,52,3.544879683221762e-05
UGT8,0.0018400203,15,0.0001226680198063453
TAF6,0.001838384,22,8.356290742416273e-05
KCNS3,0.0018380389,3,0.000612679636105895
ADHFE1,0.0018374944,10,0.00018374944338575005
PKD2,0.0018354699,5,0.0003670939709991217
GALC,0.0018320691,12,0.0001526724275512
TUBG2,0.0018298384,10,0.0001829838380217552
DNMT3A,0.0018201703,21,8.667477717002232e-05
CEP162,0.0018185719,4,0.00045464298455044627
LCE1C,0.0018153442,3,0.0006051147356629372
ASCC1,0.0018133838,5,0.0003626767545938492
SLC27A6,0.0018117762,7,0.0002588251705414483
WNT5A,0.0018103532,65,2.7851588450945342e-05
CHAF1A,0.0018095251,2,0.0009047625353559852
EPHB4,0.0018086229,13,0.00013912483476675474
COPZ2,0.0018069559,11,0.0001642687182704156
ADGRF4,0.0018054191,2,0.0009027095511555672
IFT46,0.0017972087,6,0.00029953477981810767
SST,0.0017955139,40,4.488784761633724e-05
IPPK,0.001795038,12,0.00014958649990148842
ZIM3,0.0017945343,4,0.000448633567430079
SGK3,0.0017932034,7,0.00025617191568017006
LARGE1,0.0017919415,4,0.0004479853669181466
TRIOBP,0.0017916238,4,0.0004479059425648302
WDR46,0.0017889373,4,0.00044723431346938014
BASP1,0.0017880603,5,0.0003576120594516397
DNAH17,0.0017878127,3,0.0005959375606228908
BOC,0.0017867958,14,0.00012762827100232244
CBLB,0.0017846117,29,6.153833538550755e-05
MKLN1,0.0017844841,1,0.0017844841349869967
MTHFS,0.0017820153,14,0.00012728680823264376
GDI2,0.0017795542,8,0.0002224442723672837
CD1E,0.0017786016,3,0.0005928671841199199
PLEK,0.001777084,7,0.000253869137460632
LILRB4,0.0017738293,5,0.00035476586781442166
LDLRAD4-AS1,0.0017709313,1,0.0017709312960505486
TNS1,0.0017701708,5,0.00035403415095061066
TBC1D1,0.0017661654,5,0.00035323307383805513
SEPTIN9,0.0017640446,2,0.0008820223156362772
TNRC6B,0.0017607986,31,5.679995557593722e-05
RNF182,0.0017565794,4,0.0004391448455862701
SV2A,0.0017563512,9,0.0001951501342571444
NT5M,0.0017544676,12,0.0001462056340339283
B4GALT4,0.0017524415,14,0.00012517439401043312
DOCK7,0.001751821,10,0.00017518210224807263
COLGALT1,0.0017461802,6,0.0002910300390794873
CPM,0.0017439778,3,0.0005813259243344268
CNOT3,0.001742215,10,0.00017422150122001768
GM2A,0.0017397153,9,0.00019330170471221209
CELA3B,0.0017387854,2,0.0008693927084095776
TNFRSF6B,0.0017365012,18,9.647229065497716e-05
SLCO1B1,0.001735289,27,6.426996292753352e-05
SMOX,0.0017341299,11,0.00015764816833490676
OR51E2,0.0017334296,3,0.0005778098711743951
SLC30A7,0.0017323812,10,0.0001732381177134812
USP47,0.0017312216,4,0.00043280539102852345
ZDHHC7,0.0017295477,5,0.0003459095489233732
PEX2,0.001719519,8,0.00021493987878784537
SHOC2,0.0017191768,13,0.00013224436686589167
TRIM21,0.001718898,11,0.00015626345041461966
KCNK17,0.0017186971,7,0.000245528162590095
INSIG1,0.0017184209,1,0.0017184208845719695
PELI1,0.0017178879,28,6.135314054388021e-05
CD19,0.0017172018,30,5.7240059444059925e-05
HACE1,0.0017148615,4,0.00042871537152677774
UNC13C,0.001714543,2,0.0008572714868932962
ROR1,0.001713261,12,0.00014277175068855286
SLCO2A1,0.0017119215,5,0.0003423843067139387
CCL21,0.0017107179,14,0.00012219413682552322
RGS1,0.001708278,15,0.00011388519778847695
UTP20,0.001707169,4,0.0004267922486178577
KCNQ3,0.0017047139,11,0.00015497399197722024
KIF25,0.0017016254,8,0.00021270317665766925
TRIM29,0.0017001613,5,0.0003400322515517473
PALB2,0.0017001156,13,0.0001307781248425062
PPP1R3B,0.0016952024,2,0.0008476012153550982
RPAP2,0.0016948517,3,0.0005649505571151773
DACT1,0.0016931656,4,0.0004232914070598781
HSD17B1,0.0016928969,11,0.00015389972197061235
GORASP2,0.0016914227,5,0.0003382845316082239
ZFPM2,0.0016894217,5,0.00033788434229791163
EIF5A2,0.0016884282,5,0.00033768564462661744
FANCA,0.0016874516,8,0.00021093145187478513
OR12D1,0.0016851135,1,0.0016851135296747088
TAP2,0.0016845056,15,0.00011230037392427524
INTS1,0.0016802334,3,0.0005600777997945746
SEMA3D,0.0016792996,1,0.00167929963208735
FXYD6,0.0016771513,10,0.00016771513037383556
OPN5,0.001677033,7,0.0002395761465387685
LOXL4,0.0016759972,6,0.00027933286037296057
TNFSF15,0.0016751906,6,0.00027919843948135775
SLC17A3,0.0016727333,3,0.0005575777807583412
SLC28A3,0.0016720281,12,0.00013933567485461632
MRPL3,0.0016716786,7,0.00023881123135132448
ACOT6,0.0016709504,10,0.0001670950441621244
PABPC3,0.0016706622,3,0.0005568873990948001
FCRL3,0.0016697347,1,0.0016697347164154053
TCF21,0.0016675385,1,0.0016675385413691401
BRSK1,0.0016660931,1,0.001666093128733337
MDGA1,0.0016627258,3,0.0005542419385164976
ZFP90,0.00166106,4,0.0004152650071773678
NELL2,0.0016564375,5,0.0003312875051051378
SIRPA,0.0016562695,15,0.00011041796921441952
ERO1B,0.0016543139,4,0.00041357846930623055
KIF1A,0.0016515583,8,0.00020644479081965983
OR52N1,0.0016497847,3,0.0005499282463764151
SPRR2G,0.00164755,3,0.0005491833435371518
ADGRF5,0.0016465676,1,0.001646567601710558
OR6Y1,0.001644416,3,0.0005481386712441841
USP43,0.0016443958,4,0.00041109893936663866
SLC6A7,0.0016425657,11,0.00014932415532794866
CD84,0.0016420083,4,0.00041050207801163197
CDSN,0.0016419368,3,0.0005473122776796421
ATP13A4,0.0016392823,3,0.0005464274436235428
DUSP1,0.0016385103,22,7.447773929346691e-05
RHOBTB1,0.0016379429,7,0.0002339918365968125
REG3G,0.0016370418,3,0.0005456806005289158
AGTPBP1,0.0016367375,3,0.0005455791639784972
STK19,0.0016359815,1,0.0016359814908355474
TLE5,0.0016336025,9,0.00018151139374822378
OR2V1,0.0016293182,3,0.0005431060756867131
MAFB,0.0016283373,2,0.0008141686557792127
CAPN14,0.0016276501,2,0.0008138250559568405
CARD6,0.0016271884,2,0.0008135942043736577
NEDD9,0.0016262609,4,0.00040656523196958005
SLC14A2,0.0016251811,32,5.0786908104782924e-05
OR13A1,0.0016231034,3,0.0005410344650348028
NCR1,0.0016197076,4,0.00040492689004167914
UNC79,0.0016185202,3,0.0005395067467664679
LPAR1,0.0016180542,23,7.035018390287523e-05
SCRIB,0.001617546,20,8.08772980235517e-05
CLVS2,0.0016148577,4,0.0004037144244648516
QSOX1,0.0016146612,11,0.00014678738079965115
PODXL,0.0016127909,5,0.0003225581720471382
GAL3ST2,0.0016108407,1,0.0016108406707644463
CHRNG,0.001608308,9,0.00017870089504867792
ZNF596,0.0016082088,4,0.00040205218829214573
DPH5,0.0016072143,5,0.00032144286669790747
USP19,0.0016037207,4,0.00040093017742037773
NPNT,0.0016023398,2,0.0008011698955669999
FGF21,0.0016019611,28,5.721289614614632e-05
SAR1A,0.0015977551,4,0.00039943878073245287
GNPDA1,0.0015950637,15,0.00010633758114029964
TAF1A,0.001589267,11,0.00014447882263497874
SLC26A9,0.001587774,6,0.00026462900374705595
GALNTL5,0.0015876126,6,0.00026460209240516025
PTPRM,0.0015860569,3,0.0005286856321617961
PARP2,0.001585716,19,8.34587385485831e-05
S1PR1,0.0015734888,21,7.492803879791783e-05
KAT8,0.0015734611,4,0.00039336527697741985
OSM,0.001572575,16,9.82859346549958e-05
UBE2U,0.0015700794,5,0.00031401587184518573
CLEC2D,0.0015695901,3,0.0005231966885427634
HOXA1,0.0015645277,3,0.0005215092484528819
SLC24A3,0.001564363,4,0.0003910907544195652
OR2F2,0.0015641144,4,0.0003910285886377096
TMEM38B,0.0015629875,1,0.0015629874542355537
IDH1,0.0015602028,26,6.000779998990206e-05
TSN,0.0015599375,3,0.0005199791630730033
UBD,0.0015568899,4,0.00038922246312722564
FRMD6,0.0015543068,2,0.0007771534146741033
AIF1,0.0015542904,2,0.0007771452073939145
NEURL1B,0.0015541273,17,9.141925393658526e-05
SLC25A21,0.0015452002,4,0.00038630006019957364
TRIM2,0.001543792,4,0.00038594799116253853
ATG10,0.0015427507,7,0.000220392963715962
CREM,0.0015425838,7,0.00022036911520574774
PDE9A,0.0015413706,8,0.00019267133029643446
DGKG,0.0015412521,13,0.00011855785627491199
OSBPL7,0.0015407462,5,0.0003081492381170392
COLEC12,0.0015404664,7,0.00022006663493812084
ANLN,0.0015373084,9,0.00017081204957018295
SIGLEC15,0.0015355132,3,0.0005118377351512512
NRG2,0.0015335613,47,3.262896318622726e-05
GABRG1,0.0015300219,8,0.00019125273684039712
REV3L,0.0015266446,10,0.00015266445698216557
FBXO15,0.0015241209,7,0.0002177315597821559
LYPD5,0.0015228707,3,0.0005076235781113306
KIDINS220,0.0015228284,16,9.517677244730294e-05
KCNV2,0.0015195349,3,0.0005065116177623471
SEL1L2,0.0015194328,1,0.001519432757049799
WDR11,0.0015188535,5,0.0003037706948816776
SLC26A6,0.0015162113,8,0.0001895264140330255
ARIH2,0.0015161741,5,0.0003032348118722439
TYR,0.0015157475,19,7.977618492747609e-05
SGMS1,0.0015130363,19,7.963349037852727e-05
COL15A1,0.0015128497,7,0.00021612138620444706
SIPA1L1,0.0015123026,4,0.0003780756378546357
BBS9,0.0015111028,8,0.0001888878468889743
CUL2,0.001510264,18,8.39035557065573e-05
OTUD3,0.0015098663,9,0.0001677629253309634
FGD3,0.0015094458,13,0.0001161112181412486
PTHLH,0.0015087544,20,7.543772226199507e-05
HYLS1,0.0015077039,1,0.0015077039133757353
ATG3,0.0015070412,8,0.00018838014511857182
ACACB,0.0015055075,27,5.5759537240697275e-05
TAF7,0.0015041245,21,7.16249757845487e-05
PROM1,0.0014992367,2,0.0007496183388866484
IRX5,0.0014969326,2,0.0007484662928618491
SGF29,0.0014955131,3,0.0004985043779015541
MUC7,0.0014952548,10,0.00014952548081055285
CNGB3,0.0014907065,3,0.00049690215382725
GYPC,0.0014899129,3,0.000496637619410952
TNFSF18,0.0014882858,5,0.0002976571675390005
KCNG1,0.0014863297,3,0.0004954432370141149
STAT4,0.0014840877,30,4.946958894530932e-05
SHANK2,0.0014819361,4,0.00037048402009531856
EPHB3,0.0014808939,10,0.00014808939304202794
UBE2Q1,0.0014805262,5,0.00029610523488372565
KRT2,0.0014796633,2,0.0007398316520266235
CD5,0.0014790954,4,0.0003697738575283438
FOLR1,0.0014749697,14,0.00010535497650770205
STX6,0.0014710397,6,0.0002451732871122658
ADAM15,0.0014678545,4,0.00036696362076327205
MGAT5B,0.0014648018,2,0.0007324009202420712
KARS1,0.0014636369,11,0.0001330578974871473
CREG1,0.0014621869,4,0.0003655467298813164
ITLN1,0.0014621676,3,0.0004873891981939475
SUPT3H,0.001460196,6,0.00024336599744856358
HSPA12A,0.0014592139,4,0.00036480347625911236
IGFBP5,0.0014587583,9,0.0001620842506074243
CALCOCO1,0.0014576718,1,0.001457671751268208
USP46,0.001455944,4,0.0003639860078692436
RSAD2,0.0014557781,7,0.00020796830566333874
DOT1L,0.0014550987,7,0.0002078712485464556
CCR1,0.0014540104,17,8.553002194008407e-05
OR52B4,0.0014533602,1,0.0014533601934090257
CWC27,0.0014451235,4,0.00036128086503595114
IL17F,0.0014413827,6,0.00024023044776792327
MCF2L,0.0014408645,20,7.20432261005044e-05
WDPCP,0.0014383568,2,0.000719178409781307
KCNG2,0.0014383099,3,0.0004794366347293059
DCLRE1B,0.0014381412,2,0.0007190706091932952
EBI3,0.0014380685,7,0.00020543835125863552
GAS1,0.0014375326,9,0.00015972584434267547
MIR34AHG,0.0014371637,2,0.0007185818394646049
GFI1,0.0014359279,4,0.0003589819825720042
NF1,0.0014359213,23,6.243136063542055e-05
DLGAP1,0.0014333276,5,0.0002866655122488737
TIMELESS,0.0014331224,7,0.00020473177677818706
IL1RL2,0.0014262858,7,0.00020375511875110014
NEURL1,0.0014260871,19,7.505721633175486e-05
PTPN21,0.0014251666,1,0.0014251666143536568
DEPDC5,0.0014244529,2,0.0007122264360077679
GPNMB,0.0014237682,4,0.0003559420583769679
HERC1,0.0014235032,5,0.0002847006311640143
FAAP20,0.001421236,2,0.0007106179837137461
DNAH8,0.0014174782,4,0.00035436954931356013
DHX36,0.0014154923,6,0.00023591537804653248
SGCD,0.001413586,6,0.00023559766123071313
TECRL,0.0014106014,5,0.0002821202855557203
KDM1A,0.0014100056,34,4.147075335769092e-05
CD2,0.0014096508,8,0.00017620634753257036
CALCR,0.0014089223,17,8.287777959862176e-05
ACO2,0.0014072945,29,4.852739772919951e-05
DNAH3,0.0014067015,4,0.00035167537862434983
FTMT,0.0014065744,10,0.00014065743889659643
MICA,0.001403594,6,0.00023393234005197883
MLLT3,0.0014031758,6,0.00023386262667675814
TGFBR3,0.0014031474,9,0.00015590526163578033
CDT1,0.0014027196,16,8.766997780185193e-05
AQP1,0.0014025971,40,3.5064926487393676e-05
XCR1,0.0014018402,13,0.00010783386488373463
AGBL1,0.0014017073,3,0.00046723576573034126
ZFP42,0.0014007832,2,0.0007003915961831808
KPNA3,0.0013953721,6,0.00023256201529875398
MSL2,0.0013945844,4,0.0003486461064312607
USP38,0.0013942583,1,0.0013942583464086056
SDR9C7,0.0013935978,3,0.00046453260195751983
FAM83B,0.0013918309,7,0.00019883297915969576
PAPPA2,0.0013915048,2,0.0006957523874007165
METTL21A,0.0013888117,3,0.0004629372463872035
CTSB,0.0013887692,19,7.309311829311283e-05
KCNK5,0.0013869277,5,0.0002773855347186327
SMU1,0.0013865087,1,0.0013865086948499084
ABCC3,0.0013843236,29,4.7735295836524714e-05
LILRB1,0.0013841141,5,0.00027682282961905
CBR4,0.0013810681,5,0.0002762136282399297
ADAMTS19,0.0013809099,4,0.0003452274831943214
CDH11,0.0013805277,9,0.00015339197125285864
SH3PXD2A,0.0013794765,7,0.00019706807298851864
COG7,0.001375849,11,0.00012507718268104574
ETV1,0.0013748988,2,0.0006874494138173759
FBLL1,0.0013725079,1,0.0013725078897550702
TSEN15,0.0013722333,4,0.0003430583165027201
EID2,0.0013722155,2,0.0006861077272333205
COLEC10,0.0013694341,6,0.0002282390099329253
RPL39L,0.0013682694,23,5.9489975683391094e-05
VRK2,0.0013678393,18,7.59910714502136e-05
AGGF1,0.0013664446,4,0.0003416111576370895
CAPN8,0.0013643659,2,0.0006821829592809081
PCBD1,0.0013619161,7,0.00019455943921847002
ZNF766,0.0013594058,1,0.001359405810944736
MOGAT1,0.001358405,7,0.00019405785548899855
TSPAN8,0.0013579339,1,0.0013579338556155562
MITF,0.0013562664,23,5.896810604178387e-05
SORL1,0.0013552437,2,0.0006776218651793897
AK9,0.0013540647,5,0.00027081293519586324
SLC15A4,0.001352697,7,0.0001932424326826419
GRB14,0.0013525271,8,0.00016906588280107826
PHF2,0.0013493142,3,0.00044977141078561544
BRD1,0.0013485965,10,0.00013485965318977834
UTRN,0.0013413696,2,0.0006706847925670445
AMOTL1,0.0013411643,3,0.0004470547816405694
MLN,0.0013408702,14,9.577644024310368e-05
CHMP6,0.0013408605,18,7.449225005176332e-05
ATP2C1,0.0013364321,4,0.0003341080155223608
GBE1,0.001335912,14,9.542228820334588e-05
CDH12,0.0013347551,6,0.00022245918322975436
ASTN1,0.0013347435,1,0.0013347434578463435
ENPEP,0.0013339513,4,0.0003334878128953278
TDH,0.00133079,3,0.0004435966645057003
ATP8A2,0.0013304288,3,0.00044347625225782394
TPCN2,0.0013294982,7,0.00018992832130087272
TRPC7,0.0013291204,14,9.493716892653279e-05
DCTN5,0.0013284024,16,8.302515198010951e-05
EN1,0.0013227866,2,0.0006613932782784104
GP6,0.0013192543,7,0.00018846489755170687
ATP2C2,0.001318132,5,0.0002636264078319073
SCN7A,0.0013178199,9,0.00014642443663130203
ALAD,0.0013161639,17,7.742140716051355e-05
C19orf12,0.0013153107,1,0.0013153107138350606
LRAT,0.0013150915,16,8.219321898650378e-05
TWSG1,0.0013141062,1,0.0013141061645001173
CD44,0.001313393,32,4.104353138245642e-05
EPS8L1,0.0013104058,1,0.0013104057870805264
NKX2-5,0.0013085359,8,0.00016356699052266777
PTPRR,0.0013029665,5,0.00026059329975396394
UGT1A5,0.0013022693,21,6.201282320987611e-05
KIF13A,0.0013009455,4,0.00032523638219572604
KIRREL3,0.001298062,3,0.00043268734589219093
THSD7A,0.0012980213,4,0.00032450532307848334
IER3,0.0012944016,7,0.00018491451295890978
RAB11FIP4,0.0012942675,1,0.0012942674802616239
UBA3,0.0012912652,12,0.00010760543712725242
CRTC1,0.0012900636,4,0.00032251590164378285
TNFSF4,0.001289779,7,0.00018425413873046637
LGALS9,0.0012884254,5,0.00025768508203327656
RALGAPA2,0.0012846963,3,0.00042823209272076684
PREX2,0.0012845345,13,9.881034314345855e-05
RIN3,0.0012808385,4,0.0003202096268068999
ALLC,0.0012808305,2,0.0006404152372851968
NT5C3A,0.0012789221,14,9.135157701426319e-05
COPRS,0.0012765713,3,0.0004255237678686778
ICOSLG,0.0012757018,6,0.00021261696626121798
DPYD,0.0012740523,24,5.308551286968092e-05
PCTP,0.0012731148,1,0.0012731148162856698
SPARC,0.0012710337,17,7.476668585749234e-05
CERS6,0.0012696732,9,0.0001410748033473889
GLRB,0.0012691184,4,0.00031727959867566824
ST6GAL1,0.0012684123,24,5.285051399065802e-05
GALNT10,0.0012677934,8,0.00015847416943870485
GYPA,0.0012676438,4,0.0003169109404552728
UGT1A3,0.0012672191,38,3.334787049281754e-05
CYB5R3,0.001266879,12,0.00010557325246433417
DPF3,0.0012638425,4,0.00031596061307936907
ANK3,0.0012627244,15,8.418162663777669e-05
SERPINA6,0.0012627085,5,0.00025254169013351203
MVK,0.0012567166,38,3.307148826455599e-05
KCNN3,0.001255735,5,0.00025114701129496096
GALR1,0.0012544075,10,0.00012544074561446906
TAPT1,0.0012543902,1,0.0012543902266770601
LRRK2,0.0012504748,10,0.00012504748301580548
KCNK3,0.0012497897,11,0.00011361724781719121
HNRNPU,0.0012489395,7,0.00017841993498482874
ZNF45,0.0012476634,4,0.0003119158500339836
LGI2,0.0012473698,2,0.0006236849003471434
PRSS3,0.0012471848,10,0.0001247184816747904
PCSK9,0.0012463277,13,9.587135774871477e-05
ARFGAP1,0.0012442942,18,6.912745690594117e-05
NUAK1,0.0012439074,6,0.00020731789603208503
CSDE1,0.0012418029,1,0.0012418029364198446
MATN4,0.0012407122,2,0.000620356120634824
RGS21,0.0012406022,5,0.0002481204457581043
GLYCTK,0.00123874,19,6.519684470013569e-05
OR6S1,0.0012351796,3,0.00041172653436660767
NAB1,0.0012342323,9,0.00013713692573623525
SLC22A16,0.0012322793,6,0.00020537989136452475
PRLHR,0.0012306521,7,0.00017580744211695025
RND3,0.0012255264,5,0.0002451052889227867
OR1Q1,0.0012248135,4,0.00030620337929576635
KCNH5,0.0012243951,3,0.00040813170683880645
OAZ2,0.0012243234,4,0.0003060808521695435
HLA-DMB,0.0012229636,29,4.217115728634185e-05
STRA8,0.0012223197,1,0.0012223196681588888
SLC4A10,0.0012206171,4,0.0003051542735192925
NCR3LG1,0.0012197103,3,0.00040657011171181995
MOS,0.0012191302,9,0.0001354589152874218
TNFRSF9,0.001218102,8,0.0001522627571830526
ZNF462,0.0012157377,1,0.0012157376622781157
PLEKHG6,0.0012155673,7,0.00017365247809461186
NAP1L1,0.0012155172,2,0.0006077585858292878
CDH23,0.001214717,5,0.0002429434098303318
KCNV1,0.0012145804,3,0.0004048601258546114
FAM91A1,0.0012128099,6,0.00020213498889158169
CUBN,0.0012103491,14,8.64535104483366e-05
PBRM1,0.0012101892,10,0.00012101891916245222
EIF4E2,0.0012093583,14,8.638273824804596e-05
ZNF184,0.0012093103,4,0.0003023275639861822
WFS1,0.0012068738,6,0.00020114563327903548
BMP5,0.0012065438,13,9.281105863360259e-05
SHC4,0.0012063594,28,4.308426287025213e-05
ORMDL3,0.0012050917,3,0.0004016972379758954
SSB,0.0012046451,1,0.001204645144753158
MTF2,0.0012006257,6,0.00020010427882273993
CYTL1,0.0011999293,1,0.0011999292764812708
UTS2,0.0011960634,8,0.00014950791955925524
TOMM7,0.00119431,8,0.0001492887531640008
COQ2,0.0011942411,10,0.0001194241107441485
PTGER3,0.0011941642,19,6.285074510072406e-05
RNU6-1,0.0011924268,2,0.0005962133873254061
PRRG4,0.0011919905,2,0.0005959952250123024
FBLN2,0.0011914854,3,0.00039716181345283985
MANEA,0.0011911357,5,0.0002382271457463503
MIXL1,0.0011863222,4,0.00029658054700121284
IL27,0.0011863217,8,0.0001482902152929455
PDHX,0.0011845016,12,9.870846406556666e-05
STAP1,0.0011838048,2,0.0005919024115428329
AHI1,0.0011815935,6,0.00019693225234126052
SLC24A2,0.0011814097,5,0.00023628193885087966
MZT1,0.0011808875,9,0.00013120971723563142
SCAF11,0.0011806273,1,0.0011806272668763995
CPD,0.0011790027,10,0.00011790026910603046
TCERG1,0.0011767489,1,0.0011767488904297352
ANTXR2,0.0011749289,6,0.00019582147554804882
WWTR1,0.0011747953,20,5.873976624570787e-05
ABCA3,0.0011734547,7,0.00016763638372399977
MDM4,0.0011712676,28,4.1830985407744136e-05
PON1,0.0011711261,9,0.00013012512742231289
RAB27A,0.0011692864,12,9.744053628916542e-05
CCR2,0.0011672032,23,5.0747964490690954e-05
MBTPS1,0.0011662133,21,5.5533966847828454e-05
OR2G3,0.001163162,3,0.00038772064726799726
RORB,0.00116124,6,0.00019354000687599182
BAG6,0.0011605591,2,0.0005802795640192926
SLC26A8,0.0011583755,1,0.0011583755258470774
DNMT3L,0.0011574771,5,0.0002314954297617078
ADAM19,0.0011553923,3,0.00038513075560331345
GGA2,0.0011510515,7,0.0001644359269578542
ZNF764,0.0011502093,4,0.00028755233506672084
LMO7,0.0011480601,8,0.0001435075100744143
RSPH4A,0.0011480346,1,0.0011480345856398344
EFHC1,0.0011474513,1,0.0011474513448774815
ETV7,0.0011472744,1,0.0011472743935883045
GALNT5,0.001146578,8,0.00014332224964164197
ADAM30,0.0011464695,3,0.0003821564993510644
DDX6,0.0011464222,5,0.00022928444668650626
KCTD15,0.0011457445,5,0.000229148892685771
PON2,0.0011444194,7,0.00016348848917654583
FAF2,0.0011423095,8,0.00014278868911787868
CENPA,0.0011422286,24,4.759285851226499e-05
HPS1,0.0011400421,5,0.00022800841834396123
RAG1,0.0011400209,6,0.00019000348402187228
CTLA4,0.0011387555,24,4.7448144565957286e-05
SHB,0.0011386408,10,0.00011386408004909754
SHANK1,0.0011378364,6,0.00018963939510285854
PDE7A,0.0011356693,10,0.00011356692994013429
SPRED2,0.0011337178,12,9.447648578012983e-05
TAF1C,0.0011317467,11,0.0001028860622847622
TSPAN14,0.0011256612,5,0.00022513223811984062
FZD7,0.001124236,52,2.1619923735180728e-05
TNS3,0.0011224516,7,0.00016035023145377636
NOX4,0.001121662,18,6.231455416936014e-05
BEST3,0.0011208497,3,0.00037361658178269863
TRIM36,0.0011205628,4,0.0002801406953949481
DOK6,0.0011201717,5,0.00022403434850275515
KIF26B,0.0011198615,8,0.00013998268696013838
PLPP3,0.0011188496,19,5.8886821773883545e-05
EYA4,0.0011185132,4,0.00027962829335592687
ADO,0.0011134725,7,0.00015906750091484616
SLC4A4,0.0011133922,8,0.0001391740224789828
CARD11,0.0011120837,25,4.4483346864581106e-05
KRT86,0.0011111067,2,0.000555553357116878
CA6,0.0011105372,3,0.0003701790701597929
ZFP69B,0.0011096102,4,0.0002774025488179177
NEUROG3,0.0011086116,2,0.0005543057923205197
GALNT17,0.0011079346,8,0.00013849182869307697
CHMP1A,0.0011046104,6,0.00018410173167164126
ASCC2,0.001102803,4,0.0002757007605396211
ETF1,0.0011019569,9,0.0001224396595110496
DAPP1,0.001101087,11,0.00010009881489994851
MAPT,0.0011002342,30,3.6674474055568375e-05
SNX2,0.0010998165,7,0.0001571166462131909
DAG1,0.001099656,23,4.7811129859284215e-05
ARHGAP24,0.0010963673,8,0.00013704590674024075
MDC1,0.0010939244,24,4.558018311702957e-05
ZDHHC19,0.0010938242,1,0.0010938241612166166
LCE3A,0.0010924333,3,0.0003641444491222501
STK10,0.0010923996,11,9.930905335667458e-05
IGFBP2,0.0010906117,5,0.00021812233608216048
RBBP8,0.0010891723,32,3.403663504286669e-05
ADAMTS6,0.0010864261,4,0.0002716065209824592
MTMR3,0.0010862313,13,8.355625546895541e-05
TRMT9B,0.0010854447,3,0.0003618149009222786
SEC63,0.0010848392,2,0.0005424196133390069
NECTIN3,0.001083132,8,0.00013539149949792773
ABCD4,0.0010827129,6,0.00018045215013747415
P2RY2,0.0010827074,21,5.1557496633558044e-05
NRXN1,0.001081973,7,0.00015456756643418754
IL11RA,0.0010812236,13,8.317104612405483e-05
OR14A16,0.0010799805,3,0.0003599935056020816
EFNA5,0.0010799322,18,5.999623358042704e-05
EVPL,0.0010796342,4,0.00026990854530595243
NECTIN2,0.0010768162,14,7.691544513883335e-05
CLINT1,0.0010759642,5,0.0002151928376406431
ADGRL4,0.001075855,1,0.001075854990631342
SCT,0.0010756989,23,4.676951642107704e-05
S1PR5,0.001072572,13,8.250553554926928e-05
SEL1L,0.0010722893,20,5.361446528695524e-05
ARL4A,0.0010721607,1,0.001072160666808486
TRAIP,0.0010713618,4,0.0002678404562175274
UBQLN4,0.001071316,2,0.0005356579786166549
TXK,0.0010689863,7,0.00015271232197327272
DAXX,0.0010679361,45,2.373191269321574e-05
ZNF302,0.0010675301,4,0.00026688253274187446
NFIC,0.0010665905,1,0.0010665905429050326
RHOB,0.0010633672,31,3.430216888626737e-05
ROBO1,0.0010618449,15,7.078965815405051e-05
DNAJB6,0.0010613984,8,0.00013267480244394392
SIGLEC6,0.0010608129,3,0.00035360428349425394
ABCB9,0.001059538,4,0.0002648844965733588
MKKS,0.0010583247,2,0.0005291623529046774
CDV3,0.0010578566,2,0.0005289282999001443
PER3,0.0010571934,3,0.0003523977939039469
GRID1,0.0010558206,2,0.0005279103061184287
LTF,0.0010548081,11,9.589164983481169e-05
DNAJC13,0.0010519745,3,0.0003506581609447797
DAPK2,0.0010514226,8,0.0001314278197241947
TRAPPC9,0.0010508638,10,0.00010508637642487883
RUNX1T1,0.0010508484,4,0.0002627120993565768
KIR3DL3,0.0010476746,3,0.0003492248555024465
ZFP36L2,0.0010474601,3,0.00034915337649484474
ATP12A,0.0010470656,5,0.00020941311959177256
WNT7A,0.0010458085,42,2.49002034598518e-05
PFKFB3,0.001044316,15,6.962106563150883e-05
BTN3A2,0.0010435254,3,0.00034784180267403525
APCS,0.0010420235,3,0.00034734117798507214
UNC5C,0.0010381336,7,0.00014830480462738445
DYSF,0.0010369177,2,0.0005184588371776044
LRP10,0.0010356345,6,0.00017260575744633874
STRN,0.0010344908,15,6.896605094273885e-05
ZNF706,0.0010309353,3,0.0003436451079323888
DEPTOR,0.0010304577,10,0.00010304576717317105
FBP2,0.0010303475,15,6.86898361891508e-05
BATF,0.0010300395,3,0.0003433465026319027
FZD3,0.001028707,47,2.188738336429951e-05
PTPRE,0.0010281067,2,0.0005140533321537077
NCKIPSD,0.0010275762,15,6.850507731239e-05
CDCA7,0.0010243732,1,0.0010243732249364257
KRT24,0.0010197831,4,0.00025494577130302787
ELN,0.0010195028,3,0.00033983425237238407
TRMT11,0.0010193221,3,0.00033977402684589225
SNRNP70,0.0010186067,8,0.0001273258385481313
SPATA5,0.0010151765,1,0.0010151765309274197
SCARB2,0.0010145658,7,0.00014493797373558794
EOMES,0.0010141631,8,0.00012677039194386452
WTIP,0.0010137146,6,0.0001689524312193195
PYGO1,0.0010112327,8,0.00012640409113373607
PRNP,0.0010104631,16,6.315394421108067e-05
ZNF169,0.00101044,4,0.00025261001428589225
CRPPA,0.001007806,2,0.0005039030220359564
HBS1L,0.0010077953,5,0.00020155906677246093
RPTN,0.0010075159,3,0.00033583864569664
PELO,0.0010017584,2,0.0005008791922591627
CARD18,0.0010011083,1,0.0010011083213612437
ZFP36L1,0.001000586,6,0.00016676432763536772
PIK3C2B,0.0010002838,21,4.763255960174969e-05
MRPL4,0.0009998417,7,0.0001428345318085381
ARHGAP20,0.0009996983,7,0.00014281404271189655
RPS3,0.0009992055,32,3.122517227893695e-05
MAP3K21,0.000999081,4,0.0002497702371329069
ESYT1,0.0009968338,15,6.645558557162682e-05
FUT2,0.0009958859,11,9.053508454764432e-05
KLHL42,0.0009948649,7,0.00014212355017662048
GAPT,0.0009943222,1,0.000994322239421308
COMMD6,0.0009901643,3,0.0003300547832623124
AMBRA1,0.0009887321,14,7.062372086303575e-05
PRM1,0.0009868058,2,0.0004934028838761151
ARAP3,0.0009867339,13,7.590261073066638e-05
CALD1,0.0009866088,5,0.0001973217586055398
PTPRN2,0.0009852113,4,0.0002463028358761221
RAB2A,0.0009832657,11,8.938779038461772e-05
MARVELD3,0.0009829617,1,0.0009829617338255048
ELAVL2,0.0009827072,4,0.0002456768124829978
BEAN1,0.0009815212,1,0.0009815212106332183
SIGLEC14,0.0009785077,4,0.00024462692090310156
VPS16,0.0009774844,14,6.982031378096767e-05
LCE3E,0.0009767602,3,0.00032558672440548736
EPM2A,0.0009765967,4,0.0002441491815261543
ITGB2,0.0009764919,44,2.2192997593348e-05
DSCAM,0.000975925,7,0.00013941785852823938
HECW1,0.00097542023,4,0.00024385505821555853
NLRC5,0.00097436784,4,0.00024359195958822966
POM121L2,0.00097434816,2,0.00048717408208176494
LINC00885,0.0009733732,1,0.0009733731858432293
FBXL21P,0.000971839,8,0.00012147987581556663
CHST15,0.0009712729,11,8.829753443768078e-05
ZNF230,0.0009709756,4,0.0002427439030725509
POLE,0.0009705583,40,2.4263958039227873e-05
LMAN2,0.00097043905,10,9.704390540719033e-05
PELP1,0.0009688944,9,0.00010765493304158251
TTLL11,0.0009670759,3,0.00032235862454399467
HIP1,0.0009669266,7,0.00013813236728310585
C1D,0.00096662214,1,0.0009666221449151635
KCNN2,0.00096653687,12,8.05447392243271e-05
CX3CR1,0.00096651836,14,6.903702576112534e-05
DUSP4,0.0009662198,40,2.415549533907324e-05
IFT140,0.0009660536,10,9.660535724833607e-05
MIR187,0.00096503936,1,0.0009650393621996045
FBXO45,0.00096395164,2,0.0004819758178200573
PATJ,0.0009638447,7,0.00013769210116671666
EDIL3,0.0009606939,3,0.00032023130916059017
CDK13,0.0009599284,8,0.00011999104754067957
PDLIM5,0.0009586321,4,0.00023965802392922342
CCDC88C,0.00095849956,5,0.00019169991137459874
ENSA,0.0009584887,6,0.0001597481120067338
PRPF4B,0.000956999,3,0.0003189996738607685
NLRP7,0.0009566998,2,0.00047834988799877465
GPR63,0.0009566797,1,0.0009566796943545341
COL13A1,0.0009564867,7,0.00013664095396442072
LSM8,0.00095612573,6,0.00015935428867427012
CGNL1,0.0009560224,2,0.00047801120672374964
SPSB4,0.00095531484,7,0.00013647354873163358
RAB3A,0.00095434714,24,3.976446411494786e-05
ABHD17C,0.00095315377,5,0.00019063075305894017
IL1A,0.00095193356,80,1.1899169476237147e-05
KLF6,0.0009492212,3,0.00031640706583857536
AQP7,0.00094872847,8,0.0001185910587082617
NAV3,0.0009478277,2,0.00047391385305672884
NSMCE2,0.0009475951,5,0.0001895190216600895
TOR1AIP1,0.00094648974,7,0.00013521282068852867
COL23A1,0.00094617327,12,7.884777248060952e-05
TPO,0.00094450347,16,5.90314666624181e-05
AKAP12,0.0009420886,7,0.0001345840864814818
ZNF747,0.0009406819,3,0.0003135606336096923
PPFIA3,0.00094049016,10,9.404901647940278e-05
UBE2G2,0.0009396826,15,6.264550611376763e-05
PCARE,0.00093922066,1,0.0009392206557095051
SEC14L1,0.00093884603,2,0.000469423015601933
KCNJ10,0.0009387466,15,6.258310750126839e-05
IL1RL1,0.00093865785,7,0.0001340939779765904
GFUS,0.0009378715,13,7.214396296498868e-05
IL21R,0.0009365521,6,0.0001560920209158212
PIAS2,0.00093650713,18,5.202817394294673e-05
CEACAM3,0.00093631627,5,0.00018726325361058117
TRAT1,0.00093514385,14,6.679598923905619e-05
KRBA1,0.00093508203,3,0.0003116940109369655
FOXN3,0.00093461724,1,0.0009346172446385026
DDR1,0.0009329389,3,0.00031097962831457454
CCDC50,0.00093204656,1,0.0009320465615019202
LAMP3,0.0009310627,1,0.0009310626774094999
KCNK12,0.0009300094,3,0.0003100031365950902
ATG9B,0.0009275248,4,0.00023188120394479483
TRPM6,0.00092629046,5,0.00018525809282436966
PRDM2,0.00092459086,2,0.000462295429315418
KLRF1,0.0009239523,3,0.00030798410686353844
VPS35L,0.00092348,3,0.00030782667454332113
TOMM40,0.0009228232,10,9.228232083842158e-05
IZUMO3,0.00092114275,3,0.000307047584404548
TAAR9,0.00092094217,14,6.578158354386687e-05
ATP10D,0.000919331,3,0.00030644366052001715
ATP2B4,0.00091682066,21,4.365812665561125e-05
MICAL2,0.00091376156,1,0.000913761556148529
MNX1,0.0009119533,1,0.0009119532769545913
UGT3A1,0.0009097554,4,0.00022743885347153991
NREP,0.000909209,1,0.0009092090185731649
WDR91,0.00090905704,5,0.00018181140767410399
PDLIM1,0.00090903154,1,0.0009090315434150398
AXIN1,0.0009088659,71,1.2800927949465916e-05
LZTFL1,0.0009088485,7,0.000129835497188781
CYTH4,0.00090810325,11,8.255484069443561e-05
LRIG1,0.00090800616,7,0.0001297151653229126
MIR132,0.0009055333,7,0.00012936190302882875
TRIM71,0.0009023016,7,0.00012890022480860353
FBXO9,0.0009022996,7,0.00012889994208567908
SIGLEC5,0.00090095896,5,0.00018019179115071892
PSG3,0.0008996258,2,0.00044981291284784675
SIRPG,0.0008995679,6,0.0001499279848455141
LBR,0.00089948234,39,2.3063649841321585e-05
ATXN1,0.0008974712,3,0.0002991570703064402
SNAI2,0.0008970149,18,4.9834162281412217e-05
SLC35C1,0.000895373,11,8.139754539694299e-05
EGR3,0.00089391123,12,7.449260253148775e-05
SMC2,0.00089369435,9,9.929937207036548e-05
ZNF175,0.0008930763,4,0.00022326907492242754
PPP1R12B,0.0008921238,24,3.717182456360509e-05
DYRK1A,0.0008917668,9,9.908520021579332e-05
GFPT1,0.0008910998,24,3.712915834815552e-05
ZDHHC17,0.0008885419,1,0.000888541922904551
S100P,0.00088738237,6,0.0001478970613485823
PRDM6,0.0008856465,1,0.0008856464992277324
OR2J3,0.00088532583,4,0.00022133145830594003
TENT4B,0.0008841288,1,0.0008841287926770747
ZNF746,0.0008836079,4,0.00022090197307989
PTPRD,0.0008827548,5,0.00017655096016824245
DAPK1,0.00088224816,11,8.020437830551104e-05
SLC2A13,0.00088070915,7,0.00012581559297229563
ADAMTS9,0.000880273,7,0.00012575328582897782
LILRA6,0.0008800288,5,0.00017600576393306255
HPSE2,0.00087976013,8,0.00010997001663781703
MFAP3,0.00087821065,3,0.00029273688172300655
LCOR,0.0008780727,1,0.0008780726930126548
OSBPL3,0.0008765388,5,0.0001753077609464526
NEK1,0.0008763606,1,0.000876360572874546
PIAS1,0.00087590143,38,2.3050037653822647e-05
CIAPIN1,0.00087227725,2,0.0004361386236269027
CD72,0.0008716947,8,0.00010896183812292293
TRAFD1,0.0008711323,1,0.0008711323025636375
MCM4,0.0008701209,26,3.3466187932600195e-05
VPS25,0.0008686604,4,0.00021716509945690632
GABRP,0.00086846243,7,0.00012406606193897978
CTHRC1,0.0008668795,2,0.0004334397381171584
SPINK5,0.0008665167,3,0.00028883890869716805
USP4,0.00086607283,4,0.0002165182086173445
IPCEF1,0.0008656321,1,0.0008656320860609412
DOCK3,0.00086536194,11,7.866926766424017e-05
SLC7A2,0.0008636595,15,5.757729910934965e-05
CTRB2,0.0008635043,2,0.0004317521525081247
GABRR3,0.0008621157,10,8.621157030574977e-05
THG1L,0.000861401,3,0.0002871336570630471
CXCL16,0.0008611494,13,6.624226135989794e-05
STON1-GTF2A1L,0.000860714,4,0.00021517850109376013
EPSTI1,0.0008589884,6,0.00014316473000993332
LHPP,0.00085672666,5,0.00017134533263742923
STMN2,0.0008560999,5,0.00017121997661888598
OR8B12,0.0008554564,3,0.0002851521324676772
ZMYND11,0.00085501437,1,0.0008550143684260547
HNF4A,0.00085148035,14,6.082002489295389e-05
NOX3,0.000851387,10,8.513869834132492e-05
SIGIRR,0.0008509961,6,0.0001418326864950359
UQCC2,0.0008498338,1,0.0008498338283970952
ADI1,0.000849733,7,0.00012139043038977044
MLLT1,0.00084638415,6,0.0001410640252288431
INPP1,0.0008461115,9,9.401238963214887e-05
FLNB,0.0008457469,15,5.638312626009186e-05
NECTIN4,0.00084484316,6,0.00014080719362633923
PSRC1,0.0008440153,1,0.0008440152741968632
NAA20,0.0008410281,1,0.0008410281152464449
LSP1,0.00084029505,3,0.0002800983493216336
FEZ1,0.0008399377,1,0.000839937711134553
ATP10B,0.00083966483,3,0.0002798882778733969
ASB3,0.00083942205,7,0.00011991743563807436
NR5A2,0.0008380898,12,6.984081604362775e-05
TMC1,0.0008374563,4,0.00020936407963745296
FAT4,0.00083718216,3,0.0002790607201556365
APTX,0.0008365805,1,0.0008365805260837078
SETX,0.00083594053,2,0.0004179702664259821
TRPV1,0.0008358553,10,8.358553168363869e-05
SHMT2,0.00083554693,40,2.0888673316221684e-05
TRAF3IP2,0.0008325898,4,0.00020814745221287012
SRCAP,0.000832067,1,0.0008320669876411557
LTBP1,0.00083158416,11,7.559855955398895e-05
KCTD1,0.0008301669,5,0.00016603338299319147
GFOD1,0.0008300648,5,0.00016601296374574304
DSCC1,0.00082952075,7,0.00011850296453173672
PAX9,0.00082898483,1,0.0008289848337881267
PPP2R2C,0.0008289523,18,4.6052905316982004e-05
SORBS3,0.0008286898,2,0.00041434488957747817
LHX4,0.00082860386,5,0.00016572077292948962
XYLB,0.0008268037,4,0.00020670091907959431
CD274,0.0008266723,8,0.00010333403770346195
TRPM3,0.00082573947,4,0.00020643486641347408
MEPE,0.0008248261,4,0.00020620651775971055
CRISPLD2,0.0008239071,3,0.0002746356961627801
CCK,0.00082387554,18,4.577086332978474e-05
SKAP2,0.0008231205,4,0.00020578013209160417
TUT7,0.00082236197,3,0.00027412065537646413
SLC9A8,0.0008214072,4,0.0002053517964668572
PHF19,0.0008212529,3,0.0002737509591194491
ZNF282,0.00082015025,4,0.00020503756240941584
CLPTM1L,0.0008173831,1,0.000817383115645498
MAP2,0.00081728783,4,0.00020432195742614567
SOX9,0.0008167448,22,3.712476411072368e-05
FRMD1,0.0008163068,2,0.00040815339889377356
ARMC9,0.0008154119,2,0.00040770595660433173
SULT1A2,0.0008153188,13,6.27168293039386e-05
BANP,0.0008140792,6,0.00013567986510073146
YARS1,0.0008140512,11,7.400465388358994e-05
NEK7,0.00081314263,11,7.392205721275373e-05
GGT5,0.0008110288,24,3.37928674222591e-05
C8orf44-SGK3,0.00081027596,3,0.0002700919867493212
HELZ2,0.0008089006,9,8.987784126980437e-05
MYH8,0.00080876774,3,0.0002695892471820116
ISL1,0.00080870144,9,8.985571589113938e-05
COL3A1,0.00080593454,24,3.358060591078053e-05
APBA2,0.00080480915,4,0.00020120228873565793
MTX2,0.00080365676,2,0.00040182837983593345
TBX21,0.00080255413,11,7.295946654101664e-05
PLEKHH1,0.0008023951,1,0.0008023951086215675
POP1,0.0008016193,5,0.00016032386338338256
UBE2G1,0.0008004553,15,5.3363685340931016e-05
LRIG2,0.0007998458,1,0.0007998457876965404
LIF,0.0007995011,28,2.855361006887896e-05
SLC25A28,0.0007991645,2,0.00039958226261660457
LSR,0.0007989368,10,7.989368168637156e-05
RBFOX1,0.0007985647,6,0.0001330941158812493
RNF217,0.000797653,4,0.00019941324717365205
LIG3,0.0007973797,15,5.3158646915107964e-05
MTMR7,0.0007973515,9,8.859460811234183e-05
ICE1,0.0007971142,3,0.00026570473952839774
ARID1B,0.0007969017,12,6.640847520126651e-05
SCFD1,0.0007965524,13,6.127326140323511e-05
ZFAND5,0.0007963762,2,0.00039818810182623565
DDIT4L,0.0007962531,1,0.0007962530944496393
INPP5K,0.0007960194,16,4.9751211918191984e-05
TMX3,0.00079481356,4,0.0001987033901968971
ZNF300,0.0007947001,4,0.000198675028514117
LDB2,0.000793556,2,0.00039677799213677645
ABHD16A,0.0007933037,1,0.0007933037122711539
HSD17B2,0.0007869486,11,7.154078180478378e-05
ESM1,0.0007840082,1,0.0007840081816539168
TGS1,0.00078038033,12,6.503169424831867e-05
CEP120,0.0007785811,3,0.00025952702465777594
NFIA,0.00077830144,1,0.0007783014443702996
AXL,0.0007778498,8,9.7231226391159e-05
IL19,0.0007771673,9,8.635192514500684e-05
SLC6A13,0.0007756204,14,5.5401457107758946e-05
MIR17HG,0.00077540084,1,0.0007754008402116597
NPBWR2,0.00077520724,9,8.613413794794017e-05
FGD5,0.000774749,6,0.00012912482876951495
TNFSF12,0.0007736379,8,9.670473809819669e-05
OAT,0.00077264424,21,3.6792582943148556e-05
ARL5B,0.0007720371,2,0.00038601853884756565
BRMS1L,0.00076974015,1,0.000769740145187825
VLDLR,0.0007697198,14,5.497998375046466e-05
RAB1A,0.0007696235,26,2.9600903732129016e-05
FCER1A,0.0007693469,8,9.61683617788367e-05
MYL2,0.00076912827,31,2.4810589234074278e-05
RBM28,0.0007688506,1,0.0007688506157137454
SNCA,0.00076731615,11,6.97560132142495e-05
DCD,0.000765459,3,0.0002551529905758798
CENPW,0.00076472416,4,0.00019118103955406696
STX2,0.000764365,4,0.00019109125423710793
DOCK8,0.0007638293,10,7.638292736373841e-05
EPHA3,0.0007620087,9,8.466763473633263e-05
GABRG3,0.00076068804,15,5.071253593390186e-05
AQP12A,0.0007602151,3,0.000253405033921202
POLR3B,0.0007537391,15,5.024927280222376e-05
GLS,0.0007520612,25,3.0082447919994594e-05
LCE3B,0.00075081445,3,0.0002502714827035864
GRXCR1,0.00074955524,4,0.00018738881044555455
MICB,0.0007483524,5,0.0001496704760938883
SDK1,0.00074785604,4,0.00018696401093620807
ABR,0.0007474091,20,3.7370456266216936e-05
LAPTM4A,0.0007447996,2,0.0003723998088389635
DHX16,0.0007429792,6,0.0001238298621804764
FAM120B,0.00074177794,3,0.00024725931386152905
SFTPC,0.000741649,3,0.00024721633720522124
HEXD,0.00074149173,2,0.0003707458672579378
ID3,0.0007401475,11,6.728613516315818e-05
SLC25A37,0.00073999417,2,0.00036999708390794694
DEF6,0.00073951244,11,6.72284037467431e-05
CTRB1,0.0007393613,5,0.00014787225518375635
RDH14,0.00073874224,6,0.00012312370624082783
S1PR2,0.0007382257,13,5.678659251246315e-05
SLC30A8,0.0007369869,10,7.369869272224605e-05
UGT1A9,0.00073572947,45,1.6349543713861042e-05
KCNMA1,0.0007347147,19,3.8669193408599024e-05
ITGA8,0.00073456997,26,2.8252691173782714e-05
OR51Q1,0.00073447434,3,0.0002448247784438233
DAB1,0.0007329941,8,9.162426431430504e-05
PSMD13,0.0007329819,39,1.8794407459119193e-05
SYNE3,0.00073250674,1,0.0007325067417696118
ST8SIA5,0.0007320277,8,9.150346159003675e-05
LILRA2,0.00073196896,5,0.00014639379223808647
ZNF792,0.00073158543,4,0.00018289635772816837
ASAP1,0.00073041103,14,5.217221665329167e-05
FOXM1,0.0007296652,11,6.633320167152719e-05
PTPN7,0.00072725466,11,6.611406041139907e-05
ZNF704,0.0007269299,3,0.0002423099746617178
ANKS1B,0.0007268488,1,0.0007268487825058401
LMO2,0.0007261317,6,0.00012102195372184117
FBXO31,0.00072351284,7,0.00010335897760731834
UCN3,0.0007232465,5,0.00014464929699897766
KIF12,0.0007222559,8,9.028198837768286e-05
ADAMTSL1,0.0007187452,4,0.00017968630709219724
IRGM,0.0007178234,1,0.0007178233936429024
HAND1,0.0007176338,5,0.00014352676225826144
DSC3,0.0007166149,3,0.00023887162872900566
GCA,0.00071618473,3,0.00023872824385762215
HEPHL1,0.00071448734,1,0.0007144873379729688
SELENOP,0.0007126295,7,0.0001018042177227991
CTU2,0.0007123587,4,0.00017808967095334083
RGCC,0.000711399,7,0.00010162843058684043
SLCO1B3,0.000711274,20,3.556369920261204e-05
ADK,0.0007105474,13,5.465749060161985e-05
FUT9,0.0007104444,11,6.458585531535473e-05
SMG7,0.00071018,1,0.0007101799710653722
NSF,0.0007100959,27,2.629984885937086e-05
MPP7,0.00070933026,10,7.093302556313575e-05
RBM5,0.00070932123,5,0.00014186424668878318
VARS2,0.0007088834,7,0.00010126905648836068
SLITRK6,0.00070870854,4,0.00017717713490128517
HSPBP1,0.00070841645,1,0.0007084164535626769
TMEM86B,0.00070839014,6,0.00011806502394999067
GPR135,0.0007079845,1,0.0007079844945110381
MED13L,0.00070753274,3,0.00023584424828489622
KCNQ5,0.00070420874,5,0.00014084174763411282
SMOC2,0.00070385507,1,0.000703855068422854
SEMA4D,0.00070337555,9,7.815283930136098e-05
PXDN,0.00070243026,5,0.00014048605225980282
IP6K2,0.00070226786,10,7.022678619250655e-05
BCL11B,0.00070221076,2,0.0003511053801048547
STX11,0.0006987105,1,0.000698710500728339
NTSR1,0.00069778087,12,5.81484055146575e-05
ARSI,0.00069683976,8,8.710497058928013e-05
ARHGEF3,0.00069457554,14,4.9612538922312e-05
GALNS,0.0006941356,7,9.916223020159773e-05
FBXL4,0.0006919315,7,9.884736001757639e-05
SNX9,0.0006915161,7,9.878801314958505e-05
ZIC1,0.00069062924,2,0.00034531462006270885
CTC1,0.0006903844,7,9.862634552908795e-05
RASSF5,0.00068690337,12,5.7241947312528886e-05
TAGAP,0.0006864943,7,9.807061204420669e-05
ELF5,0.00068610546,2,0.0003430527285672724
STYK1,0.0006860818,1,0.000686081824824214
SUDS3,0.0006856001,15,4.570667321483294e-05
IZUMO1,0.00068518764,3,0.0002283958795790871
HNF4G,0.00068451336,6,0.00011408556019887328
NLRP5,0.00068151084,1,0.0006815108354203403
FKRP,0.0006812062,1,0.0006812061765231192
UBE2V2,0.00068000326,24,2.8333469041778397e-05
NRXN3,0.00067975547,5,0.00013595109339803457
MGAM2,0.0006796265,3,0.00022654215960452953
IL21,0.00067694567,6,0.00011282427779709299
FBXL17,0.0006765735,7,9.665335528552532e-05
BTN2A1,0.00067655684,3,0.00022551894653588533
GLI1,0.00067640014,19,3.5600007609709315e-05
ENC1,0.00067556696,2,0.0003377834800630808
IFNLR1,0.0006735876,11,6.123523714698173e-05
LHX3,0.000670388,5,0.00013407759834080935
TNIP1,0.0006694084,7,9.5629773568362e-05
SSPOP,0.00066796836,4,0.0001669920893618837
CDS1,0.0006669733,11,6.063393613492901e-05
VIP,0.00066666567,25,2.6666626799851654e-05
KCNIP3,0.00066555984,6,0.00011092664014237623
SRGAP2,0.00066537864,18,3.696548002254632e-05
CAPZA2,0.0006652517,20,3.326258447486907e-05
UBE2E3,0.0006651683,9,7.390758643547694e-05
S100B,0.00066290936,7,9.47013364306518e-05
CENPX,0.0006625188,8,8.281484770122916e-05
NFATC2IP,0.000661044,1,0.0006610439741052687
ZP2,0.0006597442,4,0.00016493604925926775
USP12,0.0006594572,4,0.00016486429376527667
KRT4,0.00065726764,2,0.00032863381784409285
VIL1,0.0006563395,2,0.0003281697572674602
ROBO2,0.0006543009,11,5.9481900693340734e-05
MBP,0.0006541811,6,0.00010903018604343136
POGLUT1,0.00065213477,5,0.00013042695354670286
TP53AIP1,0.00065107417,14,4.6505297567429284e-05
OR52Z1,0.00065055,2,0.0003252750029787421
PSMF1,0.0006503052,7,9.29007406479546e-05
PHOX2B,0.000648034,2,0.0003240169899072498
ERN1,0.00064763427,21,3.08397270384289e-05
OSCAR,0.00064707035,6,0.00010784505866467953
RGMB,0.00064642844,6,0.00010773807298392057
LGI1,0.0006462354,2,0.0003231177106499672
ATP6V1G1,0.0006447952,29,2.223431686710181e-05
EPHA10,0.00064473314,4,0.00016118328494485468
ZNF112,0.00064444466,4,0.0001611111656529829
OR5H15,0.0006435964,3,0.00021453213412314653
MSR1,0.00064340583,5,0.0001286811660975218
EXPH5,0.00064313115,1,0.0006431311485357583
MON1B,0.0006431263,4,0.0001607815793249756
MAGI2,0.0006423797,5,0.00012847593752667307
NR4A1,0.00064125936,28,2.290212017084871e-05
ZNF343,0.0006408314,4,0.00016020785551518202
LAIR1,0.00064053293,5,0.00012810658663511276
SETMAR,0.0006386473,2,0.000319323648000136
THOC1,0.0006382859,10,6.382858846336603e-05
OTX1,0.0006378109,1,0.0006378109101206064
CSNK1A1L,0.0006361432,18,3.534128902376526e-05
SLC26A7,0.0006357066,6,0.00010595109779387712
ACP6,0.00063517067,7,9.073866697560464e-05
SMARCC2,0.0006334016,16,3.95876013499219e-05
PDE1A,0.00063261617,27,2.343022842305126e-05
PKIG,0.0006325007,2,0.00031625034171156585
CARMIL1,0.0006309522,2,0.00031547609250992537
TBX5,0.0006289075,6,0.00010481792075249056
SLC25A17,0.00062883354,9,6.987039361976915e-05
EVI5,0.0006280547,1,0.0006280547240749002
PRTG,0.0006272422,1,0.0006272422033362091
ENPP2,0.0006265896,6,0.00010443159650700788
MAP1LC3B,0.00062614813,14,4.472486658154854e-05
ITLN2,0.0006257001,1,0.0006257001077756286
PUS1,0.00062534906,5,0.0001250698114745319
DNAH12,0.0006244222,10,6.244222167879343e-05
SERPINB5,0.00062396546,6,0.00010399424354545772
KHDRBS3,0.00062294875,4,0.0001557371870148927
CCDC124,0.00062222953,1,0.000622229534201324
RCAN1,0.00062189304,8,7.77366294641979e-05
WRN,0.000620977,35,1.77422006215368e-05
ADAMTS7,0.00062083657,4,0.00015520914166700095
LECT2,0.0006202628,1,0.0006202628137543797
CDH7,0.00061911176,7,8.844453675140227e-05
LAIR2,0.00061790616,3,0.0002059687200623254
CPEB4,0.00061661896,4,0.00015415473899338394
TAF1B,0.0006163411,12,5.136175605002791e-05
HCAR3,0.00061627163,9,6.847462565120723e-05
KIF21B,0.00061603513,8,7.700439164182171e-05
SIGLEC12,0.000615296,3,0.00020509867075209817
H19,0.0006109945,3,0.00020366484144081673
LIN52,0.0006097464,9,6.774959749438697e-05
MYBL2,0.00060907117,17,3.582771579899332e-05
FUT10,0.0006089636,4,0.0001522409002063796
CDK14,0.00060892676,1,0.0006089267553761601
SIX3,0.0006083766,1,0.000608376576565206
CD226,0.0006080318,4,0.0001520079531474039
RUVBL2,0.0006050298,8,7.562872633570805e-05
ATXN8OS,0.0006045264,1,0.0006045263726264238
PPP2R2B,0.0006023543,20,3.0117714777588846e-05
RAPGEF5,0.00060195837,4,0.00015048959176056087
OR2G2,0.0005970134,3,0.00019900446447233358
IGFBP7,0.00059652666,11,5.422969645058567e-05
COTL1,0.00059559994,3,0.00019853331226234636
STC1,0.00059541914,1,0.0005954191437922418
SATB2,0.000595124,13,4.5778767134134585e-05
MEP1B,0.0005943706,2,0.0002971852954942733
SLAMF7,0.00059402623,4,0.00014850655861664563
RPP21,0.0005931243,4,0.0001482810766901821
GFPT2,0.0005921356,13,4.554889164865017e-05
HOPX,0.00059074967,1,0.0005907496670261025
LRRC25,0.00059072074,1,0.0005907207378186285
IL22RA2,0.00059012976,7,8.430425077676773e-05
DDR2,0.00059005857,4,0.00014751464186701924
SYNE4,0.0005893184,1,0.0005893183988519013
ARNT2,0.0005868924,8,7.336155249504372e-05
CLDN14,0.00058577606,10,5.857760552316904e-05
CACNB2,0.0005851688,28,2.0898884810906437e-05
EXTL2,0.00058478065,4,0.0001461951615056023
C15orf39,0.00058429135,1,0.0005842913524247706
F11R,0.00058387005,21,2.7803335494051378e-05
CRYAA,0.0005826974,1,0.0005826973938383162
GPR75-ASB3,0.00058103225,7,8.300460675465209e-05
CRHR1,0.0005810108,20,2.9050541343167424e-05
PHB,0.0005797278,4,0.00014493195340037346
NFASC,0.0005791376,10,5.791375879198313e-05
STIL,0.00057864876,1,0.00057864875998348
CSGALNACT1,0.0005786213,11,5.2601935087957166e-05
BCL2L11,0.0005781659,49,1.1799304641555158e-05
CD38,0.0005764528,17,3.3908989280462265e-05
ITM2B,0.00057502574,1,0.000575025740545243
ASIC4,0.00057492685,1,0.000574926845729351
CDH19,0.0005743179,2,0.0002871589385904372
RGS3,0.0005727788,15,3.818525389457742e-05
MGAT4A,0.0005726421,11,5.2058370783925056e-05
SFRP5,0.00057246577,4,0.00014311644190456718
TYMP,0.0005708687,23,2.4820379305468954e-05
CCL24,0.00057074416,4,0.00014268603990785778
PNKD,0.00056961336,1,0.0005696133594028652
SLC23A1,0.00056795566,6,9.465927723795176e-05
XXYLT1,0.00056615245,1,0.0005661524483002722
FAM110A,0.000565716,1,0.000565716007258743
SLC7A8,0.0005651346,38,1.4871962392996801e-05
ANO3,0.0005644324,3,0.00018814413730675975
ZNF14,0.0005637062,5,0.00011274124262854457
CDKN2D,0.0005632883,19,2.964675169144022e-05
RANBP3,0.00056198245,3,0.0001873274838241438
HNRNPD,0.00056193257,7,8.027608107243265e-05
ELL2,0.0005597295,3,0.0001865765079855919
RBBP6,0.0005587055,10,5.58705476578325e-05
OR51E1,0.00055717333,3,0.0001857244448425869
GCKR,0.00055705674,7,7.957953494042158e-05
MSRA,0.0005554815,4,0.0001388703822158277
KBTBD8,0.00055511197,7,7.93017097748816e-05
PRPF31,0.0005545691,5,0.00011091382475569844
PSMA6,0.0005541339,33,1.679193651811643e-05
MYO5B,0.0005541153,1,0.0005541152786463499
EEF1A2,0.00055353466,9,6.150385080319311e-05
MTIF3,0.00055303104,4,0.0001382577611366287
GPR25,0.0005516452,11,5.014956166798418e-05
SCN8A,0.0005514617,9,6.127352308895852e-05
HECW2,0.00055097946,4,0.00013774486433248967
CLIC5,0.00054973643,4,0.0001374341081827879
RBM17,0.0005493406,6,9.155677010615666e-05
SORBS2,0.0005493328,1,0.0005493328208103776
OR1B1,0.0005487816,3,0.0001829271980871757
EYA1,0.00054871757,7,7.838822369064604e-05
RPSA,0.00054850586,32,1.7140808267868124e-05
PBX3,0.00054841576,3,0.00018280525303756198
PCBD2,0.00054765417,3,0.0001825513900257647
SKIL,0.0005465655,21,2.6026929152153788e-05
GFRA2,0.0005465595,10,5.465595168061554e-05
HIVEP2,0.0005464649,1,0.0005464648711495101
LRP12,0.0005461599,6,9.102665353566408e-05
ANXA11,0.0005454652,2,0.00027273260639049113
KCTD13,0.0005449639,7,7.785198977217078e-05
LTBP2,0.000544244,4,0.00013606100401375443
TBX3,0.00054373743,3,0.00018124581159402928
PGAP1,0.00054275326,5,0.00010855065193027258
PAX7,0.00054167275,3,0.00018055758361394206
TRIM22,0.00054150796,5,0.00010830159299075603
OR13D1,0.00054138,3,0.00018046000817169747
CCDC187,0.00054132496,5,0.00010826499201357364
ADAP2,0.000539596,1,0.0005395960179157555
GPX5,0.0005391447,16,3.369654223206453e-05
NMRK1,0.0005388981,6,8.981635134356718e-05
STIM2,0.0005388918,2,0.0002694459108170122
OR2T3,0.0005386241,3,0.00017954137486716112
LILRA3,0.0005371446,7,7.673494318234069e-05
TAF11,0.00053707283,21,2.557489677287993e-05
TPK1,0.00053630833,8,6.703854160150513e-05
CCL23,0.0005362331,12,4.468609404284507e-05
PROKR2,0.0005362152,9,5.9579466728286614e-05
GALNT6,0.00053547375,8,6.693421892123297e-05
BICD1,0.00053329335,5,0.00010665867011994123
OR14J1,0.0005313581,4,0.00013283953012432903
CYBRD1,0.00053082523,3,0.0001769417431205511
SYNE1,0.0005286203,1,0.0005286203231662512
B3GALT1,0.00052845525,7,7.549360660570008e-05
PPP1R17,0.0005265255,1,0.0005265254876576364
RNF41,0.0005260704,13,4.046695539727807e-05
TRIM26,0.0005251141,4,0.0001312785316258669
PRM3,0.00052499014,1,0.0005249901441857219
MYOCD,0.0005247727,2,0.0002623863401822746
DHDH,0.0005240333,3,0.00017467777555187544
DMRT1,0.000523944,4,0.00013098599447403103
IL17RB,0.0005235445,3,0.000174514832906425
ZNF347,0.00052016607,4,0.0001300415169680491
COL22A1,0.00051526306,5,0.00010305261239409446
PHYKPL,0.00051404367,7,7.343480995457088e-05
TLN2,0.0005135742,7,7.336774641381843e-05
ADAMTS20,0.0005118924,4,0.00012797309318557382
IL17C,0.0005116962,3,0.00017056540430833897
UGT1A4,0.00051150855,38,1.346075135332189e-05
TSPAN33,0.00050991564,2,0.00025495782028883696
MEX3B,0.00050990866,1,0.0005099086556583643
GLRX,0.0005098462,7,7.28351712626006e-05
MCUB,0.0005095051,3,0.0001698350339817504
SPATA2,0.00050885166,1,0.0005088516627438366
IGSF11,0.0005057665,1,0.0005057664820924401
MAS1L,0.0005057259,2,0.0002528629556763917
LMAN2L,0.00050556945,9,5.617438324002756e-05
SLC9A9,0.0005052755,4,0.00012631887511815876
SEMA6A,0.00050484756,7,7.212107967851418e-05
OR12D2,0.0005044556,3,0.0001681518624536693
CDH20,0.00050404214,2,0.0002520210691727698
MRPS10,0.0005013206,7,7.161722585026707e-05
TRIM5,0.00050071365,6,8.345227494525413e-05
GSDME,0.00049990724,3,0.00016663574691240987
OSTF1,0.0004983824,3,0.00016612745821475983
NAPRT,0.00049621525,10,4.962152452208102e-05
NTNG1,0.00049558096,6,8.259682605663936e-05
CAAP1,0.0004952984,1,0.0004952984163537621
NCAM2,0.0004933996,2,0.00024669981212355196
OXTR,0.00049339444,15,3.289296291768551e-05
ROS1,0.00049147377,3,0.00016382458852604032
MED26,0.00049077504,5,9.815500816330313e-05
MMRN1,0.0004893209,4,0.00012233022425789386
CD70,0.0004889415,5,9.778829989954829e-05
SERBP1,0.00048651246,1,0.000486512464703992
QTRT2,0.0004856898,3,0.00016189659557615718
HELLS,0.0004852274,3,0.00016174247139133513
ERG,0.00048460966,5,9.692193125374616e-05
NLRP2,0.0004835923,1,0.0004835923027712852
TOX3,0.00048247847,2,0.00024123923503793776
TP53BP2,0.00048171717,17,2.8336304239928722e-05
UBE2QL1,0.0004809595,1,0.00048095951206050813
ZNF624,0.0004803075,4,0.00012007687473669648
HDAC11,0.00048022697,20,2.4011348432395608e-05
SLC13A2,0.00047972339,6,7.995389751158655e-05
LRRC1,0.00047967234,5,9.593446739017964e-05
NDUFAF6,0.00047783094,6,7.96384895996501e-05
VASH1,0.0004775669,3,0.00015918896921599904
LY6D,0.0004772906,3,0.0001590968652938803
SYT2,0.00047581506,12,3.965125506510958e-05
MSTN,0.00047553034,18,2.641835211155315e-05
HSPA4,0.00047411618,10,4.741161828860641e-05
ZNF783,0.00047377025,1,0.0004737702547572553
MLPH,0.00047341065,1,0.0004734106478281319
OR12D3,0.00047334374,4,0.00011833593453047797
PNPLA3,0.00047258585,10,4.725858452729881e-05
ADGRL2,0.00047001246,2,0.00023500622774008662
KLF13,0.00046802737,1,0.0004680273705162108
TJP3,0.00046734948,2,0.00023367474204860628
BRD2,0.000466783,6,7.779716785686712e-05
LMX1A,0.00046603632,1,0.00046603631926700473
SMYD3,0.0004659682,6,7.766136453331758e-05
RABEP1,0.00046397094,5,9.279418736696243e-05
FZR1,0.0004622719,31,1.4911997207109966e-05
GAP43,0.0004621567,7,6.602238447937583e-05
EPHX1,0.00046127252,18,2.56262509436864e-05
KSR2,0.00046122444,19,2.427497039254951e-05
SELENOV,0.00046119586,1,0.00046119585749693215
ARHGAP27,0.00045966715,6,7.661119161639363e-05
PDE6D,0.00045963284,14,3.2830916877303806e-05
MED18,0.00045941953,2,0.00022970976715441793
CHAF1B,0.00045929948,1,0.00045929948100820184
EMP2,0.00045888452,1,0.00045888451859354973
SFRP1,0.0004583222,16,2.864513771783095e-05
MICALL2,0.00045746856,1,0.0004574685590341687
RBM25,0.00045707703,1,0.0004570770252030343
TAOK2,0.00045317292,6,7.55288201617077e-05
BUB1,0.0004531724,27,1.678416285560363e-05
UGT1A6,0.00045258756,36,1.257187654522972e-05
SLCO4C1,0.0004515783,7,6.451118471367019e-05
DHH,0.00045151712,22,2.0523505306548692e-05
NCALD,0.00045025256,7,6.432179361581802e-05
PADI6,0.00045021487,4,0.00011255371646257117
CALY,0.00044897522,1,0.0004489752172958106
PRDM16,0.00044485636,9,4.9428483988675806e-05
TRPA1,0.00044443118,6,7.407186300648998e-05
ABCA12,0.0004442453,4,0.00011106132296845317
TIE1,0.0004427937,1,0.0004427937092259526
RCL1,0.00044244176,5,8.848835132084787e-05
CHGB,0.00044216035,4,0.0001105400879168883
VHL,0.00044185278,37,1.1941967091548281e-05
SLC44A2,0.0004417231,13,3.397869967067471e-05
UTP11,0.0004414515,4,0.00011036287469323725
STXBP4,0.0004402297,3,0.00014674323028884828
CCN4,0.00043945442,2,0.00021972721151541919
GJA5,0.00043926152,3,0.00014642050761419037
SEPTIN12,0.0004384228,3,0.000146140936218823
DNAJC5,0.0004383327,8,5.479158789967187e-05
TRIM31,0.00043812123,4,0.00010953030869131908
RNASET2,0.0004373823,3,0.00014579409616999328
IL17RD,0.00043693362,9,4.854818042885098e-05
GDAP1,0.0004366913,3,0.0001455637684557587
PCDH15,0.0004350447,4,0.00010876117448788136
TOP3A,0.00043498568,26,1.6730218283975355e-05
ACVRL1,0.0004349128,13,3.34548307224535e-05
IFT88,0.00043476195,14,3.105442530275988e-05
LPP,0.00043402446,3,0.00014467482105828822
UBASH3B,0.0004335359,2,0.00021676794858649373
LDLRAD4,0.00043316418,1,0.00043316418305039406
CEPT1,0.00043162223,16,2.6976389563060366e-05
KIF1C,0.00043091836,8,5.386479460867122e-05
CES1P1,0.00043019518,1,0.0004301951848901808
CPEB3,0.00042958467,2,0.00021479233691934496
SLC22A4,0.0004267845,6,7.11307511664927e-05
ATAT1,0.00042626375,2,0.00021313187608029693
SLC22A5,0.00042589463,13,3.276112525222393e-05
MBD5,0.00042530513,4,0.00010632628254825249
SSTR5,0.00042528973,13,3.271459494359218e-05
CHN2,0.00042447489,7,6.063926931736725e-05
SHBG,0.00042372858,1,0.0004237285756971687
QPRT,0.00042282362,15,2.8188241412863135e-05
TOM1L1,0.00042264134,1,0.0004226413439027965
SHTN1,0.00042248794,5,8.449758752249181e-05
ZNF804B,0.00042235065,3,0.00014078355161473155
TIMMDC1,0.00041949446,5,8.389889262616634e-05
ZBP1,0.00041946347,14,2.9961676253671093e-05
UMOD,0.00041939545,3,0.0001397984839665393
CNTN5,0.00041937758,3,0.0001397925273825725
CCT6B,0.00041708528,10,4.170852771494538e-05
PLPPR1,0.00041670358,5,8.334071608260274e-05
NTM,0.00041659508,3,0.00013886502711102366
SEPTIN7,0.00041610975,4,0.00010402743646409363
CHIT1,0.0004147264,13,3.19020316685335e-05
TAOK3,0.00041463965,11,3.7694513924758546e-05
VTI1A,0.0004140365,6,6.900608423165977e-05
CAPG,0.000413317,1,0.00041331700049340725
NOSTRIN,0.00041253708,3,0.00013751235868160924
ACBD3,0.0004123155,5,8.246310171671212e-05
LY9,0.00041038802,1,0.000410388020100072
ATP8A1,0.0004092886,10,4.092885938007384e-05
HABP4,0.00040895198,4,0.00010223799472441897
LHX2,0.00040851108,6,6.80851808283478e-05
PPP4R2,0.00040658732,6,6.776455362948279e-05
GPC6,0.00040636316,14,2.9025940291051355e-05
ARHGAP5,0.0004030686,31,1.3002213240871506e-05
RSPO2,0.00040083978,5,8.016795618459582e-05
LRRC4C,0.00039934527,2,0.0001996726350625977
ZNF737,0.0003993151,4,9.982877236325294e-05
UBE3D,0.00039925065,4,9.981266339309514e-05
RNF19B,0.00039888144,4,9.97203605948016e-05
SPOP,0.00039886375,8,4.985796840628609e-05
TIAM2,0.00039877323,14,2.848380245268345e-05
CUX1,0.0003985344,10,3.9853440830484034e-05
SMR3B,0.00039745393,1,0.0003974539285991341
ARHGAP31,0.00039615508,7,5.659358326478728e-05
RPH3A,0.00039578494,2,0.00019789247016888112
TBL1XR1,0.00039499078,33,1.1969417700487556e-05
AOPEP,0.00039472495,3,0.00013157498324289918
IGF2BP1,0.00039306932,9,4.367436890283393e-05
PIGT,0.00039296364,6,6.549394068618615e-05
NFKB2,0.00039287636,92,4.270395236191057e-06
ITGAE,0.00039236865,9,4.3596516156362166e-05
PITPNM2,0.0003916467,5,7.832933915778995e-05
MPDZ,0.0003914911,1,0.00039149110671132803
OASL,0.00039118802,8,4.889850242761895e-05
CDC14A,0.00039044127,10,3.904412733390927e-05
MPP4,0.00038952407,1,0.00038952406612224877
CYTIP,0.00038926784,1,0.0003892678359989077
NRGN,0.0003880747,6,6.467911589425057e-05
NECAP1,0.0003879717,6,6.46619494849195e-05
TMPRSS11D,0.00038770607,1,0.00038770606624893844
TMED3,0.00038765915,11,3.524174098856747e-05
ARHGEF10,0.00038745656,17,2.2791562300613697e-05
SIGLEC1,0.00038698383,4,9.674595639808103e-05
NAT2,0.00038655114,10,3.865511389449239e-05
RAP2B,0.00038582255,4,9.64556384133175e-05
SFPQ,0.00038539604,13,2.9645849001378967e-05
NPAP1,0.00038466114,1,0.0003846611361950636
TMEM170A,0.00038420036,1,0.0003842003643512726
B3GNTL1,0.00038285428,4,9.571357077220455e-05
PLA1A,0.00038266554,9,4.251839386092292e-05
GXYLT1,0.00038226703,2,0.0001911335129989311
NFIB,0.0003818974,2,0.00019094870367553085
CD200,0.00038179132,4,9.544783097226173e-05
ST8SIA4,0.00038115875,12,3.176322934450582e-05
KCNN4,0.00038049265,7,5.4356093252343794e-05
DNAH2,0.0003800204,3,0.00012667347133780518
ESRRG,0.00037913604,5,7.582720718346536e-05
DCTN6,0.0003789055,17,2.2288559086839942e-05
CHP2,0.00037883493,1,0.00037883492768742144
USP25,0.0003786247,5,7.57249421440065e-05
COMT,0.00037856612,37,1.0231516884035758e-05
LNPEP,0.00037779828,11,3.4345298031853005e-05
SERPINE2,0.00037710957,4,9.427739132661372e-05
TBX19,0.00037670802,1,0.00037670801975764334
RAB11FIP3,0.0003765,6,6.274999759625643e-05
VLDLR-AS1,0.00037523493,1,0.00037523492937907577
RAD18,0.00037503996,7,5.3577137545549446e-05
ASIC2,0.0003748432,5,7.496863836422562e-05
GRM4,0.00037382336,17,2.1989609676358453e-05
ZNF768,0.00037354953,1,0.0003735495265573263
CLN5,0.00037310453,1,0.00037310452898964286
VSIR,0.0003726279,1,0.00037262789555825293
ACSF3,0.00037171226,7,5.310175142117909e-05
ADAMTS2,0.00037162384,8,4.645298031391576e-05
SOX17,0.00037057916,12,3.08815967097568e-05
CDH16,0.00036988547,3,0.00012329515690604845
CLVS1,0.00036951897,5,7.390379323624074e-05
TTLL12,0.00036935468,3,0.00012311822501942515
TNFSF13,0.000368908,12,3.0742332455702126e-05
NLRP12,0.00036862266,2,0.00018431132775731385
PLCD3,0.00036849192,17,2.1675995359306826e-05
PROK2,0.00036823613,8,4.602951594279148e-05
LRRTM4,0.00036819972,3,0.00012273323955014348
MORF4L1,0.0003677716,4,9.194290032610297e-05
USP34,0.00036746013,7,5.249430458726627e-05
TRIB1,0.00036723996,6,6.120666027224313e-05
PEBP1,0.00036679214,12,3.0566011749518417e-05
KIF11,0.0003651709,8,4.564636401482858e-05
SYNJ2,0.00036380527,18,2.021140406011707e-05
CORIN,0.00036302602,5,7.260520360432565e-05
UGT3A2,0.00036296627,4,9.074156696442515e-05
OR51G2,0.00036271533,3,0.00012090511154383421
GPD1,0.00036229572,17,2.131151268258691e-05
ICAM1,0.00036217956,46,7.873468743839666e-06
PPP2R3A,0.00036186713,15,2.412447550644477e-05
OR5K4,0.00036180738,3,0.00012060246081091464
LSAMP,0.0003611621,3,0.00012038736410128574
ATF5,0.00036113424,5,7.222684798762203e-05
PACRG,0.00036070662,1,0.0003607066173572093
CALCRL,0.00035940812,17,2.1141654168091275e-05
DOCK5,0.00035829563,10,3.58295626938343e-05
DNAJB11,0.00035819426,15,2.3879617219790817e-05
CDX1,0.00035743677,1,0.00035743677290156484
WHRN,0.00035635705,5,7.12714099790901e-05
IQSEC1,0.00035533347,4,8.883336704457179e-05
FARS2,0.00035479636,7,5.068519385531545e-05
NEUROG2,0.00035313476,1,0.0003531347610987723
AIM2,0.0003524978,9,3.916642162948847e-05
HTD2,0.00035249454,8,4.406181687954813e-05
SLC15A1,0.00035238266,5,7.047653198242188e-05
UGT1A8,0.0003523592,21,1.6779009629750535e-05
BRINP1,0.00035028753,3,0.00011676251112173001
ANXA6,0.0003501103,4,8.752757275942713e-05
PTPRT,0.00034812238,1,0.0003481223830021918
CDH13,0.00034639597,7,4.948513898333269e-05
LRRFIP1,0.00034459322,11,3.132665667428889e-05
SYT10,0.0003434469,4,8.58617277117446e-05
DSCAML1,0.00034338178,5,6.867635529488325e-05
CCL20,0.00034192676,19,1.7996145240766437e-05
MIR129-2,0.00034162868,2,0.00017081433907151222
MIR129-1,0.0003416216,2,0.00017081080295611173
TSPAN15,0.00034114852,2,0.00017057426157407463
TTLL10,0.00034084206,3,0.00011361401993781328
PLPP4,0.0003404722,7,4.863888690514224e-05
LATS2,0.00034019168,11,3.0926516046747565e-05
SLC6A20,0.0003398566,37,9.185313624707428e-06
SEMA3F,0.00033910488,1,0.00033910488127730787
HIC1,0.00033878649,8,4.23483106715139e-05
CNOT10,0.00033642,11,3.058363588272848e-05
CNTFR,0.0003361054,13,2.58542624158928e-05
KCNK18,0.00033476303,7,4.7823289475802865e-05
HNRNPH1,0.0003347175,12,2.789312566164881e-05
CPLANE1,0.00033416934,3,0.00011138977909771104
BCL2A1,0.00033382734,10,3.3382733818143606e-05
LINC00624,0.00033351357,1,0.000333513569785282
ACOT11,0.0003328094,4,8.320235065184534e-05
HERC2P10,0.00033274636,1,0.00033274636371061206
PDGFD,0.00033252043,21,1.5834306222608402e-05
UNC13A,0.00033090886,3,0.00011030295475696524
LIN28B,0.0003306277,3,0.00011020923072161774
ELP1,0.00032899107,6,5.483184456049154e-05
CHD7,0.00032870015,2,0.00016435007273685187
NEB,0.00032842514,4,8.210628584492952e-05
CACNA2D3,0.0003279129,12,2.7326073904987425e-05
DLGAP2,0.00032771815,3,0.00010923938437675436
NUDT12,0.00032734533,9,3.637170367356804e-05
ADAMTS17,0.00032634588,4,8.158646960509941e-05
GPR19,0.00032624239,1,0.0003262423851992935
MSRB2,0.0003258967,12,2.71580574917607e-05
DCP1B,0.00032559672,6,5.4266119453435145e-05
GFER,0.00032551255,2,0.000162756274221465
DSPP,0.00032408777,4,8.102194260573015e-05
CASP4,0.00032400564,14,2.3143259958097978e-05
RB1CC1,0.0003233115,13,2.487011638899835e-05
TSEN34,0.00032264617,4,8.06615425972268e-05
CIDEA,0.00032077395,4,8.019348751986399e-05
PMP22,0.00032074083,6,5.34568049867327e-05
CITED2,0.000320251,12,2.668758437115078e-05
RTEL1,0.00031994042,13,2.4610801259628854e-05
PCLO,0.0003194734,1,0.0003194733872078359
UGT1A7,0.0003187309,25,1.274923561140895e-05
ADD2,0.00031851226,2,0.00015925613115541637
PDE3A,0.00031780146,14,2.2700104247113423e-05
ONECUT1,0.0003168081,4,7.920202187960967e-05
SIRPB1,0.00031547164,7,4.506737708912364e-05
GDF10,0.00031507682,11,2.8643347005444493e-05
PDCL,0.00031321155,4,7.830288814147934e-05
RAP1GAP2,0.00031213654,3,0.00010404551479344566
TTYH1,0.00031199423,3,0.00010399807554980119
B3GALT5,0.00031126995,7,4.44671355320939e-05
SEMA3C,0.00031108176,2,0.00015554088167846203
HNRNPM,0.000310135,11,2.8194089695303276e-05
NQO2,0.00031005486,4,7.751371595077217e-05
MAGI1,0.00030969916,6,5.161652613120774e-05
NMI,0.00030738732,4,7.684683077968657e-05
NFKBIZ,0.00030684622,3,0.0001022820749009649
RYK,0.0003038764,17,1.7875083037378156e-05
CLMN,0.00030371288,1,0.0003037128772120923
BSND,0.00030350522,3,0.00010116840712726116
ANTXR1,0.00030343176,7,4.334739475910153e-05
IL22RA1,0.00030215975,10,3.021597512997687e-05
PHOX2A,0.00030205466,1,0.0003020546573679894
GTF3A,0.0003015325,11,2.7412045958705924e-05
TBC1D32,0.0003006415,1,0.00030064149177633226
NAGPA,0.00030050884,1,0.00030050883651711047
ERLEC1,0.00030009332,13,2.3084101625359974e-05
SLCO4A1,0.00029995118,8,3.7493897252716124e-05
ZNF248,0.00029972286,4,7.493071461794898e-05
SIX2,0.00029923927,1,0.00029923926922492683
TDRD9,0.00029832817,3,9.94427246041596e-05
IHO1,0.00029791179,1,0.0002979117853101343
RP1L1,0.00029669743,1,0.0002966974279843271
SPNS1,0.00029553194,1,0.0002955319359898567
HAPLN1,0.00029548435,2,0.00014774217561352998
U2SURP,0.00029449502,5,5.889900494366884e-05
SNRPC,0.0002943739,6,4.906231576266388e-05
DACT2,0.00029417276,2,0.0001470863790018484
HTR1F,0.0002937672,15,1.9584479741752147e-05
IRAG2,0.0002935042,3,9.783473797142506e-05
NUDT3,0.0002931724,4,7.329310028580949e-05
FAR2,0.000292434,5,5.848680157214403e-05
PCF11,0.00029179998,11,2.652727099220184e-05
SUPT6H,0.0002914281,5,5.828561843372882e-05
CDH22,0.00029088993,2,0.0001454449666198343
RHOBTB2,0.00029069776,8,3.633722008089535e-05
TRIP11,0.00029065617,11,2.6423288297585465e-05
SPRY4,0.00029043684,2,0.0001452184224035591
PLIN5,0.00028974933,1,0.00028974932502023876
CDH15,0.00028974123,10,2.897412341553718e-05
ADIPOQ,0.00028849384,21,1.3737802094380771e-05
FHIT,0.0002882888,5,5.76577614992857e-05
ATP9B,0.00028736523,3,9.578840884690483e-05
SENP2,0.00028692634,10,2.8692634077742696e-05
ALCAM,0.0002856024,5,5.712048150599003e-05
ERI1,0.00028456651,1,0.0002845665148925036
CACNA2D4,0.00028382285,9,3.1535872646297015e-05
DHTKD1,0.00028328397,19,1.4909682489049278e-05
SLC14A1,0.00028276411,4,7.069102866807953e-05
COL6A5,0.00028175424,19,1.48291705715421e-05
CADM2,0.00028058197,5,5.611639353446663e-05
COX20,0.00027980667,2,0.0001399033353663981
NHLRC3,0.00027974191,3,9.324730490334332e-05
CA12,0.00027855733,3,9.285244353425999e-05
ZNF226,0.00027825308,4,6.956326978979632e-05
GUCY2C,0.00027689536,10,2.768953563645482e-05
GRHL2,0.0002752342,1,0.0002752341970335692
DBN1,0.0002744433,9,3.049370004898972e-05
ADIPOR1,0.00027390115,10,2.7390115428715943e-05
PADI4,0.00027367094,4,6.841773574706167e-05
SIPA1L2,0.00027149246,1,0.00027149246307089925
SATB1,0.00027138568,11,2.4671425556086682e-05
DHX29,0.00027120174,1,0.00027120174490846694
LAT2,0.00027025968,7,3.860852614577327e-05
DNMT1,0.00027017482,29,9.316372974165555e-06
RFNG,0.00027009775,9,3.001086103419463e-05
CIT,0.00026940712,12,2.245059295091778e-05
REXO2,0.00026641108,1,0.00026641107979230583
SLC43A2,0.0002661007,8,3.3262585930060595e-05
RAB11FIP5,0.00026608544,1,0.00026608543703332543
BCAS3,0.00026377878,1,0.00026377878384664655
PCSK6,0.00026357325,13,2.0274865584304698e-05
HLX,0.0002631549,3,8.771830471232533e-05
AK2,0.00026237153,12,2.1864293861047674e-05
MED12L,0.00026174518,1,0.00026174518279731274
DUT,0.0002611428,15,1.7409519447634617e-05
LILRB5,0.0002608934,5,5.2178680198267104e-05
VPS29,0.00026083752,6,4.3472920272809766e-05
VPS54,0.0002607542,4,6.518854934256524e-05
BET1L,0.00026026112,11,2.3660101843151178e-05
CAMK1D,0.00025990256,5,5.1980512216687204e-05
NSD1,0.00025924094,8,3.2405117963207886e-05
EPHA7,0.00025921085,6,4.320180839082847e-05
KCNH7,0.00025912188,3,8.637395997842152e-05
GPR35,0.00025738214,6,4.2897023377008736e-05
EBF3,0.00025734157,1,0.00025734156952239573
ZCCHC7,0.00025715315,1,0.00025715315132401884
MRPL46,0.00025639782,6,4.273296993536254e-05
PABPC4L,0.0002562661,3,8.542203189184268e-05
ZNF703,0.000255493,3,8.516433687570195e-05
XIRP2,0.0002549946,4,6.374865188263357e-05
KANSL1,0.0002549864,4,6.374660006258637e-05
BDH2,0.0002538429,9,2.8204767861300046e-05
SEC62,0.00025380746,2,0.00012690373114310205
CEP43,0.0002534522,24,1.0560507992825782e-05
PTPN3,0.00025321322,9,2.8134802252882058e-05
ZMIZ1,0.00025319448,3,8.439815913637479e-05
APOH,0.00025278586,5,5.0557171925902365e-05
UBR5,0.00025267186,2,0.0001263359299628064
KANK1,0.00025194295,5,5.0388590898364784e-05
KDM5B,0.00025159447,9,2.7954940580659444e-05
LAMA3,0.00025107307,34,7.384502061861841e-06
ABCF1,0.0002505053,3,8.350177085958421e-05
SERINC3,0.00025040883,3,8.346961112692952e-05
PCK2,0.0002497466,26,9.605638647022155e-06
TRAPPC12,0.0002493976,4,6.234939792193472e-05
ZNF549,0.0002493488,4,6.233720341697335e-05
OR4E1,0.00024907818,3,8.302605904949208e-05
AREL1,0.00024783323,4,6.195830792421475e-05
CNTN4,0.00024726655,3,8.242218367134531e-05
MANBA,0.00024680994,8,3.085124262725003e-05
TBX20,0.00024635522,2,0.00012317761138547212
SBSPON,0.00024545772,4,6.136442971182987e-05
MATR3,0.00024518036,2,0.0001225901796715334
NEFM,0.00024467663,5,4.893532604910433e-05
FMOD,0.00024391293,8,3.0489116397802718e-05
NCOA4,0.00024234506,8,3.0293133022496477e-05
PEX19,0.00024222115,6,4.0370192436967045e-05
SRP54,0.00024172958,6,4.028826272891214e-05
AGAP1,0.00024128157,1,0.00024128156655933708
TMC6,0.00024036107,3,8.012035686988384e-05
SLC25A26,0.00023898351,4,5.974587838863954e-05
LINC00970,0.0002388147,1,0.00023881469678599387
POU2F3,0.00023843345,2,0.00011921672557946295
COL5A2,0.00023790632,12,1.9825526881807793e-05
NICN1,0.00023765932,3,7.921977279086907e-05
TGFBI,0.00023726803,3,7.908934397467722e-05
INS-IGF2,0.00023690832,2,0.00011845416156575084
MACF1,0.00023530865,2,0.00011765432282118127
LITAF,0.00023515613,2,0.00011757806350942701
ZNF250,0.00023488872,4,5.872218025615439e-05
DCAF17,0.00023460967,4,5.86524183745496e-05
SLC36A3,0.00023391488,1,0.00023391487775370479
BTNL9,0.0002337122,3,7.79040662261347e-05
MIR495,0.00023359766,1,0.00023359766055364162
ZNF224,0.00023143723,4,5.785930625279434e-05
KCNE4,0.00023110982,4,5.7777455367613584e-05
ORM1,0.0002307187,8,2.8839836886618286e-05
NINJ1,0.00023028557,1,0.00023028557188808918
TEP1,0.00022974568,1,0.00022974568128120154
PPP2R3C,0.00022960153,9,2.5511281112105484e-05
CALCOCO2,0.0002293235,4,5.733087527914904e-05
CNOT4,0.0002292828,10,2.292827994097024e-05
PPP4R1,0.00022924997,1,0.00022924997028894722
CHRD,0.00022905349,5,4.5810698065906766e-05
KRT80,0.0002290406,2,0.00011452029866632074
ARHGEF16,0.00022875148,13,1.7596267683144946e-05
KCNB2,0.00022765844,3,7.588614729077865e-05
DUSP5,0.0002274978,12,1.895815027334417e-05
CCR8,0.00022733798,16,1.4208623724698555e-05
TRAM1,0.00022725193,5,4.5450386824086306e-05
PAX3,0.00022701752,8,2.8377189664752223e-05
UBASH3A,0.00022650737,1,0.00022650737082585692
SDHAF4,0.00022636041,1,0.00022636041103396565
PRKD3,0.00022612275,8,2.8265343644306995e-05
EMSY,0.00022589003,1,0.00022589003492612392
DUSP22,0.00022570863,1,0.0002257086307508871
CITED4,0.00022484547,5,4.496909386944026e-05
TTC30A,0.00022462322,4,5.615580448647961e-05
NUDT5,0.00022453573,24,9.355655492981896e-06
SI,0.00022407528,14,1.6005377152136395e-05
MAEA,0.00022395318,1,0.0002239531750092283
ABLIM3,0.00022343601,6,3.723933574898789e-05
ZNF311,0.00022341064,4,5.585265898844227e-05
NOL6,0.00022311155,5,4.462231008801609e-05
TARM1,0.00022278122,3,7.426040732146551e-05
CNTN3,0.00022166816,3,7.388938684016466e-05
ITIH4,0.00022140809,4,5.535202217288315e-05
SPTSSB,0.00022105673,4,5.5264183174585924e-05
ALKBH8,0.00022082683,3,7.360894232988358e-05
LRRC8D,0.00022029117,2,0.00011014558549504727
MED25,0.00022010632,5,4.402126360218972e-05
HSPA13,0.00021927875,4,5.4819687647977844e-05
ADGRL3,0.00021745419,2,0.00010872709390241653
CTNND2,0.00021671425,2,0.00010835712600965053
ACTL6A,0.00021560962,21,1.0267124577824558e-05
CCL16,0.00021507262,11,1.9552056487141684e-05
DEAF1,0.00021453237,1,0.0002145323669537902
PARP10,0.00021436656,7,3.062379463309688e-05
FOXQ1,0.000214005,2,0.00010700250277295709
C8orf37,0.00021337355,1,0.00021337355428840965
KIR3DX1,0.00021275863,1,0.00021275863400660455
SLC52A3,0.0002127297,5,4.254594095982611e-05
TOX,0.00021218148,2,0.00010609073797240853
ZNF708,0.00021112108,4,5.2780269470531493e-05
DCHS2,0.00021086812,1,0.00021086812193971127
STXBP3,0.00021022162,5,4.2044324800372124e-05
MAS1,0.00021000896,6,3.5001493718785546e-05
EBF1,0.00020971092,3,6.990364151230703e-05
VPS53,0.00020933914,4,5.2334784413687885e-05
KLF7,0.0002092309,1,0.00020923090050928295
GRPEL1,0.00020894955,2,0.00010447477689012885
FMO6P,0.00020842032,2,0.00010421015758765861
FBLN1,0.00020794965,3,6.931654934305698e-05
MUC16,0.00020730066,9,2.3033406857090693e-05
DZIP3,0.00020729768,4,5.18244196427986e-05
CPOX,0.0002065305,14,1.4752178685739636e-05
ZNF816,0.00020602105,1,0.00020602105360012501
SNRNP48,0.00020543716,4,5.13592895003967e-05
SLC12A5,0.00020448968,6,3.408161380017797e-05
NSFL1C,0.0002044498,6,3.4074966000237815e-05
LILRA5,0.00020438958,5,4.087791603524238e-05
SPG7,0.00020432794,3,6.810931275443484e-05
GRIP2,0.00020418994,7,2.916999177874199e-05
GPRC5B,0.0002039775,1,0.000203977499040775
P2RX7,0.0002039608,18,1.1331155191227379e-05
TAX1BP1,0.00020388876,10,2.038887614617124e-05
NPBWR1,0.00020324624,9,2.258291513296879e-05
FDX2,0.00020320114,11,1.8472830891947854e-05
QPCT,0.00020308775,3,6.769591709598899e-05
TCF3,0.00020239156,21,9.637693264743402e-06
EMX2,0.00020205151,2,0.00010102575470227748
SOX13,0.00020075911,4,5.0189777539344504e-05
CD180,0.000199673,1,0.0001996729988604784
PRM2,0.00019948534,1,0.00019948533736169338
MINK1,0.00019942652,5,3.988530370406807e-05
INHBE,0.00019931913,11,1.811992048963227e-05
BACE1,0.00019921678,6,3.320279696102565e-05
OR2B6,0.00019907419,5,3.981483750976622e-05
CCL13,0.00019896515,12,1.6580429170668747e-05
TBC1D15,0.00019880722,1,0.0001988072181120515
ALDH1A3,0.00019875656,11,1.8068778445012867e-05
RPRM,0.00019840663,2,9.92033164948225e-05
DGCR6L,0.00019833213,1,0.00019833212718367577
LHX9,0.0001974881,5,3.949762030970305e-05
L3MBTL1,0.00019748209,6,3.291368193458766e-05
NKX6-1,0.00019719,3,6.573000185502072e-05
TTPA,0.00019717489,4,4.929372153128497e-05
EXOC6B,0.00019716778,1,0.00019716778479050845
CCL18,0.00019687614,4,4.921903382637538e-05
PLEKHA6,0.00019575145,6,3.2625241146888584e-05
TADA2B,0.00019477791,8,2.4347238650079817e-05
HSD17B6,0.00019409615,5,3.881923039443791e-05
GRAMD1B,0.00019349465,1,0.000193494648556225
NEUROD1,0.00019235033,3,6.411677653280397e-05
DCSTAMP,0.00019226938,1,0.0001922693772939965
TBCC,0.00019195135,3,6.398378172889352e-05
TRIM69,0.00019142714,4,4.7856785386102274e-05
KCNU1,0.00019114706,6,3.1857843472001455e-05
DENND5B,0.0001907327,4,4.768317376147024e-05
PPM1K,0.00018990428,3,6.330142787192017e-05
MME,0.0001898372,12,1.5819766607213143e-05
DDX47,0.00018983019,4,4.7457546315854415e-05
ARID1A,0.00018972563,15,1.2648375316833456e-05
GJB2,0.0001894706,10,1.894705928862095e-05
TNIP3,0.00018931706,6,3.15528426047725e-05
KIF13B,0.00018884861,9,2.0983179436168735e-05
OR8B4,0.00018829636,3,6.276545173022896e-05
CHCHD7,0.00018789846,2,9.394923108629882e-05
INTS10,0.00018754756,3,6.251585242959361e-05
CFTR,0.0001861276,36,5.170210998686444e-06
NALCN,0.00018587327,3,6.195775737675528e-05
PNOC,0.00018573273,8,2.3216591216623783e-05
CLU,0.00018569405,13,1.4284157749408712e-05
ABHD6,0.00018392719,10,1.8392718629911542e-05
MRPL15,0.00018392004,7,2.627429161553404e-05
RBP3,0.00018298453,1,0.00018298452778253704
MDFIC,0.00018260024,1,0.00018260024080518633
PSD4,0.00018170547,1,0.0001817054726416245
TFPI,0.00018145937,8,2.2682421331410296e-05
PKIA,0.00018142645,3,6.04754847396786e-05
INTS11,0.00018124931,3,6.04164379183203e-05
CRB1,0.00018114706,1,0.00018114705744665116
RGS13,0.000180698,11,1.6427090899510816e-05
SNAPC4,0.0001804657,7,2.5780813302844763e-05
LINC01063,0.00018029701,1,0.0001802970073185861
CHSY1,0.00017999897,11,1.6363542685708538e-05
ZNF738,0.00017992327,3,5.9974423493258655e-05
CISD1,0.00017943383,1,0.00017943383136298507
STX8,0.00017847896,1,0.0001784789637895301
F11,0.0001784715,30,5.949049955233931e-06
CA8,0.00017829318,2,8.914658974390477e-05
PTPRN,0.0001777053,1,0.00017770529666449875
RFT1,0.00017735323,4,4.433830690686591e-05
SEPTIN3,0.0001768859,2,8.844294643495232e-05
XYLT2,0.00017680801,13,1.3600616232277109e-05
ICAM3,0.00017671744,11,1.6065221809020098e-05
PHLDB2,0.00017644458,2,8.822228846838698e-05
PRORP,0.00017643298,3,5.8810993020112314e-05
MYOF,0.00017641071,4,4.4102678657509387e-05
TNFRSF1B,0.00017627333,22,8.012424090834843e-06
EHBP1,0.000175692,1,0.0001756919955369085
SLC52A1,0.0001755419,4,4.388547677081078e-05
GPRC5A,0.00017530104,2,8.76505218911916e-05
ADAM23,0.00017396134,2,8.698066812939942e-05
CYSTM1,0.00017371832,3,5.790610642482837e-05
LIPI,0.00017335423,5,3.467084607109427e-05
GPR6,0.00017272224,1,0.0001727222406771034
SH3GLB1,0.00017221496,4,4.305374022806063e-05
IFT172,0.00017165908,7,2.4522725392931273e-05
KLKB1,0.00017165163,40,4.29129067924805e-06
CDK11B,0.00017145011,10,1.7145011224783956e-05
TOX2,0.00017133671,1,0.0001713367091724649
GRID2,0.00017056568,2,8.528283797204494e-05
NRROS,0.00017020151,2,8.510075713275e-05
MBOAT2,0.00017002507,10,1.7002507229335605e-05
COG6,0.00016983972,11,1.5439974959008396e-05
CDC42EP3,0.00016964265,10,1.6964264796115457e-05
TLK1,0.00016958149,3,5.652716208714992e-05
ZNF605,0.0001691711,4,4.229277328704484e-05
DISP3,0.00016834491,1,0.00016834490816108882
FEM1C,0.00016833468,3,5.611155938822776e-05
NIPAL2,0.00016831244,2,8.415622141910717e-05
STEAP4,0.00016796133,2,8.398066711379215e-05
PCNT,0.00016773572,22,7.624350969721987e-06
KDM6B,0.00016725587,9,1.8583985769914256e-05
PGAM5,0.00016713614,9,1.857068208563659e-05
SLC40A1,0.00016684063,10,1.6684063302818687e-05
BAMBI,0.00016680677,13,1.2831290055496189e-05
NCAPH2,0.00016601654,6,2.7669423919481535e-05
NFIL3,0.00016570215,2,8.285107469419017e-05
SSU72,0.00016516155,1,0.00016516154573764652
IL17B,0.00016490096,5,3.298019291833043e-05
SMC1B,0.00016485974,7,2.3551391287972884e-05
RIMS2,0.00016478497,1,0.00016478497127536684
PTPN14,0.00016441644,1,0.00016441644402220845
WDR4,0.00016373227,3,5.4577423725277185e-05
MAPRE2,0.000163608,1,0.0001636079978197813
PSTK,0.00016330458,7,2.3329225119336377e-05
KAZN,0.00016298963,3,5.4329876244689025e-05
UCMA,0.0001626761,6,2.7112682194759447e-05
CABLES2,0.00016251048,2,8.125523891067132e-05
AHSA1,0.00016243807,1,0.0001624380674911663
ATP7B,0.00016176826,5,3.235365147702396e-05
INTS6,0.00016147409,3,5.382469680625945e-05
RAB11B,0.00016111648,13,1.239357516169548e-05
SLURP1,0.00016106397,1,0.0001610639737918973
GPAT4,0.0001604585,12,1.3371541475256285e-05
DCAF5,0.00016039473,3,5.34649104035149e-05
BCL9L,0.0001600188,4,4.000469925813377e-05
DDX42,0.00015900884,6,2.6501472651337583e-05
RASGEF1A,0.00015876893,5,3.175378660671413e-05
STON2,0.00015844085,4,3.961021138820797e-05
SYNGAP1,0.00015833501,12,1.319458412278133e-05
ADGRG1,0.00015819551,1,0.00015819551481399685
ABCA13,0.0001578371,4,3.9459275285480544e-05
EIF2B5,0.0001578162,11,1.4346927690150386e-05
POLR1D,0.0001571941,25,6.2877638265490536e-06
ARFGEF2,0.00015715249,7,2.2450355962584062e-05
NEU3,0.00015694003,18,8.718890765319682e-06
PNLIPRP3,0.00015681307,5,3.136261366307735e-05
IBTK,0.00015620072,1,0.0001562007237225771
CAVIN2,0.00015595097,3,5.198365640050421e-05
EIF4E3,0.00015586604,5,3.117320884484798e-05
RYBP,0.000155,7,2.2142857363048408e-05
CRYL1,0.00015462608,5,3.092521510552615e-05
DPH1,0.00015441432,4,3.860357901430689e-05
ZNF675,0.00015430944,4,3.857736010104418e-05
PHYH,0.0001540947,14,1.1006764127939408e-05
NCOA7,0.00015380551,2,7.690275378990918e-05
TTR,0.00015340364,14,1.095740299206227e-05
GPR85,0.00015288814,1,0.0001528881402919069
DENND1B,0.0001525815,4,3.814537558355369e-05
CST2,0.00015234924,1,0.00015234923921525478
STAB1,0.00015234013,3,5.078004323877394e-05
TIMM22,0.00015214428,2,7.607213774463162e-05
ASB7,0.0001516894,7,2.166991388159139e-05
NANOS1,0.00015159829,1,0.0001515982876298949
RABGGTA,0.0001478948,10,1.478947961004451e-05
ABHD5,0.00014769846,8,1.8462307707522996e-05
SOAT2,0.00014761408,9,1.640156390041941e-05
IDO2,0.0001475823,10,1.4758229372091592e-05
LAMB4,0.0001474229,10,1.4742290659341961e-05
PLBD1,0.00014678472,8,1.8348089724895544e-05
CEP295,0.00014642387,1,0.00014642387395724654
IGSF9B,0.00014586042,1,0.00014586042379960418
TNIK,0.00014567442,3,4.8558140406385064e-05
MED13,0.00014551447,6,2.4252411094494164e-05
FKBP15,0.00014534123,1,0.00014534122601617128
COX18,0.00014447156,2,7.22357799531892e-05
ACOXL,0.00014441328,5,2.8882655897177756e-05
CACNG5,0.00014413685,10,1.4413685130421073e-05
OR13F1,0.00014411601,3,4.8038670987201236e-05
CCL25,0.00014374005,13,1.1056926898443355e-05
MYT1,0.00014356372,6,2.3927287353823583e-05
STK39,0.00014345328,2,7.17266375431791e-05
TPD52,0.0001429202,4,3.573004869394936e-05
CDKL2,0.00014212074,1,0.0001421207416569814
ZNF202,0.00014197982,3,4.7326606969969966e-05
MFSD4B,0.00014187017,3,4.729005740955472e-05
EEPD1,0.00014090344,4,3.5225861211074516e-05
KLF3,0.00014070512,1,0.00014070511679165065
GNPDA2,0.00014040337,8,1.7550421034684405e-05
HS3ST2,0.00014023171,9,1.5581301542826826e-05
APBB1IP,0.00014011461,24,5.838108942649948e-06
OR8S1,0.00013982976,3,4.660992029433449e-05
OTOA,0.00013870398,3,4.6234660355063774e-05
SNX18,0.00013839224,4,3.4598058846313506e-05
CLDN5,0.00013808259,17,8.122505010653507e-06
TRPV4,0.00013772251,8,1.7215314073837362e-05
PTPRK,0.0001374127,2,6.870635115774348e-05
JDP2,0.00013722609,1,0.0001372260885545984
RBM47,0.00013717606,1,0.00013717605907004327
CAST,0.00013660968,6,2.2768280662906665e-05
CELSR3,0.00013633326,1,0.00013633325579576194
ZMYM2,0.00013577542,8,1.6971927834674716e-05
IMMP2L,0.00013501773,1,0.00013501773355528712
PM20D1,0.00013501504,5,2.7003008290193976e-05
KIF24,0.0001348031,3,4.493436426855624e-05
OR2H2,0.00013468727,4,3.3671818528091535e-05
KLK7,0.00013416208,2,6.708104046992958e-05
KCNG4,0.00013354386,3,4.451461912443241e-05
CAV3,0.00013354285,13,1.0272527176242034e-05
FLRT2,0.00013324896,5,2.6649792562238873e-05
HCN1,0.00013324877,5,2.6649754727259278e-05
SLC6A6,0.0001322886,9,1.4698732734864785e-05
PPA1,0.00013183616,7,1.8833737288202557e-05
ZNF680,0.00013179681,4,3.29492031596601e-05
CD47,0.00013126105,12,1.0938421231306469e-05
PTMA,0.00013105219,2,6.552609556820244e-05
PGM5,0.0001310048,1,0.00013100479554850608
FOXP1,0.00013088313,3,4.3627708995093904e-05
RTN4,0.00013086728,9,1.4540808883288668e-05
DNAH7,0.00013006383,3,4.335460835136473e-05
ZNF221,0.0001297224,4,3.2430598366772756e-05
OR2F1,0.00012931658,5,2.5863316841423513e-05
KLF15,0.00012881462,5,2.576292317826301e-05
HVCN1,0.00012849102,6,2.1415170825396974e-05
CTCFL,0.00012842972,1,0.00012842971773352474
MMAB,0.0001278925,6,2.131541744650652e-05
CNIH3,0.00012776,9,1.4195554993218846e-05
MTSS1,0.00012733636,3,4.244545319428047e-05
MICU3,0.00012724851,3,4.241616989020258e-05
BTN1A1,0.00012675764,3,4.2252548155374825e-05
KRT32,0.00012617339,4,3.1543346267426386e-05
ARHGAP12,0.00012536658,8,1.56708229042124e-05
P2RY14,0.00012513401,11,1.137581950222904e-05
ZKSCAN4,0.00012506523,3,4.1688409207078316e-05
ZFAND6,0.00012503576,2,6.251787999644876e-05
ZNF776,0.00012503371,3,4.1677902724283435e-05
PCSK1,0.00012487694,8,1.560961754876189e-05
RGL1,0.00012452355,6,2.075392452146237e-05
ARHGAP21,0.00012288967,17,7.228804272873437e-06
TOMM40L,0.00012264815,2,6.132407725090161e-05
PCGF3,0.00012251257,1,0.00012251257430762053
CARD10,0.00012230499,1,0.00012230499123688787
TRAK1,0.00012223402,10,1.2223402154631913e-05
HAVCR1,0.00012215276,1,0.00012215276365168393
COMMD10,0.0001219125,3,4.063749899311612e-05
CIP2A,0.00012171964,1,0.00012171964044682682
PAN2,0.00012157684,5,2.431536850053817e-05
PLPPR5,0.000121376426,5,2.4275285250041632e-05
DENND1A,0.00012042619,4,3.0106548365438357e-05
LILRA4,0.00012036144,5,2.407228748779744e-05
GTF3C1,0.000120315584,7,1.718794062201466e-05
ZNF717,0.00012015033,4,3.003758320119232e-05
NDUFB4,0.00011942655,19,6.28560787606004e-06
ADIPOR2,0.00011925327,10,1.1925327271455899e-05
OTUD7A,0.00011892553,5,2.378510544076562e-05
MYL6B,0.00011868946,6,1.9781576459839318e-05
UNC5D,0.00011842693,6,1.9737821276066825e-05
OR6F1,0.000118209835,3,3.9403278303022184e-05
ELP3,0.00011805796,5,2.3611591313965618e-05
CLTCL1,0.00011769761,18,6.538755971834891e-06
RFX6,0.00011745184,1,0.00011745184019673616
TECTA,0.000117397765,3,3.9132588426582515e-05
TAPBP,0.00011701639,11,1.063785351685841e-05
UBE3B,0.00011693479,5,2.3386957764159888e-05
TTLL6,0.00011691664,3,3.897221419416989e-05
SLC20A2,0.000116441464,5,2.3288292868528516e-05
MYO1D,0.00011643308,1,0.00011643308243947104
FRAS1,0.00011596612,2,5.798305937787518e-05
ARPP19,0.00011594671,5,2.3189341300167142e-05
CAPN9,0.00011580155,3,3.860051704881092e-05
RAB28,0.00011572822,1,0.0001157282167696394
OR2B11,0.00011550281,3,3.8500935867584e-05
PPM1F,0.000115484356,5,2.3096871154848485e-05
SMG1,0.00011496105,4,2.874026176868938e-05
IL17D,0.00011384083,6,1.8973472227420036e-05
ADGRD1,0.0001125282,1,0.00011252819967921823
TRA2B,0.00011222366,13,8.632589015178382e-06
SSH1,0.00011219137,5,2.2438273299485444e-05
PGBD5,0.0001121078,1,0.00011210780212422833
BRDT,0.00011189737,1,0.00011189736687811092
SLC39A7,0.00011172951,9,1.2414390059550189e-05
AMY2B,0.00011117208,8,1.3896509699407034e-05
HDGF,0.00011056643,1,0.00011056642688345164
RGL2,0.00011027539,6,1.8379231429814052e-05
DCUN1D4,0.00011026517,3,3.6755057711464666e-05
NLRP1,0.000109694076,8,1.371175949316239e-05
EGLN3,0.00010884054,13,8.372349279502836e-06
KCNE3,0.00010838739,6,1.8064564452894654e-05
STARD10,0.00010816034,5,2.1632068092003463e-05
GATA6,0.000107557746,12,8.963145470867554e-06
ULK2,0.00010755723,12,8.963102421451671e-06
ZEB1,0.0001069611,12,8.913425214511031e-06
UBE2E2,0.00010692715,6,1.7821192159317434e-05
OR6C1,0.00010655696,3,3.551898650281752e-05
OR10G3,0.00010631909,3,3.543969554205736e-05
GYG1,0.00010588283,12,8.82356895696527e-06
SERTAD2,0.000105215186,2,5.2607592806452885e-05
COL27A1,0.00010431215,5,2.0862430392298848e-05
EFEMP1,0.00010422341,3,3.474113570215801e-05
HTR3C,0.00010413125,5,2.082624996546656e-05
POU1F1,0.000103691826,2,5.18459128215909e-05
ARSG,0.00010252997,9,1.1392219069724282e-05
TNFSF8,0.00010239061,5,2.0478121587075294e-05
SRRM3,0.00010233861,1,0.0001023386066663079
QRSL1,0.000102332095,2,5.11660473421216e-05
OR1J1,0.000101960366,3,3.3986788669911526e-05
CTNNAL1,0.00010190117,2,5.095058440929279e-05
ATP8B3,0.00010148005,6,1.691334182396531e-05
HACD1,0.000101417754,7,1.4488250599242747e-05
DENND2D,0.00010113554,4,2.5283885406679474e-05
SLCO2B1,0.00010095828,10,1.0095827747136354e-05
PARVB,0.00010091727,7,1.4416752882035716e-05
OR51B5,0.00010084733,3,3.361577546456829e-05
PARVG,0.000100308716,3,3.343623878511911e-05
DDX18,9.993165e-05,1,9.993164712795988e-05
AGAP3,9.9835364e-05,1,9.983536438085139e-05
CD69,9.954919e-05,1,9.954918641597033e-05
ADAM9,9.9222685e-05,7,1.4174669299141637e-05
MMP26,9.821814e-05,1,9.821813728194684e-05
TTBK1,9.739882e-05,1,9.73988207988441e-05
DNAJA3,9.733593e-05,3,3.244530914040903e-05
TRA2A,9.666307e-05,1,9.666306868894026e-05
RHOH,9.622404e-05,8,1.2028004675812554e-05
FITM2,9.612363e-05,3,3.20412097304749e-05
MIR124-1,9.582048e-05,2,4.791023820871487e-05
MYO1E,9.552065e-05,3,3.184021625202149e-05
LSM3,9.55101e-05,8,1.1938762327190489e-05
ADARB1,9.525409e-05,5,1.905081735458225e-05
SPATA18,9.488328e-05,1,9.488328214501962e-05
ZNF10,9.442904e-05,4,2.3607259208802134e-05
SH3TC2,9.432916e-05,1,9.432915976503864e-05
PTTG1IP,9.429399e-05,3,3.1431329261977226e-05
NCS1,9.4037794e-05,1,9.403779404237866e-05
CERS4,9.398895e-05,9,1.0443216726546072e-05
PTPRU,9.39415e-05,5,1.878829934867099e-05
TRPM1,9.3550916e-05,5,1.8710183212533593e-05
TNFAIP2,9.349124e-05,1,9.349123865831643e-05
APOBR,9.344685e-05,4,2.3361712010228075e-05
ICA1,9.308464e-05,1,9.308464359492064e-05
GCM2,9.305323e-05,1,9.30532332859002e-05
TBCD,9.243486e-05,3,3.081161897474279e-05
PLCL1,9.238391e-05,2,4.619195533450693e-05
PDLIM4,9.23601e-05,1,9.236009645974264e-05
OPCML,9.2170274e-05,3,3.0723424667182066e-05
MGAT3,9.188299e-05,9,1.0209221121234199e-05
OR1J2,9.0628855e-05,3,3.0209618368341278e-05
CEP19,9.041578e-05,3,3.0138592895430822e-05
FSCN1,9.023498e-05,2,4.511748920776881e-05
CILK1,9.019172e-05,2,4.509586142376065e-05
PLEKHA7,9.0155445e-05,1,9.015544492285699e-05
RASSF2,8.968866e-05,1,8.968866313807666e-05
LIMD1,8.944426e-05,8,1.1180532055732328e-05
SERPINB8,8.934511e-05,2,4.4672553485725075e-05
TRDMT1,8.919292e-05,4,2.2298230760497972e-05
OXGR1,8.839101e-05,6,1.473183510825038e-05
KCNA1,8.831351e-05,3,2.9437835716332e-05
UBE2K,8.829008e-05,9,9.810008729497591e-06
CHRNA9,8.764642e-05,11,7.9678562046452e-06
HYAL2,8.6978514e-05,8,1.0872314305743203e-05
ZNF101,8.654323e-05,4,2.1635807570419274e-05
NFAM1,8.605905e-05,4,2.1514762920560315e-05
GRIK4,8.601494e-05,8,1.0751867193903308e-05
FYCO1,8.589292e-05,1,8.589291974203661e-05
SLC9A2,8.5506144e-05,4,2.1376536096795462e-05
INSIG2,8.514687e-05,1,8.51468721521087e-05
CASR,8.505629e-05,11,7.73238967998292e-06
FREM1,8.503959e-05,2,4.251979407854378e-05
TPSD1,8.475823e-05,1,8.475822687614709e-05
MED9,8.432534e-05,3,2.8108445500644546e-05
SH2D1B,8.3961306e-05,4,2.0990326447645202e-05
IPO8,8.372792e-05,3,2.7909307391382754e-05
KRT82,8.342951e-05,2,4.171475666225888e-05
SNRNP35,8.333645e-05,4,2.0834111637668684e-05
TULP1,8.3221574e-05,1,8.322157373186201e-05
ZIC5,8.312112e-05,2,4.1560560930520296e-05
OR10C1,8.3077204e-05,3,2.7692401393627126e-05
MYORG,8.255222e-05,1,8.25522220111452e-05
SIPA1L3,8.250966e-05,1,8.250965765910223e-05
STK38L,8.224203e-05,2,4.112101669306867e-05
MIB1,8.164859e-05,21,3.8880281776766335e-06
UCHL1,8.065508e-05,10,8.06550815468654e-06
EPC1,8.016967e-05,7,1.1452810472941824e-05
AMPH,8.014153e-05,7,1.144878998664873e-05
KIF14,8.000489e-05,8,1.0000610927818343e-05
SF3B1,7.9986305e-05,11,7.271482238800011e-06
KRT3,7.994717e-05,2,3.9973583625396714e-05
ACKR2,7.9336605e-05,7,1.1333800752514175e-05
TMEM17,7.900872e-05,3,2.633624050455789e-05
OR2AT4,7.863614e-05,3,2.6212047184041392e-05
EDAR,7.857996e-05,7,1.122570808677535e-05
USP6NL,7.8005476e-05,8,9.750684512255248e-06
SPHKAP,7.784723e-05,1,7.78472312958911e-05
UBE2L3,7.779688e-05,17,4.576287157011821e-06
CNTNAP2,7.77471e-05,1,7.774709956720471e-05
PRDM14,7.763324e-05,3,2.587774603550012e-05
DSG3,7.74989e-05,8,9.687362762633711e-06
MTARC1,7.7116514e-05,3,2.570550471621876e-05
WDR1,7.697815e-05,6,1.2829691210451225e-05
ACP3,7.6831595e-05,4,1.9207898731110618e-05
NRCAM,7.680255e-05,8,9.600318662705831e-06
PICALM,7.610727e-05,12,6.342272778662543e-06
TRMT10A,7.5851465e-05,3,2.528382174205035e-05
TSHZ1,7.574259e-05,1,7.574258779641241e-05
SLC39A10,7.567633e-05,9,8.408481436264185e-06
CETN3,7.5403674e-05,1,7.540367369074374e-05
OR2H1,7.457842e-05,5,1.4915684005245566e-05
PWWP3A,7.4352094e-05,1,7.435209408868104e-05
COL5A3,7.432293e-05,8,9.290366506320424e-06
NHLRC1,7.427728e-05,1,7.427728269249201e-05
SEPTIN5,7.404195e-05,5,1.4808389823883773e-05
PPIP5K2,7.387653e-05,6,1.2312755037176734e-05
UHMK1,7.35854e-05,5,1.4717079466208816e-05
TRPC4,7.313293e-05,7,1.0447561050698693e-05
ATG16L2,7.261204e-05,1,7.261204154929146e-05
CD207,7.2365656e-05,5,1.4473131159320474e-05
USP31,7.230575e-05,1,7.23057528375648e-05
NFRKB,7.178065e-05,5,1.4356129395309835e-05
SAMD3,7.176101e-05,1,7.17610091669485e-05
ARL8A,7.1756614e-05,4,1.7939153622137383e-05
LARS2,7.159207e-05,9,7.954674300789418e-06
ZMAT3,7.110372e-05,3,2.3701240327985335e-05
CD96,7.079613e-05,3,2.3598709958605468e-05
ARHGAP28,7.0314076e-05,5,1.4062815171200783e-05
PSCA,6.995887e-05,3,2.331962362707903e-05
FMN1,6.978278e-05,1,6.978277815505862e-05
HMG20B,6.955195e-05,9,7.72799426663874e-06
MUSK,6.9501984e-05,4,1.7375496099703014e-05
HSD17B8,6.915911e-05,6,1.152651869536688e-05
NABP2,6.912116e-05,4,1.7280290194321424e-05
MRPS9,6.8902445e-05,7,9.843206498771906e-06
LLGL2,6.813934e-05,3,2.2713114352275927e-05
NEGR1,6.781047e-05,4,1.6952617443166673e-05
IFT81,6.770044e-05,7,9.671491820232145e-06
ING1,6.725729e-05,1,6.725729326717556e-05
RAB29,6.723926e-05,3,2.241308781473587e-05
TXNRD3,6.718692e-05,7,9.598131457875883e-06
RPP14,6.625744e-05,4,1.656435961194802e-05
SPOCK1,6.5737775e-05,1,6.573777500307187e-05
ZNF740,6.5660664e-05,3,2.188688813475892e-05
ZNF527,6.5614106e-05,1,6.56141055515036e-05
MIR372,6.5573644e-05,2,3.278682197560556e-05
OLIG3,6.5503074e-05,1,6.550307443831116e-05
VPS41,6.496375e-05,2,3.2481875678058714e-05
CDKAL1,6.4916545e-05,1,6.49165449431166e-05
SOWAHC,6.4825945e-05,7,9.260849245557828e-06
HSF2,6.479859e-05,1,6.479858711827546e-05
NIPAL1,6.439724e-05,2,3.2198619010159746e-05
FBXL16,6.429217e-05,7,9.184596170338669e-06
KCNA10,6.424623e-05,3,2.1415410931998242e-05
BARX2,6.4172e-05,1,6.417200347641483e-05
MYO1B,6.35283e-05,1,6.352829950628802e-05
NMD3,6.3523956e-05,2,3.176197787979618e-05
CLDN17,6.2461026e-05,10,6.246102566365153e-06
SDK2,6.20375e-05,4,1.550937486172188e-05
KATNAL2,6.1869854e-05,1,6.186985410749912e-05
EP400,6.166121e-05,7,8.808744106707828e-06
ABCA10,6.158419e-05,4,1.5396048183902167e-05
SDR16C5,6.0920192e-05,7,8.702884640245299e-06
CARD9,6.0781138e-05,11,5.525558001615784e-06
NKD2,6.059486e-05,11,5.508623540994119e-06
TRNT1,6.0366416e-05,5,1.2073283141944557e-05
SPCS2,6.0300037e-05,9,6.700004127600954e-06
DMBX1,5.986025e-05,1,5.986024916637689e-05
AKAP11,5.9540613e-05,1,5.9540612710407004e-05
AQP4,5.9165843e-05,8,7.3957303357019555e-06
STOML3,5.91429e-05,3,1.9714300530419376e-05
SLC16A9,5.9050595e-05,2,2.9525297577492893e-05
GLTP,5.9009297e-05,4,1.475232420489192e-05
GJA3,5.897984e-05,2,2.948992005258333e-05
DNAJC5B,5.8776524e-05,1,5.8776524383574724e-05
APOBEC3A_B,5.8774793e-05,1,5.877479270566255e-05
GJB5,5.8732756e-05,1,5.8732755860546604e-05
P2RX6,5.8693033e-05,8,7.336629096243996e-06
ADGRV1,5.868033e-05,1,5.8680328947957605e-05
IKZF1,5.8651684e-05,2,2.9325841751415282e-05
JADE2,5.837697e-05,3,1.945898960305688e-05
SCG2,5.793842e-05,4,1.4484605344478041e-05
RXYLT1,5.753924e-05,1,5.753924051532522e-05
SCUBE3,5.7345445e-05,2,2.867272269213572e-05
MYCBP2,5.733144e-05,2,2.866571958293207e-05
SOX8,5.6318866e-05,3,1.877295532419036e-05
ANKRA2,5.629628e-05,1,5.629628140013665e-05
ASGR2,5.6244957e-05,4,1.406123919878155e-05
POMGNT2,5.61986e-05,4,1.404965041729156e-05
DSC1,5.6069417e-05,7,8.00991672024663e-06
LMCD1,5.5580345e-05,2,2.7790172680397518e-05
LYPD6B,5.5307726e-05,3,1.8435908714309335e-05
OR5K3,5.5206543e-05,3,1.8402181012788787e-05
COX7B2,5.4599666e-05,12,4.549972193975312e-06
GALNT15,5.447102e-05,8,6.808877515140921e-06
CHST9,5.422832e-05,7,7.746902805852837e-06
KCNA3,5.3671938e-05,5,1.0734387615229934e-05
NFIX,5.327532e-05,1,5.327531835064292e-05
LMF1,5.3053e-05,4,1.3263250366435386e-05
JAKMIP1,5.2787895e-05,1,5.278789467411116e-05
SERPINI1,5.2639996e-05,1,5.263999628368765e-05
AP3S1,5.2362284e-05,5,1.0472456779098138e-05
CEP72,5.2221687e-05,16,3.2638554330333136e-06
GEMIN6,5.192589e-05,4,1.2981472536921501e-05
SLC2A4RG,5.171587e-05,1,5.17158696311526e-05
SLC13A5,5.1605923e-05,5,1.0321184527128935e-05
CD6,5.116396e-05,1,5.116395914228633e-05
CYP4V2,5.100922e-05,10,5.100922135170549e-06
PTGFRN,5.0954015e-05,1,5.0954015023307875e-05
SIK3,5.0608585e-05,1,5.060858529759571e-05
DNAH14,5.0074894e-05,3,1.669163126886512e-05
EPB41L4B,4.995692e-05,3,1.665230714327966e-05
RPH3AL,4.9956652e-05,1,4.995665221940726e-05
GXYLT2,4.9755363e-05,2,2.4877681426005438e-05
ZNF107,4.959788e-05,1,4.959787838743068e-05
GJA4,4.9499577e-05,2,2.474978828104213e-05
ANXA4,4.9461865e-05,2,2.4730932636884972e-05
IGF2BP2,4.945722e-05,2,2.4728609787416644e-05
MAP1LC3B2,4.944282e-05,1,4.944282045471482e-05
PTPRH,4.939154e-05,1,4.9391539505450055e-05
WDR45B,4.925286e-05,2,2.462642987666186e-05
ZNF91,4.915564e-05,1,4.9155638407683e-05
UPF2,4.9060258e-05,5,9.812051575863735e-06
SF3A2,4.8602207e-05,6,8.100367873945894e-06
RETNLB,4.828937e-05,1,4.8289370170095935e-05
KRT78,4.82651e-05,2,2.4132550606736913e-05
FCGR2C,4.811611e-05,5,9.62322228588164e-06
FHL2,4.7996593e-05,10,4.799659291165881e-06
TTBK2,4.785422e-05,5,9.570844122208655e-06
SCARA5,4.771741e-05,3,1.590580359334126e-05
MEG3,4.7629983e-05,1,4.7629982873331755e-05
SUV39H2,4.7445636e-05,6,7.907605928873332e-06
PINX1,4.7390506e-05,1,4.739050564239733e-05
SMNDC1,4.7052505e-05,5,9.410500933881848e-06
DCBLD2,4.6566274e-05,1,4.656627424992621e-05
SPDEF,4.6482557e-05,2,2.3241278540808707e-05
CRIM1,4.6411616e-05,1,4.6411616494879127e-05
CABLES1,4.6042558e-05,4,1.1510639524203725e-05
FLI1,4.562481e-05,4,1.140620224759914e-05
MPV17L2,4.547421e-05,1,4.547421121969819e-05
PPP4R3B,4.5389927e-05,3,1.5129975508898497e-05
ATG4D,4.520938e-05,4,1.1302345228614286e-05
CAPN15,4.5071873e-05,2,2.2535936295753345e-05
ST8SIA6,4.4721288e-05,9,4.969031983313875e-06
HRG,4.470644e-05,5,8.941288251662627e-06
MYPN,4.468832e-05,1,4.468832048587501e-05
MPZ,4.4528948e-05,6,7.421491318382323e-06
ZNF641,4.4522043e-05,4,1.113051075662952e-05
MAGI3,4.4116812e-05,1,4.411681220517494e-05
ICAM5,4.407443e-05,5,8.814885950414464e-06
DNAH1,4.3935914e-05,4,1.0983978427248076e-05
ACYP2,4.392976e-05,2,2.196487912442535e-05
UBR1,4.386862e-05,4,1.096715459425468e-05
TNFAIP8,4.381804e-05,4,1.0954509889415931e-05
GHDC,4.3679418e-05,3,1.4559806004399434e-05
TRAF3IP1,4.354045e-05,6,7.2567418101243675e-06
ZNF251,4.3157317e-05,1,4.315731712267734e-05
DISP1,4.307706e-05,3,1.435901989073803e-05
OR6C6,4.2841453e-05,3,1.4280484416910136e-05
DNAJC15,4.264068e-05,2,2.1320340238162316e-05
ETNK1,4.2354208e-05,10,4.23542078351602e-06
NEUROG1,4.20948e-05,3,1.4031600585440174e-05
SLC41A1,4.2084866e-05,4,1.0521216609049588e-05
PDSS1,4.1809773e-05,6,6.968295565457083e-06
ANXA3,4.1645828e-05,1,4.164582787780091e-05
WNK1,4.1506828e-05,1,4.150682798353955e-05
DUOXA2,4.129867e-05,2,2.064933505607769e-05
GATA5,4.0645275e-05,2,2.032263728324324e-05
ZNF283,4.0033723e-05,1,4.003372305305675e-05
CPB1,3.99229e-05,5,7.984579860931263e-06
CEP350,3.9824154e-05,1,3.982415364589542e-05
RABEP2,3.964074e-05,2,1.9820370653178543e-05
OR7G1,3.9623817e-05,3,1.3207939142982164e-05
DPPA4,3.9598566e-05,3,1.3199522072682157e-05
NOS1AP,3.9466235e-05,2,1.9733117369469255e-05
GULP1,3.9178372e-05,1,3.9178372389869764e-05
SEC16A,3.916413e-05,9,4.3515699669822225e-06
EZR,3.9160608e-05,31,1.2632454238501527e-06
TFEC,3.8977018e-05,1,3.897701753885485e-05
ICAM4,3.8905535e-05,6,6.484255815545718e-06
FOXL1,3.886611e-05,1,3.8866110116941854e-05
DLEU1,3.8779865e-05,1,3.877986455336213e-05
ABCA8,3.8148082e-05,3,1.2716027413262054e-05
ZNF90,3.809264e-05,1,3.8092639442766085e-05
KLK4,3.806388e-05,1,3.8063881220296025e-05
IFITM3,3.7946615e-05,5,7.589322922285646e-06
AFAP1L2,3.7855993e-05,1,3.7855992559343576e-05
LCA5,3.7508376e-05,2,1.8754188204184175e-05
MYRF,3.74917e-05,1,3.749169991351664e-05
PTPRO,3.7424164e-05,3,1.2474721491647264e-05
MYO1A,3.737889e-05,1,3.7378889828687534e-05
U2AF1L5,3.708294e-05,3,1.2360980084243542e-05
ZKSCAN7,3.6782858e-05,3,1.2260952644282952e-05
AIRE,3.6608155e-05,2,1.830407745728735e-05
SLC9A4,3.6574667e-05,5,7.314933463931084e-06
IGSF5,3.6138317e-05,2,1.806915861379821e-05
TFF2,3.595576e-05,2,1.7977879906538874e-05
HNRNPA3P1,3.5743524e-05,1,3.5743523767450824e-05
NDN,3.560981e-05,3,1.1869936618798723e-05
NCAPD3,3.535415e-05,5,7.07083017914556e-06
OR5AC2,3.4881305e-05,3,1.1627101533425352e-05
MYO5C,3.455494e-05,1,3.4554941521491855e-05
OR5H6,3.4397366e-05,3,1.1465788702480495e-05
ADAMTS8,3.421696e-05,6,5.7028264563996345e-06
ERC2,3.4020955e-05,1,3.402095535420813e-05
SLC45A3,3.398312e-05,5,6.796624074922875e-06
OR10P1,3.3477863e-05,3,1.1159287775323415e-05
MICU2,3.339094e-05,3,1.1130313699444136e-05
LMOD1,3.294847e-05,2,1.6474234143970534e-05
DPRX,3.2660755e-05,1,3.266075509600341e-05
ZNF26,3.2420954e-05,4,8.105238521238789e-06
STARD3NL,3.240381e-05,5,6.480761658167466e-06
ADGRA2,3.199101e-05,1,3.199101047357544e-05
CLEC16A,3.1904954e-05,1,3.190495408489369e-05
ABHD2,3.178529e-05,2,1.589264502399601e-05
SMG6,3.1784846e-05,2,1.5892423107288778e-05
VPREB1,3.095682e-05,2,1.547841020510532e-05
RAB11FIP2,3.094275e-05,1,3.094274870818481e-05
GIMAP2,3.093627e-05,1,3.093626946792938e-05
EPPK1,3.0875843e-05,1,3.0875842639943585e-05
ISCU,3.0788964e-05,2,1.5394482034025714e-05
TYW3,3.0583502e-05,6,5.0972503231605515e-06
MIR148A,3.0500056e-05,1,3.0500055800075643e-05
BANK1,3.0482002e-05,1,3.048200233024545e-05
ZDHHC2,3.0072388e-05,2,1.5036193872219883e-05
DPPA3,2.9320887e-05,1,2.9320886824280024e-05
FREM2,2.9054645e-05,2,1.4527322491630912e-05
GORAB,2.887306e-05,1,2.887306072807405e-05
CLYBL,2.8788681e-05,1,2.8788681447622366e-05
NPPB,2.8213997e-05,7,4.030571030203386e-06
GP2,2.8131453e-05,3,9.377151097093398e-06
PAPOLG,2.8031758e-05,2,1.4015879060025327e-05
PMPCA,2.7952156e-05,6,4.658692584295447e-06
SLC12A7,2.7863738e-05,6,4.6439563448075205e-06
PBK,2.784523e-05,2,1.3922614925832022e-05
PA2G4,2.7766173e-05,4,6.9415432335517835e-06
NSG1,2.7337197e-05,1,2.7337197025190108e-05
TMEM98,2.7132184e-05,1,2.7132184186484665e-05
MPHOSPH6,2.7087188e-05,1,2.708718784560915e-05
GTF2IRD1,2.7009399e-05,2,1.3504699381883256e-05
ZNF281,2.6908048e-05,1,2.6908048312179744e-05
PSD3,2.6865315e-05,1,2.686531479412224e-05
IL17RA,2.668189e-05,6,4.446981620276347e-06
CDCA7L,2.6517473e-05,1,2.6517473088460974e-05
SKAP1,2.6284522e-05,3,8.76150746383549e-06
HRH4,2.624025e-05,10,2.624025000841357e-06
CLCN6,2.6146568e-05,7,3.7352240594503072e-06
SYNGR1,2.610491e-05,3,8.70163664027738e-06
PLOD3,2.6101096e-05,7,3.7287279285789865e-06
TACC1,2.5984033e-05,2,1.2992016308999155e-05
PRICKLE2,2.5725205e-05,2,1.2862602488894481e-05
CBFA2T3,2.5711724e-05,1,2.5711724447319284e-05
TUBD1,2.5695435e-05,1,2.569543539721053e-05
TCF20,2.5678297e-05,1,2.5678296879050322e-05
SLC20A1,2.5503277e-05,4,6.375819339154987e-06
EOGT,2.5249803e-05,1,2.5249803002225235e-05
ATXN2,2.523912e-05,6,4.206520012909702e-06
SLN,2.5217189e-05,1,2.5217188522219658e-05
MYO1H,2.5052295e-05,1,2.5052295313798822e-05
TSEN2,2.504096e-05,4,6.260239842958981e-06
ATP11B,2.5028192e-05,7,3.5754559836017767e-06
PAPPA,2.4915054e-05,2,1.2457527191145346e-05
COMP,2.4887315e-05,13,1.9144088302989703e-06
IER5,2.4810382e-05,1,2.481038245605305e-05
CCL8,2.4789197e-05,3,8.26306556215665e-06
KRT73,2.4781053e-05,2,1.2390526535455137e-05
PEG10,2.4667008e-05,1,2.466700789227616e-05
EEF2KMT,2.4490088e-05,3,8.163362508639693e-06
SPATA17,2.4449007e-05,1,2.44490074692294e-05
PHF10,2.4166693e-05,1,2.416669303784147e-05
IMPACT,2.4138482e-05,4,6.034620582795469e-06
ARFRP1,2.4111896e-05,4,6.0279739955149125e-06
INF2,2.3879515e-05,2,1.1939757314394228e-05
BIRC6,2.3776374e-05,3,7.925458097209534e-06
SDHAF3,2.3674324e-05,1,2.3674323529121466e-05
ZNF836,2.3628952e-05,1,2.362895247642882e-05
TNFRSF19,2.3448869e-05,1,2.3448868887498975e-05
IDNK,2.3327782e-05,1,2.3327782400883734e-05
RSPH3,2.3236133e-05,1,2.3236132619786076e-05
EXTL3,2.3011182e-05,4,5.752795459557092e-06
ACOD1,2.2871209e-05,1,2.287120878463611e-05
SLC9A3,2.278073e-05,14,1.6271950309081667e-06
CYP17A1,2.276402e-05,35,6.504005536303988e-07
QTRT1,2.2396347e-05,3,7.465449016308412e-06
SPIRE1,2.2348444e-05,1,2.2348443962982856e-05
DNMBP,2.2140954e-05,6,3.6901589434516304e-06
TTK,2.1868562e-05,3,7.289520605506065e-06
COL8A1,2.1719257e-05,7,3.1027510496122498e-06
VAX2,2.1696711e-05,1,2.1696710973628797e-05
FAM161A,2.1647966e-05,1,2.1647965695592575e-05
HIF1AN,2.1408965e-05,8,2.6761206299852347e-06
KCNH8,2.1336995e-05,3,7.1123316350470605e-06
UGGT2,2.1261714e-05,7,3.037387744240862e-06
RPRD1A,2.118422e-05,3,7.06140660137559e-06
APPBP2,2.1124859e-05,1,2.1124858903931454e-05
AKAP6,2.0996897e-05,1,2.099689663737081e-05
RNF138,2.070609e-05,4,5.176522336114431e-06
TTL,2.042386e-05,3,6.80795346852392e-06
OSBPL1A,2.036729e-05,5,4.073457967024297e-06
ZNF521,2.0291383e-05,6,3.381897234551919e-06
STT3B,2.0265059e-05,4,5.06626474816585e-06
TPBG,2.0251326e-05,1,2.0251325622666627e-05
CSMD3,2.0073354e-05,1,2.0073353880434297e-05
INO80D,2.0007781e-05,5,4.001556226285174e-06
CRX,1.9685996e-05,1,1.96859964489704e-05
GPR75,1.9638761e-05,2,9.81938046606956e-06
DNAJC10,1.9596766e-05,1,1.9596765923779458e-05
ITIH2,1.9508823e-05,4,4.8772058107715566e-06
XPO6,1.9404055e-05,1,1.9404054910410196e-05
ELSPBP1,1.9285479e-05,1,1.9285478629171848e-05
PKD1L1,1.9040648e-05,1,1.9040648112422787e-05
KLF9,1.895718e-05,1,1.8957180145662278e-05
KCNA6,1.8868916e-05,3,6.28963850128154e-06
DNAJB9,1.8839997e-05,2,9.419998605153523e-06
CDC20B,1.8791614e-05,1,1.879161391116213e-05
KCNAB1,1.8784798e-05,4,4.696199539466761e-06
RP9,1.8549927e-05,1,1.8549926608102396e-05
MYRIP,1.8520826e-05,1,1.852082641562447e-05
PWRN1,1.833307e-05,1,1.8333070329390466e-05
GATC,1.8186965e-05,1,1.8186965462518856e-05
CCNO,1.7994163e-05,1,1.7994163499679416e-05
GRP,1.7980057e-05,15,1.1986704824569945e-06
NABP1,1.794595e-05,3,5.98198312218301e-06
FHL5,1.7912427e-05,1,1.7912427210831083e-05
MOCOS,1.789173e-05,6,2.98195512489959e-06
PVT1,1.7825847e-05,1,1.7825846953201108e-05
CD8B2,1.7745138e-05,6,2.957523065560963e-06
TPPP,1.7673563e-05,3,5.891187659775217e-06
FBN3,1.7629016e-05,3,5.876338642944272e-06
MMP28,1.7388e-05,1,1.7387999832862988e-05
TRIM63,1.691499e-05,11,1.5377263480331749e-06
MOBP,1.6755403e-05,4,4.188850653008558e-06
SLC39A12,1.6417647e-05,3,5.472549067538542e-06
UNC80,1.6411657e-05,3,5.47055242350325e-06
AKAP7,1.6313961e-05,1,1.6313961168634705e-05
PLOD1,1.6213133e-05,5,3.242626553401351e-06
CCDC9,1.6086353e-05,1,1.6086352843558416e-05
RNF125,1.5911164e-05,3,5.303721385037837e-06
TAF3,1.5887606e-05,20,7.943803211674094e-07
PSD2,1.5835416e-05,1,1.583541597938165e-05
GAS8,1.5819427e-05,1,1.5819427062524483e-05
TMEM132E,1.5609248e-05,1,1.560924829391297e-05
TERC,1.535032e-05,5,3.0700641218572857e-06
PNRC1,1.5227129e-05,1,1.5227128642436583e-05
FBLN5,1.5226093e-05,3,5.075364242657088e-06
POSTN,1.5152936e-05,2,7.576467851322377e-06
SORCS1,1.5036548e-05,1,1.5036547665658873e-05
CECR2,1.4729714e-05,1,1.4729714166605845e-05
ZNF7,1.4543088e-05,1,1.4543087672791444e-05
ADAMTS15,1.4242494e-05,4,3.56062355422182e-06
SMAP1,1.42030385e-05,1,1.4203038517734967e-05
GCM1,1.4199074e-05,1,1.4199074030329939e-05
ST20-MTHFS,1.4006024e-05,1,1.4006023775436915e-05
ECHDC3,1.37586085e-05,1,1.3758608474745415e-05
NDUFA5,1.3750399e-05,25,5.500159750226885e-07
PLCXD3,1.3415447e-05,1,1.3415447028819472e-05
CPA3,1.3127314e-05,6,2.187885608388266e-06
ZNF76,1.301643e-05,1,1.3016429875278845e-05
ACAA2,1.3013109e-05,55,2.3660198745677585e-07
AKAP10,1.299681e-05,3,4.332270085190733e-06
DAZL,1.2833869e-05,2,6.4169344113906845e-06
SSPN,1.2668081e-05,1,1.2668080671573989e-05
MBNL1,1.2655365e-05,1,1.2655365026148502e-05
JADE1,1.2537084e-05,3,4.17902811022941e-06
RSU1,1.2509921e-05,4,3.12748034048127e-06
PCDH8,1.2452877e-05,1,1.245287694473518e-05
IQSEC3,1.2419789e-05,1,1.241978861798998e-05
SERINC2,1.2416231e-05,3,4.138743558238882e-06
RASA3,1.2250202e-05,10,1.2250202416907996e-06
CELSR1,1.2156317e-05,2,6.07815854891669e-06
OR7A17,1.2118015e-05,5,2.423602927592583e-06
FOXP2,1.2051777e-05,1,1.2051777048327494e-05
OR6B3,1.2044967e-05,3,4.0149889173335396e-06
TRIM56,1.1989046e-05,4,2.997261390191852e-06
INO80C,1.1876394e-05,4,2.9690984320041025e-06
SHF,1.18538965e-05,1,1.1853896467073355e-05
ADAM28,1.1700113e-05,1,1.1700112736434676e-05
DNAAF4,1.1436881e-05,1,1.1436881322879344e-05
TIMM17A,1.1330167e-05,2,5.66508333577076e-06
ZFP57,1.1134321e-05,1,1.1134320629935246e-05
NIPAL3,1.11269055e-05,2,5.563452759815846e-06
TFCP2,1.0958204e-05,2,5.479102128447266e-06
AKAP3,1.0821773e-05,1,1.082177277567098e-05
GJB6,1.0791245e-05,1,1.0791244676511269e-05
BCL11A,1.0685314e-05,1,1.0685314009606373e-05
MIR181D,1.048914e-05,4,2.6222849101031898e-06
LRRC59,1.04138e-05,2,5.2068999139009975e-06
ATF7IP,1.028849e-05,3,3.429496549263907e-06
ERC1,1.0196505e-05,3,3.3988350575479367e-06
PTF1A,1.0042666e-05,2,5.021332981414162e-06
PRAM1,9.625928e-06,1,9.625928214518353e-06
MIR29B2CHG,9.6241065e-06,1,9.624106496630702e-06
SMIM20,9.59421e-06,1,9.594209586794022e-06
MGST2,9.585963e-06,23,4.1678100862317596e-07
WDFY2,9.079466e-06,1,9.079465598915704e-06
PIGN,8.885622e-06,5,1.7771244529285468e-06
FAT1,8.626612e-06,3,2.8755372719994434e-06
WDR26,8.610325e-06,1,8.610324584878981e-06
ARRDC4,8.601912e-06,1,8.601911758887582e-06
LINC01311,8.389377e-06,1,8.389377398998477e-06
ARVCF,8.289822e-06,1,8.289822289953008e-06
PDLIM3,8.0805885e-06,1,8.080588486336637e-06
MACO1,8.043287e-06,6,1.340547896688804e-06
PREP,7.946958e-06,1,7.946958248794544e-06
GPR12,7.718158e-06,1,7.71815757616423e-06
LARP1,7.5902403e-06,1,7.5902403295913246e-06
ACAP3,7.5545954e-06,1,7.55459541323944e-06
VGLL4,7.5348744e-06,1,7.534874384873547e-06
KRIT1,7.4282307e-06,1,7.42823067412246e-06
PNPT1,7.368776e-06,3,2.4562586986576207e-06
RAB5B,7.328358e-06,21,3.4896943578219395e-07
SVIL,7.298978e-06,2,3.6494889172900002e-06
CATSPER4,7.0941373e-06,3,2.3647124483735147e-06
ANO2,7.0854185e-06,4,1.7713546185404994e-06
ATXN10,7.0589867e-06,2,3.5294933695695363e-06
SERP1,6.7846418e-06,2,3.3923208775377134e-06
LINC00895,6.772454e-06,1,6.772454071324319e-06
OR11H4,6.6164434e-06,3,2.205481147636116e-06
CPLX2,6.59546e-06,2,3.297730017948197e-06
PRAP1,6.5729096e-06,1,6.5729095695132855e-06
PIWIL3,6.52713e-06,1,6.527130153699545e-06
ZNF266,6.4903097e-06,3,2.1634365718152062e-06
B4GALNT4,6.486807e-06,1,6.486806796601741e-06
MIR138-1,6.3333764e-06,2,3.16668820232735e-06
DIP2A,6.187503e-06,1,6.187503004184691e-06
PPP1R18,6.1840983e-06,1,6.184098310768604e-06
GPSM1,5.9085337e-06,1,5.908533694309881e-06
RP1,5.7295188e-06,1,5.729518761654617e-06
HDDC3,5.629779e-06,1,5.629779025184689e-06
LYZL1,5.513295e-06,2,2.756647518253885e-06
ANO10,5.4911015e-06,3,1.8303671822650358e-06
ANKS1A,5.312896e-06,1,5.312896064424422e-06
PRMT8,5.2704527e-06,1,5.270452675176784e-06
SUFU,5.076157e-06,17,2.985974627817461e-07
SCHIP1,5.029713e-06,2,2.5148565327981487e-06
OXA1L,4.990817e-06,7,7.129738800618465e-07
PAFAH2,4.919822e-06,3,1.6399406680041768e-06
SS18,4.884149e-06,1,4.884148893324891e-06
NLRP6,4.841424e-06,1,4.841424015467055e-06
SOX5,4.8274223e-06,4,1.2068555861333152e-06
TGFBRAP1,4.8056177e-06,2,2.402808831902803e-06
AKR7A2,4.7854896e-06,7,6.836413766515242e-07
SLC47A2,4.733629e-06,4,1.183407221105881e-06
HES2,4.558257e-06,2,2.279128466398106e-06
CFHR4,4.3299283e-06,6,7.216547146526864e-07
FAM3C,4.230059e-06,4,1.0575147371127969e-06
C6orf201,4.225447e-06,1,4.225446900818497e-06
TCOF1,4.0497694e-06,1,4.049769358971389e-06
IFRD1,4.0227737e-06,1,4.022773737233365e-06
CELF2,3.890857e-06,1,3.890856987709412e-06
GSC2,3.7245018e-06,1,3.724501766555477e-06
SFSWAP,3.6833806e-06,1,3.683380555230542e-06
B4GALNT3,3.6603888e-06,1,3.660388756543398e-06
OR11H6,3.5896344e-06,3,1.196544796281766e-06
RSPH1,3.5460898e-06,1,3.5460898288874887e-06
PDCD11,3.4991785e-06,4,8.74794636729348e-07
ST8SIA3,3.4873578e-06,10,3.487357844278449e-07
TANGO2,3.4053578e-06,1,3.405357801966602e-06
BNIP2,3.3391702e-06,3,1.113056744846593e-06
GAREM1,3.3171507e-06,1,3.31715068568883e-06
TAC4,3.2567134e-06,2,1.6283566992569831e-06
OR5AU1,3.2251082e-06,3,1.0750360767512273e-06
INTU,3.2143002e-06,2,1.6071501249825815e-06
CUL4A,3.2119299e-06,20,1.6059649396993336e-07
GRAMD4,3.1314646e-06,1,3.131464609396062e-06
AIPL1,3.0141873e-06,1,3.0141873139655218e-06
HORMAD2,2.9889582e-06,1,2.988958158312016e-06
RPEL1,2.9059174e-06,5,5.811834853375331e-07
PTP4A3,2.7942394e-06,1,2.79423943538859e-06
RIT2,2.7754768e-06,8,3.4693459838308627e-07
RIDA,2.7417434e-06,3,9.13914467067419e-07
C22orf39,2.6847374e-06,1,2.684737410163507e-06
POC1A,2.6749924e-06,1,2.6749924018076854e-06
AS3MT,2.649556e-06,5,5.299112217471702e-07
TRAM1L1,2.524784e-06,1,2.5247838948416756e-06
RAB27B,2.4963688e-06,13,1.9202836763445072e-07
SAMSN1,2.4055291e-06,1,2.4055291305558058e-06
HERC6,2.397869e-06,4,5.994672278575308e-07
ARL3,2.3822874e-06,7,3.403267783141928e-07
DELEC1,2.345732e-06,1,2.3457319002773147e-06
CELF4,2.184424e-06,1,2.184423919970868e-06
NME8,2.0371403e-06,1,2.03714034796576e-06
TMEFF2,2.0301231e-06,1,2.030123141594231e-06
HDAC10,1.8688135e-06,25,7.475253823940875e-08
ADGRB1,1.7862646e-06,2,8.931323236538447e-07
URAD,1.7657319e-06,1,1.7657318949204637e-06
OR6J1,1.7472378e-06,3,5.82412591635754e-07
PRR5L,1.7336622e-06,1,1.7336622022412485e-06
GPR156,1.6167827e-06,1,1.6167826970558963e-06
RPGRIP1,1.5543746e-06,1,1.5543746485491283e-06
DGLUCY,1.5359856e-06,1,1.5359855751739815e-06
KIN,1.5218458e-06,3,5.072819249107852e-07
MAL,1.4700402e-06,1,1.4700401607115055e-06
KIAA1217,1.4545644e-06,1,1.4545644262398127e-06
MCFD2,1.4474394e-06,9,1.608266049717915e-07
RBPJL,1.3841959e-06,8,1.7302448895861744e-07
CCDC188,1.3800367e-06,1,1.3800366787108942e-06
CASTOR1,1.365278e-06,1,1.3652779671247117e-06
RTN4R,1.3129401e-06,3,4.3764669044321636e-07
DYRK3,1.3065313e-06,1,1.3065313169136061e-06
ARHGEF15,1.2688224e-06,17,7.463661270722856e-08
CDC42EP4,1.2568008e-06,8,1.571001035927111e-07
ANO1,1.1827078e-06,3,3.942359398934059e-07
SLC13A1,9.736871e-07,6,1.6228117753295615e-07
MCC,9.4816096e-07,1,9.481609595241025e-07
SETBP1,9.4512774e-07,1,9.451277378502709e-07
HYAL4,8.913988e-07,4,2.2284970668806636e-07
PLIN2,7.608834e-07,9,8.454259791000771e-08
FBXW10,7.1624356e-07,10,7.162435622376506e-08
TIMM44,6.8606056e-07,2,3.4303027973692224e-07
KCNS2,6.76205e-07,3,2.254016635561129e-07
SYTL3,5.784193e-07,1,5.784193035651697e-07
LLGL1,5.5118863e-07,3,1.837295447633854e-07
B9D1,5.444138e-07,6,9.073563470944161e-08
PPM1L,5.286182e-07,5,1.0572364317340543e-07
SSR3,4.8236285e-07,5,9.647257002143305e-08
GLB1L3,4.4702844e-07,1,4.4702844093080785e-07
ALG12,4.4160026e-07,7,6.308575198740332e-08
RIOK2,3.934681e-07,1,3.934680989914341e-07
TTLL8,3.325189e-07,3,1.1083963613600645e-07
SELENOK,3.2383346e-07,1,3.238334613797633e-07
CDC37L1,2.9667365e-07,4,7.416841185658996e-08
FKBP9,2.9340606e-07,4,7.335151508414128e-08
MIR122,2.8546648e-07,2,1.427332421144456e-07
SLC39A11,2.776326e-07,3,9.254420281952964e-08
RECK,2.1590805e-07,5,4.318160904404067e-08
SLPI,1.8964478e-07,3,6.321492662664241e-08
MLF1,1.6075394e-07,1,1.6075394171366497e-07
TESK1,1.1151236e-07,4,2.787808917048551e-08
CMC1,9.4377995e-08,1,9.437799519673717e-08
LYPD2,8.900039e-08,3,2.9666795834752218e-08
CALHM1,6.109494e-08,1,6.109493710937386e-08
HOXA7,2.5858188e-08,1,2.5858188479332966e-08
