pathway,degree,in_importance_sum,in_importance_mean,n_nodes
Signal Transduction,5012,3.3172808,0.00066186767,1
Immune System,4304,2.9161696,0.0006775487,1
Metabolism,2573,1.8995886,0.00073827774,1
Metabolism of proteins,2398,1.6562533,0.0006906811,1
Gene expression (Transcription),2048,1.5372884,0.0007506291,1
Cytokine Signaling in Immune system,1963,1.4140038,0.000720328,1
RNA Polymerase II Transcription,1853,1.3368655,0.0007214601,1
Post-translational protein modification,1987,1.3286691,0.00066868094,1
Adaptive Immune System,1977,1.2594899,0.00063707127,1
Generic Transcription Pathway,1770,1.2567258,0.00071001454,1
Signaling by GPCR,1759,1.1821321,0.00067204784,1
Disease,1664,1.1818976,0.000710275,1
Innate Immune System,1768,1.1385521,0.00064397743,1
Developmental Biology,1346,1.0813451,0.0008033767,1
GPCR downstream signalling,1581,1.033855,0.0006539247,1
Cytokine-cytokine receptor interaction - Homo sapiens (human),1340,0.97832406,0.0007300926,1
Pathways in cancer - Homo sapiens (human),1439,0.97748554,0.00067928113,1
Hemostasis,1258,0.9169073,0.00072886114,1
GPCR ligand binding,1193,0.83038163,0.00069604494,1
Infectious disease,1100,0.8302889,0.0007548081,1
Signaling by Receptor Tyrosine Kinases,1053,0.73476,0.0006977778,1
Transport of small molecules,1138,0.73139787,0.0006427046,1
Cell adhesion molecules - Homo sapiens (human),925,0.69827676,0.0007548938,1
"Signaling by Rho GTPases, Miro GTPases and RHOBTB3",931,0.68792784,0.00073891284,1
Vitamin D Receptor Pathway,861,0.6844125,0.00079490413,1
Human T-cell leukemia virus 1 infection - Homo sapiens (human),911,0.67262626,0.0007383384,1
Class A/1 (Rhodopsin-like receptors),1028,0.66711265,0.00064894225,1
Signaling by Rho GTPases,920,0.64710695,0.0007033771,1
Herpes simplex virus 1 infection - Homo sapiens (human),906,0.6420738,0.0007086907,1
EGFR1,991,0.6352503,0.00064101943,1
Interferon Signaling,741,0.63143885,0.0008521442,1
Signaling by Interleukins,911,0.6133579,0.0006732798,1
Neuroactive ligand-receptor interaction - Homo sapiens (human),840,0.60294574,0.00071779254,1
Metabolism of lipids,782,0.5854681,0.00074868044,1
VEGFA-VEGFR2 Signaling Pathway,848,0.58168703,0.0006859517,1
Epstein-Barr virus infection - Homo sapiens (human),777,0.57561725,0.00074082013,1
JAK STAT pathway and regulation,907,0.5704154,0.0006289034,1
Neutrophil degranulation,761,0.56982815,0.00074878865,1
Neuronal System,852,0.5632483,0.00066108955,1
Human cytomegalovirus infection - Homo sapiens (human),763,0.5531089,0.0007249133,1
Allograft Rejection,820,0.54938036,0.00066997606,1
Human papillomavirus infection - Homo sapiens (human),766,0.52983534,0.00069169106,1
GPCR signaling-G alpha s PKA and ERK,759,0.52600664,0.0006930259,1
Kaposi sarcoma-associated herpesvirus infection - Homo sapiens (human),661,0.5250947,0.0007943944,1
GPCR signaling-G alpha s Epac and ERK,736,0.52479357,0.0007130347,1
Pathways of neurodegeneration - multiple diseases - Homo sapiens (human),766,0.5217214,0.00068109843,1
"GPCRs, Class A Rhodopsin-like",812,0.5207353,0.00064129964,1
Interferon gamma signaling,686,0.5132718,0.00074820966,1
Nuclear Receptors Meta-Pathway,661,0.5120048,0.00077459123,1
Th17 cell differentiation - Homo sapiens (human),663,0.50069636,0.0007551981,1
Cell Cycle,618,0.49894089,0.0008073477,1
G alpha (i) signalling events,799,0.4985594,0.0006239792,1
GPCR signaling-G alpha i,727,0.49443308,0.0006801005,1
Nervous system development,781,0.49128735,0.0006290491,1
IL-18 signaling pathway,719,0.49099624,0.0006828877,1
GPCR signaling-cholera toxin,732,0.49038097,0.00066991936,1
TCR,736,0.48656318,0.0006610913,1
JAK-STAT signaling pathway - Homo sapiens (human),639,0.48633805,0.0007610924,1
GPCR signaling-pertussis toxin,727,0.4862293,0.0006688161,1
Cellular responses to stress,664,0.48063862,0.00072385336,1
RHO GTPase cycle,651,0.4795973,0.0007367086,1
Immunoregulatory interactions between a Lymphoid and a non-Lymphoid cell,616,0.47899523,0.0007775897,1
"Platelet activation, signaling and aggregation",637,0.47466728,0.00074516056,1
GPCR signaling-G alpha q,741,0.47284687,0.00063811993,1
Influenza A - Homo sapiens (human),597,0.46533155,0.0007794498,1
Vesicle-mediated transport,703,0.45918682,0.0006531818,1
G alpha (q) signalling events,671,0.45096147,0.00067207374,1
Metabolism of RNA,689,0.44870105,0.0006512352,1
Axon guidance,759,0.44387105,0.00058481033,1
PI3K-Akt signaling pathway,699,0.4435801,0.00063459243,1
Focal Adhesion-PI3K-Akt-mTOR-signaling pathway,649,0.43834713,0.0006754193,1
PI3K-Akt signaling pathway - Homo sapiens (human),737,0.42675656,0.00057904556,1
MAPK family signaling cascades,652,0.42494875,0.0006517619,1
Membrane Trafficking,655,0.42169693,0.0006438121,1
Allograft rejection - Homo sapiens (human),591,0.4198874,0.0007104694,1
Viral carcinogenesis - Homo sapiens (human),574,0.4164946,0.00072560034,1
Type I diabetes mellitus - Homo sapiens (human),556,0.4161522,0.0007484752,1
Tuberculosis - Homo sapiens (human),572,0.41257003,0.0007212763,1
Graft-versus-host disease - Homo sapiens (human),539,0.4115836,0.00076360593,1
Human immunodeficiency virus 1 infection - Homo sapiens (human),512,0.4107559,0.0008022576,1
Toxoplasmosis - Homo sapiens (human),626,0.409912,0.0006548115,1
Peptide ligand-binding receptors,673,0.4089867,0.00060770684,1
MAPK Signaling Pathway,648,0.40701064,0.00062810286,1
Ras signaling pathway - Homo sapiens (human),604,0.4059473,0.0006720982,1
Cellular responses to external stimuli,666,0.40190235,0.000603457,1
MAPK signaling pathway - Homo sapiens (human),747,0.40180075,0.0005378859,1
Cellular senescence - Homo sapiens (human),548,0.39952698,0.0007290638,1
Transcriptional Regulation by TP53,454,0.3905468,0.00086023525,1
Chemokine signaling pathway - Homo sapiens (human),682,0.39003605,0.00057190034,1
Coronavirus disease - COVID-19 - Homo sapiens (human),464,0.3896779,0.0008398231,1
Phagosome - Homo sapiens (human),617,0.386359,0.00062618963,1
RAF/MAP kinase cascade,601,0.38580668,0.0006419412,1
Th1 and Th2 cell differentiation - Homo sapiens (human),594,0.38318127,0.00064508634,1
MAPK1/MAPK3 signaling,603,0.38094404,0.000631748,1
Natural killer cell mediated cytotoxicity - Homo sapiens (human),467,0.37854952,0.00081059855,1
Metabolism of amino acids and derivatives,496,0.37704986,0.00076018117,1
Viral myocarditis - Homo sapiens (human),562,0.37526238,0.0006677267,1
Leishmania infection,565,0.3752244,0.000664114,1
Class I MHC mediated antigen processing & presentation,632,0.3695053,0.0005846603,1
Hematopoietic cell lineage - Homo sapiens (human),514,0.36853263,0.00071698957,1
Leishmaniasis - Homo sapiens (human),532,0.36672378,0.0006893304,1
Chemokine signaling pathway,582,0.36512557,0.0006273635,1
Rap1 signaling pathway - Homo sapiens (human),500,0.36407068,0.00072814134,1
Endocytosis - Homo sapiens (human),512,0.3601813,0.0007034791,1
CD4 T cell receptor signaling,577,0.3598234,0.00062361074,1
Metabolism of carbohydrates,506,0.35952738,0.0007105284,1
SLC-mediated transmembrane transport,552,0.35756007,0.00064775377,1
Osteoclast differentiation - Homo sapiens (human),574,0.356219,0.0006205906,1
Transmission across Chemical Synapses,429,0.35592672,0.00082966604,1
"Cell Cycle, Mitotic",513,0.35481837,0.00069165375,1
Diseases of signal transduction by growth factor receptors and second messengers,645,0.3501344,0.00054284406,1
Autoimmune thyroid disease - Homo sapiens (human),602,0.34918684,0.0005800446,1
JAK-STAT-Core,438,0.34530777,0.0007883739,1
Antigen processing and presentation - Homo sapiens (human),452,0.3393159,0.00075069885,1
Anti-inflammatory response favouring Leishmania parasite infection,452,0.33581984,0.0007429643,1
Ebola Virus Pathway on Host,563,0.33429372,0.00059377216,1
Shigellosis - Homo sapiens (human),508,0.33362612,0.00065674435,1
Transcriptional misregulation in cancer - Homo sapiens (human),435,0.333011,0.00076554256,1
Interferon alpha/beta signaling,371,0.33124974,0.00089285645,1
Extracellular matrix organization,527,0.33112457,0.00062831986,1
Viral protein interaction with cytokine and cytokine receptor - Homo sapiens (human),577,0.3295655,0.0005711707,1
Sensory Perception,444,0.32902727,0.0007410524,1
JAK STAT MolecularVariation 1,455,0.32689413,0.00071844866,1
Mesodermal commitment pathway,426,0.32625604,0.00076585927,1
Intracellular signaling by second messengers,590,0.3257785,0.00055216695,1
Leishmania parasite growth and survival,452,0.32308066,0.00071478024,1
Intestinal immune network for IgA production - Homo sapiens (human),459,0.3218274,0.00070114905,1
Lipid and atherosclerosis - Homo sapiens (human),515,0.31979528,0.0006209617,1
Signaling by WNT,424,0.31745118,0.0007487056,1
Amyotrophic lateral sclerosis - Homo sapiens (human),471,0.3167028,0.0006724051,1
Deubiquitination,469,0.31481603,0.0006712495,1
Calcium signaling pathway - Homo sapiens (human),493,0.3129364,0.00063475943,1
Direct p53 effectors,331,0.31176493,0.000941888,1
Alzheimer disease - Homo sapiens (human),504,0.31140506,0.00061786716,1
Inflammatory bowel disease - Homo sapiens (human),513,0.31119078,0.00060660974,1
Ectoderm Differentiation,386,0.30973786,0.0008024297,1
Rheumatoid arthritis - Homo sapiens (human),514,0.30743656,0.00059812557,1
Salmonella infection - Homo sapiens (human),456,0.30034214,0.00065864506,1
PIP3 activates AKT signaling,518,0.30033514,0.00057979755,1
IL12-mediated signaling events,460,0.29987237,0.00065189647,1
cAMP signaling pathway - Homo sapiens (human),436,0.29416433,0.00067468884,1
Ras signaling,451,0.29329967,0.0006503319,1
Axon guidance - Homo sapiens (human),487,0.29182342,0.00059922674,1
RHO GTPase Effectors,382,0.28601143,0.000748721,1
Pathogenic Escherichia coli infection - Homo sapiens (human),451,0.28541484,0.0006328489,1
M Phase,363,0.28337038,0.00078063464,1
Measles - Homo sapiens (human),448,0.2823745,0.0006303002,1
Systemic lupus erythematosus - Homo sapiens (human),450,0.28089842,0.0006242187,1
G alpha (s) signalling events,337,0.2797583,0.00083014334,1
Brain-derived neurotrophic factor (BDNF) signaling pathway,350,0.27686173,0.0007910335,1
T cell receptor signaling pathway - Homo sapiens (human),536,0.2761613,0.00051522633,1
BCR,434,0.2749882,0.0006336134,1
Regulation of toll-like receptor signaling pathway,412,0.27467388,0.0006666842,1
Signaling by Nuclear Receptors,431,0.27213547,0.0006314048,1
Transcriptional regulation by RUNX1,414,0.2711031,0.00065483846,1
Spinal Cord Injury,442,0.27026865,0.0006114675,1
Modulators of TCR signaling and T cell activation,407,0.2695817,0.0006623629,1
Chagas disease - Homo sapiens (human),362,0.269358,0.0007440829,1
Wnt signaling pathway - Homo sapiens (human),336,0.26908332,0.00080084323,1
ADORA2B mediated anti-inflammatory cytokines production,307,0.26538244,0.0008644379,1
NF-kappa B signaling pathway - Homo sapiens (human),415,0.26531342,0.00063930947,1
CD4 T cell receptor signaling-NFkB cascade,491,0.26354146,0.0005367443,1
Cell-Cell communication,421,0.26310253,0.0006249466,1
Male infertility,387,0.26239607,0.000678026,1
Insulin Signaling,393,0.26118836,0.0006646014,1
Regulation of actin cytoskeleton - Homo sapiens (human),434,0.2603384,0.00059985806,1
Hippo-Merlin Signaling Dysregulation,350,0.25915793,0.0007404512,1
MicroRNAs in cancer - Homo sapiens (human),422,0.25770095,0.00061066577,1
TNFalpha,409,0.25765276,0.0006299578,1
IL23-mediated signaling events,286,0.25510418,0.0008919727,1
CD4 T cell receptor signaling-JNK cascade,347,0.25497967,0.0007348117,1
Cell surface interactions at the vascular wall,324,0.25297418,0.0007807845,1
Glycosaminoglycan metabolism,314,0.2505812,0.0007980293,1
Neural Crest Differentiation,409,0.25040844,0.0006122456,1
TCR signaling,358,0.25034198,0.0006992793,1
Signaling pathways regulating pluripotency of stem cells - Homo sapiens (human),300,0.24873187,0.0008291062,1
Prion disease - Homo sapiens (human),373,0.24826093,0.0006655789,1
SUMO E3 ligases SUMOylate target proteins,305,0.24762692,0.0008118915,1
Yersinia infection - Homo sapiens (human),420,0.24753623,0.00058937195,1
NOD-like receptor signaling pathway - Homo sapiens (human),392,0.24533413,0.0006258524,1
Fc epsilon receptor (FCERI) signaling,304,0.24499159,0.0008058934,1
Type II interferon signaling (IFNG),316,0.24468502,0.0007743197,1
Neurotransmitter receptors and postsynaptic signal transmission,289,0.24377601,0.0008435156,1
IL-7 signaling,396,0.241919,0.0006109066,1
B Cell Receptor Signaling Pathway,438,0.24176961,0.0005519854,1
Huntington disease - Homo sapiens (human),343,0.24161014,0.00070440274,1
Metabolism of vitamins and cofactors,255,0.2406527,0.00094373606,1
SUMOylation,306,0.24041833,0.00078568084,1
Proteasome Degradation,268,0.23716968,0.0008849615,1
PD-L1 expression and PD-1 checkpoint pathway in cancer - Homo sapiens (human),361,0.23661852,0.00065545295,1
Thymic Stromal LymphoPoietin (TSLP) Signaling Pathway,267,0.23641795,0.00088546047,1
O-linked glycosylation,296,0.2363379,0.00079843885,1
Focal Adhesion,381,0.23632517,0.000620276,1
Validated targets of C-MYC transcriptional repression,237,0.23628718,0.0009969923,1
Myometrial relaxation and contraction pathways,375,0.23617429,0.0006297981,1
TCF dependent signaling in response to WNT,274,0.23575637,0.0008604247,1
T-Cell antigen Receptor (TCR) pathway during Staphylococcus aureus infection,415,0.2355292,0.00056754024,1
Apoptosis,391,0.23418602,0.00059894123,1
Organelle biogenesis and maintenance,228,0.233864,0.0010257192,1
Acute viral myocarditis,340,0.23286177,0.0006848876,1
Focal adhesion - Homo sapiens (human),366,0.23180072,0.0006333353,1
T-cell receptor (TCR) signaling pathway,470,0.23153909,0.00049263635,1
Regulation of Actin Cytoskeleton,318,0.23109755,0.00072672183,1
Hepatitis B - Homo sapiens (human),355,0.22930661,0.0006459341,1
Response to elevated platelet cytosolic Ca2+,228,0.22930421,0.0010057202,1
Chromatin modifying enzymes,310,0.22900078,0.0007387122,1
Hepatitis C - Homo sapiens (human),306,0.22866113,0.0007472586,1
EGF-EGFR signaling pathway,307,0.22849238,0.0007442749,1
Prostaglandin Synthesis and Regulation,202,0.22788855,0.0011281612,1
VEGF,374,0.22748001,0.0006082353,1
Fluid shear stress and atherosclerosis - Homo sapiens (human),373,0.22736286,0.0006095519,1
Calcium Regulation in the Cardiac Cell,400,0.22710893,0.0005677723,1
Chromatin organization,310,0.22707246,0.00073249184,1
Gastrin signaling pathway,327,0.22633414,0.00069215335,1
IL-17 signaling pathway - Homo sapiens (human),349,0.22513859,0.00064509624,1
Olfactory transduction - Homo sapiens (human),268,0.22300711,0.0008321161,1
Pathways Regulating Hippo Signaling,328,0.2224183,0.0006781046,1
IL2-mediated signaling events,280,0.22218874,0.00079353125,1
Spinocerebellar ataxia - Homo sapiens (human),320,0.22181433,0.0006931698,1
Signaling by NOTCH,270,0.22001007,0.00081485213,1
Genotoxicity pathway,272,0.21969348,0.0008076966,1
Downstream signaling in naïve CD8+ T cells,313,0.21850763,0.00069810747,1
DNA Repair,285,0.21806507,0.0007651406,1
Transport of inorganic cations/anions and amino acids/oligopeptides,329,0.21788254,0.00066225696,1
EPO signaling,373,0.21768163,0.0005835969,1
Asthma - Homo sapiens (human),301,0.21752043,0.0007226592,1
Breast cancer pathway,297,0.21733615,0.0007317715,1
Proteoglycans in cancer - Homo sapiens (human),367,0.21697761,0.00059121964,1
Calcineurin-regulated NFAT-dependent transcription in lymphocytes,387,0.21551387,0.0005568834,1
Nucleotide-binding Oligomerization Domain (NOD) pathway,204,0.21486482,0.0010532589,1
Necroptosis - Homo sapiens (human),262,0.21477954,0.0008197692,1
Antigen processing: Ubiquitination & Proteasome degradation,429,0.21183519,0.00049378834,1
KitReceptor,299,0.2116116,0.0007077311,1
Endosomal/Vacuolar pathway,170,0.21149676,0.0012440985,1
Apoptosis - Homo sapiens (human),289,0.20957503,0.0007251731,1
Breast cancer - Homo sapiens (human),296,0.20879947,0.0007054036,1
IL-6 signaling pathway,212,0.20876952,0.0009847619,1
IL4,312,0.20841575,0.0006679992,1
PDGFR-beta signaling pathway,363,0.20826592,0.0005737353,1
Mitotic Prometaphase,236,0.20740113,0.00087881833,1
Ciliary landscape,293,0.20731644,0.00070756464,1
Sudden Infant Death Syndrome (SIDS) Susceptibility Pathways,309,0.2058104,0.0006660531,1
Inflammatory mediator regulation of TRP channels - Homo sapiens (human),286,0.2044546,0.0007148762,1
TGF_beta_Receptor,311,0.2037803,0.0006552421,1
CXCR4-mediated signaling events,315,0.20348182,0.00064597407,1
C-type lectin receptor signaling pathway - Homo sapiens (human),282,0.20346463,0.0007215058,1
Muscle contraction,264,0.2028652,0.0007684288,1
TNFR2 non-canonical NF-kB pathway,312,0.20276822,0.00064989814,1
Prolactin Signaling Pathway,318,0.20250016,0.000636793,1
Interleukin-1 family signaling,282,0.20245709,0.00071793294,1
AP-1 transcription factor network,297,0.2018787,0.00067972625,1
Senescence and Autophagy in Cancer,291,0.20143819,0.00069222745,1
Factors involved in megakaryocyte development and platelet production,258,0.20111679,0.0007795224,1
Staphylococcus aureus infection - Homo sapiens (human),355,0.20071913,0.000565406,1
Cell junction organization,290,0.20070693,0.0006920929,1
Adipogenesis,326,0.20056738,0.00061523734,1
Pre-implantation embryo,238,0.1996913,0.00083903904,1
Platelet degranulation ,222,0.19940718,0.00089823053,1
CDC42 GTPase cycle,269,0.19562092,0.0007272153,1
Amoebiasis - Homo sapiens (human),238,0.1955027,0.0008214399,1
Ub-specific processing proteases,345,0.19426863,0.0005630975,1
Parkinson disease - Homo sapiens (human),305,0.19376485,0.0006352946,1
Asparagine N-linked glycosylation,302,0.19349161,0.0006407007,1
Costimulation by the CD28 family,417,0.19329289,0.0004635321,1
Toll-like Receptor Cascades,297,0.19320384,0.000650518,1
Toll-like receptor signaling pathway - Homo sapiens (human),276,0.19298892,0.0006992352,1
Platelet homeostasis,211,0.19236305,0.00091167324,1
Signaling by SCF-KIT,248,0.19166231,0.0007728319,1
Mitotic Metaphase and Anaphase,204,0.19159578,0.000939195,1
Selective expression of chemokine receptors during T-cell polarization,323,0.19154136,0.0005930073,1
Regulatory circuits of the STAT3 signaling pathway,296,0.19100958,0.00064530264,1
Negative regulation of the PI3K/AKT network,374,0.19055502,0.0005095054,1
Phospholipase D signaling pathway - Homo sapiens (human),292,0.18971995,0.00064972584,1
TNF signaling pathway - Homo sapiens (human),327,0.18954307,0.0005796424,1
Cell Cycle Checkpoints,252,0.1893555,0.00075141067,1
Potassium Channels,317,0.18849148,0.00059461035,1
Cilium Assembly,191,0.18823673,0.0009855326,1
cGMP-PKG signaling pathway - Homo sapiens (human),242,0.18716532,0.00077341043,1
Cushing syndrome - Homo sapiens (human),250,0.18658608,0.00074634433,1
Chemokine receptors bind chemokines,369,0.1853689,0.00050235476,1
Regulation of TP53 Activity,242,0.18484466,0.0007638209,1
Prolactin,272,0.18409301,0.00067681255,1
Downstream TCR signaling,303,0.18408592,0.00060754427,1
Glutamatergic synapse - Homo sapiens (human),258,0.18399464,0.0007131575,1
JAK STAT MolecularVariation 2,264,0.18383,0.00069632573,1
"Growth hormone synthesis, secretion and action - Homo sapiens (human)",265,0.1834347,0.0006922064,1
HIF-1 signaling pathway - Homo sapiens (human),260,0.18340357,0.0007053983,1
Cardiac conduction,201,0.18181655,0.0009045599,1
Platelet activation - Homo sapiens (human),306,0.18156978,0.0005933653,1
Constitutive Signaling by Aberrant PI3K in Cancer,326,0.18134876,0.0005562845,1
Kit receptor signaling pathway,277,0.18134563,0.00065467734,1
Thyroid hormone signaling pathway - Homo sapiens (human),220,0.18121599,0.000823709,1
Hepatitis B infection,292,0.1810233,0.0006199428,1
TYROBP causal network in microglia,214,0.18055475,0.00084371376,1
Toll-like Receptor Signaling Pathway,279,0.17962284,0.0006438095,1
IL4-mediated signaling events,294,0.17936979,0.0006101013,1
Oxytocin signaling pathway - Homo sapiens (human),247,0.17906797,0.0007249715,1
EGF-Core,311,0.17904182,0.00057569717,1
Phospholipid metabolism,263,0.17659433,0.00067146134,1
Renin secretion - Homo sapiens (human),212,0.17645667,0.00083234283,1
RAC1 GTPase cycle,316,0.17645402,0.0005583988,1
Diabetic cardiomyopathy - Homo sapiens (human),251,0.17609982,0.00070159294,1
Inositol phosphate metabolism,174,0.17606968,0.0010118947,1
Peptide GPCRs,325,0.17572047,0.0005406784,1
Relaxin signaling pathway - Homo sapiens (human),257,0.17565288,0.00068347424,1
Ion channel transport,312,0.1756194,0.0005628827,1
Hepatocellular carcinoma - Homo sapiens (human),280,0.17559959,0.0006271414,1
Metapathway biotransformation Phase I and II,254,0.17542517,0.0006906503,1
TGF-beta Receptor Signaling,138,0.175311,0.0012703695,1
B cell receptor signaling pathway - Homo sapiens (human),319,0.175285,0.00054948276,1
PI3K/AKT Signaling in Cancer,346,0.17509386,0.00050605164,1
Gastric cancer - Homo sapiens (human),272,0.17454374,0.00064170494,1
Small cell lung cancer,232,0.17378011,0.0007490522,1
SHP2 signaling,250,0.17364617,0.0006945847,1
MHC class II antigen presentation,274,0.17276199,0.0006305182,1
Cell-cell junction organization,240,0.1722359,0.0007176496,1
Prostate cancer - Homo sapiens (human),241,0.17218982,0.0007144806,1
"Parathyroid hormone synthesis, secretion and action - Homo sapiens (human)",191,0.17164573,0.0008986688,1
Thermogenesis - Homo sapiens (human),238,0.17130212,0.0007197568,1
Cholinergic synapse - Homo sapiens (human),250,0.17122293,0.0006848917,1
Chromosomal and microsatellite instability in colorectal cancer,201,0.17122056,0.00085184356,1
Folate Metabolism,205,0.1707871,0.0008331078,1
TNFs bind their physiological receptors,249,0.17046979,0.0006846176,1
Epithelial to mesenchymal transition in colorectal cancer,295,0.16981344,0.0005756388,1
Selenium Micronutrient Network,194,0.16947764,0.0008735961,1
Biological oxidations,240,0.16881733,0.00070340553,1
DNA damage response (only ATM dependent),266,0.16829802,0.00063269935,1
"PI5P, PP2A and IER3 Regulate PI3K/AKT Signaling",353,0.16748668,0.00047446653,1
Protein digestion and absorption - Homo sapiens (human),211,0.16731139,0.000792945,1
Antigen processing-Cross presentation,195,0.16663975,0.0008545628,1
Oocyte meiosis - Homo sapiens (human),224,0.16659118,0.0007437106,1
RHO GTPases Activate Formins,181,0.16640715,0.00091937656,1
Adherens junctions interactions,191,0.16600597,0.0008691412,1
mTOR signaling pathway - Homo sapiens (human),253,0.16543262,0.00065388385,1
FoxO signaling pathway - Homo sapiens (human),263,0.16522118,0.0006282174,1
IL-3 signaling pathway,234,0.1646372,0.00070357777,1
Nonalcoholic fatty liver disease,269,0.16454208,0.0006116806,1
Homology Directed Repair,158,0.16376856,0.0010365099,1
Glucocorticoid Receptor Pathway,228,0.16338722,0.00071661064,1
HIV Infection,271,0.1630962,0.000601831,1
The citric acid (TCA) cycle and respiratory electron transport,204,0.16270556,0.0007975763,1
TCR signaling in naïve CD4+ T cells,333,0.16193911,0.00048630364,1
Purine metabolism,274,0.16092113,0.00058730337,1
Signaling by the B Cell Receptor (BCR),280,0.1608557,0.00057448464,1
Signaling events mediated by Stem cell factor receptor (c-Kit),255,0.1601847,0.0006281753,1
NO-cGMP-PKG mediated Neuroprotection,181,0.15924603,0.0008798123,1
Inflammatory Response Pathway,233,0.15908967,0.00068278826,1
CD4 T cell receptor signaling-ERK cascade,236,0.15884198,0.00067305926,1
Small cell lung cancer - Homo sapiens (human),231,0.15883842,0.0006876122,1
Olfactory Signaling Pathway,206,0.15881427,0.00077094306,1
Corticotropin-releasing hormone signaling pathway,208,0.15850987,0.0007620667,1
Toll Like Receptor 7/8 (TLR7/8) Cascade,223,0.15807563,0.00070885936,1
IL2,280,0.15681878,0.00056006707,1
Sphingolipid metabolism,186,0.15679833,0.00084300176,1
Autophagy - animal - Homo sapiens (human),254,0.15669584,0.0006169128,1
Vascular smooth muscle contraction - Homo sapiens (human),219,0.15657978,0.00071497617,1
Death Receptor Signalling,263,0.15591408,0.0005928292,1
Toll Like Receptor 4 (TLR4) Cascade,272,0.15461092,0.0005684225,1
Malaria - Homo sapiens (human),209,0.15376624,0.00073572365,1
keratinocyte differentiation,245,0.15264466,0.00062303944,1
Estrogen signaling pathway - Homo sapiens (human),191,0.15240988,0.0007979575,1
Phosphatidylinositol signaling system - Homo sapiens (human),194,0.15213674,0.00078421,1
Novel intracellular components of RIG-I-like receptor (RLR) pathway,192,0.1520673,0.0007920172,1
Integrin,232,0.15166047,0.00065370894,1
Pertussis - Homo sapiens (human),201,0.15155825,0.00075402117,1
Separation of Sister Chromatids,166,0.1515285,0.00091282226,1
Glucocorticoid receptor regulatory network,202,0.15133956,0.00074920576,1
RHOA GTPase cycle,270,0.15071058,0.00055818737,1
Mitotic Anaphase,200,0.15061846,0.00075309235,1
Cytokines and Inflammatory Response,158,0.15026408,0.0009510385,1
"Antigen Presentation: Folding, assembly and peptide loading of class I MHC",175,0.15018377,0.000858193,1
Complement system,172,0.15000808,0.00087214,1
TGF-beta Signaling Pathway,232,0.14999714,0.00064653944,1
AndrogenReceptor,223,0.1498351,0.0006719063,1
B cell receptor signaling,264,0.14956301,0.00056652655,1
Verapamil Action Pathway,133,0.14830583,0.0011150815,1
RNA transport - Homo sapiens (human),215,0.14799532,0.00068835035,1
Neurotransmitter release cycle,99,0.14797503,0.0014946973,1
Macroautophagy,152,0.14794336,0.0009733116,1
Protein-protein interactions at synapses,185,0.14790437,0.00079948304,1
Neurotrophin signaling pathway - Homo sapiens (human),266,0.14762807,0.00055499276,1
DNA Double-Strand Break Repair,199,0.14749402,0.00074117596,1
DAP12 interactions,210,0.14747034,0.0007022397,1
IL-4 signaling pathway,218,0.14738493,0.0006760777,1
Retrograde endocannabinoid signaling - Homo sapiens (human),208,0.14738315,0.00070857286,1
Overview of leukocyte-intrinsic Hippo pathway functions,161,0.14725009,0.00091459684,1
Neutrophil extracellular trap formation - Homo sapiens (human),280,0.14677957,0.0005242127,1
NGF-stimulated transcription,64,0.14587906,0.0022793603,1
"Non-genomic actions of 1,25 dihydroxyvitamin D3",236,0.14506465,0.00061468076,1
NRF2 pathway,217,0.14493154,0.0006678873,1
Apoptosis Modulation and Signaling,243,0.14491941,0.0005963762,1
Chronic myeloid leukemia - Homo sapiens (human),189,0.14467555,0.0007654791,1
Development and heterogeneity of the ILC family,189,0.14452212,0.0007646673,1
Toll Like Receptor TLR1:TLR2 Cascade,249,0.14375068,0.00057731196,1
Hippo signaling pathway - Homo sapiens (human),219,0.14369082,0.00065612246,1
Amino Acid metabolism,183,0.14342728,0.0007837556,1
Arrhythmogenic Right Ventricular Cardiomyopathy,197,0.14308265,0.00072630786,1
RANKL-RANK signaling pathway,210,0.14303552,0.0006811215,1
IL6,230,0.14295116,0.0006215268,1
AGE-RAGE signaling pathway in diabetic complications - Homo sapiens (human),209,0.14294773,0.00068396045,1
Phosphatidylinositol phosphate metabolism,153,0.14293289,0.00093420193,1
O-linked glycosylation of mucins,196,0.14270622,0.0007280929,1
IFN-gamma pathway,208,0.14224342,0.0006838626,1
Adrenergic signaling in cardiomyocytes - Homo sapiens (human),207,0.14183997,0.0006852172,1
Non-alcoholic fatty liver disease - Homo sapiens (human),209,0.1417145,0.0006780598,1
Toll Like Receptor TLR6:TLR2 Cascade,249,0.14170556,0.0005690986,1
Serotonergic synapse - Homo sapiens (human),182,0.14161238,0.00077809,1
Choline metabolism in cancer - Homo sapiens (human),203,0.14145,0.00069679803,1
HDR through Homologous Recombination (HRR) or Single Strand Annealing (SSA),153,0.14139141,0.0009241269,1
TRIF(TICAM1)-mediated TLR4 signaling ,245,0.14111695,0.00057598756,1
Osteoblast differentiation,254,0.14103688,0.0005552633,1
TGF-beta signaling pathway - Homo sapiens (human),168,0.14075454,0.0008378246,1
Toll Like Receptor 3 (TLR3) Cascade,231,0.13975638,0.000605006,1
Interleukin-2 family signaling,206,0.13971113,0.00067820936,1
TGF-beta receptor signaling in skeletal dysplasias,142,0.13953322,0.0009826283,1
MyD88:MAL(TIRAP) cascade initiated on plasma membrane,249,0.1392193,0.0005591136,1
Signaling by NTRKs,265,0.13899176,0.0005244972,1
Proximal tubule transport,84,0.13870329,0.0016512296,1
Arrhythmogenic right ventricular cardiomyopathy - Homo sapiens (human),179,0.13845775,0.00077350694,1
IL1,186,0.13834377,0.00074378366,1
Gastrin,181,0.13812618,0.00076312805,1
Signaling by VEGF,205,0.13811293,0.0006737216,1
C-MYB transcription factor network,216,0.13809305,0.0006393197,1
Programmed Cell Death,253,0.13795643,0.0005452823,1
IL12 signaling mediated by STAT4,224,0.13790922,0.00061566615,1
Notch Signaling Pathway Netpath,155,0.13706112,0.0008842653,1
Fragile X Syndrome,222,0.13656004,0.0006151353,1
AGE-RAGE pathway,202,0.13646066,0.0006755478,1
Epinephrine Action Pathway,133,0.13643269,0.0010258097,1
Signaling events mediated by PTP1B,236,0.13642193,0.00057805906,1
Endoderm differentiation,205,0.13629495,0.0006648534,1
Adherens junction - Homo sapiens (human),227,0.13533176,0.0005961752,1
IL-1 signaling pathway,211,0.13528267,0.00064115005,1
Leptin,194,0.13515948,0.0006966983,1
IRS-related events triggered by IGF1R,119,0.13463603,0.0011313952,1
ESR-mediated signaling,240,0.13405716,0.00055857154,1
RAC1-PAK1-p38-MMP2 Pathway,184,0.13401838,0.0007283607,1
Signaling by Insulin receptor,194,0.13396132,0.00069052225,1
Fc gamma R-mediated phagocytosis - Homo sapiens (human),273,0.13367853,0.0004896649,1
Processing of Capped Intron-Containing Pre-mRNA,207,0.13356858,0.0006452589,1
Apelin signaling pathway - Homo sapiens (human),216,0.1335375,0.00061822915,1
Melanoma - Homo sapiens (human),198,0.13347545,0.00067411846,1
IL5,235,0.13318771,0.00056675624,1
Transport to the Golgi and subsequent modification,189,0.1323187,0.000700099,1
Notch,245,0.1316841,0.0005374861,1
il-2 receptor beta chain in t cell activation,216,0.1316642,0.0006095565,1
RIG-I-like receptor signaling pathway - Homo sapiens (human),165,0.13154282,0.0007972292,1
GMCSF-mediated signaling events,198,0.13149181,0.00066410005,1
IL27-mediated signaling events,151,0.13128874,0.00086946186,1
Pancreatic secretion - Homo sapiens (human),204,0.13087285,0.0006415336,1
Oncostatin M Signaling Pathway,194,0.13071503,0.0006737888,1
Lysosome - Homo sapiens (human),158,0.13045852,0.00082568685,1
Interactions between immune cells and microRNAs in tumor microenvironment,203,0.13029693,0.0006418568,1
Lung fibrosis,260,0.13026081,0.0005010031,1
ESC Pluripotency Pathways,234,0.13019301,0.0005563804,1
Ciliopathies,323,0.1300878,0.00040274858,1
Adipocytokine signaling pathway - Homo sapiens (human),171,0.13005456,0.000760553,1
t cell receptor signaling pathway,210,0.12984237,0.000618297,1
Intra-Golgi and retrograde Golgi-to-ER traffic,201,0.12979591,0.0006457508,1
C-type lectin receptors (CLRs),248,0.1295997,0.0005225795,1
MyD88-independent TLR4 cascade ,246,0.12912847,0.0005249125,1
Regulation of Insulin-like Growth Factor (IGF) transport and uptake by Insulin-like Growth Factor Binding Proteins (IGFBPs),170,0.12889107,0.0007581827,1
Pancreatic adenocarcinoma pathway,163,0.12865165,0.00078927394,1
Levobunolol Action Pathway,133,0.12859051,0.00096684595,1
"Interleukin-3, Interleukin-5 and GM-CSF signaling",222,0.12858434,0.0005792087,1
Circadian entrainment - Homo sapiens (human),153,0.1282675,0.00083834963,1
TRAF6 mediated induction of NFkB and MAP kinases upon TLR7/8 or 9 activation,222,0.12819375,0.00057744933,1
MyD88 cascade initiated on plasma membrane,225,0.12815927,0.00056959677,1
Pre-NOTCH Expression and Processing,135,0.1281211,0.0009490451,1
HIF-1-alpha transcription factor network,197,0.12794481,0.00064946606,1
ATF-2 transcription factor network,154,0.12786868,0.0008303161,1
Sphingolipid signaling pathway - Homo sapiens (human),203,0.12758604,0.00062850263,1
Epigenetic regulation of gene expression,164,0.12750395,0.0007774631,1
TNF-alpha signaling pathway,224,0.1272836,0.00056823035,1
Bupranolol Action Pathway,133,0.12718143,0.00095625134,1
Keratan sulfate biosynthesis,128,0.12684856,0.0009910044,1
Progesterone-mediated oocyte maturation - Homo sapiens (human),169,0.12651303,0.00074859784,1
Nisoldipine Action Pathway,133,0.12646627,0.00095087424,1
Angiopoietin Like Protein 8 Regulatory Pathway,207,0.12628844,0.0006100891,1
Histidine metabolism,90,0.12627962,0.001403107,1
Insulin Pathway,149,0.12626114,0.0008473902,1
RMTs methylate histone arginines,95,0.12564881,0.001322619,1
BCR signaling pathway,270,0.12562904,0.00046529275,1
Signaling by Non-Receptor Tyrosine Kinases,149,0.1256191,0.0008430812,1
Regulation of Telomerase,127,0.12541065,0.0009874854,1
Gastric acid secretion - Homo sapiens (human),197,0.12538809,0.00063648773,1
Toll Like Receptor 9 (TLR9) Cascade,229,0.12525143,0.00054694945,1
Clathrin-mediated endocytosis,200,0.12500602,0.0006250301,1
Translocation of ZAP-70 to Immunological synapse,150,0.12465598,0.00083103986,1
Dopaminergic synapse - Homo sapiens (human),186,0.124645926,0.0006701394,1
Translation,214,0.1245671,0.00058208924,1
Calcium signaling in the CD4+ TCR pathway,174,0.12456118,0.0007158689,1
Metipranolol Action Pathway,133,0.12417991,0.00093368354,1
Protein processing in endoplasmic reticulum - Homo sapiens (human),170,0.12399865,0.0007294038,1
Homologous DNA Pairing and Strand Exchange,102,0.1239718,0.0012154098,1
Tight junction - Homo sapiens (human),234,0.12383693,0.00052921765,1
Tyrosine metabolism,197,0.1237187,0.0006280137,1
"GPCRs, Other",160,0.123712175,0.0007732011,1
Neddylation,297,0.12354334,0.00041597083,1
Toll Like Receptor 5 (TLR5) Cascade,225,0.12313072,0.00054724765,1
Interleukin-1 signaling,202,0.12306942,0.0006092546,1
Glycerophospholipid metabolism,199,0.12285617,0.0006173677,1
Apoptosis-related network due to altered Notch3 in ovarian cancer,176,0.12275108,0.0006974493,1
Gap junction - Homo sapiens (human),177,0.12269358,0.0006931841,1
Platelet calcium homeostasis,107,0.122038186,0.0011405438,1
Leukocyte transendothelial migration - Homo sapiens (human),232,0.12199724,0.00052585016,1
CDC42 signaling events,133,0.12144844,0.0009131462,1
Toll Like Receptor 10 (TLR10) Cascade,225,0.121395476,0.0005395354,1
Aryl Hydrocarbon Receptor Pathway,115,0.12138412,0.0010555141,1
TCR signaling in naïve CD8+ T cells,297,0.12090845,0.00040709914,1
Prolactin signaling pathway - Homo sapiens (human),196,0.12076822,0.0006161644,1
HIV Life Cycle,145,0.120654754,0.00083210174,1
MyD88 dependent cascade initiated on endosome,223,0.12043322,0.0005400593,1
Development of pulmonary dendritic cells and macrophage subsets,144,0.12040241,0.00083612785,1
tRNA processing,148,0.120309904,0.00081290473,1
superpathway of inositol phosphate compounds,145,0.12013265,0.000828501,1
Leptin signaling pathway,168,0.1200034,0.00071430596,1
Melanoma,214,0.119933926,0.0005604389,1
Resolution of Sister Chromatid Cohesion,134,0.11982168,0.0008941917,1
Keratan sulfate/keratin metabolism,147,0.119766,0.00081473467,1
Melanogenesis - Homo sapiens (human),170,0.119713604,0.0007041977,1
Stimuli-sensing channels,197,0.11946316,0.000606412,1
Amplification of signal from the kinetochores,129,0.119194224,0.00092398626,1
Cytosolic DNA-sensing pathway,148,0.1191328,0.00080495136,1
Primary immunodeficiency - Homo sapiens (human),148,0.11889657,0.0008033552,1
Inositol phosphate metabolism - Homo sapiens (human),138,0.11886698,0.0008613549,1
Mitotic Spindle Checkpoint,142,0.118852034,0.0008369862,1
PD-1 signaling,163,0.11879659,0.0007288134,1
Cell cycle,153,0.1186431,0.0007754451,1
Host Interactions of HIV factors,192,0.11859319,0.00061767286,1
Toll Like Receptor 2 (TLR2) Cascade,249,0.1183227,0.00047519157,1
Regulation of mRNA stability by proteins that bind AU-rich elements,154,0.118144885,0.0007671746,1
ErbB1 downstream signaling,156,0.117907904,0.0007558199,1
GABA receptor activation,127,0.11782927,0.00092778954,1
Cell cycle - Homo sapiens (human),158,0.1177195,0.00074506016,1
RHOC GTPase cycle,131,0.11761619,0.0008978335,1
HDR through Homologous Recombination (HRR),109,0.117150106,0.0010747716,1
Dilated cardiomyopathy - Homo sapiens (human),164,0.11699389,0.0007133774,1
Arf6 trafficking events,98,0.11668711,0.0011906849,1
Presynaptic phase of homologous DNA pairing and strand exchange,100,0.11624676,0.0011624676,1
Resolution of D-Loop Structures,90,0.11593437,0.0012881596,1
Alcoholism - Homo sapiens (human),202,0.11585707,0.0005735499,1
Regulation of IFNG signaling,164,0.11562943,0.00070505746,1
Renal cell carcinoma - Homo sapiens (human),173,0.11551435,0.000667713,1
Keratinization,138,0.115298755,0.0008354982,1
EPH-Ephrin signaling,209,0.11501003,0.00055028725,1
Colorectal cancer - Homo sapiens (human),179,0.11491974,0.0006420097,1
RAC3 GTPase cycle,153,0.11475672,0.0007500439,1
no2-dependent il-12 pathway in nk cells,122,0.114744164,0.00094052596,1
LncRNA involvement in canonical Wnt signaling and colorectal cancer,174,0.114579156,0.0006585009,1
Netrin-UNC5B signaling pathway,186,0.1145147,0.00061567046,1
African trypanosomiasis - Homo sapiens (human),153,0.11435289,0.0007474045,1
"Plasma lipoprotein assembly, remodeling, and clearance",96,0.114211164,0.0011896996,1
Longevity regulating pathway - Homo sapiens (human),165,0.114041395,0.00069116,1
Cargo recognition for clathrin-mediated endocytosis,151,0.11403137,0.0007551746,1
Ceramide signaling pathway,118,0.11396239,0.00096578297,1
Glioma - Homo sapiens (human),166,0.113880225,0.0006860254,1
ion channels and their functional role in vascular endothelium,175,0.113730736,0.00064988993,1
Signaling events mediated by focal adhesion kinase,185,0.11360228,0.0006140664,1
Atenolol Action Pathway,133,0.11360147,0.0008541464,1
chaperones modulate interferon signaling pathway,116,0.113434285,0.0009778817,1
Effects of PIP2 hydrolysis,188,0.11342113,0.0006033039,1
Neurexins and neuroligins,130,0.1133163,0.00087166385,1
Wnt Canonical,217,0.11325741,0.00052192353,1
Late Phase of HIV Life Cycle,139,0.11302788,0.0008131502,1
CD40/CD40L signaling,145,0.112866804,0.0007783917,1
Netrin-1 signaling,142,0.11271077,0.00079373777,1
Timolol Action Pathway,133,0.11255377,0.00084626896,1
Vitamin B12 metabolism,138,0.11254255,0.0008155257,1
Aryl Hydrocarbon Receptor Netpath,116,0.11250203,0.0009698451,1
LPA receptor mediated events,194,0.11227137,0.0005787184,1
Phenytoin (Antiarrhythmic) Action Pathway,153,0.11212934,0.0007328715,1
Mitotic G2-G2/M phases,130,0.11179402,0.000859954,1
Nifedipine Action Pathway,133,0.111639366,0.0008393937,1
Transcriptional regulation by the AP-2 (TFAP2) family of transcription factors,90,0.111255005,0.0012361667,1
EGFR Tyrosine Kinase Inhibitor Resistance,191,0.11116387,0.0005820098,1
Pancreatic cancer - Homo sapiens (human),153,0.11110535,0.00072617875,1
EML4 and NUDC in mitotic spindle formation,160,0.110745765,0.00069216103,1
GnRH signaling pathway - Homo sapiens (human),127,0.11024547,0.0008680746,1
Pathogenesis of SARS-CoV-2 Mediated by nsp9-nsp10 Complex,107,0.1100748,0.0010287365,1
Phosphodiesterases in neuronal function,115,0.10978626,0.0009546631,1
"Transport of bile salts and organic acids, metal ions and amine compounds",170,0.109756045,0.0006456238,1
Signaling events mediated by VEGFR1 and VEGFR2,202,0.1097191,0.00054316386,1
SARS-CoV Infections,151,0.10959776,0.000725813,1
Ubiquitin mediated proteolysis - Homo sapiens (human),232,0.109328575,0.00047124387,1
Endothelins,161,0.10917546,0.0006781084,1
IL-1 NFkB,198,0.109093435,0.00055097695,1
Thermogenesis,147,0.10898755,0.0007414119,1
Glioblastoma signaling pathways,152,0.10896639,0.00071688415,1
FGF,171,0.108425535,0.00063406746,1
Semaphorin interactions,148,0.10841962,0.000732565,1
Wnt signaling,192,0.10833425,0.0005642409,1
Longevity regulating pathway - multiple species - Homo sapiens (human),127,0.10817275,0.0008517539,1
Downstream signaling events of B Cell Receptor (BCR),173,0.108074024,0.00062470534,1
Morphine addiction - Homo sapiens (human),182,0.10807129,0.0005937983,1
Metabolism of water-soluble vitamins and cofactors,169,0.1077207,0.0006374006,1
Carteolol Action Pathway,133,0.107667185,0.0008095277,1
TLR NFkB,216,0.107599884,0.0004981476,1
Fc epsilon RI signaling pathway - Homo sapiens (human),200,0.10718775,0.0005359387,1
Synaptic vesicle cycle - Homo sapiens (human),149,0.107099675,0.00071878976,1
Wnt signaling pathway and pluripotency,208,0.106754005,0.0005132404,1
Mexiletine Action Pathway,133,0.106685005,0.0008021429,1
Cellular Senescence,201,0.10628158,0.0005287641,1
Betaxolol Action Pathway,133,0.10579939,0.0007954842,1
Signaling events mediated by Hepatocyte Growth Factor Receptor (c-Met),210,0.10575792,0.00050360913,1
Generation of second messenger molecules,168,0.10574465,0.00062943244,1
mRNA Splicing - Major Pathway,161,0.1057123,0.00065659813,1
Insulin resistance - Homo sapiens (human),196,0.10546478,0.0005380856,1
Notch signaling pathway - Homo sapiens (human),122,0.10541022,0.00086401816,1
22q11.2 copy number variation syndrome,152,0.1053221,0.00069290854,1
TNF related weak inducer of apoptosis (TWEAK) Signaling Pathway,147,0.1051939,0.00071560475,1
Vitamin A and carotenoid metabolism,50,0.10478354,0.002095671,1
Labetalol Action Pathway,135,0.10473626,0.0007758242,1
Fatty acid metabolism,161,0.10467644,0.0006501642,1
Ephrin B reverse signaling,119,0.10434319,0.0008768335,1
Phosphorylation of CD3 and TCR zeta chains,181,0.10418521,0.00057560886,1
SARS-CoV-2 innate immunity evasion and cell-specific immune response,128,0.10418363,0.0008139346,1
Resolution of D-loop Structures through Synthesis-Dependent Strand Annealing (SDSA),90,0.10409866,0.0011566518,1
Prostanoid ligand receptors,114,0.10407368,0.00091292703,1
Epithelial cell signaling in Helicobacter pylori infection - Homo sapiens (human),175,0.10366437,0.00059236784,1
Heroin Action Pathway,70,0.10357148,0.0014795926,1
signal transduction through il1r,146,0.10352269,0.00070905953,1
Complement and coagulation cascades - Homo sapiens (human),124,0.10348282,0.0008345389,1
Beta-catenin independent WNT signaling,157,0.10348062,0.00065911224,1
Angiopoietin receptor Tie2-mediated signaling,148,0.10326682,0.0006977488,1
Post-translational protein phosphorylation,156,0.103225626,0.0006617027,1
Golgi-to-ER retrograde transport,130,0.103017665,0.0007924436,1
Bile secretion - Homo sapiens (human),160,0.10289156,0.00064307224,1
Canonical NF-kappaB pathway,127,0.10284266,0.0008097847,1
Oxidative phosphorylation - Homo sapiens (human),129,0.10283166,0.00079714466,1
Sulfur amino acid metabolism,112,0.1028308,0.00091813214,1
Formation of the cornified envelope,110,0.10282535,0.0009347759,1
Wnt Mammals,217,0.10262745,0.00047293757,1
Glycerophospholipid biosynthesis,139,0.102234066,0.00073549687,1
Fosphenytoin (Antiarrhythmic) Action Pathway,133,0.102231756,0.0007686598,1
mechanism of gene regulation by peroxisome proliferators via ppara,168,0.102198765,0.000608326,1
Eicosanoid ligand-binding receptors,118,0.101829246,0.0008629597,1
Notch-mediated HES/HEY network,133,0.10175661,0.0007650873,1
Insulin receptor signalling cascade,153,0.10166066,0.0006644488,1
Penbutolol Action Pathway,133,0.10148129,0.0007630172,1
Glycosaminoglycan biosynthesis - keratan sulfate - Homo sapiens (human),116,0.10143687,0.0008744558,1
Hepatitis C and Hepatocellular Carcinoma,143,0.10142283,0.00070925057,1
cd40l signaling pathway,115,0.10137178,0.00088149373,1
ErbB4 signaling events,119,0.10103232,0.00084901106,1
G Protein Signaling Pathways,194,0.10071589,0.00051915407,1
Interleukin-6 family signaling,69,0.10066239,0.0014588751,1
RAC2 GTPase cycle,159,0.10039057,0.0006313872,1
Signaling by NTRK1 (TRKA),198,0.10037424,0.0005069406,1
Phase I - Functionalization of compounds,105,0.100282185,0.00095506845,1
Fibroblast growth factor-1,149,0.10015466,0.0006721789,1
PTEN Regulation,137,0.10011373,0.00073075714,1
Metoprolol Action Pathway,133,0.10005531,0.00075229554,1
Cortisol synthesis and secretion - Homo sapiens (human),116,0.09981404,0.00086046587,1
inactivation of gsk3 by akt causes accumulation of b-catenin in alveolar macrophages,127,0.09980067,0.00078583206,1
Ghrelin,139,0.09971086,0.0007173443,1
Post NMDA receptor activation events,100,0.09960359,0.000996036,1
HIV-1 Nef: Negative effector of Fas and TNF-alpha,135,0.09940469,0.00073633104,1
IL3,163,0.09930021,0.00060920377,1
L1CAM interactions,146,0.09917737,0.000679297,1
Nitrendipine Action Pathway,133,0.099015266,0.0007444757,1
Pathways affected in adenoid cystic carcinoma,138,0.09882346,0.00071611203,1
Legionellosis - Homo sapiens (human),139,0.09868445,0.00070996006,1
Isradipine Action Pathway,133,0.09855816,0.00074103876,1
Pathways in clear cell renal cell carcinoma,174,0.098453715,0.00056582596,1
SRP-dependent cotranslational protein targeting to membrane,127,0.09838977,0.0007747226,1
Integrin-mediated Cell Adhesion,177,0.09819285,0.00055476185,1
FoxO family signaling,152,0.09818412,0.00064594817,1
PI3K-AKT-mTOR signaling pathway and therapeutic opportunities,89,0.097981066,0.0011009108,1
Glycosphingolipid metabolism,168,0.09765772,0.0005812959,1
IL1 and megakaryocytes in obesity,135,0.09733013,0.00072096393,1
Selenoamino acid metabolism,151,0.09722825,0.0006438957,1
GABAergic synapse - Homo sapiens (human),148,0.0971265,0.0006562601,1
AMPK signaling pathway - Homo sapiens (human),169,0.09681654,0.0005728789,1
TGF-beta super family signaling pathway canonical,187,0.09666259,0.00051691226,1
RUNX1 and FOXP3 control the development of regulatory T lymphocytes (Tregs),141,0.096602954,0.00068512734,1
mRNA Splicing,165,0.096535794,0.0005850654,1
FCGR3A-mediated IL10 synthesis,164,0.09645399,0.00058813405,1
FOXO-mediated transcription,176,0.09640336,0.0005477464,1
Integration of energy metabolism,151,0.09625814,0.00063747115,1
Non-small cell lung cancer - Homo sapiens (human),137,0.096008465,0.0007007917,1
Diltiazem Action Pathway,133,0.0959934,0.00072175486,1
Degradation of the extracellular matrix,153,0.095950104,0.00062712486,1
Propranolol Action Pathway,133,0.095880814,0.0007209084,1
Class B/2 (Secretin family receptors),128,0.09585007,0.0007488287,1
Monoamine Transport,52,0.09575347,0.0018414129,1
Signaling by FGFR1,125,0.09566155,0.0007652924,1
White fat cell differentiation,137,0.0955577,0.0006975014,1
ras-independent pathway in nk cell-mediated cytotoxicity,146,0.09548668,0.00065401837,1
Resolution of D-loop Structures through Holliday Junction Intermediates,88,0.09547412,0.0010849332,1
Signaling by NOTCH1,136,0.09545607,0.0007018829,1
PRC2 methylates histones and DNA,97,0.095416486,0.0009836751,1
Nimodipine Action Pathway,133,0.09534914,0.0007169108,1
Oxprenolol Action Pathway,133,0.095222116,0.00071595574,1
Regulation of TP53 Expression,90,0.095221594,0.0010580177,1
Control of immune tolerance by vasoactive intestinal peptide,183,0.0951048,0.00051969837,1
Felodipine Action Pathway,133,0.094994515,0.0007142445,1
Opioid Signalling,132,0.094949566,0.0007193149,1
Acebutolol Action Pathway,133,0.09475053,0.00071241,1
Flecainide Action Pathway,133,0.09471767,0.00071216293,1
Regulation of TP53 Expression and Degradation,122,0.094682336,0.0007760847,1
Signaling by FGFR,170,0.09447667,0.0005557451,1
Aldosterone synthesis and secretion - Homo sapiens (human),140,0.09438324,0.000674166,1
Cargo trafficking to the periciliary membrane,93,0.09438159,0.0010148558,1
Mitotic G1 phase and G1/S transition,122,0.09432063,0.0007731199,1
Transcriptional regulation by RUNX2,141,0.09423255,0.000668316,1
Glycerophospholipid metabolism - Homo sapiens (human),124,0.09418245,0.0007595359,1
Amplification  of signal from unattached  kinetochores via a MAD2  inhibitory signal,129,0.09417425,0.000730033,1
Quinidine Action Pathway,133,0.09416525,0.0007080094,1
Hypertrophic cardiomyopathy - Homo sapiens (human),142,0.093722776,0.0006600195,1
ErbB signaling pathway,158,0.09350917,0.0005918302,1
DDX58/IFIH1-mediated induction of interferon-alpha/beta,140,0.09349147,0.00066779624,1
Thyroid hormones production and their peripheral downstream signaling effects,127,0.093366355,0.00073516817,1
Bisoprolol Action Pathway,133,0.09324273,0.00070107315,1
Transcriptional regulation of white adipocyte differentiation,112,0.09318974,0.0008320512,1
Validated nuclear estrogen receptor alpha network,92,0.09316414,0.0010126537,1
"Urea cycle and metabolism of arginine, proline, glutamate, aspartate and asparagine",125,0.09313726,0.00074509805,1
Activation of NMDA receptors and postsynaptic events,118,0.09282735,0.00078667246,1
Estrogen-dependent gene expression,155,0.09276446,0.0005984804,1
Arachidonic acid metabolism,151,0.09269847,0.00061389717,1
Phase II - Conjugation of compounds,136,0.092671104,0.0006814052,1
il12 and stat4 dependent signaling pathway in th1 development,104,0.09260982,0.0008904791,1
eicosanoid metabolism,120,0.09242238,0.0007701865,1
Immune response to tuberculosis,146,0.092281766,0.0006320669,1
G2/M Transition,119,0.092246234,0.0007751784,1
Butyrate Response Factor 1 (BRF1) binds and destabilizes mRNA,98,0.09208622,0.0009396553,1
Post-translational modification: synthesis of GPI-anchored proteins,120,0.09200526,0.0007667105,1
FLT3 Signaling,125,0.091899104,0.00073519285,1
Salivary secretion - Homo sapiens (human),148,0.09185998,0.00062067556,1
IRS-mediated signalling,111,0.09176461,0.00082670816,1
Signaling by Hedgehog,124,0.091678694,0.0007393443,1
Common Pathways Underlying Drug Addiction,82,0.091653265,0.0011177227,1
Small Ligand GPCRs,131,0.09152561,0.00069866877,1
p53 transcriptional gene network,147,0.09146968,0.00062224275,1
Muscle/Heart Contraction,133,0.09139218,0.00068715925,1
T-Cell Receptor and Co-stimulatory Signaling,220,0.091333926,0.0004151542,1
Signaling by ERBB4,137,0.09114789,0.0006653131,1
Nadolol Action Pathway,133,0.09113085,0.0006851944,1
mBDNF and proBDNF regulation of GABA neurotransmission,121,0.09110829,0.0007529611,1
Overview of interferons-mediated signaling pathway,95,0.09109529,0.0009588978,1
"D-<i>myo</i>-inositol (1,3,4)-trisphosphate biosynthesis",80,0.09100513,0.0011375642,1
Interleukin receptor SHC signaling,139,0.09095533,0.0006543549,1
VEGFA-VEGFR2 Pathway,183,0.09092271,0.0004968454,1
RUNX1 regulates transcription of genes involved in WNT signaling,62,0.09079338,0.0014644093,1
Sensory processing of sound,108,0.09067784,0.00083960965,1
Dobutamine Action Pathway,133,0.09060855,0.0006812673,1
Voltage gated Potassium channels,188,0.09050147,0.0004813908,1
p73 transcription factor network,115,0.09026509,0.00078491383,1
MicroRNAs in cardiomyocyte hypertrophy,133,0.09013904,0.0006777371,1
Purine nucleotides nucleosides metabolism,134,0.090132095,0.0006726276,1
Isoprenaline Action Pathway,133,0.09012907,0.0006776622,1
Amiodarone Action Pathway,133,0.09006323,0.00067716715,1
Endometrial cancer - Homo sapiens (human),125,0.08996665,0.0007197332,1
Fibrin Complement Receptor 3 Signaling Pathway,119,0.089959726,0.0007559641,1
IL-1 p38,152,0.08990299,0.000591467,1
CLEC7A (Dectin-1) signaling,144,0.08979763,0.0006235947,1
Visual phototransduction,131,0.08975891,0.0006851825,1
Gene Silencing by RNA,103,0.08967243,0.0008706061,1
Lidocaine (Antiarrhythmic) Action Pathway,136,0.08963991,0.000659117,1
Primary focal segmental glomerulosclerosis (FSGS),153,0.08958129,0.00058549864,1
Nebivolol Action Pathway,133,0.0894493,0.00067255116,1
Bopindolol Action Pathway,133,0.08930521,0.00067146774,1
Collagen formation,136,0.08906356,0.00065487914,1
ncRNAs involved in Wnt signaling in hepatocellular carcinoma,148,0.08906024,0.00060175837,1
Linoleate metabolism,119,0.08902908,0.00074814353,1
Transcriptional Regulation by MECP2,176,0.08899053,0.000505628,1
Glycosphingolipid biosynthesis - neolactoseries,100,0.08897291,0.0008897291,1
Validated targets of C-MYC transcriptional activation,126,0.08892978,0.0007057919,1
Acute myeloid leukemia - Homo sapiens (human),127,0.0885841,0.00069751265,1
Purine metabolism - Homo sapiens (human),152,0.08838208,0.00058146106,1
Non-small cell lung cancer,138,0.08828778,0.0006397665,1
Metabolism of steroids,139,0.08816098,0.0006342516,1
Thyroid stimulating hormone (TSH) signaling pathway,112,0.08805137,0.000786173,1
"Respiratory electron transport, ATP synthesis by chemiosmotic coupling, and heat production by uncoupling proteins.",93,0.087887384,0.00094502565,1
Endochondral Ossification,140,0.08772501,0.0006266072,1
Interferon type I signaling pathways,176,0.08713269,0.0004950721,1
Circadian Clock,76,0.0871124,0.0011462157,1
hiv-1 nef: negative effector of fas and tnf,148,0.08705337,0.0005881985,1
"Relationship between inflammation, COX-2 and EGFR",139,0.08700578,0.00062594085,1
IL-2 signaling pathway,160,0.08688541,0.0005430338,1
MAP kinase activation,160,0.08682727,0.00054267043,1
Disopyramide Action Pathway,133,0.08682507,0.0006528201,1
TNF,151,0.08679174,0.00057477975,1
Cellular response to heat stress,105,0.08676918,0.0008263731,1
Canonical and non-canonical Notch signaling,90,0.086666875,0.00096296525,1
RHOB GTPase cycle,134,0.086658575,0.0006467058,1
Signaling by TGFB family members,141,0.086599916,0.0006141838,1
RalA downstream regulated genes,87,0.08656894,0.0009950453,1
IL-1 JNK,148,0.08645739,0.0005841715,1
Cytosolic DNA-sensing pathway - Homo sapiens (human),104,0.086415485,0.00083091814,1
p53 signaling pathway - Homo sapiens (human),133,0.08640801,0.0006496843,1
the co-stimulatory signal during t-cell activation,188,0.08630371,0.00045906228,1
Selective autophagy,91,0.08622757,0.00094755576,1
FCERI mediated NF-kB activation,184,0.08606275,0.00046773234,1
Signaling by BRAF and RAF fusions,94,0.08597072,0.00091458217,1
EPO Receptor Signaling,129,0.085951395,0.0006662899,1
Transcriptional regulation of pluripotent stem cells,134,0.08581712,0.0006404263,1
IL-7 signaling pathway,132,0.085802704,0.0006500205,1
Taste transduction - Homo sapiens (human),147,0.0857521,0.00058334763,1
Procainamide (Antiarrhythmic) Action Pathway,133,0.08574783,0.0006447205,1
Regulation of nuclear beta catenin signaling and target gene transcription,169,0.085542366,0.0005061678,1
Potential therapeutics for SARS,111,0.08551492,0.00077040464,1
Arbutamine Action Pathway,133,0.08524029,0.0006409044,1
Integrins in angiogenesis,113,0.08522682,0.00075421965,1
Thyroid hormone synthesis - Homo sapiens (human),109,0.085217744,0.00078181416,1
Interleukin-11 Signaling Pathway,116,0.08512528,0.00073383865,1
heparan sulfate biosynthesis,91,0.08491768,0.0009331613,1
Signaling by NOTCH3,96,0.08470647,0.00088235905,1
COVID-19 adverse outcome pathway,116,0.08462874,0.0007295581,1
IL6-mediated signaling events,106,0.084544994,0.00079759426,1
Cancer immunotherapy by PD-1 blockade,94,0.084519945,0.00089914835,1
Bevantolol Action Pathway,133,0.08447807,0.00063517346,1
Cholesterol metabolism - Homo sapiens (human),88,0.08426435,0.0009575495,1
Protein localization,139,0.08412669,0.00060522795,1
"superpathway of D-<i>myo</i>-inositol (1,4,5)-trisphosphate metabolism",82,0.084105656,0.0010256787,1
Signaling by PTK6,149,0.08409296,0.0005643823,1
Formation of the beta-catenin:TCF transactivating complex,70,0.084059685,0.0012008527,1
Degradation of cysteine and homocysteine,80,0.08399217,0.001049902,1
BDNF,138,0.083989784,0.00060862163,1
Interleukin-20 family signaling,84,0.08376901,0.0009972501,1
Glucose metabolism,133,0.08360489,0.00062860816,1
Integrin-linked kinase signaling,106,0.08355328,0.0007882385,1
Monoamine GPCRs,115,0.08334762,0.0007247619,1
Alprenolol Action Pathway,133,0.08326116,0.0006260238,1
COPI-dependent Golgi-to-ER retrograde traffic,99,0.08299624,0.00083834585,1
Pyrimidine metabolism,125,0.08294497,0.0006635597,1
"Valine, leucine and isoleucine degradation - Homo sapiens (human)",89,0.08286472,0.00093106425,1
Esmolol Action Pathway,133,0.08284182,0.0006228708,1
Validated transcriptional targets of TAp63 isoforms,112,0.08262765,0.0007377468,1
Pindolol Action Pathway,133,0.08244405,0.0006198801,1
Interleukin-12 family signaling,103,0.08244015,0.00080038985,1
RHOJ GTPase cycle,115,0.08238836,0.0007164205,1
Pre-NOTCH Transcription and Translation,105,0.08215757,0.00078245305,1
tRNA processing in the nucleus,103,0.0820663,0.00079676014,1
toll-like receptor pathway,129,0.081990786,0.0006355875,1
IL2 signaling events mediated by STAT5,149,0.081986256,0.0005502433,1
mapkinase signaling pathway,126,0.0819221,0.0006501754,1
Androgen receptor signaling pathway,138,0.08185096,0.0005931229,1
MECP2 and Associated Rett Syndrome,125,0.08162872,0.00065302977,1
Basal cell carcinoma - Homo sapiens (human),134,0.08143456,0.00060772063,1
Signal transduction through IL1R,124,0.08137916,0.0006562836,1
Fc-epsilon receptor I signaling in mast cells,155,0.081366435,0.00052494474,1
Signaling events mediated by HDAC Class I,128,0.08123833,0.00063467445,1
Pyruvate metabolism and Citric Acid (TCA) cycle,141,0.08119472,0.0005758491,1
Glycerolipid metabolism - Homo sapiens (human),101,0.081151076,0.000803476,1
Insulin secretion - Homo sapiens (human),137,0.08097919,0.00059108896,1
miRNA regulation of p53 pathway in prostate cancer,35,0.08097555,0.002313587,1
mRNA Processing,115,0.08096342,0.00070402975,1
RHOG GTPase cycle,123,0.08090517,0.0006577656,1
1D-<i>myo</i>-inositol hexakisphosphate biosynthesis II (mammalian),74,0.08087432,0.0010928962,1
Integrin cell surface interactions,144,0.08072089,0.0005605617,1
miRNAs involvement in the immune response in sepsis,147,0.08071905,0.0005491092,1
IL2 signaling events mediated by PI3K,101,0.080688775,0.00079889875,1
FCGR3A-mediated phagocytosis,142,0.08053039,0.00056711544,1
nfkb activation by nontypeable hemophilus influenzae,117,0.08045076,0.0006876133,1
multi-step regulation of transcription by pitx2,50,0.08023038,0.0016046076,1
Neuroinflammation,107,0.08016125,0.00074917055,1
Autophagy,161,0.080121875,0.0004976514,1
Mitotic Prophase,134,0.08001957,0.00059716095,1
Sphingolipid metabolism - Homo sapiens (human),107,0.07989246,0.0007466585,1
Hedgehog,136,0.079790555,0.00058669527,1
Cellular response to starvation,144,0.07964742,0.0005531071,1
Synthesis of PIPs at the late endosome membrane,49,0.079611816,0.0016247309,1
Tocainide Action Pathway,133,0.07938629,0.00059688935,1
Signaling by Retinoic Acid,131,0.07938062,0.0006059589,1
Nuclear Receptor transcription pathway,92,0.079273164,0.0008616648,1
Notch Signaling,93,0.07925638,0.0008522191,1
Cap-dependent Translation Initiation,115,0.079154044,0.00068829604,1
Oncostatin_M,135,0.07867283,0.00058276166,1
"Alzheimer,s disease",131,0.078630164,0.00060023024,1
FOXP3 in COVID-19,101,0.078572504,0.00077794556,1
Interleukin-23 signaling,65,0.078552544,0.0012085007,1
Respiratory electron transport,83,0.07845706,0.00094526575,1
FOXA1 transcription factor network,85,0.07842744,0.00092267577,1
Cellular response to chemical stress,122,0.078403264,0.0006426497,1
Inositol Metabolism,65,0.07831291,0.0012048141,1
Ibutilide Action Pathway,133,0.07828581,0.00058861513,1
Practolol Action Pathway,133,0.07819698,0.0005879472,1
The influence of laminopathies on Wnt signaling,74,0.07815271,0.0010561177,1
EPHA forward signaling,147,0.07814488,0.0005315978,1
Heparan sulfate/heparin (HS-GAG) metabolism,128,0.078134865,0.00061042863,1
Glyoxylate metabolism and glycine degradation,97,0.07795274,0.0008036365,1
Ribosome biogenesis in eukaryotes - Homo sapiens (human),125,0.07779824,0.00062238594,1
E2F transcription factor network,67,0.077769086,0.0011607326,1
Endometrial cancer,145,0.07775544,0.00053624436,1
Regulation of TP53 Activity through Phosphorylation,89,0.07763868,0.0008723447,1
IL17 signaling pathway,119,0.07752303,0.00065145403,1
Insulin signaling pathway - Homo sapiens (human),177,0.077418186,0.00043739087,1
Netrin-mediated signaling events,105,0.07732572,0.0007364354,1
Alpha6Beta4Integrin,128,0.07716747,0.00060287083,1
DAP12 signaling,128,0.07709475,0.0006023027,1
Leishmania phagocytosis,142,0.07705074,0.0005426108,1
Fas,75,0.07702581,0.0010270107,1
Phase 4 - resting membrane potential,84,0.07699144,0.0009165647,1
Regulation of insulin secretion,121,0.07693289,0.00063580903,1
Amlodipine Action Pathway,133,0.07672235,0.0005768598,1
Endochondral Ossification with Skeletal Dysplasias,140,0.076611556,0.0005472254,1
Cocaine addiction - Homo sapiens (human),90,0.07654332,0.0008504814,1
BDNF-TrkB Signaling,106,0.07645729,0.0007212952,1
Presenilin action in Notch and Wnt signaling,145,0.07637764,0.0005267423,1
GPVI-mediated activation cascade,134,0.07629353,0.0005693547,1
Sotalol Action Pathway,133,0.07628934,0.0005736041,1
G2/M Checkpoints,104,0.07625316,0.0007332035,1
Signaling by Type 1 Insulin-like Growth Factor 1 Receptor (IGF1R),119,0.07619427,0.000640288,1
Homologous recombination - Homo sapiens (human),78,0.07613267,0.0009760599,1
"Signaling by phosphorylated juxtamembrane, extracellular and kinase domain KIT mutants",109,0.07611125,0.00069826836,1
Osteopontin-mediated events,120,0.07603717,0.00063364307,1
Inositol Phosphate Metabolism,61,0.07597124,0.0012454301,1
Transcriptional regulation by RUNX3,130,0.07594241,0.0005841724,1
RAGE,101,0.07590184,0.0007515034,1
Regulation of nuclear SMAD2/3 signaling,131,0.075880446,0.00057924003,1
Bacterial invasion of epithelial cells - Homo sapiens (human),114,0.07562865,0.00066340924,1
G2/M DNA damage checkpoint,86,0.07540826,0.0008768402,1
Interactome of polycomb repressive complex 2 (PRC2),62,0.07537111,0.001215663,1
Interleukin-17 signaling,160,0.07534619,0.00047091366,1
Oncogenic MAPK signaling,109,0.075289026,0.000690725,1
Taurine and Hypotaurine Metabolism,70,0.07514113,0.0010734447,1
Lysine degradation - Homo sapiens (human),102,0.075046234,0.0007357474,1
Carvedilol Action Pathway,135,0.0749298,0.0005550356,1
Notch signaling pathway,112,0.07478716,0.0006677425,1
Cyclin D associated events in G1,78,0.074751265,0.00095834956,1
Lysinuric protein intolerance (LPI),73,0.074702814,0.0010233262,1
Fc Epsilon Receptor I Signaling in Mast Cells,145,0.07449252,0.0005137415,1
Glycosphingolipid biosynthesis - lacto and neolacto series - Homo sapiens (human),103,0.07441433,0.0007224692,1
p75 NTR receptor-mediated signalling,131,0.074309394,0.0005672473,1
IGF1R signaling cascade,119,0.07425915,0.00062402646,1
IL-7,116,0.07417484,0.0006394382,1
Splicing factor NOVA regulated synaptic proteins,108,0.074075766,0.0006858867,1
Signaling by PDGF,123,0.07373136,0.000599442,1
Electron Transport Chain (OXPHOS system in mitochondria),80,0.07369248,0.00092115597,1
Ketobemidone  Action Pathway,66,0.07367583,0.0011163005,1
3-Methylglutaconic Aciduria Type I,66,0.07357459,0.0011147665,1
Non-integrin membrane-ECM interactions,116,0.07345247,0.000633211,1
activation of csk by camp-dependent protein kinase inhibits signaling through the t cell receptor,150,0.073396295,0.0004893086,1
Signaling events regulated by Ret tyrosine kinase,117,0.073373444,0.00062712346,1
RNA Polymerase II Transcription Elongation,56,0.073372826,0.0013102291,1
Serotonin and anxiety-related events,75,0.07318963,0.00097586174,1
VxPx cargo-targeting to cilium,60,0.073150165,0.0012191695,1
Signaling by CSF3 (G-CSF),130,0.07303745,0.0005618266,1
Glycolysis and Gluconeogenesis,156,0.07301609,0.00046805188,1
Constitutive Signaling by NOTCH1 PEST Domain Mutants,93,0.07290847,0.000783962,1
L13a-mediated translational silencing of Ceruloplasmin expression,114,0.07288456,0.0006393382,1
Abacavir metabolism,3,0.072714016,0.024238005,1
Imatinib and Chronic Myeloid Leukemia,95,0.07266493,0.000764894,1
Nicotine addiction - Homo sapiens (human),89,0.072636284,0.000816138,1
TNF receptor superfamily (TNFSF) members mediating non-canonical NF-kB pathway,70,0.072615184,0.0010373598,1
Tryptophan metabolism,88,0.07246085,0.0008234188,1
nf-kb signaling pathway,133,0.07244976,0.00054473506,1
HATs acetylate histones,102,0.07226773,0.0007085072,1
TSLP,105,0.072266534,0.0006882527,1
Amiloride Action Pathway,73,0.072243646,0.000989639,1
Coregulation of Androgen receptor activity,125,0.07213477,0.00057707814,1
IL-5 signaling pathway,134,0.07207732,0.0005378904,1
Mechanoregulation and pathology of YAP-TAZ via Hippo and non-Hippo mechanisms,70,0.07200945,0.0010287064,1
Arginine Proline metabolism,122,0.07189508,0.0005893039,1
Taurine and hypotaurine metabolism - Homo sapiens (human),79,0.07180707,0.0009089503,1
Amine ligand-binding receptors,120,0.07173589,0.0005977991,1
PKC-gamma calcium signaling pathway in ataxia,86,0.07156207,0.00083211705,1
Glutaminolysis and Cancer,100,0.071558505,0.0007155851,1
VEGF signaling pathway - Homo sapiens (human),125,0.07131476,0.0005705181,1
Aurora A signaling,91,0.071197644,0.0007823917,1
Host-pathogen interaction of human coronaviruses - interferon induction,121,0.071111545,0.0005876987,1
Long-term depression - Homo sapiens (human),103,0.0709107,0.0006884534,1
Eukaryotic Translation Initiation,115,0.07083079,0.00061591994,1
Fentanyl Action Pathway,66,0.070783615,0.0010724791,1
Regulation of PLK1 Activity at G2/M Transition,68,0.070643336,0.0010388726,1
ER to Golgi Anterograde Transport,114,0.0705461,0.00061882543,1
inositol pyrophosphates biosynthesis,61,0.07049409,0.0011556408,1
"1D-<i>myo</i>-inositol hexakisphosphate biosynthesis V (from Ins(1,3,4)P3)",52,0.07043131,0.0013544483,1
Beta1 integrin cell surface interactions,130,0.07036866,0.0005412974,1
Central carbon metabolism in cancer - Homo sapiens (human),121,0.07033186,0.000581255,1
Structural Pathway of Interleukin 1 (IL-1),132,0.07033132,0.000532813,1
il 2 signaling pathway,89,0.07032035,0.0007901163,1
TNF receptor signaling pathway ,91,0.07029711,0.0007724957,1
integrin signaling pathway,87,0.070289545,0.0008079258,1
Integrin signaling,96,0.07023066,0.0007315694,1
EPHB-mediated forward signaling,116,0.07005521,0.0006039242,1
ECM-receptor interaction - Homo sapiens (human),120,0.06998678,0.0005832232,1
GTP hydrolysis and joining of the 60S ribosomal subunit,109,0.069938436,0.000641637,1
RHOD GTPase cycle,113,0.06986253,0.0006182525,1
the 41bb-dependent immune response,98,0.0698295,0.00071254594,1
Cardiac muscle contraction - Homo sapiens (human),93,0.069721006,0.00074968825,1
Recruitment of mitotic centrosome proteins and complexes,79,0.06971842,0.00088251167,1
Regulation of lipolysis in adipocytes - Homo sapiens (human),95,0.069472216,0.0007312865,1
ErbB signaling pathway - Homo sapiens (human),148,0.06940867,0.0004689775,1
Alpha9 beta1 integrin signaling events,101,0.06939178,0.0006870473,1
Parasite infection,142,0.069371216,0.0004885297,1
Hydroflumethiazide Action Pathway,73,0.06937,0.000950274,1
Thromboxane A2 receptor signaling,159,0.06932413,0.00043600082,1
Mitophagy - animal - Homo sapiens (human),96,0.06930952,0.0007219741,1
EPO signaling pathway,112,0.06926712,0.0006184564,1
double stranded rna induced gene expression,72,0.06926434,0.0009620047,1
Signaling by ERBB2 KD Mutants,71,0.06925925,0.0009754824,1
Loss of proteins required for interphase microtubule organization from the centrosome,58,0.069243744,0.0011938576,1
Histone Modifications,80,0.06924109,0.00086551363,1
HS-GAG biosynthesis,89,0.069163516,0.00077711814,1
EGF-Ncore,143,0.06914361,0.00048352173,1
Retinol metabolism - Homo sapiens (human),100,0.069030605,0.0006903061,1
Integrated breast cancer pathway,101,0.06897447,0.00068291556,1
Microglia Pathogen Phagocytosis Pathway,105,0.068906195,0.00065624947,1
Neurotrophic factor-mediated Trk receptor signaling,118,0.06883729,0.0005833669,1
"Glycine, serine, alanine and threonine metabolism",95,0.068785064,0.0007240533,1
Signaling by RAS mutants,81,0.06874646,0.0008487218,1
Photodynamic therapy-induced NF-kB survival signaling,99,0.06865597,0.0006934946,1
Hedgehog signaling pathway - Homo sapiens (human),99,0.06853356,0.0006922582,1
Posttranslational regulation of adherens junction stability and dissassembly,121,0.06841491,0.0005654125,1
Differentiation Pathway,112,0.068212226,0.00060903776,1
Growth hormone receptor signaling,119,0.06819098,0.0005730334,1
Ribosome - Homo sapiens (human),105,0.06818121,0.0006493449,1
ceramide signaling pathway,98,0.06810741,0.00069497357,1
Genes related to primary cilium development (based on CRISPR),171,0.0681028,0.000398262,1
Glucagon signaling pathway - Homo sapiens (human),99,0.068025656,0.0006871278,1
Aminosugars metabolism,103,0.06800672,0.0006602594,1
Centrosome maturation,79,0.06798502,0.0008605699,1
ECM proteoglycans,76,0.067984484,0.0008945327,1
AURKA Activation by TPX2,58,0.06791181,0.0011708933,1
Hydrochlorothiazide Action Pathway,73,0.06790717,0.0009302352,1
Signaling by NOTCH4,76,0.06786347,0.00089294044,1
CD28 co-stimulation,161,0.06761851,0.00041999074,1
Pyrimidine nucleotides nucleosides metabolism,48,0.06759967,0.0014083264,1
Regulation of retinoblastoma protein,88,0.06753169,0.00076740555,1
Class I PI3K signaling events,154,0.06752725,0.00043848864,1
G1 to S cell cycle control,78,0.067511365,0.00086553034,1
Thyroid cancer - Homo sapiens (human),101,0.06746477,0.000667968,1
Cardiac Progenitor Differentiation,101,0.06738981,0.0006672258,1
akt signaling pathway,111,0.06734766,0.0006067357,1
Role of Calcineurin-dependent NFAT signaling in lymphocytes,123,0.06721777,0.0005464859,1
Methyclothiazide Action Pathway,73,0.0671953,0.0009204835,1
FGF signaling pathway,139,0.067035936,0.0004822729,1
Constitutive Signaling by NOTCH1 HD+PEST Domain Mutants,93,0.067007236,0.00072050793,1
Leptin Insulin Overlap,91,0.06695246,0.00073574134,1
Warburg Effect,97,0.0669359,0.0006900608,1
Blue diaper syndrome,73,0.06671791,0.0009139439,1
Tandem pore domain potassium channels,58,0.066589296,0.0011480913,1
Paradoxical activation of RAF signaling by kinase inactive BRAF,81,0.0665586,0.0008217111,1
Neurodegeneration with brain iron accumulation (NBIA) subtypes pathway,108,0.06655176,0.00061622,1
Receptor-type tyrosine-protein phosphatases,42,0.066418715,0.001581398,1
Mitochondrial CIV Assembly,82,0.06630915,0.0008086481,1
Ovarian tumor domain proteases,106,0.06627806,0.0006252647,1
Anchoring of the basal body to the plasma membrane,70,0.065773614,0.00093962305,1
RHOF GTPase cycle,102,0.06570505,0.0006441672,1
Antimicrobial peptides,83,0.065485865,0.00078898633,1
TNF signaling,76,0.065339856,0.00085973495,1
Resistin as a regulator of inflammation,92,0.06530857,0.0007098758,1
trefoil factors initiate mucosal healing,85,0.06529575,0.0007681853,1
IGF-Ncore,103,0.0652913,0.0006338961,1
CRH,88,0.065269314,0.00074169674,1
Ferroptosis,95,0.06525218,0.000686865,1
Processing of DNA double-strand break ends,81,0.065225184,0.0008052492,1
Methionine and cysteine metabolism,118,0.06519649,0.00055251265,1
IL1-mediated signaling events,99,0.06514077,0.00065798755,1
Protein ubiquitination,107,0.06508534,0.0006082742,1
Serotonin and anxiety,75,0.06500969,0.0008667959,1
mucin core 1 and core 2 <i>O</i>-glycosylation,57,0.064878464,0.0011382187,1
Wnt,125,0.06473964,0.0005179171,1
Regulation of IFNA signaling,80,0.064721115,0.00080901396,1
Beta3 integrin cell surface interactions,119,0.064705074,0.0005437401,1
RHOQ GTPase cycle,116,0.06468277,0.00055761007,1
Methadone Action Pathway,70,0.06465343,0.00092362036,1
Downregulation of ERBB2 signaling,63,0.06438115,0.001021923,1
Alternative NF-kappaB pathway,7,0.064357616,0.009193945,1
Peroxisome - Homo sapiens (human),110,0.06428945,0.00058444956,1
Glutathione metabolism - Homo sapiens (human),62,0.06407688,0.0010334981,1
TAK1 activates NFkB by phosphorylation and activation of IKKs complex,106,0.064068414,0.000604419,1
heparan sulfate biosynthesis (late stages),81,0.063946694,0.0007894654,1
Long-term potentiation - Homo sapiens (human),105,0.06386513,0.0006082394,1
Oxidation by Cytochrome P450,59,0.06386429,0.0010824456,1
Regulation of Androgen receptor activity,99,0.063741215,0.00064385065,1
Bendroflumethiazide Action Pathway,73,0.06369535,0.000872539,1
HCMV Infection,81,0.06368676,0.0007862563,1
Kidney Function,73,0.063621856,0.0008715323,1
Glycolysis,106,0.063617945,0.0006001693,1
taurine biosynthesis,69,0.0634106,0.00091899425,1
Synthesis of PIPs at the plasma membrane,109,0.0634037,0.00058168534,1
ROS and RNS production in phagocytes,114,0.063389875,0.00055605156,1
Alpha-synuclein signaling,104,0.063336186,0.0006090018,1
HGF,80,0.06323359,0.0007904199,1
One-carbon metabolism and related pathways,103,0.06318615,0.00061345776,1
"D-<i>myo</i>-inositol (1,4,5,6)-tetrakisphosphate biosynthesis",51,0.063178346,0.001238791,1
O-glycosylation of TSR domain-containing proteins,85,0.063177235,0.0007432616,1
Head and Neck Squamous Cell Carcinoma,139,0.06313921,0.0004542389,1
IRAK2 mediated activation of TAK1 complex,32,0.06305044,0.0019703263,1
Nicotine Action Pathway,77,0.062971875,0.0008178166,1
Regulation of HSF1-mediated heat shock response,92,0.062911585,0.00068382156,1
ifn gamma signaling pathway,67,0.06289486,0.0009387292,1
Mammary gland development pathway - Pregnancy and lactation (Stage 3 of 4),92,0.06284749,0.0006831249,1
"GPCRs, Class B Secretin-like",52,0.06284544,0.0012085661,1
IFN gamma signaling,70,0.06282602,0.00089751463,1
Ion transport by P-type ATPases,74,0.06280497,0.0008487158,1
Cytochrome P450 - arranged by substrate type,57,0.062775224,0.0011013197,1
Role of Osx and miRNAs in tooth development,62,0.062724575,0.0010116867,1
Signaling by TGF-beta Receptor Complex,97,0.06267556,0.0006461398,1
Mucin type O-glycan biosynthesis - Homo sapiens (human),71,0.0625628,0.0008811662,1
Regulation of pyruvate dehydrogenase (PDH) complex,84,0.06255202,0.0007446669,1
Chondroitin sulfate/dermatan sulfate metabolism,84,0.06250754,0.0007441374,1
Downstream signal transduction,86,0.06250201,0.0007267676,1
NOTCH1 Intracellular Domain Regulates Transcription,109,0.062395524,0.000572436,1
"D-<i>myo</i>-inositol (3,4,5,6)-tetrakisphosphate biosynthesis",51,0.062337212,0.0012222982,1
Amyloid fiber formation,69,0.062273405,0.0009025131,1
Naltrexone Action Pathway,66,0.062262226,0.0009433671,1
PI3K Cascade,100,0.062227696,0.000622277,1
miRNA regulation of DNA damage response,80,0.06219502,0.00077743776,1
erythropoietin mediated neuroprotection through nf-kb,79,0.062156297,0.0007867886,1
Caspase Cascade in Apoptosis,106,0.062149882,0.00058631966,1
Sensory processing of sound by outer hair cells of the cochlea,92,0.06180174,0.000671758,1
Signaling mediated by p38-alpha and p38-beta,92,0.06177278,0.00067144324,1
Bladder cancer - Homo sapiens (human),81,0.061724138,0.0007620264,1
Ferroptosis - Homo sapiens (human),100,0.061655495,0.0006165549,1
3-Methylthiofentanyl Action Pathway,66,0.061637957,0.00093390845,1
Benzocaine Action Pathway,66,0.06154656,0.00093252363,1
Spliceosome - Homo sapiens (human),121,0.06136094,0.0005071152,1
NOTCH3 Intracellular Domain Regulates Transcription,72,0.061315004,0.0008515973,1
Mepivacaine Action Pathway,66,0.06103298,0.00092474214,1
Tryptophan degradation,70,0.060968265,0.0008709752,1
Hedgehog signaling events mediated by Gli proteins,94,0.060930178,0.00064819335,1
FGFR3 signaling in chondrocyte proliferation and terminal differentiation,95,0.060927592,0.00064134307,1
ErbB2/ErbB3 signaling events,90,0.060863115,0.00067625684,1
Development of ureteric collection system,117,0.060825292,0.0005198743,1
Selenocysteine synthesis,105,0.06077023,0.00057876407,1
role of mef2d in t-cell apoptosis,100,0.060766604,0.00060766604,1
GABA B receptor activation,83,0.060727566,0.00073165743,1
Trk receptor signaling mediated by PI3K and PLC-gamma,111,0.06069126,0.00054676813,1
Proteoglycan biosynthesis,67,0.060650654,0.00090523367,1
Other semaphorin interactions,76,0.060594447,0.00079729536,1
TLR p38,141,0.06056283,0.0004295236,1
Photodynamic therapy-induced HIF-1 survival signaling,92,0.06052818,0.000657915,1
Indapamide Action Pathway,73,0.06052604,0.00082912383,1
Hypertrophy Model,67,0.06042507,0.0009018667,1
Statin inhibition of cholesterol production,55,0.060379997,0.0010978181,1
Nephrotic syndrome,96,0.060290035,0.0006280212,1
G1 Phase,78,0.06020007,0.00077179575,1
Proparacaine Action Pathway,66,0.060172793,0.000911709,1
Heme signaling,67,0.060166705,0.0008980105,1
Regulation of KIT signaling,121,0.06006435,0.0004963996,1
Kinesins,66,0.060033187,0.0009095938,1
roles of  arrestin dependent recruitment of src kinases in gpcr signaling,100,0.060014132,0.0006001413,1
Nonsense-Mediated Decay (NMD),103,0.060007554,0.0005825976,1
Formation of a pool of free 40S subunits,104,0.059999455,0.00057691784,1
RET signaling,88,0.05993744,0.0006811073,1
Endothelin Pathways,62,0.059918627,0.0009664295,1
Citrate cycle (TCA cycle) - Homo sapiens (human),91,0.059909686,0.0006583482,1
DNA Repair Pathways Full Network,89,0.059790917,0.000671808,1
Recruitment of NuMA to mitotic centrosomes,78,0.0597513,0.00076604227,1
Metolazone Action Pathway,73,0.05972981,0.0008182166,1
Inactivation of CSF3 (G-CSF) signaling,118,0.059714023,0.00050605106,1
Activation of NF-kappaB in B cells,100,0.05970917,0.0005970917,1
The oncogenic action of D-2-hydroxyglutarate in  Hydroxygluaricaciduria ,77,0.05970078,0.0007753348,1
Synthesis of IPs in the nucleus,54,0.059567425,0.0011031005,1
Intrinsic Pathway for Apoptosis,77,0.05947441,0.00077239494,1
tnfr2 signaling pathway,82,0.059379894,0.00072414504,1
NR1H2 and NR1H3-mediated signaling,71,0.059334338,0.0008356949,1
The Overlap Between Signal Transduction Pathways that Contribute to a Range of LMNA Laminopathies,97,0.059302405,0.000611365,1
NOTCH4 Intracellular Domain Regulates Transcription,54,0.059278604,0.0010977519,1
Atypical NF-kappaB pathway,73,0.05927022,0.00081192085,1
Serotonin Receptor 2 and ELK-SRF-GATA4 signaling,119,0.05926964,0.0004980642,1
Interleukin-2 signaling,81,0.0592365,0.0007313148,1
stathmin and breast cancer resistance to antimicrotubule agents,54,0.05922367,0.0010967347,1
Dezocine Action Pathway,66,0.05912412,0.00089582,1
G-protein mediated events,88,0.059063632,0.00067117764,1
N-glycan antennae elongation in the medial/trans-Golgi,68,0.05886432,0.00086565176,1
Sphingolipid Metabolism,59,0.058806933,0.0009967277,1
Response of EIF2AK4 (GCN2) to amino acid deficiency,101,0.05879397,0.0005821185,1
2-ketoglutarate dehydrogenase complex deficiency,73,0.0587846,0.0008052685,1
Hippo-Yap signaling pathway,51,0.058723107,0.0011514334,1
Signaling by KIT in disease,109,0.05866329,0.0005381953,1
Levomethadyl Acetate Action Action Pathway,66,0.058655187,0.000888715,1
Regulation of actin dynamics for phagocytic cup formation,126,0.058644723,0.0004654343,1
segmentation clock,73,0.058587506,0.00080256857,1
TP53 Regulates Transcription of Cell Cycle Genes,55,0.058552045,0.0010645826,1
Nalbuphine Action Pathway,74,0.05850157,0.0007905618,1
STING pathway in Kawasaki-like disease and COVID-19,101,0.058457404,0.0005787862,1
Codeine Action Pathway,68,0.058418956,0.0008591023,1
Reproduction,65,0.058374587,0.0008980706,1
BMP receptor signaling,89,0.05830265,0.00065508595,1
Signaling by FGFR2,112,0.058300663,0.0005205416,1
Sensory processing of sound by inner hair cells of the cochlea,97,0.05819654,0.00059996435,1
Signaling downstream of RAS mutants,81,0.058133148,0.0007176932,1
RUNX1 regulates genes involved in megakaryocyte differentiation and platelet function,66,0.05813288,0.0008808012,1
Formation of RNA Pol II elongation complex ,56,0.05812311,0.0010379127,1
Oxidative Stress Induced Senescence,108,0.05811279,0.0005380814,1
Glypican 1 network,131,0.058074847,0.00044331944,1
chrebp regulation by carbohydrates and camp,93,0.058049925,0.00062419276,1
Carfentanil Action Pathway,66,0.05804561,0.00087947893,1
Lysinuric Protein Intolerance,73,0.057908904,0.00079327263,1
bone remodeling,82,0.057847288,0.00070545473,1
Morphine Action Pathway,88,0.057838604,0.00065725687,1
Spironolactone Action Pathway,73,0.057823125,0.0007920976,1
activation of camp-dependent protein kinase pka,89,0.057768185,0.0006490807,1
16p11.2 distal deletion syndrome,70,0.057687007,0.0008241001,1
Ether lipid metabolism - Homo sapiens (human),67,0.05768547,0.00086097716,1
Interactions of Rev with host cellular proteins,64,0.05766455,0.0009010086,1
Quinethazone Action Pathway,73,0.0575963,0.0007889904,1
Proton/oligopeptide cotransporters,38,0.05749802,0.0015131058,1
Hydromorphone Action Pathway,66,0.057464164,0.00087066914,1
Elevation of cytosolic Ca2+ levels,84,0.057417583,0.00068354263,1
Negative regulation of FGFR2 signaling,72,0.057401814,0.0007972474,1
SUMOylation of transcription cofactors,60,0.057393573,0.00095655955,1
Signaling by MET,103,0.057370663,0.00055699673,1
superpathway of conversion of glucose to acetyl CoA and entry into the TCA cycle,92,0.057282772,0.00062263885,1
Furosemide Action Pathway,73,0.057194717,0.00078348926,1
insulin,94,0.05710874,0.0006075398,1
Reelin signaling pathway,73,0.057059422,0.0007816359,1
Cytoplasmic Ribosomal Proteins,89,0.057033285,0.00064082345,1
Copper homeostasis,72,0.05697695,0.00079134654,1
Pyruvate metabolism,121,0.0569756,0.00047087274,1
Citalopram Action Pathway,69,0.056922097,0.0008249579,1
Signaling by RAF1 mutants,81,0.05689779,0.00070244184,1
Fas ligand pathway and stress induction of heat shock proteins,129,0.056861755,0.0004407888,1
Polythiazide Action Pathway,73,0.05684948,0.00077876,1
Trichlormethiazide Action Pathway,73,0.056827653,0.000778461,1
IGF1 pathway,99,0.05678458,0.0005735816,1
Peroxisomal protein import,72,0.056681685,0.00078724563,1
Signaling by ERBB2,119,0.056641918,0.0004759825,1
Krabbe disease,59,0.05663382,0.00095989526,1
Nuclear signaling by ERBB4,83,0.056584366,0.00068173936,1
Validated transcriptional targets of deltaNp63 isoforms,85,0.05655967,0.0006654079,1
Signaling by NOTCH1 in Cancer,93,0.05654262,0.0006079852,1
RNA Polymerase II Pre-transcription Events,68,0.056525156,0.0008312523,1
JAK-STAT-Ncore,133,0.05636971,0.00042383242,1
Interleukin-4 and Interleukin-13 signaling,106,0.056365132,0.00053174654,1
Iminoglycinuria,73,0.056345895,0.0007718616,1
Naloxone Action Pathway,66,0.056328375,0.0008534602,1
Procaine Action Pathway,66,0.05628128,0.00085274666,1
Mitochondrial complex II deficiency,73,0.05627901,0.00077094533,1
Fanconi anemia pathway - Homo sapiens (human),51,0.05626133,0.0011031633,1
Heart Development,69,0.056216996,0.0008147391,1
Signaling by NOTCH1 PEST Domain Mutants in Cancer,93,0.056214873,0.000604461,1
HIF-2-alpha transcription factor network,96,0.056180444,0.00058521295,1
Amphetamine addiction - Homo sapiens (human),95,0.05617886,0.0005913564,1
Transferrin endocytosis and recycling,47,0.056175977,0.0011952335,1
Arachidonic acid metabolism - Homo sapiens (human),78,0.056145035,0.00071980816,1
role of egf receptor transactivation by gpcrs in cardiac hypertrophy,92,0.056143407,0.0006102544,1
3q29 copy number variation syndrome,84,0.05601222,0.0006668122,1
Ethacrynic Acid Action Pathway,73,0.05591378,0.0007659422,1
Notch-HLH transcription pathway,76,0.055907406,0.00073562376,1
Signaling events mediated by TCPTP,123,0.05588666,0.0004543631,1
Cyclothiazide Action Pathway,73,0.05585079,0.0007650793,1
HCMV Early Events,80,0.055837348,0.00069796684,1
Caspase activation via extrinsic apoptotic signalling pathway,93,0.055720374,0.0005991438,1
Loss of Nlp from mitotic centrosomes,58,0.055675514,0.0009599227,1
SUMOylation of DNA damage response and repair proteins,62,0.055664398,0.0008978129,1
fmlp induced chemokine gene expression in hmc-1 cells,88,0.055661585,0.00063251803,1
Positive epigenetic regulation of rRNA expression,61,0.055592045,0.000911345,1
the information processing pathway at the ifn beta enhancer,116,0.055538308,0.00047877853,1
Metachromatic Leukodystrophy (MLD),59,0.055512704,0.0009408933,1
The oncogenic action of Fumarate,80,0.055450883,0.000693136,1
Intracellular Signalling Through Adenosine Receptor A2a and Adenosine,82,0.055446416,0.0006761758,1
Regulation of Microtubule Cytoskeleton,81,0.055444386,0.0006844986,1
ZBP1(DAI) mediated induction of type I IFNs,59,0.055429094,0.0009394762,1
Extra-nuclear estrogen signaling,94,0.055360403,0.00058894046,1
Oxidative Damage,76,0.055287413,0.00072746596,1
RUNX1 interacts with co-factors whose precise effect on RUNX1 targets is not known,73,0.05516846,0.00075573236,1
Nicotine Activity on Dopaminergic Neurons,57,0.055062667,0.0009660117,1
Endocrine and other factor-regulated calcium reabsorption - Homo sapiens (human),56,0.05504657,0.0009829744,1
Sodium/Calcium exchangers,48,0.055039592,0.0011466582,1
G alpha (z) signalling events,73,0.0549951,0.00075335754,1
Androgen and estrogen biosynthesis and metabolism,100,0.05498188,0.0005498188,1
Signaling by NOTCH1 HD+PEST Domain Mutants in Cancer,93,0.054978717,0.000591169,1
Fabry disease,59,0.05491718,0.00093079964,1
Desipramine Action Pathway,66,0.05477974,0.000829996,1
Rev-mediated nuclear export of HIV RNA,62,0.05476425,0.0008832943,1
Negative regulators of DDX58/IFIH1 signaling,70,0.054755326,0.00078221894,1
Intracellular trafficking proteins involved in CMT neuropathy,52,0.054747358,0.0010528339,1
Chlorthalidone Action Pathway,73,0.05474032,0.0007498674,1
Infection with Mycobacterium tuberculosis,55,0.054702803,0.0009945964,1
Activation of GABAB receptors,83,0.054675385,0.0006587396,1
PI Metabolism,126,0.054666802,0.00043386352,1
Ovarian steroidogenesis - Homo sapiens (human),77,0.054618288,0.0007093284,1
"Cell death signalling via NRAGE, NRIF and NADE",62,0.054372024,0.00087696814,1
Pregnane X receptor pathway,68,0.054356743,0.0007993639,1
Leukotriene metabolism,82,0.054316815,0.00066240015,1
Citric Acid Cycle,73,0.054273285,0.00074346963,1
Ovarian infertility,60,0.054174334,0.00090290554,1
Collagen biosynthesis and modifying enzymes,102,0.054159466,0.0005309752,1
Glutamate Neurotransmitter Release Cycle,62,0.05410922,0.00087272935,1
TRP channels,90,0.05404418,0.0006004909,1
Rab regulation of trafficking,109,0.053897887,0.00049447606,1
CRMPs in Sema3A signaling,58,0.053888056,0.0009291044,1
The role of Nef in HIV-1 replication and disease pathogenesis,122,0.05387231,0.0004415763,1
Mineral absorption - Homo sapiens (human),80,0.05385886,0.00067323574,1
Buprenorphine Action Pathway,66,0.053843714,0.00081581384,1
3-hydroxyisobutyric aciduria,66,0.05381847,0.0008154314,1
Levorphanol Action Pathway,66,0.053677894,0.0008133014,1
RHOH GTPase cycle,62,0.053534415,0.0008634583,1
Prader-Willi and Angelman Syndrome,60,0.053470068,0.0008911678,1
Nonsense Mediated Decay (NMD) independent of the Exon Junction Complex (EJC),98,0.053462457,0.0005455353,1
Antigen activates B Cell Receptor (BCR) leading to generation of second messengers,107,0.053447787,0.000499512,1
Nuclear Events (kinase and transcription factor activation),113,0.05337492,0.00047234443,1
Oxybuprocaine Action Pathway,66,0.053329445,0.0008080219,1
Alpha 6 Beta 4 signaling pathway,62,0.053303856,0.0008597396,1
Cytoprotection by HMOX1,82,0.053178933,0.00064852356,1
Aquaporin-mediated transport,72,0.053176146,0.0007385576,1
The oncogenic action of 2-hydroxyglutarate,76,0.05312333,0.0006989912,1
Retinoic acid receptors-mediated signaling,64,0.05312192,0.00083003,1
rac1 cell motility signaling pathway,73,0.05307403,0.0007270415,1
Ca2+ pathway,88,0.053004608,0.0006023251,1
Hydrocodone Action Pathway,66,0.052972004,0.0008026061,1
Ebstein-Barr virus LMP1 signaling,95,0.05297171,0.00055759697,1
Prion disease pathway,126,0.052952934,0.00042026138,1
Host-pathogen interaction of human coronaviruses - apoptosis,61,0.052931566,0.0008677306,1
Glycosaminoglycan biosynthesis - heparan sulfate / heparin - Homo sapiens (human),67,0.052890074,0.0007894041,1
TP53 Regulates Metabolic Genes,75,0.052885298,0.0007051373,1
Regulation of PTEN stability and activity,65,0.052870538,0.0008133929,1
Fcgamma receptor (FCGR) dependent phagocytosis,157,0.052829135,0.0003364913,1
Eukaryotic Translation Elongation,97,0.052744027,0.00054375286,1
Glycine Serine metabolism,78,0.052706473,0.000675724,1
TGF-beta receptor signaling,83,0.052693065,0.00063485623,1
influence of ras and rho proteins on g1 to s transition,80,0.052520677,0.0006565085,1
Regulation of p38-alpha and p38-beta,93,0.052458845,0.0005640736,1
Diphenoxylate Action Pathway,66,0.05235061,0.0007931911,1
Influenza Infection,68,0.05234147,0.00076972746,1
Imipramine Action Pathway,69,0.052256014,0.00075733353,1
Joubert Syndrome,137,0.052176923,0.00038085345,1
Eplerenone Action Pathway,73,0.05205956,0.00071314466,1
Ion homeostasis,60,0.052040387,0.0008673398,1
TP53 Regulates Transcription of DNA Repair Genes,52,0.052023575,0.0010004534,1
bioactive peptide induced signaling pathway,101,0.05199549,0.00051480683,1
Alfentanil Action Pathway,66,0.05190223,0.00078639743,1
IL5-mediated signaling events,78,0.05185617,0.0006648227,1
Arginine and proline metabolism - Homo sapiens (human),90,0.051836174,0.00057595747,1
Cell migration and invasion through p75NTR,104,0.05178,0.00049788464,1
AMP-activated protein kinase (AMPK) signaling,84,0.051729586,0.0006158284,1
Chemical carcinogenesis - Homo sapiens (human),84,0.051604334,0.00061433733,1
Bumetanide Action Pathway,73,0.05158472,0.00070664,1
CD28 dependent PI3K/Akt signaling,128,0.05152791,0.0004025618,1
Initiation of transcription and translation elongation at the HIV-1 LTR,73,0.051422425,0.0007044168,1
E3 ubiquitin ligases ubiquitinate target proteins,66,0.05139814,0.0007787597,1
The oncogenic action of Succinate,80,0.051394254,0.0006424282,1
Extracellular vesicles in the crosstalk of cardiac cells,77,0.051391847,0.0006674266,1
Pyruvate dehydrogenase deficiency (E3),73,0.05138687,0.00070392975,1
Eukaryotic Translation Termination,93,0.051379852,0.00055247155,1
Sterol regulatory element-binding proteins (SREBP) signaling,70,0.05130645,0.0007329493,1
Regulated Necrosis,102,0.051281586,0.00050276064,1
Peptide chain elongation,95,0.05127572,0.0005397444,1
Carbamoyl Phosphate Synthetase Deficiency,34,0.051241256,0.0015070958,1
Cystinuria,73,0.051213596,0.0007015561,1
Pathogenic Escherichia coli infection,94,0.051188983,0.00054456363,1
G alpha (12/13) signalling events,70,0.051144335,0.0007306334,1
Regulation of mitotic cell cycle,60,0.051137343,0.000852289,1
FGFRL1 modulation of FGFR1 signaling,52,0.05104575,0.000981649,1
TGF-Ncore,81,0.051001888,0.00062965293,1
role of erbb2 in signal transduction and oncology,73,0.05099364,0.00069854304,1
Genes controlling nephrogenesis,145,0.05091588,0.000351144,1
Oxymorphone Action Pathway,66,0.050802343,0.00076973246,1
Chlorothiazide Action Pathway,73,0.050777376,0.0006955805,1
Mammalian disorder of sexual development,77,0.050762504,0.00065925333,1
p38 MAPK Signaling Pathway,92,0.050694253,0.0005510245,1
Cocaine Action Pathway,66,0.050639052,0.00076725835,1
Hypothesized Pathways in Pathogenesis of Cardiovascular Disease,50,0.05056144,0.0010112288,1
Pantothenate and CoA biosynthesis - Homo sapiens (human),34,0.050558243,0.0014870071,1
Synaptic signaling pathways associated with autism spectrum disorder,92,0.050543245,0.0005493831,1
Transcriptional regulation by small RNAs,78,0.05053726,0.00064791355,1
Sufentanil Action Pathway,66,0.050517723,0.00076542003,1
Association Between Physico-Chemical Features and Toxicity Associated Pathways,99,0.05051318,0.00051023415,1
The oncogenic action of L-2-hydroxyglutarate in  Hydroxygluaricaciduria,77,0.050466977,0.0006554153,1
Deadenylation-dependent mRNA decay,76,0.0503894,0.00066301844,1
RAB GEFs exchange GTP for GDP on RABs,95,0.050378673,0.0005303018,1
cadmium induces dna synthesis and proliferation in macrophages,77,0.050354652,0.0006539565,1
EPHB forward signaling,74,0.050238438,0.00067889784,1
PLC beta mediated events,80,0.050235905,0.0006279488,1
Levallorphan Action Pathway,66,0.05017435,0.00076021743,1
Pyruvate dehydrogenase deficiency (E2),73,0.050138954,0.000686835,1
Role of LAT2/NTAL/LAB on calcium mobilization,64,0.05005837,0.000782162,1
Chloroprocaine Action Pathway,66,0.049982373,0.0007573087,1
Nanomaterial induced apoptosis,75,0.04989994,0.00066533254,1
Synaptic Vesicle Pathway,80,0.04988045,0.0006235056,1
Levobupivacaine Action Pathway,66,0.04987879,0.0007557393,1
Proteasome - Homo sapiens (human),104,0.049844585,0.00047927487,1
TRAF6 mediated NF-kB activation,68,0.049783926,0.0007321166,1
mTOR signaling pathway,82,0.049739,0.0006065732,1
Degradation of beta-catenin by the destruction complex,63,0.04959047,0.0007871503,1
N-Glycan biosynthesis,64,0.04957914,0.00077467406,1
Triamterene Action Pathway,73,0.04947994,0.0006778074,1
RAC1 signaling pathway,79,0.049462087,0.0006261024,1
Regulation of PTEN gene transcription,74,0.04945765,0.00066834665,1
16p11.2 proximal deletion syndrome,67,0.04932783,0.0007362363,1
Validated transcriptional targets of AP1 family members Fra1 and Fra2,83,0.049323507,0.0005942591,1
TWEAK,76,0.04930002,0.00064868445,1
Nanoparticle triggered autophagic cell death,85,0.049144734,0.0005781733,1
a6b1 and a6b4 Integrin signaling,82,0.049050853,0.00059818116,1
Metabolism of xenobiotics by cytochrome P450 - Homo sapiens (human),75,0.04902687,0.0006536916,1
atm signaling pathway,86,0.048980165,0.0005695368,1
DAG and IP3 signaling,73,0.048883643,0.0006696389,1
IL-12 signaling,60,0.048876904,0.00081461505,1
S1P3 pathway,79,0.048867963,0.00061858183,1
DNA damage response,69,0.048763473,0.000706717,1
WNT-Ncore,84,0.048722968,0.0005800353,1
lck and fyn tyrosine kinases in initiation of tcr activation,85,0.04870283,0.00057297444,1
Signaling by FGFR4,79,0.048692793,0.0006163645,1
erk and pi-3 kinase are necessary for collagen binding in corneal epithelia,62,0.048692513,0.00078536314,1
Platelet Aggregation (Plug Formation),104,0.048674703,0.00046802597,1
Urokinase-type plasminogen activator (uPA) and uPAR-mediated signaling,82,0.048638593,0.0005931536,1
Macrophage markers,51,0.048607036,0.00095307914,1
Protein folding,76,0.04859653,0.00063942804,1
Beta-Ketothiolase Deficiency,66,0.048519656,0.0007351463,1
Stabilization and expansion of the E-cadherin adherens junction,63,0.04850233,0.0007698783,1
Galactose metabolism,65,0.048500802,0.0007461662,1
HDR through Single Strand Annealing (SSA),54,0.048454985,0.0008973145,1
Signaling by FGFR in disease,101,0.04842766,0.0004794818,1
Nephrin family interactions,70,0.04842654,0.0006918077,1
TLR JNK,140,0.04833532,0.0003452523,1
Signaling by moderate kinase activity BRAF mutants,81,0.048309103,0.0005964087,1
Succinic semialdehyde dehydrogenase deficiency,31,0.04828497,0.0015575797,1
Escitalopram Action Pathway,66,0.048282042,0.0007315461,1
S Phase,70,0.048266016,0.0006895145,1
Cytosolic sensors of pathogen-associated DNA ,74,0.048203852,0.0006514034,1
GPCR Dopamine D1like receptor,63,0.048040222,0.00076254323,1
Oxycodone Action Pathway,66,0.047963694,0.00072672265,1
Retinoblastoma gene in cancer,82,0.047961757,0.00058489945,1
MECP2 regulates neuronal receptors and channels,97,0.047921512,0.0004940362,1
Pentazocine Action Pathway,66,0.047861256,0.00072517054,1
Drug metabolism - other enzymes - Homo sapiens (human),82,0.047833372,0.0005833338,1
PI3K-AKT-mTOR - VitD3 signaling,61,0.047823153,0.0007839861,1
wnt signaling pathway,88,0.047785252,0.0005430142,1
Canonical NF-KB pathway,56,0.047768038,0.0008530007,1
3-hydroxyisobutyric acid dehydrogenase deficiency,66,0.047766104,0.00072372885,1
Trans-sulfuration and one-carbon metabolism,65,0.047758017,0.0007347387,1
Metabolism of nucleotides,73,0.0477554,0.00065418356,1
Prolactin receptor signaling,48,0.047745924,0.0009947068,1
Signaling by NOTCH2,66,0.047692843,0.00072261883,1
RHO GTPases activate PKNs,73,0.0476459,0.00065268355,1
Lidocaine (Local Anaesthetic) Action Pathway,69,0.047618005,0.000690116,1
Hartnup Disorder,73,0.047610205,0.0006521946,1
Lysine degradation,26,0.04754332,0.0018285892,1
Fatty acid beta-oxidation,55,0.047499415,0.0008636257,1
Amino acid transport across the plasma membrane,57,0.047400117,0.000831581,1
Dimethylthiambutene Action Pathway,66,0.047343526,0.0007173261,1
"Hedgehog ,off, state",68,0.047276273,0.0006952393,1
PKMTs methylate histone lysines,69,0.047261186,0.00068494474,1
Oncogene Induced Senescence,77,0.047231764,0.00061339955,1
Complement and Coagulation Cascades,57,0.047212772,0.00082829426,1
Na+/Cl- dependent neurotransmitter transporters,46,0.047167283,0.0010253757,1
IL3-mediated signaling events,76,0.047166377,0.00062061026,1
"Valine, leucine and isoleucine degradation",92,0.04704275,0.0005113342,1
Negative regulation of activity of TFAP2 (AP-2) family transcription factors,46,0.047020886,0.0010221932,1
Ropivacaine Action Pathway,66,0.046962466,0.0007115525,1
Deactivation of the beta-catenin transactivating complex,87,0.04695745,0.00053974084,1
IL8- and CXCR2-mediated signaling events,88,0.046946812,0.0005334865,1
Dibucaine Action Pathway,66,0.046918213,0.000710882,1
Wnt Signaling Pathway,98,0.04691449,0.0004787193,1
Receptor Mediated Mitophagy,51,0.046779342,0.000917242,1
Congenital lactic acidosis,73,0.046718594,0.0006399807,1
RNA polymerase II transcribes snRNA genes,56,0.04665659,0.0008331534,1
TP53 Regulates Transcription of Cell Death Genes,61,0.046598732,0.0007639137,1
Nuclear Envelope (NE) Reassembly,60,0.046589762,0.000776496,1
Methadyl Acetate Action Pathway,66,0.046569,0.00070559094,1
Signaling by FGFR1 in disease,85,0.046439566,0.0005463478,1
CD28 dependent Vav1 pathway,95,0.04642958,0.0004887324,1
trans-Golgi Network Vesicle Budding,80,0.046420757,0.0005802595,1
Nuclear Envelope Breakdown,84,0.046419945,0.0005526184,1
Argininemia,34,0.046404567,0.0013648402,1
Circadian rhythm - Homo sapiens (human),44,0.04635485,0.0010535193,1
regulation of spermatogenesis by crem,61,0.046320826,0.0007593578,1
Transport of Mature Transcript to Cytoplasm,55,0.046297066,0.00084176485,1
Alvimopan Action Pathway,66,0.046296034,0.00070145505,1
GABA receptor Signaling,54,0.046253722,0.0008565504,1
IL11,55,0.04621722,0.00084031315,1
Envelope proteins and their potential roles in EDMD physiopathology,67,0.04621297,0.0006897458,1
O-Glycan biosynthesis,62,0.046188578,0.0007449771,1
Syndecan interactions,60,0.04618099,0.00076968316,1
MAPK6/MAPK4 signaling,52,0.046102114,0.0008865791,1
Dihydromorphine Action Pathway,66,0.04604764,0.0006976915,1
Syndecan-1-mediated signaling events,81,0.045957766,0.0005673798,1
NHR,90,0.045955185,0.00051061314,1
Cardiac Hypertrophic Response,110,0.0458543,0.00041685728,1
Autophagy - other - Homo sapiens (human),84,0.045794357,0.0005451709,1
Globoid Cell Leukodystrophy,59,0.045788825,0.00077608175,1
Citrate cycle,74,0.045735102,0.0006180419,1
Plasma membrane estrogen receptor signaling,69,0.04569035,0.00066217897,1
Factors and pathways affecting insulin-like growth factor (IGF1)-Akt signaling,65,0.04561859,0.00070182444,1
Growth hormone signaling,82,0.045588143,0.00055595295,1
COPI-mediated anterograde transport,65,0.04552359,0.00070036296,1
Assembly of collagen fibrils and other multimeric structures,59,0.04542377,0.0007698944,1
Intracellular Signalling Through Adenosine Receptor A2b and Adenosine,82,0.045418657,0.00055388606,1
Complement cascade,77,0.0453867,0.00058943767,1
FGFR2 ligand binding and activation,50,0.045328286,0.0009065657,1
Ethylmorphine Action Pathway,66,0.04531046,0.0006865221,1
Termination of O-glycan biosynthesis,54,0.04528045,0.0008385268,1
Bupivacaine Action Pathway,66,0.045232087,0.0006853347,1
Glucose Transporter Defect (SGLT2),73,0.045214154,0.00061937195,1
HDMs demethylate histones,39,0.045181002,0.0011584873,1
Ca-dependent events,61,0.045172654,0.0007405353,1
NCAM signaling for neurite out-growth,101,0.045133382,0.00044686516,1
Cysteine and methionine metabolism - Homo sapiens (human),86,0.045071796,0.00052409066,1
Signaling by Erythropoietin,82,0.04505339,0.0005494316,1
Glycolysis / Gluconeogenesis - Homo sapiens (human),78,0.044903778,0.0005756895,1
Mitophagy,65,0.044871572,0.00069033186,1
Plasma lipoprotein remodeling,64,0.0448152,0.0007002375,1
Prilocaine Action Pathway,66,0.044785578,0.00067856937,1
TFAP2 (AP-2) family regulates transcription of growth factors and their receptors,43,0.04476183,0.0010409728,1
Type II diabetes mellitus - Homo sapiens (human),98,0.044731695,0.00045644588,1
Vitamin D in inflammatory diseases,77,0.044626478,0.00057956466,1
Syndecan-3-mediated signaling events,74,0.044579923,0.0006024314,1
Torsemide Action Pathway,73,0.044504393,0.0006096492,1
COPII-mediated vesicle transport,64,0.04450355,0.000695368,1
Fumarase deficiency,73,0.044498622,0.0006095702,1
Propoxyphene Action Pathway,66,0.044472694,0.0006738287,1
Metabolic reprogramming in colon cancer,52,0.04434086,0.0008527088,1
Downstream signaling of activated FGFR4,61,0.044316065,0.00072649284,1
Downstream signaling of activated FGFR2,70,0.04429023,0.00063271757,1
Fluoxetine Action Pathway,68,0.044243686,0.00065064244,1
Citric acid cycle (TCA cycle),66,0.044233717,0.00067020784,1
Regulation of necroptotic cell death,72,0.044186827,0.00061370595,1
tpo signaling pathway,58,0.04416249,0.0007614222,1
DroToll-like,100,0.04415179,0.0004415179,1
RUNX3 regulates NOTCH signaling,56,0.04408644,0.00078725786,1
Vitamin D-sensitive calcium signaling in depression,70,0.04391555,0.000627365,1
pten dependent cell cycle arrest and apoptosis,77,0.04391492,0.00057032367,1
Extracellular vesicle-mediated signaling in recipient cells,61,0.043898173,0.00071964215,1
SUMOylation of transcription factors,40,0.043887332,0.0010971833,1
Mammary gland development pathway - Embryonic development (Stage 1 of 4),62,0.04388175,0.0007077702,1
Metabolism of fat-soluble vitamins,75,0.043842405,0.0005845654,1
PDGF,82,0.043841273,0.00053464965,1
NF-kB is activated and signals survival,61,0.04357871,0.0007144051,1
Nectin adhesion pathway,76,0.04353678,0.0005728523,1
Dectin-2 family,93,0.04353177,0.00046808357,1
Tramadol Action Action Pathway,66,0.043471802,0.0006586637,1
Beta2 integrin cell surface interactions,120,0.043426134,0.00036188445,1
Anileridine Action Pathway,66,0.043357957,0.00065693876,1
angiotensin ii mediated activation of jnk pathway via pyk2 dependent signaling,51,0.043338086,0.0008497664,1
Retinoid metabolism and transport,73,0.043325726,0.0005935031,1
NLR Proteins,61,0.043271888,0.0007093752,1
DCC mediated attractive signaling,60,0.043213964,0.0007202327,1
Chaperonin-mediated protein folding,73,0.043142475,0.0005909928,1
Nuclear receptors,74,0.043127432,0.00058280316,1
FGFR1 mutant receptor activation,70,0.04308038,0.00061543396,1
Methylmalonate Semialdehyde Dehydrogenase Deficiency,66,0.04303913,0.000652108,1
LKB1 signaling events,51,0.043007206,0.00084327854,1
"Biosynthesis of the N-glycan precursor (dolichol lipid-linked oligosaccharide, LLO) and transfer to a nascent protein",100,0.04300345,0.0004300345,1
BMP2 signaling TGF-beta MV,76,0.042963997,0.0005653158,1
RUNX1 regulates transcription of genes involved in differentiation of HSCs,58,0.042940058,0.0007403458,1
Regulation of RAS by GAPs,64,0.042935453,0.00067086646,1
Gaucher Disease,59,0.042864766,0.0007265215,1
Enalapril Action Pathway,4,0.042785604,0.010696401,1
FAS (CD95) signaling pathway,74,0.042780813,0.00057811907,1
3-Methylglutaconic Aciduria Type III,66,0.042705543,0.0006470537,1
p38 MAPK signaling pathway,78,0.042687465,0.0005472752,1
Nicotinate and nicotinamide metabolism - Homo sapiens (human),75,0.04262359,0.0005683145,1
Detoxification of Reactive Oxygen Species,44,0.042597037,0.0009681145,1
Signaling events mediated by HDAC Class II,62,0.04257423,0.00068668113,1
Hyperornithinemia-hyperammonemia-homocitrullinuria [HHH-syndrome],27,0.04246155,0.00157265,1
3-Methylglutaconic Aciduria Type IV,66,0.04244773,0.00064314745,1
TGF-beta receptor signaling activates SMADs,54,0.042346857,0.0007842011,1
N-Glycan biosynthesis - Homo sapiens (human),64,0.042295855,0.0006608727,1
Transcriptional regulation of granulopoiesis,46,0.04225227,0.0009185276,1
Golgi Associated Vesicle Biogenesis,63,0.04212965,0.0006687246,1
CaM pathway,55,0.042115353,0.0007657337,1
UCH proteinases,105,0.042112354,0.00040107005,1
3-Methylcrotonyl Coa Carboxylase Deficiency Type I,66,0.042101063,0.0006378949,1
Dopaminergic Neurogenesis,40,0.04209512,0.001052378,1
Chromosome Maintenance,89,0.04201917,0.0004721255,1
SARS-CoV-2 Infection,43,0.042010866,0.0009769968,1
Synthesis of substrates in N-glycan biosythesis,93,0.04196863,0.00045127558,1
IL-2 signaling,54,0.041926116,0.0007764096,1
fas signaling pathway (cd95),88,0.041851033,0.0004755799,1
Signaling by EGFR,67,0.04177891,0.0006235658,1
Hedgehog Signaling Pathway,88,0.041763797,0.0004745886,1
Activation of the TFAP2 (AP-2) family of transcription factors,33,0.041631278,0.0012615538,1
Disruption of postsynaptic signaling by CNV,70,0.041616216,0.0005945174,1
Role of Altered Glycolysation of MUC1 in Tumour Microenvironment,58,0.041559476,0.0007165427,1
Branched-chain amino acid catabolism,58,0.041511174,0.0007157099,1
MAP2K and MAPK activation,53,0.041449334,0.00078206294,1
CTLA4 inhibitory signaling,109,0.04144643,0.00038024248,1
-arrestins in gpcr desensitization,86,0.04138723,0.00048124685,1
LIF signaling,33,0.04137638,0.0012538297,1
"Hedgehog ,on, state",65,0.041337408,0.00063596014,1
agrin in postsynaptic differentiation,76,0.04131076,0.00054356264,1
Bladder cancer,74,0.041220065,0.00055702793,1
Synaptic adhesion-like molecules,44,0.041218948,0.00093679427,1
p38 signaling mediated by MAPKAP kinases,57,0.041192364,0.000722673,1
Kisspeptin-kisspeptin receptor system in the ovary,79,0.04117833,0.0005212447,1
Type I collagen synthesis in the context of Osteogenesis imperfecta,50,0.0411732,0.000823464,1
Regulation of Ras family activation,91,0.041106638,0.00045172128,1
RNA degradation - Homo sapiens (human),95,0.041029423,0.00043188868,1
Remifentanil Action Pathway,66,0.04102371,0.0006215713,1
Calmodulin induced events,55,0.04099177,0.00074530486,1
Propionic Acidemia,66,0.040984638,0.00062097935,1
Energy Metabolism,51,0.04086218,0.0008012192,1
antigen processing and presentation,72,0.04082825,0.00056705903,1
Glycosaminoglycan biosynthesis - chondroitin sulfate / dermatan sulfate - Homo sapiens (human),39,0.040701065,0.001043617,1
Synthesis of PA,55,0.04060099,0.0007381998,1
Downstream signaling of activated FGFR1,64,0.04058551,0.0006341486,1
TCA Cycle (aka Krebs or citric acid cycle),61,0.040541265,0.0006646109,1
Recognition and association of DNA glycosylase with site containing an affected pyrimidine,30,0.040509988,0.0013503329,1
Cancer immunotherapy by CTLA4 blockade,114,0.040488355,0.000355161,1
MAPK targets/ Nuclear events mediated by MAP kinases,63,0.040475577,0.0006424695,1
leucine degradation,49,0.040352404,0.00082351844,1
Mitochondrial biogenesis,37,0.040320966,0.0010897558,1
p75(NTR)-mediated signaling,73,0.04030164,0.00055207725,1
Iron uptake and transport,71,0.040252283,0.0005669336,1
Arginine biosynthesis - Homo sapiens (human),63,0.0401855,0.0006378651,1
insulin Mam,94,0.04015314,0.00042716105,1
Exercise-induced Circadian Regulation,51,0.040111378,0.0007864976,1
Signaling of Hepatocyte Growth Factor Receptor,67,0.04010379,0.00059856405,1
Ras activation upon Ca2+ influx through NMDA receptor,48,0.040087156,0.0008351491,1
Nef-mediates down modulation of cell surface receptors by recruiting them to clathrin adapters,83,0.04007685,0.00048285365,1
NO metabolism in cystic fibrosis,50,0.04007641,0.00080152816,1
RIP-mediated NFkB activation via ZBP1,58,0.040049203,0.0006905035,1
HH-Ncore,35,0.04002219,0.0011434911,1
B-WICH complex positively regulates rRNA expression,58,0.04000477,0.00068973744,1
Melatonin metabolism and effects,44,0.03998768,0.0009088109,1
Downstream signaling of activated FGFR3,56,0.039981123,0.0007139486,1
p75NTR signals via NF-kB,68,0.03988784,0.0005865859,1
PPAR signaling pathway,60,0.039861795,0.00066436327,1
Neovascularisation processes,81,0.03980072,0.0004913669,1
Angiogenesis,75,0.039780002,0.0005304,1
sonic hedgehog receptor ptc1 regulates cell cycle,49,0.03977079,0.0008116488,1
Vasopressin regulates renal water homeostasis via Aquaporins,48,0.03974915,0.0008281073,1
NRF2-ARE regulation,62,0.03973506,0.00064088806,1
Transcription factor regulation in adipogenesis,67,0.039662596,0.0005919791,1
TGF-B Signaling in Thyroid Cells for Epithelial-Mesenchymal Transition,43,0.03964353,0.0009219425,1
Flurbiprofen Action Pathway,20,0.039595872,0.0019797937,1
IkBA variant leads to EDA-ID,55,0.039529,0.0007187091,1
inhibition of cellular proliferation by gleevec,62,0.03950646,0.000637201,1
Transport of Mature mRNA derived from an Intron-Containing Transcript,44,0.039495274,0.0008976199,1
2-Methyl-3-Hydroxybutryl CoA Dehydrogenase Deficiency,66,0.039474763,0.00059810246,1
GnRH secretion - Homo sapiens (human),97,0.0394419,0.0004066175,1
Tryptophan metabolism - Homo sapiens (human),75,0.039435264,0.00052580354,1
nfat and hypertrophy of the heart ,57,0.039368797,0.00069068064,1
Gastric Cancer Network 1,43,0.03936,0.0009153489,1
Regulation of RhoA activity,65,0.03933102,0.0006050926,1
Collagen chain trimerization,77,0.039319534,0.0005106433,1
Fat digestion and absorption - Homo sapiens (human),46,0.039310273,0.0008545712,1
Nitric oxide stimulates guanylate cyclase,62,0.03924184,0.0006329329,1
Neural Crest Cell Migration in Cancer,92,0.039159864,0.0004256507,1
PCP/CE pathway,81,0.03912606,0.0004830378,1
Methylmalonic Aciduria,66,0.039041508,0.000591538,1
Signaling by FGFR3,78,0.03899929,0.0004999909,1
Peptide hormone metabolism,65,0.03896993,0.0005995374,1
p38 mapk signaling pathway,58,0.038952105,0.000671588,1
Neural Crest Cell Migration during Development,79,0.038911223,0.0004925471,1
vegf hypoxia and angiogenesis,51,0.03887678,0.0007622898,1
IL-23 signaling,39,0.038876206,0.0009968258,1
Maple Syrup Urine Disease,66,0.03884476,0.000588557,1
Fructose Mannose metabolism,65,0.03882429,0.00059729675,1
Uptake and actions of bacterial toxins,45,0.038706172,0.00086013717,1
PDGF Pathway,47,0.038697664,0.0008233545,1
p53 signaling pathway,37,0.038694706,0.0010458028,1
CREB1 phosphorylation through NMDA receptor-mediated activation of RAS signaling,57,0.038669918,0.0006784196,1
GDNF-RET signaling axis,84,0.038556747,0.0004590089,1
IL-6 signaling,31,0.03852582,0.0012427684,1
mets affect on macrophage differentiation,71,0.03851201,0.0005424227,1
SIRT1 negatively regulates rRNA expression,33,0.03838235,0.0011631015,1
Senescence-Associated Secretory Phenotype (SASP),67,0.03837409,0.0005727476,1
Alpha4 beta1 integrin signaling events,76,0.038360108,0.00050473824,1
"Nucleotide-binding domain, leucine rich repeat containing receptor (NLR) signaling pathways",94,0.038306154,0.00040751227,1
Apoptosis Modulation by HSP70,63,0.038279023,0.0006076035,1
FRS-mediated FGFR2 signaling,66,0.03827704,0.0005799552,1
FRS-mediated FGFR4 signaling,57,0.038229078,0.0006706856,1
Arf6 signaling events,51,0.038214844,0.00074931065,1
SEMA3A-Plexin repulsion signaling by inhibiting Integrin adhesion,56,0.0381727,0.00068165537,1
N-Glycan antennae elongation,43,0.038051553,0.00088491983,1
stress induction of hsp regulation,87,0.038002428,0.00043680953,1
mRNA surveillance pathway - Homo sapiens (human),103,0.03794933,0.00036844012,1
Calcitonin-like ligand receptors,33,0.03792794,0.0011493316,1
Other interleukin signaling,35,0.037903015,0.0010829433,1
GRB2 events in ERBB2 signaling,57,0.0378514,0.00066405965,1
activated TAK1 mediates p38 MAPK activation,78,0.037809536,0.00048473763,1
Caspase activation via Death Receptors in the presence of ligand,75,0.037788913,0.00050385215,1
Fertilization,39,0.037709966,0.0009669222,1
DNA Double Strand Break Response,71,0.037652716,0.0005303199,1
Nonsense Mediated Decay (NMD) enhanced by the Exon Junction Complex (EJC),103,0.0376155,0.00036519903,1
Adenylate cyclase inhibitory pathway,35,0.03757141,0.001073469,1
SUMOylation of RNA binding proteins,43,0.037557054,0.00087341986,1
Oxidative phosphorylation,32,0.03753917,0.001173099,1
ABC transporters - Homo sapiens (human),54,0.03753852,0.0006951578,1
Nuclear Pore Complex (NPC) Disassembly,66,0.037521306,0.0005685046,1
Transcription of the HIV genome,48,0.037495,0.0007811458,1
Pyruvate Dehydrogenase Complex Deficiency,49,0.037395462,0.0007631727,1
Sema3A PAK dependent Axon repulsion,57,0.03736112,0.00065545825,1
DNA Replication,61,0.037359666,0.00061245356,1
Nicotinate metabolism,77,0.037347715,0.00048503527,1
Intraflagellar transport,28,0.03732304,0.0013329657,1
CAMKK2 Pathway,80,0.03728954,0.00046611927,1
Oxidative Stress,52,0.037234813,0.0007160541,1
Supression of HMGB1 mediated inflammation by THBD,55,0.037152413,0.00067549845,1
Diseases associated with the TLR signaling cascade,55,0.03713008,0.0006750924,1
Regulation of Complement cascade,38,0.03710181,0.0009763634,1
Laminin interactions,39,0.037086673,0.00095094036,1
TWIK related potassium channel (TREK),32,0.037072122,0.0011585038,1
RAF activation,62,0.036951352,0.0005959895,1
Mammary gland development pathway - Puberty (Stage 2 of 4),35,0.036945943,0.0010555984,1
Erythropoietin activates RAS,63,0.03693659,0.00058629503,1
dermatan sulfate biosynthesis,38,0.036857568,0.00096993597,1
Norepinephrine Neurotransmitter Release Cycle,32,0.036848046,0.0011515014,1
Regulation of RAC1 activity,63,0.036764685,0.00058356643,1
NOTCH4 Activation and Transmission of Signal to the Nucleus,25,0.036687687,0.0014675074,1
G1/S Transition,57,0.036580086,0.0006417559,1
SUMOylation of immune response proteins,59,0.036554813,0.0006195731,1
PI-3K cascade:FGFR3,43,0.036526166,0.0008494457,1
"GABA synthesis, release, reuptake and degradation",36,0.036515642,0.0010143234,1
il 6 signaling pathway,50,0.036473237,0.00072946475,1
RhoA signaling pathway,63,0.03645626,0.0005786708,1
Other types of O-glycan biosynthesis - Homo sapiens (human),68,0.03636922,0.00053484144,1
Interleukin-12 signaling,63,0.036365375,0.0005772282,1
Nucleotide Excision Repair,74,0.03628318,0.0004903132,1
Signaling by ROBO receptors,123,0.036247242,0.00029469302,1
"Valine, Leucine and Isoleucine Degradation",66,0.03623947,0.0005490829,1
CXCR3-mediated signaling events,64,0.036231313,0.00056611426,1
alk in cardiac myocytes,63,0.03622299,0.0005749681,1
NOD1/2 Signaling Pathway,79,0.03621772,0.00045845215,1
NOTCH-Core,48,0.03621751,0.0007545315,1
"Alanine, aspartate and glutamate metabolism - Homo sapiens (human)",48,0.0361873,0.0007539021,1
estrogen responsive protein efp controls cell cycle and breast tumors growth,15,0.036179416,0.002411961,1
RIPK1-mediated regulated necrosis,72,0.036120906,0.00050167926,1
Renin-angiotensin-aldosterone system (RAAS),49,0.036070224,0.000736127,1
Fatty acyl-CoA biosynthesis,39,0.0360139,0.00092343334,1
GPCR Adenosine A2A receptor,62,0.03601297,0.00058085436,1
FCERI mediated MAPK activation,73,0.035986394,0.0004929643,1
Ephrin signaling,46,0.035944678,0.00078140607,1
p53 pathway,65,0.035928424,0.000552745,1
Depyrimidination,30,0.035904534,0.0011968178,1
Response of Mtb to phagocytosis,46,0.03589901,0.0007804133,1
Interleukin-36 pathway,32,0.035893418,0.0011216693,1
Transcriptional regulation of testis differentiation,40,0.035876434,0.00089691085,1
Formation of Fibrin Clot (Clotting Cascade),39,0.035830107,0.0009187207,1
Steroid hormone biosynthesis - Homo sapiens (human),68,0.035767596,0.00052599405,1
Erythropoietin activates Phosphoinositide-3-kinase (PI3K),59,0.0356115,0.00060358475,1
Noncanonical Wnt signaling pathway,74,0.035576645,0.00048076548,1
Regulation of Wnt-B-catenin Signaling by Small Molecule Compounds,34,0.03550593,0.0010442921,1
Interleukin-7 signaling,51,0.03544052,0.00069491216,1
Citrullinemia Type I,34,0.035428654,0.0010420192,1
Argininosuccinic Aciduria,34,0.035405867,0.001041349,1
Glutathione metabolism,38,0.035374545,0.00093090907,1
"Activation of the mRNA upon binding of the cap-binding complex and eIFs, and subsequent binding to 43S",49,0.03536456,0.00072172575,1
Roxatidine acetate Action Pathway,50,0.035355497,0.0007071099,1
Synthesis of DNA,52,0.03521009,0.00067711715,1
PIWI-interacting RNA (piRNA) biogenesis,5,0.03518162,0.0070363237,1
Interactions of Vpr with host cellular proteins,34,0.035122164,0.0010330048,1
Trk receptor signaling mediated by the MAPK pathway,72,0.035117317,0.0004877405,1
Nef mediated downregulation of CD28 cell surface expression,53,0.03507401,0.0006617738,1
"FOXO-mediated transcription of oxidative stress, metabolic and neuronal genes",47,0.03503049,0.0007453296,1
ccr3 signaling in eosinophils,76,0.0350252,0.0004608579,1
Isovaleric Aciduria,66,0.03502481,0.00053067895,1
RND2 GTPase cycle,56,0.03493903,0.0006239112,1
proteolysis and signaling pathway of notch,45,0.034930594,0.0007762354,1
Inwardly rectifying K+ channels,56,0.03486458,0.00062258175,1
Physiological and pathological hypertrophy of the heart,54,0.034819122,0.00064479857,1
Xenobiotics metabolism,60,0.034811944,0.00058019906,1
3-Hydroxy-3-Methylglutaryl-CoA Lyase Deficiency,66,0.034804985,0.00052734825,1
Regulation of FZD by ubiquitination,64,0.034777846,0.00054340385,1
Platelet Adhesion to exposed collagen,67,0.034776766,0.0005190562,1
Bile acid biosynthesis,67,0.034769025,0.0005189407,1
Signaling by FGFR3 in disease,48,0.034736022,0.00072366715,1
Aldosterone-regulated sodium reabsorption - Homo sapiens (human),53,0.034714222,0.0006549853,1
Parkin-Ubiquitin Proteasomal System pathway,50,0.034698877,0.0006939776,1
Diseases of Immune System,55,0.034685522,0.00063064584,1
Drug metabolism - cytochrome P450 - Homo sapiens (human),72,0.03466213,0.00048141848,1
Plasma lipoprotein clearance,38,0.034623228,0.00091113755,1
Signaling by Leptin,52,0.034612082,0.00066561694,1
"BMAL1:CLOCK,NPAS2 activates circadian gene expression",23,0.03459498,0.0015041295,1
Erythropoietin activates Phospholipase C gamma (PLCG),51,0.03459089,0.0006782527,1
Syndecan-4-mediated signaling events,90,0.034571853,0.0003841317,1
sumoylation as a mechanism to modulate ctbp-dependent gene responses,11,0.034564342,0.003142213,1
epo signaling pathway,37,0.034441777,0.00093085883,1
Pre-NOTCH Processing in Golgi,31,0.03441029,0.0011100094,1
ERBB2 Activates PTK6 Signaling,49,0.034371603,0.0007014613,1
Erythropoietin activates STAT5,53,0.034341294,0.00064794894,1
SHC-mediated cascade:FGFR4,47,0.034330837,0.00073044334,1
Sphingolipid de novo biosynthesis,57,0.0342849,0.0006014895,1
Role of phospholipids in phagocytosis,78,0.034276,0.0004394359,1
Porphyrin metabolism,61,0.03424852,0.00056145113,1
TGF-Core,73,0.03421574,0.00046870878,1
acetylation and deacetylation of rela in nucleus,56,0.034190312,0.00061054126,1
Vitamin A Deficiency,32,0.03416089,0.0010675278,1
Nephrin/Neph1 signaling in the kidney podocyte,61,0.03412567,0.0005594372,1
CASP8 activity is inhibited,58,0.034081317,0.0005876089,1
Nongenotropic Androgen signaling,47,0.034080554,0.00072511815,1
DNA methylation,55,0.0340203,0.0006185509,1
Osteoclast Signaling,55,0.033993267,0.00061805936,1
Class C/3 (Metabotropic glutamate/pheromone receptors),40,0.033908874,0.0008477218,1
4-Hydroxybutyric Aciduria/Succinic Semialdehyde Dehydrogenase Deficiency,31,0.033862107,0.001092326,1
G13 Signaling Pathway,38,0.033843618,0.0008906215,1
Cell Differentiation - Index expanded,39,0.033749986,0.0008653843,1
Follicle Stimulating Hormone (FSH) signaling pathway,36,0.033624917,0.0009340255,1
TP53 network,52,0.033598,0.00064611534,1
Acyl chain remodelling of PS,34,0.03357819,0.0009875939,1
role of -arrestins in the activation and targeting of map kinases,89,0.03356898,0.00037717953,1
Negative regulation of MAPK pathway,57,0.033533055,0.00058829924,1
IL-5 signaling,53,0.03351518,0.0006323619,1
Amplification and Expansion of Oncogenic Pathways as Metastatic Traits,57,0.033477876,0.0005873312,1
Assembly and cell surface presentation of NMDA receptors,47,0.033477426,0.00071228563,1
Rabeprazole Action Pathway,50,0.033472117,0.00066944235,1
Signaling by ERBB2 TMD/JMD mutants,68,0.033463165,0.0004921054,1
Signaling by ERBB2 in Cancer,71,0.0334155,0.00047064084,1
Activation of Matrix Metalloproteinases,49,0.03337283,0.0006810782,1
Activation of RAS in B cells,65,0.033335004,0.0005128462,1
Activation of BH3-only proteins,45,0.03331349,0.0007402998,1
Cleavage of the damaged pyrimidine ,30,0.03330629,0.0011102096,1
Starch and sucrose metabolism - Homo sapiens (human),47,0.033284027,0.0007081708,1
PTF1A related regulatory pathway,48,0.033277206,0.0006932751,1
Activation of ATR in response to replication stress,32,0.033277176,0.0010399118,1
Negative regulation of FGFR4 signaling,63,0.033245772,0.00052771065,1
Apoptosis - multiple species - Homo sapiens (human),45,0.033201005,0.00073780015,1
Rett syndrome causing genes,83,0.03316258,0.00039954914,1
Signalling to ERKs,65,0.033154815,0.0005100741,1
Signaling events mediated by the Hedgehog family,46,0.03313983,0.00072043104,1
Omeprazole Action Pathway,50,0.0330968,0.000661936,1
PI-3K cascade:FGFR2,57,0.033086013,0.00058045634,1
Dopamine Neurotransmitter Release Cycle,34,0.033052567,0.00097213435,1
Pyruvate Decarboxylase E1 Component Deficiency (PDHE1 Deficiency),49,0.03304664,0.00067442126,1
Insertion of tail-anchored proteins into the endoplasmic reticulum membrane,28,0.03299388,0.0011783529,1
Pyruvate metabolism - Homo sapiens (human),78,0.03295412,0.0004224887,1
Negative regulation of FGFR3 signaling,58,0.032943618,0.0005679934,1
corticosteroids and cardioprotection,62,0.032940853,0.0005313041,1
NAD Metabolism in Oncogene-Induced Senescence and Mitochondrial Dysfunction-Associated Senescence,46,0.032912757,0.00071549474,1
Syndecan-2-mediated signaling events,71,0.032836523,0.00046248623,1
Triacylglyceride synthesis,40,0.032776836,0.0008194209,1
Cleavage of the damaged purine,25,0.032730952,0.001309238,1
Glycosphingolipid biosynthesis - ganglioseries,42,0.03266811,0.00077781215,1
Ranitidine Action Pathway,50,0.032666843,0.0006533369,1
Glucagon signaling in metabolic regulation,47,0.032648202,0.0006946426,1
Telomere Maintenance,52,0.032630846,0.00062751625,1
NR1H2 & NR1H3 regulate gene expression linked to lipogenesis,24,0.032579187,0.0013574661,1
ucalpain and friends in cell spread,39,0.032563083,0.0008349508,1
Glucuronidation,76,0.03249782,0.00042760288,1
Mercaptopurine Action Pathway,54,0.032461952,0.00060114724,1
Inactivation of APC/C via direct inhibition of the APC/C complex,24,0.032398526,0.0013499386,1
Wnt-beta-catenin signaling pathway in leukemia,39,0.03236281,0.0008298157,1
Ornithine Transcarbamylase Deficiency (OTC Deficiency),34,0.032340255,0.00095118396,1
PINK1-PRKN Mediated Mitophagy,55,0.032324973,0.00058772677,1
Betazole Action Pathway,50,0.032321166,0.0006464233,1
valine degradation,46,0.032320555,0.0007026208,1
Interleukin-10 signaling,33,0.032310825,0.000979116,1
Binding and Uptake of Ligands by Scavenger Receptors,58,0.032305185,0.00055698596,1
Apoptotic cleavage of cellular proteins,47,0.032292157,0.00068706716,1
cystic fibrosis transmembrane conductance regulator (cftr) and beta 2 adrenergic receptor (b2ar) pathway,51,0.032186177,0.0006311015,1
PI-3K cascade:FGFR4,48,0.03209035,0.000668549,1
SARS-CoV-1 Infection,40,0.032078248,0.00080195616,1
IL-6-type cytokine receptor ligand interactions,49,0.032045815,0.00065399625,1
phospholipases,45,0.032041386,0.0007120308,1
RND1 GTPase cycle,56,0.032020237,0.00057179,1
VEGFR1 specific signals,45,0.032010708,0.0007113491,1
15q13.3 copy number variation syndrome,53,0.032006945,0.00060390466,1
TFAP2 (AP-2) family regulates transcription of other transcription factors,23,0.03199537,0.0013911031,1
glutathione redox reactions I,38,0.03195969,0.0008410445,1
Isovaleric acidemia,66,0.031907618,0.00048344876,1
HIV Transcription Elongation,32,0.031878635,0.0009962074,1
Regulation of Glucokinase by Glucokinase Regulatory Protein,36,0.031853355,0.0008848154,1
Regulation of APC/C activators between G1/S and early anaphase,39,0.031820126,0.0008159007,1
retinol biosynthesis,24,0.031815507,0.0013256461,1
Neurotoxicity of clostridium toxins,21,0.03175419,0.0015121042,1
phospholipids as signalling intermediaries,40,0.031703934,0.00079259835,1
Regulation by c-FLIP,58,0.03168,0.0005462069,1
SUMOylation of intracellular receptors,56,0.031677406,0.000565668,1
Serotonin Receptor 4-6-7 and NR3C Signaling,41,0.031634245,0.00077156693,1
Repression of WNT target genes,42,0.031611755,0.00075266085,1
Apoptotic execution phase,50,0.0315895,0.00063179,1
Tyrosine metabolism - Homo sapiens (human),50,0.031583063,0.00063166127,1
Nicotinate Nicotinamide metabolism,58,0.031571615,0.0005443382,1
Tat-mediated elongation of the HIV-1 transcript,32,0.031528212,0.0009852566,1
Glucagon-like Peptide-1 (GLP1) regulates insulin secretion,38,0.031411707,0.0008266239,1
Negative regulation of MET activity,58,0.03139204,0.0005412421,1
Pyruvate kinase deficiency,49,0.03137351,0.00064027566,1
RNA Polymerase I Transcription,48,0.031372152,0.0006535865,1
actions of nitric oxide in the heart,48,0.031353913,0.00065320655,1
Translation initiation complex formation,49,0.031320926,0.00063920254,1
FRS-mediated FGFR3 signaling,52,0.03127214,0.0006013873,1
Nectin/Necl  trans heterodimerization,34,0.031213937,0.000918057,1
APC/C:Cdc20 mediated degradation of mitotic proteins,48,0.031164648,0.0006492635,1
Vitamin D Metabolism,32,0.031143082,0.0009732213,1
ncRNAs involved in STAT3 signaling in hepatocellular carcinoma,40,0.03111188,0.00077779696,1
Plexin-D1 Signaling,42,0.03109927,0.0007404588,1
FCERI mediated Ca+2 mobilization,73,0.031057665,0.00042544748,1
growth hormone signaling pathway,42,0.031037726,0.00073899346,1
Urea Cycle,34,0.031004513,0.00091189746,1
Activation of G protein gated Potassium channels,48,0.030999688,0.00064582686,1
RAS processing,35,0.030993752,0.0008855358,1
Thioguanine Action Pathway,54,0.03098702,0.0005738337,1
Vitamin A (retinol) metabolism,52,0.030980755,0.00059578376,1
Gastric Cancer Network 2,33,0.03092504,0.0009371224,1
Carboxyterminal post-translational modifications of tubulin,28,0.03091781,0.0011042075,1
EPH-ephrin mediated repulsion of cells,55,0.030879283,0.0005614415,1
Xanthinuria type II,38,0.030877005,0.00081255275,1
Interleukin-38 signaling,25,0.030831331,0.0012332533,1
RND3 GTPase cycle,50,0.030807365,0.0006161473,1
protein citrullination,26,0.03080544,0.0011848246,1
tnf/stress related signaling,38,0.030805118,0.000810661,1
downregulated of mta-3 in er-negative breast tumors,29,0.03080464,0.0010622289,1
Transcriptional cascade regulating adipogenesis,24,0.030739544,0.0012808143,1
ERBB2 Regulates Cell Motility,51,0.030667612,0.0006013257,1
rRNA processing,46,0.030652603,0.00066636095,1
Sialic acid metabolism,78,0.030577917,0.00039202458,1
FGFR1 ligand binding and activation,35,0.030562392,0.0008732112,1
3-Phosphoglycerate dehydrogenase deficiency,51,0.030537779,0.00059878,1
Ibuprofen Action Pathway,41,0.03052217,0.00074444315,1
Glycerolipid Metabolism,38,0.030458981,0.00080155215,1
Vibrio cholerae infection - Homo sapiens (human),68,0.030393664,0.00044696566,1
JNK (c-Jun kinases) phosphorylation and  activation mediated by activated human TAK1,57,0.030382114,0.00053301954,1
Glyoxylate and dicarboxylate metabolism - Homo sapiens (human),44,0.030359745,0.0006899942,1
Histidine degradation,29,0.030295126,0.0010446595,1
"Parkinson,s disease pathway",77,0.030282231,0.00039327572,1
HSF1-dependent transactivation,32,0.03027879,0.0009462122,1
Recycling pathway of L1,35,0.030273948,0.0008649699,1
NAD+ metabolism,34,0.030267281,0.00089021417,1
Pirenzepine Action Pathway,50,0.03026246,0.0006052492,1
Interleukin-6 signaling,49,0.030226374,0.00061686477,1
Tumor suppressor activity of SMARCB1,59,0.030213572,0.00051209447,1
Azathioprine Action Pathway,54,0.030167978,0.00055866624,1
NRAGE signals death through JNK,51,0.030165333,0.00059147715,1
N-cadherin signaling events,71,0.030164076,0.00042484613,1
Serotonin Receptor 2 and STAT3 Signaling,31,0.030146591,0.0009724707,1
NOTCH2 intracellular domain regulates transcription,47,0.030124033,0.0006409369,1
One-carbon metabolism,52,0.030120432,0.0005792391,1
rho cell motility signaling pathway,56,0.030068751,0.000536942,1
Cdc20:Phospho-APC/C mediated degradation of Cyclin A,28,0.030066201,0.0010737929,1
Common Pathway of Fibrin Clot Formation,20,0.030051397,0.0015025699,1
"Unblocking of NMDA receptors, glutamate binding and activation",39,0.02998627,0.00076887873,1
Beta5 beta6 beta7 and beta8 integrin cell surface interactions,51,0.029965844,0.0005875656,1
Vitamin digestion and absorption - Homo sapiens (human),30,0.029913966,0.0009971322,1
Collagen degradation,48,0.029864125,0.0006221693,1
S1P1 pathway,57,0.029838424,0.0005234811,1
Homocarnosinosis,31,0.029807104,0.0009615195,1
Synthesis of IP3 and IP4 in the cytosol,45,0.02978123,0.0006618051,1
Cholesterol metabolism (includes both Bloch and Kandutsch-Russell pathways),37,0.029741189,0.0008038159,1
Activation of APC/C and APC/C:Cdc20 mediated degradation of mitotic proteins,49,0.029731775,0.0006067709,1
Adenylate cyclase activating pathway,27,0.02971579,0.0011005847,1
Galanin receptor pathway,39,0.029712988,0.0007618715,1
Regucalcin in proximal tubule epithelial kidney cells,38,0.029701063,0.00078160694,1
Postmitotic nuclear pore complex (NPC) reformation,34,0.029691106,0.0008732678,1
cell cycle: g2/m checkpoint,41,0.02968257,0.0007239651,1
Overview of nanoparticle effects,38,0.029649692,0.00078025507,1
"GPCRs, Class C Metabotropic glutamate, pheromone",40,0.029649457,0.00074123644,1
Non Ketotic Hyperglycinemia,51,0.029641442,0.0005812047,1
Fructose and mannose metabolism,20,0.02963974,0.001481987,1
SUMOylation of chromatin organization proteins,88,0.029633448,0.00033674372,1
stat3 signaling pathway,36,0.029590417,0.000821956,1
Vitamins,23,0.029588291,0.0012864474,1
Folate biosynthesis - Homo sapiens (human),30,0.029523224,0.0009841075,1
Global Genome Nucleotide Excision Repair (GG-NER),57,0.029519405,0.0005178843,1
Pre-NOTCH Processing in the Endoplasmic Reticulum,26,0.029500235,0.0011346245,1
Activated NTRK2 signals through FYN,41,0.02945905,0.0007185134,1
E-cadherin signaling in keratinocytes,47,0.029448837,0.000626571,1
Pyruvate Metabolism,49,0.029446546,0.0006009499,1
regulation of ck1/cdk5 by type 1 glutamate receptors,32,0.029362757,0.00091758615,1
Dopamine receptors,26,0.029349975,0.0011288451,1
Regulation of signaling by CBL,73,0.029310409,0.00040151246,1
BBSome-mediated cargo-targeting to cilium,26,0.02930314,0.0011270439,1
IGF signaling,50,0.029286094,0.00058572186,1
Regulation of apoptosis by parathyroid hormone-related protein,40,0.029218726,0.00073046813,1
eIF5A regulation in response to inhibition of the nuclear export system,30,0.029216612,0.00097388704,1
Isobutyryl-coa dehydrogenase deficiency,66,0.029204074,0.00044248597,1
Formation of the HIV-1 Early Elongation Complex,29,0.029194219,0.0010066972,1
triacylglycerol biosynthesis,38,0.029191213,0.0007681898,1
Base Excision Repair,52,0.029104155,0.0005596953,1
LDLRAD4 and what we know about it,23,0.02906538,0.0012637122,1
S-Adenosylhomocysteine (SAH) Hydrolase Deficiency,23,0.029006572,0.0012611554,1
Matrix Metalloproteinases,43,0.028975746,0.00067385455,1
Signaling by NTRK2 (TRKB),76,0.028954506,0.00038098035,1
Valdecoxib Action Pathway,20,0.028940799,0.0014470399,1
"Glycine, serine and threonine metabolism - Homo sapiens (human)",54,0.028925488,0.00053565716,1
Signal regulatory protein family interactions,81,0.028925186,0.00035710106,1
Metabolism of nitric oxide: NOS3 activation and regulation,22,0.028906075,0.0013139126,1
FOXO-mediated transcription of cell death genes,68,0.028881228,0.00042472393,1
Pyrimidine metabolism - Homo sapiens (human),40,0.028877847,0.0007219462,1
Regulation of TLR by endogenous ligand,35,0.028853934,0.0008243981,1
SUMOylation of ubiquitinylation proteins,44,0.028740762,0.00065319915,1
Negative regulation of NOTCH4 signaling,33,0.028720636,0.0008703223,1
Acyl chain remodelling of PC,45,0.02866438,0.0006369862,1
Glycerol Kinase Deficiency,38,0.02865492,0.0007540768,1
Basal transcription factors - Homo sapiens (human),36,0.02865361,0.00079593365,1
superpathway of tryptophan utilization,50,0.028644986,0.0005728997,1
Amino acids regulate mTORC1,43,0.028621722,0.0006656214,1
Pantoprazole Action Pathway,50,0.028615972,0.00057231943,1
PECAM1 interactions,73,0.028607894,0.00039188896,1
Synthesis of very long-chain fatty acyl-CoAs,31,0.028561998,0.0009213548,1
EPHA-mediated growth cone collapse,58,0.028560817,0.0004924279,1
Signaling events mediated by PRL,35,0.028552655,0.00081579015,1
Esomeprazole Action Pathway,50,0.028537609,0.0005707522,1
"Primary hyperoxaluria II, PH2",49,0.02851793,0.00058199855,1
C21-steroid hormone biosynthesis and metabolism,38,0.028491024,0.0007497638,1
RA biosynthesis pathway,35,0.028415909,0.00081188313,1
TLR ECSIT MEKK1 JNK,58,0.028411556,0.0004898544,1
Vitamin D (calciferol) metabolism,30,0.028394977,0.00094649923,1
FOXO-mediated transcription of cell cycle genes,57,0.028381797,0.00049792626,1
Scavenging by Class A Receptors,42,0.028294563,0.0006736801,1
Internalization of ErbB1,64,0.028276071,0.0004418136,1
A tetrasaccharide linker sequence is required for GAG synthesis,42,0.028242609,0.0006724431,1
Gap-filling DNA repair synthesis and ligation in TC-NER,44,0.028210482,0.0006411473,1
Glycolysis Gluconeogenesis,60,0.028201237,0.00047002063,1
Various types of N-glycan biosynthesis - Homo sapiens (human),44,0.028191302,0.0006407114,1
role of nicotinic acetylcholine receptors in the regulation of apoptosis,62,0.028185342,0.00045460227,1
Glycine and Serine Metabolism,51,0.028125018,0.00055147096,1
chondroitin sulfate biosynthesis (late stages),32,0.028124293,0.00087888417,1
RANKL,52,0.028122723,0.0005408216,1
SUMOylation of DNA replication proteins,38,0.028097473,0.0007394072,1
Mitochondrial Electron Transport Chain,39,0.02809643,0.00072042126,1
APC/C-mediated degradation of cell cycle proteins,60,0.028089616,0.0004681603,1
Regulation of RUNX1 Expression and Activity,37,0.02804961,0.00075809757,1
Hippo signaling pathway - multiple species - Homo sapiens (human),50,0.02804334,0.00056086684,1
Downregulation of TGF-beta receptor signaling,49,0.028018441,0.00057180494,1
pyruvate decarboxylation to acetyl CoA,41,0.028005233,0.00068305444,1
Negative regulation of FGFR1 signaling,63,0.027998675,0.0004444234,1
Hedgehog Signaling Pathway Netpath,30,0.027991757,0.00093305856,1
Purine Metabolism,38,0.02797701,0.0007362371,1
Glutamate Metabolism,31,0.027975285,0.0009024286,1
Attenuation phase,21,0.02797347,0.00133207,1
Cannabinoid receptor signaling,24,0.027971385,0.0011654744,1
NAD+ biosynthetic pathways,46,0.027950665,0.00060762314,1
Cimetidine Action Pathway,50,0.027913019,0.00055826036,1
amb2 Integrin signaling,53,0.027900241,0.00052641967,1
Disulfiram Action Pathway,43,0.027883913,0.0006484631,1
Phenylalanine degradation,28,0.027874382,0.0009955136,1
Influenza Viral RNA Transcription and Replication,33,0.027841931,0.0008436949,1
PI3K events in ERBB2 signaling,53,0.027833175,0.00052515423,1
superpathway of methionine degradation,53,0.027781384,0.00052417704,1
Sumoylation by RanBP2 regulates transcriptional repression,40,0.027772475,0.00069431186,1
Valine Leucine Isoleucine degradation,52,0.027765866,0.00053395896,1
Adenosine Deaminase Deficiency,38,0.027697546,0.0007288828,1
TPO signaling,24,0.027695104,0.0011539627,1
thrombin signaling and protease-activated receptors,60,0.02768221,0.00046137016,1
PLK1 signaling events,35,0.02767049,0.0007905854,1
Translation inhibitors in chronically activated PDGFRA cells,49,0.027650677,0.0005642995,1
PKA-mediated phosphorylation of CREB,36,0.02763774,0.00076771504,1
NR1H2 & NR1H3 regulate gene expression linked to gluconeogenesis ,26,0.027598213,0.0010614698,1
MFAP5 effect on permeability and motility of endothelial cells via cytoskeleton rearrangement,55,0.02755674,0.00050103164,1
igf-1 signaling pathway,34,0.027533466,0.0008098078,1
Nonhomologous End-Joining (NHEJ),32,0.027533432,0.00086041976,1
JNK signaling in the CD4+ TCR pathway,67,0.027517715,0.00041071218,1
Phenprocoumon Action Pathway,21,0.027505552,0.0013097882,1
Adenine phosphoribosyltransferase deficiency (APRT),38,0.027490877,0.0007234441,1
Defensins,43,0.027481513,0.000639105,1
PAR1-mediated thrombin signaling events,39,0.027416017,0.0007029748,1
il 3 signaling pathway,46,0.02740423,0.0005957441,1
chondroitin sulfate biosynthesis,42,0.027373891,0.0006517593,1
Ammonia Recycling,39,0.027351774,0.0007013275,1
NOTCH-Ncore,36,0.027350789,0.00075974414,1
Phospholipase C-mediated cascade: FGFR1,36,0.027321726,0.00075893686,1
Recruitment and ATM-mediated phosphorylation of repair and signaling proteins at DNA double strand breaks,71,0.027306775,0.00038460246,1
rRNA processing in the nucleus and cytosol,44,0.02727267,0.0006198334,1
PPAR signaling pathway - Homo sapiens (human),65,0.027271498,0.00041956152,1
Signaling by FGFR2 in disease,62,0.027257815,0.00043964217,1
RXR and RAR heterodimerization with other nuclear receptor,51,0.027254669,0.0005344053,1
Insulin-mediated glucose transport,43,0.027194189,0.000632423,1
SHC1 events in ERBB2 signaling,67,0.027137907,0.0004050434,1
Dual incision in TC-NER,52,0.027120149,0.00052154134,1
Transcription-Coupled Nucleotide Excision Repair (TC-NER),54,0.02710136,0.00050187705,1
Nuclear Receptors in Lipid Metabolism and Toxicity,42,0.027099127,0.0006452173,1
Linoleic acid metabolism - Homo sapiens (human),36,0.027042927,0.00075119245,1
RAS and bradykinin pathways in COVID-19,44,0.027020343,0.0006140987,1
Adenylosuccinate Lyase Deficiency,38,0.02701779,0.00071099447,1
Formation of the Early Elongation Complex,29,0.026999308,0.00093101064,1
Smooth Muscle Contraction,50,0.026992884,0.00053985766,1
Long-term potentiation,42,0.026983833,0.00064247224,1
RAB geranylgeranylation,52,0.02696358,0.0005185304,1
Lansoprazole Action Pathway,50,0.026960732,0.00053921464,1
Interleukin-15 signaling,38,0.026945794,0.00070909987,1
SUMOylation of SUMOylation proteins,36,0.0269442,0.00074845,1
Familial lipoprotein lipase deficiency,38,0.026913868,0.0007082597,1
Cargo concentration in the ER,41,0.026898094,0.00065605104,1
FRS-mediated FGFR1 signaling,57,0.026894085,0.00047182606,1
Tie2 Signaling,43,0.026881857,0.0006251595,1
Mitochondrial iron-sulfur cluster biogenesis,23,0.02687174,0.0011683366,1
Amino sugar and nucleotide sugar metabolism - Homo sapiens (human),68,0.026850285,0.00039485714,1
Signaling by FGFR3 point mutants in cancer,48,0.026818097,0.00055871037,1
DNA Damage Bypass,30,0.026816454,0.0008938818,1
Phospholipase C-mediated cascade; FGFR4,36,0.02681241,0.00074478914,1
Vpr-mediated nuclear import of PICs,34,0.026801301,0.0007882736,1
EGFR downregulation,34,0.026793294,0.0007880381,1
Methionine De Novo and Salvage Pathway,21,0.026793119,0.0012758628,1
ABC-family proteins mediated transport,44,0.026777012,0.0006085685,1
Leigh Syndrome,49,0.02674606,0.000545838,1
VEGFR2 mediated cell proliferation,43,0.02673351,0.00062170957,1
"Inactivation, recovery and regulation of the phototransduction cascade",39,0.026694566,0.00068447605,1
Vitamin B3 (nicotinate and nicotinamide) metabolism,67,0.026692629,0.00039839745,1
TP53 Regulates Transcription of Genes Involved in G2 Cell Cycle Arrest,29,0.026688488,0.0009202927,1
Mannose type O-glycan biosynthesis - Homo sapiens (human),40,0.026645802,0.00066614506,1
Regulation of cholesterol biosynthesis by SREBP (SREBF),29,0.02662829,0.0009182169,1
pdgf signaling pathway,40,0.026599493,0.0006649873,1
RHOBTB2 GTPase cycle,33,0.026592711,0.0008058397,1
Regulation of sister chromatid separation at the metaphase-anaphase transition,36,0.02658544,0.00073848444,1
NoRC negatively regulates rRNA expression,33,0.026572403,0.0008052243,1
APC:Cdc20 mediated degradation of cell cycle proteins prior to satisfation of the cell cycle checkpoint,28,0.0265526,0.00094830716,1
IL-9 signaling pathway,38,0.026485043,0.0006969748,1
Activated PKN1 stimulates transcription of AR (androgen receptor) regulated genes KLK2 and KLK3,44,0.026484981,0.0006019314,1
Retinol Metabolism,32,0.026482664,0.00082758325,1
Metiamide Action Pathway,50,0.026482511,0.00052965025,1
Cooperation of PDCL (PhLP1) and TRiC/CCT in G-protein beta folding,36,0.026448274,0.0007346743,1
Steroid biosynthesis - Homo sapiens (human),35,0.02644631,0.0007556089,1
Serotonin Neurotransmitter Release Cycle,31,0.02644508,0.0008530671,1
HS-GAG degradation,51,0.02643409,0.0005183155,1
Phase 0 - rapid depolarisation,31,0.02636753,0.0008505655,1
skeletal muscle hypertrophy is regulated via akt-mtor pathway,30,0.026367147,0.0008789049,1
Synthesis of Leukotrienes (LT) and Eoxins (EX),36,0.026362302,0.00073228613,1
Negative epigenetic regulation of rRNA expression,44,0.026325721,0.00059831183,1
Recognition and association of DNA glycosylase with site containing an affected purine,25,0.026214022,0.0010485608,1
FasL/ CD95L signaling,51,0.026205119,0.00051382586,1
ATM Signaling Network in Development and Disease,38,0.026169922,0.00068868214,1
Nizatidine Action Pathway,50,0.026169203,0.0005233841,1
RNA Polymerase I Promoter Escape,32,0.026103405,0.0008157314,1
Meiosis,26,0.026079344,0.0010030516,1
Acyl chain remodelling of PE,34,0.02606271,0.0007665503,1
Type 2 papillary renal cell carcinoma,84,0.026035415,0.0003099454,1
Transcriptional activity of SMAD2/SMAD3:SMAD4 heterotrimer,38,0.026022602,0.00068480533,1
Mitochondrial translation elongation,31,0.025965389,0.00083759316,1
Glucagon-type ligand receptors,39,0.025934111,0.00066497724,1
Hyperinsulinism-Hyperammonemia Syndrome,31,0.02592248,0.000836209,1
Elastic fibre formation,59,0.025902027,0.0004390174,1
Farnesoid X receptor pathway,37,0.025895603,0.0006998812,1
Caloric restriction and aging,19,0.025892096,0.0013627419,1
"POU5F1 (OCT4), SOX2, NANOG activate genes related to proliferation",33,0.025871072,0.00078397186,1
Sarcosinemia,51,0.025869789,0.0005072508,1
2-aminoadipic 2-oxoadipic aciduria,34,0.025867276,0.00076080224,1
Dimethylglycine Dehydrogenase Deficiency,51,0.02586658,0.00050718785,1
Interleukin-27 signaling,42,0.02584254,0.0006152986,1
proteasome complex,64,0.02583542,0.00040367842,1
Methionine Cysteine metabolism,38,0.025826743,0.0006796511,1
FGF23 signaling in hypophosphatemic rickets and related disorders,49,0.025825547,0.000527052,1
3-phosphoinositide biosynthesis,32,0.025802542,0.0008063294,1
il 4 signaling pathway,48,0.025742004,0.00053629174,1
"Hyperglycinemia, non-ketotic",51,0.025735224,0.0005046122,1
Negative regulation of NMDA receptor-mediated neuronal transmission,37,0.025724523,0.0006952574,1
ErbB receptor signaling network,54,0.025609791,0.0004742554,1
Tyrosinemia Type I,36,0.025586022,0.0007107228,1
Tamoxifen metabolism,31,0.025575718,0.00082502316,1
Inhibition of the proteolytic activity of APC/C required for the onset of anaphase by mitotic spindle checkpoint components,24,0.025568027,0.0010653344,1
"Gamma carboxylation, hypusine formation and arylsulfatase activation",53,0.025567323,0.00048240233,1
Prostaglandin formation from arachidonate,47,0.025558759,0.0005438034,1
Pausing and recovery of HIV elongation,25,0.025558619,0.0010223448,1
Signal attenuation,52,0.025549946,0.0004913451,1
Type I interferon induction and signaling during SARS-CoV-2 infection,37,0.025514636,0.00068958476,1
Platelet sensitization by LDL,31,0.025503082,0.0008226801,1
Signaling by BMP,38,0.025485171,0.0006706624,1
BMP Signaling Pathway in Eyelid Development,46,0.025470244,0.00055370096,1
APC-Cdc20 mediated degradation of Nek2A,25,0.025419768,0.0010167907,1
Export of Viral Ribonucleoproteins from Nucleus,29,0.025368698,0.0008747827,1
Propanoate metabolism - Homo sapiens (human),44,0.02534419,0.0005760043,1
Differentiation of white and brown adipocyte,47,0.025335582,0.0005390549,1
SHC-mediated cascade:FGFR2,56,0.025300698,0.00045179817,1
Vasopressin-regulated water reabsorption - Homo sapiens (human),44,0.025300687,0.0005750156,1
LPA4-mediated signaling events,33,0.02517424,0.00076285575,1
FGFR2 mutant receptor activation,44,0.025169969,0.00057204475,1
Phospholipase C-mediated cascade; FGFR3,31,0.02514076,0.00081099226,1
Famotidine Action Pathway,50,0.025124967,0.00050249934,1
triacylglycerol degradation,34,0.02511853,0.0007387803,1
Signaling by PDGFR in disease,44,0.025116567,0.00057083106,1
Cell-extracellular matrix interactions,39,0.025026118,0.00064169534,1
"Base-Excision Repair, AP Site Formation",30,0.025019685,0.00083398947,1
Joubert syndrome,48,0.025003657,0.0005209095,1
Switching of origins to a post-replicative state,33,0.024982253,0.00075703795,1
Hematopoietic Stem Cell Gene Regulation by GABP alpha-beta Complex,48,0.024954129,0.0005198777,1
Formation of TC-NER Pre-Incision Complex,28,0.024904573,0.00088944903,1
Carbohydrate digestion and absorption - Homo sapiens (human),37,0.024896076,0.00067286694,1
"PTK6 Regulates RHO GTPases, RAS GTPase and MAP kinases",38,0.024885833,0.0006548904,1
Signaling by NODAL,36,0.024874095,0.00069094705,1
aspirin blocks signaling pathway involved in platelet activation,28,0.024862336,0.0008879406,1
MFAP5-mediated ovarian cancer cell motility and invasiveness,33,0.024837844,0.00075266196,1
RUNX2 regulates bone development,81,0.024823816,0.00030646686,1
Ganglio Sphingolipid Metabolism,24,0.024819868,0.0010341612,1
SHC1 events in ERBB4 signaling,53,0.024776919,0.00046748904,1
EPHA2 forward signaling,30,0.024760367,0.0008253456,1
SARS coronavirus and innate immunity,36,0.024759576,0.000687766,1
Streptokinase Action Pathway,21,0.024746854,0.0011784217,1
Glycosphingolipid biosynthesis - globoseries,26,0.024689501,0.0009495962,1
FTO Obesity Variant Mechanism,20,0.024673147,0.0012336574,1
FOXA2 and FOXA3 transcription factor networks,41,0.024660107,0.00060146605,1
AMPK inhibits chREBP transcriptional activation activity,11,0.024639878,0.002239989,1
Eicosanoid metabolism via cyclooxygenases (COX),36,0.024625324,0.00068403676,1
WNT-Core,60,0.024579674,0.00040966124,1
activation of pkc through g-protein coupled receptors,40,0.024553286,0.00061383215,1
rRNA modification in the nucleus and cytosol,44,0.024544468,0.0005578288,1
hypoxia and p53 in the cardiovascular system,50,0.024541413,0.00049082824,1
CHL1 interactions,34,0.024539236,0.0007217422,1
Signal transduction by L1,31,0.02453703,0.00079151714,1
NR1H3 & NR1H2 regulate gene expression linked to cholesterol transport and efflux,39,0.02453323,0.0006290572,1
SHC-mediated cascade:FGFR1,47,0.024530292,0.0005219211,1
Organic cation/anion/zwitterion transport,29,0.024491025,0.00084451813,1
Chondroitin sulfate biosynthesis,28,0.024454227,0.00087336526,1
Signaling by WNT in cancer,11,0.024450827,0.0022228025,1
IL-10 Anti-inflammatory Signaling Pathway,42,0.024447294,0.0005820784,1
Translocation of SLC2A4 (GLUT4) to the plasma membrane,40,0.024419302,0.00061048253,1
Lumiracoxib Action Pathway,20,0.024419136,0.0012209568,1
FLT3 signaling through SRC family kinases,39,0.024404818,0.00062576454,1
fc epsilon receptor i signaling in mast cells,61,0.02439685,0.00039994836,1
GPCR GroupI metabotropic glutamate receptor,48,0.024396181,0.00050825375,1
IL8- and CXCR1-mediated signaling events,55,0.02438922,0.00044344037,1
Dopamine beta-hydroxylase deficiency,36,0.02436687,0.00067685754,1
Beta defensins,39,0.024352187,0.00062441506,1
Dermatan sulfate biosynthesis,20,0.024348147,0.0012174074,1
Nef and signal transduction,40,0.024303537,0.00060758844,1
Gout or Kelley-Seegmiller Syndrome,38,0.024292191,0.0006392682,1
CREB1 phosphorylation through the activation of Adenylate Cyclase,26,0.024219906,0.00093153486,1
Activated point mutants of FGFR2,44,0.02416676,0.0005492445,1
Myoadenylate deaminase deficiency,38,0.024152664,0.00063559646,1
sprouty regulation of tyrosine kinase signals,79,0.024140498,0.00030557593,1
RNA Polymerase II Transcription Pre-Initiation And Promoter Opening,34,0.024140282,0.00071000826,1
Reactions specific to the complex N-glycan synthesis pathway,24,0.024108458,0.001004519,1
Regulation of RUNX2 expression and activity,41,0.024057169,0.00058676023,1
Trisalicylate-choline Action Pathway,20,0.024036996,0.0012018498,1
Bile acid and bile salt metabolism,52,0.02402962,0.0004621081,1
Formation of HIV elongation complex in the absence of HIV Tat,32,0.023977824,0.000749307,1
il22 soluble receptor signaling pathway,39,0.023966687,0.0006145304,1
role of mitochondria in apoptotic signaling,24,0.023960706,0.0009983628,1
RNA Polymerase I Transcription Termination,43,0.023921683,0.0005563182,1
Diflunisal Action Pathway,20,0.023908677,0.0011954338,1
FGFR4 ligand binding and activation,35,0.023866132,0.0006818895,1
Xanthine Dehydrogenase Deficiency (Xanthinuria),38,0.023850031,0.0006276324,1
Robo4 and VEGF Signaling Pathways Crosstalk,25,0.023845363,0.00095381454,1
Methylation,22,0.02381779,0.0010826269,1
NAD salvage,21,0.023804085,0.0011335278,1
Surfactant metabolism,30,0.023792932,0.0007930977,1
Constitutive Androstane Receptor Pathway,36,0.023785738,0.0006607149,1
Myogenesis,47,0.023782382,0.0005060081,1
Assembly of active LPL and LIPC lipase complexes,38,0.0237813,0.0006258237,1
Genes targeted by miRNAs in adipocytes,37,0.023748243,0.0006418444,1
il-10 anti-inflammatory signaling pathway,38,0.023719158,0.0006241884,1
RNA Polymerase II Transcription Initiation,34,0.023711596,0.0006973999,1
Effects of nitric oxide,43,0.023640176,0.00054977153,1
D-glyceric acidura,38,0.023610372,0.00062132557,1
isoleucine degradation,42,0.023590878,0.0005616876,1
Phosphatidylinositol Phosphate Metabolism,48,0.023507336,0.00048973615,1
Visual signal transduction: Cones,29,0.023496373,0.00081021973,1
tRNA modification in the nucleus and cytosol,44,0.023399245,0.000531801,1
regulation of bad phosphorylation,35,0.023364222,0.0006675492,1
DNA Replication Pre-Initiation,25,0.023344807,0.00093379227,1
mRNA Capping,26,0.023334747,0.0008974903,1
g-protein signaling through tubby proteins,37,0.02332411,0.00063038134,1
chromatin remodeling by hswi/snf atp-dependent complexes,33,0.02330578,0.00070623576,1
L-kynurenine degradation,22,0.023288546,0.0010585702,1
RNA Polymerase I Promoter Clearance,37,0.023252057,0.00062843395,1
Nicotinamide salvaging,42,0.023245309,0.00055345974,1
Fanconi anemia pathway,32,0.02319878,0.00072496186,1
H19 action Rb-E2F1 signaling and CDK-Beta-catenin activity,29,0.02313473,0.0007977493,1
FOXM1 transcription factor network,60,0.023131598,0.00038552663,1
Lepirudin Action Pathway,21,0.023121845,0.0011010403,1
"ERK Pathway in Huntington,s Disease",27,0.023114076,0.0008560769,1
TCA cycle,75,0.02311021,0.00030813614,1
"Tyrosinemia, transient, of the newborn",36,0.023093313,0.0006414809,1
Regulation of cytoplasmic and nuclear SMAD2/3 signaling,23,0.02307382,0.0010032096,1
Glycosphingolipid biosynthesis - ganglio series - Homo sapiens (human),45,0.023050593,0.0005122354,1
Fructose and mannose metabolism - Homo sapiens (human),29,0.023013815,0.00079357985,1
Globo Sphingolipid Metabolism,43,0.022932919,0.0005333237,1
Nucleotide excision repair - Homo sapiens (human),39,0.022929396,0.00058793323,1
AICA-Ribosiduria,38,0.022900125,0.00060263486,1
Circadian rhythm pathway,24,0.022887448,0.00095364364,1
NAD biosynthesis from 2-amino-3-carboxymuconate semialdehyde,17,0.022848735,0.0013440432,1
Association of TriC/CCT with target proteins during biosynthesis,34,0.022827439,0.0006713953,1
FGFR1c ligand binding and activation,30,0.02281074,0.000760358,1
glycine cleavage,27,0.022764657,0.0008431354,1
Mitochondrial translation,32,0.022634333,0.0007073229,1
2-Hydroxyglutric Aciduria (D And L Form),31,0.022596056,0.000728905,1
cdk regulation of dna replication,16,0.022564217,0.0014102636,1
NEP/NS2 Interacts with the Cellular Export Machinery,29,0.02249932,0.0007758386,1
Trafficking of GluR2-containing AMPA receptors,17,0.02246063,0.0013212136,1
Mitochondrial DNA depletion syndrome,38,0.022442864,0.0005906017,1
Inositol transporters,17,0.022408271,0.0013181336,1
Reteplase Action Pathway,21,0.022394627,0.0010664108,1
Activated NOTCH1 Transmits Signal to the Nucleus,32,0.022366375,0.0006989492,1
Inhibition of nitric oxide production,32,0.022352647,0.0006985202,1
TNFR1-mediated ceramide production,19,0.022340972,0.0011758406,1
MET promotes cell motility,24,0.022309104,0.000929546,1
Insulin receptor recycling,42,0.022305116,0.0005310742,1
S1P2 pathway,43,0.022301748,0.00051864533,1
Dimerization of procaspase-8,57,0.022296024,0.00039115833,1
"Glutamate binding, activation of AMPA receptors and synaptic plasticity",33,0.022216333,0.00067322224,1
The phototransduction cascade,39,0.02218882,0.0005689441,1
Acyl chain remodelling of PI,25,0.022182563,0.0008873025,1
guanosine nucleotides degradation,9,0.022181684,0.0024646316,1
NAD <i>de novo</i> biosynthesis,33,0.022177525,0.0006720462,1
Vitamin B9 (folate) metabolism,16,0.022169195,0.0013855747,1
GRB2:SOS provides linkage to MAPK signaling for Integrins ,21,0.022147704,0.0010546526,1
Butanoate metabolism,30,0.02213708,0.00073790265,1
Zinc transporters,35,0.022130432,0.00063229806,1
TP53 regulates transcription of several additional cell death genes whose specific roles in p53-dependent apoptosis remain uncertain,31,0.022099087,0.00071287376,1
FGFR2c ligand binding and activation,43,0.02209743,0.0005138937,1
RUNX1 regulates transcription of genes involved in BCR signaling,34,0.022094604,0.00064984127,1
Aprotinin Action Pathway,21,0.022084698,0.0010516522,1
PKA activation,35,0.022076877,0.0006307679,1
tsp-1 induced apoptosis in microvascular endothelial cell,35,0.022069117,0.0006305462,1
erk1/erk2 mapk signaling pathway,30,0.02203336,0.00073444535,1
Signalling to RAS,44,0.021975756,0.000499449,1
G-protein beta:gamma signalling,23,0.021955132,0.000954571,1
Biosynthesis of DHA-derived SPMs,23,0.021945685,0.00095416023,1
TGF-beta signaling TAK1,38,0.021927439,0.00057703786,1
Renin-angiotensin system - Homo sapiens (human),83,0.021917742,0.00026406918,1
Lysine metabolism,41,0.02190616,0.00053429656,1
bcr signaling pathway,62,0.021857932,0.0003525473,1
2-oxobutanoate degradation,30,0.021857481,0.00072858273,1
Molybdenum Cofactor Deficiency,38,0.021833308,0.0005745607,1
Fluoropyrimidine Activity,31,0.021830663,0.00070421497,1
Vitamin E metabolism,26,0.02179664,0.0008383323,1
EGF,41,0.021796051,0.00053161103,1
Gastric Acid Production,50,0.02176059,0.0004352118,1
Dihydropyrimidine Dehydrogenase Deficiency (DHPD),51,0.021755217,0.00042657286,1
BMP2-WNT4-FOXO1 pathway in primary endometrial stromal cell differentiation,20,0.021724392,0.0010862196,1
Nepafenac Action Pathway,20,0.021690153,0.0010845077,1
Mitochondrial Fatty Acid Beta-Oxidation,26,0.02168828,0.0008341646,1
Tat-mediated HIV elongation arrest and recovery,25,0.021529518,0.0008611807,1
how does salmonella hijack a cell,27,0.021510933,0.00079670124,1
how progesterone initiates the oocyte maturation,32,0.021502433,0.00067195104,1
IL-10 signaling,33,0.021494785,0.0006513571,1
TFAP2 (AP-2) family regulates transcription of cell cycle factors,19,0.02143956,0.0011283979,1
Regulation of TNFR1 signaling,32,0.021388736,0.000668398,1
Host-pathogen interaction of human coronaviruses - MAPK signaling,41,0.021383554,0.0005215501,1
PI-3K cascade:FGFR1,48,0.021367943,0.00044516547,1
ISG15 antiviral mechanism,36,0.02134129,0.0005928136,1
Nuclear import of Rev protein,35,0.021296483,0.00060847093,1
Prolidase Deficiency (PD),27,0.02124948,0.0007870178,1
RHOBTB GTPase Cycle,41,0.021242794,0.0005181169,1
Hawkinsinuria,36,0.021242233,0.000590062,1
Alkaptonuria,36,0.0212131,0.00058925274,1
Lamivudine Metabolism Pathway,23,0.021198709,0.000921683,1
E-cadherin signaling in the nascent adherens junction,38,0.021197436,0.0005578273,1
Acetylsalicylic Acid Action Pathway,20,0.02113765,0.0010568824,1
"Creatine deficiency, guanidinoacetate methyltransferase deficiency",27,0.021134868,0.0007827729,1
Xanthinuria type I,38,0.021109756,0.0005555199,1
Signaling by activated point mutants of FGFR3,30,0.021103363,0.00070344546,1
Hypermethioninemia,23,0.02107314,0.0009162235,1
RHO GTPases Activate WASPs and WAVEs,52,0.021036759,0.00040455305,1
MAP3K1 role in promoting and blocking gonadal determination,46,0.021007663,0.0004566883,1
"Formation of the ternary complex, and subsequently, the 43S complex",40,0.020922972,0.0005230743,1
RNA Polymerase II Transcription Initiation And Promoter Clearance,34,0.020918548,0.0006152514,1
Suppression of phagosomal maturation,36,0.020916712,0.0005810198,1
Glutaric Aciduria Type I,44,0.020903084,0.0004750701,1
Fenoprofen Action Pathway,20,0.020845834,0.0010422918,1
Base excision repair - Homo sapiens (human),20,0.020764923,0.0010382461,1
Acetaminophen Metabolism Pathway,31,0.020762678,0.00066976383,1
Indomethacin Action Pathway,25,0.020760063,0.00083040254,1
Guanidinoacetate Methyltransferase Deficiency (GAMT Deficiency),27,0.020736227,0.0007680084,1
Phenylbutazone Action Pathway,20,0.020718591,0.0010359295,1
Signal amplification,38,0.020717504,0.00054519746,1
PKA activation in glucagon signalling,34,0.02070452,0.0006089565,1
PI3K events in ERBB4 signaling,43,0.020669185,0.00048067872,1
RHO GTPases Activate NADPH Oxidases,54,0.020666804,0.0003827186,1
Protein export - Homo sapiens (human),32,0.020619972,0.0006443741,1
Signaling by high-kinase activity BRAF mutants,36,0.020613639,0.0005726011,1
Translesion synthesis by Y family DNA polymerases bypasses lesions on DNA template,24,0.02058897,0.00085787376,1
"mRNA decay by 5, to 3, exoribonuclease",44,0.020581027,0.00046775062,1
G protein gated Potassium channels,48,0.020550793,0.00042814153,1
Gastrin-CREB signalling pathway via PKC and MAPK,28,0.020538853,0.0007335305,1
RUNX2 regulates osteoblast differentiation,73,0.020518733,0.00028107854,1
EGR2 and SOX10-mediated initiation of Schwann cell myelination,28,0.020518674,0.00073280977,1
HuR (ELAVL1) binds and stabilizes mRNA,35,0.020500228,0.0005857208,1
Formation of Incision Complex in GG-NER,41,0.02049609,0.0004999047,1
Hyperprolinemia Type II,27,0.020480929,0.0007585529,1
Presynaptic depolarization and calcium channel opening,37,0.02047881,0.00055348134,1
Tenoxicam Action Pathway,20,0.020455774,0.0010227887,1
Warfarin Action Pathway,21,0.020416733,0.0009722254,1
TRAF6-mediated induction of TAK1 complex within TLR4 complex,49,0.020410713,0.00041654517,1
Metal ion SLC transporters,44,0.020380873,0.00046320166,1
pertussis toxin-insensitive ccr5 signaling in macrophage,48,0.020373411,0.00042444607,1
Pausing and recovery of Tat-mediated HIV elongation,25,0.02035549,0.0008142196,1
Glycine N-methyltransferase Deficiency,23,0.020341106,0.0008843959,1
Mercaptopurine Metabolism Pathway,24,0.020323176,0.000846799,1
Pentose phosphate pathway,30,0.020318503,0.00067728345,1
Mitochondrial CII Assembly,32,0.020299403,0.00063435634,1
Glutathione conjugation,20,0.020273289,0.0010136644,1
sphingomyelin metabolism/ceramide salvage,15,0.020270962,0.0013513975,1
Rap1 signalling,66,0.020261554,0.00030699326,1
Bivalirudin Action Pathway,21,0.0202596,0.00096474285,1
VEGF ligand-receptor interactions,20,0.020255312,0.0010127656,1
"NAD metabolism, sirtuins and aging",26,0.020238787,0.0007784149,1
Transfer of Acetyl Groups into Mitochondria,20,0.02023623,0.0010118114,1
Heparin Action Pathway,21,0.020200009,0.00096190517,1
gamma-aminobutyric acid receptor life cycle pathway,21,0.020188294,0.00096134737,1
Pentose and glucuronate interconversions - Homo sapiens (human),61,0.02018639,0.00033092443,1
RAF-independent MAPK1/3 activation,25,0.020139273,0.0008055709,1
"Homocystinuria-megaloblastic anemia due to defect in cobalamin metabolism, cblG complementation type",23,0.020083841,0.0008732105,1
RNA Polymerase II HIV Promoter Escape,34,0.02008163,0.00059063616,1
GP1b-IX-V activation signalling,14,0.020064365,0.0014331689,1
Wnt signaling in kidney disease,49,0.020062767,0.0004094442,1
ERKs are inactivated,17,0.020040873,0.0011788749,1
VEGF binds to VEGFR leading to receptor dimerization,20,0.020011991,0.0010005996,1
Acenocoumarol Action Pathway,21,0.019980194,0.0009514378,1
Serotonin Transporter Activity,23,0.019953959,0.0008675634,1
Osteoblast Signaling,44,0.019952193,0.00045345892,1
RNA Polymerase II Promoter Escape,34,0.019928854,0.00058614276,1
Biosynthesis of specialized proresolving mediators (SPMs),24,0.019917024,0.000829876,1
Propanoate metabolism,33,0.019907607,0.0006032608,1
BMP2 signaling TAK1,35,0.019848736,0.00056710676,1
superoxide radicals degradation,30,0.019841928,0.0006613976,1
HIV Transcription Initiation,34,0.019839784,0.00058352307,1
Acetylcholine Neurotransmitter Release Cycle,23,0.019813532,0.0008614579,1
role of erk5 in neuronal survival pathway,37,0.019803748,0.00053523644,1
EV release from cardiac cells and their functional effects,36,0.019801319,0.0005500366,1
FSH,19,0.01979912,0.001042059,1
Bromfenac Action Pathway,20,0.019769832,0.0009884916,1
TBC/RABGAPs,22,0.019764278,0.0008983763,1
Selenoamino Acid Metabolism,26,0.019752044,0.000759694,1
p130Cas linkage to MAPK signaling for integrins,29,0.019744312,0.00068083836,1
Viral Messenger RNA Synthesis,33,0.019735029,0.00059803115,1
RNA Polymerase I Transcription Initiation,35,0.019699965,0.00056285615,1
Dihydropyrimidinase Deficiency,20,0.019691277,0.0009845638,1
putrescine degradation III,8,0.019687768,0.002460971,1
VEGFR3 signaling in lymphatic endothelium,33,0.019666709,0.0005959609,1
"D-<i>myo</i>-inositol (1,4,5)-trisphosphate biosynthesis",24,0.01962755,0.0008178146,1
Signaling by activated point mutants of FGFR1,30,0.01955965,0.0006519883,1
Mucopolysaccharidosis VI. Sly syndrome,19,0.01955918,0.0010294305,1
NGF,23,0.019548446,0.00084993243,1
Activation and oligomerization of BAK protein,15,0.01947678,0.001298452,1
MTOR signalling,25,0.019460805,0.0007784322,1
role of pi3k subunit p85 in regulation of actin organization and cell migration,30,0.019460378,0.00064867927,1
Dicumarol Action Pathway,21,0.019445024,0.00092595356,1
Signaling by FLT3 fusion proteins,31,0.019429637,0.0006267625,1
"Regulation of glycolysis by fructose 2,6-bisphosphate metabolism",24,0.019421494,0.0008092289,1
Ascorbate and aldarate metabolism - Homo sapiens (human),57,0.019392831,0.00034022512,1
Striated Muscle Contraction Pathway,17,0.019377355,0.0011398444,1
COPI-independent Golgi-to-ER retrograde traffic,31,0.019317824,0.0006231556,1
Rofecoxib Action Pathway,20,0.019267056,0.0009633528,1
intrinsic prothrombin activation pathway,24,0.019266117,0.0008027549,1
DARPP-32 events,35,0.01924883,0.0005499666,1
Methionine Metabolism,23,0.019242099,0.000836613,1
Synthesis of PC,28,0.01919903,0.00068567967,1
Ribosomal scanning and start codon recognition,44,0.019197747,0.00043631243,1
Retrograde transport at the Trans-Golgi-Network,39,0.019194158,0.0004921579,1
ACE Inhibitor Pathway,19,0.019191237,0.0010100651,1
Interleukin-18 signaling,19,0.019185595,0.0010097682,1
MAPK Cascade,35,0.019173209,0.000547806,1
Regulation of localization of FOXO transcription factors,22,0.01916803,0.0008712741,1
Unfolded protein response,27,0.019164918,0.00070981175,1
RHOV GTPase cycle,25,0.019146655,0.0007658662,1
melanocyte development and pigmentation pathway,33,0.019133307,0.0005797972,1
Negative regulation of TCF-dependent signaling by WNT ligand antagonists,38,0.019127963,0.00050336745,1
Galactose metabolism - Homo sapiens (human),46,0.019125232,0.0004157659,1
Signaling by Ligand-Responsive EGFR Variants in Cancer,25,0.01910716,0.0007642864,1
RNA Polymerase III Transcription Initiation,24,0.019069761,0.0007945734,1
Anistreplase Action Pathway,21,0.019060742,0.0009076544,1
Diclofenac Action Pathway,20,0.019057373,0.0009528686,1
Small interfering RNA (siRNA) biogenesis,12,0.019052995,0.0015877496,1
Arginine and Proline Metabolism,27,0.019018866,0.00070440245,1
Initial triggering of complement,46,0.018983576,0.00041268644,1
Alanine Aspartate Asparagine metabolism,29,0.018959695,0.0006537826,1
Suprofen Action Pathway,20,0.018913742,0.0009456871,1
Fondaparinux Action Pathway,21,0.018906012,0.0009002863,1
Muscarinic acetylcholine receptors,27,0.018898712,0.0006999523,1
Biosynthesis of D-series resolvins,15,0.01887961,0.0012586407,1
RHOU GTPase cycle,26,0.018868892,0.0007257266,1
IL-3 signaling,35,0.018864078,0.00053897366,1
Ethanol effects on histone modifications,30,0.01885228,0.0006284093,1
Tenecteplase Action Pathway,21,0.018851822,0.00089770585,1
links between pyk2 and map kinases,40,0.018842062,0.00047105155,1
Phenylalanine metabolism - Homo sapiens (human),25,0.0188291,0.000753164,1
SARS-CoV-2 mitochondrial interactions,24,0.018828247,0.0007845103,1
Signaling by Activin,30,0.018817428,0.0006272476,1
SHC-mediated cascade:FGFR3,42,0.018770237,0.0004469104,1
Tay-Sachs Disease,44,0.018725723,0.0004255846,1
Serotonin receptors,39,0.0187111,0.00047977178,1
ahr signal transduction pathway,11,0.018709531,0.0017008665,1
Putative anti-Inflammatory metabolites formation from EPA,29,0.01869566,0.0006446779,1
ATM pathway,16,0.01869184,0.00116824,1
Ketoprofen Action Pathway,20,0.018671453,0.00093357265,1
Mitochondrial protein import,34,0.018668514,0.0005490739,1
RNA Pol II CTD phosphorylation and interaction with CE during HIV infection,26,0.018664846,0.0007178787,1
Porphyrin and chlorophyll metabolism - Homo sapiens (human),51,0.018648101,0.00036564903,1
regulation of eif-4e and p70s6 kinase,32,0.018635632,0.0005823635,1
Reduction of cytosolic Ca++ levels,23,0.018630415,0.00081001804,1
Somatic sex determination,37,0.018630415,0.00050352473,1
Lornoxicam Action Pathway,20,0.018603563,0.00093017815,1
Mitochondrial translation termination,30,0.01860019,0.00062000635,1
gata3 participate in activating the th2 cytokine genes expression,54,0.018585144,0.00034416933,1
tgf beta signaling pathway,50,0.018555835,0.0003711167,1
IFN alpha signaling,24,0.018515946,0.0007714978,1
LGI-ADAM interactions,34,0.018509375,0.0005443934,1
Purine Nucleoside Phosphorylase Deficiency,38,0.018504197,0.00048695254,1
pyrimidine deoxyribonucleotides biosynthesis from CTP,6,0.018491387,0.003081898,1
Depurination,25,0.018469108,0.00073876436,1
Deposition of new CENPA-containing nucleosomes at the centromere,45,0.01846218,0.00041027064,1
Glutamate Glutamine metabolism,36,0.018451719,0.00051254773,1
Degradation of AXIN,14,0.018425884,0.0013161346,1
Gap junction assembly,10,0.018401293,0.0018401293,1
Condensation of Prophase Chromosomes,34,0.01839248,0.00054095534,1
Threonine and 2-Oxobutanoate Degradation,30,0.01838239,0.0006127463,1
cardiac protection against ros,18,0.018317115,0.0010176175,1
Fatty acid degradation - Homo sapiens (human),35,0.01829821,0.000522806,1
Energy dependent regulation of mTOR by LKB1-AMPK,20,0.018288508,0.0009144254,1
Endogenous TLR signaling,28,0.018276084,0.0006527173,1
il-7 signal transduction,49,0.018270997,0.0003728775,1
Gluconeogenesis,39,0.018267477,0.00046839684,1
Lissencephaly gene (LIS1) in neuronal migration and development,25,0.018267414,0.00073069654,1
"POU5F1 (OCT4), SOX2, NANOG repress genes related to differentiation",51,0.018264182,0.0003581212,1
lissencephaly gene (lis1) in neuronal migration and development,19,0.018253135,0.0009606913,1
Inhibition of exosome biogenesis and secretion by Manumycin A in CRPC cells,29,0.018216936,0.0006281702,1
Tiaprofenic Acid Action Pathway,20,0.01821339,0.00091066945,1
Cells and molecules involved in local acute inflammatory response,57,0.018182315,0.000318988,1
alpha-Linolenic acid metabolism - Homo sapiens (human),31,0.018175522,0.00058630714,1
Phospholipase C-mediated cascade; FGFR2,45,0.018153083,0.00040340185,1
Intracellular Signalling Through FSH Receptor and Follicle Stimulating Hormone,20,0.01814687,0.0009073435,1
mRNA Splicing - Minor Pathway,26,0.01812087,0.00069695653,1
Oxaprozin Action Pathway,20,0.018079037,0.0009039518,1
ca-calmodulin-dependent protein kinase activation,12,0.018055057,0.001504588,1
ID,40,0.018054262,0.00045135655,1
Synthesis of active ubiquitin: roles of E1 and E2 enzymes,49,0.018037282,0.0003681078,1
"Transport of vitamins, nucleosides, and related molecules",47,0.01803512,0.00038372594,1
Hyperprolinemia Type I,27,0.018034048,0.0006679277,1
TWIK-releated acid-sensitive K+ channel (TASK),17,0.018030595,0.0010606232,1
Ardeparin Action Pathway,21,0.018009938,0.00085761613,1
citrulline-nitric oxide cycle,37,0.017983492,0.00048604034,1
PI3K/AKT activation,20,0.017972248,0.0008986124,1
Meiotic recombination,25,0.017963506,0.0007185403,1
Intracellular Signalling Through PGD2 receptor and Prostaglandin D2,14,0.017962324,0.0012830232,1
"1,25-dihydroxyvitamin D<sub>3</sub> biosynthesis",10,0.017961007,0.0017961006,1
Multifunctional anion exchangers,37,0.017943388,0.00048495643,1
Interaction between L1 and Ankyrins,31,0.01790181,0.00057747774,1
Intraflagellar transport proteins binding to dynein,24,0.01788568,0.00074523664,1
Aminoacyl-tRNA biosynthesis - Homo sapiens (human),28,0.017884025,0.00063871517,1
y branching of actin filaments,29,0.017852949,0.00061561895,1
Zinc homeostasis,41,0.017834606,0.0004349904,1
RUNX3 regulates p14-ARF,44,0.01782978,0.00040522226,1
g-secretase mediated erbb4 signaling pathway,40,0.017819848,0.0004454962,1
Aurora B signaling,21,0.017787142,0.00084700674,1
Hypoxic and oxygen homeostasis regulation of HIF-1-alpha,46,0.017786944,0.0003866727,1
"Tristetraprolin (TTP, ZFP36) binds and destabilizes mRNA",24,0.017785782,0.00074107427,1
Nucleosome assembly,45,0.017780315,0.0003951181,1
eNOS activation,18,0.017776087,0.0009875604,1
Cyclin E associated events during G1/S transition ,20,0.017761383,0.00088806916,1
Sphingolipid pathway,32,0.017741172,0.0005544116,1
Methylenetetrahydrofolate Reductase Deficiency (MTHFRD),32,0.017740265,0.00055438327,1
Tight junction interactions,37,0.017733961,0.00047929626,1
Degradation of Superoxides,13,0.017730255,0.0013638658,1
HIV elongation arrest and recovery,25,0.017684825,0.000707393,1
Amyotrophic lateral sclerosis (ALS),37,0.017681621,0.00047788164,1
Class I PI3K signaling events mediated by Akt,30,0.01767745,0.0005892484,1
Acrosome Reaction and Sperm:Oocyte Membrane Binding,22,0.017672881,0.0008033128,1
Hyperornithinemia with gyrate atrophy (HOGA),27,0.017670726,0.00065447134,1
Recycling of bile acids and salts,26,0.01758718,0.00067642995,1
Fanconi Anemia Pathway,27,0.017562434,0.00065046054,1
APC/C:Cdc20 mediated degradation of Securin,34,0.017498527,0.00051466253,1
Activation of NLRP3 Inflammasome by SARS-CoV-2,13,0.017489547,0.0013453497,1
Intra-Golgi traffic,51,0.017459288,0.000342339,1
PDGF receptor signaling network,38,0.01744928,0.0004591916,1
Steroid Biosynthesis,23,0.017436799,0.00075812166,1
p38MAPK events,39,0.017426157,0.00044682456,1
Biosynthesis of E-series 18(R)-resolvins,15,0.017413352,0.0011608901,1
Regulation of cytoskeletal remodeling and cell spreading by IPP complex components,29,0.017398316,0.00059994194,1
Nucleobase catabolism,34,0.017381728,0.0005112273,1
FLT3 signaling in disease,42,0.017349442,0.00041308196,1
CDP-diacylglycerol biosynthesis,32,0.017342515,0.0005419536,1
adp-ribosylation factor,53,0.017335324,0.00032708157,1
Biosynthesis of aspirin-triggered D-series resolvins,15,0.017328111,0.0011552074,1
"Kallmann,s Syndrome",30,0.017321546,0.00057738484,1
IRAK2 mediated activation of TAK1 complex upon TLR7/8 or 9 stimulation,32,0.017310895,0.00054096547,1
Ephrin A  reverse signaling,40,0.017309537,0.00043273842,1
FGFR3b ligand binding and activation,22,0.017304994,0.0007865906,1
"Adrenaline,noradrenaline inhibits insulin secretion",22,0.017299332,0.0007863333,1
Creation of C4 and C2 activators,41,0.017265597,0.00042111214,1
Formation of HIV-1 elongation complex containing HIV-1 Tat,32,0.017249448,0.00053904526,1
TLR ECSIT MEKK1 p38,33,0.017224576,0.0005219569,1
Toxicity of botulinum toxin type D (botD),10,0.017221905,0.0017221905,1
ERK/MAPK targets,28,0.017219717,0.0006149899,1
TRAF6 mediated IRF7 activation,25,0.017210135,0.0006884054,1
FBXL10 enhancement of MAP-ERK signaling in diffuse large B-cell lymphoma,22,0.017207844,0.00078217476,1
Reelin signalling pathway,33,0.01718806,0.0005208503,1
WNT ligand biogenesis and trafficking,35,0.017156204,0.00049017725,1
Nabumetone Action Pathway,20,0.01715427,0.0008577135,1
Glycogen Synthesis and Degradation,34,0.017147982,0.00050435244,1
threonine degradation,26,0.017138775,0.00065918366,1
Sulfation Biotransformation Reaction,16,0.01708592,0.00106787,1
Histidine metabolism - Homo sapiens (human),22,0.01707795,0.00077627046,1
Inhibition of DNA recombination at telomere,22,0.017055355,0.0007752434,1
Squalene and cholesterol biosynthesis,24,0.01705278,0.00071053253,1
Blood Clotting Cascade,20,0.01704121,0.0008520605,1
Mefenamic Acid Action Pathway,20,0.017019402,0.0008509701,1
Budding and maturation of HIV virion,24,0.016958456,0.00070660235,1
Dicoumarol Action Pathway,21,0.016950682,0.0008071753,1
Resolution of Abasic Sites (AP sites),26,0.016914848,0.0006505711,1
miR-509-3p alteration of YAP1-ECM axis,32,0.016905127,0.0005282852,1
effects of calcineurin in keratinocyte differentiation,17,0.016867807,0.000992224,1
tRNA charging,20,0.016843356,0.0008421678,1
Antipyrine Action Pathway,20,0.016839966,0.0008419983,1
signaling pathway from g-protein families,30,0.016787285,0.00055957615,1
wnt lrp6 signalling,17,0.01678323,0.0009872488,1
Enoxaparin Action Pathway,21,0.016762525,0.00079821545,1
DNA replication - Homo sapiens (human),23,0.01675391,0.00072843087,1
Inhibition  of voltage gated Ca2+ channels via Gbeta/gamma subunits,48,0.01672863,0.00034851313,1
"Cobalamin (Cbl, vitamin B12) transport and metabolism",23,0.016699139,0.00072604953,1
BMP Signalling Pathway,34,0.016691016,0.00049091224,1
RNA Pol II CTD phosphorylation and interaction with CE,26,0.016685465,0.00064174866,1
regulation of pgc-1a,24,0.01668486,0.0006952025,1
Metastatic brain tumor,19,0.016681084,0.0008779518,1
selenocysteine biosynthesis,12,0.01667646,0.001389705,1
Ximelagatran Action Pathway,21,0.016676107,0.00079410034,1
TSH,34,0.01662893,0.0004890862,1
Methadone Metabolism Pathway,24,0.016619144,0.00069246435,1
regulation of transcriptional activity by pml,14,0.01660266,0.0011859043,1
Carprofen Action Pathway,20,0.01659647,0.0008298235,1
Hormone ligand-binding receptors,23,0.016573032,0.0007205666,1
ADP signalling through P2Y purinoceptor 12,18,0.016551748,0.0009195416,1
Mitochondrial translation initiation,31,0.016546344,0.000533753,1
Signaling by cytosolic FGFR1 fusion mutants,40,0.016542984,0.0004135746,1
Lysosome Vesicle Biogenesis,30,0.016539907,0.0005513302,1
Nateglinide Action Pathway,16,0.016513275,0.0010320797,1
Celecoxib Action Pathway,25,0.016432947,0.00065731787,1
Cyclin A:Cdk2-associated events at S phase entry,20,0.016428951,0.0008214476,1
ATM Signaling Pathway,32,0.016372174,0.00051163044,1
SMAD2/SMAD3:SMAD4 heterotrimer regulates transcription,24,0.016351566,0.00068131526,1
Acyl chain remodelling of PG,24,0.016349573,0.0006812322,1
Abacavir transmembrane transport,15,0.016335007,0.0010890005,1
Extension of Telomeres,31,0.016314361,0.0005262697,1
Molecules associated with elastic fibres,47,0.01631413,0.00034710916,1
IGF-Core,31,0.016311165,0.00052616664,1
Signaling by ERBB2 ECD mutants,26,0.016306251,0.0006271635,1
regulation of cell cycle progression by plk3,16,0.016296655,0.0010185409,1
Salla Disease/Infantile Sialic Acid Storage Disease,44,0.016290955,0.00037024898,1
Apoptotic factor-mediated response,12,0.016255137,0.0013545947,1
LDL remodeling,15,0.016226806,0.001081787,1
Target Of Rapamycin (TOR) Signaling,28,0.016223399,0.0005794071,1
Transcriptional activation of mitochondrial biogenesis,23,0.016175484,0.0007032819,1
Complex I biogenesis,26,0.01616739,0.00062182266,1
melatonin degradation I,9,0.016129047,0.0017921163,1
Cellular hexose transport,22,0.016123923,0.0007329056,1
Acetylcholine regulates insulin secretion,28,0.01610897,0.00057532033,1
WNT5:FZD7-mediated leishmania damping,15,0.016105652,0.0010737102,1
Tyrosine Metabolism,36,0.01610132,0.00044725888,1
Magnesium salicylate Action Pathway,20,0.01609393,0.0008046965,1
<i>N</i>-acetylglucosamine degradation II,38,0.016076928,0.00042307706,1
Argatroban Action Pathway,21,0.016076295,0.00076553784,1
Activated NTRK2 signals through FRS2 and FRS3,22,0.01605194,0.00072963367,1
VEGF and VEGFR signaling network,31,0.016018946,0.0005167402,1
ATR signaling pathway,32,0.016009437,0.0005002949,1
2-oxoisovalerate decarboxylation to isobutanoyl-CoA,26,0.015996175,0.0006152375,1
Proton-coupled monocarboxylate transport,14,0.015959844,0.0011399889,1
Antiviral mechanism by IFN-stimulated genes,40,0.015896423,0.00039741056,1
Beta Ureidopropionase Deficiency,20,0.015885646,0.0007942823,1
Degradation of GLI2 by the proteasome,20,0.015881322,0.0007940661,1
Disassembly of the destruction complex and recruitment of AXIN to the membrane,27,0.015866404,0.0005876446,1
Salicylic Acid Action Pathway,20,0.015830753,0.0007915377,1
Basigin interactions,24,0.015809815,0.0006587423,1
Tolmetin Action Pathway,20,0.01579409,0.00078970456,1
TP53 Regulates Transcription of Genes Involved in Cytochrome C Release,25,0.015759774,0.00063039095,1
Leukotriene C4 Synthesis Deficiency,20,0.015748518,0.0007874259,1
Thrombin signalling through proteinase activated receptors (PARs),24,0.01574527,0.0006560529,1
Salicylate-sodium Action Pathway,20,0.015731966,0.0007865983,1
trka receptor signaling pathway,17,0.015716344,0.00092449086,1
HDACs deacetylate histones,33,0.015714195,0.0004761877,1
N-glycan trimming in the ER and Calnexin/Calreticulin cycle,17,0.015708845,0.0009240497,1
XAV939 stabilizes AXIN,11,0.015687963,0.0014261785,1
egf signaling pathway,36,0.015681261,0.0004355906,1
Pyridoxine dependency with seizures,34,0.01568049,0.00046119088,1
Cytosolic sulfonation of small molecules,20,0.015663076,0.0007831538,1
lectin induced complement pathway,43,0.015657196,0.00036412085,1
Saccharopinuria/Hyperlysinemia II,34,0.015645983,0.00046017597,1
"fructose 2,6-bisphosphate synthesis",18,0.015644023,0.0008691124,1
Striated Muscle Contraction,15,0.01562098,0.0010413987,1
superpathway of cholesterol biosynthesis,20,0.015620526,0.0007810263,1
Nicotinate and Nicotinamide Metabolism,46,0.015619893,0.0003395629,1
NOTCH3 Activation and Transmission of Signal to the Nucleus,24,0.015614728,0.0006506137,1
Dopamine Activation of Neurological Reward System,13,0.015597076,0.0011997751,1
BMP signaling Dro,37,0.0155757,0.00042096488,1
cell cycle: g1/s check point,21,0.015566126,0.0007412441,1
regulation of map kinase pathways through dual specificity phosphatases,16,0.015563648,0.000972728,1
HSF1 activation,18,0.015553672,0.0008640929,1
Translation of structural proteins,36,0.015547778,0.00043188274,1
Toll-like Receptor Signaling related to MyD88,34,0.015539495,0.000457044,1
Arginine: Glycine Amidinotransferase Deficiency (AGAT Deficiency),27,0.015529606,0.00057517056,1
NCAM1 interactions,45,0.015517278,0.00034482838,1
RNA polymerase - Homo sapiens (human),23,0.015510372,0.000674364,1
Signaling by PDGFRA extracellular domain mutants,28,0.015492633,0.00055330835,1
2-oxoglutarate decarboxylation to succinyl-CoA,24,0.015451335,0.00064380566,1
Ornithine Aminotransferase Deficiency (OAT Deficiency),27,0.015436859,0.0005717355,1
Aggrephagy,27,0.015420889,0.00057114405,1
Gene regulatory network modelling somitogenesis,24,0.0154145295,0.00064227206,1
nsp1 from SARS-CoV-2 inhibits translation initiation in the host cell,14,0.015409349,0.0011006679,1
er associated degradation (erad) pathway,13,0.015379063,0.0011830048,1
Lysine catabolism,32,0.015378516,0.00048057863,1
Passive transport by Aquaporins,28,0.015364342,0.00054872653,1
Antrafenine Action Pathway,20,0.015349554,0.0007674777,1
Activation of kainate receptors upon glutamate binding,36,0.015342984,0.00042619402,1
HH-Core,29,0.015339283,0.0005289408,1
Chk1/Chk2(Cds1) mediated inactivation of Cyclin B:Cdk1 complex,16,0.015334781,0.0009584238,1
IL9,21,0.015327265,0.00072986976,1
Methionine Adenosyltransferase Deficiency,23,0.015299636,0.0006652016,1
Signaling by FLT3 ITD and TKD mutants,32,0.015271731,0.00047724159,1
Crosslinking of collagen fibrils,11,0.015244671,0.0013858792,1
Transcriptional Regulation by VENTX,25,0.015243576,0.00060974306,1
Regulation of TP53 Activity through Methylation,16,0.015201252,0.00095007825,1
Spry regulation of FGF signaling,22,0.015191372,0.0006905169,1
MET interacts with TNS proteins,15,0.015189328,0.0010126219,1
Purinergic signaling in leishmaniasis infection,24,0.015181529,0.0006325637,1
Lesch-Nyhan Syndrome (LNS),38,0.015179842,0.0003994695,1
Monoamine oxidase-a deficiency (MAO-A),36,0.015157746,0.0004210485,1
Nef mediated downregulation of MHC class I complex cell surface expression,28,0.015143879,0.00054085284,1
Cytochrome c-mediated apoptotic response,11,0.01513266,0.0013756964,1
ERCC6 (CSB) and EHMT2 (G9a) positively regulate rRNA expression,25,0.015129938,0.0006051975,1
multiple antiapoptotic pathways from igf-1r signaling lead to bad phosphorylation,18,0.015107167,0.00083928707,1
Wnt signaling network,40,0.015104457,0.00037761143,1
Synthesis of 12-eicosatetraenoic acid derivatives,11,0.01507366,0.0013703327,1
Ketorolac Action Pathway,20,0.015068962,0.0007534481,1
TCA Cycle and Deficiency of Pyruvate Dehydrogenase complex (PDHc),40,0.015064052,0.0003766013,1
hop pathway in cardiac development,15,0.015049836,0.0010033224,1
DNA strand elongation,25,0.015049385,0.0006019754,1
Eukaryotic Transcription Initiation,29,0.015046392,0.0005188411,1
Transcriptional Regulation by E2F6,31,0.015000357,0.0004838825,1
telomeres telomerase cellular aging and immortality,28,0.014978116,0.0005349327,1
Glibenclamide Action Pathway,16,0.014971984,0.000935749,1
Morphine Metabolism Pathway,28,0.014953245,0.00053404446,1
Alanine and aspartate metabolism,24,0.0149438325,0.0006226597,1
Hydrolysis of LPC,13,0.014928032,0.0011483101,1
Signal Transduction of S1P Receptor,32,0.014907288,0.00046585276,1
Collecting duct acid secretion - Homo sapiens (human),46,0.014902462,0.00032396658,1
Coagulation ,21,0.014888229,0.00070896326,1
Alteplase Action Pathway,21,0.014872228,0.0007082013,1
Visual signal transduction: Rods,21,0.014854513,0.0007073578,1
Regulated proteolysis of p75NTR,15,0.014817726,0.0009878484,1
Urokinase Action Pathway,21,0.014800105,0.0007047669,1
TP53 Regulates Transcription of Caspase Activators and Caspases,15,0.014796068,0.0009864045,1
Selenocompound metabolism - Homo sapiens (human),26,0.014757655,0.0005676021,1
nerve growth factor pathway (ngf),25,0.014734417,0.00058937666,1
Acetaminophen  Action Pathway,20,0.014719837,0.00073599187,1
Activation of TRKA receptors,18,0.01471194,0.00081733,1
Packaging Of Telomere Ends,20,0.014694886,0.0007347443,1
RHO GTPases activate PAKs,27,0.014673938,0.00054347917,1
Phenindione Action Pathway,21,0.01465983,0.00069808715,1
Endosomal Sorting Complex Required For Transport (ESCRT),18,0.014639946,0.0008133303,1
EGFR-dependent Endothelin signaling events,18,0.01463658,0.0008131433,1
UMP Synthase Deiciency (Orotic Aciduria),20,0.014596494,0.0007298247,1
Pancreas Function,16,0.014592864,0.000912054,1
Fatty acid elongation - Homo sapiens (human),24,0.014586699,0.00060777913,1
Simplified Interaction Map Between LOXL4 and Oxidative Stress Pathway,26,0.014583832,0.0005609166,1
Nitrogen metabolism - Homo sapiens (human),23,0.014581527,0.0006339794,1
"Synthesis And Processing Of GAG, GAGPOL Polyproteins",10,0.014561653,0.0014561653,1
Interleukin-9 signaling,25,0.01454716,0.0005818864,1
eumelanin biosynthesis,13,0.014535294,0.0011180995,1
3-phosphoinositide degradation,39,0.014509149,0.00037202946,1
Salsalate Action Pathway,20,0.014491304,0.0007245652,1
FGFR3 ligand binding and activation,34,0.014488593,0.00042613508,1
FGFR3c ligand binding and activation,34,0.01448855,0.00042613383,1
Canonical Wnt signaling pathway,18,0.01448708,0.0008048378,1
Tryptophan Metabolism,22,0.014486267,0.0006584667,1
"Synthesis, secretion, and deacylation of Ghrelin",18,0.014482193,0.00080456625,1
GRB2 events in EGFR signaling,21,0.014479291,0.00068949006,1
Pyrimidine Metabolism,20,0.014461387,0.00072306936,1
"Fructose-1,6-diphosphatase deficiency",11,0.014458868,0.0013144425,1
Histidine Metabolism,12,0.014452942,0.0012044118,1
HSP90 chaperone cycle for steroid hormone receptors (SHR),16,0.014440282,0.00090251764,1
Xenobiotics,17,0.014419826,0.000848225,1
"Synthesis, secretion, and inactivation of Glucagon-like Peptide-1 (GLP-1)",13,0.014403117,0.0011079321,1
Hypothetical Craniofacial Development Pathway,20,0.014386993,0.00071934966,1
cyclins and cell cycle regulation,20,0.014380243,0.0007190121,1
cxcr4 signaling pathway,26,0.014375933,0.0005529205,1
"Incretin synthesis, secretion, and inactivation",14,0.014352458,0.0010251756,1
Deadenylation of mRNA,27,0.014350247,0.0005314906,1
Glutamate and glutamine metabolism,13,0.014314848,0.0011011421,1
TP53 Regulates Transcription of Genes Involved in G1 Cell Cycle Arrest,13,0.014314326,0.001101102,1
Activation of BAD and translocation to mitochondria ,21,0.0143127,0.00068155717,1
Cell recruitment (pro-inflammatory response),24,0.014304353,0.0005960147,1
TFAP2A acts as a transcriptional repressor during retinoic acid induced cell differentiation,11,0.014282444,0.001298404,1
Activated NTRK2 signals through RAS,24,0.014264001,0.00059433334,1
Phototransduction - Homo sapiens (human),19,0.01425738,0.0007503884,1
Simplified Depiction of MYD88 Distinct Input-Output Pathway,31,0.01425196,0.00045974067,1
Regulation of TP53 Degradation,33,0.014244548,0.00043165297,1
The canonical retinoid cycle in rods (twilight vision),18,0.01422753,0.00079041836,1
Toxicity of botulinum toxin type F (botF),10,0.014219085,0.0014219085,1
mcalpain and friends in cell motility,40,0.014215092,0.0003553773,1
SHC-related events triggered by IGF1R,20,0.014196789,0.00070983946,1
SRF and miRs in Smooth Muscle Differentiation and Proliferation,29,0.014196745,0.00048954296,1
Biopterin metabolism,25,0.014178031,0.00056712126,1
Ligand-receptor interactions,26,0.01417534,0.0005452054,1
Biosynthesis of E-series 18(S)-resolvins,15,0.01414818,0.000943212,1
Binding of TCF/LEF:CTNNB1 to target gene promoters,13,0.014135838,0.0010873721,1
map kinase inactivation of smrt corepressor,21,0.014135804,0.00067313353,1
Cellular response to hypoxia,49,0.014132921,0.00028842696,1
NAD Biosynthesis II (from tryptophan),17,0.014131347,0.0008312557,1
urea cycle,12,0.014116466,0.0011763722,1
Prefoldin mediated transfer of substrate  to CCT/TriC,14,0.014104779,0.0010074842,1
G2 Phase,13,0.014077573,0.0010828902,1
Glycosphingolipid biosynthesis - globo and isoglobo series - Homo sapiens (human),24,0.01405727,0.0005857196,1
Etodolac Action Pathway,20,0.014036026,0.00070180127,1
Dual Incision in GG-NER,36,0.014029498,0.0003897083,1
Effects of Botulinum toxin,18,0.014021475,0.00077897083,1
The activation of arylsulfatases,38,0.014009285,0.00036866538,1
Fatty Acid Biosynthesis,15,0.014005407,0.0009336938,1
Cellular roles of Anthrax toxin,50,0.013994986,0.00027989972,1
Pravastatin Action Pathway,14,0.013972777,0.0009980554,1
Meiotic synapsis,19,0.0139520075,0.0007343162,1
cell to cell adhesion signaling,21,0.013945042,0.00066404964,1
Vitamin D3 (cholecalciferol) metabolism,18,0.0139338095,0.00077410054,1
Sema4D in semaphorin signaling,27,0.013891388,0.0005144958,1
Organic cation transport,27,0.013875456,0.0005139058,1
Sialuria or French Type Sialuria,44,0.013857107,0.00031493424,1
RNA Polymerase II Transcription Termination,20,0.01384934,0.00069246703,1
Melanin biosynthesis,13,0.01383997,0.0010646131,1
CREB phosphorylation,31,0.013838993,0.00044641914,1
lysine degradation I (saccharopine pathway),5,0.013787575,0.002757515,1
NGF-independant TRKA activation,18,0.013778173,0.0007654541,1
Disorders of transmembrane transporters,13,0.013764951,0.0010588424,1
Cell-type Dependent Selectivity of CCK2R Signaling,24,0.013755818,0.0005731591,1
"G(M2)-Gangliosidosis: Variant B, Tay-sachs disease",44,0.0137374615,0.00031221504,1
Irinotecan Action Pathway,24,0.013736759,0.00057236495,1
Maturation of protein 3a,27,0.013713184,0.0005078957,1
chondroitin and dermatan biosynthesis,16,0.013707199,0.00085669995,1
MicroRNA (miRNA) biogenesis,8,0.013694622,0.0017118277,1
transcription factor creb and its extracellular signals,39,0.013688999,0.00035099997,1
Estrogen metabolism,20,0.013683891,0.00068419456,1
Sodium/Proton exchangers,75,0.013681751,0.00018242335,1
RNA Polymerase III Transcription,24,0.013678726,0.0005699469,1
Postsynaptic nicotinic acetylcholine receptors,10,0.013648413,0.0013648414,1
ABC transporter disorders,13,0.013624279,0.0010480215,1
Vitamin B6 metabolism - Homo sapiens (human),10,0.013602568,0.0013602568,1
Vitamin B6 Metabolism,4,0.0135987485,0.0033996871,1
Plasma lipoprotein assembly,20,0.013576894,0.0006788447,1
L-arginine:glycine amidinotransferase deficiency,27,0.013571263,0.0005026394,1
FGFR2 alternative splicing,29,0.013556414,0.00046746255,1
Activated NTRK3 signals through PI3K,16,0.013517673,0.00084485457,1
miRNA targets in ECM and membrane receptors,28,0.013516409,0.0004827289,1
Eicosanoid Synthesis,22,0.01349689,0.000613495,1
RUNX3 regulates WNT signaling,28,0.013478938,0.00048139063,1
IRAK1 recruits IKK complex upon TLR7/8 or 9 stimulation,17,0.013472961,0.0007925271,1
"Synthesis of IP2, IP, and Ins in the cytosol",46,0.013439798,0.0002921695,1
Cytosolic tRNA aminoacylation,13,0.013427555,0.0010328888,1
NOTCH1 regulation of endothelial cell calcification,25,0.0134080835,0.00053632335,1
ER Quality Control Compartment (ERQC),11,0.013387387,0.0012170351,1
TNFR1-induced NFkappaB signaling pathway,40,0.013375031,0.00033437577,1
RNA Polymerase III Abortive And Retractive Initiation,24,0.013371168,0.000557132,1
tnfr1 signaling pathway,15,0.013360866,0.0008907244,1
mtor signaling pathway,21,0.013355609,0.0006359814,1
Tranexamic Acid Action Pathway,21,0.013354131,0.000635911,1
Prostaglandin Leukotriene metabolism,15,0.013342962,0.00088953075,1
Vitamin B5 (pantothenate) metabolism,10,0.013315281,0.0013315281,1
"2,-deoxy-α-D-ribose 1-phosphate degradation",14,0.013312667,0.00095090474,1
Etoricoxib Action Pathway,20,0.013302648,0.0006651324,1
Meloxicam Action Pathway,20,0.013299348,0.0006649674,1
Toxicity of botulinum toxin type B (botB),9,0.013282877,0.0014758753,1
Canonical and non-canonical TGF-B signaling,13,0.013273117,0.001021009,1
glutathione-mediated detoxification,15,0.013267555,0.0008845037,1
Glycine degradation,27,0.013258526,0.00049105653,1
Abortive elongation of HIV-1 transcript in the absence of Tat,22,0.013237659,0.00060171174,1
Abacavir transport and metabolism,18,0.013224303,0.0007346835,1
Aspartate and asparagine metabolism,21,0.013218478,0.00062945136,1
Biosynthesis of EPA-derived SPMs,17,0.013211051,0.00077712064,1
EGFR Transactivation by Gastrin,16,0.013175646,0.00082347787,1
Mitochondrial complex III assembly,15,0.01317224,0.00087814935,1
terminal <i>O</i>-glycans residues modification,23,0.0131377345,0.00057120586,1
Gliclazide Action Pathway,16,0.013117875,0.0008198672,1
Prolinemia Type II,27,0.013103047,0.00048529805,1
ADP signalling through P2Y purinoceptor 1,29,0.013091295,0.00045142396,1
Eicosanoid metabolism via lipooxygenases (LOX),30,0.013072368,0.0004357456,1
Phase 2 - plateau phase,23,0.013067531,0.0005681535,1
the igf-1 receptor and longevity,21,0.013063952,0.000622093,1
Activation of Na-permeable kainate receptors,14,0.013023762,0.0009302687,1
SUMOylation of DNA methylation proteins,27,0.0130133005,0.0004819741,1
S1P4 pathway,20,0.013006912,0.0006503456,1
Negative regulation of FLT3,19,0.012991433,0.00068375963,1
MNGIE (Mitochondrial Neurogastrointestinal Encephalopathy),20,0.012985016,0.0006492508,1
G beta:gamma signalling through PLC beta,13,0.0129648475,0.000997296,1
Lysine Degradation,34,0.0129347,0.00038043235,1
exRNA mechanism of action and biogenesis,11,0.0129317725,0.0011756157,1
Urea cycle,14,0.0129231885,0.0009230849,1
Autodegradation of Cdh1 by Cdh1:APC/C,15,0.012892643,0.0008595095,1
Mono-unsaturated fatty acid beta-oxidation,17,0.012880446,0.0007576733,1
Digestion and absorption,24,0.012875401,0.00053647504,1
Trehalose Degradation,15,0.012855046,0.0008570031,1
Gemcitabine Action Pathway,14,0.0128375925,0.0009169709,1
regulation of splicing through sam68,18,0.0128334835,0.0007129713,1
Hyperlysinemia II or Saccharopinuria,34,0.012794413,0.00037630624,1
Interleukin-33 signaling,28,0.012784254,0.00045658048,1
Toxicity of botulinum toxin type G (botG),9,0.012782663,0.0014202959,1
Conversion from APC/C:Cdc20 to APC/C:Cdh1 in late anaphase,15,0.012774959,0.00085166394,1
Regulation of the apoptosome activity,11,0.01276302,0.0011602745,1
GLI3 is processed to GLI3R by the proteasome,22,0.012734376,0.00057883526,1
"Signaling by PDGFRA transmembrane, juxtamembrane and kinase domain mutants",28,0.012732276,0.00045472413,1
"TICAM1,TRAF6-dependent induction of TAK1 complex",34,0.012730169,0.00037441673,1
Piroxicam Action Pathway,20,0.012714734,0.00063573674,1
NF-kB activation through FADD/RIP-1 pathway mediated by caspase-8 and -10,12,0.012699375,0.0010582813,1
Synthesis of PIPs at the early endosome membrane,16,0.012681671,0.00079260446,1
Composition of Lipid Particles,12,0.012679839,0.0010566532,1
Sulindac Action Pathway,20,0.012671613,0.00063358067,1
Aryl hydrocarbon receptor signalling,14,0.012634619,0.0009024728,1
Degradation of GLI1 by the proteasome,12,0.012605692,0.0010504744,1
Zinc influx into cells by the SLC39 gene family,22,0.012604885,0.0005729493,1
Fatty acids,14,0.012599005,0.000899929,1
ALK1 signaling events,35,0.012557504,0.00035878582,1
Metabolism of Spingolipids in ER and Golgi apparatus,16,0.0125564085,0.00078477553,1
Transcription co-factors SKI and SKIL protein partners,45,0.0125457775,0.00027879505,1
RORA activates gene expression,14,0.012516307,0.0008940219,1
RNA Polymerase III Transcription Initiation From Type 2 Promoter,19,0.012497461,0.0006577611,1
Complement Activation,12,0.012469269,0.0010391058,1
Hyaluronan metabolism,10,0.012415738,0.0012415738,1
nitric oxide signaling pathway,25,0.012408616,0.00049634464,1
Somatroph axis (GH) and its relationship to dietary restriction and aging,14,0.012373026,0.0008837876,1
Iron metabolism in placenta,11,0.012358648,0.0011235134,1
Fluvastatin Action Pathway,14,0.012352521,0.0008823229,1
G beta:gamma signalling through BTK,10,0.012335703,0.0012335703,1
APC/C:Cdh1 mediated degradation of Cdc20 and other APC/C:Cdh1 targeted proteins in late mitosis/early G1,36,0.01232114,0.0003422539,1
Irinotecan Metabolism Pathway,24,0.012320507,0.0005133545,1
Aminocaproic Acid Action Pathway,21,0.012315736,0.0005864636,1
Insulin Signalling,26,0.012296689,0.00047294956,1
"bile acid biosynthesis, neutral pathway",24,0.012278317,0.0005115965,1
neuroregulin receptor degredation protein-1 controls erbb3 receptor recycling,37,0.012275911,0.00033178137,1
ctcf: first multivalent nuclear factor,17,0.012267837,0.0007216375,1
Maturity onset diabetes of the young - Homo sapiens (human),44,0.012263123,0.00027870733,1
GAB1 signalosome,28,0.012247136,0.0004373977,1
Regulation of TP53 Activity through Acetylation,14,0.0122373765,0.00087409833,1
tRNA Aminoacylation,23,0.012206764,0.0005307289,1
Pyrimidine salvage,8,0.012194975,0.0015243719,1
insulin signaling pathway,20,0.012190554,0.0006095277,1
Degradation of DVL,10,0.012181449,0.0012181449,1
Signaling events mediated by HDAC Class III,39,0.012168027,0.00031200072,1
Bone morphogenic protein (BMP) signaling and regulation,13,0.012162034,0.0009355411,1
phosphoinositides and their downstream targets,36,0.01215982,0.00033777277,1
SREBF and miR33 in cholesterol and lipid homeostasis,13,0.012135046,0.000933465,1
FGFR3 mutant receptor activation,30,0.012133775,0.00040445916,1
"Metabolic pathway of LDL, HDL and TG, including diseases",21,0.012130411,0.0005776386,1
repression of pain sensation by the transcriptional regulator dream,32,0.012128294,0.0003790092,1
Glycogen metabolism,22,0.012115704,0.0005507138,1
Translesion synthesis by POLK,16,0.012054609,0.0007534131,1
Desmosterolosis,14,0.01204973,0.00086069497,1
ID signaling pathway,16,0.012039699,0.00075248117,1
extrinsic prothrombin activation pathway,20,0.012032682,0.0006016341,1
Activation of Ca-permeable Kainate Receptor,23,0.012023196,0.00052274764,1
RUNX2 regulates genes involved in cell migration,10,0.012020094,0.0012020094,1
role of mal in rho-mediated activation of srf,26,0.012018326,0.0004622433,1
Regulation of CDC42 activity,21,0.012001396,0.00057149504,1
Pyrimidine catabolism,17,0.011989408,0.0007052593,1
Bicarbonate transporters,23,0.011986942,0.0005211714,1
TRAF3-dependent IRF activation pathway,17,0.011972665,0.0007042744,1
cGMP effects,20,0.011956278,0.0005978139,1
Insulin processing,25,0.011924415,0.0004769766,1
Triglyceride metabolism,28,0.011908736,0.000425312,1
Metabolism of amine-derived hormones,20,0.0119011775,0.0005950589,1
the visual cycle I (vertebrates),14,0.0118892845,0.0008492346,1
Biosynthesis of unsaturated fatty acids - Homo sapiens (human),24,0.011878584,0.00049494096,1
Hyperphenylalaninemia due to dhpr-deficiency,10,0.011853812,0.0011853812,1
IKK complex recruitment mediated by RIP1,34,0.011846177,0.00034841697,1
Amino Sugar Metabolism,44,0.011843806,0.0002691774,1
Glucose-6-phosphate dehydrogenase deficiency,11,0.011835779,0.0010759799,1
Glycerolipids and Glycerophospholipids,30,0.011826011,0.00039420038,1
Butyrophilin (BTN) family interactions,20,0.0118121505,0.0005906075,1
RHO GTPases activate IQGAPs,18,0.011807207,0.0006559559,1
CDK-mediated phosphorylation and removal of Cdc6,19,0.011787501,0.00062039477,1
Synthesis of 5-eicosatetraenoic acids,16,0.011787082,0.00073669263,1
Transport of glycerol from adipocytes to the liver by Aquaporins,15,0.01178394,0.00078559597,1
NOTCH2 Activation and Transmission of Signal to the Nucleus,20,0.011756618,0.0005878309,1
RUNX3 regulates RUNX1-mediated transcription,24,0.011736865,0.000489036,1
RUNX1 regulates estrogen receptor mediated transcription,38,0.011727251,0.00030861187,1
Deregulation of Rab and Rab Effector Genes in Bladder Cancer,18,0.011723727,0.0006513182,1
Short Chain Acyl CoA Dehydrogenase Deficiency (SCAD Deficiency),12,0.011716796,0.0009763997,1
RUNX1 regulates transcription of genes involved in differentiation of keratinocytes,14,0.01171231,0.00083659356,1
TFs regulate miRNAs related to cardiac hypertrophy,13,0.011688424,0.0008991096,1
"mRNA 3,-end processing",19,0.011682128,0.0006148488,1
Hydrolysis of LPE,5,0.011668928,0.0023337856,1
Arachidonic Acid Metabolism,20,0.011665996,0.0005832998,1
endocytotic role of ndk phosphins and dynamin,15,0.011642941,0.0007761961,1
Miscellaneous transport and binding events,17,0.011631562,0.0006842096,1
Nicotine Metabolism Pathway,11,0.011620111,0.0010563737,1
"Hyperlysinemia I, Familial",34,0.011581933,0.00034064509,1
CLEC7A (Dectin-1) induces NFAT activation,22,0.0115793375,0.0005263335,1
"Activation of NIMA Kinases NEK9, NEK6, NEK7",34,0.0115642715,0.00034012564,1
Hyperphenylalaninemia due to 6-pyruvoyltetrahydropterin synthase deficiency (ptps),10,0.011560469,0.0011560469,1
Phospholipid Biosynthesis,31,0.011555006,0.00037274213,1
Scavenging by Class H Receptors,13,0.011516357,0.0008858736,1
pkc-catalyzed phosphorylation of inhibitory phosphoprotein of myosin phosphatase,21,0.011509912,0.0005480911,1
Risedronate Action Pathway,14,0.011508277,0.00082201976,1
Hypercholesterolemia,14,0.01150695,0.00082192494,1
RHO GTPases Activate ROCKs,17,0.011481614,0.0006753891,1
Repaglinide Action Pathway,16,0.01146007,0.00071625435,1
UDP-<i>N</i>-acetyl-D-galactosamine biosynthesis II,41,0.011451187,0.00027929724,1
let-7 inhibition of ES cell reprogramming,30,0.011446658,0.00038155526,1
Sealing of the nuclear envelope (NE) by ESCRT-III,9,0.011442056,0.0012713396,1
Sphingosine 1-phosphate (S1P) pathway,25,0.011440014,0.00045760054,1
Ribose-5-phosphate isomerase deficiency,11,0.011439751,0.0010399773,1
Cholesteryl ester storage disease,14,0.011425612,0.0008161151,1
SARS-CoV-2 altering angiogenesis via NRP1,20,0.011415056,0.0005707528,1
RUNX1 regulates transcription of genes involved in differentiation of myeloid cells,24,0.011396725,0.00047486354,1
Downregulation of SMAD2/3:SMAD4 transcriptional activity,22,0.011378303,0.0005171956,1
Interconversion of nucleotide di- and triphosphates,19,0.011358663,0.0005978244,1
FCGR activation,47,0.0113419825,0.00024131878,1
SNARE interactions in vesicular transport - Homo sapiens (human),23,0.011334895,0.0004928215,1
APC/C:Cdc20 mediated degradation of Cyclin B,16,0.011327497,0.00070796855,1
Interleukin-37 signaling,10,0.0113200825,0.0011320083,1
FGFR2b ligand binding and activation,21,0.011313497,0.000538738,1
STAT5 activation downstream of FLT3 ITD mutants,19,0.011287814,0.0005940955,1
Hedgehog ligand biogenesis,18,0.011283701,0.0006268723,1
Other glycan degradation - Homo sapiens (human),30,0.011276313,0.0003758771,1
Relaxin receptors,10,0.011275752,0.0011275753,1
Autosomal recessive Osteopetrosis pathways,14,0.011268971,0.00080492644,1
RUNX2 regulates chondrocyte maturation,9,0.011223666,0.001247074,1
Purinergic signaling,32,0.011216354,0.00035051105,1
AKT phosphorylates targets in the nucleus,11,0.011208158,0.0010189235,1
Neurophilin interactions with VEGF and VEGFR,21,0.011198288,0.0005332518,1
Valproic acid pathway,9,0.011196399,0.0012440444,1
Ibuprofen Metabolism Pathway,25,0.011171793,0.0004468717,1
NRIF signals cell death from the nucleus,15,0.011165728,0.00074438186,1
"Synthesis, secretion, and inactivation of Glucose-dependent Insulinotropic Polypeptide (GIP)",14,0.011165386,0.00079752755,1
G beta:gamma signalling through PI3Kgamma,19,0.011165088,0.0005876362,1
mir-124 predicted interactions with cell cycle and differentiation,11,0.011161189,0.0010146535,1
Estrogen Receptor Pathway,26,0.011160556,0.00042925216,1
Mitochondrial Gene Expression,18,0.011159354,0.0006199641,1
TLR4 Signaling and Tolerance,33,0.011126042,0.0003371528,1
Pyroptosis,30,0.011098494,0.0003699498,1
classical complement pathway,11,0.011094077,0.0010085524,1
Trafficking of AMPA receptors,33,0.011091948,0.0003361196,1
nuclear receptors coordinate the activities of chromatin remodeling complexes and coactivators to facilitate initiation of transcription in carcinoma cells,12,0.011071588,0.00092263235,1
Naproxen Action Pathway,20,0.0110604055,0.0005530203,1
Sepiapterin reductase deficiency,10,0.011056125,0.0011056125,1
Toxicity of botulinum toxin type A (botA),10,0.011041814,0.0011041814,1
Role of ABL in ROBO-SLIT signaling,21,0.011034306,0.0005254432,1
Phenylalanine and tyrosine metabolism,12,0.011029793,0.00091914943,1
Calnexin/calreticulin cycle,11,0.011009696,0.0010008814,1
Vitamin B5 - CoA biosynthesis from pantothenate,21,0.010988448,0.0005232594,1
Ethylmalonic Encephalopathy,12,0.0109708095,0.00091423414,1
DNA Damage/Telomere Stress Induced Senescence,15,0.010961436,0.0007307624,1
Phytanic acid peroxisomal oxidation,13,0.01092642,0.0008404938,1
Tachykinin receptors bind tachykinins,11,0.010926302,0.0009933001,1
Dual hijack model of Vif in HIV infection,15,0.01092306,0.000728204,1
Cristae formation,9,0.01088725,0.0012096944,1
Folate metabolism,23,0.01088236,0.0004731461,1
Eicosanoid metabolism via cytochrome P450 monooxygenases (CYP) pathway,7,0.010866525,0.0015523607,1
Dimethyl-branched-chain fatty acid mitochondrial beta-oxidation,11,0.010848318,0.0009862108,1
Gap-filling DNA repair synthesis and ligation in GG-NER,18,0.010838932,0.0006021629,1
Synthesis of (16-20)-hydroxyeicosatetraenoic acids (HETE),8,0.010801892,0.0013502365,1
Cerivastatin Action Pathway,14,0.010799433,0.00077138806,1
Constitutive Signaling by AKT1 E17K in Cancer,20,0.010784632,0.0005392316,1
Beta-catenin phosphorylation cascade,15,0.010773405,0.000718227,1
"Valine, leucine and isoleucine biosynthesis - Homo sapiens (human)",11,0.010750291,0.0009772992,1
Purine catabolism,15,0.010743765,0.00071625103,1
Regulation of MECP2 expression and activity,29,0.01073384,0.00037013242,1
Simvastatin Action Pathway,14,0.010706349,0.00076473923,1
Formation of apoptosome,11,0.010700855,0.000972805,1
Acyl chain remodeling of CL,6,0.010693014,0.001782169,1
Nanomaterial-induced inflammasome activation,18,0.01067797,0.0005932206,1
Synthesis of PE,12,0.0106711965,0.0008892664,1
Mismatch repair - Homo sapiens (human),18,0.010656467,0.0005920259,1
Regulation of lipid metabolism by PPARalpha,39,0.01065457,0.0002731941,1
Zoledronate Action Pathway,14,0.010648729,0.00076062354,1
Oxygen-dependent proline hydroxylation of Hypoxia-inducible Factor Alpha,45,0.010639961,0.00023644358,1
Eicosanoids,11,0.010628294,0.0009662086,1
Scavenging by Class B Receptors,12,0.010627243,0.00088560354,1
Oligomerization of connexins into connexons,10,0.010613204,0.0010613204,1
RUNX1 regulates expression of components of tight junctions,18,0.010599747,0.00058887486,1
Biogenic Amine Synthesis,19,0.010589332,0.0005573333,1
Prolonged ERK activation events,18,0.010587737,0.0005882076,1
Saturated fatty acids beta-oxidation,22,0.01058157,0.00048098044,1
"Chondrodysplasia Punctata II, X Linked Dominant (CDPX2)",14,0.010579468,0.00075567624,1
Thiamine metabolic pathways,17,0.010574258,0.00062201516,1
ras signaling pathway,22,0.010568051,0.00048036594,1
RUNX3 regulates YAP1-mediated transcription,18,0.010564067,0.00058689265,1
IRAK1 recruits IKK complex,17,0.010562929,0.0006213488,1
Validated nuclear estrogen receptor beta network,30,0.010560755,0.00035202515,1
Tyrosinemia Type 2 (or Richner-Hanhart syndrome),15,0.010557823,0.00070385484,1
Response of EIF2AK1 (HRI) to heme deficiency,10,0.01053655,0.0010536549,1
Very-long-chain acyl coa dehydrogenase deficiency (VLCAD),12,0.010514605,0.0008762171,1
Lysosomal Acid Lipase Deficiency (Wolman Disease),14,0.010506169,0.00075044064,1
tryptophan degradation to 2-amino-3-carboxymuconate semialdehyde,16,0.010502467,0.0006564042,1
Transaldolase deficiency,11,0.010500804,0.0009546185,1
Activation of PPARGC1A (PGC-1alpha) by phosphorylation,11,0.010492817,0.0009538924,1
"Phenylalanine, tyrosine and tryptophan biosynthesis - Homo sapiens (human)",18,0.01048848,0.0005826934,1
Felodipine Metabolism Pathway,12,0.010488095,0.0008740079,1
Estrogen signaling pathway,23,0.010485411,0.00045588744,1
Metabolism of steroid hormones,19,0.010469541,0.00055102847,1
GDP-glucose biosynthesis II,8,0.010469503,0.0013086878,1
HDL remodeling,15,0.010455861,0.0006970574,1
Pentose Phosphate Pathway,11,0.010447405,0.0009497641,1
BDNF activates NTRK2 (TRKB) signaling,12,0.010447325,0.0008706104,1
NEIL3-mediated resolution of ICLs,5,0.010424453,0.0020848906,1
nicotine degradation IV,17,0.010413292,0.0006125466,1
Synthesis of PIPs at the Golgi membrane,15,0.010396352,0.00069309014,1
Orc1 removal from chromatin,17,0.010370321,0.00061001885,1
Signaling by EGFR in Cancer,31,0.010344539,0.0003336948,1
Irinotecan pathway,18,0.010331014,0.00057394523,1
Synthesis of 15-eicosatetraenoic acid derivatives,13,0.010326706,0.000794362,1
Digestion of dietary carbohydrate,18,0.0103220735,0.00057344855,1
Hfe effect on hepcidin production,12,0.0103194285,0.00085995236,1
Phase 1 - inactivation of fast Na+ channels,13,0.010303743,0.0007925956,1
beta-Alanine metabolism - Homo sapiens (human),33,0.010258563,0.00031086555,1
Somitogenesis in the context of spondylocostal dysostosis,24,0.010256328,0.000427347,1
Fatty acid biosynthesis - Homo sapiens (human),14,0.0102525195,0.0007323228,1
"TET1,2,3 and TDG demethylate DNA",5,0.010242273,0.0020484547,1
PPAR-alpha pathway,20,0.010235703,0.00051178515,1
role of brca1 brca2 and atr in cancer susceptibility,9,0.0102324365,0.0011369374,1
RNA Polymerase III Transcription Initiation From Type 1 Promoter,20,0.010221479,0.000511074,1
<i>N</i>-acetylglucosamine degradation I,36,0.010218602,0.00028385004,1
Adrenoceptors,20,0.010186718,0.0005093359,1
Vasopressin Regulation of Water Homeostasis,17,0.010184701,0.0005991,1
Osteopontin Signaling,30,0.010180543,0.00033935145,1
Synthesis of bile acids and bile salts via 7alpha-hydroxycholesterol,16,0.010175548,0.0006359717,1
Biotin transport and metabolism,9,0.010175128,0.0011305697,1
GPR40 Pathway,19,0.010151857,0.00053430826,1
Activation of IRF3/IRF7 mediated by TBK1/IKK epsilon,24,0.010148565,0.0004228569,1
Condensation of Prometaphase Chromosomes,8,0.010138532,0.0012673165,1
Regulation of RUNX3 expression and activity,16,0.010122799,0.00063267496,1
Formation of annular gap junctions,13,0.010104926,0.000777302,1
Mammary gland development pathway - Involution (Stage 4 of 4),25,0.01010313,0.0004041252,1
Processing of Capped Intronless Pre-mRNA,11,0.010093762,0.00091761467,1
Constitutive Signaling by EGFRvIII,23,0.01009322,0.00043883565,1
Assembly Of The HIV Virion,13,0.010078659,0.00077528146,1
ER-Phagosome pathway,13,0.010058264,0.00077371264,1
Dopa-responsive dystonia,10,0.010035342,0.0010035342,1
Chylomicron assembly,15,0.010028629,0.00066857523,1
Malonyl-coa decarboxylase deficiency,9,0.009995015,0.0011105572,1
Signaling by NTRK3 (TRKC),17,0.009994053,0.0005878855,1
Presynaptic function of Kainate receptors,16,0.009989452,0.0006243407,1
Chylomicron remodeling,20,0.009977333,0.00049886666,1
MECP2 regulates transcription factors,34,0.009971375,0.00029327572,1
Signaling by NOTCH1 HD Domain Mutants in Cancer,17,0.009920733,0.00058357255,1
Hyperphenylalaniemia due to guanosine triphosphate cyclohydrolase deficiency,10,0.009909114,0.0009909114,1
Unwinding of DNA,9,0.009901145,0.0011001271,1
Telomere C-strand (Lagging Strand) Synthesis,23,0.009883219,0.0004297052,1
Doxorubicin Metabolism Pathway,18,0.009843273,0.0005468485,1
Activation of the pre-replicative complex,24,0.009828081,0.00040950338,1
Cholesterol Biosynthesis Pathway,13,0.009820373,0.0007554133,1
Translesion synthesis by POLI,17,0.009817512,0.0005775007,1
Regulation of expression of SLITs and ROBOs,59,0.009805268,0.00016619098,1
Netrin mediated repulsion signals,24,0.009802955,0.00040845646,1
a4b7 Integrin signaling,29,0.009801452,0.0003379811,1
Asymmetric localization of PCP proteins,22,0.009797749,0.00044535223,1
GLI proteins bind promoters of Hh responsive genes to promote transcription,18,0.00977476,0.00054304226,1
Phosphorylation of the APC/C,16,0.009756629,0.00060978933,1
Type I hemidesmosome assembly,11,0.00974459,0.0008858718,1
visceral fat deposits and the metabolic syndrome,19,0.0097432565,0.000512803,1
transcriptional activation of dbpb from mrna,26,0.00973632,0.00037447384,1
Initiation of Nuclear Envelope (NE) Reformation,18,0.009710563,0.00053947576,1
Cholesterol biosynthesis,20,0.0096782055,0.00048391026,1
human cytomegalovirus and map kinase pathways,14,0.009669126,0.0006906519,1
"Glycogenosis, Type VI. Hers disease",19,0.009663406,0.0005086003,1
EDA signaling in hair follicle development,18,0.009660156,0.00053667533,1
Influenza A virus infection,5,0.009658832,0.0019317664,1
Signaling by FGFR3 fusions in cancer,19,0.009652784,0.0005080413,1
De novo fatty acid biosynthesis,17,0.009649395,0.0005676115,1
Regulation of gap junction activity,15,0.009646117,0.00064307445,1
Translation Factors,28,0.009641595,0.0003443427,1
Termination of translesion DNA synthesis,20,0.009639508,0.0004819754,1
Tryptophan catabolism,20,0.009626527,0.00048132637,1
Caffeine and Theobromine metabolism,12,0.009608613,0.0008007178,1
phosphorylation of mek1 by cdk5/p35 down regulates the map kinase pathway,21,0.009598309,0.00045706233,1
MAP3K8 (TPL2)-dependent MAPK1/3 activation,43,0.009573685,0.00022264384,1
CD163 mediating an anti-inflammatory response,12,0.009562701,0.00079689175,1
Signaling mediated by p38-gamma and p38-delta,11,0.009559525,0.00086904777,1
DSCAM interactions,19,0.009555071,0.0005028985,1
Hh mutants abrogate ligand secretion,10,0.009545019,0.0009545019,1
Assembly of the pre-replicative complex,12,0.009528099,0.0007940082,1
cdc25 and chk1 regulatory pathway in response to dna damage,12,0.009511924,0.00079266034,1
RNA Polymerase III Chain Elongation,16,0.009511354,0.00059445965,1
induction of apoptosis through dr3 and dr4/5 death receptors,16,0.009467312,0.000591707,1
Butanoate metabolism - Homo sapiens (human),16,0.009466413,0.00059165084,1
PTK6 Regulates Cell Cycle,7,0.009459202,0.0013513146,1
Alpha-protein kinase 1 signaling pathway,34,0.009458516,0.00027819164,1
calcium signaling by hbx of hepatitis b virus,21,0.009458224,0.00045039164,1
Removal of aminoterminal propeptides from gamma-carboxylated proteins,8,0.009452861,0.0011816076,1
Glycosaminoglycan degradation,30,0.009450893,0.00031502976,1
BH3-only proteins associate with and inactivate anti-apoptotic BCL-2 members,14,0.009445639,0.00067468855,1
VEGFR2 mediated vascular permeability,24,0.0094224475,0.00039260197,1
Trifunctional protein deficiency,12,0.009397269,0.0007831058,1
phospholipase c-epsilon pathway,17,0.0093942005,0.0005526,1
"Glycogenosis, Type IV. Amylopectinosis, Anderson disease",19,0.0093647335,0.0004928807,1
Golgi Cisternae Pericentriolar Stack Reorganization,16,0.009355164,0.00058469776,1
fibrinolysis pathway,12,0.009313531,0.0007761276,1
γ-linolenate biosynthesis,7,0.009281132,0.0013258761,1
Pterine Biosynthesis,10,0.009261883,0.0009261883,1
Cell Differentiation - Index,12,0.009254848,0.0007712373,1
Trans-sulfuration pathway,22,0.009236188,0.0004198267,1
Arf1 pathway,19,0.009221588,0.00048534674,1
"Folate malabsorption, hereditary",11,0.009218655,0.0008380595,1
MAPK pathway in congenital thyroid cancer,14,0.009215365,0.00065824034,1
cysteine biosynthesis,14,0.009213895,0.00065813534,1
attenuation of gpcr signaling,13,0.009207206,0.0007082466,1
Frs2-mediated activation,14,0.009205773,0.0006575552,1
Neurotransmitter clearance,15,0.00920004,0.00061333604,1
Transport of organic anions,28,0.009190386,0.00032822808,1
Codeine and Morphine Metabolism,30,0.009182962,0.00030609872,1
sarcosine oncometabolite pathway ,14,0.009178974,0.00065564096,1
Peroxisomal lipid metabolism,21,0.009170262,0.00043667914,1
Segawa syndrome,10,0.009169382,0.0009169382,1
G1/S-Specific Transcription,14,0.009169158,0.00065493985,1
Signaling by Hippo,15,0.009166376,0.00061109173,1
MASTL Facilitates Mitotic Progression,8,0.009150658,0.0011438322,1
Defective CFTR causes cystic fibrosis,10,0.009129382,0.00091293815,1
btg family proteins and cell cycle regulation,9,0.009128119,0.0010142354,1
Pentose phosphate pathway - Homo sapiens (human),22,0.009102022,0.0004137283,1
MicroRNA for Targeting Cancer Growth and Vascularization in Glioblastoma,16,0.009091032,0.0005681895,1
Hydroxycarboxylic acid-binding receptors,2,0.009081907,0.0045409533,1
WNT mediated activation of DVL,11,0.009049521,0.00082268374,1
Listeria monocytogenes entry into host cells,19,0.0090494715,0.00047628797,1
STAT5 Activation,18,0.009007097,0.00050039426,1
Miscellaneous substrates,10,0.009002973,0.0009002973,1
Downregulation of ERBB2:ERBB3 signaling,16,0.008994948,0.00056218426,1
Recognition of DNA damage by PCNA-containing replication complex,23,0.008985713,0.00039068318,1
Prostaglandin formation from dihomo gama-linoleic acid,13,0.008972247,0.00069017283,1
Ionotropic activity of kainate receptors,23,0.008970632,0.00039002748,1
Sucrase-isomaltase deficiency,19,0.008964691,0.00047182586,1
Type III interferon signaling,21,0.008955681,0.000426461,1
Metabolism of Angiotensinogen to Angiotensins,20,0.00895389,0.0004476945,1
eicosapentaenoate biosynthesis,5,0.008949319,0.0017898638,1
SHC1 events in EGFR signaling,21,0.008947727,0.00042608226,1
TP53 regulates transcription of additional cell cycle genes whose exact role in the p53 pathway remain uncertain,15,0.008945777,0.00059638516,1
Nucleotide salvage,13,0.008934768,0.00068728987,1
Ras signaling in the CD4+ TCR pathway,50,0.008921984,0.00017843967,1
Interaction between PHLDA1 and AURKA,4,0.008898717,0.0022246793,1
Glycogen breakdown (glycogenolysis),11,0.008896745,0.000808795,1
G-protein activation,18,0.008889664,0.00049387023,1
Intracellular Signalling Through Histamine H2 Receptor and Histamine,9,0.008885656,0.0009872951,1
Signaling by EGFRvIII in Cancer,23,0.008882232,0.000386184,1
Signaling by membrane-tethered fusions of PDGFRA or PDGFRB,15,0.008881798,0.0005921199,1
Sema4D induced cell migration and growth-cone collapse,24,0.008857756,0.00036907315,1
Metabolism of cofactors,13,0.008855181,0.00068116776,1
Airway smooth muscle cell contraction,30,0.008852967,0.0002950989,1
superpathway of melatonin degradation,9,0.008852502,0.0009836113,1
Synthesis of bile acids and bile salts,30,0.0088283885,0.00029427963,1
TICAM1-dependent activation of IRF3/IRF7,9,0.008824794,0.0009805326,1
DNA Mismatch Repair,18,0.008819934,0.00048999634,1
Tamoxifen Metabolism Pathway,13,0.008816193,0.00067816867,1
Activated NTRK3 signals through PLCG1,12,0.008793762,0.0007328135,1
Peptide hormone biosynthesis,4,0.008790402,0.0021976004,1
Alendronate Action Pathway,14,0.008784837,0.00062748836,1
Orexin and neuropeptides FF and QRFP bind to their respective receptors,9,0.008770152,0.0009744613,1
Creatine metabolism,7,0.008769634,0.0012528049,1
Peroxiredoxin 2 induced ovarian failure,5,0.008765477,0.0017530953,1
apoptotic signaling in response to dna damage,10,0.008762348,0.00087623484,1
dicer pathway,5,0.008751819,0.0017503637,1
Mycophenolic Acid Metabolism Pathway,24,0.008735589,0.00036398286,1
Etoposide Action Pathway,13,0.008700292,0.0006692532,1
role of ppar-gamma coactivators in obesity and thermogenesis,17,0.0086770225,0.0005104131,1
Aflatoxin activation and detoxification,12,0.008666925,0.00072224374,1
GRB7 events in ERBB2 signaling,14,0.008657294,0.00061837817,1
PTK6 Regulates Proteins Involved in RNA Processing,12,0.008621116,0.00071842637,1
Metalloprotease DUBs,15,0.008611257,0.0005740838,1
nicotine degradation III,11,0.008601366,0.00078194233,1
Lagging Strand Synthesis,16,0.008574121,0.00053588254,1
BARD1 signaling events,16,0.00857015,0.00053563435,1
C-MYC pathway,22,0.00856998,0.00038954456,1
tryptophan degradation,17,0.008569577,0.0005040928,1
Photodynamic therapy-induced unfolded protein response,22,0.008552852,0.000388766,1
Advanced glycosylation endproduct receptor signaling,14,0.008549447,0.0006106748,1
Glypican 3 network,11,0.008549345,0.00077721314,1
SMAC(DIABLO)-mediated dissociation of IAP:caspase complexes ,4,0.008548952,0.002137238,1
"Glycogenosis, Type III. Cori disease, Debrancher glycogenosis",19,0.008536291,0.00044927848,1
Activation of gene expression by SREBF (SREBP),27,0.0085287,0.00031587778,1
Aspartate Metabolism,8,0.008515968,0.001064496,1
Polo-like kinase mediated events,11,0.008489342,0.0007717584,1
Signalling to p38 via RIT and RIN,9,0.0084839,0.00094265555,1
Synthesis of epoxy (EET) and dihydroxyeicosatrienoic acids (DHET),8,0.008470126,0.0010587658,1
histamine degradation,7,0.00844833,0.0012069043,1
Transmission across Electrical Synapses ,4,0.008441325,0.0021103313,1
CD22 mediated BCR regulation,21,0.008437607,0.00040179084,1
Formation of ATP by chemiosmotic coupling,9,0.008422569,0.00093584106,1
Metabolism of folate and pterines,14,0.008417232,0.00060123083,1
Ubiquinone and other terpenoid-quinone biosynthesis - Homo sapiens (human),5,0.008406431,0.0016812863,1
Formation of Senescence-Associated Heterochromatin Foci (SAHF),6,0.008405606,0.0014009344,1
Metabolism of porphyrins,25,0.008387621,0.00033550482,1
Pamidronate Action Pathway,14,0.008374077,0.0005981484,1
Galactosemia,13,0.008348106,0.00064216205,1
Estrogen-dependent nuclear events downstream of ESR-membrane signaling,20,0.00831231,0.0004156155,1
Glycosaminoglycan degradation - Homo sapiens (human),31,0.00830041,0.00026775515,1
CHILD Syndrome,14,0.008293346,0.0005923818,1
Scavenging by Class F Receptors,10,0.008291513,0.00082915125,1
Anchoring fibril formation,10,0.00824265,0.000824265,1
Coenzyme A biosynthesis,9,0.008239367,0.0009154852,1
Histidinemia,12,0.00822915,0.00068576256,1
Proteoglycan syndecan-mediated signaling events,15,0.008223491,0.0005482327,1
NTF3 activates NTRK2 (TRKB) signaling,17,0.008215879,0.000483287,1
MED and Pseudoachondroplasia genes,9,0.008210613,0.00091229036,1
Histidine catabolism,3,0.008196709,0.0027322362,1
Highly calcium permeable postsynaptic nicotinic acetylcholine receptors,9,0.008194481,0.0009104979,1
the prc2 complex sets long-term gene silencing through modification of histone tails,16,0.008188992,0.000511812,1
Aromatic L-Aminoacid Decarboxylase Deficiency,11,0.008184521,0.0007440474,1
Atorvastatin Action Pathway,14,0.008169932,0.0005835666,1
Interleukin-1 processing,11,0.008165155,0.0007422868,1
trehalose degradation,11,0.008154692,0.0007413356,1
Degradation of beta catenin,17,0.008153735,0.00047963145,1
Carbamazepine Metabolism Pathway,5,0.008142926,0.0016285852,1
TRAIL signaling pathway,24,0.008140469,0.0003391862,1
Neurotransmitter uptake and metabolism In glial cells,11,0.008135097,0.0007395543,1
Hyper-IgD syndrome,14,0.00813209,0.00058086356,1
Tyrosine hydroxylase deficiency,11,0.008129325,0.00073902955,1
deregulation of cdk5 in alzheimers disease,7,0.008124235,0.001160605,1
fatty acid β-oxidation,12,0.008121785,0.0006768154,1
Regulation of HMOX1 expression and activity,19,0.008116982,0.00042720957,1
Antagonism of Activin by Follistatin,11,0.008099152,0.0007362865,1
MET activates PTPN11,11,0.008094551,0.0007358683,1
west nile virus,8,0.008087097,0.0010108871,1
PAR4-mediated thrombin signaling events,13,0.00807124,0.0006208646,1
Hypoacetylaspartia,8,0.008063512,0.001007939,1
hypoxia-inducible factor in the cardivascular system,13,0.008057366,0.0006197974,1
VLDLR internalisation and degradation,15,0.00805283,0.0005368553,1
SCF(Skp2)-mediated degradation of p27/p21,12,0.008036848,0.00066973735,1
"TICAM1, RIP1-mediated IKK complex recruitment",19,0.008014448,0.00042181305,1
Methionine salvage pathway,14,0.007995841,0.00057113153,1
Synthesis of pyrophosphates in the cytosol,12,0.007978152,0.000664846,1
Carnitine palmitoyl transferase deficiency (I),12,0.007972192,0.00066434935,1
IL-13 signaling,37,0.007962789,0.00021521053,1
Phenylalanine and Tyrosine Metabolism,15,0.007959394,0.0005306263,1
Sphingolipid Metabolism (integrated pathway),24,0.007957334,0.00033155558,1
Electric Transmission Across Gap Junctions,4,0.00790245,0.0019756125,1
Thiamine Metabolism,14,0.00788247,0.00056303357,1
Celecoxib Metabolism Pathway,8,0.007858248,0.000982281,1
signal dependent regulation of myogenesis by corepressor mitr,6,0.007857274,0.0013095457,1
Intracellular Signalling Through Prostacyclin Receptor and Prostacyclin,8,0.007845723,0.0009807154,1
"Tetrahydrobiopterin (BH4) synthesis, recycling, salvage and regulation",9,0.007844433,0.00087160367,1
Aspirin and miRNAs,16,0.007829007,0.0004893129,1
VLDL clearance,17,0.007818231,0.00045989596,1
oxidative ethanol degradation III,4,0.007815272,0.001953818,1
Signaling by FGFR4 in disease,18,0.0077968882,0.00043316046,1
Adrenal Hyperplasia Type 3 or Congenital Adrenal Hyperplasia due to 21-hydroxylase Deficiency,6,0.007793732,0.0012989553,1
fatty acid activation,6,0.007786668,0.001297778,1
Expression and Processing of Neurotrophins,15,0.007779326,0.0005186217,1
Wax biosynthesis,11,0.0077768224,0.00070698385,1
Activation of SMO,11,0.007773984,0.0007067258,1
Alpha6 beta4 integrin-ligand interactions,16,0.0077604875,0.00048503047,1
dermatan sulfate biosynthesis (late stages),12,0.0077584027,0.00064653356,1
IL-4 signaling,20,0.0077390755,0.00038695376,1
Cooperation of Prefoldin and TriC/CCT  in actin and tubulin folding,15,0.0077360035,0.00051573355,1
Long chain acyl-CoA dehydrogenase deficiency (LCAD),12,0.007711027,0.00064258557,1
Dissolution of Fibrin Clot,11,0.007710494,0.000700954,1
Apoptotic cleavage of cell adhesion  proteins,17,0.007703428,0.00045314283,1
CaMK IV-mediated phosphorylation of CREB,14,0.007695579,0.0005496842,1
adenosine nucleotides degradation,20,0.007678885,0.00038394425,1
Depolymerisation of the Nuclear Lamina,11,0.007677428,0.000697948,1
Signaling by MST1,5,0.0076410766,0.0015282154,1
Biosynthesis of protectins,5,0.0076180794,0.0015236159,1
Corticotropin Activation of Cortisol Production,9,0.0076097967,0.000845533,1
Photodynamic therapy-induced NFE2L2 (NRF2) survival signaling,31,0.0076068062,0.00024538086,1
Ibandronate Action Pathway,14,0.007582854,0.0005416324,1
Signaling by Overexpressed Wild-Type EGFR in Cancer,9,0.007559902,0.0008399891,1
Polymerase switching,14,0.0075564636,0.0005397474,1
Omega-3-Omega-6 FA synthesis,8,0.007552037,0.0009440046,1
Carnitine palmitoyl transferase deficiency (II),12,0.0075493343,0.0006291112,1
Valproic Acid Metabolism Pathway,8,0.0075445017,0.0009430627,1
Constitutive Signaling by Ligand-Responsive EGFR Cancer Variants,25,0.007537194,0.00030148777,1
Drug Induction of Bile Acid Pathway,17,0.00752538,0.0004426694,1
Thiamine metabolism - Homo sapiens (human),22,0.00752164,0.00034189274,1
NIK-->noncanonical NF-kB signaling,12,0.0074976697,0.0006248058,1
Formation of tubulin folding intermediates by CCT/TriC,9,0.0074766064,0.00083073403,1
Lectin pathway of complement activation,39,0.0074729286,0.00019161355,1
Prostacyclin signalling through prostacyclin receptor,13,0.007469123,0.0005745479,1
AUF1 (hnRNP D0) binds and destabilizes mRNA,17,0.0074442797,0.0004378988,1
Vitamin B6 metabolism,10,0.007441295,0.0007441295,1
Ifosfamide Action Pathway,5,0.007440504,0.0014881009,1
LDL clearance,21,0.0074374396,0.00035416379,1
Presynaptic nicotinic acetylcholine receptors,5,0.0074291984,0.0014858397,1
Non-homologous end-joining - Homo sapiens (human),5,0.0074224193,0.0014844838,1
Smith-Lemli-Opitz Syndrome (SLOS),14,0.007384087,0.0005274348,1
ARMS-mediated activation,11,0.0073821256,0.0006711023,1
Phenylketonuria,15,0.007358262,0.00049055077,1
ApoE and miR-146 in inflammation and atherosclerosis,22,0.0073520197,0.00033418273,1
Resolution of AP sites via the multiple-nucleotide patch replacement pathway,20,0.007351168,0.0003675584,1
Activated NTRK2 signals through PLCG1,13,0.007347175,0.0005651673,1
Omega-3 fatty acid metabolism,13,0.0073444573,0.00056495826,1
Release of Hh-Np from the secreting cell,8,0.007339374,0.00091742177,1
Di-unsaturated fatty acid beta-oxidation,14,0.0072969785,0.00052121276,1
Lovastatin Action Pathway,14,0.0072938474,0.0005209891,1
Choline catabolism,8,0.0072887456,0.0009110932,1
Uptake and function of anthrax toxins,16,0.007275546,0.00045472162,1
MTHFR deficiency,21,0.007273771,0.00034637004,1
RHO GTPases activate KTN1,8,0.007261037,0.0009076296,1
Codeine Metabolism Pathway,8,0.0072587784,0.0009073473,1
Classical pathway of steroidogenesis with glucocorticoid and mineralocorticoid metabolism,6,0.007257117,0.0012095195,1
control of skeletal myogenesis by hdac and calcium/calmodulin-dependent kinase (camk),10,0.007250622,0.0007250622,1
Regulation of gene expression by Hypoxia-inducible Factor,6,0.007244086,0.0012073476,1
regulators of bone mineralization,14,0.0072416402,0.00051726,1
pyrimidine ribonucleosides salvage I,5,0.0072406237,0.0014481248,1
Propanoate Metabolism,9,0.0072235456,0.0008026162,1
InlA-mediated entry of Listeria monocytogenes into host cells,8,0.007215952,0.000901994,1
Phytochemical activity on NRF2 transcriptional activation,25,0.007204602,0.0002881841,1
Metabolism of ingested H2SeO4 and H2SeO3 into H2Se,7,0.007197409,0.0010282013,1
The alternative pathway of fetal androgen synthesis,3,0.007172878,0.0023909593,1
Acetylcholine binding and downstream events,10,0.007148689,0.0007148689,1
RNA Polymerase III Transcription Initiation From Type 3 Promoter,22,0.007139208,0.00032450946,1
Secretion of Hydrochloric Acid in Parietal Cells,6,0.0071302885,0.0011883815,1
CD209 (DC-SIGN) signaling,23,0.0071258238,0.00030981842,1
palmitate biosynthesis,6,0.0071153874,0.0011858979,1
Sulindac Metabolic Pathway,9,0.007108609,0.0007898455,1
Pilocytic astrocytoma,10,0.007108126,0.0007108126,1
S1P5 pathway,14,0.007106799,0.0005076285,1
ABO blood group biosynthesis,7,0.007106048,0.0010151498,1
Omega-9 FA synthesis,7,0.007081601,0.0010116573,1
Wolman disease,14,0.0070563136,0.0005040224,1
Glycogen synthesis,17,0.0070360526,0.00041388546,1
catecholamine biosynthesis,11,0.0070282957,0.00063893595,1
Fructosuria,9,0.0070226383,0.00078029314,1
Malonic Aciduria,9,0.007021185,0.00078013167,1
Androgen and Estrogen Metabolism,10,0.007011324,0.0007011324,1
Kynurenine Pathway and links to Cellular Senescence,6,0.0070089893,0.0011681649,1
Canavan Disease,8,0.00700646,0.0008758075,1
malate-aspartate shuttle,17,0.0069983248,0.00041166617,1
Omega-6 fatty acid metabolism,18,0.0069975425,0.00038875235,1
MET activates RAS signaling,14,0.006995638,0.00049968844,1
Bile acids synthesis and enterohepatic circulation,11,0.006991476,0.0006355887,1
Gemcitabine Metabolism Pathway,14,0.006982713,0.0004987652,1
cholesterol biosynthesis I,15,0.0069789677,0.00046526451,1
Phase 3 - rapid repolarisation,11,0.006976141,0.00063419464,1
Clopidogrel Metabolism Pathway,7,0.0069708955,0.0009958422,1
Intrinsic Pathway of Fibrin Clot Formation,13,0.0069643394,0.0005357184,1
overview of telomerase rna component gene hterc transcriptional regulation,7,0.0069606965,0.0009943852,1
MAP kinase cascade,18,0.0069358544,0.00038532526,1
Caffeine metabolism - Homo sapiens (human),12,0.0069130315,0.00057608593,1
Malate-Aspartate Shuttle,7,0.006890221,0.0009843173,1
cbl mediated ligand-induced downregulation of egf receptors pathway,11,0.0068859174,0.0006259925,1
InlB-mediated entry of Listeria monocytogenes into host cell,12,0.0068837996,0.00057364994,1
TP53 Regulates Transcription of Death Receptors and Ligands,25,0.0068788724,0.0002751549,1
Interaction With Cumulus Cells And The Zona Pellucida,8,0.0068725143,0.0008590643,1
Intracellular Signalling Through LHCGR Receptor and Luteinizing Hormone/Choriogonadotropin,8,0.0068609715,0.00085762143,1
Membrane binding and targetting of GAG proteins,10,0.006858551,0.0006858551,1
generation of amyloid b-peptide by ps1,7,0.0068527516,0.0009789645,1
Catecholamine Biosynthesis,11,0.006840216,0.0006218378,1
Glutathione Synthetase Deficiency,4,0.0068366444,0.0017091611,1
Arf6 downstream pathway,14,0.006834024,0.00048814458,1
Methylation Pathways,8,0.006832031,0.0008540039,1
Activated NTRK3 signals through RAS,11,0.006821288,0.00062011706,1
Nicotine Metabolism,10,0.0068131224,0.00068131223,1
regulation of eif2,7,0.0068000793,0.0009714399,1
G1/S DNA Damage Checkpoints,9,0.006793446,0.00075482734,1
Thromboxane signalling through TP receptor,13,0.0067933397,0.0005225646,1
miRNA Biogenesis,6,0.0067848964,0.0011308161,1
Tamoxifen Action Pathway,13,0.006780273,0.00052155944,1
Medium chain acyl-coa dehydrogenase deficiency (MCAD),12,0.0067618587,0.0005634882,1
Chylomicron clearance,12,0.0067535597,0.00056279666,1
Activation of the AP-1 family of transcription factors,15,0.0067324485,0.0004488299,1
Triosephosphate isomerase,11,0.006729934,0.00061181217,1
asparagine degradation,13,0.0067204246,0.00051695574,1
Mitochondrial tRNA aminoacylation,11,0.0067051514,0.00060955924,1
EGFR interacts with phospholipase C-gamma,10,0.006701461,0.0006701461,1
RHOBTB1 GTPase cycle,12,0.0066944137,0.0005578678,1
p53-Dependent G1/S DNA damage checkpoint,9,0.006690953,0.0007434392,1
caspase cascade in apoptosis,9,0.006684403,0.0007427114,1
carm1 and regulation of the estrogen receptor,16,0.0066720033,0.0004170002,1
One carbon pool by folate - Homo sapiens (human),17,0.00664711,0.00039100647,1
inhibition of matrix metalloproteinases,16,0.0066450047,0.0004153128,1
phospholipase c delta in phospholipid associated cell signaling,5,0.006638744,0.0013277488,1
PTK6 promotes HIF1A stabilization,27,0.00663254,0.00024564963,1
Estrogen-stimulated signaling through PRKCZ,11,0.006613836,0.00060125784,1
RUNX3 regulates BCL2L11 (BIM) transcription,16,0.0065992703,0.0004124544,1
CLEC7A/inflammasome pathway,8,0.0065972707,0.00082465884,1
Interleukin-1 Induced Activation of NF-kappa-B,12,0.0065819235,0.00054849364,1
phospho-PLA2 pathway,6,0.0065789022,0.0010964837,1
Regulation of signaling by NODAL,25,0.006569144,0.00026276577,1
Uptake and function of diphtheria toxin,6,0.0065628337,0.0010938057,1
Fructose and Mannose Degradation,9,0.006543295,0.0007270328,1
17-alpha-hydroxylase deficiency (CYP17),6,0.006519538,0.0010865896,1
4-hydroxyproline degradation,6,0.0065100254,0.0010850042,1
D-<i>myo</i>-inositol-5-phosphate metabolism,19,0.00650089,0.0003421521,1
retinoate biosynthesis I,9,0.0064988667,0.0007220963,1
Dectin-1 mediated noncanonical NF-kB signaling,12,0.0064900466,0.00054083724,1
rRNA modification in the mitochondrion,2,0.0064851623,0.0032425812,1
21-hydroxylase deficiency (CYP21),6,0.0064849304,0.0010808217,1
G0 and Early G1,12,0.0064840615,0.00054033846,1
PCNA-Dependent Long Patch Base Excision Repair,16,0.006481309,0.0004050818,1
Toxicity of botulinum toxin type E (botE),7,0.006472718,0.000924674,1
superpathway of steroid hormone biosynthesis,9,0.0064723273,0.0007191475,1
Biosynthesis of maresin-like SPMs,5,0.0064710835,0.0012942167,1
Gamma-carboxylation of protein precursors,5,0.0064418046,0.0012883609,1
"4-hydroxytamoxifen, Dexamethasone, and Retinoic Acids Regulation of p27 Expression",13,0.006440793,0.0004954456,1
Sulfite oxidase deficiency,8,0.006435606,0.00080445077,1
Nanoparticle triggered regulated necrosis,14,0.0064333607,0.00045952576,1
SMAC (DIABLO) binds to IAPs ,4,0.0063878302,0.0015969576,1
Gap junction trafficking and regulation,20,0.006387054,0.0003193527,1
akap95 role in mitosis and chromosome dynamics,8,0.0063817883,0.00079772354,1
Glycosylphosphatidylinositol (GPI)-anchor biosynthesis - Homo sapiens (human),12,0.0063783163,0.00053152634,1
Metabolism of polyamines,10,0.0063761664,0.0006376166,1
"cholesterol biosynthesis II (via 24,25-dihydrolanosterol)",15,0.0063678757,0.00042452506,1
transcription regulation by methyltransferase of carm1,16,0.006364269,0.00039776682,1
Nevirapine Metabolism Pathway,7,0.0063583846,0.0009083407,1
"Carnosinuria, carnosinemia",7,0.006336216,0.0009051737,1
tyrosine degradation,3,0.0063221464,0.002107382,1
Vitamin B1 (thiamin) metabolism,17,0.006320939,0.00037181994,1
Cystathionine Beta-Synthase Deficiency,23,0.0063188085,0.00027473082,1
Glycosphingolipid biosynthesis - lactoseries,8,0.0063117854,0.0007889732,1
Pyrophosphate hydrolysis,3,0.0063073277,0.0021024426,1
Triglyceride biosynthesis,17,0.006298634,0.00037050789,1
Betaine Metabolism,11,0.006290971,0.00057190645,1
Liver X receptor pathway,4,0.0062898984,0.0015724746,1
RUNX3 regulates CDKN1A transcription,13,0.00628665,0.00048358846,1
Localization of the PINCH-ILK-PARVIN complex to focal adhesions,9,0.006277196,0.00069746625,1
sodd/tnfr1 signaling pathway,10,0.006274759,0.0006274759,1
Regulation of FOXO transcriptional activity by acetylation,11,0.0062709786,0.000570089,1
Bile Acid Biosynthesis,15,0.006256197,0.0004170798,1
Leading Strand Synthesis,14,0.0062513407,0.00044652433,1
tumor suppressor arf inhibits ribosomal biogenesis,12,0.0062420038,0.000520167,1
retinoate biosynthesis II,7,0.006236568,0.0008909383,1
brca1 dependent ub ligase activity,6,0.006227862,0.001037977,1
Excitatory Neural Signalling Through 5-HTR 7 and  Serotonin ,8,0.006225426,0.0007781783,1
Folate-Alcohol and Cancer Pathway Hypotheses,8,0.0062158755,0.00077698444,1
rho-selective guanine exchange factor akap13 mediates stress fiber formation,9,0.0062138434,0.000690427,1
phospholipase c signaling pathway,4,0.0062109404,0.0015527351,1
Hypoxia-mediated EMT and Stemness,6,0.0062053488,0.0010342248,1
stearate biosynthesis,10,0.006204334,0.0006204334,1
Gap junction trafficking,14,0.006201904,0.00044299313,1
Sensing of DNA Double Strand Breaks,3,0.006183918,0.002061306,1
The role of GTSE1 in G2/M progression after G2 checkpoint,7,0.0061664414,0.0008809202,1
folate transformations,10,0.0061616264,0.00061616267,1
Constitutive Signaling by NOTCH1 t(7;9)(NOTCH1:M1580_K2555) Translocation Mutant,5,0.0061579533,0.0012315906,1
Ketone body metabolism,6,0.0061574597,0.0010262433,1
ATP sensitive Potassium channels,6,0.0061469,0.0010244834,1
b cell survival pathway,9,0.006146502,0.00068294466,1
RUNX1 regulates transcription of genes involved in interleukin signaling,18,0.006130939,0.00034060772,1
NR1H2 & NR1H3 regulate gene expression to limit cholesterol uptake ,5,0.0061290665,0.0012258133,1
Bevacizumab Action Pathway,13,0.006128598,0.00047143063,1
KIT mutants bind TKIs,7,0.006116273,0.0008737533,1
glycogenolysis,9,0.0061123264,0.0006791474,1
Activated NTRK2 signals through CDK5,17,0.0061118393,0.00035951997,1
Caspase-mediated cleavage of cytoskeletal proteins,9,0.006108851,0.0006787612,1
Sorafenib Metabolism Pathway,13,0.0061016153,0.00046935503,1
Dopamine metabolism,15,0.0060994737,0.0004066316,1
Vitamin C (ascorbate) metabolism,7,0.006098874,0.0008712677,1
Wax and plasmalogen biosynthesis,12,0.0060966793,0.0005080566,1
Tgif disruption of Shh signaling,12,0.006089314,0.0005074428,1
Synthesis of PIPs at the ER membrane,4,0.006065661,0.0015164153,1
Lactose Degradation,5,0.0060639046,0.001212781,1
RNA Polymerase III Transcription Termination,16,0.006059066,0.00037869162,1
Processing of Intronless Pre-mRNAs,10,0.006056036,0.00060560356,1
Tramadol Metabolism Pathway,14,0.006038891,0.00043134936,1
Biosynthesis of maresins,7,0.00603226,0.00086175144,1
"Glycogenosis, Type IA. Von gierke disease",11,0.006024511,0.0005476828,1
MET activates PTK2 signaling,6,0.005992325,0.0009987209,1
purine nucleotides <i>de novo</i> biosynthesis,31,0.005977824,0.00019283303,1
acetone degradation I (to methylglyoxal),4,0.0059593813,0.0014898453,1
Gap junction degradation,13,0.005958276,0.00045832893,1
CYP2E1 reactions,7,0.005951423,0.00085020333,1
NTF3 activates NTRK3 signaling,11,0.005942809,0.00054025534,1
Steroids metabolism,14,0.005933042,0.00042378873,1
Latent infection - Other responses of Mtb to phagocytosis,5,0.005925045,0.001185009,1
Hh mutants are degraded by ERAD,10,0.0059173363,0.0005917336,1
Digestion,22,0.0059140003,0.0002688182,1
Riboflavin metabolism - Homo sapiens (human),3,0.0059081265,0.0019693754,1
Type II diabetes mellitus,16,0.0059040403,0.00036900252,1
G beta:gamma signalling through CDC42,11,0.0058998903,0.0005363537,1
Oxysterols derived from cholesterol,11,0.0058989692,0.0005362699,1
Glycoprotein hormones,3,0.005885566,0.0019618555,1
Fatty acid Metabolism,12,0.00588267,0.00049022253,1
TCA Cycle Nutrient Utilization and Invasiveness of Ovarian Cancer,13,0.005877497,0.00045211517,1
Rosuvastatin Action Pathway,14,0.0058729453,0.0004194961,1
Free fatty acids regulate insulin secretion,7,0.0058726263,0.0008389466,1
Mevalonic aciduria,14,0.0058699246,0.00041928032,1
SOS-mediated signalling,21,0.0058591436,0.00027900684,1
Amino Acid conjugation,3,0.005815424,0.0019384747,1
Formyl peptide receptors bind formyl peptides and many other ligands,20,0.0058063176,0.0002903159,1
Fatty Acid Omega Oxidation,10,0.0057988698,0.00057988695,1
Lidocaine metabolism,3,0.0057983138,0.0019327713,1
Signaling by FGFR2 fusions,11,0.005789815,0.0005263468,1
27-Hydroxylase Deficiency,15,0.0057782494,0.0003852166,1
DNA Damage Recognition in GG-NER,13,0.0057450025,0.00044192327,1
ornithine <i>de novo </i> biosynthesis,6,0.0057379412,0.0009563235,1
YAP1- and WWTR1 (TAZ)-stimulated gene expression,13,0.0057316488,0.00044089605,1
serine and glycine biosynthesis,12,0.0057297824,0.00047748187,1
TCA cycle in senescence,19,0.0057147513,0.0003007764,1
Regulation of Apoptosis,4,0.0056923977,0.0014230994,1
rRNA processing in the mitochondrion,2,0.0056890706,0.0028445353,1
ALK2 signaling events,14,0.0056876866,0.00040626334,1
Catecholamine biosynthesis,11,0.005680304,0.0005163913,1
pelp1 modulation of estrogen receptor activity,7,0.005658705,0.0008083864,1
Cyclin A/B1/B2 associated events during G2/M transition,16,0.005635178,0.00035219864,1
Leucine Stimulation on Insulin Signaling,23,0.0056324033,0.0002448871,1
dermatan sulfate degradation (metazoa),4,0.005623681,0.0014059203,1
LncRNA-mediated mechanisms of therapeutic resistance,8,0.0056165624,0.0007020703,1
Gamma-Glutamyltransferase Deficiency,4,0.005590019,0.0013975047,1
Synthesis and degradation of ketone bodies - Homo sapiens (human),5,0.0055860057,0.0011172012,1
Mismatch repair (MMR) directed by MSH2:MSH3 (MutSbeta),8,0.005585999,0.0006982499,1
Calcineurin activates NFAT,8,0.0055852896,0.0006981612,1
Activation of NOXA and translocation to mitochondria,9,0.0055765896,0.0006196211,1
Phosphorylation of Emi1,8,0.0055631096,0.0006953887,1
Vincristine Action Pathway,8,0.0055546747,0.00069433433,1
yaci and bcma stimulation of b cell immune responses,9,0.0055541694,0.00061712996,1
Carnitine Synthesis,3,0.0055476865,0.0018492289,1
internal ribosome entry pathway,12,0.005539987,0.00046166556,1
Vindesine Action Pathway,8,0.005531307,0.00069141336,1
protein kinase a at the centrosome,11,0.005528537,0.0005025943,1
Class IB PI3K non-lipid kinase events,8,0.0055222125,0.00069027656,1
p53-Dependent G1 DNA Damage Response,9,0.0055209007,0.0006134334,1
Inhibition of Signaling by Overexpressed EGFR,9,0.005507657,0.0006119619,1
"Gamma-carboxylation, transport, and amino-terminal cleavage of proteins",8,0.005498742,0.0006873428,1
Synthesis of Prostaglandins (PG) and Thromboxanes (TX),7,0.005489006,0.00078414375,1
Primary bile acid biosynthesis - Homo sapiens (human),15,0.005468879,0.00036459192,1
Glycogen synthetase deficiency,19,0.0054673124,0.0002877533,1
Transport of fatty acids,5,0.0054644165,0.0010928833,1
Galactose catabolism,4,0.005457567,0.0013643918,1
Metal sequestration by antimicrobial proteins,7,0.0054550143,0.0007792878,1
CS/DS degradation,4,0.005454365,0.0013635913,1
adenosine deoxyribonucleotides <i>de novo</i> biosynthesis,3,0.005439637,0.0018132124,1
Rapid glucocorticoid signaling,11,0.0054348595,0.00049407815,1
MECP2 regulates transcription of neuronal ligands,9,0.005423327,0.0006025919,1
oxidative stress induced gene expression via nrf2,22,0.0054166038,0.00024620927,1
superpathway of pyrimidine deoxyribonucleotides <i>de novo</i> biosynthesis,6,0.005400239,0.00090003986,1
molybdenum cofactor biosynthesis,3,0.005377707,0.0017925691,1
regulation of p27 phosphorylation during cell cycle progression,8,0.005374492,0.0006718115,1
Fatty Acids bound to GPR40 (FFAR1) regulate insulin secretion,5,0.0053685624,0.0010737125,1
serine biosynthesis (phosphorylated route),11,0.005359644,0.00048724038,1
mechanism of protein import into the nucleus,4,0.0053379154,0.0013344788,1
Constitutive Signaling by NOTCH1 HD Domain Mutants,17,0.0053328904,0.00031369945,1
Tyrosinemia Type 3 (TYRO3),15,0.0053304196,0.00035536132,1
Glucose-Alanine Cycle,6,0.005302228,0.0008837047,1
Endogenous sterols,8,0.005299202,0.00066240027,1
glycoaminoglycan-protein linkage region biosynthesis,10,0.0052984897,0.00052984897,1
NS1 Mediated Effects on Host Pathways,6,0.0052977153,0.00088295253,1
Arachidonate production from DAG,14,0.005294583,0.0003781845,1
Classical antibody-mediated complement activation,2,0.005291449,0.0026457245,1
Translesion Synthesis by POLH,14,0.0052850586,0.00037750418,1
Fatty acid transporters,10,0.005280746,0.0005280746,1
Phenylalanine metabolism,9,0.005269736,0.0005855262,1
Lidocaine (Local Anaesthetic) Metabolism Pathway,5,0.00525541,0.001051082,1
5-oxoprolinase deficiency,4,0.0052465615,0.0013116404,1
Nucleotide metabolism,8,0.005229657,0.00065370713,1
SCF-beta-TrCP mediated degradation of Emi1,10,0.0052274587,0.0005227459,1
Serine biosynthesis,16,0.005198685,0.0003249178,1
Fosinopril Action Pathway,4,0.0051983884,0.0012995971,1
Josephin domain DUBs,8,0.005191629,0.0006489536,1
Acetylcholine Synthesis,11,0.005182626,0.00047114783,1
Protein repair,7,0.0051816916,0.00074024167,1
Hijack of ubiquitination by SARS-CoV-2,28,0.005179603,0.00018498582,1
Heroin Metabolism Pathway,10,0.0051781037,0.00051781035,1
Glutathione Metabolism,4,0.0051680543,0.0012920136,1
Downregulation of ERBB4 signaling,16,0.0051629287,0.00032268304,1
15q11.2 copy number variation syndrome,4,0.005154142,0.0012885355,1
DNA-PK pathway in nonhomologous end joining,4,0.0051289853,0.0012822463,1
Sulfate/Sulfite Metabolism,8,0.005112046,0.00063900574,1
Diseases of programmed cell death,11,0.0051092156,0.00046447414,1
"COVID-19, thrombosis and anticoagulation",5,0.005102515,0.001020503,1
Clopidogrel Action Pathway,7,0.005099985,0.0007285693,1
Carnitine-acylcarnitine translocase deficiency,6,0.005094629,0.0008491048,1
Regulation of innate immune responses to cytosolic DNA,9,0.0050897333,0.0005655259,1
phenylalanine degradation/tyrosine biosynthesis,8,0.0050865225,0.0006358153,1
Lipid Metabolism Pathway,13,0.005063345,0.0003894881,1
Organic anion transporters,5,0.0050539547,0.0010107909,1
Transport of nucleosides and free purine and pyrimidine bases across the plasma membrane,9,0.005033697,0.00055929966,1
Mtb iron assimilation by chelation,5,0.005033649,0.0010067298,1
chondroitin sulfate degradation (metazoa),6,0.005032696,0.00083878264,1
Amino acid conjugation of benzoic acid,2,0.005026333,0.0025131665,1
APEX1-Independent Resolution of AP Sites via the Single Nucleotide Replacement Pathway,4,0.0050222706,0.0012555677,1
Defective ABCC8 can cause hypo- and hyper-glycemias,3,0.0049946597,0.0016648866,1
Polymerase switching on the C-strand of the telomere,18,0.0049923593,0.0002773533,1
Pentose phosphate cycle,10,0.00498923,0.000498923,1
HDL assembly,4,0.004972853,0.0012432133,1
MicroRNA network associated with chronic lymphocytic leukemia,8,0.004936391,0.0006170489,1
RUNX3 Regulates Immune Response and Cell Migration,21,0.0049269707,0.00023461765,1
superpathway of purine nucleotide salvage,29,0.0049269423,0.00016989456,1
DNA Damage Reversal,13,0.0048987637,0.000376828,1
ceramide <i>de novo</i> biosynthesis,13,0.0048977532,0.00037675025,1
Excitatory Neural Signalling Through 5-HTR 4 and Serotonin,8,0.0048892656,0.0006111582,1
Transport of Mature mRNAs Derived from Intronless Transcripts,11,0.0048869746,0.0004442704,1
Doxepin Metabolism Pathway,4,0.0048845275,0.0012211319,1
Tandem of pore domain in a weak inwardly rectifying K+ channels (TWIK),5,0.004878127,0.0009756254,1
Endoplasmic reticulum stress response in coronavirus infection,7,0.0048728255,0.00069611793,1
Capecitabine Metabolism Pathway,5,0.0048720767,0.00097441534,1
Translesion synthesis by REV1,16,0.004864889,0.00030405557,1
Cholesterol biosynthesis via lathosterol,7,0.0048588933,0.00069412764,1
Activation of caspases through apoptosome-mediated cleavage,4,0.00484518,0.001211295,1
phosphatidylserine biosynthesis II,6,0.004834218,0.000805703,1
"SUMO is transferred from E1 to E2 (UBE2I, UBC9)",4,0.004828836,0.001207209,1
Purine salvage,6,0.0048046387,0.0008007731,1
PLK3 signaling events,4,0.0047892574,0.0011973144,1
Non-homologous end joining,4,0.0047850283,0.0011962571,1
purine nucleotides degradation,21,0.0047765006,0.00022745242,1
"SMAC, XIAP-regulated apoptotic response",4,0.0047526346,0.0011881586,1
Transcription of E2F targets under negative control by DREAM complex,4,0.0047487402,0.0011871851,1
"Cystinosis, ocular nonnephropathic",15,0.004741641,0.00031610942,1
Lipid particle organization,4,0.0047222,0.00118055,1
Constitutive Signaling by Overexpressed ERBB2,19,0.004699093,0.00024732068,1
FBXL7 down-regulates AURKA during mitotic entry and in early mitosis,7,0.0046793707,0.0006684815,1
Phosphate bond hydrolysis by NTPDase proteins,3,0.0046737622,0.0015579207,1
Beta Oxidation of Very Long Chain Fatty Acids,6,0.0046729413,0.00077882357,1
Ca2+ activated K+ channels,13,0.004663154,0.00035870416,1
prion pathway,23,0.004661336,0.00020266678,1
Chaperone Mediated Autophagy,13,0.0046603857,0.0003584912,1
Synthesis of PIPs in the nucleus,3,0.0046488643,0.0015496215,1
e2f1 destruction pathway,8,0.0046485546,0.0005810693,1
AlphaE beta7 integrin cell surface interactions,7,0.004645051,0.0006635787,1
VLDL assembly,10,0.0046433494,0.00046433494,1
17-Beta Hydroxysteroid Dehydrogenase III Deficiency,10,0.00463919,0.00046391902,1
Caspase activation via Dependence Receptors in the absence of ligand,18,0.0046346756,0.00025748197,1
Zinc efflux and compartmentalization by the SLC30 family,13,0.0046289167,0.00035607052,1
Stabilization of p53,5,0.0046275435,0.0009255087,1
Nucleotide Excision Repair ,14,0.0045875213,0.00032768009,1
"Glycogenosis, Type IB",11,0.0045873835,0.00041703487,1
N-glycan trimming and elongation in the cis-Golgi,7,0.004586704,0.00065524346,1
Suppression of apoptosis,9,0.0045677936,0.0005075326,1
FOXA2 pathway,20,0.0045594024,0.00022797011,1
Drug-mediated inhibition of ERBB2 signaling,7,0.004553236,0.0006504623,1
Congenital Bile Acid Synthesis Defect Type II,15,0.004549985,0.00030333232,1
Classical Kir channels,21,0.0045479587,0.00021656946,1
D-galactose degradation V (Leloir pathway),6,0.0045463284,0.0007577214,1
"Metabolism of ingested SeMet, Sec, MeSec into H2Se",10,0.004533595,0.0004533595,1
Steroidogenesis,6,0.004518258,0.000753043,1
cholesterol biosynthesis III (via desmosterol),15,0.004514228,0.00030094854,1
Lewis blood group biosynthesis,12,0.004501453,0.0003751211,1
Protein methylation,19,0.0044991234,0.00023679597,1
Molybdenum cofactor biosynthesis,7,0.0044988017,0.000642686,1
Kennedy pathway from sphingolipids,16,0.004487027,0.00028043918,1
ethanol degradation II,4,0.00447157,0.0011178924,1
5-Oxoprolinuria,4,0.004461227,0.0011153067,1
Regulation of commissural axon pathfinding by SLIT and ROBO,27,0.0044571194,0.0001650785,1
rb tumor suppressor/checkpoint signaling in response to dna damage,14,0.004437449,0.00031696065,1
NTRK3 as a dependence receptor,4,0.0044351546,0.0011087887,1
Synthesis of dolichyl-phosphate mannose,3,0.004433037,0.0014776789,1
Hyaluronan uptake and degradation,8,0.004428214,0.00055352674,1
cyclin e destruction pathway,10,0.0044165384,0.00044165383,1
RHO GTPases activate CIT,19,0.004408291,0.00023201531,1
Cyclophosphamide Action Pathway,5,0.0043931454,0.0008786291,1
Triglyceride catabolism,11,0.0043871813,0.00039883467,1
Sulfur metabolism - Homo sapiens (human),8,0.0043668556,0.00054585695,1
methionine degradation,7,0.004356112,0.0006223017,1
Oxidation of Branched Chain Fatty Acids,8,0.004355866,0.00054448325,1
Killing mechanisms,15,0.0043538203,0.00029025468,1
Regulation of PTEN mRNA translation,7,0.0043531433,0.0006218776,1
"Deregulated CDK5 triggers multiple neurodegenerative pathways in Alzheimer,s disease models",10,0.004352836,0.00043528358,1
alternative complement pathway,8,0.004336812,0.0005421015,1
Histamine receptors,7,0.0043365452,0.00061950646,1
Short-chain 3-hydroxyacyl-CoA dehydrogenase deficiency (SCHAD),9,0.0043295436,0.0004810604,1
Signaling by MRAS-complex mutants,6,0.0043241335,0.0007206889,1
Glutathione synthesis and recycling,4,0.0043186885,0.0010796721,1
coenzyme A biosynthesis,9,0.004317466,0.00047971847,1
Cyclophosphamide Metabolism Pathway,5,0.004313178,0.00086263556,1
Glucocorticoid biosynthesis,4,0.0043081986,0.0010770496,1
Captopril Action Pathway,4,0.004307338,0.0010768345,1
Pyruvaldehyde Degradation,3,0.0042864145,0.0014288048,1
Signaling by kinase domain mutants of KIT,7,0.004283161,0.00061188015,1
Aromatase deficiency,10,0.004280254,0.00042802538,1
Lipoate metabolism,8,0.0042703734,0.0005337967,1
Mitochondrial transcription termination,3,0.0042482247,0.0014160749,1
Vinblastine Action Pathway,9,0.0042396775,0.00047107527,1
MAPK and NFkB signaling pathways inhibited by Yersinia YopJ,5,0.004232322,0.00084646436,1
PDGFR-alpha signaling pathway,22,0.004223647,0.00019198396,1
Organic anion transport,2,0.0042108227,0.0021054114,1
Response to metal ions,2,0.0042021954,0.0021010977,1
mevalonate pathway,5,0.0041915616,0.0008383123,1
Proximal tubule bicarbonate reclamation - Homo sapiens (human),26,0.004184908,0.00016095799,1
Regulation of BACH1 activity,10,0.0041840486,0.00041840487,1
Degradation of GABA,3,0.004162957,0.0013876524,1
Inflammasomes,16,0.0041572717,0.00025982948,1
Sperm Motility And Taxes,9,0.0041569057,0.0004618784,1
mTORC1-mediated signalling,13,0.0041466565,0.0003189736,1
Ureidopropionase deficiency,7,0.0041458616,0.0005922659,1
Vinorelbine Action Pathway,9,0.004140735,0.00046008168,1
overview of telomerase protein component gene htert transcriptional regulation,7,0.0041296124,0.0005899446,1
Reuptake of GABA,6,0.00412438,0.0006873967,1
S-adenosyl-L-methionine biosynthesis,5,0.0041183727,0.00082367455,1
Release of apoptotic factors from the mitochondria,4,0.004097527,0.0010243817,1
"Fructose intolerance, hereditary",9,0.0040670293,0.00045189215,1
Heme degradation,22,0.0040608514,0.00018458416,1
Alpha Linolenic Acid and Linoleic Acid Metabolism,4,0.0040506357,0.0010126589,1
Vitamin H (biotin) metabolism,5,0.00404552,0.000809104,1
ALKBH3 mediated reversal of alkylation damage,6,0.004044249,0.0006740415,1
Prevention of phagosomal-lysosomal fusion,4,0.00404235,0.0010105876,1
L-glutamine tRNA biosynthesis,4,0.0040337564,0.0010084391,1
Transcription of E2F targets under negative control by p107 (RBL1) and p130 (RBL2) in complex with HDAC1,5,0.0040323627,0.00080647256,1
Post-chaperonin tubulin folding pathway,6,0.004028741,0.0006714568,1
RSK activation,8,0.004022663,0.0005028329,1
creatine-phosphate biosynthesis,2,0.004001341,0.0020006704,1
miRNAs involved in DNA damage response,12,0.00399715,0.0003330958,1
L-cysteine degradation I,9,0.0039946153,0.00044384613,1
Propionyl-CoA catabolism,5,0.0039913296,0.0007982659,1
MAPK3 (ERK1) activation,5,0.003984494,0.00079689885,1
Congenital disorder of glycosylation CDG-IId,9,0.003975468,0.0004417187,1
Folding of actin by CCT/TriC,8,0.003961631,0.0004952039,1
pentose phosphate pathway,2,0.003953297,0.0019766486,1
HIPK2 in kidney fibrosis,2,0.0039498266,0.0019749133,1
Signalling to STAT3,5,0.0039476845,0.0007895369,1
SARS-CoV-2 and angiotensin-converting enzyme 2 receptor- molecular mechanisms,7,0.00394368,0.0005633828,1
Opsins,3,0.0039322414,0.0013107471,1
adenosine ribonucleotides <i>de novo</i> biosynthesis,22,0.0039242897,0.00017837681,1
Blood group systems biosynthesis,17,0.0039224885,0.00023073461,1
Regulation of TP53 Activity through Association with Co-factors,17,0.0039155288,0.00023032523,1
Transport of Mature mRNA Derived from an Intronless Transcript,11,0.003907855,0.00035525954,1
Transcription from mitochondrial promoters,6,0.003900358,0.00065005966,1
Fosphenytoin (Antiarrhythmic) Metabolism Pathway,9,0.0038954732,0.00043283036,1
Integrated Cancer Pathway,5,0.003886977,0.0007773954,1
mitochondrial fatty acid beta-oxidation of saturated fatty acids,5,0.0038858063,0.0007771613,1
Mitochondrial Beta-Oxidation of Short Chain Saturated Fatty Acids,9,0.0038831402,0.00043146,1
Carnitine metabolism,6,0.0038830363,0.00064717274,1
GLUT-1 deficiency syndrome,9,0.0038755068,0.00043061186,1
Invadopodia formation,6,0.003871398,0.000645233,1
Regulation of PTEN localization,11,0.0038665812,0.0003515074,1
pyrimidine deoxyribonucleotides <i>de novo</i> biosynthesis,5,0.0038602478,0.00077204953,1
Replication of the SARS-CoV-2 genome,6,0.0038526375,0.0006421062,1
CREB1 phosphorylation through the activation of CaMKII/CaMKK/CaMKIV cascasde,7,0.0038504864,0.0005500695,1
Pantothenate and CoA Biosynthesis,6,0.0038477895,0.00064129825,1
Free fatty acid receptors,1,0.0038436244,0.0038436244,1
thyroid hormone metabolism I (via deiodination),6,0.0038421513,0.00064035854,1
Androgen biosynthesis,5,0.0038373424,0.0007674685,1
Regulation of gene expression in beta cells,5,0.0038363966,0.0007672793,1
PP2A-mediated dephosphorylation of key metabolic factors,6,0.003807236,0.00063453935,1
Galactose Metabolism,13,0.0038006478,0.00029235752,1
Conjugation of benzoate with glycine,3,0.0037990664,0.0012663555,1
thyroid hormone metabolism II (via conjugation and/or degradation),15,0.0037857383,0.00025238254,1
"Gamma-glutamyl cycle for the biosynthesis and degradation of glutathione, including diseases",3,0.003779035,0.0012596784,1
sumoylation by ranbp2 regulates transcriptional repression,9,0.0037789429,0.00041988253,1
Mitotic Metaphase/Anaphase Transition,5,0.0037719817,0.0007543963,1
SLIT2:ROBO1 increases RHOA activity,16,0.0037695994,0.00023559996,1
sulfate activation for sulfonation,6,0.003740106,0.000623351,1
Lisinopril Action Pathway,4,0.0037398343,0.0009349586,1
Scavenging of heme from plasma,5,0.003738494,0.00074769877,1
ROBO receptors bind AKAP5,13,0.0037384797,0.00028757536,1
Negative feedback regulation of MAPK pathway,7,0.0037237245,0.0005319606,1
Phosphoenolpyruvate carboxykinase deficiency 1 (PEPCK1),11,0.003722692,0.00033842653,1
RHOBTB3 ATPase cycle,7,0.0037165089,0.0005309298,1
Mismatch Repair,8,0.00368396,0.000460495,1
Gamma-cystathionase deficiency (CTH),9,0.003682097,0.0004091219,1
L-cysteine degradation II,9,0.0036807165,0.0004089685,1
<i>S</i>-methyl-5-thio-α-D-ribose 1-phosphate degradation,3,0.0036777828,0.0012259276,1
Removal of the Flap Intermediate,6,0.0036758124,0.0006126354,1
snRNP Assembly,16,0.003667837,0.00022923981,1
Ramipril Action Pathway,4,0.0036677574,0.00091693935,1
Cetuximab Action Pathway,3,0.0036671737,0.0012223913,1
Activation of RAC1 downstream of NMDARs,6,0.0036566623,0.0006094437,1
CDT1 association with the CDC6:ORC:origin complex,6,0.0036538688,0.00060897815,1
Lysosphingolipid and LPA receptors,24,0.0036500958,0.00015208732,1
Signaling by FGFR2 amplification mutants,11,0.0036416345,0.00033105767,1
progesterone biosynthesis,2,0.0036348775,0.0018174388,1
Metabolism of non-coding RNA,16,0.0036334493,0.00022709058,1
PLCG1 events in ERBB2 signaling,5,0.0036111323,0.00072222645,1
RUNX2 regulates genes involved in differentiation of myeloid cells,3,0.0036097034,0.0012032344,1
Temocapril Action Pathway,4,0.0036081383,0.0009020346,1
guanosine deoxyribonucleotides <i>de novo</i> biosynthesis,3,0.0036001052,0.0012000351,1
"Progressive trimming of alpha-1,2-linked mannose residues from Man9/8/7GlcNAc2 to produce Man5GlcNAc2",4,0.0035855488,0.0008963872,1
Amino Acid Metabolism Pathway Excerpt (Histidine catabolism extension),2,0.0035840566,0.0017920283,1
superpathway of choline degradation to L-serine,6,0.0035797486,0.00059662474,1
Pathways of nucleic acid metabolism and innate immune sensing,7,0.0035760065,0.0005108581,1
bupropion degradation,3,0.0035665203,0.0011888401,1
11-beta-hydroxylase deficiency (CYP11B1),6,0.003566124,0.000594354,1
Caffeine Metabolism,12,0.003566085,0.00029717374,1
Lactose synthesis,5,0.0035625822,0.0007125164,1
Mitochondrial fatty acid synthesis pathway,6,0.0035522527,0.0005920421,1
Starch and Sucrose Metabolism,19,0.0035486375,0.0001867704,1
Neurodegenerative Diseases,10,0.0035434323,0.00035434324,1
Mitotic Telophase/Cytokinesis,5,0.0035289389,0.0007057878,1
Fluoroacetic acid toxicity,6,0.0035284408,0.00058807345,1
Early Phase of HIV Life Cycle,6,0.0035213628,0.0005868938,1
GABA shunt,9,0.0034952848,0.00038836498,1
visual signal transduction,6,0.0034951677,0.00058252795,1
Rosiglitazone Metabolism Pathway,4,0.00348927,0.0008723175,1
HIF1A and PPARG regulation of glycolysis,10,0.0034746137,0.00034746138,1
Thyroxine (Thyroid Hormone) Production,9,0.0034715165,0.00038572407,1
asparagine biosynthesis,10,0.0034702048,0.00034702048,1
Corticosterone methyl oxidase I deficiency (CMO I),6,0.0034674378,0.0005779063,1
histidine degradation,2,0.0034642583,0.0017321291,1
Attachment and Entry,5,0.0034641,0.00069282,1
TGF-beta receptor signaling in EMT (epithelial to mesenchymal transition),22,0.0034629703,0.00015740773,1
gluconeogenesis,13,0.0034570587,0.00026592758,1
Transport and synthesis of PAPS,8,0.003454663,0.0004318329,1
Etoposide Metabolism Pathway,13,0.0034505466,0.00026542667,1
MET activates RAP1 and RAC1,7,0.0034453096,0.0004921871,1
proline biosynthesis,4,0.0034420367,0.0008605092,1
Sphingolipid Metabolism (general overview),24,0.003441036,0.0001433765,1
Homocysteine Degradation,9,0.0034162193,0.00037957993,1
Signaling by juxtamembrane domain KIT mutants,7,0.003416007,0.00048800098,1
ARL13B-mediated ciliary trafficking of INPP5E,5,0.0034097396,0.0006819479,1
Phosphorylation of proteins involved in G1/S transition by active Cyclin E:Cdk2 complexes,3,0.0033906186,0.0011302062,1
Losartan Action Pathway,4,0.0033890172,0.0008472543,1
Porphyria Variegata (PV),9,0.003383781,0.00037597568,1
fatty acid β-oxidation (peroxisome),16,0.0033723193,0.00021076995,1
Replication of the SARS-CoV-1 genome,6,0.003370814,0.00056180236,1
Congenital Lipoid Adrenal Hyperplasia (CLAH) or Lipoid CAH,6,0.0033536039,0.000558934,1
alpha-synuclein and parkin-mediated proteolysis in parkinson`s disease,10,0.0033420306,0.00033420307,1
Trastuzumab Action Pathway,3,0.0033306181,0.001110206,1
Activation of PUMA and translocation to mitochondria,13,0.0033260598,0.00025585075,1
thiamin salvage III,12,0.003325334,0.00027711116,1
Imipramine Metabolism Pathway,3,0.0033204493,0.0011068165,1
Perindopril Action Pathway,4,0.0033183866,0.00082959665,1
SCFA and skeletal muscle substrate metabolism,5,0.0033121705,0.0006624341,1
Pexophagy,4,0.0033094888,0.0008273722,1
Transport of connexons to the plasma membrane,10,0.0033086129,0.00033086128,1
pentose phosphate pathway (non-oxidative branch),1,0.0033077376,0.0033077376,1
Synthesis and processing of ENV and VPU,3,0.003284535,0.001094845,1
Fibronectin matrix formation,5,0.0032797868,0.0006559574,1
Astrocytic Glutamate-Glutamine Uptake And Metabolism,11,0.0032717686,0.0002974335,1
Late endosomal microautophagy,9,0.0032590216,0.0003621135,1
Cellular Proteostasis,5,0.0032505358,0.00065010716,1
reversal of insulin resistance by leptin,8,0.003250182,0.00040627274,1
Vitamin B6-dependent and responsive disorders,4,0.0032486825,0.0008121706,1
guanosine nucleotides <i>de novo</i> biosynthesis,4,0.003244306,0.0008110765,1
Cohesin Loading onto Chromatin,4,0.0032432354,0.00081080885,1
Signaling by FGFR2 IIIa TM,14,0.0032409092,0.00023149351,1
Methotrexate Action Pathway,11,0.0032373606,0.0002943055,1
Paclitaxel Action Pathway,7,0.0032356512,0.00046223588,1
Negative regulation of TCF-dependent signaling by DVL-interacting proteins,3,0.0032348158,0.0010782719,1
E2F mediated regulation of DNA replication,11,0.0032317224,0.00029379295,1
Unfolded Protein Response (UPR),8,0.0032299708,0.00040374635,1
Thyroxine biosynthesis,9,0.003228871,0.00035876344,1
TNFR1-induced proapoptotic signaling,8,0.003221481,0.00040268514,1
sphingosine and sphingosine-1-phosphate metabolism,7,0.0032203384,0.00046004835,1
ifn alpha signaling pathway,19,0.0032186282,0.00016940148,1
DDX1 as a regulatory component of the Drosha microprocessor,3,0.0032143772,0.001071459,1
γ-glutamyl cycle,4,0.0032131423,0.00080328557,1
Clomipramine Metabolism Pathway,3,0.0032060125,0.0010686709,1
methionine salvage,2,0.0032005426,0.0016002713,1
Synthesis of Ketone Bodies,6,0.003199857,0.0005333095,1
Fructose biosynthesis,2,0.0031915794,0.0015957897,1
"Glycogenosis, Type VII. Tarui disease",5,0.0031809201,0.000636184,1
Eprosartan Action Pathway,4,0.0031784815,0.00079462037,1
Disinhibition of SNARE formation,6,0.0031639948,0.0005273325,1
acetate conversion to acetyl-CoA,2,0.0031596366,0.0015798183,1
Methylmalonic Aciduria Due to Cobalamin-Related Disorders,9,0.0031564878,0.00035072086,1
Establishment of Sister Chromatid Cohesion,3,0.003149747,0.0010499157,1
Inactivation of CDC42 and RAC1,21,0.0031472375,0.00014986846,1
ROS sensing by NFE2L2,10,0.0031326055,0.00031326053,1
C20 prostanoid biosynthesis,6,0.0031278087,0.00052130147,1
2-LTR circle formation,3,0.0031253207,0.0010417736,1
Arachidonate Epoxygenase - Epoxide Hydrolase,4,0.0031218883,0.00078047207,1
Citalopram Metabolism Pathway,3,0.0031206075,0.0010402024,1
tetrahydrobiopterin <i>de novo</i> biosynthesis,4,0.0031124104,0.0007781026,1
glycine betaine degradation,2,0.0031103925,0.0015551962,1
purine deoxyribonucleosides salvage,4,0.003096426,0.0007741065,1
Microbial modulation of RIPK1-mediated regulated necrosis,3,0.003091897,0.0010306323,1
Signaling by MAP2K mutants,5,0.00308349,0.000616698,1
Riboflavin Metabolism,5,0.0030801431,0.0006160286,1
formaldehyde oxidation,1,0.0030790914,0.0030790914,1
Conjugation of carboxylic acids,3,0.0030745133,0.0010248377,1
eukaryotic protein translation,5,0.0030730315,0.0006146063,1
The NLRP3 inflammasome,7,0.003059083,0.00043701185,1
Congenital Erythropoietic Porphyria (CEP) or Gunther Disease,9,0.0030472067,0.0003385785,1
Gamma-glutamyl-transpeptidase deficiency,4,0.003046962,0.0007617405,1
Polyol Pathway,3,0.0030399852,0.0010133284,1
Pregnenolone biosynthesis,11,0.0030372974,0.00027611793,1
pyrimidine deoxyribonucleosides salvage,4,0.003029489,0.00075737224,1
Telomere Extension By Telomerase,9,0.0030250535,0.00033611705,1
Cholesterol biosynthesis via desmosterol,7,0.003020124,0.0004314463,1
Conjugation of salicylate with glycine,3,0.0030179096,0.0010059698,1
Corticosterone methyl oxidase II deficiency - CMO II,6,0.0030158742,0.0005026457,1
"Endohydrolysis of 1,4-alpha-D-glucosidic linkages in polysaccharides by alpha-amylase",11,0.0030148404,0.0002740764,1
Ion influx/efflux at host-pathogen interface,4,0.0030119687,0.0007529922,1
Adrenal Hyperplasia Type 5 or Congenital Adrenal Hyperplasia due to 17 Alpha-hydroxylase Deficiency,6,0.003008939,0.00050148985,1
Signaling by extracellular domain mutants of KIT,7,0.0029934212,0.0004276316,1
Nucleobase biosynthesis,9,0.0029849838,0.00033166487,1
NGF processing,15,0.002983858,0.00019892388,1
1q21.1 copy number variation syndrome,29,0.0029787158,0.00010271434,1
Adrenaline signalling through Alpha-2 adrenergic receptor,5,0.0029683686,0.0005936737,1
SLBP independent Processing of Histone Pre-mRNAs,1,0.002941208,0.002941208,1
Sema4D mediated inhibition of cell attachment and migration,10,0.002935186,0.0002935186,1
Activation of AKT2,5,0.0029310018,0.0005862004,1
NR1H2 & NR1H3 regulate gene expression to control bile acid homeostasis,7,0.0029263522,0.0004180503,1
Ubiquitin Mediated Degradation of Phosphorylated Cdc25A,2,0.0029249357,0.0014624678,1
Zellweger Syndrome,15,0.0029137144,0.00019424762,1
Glycogen Storage Disease Type 1A (GSD1A) or Von Gierke Disease,11,0.002912511,0.00026477373,1
Ubiquitin-dependent degradation of Cyclin D,9,0.002912057,0.0003235619,1
G2/M DNA replication checkpoint,2,0.0029093695,0.0014546848,1
lactate fermentation (reoxidation of cytosolic NADH),2,0.0028990326,0.0014495163,1
"urate biosynthesis/inosine 5,-phosphate degradation",9,0.0028880876,0.00032089863,1
dolichyl-diphosphooligosaccharide biosynthesis,3,0.002881358,0.00096045266,1
NTF4 activates NTRK2 (TRKB) signaling,10,0.0028785812,0.00028785813,1
Synthesis of bile acids and bile salts via 27-hydroxycholesterol,5,0.0028761649,0.00057523296,1
superpathway of pyrimidine deoxyribonucleoside salvage,5,0.002875848,0.0005751696,1
Spermidine and Spermine Biosynthesis,3,0.0028689117,0.0009563039,1
Tyrosine catabolism,3,0.0028666677,0.0009555559,1
Autodegradation of the E3 ubiquitin ligase COP1,3,0.0028608602,0.00095362007,1
Neurofascin interactions,6,0.002856765,0.0004761275,1
glycogen biosynthesis,14,0.0028493602,0.00020352573,1
p75NTR recruits signalling complexes,13,0.0028452433,0.00021886487,1
pyrimidine ribonucleosides degradation,7,0.0028449919,0.0004064274,1
Excitatory Neural Signalling Through 5-HTR 6 and Serotonin ,7,0.0028434533,0.0004062076,1
Aflatoxin B1 metabolism,5,0.0028246453,0.00056492904,1
Phosphonate and phosphinate metabolism - Homo sapiens (human),2,0.0028220627,0.0014110313,1
Transport of nucleotide sugars,5,0.0028212247,0.0005642449,1
Ifosfamide Metabolism Pathway,5,0.00281743,0.000563486,1
platelet amyloid precursor protein pathway,8,0.002816517,0.0003520646,1
Biosynthesis of electrophilic ?-3 PUFA oxo-derivatives,4,0.0028148876,0.0007037219,1
Spirapril Metabolism Pathway,1,0.0028133702,0.0028133702,1
PLC-gamma1 signalling,3,0.00277927,0.00092642335,1
Familial Hypercholanemia (FHCA),15,0.0027683075,0.00018455384,1
Alpha-defensins,4,0.002768261,0.0006920652,1
"Degradation pathway of sphingolipids, including diseases",24,0.0027460621,0.00011441926,1
Congenital Bile Acid Synthesis Defect Type III,15,0.002728561,0.00018190406,1
STAT6-mediated induction of chemokines,1,0.002718456,0.002718456,1
Arylamine metabolism,12,0.0027060509,0.00022550423,1
heme degradation,2,0.00269481,0.001347405,1
Lactic Acidemia,1,0.0026946308,0.0026946308,1
Docetaxel Action Pathway,7,0.002691615,0.0003845164,1
NOSTRIN mediated eNOS trafficking,6,0.002688804,0.000448134,1
AKT phosphorylates targets in the cytosol,7,0.002681424,0.00038306057,1
Lactose Synthesis,9,0.002681061,0.00029789566,1
Venlafaxine Metabolism Pathway,2,0.0026798681,0.0013399341,1
Activation of AMPA receptors,6,0.0026794595,0.0004465766,1
hiv-1 defeats host-mediated resistance by cem15,4,0.0026707603,0.00066769007,1
"Phase I biotransformations, non P450",5,0.0026699794,0.00053399586,1
E2F-enabled inhibition of pre-replication complex formation,5,0.0026575965,0.0005315193,1
Beta-Alanine Metabolism,7,0.0026531257,0.00037901796,1
NR1D1 (REV-ERBA) represses gene expression,2,0.0026466188,0.0013233094,1
"<i>S</i>-methyl-5,-thioadenosine degradation",2,0.0026367698,0.0013183849,1
ketogenesis,5,0.0026282654,0.0005256531,1
"Formation of the active cofactor, UDP-glucuronate",5,0.0026259816,0.0005251963,1
NADE modulates death signalling,4,0.0026202167,0.0006550542,1
Spirapril Action Pathway,4,0.0026089754,0.00065224385,1
Transport of connexins along the secretory pathway,10,0.002586236,0.0002586236,1
Cimetidine Metabolism Pathway,2,0.002585207,0.0012926036,1
Alanine Metabolism,1,0.0025819847,0.0025819847,1
Olmesartan Action Pathway,4,0.002577719,0.00064442976,1
Leptin and adiponectin,10,0.002576138,0.00025761378,1
pregnenolone biosynthesis,1,0.0025608793,0.0025608793,1
uracil degradation,3,0.002558847,0.000852949,1
metabolism of anandamide an endogenous cannabinoid,6,0.0025529563,0.00042549273,1
lactose degradation III,20,0.0025413788,0.00012706894,1
Catalytic cycle of mammalian Flavin-containing MonoOxygenases (FMOs),5,0.002536583,0.0005073166,1
Capecitabine Action Pathway,5,0.0025360805,0.0005072161,1
Activation of RAC1,21,0.0025252642,0.000120250676,1
Axonal growth inhibition (RHOA activation),8,0.0025219473,0.0003152434,1
granzyme a mediated apoptosis pathway,5,0.002521642,0.0005043284,1
Mismatch repair (MMR) directed by MSH2:MSH6 (MutSalpha),7,0.0024857128,0.00035510183,1
Reversal of alkylation damage by DNA dioxygenases,7,0.0024808836,0.00035441195,1
cycling of ran in nucleocytoplasmic transport,3,0.0024722135,0.0008240712,1
Mitochondrial LC-Fatty Acid Beta-Oxidation,7,0.0024705913,0.00035294163,1
3-Beta-Hydroxysteroid Dehydrogenase Deficiency,6,0.0024687839,0.000411464,1
"tRNA-derived small RNA (tsRNA or tRNA-related fragment, tRF) biogenesis",5,0.0024638,0.00049276,1
Regulation of beta-cell development,5,0.0024513272,0.00049026543,1
Terminal pathway of complement,5,0.0024354106,0.0004870821,1
superpathway of geranylgeranyldiphosphate biosynthesis I (via mevalonate),5,0.0024260627,0.00048521254,1
Recycling of eIF2:GDP,2,0.0024231756,0.0012115878,1
"Adrenoleukodystrophy, X-linked",6,0.002421932,0.00040365534,1
choline degradation,4,0.0024216222,0.00060540554,1
basic mechanism of action of ppara pparb(d) and pparg and effects on gene expression,13,0.0024178864,0.00018599126,1
Fluoxetine Metabolism Pathway,2,0.0024124593,0.0012062297,1
Methionine metabolism leading to sulfur amino acids and related disorders,8,0.0024040446,0.00030050558,1
Inhibition of replication initiation of damaged DNA by RB1/E2F1,6,0.0023977165,0.00039961943,1
Teniposide Metabolism Pathway,2,0.0023927246,0.0011963623,1
Erythrocytes take up carbon dioxide and release oxygen,3,0.002391812,0.0007972706,1
fatty acid α-oxidation III,3,0.002387841,0.000795947,1
Leukotriene receptors,4,0.0023817,0.000595425,1
Mitochondrial Beta-Oxidation of Medium Chain Saturated Fatty Acids,6,0.0023691088,0.00039485146,1
glutathione biosynthesis,2,0.0023668176,0.0011834088,1
Type II Na+/Pi cotransporters,1,0.0023622182,0.0023622182,1
Beta-mercaptolactate-cysteine disulfiduria,15,0.0023616098,0.00015744065,1
Microtubule-dependent trafficking of connexons from Golgi to the plasma membrane,9,0.0023612645,0.00026236274,1
α-tocopherol degradation,1,0.0023610531,0.0023610531,1
Hypophosphatasia,4,0.0023476698,0.00058691745,1
Cilazapril Action Pathway,4,0.0023468402,0.00058671006,1
PKA-mediated phosphorylation of key metabolic factors,2,0.0023351961,0.0011675981,1
noradrenaline and adrenaline degradation,17,0.002334165,0.00013730382,1
Alternative complement activation,4,0.0023323337,0.0005830834,1
fosb gene expression and drug abuse,4,0.0023280082,0.00058200205,1
Regulation of PAK-2p34 activity by PS-GAP/RHG10,2,0.0023258943,0.0011629472,1
Retrograde neurotrophin signalling,11,0.0023154875,0.00021049887,1
Transfer of LPS from LBP carrier to CD14,3,0.0023125627,0.00077085424,1
4-hydroxybenzoate biosynthesis,2,0.0023122383,0.0011561192,1
Aurora C signaling,3,0.0023091661,0.00076972204,1
Lactose Intolerance,5,0.0023074148,0.00046148297,1
Glial Cell Differentiation,11,0.002297696,0.00020888145,1
HDR through MMEJ (alt-NHEJ),9,0.0022968363,0.00025520404,1
Nucleotide Sugars Metabolism,8,0.0022965495,0.0002870687,1
Quinapril Action Pathway,4,0.0022929283,0.0005732321,1
Attachment of GPI anchor to uPAR,8,0.0022875913,0.00028594892,1
Metallothioneins bind metals,2,0.0022692527,0.0011346263,1
TRIF-mediated programmed cell death,19,0.002265813,0.00011925332,1
RHOT2 GTPase cycle,5,0.0022602836,0.0004520567,1
diphthamide biosynthesis,2,0.0022518907,0.0011259454,1
purine ribonucleosides degradation to ribose-1-phosphate,5,0.002251092,0.00045021842,1
"<i>trans, trans</i>-farnesyl diphosphate biosynthesis",2,0.002239541,0.0011197705,1
"Homocystinuria, cystathionine beta-synthase deficiency",9,0.0022166842,0.00024629824,1
Formation of the Editosome,2,0.002215142,0.001107571,1
mechanism of acetaminophen activity and toxicity,3,0.0022135265,0.0007378422,1
Ficolins bind to repetitive carbohydrate structures on the target cell surface,2,0.0022050943,0.0011025472,1
acyl-CoA hydrolysis,2,0.0021932884,0.0010966442,1
glutamine degradation/glutamate biosynthesis,3,0.0021929538,0.0007309846,1
Processing and activation of SUMO,5,0.0021919257,0.00043838512,1
MET activates STAT3,5,0.0021887394,0.00043774786,1
STING mediated induction of host immune responses,2,0.0021858965,0.0010929483,1
Trafficking of myristoylated proteins to the cilium,3,0.0021852688,0.00072842295,1
Cross-presentation of particulate exogenous antigens (phagosomes),8,0.0021769397,0.00027211747,1
NAD phosphorylation and dephosphorylation,2,0.002173705,0.0010868525,1
Fructose metabolism,5,0.0021689255,0.00043378508,1
Gefitinib Action Pathway,3,0.0021669674,0.00072232244,1
RHO GTPases Activate Rhotekin and Rhophilins,6,0.002165384,0.0003608973,1
p75NTR regulates axonogenesis,8,0.0021623084,0.00027028855,1
Prednisolone Action Pathway,5,0.0021590393,0.00043180786,1
Omeprazole Metabolism Pathway,1,0.0021468769,0.0021468769,1
propionyl-CoA degradation,4,0.0021433264,0.0005358316,1
Synthesis of Lipoxins (LX),3,0.0021369038,0.0007123013,1
basic mechanisms of sumoylation,4,0.002135628,0.000533907,1
Stimulation of the cell death response by PAK-2p34,1,0.0021309496,0.0021309496,1
The retinoid cycle in cones (daylight vision),4,0.002128043,0.00053201074,1
Activation of C3 and C5,6,0.0021241256,0.00035402094,1
4-hydroxy-2-nonenal detoxification,5,0.0021127085,0.0004225417,1
Maturation of nucleoprotein,9,0.0021044966,0.00023383295,1
Acetylcholine inhibits contraction of outer hair cells,11,0.002098303,0.00019075483,1
aspirin triggered resolvin E biosynthesis,4,0.002094909,0.00052372727,1
Ubiquinol biosynthesis,3,0.0020936886,0.0006978962,1
Soluble ACE2-mediated cell entry of SARS-CoV-2,3,0.0020920367,0.00069734553,1
Modulation by Mtb of host immune system,5,0.0020916464,0.0004183293,1
Hyaluronan biosynthesis and export,2,0.0020877998,0.0010438999,1
O2/CO2 exchange in erythrocytes,3,0.0020787178,0.0006929059,1
p53-Independent DNA Damage Response,2,0.0020752077,0.0010376038,1
Telmisartan Action Pathway,4,0.002070169,0.00051754224,1
PI and PC transport between ER and Golgi membranes,2,0.00206702,0.00103351,1
MGMT-mediated DNA damage reversal,6,0.002063413,0.00034390215,1
AKT-mediated inactivation of FOXO1A,5,0.002054619,0.0004109238,1
Cysteine Metabolism,15,0.0020392425,0.0001359495,1
Ethanol oxidation,11,0.0020106446,0.00018278588,1
"WNT5A-dependent internalization of FZD2, FZD5 and ROR2",8,0.0020102507,0.00025128134,1
UTP and CTP dephosphorylation I,2,0.0020089415,0.0010044707,1
hydrogen sulfide biosynthesis (trans-sulfuration),7,0.0020031033,0.00028615762,1
SDK interactions,12,0.0019987128,0.0001665594,1
Cori Cycle,6,0.0019985235,0.00033308726,1
Galactosemia III,8,0.0019969433,0.0002496179,1
Forasartan Action Pathway,4,0.0019645,0.000491125,1
glycine biosynthesis,1,0.0019572172,0.0019572172,1
glutamate dependent acid resistance,5,0.0019566673,0.00039133345,1
Proprotein convertase subtilisin-kexin type 9 (PCSK9) mediated LDL receptor degradation,7,0.0019493831,0.0002784833,1
dTMP <i>de novo</i> biosynthesis (mitochondrial),3,0.0019463369,0.000648779,1
TRAIL  signaling,7,0.0019420178,0.00027743113,1
Biosynthesis of DPAn-3 SPMs,4,0.0019206562,0.00048016405,1
Heroin metabolism,4,0.0019179686,0.00047949216,1
MET activates PI3K/AKT signaling,6,0.0019142324,0.00031903872,1
DEx/H-box helicases activate type I IFN and inflammatory cytokines production ,6,0.0019135916,0.00031893194,1
Beta oxidation of decanoyl-CoA to octanoyl-CoA-CoA,2,0.0018957445,0.00094787223,1
glutaryl-CoA degradation,3,0.0018845166,0.0006281722,1
Mitochondrial Beta-Oxidation of Long Chain Saturated Fatty Acids,6,0.001884076,0.00031401266,1
zymosterol biosynthesis,6,0.0018840199,0.00031400332,1
Beta-oxidation of pristanoyl-CoA,11,0.001869266,0.00016993328,1
Acyl chain remodeling of DAG and TAG,2,0.001868024,0.000934012,1
aspirin-triggered lipoxin biosynthesis,4,0.0018666977,0.00046667442,1
KSRP (KHSRP) binds and destabilizes mRNA,3,0.001859162,0.00061972067,1
miR-517 relationship with ARCN1 and USP1,6,0.0018531247,0.00030885413,1
Mitochondrial transcription initiation,3,0.0018494624,0.00061648746,1
multi-drug resistance factors,6,0.0018384453,0.00030640754,1
p53-Independent G1/S DNA damage checkpoint,2,0.0018377451,0.00091887254,1
oleate biosynthesis,1,0.0018362124,0.0018362124,1
Ethanol metabolism resulting in production of ROS by CYP2E1,3,0.0018357068,0.0006119023,1
GABA-Transaminase Deficiency,7,0.001834133,0.00026201902,1
RNA Polymerase I Promoter Opening,2,0.0018316854,0.0009158427,1
"Activation, myristolyation of BID and translocation to mitochondria",5,0.0018263696,0.0003652739,1
serotonin degradation,6,0.0018248187,0.00030413645,1
PI5P Regulates TP53 Acetylation,5,0.0018219261,0.00036438523,1
Apparent mineralocorticoid excess syndrome,6,0.0018164376,0.0003027396,1
Class I peroxisomal membrane protein import,10,0.0018108286,0.00018108285,1
PTK6 Expression,8,0.0018006021,0.00022507526,1
Synthesis of UDP-N-acetyl-glucosamine,9,0.001795484,0.00019949822,1
Cysteine formation from homocysteine,9,0.0017930772,0.0001992308,1
Removal of the Flap Intermediate from the C-strand,6,0.0017915055,0.00029858426,1
miR-222 in Exercise-Induced Cardiac Growth,2,0.0017880548,0.0008940274,1
spliceosomal assembly,12,0.001786111,0.00014884259,1
role of parkin in ubiquitin-proteasomal pathway,12,0.0017788853,0.00014824043,1
Insulin effects increased synthesis of Xylulose-5-Phosphate,1,0.0017766566,0.0017766566,1
aspartate biosynthesis,9,0.0017730406,0.00019700451,1
Cerebrotendinous Xanthomatosis (CTX),15,0.0017643876,0.00011762584,1
Sulfur relay system - Homo sapiens (human),2,0.0017633919,0.00088169595,1
Mitochondrial ABC transporters,2,0.0017581722,0.0008790861,1
Synthesis of PG,3,0.0017579889,0.0005859963,1
Rescinnamine Action Pathway,4,0.001746895,0.00043672376,1
D-Glutamine and D-glutamate metabolism - Homo sapiens (human),4,0.0017428205,0.00043570512,1
Moexipril Action Pathway,4,0.0017428142,0.00043570355,1
Nicotine Activity on Chromaffin Cells,5,0.0017369968,0.00034739936,1
P2Y receptors,18,0.0017304601,9.6136675e-05,1
Vitamins B6 activation to pyridoxal phosphate,2,0.0017196839,0.00085984194,1
"Glycogenosis, Type IC",11,0.0017178518,0.00015616835,1
PAOs oxidise polyamines to amines,6,0.0017115154,0.00028525255,1
Trihydroxycoprostanoyl-CoA beta-oxidation,8,0.0017023807,0.00021279759,1
Plasmalogen Synthesis,5,0.001697087,0.0003394174,1
Axonal growth stimulation,4,0.0016901755,0.00042254388,1
Regulation of ornithine decarboxylase (ODC),3,0.0016803402,0.0005601134,1
Molybdenum cofactor (Moco) biosynthesis,2,0.001680131,0.0008400655,1
"D-<i>myo</i>-inositol (1,4,5)-trisphosphate degradation",6,0.0016775555,0.00027959258,1
"mRNA decay by 3, to 5, exoribonuclease",5,0.0016771711,0.00033543422,1
Purine ribonucleoside monophosphate biosynthesis,8,0.0016754854,0.00020943568,1
Activation of BIM and translocation to mitochondria ,4,0.0016661412,0.0004165353,1
PDE3B signalling,1,0.0016600877,0.0016600877,1
Lamin A-processing pathway,1,0.0016527302,0.0016527302,1
Vatalanib Action Pathway,6,0.0016409256,0.00027348762,1
Toxicity of botulinum toxin type C (botC),2,0.00163946,0.00081973,1
Vitamin B2 (riboflavin) metabolism,13,0.0016326942,0.00012559186,1
Fanconi-bickel syndrome,5,0.0016281358,0.00032562716,1
Pyrimidine biosynthesis,1,0.0016163724,0.0016163724,1
Activation of the phototransduction cascade,6,0.0016101056,0.00026835094,1
Post-transcriptional silencing by small RNAs,7,0.0016082085,0.00022974408,1
Cilazapril Metabolism Pathway,1,0.0015929955,0.0015929955,1
srebp control of lipid synthesis,3,0.0015912426,0.0005304142,1
Enalapril Metabolism Pathway,1,0.0015822999,0.0015822999,1
Beta oxidation of hexanoyl-CoA to butanoyl-CoA,3,0.0015807024,0.0005269008,1
ABC transporters in lipid homeostasis,8,0.0015750624,0.0001968828,1
Phenylacetate Metabolism,2,0.0015739321,0.00078696606,1
ethanol degradation IV,4,0.0015695433,0.00039238582,1
CMP-<i>N</i>-acetylneuraminate biosynthesis I (eukaryotes),4,0.0015663218,0.00039158046,1
CREB3 factors activate genes,5,0.0015660612,0.00031321222,1
TLR3-mediated TICAM1-dependent programmed cell death,4,0.001565781,0.00039144524,1
Valsartan Action Pathway,4,0.0015640822,0.00039102056,1
cysteine biosynthesis/homocysteine degradation (trans-sulfuration),7,0.00154838,0.00022119714,1
Trandolapril Action Pathway,4,0.0015450747,0.0003862687,1
SARS-CoV-2 Genome Replication and Transcription,6,0.0015322615,0.00025537692,1
Nucleotide-like (purinergic) receptors,21,0.0015274244,7.2734496e-05,1
Mitochondrial calcium ion transport,20,0.0015162867,7.5814336e-05,1
Hereditary Coproporphyria (HCP),9,0.0015154055,0.00016837839,1
POLB-Dependent Long Patch Base Excision Repair,4,0.0015117114,0.00037792785,1
Prednisone Metabolism Pathway,1,0.0015114588,0.0015114588,1
aspirin triggered resolvin D biosynthesis,4,0.0015104001,0.00037760002,1
pyrimidine deoxyribonucleosides degradation,5,0.0015098483,0.00030196965,1
Regulation of thyroid hormone activity,6,0.0015054141,0.00025090235,1
Acute Intermittent Porphyria,9,0.0014942135,0.00016602372,1
mRNA capping,4,0.0014887583,0.00037218956,1
Terpenoid backbone biosynthesis - Homo sapiens (human),7,0.0014790574,0.00021129391,1
COX reactions,1,0.0014499562,0.0014499562,1
spermine and spermidine degradation I,6,0.0014490209,0.00024150348,1
Reversible hydration of carbon dioxide,4,0.0014411723,0.00036029308,1
Erlotinib Action Pathway,7,0.0014406054,0.00020580077,1
Porphyrin Metabolism,9,0.001439583,0.00015995366,1
Hair Follicle Development- Cytodifferentiation - Part 3 of 3,1,0.001423803,0.001423803,1
SARS-CoV-1 Genome Replication and Transcription,6,0.0014235523,0.00023725872,1
adenine and adenosine salvage III,2,0.001422594,0.000711297,1
putrescine biosynthesis II,1,0.0014158427,0.0014158427,1
Biosynthesis of DPA-derived SPMs,4,0.0014091593,0.00035228982,1
FGFR1b ligand binding and activation,4,0.0014065107,0.00035162768,1
Activation of BMF and translocation to mitochondria,2,0.0014036669,0.00070183346,1
Competing endogenous RNAs (ceRNAs) regulate PTEN translation,7,0.0014008448,0.00020012069,1
UTP and CTP <i>de novo</i> biosynthesis,2,0.0013965602,0.0006982801,1
Prednisolone Metabolism Pathway,5,0.0013960626,0.00027921252,1
Inhibition of TSC complex formation by PKB,2,0.0013884661,0.00069423305,1
UDP-<i>N</i>-acetyl-D-glucosamine biosynthesis II,7,0.0013834526,0.00019763608,1
FGFR1c and Klotho ligand binding and activation,6,0.0013819445,0.00023032409,1
Heme biosynthesis,6,0.0013627381,0.00022712302,1
Irbesartan Action Pathway,4,0.0013603654,0.00034009136,1
Moexipril Metabolism Pathway,1,0.0013584101,0.0013584101,1
Breakdown of the nuclear lamina,1,0.001351699,0.001351699,1
CMP phosphorylation,1,0.0013459912,0.0013459912,1
Synthesis of bile acids and bile salts via 24-hydroxycholesterol,5,0.0013413979,0.00026827957,1
superpathway of pyrimidine ribonucleotides <i>de novo</i> biosynthesis,2,0.001335701,0.0006678505,1
Trandolapril Metabolism Pathway,1,0.0013329806,0.0013329806,1
Direct Reversal Repair,6,0.0013325439,0.00022209065,1
Ceramide signalling,3,0.0013194765,0.0004398255,1
Trafficking and processing of endosomal TLR,7,0.0013189034,0.00018841478,1
polyadenylation of mrna,5,0.001316849,0.00026336982,1
Telomere C-strand synthesis initiation,3,0.0012923434,0.00043078113,1
lysine degradation II (pipecolate pathway),4,0.0012889704,0.0003222426,1
Mineralocorticoid biosynthesis,2,0.0012883786,0.0006441893,1
Homologous recombination,6,0.0012782762,0.00021304603,1
Model for regulation of MSMP expression in cancer cells and its proangiogenic role in ovarian tumors,22,0.0012774977,5.806808e-05,1
Highly sodium permeable postsynaptic acetylcholine nicotinic receptors,3,0.0012707915,0.00042359717,1
Butyrate Metabolism,3,0.00126348,0.00042116002,1
Role of second messengers in netrin-1 signaling,8,0.001259845,0.00015748062,1
thyronamine and iodothyronamine metabolism,6,0.0012468578,0.00020780963,1
HCN channels,2,0.0012377508,0.0006188754,1
Regulation of cortical dendrite branching,16,0.001234765,7.7172816e-05,1
Computational Model of Aerobic Glycolysis,3,0.0012324235,0.0004108078,1
methylglyoxal degradation I,3,0.0012281991,0.0004093997,1
Synthesis of diphthamide-EEF2,4,0.001225548,0.000306387,1
Temocapril Metabolism Pathway,1,0.0012040419,0.0012040419,1
"Cerebral organic acidurias, including diseases",3,0.0011934137,0.00039780457,1
MAPK1 (ERK2) activation,2,0.001187929,0.0005939645,1
acetyl-CoA biosynthesis from citrate,1,0.0011859795,0.0011859795,1
PTK6 Activates STAT3,3,0.0011781035,0.00039270116,1
Assembly of the ORC complex at the origin of replication,2,0.0011719938,0.0005859969,1
mRNA Editing: C to U Conversion,2,0.0011633193,0.00058165967,1
thioredoxin pathway,3,0.0011628696,0.0003876232,1
Vitamins A and D - action mechanisms,4,0.0011563712,0.0002890928,1
Sodium-coupled phosphate cotransporters,3,0.0011463278,0.00038210928,1
FLT3 mutants bind TKIs,4,0.0011416427,0.00028541067,1
tRNA splicing,4,0.001129439,0.00028235975,1
OAS antiviral response,5,0.0011212145,0.00022424289,1
Glycine Metabolism,3,0.0011207811,0.00037359368,1
Amine Oxidase reactions,6,0.0011178305,0.00018630509,1
Benazepril Metabolism Pathway,1,0.0011151548,0.0011151548,1
opposing roles of aif in apoptosis and cell survival,1,0.0011092507,0.0011092507,1
Plasmalogen biosynthesis,1,0.0011035262,0.0011035262,1
betaKlotho-mediated ligand binding,4,0.00110334,0.000275835,1
epoxysqualene biosynthesis,2,0.0011029319,0.00055146596,1
Angiotensin Metabolism,4,0.001102422,0.0002756055,1
Vitamin K Metabolism,2,0.0010969844,0.0005484922,1
Processive synthesis on the C-strand of the telomere,9,0.001090599,0.00012117767,1
Processing of SMDT1,14,0.0010893354,7.780967e-05,1
Processive synthesis on the lagging strand,6,0.0010835951,0.00018059918,1
MECP2 regulates transcription of genes involved in GABA signaling,5,0.0010827,0.00021654,1
phosphatidylcholine biosynthesis,2,0.001080347,0.0005401735,1
Pentose Phosphate Metabolism,1,0.0010777329,0.0010777329,1
Activation of AMPK downstream of NMDARs,5,0.0010728829,0.00021457658,1
Miro GTPase Cycle,5,0.0010672292,0.00021344583,1
UTP and CTP dephosphorylation II,2,0.001065097,0.0005325485,1
glycolysis,7,0.0010634185,0.00015191692,1
"Sodium-coupled sulphate, di- and tri-carboxylate transporters",6,0.00105509,0.00017584833,1
apoptotic dna-fragmentation and tissue homeostasis,4,0.0010475735,0.00026189338,1
Rabeprazole Metabolism Pathway,1,0.0010458393,0.0010458393,1
TRAF6 mediated IRF7 activation in TLR7/8 or 9 signaling,4,0.0010277012,0.0002569253,1
Beta oxidation of butanoyl-CoA to acetyl-CoA,3,0.0010253846,0.0003417949,1
Cation-coupled Chloride cotransporters,4,0.0010222258,0.00025555646,1
Linoleic acid (LA) metabolism,1,0.0010178944,0.0010178944,1
Vitamin C metabolism,1,0.0010000236,0.0010000236,1
FMO oxidises nucleophiles,4,0.0009891365,0.00024728413,1
The IPAF inflammasome,1,0.000987439,0.000987439,1
Synthesis of PS,6,0.0009846302,0.00016410503,1
Biotin metabolism - Homo sapiens (human),2,0.00097296364,0.00048648182,1
Glycerol Phosphate Shuttle,3,0.0009651113,0.00032170376,1
Interactions of Tat with host cellular proteins,1,0.0009629052,0.0009629052,1
anthrax toxin mechanism of action,1,0.00094675843,0.00094675843,1
Keratan sulfate degradation,19,0.0009323189,4.906942e-05,1
Teniposide Action Pathway,2,0.00092612085,0.00046306042,1
The AIM2 inflammasome,2,0.0009091747,0.00045458734,1
Long-chain-3-hydroxyacyl-coa dehydrogenase deficiency (LCHAD),5,0.00090483105,0.0001809662,1
WNT5A-dependent internalization of FZD4,11,0.0009046771,8.224337e-05,1
Artemether Metabolism Pathway,5,0.00089798874,0.00017959774,1
alpha-linolenic (omega3) and linoleic (omega6) acid metabolism,3,0.00087731215,0.00029243738,1
Candesartan Action Pathway,4,0.000867861,0.00021696524,1
TYSND1 cleaves peroxisomal proteins,3,0.0008619961,0.00028733202,1
Extrinsic Pathway of Fibrin Clot Formation,7,0.0008528061,0.00012182944,1
mRNA Editing,3,0.00084045215,0.0002801507,1
Vasopressin-like receptors,3,0.00082810974,0.0002760366,1
Suppression of autophagy,2,0.00081702595,0.00040851298,1
thymine degradation,3,0.0008159234,0.00027197445,1
Formation of xylulose-5-phosphate,7,0.0008018214,0.00011454592,1
Panitumumab Action Pathway,3,0.0007958426,0.00026528086,1
LTC4-CYSLTR mediated IL4 production,5,0.0007928655,0.00015857311,1
guanosine ribonucleotides <i>de novo</i> biosynthesis,2,0.0007824809,0.00039124046,1
Metabolism of Tetrahydrocannabinol (THC),1,0.0007821864,0.0007821864,1
Beta oxidation of lauroyl-CoA to decanoyl-CoA-CoA,2,0.00077384047,0.00038692023,1
degradation of the rar and rxr by the proteasome,1,0.00077257823,0.00077257823,1
Primary Hyperoxaluria Type I,1,0.0007713665,0.0007713665,1
d4gdi signaling pathway,5,0.0007705821,0.00015411642,1
glutamate biosynthesis/degradation,1,0.0007661514,0.0007661514,1
Benzo(a)pyrene metabolism,4,0.0007625763,0.00019064407,1
Circadian rhythm related genes,9,0.00073973683,8.219298e-05,1
Vif-mediated degradation of APOBEC3G,3,0.0007306676,0.00024355587,1
folate polyglutamylation,3,0.0007079268,0.0002359756,1
Integration of provirus,3,0.00070693134,0.00023564378,1
Quinapril Metabolism Pathway,1,0.0006938904,0.0006938904,1
ionomycin and phorbal ester signaling pathway,7,0.00069235265,9.890752e-05,1
CDC6 association with the ORC:origin complex,3,0.00068847695,0.00022949232,1
Biotin Metabolism,1,0.0006826136,0.0006826136,1
TRKA activation by NGF,2,0.0006825095,0.00034125475,1
Biosynthesis of DPAn-3-derived 13-series resolvins,2,0.00068227353,0.00034113677,1
Effect of progerin on genes involved in Hutchinson-Gilford progeria syndrome,9,0.0006761495,7.5127726e-05,1
serotonin and melatonin biosynthesis,5,0.00066605036,0.00013321007,1
androgen biosynthesis,3,0.00064695574,0.00021565192,1
GABA synthesis,5,0.00064362923,0.00012872585,1
NR1H2 & NR1H3 regulate gene expression linked to triglyceride lipolysis in adipose,1,0.00064205297,0.00064205297,1
leukotriene biosynthesis,5,0.0006398602,0.00012797205,1
SARS-CoV-2 and COVID-19 Pathway,2,0.0006373491,0.00031867455,1
"Neomycin, kanamycin and gentamicin biosynthesis - Homo sapiens (human)",3,0.0006299628,0.00020998759,1
Conversion of Angiotensinogen to Angiotensin II,1,0.0006222321,0.0006222321,1
biotin-carboxyl carrier protein assembly,2,0.0006192847,0.00030964235,1
7-oxo-C and 7beta-HC pathways,7,0.00060211605,8.601658e-05,1
Benazepril Action Pathway,4,0.00060028967,0.00015007242,1
Intracellular metabolism of fatty acids regulates insulin secretion,2,0.0005982548,0.0002991274,1
lipoxin biosynthesis,2,0.00059697457,0.00029848728,1
IRF3 mediated activation of type 1 IFN,2,0.0005852306,0.0002926153,1
Metabolism of vitamin K,1,0.0005752229,0.0005752229,1
Interconversion of polyamines,6,0.00057499233,9.583205e-05,1
The NLRP1 inflammasome,8,0.0005732137,7.165171e-05,1
Cilostazol Action Pathway,2,0.00057273504,0.00028636752,1
Highly calcium permeable nicotinic acetylcholine receptors,4,0.00056882395,0.00014220599,1
Digestion of dietary lipid,2,0.00055545475,0.00027772738,1
Binding and entry of HIV virion,3,0.0005500793,0.00018335976,1
HDL clearance,2,0.0005327252,0.0002663626,1
estradiol biosynthesis I,5,0.0005322384,0.00010644768,1
IRS activation,10,0.00052781746,5.2781746e-05,1
Evolocumab Mechanism,7,0.00051246193,7.3208845e-05,1
NADPH regeneration,1,0.0004894754,0.0004894754,1
Signaling by NOTCH1 t(7;9)(NOTCH1:M1580_K2555) Translocation Mutant,5,0.00047070798,9.414159e-05,1
PKB-mediated events,1,0.0004614509,0.0004614509,1
ketolysis,2,0.00045192425,0.00022596213,1
arsenate detoxification I (glutaredoxin),4,0.00043772423,0.00010943106,1
Cam-PDE 1 activation,4,0.00043410223,0.00010852556,1
Proline catabolism,1,0.00043290918,0.00043290918,1
ATR Signaling,3,0.00042862838,0.00014287613,1
Biosynthesis of DPAn-3-derived maresins,2,0.00042795332,0.00021397666,1
Fructose catabolism,3,0.0004263445,0.00014211483,1
Biosynthesis of DPAn-3-derived protectins and resolvins,2,0.00042115196,0.00021057598,1
L-dopachrome biosynthesis,3,0.00041718662,0.0001390622,1
Pantoprazole Metabolism Pathway,1,0.00041624877,0.00041624877,1
Gastric acid production,12,0.0004129702,3.4414184e-05,1
Serotonin and melatonin biosynthesis,5,0.00040969503,8.1939004e-05,1
Fatty Acid Elongation In Mitochondria,5,0.00040623997,8.124799e-05,1
pentose phosphate pathway (oxidative branch),1,0.00040342475,0.00040342475,1
Aromatic amines can be N-hydroxylated or N-dealkylated by CYP1A2,2,0.00039603992,0.00019801996,1
rna polymerase iii transcription,6,0.0003953874,6.5897904e-05,1
proline degradation,1,0.0003943976,0.0003943976,1
inhibition of huntingtons disease neurodegeneration by histone deacetylase inhibitors,3,0.00038770208,0.00012923403,1
sucrose degradation,4,0.00038704742,9.6761854e-05,1
methylglyoxal degradation III,2,0.00038636872,0.00019318436,1
Beta oxidation of octanoyl-CoA to hexanoyl-CoA,2,0.00038390455,0.00019195228,1
GDP-fucose biosynthesis,3,0.00037530725,0.00012510242,1
Cholesterol Biosynthesis with Skeletal Dysplasias,10,0.0003696231,3.696231e-05,1
tRNA modification in the mitochondrion,3,0.00036420036,0.00012140012,1
Apoptosis induced DNA fragmentation,2,0.00035906726,0.00017953363,1
Ubiquinone Biosynthesis,2,0.00035735912,0.00017867956,1
Galactosemia II (GALK),8,0.00035590774,4.4488468e-05,1
alpha-linolenic acid (ALA) metabolism,3,0.0003459326,0.00011531087,1
Beta-oxidation of very long chain fatty acids,4,0.00033478643,8.369661e-05,1
Vpu mediated degradation of CD4,2,0.0003260609,0.00016303045,1
Nef Mediated CD8 Down-regulation,1,0.0003199,0.0003199,1
GDP-L-fucose biosynthesis I (from GDP-D-mannose),2,0.00031700436,0.00015850218,1
MET Receptor Activation,3,0.00029529384,9.843128e-05,1
p75NTR negatively regulates cell cycle via SC1,5,0.00029097556,5.819511e-05,1
Dipyridamole (Antiplatelet) Action Pathway,2,0.00029015873,0.00014507936,1
t(4;14) translocations of FGFR3,2,0.00028883337,0.00014441668,1
D-glucuronate degradation,6,0.00028691828,4.7819714e-05,1
"inosine-5,-phosphate biosynthesis",4,0.00028673717,7.168429e-05,1
4-aminobutyrate degradation,3,0.00027495052,9.1650174e-05,1
glutathione redox reactions II,2,0.0002710762,0.0001355381,1
NOSIP mediated eNOS trafficking,1,0.00027013276,0.00027013276,1
Agmatine biosynthesis,1,0.00026839433,0.00026839433,1
L-carnitine biosynthesis,1,0.00026648925,0.00026648925,1
Carnitine synthesis,1,0.0002640396,0.0002640396,1
"tryptophan degradation X (mammalian, via tryptamine)",6,0.0002597644,4.329407e-05,1
Displacement of DNA glycosylase by APEX1,2,0.00025742527,0.00012871264,1
Alpha-oxidation of phytanate,4,0.00025585102,6.3962754e-05,1
heme biosynthesis,2,0.00025227855,0.00012613928,1
Prednisone Action Pathway,1,0.00024333944,0.00024333944,1
Synthesis of glycosylphosphatidylinositol (GPI),3,0.00024327735,8.109245e-05,1
Felbamate Metabolism,1,0.00023993886,0.00023993886,1
Nucleotide GPCRs,17,0.00023900084,1.4058874e-05,1
Potassium transport channels,3,0.00023608646,7.8695484e-05,1
Hypusine synthesis from eIF5A-lysine,2,0.00023079323,0.000115396615,1
Proton-coupled neutral amino acid transporters,1,0.00021808835,0.00021808835,1
RHOT1 GTPase cycle,3,0.00021688204,7.229401e-05,1
Interconversion of 2-oxoglutarate and 2-hydroxyglutarate,1,0.00020912505,0.00020912505,1
Thyroid hormone synthesis,5,0.00020811238,4.1622476e-05,1
Insulin-like Growth Factor-2 mRNA Binding Proteins (IGF2BPs/IMPs/VICKZs) bind RNA,5,0.00019169637,3.8339273e-05,1
Vitamin B12 Disorders,1,0.00018779798,0.00018779798,1
Felbamate Metabolism Pathway,1,0.00018455177,0.00018455177,1
5-aminoimidazole ribonucleotide biosynthesis,1,0.00018383675,0.00018383675,1
<i>myo</i>-inositol <i>de novo</i> biosynthesis,1,0.00018331967,0.00018331967,1
Aripiprazole Metabolic Pathway,1,0.0001826396,0.0001826396,1
Inhibition of PKR,1,0.00018150531,0.00018150531,1
NFG and proNGF binds to p75NTR,3,0.00018004302,6.001434e-05,1
(S)-reticuline biosynthesis,3,0.00017928258,5.976086e-05,1
hemoglobins chaperone,2,0.00016810326,8.405163e-05,1
mitochondrial fatty acid beta-oxidation of unsaturated fatty acids,1,0.00016767532,0.00016767532,1
Phosphorylation of proteins involved in the G2/M transition by Cyclin A:Cdc2 complexes,3,0.0001604079,5.34693e-05,1
Sterols are 12-hydroxylated by CYP8B1,2,0.00015716901,7.8584504e-05,1
Estrogen biosynthesis,2,0.00015712985,7.8564924e-05,1
Ramipril Metabolism Pathway,1,0.00015328272,0.00015328272,1
antisense pathway,2,0.0001412576,7.06288e-05,1
PTK6 Down-Regulation,5,0.00013992819,2.7985638e-05,1
NrCAM interactions,5,0.00013464343,2.6928687e-05,1
Acetylation,3,0.00013453895,4.4846314e-05,1
Pyruvate Carboxylase Deficiency,1,0.00013330238,0.00013330238,1
phosphatidylethanolamine biosynthesis II,5,0.00012768505,2.553701e-05,1
Transport of the SLBP independent Mature mRNA,3,0.00012694077,4.231359e-05,1
Resolution of AP sites via the single-nucleotide replacement pathway,1,0.00012034142,0.00012034142,1
TWIK-related alkaline pH activated K+ channel (TALK),3,0.00011981602,3.9938674e-05,1
Threonine catabolism,2,0.00011665306,5.832653e-05,1
Fosinopril Metabolism Pathway,1,0.00011576836,0.00011576836,1
Synthesis of PI,2,0.000111806774,5.5903387e-05,1
Intestinal hexose absorption,2,0.000107470056,5.3735028e-05,1
tetrapyrrole biosynthesis,1,0.00010603622,0.00010603622,1
ubiquinol-10 biosynthesis,3,0.00010532195,3.5107318e-05,1
Adenosine P1 receptors,3,0.000103897335,3.4632445e-05,1
Diseases of metabolism,1,0.00010282753,0.00010282753,1
Glycerophospholipid catabolism,1,9.957044e-05,9.957044e-05,1
Tirofiban Action Pathway,1,9.954355e-05,9.954355e-05,1
Defective factor XII causes hereditary angioedema,2,9.387282e-05,4.693641e-05,1
Rhesus glycoproteins mediate ammonium transport.,1,9.142452e-05,9.142452e-05,1
LRR FLII-interacting protein 1 (LRRFIP1) activates type I IFN production,3,9.019802e-05,3.0066005e-05,1
Heme Biosynthesis,2,8.739541e-05,4.3697706e-05,1
Intestinal absorption,2,8.5316045e-05,4.2658023e-05,1
resolvin D biosynthesis,2,8.0037906e-05,4.0018953e-05,1
Nef Mediated CD4 Down-regulation,2,7.904411e-05,3.9522056e-05,1
glycerol degradation,2,7.827431e-05,3.9137154e-05,1
Erythrocytes take up oxygen and release carbon dioxide,2,7.424662e-05,3.712331e-05,1
pyrimidine deoxyribonucleotide phosphorylation,1,7.347666e-05,7.347666e-05,1
"fatty acid β-oxidation (unsaturated, odd number)",1,7.086584e-05,7.086584e-05,1
APOBEC3G mediated resistance to HIV-1 infection,1,6.919051e-05,6.919051e-05,1
Biotinidase Deficiency,1,6.6004686e-05,6.6004686e-05,1
Abnormal conversion of 2-oxoglutarate to 2-hydroxyglutarate,1,6.400065e-05,6.400065e-05,1
Signalling to ERK5,2,6.3902844e-05,3.1951422e-05,1
adenine and adenosine salvage II,1,6.359081e-05,6.359081e-05,1
Benzene metabolism,2,6.0673472e-05,3.0336736e-05,1
Levomethadyl Acetate Metabolism Pathway,1,5.8990903e-05,5.8990903e-05,1
glycerol-3-phosphate shuttle,3,5.8766505e-05,1.9588835e-05,1
7-(3-amino-3-carboxypropyl)-wyosine biosynthesis,4,5.8208865e-05,1.4552216e-05,1
fatty acid elongation -- saturated,3,5.803949e-05,1.9346497e-05,1
SLBP Dependent Processing of Replication-Dependent Histone Pre-mRNAs,1,5.7321882e-05,5.7321882e-05,1
Metabolism of serotonin,1,5.5749275e-05,5.5749275e-05,1
Autointegration results in viral DNA circles,1,5.458349e-05,5.458349e-05,1
Hormonal control of pubertal growth spurt,2,5.4479795e-05,2.7239897e-05,1
"Multiple carboxylase deficiency, neonatal or early onset form",1,5.431942e-05,5.431942e-05,1
Cross-presentation of soluble exogenous antigens (endosomes),4,5.3855456e-05,1.3463864e-05,1
Inhibition of membrane repair,1,5.3643267e-05,5.3643267e-05,1
ATF6 (ATF6-alpha) activates chaperones,3,4.8934256e-05,1.6311418e-05,1
Integration of viral DNA into host genomic DNA,1,4.8546608e-05,4.8546608e-05,1
Ethanol Degradation,7,4.808622e-05,6.8694603e-06,1
Tenofovir Metabolism Pathway,1,4.739945e-05,4.739945e-05,1
IRF3-mediated induction of type I IFN,1,4.4909943e-05,4.4909943e-05,1
PERK regulates gene expression,1,4.190351e-05,4.190351e-05,1
Transport of the SLBP Dependant Mature mRNA,3,4.0572355e-05,1.3524118e-05,1
3-oxo-10R-octadecatrienoate beta-oxidation,6,3.903302e-05,6.5055033e-06,1
SUMO is conjugated to E1 (UBA2:SAE1),1,3.843619e-05,3.843619e-05,1
Mitochondrial Uncoupling,1,3.8415903e-05,3.8415903e-05,1
Metabolism of ingested MeSeO2H into MeSeH,1,3.8271188e-05,3.8271188e-05,1
C6 deamination of adenosine,1,3.8127488e-05,3.8127488e-05,1
Synthesis of wybutosine at G37 of tRNA(Phe),4,3.770121e-05,9.425303e-06,1
HCMV Late Events,1,3.5820576e-05,3.5820576e-05,1
Lysosomal oligosaccharide catabolism,2,3.326371e-05,1.6631855e-05,1
Intestinal infectious diseases,2,3.2103308e-05,1.6051654e-05,1
tRNA processing in the mitochondrion,1,3.1509786e-05,3.1509786e-05,1
Disorders of Folate Metabolism and Transport,3,3.1265765e-05,1.0421922e-05,1
β-alanine degradation,1,2.782671e-05,2.782671e-05,1
Abciximab Action Pathway,1,2.7228936e-05,2.7228936e-05,1
Esomeprazole Metabolism Pathway,1,2.7044549e-05,2.7044549e-05,1
wybutosine biosynthesis,4,2.6926986e-05,6.7317465e-06,1
estradiol biosynthesis II,1,2.6863958e-05,2.6863958e-05,1
Diseases of hemostasis,2,2.6659736e-05,1.3329868e-05,1
Physiological factors,2,2.6050084e-05,1.3025042e-05,1
Electron transport from NADPH to Ferredoxin,1,2.4851586e-05,2.4851586e-05,1
Vitamin E,1,2.3822726e-05,2.3822726e-05,1
SUMO is proteolytically processed,2,2.3535595e-05,1.1767797e-05,1
Oleoyl-phe metabolism,1,2.3247303e-05,2.3247303e-05,1
glutamate removal from folates,1,2.2884324e-05,2.2884324e-05,1
Phytanic Acid Peroxisomal Oxidation,3,2.200381e-05,7.334603e-06,1
PTK6 Regulates RTKs and Their Effectors AKT1 and DOK1,3,2.174155e-05,7.2471835e-06,1
Eptifibatide Action Pathway,1,2.1651096e-05,2.1651096e-05,1
DNA replication initiation,2,2.145502e-05,1.072751e-05,1
Serotonin clearance from the synaptic cleft,1,2.1032101e-05,2.1032101e-05,1
Formation of editosomes by ADAR proteins,1,2.0910587e-05,2.0910587e-05,1
Refsum Disease,3,2.0817446e-05,6.9391485e-06,1
Lansoprazole Metabolism Pathway,1,1.9987843e-05,1.9987843e-05,1
fatty acid α-oxidation,3,1.9519404e-05,6.5064683e-06,1
Dopamine clearance from the synaptic cleft,1,1.9498188e-05,1.9498188e-05,1
Cytosolic iron-sulfur cluster assembly,1,1.8652958e-05,1.8652958e-05,1
2-amino-3-carboxymuconate semialdehyde degradation to glutaryl-CoA,1,1.7737655e-05,1.7737655e-05,1
purine deoxyribonucleosides degradation,2,1.7611146e-05,8.805573e-06,1
fatty acid biosynthesis initiation,1,1.7532195e-05,1.7532195e-05,1
ascorbate recycling (cytosolic),3,1.6920172e-05,5.640057e-06,1
Glycolysis in senescence,1,1.3194829e-05,1.3194829e-05,1
phenylethylamine degradation I,2,1.2538625e-05,6.2693125e-06,1
Beta oxidation of myristoyl-CoA to lauroyl-CoA,1,1.12535445e-05,1.12535445e-05,1
heme biosynthesis from uroporphyrinogen-III I,1,1.0452008e-05,1.0452008e-05,1
Enzymatic degradation of dopamine by COMT,1,1.0407111e-05,1.0407111e-05,1
Disorders of the Krebs cycle,1,9.712017e-06,9.712017e-06,1
thyroid hormone biosynthesis,2,9.309434e-06,4.654717e-06,1
Phosphate bond hydrolysis by NUDT proteins,1,9.290394e-06,9.290394e-06,1
Reactions specific to the hybrid N-glycan synthesis pathway,1,8.610237e-06,8.610237e-06,1
Defective pyroptosis,1,8.504559e-06,8.504559e-06,1
mRNA Editing: A to I Conversion,1,7.369219e-06,7.369219e-06,1
Signaling by cytosolic PDGFRA and PDGFRB fusion proteins,1,7.1614877e-06,7.1614877e-06,1
thio-molybdenum cofactor biosynthesis,2,6.2765207e-06,3.1382604e-06,1
dopamine degradation,2,5.6484287e-06,2.8242143e-06,1
Defects of contact activation system (CAS) and kallikrein/kinin system (KKS),2,3.8769404e-06,1.9384702e-06,1
TWIK-related spinal cord K+ channel (TRESK),1,3.776957e-06,3.776957e-06,1
Enzymatic degradation of Dopamine by monoamine oxidase,1,2.855296e-06,2.855296e-06,1
phosphatidylcholine biosynthesis pathway,1,2.4744859e-06,2.4744859e-06,1
Ultraconserved region 339 modulation of tumor suppressor microRNAs in cancer,1,1.8028479e-06,1.8028479e-06,1
L-dopa degradation,1,1.7616077e-06,1.7616077e-06,1
RHO GTPases regulate CFTR trafficking,1,1.4941219e-06,1.4941219e-06,1
IRE1alpha activates chaperones,1,1.2818822e-06,1.2818822e-06,1
glycine/serine biosynthesis,1,1.2482215e-06,1.2482215e-06,1
Transcriptional  activation of  cell cycle inhibitor p21 ,1,6.785824e-07,6.785824e-07,1
Transcriptional activation of p53 responsive genes  ,1,4.3282745e-07,4.3282745e-07,1
glucocorticoid biosynthesis,1,1.4850946e-07,1.4850946e-07,1
phytol degradation,1,1.04325025e-07,1.04325025e-07,1
Adefovir Dipivoxil Metabolism Pathway,1,9.802032e-08,9.802032e-08,1
Lipophagy,1,7.0997416e-08,7.0997416e-08,1
ChREBP activates metabolic gene expression,1,5.633691e-09,5.633691e-09,1
